Inverter_Test_ID,Switching_Frequency_kHz,Inverter_Junction_Temp_C,Motor_Speed_RPM,Power_Switching_Loss_W,Inverter_Efficiency_pct,Operating_Regime
HYUNDAI-E-GMP-1000,10.4,90.9,9286,647.1,96.54,Thermal Derating Required
HYUNDAI-E-GMP-1001,22.3,64.4,15155,795.7,96.02,Thermal Derating Required
HYUNDAI-E-GMP-1002,17.3,46.3,10257,602.9,96.69,Thermal Derating Required
HYUNDAI-E-GMP-1003,22.4,87.4,5158,838.0,95.87,Thermal Derating Required
HYUNDAI-E-GMP-1004,13.6,86.2,15192,718.3,96.29,Thermal Derating Required
HYUNDAI-E-GMP-1005,10.4,69.5,6531,490.3,97.08,Optimal 800V SiC Efficiency
HYUNDAI-E-GMP-1006,9.9,93.6,10132,626.9,96.61,Thermal Derating Required
HYUNDAI-E-GMP-1007,14.8,67.5,1068,533.3,96.93,Thermal Derating Required
HYUNDAI-E-GMP-1008,19.6,76.8,4996,731.4,96.24,Thermal Derating Required
HYUNDAI-E-GMP-1009,23.4,83.1,4255,795.5,96.02,Thermal Derating Required
HYUNDAI-E-GMP-1010,13.6,50.6,13625,546.7,96.89,Thermal Derating Required
HYUNDAI-E-GMP-1011,14.1,78.9,15152,705.2,96.33,Thermal Derating Required
HYUNDAI-E-GMP-1012,22.2,67.9,10005,791.9,96.03,Thermal Derating Required
HYUNDAI-E-GMP-1013,22.9,47.8,8635,664.6,96.47,Thermal Derating Required
HYUNDAI-E-GMP-1014,8.8,75.7,9565,543.5,96.9,Thermal Derating Required
HYUNDAI-E-GMP-1015,19.7,64.0,15807,762.9,96.13,Thermal Derating Required
HYUNDAI-E-GMP-1016,20.4,51.6,15392,727.6,96.25,Thermal Derating Required
HYUNDAI-E-GMP-1017,17.1,60.7,4399,606.4,96.68,Thermal Derating Required
HYUNDAI-E-GMP-1018,21.8,61.2,12939,763.6,96.13,Thermal Derating Required
HYUNDAI-E-GMP-1019,23.8,47.6,2424,643.8,96.55,Thermal Derating Required
HYUNDAI-E-GMP-1020,14.8,75.3,2921,598.7,96.7,Thermal Derating Required
HYUNDAI-E-GMP-1021,12.0,78.6,4025,599.9,96.7,Thermal Derating Required
HYUNDAI-E-GMP-1022,16.6,89.7,1830,720.1,96.28,Thermal Derating Required
HYUNDAI-E-GMP-1023,8.9,54.6,4845,372.0,97.5,Optimal 800V SiC Efficiency
HYUNDAI-E-GMP-1024,15.9,82.4,2136,656.8,96.5,Thermal Derating Required
HYUNDAI-E-GMP-1025,20.8,48.6,15601,732.1,96.24,Thermal Derating Required
HYUNDAI-E-GMP-1026,19.4,71.0,14729,795.7,96.01,Thermal Derating Required
HYUNDAI-E-GMP-1027,15.5,84.3,10577,739.3,96.21,Thermal Derating Required
HYUNDAI-E-GMP-1028,10.4,82.0,2682,536.5,96.92,Thermal Derating Required
HYUNDAI-E-GMP-1029,9.1,75.9,12749,619.8,96.63,Thermal Derating Required
HYUNDAI-E-GMP-1030,16.4,94.8,15983,836.1,95.87,Thermal Derating Required
HYUNDAI-E-GMP-1031,16.4,52.4,15095,646.7,96.54,Thermal Derating Required
HYUNDAI-E-GMP-1032,17.0,70.7,6441,624.8,96.61,Thermal Derating Required
HYUNDAI-E-GMP-1033,11.7,85.0,7261,621.8,96.62,Thermal Derating Required
HYUNDAI-E-GMP-1034,18.1,70.7,10956,759.2,96.14,Thermal Derating Required
HYUNDAI-E-GMP-1035,11.8,81.4,10080,616.6,96.64,Thermal Derating Required
HYUNDAI-E-GMP-1036,14.0,52.8,15046,561.4,96.84,Thermal Derating Required
HYUNDAI-E-GMP-1037,17.2,69.8,2231,655.2,96.51,Thermal Derating Required
HYUNDAI-E-GMP-1038,14.2,68.6,5747,622.7,96.62,Thermal Derating Required
HYUNDAI-E-GMP-1039,16.8,92.9,3930,732.0,96.24,Thermal Derating Required
HYUNDAI-E-GMP-1040,15.4,87.7,13115,769.3,96.11,Thermal Derating Required
HYUNDAI-E-GMP-1041,17.1,90.6,3909,749.5,96.18,Thermal Derating Required
HYUNDAI-E-GMP-1042,9.6,73.9,6303,522.6,96.97,Thermal Derating Required
HYUNDAI-E-GMP-1043,22.3,77.3,1915,755.2,96.16,Thermal Derating Required
HYUNDAI-E-GMP-1044,18.9,74.7,1710,709.0,96.32,Thermal Derating Required
HYUNDAI-E-GMP-1045,17.0,51.0,12350,566.6,96.82,Thermal Derating Required
HYUNDAI-E-GMP-1046,22.2,77.6,8618,806.7,95.98,Thermal Derating Required
HYUNDAI-E-GMP-1047,11.0,65.1,10432,515.5,97.0,Optimal 800V SiC Efficiency
HYUNDAI-E-GMP-1048,16.5,48.5,7475,615.5,96.65,Thermal Derating Required
HYUNDAI-E-GMP-1049,10.4,67.6,8593,541.0,96.91,Thermal Derating Required
HYUNDAI-E-GMP-1050,23.7,63.8,3227,764.6,96.12,Thermal Derating Required
HYUNDAI-E-GMP-1051,14.2,75.5,5767,624.5,96.61,Thermal Derating Required
HYUNDAI-E-GMP-1052,19.5,72.7,13938,764.4,96.12,Thermal Derating Required
HYUNDAI-E-GMP-1053,21.8,93.2,4028,854.1,95.81,Thermal Derating Required
HYUNDAI-E-GMP-1054,21.1,80.0,5144,758.3,96.15,Thermal Derating Required
HYUNDAI-E-GMP-1055,19.9,86.0,10680,815.0,95.95,Thermal Derating Required
HYUNDAI-E-GMP-1056,20.3,89.2,14505,865.9,95.77,Thermal Derating Required
HYUNDAI-E-GMP-1057,19.8,90.9,12945,855.2,95.81,Thermal Derating Required
HYUNDAI-E-GMP-1058,21.9,83.4,7549,823.4,95.92,Thermal Derating Required
HYUNDAI-E-GMP-1059,8.9,72.1,10865,555.9,96.85,Thermal Derating Required
HYUNDAI-E-GMP-1060,18.3,59.3,7690,633.5,96.58,Thermal Derating Required
HYUNDAI-E-GMP-1061,22.2,89.5,8904,835.3,95.88,Thermal Derating Required
HYUNDAI-E-GMP-1062,12.3,93.6,13373,706.0,96.33,Thermal Derating Required
HYUNDAI-E-GMP-1063,9.8,55.6,2306,428.9,97.3,Optimal 800V SiC Efficiency
HYUNDAI-E-GMP-1064,9.4,90.3,13499,669.2,96.46,Thermal Derating Required
HYUNDAI-E-GMP-1065,13.9,78.6,13462,674.7,96.44,Thermal Derating Required
HYUNDAI-E-GMP-1066,20.1,57.6,10120,699.8,96.35,Thermal Derating Required
HYUNDAI-E-GMP-1067,12.1,68.5,6343,554.1,96.86,Thermal Derating Required
HYUNDAI-E-GMP-1068,9.7,94.1,11737,694.6,96.37,Thermal Derating Required
HYUNDAI-E-GMP-1069,15.4,52.3,4442,531.0,96.94,Thermal Derating Required
HYUNDAI-E-GMP-1070,10.3,60.9,4196,462.4,97.18,Optimal 800V SiC Efficiency
HYUNDAI-E-GMP-1071,8.4,86.9,13101,609.2,96.67,Thermal Derating Required
HYUNDAI-E-GMP-1072,18.3,57.8,5951,634.6,96.58,Thermal Derating Required
HYUNDAI-E-GMP-1073,18.0,65.1,9009,656.9,96.5,Thermal Derating Required
HYUNDAI-E-GMP-1074,23.9,58.4,12127,737.3,96.22,Thermal Derating Required
HYUNDAI-E-GMP-1075,18.5,47.3,13195,663.3,96.48,Thermal Derating Required
HYUNDAI-E-GMP-1076,9.1,47.8,9996,450.6,97.22,Optimal 800V SiC Efficiency
HYUNDAI-E-GMP-1077,8.3,49.1,9283,443.3,97.25,Optimal 800V SiC Efficiency
HYUNDAI-E-GMP-1078,21.2,55.3,13728,737.9,96.22,Thermal Derating Required
HYUNDAI-E-GMP-1079,10.0,52.8,6480,444.5,97.24,Optimal 800V SiC Efficiency
HYUNDAI-E-GMP-1080,19.4,92.1,13477,826.6,95.91,Thermal Derating Required
HYUNDAI-E-GMP-1081,20.9,57.3,8859,684.6,96.4,Thermal Derating Required
HYUNDAI-E-GMP-1082,17.3,65.7,7646,638.6,96.56,Thermal Derating Required
HYUNDAI-E-GMP-1083,17.2,77.4,1537,634.3,96.58,Thermal Derating Required
HYUNDAI-E-GMP-1084,9.6,63.4,14268,521.7,96.97,Thermal Derating Required
HYUNDAI-E-GMP-1085,16.1,47.1,2997,540.0,96.91,Thermal Derating Required
HYUNDAI-E-GMP-1086,13.5,93.1,5673,651.9,96.52,Thermal Derating Required
HYUNDAI-E-GMP-1087,12.7,77.9,14495,673.5,96.44,Thermal Derating Required
HYUNDAI-E-GMP-1088,22.4,73.1,2601,717.8,96.29,Thermal Derating Required
HYUNDAI-E-GMP-1089,10.0,46.9,8255,430.8,97.29,Optimal 800V SiC Efficiency
HYUNDAI-E-GMP-1090,11.0,68.8,1452,535.4,96.93,Thermal Derating Required
HYUNDAI-E-GMP-1091,10.1,50.4,10113,518.7,96.98,Optimal 800V SiC Efficiency
HYUNDAI-E-GMP-1092,17.6,49.9,5696,593.6,96.72,Thermal Derating Required
HYUNDAI-E-GMP-1093,18.5,49.3,1509,577.8,96.78,Thermal Derating Required
HYUNDAI-E-GMP-1094,12.8,67.3,14740,667.3,96.46,Thermal Derating Required
HYUNDAI-E-GMP-1095,22.7,74.7,6060,797.2,96.01,Thermal Derating Required
HYUNDAI-E-GMP-1096,22.1,59.8,4470,711.1,96.31,Thermal Derating Required
HYUNDAI-E-GMP-1097,9.3,57.2,5842,402.1,97.39,Optimal 800V SiC Efficiency
HYUNDAI-E-GMP-1098,20.6,68.9,9609,773.5,96.09,Thermal Derating Required
HYUNDAI-E-GMP-1099,15.0,66.1,4210,561.4,96.83,Thermal Derating Required
HYUNDAI-E-GMP-1100,15.2,65.2,8847,598.8,96.7,Thermal Derating Required
HYUNDAI-E-GMP-1101,14.0,82.3,5640,684.5,96.4,Thermal Derating Required
HYUNDAI-E-GMP-1102,12.9,64.1,8174,558.4,96.85,Thermal Derating Required
HYUNDAI-E-GMP-1103,14.0,86.6,3429,597.1,96.71,Thermal Derating Required
HYUNDAI-E-GMP-1104,8.4,58.2,2317,427.8,97.3,Optimal 800V SiC Efficiency
HYUNDAI-E-GMP-1105,10.9,93.3,11968,687.1,96.4,Thermal Derating Required
HYUNDAI-E-GMP-1106,17.0,47.4,9223,537.7,96.92,Thermal Derating Required
HYUNDAI-E-GMP-1107,17.5,76.0,14721,754.5,96.16,Thermal Derating Required
HYUNDAI-E-GMP-1108,17.4,56.7,6291,583.2,96.76,Thermal Derating Required
HYUNDAI-E-GMP-1109,10.3,71.8,1071,510.5,97.01,Optimal 800V SiC Efficiency
HYUNDAI-E-GMP-1110,15.7,81.8,15379,769.0,96.11,Thermal Derating Required
HYUNDAI-E-GMP-1111,10.9,82.0,3282,590.9,96.73,Thermal Derating Required
HYUNDAI-E-GMP-1112,18.5,82.2,10306,782.2,96.06,Thermal Derating Required
HYUNDAI-E-GMP-1113,17.3,92.9,3453,694.9,96.37,Thermal Derating Required
HYUNDAI-E-GMP-1114,14.8,90.1,7371,737.9,96.22,Thermal Derating Required
HYUNDAI-E-GMP-1115,18.4,70.5,9665,741.2,96.21,Thermal Derating Required
HYUNDAI-E-GMP-1116,19.4,59.7,8299,683.3,96.41,Thermal Derating Required
HYUNDAI-E-GMP-1117,15.1,52.6,6230,574.9,96.79,Thermal Derating Required
HYUNDAI-E-GMP-1118,8.3,70.9,8131,518.2,96.99,Optimal 800V SiC Efficiency
HYUNDAI-E-GMP-1119,21.0,70.7,13435,808.0,95.97,Thermal Derating Required
HYUNDAI-E-GMP-1120,19.8,90.9,13357,798.5,96.01,Thermal Derating Required
HYUNDAI-E-GMP-1121,24.0,79.7,5723,842.7,95.85,Thermal Derating Required
HYUNDAI-E-GMP-1122,20.6,73.3,4836,734.8,96.23,Thermal Derating Required
HYUNDAI-E-GMP-1123,21.7,65.6,1712,712.2,96.31,Thermal Derating Required
HYUNDAI-E-GMP-1124,20.1,93.7,2835,826.8,95.91,Thermal Derating Required
HYUNDAI-E-GMP-1125,19.3,72.0,14814,782.3,96.06,Thermal Derating Required
HYUNDAI-E-GMP-1126,11.5,88.3,8940,618.3,96.64,Thermal Derating Required
HYUNDAI-E-GMP-1127,13.8,64.5,3227,561.2,96.84,Thermal Derating Required
HYUNDAI-E-GMP-1128,11.6,59.9,4259,474.0,97.14,Optimal 800V SiC Efficiency
HYUNDAI-E-GMP-1129,11.7,65.1,4177,497.5,97.06,Optimal 800V SiC Efficiency
HYUNDAI-E-GMP-1130,12.2,55.0,13675,569.2,96.81,Thermal Derating Required
HYUNDAI-E-GMP-1131,13.0,72.2,12392,605.6,96.68,Thermal Derating Required
HYUNDAI-E-GMP-1132,20.9,50.6,3106,621.3,96.63,Thermal Derating Required
HYUNDAI-E-GMP-1133,20.9,78.1,5016,744.3,96.19,Thermal Derating Required
HYUNDAI-E-GMP-1134,11.5,78.3,12838,633.5,96.58,Thermal Derating Required
HYUNDAI-E-GMP-1135,23.6,58.9,1227,729.5,96.25,Thermal Derating Required
HYUNDAI-E-GMP-1136,17.4,59.1,3336,582.1,96.76,Thermal Derating Required
HYUNDAI-E-GMP-1137,12.9,48.1,2149,476.3,97.13,Optimal 800V SiC Efficiency
HYUNDAI-E-GMP-1138,19.0,79.5,2827,734.3,96.23,Thermal Derating Required
HYUNDAI-E-GMP-1139,10.7,86.2,9782,607.3,96.67,Thermal Derating Required
HYUNDAI-E-GMP-1140,13.3,68.5,14846,689.4,96.39,Thermal Derating Required
HYUNDAI-E-GMP-1141,20.1,91.5,11189,830.6,95.89,Thermal Derating Required
HYUNDAI-E-GMP-1142,16.9,56.9,7581,626.4,96.61,Thermal Derating Required
HYUNDAI-E-GMP-1143,20.5,48.5,5206,610.0,96.66,Thermal Derating Required
HYUNDAI-E-GMP-1144,12.4,90.0,4756,674.7,96.44,Thermal Derating Required
HYUNDAI-E-GMP-1145,15.1,92.6,1716,655.9,96.5,Thermal Derating Required
HYUNDAI-E-GMP-1146,13.7,72.0,7321,627.6,96.6,Thermal Derating Required
HYUNDAI-E-GMP-1147,22.6,62.0,11767,771.6,96.1,Thermal Derating Required
HYUNDAI-E-GMP-1148,8.6,52.5,3563,374.3,97.49,Optimal 800V SiC Efficiency
HYUNDAI-E-GMP-1149,10.7,47.4,9953,476.5,97.13,Optimal 800V SiC Efficiency
HYUNDAI-E-GMP-1150,9.4,90.3,6253,628.4,96.6,Thermal Derating Required
HYUNDAI-E-GMP-1151,21.4,53.3,11970,726.5,96.26,Thermal Derating Required
HYUNDAI-E-GMP-1152,21.4,52.4,7284,675.1,96.44,Thermal Derating Required
HYUNDAI-E-GMP-1153,15.6,75.2,4896,624.8,96.61,Thermal Derating Required
HYUNDAI-E-GMP-1154,21.1,80.2,12311,793.4,96.02,Thermal Derating Required
HYUNDAI-E-GMP-1155,16.7,46.7,7307,525.7,96.96,Thermal Derating Required
HYUNDAI-E-GMP-1156,22.4,90.8,10397,884.1,95.71,Thermal Derating Required
HYUNDAI-E-GMP-1157,18.3,57.8,11214,659.2,96.49,Thermal Derating Required
HYUNDAI-E-GMP-1158,15.9,87.0,15557,810.8,95.96,Thermal Derating Required
HYUNDAI-E-GMP-1159,15.5,52.1,8656,569.5,96.81,Thermal Derating Required
HYUNDAI-E-GMP-1160,20.5,53.4,14527,729.2,96.25,Thermal Derating Required
HYUNDAI-E-GMP-1161,15.1,83.7,3146,629.2,96.6,Thermal Derating Required
HYUNDAI-E-GMP-1162,19.4,87.1,7020,784.5,96.05,Thermal Derating Required
HYUNDAI-E-GMP-1163,23.0,72.2,6912,759.6,96.14,Thermal Derating Required
HYUNDAI-E-GMP-1164,16.4,61.3,8873,645.8,96.54,Thermal Derating Required
HYUNDAI-E-GMP-1165,11.0,46.6,1874,443.9,97.25,Optimal 800V SiC Efficiency
HYUNDAI-E-GMP-1166,8.8,57.9,1288,389.9,97.44,Optimal 800V SiC Efficiency
HYUNDAI-E-GMP-1167,14.9,77.5,14709,719.0,96.28,Thermal Derating Required
HYUNDAI-E-GMP-1168,8.9,74.6,1210,471.9,97.15,Optimal 800V SiC Efficiency
HYUNDAI-E-GMP-1169,9.8,69.2,8624,543.4,96.9,Thermal Derating Required
HYUNDAI-E-GMP-1170,22.5,82.1,12091,873.9,95.74,Thermal Derating Required
HYUNDAI-E-GMP-1171,9.2,84.3,8281,543.8,96.9,Thermal Derating Required
HYUNDAI-E-GMP-1172,22.9,50.0,12101,750.2,96.17,Thermal Derating Required
HYUNDAI-E-GMP-1173,17.7,45.8,3411,578.9,96.77,Thermal Derating Required
HYUNDAI-E-GMP-1174,22.5,83.6,10707,844.6,95.84,Thermal Derating Required
HYUNDAI-E-GMP-1175,9.3,81.5,1088,553.9,96.86,Thermal Derating Required
HYUNDAI-E-GMP-1176,13.9,84.6,5690,650.4,96.52,Thermal Derating Required
HYUNDAI-E-GMP-1177,15.3,78.6,14802,733.2,96.23,Thermal Derating Required
HYUNDAI-E-GMP-1178,23.6,52.3,10602,698.3,96.36,Thermal Derating Required
HYUNDAI-E-GMP-1179,22.3,70.3,8358,740.3,96.21,Thermal Derating Required
HYUNDAI-E-GMP-1180,13.2,57.4,4846,534.6,96.93,Thermal Derating Required
HYUNDAI-E-GMP-1181,10.4,49.8,14275,472.8,97.15,Optimal 800V SiC Efficiency
HYUNDAI-E-GMP-1182,16.4,87.7,10043,782.2,96.06,Thermal Derating Required
HYUNDAI-E-GMP-1183,12.2,79.6,11040,675.8,96.43,Thermal Derating Required
HYUNDAI-E-GMP-1184,17.9,71.7,13407,735.6,96.23,Thermal Derating Required
HYUNDAI-E-GMP-1185,20.4,94.8,3561,799.3,96.0,Thermal Derating Required
HYUNDAI-E-GMP-1186,21.7,70.3,8425,746.1,96.19,Thermal Derating Required
HYUNDAI-E-GMP-1187,10.5,81.3,10842,610.0,96.66,Thermal Derating Required
HYUNDAI-E-GMP-1188,8.9,51.8,7176,467.5,97.16,Optimal 800V SiC Efficiency
HYUNDAI-E-GMP-1189,18.4,87.9,15915,781.3,96.07,Thermal Derating Required
HYUNDAI-E-GMP-1190,9.4,84.0,3327,523.7,96.97,Thermal Derating Required
HYUNDAI-E-GMP-1191,15.9,75.3,4341,655.0,96.51,Thermal Derating Required
HYUNDAI-E-GMP-1192,10.6,80.2,10212,597.2,96.71,Thermal Derating Required
HYUNDAI-E-GMP-1193,23.3,57.5,14545,771.5,96.1,Thermal Derating Required
HYUNDAI-E-GMP-1194,14.8,84.4,4952,659.0,96.49,Thermal Derating Required
HYUNDAI-E-GMP-1195,15.5,71.8,12882,670.9,96.45,Thermal Derating Required
HYUNDAI-E-GMP-1196,21.2,78.8,3447,721.6,96.27,Thermal Derating Required
HYUNDAI-E-GMP-1197,8.7,66.1,10816,483.6,97.11,Optimal 800V SiC Efficiency
HYUNDAI-E-GMP-1198,10.5,92.4,5330,591.5,96.73,Thermal Derating Required
HYUNDAI-E-GMP-1199,16.2,60.6,5971,642.4,96.55,Thermal Derating Required
HYUNDAI-E-GMP-1200,9.5,53.8,12279,478.0,97.13,Optimal 800V SiC Efficiency
HYUNDAI-E-GMP-1201,22.8,64.0,1769,728.8,96.25,Thermal Derating Required
HYUNDAI-E-GMP-1202,11.7,61.0,7280,503.1,97.04,Optimal 800V SiC Efficiency
HYUNDAI-E-GMP-1203,16.6,66.4,1048,590.6,96.73,Thermal Derating Required
HYUNDAI-E-GMP-1204,10.2,50.8,13656,452.0,97.22,Optimal 800V SiC Efficiency
HYUNDAI-E-GMP-1205,19.6,52.8,1070,561.9,96.83,Thermal Derating Required
HYUNDAI-E-GMP-1206,14.2,76.4,14652,678.1,96.43,Thermal Derating Required
HYUNDAI-E-GMP-1207,14.1,86.9,10442,719.7,96.28,Thermal Derating Required
HYUNDAI-E-GMP-1208,12.9,84.3,15121,698.2,96.36,Thermal Derating Required
HYUNDAI-E-GMP-1209,21.2,64.2,13990,766.9,96.12,Thermal Derating Required
HYUNDAI-E-GMP-1210,13.7,91.4,13319,705.9,96.33,Thermal Derating Required
HYUNDAI-E-GMP-1211,9.3,89.9,4627,580.7,96.77,Thermal Derating Required
HYUNDAI-E-GMP-1212,18.0,65.6,3070,572.5,96.8,Thermal Derating Required
HYUNDAI-E-GMP-1213,11.2,77.5,2253,592.6,96.73,Thermal Derating Required
HYUNDAI-E-GMP-1214,9.7,64.1,7604,534.2,96.93,Thermal Derating Required
HYUNDAI-E-GMP-1215,20.5,67.2,7856,692.5,96.38,Thermal Derating Required
HYUNDAI-E-GMP-1216,11.2,85.1,15214,706.4,96.33,Thermal Derating Required
HYUNDAI-E-GMP-1217,18.8,57.4,1278,619.5,96.63,Thermal Derating Required
HYUNDAI-E-GMP-1218,22.3,83.3,11760,908.2,95.62,Thermal Derating Required
HYUNDAI-E-GMP-1219,17.5,52.7,12544,633.2,96.58,Thermal Derating Required
HYUNDAI-E-GMP-1220,14.5,75.4,13247,680.2,96.42,Thermal Derating Required
HYUNDAI-E-GMP-1221,17.1,66.3,13907,708.8,96.32,Thermal Derating Required
HYUNDAI-E-GMP-1222,20.0,93.3,10170,830.5,95.89,Thermal Derating Required
HYUNDAI-E-GMP-1223,20.9,64.6,12684,737.8,96.22,Thermal Derating Required
HYUNDAI-E-GMP-1224,23.2,67.1,2848,743.3,96.2,Thermal Derating Required
HYUNDAI-E-GMP-1225,9.7,78.5,11944,584.1,96.76,Thermal Derating Required
HYUNDAI-E-GMP-1226,21.2,66.0,15469,778.3,96.08,Thermal Derating Required
HYUNDAI-E-GMP-1227,12.0,63.3,5371,561.1,96.84,Thermal Derating Required
HYUNDAI-E-GMP-1228,8.7,91.6,3463,595.2,96.72,Thermal Derating Required
HYUNDAI-E-GMP-1229,20.3,56.7,5090,617.6,96.64,Thermal Derating Required
HYUNDAI-E-GMP-1230,20.3,89.2,7765,799.6,96.0,Thermal Derating Required
HYUNDAI-E-GMP-1231,17.4,60.8,15826,721.9,96.27,Thermal Derating Required
HYUNDAI-E-GMP-1232,19.7,88.7,5803,778.6,96.08,Thermal Derating Required
HYUNDAI-E-GMP-1233,21.2,80.8,14833,831.8,95.89,Thermal Derating Required
HYUNDAI-E-GMP-1234,11.9,72.5,5550,576.5,96.78,Thermal Derating Required
HYUNDAI-E-GMP-1235,23.8,64.6,13560,802.4,95.99,Thermal Derating Required
HYUNDAI-E-GMP-1236,13.7,62.5,8424,600.4,96.7,Thermal Derating Required
HYUNDAI-E-GMP-1237,22.4,71.9,4358,770.1,96.1,Thermal Derating Required
HYUNDAI-E-GMP-1238,8.3,68.0,6065,480.4,97.12,Optimal 800V SiC Efficiency
HYUNDAI-E-GMP-1239,21.5,72.9,7018,775.4,96.09,Thermal Derating Required
HYUNDAI-E-GMP-1240,23.4,54.5,2033,723.7,96.27,Thermal Derating Required
HYUNDAI-E-GMP-1241,23.9,72.7,8943,810.8,95.96,Thermal Derating Required
HYUNDAI-E-GMP-1242,17.8,56.1,4462,608.4,96.67,Thermal Derating Required
HYUNDAI-E-GMP-1243,13.1,66.2,13863,626.8,96.61,Thermal Derating Required
HYUNDAI-E-GMP-1244,13.2,66.9,5495,585.4,96.75,Thermal Derating Required
HYUNDAI-E-GMP-1245,13.4,64.9,15461,679.4,96.42,Thermal Derating Required
HYUNDAI-E-GMP-1246,10.5,72.4,5196,542.3,96.9,Thermal Derating Required
HYUNDAI-E-GMP-1247,18.0,79.0,3067,647.5,96.53,Thermal Derating Required
HYUNDAI-E-GMP-1248,18.5,68.1,14746,772.0,96.1,Thermal Derating Required
HYUNDAI-E-GMP-1249,22.6,80.3,11882,840.3,95.86,Thermal Derating Required
HYUNDAI-E-GMP-1250,16.3,52.8,4267,553.1,96.86,Thermal Derating Required
HYUNDAI-E-GMP-1251,14.7,81.4,2732,667.9,96.46,Thermal Derating Required
HYUNDAI-E-GMP-1252,21.1,54.0,2175,650.5,96.52,Thermal Derating Required
HYUNDAI-E-GMP-1253,8.4,55.3,3290,392.6,97.43,Optimal 800V SiC Efficiency
HYUNDAI-E-GMP-1254,23.6,47.0,5054,684.7,96.4,Thermal Derating Required
HYUNDAI-E-GMP-1255,12.5,51.4,7357,499.9,97.05,Optimal 800V SiC Efficiency
HYUNDAI-E-GMP-1256,17.6,79.4,15575,781.3,96.07,Thermal Derating Required
HYUNDAI-E-GMP-1257,8.8,76.8,1056,494.8,97.07,Optimal 800V SiC Efficiency
HYUNDAI-E-GMP-1258,23.2,60.1,11951,761.2,96.14,Thermal Derating Required
HYUNDAI-E-GMP-1259,11.0,93.3,2227,593.0,96.72,Thermal Derating Required
HYUNDAI-E-GMP-1260,11.1,84.1,12317,667.3,96.46,Thermal Derating Required
HYUNDAI-E-GMP-1261,9.4,52.4,10053,464.6,97.17,Optimal 800V SiC Efficiency
HYUNDAI-E-GMP-1262,10.8,45.9,8942,447.2,97.23,Optimal 800V SiC Efficiency
HYUNDAI-E-GMP-1263,22.5,85.6,12129,873.6,95.74,Thermal Derating Required
HYUNDAI-E-GMP-1264,19.2,88.4,9091,829.1,95.9,Thermal Derating Required
HYUNDAI-E-GMP-1265,23.0,58.2,7027,739.8,96.21,Thermal Derating Required
HYUNDAI-E-GMP-1266,15.7,48.9,8146,548.8,96.88,Thermal Derating Required
HYUNDAI-E-GMP-1267,15.8,91.6,10114,786.1,96.05,Thermal Derating Required
HYUNDAI-E-GMP-1268,10.4,89.4,2401,604.4,96.68,Thermal Derating Required
HYUNDAI-E-GMP-1269,11.7,77.0,7627,597.8,96.71,Thermal Derating Required
HYUNDAI-E-GMP-1270,16.7,85.1,10425,769.6,96.11,Thermal Derating Required
HYUNDAI-E-GMP-1271,18.0,54.6,2973,594.8,96.72,Thermal Derating Required
HYUNDAI-E-GMP-1272,20.7,63.9,4826,684.3,96.41,Thermal Derating Required
HYUNDAI-E-GMP-1273,8.2,48.2,6541,400.2,97.4,Optimal 800V SiC Efficiency
HYUNDAI-E-GMP-1274,14.5,61.8,10856,635.4,96.58,Thermal Derating Required
HYUNDAI-E-GMP-1275,16.1,86.7,6572,672.4,96.45,Thermal Derating Required
HYUNDAI-E-GMP-1276,15.6,91.2,9065,733.9,96.23,Thermal Derating Required
HYUNDAI-E-GMP-1277,12.8,76.0,13724,676.3,96.43,Thermal Derating Required
HYUNDAI-E-GMP-1278,16.3,50.6,10449,610.8,96.66,Thermal Derating Required
HYUNDAI-E-GMP-1279,9.5,48.7,14093,521.7,96.97,Thermal Derating Required
HYUNDAI-E-GMP-1280,14.3,56.1,7161,550.2,96.87,Thermal Derating Required
HYUNDAI-E-GMP-1281,19.0,45.3,15082,681.1,96.42,Thermal Derating Required
HYUNDAI-E-GMP-1282,11.2,61.6,1247,456.1,97.2,Optimal 800V SiC Efficiency
HYUNDAI-E-GMP-1283,9.9,56.5,2794,426.8,97.31,Optimal 800V SiC Efficiency
HYUNDAI-E-GMP-1284,19.9,92.6,8768,846.1,95.84,Thermal Derating Required
HYUNDAI-E-GMP-1285,17.5,53.1,15815,666.5,96.47,Thermal Derating Required
HYUNDAI-E-GMP-1286,23.9,53.6,8581,728.3,96.25,Thermal Derating Required
HYUNDAI-E-GMP-1287,21.1,86.3,11476,790.9,96.03,Thermal Derating Required
HYUNDAI-E-GMP-1288,12.2,84.6,6676,596.4,96.71,Thermal Derating Required
HYUNDAI-E-GMP-1289,9.1,71.9,8717,544.2,96.9,Thermal Derating Required
HYUNDAI-E-GMP-1290,16.4,76.4,1243,637.5,96.57,Thermal Derating Required
HYUNDAI-E-GMP-1291,21.1,82.6,8551,810.8,95.96,Thermal Derating Required
HYUNDAI-E-GMP-1292,22.1,49.0,15219,737.3,96.22,Thermal Derating Required
HYUNDAI-E-GMP-1293,10.8,59.3,13478,556.4,96.85,Thermal Derating Required
HYUNDAI-E-GMP-1294,16.3,78.2,5690,634.7,96.58,Thermal Derating Required
HYUNDAI-E-GMP-1295,21.5,49.4,10255,681.2,96.42,Thermal Derating Required
HYUNDAI-E-GMP-1296,14.2,69.6,8724,590.1,96.73,Thermal Derating Required
HYUNDAI-E-GMP-1297,24.0,58.0,12117,725.8,96.26,Thermal Derating Required
HYUNDAI-E-GMP-1298,10.5,71.6,11719,609.5,96.67,Thermal Derating Required
HYUNDAI-E-GMP-1299,20.1,50.2,10365,647.0,96.54,Thermal Derating Required
HYUNDAI-E-GMP-1300,16.8,45.1,13480,609.8,96.67,Thermal Derating Required
HYUNDAI-E-GMP-1301,11.1,77.2,14174,661.7,96.48,Thermal Derating Required
HYUNDAI-E-GMP-1302,12.0,73.3,13720,676.6,96.43,Thermal Derating Required
HYUNDAI-E-GMP-1303,14.1,80.1,11414,667.9,96.46,Thermal Derating Required
HYUNDAI-E-GMP-1304,14.1,46.1,13627,549.3,96.88,Thermal Derating Required
HYUNDAI-E-GMP-1305,23.6,57.7,10359,765.7,96.12,Thermal Derating Required
HYUNDAI-E-GMP-1306,11.2,71.1,10193,646.0,96.54,Thermal Derating Required
HYUNDAI-E-GMP-1307,13.7,83.6,3876,668.2,96.46,Thermal Derating Required
HYUNDAI-E-GMP-1308,8.0,81.4,1952,513.8,97.0,Optimal 800V SiC Efficiency
HYUNDAI-E-GMP-1309,12.3,52.2,14042,503.0,97.04,Optimal 800V SiC Efficiency
HYUNDAI-E-GMP-1310,11.1,91.4,15410,693.0,96.37,Thermal Derating Required
HYUNDAI-E-GMP-1311,23.4,53.7,5573,651.8,96.52,Thermal Derating Required
HYUNDAI-E-GMP-1312,24.0,57.8,15762,803.2,95.99,Thermal Derating Required
HYUNDAI-E-GMP-1313,23.0,58.5,14453,781.0,96.07,Thermal Derating Required
HYUNDAI-E-GMP-1314,14.9,93.0,12318,775.0,96.09,Thermal Derating Required
HYUNDAI-E-GMP-1315,15.8,77.1,11497,725.3,96.26,Thermal Derating Required
HYUNDAI-E-GMP-1316,11.1,56.3,14808,609.1,96.67,Thermal Derating Required
HYUNDAI-E-GMP-1317,8.0,72.8,5560,544.4,96.89,Thermal Derating Required
HYUNDAI-E-GMP-1318,16.8,59.2,14612,672.7,96.45,Thermal Derating Required
HYUNDAI-E-GMP-1319,18.8,54.6,9817,660.2,96.49,Thermal Derating Required
HYUNDAI-E-GMP-1320,18.8,93.4,7437,831.1,95.89,Thermal Derating Required
HYUNDAI-E-GMP-1321,16.3,60.2,7034,592.3,96.73,Thermal Derating Required
HYUNDAI-E-GMP-1322,21.7,93.1,11562,849.4,95.83,Thermal Derating Required
HYUNDAI-E-GMP-1323,13.9,81.5,13114,694.4,96.37,Thermal Derating Required
HYUNDAI-E-GMP-1324,14.7,69.7,2753,614.1,96.65,Thermal Derating Required
HYUNDAI-E-GMP-1325,9.4,87.5,8656,594.0,96.72,Thermal Derating Required
HYUNDAI-E-GMP-1326,9.6,52.5,5719,441.6,97.25,Optimal 800V SiC Efficiency
HYUNDAI-E-GMP-1327,18.9,55.1,5544,625.5,96.61,Thermal Derating Required
HYUNDAI-E-GMP-1328,17.7,84.9,14481,776.6,96.08,Thermal Derating Required
HYUNDAI-E-GMP-1329,19.7,51.9,10822,692.7,96.38,Thermal Derating Required
HYUNDAI-E-GMP-1330,14.9,55.8,5365,518.4,96.99,Optimal 800V SiC Efficiency
HYUNDAI-E-GMP-1331,11.5,91.2,10374,681.1,96.42,Thermal Derating Required
HYUNDAI-E-GMP-1332,18.6,66.1,9654,690.5,96.38,Thermal Derating Required
HYUNDAI-E-GMP-1333,12.2,57.7,13492,565.0,96.82,Thermal Derating Required
HYUNDAI-E-GMP-1334,12.7,88.8,5445,631.5,96.59,Thermal Derating Required
HYUNDAI-E-GMP-1335,18.8,61.7,2249,591.9,96.73,Thermal Derating Required
HYUNDAI-E-GMP-1336,15.6,89.2,1973,705.9,96.33,Thermal Derating Required
HYUNDAI-E-GMP-1337,17.2,93.7,11408,844.0,95.85,Thermal Derating Required
HYUNDAI-E-GMP-1338,23.6,78.2,9576,844.0,95.85,Thermal Derating Required
HYUNDAI-E-GMP-1339,13.2,59.1,15031,571.3,96.8,Thermal Derating Required
HYUNDAI-E-GMP-1340,10.0,62.2,10072,552.4,96.87,Thermal Derating Required
HYUNDAI-E-GMP-1341,9.0,59.5,1842,401.6,97.39,Optimal 800V SiC Efficiency
HYUNDAI-E-GMP-1342,10.8,66.8,1685,505.0,97.03,Optimal 800V SiC Efficiency
HYUNDAI-E-GMP-1343,17.0,60.3,1170,605.1,96.68,Thermal Derating Required
HYUNDAI-E-GMP-1344,15.7,87.2,12207,754.7,96.16,Thermal Derating Required
HYUNDAI-E-GMP-1345,13.9,89.3,10961,698.0,96.36,Thermal Derating Required
HYUNDAI-E-GMP-1346,11.9,50.3,15450,550.8,96.87,Thermal Derating Required
HYUNDAI-E-GMP-1347,10.8,88.5,8845,658.2,96.5,Thermal Derating Required
HYUNDAI-E-GMP-1348,18.0,63.7,10221,712.3,96.31,Thermal Derating Required
HYUNDAI-E-GMP-1349,20.8,89.9,10123,800.0,96.0,Thermal Derating Required
HYUNDAI-E-GMP-1350,20.8,53.7,6165,629.2,96.6,Thermal Derating Required
HYUNDAI-E-GMP-1351,12.7,64.8,12864,634.0,96.58,Thermal Derating Required
HYUNDAI-E-GMP-1352,21.6,63.5,7450,704.9,96.33,Thermal Derating Required
HYUNDAI-E-GMP-1353,22.3,93.1,7066,856.5,95.8,Thermal Derating Required
HYUNDAI-E-GMP-1354,16.3,50.0,10418,547.1,96.89,Thermal Derating Required
HYUNDAI-E-GMP-1355,19.3,59.6,6683,695.8,96.36,Thermal Derating Required
HYUNDAI-E-GMP-1356,16.6,54.7,14930,619.5,96.63,Thermal Derating Required
HYUNDAI-E-GMP-1357,15.9,77.9,8460,664.9,96.47,Thermal Derating Required
HYUNDAI-E-GMP-1358,14.1,55.3,5381,557.1,96.85,Thermal Derating Required
HYUNDAI-E-GMP-1359,23.3,90.2,13614,895.1,95.67,Thermal Derating Required
HYUNDAI-E-GMP-1360,10.4,54.9,4898,471.3,97.15,Optimal 800V SiC Efficiency
HYUNDAI-E-GMP-1361,18.7,64.3,5499,643.0,96.55,Thermal Derating Required
HYUNDAI-E-GMP-1362,18.7,83.9,10316,747.8,96.18,Thermal Derating Required
HYUNDAI-E-GMP-1363,15.3,48.6,15806,650.3,96.52,Thermal Derating Required
HYUNDAI-E-GMP-1364,22.8,70.6,1271,703.5,96.34,Thermal Derating Required
HYUNDAI-E-GMP-1365,21.8,72.7,13155,799.3,96.0,Thermal Derating Required
HYUNDAI-E-GMP-1366,12.5,76.9,4741,587.8,96.74,Thermal Derating Required
HYUNDAI-E-GMP-1367,22.8,75.9,13495,830.5,95.89,Thermal Derating Required
HYUNDAI-E-GMP-1368,10.1,77.0,4715,560.6,96.84,Thermal Derating Required
HYUNDAI-E-GMP-1369,21.3,69.3,7076,727.2,96.25,Thermal Derating Required
HYUNDAI-E-GMP-1370,22.8,50.2,6750,678.0,96.43,Thermal Derating Required
HYUNDAI-E-GMP-1371,14.4,46.5,5836,470.7,97.15,Optimal 800V SiC Efficiency
HYUNDAI-E-GMP-1372,11.1,92.9,11753,655.8,96.5,Thermal Derating Required
HYUNDAI-E-GMP-1373,16.8,80.5,15251,788.0,96.04,Thermal Derating Required
HYUNDAI-E-GMP-1374,20.9,82.7,8463,802.8,95.99,Thermal Derating Required
HYUNDAI-E-GMP-1375,15.5,86.9,6523,724.3,96.26,Thermal Derating Required
HYUNDAI-E-GMP-1376,15.7,49.2,11882,584.0,96.76,Thermal Derating Required
HYUNDAI-E-GMP-1377,21.4,92.7,8350,876.7,95.73,Thermal Derating Required
HYUNDAI-E-GMP-1378,10.1,49.1,15827,517.3,96.99,Optimal 800V SiC Efficiency
HYUNDAI-E-GMP-1379,20.4,50.9,3389,662.8,96.48,Thermal Derating Required
HYUNDAI-E-GMP-1380,14.1,73.4,10358,632.7,96.59,Thermal Derating Required
HYUNDAI-E-GMP-1381,22.4,86.1,6839,854.1,95.81,Thermal Derating Required
HYUNDAI-E-GMP-1382,12.0,45.7,1059,432.8,97.29,Optimal 800V SiC Efficiency
HYUNDAI-E-GMP-1383,17.9,79.4,6012,711.4,96.31,Thermal Derating Required
HYUNDAI-E-GMP-1384,22.5,77.8,3988,800.5,96.0,Thermal Derating Required
HYUNDAI-E-GMP-1385,14.0,45.2,6911,468.6,97.16,Optimal 800V SiC Efficiency
HYUNDAI-E-GMP-1386,18.8,86.8,15447,833.2,95.88,Thermal Derating Required
HYUNDAI-E-GMP-1387,17.9,92.2,4145,709.3,96.32,Thermal Derating Required
HYUNDAI-E-GMP-1388,12.0,87.9,3775,642.8,96.55,Thermal Derating Required
HYUNDAI-E-GMP-1389,18.3,53.1,2271,582.5,96.76,Thermal Derating Required
HYUNDAI-E-GMP-1390,8.7,53.5,14030,514.2,97.0,Optimal 800V SiC Efficiency
HYUNDAI-E-GMP-1391,14.8,77.6,10750,688.8,96.39,Thermal Derating Required
HYUNDAI-E-GMP-1392,11.2,90.9,12009,668.3,96.46,Thermal Derating Required
HYUNDAI-E-GMP-1393,22.2,80.1,4569,800.2,96.0,Thermal Derating Required
HYUNDAI-E-GMP-1394,16.8,85.2,9525,689.8,96.39,Thermal Derating Required
HYUNDAI-E-GMP-1395,11.7,47.0,14742,549.5,96.88,Thermal Derating Required
HYUNDAI-E-GMP-1396,10.6,63.9,14195,594.5,96.72,Thermal Derating Required
HYUNDAI-E-GMP-1397,21.7,77.5,7617,762.3,96.13,Thermal Derating Required
HYUNDAI-E-GMP-1398,16.9,76.4,3115,656.2,96.5,Thermal Derating Required
HYUNDAI-E-GMP-1399,17.0,51.0,7816,621.0,96.63,Thermal Derating Required
HYUNDAI-E-GMP-1400,9.0,48.8,8571,428.7,97.3,Optimal 800V SiC Efficiency
HYUNDAI-E-GMP-1401,22.8,92.8,4522,762.3,96.13,Thermal Derating Required
HYUNDAI-E-GMP-1402,14.7,54.9,7087,510.1,97.01,Optimal 800V SiC Efficiency
HYUNDAI-E-GMP-1403,23.3,86.4,10025,854.7,95.81,Thermal Derating Required
HYUNDAI-E-GMP-1404,22.4,67.5,14332,839.2,95.86,Thermal Derating Required
HYUNDAI-E-GMP-1405,23.1,66.0,8103,790.3,96.03,Thermal Derating Required
HYUNDAI-E-GMP-1406,22.0,84.3,11514,850.9,95.82,Thermal Derating Required
HYUNDAI-E-GMP-1407,17.8,72.6,8259,702.6,96.34,Thermal Derating Required
HYUNDAI-E-GMP-1408,16.5,58.2,15773,720.3,96.28,Thermal Derating Required
HYUNDAI-E-GMP-1409,12.8,81.3,11063,676.6,96.43,Thermal Derating Required
HYUNDAI-E-GMP-1410,8.6,91.4,2798,549.4,96.88,Thermal Derating Required
HYUNDAI-E-GMP-1411,11.9,68.8,5246,531.6,96.94,Thermal Derating Required
HYUNDAI-E-GMP-1412,8.1,45.8,8960,423.7,97.32,Optimal 800V SiC Efficiency
HYUNDAI-E-GMP-1413,18.5,88.1,1469,697.0,96.36,Thermal Derating Required
HYUNDAI-E-GMP-1414,14.9,55.2,10476,584.8,96.75,Thermal Derating Required
HYUNDAI-E-GMP-1415,9.4,49.2,14255,475.8,97.13,Optimal 800V SiC Efficiency
HYUNDAI-E-GMP-1416,14.2,45.3,4452,495.9,97.06,Optimal 800V SiC Efficiency
HYUNDAI-E-GMP-1417,10.2,68.3,5859,505.8,97.03,Optimal 800V SiC Efficiency
HYUNDAI-E-GMP-1418,10.4,75.2,2223,519.7,96.98,Optimal 800V SiC Efficiency
HYUNDAI-E-GMP-1419,16.9,50.6,9088,614.1,96.65,Thermal Derating Required
HYUNDAI-E-GMP-1420,16.5,47.1,10296,620.4,96.63,Thermal Derating Required
HYUNDAI-E-GMP-1421,10.8,94.3,11195,686.4,96.4,Thermal Derating Required
HYUNDAI-E-GMP-1422,20.8,63.7,11224,726.2,96.26,Thermal Derating Required
HYUNDAI-E-GMP-1423,18.3,55.3,4505,639.0,96.56,Thermal Derating Required
HYUNDAI-E-GMP-1424,15.5,93.7,3923,684.7,96.4,Thermal Derating Required
HYUNDAI-E-GMP-1425,23.8,74.5,12759,830.8,95.89,Thermal Derating Required
HYUNDAI-E-GMP-1426,8.3,73.8,4977,494.9,97.07,Optimal 800V SiC Efficiency
HYUNDAI-E-GMP-1427,20.1,66.7,1428,684.5,96.4,Thermal Derating Required
HYUNDAI-E-GMP-1428,16.0,63.2,15103,691.1,96.38,Thermal Derating Required
HYUNDAI-E-GMP-1429,19.9,70.5,11759,783.4,96.06,Thermal Derating Required
HYUNDAI-E-GMP-1430,17.9,83.8,1393,673.4,96.44,Thermal Derating Required
HYUNDAI-E-GMP-1431,23.0,53.0,12151,751.5,96.17,Thermal Derating Required
HYUNDAI-E-GMP-1432,23.4,71.5,13039,819.1,95.93,Thermal Derating Required
HYUNDAI-E-GMP-1433,16.1,89.5,7165,743.8,96.2,Thermal Derating Required
HYUNDAI-E-GMP-1434,22.5,55.6,9138,722.4,96.27,Thermal Derating Required
HYUNDAI-E-GMP-1435,11.2,79.3,3129,544.9,96.89,Thermal Derating Required
HYUNDAI-E-GMP-1436,10.4,73.9,3821,565.3,96.82,Thermal Derating Required
HYUNDAI-E-GMP-1437,12.4,85.0,5082,630.9,96.59,Thermal Derating Required
HYUNDAI-E-GMP-1438,15.3,93.5,4411,715.6,96.3,Thermal Derating Required
HYUNDAI-E-GMP-1439,21.0,87.3,13412,845.8,95.84,Thermal Derating Required
HYUNDAI-E-GMP-1440,10.8,90.0,3297,587.2,96.74,Thermal Derating Required
HYUNDAI-E-GMP-1441,13.2,85.1,15716,735.0,96.23,Thermal Derating Required
HYUNDAI-E-GMP-1442,11.3,60.8,15915,565.0,96.82,Thermal Derating Required
HYUNDAI-E-GMP-1443,14.1,51.2,3651,531.4,96.94,Thermal Derating Required
HYUNDAI-E-GMP-1444,17.0,91.8,10478,741.8,96.2,Thermal Derating Required
HYUNDAI-E-GMP-1445,10.0,87.7,14284,658.5,96.5,Thermal Derating Required
HYUNDAI-E-GMP-1446,22.2,57.9,11693,728.2,96.25,Thermal Derating Required
HYUNDAI-E-GMP-1447,8.7,60.0,2797,434.1,97.28,Optimal 800V SiC Efficiency
HYUNDAI-E-GMP-1448,20.7,79.2,7249,759.8,96.14,Thermal Derating Required
HYUNDAI-E-GMP-1449,10.5,60.6,10569,544.0,96.9,Thermal Derating Required
HYUNDAI-E-GMP-1450,21.8,91.5,6335,788.0,96.04,Thermal Derating Required
HYUNDAI-E-GMP-1451,9.9,68.2,14959,563.1,96.83,Thermal Derating Required
HYUNDAI-E-GMP-1452,13.9,75.5,3869,592.3,96.73,Thermal Derating Required
HYUNDAI-E-GMP-1453,19.7,51.2,9437,685.4,96.4,Thermal Derating Required
HYUNDAI-E-GMP-1454,12.2,52.3,8017,539.6,96.91,Thermal Derating Required
HYUNDAI-E-GMP-1455,20.3,50.5,3444,645.2,96.54,Thermal Derating Required
HYUNDAI-E-GMP-1456,19.6,51.7,2263,624.1,96.62,Thermal Derating Required
HYUNDAI-E-GMP-1457,16.7,71.0,5331,629.7,96.6,Thermal Derating Required
HYUNDAI-E-GMP-1458,9.8,70.0,11926,538.3,96.92,Thermal Derating Required
HYUNDAI-E-GMP-1459,15.0,65.6,3281,612.3,96.66,Thermal Derating Required
HYUNDAI-E-GMP-1460,21.7,60.5,7657,704.8,96.33,Thermal Derating Required
HYUNDAI-E-GMP-1461,21.1,66.3,2905,684.9,96.4,Thermal Derating Required
HYUNDAI-E-GMP-1462,21.1,85.3,11208,814.0,95.95,Thermal Derating Required
HYUNDAI-E-GMP-1463,21.8,49.5,14545,711.1,96.31,Thermal Derating Required
HYUNDAI-E-GMP-1464,15.4,89.8,10999,724.2,96.27,Thermal Derating Required
HYUNDAI-E-GMP-1465,19.0,51.4,15931,739.2,96.21,Thermal Derating Required
HYUNDAI-E-GMP-1466,15.0,93.2,10144,770.6,96.1,Thermal Derating Required
HYUNDAI-E-GMP-1467,23.8,88.5,15890,940.0,95.51,Thermal Derating Required
HYUNDAI-E-GMP-1468,11.7,50.4,1332,446.3,97.24,Optimal 800V SiC Efficiency
HYUNDAI-E-GMP-1469,11.4,91.0,2962,609.8,96.67,Thermal Derating Required
HYUNDAI-E-GMP-1470,20.7,76.5,7776,726.0,96.26,Thermal Derating Required
HYUNDAI-E-GMP-1471,10.9,50.7,6376,457.4,97.2,Optimal 800V SiC Efficiency
HYUNDAI-E-GMP-1472,12.3,48.1,10699,480.0,97.12,Optimal 800V SiC Efficiency
HYUNDAI-E-GMP-1473,21.9,94.4,2940,824.5,95.91,Thermal Derating Required
HYUNDAI-E-GMP-1474,17.3,84.4,2706,741.0,96.21,Thermal Derating Required
HYUNDAI-E-GMP-1475,16.3,89.8,10567,796.5,96.01,Thermal Derating Required
HYUNDAI-E-GMP-1476,10.9,75.5,2737,552.2,96.87,Thermal Derating Required
HYUNDAI-E-GMP-1477,13.7,91.9,1734,662.5,96.48,Thermal Derating Required
HYUNDAI-E-GMP-1478,23.4,58.1,3242,710.2,96.31,Thermal Derating Required
HYUNDAI-E-GMP-1479,21.6,82.1,7539,706.5,96.33,Thermal Derating Required
HYUNDAI-E-GMP-1480,8.3,64.1,6002,430.6,97.29,Optimal 800V SiC Efficiency
HYUNDAI-E-GMP-1481,16.4,62.6,5651,614.4,96.65,Thermal Derating Required
HYUNDAI-E-GMP-1482,21.2,79.3,12152,810.3,95.96,Thermal Derating Required
HYUNDAI-E-GMP-1483,18.7,84.8,11792,790.3,96.03,Thermal Derating Required
HYUNDAI-E-GMP-1484,19.9,67.7,15603,793.0,96.02,Thermal Derating Required
HYUNDAI-E-GMP-1485,22.7,57.2,3217,687.4,96.39,Thermal Derating Required
HYUNDAI-E-GMP-1486,19.6,48.6,7379,627.3,96.6,Thermal Derating Required
HYUNDAI-E-GMP-1487,22.0,51.2,15687,707.0,96.33,Thermal Derating Required
HYUNDAI-E-GMP-1488,12.8,65.2,3116,577.4,96.78,Thermal Derating Required
HYUNDAI-E-GMP-1489,16.2,55.0,3082,583.8,96.76,Thermal Derating Required
HYUNDAI-E-GMP-1490,20.8,50.8,5348,650.9,96.52,Thermal Derating Required
HYUNDAI-E-GMP-1491,10.8,60.2,2865,451.5,97.22,Optimal 800V SiC Efficiency
HYUNDAI-E-GMP-1492,14.7,80.3,7041,649.7,96.53,Thermal Derating Required
HYUNDAI-E-GMP-1493,20.0,87.8,5161,766.1,96.12,Thermal Derating Required
HYUNDAI-E-GMP-1494,17.5,92.7,6498,751.9,96.17,Thermal Derating Required
HYUNDAI-E-GMP-1495,21.5,71.1,2435,748.2,96.18,Thermal Derating Required
HYUNDAI-E-GMP-1496,15.9,91.7,7297,704.5,96.33,Thermal Derating Required
HYUNDAI-E-GMP-1497,11.6,47.5,1820,430.9,97.29,Optimal 800V SiC Efficiency
HYUNDAI-E-GMP-1498,15.9,61.3,9875,616.4,96.64,Thermal Derating Required
HYUNDAI-E-GMP-1499,22.2,86.7,6350,814.6,95.95,Thermal Derating Required
HYUNDAI-E-GMP-1500,18.7,65.4,5096,618.6,96.63,Thermal Derating Required
HYUNDAI-E-GMP-1501,22.8,85.4,13069,894.5,95.67,Thermal Derating Required
HYUNDAI-E-GMP-1502,11.0,92.1,8042,643.4,96.55,Thermal Derating Required
HYUNDAI-E-GMP-1503,20.9,69.8,3550,717.5,96.29,Thermal Derating Required
HYUNDAI-E-GMP-1504,19.5,84.8,7319,775.8,96.08,Thermal Derating Required
HYUNDAI-E-GMP-1505,12.2,91.8,2694,627.3,96.6,Thermal Derating Required
HYUNDAI-E-GMP-1506,8.5,67.1,12583,563.7,96.83,Thermal Derating Required
HYUNDAI-E-GMP-1507,19.4,66.8,5941,637.6,96.57,Thermal Derating Required
HYUNDAI-E-GMP-1508,19.9,78.1,1504,765.3,96.12,Thermal Derating Required
HYUNDAI-E-GMP-1509,16.7,66.0,13655,665.6,96.47,Thermal Derating Required
HYUNDAI-E-GMP-1510,11.5,68.0,2148,495.4,97.07,Optimal 800V SiC Efficiency
HYUNDAI-E-GMP-1511,20.0,46.5,9140,628.0,96.6,Thermal Derating Required
HYUNDAI-E-GMP-1512,13.4,92.2,6485,664.7,96.47,Thermal Derating Required
HYUNDAI-E-GMP-1513,16.2,52.3,2486,511.6,97.01,Optimal 800V SiC Efficiency
HYUNDAI-E-GMP-1514,18.1,59.1,13828,708.0,96.32,Thermal Derating Required
HYUNDAI-E-GMP-1515,15.9,70.7,9761,627.0,96.61,Thermal Derating Required
HYUNDAI-E-GMP-1516,20.6,57.3,7168,688.1,96.39,Thermal Derating Required
HYUNDAI-E-GMP-1517,12.6,60.6,5165,544.0,96.9,Thermal Derating Required
HYUNDAI-E-GMP-1518,10.5,80.9,15804,657.2,96.5,Thermal Derating Required
HYUNDAI-E-GMP-1519,21.3,74.1,3968,740.5,96.21,Thermal Derating Required
HYUNDAI-E-GMP-1520,14.7,49.6,7991,540.1,96.91,Thermal Derating Required
HYUNDAI-E-GMP-1521,18.4,92.8,10341,832.3,95.89,Thermal Derating Required
HYUNDAI-E-GMP-1522,19.6,64.3,5319,678.1,96.43,Thermal Derating Required
HYUNDAI-E-GMP-1523,8.1,75.3,8138,548.6,96.88,Thermal Derating Required
HYUNDAI-E-GMP-1524,14.3,90.8,10885,712.1,96.31,Thermal Derating Required
HYUNDAI-E-GMP-1525,13.7,83.0,13098,651.3,96.52,Thermal Derating Required
HYUNDAI-E-GMP-1526,16.9,59.3,10070,617.2,96.64,Thermal Derating Required
HYUNDAI-E-GMP-1527,21.3,62.1,3974,666.8,96.47,Thermal Derating Required
HYUNDAI-E-GMP-1528,21.2,69.9,7839,759.2,96.14,Thermal Derating Required
HYUNDAI-E-GMP-1529,20.5,85.0,12848,788.1,96.04,Thermal Derating Required
HYUNDAI-E-GMP-1530,18.8,74.6,10344,735.0,96.23,Thermal Derating Required
HYUNDAI-E-GMP-1531,23.8,79.3,7851,808.3,95.97,Thermal Derating Required
HYUNDAI-E-GMP-1532,15.9,60.2,11953,648.0,96.53,Thermal Derating Required
HYUNDAI-E-GMP-1533,14.9,71.0,8725,637.5,96.57,Thermal Derating Required
HYUNDAI-E-GMP-1534,15.8,72.5,12736,697.9,96.36,Thermal Derating Required
HYUNDAI-E-GMP-1535,17.9,66.4,3335,654.3,96.51,Thermal Derating Required
HYUNDAI-E-GMP-1536,10.7,51.6,12282,500.1,97.05,Optimal 800V SiC Efficiency
HYUNDAI-E-GMP-1537,23.3,91.7,10230,880.4,95.72,Thermal Derating Required
HYUNDAI-E-GMP-1538,11.4,51.9,7496,477.5,97.13,Optimal 800V SiC Efficiency
HYUNDAI-E-GMP-1539,10.2,82.4,10090,603.0,96.69,Thermal Derating Required
HYUNDAI-E-GMP-1540,18.6,92.2,6317,775.7,96.09,Thermal Derating Required
HYUNDAI-E-GMP-1541,22.6,48.4,4677,626.1,96.61,Thermal Derating Required
HYUNDAI-E-GMP-1542,17.4,46.4,6407,538.4,96.92,Thermal Derating Required
HYUNDAI-E-GMP-1543,14.7,87.3,6012,703.7,96.34,Thermal Derating Required
HYUNDAI-E-GMP-1544,20.0,94.6,7422,840.8,95.86,Thermal Derating Required
HYUNDAI-E-GMP-1545,14.7,45.3,9100,490.8,97.08,Optimal 800V SiC Efficiency
HYUNDAI-E-GMP-1546,15.6,87.4,9753,744.7,96.19,Thermal Derating Required
HYUNDAI-E-GMP-1547,9.9,90.5,7760,566.9,96.82,Thermal Derating Required
HYUNDAI-E-GMP-1548,13.1,72.2,15395,620.4,96.63,Thermal Derating Required
HYUNDAI-E-GMP-1549,18.5,73.8,12604,745.6,96.19,Thermal Derating Required
HYUNDAI-E-GMP-1550,15.9,87.5,10939,734.7,96.23,Thermal Derating Required
HYUNDAI-E-GMP-1551,8.0,66.5,1045,396.3,97.41,Optimal 800V SiC Efficiency
HYUNDAI-E-GMP-1552,23.1,91.8,11505,880.2,95.72,Thermal Derating Required
HYUNDAI-E-GMP-1553,12.8,60.6,1043,529.7,96.95,Thermal Derating Required
HYUNDAI-E-GMP-1554,10.2,60.6,14317,565.5,96.82,Thermal Derating Required
HYUNDAI-E-GMP-1555,12.4,70.1,15554,648.5,96.53,Thermal Derating Required
HYUNDAI-E-GMP-1556,20.0,69.5,1804,671.7,96.45,Thermal Derating Required
HYUNDAI-E-GMP-1557,22.5,48.4,5003,631.2,96.59,Thermal Derating Required
HYUNDAI-E-GMP-1558,8.9,52.8,12442,485.5,97.1,Optimal 800V SiC Efficiency
HYUNDAI-E-GMP-1559,20.2,93.0,2812,793.7,96.02,Thermal Derating Required
HYUNDAI-E-GMP-1560,21.4,55.7,5580,698.4,96.36,Thermal Derating Required
HYUNDAI-E-GMP-1561,13.1,93.1,8201,695.9,96.36,Thermal Derating Required
HYUNDAI-E-GMP-1562,20.4,84.8,3545,750.0,96.18,Thermal Derating Required
HYUNDAI-E-GMP-1563,8.1,47.6,10123,454.2,97.21,Optimal 800V SiC Efficiency
HYUNDAI-E-GMP-1564,23.4,91.3,8531,899.9,95.65,Thermal Derating Required
HYUNDAI-E-GMP-1565,20.1,68.5,6242,712.5,96.31,Thermal Derating Required
HYUNDAI-E-GMP-1566,9.2,81.4,11560,610.5,96.66,Thermal Derating Required
HYUNDAI-E-GMP-1567,15.1,86.8,8741,721.0,96.28,Thermal Derating Required
HYUNDAI-E-GMP-1568,21.4,67.1,11212,769.0,96.11,Thermal Derating Required
HYUNDAI-E-GMP-1569,15.1,75.9,5579,640.3,96.56,Thermal Derating Required
HYUNDAI-E-GMP-1570,20.1,58.3,3885,659.2,96.49,Thermal Derating Required
HYUNDAI-E-GMP-1571,22.8,76.0,14102,879.7,95.72,Thermal Derating Required
HYUNDAI-E-GMP-1572,20.0,50.7,2303,619.7,96.63,Thermal Derating Required
HYUNDAI-E-GMP-1573,17.9,91.5,4800,762.8,96.13,Thermal Derating Required
HYUNDAI-E-GMP-1574,8.7,82.0,15719,619.9,96.63,Thermal Derating Required
HYUNDAI-E-GMP-1575,10.6,55.0,15982,540.3,96.91,Thermal Derating Required
HYUNDAI-E-GMP-1576,15.6,63.4,14325,628.0,96.6,Thermal Derating Required
HYUNDAI-E-GMP-1577,23.2,92.5,13677,918.7,95.58,Thermal Derating Required
HYUNDAI-E-GMP-1578,20.3,46.1,7546,604.3,96.68,Thermal Derating Required
HYUNDAI-E-GMP-1579,14.4,83.0,9024,711.2,96.31,Thermal Derating Required
HYUNDAI-E-GMP-1580,15.9,74.7,14150,699.4,96.35,Thermal Derating Required
HYUNDAI-E-GMP-1581,13.0,62.3,8619,540.3,96.91,Thermal Derating Required
HYUNDAI-E-GMP-1582,19.6,87.3,7579,789.7,96.04,Thermal Derating Required
HYUNDAI-E-GMP-1583,9.6,55.8,9685,477.8,97.13,Optimal 800V SiC Efficiency
HYUNDAI-E-GMP-1584,21.5,80.8,13258,864.9,95.77,Thermal Derating Required
HYUNDAI-E-GMP-1585,12.9,85.0,13629,745.2,96.19,Thermal Derating Required
HYUNDAI-E-GMP-1586,9.8,68.5,2394,428.3,97.3,Optimal 800V SiC Efficiency
HYUNDAI-E-GMP-1587,21.0,52.0,2565,644.3,96.55,Thermal Derating Required
HYUNDAI-E-GMP-1588,22.1,66.4,11611,801.2,96.0,Thermal Derating Required
HYUNDAI-E-GMP-1589,12.0,88.6,3118,578.1,96.78,Thermal Derating Required
HYUNDAI-E-GMP-1590,12.7,68.8,10927,605.3,96.68,Thermal Derating Required
HYUNDAI-E-GMP-1591,10.3,47.6,7414,457.8,97.2,Optimal 800V SiC Efficiency
HYUNDAI-E-GMP-1592,11.5,59.2,11600,569.8,96.81,Thermal Derating Required
HYUNDAI-E-GMP-1593,8.8,62.5,5855,427.3,97.3,Optimal 800V SiC Efficiency
HYUNDAI-E-GMP-1594,23.8,70.7,3119,763.2,96.13,Thermal Derating Required
HYUNDAI-E-GMP-1595,14.2,94.2,2698,648.8,96.53,Thermal Derating Required
HYUNDAI-E-GMP-1596,19.2,86.9,3392,744.5,96.19,Thermal Derating Required
HYUNDAI-E-GMP-1597,15.9,73.7,14008,722.4,96.27,Thermal Derating Required
HYUNDAI-E-GMP-1598,10.2,60.7,15695,564.9,96.82,Thermal Derating Required
HYUNDAI-E-GMP-1599,22.6,48.7,6119,682.8,96.41,Thermal Derating Required
HYUNDAI-E-GMP-1600,20.1,45.8,11538,628.2,96.6,Thermal Derating Required
HYUNDAI-E-GMP-1601,10.0,55.2,6592,477.6,97.13,Optimal 800V SiC Efficiency
HYUNDAI-E-GMP-1602,21.5,51.2,2828,665.0,96.47,Thermal Derating Required
HYUNDAI-E-GMP-1603,22.5,90.0,5757,845.0,95.84,Thermal Derating Required
HYUNDAI-E-GMP-1604,20.9,57.6,7917,651.3,96.52,Thermal Derating Required
HYUNDAI-E-GMP-1605,13.8,64.5,15043,658.5,96.5,Thermal Derating Required
HYUNDAI-E-GMP-1606,9.5,56.2,5536,426.0,97.31,Optimal 800V SiC Efficiency
HYUNDAI-E-GMP-1607,16.3,68.4,4524,637.0,96.57,Thermal Derating Required
HYUNDAI-E-GMP-1608,20.1,71.5,13579,761.5,96.13,Thermal Derating Required
HYUNDAI-E-GMP-1609,11.5,61.6,1392,495.4,97.07,Optimal 800V SiC Efficiency
HYUNDAI-E-GMP-1610,12.1,84.7,4859,609.6,96.67,Thermal Derating Required
HYUNDAI-E-GMP-1611,17.8,54.4,12460,676.9,96.43,Thermal Derating Required
HYUNDAI-E-GMP-1612,8.6,55.8,4585,420.0,97.33,Optimal 800V SiC Efficiency
HYUNDAI-E-GMP-1613,11.6,53.9,3351,488.3,97.09,Optimal 800V SiC Efficiency
HYUNDAI-E-GMP-1614,20.6,90.8,4526,759.1,96.14,Thermal Derating Required
HYUNDAI-E-GMP-1615,9.3,83.9,2654,589.4,96.74,Thermal Derating Required
HYUNDAI-E-GMP-1616,21.5,92.9,10096,873.4,95.74,Thermal Derating Required
HYUNDAI-E-GMP-1617,24.0,57.6,8838,744.2,96.2,Thermal Derating Required
HYUNDAI-E-GMP-1618,8.9,61.6,9636,439.6,97.26,Optimal 800V SiC Efficiency
HYUNDAI-E-GMP-1619,15.6,52.9,4019,510.0,97.01,Optimal 800V SiC Efficiency
HYUNDAI-E-GMP-1620,20.7,58.9,9927,680.6,96.42,Thermal Derating Required
HYUNDAI-E-GMP-1621,9.8,74.6,14456,630.4,96.59,Thermal Derating Required
HYUNDAI-E-GMP-1622,19.0,54.7,13418,701.2,96.35,Thermal Derating Required
HYUNDAI-E-GMP-1623,10.2,64.4,7048,522.1,96.97,Thermal Derating Required
HYUNDAI-E-GMP-1624,18.5,62.6,13144,686.5,96.4,Thermal Derating Required
HYUNDAI-E-GMP-1625,17.3,51.8,13840,650.6,96.52,Thermal Derating Required
HYUNDAI-E-GMP-1626,17.0,69.9,7331,688.2,96.39,Thermal Derating Required
HYUNDAI-E-GMP-1627,12.7,81.2,6404,633.7,96.58,Thermal Derating Required
HYUNDAI-E-GMP-1628,17.2,60.9,3598,565.4,96.82,Thermal Derating Required
HYUNDAI-E-GMP-1629,19.1,92.0,7895,789.8,96.04,Thermal Derating Required
HYUNDAI-E-GMP-1630,15.1,76.0,2909,627.4,96.6,Thermal Derating Required
HYUNDAI-E-GMP-1631,23.7,77.5,11316,891.5,95.68,Thermal Derating Required
HYUNDAI-E-GMP-1632,18.7,47.9,3128,536.5,96.92,Thermal Derating Required
HYUNDAI-E-GMP-1633,16.7,83.3,14123,727.2,96.25,Thermal Derating Required
HYUNDAI-E-GMP-1634,10.9,90.5,9032,604.9,96.68,Thermal Derating Required
HYUNDAI-E-GMP-1635,21.0,45.4,14370,644.0,96.55,Thermal Derating Required
HYUNDAI-E-GMP-1636,10.7,93.2,1265,591.3,96.73,Thermal Derating Required
HYUNDAI-E-GMP-1637,16.5,70.5,12724,697.2,96.36,Thermal Derating Required
HYUNDAI-E-GMP-1638,20.8,72.2,2480,690.5,96.38,Thermal Derating Required
HYUNDAI-E-GMP-1639,18.8,55.9,14311,702.0,96.34,Thermal Derating Required
HYUNDAI-E-GMP-1640,22.5,45.6,3371,623.6,96.62,Thermal Derating Required
HYUNDAI-E-GMP-1641,17.2,88.1,7309,757.0,96.15,Thermal Derating Required
HYUNDAI-E-GMP-1642,17.0,66.8,2504,634.1,96.58,Thermal Derating Required
HYUNDAI-E-GMP-1643,10.0,94.3,3220,635.9,96.57,Thermal Derating Required
HYUNDAI-E-GMP-1644,12.9,72.8,13799,674.7,96.44,Thermal Derating Required
HYUNDAI-E-GMP-1645,11.2,77.2,11219,616.0,96.64,Thermal Derating Required
HYUNDAI-E-GMP-1646,9.1,56.5,5094,466.7,97.17,Optimal 800V SiC Efficiency
HYUNDAI-E-GMP-1647,12.0,55.3,4562,501.2,97.05,Optimal 800V SiC Efficiency
HYUNDAI-E-GMP-1648,20.6,91.6,4938,795.3,96.02,Thermal Derating Required
HYUNDAI-E-GMP-1649,22.1,69.5,6230,744.0,96.2,Thermal Derating Required
HYUNDAI-E-GMP-1650,17.2,49.7,6798,522.0,96.97,Thermal Derating Required
HYUNDAI-E-GMP-1651,10.5,50.5,1688,363.9,97.53,Optimal 800V SiC Efficiency
HYUNDAI-E-GMP-1652,9.4,70.6,5275,516.4,96.99,Optimal 800V SiC Efficiency
HYUNDAI-E-GMP-1653,19.7,57.9,13450,701.8,96.34,Thermal Derating Required
HYUNDAI-E-GMP-1654,13.0,74.5,10666,645.1,96.54,Thermal Derating Required
HYUNDAI-E-GMP-1655,23.5,88.3,2339,794.1,96.02,Thermal Derating Required
HYUNDAI-E-GMP-1656,12.5,63.5,11147,610.7,96.66,Thermal Derating Required
HYUNDAI-E-GMP-1657,14.6,85.3,10435,720.0,96.28,Thermal Derating Required
HYUNDAI-E-GMP-1658,15.1,85.3,5702,693.0,96.37,Thermal Derating Required
HYUNDAI-E-GMP-1659,23.9,54.8,11988,725.9,96.26,Thermal Derating Required
HYUNDAI-E-GMP-1660,14.4,54.1,8596,563.4,96.83,Thermal Derating Required
HYUNDAI-E-GMP-1661,16.4,59.5,14053,628.5,96.6,Thermal Derating Required
HYUNDAI-E-GMP-1662,14.5,63.0,10133,623.5,96.62,Thermal Derating Required
HYUNDAI-E-GMP-1663,22.3,61.2,6774,702.5,96.34,Thermal Derating Required
HYUNDAI-E-GMP-1664,13.6,81.7,12557,687.7,96.39,Thermal Derating Required
HYUNDAI-E-GMP-1665,20.4,52.3,13060,681.0,96.42,Thermal Derating Required
HYUNDAI-E-GMP-1666,11.1,60.0,5165,484.0,97.11,Optimal 800V SiC Efficiency
HYUNDAI-E-GMP-1667,23.3,83.5,7979,868.0,95.76,Thermal Derating Required
HYUNDAI-E-GMP-1668,11.0,73.1,4619,569.2,96.81,Thermal Derating Required
HYUNDAI-E-GMP-1669,17.0,48.9,11146,573.9,96.79,Thermal Derating Required
HYUNDAI-E-GMP-1670,16.7,47.2,14269,630.8,96.59,Thermal Derating Required
HYUNDAI-E-GMP-1671,20.0,78.9,8665,740.3,96.21,Thermal Derating Required
HYUNDAI-E-GMP-1672,10.1,85.5,9860,642.1,96.55,Thermal Derating Required
HYUNDAI-E-GMP-1673,8.7,66.2,13085,522.8,96.97,Thermal Derating Required
HYUNDAI-E-GMP-1674,8.6,65.1,3904,443.5,97.25,Optimal 800V SiC Efficiency
HYUNDAI-E-GMP-1675,8.4,74.5,9914,589.7,96.74,Thermal Derating Required
HYUNDAI-E-GMP-1676,23.7,71.1,12394,796.0,96.01,Thermal Derating Required
HYUNDAI-E-GMP-1677,11.5,94.2,1867,574.4,96.79,Thermal Derating Required
HYUNDAI-E-GMP-1678,23.7,74.7,1092,756.2,96.15,Thermal Derating Required
HYUNDAI-E-GMP-1679,22.0,53.9,15460,715.6,96.3,Thermal Derating Required
HYUNDAI-E-GMP-1680,14.9,90.6,6506,672.9,96.44,Thermal Derating Required
HYUNDAI-E-GMP-1681,23.4,89.0,1364,810.2,95.96,Thermal Derating Required
HYUNDAI-E-GMP-1682,10.3,92.0,4552,605.0,96.68,Thermal Derating Required
HYUNDAI-E-GMP-1683,17.4,94.1,13981,847.8,95.83,Thermal Derating Required
HYUNDAI-E-GMP-1684,23.9,64.8,6800,748.7,96.18,Thermal Derating Required
HYUNDAI-E-GMP-1685,16.3,68.0,10700,677.0,96.43,Thermal Derating Required
HYUNDAI-E-GMP-1686,22.1,49.0,14914,702.5,96.34,Thermal Derating Required
HYUNDAI-E-GMP-1687,18.6,73.5,12164,734.8,96.23,Thermal Derating Required
HYUNDAI-E-GMP-1688,14.3,84.1,13517,694.6,96.37,Thermal Derating Required
HYUNDAI-E-GMP-1689,19.8,81.2,8903,807.0,95.98,Thermal Derating Required
HYUNDAI-E-GMP-1690,13.0,94.7,14110,729.2,96.25,Thermal Derating Required
HYUNDAI-E-GMP-1691,21.8,58.0,12273,744.8,96.19,Thermal Derating Required
HYUNDAI-E-GMP-1692,15.2,64.0,5544,572.0,96.8,Thermal Derating Required
HYUNDAI-E-GMP-1693,9.7,72.5,8983,571.4,96.8,Thermal Derating Required
HYUNDAI-E-GMP-1694,15.0,84.1,10553,705.7,96.33,Thermal Derating Required
HYUNDAI-E-GMP-1695,23.0,52.9,6219,720.2,96.28,Thermal Derating Required
HYUNDAI-E-GMP-1696,17.8,50.2,15847,672.5,96.45,Thermal Derating Required
HYUNDAI-E-GMP-1697,21.9,86.2,5883,786.7,96.05,Thermal Derating Required
HYUNDAI-E-GMP-1698,9.1,85.2,4102,553.7,96.86,Thermal Derating Required
HYUNDAI-E-GMP-1699,22.0,71.3,1004,732.5,96.24,Thermal Derating Required
HYUNDAI-E-GMP-1700,18.9,85.1,12053,806.9,95.98,Thermal Derating Required
HYUNDAI-E-GMP-1701,14.9,81.4,8426,692.9,96.37,Thermal Derating Required
HYUNDAI-E-GMP-1702,9.9,66.5,14739,577.4,96.78,Thermal Derating Required
HYUNDAI-E-GMP-1703,14.7,87.8,7962,701.5,96.34,Thermal Derating Required
HYUNDAI-E-GMP-1704,18.2,45.3,6725,557.3,96.85,Thermal Derating Required
HYUNDAI-E-GMP-1705,19.4,63.1,14054,699.0,96.35,Thermal Derating Required
HYUNDAI-E-GMP-1706,10.7,46.9,4470,415.5,97.35,Optimal 800V SiC Efficiency
HYUNDAI-E-GMP-1707,12.2,73.2,7158,583.3,96.76,Thermal Derating Required
HYUNDAI-E-GMP-1708,22.4,93.8,5478,829.0,95.9,Thermal Derating Required
HYUNDAI-E-GMP-1709,20.9,67.9,8691,778.2,96.08,Thermal Derating Required
HYUNDAI-E-GMP-1710,13.8,65.0,10219,608.7,96.67,Thermal Derating Required
HYUNDAI-E-GMP-1711,23.7,70.9,8004,824.7,95.91,Thermal Derating Required
HYUNDAI-E-GMP-1712,15.0,57.2,15934,614.2,96.65,Thermal Derating Required
HYUNDAI-E-GMP-1713,21.2,85.3,3301,778.0,96.08,Thermal Derating Required
HYUNDAI-E-GMP-1714,22.1,73.3,6222,734.4,96.23,Thermal Derating Required
HYUNDAI-E-GMP-1715,23.7,60.8,10679,766.7,96.12,Thermal Derating Required
HYUNDAI-E-GMP-1716,16.8,51.1,1797,505.2,97.03,Optimal 800V SiC Efficiency
HYUNDAI-E-GMP-1717,18.2,58.1,15915,718.1,96.29,Thermal Derating Required
HYUNDAI-E-GMP-1718,16.5,45.7,9106,553.1,96.86,Thermal Derating Required
HYUNDAI-E-GMP-1719,23.3,49.9,12484,745.8,96.19,Thermal Derating Required
HYUNDAI-E-GMP-1720,21.7,75.6,10551,821.3,95.93,Thermal Derating Required
HYUNDAI-E-GMP-1721,17.7,55.0,12760,604.7,96.68,Thermal Derating Required
HYUNDAI-E-GMP-1722,8.6,49.1,12695,473.0,97.14,Optimal 800V SiC Efficiency
HYUNDAI-E-GMP-1723,18.9,86.3,14442,848.7,95.83,Thermal Derating Required
HYUNDAI-E-GMP-1724,15.5,82.2,9719,697.9,96.36,Thermal Derating Required
HYUNDAI-E-GMP-1725,22.8,83.7,13933,864.8,95.77,Thermal Derating Required
HYUNDAI-E-GMP-1726,15.4,88.3,12374,777.1,96.08,Thermal Derating Required
HYUNDAI-E-GMP-1727,21.8,58.6,3518,665.7,96.47,Thermal Derating Required
HYUNDAI-E-GMP-1728,17.2,58.5,3211,601.8,96.69,Thermal Derating Required
HYUNDAI-E-GMP-1729,9.3,60.2,6131,445.2,97.24,Optimal 800V SiC Efficiency
HYUNDAI-E-GMP-1730,14.1,86.9,3960,719.6,96.28,Thermal Derating Required
HYUNDAI-E-GMP-1731,9.0,77.9,6086,562.8,96.83,Thermal Derating Required
HYUNDAI-E-GMP-1732,19.2,77.3,5085,715.2,96.3,Thermal Derating Required
HYUNDAI-E-GMP-1733,9.1,86.3,12233,619.6,96.63,Thermal Derating Required
HYUNDAI-E-GMP-1734,19.3,94.3,2601,804.4,95.98,Thermal Derating Required
HYUNDAI-E-GMP-1735,20.4,74.8,6084,757.1,96.15,Thermal Derating Required
HYUNDAI-E-GMP-1736,10.6,87.4,7295,642.8,96.55,Thermal Derating Required
HYUNDAI-E-GMP-1737,14.8,76.1,10509,659.0,96.49,Thermal Derating Required
HYUNDAI-E-GMP-1738,17.0,45.2,9388,562.9,96.83,Thermal Derating Required
HYUNDAI-E-GMP-1739,8.1,70.6,7148,523.8,96.97,Thermal Derating Required
HYUNDAI-E-GMP-1740,14.1,58.9,7356,507.9,97.02,Optimal 800V SiC Efficiency
HYUNDAI-E-GMP-1741,21.0,86.9,9095,811.6,95.96,Thermal Derating Required
HYUNDAI-E-GMP-1742,19.1,51.8,9738,701.0,96.35,Thermal Derating Required
HYUNDAI-E-GMP-1743,18.9,47.9,3043,554.8,96.86,Thermal Derating Required
HYUNDAI-E-GMP-1744,11.4,87.4,7848,666.4,96.47,Thermal Derating Required
HYUNDAI-E-GMP-1745,21.1,84.3,4511,777.0,96.08,Thermal Derating Required
HYUNDAI-E-GMP-1746,17.1,48.4,2042,560.0,96.84,Thermal Derating Required
HYUNDAI-E-GMP-1747,23.4,69.5,7382,773.1,96.09,Thermal Derating Required
HYUNDAI-E-GMP-1748,15.7,82.5,14383,711.6,96.31,Thermal Derating Required
HYUNDAI-E-GMP-1749,18.9,67.9,14797,704.6,96.33,Thermal Derating Required
HYUNDAI-E-GMP-1750,20.9,62.8,3006,632.7,96.59,Thermal Derating Required
HYUNDAI-E-GMP-1751,13.2,65.3,15435,682.5,96.41,Thermal Derating Required
HYUNDAI-E-GMP-1752,21.3,66.3,14045,785.1,96.05,Thermal Derating Required
HYUNDAI-E-GMP-1753,19.3,56.3,1887,655.7,96.5,Thermal Derating Required
HYUNDAI-E-GMP-1754,16.7,58.4,6377,620.1,96.63,Thermal Derating Required
HYUNDAI-E-GMP-1755,11.7,88.4,1434,580.8,96.77,Thermal Derating Required
HYUNDAI-E-GMP-1756,16.3,93.9,4071,784.1,96.06,Thermal Derating Required
HYUNDAI-E-GMP-1757,18.5,74.6,9782,747.5,96.18,Thermal Derating Required
HYUNDAI-E-GMP-1758,17.4,59.0,12333,678.8,96.42,Thermal Derating Required
HYUNDAI-E-GMP-1759,10.1,57.5,11386,532.3,96.94,Thermal Derating Required
HYUNDAI-E-GMP-1760,18.2,69.2,14181,679.2,96.42,Thermal Derating Required
HYUNDAI-E-GMP-1761,13.9,68.1,11103,617.1,96.64,Thermal Derating Required
HYUNDAI-E-GMP-1762,9.6,48.7,8615,476.3,97.13,Optimal 800V SiC Efficiency
HYUNDAI-E-GMP-1763,15.9,71.0,8520,651.5,96.52,Thermal Derating Required
HYUNDAI-E-GMP-1764,21.7,85.2,9047,816.0,95.94,Thermal Derating Required
HYUNDAI-E-GMP-1765,12.2,52.7,2548,436.0,97.27,Optimal 800V SiC Efficiency
HYUNDAI-E-GMP-1766,19.2,70.1,11979,709.6,96.32,Thermal Derating Required
HYUNDAI-E-GMP-1767,20.7,46.2,6097,640.2,96.56,Thermal Derating Required
HYUNDAI-E-GMP-1768,23.1,78.8,1989,786.8,96.05,Thermal Derating Required
HYUNDAI-E-GMP-1769,11.2,57.5,10517,516.6,96.99,Optimal 800V SiC Efficiency
HYUNDAI-E-GMP-1770,16.1,91.2,14372,781.9,96.06,Thermal Derating Required
HYUNDAI-E-GMP-1771,8.0,48.1,10499,402.6,97.39,Optimal 800V SiC Efficiency
HYUNDAI-E-GMP-1772,8.3,80.9,3845,493.7,97.07,Optimal 800V SiC Efficiency
HYUNDAI-E-GMP-1773,9.7,59.8,15873,521.8,96.97,Thermal Derating Required
HYUNDAI-E-GMP-1774,18.9,80.9,5917,754.5,96.16,Thermal Derating Required
HYUNDAI-E-GMP-1775,10.4,75.0,7339,531.0,96.94,Thermal Derating Required
HYUNDAI-E-GMP-1776,10.2,54.0,12634,541.5,96.9,Thermal Derating Required
HYUNDAI-E-GMP-1777,12.6,78.7,4369,614.0,96.65,Thermal Derating Required
HYUNDAI-E-GMP-1778,17.8,83.3,10498,777.2,96.08,Thermal Derating Required
HYUNDAI-E-GMP-1779,19.8,94.5,15871,856.1,95.8,Thermal Derating Required
HYUNDAI-E-GMP-1780,21.6,63.0,15602,800.5,96.0,Thermal Derating Required
HYUNDAI-E-GMP-1781,12.5,47.9,6291,506.3,97.03,Optimal 800V SiC Efficiency
HYUNDAI-E-GMP-1782,13.6,92.7,4634,647.5,96.53,Thermal Derating Required
HYUNDAI-E-GMP-1783,14.0,60.5,6096,561.3,96.84,Thermal Derating Required
HYUNDAI-E-GMP-1784,19.5,67.9,13363,749.1,96.18,Thermal Derating Required
HYUNDAI-E-GMP-1785,23.7,52.3,14721,759.9,96.14,Thermal Derating Required
HYUNDAI-E-GMP-1786,17.5,88.9,13111,813.9,95.95,Thermal Derating Required
HYUNDAI-E-GMP-1787,12.1,60.8,6538,538.0,96.92,Thermal Derating Required
HYUNDAI-E-GMP-1788,17.0,82.9,10251,750.9,96.17,Thermal Derating Required
HYUNDAI-E-GMP-1789,15.4,94.3,10110,767.7,96.11,Thermal Derating Required
HYUNDAI-E-GMP-1790,12.8,49.2,7663,516.3,96.99,Optimal 800V SiC Efficiency
HYUNDAI-E-GMP-1791,9.1,75.8,3774,521.8,96.97,Thermal Derating Required
HYUNDAI-E-GMP-1792,20.9,55.2,7967,693.4,96.37,Thermal Derating Required
HYUNDAI-E-GMP-1793,19.1,72.0,14927,732.3,96.24,Thermal Derating Required
HYUNDAI-E-GMP-1794,16.0,59.4,13934,613.2,96.65,Thermal Derating Required
HYUNDAI-E-GMP-1795,12.0,83.3,4388,572.3,96.8,Thermal Derating Required
HYUNDAI-E-GMP-1796,13.2,74.8,8345,596.0,96.71,Thermal Derating Required
HYUNDAI-E-GMP-1797,12.7,52.0,5030,479.0,97.12,Optimal 800V SiC Efficiency
HYUNDAI-E-GMP-1798,19.6,69.3,8434,661.2,96.49,Thermal Derating Required
HYUNDAI-E-GMP-1799,22.1,65.6,6777,744.5,96.19,Thermal Derating Required
HYUNDAI-E-GMP-1800,20.3,68.6,3554,680.6,96.42,Thermal Derating Required
HYUNDAI-E-GMP-1801,15.2,52.8,13176,640.0,96.56,Thermal Derating Required
HYUNDAI-E-GMP-1802,19.5,74.3,11764,781.2,96.07,Thermal Derating Required
HYUNDAI-E-GMP-1803,8.2,51.9,13600,468.9,97.16,Optimal 800V SiC Efficiency
HYUNDAI-E-GMP-1804,8.8,70.6,9789,507.2,97.02,Optimal 800V SiC Efficiency
HYUNDAI-E-GMP-1805,21.9,51.0,9599,686.2,96.4,Thermal Derating Required
HYUNDAI-E-GMP-1806,8.8,73.8,12002,560.7,96.84,Thermal Derating Required
HYUNDAI-E-GMP-1807,14.4,84.7,11924,757.4,96.15,Thermal Derating Required
HYUNDAI-E-GMP-1808,22.9,60.9,5490,757.5,96.15,Thermal Derating Required
HYUNDAI-E-GMP-1809,23.4,83.3,14719,904.6,95.63,Thermal Derating Required
HYUNDAI-E-GMP-1810,22.1,46.9,6057,671.9,96.45,Thermal Derating Required
HYUNDAI-E-GMP-1811,11.5,59.7,12775,575.1,96.79,Thermal Derating Required
HYUNDAI-E-GMP-1812,22.6,54.9,8622,766.3,96.12,Thermal Derating Required
HYUNDAI-E-GMP-1813,22.2,74.9,6378,756.2,96.15,Thermal Derating Required
HYUNDAI-E-GMP-1814,22.5,93.9,6683,870.0,95.76,Thermal Derating Required
HYUNDAI-E-GMP-1815,14.3,50.8,7309,572.1,96.8,Thermal Derating Required
HYUNDAI-E-GMP-1816,15.4,71.5,5869,568.7,96.81,Thermal Derating Required
HYUNDAI-E-GMP-1817,22.7,87.1,4692,845.9,95.84,Thermal Derating Required
HYUNDAI-E-GMP-1818,14.7,90.9,4026,749.5,96.18,Thermal Derating Required
HYUNDAI-E-GMP-1819,18.4,46.5,6326,560.8,96.84,Thermal Derating Required
HYUNDAI-E-GMP-1820,22.4,63.5,9354,724.7,96.26,Thermal Derating Required
HYUNDAI-E-GMP-1821,11.2,64.4,8715,544.7,96.89,Thermal Derating Required
HYUNDAI-E-GMP-1822,16.0,60.7,1563,559.2,96.84,Thermal Derating Required
HYUNDAI-E-GMP-1823,8.7,65.0,9099,533.5,96.93,Thermal Derating Required
HYUNDAI-E-GMP-1824,12.8,62.8,6140,521.2,96.98,Thermal Derating Required
HYUNDAI-E-GMP-1825,21.0,70.8,7638,755.5,96.16,Thermal Derating Required
HYUNDAI-E-GMP-1826,22.3,54.7,14517,755.8,96.15,Thermal Derating Required
HYUNDAI-E-GMP-1827,11.5,74.0,7845,578.2,96.78,Thermal Derating Required
HYUNDAI-E-GMP-1828,11.3,56.7,13575,550.4,96.87,Thermal Derating Required
HYUNDAI-E-GMP-1829,11.4,80.7,11532,602.3,96.69,Thermal Derating Required
HYUNDAI-E-GMP-1830,16.6,47.8,5838,548.4,96.88,Thermal Derating Required
HYUNDAI-E-GMP-1831,12.8,82.6,2723,603.8,96.69,Thermal Derating Required
HYUNDAI-E-GMP-1832,16.8,92.8,10520,761.7,96.13,Thermal Derating Required
HYUNDAI-E-GMP-1833,22.8,73.6,7490,802.5,95.99,Thermal Derating Required
HYUNDAI-E-GMP-1834,23.8,52.3,14222,736.0,96.22,Thermal Derating Required
HYUNDAI-E-GMP-1835,16.5,48.8,14559,676.6,96.43,Thermal Derating Required
HYUNDAI-E-GMP-1836,15.7,81.9,1926,647.2,96.53,Thermal Derating Required
HYUNDAI-E-GMP-1837,14.7,54.8,8723,567.9,96.81,Thermal Derating Required
HYUNDAI-E-GMP-1838,20.2,50.9,1817,614.5,96.65,Thermal Derating Required
HYUNDAI-E-GMP-1839,23.5,75.5,15670,896.0,95.66,Thermal Derating Required
HYUNDAI-E-GMP-1840,12.4,58.2,8263,494.9,97.07,Optimal 800V SiC Efficiency
HYUNDAI-E-GMP-1841,16.6,54.0,6330,625.8,96.61,Thermal Derating Required
HYUNDAI-E-GMP-1842,20.0,87.8,9948,815.3,95.95,Thermal Derating Required
HYUNDAI-E-GMP-1843,15.4,49.6,7552,583.3,96.76,Thermal Derating Required
HYUNDAI-E-GMP-1844,15.9,84.6,3751,631.6,96.59,Thermal Derating Required
HYUNDAI-E-GMP-1845,22.5,48.0,1487,657.0,96.5,Thermal Derating Required
HYUNDAI-E-GMP-1846,19.6,80.7,11282,786.7,96.05,Thermal Derating Required
HYUNDAI-E-GMP-1847,23.4,76.4,3619,753.4,96.16,Thermal Derating Required
HYUNDAI-E-GMP-1848,12.4,89.6,5752,649.6,96.53,Thermal Derating Required
HYUNDAI-E-GMP-1849,13.6,73.2,13444,585.0,96.75,Thermal Derating Required
HYUNDAI-E-GMP-1850,8.7,88.7,7360,569.5,96.81,Thermal Derating Required
HYUNDAI-E-GMP-1851,21.1,49.9,7636,661.7,96.48,Thermal Derating Required
HYUNDAI-E-GMP-1852,8.2,86.1,15090,584.4,96.75,Thermal Derating Required
HYUNDAI-E-GMP-1853,11.1,86.2,7725,662.7,96.48,Thermal Derating Required
HYUNDAI-E-GMP-1854,23.3,88.0,8173,861.3,95.79,Thermal Derating Required
HYUNDAI-E-GMP-1855,13.0,64.6,11696,596.4,96.71,Thermal Derating Required
HYUNDAI-E-GMP-1856,10.3,67.1,2001,497.0,97.06,Optimal 800V SiC Efficiency
HYUNDAI-E-GMP-1857,17.2,57.1,6531,614.6,96.65,Thermal Derating Required
HYUNDAI-E-GMP-1858,10.8,81.1,14117,692.2,96.38,Thermal Derating Required
HYUNDAI-E-GMP-1859,18.1,48.2,15941,654.4,96.51,Thermal Derating Required
HYUNDAI-E-GMP-1860,11.8,72.2,7913,552.8,96.87,Thermal Derating Required
HYUNDAI-E-GMP-1861,11.8,50.6,2601,454.0,97.21,Optimal 800V SiC Efficiency
HYUNDAI-E-GMP-1862,23.7,86.3,3264,837.5,95.87,Thermal Derating Required
HYUNDAI-E-GMP-1863,17.7,89.9,12274,770.4,96.1,Thermal Derating Required
HYUNDAI-E-GMP-1864,11.9,74.7,16000,659.1,96.49,Thermal Derating Required
HYUNDAI-E-GMP-1865,15.4,47.5,7561,534.7,96.93,Thermal Derating Required
HYUNDAI-E-GMP-1866,14.1,81.0,8397,673.9,96.44,Thermal Derating Required
HYUNDAI-E-GMP-1867,21.6,50.6,10434,677.3,96.43,Thermal Derating Required
HYUNDAI-E-GMP-1868,11.6,72.8,6471,580.2,96.77,Thermal Derating Required
HYUNDAI-E-GMP-1869,17.2,68.0,5728,672.6,96.45,Thermal Derating Required
HYUNDAI-E-GMP-1870,8.9,65.5,9249,496.8,97.06,Optimal 800V SiC Efficiency
HYUNDAI-E-GMP-1871,23.1,79.1,6020,759.7,96.14,Thermal Derating Required
HYUNDAI-E-GMP-1872,23.0,50.0,4476,711.7,96.31,Thermal Derating Required
HYUNDAI-E-GMP-1873,8.8,93.7,13576,680.9,96.42,Thermal Derating Required
HYUNDAI-E-GMP-1874,14.3,60.2,12410,606.7,96.68,Thermal Derating Required
HYUNDAI-E-GMP-1875,16.2,53.2,13436,612.4,96.66,Thermal Derating Required
HYUNDAI-E-GMP-1876,15.3,69.4,5393,643.1,96.55,Thermal Derating Required
HYUNDAI-E-GMP-1877,12.0,79.9,11836,643.7,96.55,Thermal Derating Required
HYUNDAI-E-GMP-1878,17.3,87.2,15301,790.3,96.03,Thermal Derating Required
HYUNDAI-E-GMP-1879,23.5,75.4,15433,875.1,95.74,Thermal Derating Required
HYUNDAI-E-GMP-1880,13.3,48.8,8646,560.7,96.84,Thermal Derating Required
HYUNDAI-E-GMP-1881,16.0,94.5,1487,673.4,96.44,Thermal Derating Required
HYUNDAI-E-GMP-1882,16.4,52.6,12394,615.6,96.65,Thermal Derating Required
HYUNDAI-E-GMP-1883,15.9,69.7,14158,664.8,96.47,Thermal Derating Required
HYUNDAI-E-GMP-1884,15.6,60.7,7559,635.1,96.58,Thermal Derating Required
HYUNDAI-E-GMP-1885,17.2,77.7,7706,706.6,96.33,Thermal Derating Required
HYUNDAI-E-GMP-1886,21.1,78.2,6048,805.3,95.98,Thermal Derating Required
HYUNDAI-E-GMP-1887,16.3,70.4,15706,704.3,96.33,Thermal Derating Required
HYUNDAI-E-GMP-1888,12.5,74.5,1383,526.2,96.96,Thermal Derating Required
HYUNDAI-E-GMP-1889,8.4,82.5,1908,514.5,97.0,Optimal 800V SiC Efficiency
HYUNDAI-E-GMP-1890,20.9,45.4,11859,676.1,96.43,Thermal Derating Required
HYUNDAI-E-GMP-1891,16.1,86.9,12570,738.8,96.21,Thermal Derating Required
HYUNDAI-E-GMP-1892,22.3,92.9,6201,845.6,95.84,Thermal Derating Required
HYUNDAI-E-GMP-1893,11.0,93.7,3399,656.9,96.5,Thermal Derating Required
HYUNDAI-E-GMP-1894,17.7,53.6,7539,645.9,96.54,Thermal Derating Required
HYUNDAI-E-GMP-1895,10.9,80.6,2148,595.2,96.72,Thermal Derating Required
HYUNDAI-E-GMP-1896,10.8,73.5,13384,624.1,96.62,Thermal Derating Required
HYUNDAI-E-GMP-1897,14.1,91.0,10442,685.5,96.4,Thermal Derating Required
HYUNDAI-E-GMP-1898,21.8,58.1,3268,654.6,96.51,Thermal Derating Required
HYUNDAI-E-GMP-1899,15.4,81.3,12541,698.5,96.36,Thermal Derating Required
HYUNDAI-E-GMP-1900,9.4,81.9,9376,573.8,96.79,Thermal Derating Required
HYUNDAI-E-GMP-1901,16.1,74.3,8460,666.3,96.47,Thermal Derating Required
HYUNDAI-E-GMP-1902,14.0,55.7,12550,582.5,96.76,Thermal Derating Required
HYUNDAI-E-GMP-1903,11.1,50.8,12775,518.7,96.98,Optimal 800V SiC Efficiency
HYUNDAI-E-GMP-1904,10.7,86.4,9428,600.2,96.7,Thermal Derating Required
HYUNDAI-E-GMP-1905,23.1,54.8,9330,712.4,96.31,Thermal Derating Required
HYUNDAI-E-GMP-1906,24.0,85.7,10262,917.3,95.59,Thermal Derating Required
HYUNDAI-E-GMP-1907,16.2,79.1,14064,724.6,96.26,Thermal Derating Required
HYUNDAI-E-GMP-1908,18.0,72.7,3997,712.5,96.31,Thermal Derating Required
HYUNDAI-E-GMP-1909,14.0,89.6,3106,647.2,96.53,Thermal Derating Required
HYUNDAI-E-GMP-1910,22.9,79.9,14058,892.3,95.68,Thermal Derating Required
HYUNDAI-E-GMP-1911,21.0,53.9,9470,699.8,96.35,Thermal Derating Required
HYUNDAI-E-GMP-1912,8.2,87.9,11076,590.4,96.73,Thermal Derating Required
HYUNDAI-E-GMP-1913,12.5,73.8,7962,611.8,96.66,Thermal Derating Required
HYUNDAI-E-GMP-1914,17.7,77.8,2608,676.0,96.43,Thermal Derating Required
HYUNDAI-E-GMP-1915,21.7,61.9,12379,706.9,96.33,Thermal Derating Required
HYUNDAI-E-GMP-1916,16.2,52.2,1984,506.9,97.03,Optimal 800V SiC Efficiency
HYUNDAI-E-GMP-1917,13.7,63.3,3303,528.3,96.95,Thermal Derating Required
HYUNDAI-E-GMP-1918,17.7,93.1,5096,727.2,96.25,Thermal Derating Required
HYUNDAI-E-GMP-1919,12.5,50.5,2024,446.0,97.24,Optimal 800V SiC Efficiency
HYUNDAI-E-GMP-1920,8.8,70.7,7382,506.6,97.03,Optimal 800V SiC Efficiency
HYUNDAI-E-GMP-1921,9.6,65.3,4642,463.8,97.18,Optimal 800V SiC Efficiency
HYUNDAI-E-GMP-1922,22.8,59.0,11338,758.3,96.15,Thermal Derating Required
HYUNDAI-E-GMP-1923,18.6,45.4,15614,668.0,96.46,Thermal Derating Required
HYUNDAI-E-GMP-1924,23.4,89.7,2515,842.2,95.85,Thermal Derating Required
HYUNDAI-E-GMP-1925,21.4,90.5,7407,809.6,95.97,Thermal Derating Required
HYUNDAI-E-GMP-1926,8.5,53.5,11346,447.9,97.23,Optimal 800V SiC Efficiency
HYUNDAI-E-GMP-1927,13.9,71.5,7131,572.9,96.79,Thermal Derating Required
HYUNDAI-E-GMP-1928,20.6,70.9,3541,695.4,96.37,Thermal Derating Required
HYUNDAI-E-GMP-1929,8.7,75.3,7981,546.4,96.89,Thermal Derating Required
HYUNDAI-E-GMP-1930,15.8,65.6,4288,601.2,96.7,Thermal Derating Required
HYUNDAI-E-GMP-1931,22.4,74.1,5796,748.5,96.18,Thermal Derating Required
HYUNDAI-E-GMP-1932,23.2,76.4,8006,841.8,95.85,Thermal Derating Required
HYUNDAI-E-GMP-1933,10.1,75.2,4266,555.9,96.85,Thermal Derating Required
HYUNDAI-E-GMP-1934,23.5,90.5,10183,861.8,95.78,Thermal Derating Required
HYUNDAI-E-GMP-1935,8.5,92.2,1605,509.7,97.02,Thermal Derating Required
HYUNDAI-E-GMP-1936,12.3,87.5,15930,718.7,96.28,Thermal Derating Required
HYUNDAI-E-GMP-1937,14.0,56.5,12950,629.6,96.6,Thermal Derating Required
HYUNDAI-E-GMP-1938,19.1,90.1,13826,818.0,95.94,Thermal Derating Required
HYUNDAI-E-GMP-1939,12.3,87.8,9757,658.5,96.5,Thermal Derating Required
HYUNDAI-E-GMP-1940,10.0,76.3,14644,631.6,96.59,Thermal Derating Required
HYUNDAI-E-GMP-1941,13.7,60.1,14316,577.9,96.78,Thermal Derating Required
HYUNDAI-E-GMP-1942,11.2,67.7,9118,574.1,96.79,Thermal Derating Required
HYUNDAI-E-GMP-1943,10.9,77.0,9721,593.8,96.72,Thermal Derating Required
HYUNDAI-E-GMP-1944,23.6,74.1,15079,866.4,95.77,Thermal Derating Required
HYUNDAI-E-GMP-1945,11.8,62.7,4378,535.4,96.93,Thermal Derating Required
HYUNDAI-E-GMP-1946,15.9,61.6,11528,626.8,96.61,Thermal Derating Required
HYUNDAI-E-GMP-1947,15.0,74.2,4448,590.5,96.73,Thermal Derating Required
HYUNDAI-E-GMP-1948,10.8,63.2,8258,555.3,96.86,Thermal Derating Required
HYUNDAI-E-GMP-1949,11.0,67.9,15398,598.5,96.71,Thermal Derating Required
HYUNDAI-E-GMP-1950,14.6,67.1,14805,651.1,96.52,Thermal Derating Required
HYUNDAI-E-GMP-1951,23.4,58.3,11271,738.5,96.22,Thermal Derating Required
HYUNDAI-E-GMP-1952,15.8,72.0,13930,654.2,96.51,Thermal Derating Required
HYUNDAI-E-GMP-1953,23.3,71.0,11567,824.6,95.91,Thermal Derating Required
HYUNDAI-E-GMP-1954,15.8,51.8,7902,558.8,96.84,Thermal Derating Required
HYUNDAI-E-GMP-1955,18.2,58.9,12556,680.0,96.42,Thermal Derating Required
HYUNDAI-E-GMP-1956,9.1,86.5,13407,671.8,96.45,Thermal Derating Required
HYUNDAI-E-GMP-1957,16.3,57.3,9564,622.8,96.62,Thermal Derating Required
HYUNDAI-E-GMP-1958,21.0,60.7,11023,710.4,96.31,Thermal Derating Required
HYUNDAI-E-GMP-1959,23.9,60.9,9183,736.6,96.22,Thermal Derating Required
HYUNDAI-E-GMP-1960,23.6,74.7,2805,744.7,96.19,Thermal Derating Required
HYUNDAI-E-GMP-1961,17.3,65.1,14568,700.6,96.35,Thermal Derating Required
HYUNDAI-E-GMP-1962,18.2,55.7,5831,593.1,96.72,Thermal Derating Required
HYUNDAI-E-GMP-1963,16.3,48.3,3302,546.0,96.89,Thermal Derating Required
HYUNDAI-E-GMP-1964,11.3,56.8,6738,517.1,96.99,Optimal 800V SiC Efficiency
HYUNDAI-E-GMP-1965,23.1,75.0,11863,843.6,95.85,Thermal Derating Required
HYUNDAI-E-GMP-1966,23.8,52.9,5344,703.0,96.34,Thermal Derating Required
HYUNDAI-E-GMP-1967,10.4,83.9,2162,581.5,96.76,Thermal Derating Required
HYUNDAI-E-GMP-1968,15.7,52.0,6986,556.9,96.85,Thermal Derating Required
HYUNDAI-E-GMP-1969,16.2,45.6,9817,568.0,96.81,Thermal Derating Required
HYUNDAI-E-GMP-1970,16.1,68.3,12513,681.3,96.42,Thermal Derating Required
HYUNDAI-E-GMP-1971,15.6,75.1,8442,689.2,96.39,Thermal Derating Required
HYUNDAI-E-GMP-1972,11.6,86.0,3116,596.8,96.71,Thermal Derating Required
HYUNDAI-E-GMP-1973,16.6,67.7,3612,633.9,96.58,Thermal Derating Required
HYUNDAI-E-GMP-1974,20.5,59.5,2688,642.8,96.55,Thermal Derating Required
HYUNDAI-E-GMP-1975,16.2,74.5,3412,639.2,96.56,Thermal Derating Required
HYUNDAI-E-GMP-1976,11.7,81.7,11500,654.0,96.51,Thermal Derating Required
HYUNDAI-E-GMP-1977,23.9,77.0,8302,821.4,95.93,Thermal Derating Required
HYUNDAI-E-GMP-1978,12.6,61.6,5634,468.7,97.16,Optimal 800V SiC Efficiency
HYUNDAI-E-GMP-1979,9.5,82.4,6904,554.7,96.86,Thermal Derating Required
HYUNDAI-E-GMP-1980,15.1,82.5,8177,721.4,96.28,Thermal Derating Required
HYUNDAI-E-GMP-1981,20.9,69.3,7005,692.9,96.37,Thermal Derating Required
HYUNDAI-E-GMP-1982,16.8,67.4,2529,678.6,96.42,Thermal Derating Required
HYUNDAI-E-GMP-1983,16.9,63.1,14399,738.5,96.22,Thermal Derating Required
HYUNDAI-E-GMP-1984,14.4,55.8,11238,571.4,96.8,Thermal Derating Required
HYUNDAI-E-GMP-1985,14.9,56.7,15204,604.5,96.68,Thermal Derating Required
HYUNDAI-E-GMP-1986,21.1,74.3,9257,794.4,96.02,Thermal Derating Required
HYUNDAI-E-GMP-1987,8.9,69.2,9337,533.5,96.93,Thermal Derating Required
HYUNDAI-E-GMP-1988,21.4,70.9,10740,779.1,96.07,Thermal Derating Required
HYUNDAI-E-GMP-1989,23.3,45.5,1330,640.5,96.56,Thermal Derating Required
HYUNDAI-E-GMP-1990,10.1,73.3,10425,584.0,96.76,Thermal Derating Required
HYUNDAI-E-GMP-1991,11.3,48.2,4147,444.2,97.25,Optimal 800V SiC Efficiency
HYUNDAI-E-GMP-1992,8.4,46.6,12714,466.1,97.17,Optimal 800V SiC Efficiency
HYUNDAI-E-GMP-1993,13.3,60.3,14777,614.0,96.65,Thermal Derating Required
HYUNDAI-E-GMP-1994,18.9,65.3,12742,713.2,96.3,Thermal Derating Required
HYUNDAI-E-GMP-1995,12.3,78.8,11848,658.1,96.5,Thermal Derating Required
HYUNDAI-E-GMP-1996,17.6,82.4,13774,792.1,96.03,Thermal Derating Required
HYUNDAI-E-GMP-1997,19.2,55.2,4999,598.1,96.71,Thermal Derating Required
HYUNDAI-E-GMP-1998,20.4,88.4,5347,774.9,96.09,Thermal Derating Required
HYUNDAI-E-GMP-1999,20.6,94.7,4074,780.8,96.07,Thermal Derating Required
HYUNDAI-E-GMP-2000,12.8,94.8,7664,644.2,96.55,Thermal Derating Required
HYUNDAI-E-GMP-2001,15.6,86.7,6172,703.5,96.34,Thermal Derating Required
HYUNDAI-E-GMP-2002,23.0,48.9,12486,726.8,96.26,Thermal Derating Required
HYUNDAI-E-GMP-2003,16.0,80.8,6626,695.3,96.37,Thermal Derating Required
HYUNDAI-E-GMP-2004,19.5,71.7,13560,774.7,96.09,Thermal Derating Required
HYUNDAI-E-GMP-2005,21.3,53.3,14999,741.3,96.21,Thermal Derating Required
HYUNDAI-E-GMP-2006,17.1,88.9,2621,727.3,96.25,Thermal Derating Required
HYUNDAI-E-GMP-2007,19.0,73.6,5483,733.6,96.23,Thermal Derating Required
HYUNDAI-E-GMP-2008,20.5,54.5,10899,717.5,96.29,Thermal Derating Required
HYUNDAI-E-GMP-2009,16.0,45.6,11387,594.6,96.72,Thermal Derating Required
HYUNDAI-E-GMP-2010,14.6,72.6,2653,576.6,96.78,Thermal Derating Required
HYUNDAI-E-GMP-2011,23.9,67.0,13706,801.4,96.0,Thermal Derating Required
HYUNDAI-E-GMP-2012,22.2,58.4,4896,647.9,96.53,Thermal Derating Required
HYUNDAI-E-GMP-2013,23.5,92.1,7467,896.6,95.66,Thermal Derating Required
HYUNDAI-E-GMP-2014,12.7,64.3,15322,602.3,96.69,Thermal Derating Required
HYUNDAI-E-GMP-2015,14.5,87.9,10096,751.6,96.17,Thermal Derating Required
HYUNDAI-E-GMP-2016,16.2,60.2,2947,608.1,96.67,Thermal Derating Required
HYUNDAI-E-GMP-2017,11.3,64.7,3282,527.2,96.95,Thermal Derating Required
HYUNDAI-E-GMP-2018,16.3,70.4,11944,703.2,96.34,Thermal Derating Required
HYUNDAI-E-GMP-2019,14.5,48.6,11865,560.3,96.84,Thermal Derating Required
HYUNDAI-E-GMP-2020,19.4,84.5,2568,733.9,96.23,Thermal Derating Required
HYUNDAI-E-GMP-2021,21.5,62.2,1641,655.0,96.51,Thermal Derating Required
HYUNDAI-E-GMP-2022,23.7,86.8,8244,884.7,95.7,Thermal Derating Required
HYUNDAI-E-GMP-2023,19.4,92.5,9841,822.0,95.92,Thermal Derating Required
HYUNDAI-E-GMP-2024,9.5,88.3,5279,571.4,96.8,Thermal Derating Required
HYUNDAI-E-GMP-2025,22.8,59.9,1918,708.0,96.32,Thermal Derating Required
HYUNDAI-E-GMP-2026,15.2,91.4,6653,664.5,96.47,Thermal Derating Required
HYUNDAI-E-GMP-2027,12.3,94.0,4991,652.8,96.52,Thermal Derating Required
HYUNDAI-E-GMP-2028,15.2,88.7,9947,701.3,96.35,Thermal Derating Required
HYUNDAI-E-GMP-2029,20.0,46.4,7645,642.1,96.55,Thermal Derating Required
HYUNDAI-E-GMP-2030,22.1,94.0,15613,880.0,95.72,Thermal Derating Required
HYUNDAI-E-GMP-2031,12.0,51.1,14629,552.0,96.87,Thermal Derating Required
HYUNDAI-E-GMP-2032,8.5,90.8,7840,647.1,96.54,Thermal Derating Required
HYUNDAI-E-GMP-2033,17.5,89.0,3630,728.1,96.25,Thermal Derating Required
HYUNDAI-E-GMP-2034,10.1,47.8,10241,462.9,97.18,Optimal 800V SiC Efficiency
HYUNDAI-E-GMP-2035,19.5,68.7,1373,664.8,96.47,Thermal Derating Required
HYUNDAI-E-GMP-2036,9.2,63.3,15981,529.6,96.95,Thermal Derating Required
HYUNDAI-E-GMP-2037,13.7,90.7,12386,712.6,96.31,Thermal Derating Required
HYUNDAI-E-GMP-2038,20.3,84.3,3057,754.5,96.16,Thermal Derating Required
HYUNDAI-E-GMP-2039,9.1,84.7,12161,653.7,96.51,Thermal Derating Required
HYUNDAI-E-GMP-2040,22.9,66.0,14670,794.9,96.02,Thermal Derating Required
HYUNDAI-E-GMP-2041,14.8,80.4,4265,629.6,96.6,Thermal Derating Required
HYUNDAI-E-GMP-2042,11.9,86.9,5217,584.1,96.76,Thermal Derating Required
HYUNDAI-E-GMP-2043,17.9,59.2,4348,614.1,96.65,Thermal Derating Required
HYUNDAI-E-GMP-2044,17.2,63.6,1832,596.4,96.71,Thermal Derating Required
HYUNDAI-E-GMP-2045,22.4,89.3,3930,824.3,95.92,Thermal Derating Required
HYUNDAI-E-GMP-2046,11.1,71.8,2625,578.1,96.78,Thermal Derating Required
HYUNDAI-E-GMP-2047,10.7,92.6,3556,598.8,96.7,Thermal Derating Required
HYUNDAI-E-GMP-2048,16.0,55.3,11718,664.1,96.48,Thermal Derating Required
HYUNDAI-E-GMP-2049,14.0,73.4,15853,685.0,96.4,Thermal Derating Required
HYUNDAI-E-GMP-2050,20.4,93.3,14536,926.9,95.56,Thermal Derating Required
HYUNDAI-E-GMP-2051,10.8,57.6,5793,517.9,96.99,Optimal 800V SiC Efficiency
HYUNDAI-E-GMP-2052,12.9,63.0,3137,510.2,97.01,Optimal 800V SiC Efficiency
HYUNDAI-E-GMP-2053,10.8,73.9,1816,503.0,97.04,Optimal 800V SiC Efficiency
HYUNDAI-E-GMP-2054,21.6,72.9,7098,731.5,96.24,Thermal Derating Required
HYUNDAI-E-GMP-2055,21.2,80.9,5869,768.9,96.11,Thermal Derating Required
HYUNDAI-E-GMP-2056,16.8,88.7,14404,816.7,95.94,Thermal Derating Required
HYUNDAI-E-GMP-2057,21.4,47.2,15111,705.8,96.33,Thermal Derating Required
HYUNDAI-E-GMP-2058,22.9,89.5,10923,857.2,95.8,Thermal Derating Required
HYUNDAI-E-GMP-2059,9.9,47.0,12587,478.5,97.13,Optimal 800V SiC Efficiency
HYUNDAI-E-GMP-2060,15.2,88.9,7213,661.9,96.48,Thermal Derating Required
HYUNDAI-E-GMP-2061,21.6,63.3,5978,682.8,96.41,Thermal Derating Required
HYUNDAI-E-GMP-2062,22.7,83.2,10191,862.0,95.78,Thermal Derating Required
HYUNDAI-E-GMP-2063,8.5,70.4,13860,541.5,96.9,Thermal Derating Required
HYUNDAI-E-GMP-2064,20.2,86.4,14068,832.2,95.89,Thermal Derating Required
HYUNDAI-E-GMP-2065,12.0,88.3,10993,665.7,96.47,Thermal Derating Required
HYUNDAI-E-GMP-2066,14.4,69.2,13442,681.0,96.42,Thermal Derating Required
HYUNDAI-E-GMP-2067,23.5,71.7,9500,802.2,95.99,Thermal Derating Required
HYUNDAI-E-GMP-2068,14.9,49.2,14212,567.8,96.81,Thermal Derating Required
HYUNDAI-E-GMP-2069,14.5,85.6,15128,723.8,96.27,Thermal Derating Required
HYUNDAI-E-GMP-2070,19.9,61.3,13637,737.6,96.22,Thermal Derating Required
HYUNDAI-E-GMP-2071,22.4,62.7,1263,688.0,96.39,Thermal Derating Required
HYUNDAI-E-GMP-2072,22.6,60.1,11790,787.3,96.04,Thermal Derating Required
HYUNDAI-E-GMP-2073,11.8,63.9,15453,638.6,96.56,Thermal Derating Required
HYUNDAI-E-GMP-2074,8.1,45.7,5906,375.3,97.49,Optimal 800V SiC Efficiency
HYUNDAI-E-GMP-2075,9.4,86.2,4345,565.6,96.82,Thermal Derating Required
HYUNDAI-E-GMP-2076,15.3,74.9,5842,609.5,96.67,Thermal Derating Required
HYUNDAI-E-GMP-2077,14.1,89.1,8684,696.0,96.36,Thermal Derating Required
HYUNDAI-E-GMP-2078,20.8,84.3,15352,814.3,95.95,Thermal Derating Required
HYUNDAI-E-GMP-2079,19.0,91.3,3028,749.7,96.18,Thermal Derating Required
HYUNDAI-E-GMP-2080,10.1,85.0,10952,586.4,96.75,Thermal Derating Required
HYUNDAI-E-GMP-2081,11.0,93.3,15560,725.2,96.26,Thermal Derating Required
HYUNDAI-E-GMP-2082,15.6,61.5,7141,618.0,96.64,Thermal Derating Required
HYUNDAI-E-GMP-2083,18.8,87.4,1330,689.2,96.39,Thermal Derating Required
HYUNDAI-E-GMP-2084,11.2,45.3,12072,501.9,97.04,Optimal 800V SiC Efficiency
HYUNDAI-E-GMP-2085,22.7,80.9,10942,854.2,95.81,Thermal Derating Required
HYUNDAI-E-GMP-2086,19.2,56.1,9553,672.2,96.45,Thermal Derating Required
HYUNDAI-E-GMP-2087,23.1,51.6,15152,740.8,96.21,Thermal Derating Required
HYUNDAI-E-GMP-2088,18.2,63.0,9418,657.1,96.5,Thermal Derating Required
HYUNDAI-E-GMP-2089,18.6,93.3,12632,834.2,95.88,Thermal Derating Required
HYUNDAI-E-GMP-2090,16.8,71.2,7103,655.5,96.51,Thermal Derating Required
HYUNDAI-E-GMP-2091,16.3,63.0,6716,625.5,96.61,Thermal Derating Required
HYUNDAI-E-GMP-2092,15.9,87.4,8879,750.7,96.17,Thermal Derating Required
HYUNDAI-E-GMP-2093,20.8,53.6,8892,669.3,96.46,Thermal Derating Required
HYUNDAI-E-GMP-2094,21.2,90.7,5177,784.5,96.05,Thermal Derating Required
HYUNDAI-E-GMP-2095,21.8,78.5,7162,815.0,95.95,Thermal Derating Required
HYUNDAI-E-GMP-2096,17.2,84.4,9712,767.3,96.11,Thermal Derating Required
HYUNDAI-E-GMP-2097,15.5,84.7,2083,625.2,96.61,Thermal Derating Required
HYUNDAI-E-GMP-2098,10.9,65.5,4910,506.0,97.03,Optimal 800V SiC Efficiency
HYUNDAI-E-GMP-2099,20.0,50.5,10589,676.7,96.43,Thermal Derating Required
HYUNDAI-E-GMP-2100,15.0,58.5,14073,665.7,96.47,Thermal Derating Required
HYUNDAI-E-GMP-2101,9.4,66.4,14163,570.1,96.8,Thermal Derating Required
HYUNDAI-E-GMP-2102,13.4,56.0,4062,525.8,96.96,Thermal Derating Required
HYUNDAI-E-GMP-2103,10.5,63.9,11273,542.8,96.9,Thermal Derating Required
HYUNDAI-E-GMP-2104,15.0,62.4,2911,569.8,96.81,Thermal Derating Required
HYUNDAI-E-GMP-2105,17.9,79.8,9260,774.9,96.09,Thermal Derating Required
HYUNDAI-E-GMP-2106,21.5,75.3,3316,756.7,96.15,Thermal Derating Required
HYUNDAI-E-GMP-2107,8.8,57.8,4070,420.2,97.33,Optimal 800V SiC Efficiency
HYUNDAI-E-GMP-2108,10.0,56.4,13450,511.4,97.01,Optimal 800V SiC Efficiency
HYUNDAI-E-GMP-2109,17.3,72.3,10833,683.6,96.41,Thermal Derating Required
HYUNDAI-E-GMP-2110,18.6,81.5,10243,773.8,96.09,Thermal Derating Required
HYUNDAI-E-GMP-2111,15.9,51.6,11085,596.5,96.71,Thermal Derating Required
HYUNDAI-E-GMP-2112,14.1,67.0,5984,585.6,96.75,Thermal Derating Required
HYUNDAI-E-GMP-2113,9.1,62.6,2771,462.0,97.18,Optimal 800V SiC Efficiency
HYUNDAI-E-GMP-2114,17.1,57.2,11282,626.7,96.61,Thermal Derating Required
HYUNDAI-E-GMP-2115,9.0,60.8,2879,424.8,97.31,Optimal 800V SiC Efficiency
HYUNDAI-E-GMP-2116,11.7,47.8,3747,428.7,97.3,Optimal 800V SiC Efficiency
HYUNDAI-E-GMP-2117,12.7,58.4,14331,591.2,96.73,Thermal Derating Required
HYUNDAI-E-GMP-2118,18.6,74.4,15620,756.0,96.15,Thermal Derating Required
HYUNDAI-E-GMP-2119,21.0,88.7,14470,824.2,95.92,Thermal Derating Required
HYUNDAI-E-GMP-2120,16.5,65.6,4026,568.8,96.81,Thermal Derating Required
HYUNDAI-E-GMP-2121,9.8,51.3,11540,486.1,97.1,Optimal 800V SiC Efficiency
HYUNDAI-E-GMP-2122,12.9,69.9,9235,571.8,96.8,Thermal Derating Required
HYUNDAI-E-GMP-2123,21.4,48.4,13696,677.9,96.43,Thermal Derating Required
HYUNDAI-E-GMP-2124,15.0,74.8,14338,711.2,96.31,Thermal Derating Required
HYUNDAI-E-GMP-2125,16.7,70.7,10945,703.4,96.34,Thermal Derating Required
HYUNDAI-E-GMP-2126,18.5,50.8,6270,643.5,96.55,Thermal Derating Required
HYUNDAI-E-GMP-2127,15.3,63.7,8991,639.3,96.56,Thermal Derating Required
HYUNDAI-E-GMP-2128,23.8,89.9,11011,852.4,95.82,Thermal Derating Required
HYUNDAI-E-GMP-2129,23.1,65.4,13303,802.8,95.99,Thermal Derating Required
HYUNDAI-E-GMP-2130,21.2,64.7,13172,759.0,96.14,Thermal Derating Required
HYUNDAI-E-GMP-2131,12.7,62.5,8403,556.0,96.85,Thermal Derating Required
HYUNDAI-E-GMP-2132,22.4,83.2,13611,894.8,95.67,Thermal Derating Required
HYUNDAI-E-GMP-2133,20.3,69.7,9528,717.2,96.29,Thermal Derating Required
HYUNDAI-E-GMP-2134,12.9,50.8,3350,475.2,97.14,Optimal 800V SiC Efficiency
HYUNDAI-E-GMP-2135,16.6,88.3,6817,712.3,96.31,Thermal Derating Required
HYUNDAI-E-GMP-2136,19.4,83.5,11668,825.8,95.91,Thermal Derating Required
HYUNDAI-E-GMP-2137,19.3,47.5,8439,671.6,96.45,Thermal Derating Required
HYUNDAI-E-GMP-2138,15.0,76.2,11983,724.3,96.26,Thermal Derating Required
HYUNDAI-E-GMP-2139,8.8,90.6,8364,628.5,96.6,Thermal Derating Required
HYUNDAI-E-GMP-2140,20.1,85.0,7554,779.3,96.07,Thermal Derating Required
HYUNDAI-E-GMP-2141,13.6,46.2,5647,474.4,97.14,Optimal 800V SiC Efficiency
HYUNDAI-E-GMP-2142,22.4,79.8,4419,798.4,96.01,Thermal Derating Required
HYUNDAI-E-GMP-2143,9.9,75.7,12379,603.4,96.69,Thermal Derating Required
HYUNDAI-E-GMP-2144,14.4,81.3,7101,635.8,96.57,Thermal Derating Required
HYUNDAI-E-GMP-2145,22.8,63.2,1898,708.4,96.32,Thermal Derating Required
HYUNDAI-E-GMP-2146,9.4,85.2,8889,629.9,96.6,Thermal Derating Required
HYUNDAI-E-GMP-2147,13.5,74.2,15963,675.1,96.44,Thermal Derating Required
HYUNDAI-E-GMP-2148,8.1,69.7,15184,592.7,96.73,Thermal Derating Required
HYUNDAI-E-GMP-2149,11.0,62.6,6643,526.8,96.96,Thermal Derating Required
HYUNDAI-E-GMP-2150,10.6,81.9,6779,607.3,96.67,Thermal Derating Required
HYUNDAI-E-GMP-2151,18.3,76.7,3906,703.5,96.34,Thermal Derating Required
HYUNDAI-E-GMP-2152,16.9,69.3,12227,714.2,96.3,Thermal Derating Required
HYUNDAI-E-GMP-2153,24.0,58.4,14374,784.5,96.05,Thermal Derating Required
HYUNDAI-E-GMP-2154,13.9,88.4,4262,646.3,96.54,Thermal Derating Required
HYUNDAI-E-GMP-2155,13.9,48.1,9293,545.6,96.89,Thermal Derating Required
HYUNDAI-E-GMP-2156,11.7,48.3,12057,460.3,97.19,Optimal 800V SiC Efficiency
HYUNDAI-E-GMP-2157,20.4,76.0,8507,729.3,96.25,Thermal Derating Required
HYUNDAI-E-GMP-2158,17.1,83.8,14215,747.7,96.18,Thermal Derating Required
HYUNDAI-E-GMP-2159,21.8,72.8,14144,806.6,95.98,Thermal Derating Required
HYUNDAI-E-GMP-2160,11.0,46.3,14239,502.1,97.04,Optimal 800V SiC Efficiency
HYUNDAI-E-GMP-2161,18.9,82.4,15993,808.4,95.97,Thermal Derating Required
HYUNDAI-E-GMP-2162,21.9,55.1,12204,708.3,96.32,Thermal Derating Required
HYUNDAI-E-GMP-2163,12.3,85.5,14060,664.4,96.47,Thermal Derating Required
HYUNDAI-E-GMP-2164,12.4,72.8,1377,526.1,96.96,Thermal Derating Required
HYUNDAI-E-GMP-2165,20.0,71.3,15834,794.4,96.02,Thermal Derating Required
HYUNDAI-E-GMP-2166,16.1,51.4,2296,519.4,96.98,Optimal 800V SiC Efficiency
HYUNDAI-E-GMP-2167,18.0,51.6,15643,627.3,96.6,Thermal Derating Required
HYUNDAI-E-GMP-2168,10.6,47.2,5901,418.7,97.33,Optimal 800V SiC Efficiency
HYUNDAI-E-GMP-2169,9.6,58.0,9065,488.7,97.09,Optimal 800V SiC Efficiency
HYUNDAI-E-GMP-2170,12.3,67.9,15941,676.3,96.43,Thermal Derating Required
HYUNDAI-E-GMP-2171,10.9,52.1,4807,478.2,97.13,Optimal 800V SiC Efficiency
HYUNDAI-E-GMP-2172,23.3,81.8,11602,869.0,95.76,Thermal Derating Required
HYUNDAI-E-GMP-2173,13.4,60.3,8608,576.4,96.78,Thermal Derating Required
HYUNDAI-E-GMP-2174,11.2,47.7,8240,512.4,97.01,Optimal 800V SiC Efficiency
HYUNDAI-E-GMP-2175,18.3,59.6,5593,609.6,96.67,Thermal Derating Required
HYUNDAI-E-GMP-2176,10.2,83.1,3645,587.6,96.74,Thermal Derating Required
HYUNDAI-E-GMP-2177,23.5,51.9,12136,768.6,96.11,Thermal Derating Required
HYUNDAI-E-GMP-2178,19.0,61.5,1606,680.5,96.42,Thermal Derating Required
HYUNDAI-E-GMP-2179,15.1,49.8,5003,533.4,96.93,Thermal Derating Required
HYUNDAI-E-GMP-2180,23.3,60.3,10485,732.7,96.24,Thermal Derating Required
HYUNDAI-E-GMP-2181,21.6,89.9,12140,890.5,95.68,Thermal Derating Required
HYUNDAI-E-GMP-2182,10.1,73.8,5838,562.1,96.83,Thermal Derating Required
HYUNDAI-E-GMP-2183,21.4,63.8,2548,728.6,96.25,Thermal Derating Required
HYUNDAI-E-GMP-2184,18.5,65.1,3449,633.7,96.58,Thermal Derating Required
HYUNDAI-E-GMP-2185,16.5,85.9,2840,689.3,96.39,Thermal Derating Required
HYUNDAI-E-GMP-2186,20.7,66.4,4328,686.8,96.4,Thermal Derating Required
HYUNDAI-E-GMP-2187,19.4,45.7,10934,669.9,96.46,Thermal Derating Required
HYUNDAI-E-GMP-2188,21.3,73.6,15189,841.5,95.85,Thermal Derating Required
HYUNDAI-E-GMP-2189,15.4,71.0,1295,579.6,96.77,Thermal Derating Required
HYUNDAI-E-GMP-2190,11.2,77.7,9928,633.4,96.58,Thermal Derating Required
HYUNDAI-E-GMP-2191,14.5,74.4,4823,606.2,96.68,Thermal Derating Required
HYUNDAI-E-GMP-2192,17.9,66.2,10394,715.7,96.29,Thermal Derating Required
HYUNDAI-E-GMP-2193,20.8,51.9,9384,673.4,96.44,Thermal Derating Required
HYUNDAI-E-GMP-2194,9.3,51.1,15539,459.6,97.19,Optimal 800V SiC Efficiency
HYUNDAI-E-GMP-2195,12.0,65.1,7564,555.0,96.86,Thermal Derating Required
HYUNDAI-E-GMP-2196,24.0,78.4,7056,864.9,95.77,Thermal Derating Required
HYUNDAI-E-GMP-2197,18.8,48.4,3577,604.1,96.69,Thermal Derating Required
HYUNDAI-E-GMP-2198,17.8,55.8,11034,657.3,96.5,Thermal Derating Required
HYUNDAI-E-GMP-2199,8.6,73.3,3458,483.1,97.11,Optimal 800V SiC Efficiency
HYUNDAI-E-GMP-2200,23.4,67.3,7602,773.8,96.09,Thermal Derating Required
HYUNDAI-E-GMP-2201,9.3,46.8,5731,373.5,97.49,Optimal 800V SiC Efficiency
HYUNDAI-E-GMP-2202,10.2,50.0,6806,405.6,97.38,Optimal 800V SiC Efficiency
HYUNDAI-E-GMP-2203,17.7,65.7,12108,713.4,96.3,Thermal Derating Required
HYUNDAI-E-GMP-2204,14.0,76.7,9513,687.5,96.39,Thermal Derating Required
HYUNDAI-E-GMP-2205,18.2,62.4,10150,656.5,96.5,Thermal Derating Required
HYUNDAI-E-GMP-2206,23.4,47.8,4820,719.3,96.28,Thermal Derating Required
HYUNDAI-E-GMP-2207,12.2,49.0,5576,466.6,97.17,Optimal 800V SiC Efficiency
HYUNDAI-E-GMP-2208,11.8,64.1,9220,559.4,96.84,Thermal Derating Required
HYUNDAI-E-GMP-2209,14.5,51.3,13077,582.3,96.76,Thermal Derating Required
HYUNDAI-E-GMP-2210,19.1,66.0,5182,675.6,96.44,Thermal Derating Required
HYUNDAI-E-GMP-2211,19.1,60.2,9402,718.1,96.29,Thermal Derating Required
HYUNDAI-E-GMP-2212,11.3,86.4,2990,594.1,96.72,Thermal Derating Required
HYUNDAI-E-GMP-2213,11.3,87.4,15640,733.5,96.23,Thermal Derating Required
HYUNDAI-E-GMP-2214,8.8,76.6,8353,566.8,96.82,Thermal Derating Required
HYUNDAI-E-GMP-2215,8.7,48.3,13052,443.8,97.25,Optimal 800V SiC Efficiency
HYUNDAI-E-GMP-2216,16.3,58.6,6402,581.7,96.76,Thermal Derating Required
HYUNDAI-E-GMP-2217,17.8,86.8,14574,772.4,96.1,Thermal Derating Required
HYUNDAI-E-GMP-2218,21.8,62.2,1896,674.4,96.44,Thermal Derating Required
HYUNDAI-E-GMP-2219,20.1,81.7,10535,746.2,96.19,Thermal Derating Required
HYUNDAI-E-GMP-2220,13.1,72.5,11281,625.9,96.61,Thermal Derating Required
HYUNDAI-E-GMP-2221,11.2,81.5,13235,626.6,96.61,Thermal Derating Required
HYUNDAI-E-GMP-2222,14.8,54.5,14610,601.7,96.69,Thermal Derating Required
HYUNDAI-E-GMP-2223,14.0,66.6,5591,583.6,96.76,Thermal Derating Required
HYUNDAI-E-GMP-2224,17.1,56.5,15939,669.9,96.46,Thermal Derating Required
HYUNDAI-E-GMP-2225,15.6,73.3,11952,657.2,96.5,Thermal Derating Required
HYUNDAI-E-GMP-2226,22.0,56.8,3544,706.9,96.33,Thermal Derating Required
HYUNDAI-E-GMP-2227,11.2,59.0,1497,462.1,97.18,Optimal 800V SiC Efficiency
HYUNDAI-E-GMP-2228,11.3,76.2,10802,606.8,96.68,Thermal Derating Required
HYUNDAI-E-GMP-2229,18.6,52.5,9534,641.3,96.56,Thermal Derating Required
HYUNDAI-E-GMP-2230,14.3,61.1,11850,645.8,96.54,Thermal Derating Required
HYUNDAI-E-GMP-2231,19.6,92.3,8031,822.7,95.92,Thermal Derating Required
HYUNDAI-E-GMP-2232,11.2,49.6,9507,475.0,97.14,Optimal 800V SiC Efficiency
HYUNDAI-E-GMP-2233,10.2,59.0,12379,542.6,96.9,Thermal Derating Required
HYUNDAI-E-GMP-2234,12.2,54.6,7455,506.2,97.03,Optimal 800V SiC Efficiency
HYUNDAI-E-GMP-2235,10.3,84.0,15099,672.7,96.45,Thermal Derating Required
HYUNDAI-E-GMP-2236,21.7,88.2,2245,815.0,95.95,Thermal Derating Required
HYUNDAI-E-GMP-2237,13.9,79.2,1005,593.3,96.72,Thermal Derating Required
HYUNDAI-E-GMP-2238,15.1,70.4,13019,647.1,96.54,Thermal Derating Required
HYUNDAI-E-GMP-2239,11.1,62.6,8135,529.8,96.95,Thermal Derating Required
HYUNDAI-E-GMP-2240,19.2,77.0,15824,791.4,96.03,Thermal Derating Required
HYUNDAI-E-GMP-2241,19.3,60.5,2349,692.2,96.38,Thermal Derating Required
HYUNDAI-E-GMP-2242,17.8,73.7,5367,632.9,96.59,Thermal Derating Required
HYUNDAI-E-GMP-2243,24.0,84.4,14476,923.1,95.57,Thermal Derating Required
HYUNDAI-E-GMP-2244,13.7,69.4,13918,686.7,96.4,Thermal Derating Required
HYUNDAI-E-GMP-2245,14.5,60.4,10379,629.0,96.6,Thermal Derating Required
HYUNDAI-E-GMP-2246,16.5,85.8,6440,709.8,96.32,Thermal Derating Required
HYUNDAI-E-GMP-2247,22.1,87.1,11192,838.0,95.87,Thermal Derating Required
HYUNDAI-E-GMP-2248,8.7,54.1,3571,430.1,97.29,Optimal 800V SiC Efficiency
HYUNDAI-E-GMP-2249,15.4,84.2,13822,736.0,96.22,Thermal Derating Required
HYUNDAI-E-GMP-2250,23.1,73.3,13932,864.6,95.77,Thermal Derating Required
HYUNDAI-E-GMP-2251,22.4,63.6,2874,663.8,96.48,Thermal Derating Required
HYUNDAI-E-GMP-2252,22.3,81.9,4233,816.6,95.94,Thermal Derating Required
HYUNDAI-E-GMP-2253,11.4,46.9,13198,551.8,96.87,Thermal Derating Required
HYUNDAI-E-GMP-2254,22.6,82.9,14280,851.3,95.82,Thermal Derating Required
HYUNDAI-E-GMP-2255,23.9,58.5,1610,740.8,96.21,Thermal Derating Required
HYUNDAI-E-GMP-2256,21.9,59.1,7445,721.4,96.28,Thermal Derating Required
HYUNDAI-E-GMP-2257,8.7,47.2,14023,453.1,97.21,Optimal 800V SiC Efficiency
HYUNDAI-E-GMP-2258,10.2,45.0,15649,475.0,97.14,Optimal 800V SiC Efficiency
HYUNDAI-E-GMP-2259,11.9,88.8,10216,651.7,96.52,Thermal Derating Required
HYUNDAI-E-GMP-2260,22.3,84.5,9020,833.5,95.88,Thermal Derating Required
HYUNDAI-E-GMP-2261,8.2,79.2,15572,586.7,96.75,Thermal Derating Required
HYUNDAI-E-GMP-2262,15.6,64.8,3532,582.9,96.76,Thermal Derating Required
HYUNDAI-E-GMP-2263,14.3,74.7,12456,680.2,96.42,Thermal Derating Required
HYUNDAI-E-GMP-2264,18.7,60.4,6307,631.7,96.59,Thermal Derating Required
HYUNDAI-E-GMP-2265,10.6,54.3,4968,422.0,97.32,Optimal 800V SiC Efficiency
HYUNDAI-E-GMP-2266,9.3,48.3,1587,400.1,97.4,Optimal 800V SiC Efficiency
HYUNDAI-E-GMP-2267,11.2,80.1,10970,632.8,96.59,Thermal Derating Required
HYUNDAI-E-GMP-2268,19.3,47.6,2959,569.0,96.81,Thermal Derating Required
HYUNDAI-E-GMP-2269,23.9,55.2,15943,814.8,95.95,Thermal Derating Required
HYUNDAI-E-GMP-2270,13.9,46.1,12225,543.2,96.9,Thermal Derating Required
HYUNDAI-E-GMP-2271,9.8,73.8,6716,512.3,97.01,Optimal 800V SiC Efficiency
HYUNDAI-E-GMP-2272,12.7,90.2,11399,680.1,96.42,Thermal Derating Required
HYUNDAI-E-GMP-2273,22.3,70.2,12866,794.7,96.02,Thermal Derating Required
HYUNDAI-E-GMP-2274,16.7,70.5,14648,680.1,96.42,Thermal Derating Required
HYUNDAI-E-GMP-2275,9.9,57.5,15568,603.2,96.69,Thermal Derating Required
HYUNDAI-E-GMP-2276,17.9,91.5,8299,810.8,95.96,Thermal Derating Required
HYUNDAI-E-GMP-2277,12.2,64.2,10821,572.3,96.8,Thermal Derating Required
HYUNDAI-E-GMP-2278,23.5,86.1,10294,907.7,95.62,Thermal Derating Required
HYUNDAI-E-GMP-2279,20.8,89.1,4159,779.4,96.07,Thermal Derating Required
HYUNDAI-E-GMP-2280,17.6,70.8,10655,673.3,96.44,Thermal Derating Required
HYUNDAI-E-GMP-2281,23.9,67.1,3370,746.4,96.19,Thermal Derating Required
HYUNDAI-E-GMP-2282,17.2,87.5,9579,773.8,96.09,Thermal Derating Required
HYUNDAI-E-GMP-2283,11.8,86.7,8134,608.4,96.67,Thermal Derating Required
HYUNDAI-E-GMP-2284,13.5,77.5,15620,678.6,96.42,Thermal Derating Required
HYUNDAI-E-GMP-2285,12.1,76.5,10309,612.3,96.66,Thermal Derating Required
HYUNDAI-E-GMP-2286,18.3,65.2,1058,594.4,96.72,Thermal Derating Required
HYUNDAI-E-GMP-2287,9.7,73.2,15494,577.8,96.78,Thermal Derating Required
HYUNDAI-E-GMP-2288,12.4,50.6,15007,563.8,96.83,Thermal Derating Required
HYUNDAI-E-GMP-2289,22.4,74.7,13227,793.9,96.02,Thermal Derating Required
HYUNDAI-E-GMP-2290,21.7,66.7,11316,838.9,95.86,Thermal Derating Required
HYUNDAI-E-GMP-2291,23.0,59.3,14157,776.7,96.08,Thermal Derating Required
HYUNDAI-E-GMP-2292,19.3,75.6,11535,761.9,96.13,Thermal Derating Required
HYUNDAI-E-GMP-2293,14.5,76.1,10722,680.6,96.42,Thermal Derating Required
HYUNDAI-E-GMP-2294,17.4,74.4,10341,696.4,96.36,Thermal Derating Required
HYUNDAI-E-GMP-2295,11.4,76.4,4901,582.9,96.76,Thermal Derating Required
HYUNDAI-E-GMP-2296,13.9,70.1,2214,559.2,96.84,Thermal Derating Required
HYUNDAI-E-GMP-2297,23.2,69.6,2274,762.1,96.13,Thermal Derating Required
HYUNDAI-E-GMP-2298,8.6,76.0,3617,518.0,96.99,Optimal 800V SiC Efficiency
HYUNDAI-E-GMP-2299,18.9,91.6,13639,868.9,95.76,Thermal Derating Required
HYUNDAI-E-GMP-2300,18.9,77.3,12464,767.6,96.11,Thermal Derating Required
HYUNDAI-E-GMP-2301,13.3,64.7,12526,651.8,96.52,Thermal Derating Required
HYUNDAI-E-GMP-2302,9.5,82.5,1351,561.1,96.84,Thermal Derating Required
HYUNDAI-E-GMP-2303,22.2,72.6,3859,786.4,96.05,Thermal Derating Required
HYUNDAI-E-GMP-2304,23.1,71.0,1524,697.5,96.36,Thermal Derating Required
HYUNDAI-E-GMP-2305,13.9,87.1,12464,707.4,96.32,Thermal Derating Required
HYUNDAI-E-GMP-2306,12.8,58.9,7419,556.5,96.85,Thermal Derating Required
HYUNDAI-E-GMP-2307,16.7,49.4,6703,515.4,97.0,Optimal 800V SiC Efficiency
HYUNDAI-E-GMP-2308,18.4,79.2,15089,794.7,96.02,Thermal Derating Required
HYUNDAI-E-GMP-2309,16.6,68.1,14316,744.0,96.2,Thermal Derating Required
HYUNDAI-E-GMP-2310,21.1,82.7,11743,844.8,95.84,Thermal Derating Required
HYUNDAI-E-GMP-2311,21.1,61.8,7539,676.6,96.43,Thermal Derating Required
HYUNDAI-E-GMP-2312,11.4,56.3,9530,573.8,96.79,Thermal Derating Required
HYUNDAI-E-GMP-2313,13.1,78.2,13273,660.7,96.49,Thermal Derating Required
HYUNDAI-E-GMP-2314,15.4,53.9,9718,575.3,96.79,Thermal Derating Required
HYUNDAI-E-GMP-2315,12.7,63.2,1400,521.2,96.98,Thermal Derating Required
HYUNDAI-E-GMP-2316,18.9,77.7,10146,741.1,96.21,Thermal Derating Required
HYUNDAI-E-GMP-2317,16.3,74.7,12182,719.7,96.28,Thermal Derating Required
HYUNDAI-E-GMP-2318,19.0,58.9,11556,690.4,96.38,Thermal Derating Required
HYUNDAI-E-GMP-2319,22.2,87.9,9630,816.5,95.94,Thermal Derating Required
HYUNDAI-E-GMP-2320,13.3,86.1,12808,701.4,96.35,Thermal Derating Required
HYUNDAI-E-GMP-2321,19.5,52.9,7979,642.3,96.55,Thermal Derating Required
HYUNDAI-E-GMP-2322,20.9,58.8,9669,686.3,96.4,Thermal Derating Required
HYUNDAI-E-GMP-2323,23.7,73.5,12766,881.0,95.72,Thermal Derating Required
HYUNDAI-E-GMP-2324,9.3,80.9,2477,500.3,97.05,Optimal 800V SiC Efficiency
HYUNDAI-E-GMP-2325,9.4,88.9,15822,716.5,96.29,Thermal Derating Required
HYUNDAI-E-GMP-2326,12.9,48.7,5527,489.4,97.09,Optimal 800V SiC Efficiency
HYUNDAI-E-GMP-2327,21.4,72.0,14151,840.2,95.86,Thermal Derating Required
HYUNDAI-E-GMP-2328,12.0,71.5,1549,519.7,96.98,Optimal 800V SiC Efficiency
HYUNDAI-E-GMP-2329,21.2,69.2,6383,711.7,96.31,Thermal Derating Required
HYUNDAI-E-GMP-2330,9.2,91.9,13581,667.4,96.46,Thermal Derating Required
HYUNDAI-E-GMP-2331,20.7,81.7,11057,775.3,96.09,Thermal Derating Required
HYUNDAI-E-GMP-2332,19.5,50.7,3666,638.8,96.56,Thermal Derating Required
HYUNDAI-E-GMP-2333,19.6,50.1,15917,686.5,96.4,Thermal Derating Required
HYUNDAI-E-GMP-2334,20.5,71.7,3305,685.4,96.4,Thermal Derating Required
HYUNDAI-E-GMP-2335,10.1,76.8,7276,556.8,96.85,Thermal Derating Required
HYUNDAI-E-GMP-2336,8.8,83.7,13303,646.9,96.54,Thermal Derating Required
HYUNDAI-E-GMP-2337,23.5,67.9,15604,825.1,95.91,Thermal Derating Required
HYUNDAI-E-GMP-2338,17.1,54.5,15734,672.3,96.45,Thermal Derating Required
HYUNDAI-E-GMP-2339,17.5,86.5,6919,793.3,96.02,Thermal Derating Required
HYUNDAI-E-GMP-2340,10.1,94.0,12380,657.8,96.5,Thermal Derating Required
HYUNDAI-E-GMP-2341,14.1,95.0,2786,704.1,96.34,Thermal Derating Required
HYUNDAI-E-GMP-2342,13.2,89.3,14777,717.5,96.29,Thermal Derating Required
HYUNDAI-E-GMP-2343,21.6,67.3,15926,830.8,95.89,Thermal Derating Required
HYUNDAI-E-GMP-2344,13.6,63.4,5014,599.9,96.7,Thermal Derating Required
HYUNDAI-E-GMP-2345,10.5,66.1,4988,490.7,97.08,Optimal 800V SiC Efficiency
HYUNDAI-E-GMP-2346,20.5,88.8,2037,780.2,96.07,Thermal Derating Required
HYUNDAI-E-GMP-2347,8.6,91.9,10103,641.7,96.55,Thermal Derating Required
HYUNDAI-E-GMP-2348,16.0,68.7,14389,637.2,96.57,Thermal Derating Required
HYUNDAI-E-GMP-2349,20.3,54.5,13702,700.6,96.35,Thermal Derating Required
HYUNDAI-E-GMP-2350,21.3,67.7,14443,753.6,96.16,Thermal Derating Required
HYUNDAI-E-GMP-2351,12.8,67.8,5471,581.9,96.76,Thermal Derating Required
HYUNDAI-E-GMP-2352,16.4,90.0,4913,733.3,96.23,Thermal Derating Required
HYUNDAI-E-GMP-2353,21.5,64.9,5413,740.8,96.21,Thermal Derating Required
HYUNDAI-E-GMP-2354,12.8,87.3,9699,677.9,96.43,Thermal Derating Required
HYUNDAI-E-GMP-2355,19.5,75.2,11337,744.6,96.19,Thermal Derating Required
HYUNDAI-E-GMP-2356,11.2,77.8,7075,605.9,96.68,Thermal Derating Required
HYUNDAI-E-GMP-2357,14.1,67.6,2231,555.3,96.86,Thermal Derating Required
HYUNDAI-E-GMP-2358,22.8,70.1,10824,828.9,95.9,Thermal Derating Required
HYUNDAI-E-GMP-2359,17.7,92.8,12508,855.8,95.8,Thermal Derating Required
HYUNDAI-E-GMP-2360,15.3,88.4,1049,684.7,96.4,Thermal Derating Required
HYUNDAI-E-GMP-2361,9.7,62.6,6542,487.5,97.09,Optimal 800V SiC Efficiency
HYUNDAI-E-GMP-2362,16.7,47.8,1395,508.7,97.02,Optimal 800V SiC Efficiency
HYUNDAI-E-GMP-2363,14.5,66.5,14641,643.5,96.55,Thermal Derating Required
HYUNDAI-E-GMP-2364,13.6,67.3,3332,533.0,96.93,Thermal Derating Required
HYUNDAI-E-GMP-2365,10.9,47.5,13163,523.2,96.97,Thermal Derating Required
HYUNDAI-E-GMP-2366,11.7,50.6,9519,510.9,97.01,Optimal 800V SiC Efficiency
HYUNDAI-E-GMP-2367,14.7,69.5,11582,669.0,96.46,Thermal Derating Required
HYUNDAI-E-GMP-2368,13.1,54.6,2539,509.3,97.02,Optimal 800V SiC Efficiency
HYUNDAI-E-GMP-2369,21.8,62.2,4054,721.8,96.27,Thermal Derating Required
HYUNDAI-E-GMP-2370,9.9,54.1,2128,408.7,97.37,Optimal 800V SiC Efficiency
HYUNDAI-E-GMP-2371,23.1,68.4,14233,813.9,95.95,Thermal Derating Required
HYUNDAI-E-GMP-2372,18.2,67.5,5360,655.2,96.51,Thermal Derating Required
HYUNDAI-E-GMP-2373,23.0,91.5,12727,877.0,95.73,Thermal Derating Required
HYUNDAI-E-GMP-2374,10.0,93.5,12299,683.1,96.41,Thermal Derating Required
HYUNDAI-E-GMP-2375,18.8,78.6,11766,792.1,96.03,Thermal Derating Required
HYUNDAI-E-GMP-2376,14.0,71.5,5548,574.1,96.79,Thermal Derating Required
HYUNDAI-E-GMP-2377,21.7,89.8,14513,902.8,95.64,Thermal Derating Required
HYUNDAI-E-GMP-2378,21.9,53.1,10039,672.2,96.45,Thermal Derating Required
HYUNDAI-E-GMP-2379,11.9,54.9,11181,545.9,96.89,Thermal Derating Required
HYUNDAI-E-GMP-2380,16.5,51.1,3449,453.5,97.21,Optimal 800V SiC Efficiency
HYUNDAI-E-GMP-2381,22.8,48.7,2064,646.8,96.54,Thermal Derating Required
HYUNDAI-E-GMP-2382,17.4,86.2,12239,777.6,96.08,Thermal Derating Required
HYUNDAI-E-GMP-2383,20.6,77.5,9118,766.4,96.12,Thermal Derating Required
HYUNDAI-E-GMP-2384,13.3,70.6,11235,619.1,96.63,Thermal Derating Required
HYUNDAI-E-GMP-2385,22.2,51.3,4549,675.5,96.44,Thermal Derating Required
HYUNDAI-E-GMP-2386,21.6,70.6,8320,742.2,96.2,Thermal Derating Required
HYUNDAI-E-GMP-2387,17.6,75.4,5478,762.9,96.13,Thermal Derating Required
HYUNDAI-E-GMP-2388,17.3,81.2,9690,720.3,96.28,Thermal Derating Required
HYUNDAI-E-GMP-2389,9.5,84.8,5078,587.7,96.74,Thermal Derating Required
HYUNDAI-E-GMP-2390,17.7,88.9,3713,729.4,96.25,Thermal Derating Required
HYUNDAI-E-GMP-2391,10.3,82.1,11879,620.4,96.63,Thermal Derating Required
HYUNDAI-E-GMP-2392,23.0,67.7,5837,797.2,96.01,Thermal Derating Required
HYUNDAI-E-GMP-2393,17.9,90.9,5612,752.8,96.17,Thermal Derating Required
HYUNDAI-E-GMP-2394,15.2,49.8,15291,550.1,96.87,Thermal Derating Required
HYUNDAI-E-GMP-2395,23.5,82.8,9944,840.6,95.86,Thermal Derating Required
HYUNDAI-E-GMP-2396,13.8,53.7,3728,510.1,97.01,Optimal 800V SiC Efficiency
HYUNDAI-E-GMP-2397,17.8,54.8,15976,630.1,96.59,Thermal Derating Required
HYUNDAI-E-GMP-2398,11.1,93.6,2084,634.0,96.58,Thermal Derating Required
HYUNDAI-E-GMP-2399,22.9,77.4,14830,899.6,95.65,Thermal Derating Required
HYUNDAI-E-GMP-2400,9.5,48.8,2828,369.4,97.51,Optimal 800V SiC Efficiency
HYUNDAI-E-GMP-2401,14.3,45.3,13173,588.6,96.74,Thermal Derating Required
HYUNDAI-E-GMP-2402,15.0,55.4,15249,629.2,96.6,Thermal Derating Required
HYUNDAI-E-GMP-2403,8.2,89.3,12228,610.5,96.66,Thermal Derating Required
HYUNDAI-E-GMP-2404,12.5,54.1,11488,531.6,96.94,Thermal Derating Required
HYUNDAI-E-GMP-2405,13.4,72.5,7085,548.3,96.88,Thermal Derating Required
HYUNDAI-E-GMP-2406,11.8,92.8,15082,734.8,96.23,Thermal Derating Required
HYUNDAI-E-GMP-2407,12.9,48.5,13231,571.4,96.8,Thermal Derating Required
HYUNDAI-E-GMP-2408,20.1,82.9,8755,785.9,96.05,Thermal Derating Required
HYUNDAI-E-GMP-2409,11.1,78.2,9213,601.9,96.69,Thermal Derating Required
HYUNDAI-E-GMP-2410,23.8,54.3,9234,700.0,96.35,Thermal Derating Required
HYUNDAI-E-GMP-2411,14.4,75.4,14977,676.5,96.43,Thermal Derating Required
HYUNDAI-E-GMP-2412,18.9,67.3,15717,781.9,96.06,Thermal Derating Required
HYUNDAI-E-GMP-2413,13.0,88.6,9461,658.5,96.5,Thermal Derating Required
HYUNDAI-E-GMP-2414,15.0,77.9,15008,727.4,96.25,Thermal Derating Required
HYUNDAI-E-GMP-2415,18.0,51.6,4393,573.7,96.79,Thermal Derating Required
HYUNDAI-E-GMP-2416,14.5,89.8,11160,742.1,96.2,Thermal Derating Required
HYUNDAI-E-GMP-2417,13.5,48.4,6936,538.3,96.92,Thermal Derating Required
HYUNDAI-E-GMP-2418,22.8,62.8,7194,704.5,96.33,Thermal Derating Required
HYUNDAI-E-GMP-2419,9.9,75.4,1584,524.3,96.97,Thermal Derating Required
HYUNDAI-E-GMP-2420,16.7,88.4,9383,761.8,96.13,Thermal Derating Required
HYUNDAI-E-GMP-2421,11.5,93.4,4695,676.8,96.43,Thermal Derating Required
HYUNDAI-E-GMP-2422,11.4,93.7,6805,611.8,96.66,Thermal Derating Required
HYUNDAI-E-GMP-2423,22.1,89.0,15052,889.5,95.69,Thermal Derating Required
HYUNDAI-E-GMP-2424,23.6,91.8,4839,871.2,95.75,Thermal Derating Required
HYUNDAI-E-GMP-2425,19.6,60.3,13370,725.6,96.26,Thermal Derating Required
HYUNDAI-E-GMP-2426,20.9,51.7,3939,616.6,96.64,Thermal Derating Required
HYUNDAI-E-GMP-2427,9.5,91.4,1110,595.4,96.72,Thermal Derating Required
HYUNDAI-E-GMP-2428,19.6,46.7,8508,631.5,96.59,Thermal Derating Required
HYUNDAI-E-GMP-2429,19.6,59.6,4682,652.6,96.52,Thermal Derating Required
HYUNDAI-E-GMP-2430,15.7,78.9,11197,723.4,96.27,Thermal Derating Required
HYUNDAI-E-GMP-2431,21.7,69.3,7215,734.9,96.23,Thermal Derating Required
HYUNDAI-E-GMP-2432,16.0,66.7,2995,606.5,96.68,Thermal Derating Required
HYUNDAI-E-GMP-2433,12.1,53.6,9188,535.2,96.93,Thermal Derating Required
HYUNDAI-E-GMP-2434,15.9,45.8,15306,632.4,96.59,Thermal Derating Required
HYUNDAI-E-GMP-2435,21.8,70.4,13237,787.3,96.04,Thermal Derating Required
HYUNDAI-E-GMP-2436,13.4,70.4,8131,636.0,96.57,Thermal Derating Required
HYUNDAI-E-GMP-2437,15.7,72.2,8040,680.4,96.42,Thermal Derating Required
HYUNDAI-E-GMP-2438,19.4,83.3,11382,820.8,95.93,Thermal Derating Required
HYUNDAI-E-GMP-2439,9.6,80.6,13199,662.8,96.48,Thermal Derating Required
HYUNDAI-E-GMP-2440,23.8,81.4,6117,804.6,95.98,Thermal Derating Required
HYUNDAI-E-GMP-2441,23.1,54.9,8193,748.5,96.18,Thermal Derating Required
HYUNDAI-E-GMP-2442,13.6,81.2,6027,660.2,96.49,Thermal Derating Required
HYUNDAI-E-GMP-2443,9.6,84.4,11999,597.5,96.71,Thermal Derating Required
HYUNDAI-E-GMP-2444,16.3,87.4,6730,755.2,96.16,Thermal Derating Required
HYUNDAI-E-GMP-2445,20.2,59.8,2436,631.2,96.59,Thermal Derating Required
HYUNDAI-E-GMP-2446,19.3,69.6,5745,657.7,96.5,Thermal Derating Required
HYUNDAI-E-GMP-2447,16.8,87.3,13040,724.6,96.26,Thermal Derating Required
HYUNDAI-E-GMP-2448,14.3,80.6,11086,654.6,96.51,Thermal Derating Required
HYUNDAI-E-GMP-2449,19.2,70.8,13150,769.8,96.11,Thermal Derating Required
HYUNDAI-E-GMP-2450,19.6,74.0,5708,738.8,96.21,Thermal Derating Required
HYUNDAI-E-GMP-2451,9.7,53.8,6040,481.8,97.11,Optimal 800V SiC Efficiency
HYUNDAI-E-GMP-2452,21.2,70.1,5321,720.3,96.28,Thermal Derating Required
HYUNDAI-E-GMP-2453,15.4,82.5,9101,713.9,96.3,Thermal Derating Required
HYUNDAI-E-GMP-2454,23.3,83.7,12249,890.0,95.69,Thermal Derating Required
HYUNDAI-E-GMP-2455,13.0,73.6,5992,653.2,96.51,Thermal Derating Required
HYUNDAI-E-GMP-2456,9.3,79.6,12084,636.3,96.57,Thermal Derating Required
HYUNDAI-E-GMP-2457,14.6,47.5,13874,548.3,96.88,Thermal Derating Required
HYUNDAI-E-GMP-2458,12.8,71.0,7997,626.3,96.61,Thermal Derating Required
HYUNDAI-E-GMP-2459,17.1,75.5,12771,732.0,96.24,Thermal Derating Required
HYUNDAI-E-GMP-2460,8.1,92.6,10185,631.1,96.59,Thermal Derating Required
HYUNDAI-E-GMP-2461,21.7,52.0,9721,691.5,96.38,Thermal Derating Required
HYUNDAI-E-GMP-2462,17.7,52.8,14042,624.0,96.62,Thermal Derating Required
HYUNDAI-E-GMP-2463,21.4,74.9,11801,784.6,96.05,Thermal Derating Required
HYUNDAI-E-GMP-2464,14.8,47.1,5853,504.3,97.03,Optimal 800V SiC Efficiency
HYUNDAI-E-GMP-2465,18.0,69.5,6745,670.0,96.46,Thermal Derating Required
HYUNDAI-E-GMP-2466,21.5,45.8,13156,703.7,96.34,Thermal Derating Required
HYUNDAI-E-GMP-2467,22.8,48.2,8282,666.9,96.47,Thermal Derating Required
HYUNDAI-E-GMP-2468,22.2,69.4,14731,837.6,95.87,Thermal Derating Required
HYUNDAI-E-GMP-2469,13.2,48.3,6167,507.5,97.02,Optimal 800V SiC Efficiency
HYUNDAI-E-GMP-2470,19.9,62.8,15408,717.2,96.29,Thermal Derating Required
HYUNDAI-E-GMP-2471,19.5,82.2,10987,766.9,96.12,Thermal Derating Required
HYUNDAI-E-GMP-2472,22.7,56.8,6117,737.7,96.22,Thermal Derating Required
HYUNDAI-E-GMP-2473,23.2,83.9,14697,896.9,95.66,Thermal Derating Required
HYUNDAI-E-GMP-2474,9.5,50.4,15409,516.9,96.99,Optimal 800V SiC Efficiency
HYUNDAI-E-GMP-2475,9.6,94.9,13388,685.1,96.4,Thermal Derating Required
HYUNDAI-E-GMP-2476,22.0,55.1,1460,676.9,96.43,Thermal Derating Required
HYUNDAI-E-GMP-2477,17.5,73.8,7549,679.3,96.42,Thermal Derating Required
HYUNDAI-E-GMP-2478,15.5,59.1,1617,569.0,96.81,Thermal Derating Required
HYUNDAI-E-GMP-2479,14.0,57.8,11178,573.9,96.79,Thermal Derating Required
HYUNDAI-E-GMP-2480,23.3,61.1,10131,779.4,96.07,Thermal Derating Required
HYUNDAI-E-GMP-2481,11.7,49.3,3489,493.5,97.07,Optimal 800V SiC Efficiency
HYUNDAI-E-GMP-2482,17.4,66.4,7532,668.3,96.46,Thermal Derating Required
HYUNDAI-E-GMP-2483,23.0,85.0,5801,843.6,95.85,Thermal Derating Required
HYUNDAI-E-GMP-2484,8.5,53.0,12459,479.7,97.12,Optimal 800V SiC Efficiency
HYUNDAI-E-GMP-2485,17.6,84.1,13677,802.8,95.99,Thermal Derating Required
HYUNDAI-E-GMP-2486,22.0,61.3,10496,787.3,96.04,Thermal Derating Required
HYUNDAI-E-GMP-2487,12.8,57.6,2587,566.4,96.82,Thermal Derating Required
HYUNDAI-E-GMP-2488,10.8,68.4,2126,498.8,97.05,Optimal 800V SiC Efficiency
HYUNDAI-E-GMP-2489,16.5,47.0,15673,621.9,96.62,Thermal Derating Required
HYUNDAI-E-GMP-2490,19.1,78.5,7774,717.4,96.29,Thermal Derating Required
HYUNDAI-E-GMP-2491,16.5,59.1,8561,577.8,96.78,Thermal Derating Required
HYUNDAI-E-GMP-2492,12.7,59.1,3181,536.5,96.92,Thermal Derating Required
HYUNDAI-E-GMP-2493,22.2,55.6,11656,704.0,96.34,Thermal Derating Required
HYUNDAI-E-GMP-2494,17.3,87.2,7024,713.1,96.3,Thermal Derating Required
HYUNDAI-E-GMP-2495,14.1,90.6,5933,696.3,96.36,Thermal Derating Required
HYUNDAI-E-GMP-2496,14.7,82.0,15317,725.1,96.26,Thermal Derating Required
HYUNDAI-E-GMP-2497,22.7,92.0,9247,876.4,95.73,Thermal Derating Required
HYUNDAI-E-GMP-2498,18.7,55.1,9085,660.4,96.49,Thermal Derating Required
HYUNDAI-E-GMP-2499,9.1,79.2,4800,536.4,96.92,Thermal Derating Required
HYUNDAI-E-GMP-2500,12.8,68.7,8228,563.7,96.83,Thermal Derating Required
HYUNDAI-E-GMP-2501,17.7,50.8,5103,565.7,96.82,Thermal Derating Required
HYUNDAI-E-GMP-2502,13.1,72.8,4280,584.8,96.75,Thermal Derating Required
HYUNDAI-E-GMP-2503,11.4,50.4,14546,540.6,96.91,Thermal Derating Required
HYUNDAI-E-GMP-2504,20.7,76.6,5172,708.0,96.32,Thermal Derating Required
HYUNDAI-E-GMP-2505,22.7,93.4,15101,925.4,95.56,Thermal Derating Required
HYUNDAI-E-GMP-2506,22.1,90.1,7140,842.3,95.85,Thermal Derating Required
HYUNDAI-E-GMP-2507,20.0,79.6,5187,726.6,96.26,Thermal Derating Required
HYUNDAI-E-GMP-2508,17.5,75.1,9396,683.8,96.41,Thermal Derating Required
HYUNDAI-E-GMP-2509,12.9,57.8,12037,575.5,96.79,Thermal Derating Required
HYUNDAI-E-GMP-2510,13.6,50.8,2715,539.8,96.91,Thermal Derating Required
HYUNDAI-E-GMP-2511,14.0,78.6,3800,646.2,96.54,Thermal Derating Required
HYUNDAI-E-GMP-2512,19.5,75.2,8498,748.6,96.18,Thermal Derating Required
HYUNDAI-E-GMP-2513,17.4,66.6,12647,697.8,96.36,Thermal Derating Required
HYUNDAI-E-GMP-2514,11.2,77.1,5779,587.3,96.74,Thermal Derating Required
HYUNDAI-E-GMP-2515,13.3,67.4,14845,626.2,96.61,Thermal Derating Required
HYUNDAI-E-GMP-2516,18.8,79.2,13711,760.1,96.14,Thermal Derating Required
HYUNDAI-E-GMP-2517,13.5,63.3,5922,570.1,96.8,Thermal Derating Required
HYUNDAI-E-GMP-2518,11.9,68.8,2900,548.3,96.88,Thermal Derating Required
HYUNDAI-E-GMP-2519,8.1,76.1,14587,600.1,96.7,Thermal Derating Required
HYUNDAI-E-GMP-2520,19.4,53.5,2304,564.9,96.82,Thermal Derating Required
HYUNDAI-E-GMP-2521,20.5,66.5,11156,760.2,96.14,Thermal Derating Required
HYUNDAI-E-GMP-2522,20.8,51.1,11029,671.9,96.45,Thermal Derating Required
HYUNDAI-E-GMP-2523,12.7,71.0,1050,542.9,96.9,Thermal Derating Required
HYUNDAI-E-GMP-2524,18.6,47.5,2078,582.3,96.76,Thermal Derating Required
HYUNDAI-E-GMP-2525,18.5,53.3,11205,637.3,96.57,Thermal Derating Required
HYUNDAI-E-GMP-2526,21.1,73.2,4112,736.2,96.22,Thermal Derating Required
HYUNDAI-E-GMP-2527,22.9,89.8,2394,784.1,96.06,Thermal Derating Required
HYUNDAI-E-GMP-2528,10.5,57.6,6420,470.7,97.15,Optimal 800V SiC Efficiency
HYUNDAI-E-GMP-2529,14.1,75.3,7670,665.1,96.47,Thermal Derating Required
HYUNDAI-E-GMP-2530,17.2,50.1,4571,551.1,96.87,Thermal Derating Required
HYUNDAI-E-GMP-2531,20.9,92.3,5674,840.5,95.86,Thermal Derating Required
HYUNDAI-E-GMP-2532,13.6,94.8,13123,745.0,96.19,Thermal Derating Required
HYUNDAI-E-GMP-2533,10.8,94.9,10327,685.8,96.4,Thermal Derating Required
HYUNDAI-E-GMP-2534,16.1,62.2,12418,670.9,96.45,Thermal Derating Required
HYUNDAI-E-GMP-2535,11.6,53.7,1259,461.1,97.19,Optimal 800V SiC Efficiency
HYUNDAI-E-GMP-2536,9.8,51.2,15421,527.8,96.95,Thermal Derating Required
HYUNDAI-E-GMP-2537,20.1,54.9,14823,662.1,96.48,Thermal Derating Required
HYUNDAI-E-GMP-2538,14.8,65.4,12884,655.3,96.51,Thermal Derating Required
HYUNDAI-E-GMP-2539,12.7,91.9,7197,669.0,96.46,Thermal Derating Required
HYUNDAI-E-GMP-2540,12.8,94.6,2688,643.2,96.55,Thermal Derating Required
HYUNDAI-E-GMP-2541,20.8,83.0,14659,833.0,95.88,Thermal Derating Required
HYUNDAI-E-GMP-2542,18.1,80.7,5367,693.3,96.37,Thermal Derating Required
HYUNDAI-E-GMP-2543,9.4,93.3,13521,687.8,96.39,Thermal Derating Required
HYUNDAI-E-GMP-2544,8.0,53.8,11356,436.7,97.27,Optimal 800V SiC Efficiency
HYUNDAI-E-GMP-2545,20.1,89.0,6858,802.6,95.99,Thermal Derating Required
HYUNDAI-E-GMP-2546,18.0,67.1,9583,716.2,96.29,Thermal Derating Required
HYUNDAI-E-GMP-2547,13.1,80.5,11437,657.0,96.5,Thermal Derating Required
HYUNDAI-E-GMP-2548,17.7,77.8,13157,781.8,96.06,Thermal Derating Required
HYUNDAI-E-GMP-2549,21.0,80.9,1418,729.8,96.25,Thermal Derating Required
HYUNDAI-E-GMP-2550,9.2,88.3,13978,617.6,96.64,Thermal Derating Required
HYUNDAI-E-GMP-2551,13.2,49.6,9206,506.8,97.03,Optimal 800V SiC Efficiency
HYUNDAI-E-GMP-2552,18.3,55.9,4097,600.9,96.7,Thermal Derating Required
HYUNDAI-E-GMP-2553,10.2,79.9,13291,601.7,96.69,Thermal Derating Required
HYUNDAI-E-GMP-2554,17.4,56.0,12184,683.3,96.41,Thermal Derating Required
HYUNDAI-E-GMP-2555,11.8,53.0,4237,475.3,97.14,Optimal 800V SiC Efficiency
HYUNDAI-E-GMP-2556,18.4,51.3,5435,613.5,96.65,Thermal Derating Required
HYUNDAI-E-GMP-2557,13.4,91.3,14778,731.8,96.24,Thermal Derating Required
HYUNDAI-E-GMP-2558,22.0,63.0,14336,771.1,96.1,Thermal Derating Required
HYUNDAI-E-GMP-2559,11.1,46.9,15509,568.6,96.81,Thermal Derating Required
HYUNDAI-E-GMP-2560,17.1,46.5,15860,642.2,96.55,Thermal Derating Required
HYUNDAI-E-GMP-2561,23.3,54.3,1536,686.7,96.4,Thermal Derating Required
HYUNDAI-E-GMP-2562,10.9,86.5,14695,626.6,96.61,Thermal Derating Required
HYUNDAI-E-GMP-2563,22.2,84.6,9725,851.3,95.82,Thermal Derating Required
HYUNDAI-E-GMP-2564,9.9,93.2,9219,615.5,96.65,Thermal Derating Required
HYUNDAI-E-GMP-2565,8.3,48.5,8301,428.6,97.3,Optimal 800V SiC Efficiency
HYUNDAI-E-GMP-2566,18.0,89.7,12508,812.4,95.96,Thermal Derating Required
HYUNDAI-E-GMP-2567,16.1,72.8,9097,631.1,96.59,Thermal Derating Required
HYUNDAI-E-GMP-2568,14.6,73.8,10881,652.1,96.52,Thermal Derating Required
HYUNDAI-E-GMP-2569,11.5,60.6,9637,569.3,96.81,Thermal Derating Required
HYUNDAI-E-GMP-2570,21.2,67.2,4687,687.2,96.39,Thermal Derating Required
HYUNDAI-E-GMP-2571,20.5,89.6,1195,775.0,96.09,Thermal Derating Required
HYUNDAI-E-GMP-2572,11.3,91.6,14810,717.7,96.29,Thermal Derating Required
HYUNDAI-E-GMP-2573,22.5,86.1,9033,855.1,95.81,Thermal Derating Required
HYUNDAI-E-GMP-2574,15.7,57.4,11415,616.0,96.64,Thermal Derating Required
HYUNDAI-E-GMP-2575,16.1,68.8,5163,657.2,96.5,Thermal Derating Required
HYUNDAI-E-GMP-2576,16.1,82.8,2521,635.3,96.58,Thermal Derating Required
HYUNDAI-E-GMP-2577,12.2,91.1,12164,691.3,96.38,Thermal Derating Required
HYUNDAI-E-GMP-2578,22.5,50.2,14168,770.0,96.1,Thermal Derating Required
HYUNDAI-E-GMP-2579,22.6,53.3,15609,787.0,96.05,Thermal Derating Required
HYUNDAI-E-GMP-2580,14.8,69.4,4399,544.7,96.89,Thermal Derating Required
HYUNDAI-E-GMP-2581,22.1,84.0,2486,773.3,96.09,Thermal Derating Required
HYUNDAI-E-GMP-2582,16.7,55.3,10035,612.2,96.66,Thermal Derating Required
HYUNDAI-E-GMP-2583,8.4,89.2,7275,547.9,96.88,Thermal Derating Required
HYUNDAI-E-GMP-2584,17.4,74.3,11271,675.8,96.43,Thermal Derating Required
HYUNDAI-E-GMP-2585,20.6,50.9,14943,719.0,96.28,Thermal Derating Required
HYUNDAI-E-GMP-2586,14.1,70.2,1853,599.2,96.7,Thermal Derating Required
HYUNDAI-E-GMP-2587,8.1,57.2,8693,504.7,97.03,Optimal 800V SiC Efficiency
HYUNDAI-E-GMP-2588,16.7,62.9,12716,632.6,96.59,Thermal Derating Required
HYUNDAI-E-GMP-2589,24.0,76.9,1232,744.0,96.2,Thermal Derating Required
HYUNDAI-E-GMP-2590,20.2,88.9,14199,866.5,95.77,Thermal Derating Required
HYUNDAI-E-GMP-2591,14.7,88.6,8391,688.0,96.39,Thermal Derating Required
HYUNDAI-E-GMP-2592,17.5,59.4,6587,627.2,96.6,Thermal Derating Required
HYUNDAI-E-GMP-2593,19.3,51.7,3245,607.9,96.67,Thermal Derating Required
HYUNDAI-E-GMP-2594,19.3,89.5,6580,740.8,96.21,Thermal Derating Required
HYUNDAI-E-GMP-2595,13.7,87.2,14086,743.6,96.2,Thermal Derating Required
HYUNDAI-E-GMP-2596,22.7,55.2,13885,795.4,96.02,Thermal Derating Required
HYUNDAI-E-GMP-2597,8.8,63.5,6782,489.3,97.09,Optimal 800V SiC Efficiency
HYUNDAI-E-GMP-2598,16.9,49.5,2785,503.1,97.04,Optimal 800V SiC Efficiency
HYUNDAI-E-GMP-2599,23.5,69.9,10908,796.6,96.01,Thermal Derating Required
HYUNDAI-E-GMP-2600,8.5,63.6,10299,534.4,96.93,Thermal Derating Required
HYUNDAI-E-GMP-2601,12.8,69.0,13392,654.6,96.51,Thermal Derating Required
HYUNDAI-E-GMP-2602,8.2,45.3,1192,350.6,97.57,Optimal 800V SiC Efficiency
HYUNDAI-E-GMP-2603,15.1,45.4,15469,564.8,96.82,Thermal Derating Required
HYUNDAI-E-GMP-2604,16.0,79.6,2127,640.5,96.56,Thermal Derating Required
HYUNDAI-E-GMP-2605,22.0,84.1,9554,818.5,95.94,Thermal Derating Required
HYUNDAI-E-GMP-2606,18.8,94.5,10060,799.4,96.0,Thermal Derating Required
HYUNDAI-E-GMP-2607,11.6,92.3,3379,634.5,96.58,Thermal Derating Required
HYUNDAI-E-GMP-2608,23.0,73.8,10347,821.8,95.92,Thermal Derating Required
HYUNDAI-E-GMP-2609,22.0,73.1,2921,705.5,96.33,Thermal Derating Required
HYUNDAI-E-GMP-2610,21.0,59.6,6283,696.1,96.36,Thermal Derating Required
HYUNDAI-E-GMP-2611,21.6,67.2,2830,686.0,96.4,Thermal Derating Required
HYUNDAI-E-GMP-2612,15.2,46.3,3118,515.0,97.0,Optimal 800V SiC Efficiency
HYUNDAI-E-GMP-2613,23.9,67.5,5168,719.2,96.28,Thermal Derating Required
HYUNDAI-E-GMP-2614,20.8,58.3,2958,693.8,96.37,Thermal Derating Required
HYUNDAI-E-GMP-2615,18.8,88.6,13455,796.8,96.01,Thermal Derating Required
HYUNDAI-E-GMP-2616,16.8,58.8,8611,589.1,96.74,Thermal Derating Required
HYUNDAI-E-GMP-2617,17.8,87.5,12261,778.3,96.08,Thermal Derating Required
HYUNDAI-E-GMP-2618,21.6,71.9,9970,811.4,95.96,Thermal Derating Required
HYUNDAI-E-GMP-2619,12.8,77.2,9811,645.4,96.54,Thermal Derating Required
HYUNDAI-E-GMP-2620,11.5,73.9,9594,614.0,96.65,Thermal Derating Required
HYUNDAI-E-GMP-2621,18.7,46.5,1921,549.1,96.88,Thermal Derating Required
HYUNDAI-E-GMP-2622,14.6,47.3,15867,594.8,96.72,Thermal Derating Required
HYUNDAI-E-GMP-2623,19.4,57.6,13993,706.2,96.33,Thermal Derating Required
HYUNDAI-E-GMP-2624,21.6,58.9,1805,720.7,96.28,Thermal Derating Required
HYUNDAI-E-GMP-2625,15.0,94.2,1907,698.2,96.36,Thermal Derating Required
HYUNDAI-E-GMP-2626,23.4,81.1,3541,813.6,95.95,Thermal Derating Required
HYUNDAI-E-GMP-2627,15.3,64.2,2004,576.6,96.78,Thermal Derating Required
HYUNDAI-E-GMP-2628,22.2,76.5,7916,792.1,96.03,Thermal Derating Required
HYUNDAI-E-GMP-2629,9.3,82.5,11898,583.7,96.76,Thermal Derating Required
HYUNDAI-E-GMP-2630,19.2,90.5,2048,782.2,96.06,Thermal Derating Required
HYUNDAI-E-GMP-2631,11.9,83.0,14864,676.6,96.43,Thermal Derating Required
HYUNDAI-E-GMP-2632,11.8,80.2,7564,584.5,96.75,Thermal Derating Required
HYUNDAI-E-GMP-2633,17.9,54.7,5906,610.0,96.66,Thermal Derating Required
HYUNDAI-E-GMP-2634,15.8,56.5,2737,566.1,96.82,Thermal Derating Required
HYUNDAI-E-GMP-2635,9.4,62.8,7590,472.3,97.15,Optimal 800V SiC Efficiency
HYUNDAI-E-GMP-2636,23.1,86.1,6109,846.6,95.84,Thermal Derating Required
HYUNDAI-E-GMP-2637,20.8,76.8,7755,763.6,96.13,Thermal Derating Required
HYUNDAI-E-GMP-2638,10.7,50.1,12666,458.5,97.2,Optimal 800V SiC Efficiency
HYUNDAI-E-GMP-2639,22.8,88.2,2712,782.8,96.06,Thermal Derating Required
HYUNDAI-E-GMP-2640,8.2,81.6,1290,543.3,96.9,Thermal Derating Required
HYUNDAI-E-GMP-2641,14.4,54.2,13987,567.2,96.81,Thermal Derating Required
HYUNDAI-E-GMP-2642,9.5,70.9,2611,495.5,97.07,Optimal 800V SiC Efficiency
HYUNDAI-E-GMP-2643,17.3,52.2,7599,571.3,96.8,Thermal Derating Required
HYUNDAI-E-GMP-2644,17.1,77.0,12029,721.6,96.27,Thermal Derating Required
HYUNDAI-E-GMP-2645,18.7,83.3,5904,714.3,96.3,Thermal Derating Required
HYUNDAI-E-GMP-2646,14.6,59.1,10858,642.9,96.55,Thermal Derating Required
HYUNDAI-E-GMP-2647,22.2,86.6,13212,884.8,95.7,Thermal Derating Required
HYUNDAI-E-GMP-2648,17.3,81.9,2202,628.2,96.6,Thermal Derating Required
HYUNDAI-E-GMP-2649,17.8,72.0,8577,759.6,96.14,Thermal Derating Required
HYUNDAI-E-GMP-2650,9.5,85.0,6003,616.8,96.64,Thermal Derating Required
HYUNDAI-E-GMP-2651,20.0,88.2,14059,852.1,95.82,Thermal Derating Required
HYUNDAI-E-GMP-2652,22.4,82.0,15080,902.0,95.64,Thermal Derating Required
HYUNDAI-E-GMP-2653,18.3,69.0,8800,739.4,96.21,Thermal Derating Required
HYUNDAI-E-GMP-2654,19.5,61.2,2438,636.7,96.57,Thermal Derating Required
HYUNDAI-E-GMP-2655,12.3,45.7,8047,455.9,97.2,Optimal 800V SiC Efficiency
HYUNDAI-E-GMP-2656,11.2,88.9,5714,602.8,96.69,Thermal Derating Required
HYUNDAI-E-GMP-2657,11.8,74.6,5295,583.9,96.76,Thermal Derating Required
HYUNDAI-E-GMP-2658,12.0,45.1,9165,506.7,97.03,Optimal 800V SiC Efficiency
HYUNDAI-E-GMP-2659,12.1,64.3,4539,551.4,96.87,Thermal Derating Required
HYUNDAI-E-GMP-2660,8.3,61.4,5097,463.5,97.18,Optimal 800V SiC Efficiency
HYUNDAI-E-GMP-2661,10.1,54.7,12613,527.5,96.95,Thermal Derating Required
HYUNDAI-E-GMP-2662,14.6,65.3,12693,647.1,96.54,Thermal Derating Required
HYUNDAI-E-GMP-2663,16.8,69.8,9975,656.0,96.5,Thermal Derating Required
HYUNDAI-E-GMP-2664,12.0,83.2,14440,697.5,96.36,Thermal Derating Required
HYUNDAI-E-GMP-2665,8.4,59.3,4573,394.3,97.42,Optimal 800V SiC Efficiency
HYUNDAI-E-GMP-2666,18.6,94.4,11444,859.0,95.79,Thermal Derating Required
HYUNDAI-E-GMP-2667,11.0,69.1,7446,516.4,96.99,Optimal 800V SiC Efficiency
HYUNDAI-E-GMP-2668,17.1,71.4,13577,694.7,96.37,Thermal Derating Required
HYUNDAI-E-GMP-2669,17.5,63.0,6788,627.4,96.6,Thermal Derating Required
HYUNDAI-E-GMP-2670,15.8,73.2,13486,708.6,96.32,Thermal Derating Required
HYUNDAI-E-GMP-2671,11.8,83.0,14097,663.5,96.48,Thermal Derating Required
HYUNDAI-E-GMP-2672,23.7,49.1,6677,679.9,96.42,Thermal Derating Required
HYUNDAI-E-GMP-2673,16.8,48.0,14216,640.6,96.56,Thermal Derating Required
HYUNDAI-E-GMP-2674,8.2,71.5,6212,453.3,97.21,Optimal 800V SiC Efficiency
HYUNDAI-E-GMP-2675,11.1,46.2,2493,453.7,97.21,Optimal 800V SiC Efficiency
HYUNDAI-E-GMP-2676,19.9,50.8,4721,609.9,96.67,Thermal Derating Required
HYUNDAI-E-GMP-2677,17.9,89.6,9585,823.9,95.92,Thermal Derating Required
HYUNDAI-E-GMP-2678,8.6,73.4,10698,539.3,96.91,Thermal Derating Required
HYUNDAI-E-GMP-2679,14.8,54.7,3892,545.6,96.89,Thermal Derating Required
HYUNDAI-E-GMP-2680,17.6,87.9,10420,777.6,96.08,Thermal Derating Required
HYUNDAI-E-GMP-2681,10.1,51.0,3586,431.9,97.29,Optimal 800V SiC Efficiency
HYUNDAI-E-GMP-2682,11.5,53.4,6349,532.2,96.94,Thermal Derating Required
HYUNDAI-E-GMP-2683,23.6,53.7,11499,745.7,96.19,Thermal Derating Required
HYUNDAI-E-GMP-2684,19.9,54.4,15925,761.8,96.13,Thermal Derating Required
HYUNDAI-E-GMP-2685,22.2,91.1,2410,760.8,96.14,Thermal Derating Required
HYUNDAI-E-GMP-2686,15.5,52.5,6488,546.5,96.89,Thermal Derating Required
HYUNDAI-E-GMP-2687,18.6,53.1,5674,577.2,96.78,Thermal Derating Required
HYUNDAI-E-GMP-2688,20.8,68.6,14441,798.2,96.01,Thermal Derating Required
HYUNDAI-E-GMP-2689,8.6,74.0,14414,560.5,96.84,Thermal Derating Required
HYUNDAI-E-GMP-2690,8.3,72.4,10493,518.1,96.99,Optimal 800V SiC Efficiency
HYUNDAI-E-GMP-2691,16.9,61.5,7807,647.0,96.54,Thermal Derating Required
HYUNDAI-E-GMP-2692,16.9,87.4,6901,725.1,96.26,Thermal Derating Required
HYUNDAI-E-GMP-2693,8.6,57.4,12287,467.2,97.16,Optimal 800V SiC Efficiency
HYUNDAI-E-GMP-2694,12.6,62.0,4001,513.2,97.0,Optimal 800V SiC Efficiency
HYUNDAI-E-GMP-2695,19.8,81.0,15529,825.9,95.91,Thermal Derating Required
HYUNDAI-E-GMP-2696,12.7,69.1,11749,609.6,96.67,Thermal Derating Required
HYUNDAI-E-GMP-2697,12.0,57.1,11192,543.7,96.9,Thermal Derating Required
HYUNDAI-E-GMP-2698,10.7,54.0,8992,488.8,97.09,Optimal 800V SiC Efficiency
HYUNDAI-E-GMP-2699,19.2,47.6,4378,567.9,96.81,Thermal Derating Required
HYUNDAI-E-GMP-2700,13.4,75.6,6000,599.3,96.7,Thermal Derating Required
HYUNDAI-E-GMP-2701,21.4,72.5,7177,806.3,95.98,Thermal Derating Required
HYUNDAI-E-GMP-2702,15.6,46.2,6457,524.8,96.96,Thermal Derating Required
HYUNDAI-E-GMP-2703,22.0,54.3,12131,730.3,96.24,Thermal Derating Required
HYUNDAI-E-GMP-2704,16.0,58.8,2814,573.2,96.79,Thermal Derating Required
HYUNDAI-E-GMP-2705,12.9,64.7,8875,610.3,96.66,Thermal Derating Required
HYUNDAI-E-GMP-2706,14.2,55.8,8874,523.6,96.97,Thermal Derating Required
HYUNDAI-E-GMP-2707,20.6,58.4,7477,643.4,96.55,Thermal Derating Required
HYUNDAI-E-GMP-2708,12.2,69.7,2954,589.3,96.74,Thermal Derating Required
HYUNDAI-E-GMP-2709,13.7,84.8,2456,584.2,96.76,Thermal Derating Required
HYUNDAI-E-GMP-2710,20.4,80.0,14201,814.1,95.95,Thermal Derating Required
HYUNDAI-E-GMP-2711,21.7,68.6,7758,771.2,96.1,Thermal Derating Required
HYUNDAI-E-GMP-2712,14.9,48.3,10662,554.7,96.86,Thermal Derating Required
HYUNDAI-E-GMP-2713,21.9,48.3,12581,660.8,96.49,Thermal Derating Required
HYUNDAI-E-GMP-2714,17.3,69.6,2819,639.9,96.56,Thermal Derating Required
HYUNDAI-E-GMP-2715,19.8,86.7,5158,754.6,96.16,Thermal Derating Required
HYUNDAI-E-GMP-2716,9.4,63.8,3882,502.7,97.04,Optimal 800V SiC Efficiency
HYUNDAI-E-GMP-2717,21.3,52.6,12758,715.9,96.29,Thermal Derating Required
HYUNDAI-E-GMP-2718,16.0,93.6,12292,777.9,96.08,Thermal Derating Required
HYUNDAI-E-GMP-2719,22.4,68.0,13464,823.5,95.92,Thermal Derating Required
HYUNDAI-E-GMP-2720,18.2,70.8,13471,739.9,96.21,Thermal Derating Required
HYUNDAI-E-GMP-2721,21.3,82.0,6762,820.0,95.93,Thermal Derating Required
HYUNDAI-E-GMP-2722,19.0,66.1,14114,744.5,96.19,Thermal Derating Required
HYUNDAI-E-GMP-2723,12.2,94.0,15501,744.0,96.2,Thermal Derating Required
HYUNDAI-E-GMP-2724,14.1,54.4,1574,523.6,96.97,Thermal Derating Required
HYUNDAI-E-GMP-2725,8.5,87.4,11997,674.7,96.44,Thermal Derating Required
HYUNDAI-E-GMP-2726,16.4,92.8,14980,794.0,96.02,Thermal Derating Required
HYUNDAI-E-GMP-2727,19.6,73.3,3508,719.7,96.28,Thermal Derating Required
HYUNDAI-E-GMP-2728,12.0,51.3,13285,524.0,96.97,Thermal Derating Required
HYUNDAI-E-GMP-2729,19.4,88.1,10771,832.5,95.89,Thermal Derating Required
HYUNDAI-E-GMP-2730,22.1,84.8,7803,849.3,95.83,Thermal Derating Required
HYUNDAI-E-GMP-2731,21.3,80.8,14104,834.0,95.88,Thermal Derating Required
HYUNDAI-E-GMP-2732,12.9,94.3,6240,695.4,96.37,Thermal Derating Required
HYUNDAI-E-GMP-2733,11.5,49.0,2547,471.7,97.15,Optimal 800V SiC Efficiency
HYUNDAI-E-GMP-2734,20.0,52.6,2623,573.0,96.79,Thermal Derating Required
HYUNDAI-E-GMP-2735,21.6,46.3,15805,707.0,96.33,Thermal Derating Required
HYUNDAI-E-GMP-2736,22.1,73.1,5517,722.7,96.27,Thermal Derating Required
HYUNDAI-E-GMP-2737,22.3,45.8,11172,637.6,96.57,Thermal Derating Required
HYUNDAI-E-GMP-2738,18.0,60.0,11075,704.1,96.34,Thermal Derating Required
HYUNDAI-E-GMP-2739,20.6,93.4,15463,859.9,95.79,Thermal Derating Required
HYUNDAI-E-GMP-2740,17.6,85.0,7094,707.6,96.32,Thermal Derating Required
HYUNDAI-E-GMP-2741,20.4,74.1,1177,697.1,96.36,Thermal Derating Required
HYUNDAI-E-GMP-2742,16.4,56.9,15438,650.0,96.53,Thermal Derating Required
HYUNDAI-E-GMP-2743,11.0,91.5,10870,712.4,96.31,Thermal Derating Required
HYUNDAI-E-GMP-2744,17.3,49.0,12637,584.8,96.75,Thermal Derating Required
HYUNDAI-E-GMP-2745,13.4,82.2,2683,555.9,96.85,Thermal Derating Required
HYUNDAI-E-GMP-2746,19.2,58.6,3811,620.3,96.63,Thermal Derating Required
HYUNDAI-E-GMP-2747,13.7,84.5,1265,621.9,96.62,Thermal Derating Required
HYUNDAI-E-GMP-2748,18.4,73.6,3367,660.2,96.49,Thermal Derating Required
HYUNDAI-E-GMP-2749,18.2,56.3,1524,610.8,96.66,Thermal Derating Required
HYUNDAI-E-GMP-2750,22.8,59.2,4924,713.3,96.3,Thermal Derating Required
HYUNDAI-E-GMP-2751,16.9,72.2,13021,707.3,96.32,Thermal Derating Required
HYUNDAI-E-GMP-2752,15.9,65.2,14976,636.5,96.57,Thermal Derating Required
HYUNDAI-E-GMP-2753,17.9,77.4,4112,719.4,96.28,Thermal Derating Required
HYUNDAI-E-GMP-2754,23.2,51.5,5587,670.2,96.45,Thermal Derating Required
HYUNDAI-E-GMP-2755,13.1,82.0,1750,590.2,96.73,Thermal Derating Required
HYUNDAI-E-GMP-2756,9.9,54.1,8770,473.3,97.14,Optimal 800V SiC Efficiency
HYUNDAI-E-GMP-2757,14.0,64.5,7656,556.8,96.85,Thermal Derating Required
HYUNDAI-E-GMP-2758,17.1,62.6,8531,611.2,96.66,Thermal Derating Required
HYUNDAI-E-GMP-2759,20.8,88.1,8003,811.9,95.96,Thermal Derating Required
HYUNDAI-E-GMP-2760,9.0,47.0,15902,462.1,97.18,Optimal 800V SiC Efficiency
HYUNDAI-E-GMP-2761,20.7,51.4,14502,710.0,96.31,Thermal Derating Required
HYUNDAI-E-GMP-2762,8.8,70.3,6519,553.6,96.86,Thermal Derating Required
HYUNDAI-E-GMP-2763,15.4,53.9,4033,530.7,96.94,Thermal Derating Required
HYUNDAI-E-GMP-2764,18.9,65.8,8062,667.8,96.46,Thermal Derating Required
HYUNDAI-E-GMP-2765,18.4,59.0,14394,720.7,96.28,Thermal Derating Required
HYUNDAI-E-GMP-2766,10.2,84.0,10268,650.8,96.52,Thermal Derating Required
HYUNDAI-E-GMP-2767,11.2,68.0,7506,574.3,96.79,Thermal Derating Required
HYUNDAI-E-GMP-2768,21.7,76.1,5350,781.8,96.06,Thermal Derating Required
HYUNDAI-E-GMP-2769,22.6,89.4,2271,801.7,95.99,Thermal Derating Required
HYUNDAI-E-GMP-2770,17.5,64.5,3666,610.0,96.66,Thermal Derating Required
HYUNDAI-E-GMP-2771,9.5,56.6,15008,498.8,97.05,Optimal 800V SiC Efficiency
HYUNDAI-E-GMP-2772,18.8,54.9,14790,677.5,96.43,Thermal Derating Required
HYUNDAI-E-GMP-2773,20.7,62.7,7696,677.5,96.43,Thermal Derating Required
HYUNDAI-E-GMP-2774,8.1,73.3,2852,494.7,97.07,Optimal 800V SiC Efficiency
HYUNDAI-E-GMP-2775,15.9,89.4,2619,674.4,96.44,Thermal Derating Required
HYUNDAI-E-GMP-2776,9.4,54.0,12060,469.3,97.16,Optimal 800V SiC Efficiency
HYUNDAI-E-GMP-2777,13.9,59.6,6675,529.0,96.95,Thermal Derating Required
HYUNDAI-E-GMP-2778,21.7,69.3,9162,793.7,96.02,Thermal Derating Required
HYUNDAI-E-GMP-2779,9.7,52.7,5697,416.7,97.34,Optimal 800V SiC Efficiency
HYUNDAI-E-GMP-2780,14.2,68.1,9885,615.7,96.64,Thermal Derating Required
HYUNDAI-E-GMP-2781,19.4,51.0,13135,635.7,96.58,Thermal Derating Required
HYUNDAI-E-GMP-2782,18.9,52.0,10188,672.1,96.45,Thermal Derating Required
HYUNDAI-E-GMP-2783,20.8,64.0,10054,708.7,96.32,Thermal Derating Required
HYUNDAI-E-GMP-2784,22.2,61.5,7552,692.3,96.38,Thermal Derating Required
HYUNDAI-E-GMP-2785,8.5,69.7,15697,595.7,96.72,Thermal Derating Required
HYUNDAI-E-GMP-2786,10.5,92.5,4858,639.2,96.56,Thermal Derating Required
HYUNDAI-E-GMP-2787,22.7,53.0,14339,738.8,96.21,Thermal Derating Required
HYUNDAI-E-GMP-2788,14.0,53.7,8963,575.0,96.79,Thermal Derating Required
HYUNDAI-E-GMP-2789,8.4,93.5,1214,545.0,96.89,Thermal Derating Required
HYUNDAI-E-GMP-2790,20.2,92.2,11779,867.4,95.76,Thermal Derating Required
HYUNDAI-E-GMP-2791,13.1,51.7,8000,493.2,97.07,Optimal 800V SiC Efficiency
HYUNDAI-E-GMP-2792,22.5,94.3,13787,926.4,95.56,Thermal Derating Required
HYUNDAI-E-GMP-2793,20.9,75.0,9338,712.4,96.31,Thermal Derating Required
HYUNDAI-E-GMP-2794,8.2,86.2,4601,512.7,97.01,Thermal Derating Required
HYUNDAI-E-GMP-2795,9.3,79.8,1046,499.3,97.05,Optimal 800V SiC Efficiency
HYUNDAI-E-GMP-2796,15.2,67.2,9901,607.2,96.67,Thermal Derating Required
HYUNDAI-E-GMP-2797,18.5,91.1,6802,775.8,96.08,Thermal Derating Required
HYUNDAI-E-GMP-2798,12.7,72.5,2649,540.7,96.91,Thermal Derating Required
HYUNDAI-E-GMP-2799,15.6,53.6,5779,551.0,96.87,Thermal Derating Required
HYUNDAI-E-GMP-2800,12.3,62.5,7598,552.6,96.87,Thermal Derating Required
HYUNDAI-E-GMP-2801,21.2,60.4,15367,782.5,96.06,Thermal Derating Required
HYUNDAI-E-GMP-2802,18.8,46.4,13410,637.2,96.57,Thermal Derating Required
HYUNDAI-E-GMP-2803,18.5,52.0,11160,656.0,96.5,Thermal Derating Required
HYUNDAI-E-GMP-2804,16.8,49.9,2662,562.7,96.83,Thermal Derating Required
HYUNDAI-E-GMP-2805,20.4,90.0,4762,800.7,96.0,Thermal Derating Required
HYUNDAI-E-GMP-2806,8.2,80.3,6506,492.7,97.08,Optimal 800V SiC Efficiency
HYUNDAI-E-GMP-2807,13.2,71.8,5319,521.7,96.97,Thermal Derating Required
HYUNDAI-E-GMP-2808,19.1,70.7,13810,765.7,96.12,Thermal Derating Required
HYUNDAI-E-GMP-2809,19.1,77.1,13840,732.0,96.24,Thermal Derating Required
HYUNDAI-E-GMP-2810,12.2,47.3,9915,503.5,97.04,Optimal 800V SiC Efficiency
HYUNDAI-E-GMP-2811,13.5,94.7,7244,685.5,96.4,Thermal Derating Required
HYUNDAI-E-GMP-2812,12.5,53.3,10328,565.4,96.82,Thermal Derating Required
HYUNDAI-E-GMP-2813,21.9,70.1,4371,724.2,96.27,Thermal Derating Required
HYUNDAI-E-GMP-2814,20.9,62.3,2427,658.3,96.5,Thermal Derating Required
HYUNDAI-E-GMP-2815,13.8,55.9,12057,580.0,96.77,Thermal Derating Required
HYUNDAI-E-GMP-2816,15.6,66.3,15651,703.1,96.34,Thermal Derating Required
HYUNDAI-E-GMP-2817,12.8,45.9,1109,417.8,97.34,Optimal 800V SiC Efficiency
HYUNDAI-E-GMP-2818,8.5,57.1,14383,516.8,96.99,Optimal 800V SiC Efficiency
HYUNDAI-E-GMP-2819,22.7,93.4,1400,859.0,95.79,Thermal Derating Required
HYUNDAI-E-GMP-2820,16.7,52.9,15274,672.2,96.45,Thermal Derating Required
HYUNDAI-E-GMP-2821,8.7,85.9,10136,617.7,96.64,Thermal Derating Required
HYUNDAI-E-GMP-2822,11.0,78.7,9021,621.3,96.63,Thermal Derating Required
HYUNDAI-E-GMP-2823,18.1,91.4,8832,749.0,96.18,Thermal Derating Required
HYUNDAI-E-GMP-2824,18.6,81.9,6388,777.6,96.08,Thermal Derating Required
HYUNDAI-E-GMP-2825,15.8,68.4,3426,610.0,96.67,Thermal Derating Required
HYUNDAI-E-GMP-2826,17.9,74.0,15324,737.3,96.22,Thermal Derating Required
HYUNDAI-E-GMP-2827,17.7,45.0,8567,573.6,96.79,Thermal Derating Required
HYUNDAI-E-GMP-2828,10.8,58.5,2753,505.9,97.03,Optimal 800V SiC Efficiency
HYUNDAI-E-GMP-2829,11.3,48.5,2771,449.2,97.23,Optimal 800V SiC Efficiency
HYUNDAI-E-GMP-2830,9.3,46.3,8193,443.8,97.25,Optimal 800V SiC Efficiency
HYUNDAI-E-GMP-2831,14.3,94.8,3443,663.4,96.48,Thermal Derating Required
HYUNDAI-E-GMP-2832,19.1,65.5,11153,740.1,96.21,Thermal Derating Required
HYUNDAI-E-GMP-2833,19.8,84.4,7755,782.9,96.06,Thermal Derating Required
HYUNDAI-E-GMP-2834,19.8,64.0,12273,738.7,96.21,Thermal Derating Required
HYUNDAI-E-GMP-2835,18.2,73.3,3620,681.6,96.41,Thermal Derating Required
HYUNDAI-E-GMP-2836,9.0,51.9,5072,411.0,97.36,Optimal 800V SiC Efficiency
HYUNDAI-E-GMP-2837,17.6,85.5,3039,719.3,96.28,Thermal Derating Required
HYUNDAI-E-GMP-2838,8.5,95.0,4876,579.9,96.77,Thermal Derating Required
HYUNDAI-E-GMP-2839,15.5,74.2,9643,666.3,96.47,Thermal Derating Required
HYUNDAI-E-GMP-2840,14.8,87.7,3883,655.6,96.51,Thermal Derating Required
HYUNDAI-E-GMP-2841,12.9,62.9,13098,563.0,96.83,Thermal Derating Required
HYUNDAI-E-GMP-2842,13.4,87.6,1982,592.6,96.73,Thermal Derating Required
HYUNDAI-E-GMP-2843,13.6,72.7,11590,677.1,96.43,Thermal Derating Required
HYUNDAI-E-GMP-2844,20.1,78.1,13169,814.6,95.95,Thermal Derating Required
HYUNDAI-E-GMP-2845,14.4,84.5,1380,643.9,96.55,Thermal Derating Required
HYUNDAI-E-GMP-2846,18.6,71.0,15313,750.3,96.17,Thermal Derating Required
HYUNDAI-E-GMP-2847,20.9,53.2,6688,685.0,96.4,Thermal Derating Required
HYUNDAI-E-GMP-2848,20.9,57.9,2881,689.6,96.39,Thermal Derating Required
HYUNDAI-E-GMP-2849,22.4,53.2,1300,613.4,96.65,Thermal Derating Required
HYUNDAI-E-GMP-2850,13.0,75.7,9975,669.3,96.46,Thermal Derating Required
HYUNDAI-E-GMP-2851,19.3,55.7,6493,679.4,96.42,Thermal Derating Required
HYUNDAI-E-GMP-2852,18.0,56.1,5032,598.9,96.7,Thermal Derating Required
HYUNDAI-E-GMP-2853,13.7,86.9,15950,735.7,96.23,Thermal Derating Required
HYUNDAI-E-GMP-2854,10.8,70.8,12645,567.8,96.81,Thermal Derating Required
HYUNDAI-E-GMP-2855,10.5,85.6,10088,603.5,96.69,Thermal Derating Required
HYUNDAI-E-GMP-2856,18.6,72.2,1650,604.1,96.69,Thermal Derating Required
HYUNDAI-E-GMP-2857,17.7,82.9,14595,761.4,96.14,Thermal Derating Required
HYUNDAI-E-GMP-2858,19.8,45.3,1409,624.1,96.62,Thermal Derating Required
HYUNDAI-E-GMP-2859,15.2,68.7,1833,611.3,96.66,Thermal Derating Required
HYUNDAI-E-GMP-2860,11.3,76.1,15267,638.1,96.57,Thermal Derating Required
HYUNDAI-E-GMP-2861,12.6,53.2,13168,547.0,96.89,Thermal Derating Required
HYUNDAI-E-GMP-2862,18.7,56.3,10481,637.7,96.57,Thermal Derating Required
HYUNDAI-E-GMP-2863,15.1,55.2,14962,614.9,96.65,Thermal Derating Required
HYUNDAI-E-GMP-2864,9.4,61.4,1651,446.0,97.24,Optimal 800V SiC Efficiency
HYUNDAI-E-GMP-2865,18.7,63.1,8785,638.9,96.56,Thermal Derating Required
HYUNDAI-E-GMP-2866,23.6,70.3,11856,821.7,95.92,Thermal Derating Required
HYUNDAI-E-GMP-2867,16.2,65.4,13971,699.4,96.35,Thermal Derating Required
HYUNDAI-E-GMP-2868,14.6,49.4,4794,496.4,97.06,Optimal 800V SiC Efficiency
HYUNDAI-E-GMP-2869,18.2,92.2,6049,831.5,95.89,Thermal Derating Required
HYUNDAI-E-GMP-2870,8.9,94.8,8213,645.2,96.54,Thermal Derating Required
HYUNDAI-E-GMP-2871,11.2,88.8,14931,701.5,96.34,Thermal Derating Required
HYUNDAI-E-GMP-2872,13.8,79.8,11125,656.2,96.5,Thermal Derating Required
HYUNDAI-E-GMP-2873,10.8,73.3,7697,561.9,96.83,Thermal Derating Required
HYUNDAI-E-GMP-2874,14.8,87.2,3753,639.1,96.56,Thermal Derating Required
HYUNDAI-E-GMP-2875,22.9,92.8,6494,840.6,95.86,Thermal Derating Required
HYUNDAI-E-GMP-2876,19.4,68.5,13960,738.3,96.22,Thermal Derating Required
HYUNDAI-E-GMP-2877,11.0,74.9,1479,506.9,97.03,Optimal 800V SiC Efficiency
HYUNDAI-E-GMP-2878,17.4,63.6,11746,677.1,96.43,Thermal Derating Required
HYUNDAI-E-GMP-2879,23.1,61.1,6790,705.9,96.33,Thermal Derating Required
HYUNDAI-E-GMP-2880,20.1,51.8,4347,610.7,96.66,Thermal Derating Required
HYUNDAI-E-GMP-2881,13.2,49.4,5634,432.6,97.29,Optimal 800V SiC Efficiency
HYUNDAI-E-GMP-2882,11.8,64.2,2717,509.1,97.02,Optimal 800V SiC Efficiency
HYUNDAI-E-GMP-2883,21.8,93.5,15259,894.8,95.67,Thermal Derating Required
HYUNDAI-E-GMP-2884,11.6,83.3,8010,663.7,96.48,Thermal Derating Required
HYUNDAI-E-GMP-2885,8.3,62.8,7956,494.4,97.07,Optimal 800V SiC Efficiency
HYUNDAI-E-GMP-2886,16.1,62.3,10639,633.8,96.58,Thermal Derating Required
HYUNDAI-E-GMP-2887,13.0,94.1,5815,721.4,96.28,Thermal Derating Required
HYUNDAI-E-GMP-2888,16.1,78.5,13744,721.8,96.27,Thermal Derating Required
HYUNDAI-E-GMP-2889,18.7,70.0,13592,752.2,96.17,Thermal Derating Required
HYUNDAI-E-GMP-2890,21.2,78.4,7651,826.1,95.91,Thermal Derating Required
HYUNDAI-E-GMP-2891,23.7,50.7,10216,749.9,96.18,Thermal Derating Required
HYUNDAI-E-GMP-2892,12.4,72.6,6413,593.9,96.72,Thermal Derating Required
HYUNDAI-E-GMP-2893,9.2,73.3,6074,489.2,97.09,Optimal 800V SiC Efficiency
HYUNDAI-E-GMP-2894,18.8,50.4,15631,694.2,96.37,Thermal Derating Required
HYUNDAI-E-GMP-2895,20.6,91.4,1670,761.1,96.14,Thermal Derating Required
HYUNDAI-E-GMP-2896,23.5,87.5,5162,859.4,95.79,Thermal Derating Required
HYUNDAI-E-GMP-2897,17.1,53.8,7449,613.1,96.65,Thermal Derating Required
HYUNDAI-E-GMP-2898,16.9,48.9,4860,560.2,96.84,Thermal Derating Required
HYUNDAI-E-GMP-2899,10.3,72.0,5165,540.4,96.91,Thermal Derating Required
HYUNDAI-E-GMP-2900,9.5,66.2,4879,482.6,97.11,Optimal 800V SiC Efficiency
HYUNDAI-E-GMP-2901,21.7,86.2,5880,799.2,96.0,Thermal Derating Required
HYUNDAI-E-GMP-2902,16.3,48.2,3150,475.8,97.13,Optimal 800V SiC Efficiency
HYUNDAI-E-GMP-2903,21.4,63.0,10935,773.1,96.09,Thermal Derating Required
HYUNDAI-E-GMP-2904,21.4,62.9,7361,766.5,96.12,Thermal Derating Required
HYUNDAI-E-GMP-2905,22.1,80.2,2633,715.6,96.3,Thermal Derating Required
HYUNDAI-E-GMP-2906,22.7,48.1,13577,757.4,96.15,Thermal Derating Required
HYUNDAI-E-GMP-2907,21.5,77.8,6503,768.9,96.11,Thermal Derating Required
HYUNDAI-E-GMP-2908,10.1,55.1,1062,436.9,97.27,Optimal 800V SiC Efficiency
HYUNDAI-E-GMP-2909,12.2,88.1,5571,617.8,96.64,Thermal Derating Required
HYUNDAI-E-GMP-2910,21.9,64.5,2395,703.8,96.34,Thermal Derating Required
HYUNDAI-E-GMP-2911,14.8,85.6,10550,708.2,96.32,Thermal Derating Required
HYUNDAI-E-GMP-2912,18.2,72.2,4748,694.7,96.37,Thermal Derating Required
HYUNDAI-E-GMP-2913,18.3,93.2,8591,760.5,96.14,Thermal Derating Required
HYUNDAI-E-GMP-2914,22.0,80.2,8243,782.2,96.06,Thermal Derating Required
HYUNDAI-E-GMP-2915,19.7,55.2,11798,711.1,96.31,Thermal Derating Required
HYUNDAI-E-GMP-2916,8.1,55.0,1801,392.1,97.43,Optimal 800V SiC Efficiency
HYUNDAI-E-GMP-2917,22.9,90.9,15394,922.8,95.57,Thermal Derating Required
HYUNDAI-E-GMP-2918,13.7,79.9,14945,706.8,96.33,Thermal Derating Required
HYUNDAI-E-GMP-2919,16.3,88.6,15671,815.1,95.95,Thermal Derating Required
HYUNDAI-E-GMP-2920,18.9,79.5,4681,694.2,96.37,Thermal Derating Required
HYUNDAI-E-GMP-2921,10.8,52.6,13191,522.2,96.97,Thermal Derating Required
HYUNDAI-E-GMP-2922,16.1,73.6,8215,684.4,96.4,Thermal Derating Required
HYUNDAI-E-GMP-2923,22.3,57.1,7977,701.2,96.35,Thermal Derating Required
HYUNDAI-E-GMP-2924,15.6,57.6,8745,553.9,96.86,Thermal Derating Required
HYUNDAI-E-GMP-2925,11.2,68.7,12099,616.1,96.64,Thermal Derating Required
HYUNDAI-E-GMP-2926,21.4,83.6,10595,842.3,95.85,Thermal Derating Required
HYUNDAI-E-GMP-2927,15.9,48.4,2855,498.5,97.06,Optimal 800V SiC Efficiency
HYUNDAI-E-GMP-2928,20.6,67.1,10370,767.0,96.12,Thermal Derating Required
HYUNDAI-E-GMP-2929,15.4,75.6,2240,622.4,96.62,Thermal Derating Required
HYUNDAI-E-GMP-2930,8.3,78.7,15657,546.0,96.89,Thermal Derating Required
HYUNDAI-E-GMP-2931,14.4,92.8,8054,736.7,96.22,Thermal Derating Required
HYUNDAI-E-GMP-2932,9.5,60.5,8061,508.8,97.02,Optimal 800V SiC Efficiency
HYUNDAI-E-GMP-2933,18.9,72.2,9765,736.9,96.22,Thermal Derating Required
HYUNDAI-E-GMP-2934,8.7,65.3,11738,521.2,96.98,Thermal Derating Required
HYUNDAI-E-GMP-2935,20.3,50.5,14270,723.5,96.27,Thermal Derating Required
HYUNDAI-E-GMP-2936,23.6,82.4,10729,831.4,95.89,Thermal Derating Required
HYUNDAI-E-GMP-2937,13.8,81.1,15756,735.5,96.23,Thermal Derating Required
HYUNDAI-E-GMP-2938,19.6,83.8,11989,767.8,96.11,Thermal Derating Required
HYUNDAI-E-GMP-2939,23.5,45.5,9378,669.4,96.46,Thermal Derating Required
HYUNDAI-E-GMP-2940,9.2,77.9,14393,638.4,96.57,Thermal Derating Required
HYUNDAI-E-GMP-2941,22.9,72.5,5430,758.6,96.14,Thermal Derating Required
HYUNDAI-E-GMP-2942,19.9,77.1,8297,757.5,96.15,Thermal Derating Required
HYUNDAI-E-GMP-2943,18.5,79.5,1639,703.2,96.34,Thermal Derating Required
HYUNDAI-E-GMP-2944,12.0,49.0,12500,517.2,96.99,Optimal 800V SiC Efficiency
HYUNDAI-E-GMP-2945,8.5,55.5,13434,473.7,97.14,Optimal 800V SiC Efficiency
HYUNDAI-E-GMP-2946,18.4,53.1,6931,640.4,96.56,Thermal Derating Required
HYUNDAI-E-GMP-2947,17.7,59.9,4966,618.8,96.63,Thermal Derating Required
HYUNDAI-E-GMP-2948,15.0,94.4,13764,797.4,96.01,Thermal Derating Required
HYUNDAI-E-GMP-2949,8.1,76.1,7552,521.5,96.97,Thermal Derating Required
HYUNDAI-E-GMP-2950,9.2,65.0,9357,497.2,97.06,Optimal 800V SiC Efficiency
HYUNDAI-E-GMP-2951,14.4,66.6,9021,610.7,96.66,Thermal Derating Required
HYUNDAI-E-GMP-2952,14.9,86.0,13000,722.8,96.27,Thermal Derating Required
HYUNDAI-E-GMP-2953,15.1,75.5,14552,709.0,96.32,Thermal Derating Required
HYUNDAI-E-GMP-2954,20.1,81.2,7915,744.1,96.2,Thermal Derating Required
HYUNDAI-E-GMP-2955,11.1,87.3,15222,626.3,96.61,Thermal Derating Required
HYUNDAI-E-GMP-2956,19.5,64.2,10911,706.7,96.33,Thermal Derating Required
HYUNDAI-E-GMP-2957,17.8,49.0,8037,596.9,96.71,Thermal Derating Required
HYUNDAI-E-GMP-2958,19.2,58.2,6394,667.6,96.46,Thermal Derating Required
HYUNDAI-E-GMP-2959,11.9,68.6,3609,511.3,97.01,Optimal 800V SiC Efficiency
HYUNDAI-E-GMP-2960,20.8,74.6,9622,788.6,96.04,Thermal Derating Required
HYUNDAI-E-GMP-2961,9.4,90.6,10854,614.5,96.65,Thermal Derating Required
HYUNDAI-E-GMP-2962,22.4,48.3,10028,702.1,96.34,Thermal Derating Required
HYUNDAI-E-GMP-2963,14.8,77.4,8869,684.1,96.41,Thermal Derating Required
HYUNDAI-E-GMP-2964,13.4,81.7,9636,626.2,96.61,Thermal Derating Required
HYUNDAI-E-GMP-2965,8.6,74.9,2301,500.3,97.05,Optimal 800V SiC Efficiency
HYUNDAI-E-GMP-2966,9.6,86.2,4209,546.8,96.89,Thermal Derating Required
HYUNDAI-E-GMP-2967,18.8,60.2,5608,613.8,96.65,Thermal Derating Required
HYUNDAI-E-GMP-2968,21.2,80.7,15002,855.0,95.81,Thermal Derating Required
HYUNDAI-E-GMP-2969,17.2,51.3,5378,538.0,96.92,Thermal Derating Required
HYUNDAI-E-GMP-2970,24.0,45.5,14781,779.3,96.07,Thermal Derating Required
HYUNDAI-E-GMP-2971,13.9,55.5,5494,549.7,96.88,Thermal Derating Required
HYUNDAI-E-GMP-2972,10.0,53.5,10031,525.2,96.96,Thermal Derating Required
HYUNDAI-E-GMP-2973,12.8,47.0,7061,497.7,97.06,Optimal 800V SiC Efficiency
HYUNDAI-E-GMP-2974,16.7,85.7,1919,712.4,96.31,Thermal Derating Required
HYUNDAI-E-GMP-2975,15.8,72.7,1460,577.4,96.78,Thermal Derating Required
HYUNDAI-E-GMP-2976,16.7,52.8,4289,550.8,96.87,Thermal Derating Required
HYUNDAI-E-GMP-2977,22.3,64.4,10753,769.4,96.11,Thermal Derating Required
HYUNDAI-E-GMP-2978,16.4,59.9,15896,659.6,96.49,Thermal Derating Required
HYUNDAI-E-GMP-2979,13.6,54.7,2808,521.1,96.98,Thermal Derating Required
HYUNDAI-E-GMP-2980,15.3,45.3,11161,579.8,96.77,Thermal Derating Required
HYUNDAI-E-GMP-2981,19.4,57.0,5268,680.9,96.42,Thermal Derating Required
HYUNDAI-E-GMP-2982,22.2,82.8,1485,754.0,96.16,Thermal Derating Required
HYUNDAI-E-GMP-2983,17.4,72.5,2575,676.3,96.43,Thermal Derating Required
HYUNDAI-E-GMP-2984,19.9,77.7,7890,772.5,96.1,Thermal Derating Required
HYUNDAI-E-GMP-2985,17.1,94.3,4130,735.6,96.23,Thermal Derating Required
HYUNDAI-E-GMP-2986,17.5,89.6,8673,751.9,96.17,Thermal Derating Required
HYUNDAI-E-GMP-2987,18.1,64.2,6349,657.5,96.5,Thermal Derating Required
HYUNDAI-E-GMP-2988,20.5,73.3,13023,782.0,96.06,Thermal Derating Required
HYUNDAI-E-GMP-2989,19.2,51.0,1777,630.3,96.59,Thermal Derating Required
HYUNDAI-E-GMP-2990,19.2,71.5,2996,670.9,96.45,Thermal Derating Required
HYUNDAI-E-GMP-2991,14.4,78.4,15605,740.3,96.21,Thermal Derating Required
HYUNDAI-E-GMP-2992,13.4,93.5,9434,705.8,96.33,Thermal Derating Required
HYUNDAI-E-GMP-2993,22.6,91.9,14218,969.9,95.41,Thermal Derating Required
HYUNDAI-E-GMP-2994,9.7,55.8,14027,479.1,97.12,Optimal 800V SiC Efficiency
HYUNDAI-E-GMP-2995,9.9,92.4,11126,651.7,96.52,Thermal Derating Required
HYUNDAI-E-GMP-2996,9.2,73.8,12424,579.7,96.77,Thermal Derating Required
HYUNDAI-E-GMP-2997,23.1,59.1,5776,728.0,96.25,Thermal Derating Required
HYUNDAI-E-GMP-2998,21.0,81.5,5345,795.9,96.01,Thermal Derating Required
HYUNDAI-E-GMP-2999,18.2,91.2,7579,789.0,96.04,Thermal Derating Required
HYUNDAI-E-GMP-3000,15.2,59.5,15376,601.2,96.7,Thermal Derating Required
HYUNDAI-E-GMP-3001,12.6,77.4,8131,631.0,96.59,Thermal Derating Required
HYUNDAI-E-GMP-3002,21.5,69.9,13284,793.3,96.02,Thermal Derating Required
HYUNDAI-E-GMP-3003,16.8,63.4,4993,605.4,96.68,Thermal Derating Required
HYUNDAI-E-GMP-3004,20.0,81.1,10455,814.6,95.95,Thermal Derating Required
HYUNDAI-E-GMP-3005,10.9,72.1,11314,584.6,96.75,Thermal Derating Required
HYUNDAI-E-GMP-3006,20.6,83.8,10153,817.8,95.94,Thermal Derating Required
HYUNDAI-E-GMP-3007,13.1,72.5,3897,606.1,96.68,Thermal Derating Required
HYUNDAI-E-GMP-3008,14.8,49.5,13835,581.7,96.76,Thermal Derating Required
HYUNDAI-E-GMP-3009,9.8,79.8,3426,571.2,96.8,Thermal Derating Required
HYUNDAI-E-GMP-3010,21.1,60.2,14349,783.1,96.06,Thermal Derating Required
HYUNDAI-E-GMP-3011,17.8,92.1,10072,815.0,95.95,Thermal Derating Required
HYUNDAI-E-GMP-3012,23.8,55.3,6272,719.2,96.28,Thermal Derating Required
HYUNDAI-E-GMP-3013,9.3,51.8,5452,427.8,97.3,Optimal 800V SiC Efficiency
HYUNDAI-E-GMP-3014,10.4,46.0,7584,429.0,97.3,Optimal 800V SiC Efficiency
HYUNDAI-E-GMP-3015,14.0,84.4,3192,625.7,96.61,Thermal Derating Required
HYUNDAI-E-GMP-3016,16.4,61.4,3830,623.2,96.62,Thermal Derating Required
HYUNDAI-E-GMP-3017,15.1,93.6,14419,799.8,96.0,Thermal Derating Required
HYUNDAI-E-GMP-3018,19.9,53.0,2561,616.9,96.64,Thermal Derating Required
HYUNDAI-E-GMP-3019,17.4,60.5,15965,629.8,96.6,Thermal Derating Required
HYUNDAI-E-GMP-3020,18.1,82.6,14523,839.7,95.86,Thermal Derating Required
HYUNDAI-E-GMP-3021,9.2,74.5,5523,499.8,97.05,Optimal 800V SiC Efficiency
HYUNDAI-E-GMP-3022,17.1,58.6,13418,669.9,96.46,Thermal Derating Required
HYUNDAI-E-GMP-3023,15.6,51.6,2189,535.4,96.93,Thermal Derating Required
HYUNDAI-E-GMP-3024,8.4,84.7,8020,544.4,96.89,Thermal Derating Required
HYUNDAI-E-GMP-3025,10.8,90.2,11425,645.8,96.54,Thermal Derating Required
HYUNDAI-E-GMP-3026,18.7,80.1,14266,816.0,95.94,Thermal Derating Required
HYUNDAI-E-GMP-3027,10.0,71.5,4340,489.5,97.09,Optimal 800V SiC Efficiency
HYUNDAI-E-GMP-3028,11.6,54.0,11208,507.2,97.02,Optimal 800V SiC Efficiency
HYUNDAI-E-GMP-3029,23.6,57.1,6947,743.1,96.2,Thermal Derating Required
HYUNDAI-E-GMP-3030,14.8,91.9,12577,727.7,96.25,Thermal Derating Required
HYUNDAI-E-GMP-3031,23.5,81.1,1427,765.7,96.12,Thermal Derating Required
HYUNDAI-E-GMP-3032,22.7,66.3,2628,725.4,96.26,Thermal Derating Required
HYUNDAI-E-GMP-3033,12.0,47.5,11847,540.3,96.91,Thermal Derating Required
HYUNDAI-E-GMP-3034,18.0,60.2,11847,719.6,96.28,Thermal Derating Required
HYUNDAI-E-GMP-3035,10.0,77.3,2700,567.1,96.82,Thermal Derating Required
HYUNDAI-E-GMP-3036,23.1,93.6,5542,859.8,95.79,Thermal Derating Required
HYUNDAI-E-GMP-3037,21.8,80.7,3047,742.9,96.2,Thermal Derating Required
HYUNDAI-E-GMP-3038,22.9,58.4,12469,792.4,96.03,Thermal Derating Required
HYUNDAI-E-GMP-3039,16.1,73.9,6631,644.2,96.55,Thermal Derating Required
HYUNDAI-E-GMP-3040,10.3,76.0,8316,565.6,96.82,Thermal Derating Required
HYUNDAI-E-GMP-3041,13.0,62.1,6907,521.8,96.97,Thermal Derating Required
HYUNDAI-E-GMP-3042,15.8,60.5,10610,664.6,96.47,Thermal Derating Required
HYUNDAI-E-GMP-3043,10.9,62.6,5390,477.9,97.13,Optimal 800V SiC Efficiency
HYUNDAI-E-GMP-3044,19.2,69.7,14303,776.6,96.08,Thermal Derating Required
HYUNDAI-E-GMP-3045,16.2,90.3,11524,760.2,96.14,Thermal Derating Required
HYUNDAI-E-GMP-3046,20.3,46.1,15002,638.6,96.57,Thermal Derating Required
HYUNDAI-E-GMP-3047,17.7,80.7,7288,772.6,96.1,Thermal Derating Required
HYUNDAI-E-GMP-3048,21.7,84.5,1669,771.0,96.1,Thermal Derating Required
HYUNDAI-E-GMP-3049,20.9,92.8,5160,821.5,95.92,Thermal Derating Required
HYUNDAI-E-GMP-3050,14.1,50.7,6764,520.6,96.98,Thermal Derating Required
HYUNDAI-E-GMP-3051,17.8,73.6,10914,713.6,96.3,Thermal Derating Required
HYUNDAI-E-GMP-3052,21.1,51.9,11149,672.2,96.45,Thermal Derating Required
HYUNDAI-E-GMP-3053,19.7,58.6,2432,605.3,96.68,Thermal Derating Required
HYUNDAI-E-GMP-3054,15.0,47.3,5683,523.6,96.97,Thermal Derating Required
HYUNDAI-E-GMP-3055,21.5,93.8,4203,852.4,95.82,Thermal Derating Required
HYUNDAI-E-GMP-3056,14.9,63.5,6397,591.1,96.73,Thermal Derating Required
HYUNDAI-E-GMP-3057,23.4,58.1,2935,673.0,96.44,Thermal Derating Required
HYUNDAI-E-GMP-3058,21.4,75.0,3799,778.2,96.08,Thermal Derating Required
HYUNDAI-E-GMP-3059,21.6,73.9,6933,789.2,96.04,Thermal Derating Required
HYUNDAI-E-GMP-3060,19.0,62.3,15622,725.6,96.26,Thermal Derating Required
HYUNDAI-E-GMP-3061,18.7,67.2,11835,764.8,96.12,Thermal Derating Required
HYUNDAI-E-GMP-3062,8.4,78.6,9689,542.7,96.9,Thermal Derating Required
HYUNDAI-E-GMP-3063,16.6,80.2,13847,743.0,96.2,Thermal Derating Required
HYUNDAI-E-GMP-3064,15.5,80.8,3769,699.9,96.35,Thermal Derating Required
HYUNDAI-E-GMP-3065,16.7,71.1,9643,685.1,96.4,Thermal Derating Required
HYUNDAI-E-GMP-3066,22.1,83.6,11397,845.9,95.84,Thermal Derating Required
HYUNDAI-E-GMP-3067,18.3,79.2,8352,734.0,96.23,Thermal Derating Required
HYUNDAI-E-GMP-3068,18.0,66.9,8174,688.6,96.39,Thermal Derating Required
HYUNDAI-E-GMP-3069,16.5,90.0,10123,726.7,96.26,Thermal Derating Required
HYUNDAI-E-GMP-3070,15.4,78.6,8008,677.7,96.43,Thermal Derating Required
HYUNDAI-E-GMP-3071,13.3,83.0,4748,653.4,96.51,Thermal Derating Required
HYUNDAI-E-GMP-3072,11.8,63.2,6770,502.6,97.04,Optimal 800V SiC Efficiency
HYUNDAI-E-GMP-3073,9.4,68.3,8432,533.8,96.93,Thermal Derating Required
HYUNDAI-E-GMP-3074,21.0,88.2,6844,834.9,95.88,Thermal Derating Required
HYUNDAI-E-GMP-3075,20.5,63.8,2040,649.6,96.53,Thermal Derating Required
HYUNDAI-E-GMP-3076,18.6,54.7,9335,631.0,96.59,Thermal Derating Required
HYUNDAI-E-GMP-3077,12.1,77.6,1666,522.3,96.97,Thermal Derating Required
HYUNDAI-E-GMP-3078,20.7,87.4,9737,803.2,95.99,Thermal Derating Required
HYUNDAI-E-GMP-3079,22.8,90.0,7943,867.6,95.76,Thermal Derating Required
HYUNDAI-E-GMP-3080,11.3,91.4,12409,670.0,96.45,Thermal Derating Required
HYUNDAI-E-GMP-3081,17.6,73.8,14937,751.2,96.17,Thermal Derating Required
HYUNDAI-E-GMP-3082,21.5,70.1,8343,734.8,96.23,Thermal Derating Required
HYUNDAI-E-GMP-3083,13.0,61.6,6028,565.5,96.82,Thermal Derating Required
HYUNDAI-E-GMP-3084,18.0,47.8,13725,626.2,96.61,Thermal Derating Required
HYUNDAI-E-GMP-3085,21.7,45.2,7221,660.5,96.49,Thermal Derating Required
HYUNDAI-E-GMP-3086,15.6,71.7,13567,689.1,96.39,Thermal Derating Required
HYUNDAI-E-GMP-3087,14.0,46.0,8362,536.5,96.92,Thermal Derating Required
HYUNDAI-E-GMP-3088,11.2,92.9,4324,611.2,96.66,Thermal Derating Required
HYUNDAI-E-GMP-3089,9.2,46.3,7644,387.1,97.45,Optimal 800V SiC Efficiency
HYUNDAI-E-GMP-3090,11.2,64.4,13395,580.4,96.77,Thermal Derating Required
HYUNDAI-E-GMP-3091,13.9,53.8,5486,496.1,97.06,Optimal 800V SiC Efficiency
HYUNDAI-E-GMP-3092,14.0,55.8,11479,602.4,96.69,Thermal Derating Required
HYUNDAI-E-GMP-3093,9.5,93.0,5124,605.4,96.68,Thermal Derating Required
HYUNDAI-E-GMP-3094,8.9,82.3,6113,557.1,96.85,Thermal Derating Required
HYUNDAI-E-GMP-3095,21.7,82.4,1568,743.7,96.2,Thermal Derating Required
HYUNDAI-E-GMP-3096,16.4,45.9,15330,572.2,96.8,Thermal Derating Required
HYUNDAI-E-GMP-3097,23.5,45.5,4176,638.0,96.57,Thermal Derating Required
HYUNDAI-E-GMP-3098,15.3,78.8,14180,712.9,96.3,Thermal Derating Required
HYUNDAI-E-GMP-3099,20.1,71.9,14138,785.1,96.05,Thermal Derating Required
HYUNDAI-E-GMP-3100,19.2,56.8,11485,710.4,96.31,Thermal Derating Required
HYUNDAI-E-GMP-3101,23.2,90.7,15197,935.7,95.52,Thermal Derating Required
HYUNDAI-E-GMP-3102,19.6,83.8,9085,754.6,96.16,Thermal Derating Required
HYUNDAI-E-GMP-3103,22.7,62.2,11679,825.2,95.91,Thermal Derating Required
HYUNDAI-E-GMP-3104,17.9,87.1,3038,729.5,96.25,Thermal Derating Required
HYUNDAI-E-GMP-3105,20.8,74.5,8430,729.5,96.25,Thermal Derating Required
HYUNDAI-E-GMP-3106,11.0,74.2,4930,548.6,96.88,Thermal Derating Required
HYUNDAI-E-GMP-3107,13.5,92.5,8495,715.9,96.29,Thermal Derating Required
HYUNDAI-E-GMP-3108,14.4,69.1,15008,699.7,96.35,Thermal Derating Required
HYUNDAI-E-GMP-3109,10.4,86.8,11180,661.4,96.49,Thermal Derating Required
HYUNDAI-E-GMP-3110,23.6,94.4,15229,927.3,95.55,Thermal Derating Required
HYUNDAI-E-GMP-3111,21.3,93.7,5562,833.2,95.88,Thermal Derating Required
HYUNDAI-E-GMP-3112,14.4,91.7,11615,717.6,96.29,Thermal Derating Required
HYUNDAI-E-GMP-3113,10.7,65.0,10422,575.0,96.79,Thermal Derating Required
HYUNDAI-E-GMP-3114,10.1,74.0,4927,571.4,96.8,Thermal Derating Required
HYUNDAI-E-GMP-3115,18.3,75.8,7442,769.0,96.11,Thermal Derating Required
HYUNDAI-E-GMP-3116,12.7,48.3,10098,509.3,97.02,Optimal 800V SiC Efficiency
HYUNDAI-E-GMP-3117,8.6,46.3,2214,401.3,97.4,Optimal 800V SiC Efficiency
HYUNDAI-E-GMP-3118,23.9,49.4,1212,662.3,96.48,Thermal Derating Required
HYUNDAI-E-GMP-3119,13.8,73.0,2055,576.1,96.78,Thermal Derating Required
HYUNDAI-E-GMP-3120,8.1,93.5,13195,628.1,96.6,Thermal Derating Required
HYUNDAI-E-GMP-3121,22.3,86.7,14959,888.5,95.69,Thermal Derating Required
HYUNDAI-E-GMP-3122,11.0,54.8,6793,479.4,97.12,Optimal 800V SiC Efficiency
HYUNDAI-E-GMP-3123,18.6,69.7,13826,712.0,96.31,Thermal Derating Required
HYUNDAI-E-GMP-3124,12.5,78.0,5583,595.1,96.72,Thermal Derating Required
HYUNDAI-E-GMP-3125,22.4,65.6,12644,784.5,96.05,Thermal Derating Required
HYUNDAI-E-GMP-3126,23.3,90.7,2099,793.9,96.02,Thermal Derating Required
HYUNDAI-E-GMP-3127,20.2,52.7,6437,643.4,96.55,Thermal Derating Required
HYUNDAI-E-GMP-3128,8.4,77.8,6001,503.6,97.04,Optimal 800V SiC Efficiency
HYUNDAI-E-GMP-3129,20.3,45.9,14288,694.5,96.37,Thermal Derating Required
HYUNDAI-E-GMP-3130,15.4,74.4,14173,708.8,96.32,Thermal Derating Required
HYUNDAI-E-GMP-3131,16.5,92.1,14075,822.4,95.92,Thermal Derating Required
HYUNDAI-E-GMP-3132,11.4,80.8,3093,571.9,96.8,Thermal Derating Required
HYUNDAI-E-GMP-3133,8.9,52.0,1178,419.1,97.33,Optimal 800V SiC Efficiency
HYUNDAI-E-GMP-3134,13.3,86.6,10822,713.6,96.3,Thermal Derating Required
HYUNDAI-E-GMP-3135,9.2,82.2,1348,515.5,97.0,Optimal 800V SiC Efficiency
HYUNDAI-E-GMP-3136,23.9,70.6,10236,834.5,95.88,Thermal Derating Required
HYUNDAI-E-GMP-3137,22.3,71.3,9554,796.3,96.01,Thermal Derating Required
HYUNDAI-E-GMP-3138,17.6,91.5,1693,707.9,96.32,Thermal Derating Required
HYUNDAI-E-GMP-3139,23.0,65.0,10916,759.0,96.14,Thermal Derating Required
HYUNDAI-E-GMP-3140,16.0,75.8,10781,707.7,96.32,Thermal Derating Required
HYUNDAI-E-GMP-3141,23.5,56.0,9981,744.5,96.19,Thermal Derating Required
HYUNDAI-E-GMP-3142,21.0,73.2,12448,810.2,95.96,Thermal Derating Required
HYUNDAI-E-GMP-3143,22.3,76.1,2445,750.7,96.17,Thermal Derating Required
HYUNDAI-E-GMP-3144,9.9,58.4,4342,432.2,97.29,Optimal 800V SiC Efficiency
HYUNDAI-E-GMP-3145,11.4,92.4,14160,726.3,96.26,Thermal Derating Required
HYUNDAI-E-GMP-3146,11.5,45.0,14144,490.6,97.08,Optimal 800V SiC Efficiency
HYUNDAI-E-GMP-3147,21.4,81.1,15800,852.7,95.82,Thermal Derating Required
HYUNDAI-E-GMP-3148,16.4,91.7,6282,776.4,96.08,Thermal Derating Required
HYUNDAI-E-GMP-3149,9.4,83.0,1812,481.3,97.12,Optimal 800V SiC Efficiency
HYUNDAI-E-GMP-3150,8.9,46.7,10738,469.0,97.16,Optimal 800V SiC Efficiency
HYUNDAI-E-GMP-3151,16.1,60.1,13068,704.1,96.34,Thermal Derating Required
HYUNDAI-E-GMP-3152,12.2,77.7,11342,616.8,96.64,Thermal Derating Required
HYUNDAI-E-GMP-3153,11.1,90.0,9432,609.3,96.67,Thermal Derating Required
HYUNDAI-E-GMP-3154,21.4,92.1,2060,810.7,95.96,Thermal Derating Required
HYUNDAI-E-GMP-3155,13.7,79.3,12200,723.4,96.27,Thermal Derating Required
HYUNDAI-E-GMP-3156,11.1,91.1,14116,714.7,96.3,Thermal Derating Required
HYUNDAI-E-GMP-3157,15.5,80.0,8698,717.1,96.29,Thermal Derating Required
HYUNDAI-E-GMP-3158,20.7,74.9,5202,777.5,96.08,Thermal Derating Required
HYUNDAI-E-GMP-3159,19.6,45.9,10677,647.9,96.53,Thermal Derating Required
HYUNDAI-E-GMP-3160,23.2,48.7,2291,580.1,96.77,Thermal Derating Required
HYUNDAI-E-GMP-3161,15.4,58.3,10595,608.6,96.67,Thermal Derating Required
HYUNDAI-E-GMP-3162,8.1,69.2,4566,457.9,97.2,Optimal 800V SiC Efficiency
HYUNDAI-E-GMP-3163,22.4,81.5,3266,755.3,96.16,Thermal Derating Required
HYUNDAI-E-GMP-3164,20.5,63.4,9395,694.0,96.37,Thermal Derating Required
HYUNDAI-E-GMP-3165,18.2,68.3,13377,725.8,96.26,Thermal Derating Required
HYUNDAI-E-GMP-3166,23.0,49.8,12361,757.3,96.15,Thermal Derating Required
HYUNDAI-E-GMP-3167,15.1,82.9,15632,746.5,96.19,Thermal Derating Required
HYUNDAI-E-GMP-3168,10.2,60.8,12891,530.9,96.94,Thermal Derating Required
HYUNDAI-E-GMP-3169,14.7,88.5,8528,740.9,96.21,Thermal Derating Required
HYUNDAI-E-GMP-3170,19.3,65.3,12123,721.9,96.27,Thermal Derating Required
HYUNDAI-E-GMP-3171,8.3,84.1,5423,530.3,96.94,Thermal Derating Required
HYUNDAI-E-GMP-3172,9.5,87.0,2381,538.8,96.91,Thermal Derating Required
HYUNDAI-E-GMP-3173,9.1,66.2,4343,456.7,97.2,Optimal 800V SiC Efficiency
HYUNDAI-E-GMP-3174,19.9,85.4,9745,794.1,96.02,Thermal Derating Required
HYUNDAI-E-GMP-3175,14.4,76.8,9910,656.4,96.5,Thermal Derating Required
HYUNDAI-E-GMP-3176,19.9,60.3,7776,694.1,96.37,Thermal Derating Required
HYUNDAI-E-GMP-3177,14.1,91.7,10114,737.7,96.22,Thermal Derating Required
HYUNDAI-E-GMP-3178,9.3,63.4,3963,505.2,97.03,Optimal 800V SiC Efficiency
HYUNDAI-E-GMP-3179,13.7,53.0,3898,489.1,97.09,Optimal 800V SiC Efficiency
HYUNDAI-E-GMP-3180,18.6,84.0,15112,817.2,95.94,Thermal Derating Required
HYUNDAI-E-GMP-3181,8.9,58.8,1136,425.7,97.31,Optimal 800V SiC Efficiency
HYUNDAI-E-GMP-3182,9.9,65.5,6215,531.7,96.94,Thermal Derating Required
HYUNDAI-E-GMP-3183,23.2,54.9,9857,719.1,96.28,Thermal Derating Required
HYUNDAI-E-GMP-3184,12.1,59.9,2319,504.0,97.04,Optimal 800V SiC Efficiency
HYUNDAI-E-GMP-3185,16.0,54.3,11390,628.9,96.6,Thermal Derating Required
HYUNDAI-E-GMP-3186,8.8,90.3,14320,649.7,96.53,Thermal Derating Required
HYUNDAI-E-GMP-3187,18.1,49.9,15526,683.7,96.41,Thermal Derating Required
HYUNDAI-E-GMP-3188,17.4,81.8,3244,679.5,96.42,Thermal Derating Required
HYUNDAI-E-GMP-3189,20.2,79.2,8425,785.9,96.05,Thermal Derating Required
HYUNDAI-E-GMP-3190,8.0,60.4,1754,411.3,97.36,Optimal 800V SiC Efficiency
HYUNDAI-E-GMP-3191,11.3,61.3,10134,523.4,96.97,Thermal Derating Required
HYUNDAI-E-GMP-3192,14.3,74.7,15650,669.7,96.46,Thermal Derating Required
HYUNDAI-E-GMP-3193,18.9,84.8,4378,752.7,96.17,Thermal Derating Required
HYUNDAI-E-GMP-3194,20.4,88.1,8719,839.2,95.86,Thermal Derating Required
HYUNDAI-E-GMP-3195,16.2,72.2,14728,697.7,96.36,Thermal Derating Required
HYUNDAI-E-GMP-3196,23.6,49.9,10736,749.0,96.18,Thermal Derating Required
HYUNDAI-E-GMP-3197,16.0,51.8,2663,585.6,96.75,Thermal Derating Required
HYUNDAI-E-GMP-3198,12.3,46.5,13075,547.0,96.89,Thermal Derating Required
HYUNDAI-E-GMP-3199,17.5,63.9,12247,685.2,96.4,Thermal Derating Required
HYUNDAI-E-GMP-3200,20.9,59.2,5954,738.8,96.21,Thermal Derating Required
HYUNDAI-E-GMP-3201,17.8,83.8,3800,738.6,96.22,Thermal Derating Required
HYUNDAI-E-GMP-3202,11.0,46.2,11679,470.0,97.16,Optimal 800V SiC Efficiency
HYUNDAI-E-GMP-3203,21.8,94.3,8295,876.5,95.73,Thermal Derating Required
HYUNDAI-E-GMP-3204,9.2,55.3,15384,547.8,96.88,Thermal Derating Required
HYUNDAI-E-GMP-3205,11.1,83.8,15502,692.7,96.38,Thermal Derating Required
HYUNDAI-E-GMP-3206,19.0,59.6,12883,688.9,96.39,Thermal Derating Required
HYUNDAI-E-GMP-3207,10.7,83.2,15830,708.5,96.32,Thermal Derating Required
HYUNDAI-E-GMP-3208,9.5,57.9,14837,483.9,97.11,Optimal 800V SiC Efficiency
HYUNDAI-E-GMP-3209,20.7,82.7,11079,858.7,95.79,Thermal Derating Required
HYUNDAI-E-GMP-3210,20.3,85.8,8849,752.9,96.16,Thermal Derating Required
HYUNDAI-E-GMP-3211,11.2,91.1,12563,737.6,96.22,Thermal Derating Required
HYUNDAI-E-GMP-3212,15.3,51.1,2799,537.0,96.92,Thermal Derating Required
HYUNDAI-E-GMP-3213,16.3,58.9,15817,644.2,96.55,Thermal Derating Required
HYUNDAI-E-GMP-3214,14.3,89.5,8823,722.3,96.27,Thermal Derating Required
HYUNDAI-E-GMP-3215,12.5,53.5,4020,473.1,97.14,Optimal 800V SiC Efficiency
HYUNDAI-E-GMP-3216,12.4,66.9,4564,601.0,96.7,Thermal Derating Required
HYUNDAI-E-GMP-3217,22.4,75.7,10353,793.0,96.02,Thermal Derating Required
HYUNDAI-E-GMP-3218,15.8,55.4,1661,500.9,97.05,Optimal 800V SiC Efficiency
HYUNDAI-E-GMP-3219,19.7,72.2,6752,694.3,96.37,Thermal Derating Required
HYUNDAI-E-GMP-3220,10.6,53.8,11528,534.5,96.93,Thermal Derating Required
HYUNDAI-E-GMP-3221,8.9,80.7,10647,569.5,96.81,Thermal Derating Required
HYUNDAI-E-GMP-3222,20.9,92.3,13458,889.7,95.69,Thermal Derating Required
HYUNDAI-E-GMP-3223,18.7,48.9,7091,568.7,96.81,Thermal Derating Required
HYUNDAI-E-GMP-3224,8.2,86.4,6193,514.3,97.0,Thermal Derating Required
HYUNDAI-E-GMP-3225,12.3,56.2,15972,574.3,96.79,Thermal Derating Required
HYUNDAI-E-GMP-3226,12.9,93.5,15957,749.0,96.18,Thermal Derating Required
HYUNDAI-E-GMP-3227,19.6,68.0,4643,686.1,96.4,Thermal Derating Required
HYUNDAI-E-GMP-3228,16.9,72.5,14923,743.9,96.2,Thermal Derating Required
HYUNDAI-E-GMP-3229,8.6,49.3,10116,433.5,97.28,Optimal 800V SiC Efficiency
HYUNDAI-E-GMP-3230,14.0,58.1,6923,548.2,96.88,Thermal Derating Required
HYUNDAI-E-GMP-3231,22.4,85.3,12104,911.1,95.61,Thermal Derating Required
HYUNDAI-E-GMP-3232,17.3,63.0,15106,665.0,96.47,Thermal Derating Required
HYUNDAI-E-GMP-3233,22.2,66.9,4711,737.5,96.22,Thermal Derating Required
HYUNDAI-E-GMP-3234,19.9,82.1,10675,760.4,96.14,Thermal Derating Required
HYUNDAI-E-GMP-3235,8.9,66.3,3003,474.8,97.14,Optimal 800V SiC Efficiency
HYUNDAI-E-GMP-3236,14.7,79.3,8115,660.8,96.49,Thermal Derating Required
HYUNDAI-E-GMP-3237,20.8,73.6,12183,782.4,96.06,Thermal Derating Required
HYUNDAI-E-GMP-3238,23.5,75.4,6388,812.4,95.96,Thermal Derating Required
HYUNDAI-E-GMP-3239,14.7,50.7,3787,495.3,97.07,Optimal 800V SiC Efficiency
HYUNDAI-E-GMP-3240,17.6,57.8,4286,651.8,96.52,Thermal Derating Required
HYUNDAI-E-GMP-3241,9.7,61.9,2760,467.7,97.16,Optimal 800V SiC Efficiency
HYUNDAI-E-GMP-3242,21.4,77.3,10633,799.5,96.0,Thermal Derating Required
HYUNDAI-E-GMP-3243,23.6,75.2,5444,792.9,96.02,Thermal Derating Required
HYUNDAI-E-GMP-3244,12.7,61.3,5764,552.3,96.87,Thermal Derating Required
HYUNDAI-E-GMP-3245,17.8,61.5,7995,668.1,96.46,Thermal Derating Required
HYUNDAI-E-GMP-3246,12.3,80.6,7625,629.2,96.6,Thermal Derating Required
HYUNDAI-E-GMP-3247,19.9,94.5,11803,862.3,95.78,Thermal Derating Required
HYUNDAI-E-GMP-3248,11.3,71.9,15777,621.2,96.63,Thermal Derating Required
HYUNDAI-E-GMP-3249,17.7,67.1,3488,654.7,96.51,Thermal Derating Required
HYUNDAI-E-GMP-3250,12.9,81.9,6040,638.1,96.57,Thermal Derating Required
HYUNDAI-E-GMP-3251,14.6,51.6,14246,601.5,96.69,Thermal Derating Required
HYUNDAI-E-GMP-3252,17.9,53.8,14358,685.5,96.4,Thermal Derating Required
HYUNDAI-E-GMP-3253,18.0,86.5,7429,702.7,96.34,Thermal Derating Required
HYUNDAI-E-GMP-3254,14.7,52.9,4649,487.7,97.09,Optimal 800V SiC Efficiency
HYUNDAI-E-GMP-3255,13.0,67.4,3055,551.5,96.87,Thermal Derating Required
HYUNDAI-E-GMP-3256,16.8,83.7,1654,691.5,96.38,Thermal Derating Required
HYUNDAI-E-GMP-3257,23.2,52.3,15979,775.7,96.09,Thermal Derating Required
HYUNDAI-E-GMP-3258,12.7,71.8,9728,593.1,96.72,Thermal Derating Required
HYUNDAI-E-GMP-3259,19.1,72.0,1726,666.4,96.47,Thermal Derating Required
HYUNDAI-E-GMP-3260,22.6,85.2,5463,865.1,95.77,Thermal Derating Required
HYUNDAI-E-GMP-3261,20.2,78.2,10349,816.9,95.94,Thermal Derating Required
HYUNDAI-E-GMP-3262,8.5,80.8,12883,607.4,96.67,Thermal Derating Required
HYUNDAI-E-GMP-3263,8.4,62.6,6487,445.4,97.24,Optimal 800V SiC Efficiency
HYUNDAI-E-GMP-3264,19.4,63.1,1592,591.5,96.73,Thermal Derating Required
HYUNDAI-E-GMP-3265,19.3,91.3,12300,809.6,95.97,Thermal Derating Required
HYUNDAI-E-GMP-3266,12.1,55.9,7564,501.5,97.04,Optimal 800V SiC Efficiency
HYUNDAI-E-GMP-3267,21.5,48.9,3892,612.9,96.65,Thermal Derating Required
HYUNDAI-E-GMP-3268,15.6,93.7,13975,760.2,96.14,Thermal Derating Required
HYUNDAI-E-GMP-3269,23.0,87.8,8171,837.8,95.87,Thermal Derating Required
HYUNDAI-E-GMP-3270,22.3,59.5,3232,704.0,96.34,Thermal Derating Required
HYUNDAI-E-GMP-3271,22.0,50.4,15925,751.3,96.17,Thermal Derating Required
HYUNDAI-E-GMP-3272,19.1,90.6,15549,840.9,95.86,Thermal Derating Required
HYUNDAI-E-GMP-3273,21.7,91.4,14521,835.5,95.88,Thermal Derating Required
HYUNDAI-E-GMP-3274,15.0,58.2,4282,596.5,96.71,Thermal Derating Required
HYUNDAI-E-GMP-3275,10.8,81.6,1052,543.2,96.9,Thermal Derating Required
HYUNDAI-E-GMP-3276,16.0,60.1,8010,584.5,96.75,Thermal Derating Required
HYUNDAI-E-GMP-3277,14.7,72.1,7502,577.0,96.78,Thermal Derating Required
HYUNDAI-E-GMP-3278,23.9,59.9,6828,716.6,96.29,Thermal Derating Required
HYUNDAI-E-GMP-3279,23.8,56.5,4578,720.1,96.28,Thermal Derating Required
HYUNDAI-E-GMP-3280,16.3,46.8,6506,565.9,96.82,Thermal Derating Required
HYUNDAI-E-GMP-3281,9.2,69.7,1632,443.1,97.25,Optimal 800V SiC Efficiency
HYUNDAI-E-GMP-3282,20.2,63.4,4999,676.2,96.43,Thermal Derating Required
HYUNDAI-E-GMP-3283,19.7,48.5,1000,579.0,96.77,Thermal Derating Required
HYUNDAI-E-GMP-3284,17.4,54.8,14049,705.7,96.33,Thermal Derating Required
HYUNDAI-E-GMP-3285,21.3,94.3,14003,928.1,95.55,Thermal Derating Required
HYUNDAI-E-GMP-3286,8.6,59.5,2072,355.6,97.56,Optimal 800V SiC Efficiency
HYUNDAI-E-GMP-3287,23.6,64.3,1215,763.6,96.13,Thermal Derating Required
HYUNDAI-E-GMP-3288,16.9,92.7,4050,722.1,96.27,Thermal Derating Required
HYUNDAI-E-GMP-3289,21.0,46.4,14233,710.7,96.31,Thermal Derating Required
HYUNDAI-E-GMP-3290,10.5,60.9,7031,527.9,96.95,Thermal Derating Required
HYUNDAI-E-GMP-3291,9.1,85.3,12513,675.5,96.44,Thermal Derating Required
HYUNDAI-E-GMP-3292,22.0,48.5,5064,674.0,96.44,Thermal Derating Required
HYUNDAI-E-GMP-3293,17.9,67.0,10341,692.8,96.38,Thermal Derating Required
HYUNDAI-E-GMP-3294,19.7,55.0,12878,684.8,96.4,Thermal Derating Required
HYUNDAI-E-GMP-3295,19.3,53.9,2708,665.0,96.47,Thermal Derating Required
HYUNDAI-E-GMP-3296,23.3,53.9,6998,723.9,96.27,Thermal Derating Required
HYUNDAI-E-GMP-3297,20.4,63.2,1987,663.6,96.48,Thermal Derating Required
HYUNDAI-E-GMP-3298,10.0,51.6,13555,523.5,96.97,Thermal Derating Required
HYUNDAI-E-GMP-3299,9.6,78.7,6115,532.8,96.94,Thermal Derating Required
HYUNDAI-E-GMP-3300,22.6,60.6,3700,737.3,96.22,Thermal Derating Required
HYUNDAI-E-GMP-3301,13.3,77.5,12013,677.7,96.43,Thermal Derating Required
HYUNDAI-E-GMP-3302,20.9,76.1,5205,768.7,96.11,Thermal Derating Required
HYUNDAI-E-GMP-3303,20.1,73.9,4639,741.0,96.21,Thermal Derating Required
HYUNDAI-E-GMP-3304,9.6,77.1,7154,506.0,97.03,Optimal 800V SiC Efficiency
HYUNDAI-E-GMP-3305,22.1,65.7,8290,693.8,96.37,Thermal Derating Required
HYUNDAI-E-GMP-3306,18.1,64.4,13676,727.5,96.25,Thermal Derating Required
HYUNDAI-E-GMP-3307,17.4,86.3,13113,768.0,96.11,Thermal Derating Required
HYUNDAI-E-GMP-3308,10.1,69.8,2101,521.3,96.98,Thermal Derating Required
HYUNDAI-E-GMP-3309,23.2,79.4,3076,827.0,95.91,Thermal Derating Required
HYUNDAI-E-GMP-3310,12.1,66.1,3938,540.3,96.91,Thermal Derating Required
HYUNDAI-E-GMP-3311,18.6,80.3,6094,734.7,96.23,Thermal Derating Required
HYUNDAI-E-GMP-3312,23.4,65.0,10525,782.4,96.06,Thermal Derating Required
HYUNDAI-E-GMP-3313,20.5,45.9,11062,663.0,96.48,Thermal Derating Required
HYUNDAI-E-GMP-3314,20.4,59.4,7974,667.7,96.46,Thermal Derating Required
HYUNDAI-E-GMP-3315,12.7,86.2,4327,650.5,96.52,Thermal Derating Required
HYUNDAI-E-GMP-3316,22.9,70.3,15101,833.3,95.88,Thermal Derating Required
HYUNDAI-E-GMP-3317,14.5,71.6,13590,637.7,96.57,Thermal Derating Required
HYUNDAI-E-GMP-3318,19.5,75.2,6491,709.4,96.32,Thermal Derating Required
HYUNDAI-E-GMP-3319,22.0,84.4,5453,807.0,95.98,Thermal Derating Required
HYUNDAI-E-GMP-3320,19.3,68.9,7226,718.2,96.29,Thermal Derating Required
HYUNDAI-E-GMP-3321,16.9,70.7,8204,670.6,96.45,Thermal Derating Required
HYUNDAI-E-GMP-3322,18.5,86.4,3587,755.9,96.15,Thermal Derating Required
HYUNDAI-E-GMP-3323,11.3,71.3,2863,528.2,96.95,Thermal Derating Required
HYUNDAI-E-GMP-3324,23.0,75.7,15358,865.9,95.77,Thermal Derating Required
HYUNDAI-E-GMP-3325,22.1,67.7,15766,786.1,96.05,Thermal Derating Required
HYUNDAI-E-GMP-3326,20.6,93.3,5081,808.5,95.97,Thermal Derating Required
HYUNDAI-E-GMP-3327,11.4,47.5,11386,518.5,96.99,Optimal 800V SiC Efficiency
HYUNDAI-E-GMP-3328,17.3,70.0,7296,669.8,96.46,Thermal Derating Required
HYUNDAI-E-GMP-3329,18.8,54.3,14442,649.5,96.53,Thermal Derating Required
HYUNDAI-E-GMP-3330,9.7,75.3,8675,532.1,96.94,Thermal Derating Required
HYUNDAI-E-GMP-3331,18.8,82.4,15840,889.3,95.69,Thermal Derating Required
HYUNDAI-E-GMP-3332,14.4,71.1,1238,524.3,96.97,Thermal Derating Required
HYUNDAI-E-GMP-3333,16.5,64.5,11230,661.0,96.49,Thermal Derating Required
HYUNDAI-E-GMP-3334,14.6,58.9,11822,600.5,96.7,Thermal Derating Required
HYUNDAI-E-GMP-3335,17.4,55.9,11661,608.9,96.67,Thermal Derating Required
HYUNDAI-E-GMP-3336,14.3,54.0,11638,583.8,96.76,Thermal Derating Required
HYUNDAI-E-GMP-3337,24.0,85.7,2902,872.7,95.75,Thermal Derating Required
HYUNDAI-E-GMP-3338,17.5,49.4,8809,605.4,96.68,Thermal Derating Required
HYUNDAI-E-GMP-3339,23.8,62.0,9897,784.1,96.06,Thermal Derating Required
HYUNDAI-E-GMP-3340,9.1,55.0,6665,438.0,97.27,Optimal 800V SiC Efficiency
HYUNDAI-E-GMP-3341,14.4,46.2,6549,518.0,96.99,Optimal 800V SiC Efficiency
HYUNDAI-E-GMP-3342,20.8,91.5,9526,879.1,95.72,Thermal Derating Required
HYUNDAI-E-GMP-3343,16.3,49.4,13144,629.1,96.6,Thermal Derating Required
HYUNDAI-E-GMP-3344,22.1,78.7,3415,738.8,96.21,Thermal Derating Required
HYUNDAI-E-GMP-3345,19.1,60.5,5013,655.4,96.51,Thermal Derating Required
HYUNDAI-E-GMP-3346,16.1,75.9,1646,616.6,96.64,Thermal Derating Required
HYUNDAI-E-GMP-3347,19.6,46.1,12664,624.2,96.62,Thermal Derating Required
HYUNDAI-E-GMP-3348,23.5,81.3,5201,830.8,95.89,Thermal Derating Required
HYUNDAI-E-GMP-3349,19.8,57.7,15720,766.1,96.12,Thermal Derating Required
HYUNDAI-E-GMP-3350,8.9,91.1,13897,658.6,96.49,Thermal Derating Required
HYUNDAI-E-GMP-3351,12.9,49.3,3237,517.2,96.99,Optimal 800V SiC Efficiency
HYUNDAI-E-GMP-3352,21.2,90.2,13343,847.5,95.83,Thermal Derating Required
HYUNDAI-E-GMP-3353,8.4,69.2,2237,492.4,97.08,Optimal 800V SiC Efficiency
HYUNDAI-E-GMP-3354,21.4,66.8,11104,807.9,95.97,Thermal Derating Required
HYUNDAI-E-GMP-3355,8.9,81.5,9365,630.4,96.59,Thermal Derating Required
HYUNDAI-E-GMP-3356,20.1,67.6,9371,745.6,96.19,Thermal Derating Required
HYUNDAI-E-GMP-3357,20.6,64.0,2431,662.5,96.48,Thermal Derating Required
HYUNDAI-E-GMP-3358,22.9,45.2,10590,689.8,96.39,Thermal Derating Required
HYUNDAI-E-GMP-3359,20.2,63.5,13486,757.9,96.15,Thermal Derating Required
HYUNDAI-E-GMP-3360,20.6,59.5,11619,722.2,96.27,Thermal Derating Required
HYUNDAI-E-GMP-3361,11.8,90.6,4083,593.0,96.72,Thermal Derating Required
HYUNDAI-E-GMP-3362,16.9,46.9,2016,498.3,97.06,Optimal 800V SiC Efficiency
HYUNDAI-E-GMP-3363,12.5,71.6,10612,621.3,96.63,Thermal Derating Required
HYUNDAI-E-GMP-3364,10.9,91.0,1414,605.5,96.68,Thermal Derating Required
HYUNDAI-E-GMP-3365,23.2,61.3,4510,732.7,96.24,Thermal Derating Required
HYUNDAI-E-GMP-3366,11.2,83.6,11719,654.7,96.51,Thermal Derating Required
HYUNDAI-E-GMP-3367,23.6,90.1,4854,842.3,95.85,Thermal Derating Required
HYUNDAI-E-GMP-3368,18.0,93.7,15671,857.2,95.8,Thermal Derating Required
HYUNDAI-E-GMP-3369,23.4,83.5,8507,856.1,95.8,Thermal Derating Required
HYUNDAI-E-GMP-3370,23.4,52.0,4120,684.3,96.4,Thermal Derating Required
HYUNDAI-E-GMP-3371,21.8,51.6,9469,714.2,96.3,Thermal Derating Required
HYUNDAI-E-GMP-3372,8.1,47.6,12941,438.1,97.27,Optimal 800V SiC Efficiency
HYUNDAI-E-GMP-3373,9.7,61.4,2423,436.6,97.27,Optimal 800V SiC Efficiency
HYUNDAI-E-GMP-3374,18.0,94.1,7768,780.8,96.07,Thermal Derating Required
HYUNDAI-E-GMP-3375,16.0,59.4,6714,571.4,96.8,Thermal Derating Required
HYUNDAI-E-GMP-3376,10.4,54.8,9982,525.3,96.96,Thermal Derating Required
HYUNDAI-E-GMP-3377,13.2,88.4,9315,668.5,96.46,Thermal Derating Required
HYUNDAI-E-GMP-3378,15.0,58.5,14151,595.4,96.72,Thermal Derating Required
HYUNDAI-E-GMP-3379,17.0,71.0,1644,617.1,96.64,Thermal Derating Required
HYUNDAI-E-GMP-3380,10.3,90.9,1417,600.8,96.7,Thermal Derating Required
HYUNDAI-E-GMP-3381,20.1,55.1,9510,638.5,96.57,Thermal Derating Required
HYUNDAI-E-GMP-3382,23.0,92.3,4794,853.4,95.81,Thermal Derating Required
HYUNDAI-E-GMP-3383,9.9,84.3,7618,562.4,96.83,Thermal Derating Required
HYUNDAI-E-GMP-3384,21.8,63.9,15388,780.9,96.07,Thermal Derating Required
HYUNDAI-E-GMP-3385,21.4,84.3,4132,766.4,96.12,Thermal Derating Required
HYUNDAI-E-GMP-3386,17.5,88.6,4090,714.1,96.3,Thermal Derating Required
HYUNDAI-E-GMP-3387,11.4,49.7,9088,477.1,97.13,Optimal 800V SiC Efficiency
HYUNDAI-E-GMP-3388,11.9,60.3,4763,498.8,97.05,Optimal 800V SiC Efficiency
HYUNDAI-E-GMP-3389,20.5,77.7,14348,796.5,96.01,Thermal Derating Required
HYUNDAI-E-GMP-3390,11.8,91.4,12099,720.7,96.28,Thermal Derating Required
HYUNDAI-E-GMP-3391,16.1,49.9,11756,588.1,96.74,Thermal Derating Required
HYUNDAI-E-GMP-3392,13.0,48.6,2945,444.3,97.25,Optimal 800V SiC Efficiency
HYUNDAI-E-GMP-3393,18.0,50.8,13183,655.3,96.51,Thermal Derating Required
HYUNDAI-E-GMP-3394,18.3,68.3,1335,614.7,96.65,Thermal Derating Required
HYUNDAI-E-GMP-3395,13.5,72.6,14435,669.1,96.46,Thermal Derating Required
HYUNDAI-E-GMP-3396,14.9,54.5,14297,612.6,96.66,Thermal Derating Required
HYUNDAI-E-GMP-3397,12.9,79.4,5583,635.8,96.57,Thermal Derating Required
HYUNDAI-E-GMP-3398,12.9,91.9,2755,659.8,96.49,Thermal Derating Required
HYUNDAI-E-GMP-3399,11.3,93.0,5961,638.5,96.57,Thermal Derating Required
HYUNDAI-E-GMP-3400,21.2,77.5,5148,748.8,96.18,Thermal Derating Required
HYUNDAI-E-GMP-3401,12.6,58.2,13341,564.3,96.82,Thermal Derating Required
HYUNDAI-E-GMP-3402,16.0,81.8,3456,687.9,96.39,Thermal Derating Required
HYUNDAI-E-GMP-3403,20.1,56.6,1362,577.2,96.78,Thermal Derating Required
HYUNDAI-E-GMP-3404,20.0,89.2,13209,857.1,95.8,Thermal Derating Required
HYUNDAI-E-GMP-3405,17.3,63.4,3849,608.0,96.67,Thermal Derating Required
HYUNDAI-E-GMP-3406,14.6,93.0,4794,696.4,96.36,Thermal Derating Required
HYUNDAI-E-GMP-3407,14.7,94.0,10272,743.5,96.2,Thermal Derating Required
HYUNDAI-E-GMP-3408,14.6,83.5,4047,659.2,96.49,Thermal Derating Required
HYUNDAI-E-GMP-3409,12.5,77.8,15466,648.1,96.53,Thermal Derating Required
HYUNDAI-E-GMP-3410,18.7,71.5,8217,663.2,96.48,Thermal Derating Required
HYUNDAI-E-GMP-3411,9.6,55.7,10329,511.6,97.01,Optimal 800V SiC Efficiency
HYUNDAI-E-GMP-3412,11.9,70.8,10694,597.3,96.71,Thermal Derating Required
HYUNDAI-E-GMP-3413,23.3,74.9,15422,878.9,95.72,Thermal Derating Required
HYUNDAI-E-GMP-3414,18.7,56.7,10601,682.1,96.41,Thermal Derating Required
HYUNDAI-E-GMP-3415,9.1,67.8,8212,477.9,97.13,Optimal 800V SiC Efficiency
HYUNDAI-E-GMP-3416,12.2,75.0,9447,574.0,96.79,Thermal Derating Required
HYUNDAI-E-GMP-3417,19.0,67.2,12372,689.8,96.39,Thermal Derating Required
HYUNDAI-E-GMP-3418,21.0,73.1,3871,703.2,96.34,Thermal Derating Required
HYUNDAI-E-GMP-3419,19.8,67.0,3508,655.3,96.51,Thermal Derating Required
HYUNDAI-E-GMP-3420,21.8,80.2,4122,776.5,96.08,Thermal Derating Required
HYUNDAI-E-GMP-3421,21.0,52.9,3668,641.2,96.56,Thermal Derating Required
HYUNDAI-E-GMP-3422,18.4,65.1,4592,655.8,96.5,Thermal Derating Required
HYUNDAI-E-GMP-3423,16.5,54.1,8885,587.5,96.74,Thermal Derating Required
HYUNDAI-E-GMP-3424,10.0,56.7,5779,498.2,97.06,Optimal 800V SiC Efficiency
HYUNDAI-E-GMP-3425,14.4,63.0,15393,642.1,96.55,Thermal Derating Required
HYUNDAI-E-GMP-3426,19.7,66.4,6975,707.8,96.32,Thermal Derating Required
HYUNDAI-E-GMP-3427,22.2,81.4,13461,786.5,96.05,Thermal Derating Required
HYUNDAI-E-GMP-3428,19.3,91.7,2221,734.9,96.23,Thermal Derating Required
HYUNDAI-E-GMP-3429,23.1,48.2,3324,701.8,96.34,Thermal Derating Required
HYUNDAI-E-GMP-3430,17.6,72.3,7771,650.6,96.52,Thermal Derating Required
HYUNDAI-E-GMP-3431,19.7,70.4,15355,786.8,96.05,Thermal Derating Required
HYUNDAI-E-GMP-3432,13.4,76.7,3960,596.7,96.71,Thermal Derating Required
HYUNDAI-E-GMP-3433,9.1,58.0,10631,480.8,97.12,Optimal 800V SiC Efficiency
HYUNDAI-E-GMP-3434,22.9,75.0,2658,763.7,96.13,Thermal Derating Required
HYUNDAI-E-GMP-3435,11.3,78.5,4363,623.4,96.62,Thermal Derating Required
HYUNDAI-E-GMP-3436,15.4,56.8,8475,573.8,96.79,Thermal Derating Required
HYUNDAI-E-GMP-3437,16.4,79.7,8487,700.3,96.35,Thermal Derating Required
HYUNDAI-E-GMP-3438,13.5,90.6,7881,679.0,96.42,Thermal Derating Required
HYUNDAI-E-GMP-3439,9.6,68.0,2810,482.6,97.11,Optimal 800V SiC Efficiency
HYUNDAI-E-GMP-3440,22.9,73.3,1533,712.7,96.31,Thermal Derating Required
HYUNDAI-E-GMP-3441,11.0,55.8,6153,459.3,97.19,Optimal 800V SiC Efficiency
HYUNDAI-E-GMP-3442,14.0,54.0,13188,629.6,96.6,Thermal Derating Required
HYUNDAI-E-GMP-3443,22.7,63.1,11772,757.3,96.15,Thermal Derating Required
HYUNDAI-E-GMP-3444,18.7,50.1,11847,655.7,96.51,Thermal Derating Required
HYUNDAI-E-GMP-3445,8.5,64.8,4641,395.5,97.42,Optimal 800V SiC Efficiency
HYUNDAI-E-GMP-3446,10.5,56.4,8522,533.4,96.93,Thermal Derating Required
HYUNDAI-E-GMP-3447,23.8,63.8,15349,871.0,95.75,Thermal Derating Required
HYUNDAI-E-GMP-3448,13.9,73.7,12107,626.1,96.61,Thermal Derating Required
HYUNDAI-E-GMP-3449,11.3,51.2,7812,516.6,96.99,Optimal 800V SiC Efficiency
HYUNDAI-E-GMP-3450,20.4,72.1,3653,682.6,96.41,Thermal Derating Required
HYUNDAI-E-GMP-3451,12.5,45.5,1332,456.6,97.2,Optimal 800V SiC Efficiency
HYUNDAI-E-GMP-3452,15.4,61.9,11102,595.5,96.72,Thermal Derating Required
HYUNDAI-E-GMP-3453,17.0,91.9,10780,806.2,95.98,Thermal Derating Required
HYUNDAI-E-GMP-3454,14.0,80.3,5153,695.7,96.37,Thermal Derating Required
HYUNDAI-E-GMP-3455,22.6,62.7,10828,753.0,96.16,Thermal Derating Required
HYUNDAI-E-GMP-3456,12.9,83.5,15776,710.4,96.31,Thermal Derating Required
HYUNDAI-E-GMP-3457,22.8,83.1,4278,783.7,96.06,Thermal Derating Required
HYUNDAI-E-GMP-3458,8.2,65.5,15552,561.1,96.84,Thermal Derating Required
HYUNDAI-E-GMP-3459,12.5,60.5,5216,483.0,97.11,Optimal 800V SiC Efficiency
HYUNDAI-E-GMP-3460,13.1,67.2,9316,595.4,96.72,Thermal Derating Required
HYUNDAI-E-GMP-3461,9.7,64.6,14232,537.8,96.92,Thermal Derating Required
HYUNDAI-E-GMP-3462,19.7,87.9,12252,817.9,95.94,Thermal Derating Required
HYUNDAI-E-GMP-3463,13.7,80.5,4345,625.0,96.61,Thermal Derating Required
HYUNDAI-E-GMP-3464,18.4,67.1,2866,679.1,96.42,Thermal Derating Required
HYUNDAI-E-GMP-3465,9.4,58.7,1696,458.2,97.2,Optimal 800V SiC Efficiency
HYUNDAI-E-GMP-3466,15.8,48.7,3050,518.3,96.99,Optimal 800V SiC Efficiency
HYUNDAI-E-GMP-3467,14.3,73.0,6403,632.5,96.59,Thermal Derating Required
HYUNDAI-E-GMP-3468,11.9,70.7,10607,613.9,96.65,Thermal Derating Required
HYUNDAI-E-GMP-3469,21.6,75.4,5905,777.4,96.08,Thermal Derating Required
HYUNDAI-E-GMP-3470,17.3,51.1,14968,610.9,96.66,Thermal Derating Required
HYUNDAI-E-GMP-3471,17.6,52.5,2259,554.9,96.86,Thermal Derating Required
HYUNDAI-E-GMP-3472,18.8,86.0,1280,767.5,96.11,Thermal Derating Required
HYUNDAI-E-GMP-3473,12.3,89.5,4656,614.6,96.65,Thermal Derating Required
HYUNDAI-E-GMP-3474,10.0,55.9,4782,448.6,97.23,Optimal 800V SiC Efficiency
HYUNDAI-E-GMP-3475,18.6,54.2,8516,640.2,96.56,Thermal Derating Required
HYUNDAI-E-GMP-3476,19.0,47.6,9329,597.0,96.71,Thermal Derating Required
HYUNDAI-E-GMP-3477,16.2,89.1,13917,747.6,96.18,Thermal Derating Required
HYUNDAI-E-GMP-3478,15.3,62.0,8158,547.3,96.88,Thermal Derating Required
HYUNDAI-E-GMP-3479,16.7,67.9,8864,650.3,96.52,Thermal Derating Required
HYUNDAI-E-GMP-3480,15.9,74.7,3682,655.0,96.51,Thermal Derating Required
HYUNDAI-E-GMP-3481,11.9,53.8,15398,562.7,96.83,Thermal Derating Required
HYUNDAI-E-GMP-3482,8.2,81.9,6879,530.7,96.94,Thermal Derating Required
HYUNDAI-E-GMP-3483,9.6,67.5,5649,478.9,97.12,Optimal 800V SiC Efficiency
HYUNDAI-E-GMP-3484,11.1,57.5,13377,549.6,96.88,Thermal Derating Required
HYUNDAI-E-GMP-3485,14.7,51.4,14058,561.3,96.84,Thermal Derating Required
HYUNDAI-E-GMP-3486,19.5,71.1,10633,721.7,96.27,Thermal Derating Required
HYUNDAI-E-GMP-3487,23.8,84.0,6946,863.6,95.78,Thermal Derating Required
HYUNDAI-E-GMP-3488,21.8,59.9,15906,773.6,96.09,Thermal Derating Required
HYUNDAI-E-GMP-3489,22.6,48.2,8921,639.2,96.56,Thermal Derating Required
HYUNDAI-E-GMP-3490,9.6,49.5,15169,505.0,97.03,Optimal 800V SiC Efficiency
HYUNDAI-E-GMP-3491,9.9,47.5,6826,432.1,97.29,Optimal 800V SiC Efficiency
HYUNDAI-E-GMP-3492,18.6,94.7,1298,737.7,96.22,Thermal Derating Required
HYUNDAI-E-GMP-3493,14.8,82.8,15471,748.6,96.18,Thermal Derating Required
HYUNDAI-E-GMP-3494,21.6,89.6,3024,800.7,96.0,Thermal Derating Required
HYUNDAI-E-GMP-3495,13.3,80.6,13047,705.1,96.33,Thermal Derating Required
HYUNDAI-E-GMP-3496,20.4,50.4,4287,617.7,96.64,Thermal Derating Required
HYUNDAI-E-GMP-3497,12.0,59.2,11802,591.3,96.73,Thermal Derating Required
HYUNDAI-E-GMP-3498,16.7,66.5,7312,644.9,96.54,Thermal Derating Required
HYUNDAI-E-GMP-3499,8.3,73.1,3491,521.4,96.98,Thermal Derating Required
HYUNDAI-E-GMP-3500,13.0,64.5,8330,570.3,96.8,Thermal Derating Required
HYUNDAI-E-GMP-3501,19.3,61.4,14854,751.3,96.17,Thermal Derating Required
HYUNDAI-E-GMP-3502,17.5,46.2,6793,546.0,96.89,Thermal Derating Required
HYUNDAI-E-GMP-3503,15.6,57.1,13545,605.5,96.68,Thermal Derating Required
HYUNDAI-E-GMP-3504,22.3,84.3,2667,783.0,96.06,Thermal Derating Required
HYUNDAI-E-GMP-3505,16.4,75.4,15739,743.6,96.2,Thermal Derating Required
HYUNDAI-E-GMP-3506,12.3,47.3,5020,431.0,97.29,Optimal 800V SiC Efficiency
HYUNDAI-E-GMP-3507,11.7,69.2,4939,509.3,97.02,Optimal 800V SiC Efficiency
HYUNDAI-E-GMP-3508,18.3,94.9,2348,763.3,96.13,Thermal Derating Required
HYUNDAI-E-GMP-3509,16.2,81.1,3111,679.5,96.42,Thermal Derating Required
HYUNDAI-E-GMP-3510,21.6,74.4,5420,741.3,96.21,Thermal Derating Required
HYUNDAI-E-GMP-3511,21.4,75.4,3889,762.4,96.13,Thermal Derating Required
HYUNDAI-E-GMP-3512,16.4,51.0,6998,552.5,96.87,Thermal Derating Required
HYUNDAI-E-GMP-3513,14.4,85.7,8608,728.0,96.25,Thermal Derating Required
HYUNDAI-E-GMP-3514,16.4,55.7,12177,569.8,96.81,Thermal Derating Required
HYUNDAI-E-GMP-3515,20.9,91.8,6642,825.1,95.91,Thermal Derating Required
HYUNDAI-E-GMP-3516,21.4,87.4,12283,871.8,95.75,Thermal Derating Required
HYUNDAI-E-GMP-3517,17.6,71.6,4422,656.5,96.5,Thermal Derating Required
HYUNDAI-E-GMP-3518,15.6,61.6,11691,652.8,96.52,Thermal Derating Required
HYUNDAI-E-GMP-3519,19.5,94.9,15733,865.4,95.77,Thermal Derating Required
HYUNDAI-E-GMP-3520,9.3,79.0,2877,540.9,96.91,Thermal Derating Required
HYUNDAI-E-GMP-3521,21.5,62.9,4188,728.7,96.25,Thermal Derating Required
HYUNDAI-E-GMP-3522,23.9,63.2,1499,746.0,96.19,Thermal Derating Required
HYUNDAI-E-GMP-3523,8.6,65.6,13436,535.8,96.92,Thermal Derating Required
HYUNDAI-E-GMP-3524,17.4,55.1,2474,558.7,96.84,Thermal Derating Required
HYUNDAI-E-GMP-3525,12.1,91.1,6037,651.7,96.52,Thermal Derating Required
HYUNDAI-E-GMP-3526,21.7,57.7,10166,701.4,96.35,Thermal Derating Required
HYUNDAI-E-GMP-3527,19.6,83.9,6081,715.1,96.3,Thermal Derating Required
HYUNDAI-E-GMP-3528,18.4,78.7,14085,746.7,96.19,Thermal Derating Required
HYUNDAI-E-GMP-3529,18.1,48.5,6715,610.2,96.66,Thermal Derating Required
HYUNDAI-E-GMP-3530,9.2,91.8,11817,658.9,96.49,Thermal Derating Required
HYUNDAI-E-GMP-3531,10.3,69.2,5094,551.7,96.87,Thermal Derating Required
HYUNDAI-E-GMP-3532,12.1,75.2,1136,552.6,96.87,Thermal Derating Required
HYUNDAI-E-GMP-3533,9.7,46.3,10574,400.0,97.4,Optimal 800V SiC Efficiency
HYUNDAI-E-GMP-3534,19.4,87.2,13739,798.3,96.01,Thermal Derating Required
HYUNDAI-E-GMP-3535,14.7,71.2,13975,638.0,96.57,Thermal Derating Required
HYUNDAI-E-GMP-3536,15.1,83.6,7195,708.9,96.32,Thermal Derating Required
HYUNDAI-E-GMP-3537,8.2,60.1,15541,524.9,96.96,Thermal Derating Required
HYUNDAI-E-GMP-3538,20.1,63.9,5632,670.4,96.45,Thermal Derating Required
HYUNDAI-E-GMP-3539,14.5,71.9,6483,620.3,96.63,Thermal Derating Required
HYUNDAI-E-GMP-3540,8.8,81.9,9057,602.0,96.69,Thermal Derating Required
HYUNDAI-E-GMP-3541,16.5,74.4,7146,639.9,96.56,Thermal Derating Required
HYUNDAI-E-GMP-3542,15.9,69.9,6551,650.6,96.52,Thermal Derating Required
HYUNDAI-E-GMP-3543,8.9,81.5,11204,553.5,96.86,Thermal Derating Required
HYUNDAI-E-GMP-3544,14.2,94.0,12599,754.9,96.16,Thermal Derating Required
HYUNDAI-E-GMP-3545,18.5,79.4,9228,739.9,96.21,Thermal Derating Required
HYUNDAI-E-GMP-3546,8.1,56.0,3870,422.6,97.32,Optimal 800V SiC Efficiency
HYUNDAI-E-GMP-3547,9.3,64.7,3666,444.5,97.24,Optimal 800V SiC Efficiency
HYUNDAI-E-GMP-3548,12.7,64.8,4258,557.0,96.85,Thermal Derating Required
HYUNDAI-E-GMP-3549,22.8,51.8,5156,708.3,96.32,Thermal Derating Required
HYUNDAI-E-GMP-3550,16.1,70.3,9693,671.7,96.45,Thermal Derating Required
HYUNDAI-E-GMP-3551,18.8,88.3,5656,739.7,96.21,Thermal Derating Required
HYUNDAI-E-GMP-3552,15.8,72.4,13958,673.0,96.44,Thermal Derating Required
HYUNDAI-E-GMP-3553,14.3,71.9,7145,650.6,96.52,Thermal Derating Required
HYUNDAI-E-GMP-3554,15.7,79.9,12162,761.6,96.13,Thermal Derating Required
HYUNDAI-E-GMP-3555,15.7,59.5,6639,598.8,96.7,Thermal Derating Required
HYUNDAI-E-GMP-3556,17.6,62.1,7028,694.4,96.37,Thermal Derating Required
HYUNDAI-E-GMP-3557,11.6,47.0,6542,456.3,97.2,Optimal 800V SiC Efficiency
HYUNDAI-E-GMP-3558,12.2,56.6,10125,546.9,96.89,Thermal Derating Required
HYUNDAI-E-GMP-3559,14.7,80.2,3330,685.5,96.4,Thermal Derating Required
HYUNDAI-E-GMP-3560,23.1,51.5,8157,683.6,96.41,Thermal Derating Required
HYUNDAI-E-GMP-3561,23.2,91.9,14084,953.1,95.46,Thermal Derating Required
HYUNDAI-E-GMP-3562,13.4,77.3,7976,655.0,96.51,Thermal Derating Required
HYUNDAI-E-GMP-3563,23.0,70.8,10462,825.9,95.91,Thermal Derating Required
HYUNDAI-E-GMP-3564,11.1,47.1,3100,444.4,97.24,Optimal 800V SiC Efficiency
HYUNDAI-E-GMP-3565,17.1,49.6,14541,674.5,96.44,Thermal Derating Required
HYUNDAI-E-GMP-3566,13.2,62.0,11167,548.0,96.88,Thermal Derating Required
HYUNDAI-E-GMP-3567,22.4,53.2,7989,655.4,96.51,Thermal Derating Required
HYUNDAI-E-GMP-3568,15.2,52.0,5932,548.2,96.88,Thermal Derating Required
HYUNDAI-E-GMP-3569,13.0,63.7,5550,566.9,96.82,Thermal Derating Required
HYUNDAI-E-GMP-3570,17.9,56.2,4278,605.0,96.68,Thermal Derating Required
HYUNDAI-E-GMP-3571,18.0,74.5,10943,746.0,96.19,Thermal Derating Required
HYUNDAI-E-GMP-3572,19.0,64.5,13454,749.9,96.18,Thermal Derating Required
HYUNDAI-E-GMP-3573,18.6,80.0,13849,778.2,96.08,Thermal Derating Required
HYUNDAI-E-GMP-3574,16.1,53.5,9854,594.2,96.72,Thermal Derating Required
HYUNDAI-E-GMP-3575,20.9,91.4,2722,794.6,96.02,Thermal Derating Required
HYUNDAI-E-GMP-3576,15.5,81.4,13151,721.9,96.27,Thermal Derating Required
HYUNDAI-E-GMP-3577,15.6,83.0,10135,723.6,96.27,Thermal Derating Required
HYUNDAI-E-GMP-3578,10.3,51.6,4386,436.2,97.27,Optimal 800V SiC Efficiency
HYUNDAI-E-GMP-3579,11.9,64.7,9736,571.6,96.8,Thermal Derating Required
HYUNDAI-E-GMP-3580,21.7,87.2,13548,900.9,95.65,Thermal Derating Required
HYUNDAI-E-GMP-3581,22.9,62.8,3905,725.1,96.26,Thermal Derating Required
HYUNDAI-E-GMP-3582,21.3,45.9,4767,664.9,96.47,Thermal Derating Required
HYUNDAI-E-GMP-3583,15.4,72.1,13978,693.9,96.37,Thermal Derating Required
HYUNDAI-E-GMP-3584,20.4,69.0,1366,668.7,96.46,Thermal Derating Required
HYUNDAI-E-GMP-3585,16.7,91.9,8854,773.9,96.09,Thermal Derating Required
HYUNDAI-E-GMP-3586,20.7,47.5,1697,576.7,96.78,Thermal Derating Required
HYUNDAI-E-GMP-3587,21.6,54.3,8377,631.1,96.59,Thermal Derating Required
HYUNDAI-E-GMP-3588,21.8,71.1,8544,723.8,96.27,Thermal Derating Required
HYUNDAI-E-GMP-3589,12.9,92.8,11969,741.4,96.21,Thermal Derating Required
HYUNDAI-E-GMP-3590,20.4,51.1,3258,580.1,96.77,Thermal Derating Required
HYUNDAI-E-GMP-3591,16.5,68.3,9261,665.2,96.47,Thermal Derating Required
HYUNDAI-E-GMP-3592,20.6,60.2,3674,671.9,96.45,Thermal Derating Required
HYUNDAI-E-GMP-3593,12.4,81.8,9570,610.1,96.66,Thermal Derating Required
HYUNDAI-E-GMP-3594,11.3,89.6,9144,668.5,96.46,Thermal Derating Required
HYUNDAI-E-GMP-3595,12.2,71.8,7061,629.4,96.6,Thermal Derating Required
HYUNDAI-E-GMP-3596,11.3,64.3,4854,498.9,97.05,Optimal 800V SiC Efficiency
HYUNDAI-E-GMP-3597,17.7,66.3,15091,701.1,96.35,Thermal Derating Required
HYUNDAI-E-GMP-3598,23.3,90.4,7893,861.6,95.78,Thermal Derating Required
HYUNDAI-E-GMP-3599,21.1,63.2,8942,750.9,96.17,Thermal Derating Required
