Cold_Start_ID,Ambient_Temp_C,Heated_Fuel_Rail_Temp_C,Direct_Injection_Pressure_Bar,Ethanol_Vaporization_pct,Engine_Crank_Time_s,Ignition_Status
BIOFLEX-E100-1000,30.3,75.7,253.4,87.7,1.33,Instant E100 Cold-Start Ignition (<1.0s)
BIOFLEX-E100-1001,18.9,73.3,245.9,83.6,1.41,Extended Rail Pre-Heating Cycle
BIOFLEX-E100-1002,9.2,54.4,231.4,62.6,1.77,Extended Rail Pre-Heating Cycle
BIOFLEX-E100-1003,24.0,83.9,261.6,99.8,1.04,Instant E100 Cold-Start Ignition (<1.0s)
BIOFLEX-E100-1004,17.7,68.1,238.3,78.5,1.42,Extended Rail Pre-Heating Cycle
BIOFLEX-E100-1005,0.3,46.5,208.4,55.0,1.75,Extended Rail Pre-Heating Cycle
BIOFLEX-E100-1006,-3.6,47.1,216.7,57.3,1.69,Extended Rail Pre-Heating Cycle
BIOFLEX-E100-1007,22.2,72.7,239.6,83.4,1.45,Extended Rail Pre-Heating Cycle
BIOFLEX-E100-1008,19.1,78.9,246.7,88.9,1.24,Instant E100 Cold-Start Ignition (<1.0s)
BIOFLEX-E100-1009,22.2,85.4,256.0,96.9,1.1,Instant E100 Cold-Start Ignition (<1.0s)
BIOFLEX-E100-1010,0.8,55.4,216.6,63.3,1.67,Extended Rail Pre-Heating Cycle
BIOFLEX-E100-1011,13.8,69.3,249.5,80.4,1.49,Extended Rail Pre-Heating Cycle
BIOFLEX-E100-1012,-4.1,59.6,248.4,68.5,1.53,Extended Rail Pre-Heating Cycle
BIOFLEX-E100-1013,21.1,85.9,260.8,99.7,0.94,Instant E100 Cold-Start Ignition (<1.0s)
BIOFLEX-E100-1014,31.4,88.0,274.0,99.8,1.06,Instant E100 Cold-Start Ignition (<1.0s)
BIOFLEX-E100-1015,20.5,73.4,267.6,84.1,1.18,Extended Rail Pre-Heating Cycle
BIOFLEX-E100-1016,13.6,77.7,251.2,87.6,1.1,Instant E100 Cold-Start Ignition (<1.0s)
BIOFLEX-E100-1017,6.8,55.7,229.1,63.2,1.76,Extended Rail Pre-Heating Cycle
BIOFLEX-E100-1018,9.2,66.3,248.3,79.6,1.3,Extended Rail Pre-Heating Cycle
BIOFLEX-E100-1019,9.4,57.3,237.8,66.6,1.34,Extended Rail Pre-Heating Cycle
BIOFLEX-E100-1020,13.5,64.1,239.3,74.1,1.42,Extended Rail Pre-Heating Cycle
BIOFLEX-E100-1021,23.5,74.1,252.0,87.5,1.22,Instant E100 Cold-Start Ignition (<1.0s)
BIOFLEX-E100-1022,27.8,87.1,269.0,98.1,1.05,Instant E100 Cold-Start Ignition (<1.0s)
BIOFLEX-E100-1023,19.2,79.1,253.7,92.4,1.13,Instant E100 Cold-Start Ignition (<1.0s)
BIOFLEX-E100-1024,29.0,88.0,276.2,99.8,0.91,Instant E100 Cold-Start Ignition (<1.0s)
BIOFLEX-E100-1025,10.2,63.5,244.8,72.7,1.6,Extended Rail Pre-Heating Cycle
BIOFLEX-E100-1026,22.1,68.0,244.3,77.1,1.35,Extended Rail Pre-Heating Cycle
BIOFLEX-E100-1027,18.5,66.7,235.9,76.0,1.31,Extended Rail Pre-Heating Cycle
BIOFLEX-E100-1028,11.6,59.9,224.4,68.8,1.7,Extended Rail Pre-Heating Cycle
BIOFLEX-E100-1029,-0.9,57.7,218.8,68.3,1.42,Extended Rail Pre-Heating Cycle
BIOFLEX-E100-1030,15.1,63.6,220.8,74.4,1.44,Extended Rail Pre-Heating Cycle
BIOFLEX-E100-1031,27.3,88.0,267.0,98.6,1.08,Instant E100 Cold-Start Ignition (<1.0s)
BIOFLEX-E100-1032,28.1,88.0,256.2,99.8,1.18,Instant E100 Cold-Start Ignition (<1.0s)
BIOFLEX-E100-1033,-1.7,49.5,221.3,56.1,2.0,Extended Rail Pre-Heating Cycle
BIOFLEX-E100-1034,19.2,83.6,252.1,99.0,1.11,Instant E100 Cold-Start Ignition (<1.0s)
BIOFLEX-E100-1035,30.0,84.5,260.2,99.8,0.91,Instant E100 Cold-Start Ignition (<1.0s)
BIOFLEX-E100-1036,-1.8,58.6,238.0,69.7,1.38,Extended Rail Pre-Heating Cycle
BIOFLEX-E100-1037,1.1,48.8,217.7,55.0,1.88,Extended Rail Pre-Heating Cycle
BIOFLEX-E100-1038,11.8,64.5,242.8,71.3,1.61,Extended Rail Pre-Heating Cycle
BIOFLEX-E100-1039,6.7,58.3,216.1,60.8,1.61,Extended Rail Pre-Heating Cycle
BIOFLEX-E100-1040,29.4,80.3,251.3,89.9,1.37,Instant E100 Cold-Start Ignition (<1.0s)
BIOFLEX-E100-1041,15.7,63.5,232.5,72.3,1.59,Extended Rail Pre-Heating Cycle
BIOFLEX-E100-1042,-0.2,50.8,223.8,58.2,1.66,Extended Rail Pre-Heating Cycle
BIOFLEX-E100-1043,8.4,71.5,253.2,85.4,1.22,Instant E100 Cold-Start Ignition (<1.0s)
BIOFLEX-E100-1044,-2.2,45.0,207.6,55.0,1.69,Extended Rail Pre-Heating Cycle
BIOFLEX-E100-1045,29.7,88.0,268.6,99.8,1.06,Instant E100 Cold-Start Ignition (<1.0s)
BIOFLEX-E100-1046,18.0,80.7,256.1,92.1,1.26,Instant E100 Cold-Start Ignition (<1.0s)
BIOFLEX-E100-1047,9.9,71.4,244.1,80.3,1.17,Extended Rail Pre-Heating Cycle
BIOFLEX-E100-1048,22.5,73.9,246.8,86.1,1.18,Instant E100 Cold-Start Ignition (<1.0s)
BIOFLEX-E100-1049,20.4,65.5,241.7,78.3,1.32,Extended Rail Pre-Heating Cycle
BIOFLEX-E100-1050,14.2,73.5,263.8,87.0,1.07,Instant E100 Cold-Start Ignition (<1.0s)
BIOFLEX-E100-1051,31.1,88.0,255.5,99.8,0.9,Instant E100 Cold-Start Ignition (<1.0s)
BIOFLEX-E100-1052,8.7,58.5,239.5,68.5,1.5,Extended Rail Pre-Heating Cycle
BIOFLEX-E100-1053,22.4,70.2,249.2,78.2,1.26,Extended Rail Pre-Heating Cycle
BIOFLEX-E100-1054,12.9,73.3,260.0,86.0,1.31,Instant E100 Cold-Start Ignition (<1.0s)
BIOFLEX-E100-1055,26.1,79.2,243.3,90.3,1.04,Instant E100 Cold-Start Ignition (<1.0s)
BIOFLEX-E100-1056,2.8,64.3,236.2,75.2,1.39,Extended Rail Pre-Heating Cycle
BIOFLEX-E100-1057,8.2,67.0,227.2,77.1,1.52,Extended Rail Pre-Heating Cycle
BIOFLEX-E100-1058,-3.6,53.1,223.3,60.6,1.66,Extended Rail Pre-Heating Cycle
BIOFLEX-E100-1059,6.4,58.8,233.2,73.3,1.66,Extended Rail Pre-Heating Cycle
BIOFLEX-E100-1060,30.3,75.6,258.2,84.2,1.19,Extended Rail Pre-Heating Cycle
BIOFLEX-E100-1061,3.0,54.4,218.6,63.4,1.52,Extended Rail Pre-Heating Cycle
BIOFLEX-E100-1062,25.8,77.2,264.4,89.0,1.25,Instant E100 Cold-Start Ignition (<1.0s)
BIOFLEX-E100-1063,29.1,78.2,261.8,91.7,1.18,Instant E100 Cold-Start Ignition (<1.0s)
BIOFLEX-E100-1064,21.6,72.7,247.2,84.4,1.49,Extended Rail Pre-Heating Cycle
BIOFLEX-E100-1065,24.7,87.3,261.2,99.8,0.92,Instant E100 Cold-Start Ignition (<1.0s)
BIOFLEX-E100-1066,-1.3,56.8,220.2,67.3,1.48,Extended Rail Pre-Heating Cycle
BIOFLEX-E100-1067,11.8,67.9,245.8,79.0,1.33,Extended Rail Pre-Heating Cycle
BIOFLEX-E100-1068,29.4,75.5,240.7,88.3,1.3,Instant E100 Cold-Start Ignition (<1.0s)
BIOFLEX-E100-1069,9.5,57.9,224.6,66.5,1.64,Extended Rail Pre-Heating Cycle
BIOFLEX-E100-1070,25.4,78.6,249.6,89.3,1.22,Instant E100 Cold-Start Ignition (<1.0s)
BIOFLEX-E100-1071,14.3,63.3,239.9,76.3,1.35,Extended Rail Pre-Heating Cycle
BIOFLEX-E100-1072,13.2,74.5,246.7,85.6,1.12,Instant E100 Cold-Start Ignition (<1.0s)
BIOFLEX-E100-1073,4.5,50.6,215.0,59.6,1.68,Extended Rail Pre-Heating Cycle
BIOFLEX-E100-1074,6.4,64.5,241.0,74.8,1.45,Extended Rail Pre-Heating Cycle
BIOFLEX-E100-1075,23.2,68.6,250.3,84.3,1.11,Extended Rail Pre-Heating Cycle
BIOFLEX-E100-1076,-4.0,46.2,211.3,55.0,1.63,Extended Rail Pre-Heating Cycle
BIOFLEX-E100-1077,5.0,51.6,231.6,58.6,1.75,Extended Rail Pre-Heating Cycle
BIOFLEX-E100-1078,18.1,65.3,235.0,78.6,1.66,Extended Rail Pre-Heating Cycle
BIOFLEX-E100-1079,6.2,68.6,245.9,79.0,1.48,Extended Rail Pre-Heating Cycle
BIOFLEX-E100-1080,10.2,60.9,231.6,67.7,1.65,Extended Rail Pre-Heating Cycle
BIOFLEX-E100-1081,25.9,78.7,240.2,92.5,1.05,Instant E100 Cold-Start Ignition (<1.0s)
BIOFLEX-E100-1082,27.6,75.2,235.8,83.1,1.3,Extended Rail Pre-Heating Cycle
BIOFLEX-E100-1083,19.2,73.2,233.7,85.6,1.18,Instant E100 Cold-Start Ignition (<1.0s)
BIOFLEX-E100-1084,8.3,56.8,240.7,66.6,1.66,Extended Rail Pre-Heating Cycle
BIOFLEX-E100-1085,22.1,78.5,256.6,92.0,1.19,Instant E100 Cold-Start Ignition (<1.0s)
BIOFLEX-E100-1086,17.4,65.2,233.8,77.3,1.4,Extended Rail Pre-Heating Cycle
BIOFLEX-E100-1087,6.5,71.3,244.2,83.1,1.3,Extended Rail Pre-Heating Cycle
BIOFLEX-E100-1088,-4.9,59.4,226.5,68.8,1.45,Extended Rail Pre-Heating Cycle
BIOFLEX-E100-1089,22.3,82.5,263.8,94.7,0.97,Instant E100 Cold-Start Ignition (<1.0s)
BIOFLEX-E100-1090,28.2,82.1,262.7,91.0,1.15,Instant E100 Cold-Start Ignition (<1.0s)
BIOFLEX-E100-1091,4.5,60.9,240.1,71.1,1.53,Extended Rail Pre-Heating Cycle
BIOFLEX-E100-1092,-1.6,61.7,242.7,73.6,1.46,Extended Rail Pre-Heating Cycle
BIOFLEX-E100-1093,-2.1,46.2,215.9,55.9,1.83,Extended Rail Pre-Heating Cycle
BIOFLEX-E100-1094,24.0,82.6,249.8,93.3,1.16,Instant E100 Cold-Start Ignition (<1.0s)
BIOFLEX-E100-1095,-3.8,45.0,208.1,55.0,1.8,Extended Rail Pre-Heating Cycle
BIOFLEX-E100-1096,2.9,48.8,227.0,55.6,1.86,Extended Rail Pre-Heating Cycle
BIOFLEX-E100-1097,12.2,67.4,241.7,72.8,1.54,Extended Rail Pre-Heating Cycle
BIOFLEX-E100-1098,2.7,63.3,232.6,73.2,1.54,Extended Rail Pre-Heating Cycle
BIOFLEX-E100-1099,23.8,82.2,262.3,93.5,1.31,Instant E100 Cold-Start Ignition (<1.0s)
BIOFLEX-E100-1100,0.1,58.4,223.1,70.1,1.5,Extended Rail Pre-Heating Cycle
BIOFLEX-E100-1101,-2.0,45.0,206.4,55.0,1.79,Extended Rail Pre-Heating Cycle
BIOFLEX-E100-1102,13.3,73.7,237.4,83.7,1.28,Extended Rail Pre-Heating Cycle
BIOFLEX-E100-1103,10.9,59.8,228.6,69.5,1.67,Extended Rail Pre-Heating Cycle
BIOFLEX-E100-1104,8.9,68.4,257.2,83.8,1.03,Extended Rail Pre-Heating Cycle
BIOFLEX-E100-1105,2.4,51.7,209.0,55.0,1.87,Extended Rail Pre-Heating Cycle
BIOFLEX-E100-1106,18.2,72.9,265.0,83.8,1.28,Extended Rail Pre-Heating Cycle
BIOFLEX-E100-1107,28.9,76.5,257.8,89.1,1.15,Instant E100 Cold-Start Ignition (<1.0s)
BIOFLEX-E100-1108,27.9,79.1,260.6,92.8,1.12,Instant E100 Cold-Start Ignition (<1.0s)
BIOFLEX-E100-1109,30.7,88.0,266.4,98.1,0.93,Instant E100 Cold-Start Ignition (<1.0s)
BIOFLEX-E100-1110,10.4,65.1,229.7,75.0,1.32,Extended Rail Pre-Heating Cycle
BIOFLEX-E100-1111,-3.0,45.0,205.8,56.6,1.7,Extended Rail Pre-Heating Cycle
BIOFLEX-E100-1112,20.1,74.4,261.7,84.8,1.36,Extended Rail Pre-Heating Cycle
BIOFLEX-E100-1113,19.8,65.1,242.3,72.5,1.39,Extended Rail Pre-Heating Cycle
BIOFLEX-E100-1114,7.8,57.1,217.2,64.1,1.67,Extended Rail Pre-Heating Cycle
BIOFLEX-E100-1115,30.2,81.4,263.6,92.3,1.0,Instant E100 Cold-Start Ignition (<1.0s)
BIOFLEX-E100-1116,14.1,65.3,226.0,74.2,1.56,Extended Rail Pre-Heating Cycle
BIOFLEX-E100-1117,27.9,78.2,262.9,88.9,1.13,Instant E100 Cold-Start Ignition (<1.0s)
BIOFLEX-E100-1118,3.5,56.0,227.2,65.8,1.52,Extended Rail Pre-Heating Cycle
BIOFLEX-E100-1119,24.6,86.8,276.5,97.7,0.95,Instant E100 Cold-Start Ignition (<1.0s)
BIOFLEX-E100-1120,5.3,68.0,239.4,75.0,1.31,Extended Rail Pre-Heating Cycle
BIOFLEX-E100-1121,2.4,60.7,231.4,70.9,1.53,Extended Rail Pre-Heating Cycle
BIOFLEX-E100-1122,0.4,60.2,237.0,68.4,1.63,Extended Rail Pre-Heating Cycle
BIOFLEX-E100-1123,17.6,66.1,235.0,74.0,1.51,Extended Rail Pre-Heating Cycle
BIOFLEX-E100-1124,29.0,85.2,265.5,99.8,0.97,Instant E100 Cold-Start Ignition (<1.0s)
BIOFLEX-E100-1125,10.3,55.5,230.4,63.9,1.68,Extended Rail Pre-Heating Cycle
BIOFLEX-E100-1126,13.1,63.1,240.0,74.5,1.44,Extended Rail Pre-Heating Cycle
BIOFLEX-E100-1127,7.9,67.4,243.5,79.4,1.26,Extended Rail Pre-Heating Cycle
BIOFLEX-E100-1128,8.5,61.6,243.9,72.1,1.49,Extended Rail Pre-Heating Cycle
BIOFLEX-E100-1129,-3.8,45.9,216.9,55.0,1.61,Extended Rail Pre-Heating Cycle
BIOFLEX-E100-1130,20.1,78.0,260.5,93.4,1.02,Instant E100 Cold-Start Ignition (<1.0s)
BIOFLEX-E100-1131,6.4,71.0,240.4,81.3,1.34,Extended Rail Pre-Heating Cycle
BIOFLEX-E100-1132,31.1,76.5,258.4,85.9,1.18,Instant E100 Cold-Start Ignition (<1.0s)
BIOFLEX-E100-1133,25.3,88.0,259.5,99.8,1.11,Instant E100 Cold-Start Ignition (<1.0s)
BIOFLEX-E100-1134,17.7,71.3,249.5,84.0,1.21,Extended Rail Pre-Heating Cycle
BIOFLEX-E100-1135,3.0,67.3,242.8,78.1,1.39,Extended Rail Pre-Heating Cycle
BIOFLEX-E100-1136,8.8,70.1,247.9,80.3,1.51,Extended Rail Pre-Heating Cycle
BIOFLEX-E100-1137,18.0,74.7,245.1,85.0,1.6,Instant E100 Cold-Start Ignition (<1.0s)
BIOFLEX-E100-1138,-4.4,45.0,217.6,55.0,1.87,Extended Rail Pre-Heating Cycle
BIOFLEX-E100-1139,20.4,82.2,256.2,96.1,1.29,Instant E100 Cold-Start Ignition (<1.0s)
BIOFLEX-E100-1140,18.8,73.7,230.6,82.1,1.43,Extended Rail Pre-Heating Cycle
BIOFLEX-E100-1141,15.9,77.0,249.8,88.8,1.27,Instant E100 Cold-Start Ignition (<1.0s)
BIOFLEX-E100-1142,11.3,67.5,239.6,76.1,1.46,Extended Rail Pre-Heating Cycle
BIOFLEX-E100-1143,-4.4,45.0,214.4,55.0,1.81,Extended Rail Pre-Heating Cycle
BIOFLEX-E100-1144,10.8,60.5,220.9,70.5,1.43,Extended Rail Pre-Heating Cycle
BIOFLEX-E100-1145,25.3,82.5,254.5,94.3,1.18,Instant E100 Cold-Start Ignition (<1.0s)
BIOFLEX-E100-1146,22.4,81.2,270.4,95.2,1.23,Instant E100 Cold-Start Ignition (<1.0s)
BIOFLEX-E100-1147,28.8,87.7,279.1,99.8,1.01,Instant E100 Cold-Start Ignition (<1.0s)
BIOFLEX-E100-1148,11.5,69.6,234.3,81.9,1.42,Extended Rail Pre-Heating Cycle
BIOFLEX-E100-1149,19.1,72.5,249.1,85.5,1.19,Instant E100 Cold-Start Ignition (<1.0s)
BIOFLEX-E100-1150,4.0,51.8,223.8,58.7,1.78,Extended Rail Pre-Heating Cycle
BIOFLEX-E100-1151,29.7,86.9,261.1,99.8,1.01,Instant E100 Cold-Start Ignition (<1.0s)
BIOFLEX-E100-1152,20.2,72.1,248.9,79.9,1.28,Extended Rail Pre-Heating Cycle
BIOFLEX-E100-1153,20.4,71.4,237.4,80.5,1.33,Extended Rail Pre-Heating Cycle
BIOFLEX-E100-1154,-0.6,52.3,224.5,58.7,1.74,Extended Rail Pre-Heating Cycle
BIOFLEX-E100-1155,23.6,70.0,253.5,80.7,1.36,Extended Rail Pre-Heating Cycle
BIOFLEX-E100-1156,5.7,63.7,231.0,72.4,1.38,Extended Rail Pre-Heating Cycle
BIOFLEX-E100-1157,25.0,85.3,268.2,98.1,0.96,Instant E100 Cold-Start Ignition (<1.0s)
BIOFLEX-E100-1158,17.6,76.7,255.7,88.6,1.05,Instant E100 Cold-Start Ignition (<1.0s)
BIOFLEX-E100-1159,0.6,59.6,240.1,67.7,1.62,Extended Rail Pre-Heating Cycle
BIOFLEX-E100-1160,3.4,54.1,231.4,57.0,1.85,Extended Rail Pre-Heating Cycle
BIOFLEX-E100-1161,6.8,61.4,224.5,68.7,1.53,Extended Rail Pre-Heating Cycle
BIOFLEX-E100-1162,13.5,69.8,232.6,77.3,1.37,Extended Rail Pre-Heating Cycle
BIOFLEX-E100-1163,27.7,84.9,269.2,99.4,1.07,Instant E100 Cold-Start Ignition (<1.0s)
BIOFLEX-E100-1164,17.1,74.5,247.1,81.0,1.22,Extended Rail Pre-Heating Cycle
BIOFLEX-E100-1165,31.0,85.9,263.7,99.8,0.98,Instant E100 Cold-Start Ignition (<1.0s)
BIOFLEX-E100-1166,15.5,72.5,253.8,85.0,1.18,Instant E100 Cold-Start Ignition (<1.0s)
BIOFLEX-E100-1167,4.9,69.8,247.9,80.3,1.23,Extended Rail Pre-Heating Cycle
BIOFLEX-E100-1168,23.9,75.1,247.2,87.7,1.32,Instant E100 Cold-Start Ignition (<1.0s)
BIOFLEX-E100-1169,7.1,71.7,246.6,84.2,1.29,Extended Rail Pre-Heating Cycle
BIOFLEX-E100-1170,27.6,73.2,254.8,87.0,1.34,Instant E100 Cold-Start Ignition (<1.0s)
BIOFLEX-E100-1171,28.7,77.1,262.2,89.7,1.25,Instant E100 Cold-Start Ignition (<1.0s)
BIOFLEX-E100-1172,23.1,78.8,245.8,89.0,1.25,Instant E100 Cold-Start Ignition (<1.0s)
BIOFLEX-E100-1173,7.5,56.2,221.5,66.5,1.63,Extended Rail Pre-Heating Cycle
BIOFLEX-E100-1174,13.3,75.1,252.0,82.6,1.37,Extended Rail Pre-Heating Cycle
BIOFLEX-E100-1175,18.3,77.3,246.7,89.4,1.21,Instant E100 Cold-Start Ignition (<1.0s)
BIOFLEX-E100-1176,12.1,70.3,261.7,81.4,1.29,Extended Rail Pre-Heating Cycle
BIOFLEX-E100-1177,19.8,72.5,251.9,84.6,1.31,Extended Rail Pre-Heating Cycle
BIOFLEX-E100-1178,29.5,78.1,262.8,91.7,1.22,Instant E100 Cold-Start Ignition (<1.0s)
BIOFLEX-E100-1179,19.7,68.3,233.4,82.2,1.24,Extended Rail Pre-Heating Cycle
BIOFLEX-E100-1180,-4.6,59.2,224.0,68.1,1.5,Extended Rail Pre-Heating Cycle
BIOFLEX-E100-1181,-3.5,45.0,220.6,55.0,1.71,Extended Rail Pre-Heating Cycle
BIOFLEX-E100-1182,29.4,84.1,268.5,97.5,0.86,Instant E100 Cold-Start Ignition (<1.0s)
BIOFLEX-E100-1183,-0.3,53.2,227.9,60.8,1.74,Extended Rail Pre-Heating Cycle
BIOFLEX-E100-1184,23.2,68.3,244.7,79.6,1.36,Extended Rail Pre-Heating Cycle
BIOFLEX-E100-1185,-2.0,51.2,230.2,58.9,1.75,Extended Rail Pre-Heating Cycle
BIOFLEX-E100-1186,23.2,78.4,249.9,89.6,1.04,Instant E100 Cold-Start Ignition (<1.0s)
BIOFLEX-E100-1187,-1.3,62.9,225.9,74.8,1.45,Extended Rail Pre-Heating Cycle
BIOFLEX-E100-1188,7.6,67.2,228.5,77.2,1.49,Extended Rail Pre-Heating Cycle
BIOFLEX-E100-1189,27.7,73.1,253.7,86.3,1.16,Instant E100 Cold-Start Ignition (<1.0s)
BIOFLEX-E100-1190,3.2,49.3,216.1,58.3,1.77,Extended Rail Pre-Heating Cycle
BIOFLEX-E100-1191,16.2,63.7,246.0,73.6,1.45,Extended Rail Pre-Heating Cycle
BIOFLEX-E100-1192,7.4,60.4,234.2,65.9,1.66,Extended Rail Pre-Heating Cycle
BIOFLEX-E100-1193,25.1,70.5,237.0,80.8,1.34,Extended Rail Pre-Heating Cycle
BIOFLEX-E100-1194,11.3,63.3,226.3,69.8,1.47,Extended Rail Pre-Heating Cycle
BIOFLEX-E100-1195,26.0,75.3,256.7,88.2,1.07,Instant E100 Cold-Start Ignition (<1.0s)
BIOFLEX-E100-1196,16.6,72.7,259.2,87.7,1.04,Instant E100 Cold-Start Ignition (<1.0s)
BIOFLEX-E100-1197,28.4,82.1,260.1,96.6,1.09,Instant E100 Cold-Start Ignition (<1.0s)
BIOFLEX-E100-1198,30.4,88.0,278.7,99.8,1.15,Instant E100 Cold-Start Ignition (<1.0s)
BIOFLEX-E100-1199,-1.8,61.2,241.4,68.8,1.42,Extended Rail Pre-Heating Cycle
BIOFLEX-E100-1200,21.5,71.8,251.3,79.5,1.28,Extended Rail Pre-Heating Cycle
BIOFLEX-E100-1201,13.3,71.8,250.2,81.1,1.33,Extended Rail Pre-Heating Cycle
BIOFLEX-E100-1202,5.0,55.3,222.8,61.7,1.63,Extended Rail Pre-Heating Cycle
BIOFLEX-E100-1203,7.0,70.3,241.7,79.5,1.39,Extended Rail Pre-Heating Cycle
BIOFLEX-E100-1204,20.1,74.2,250.7,88.2,1.28,Instant E100 Cold-Start Ignition (<1.0s)
BIOFLEX-E100-1205,-1.0,46.3,210.6,55.0,1.91,Extended Rail Pre-Heating Cycle
BIOFLEX-E100-1206,26.0,75.8,254.8,90.5,1.25,Instant E100 Cold-Start Ignition (<1.0s)
BIOFLEX-E100-1207,13.9,74.3,254.4,87.1,1.31,Instant E100 Cold-Start Ignition (<1.0s)
BIOFLEX-E100-1208,25.3,70.9,237.9,81.5,1.33,Extended Rail Pre-Heating Cycle
BIOFLEX-E100-1209,23.0,87.7,273.3,99.8,0.91,Instant E100 Cold-Start Ignition (<1.0s)
BIOFLEX-E100-1210,11.8,75.1,256.7,85.5,1.15,Instant E100 Cold-Start Ignition (<1.0s)
BIOFLEX-E100-1211,28.5,78.9,244.5,90.0,1.29,Instant E100 Cold-Start Ignition (<1.0s)
BIOFLEX-E100-1212,22.2,86.3,262.5,99.8,0.92,Instant E100 Cold-Start Ignition (<1.0s)
BIOFLEX-E100-1213,8.8,68.6,244.8,81.8,1.38,Extended Rail Pre-Heating Cycle
BIOFLEX-E100-1214,10.5,69.0,257.8,78.7,1.29,Extended Rail Pre-Heating Cycle
BIOFLEX-E100-1215,25.5,83.1,260.7,99.8,0.97,Instant E100 Cold-Start Ignition (<1.0s)
BIOFLEX-E100-1216,-3.9,45.0,229.6,55.0,1.79,Extended Rail Pre-Heating Cycle
BIOFLEX-E100-1217,3.2,49.8,214.2,55.6,1.76,Extended Rail Pre-Heating Cycle
BIOFLEX-E100-1218,27.7,80.3,273.9,93.2,1.16,Instant E100 Cold-Start Ignition (<1.0s)
BIOFLEX-E100-1219,11.8,72.8,261.3,86.2,1.11,Instant E100 Cold-Start Ignition (<1.0s)
BIOFLEX-E100-1220,11.9,73.0,249.1,83.8,1.14,Extended Rail Pre-Heating Cycle
BIOFLEX-E100-1221,27.9,87.3,267.9,96.9,1.02,Instant E100 Cold-Start Ignition (<1.0s)
BIOFLEX-E100-1222,30.6,88.0,258.0,99.8,1.13,Instant E100 Cold-Start Ignition (<1.0s)
BIOFLEX-E100-1223,3.5,59.6,219.6,70.9,1.6,Extended Rail Pre-Heating Cycle
BIOFLEX-E100-1224,-4.6,59.6,225.1,66.9,1.48,Extended Rail Pre-Heating Cycle
BIOFLEX-E100-1225,29.4,88.0,278.3,99.8,1.02,Instant E100 Cold-Start Ignition (<1.0s)
BIOFLEX-E100-1226,22.6,82.7,263.5,96.3,1.15,Instant E100 Cold-Start Ignition (<1.0s)
BIOFLEX-E100-1227,-2.6,49.7,230.9,55.5,1.88,Extended Rail Pre-Heating Cycle
BIOFLEX-E100-1228,4.4,62.4,242.7,68.8,1.58,Extended Rail Pre-Heating Cycle
BIOFLEX-E100-1229,8.0,59.1,216.4,66.9,1.5,Extended Rail Pre-Heating Cycle
BIOFLEX-E100-1230,31.7,88.0,272.0,99.8,1.18,Instant E100 Cold-Start Ignition (<1.0s)
BIOFLEX-E100-1231,28.6,83.4,268.8,94.9,1.04,Instant E100 Cold-Start Ignition (<1.0s)
BIOFLEX-E100-1232,20.3,79.2,252.2,91.0,1.15,Instant E100 Cold-Start Ignition (<1.0s)
BIOFLEX-E100-1233,8.5,73.5,250.1,82.9,1.27,Extended Rail Pre-Heating Cycle
BIOFLEX-E100-1234,-4.2,50.8,211.4,59.0,1.73,Extended Rail Pre-Heating Cycle
BIOFLEX-E100-1235,28.3,87.0,276.4,96.0,0.98,Instant E100 Cold-Start Ignition (<1.0s)
BIOFLEX-E100-1236,29.5,82.2,257.2,93.5,0.99,Instant E100 Cold-Start Ignition (<1.0s)
BIOFLEX-E100-1237,20.4,68.8,239.1,79.3,1.4,Extended Rail Pre-Heating Cycle
BIOFLEX-E100-1238,0.9,58.1,234.6,64.9,1.59,Extended Rail Pre-Heating Cycle
BIOFLEX-E100-1239,31.4,79.4,263.9,91.8,1.1,Instant E100 Cold-Start Ignition (<1.0s)
BIOFLEX-E100-1240,8.7,72.2,243.5,84.0,1.25,Extended Rail Pre-Heating Cycle
BIOFLEX-E100-1241,5.1,66.4,232.1,76.5,1.23,Extended Rail Pre-Heating Cycle
BIOFLEX-E100-1242,-2.0,45.7,200.9,55.0,1.88,Extended Rail Pre-Heating Cycle
BIOFLEX-E100-1243,27.8,85.4,261.0,99.8,1.11,Instant E100 Cold-Start Ignition (<1.0s)
BIOFLEX-E100-1244,20.8,78.4,252.9,90.7,1.16,Instant E100 Cold-Start Ignition (<1.0s)
BIOFLEX-E100-1245,31.9,88.0,264.9,98.3,1.17,Instant E100 Cold-Start Ignition (<1.0s)
BIOFLEX-E100-1246,2.6,52.0,203.2,55.0,1.84,Extended Rail Pre-Heating Cycle
BIOFLEX-E100-1247,14.5,75.8,250.0,86.0,1.14,Instant E100 Cold-Start Ignition (<1.0s)
BIOFLEX-E100-1248,-2.4,46.7,200.6,55.7,1.7,Extended Rail Pre-Heating Cycle
BIOFLEX-E100-1249,21.3,67.3,252.2,77.7,1.55,Extended Rail Pre-Heating Cycle
BIOFLEX-E100-1250,5.6,60.1,231.7,68.0,1.59,Extended Rail Pre-Heating Cycle
BIOFLEX-E100-1251,14.4,72.4,255.5,85.1,1.17,Instant E100 Cold-Start Ignition (<1.0s)
BIOFLEX-E100-1252,28.0,88.0,268.7,99.8,1.0,Instant E100 Cold-Start Ignition (<1.0s)
BIOFLEX-E100-1253,16.4,70.3,251.4,78.7,1.51,Extended Rail Pre-Heating Cycle
BIOFLEX-E100-1254,18.5,67.2,240.7,79.0,1.45,Extended Rail Pre-Heating Cycle
BIOFLEX-E100-1255,21.5,79.2,259.2,90.5,1.32,Instant E100 Cold-Start Ignition (<1.0s)
BIOFLEX-E100-1256,6.5,67.7,229.3,79.9,1.42,Extended Rail Pre-Heating Cycle
BIOFLEX-E100-1257,16.9,79.2,259.0,90.7,1.06,Instant E100 Cold-Start Ignition (<1.0s)
BIOFLEX-E100-1258,20.9,68.7,253.2,81.4,1.41,Extended Rail Pre-Heating Cycle
BIOFLEX-E100-1259,-3.6,45.0,217.7,55.0,1.91,Extended Rail Pre-Heating Cycle
BIOFLEX-E100-1260,2.7,49.4,203.1,57.6,1.7,Extended Rail Pre-Heating Cycle
BIOFLEX-E100-1261,11.5,57.6,224.6,67.3,1.4,Extended Rail Pre-Heating Cycle
BIOFLEX-E100-1262,26.2,73.9,257.9,83.4,1.32,Extended Rail Pre-Heating Cycle
BIOFLEX-E100-1263,17.7,78.1,255.0,91.3,1.11,Instant E100 Cold-Start Ignition (<1.0s)
BIOFLEX-E100-1264,19.6,78.6,247.9,88.8,1.26,Instant E100 Cold-Start Ignition (<1.0s)
BIOFLEX-E100-1265,24.7,86.6,273.3,99.6,0.87,Instant E100 Cold-Start Ignition (<1.0s)
BIOFLEX-E100-1266,-4.8,57.9,233.8,66.4,1.43,Extended Rail Pre-Heating Cycle
BIOFLEX-E100-1267,12.1,64.0,242.8,73.9,1.53,Extended Rail Pre-Heating Cycle
BIOFLEX-E100-1268,-2.3,45.0,226.6,55.0,1.66,Extended Rail Pre-Heating Cycle
BIOFLEX-E100-1269,-3.9,45.0,195.2,55.0,1.75,Extended Rail Pre-Heating Cycle
BIOFLEX-E100-1270,8.0,64.5,242.6,76.5,1.64,Extended Rail Pre-Heating Cycle
BIOFLEX-E100-1271,25.7,76.2,243.4,89.3,1.12,Instant E100 Cold-Start Ignition (<1.0s)
BIOFLEX-E100-1272,-4.1,58.8,242.3,65.0,1.78,Extended Rail Pre-Heating Cycle
BIOFLEX-E100-1273,28.5,80.8,259.8,91.4,1.25,Instant E100 Cold-Start Ignition (<1.0s)
BIOFLEX-E100-1274,11.4,73.0,234.8,84.6,1.11,Extended Rail Pre-Heating Cycle
BIOFLEX-E100-1275,7.8,57.4,227.5,66.6,1.5,Extended Rail Pre-Heating Cycle
BIOFLEX-E100-1276,16.5,71.4,253.7,78.6,1.44,Extended Rail Pre-Heating Cycle
BIOFLEX-E100-1277,10.9,75.5,249.3,85.8,1.33,Instant E100 Cold-Start Ignition (<1.0s)
BIOFLEX-E100-1278,-4.4,57.0,238.2,67.3,1.52,Extended Rail Pre-Heating Cycle
BIOFLEX-E100-1279,1.8,50.8,220.6,58.4,1.79,Extended Rail Pre-Heating Cycle
BIOFLEX-E100-1280,6.1,63.0,236.3,70.0,1.55,Extended Rail Pre-Heating Cycle
BIOFLEX-E100-1281,29.0,75.7,258.1,84.1,1.3,Extended Rail Pre-Heating Cycle
BIOFLEX-E100-1282,4.4,62.8,229.1,74.1,1.39,Extended Rail Pre-Heating Cycle
BIOFLEX-E100-1283,9.8,54.9,223.1,63.0,1.57,Extended Rail Pre-Heating Cycle
BIOFLEX-E100-1284,14.6,75.5,242.9,89.0,1.5,Instant E100 Cold-Start Ignition (<1.0s)
BIOFLEX-E100-1285,30.8,86.2,273.7,94.4,0.99,Instant E100 Cold-Start Ignition (<1.0s)
BIOFLEX-E100-1286,2.0,63.7,243.4,76.0,1.37,Extended Rail Pre-Heating Cycle
BIOFLEX-E100-1287,2.7,67.2,245.7,75.4,1.48,Extended Rail Pre-Heating Cycle
BIOFLEX-E100-1288,0.8,64.5,240.9,72.9,1.28,Extended Rail Pre-Heating Cycle
BIOFLEX-E100-1289,6.5,69.1,249.0,79.7,1.32,Extended Rail Pre-Heating Cycle
BIOFLEX-E100-1290,21.6,86.2,248.2,99.8,0.93,Instant E100 Cold-Start Ignition (<1.0s)
BIOFLEX-E100-1291,19.6,70.4,263.3,77.2,1.31,Extended Rail Pre-Heating Cycle
BIOFLEX-E100-1292,9.7,71.7,252.9,82.0,1.29,Extended Rail Pre-Heating Cycle
BIOFLEX-E100-1293,29.1,86.9,258.1,99.8,0.95,Instant E100 Cold-Start Ignition (<1.0s)
BIOFLEX-E100-1294,17.9,82.1,272.6,93.8,1.09,Instant E100 Cold-Start Ignition (<1.0s)
BIOFLEX-E100-1295,-2.5,54.9,217.5,62.7,1.66,Extended Rail Pre-Heating Cycle
BIOFLEX-E100-1296,12.6,66.5,241.8,75.4,1.36,Extended Rail Pre-Heating Cycle
BIOFLEX-E100-1297,16.0,65.1,240.5,77.1,1.32,Extended Rail Pre-Heating Cycle
BIOFLEX-E100-1298,20.5,78.7,255.6,88.5,1.16,Instant E100 Cold-Start Ignition (<1.0s)
BIOFLEX-E100-1299,6.3,70.4,231.5,77.7,1.47,Extended Rail Pre-Heating Cycle
BIOFLEX-E100-1300,19.9,77.8,271.4,89.2,1.24,Instant E100 Cold-Start Ignition (<1.0s)
BIOFLEX-E100-1301,-4.4,45.6,203.9,55.0,1.9,Extended Rail Pre-Heating Cycle
BIOFLEX-E100-1302,-1.4,51.4,215.0,56.7,1.65,Extended Rail Pre-Heating Cycle
BIOFLEX-E100-1303,31.9,77.2,254.9,91.1,1.28,Instant E100 Cold-Start Ignition (<1.0s)
BIOFLEX-E100-1304,29.2,88.0,288.3,99.8,1.04,Instant E100 Cold-Start Ignition (<1.0s)
BIOFLEX-E100-1305,26.1,82.4,255.3,95.0,1.06,Instant E100 Cold-Start Ignition (<1.0s)
BIOFLEX-E100-1306,0.8,49.4,208.8,55.2,1.76,Extended Rail Pre-Heating Cycle
BIOFLEX-E100-1307,-0.2,55.6,208.0,61.7,1.64,Extended Rail Pre-Heating Cycle
BIOFLEX-E100-1308,4.1,67.2,251.9,79.1,1.59,Extended Rail Pre-Heating Cycle
BIOFLEX-E100-1309,12.1,59.5,241.8,71.1,1.62,Extended Rail Pre-Heating Cycle
BIOFLEX-E100-1310,26.7,72.8,242.7,88.1,1.22,Instant E100 Cold-Start Ignition (<1.0s)
BIOFLEX-E100-1311,17.5,72.6,248.1,85.4,1.3,Instant E100 Cold-Start Ignition (<1.0s)
BIOFLEX-E100-1312,25.2,74.2,248.5,84.8,1.4,Extended Rail Pre-Heating Cycle
BIOFLEX-E100-1313,24.1,87.5,273.6,99.8,0.95,Instant E100 Cold-Start Ignition (<1.0s)
BIOFLEX-E100-1314,30.1,86.5,277.1,99.8,0.98,Instant E100 Cold-Start Ignition (<1.0s)
BIOFLEX-E100-1315,15.7,68.9,241.5,79.2,1.73,Extended Rail Pre-Heating Cycle
BIOFLEX-E100-1316,30.1,76.0,260.4,91.2,1.38,Instant E100 Cold-Start Ignition (<1.0s)
BIOFLEX-E100-1317,-2.0,45.0,231.1,55.0,1.83,Extended Rail Pre-Heating Cycle
BIOFLEX-E100-1318,14.4,68.8,242.1,78.9,1.51,Extended Rail Pre-Heating Cycle
BIOFLEX-E100-1319,-0.8,45.6,216.8,55.0,1.89,Extended Rail Pre-Heating Cycle
BIOFLEX-E100-1320,-2.4,45.4,218.3,55.0,1.84,Extended Rail Pre-Heating Cycle
BIOFLEX-E100-1321,14.2,65.3,245.1,72.5,1.56,Extended Rail Pre-Heating Cycle
BIOFLEX-E100-1322,-1.6,56.0,234.6,63.3,1.66,Extended Rail Pre-Heating Cycle
BIOFLEX-E100-1323,8.0,56.0,232.2,61.3,1.51,Extended Rail Pre-Heating Cycle
BIOFLEX-E100-1324,8.4,68.7,244.0,80.3,1.54,Extended Rail Pre-Heating Cycle
BIOFLEX-E100-1325,26.5,88.0,281.1,99.8,0.9,Instant E100 Cold-Start Ignition (<1.0s)
BIOFLEX-E100-1326,6.0,54.8,221.7,64.1,1.72,Extended Rail Pre-Heating Cycle
BIOFLEX-E100-1327,23.8,71.5,235.1,81.6,1.4,Extended Rail Pre-Heating Cycle
BIOFLEX-E100-1328,23.9,79.1,250.3,93.3,1.16,Instant E100 Cold-Start Ignition (<1.0s)
BIOFLEX-E100-1329,29.8,80.0,259.7,91.2,1.26,Instant E100 Cold-Start Ignition (<1.0s)
BIOFLEX-E100-1330,27.4,81.6,261.5,92.7,1.19,Instant E100 Cold-Start Ignition (<1.0s)
BIOFLEX-E100-1331,23.2,84.1,258.3,96.3,1.03,Instant E100 Cold-Start Ignition (<1.0s)
BIOFLEX-E100-1332,18.0,75.0,248.9,86.9,1.31,Instant E100 Cold-Start Ignition (<1.0s)
BIOFLEX-E100-1333,25.2,73.2,243.2,86.1,1.28,Instant E100 Cold-Start Ignition (<1.0s)
BIOFLEX-E100-1334,28.2,86.4,275.1,99.8,1.01,Instant E100 Cold-Start Ignition (<1.0s)
BIOFLEX-E100-1335,11.6,57.3,228.4,67.4,1.6,Extended Rail Pre-Heating Cycle
BIOFLEX-E100-1336,8.7,64.4,236.3,78.3,1.25,Extended Rail Pre-Heating Cycle
BIOFLEX-E100-1337,3.3,61.9,228.0,70.6,1.41,Extended Rail Pre-Heating Cycle
BIOFLEX-E100-1338,10.9,70.2,265.2,80.5,1.2,Extended Rail Pre-Heating Cycle
BIOFLEX-E100-1339,12.1,70.5,249.9,85.1,1.19,Instant E100 Cold-Start Ignition (<1.0s)
BIOFLEX-E100-1340,8.8,68.1,257.3,77.0,1.39,Extended Rail Pre-Heating Cycle
BIOFLEX-E100-1341,-3.6,51.0,212.4,58.9,1.81,Extended Rail Pre-Heating Cycle
BIOFLEX-E100-1342,28.1,88.0,273.4,99.8,1.05,Instant E100 Cold-Start Ignition (<1.0s)
BIOFLEX-E100-1343,22.0,86.5,276.3,99.8,1.06,Instant E100 Cold-Start Ignition (<1.0s)
BIOFLEX-E100-1344,6.0,53.3,219.5,60.5,1.53,Extended Rail Pre-Heating Cycle
BIOFLEX-E100-1345,3.3,68.1,241.4,79.6,1.32,Extended Rail Pre-Heating Cycle
BIOFLEX-E100-1346,-3.4,52.1,221.3,64.0,1.53,Extended Rail Pre-Heating Cycle
BIOFLEX-E100-1347,4.3,63.7,225.8,74.5,1.55,Extended Rail Pre-Heating Cycle
BIOFLEX-E100-1348,15.4,66.5,257.7,77.5,1.36,Extended Rail Pre-Heating Cycle
BIOFLEX-E100-1349,14.5,67.5,232.2,76.7,1.37,Extended Rail Pre-Heating Cycle
BIOFLEX-E100-1350,-1.5,52.3,211.3,59.8,1.7,Extended Rail Pre-Heating Cycle
BIOFLEX-E100-1351,2.9,67.5,237.9,75.8,1.41,Extended Rail Pre-Heating Cycle
BIOFLEX-E100-1352,17.6,81.3,266.5,94.1,1.12,Instant E100 Cold-Start Ignition (<1.0s)
BIOFLEX-E100-1353,7.3,70.1,262.0,78.9,1.49,Extended Rail Pre-Heating Cycle
BIOFLEX-E100-1354,19.6,74.7,241.3,86.3,1.19,Instant E100 Cold-Start Ignition (<1.0s)
BIOFLEX-E100-1355,12.2,69.9,236.0,78.2,1.37,Extended Rail Pre-Heating Cycle
BIOFLEX-E100-1356,0.4,65.3,230.0,76.7,1.4,Extended Rail Pre-Heating Cycle
BIOFLEX-E100-1357,22.2,78.5,240.7,92.9,1.22,Instant E100 Cold-Start Ignition (<1.0s)
BIOFLEX-E100-1358,6.4,52.1,207.2,57.5,1.65,Extended Rail Pre-Heating Cycle
BIOFLEX-E100-1359,29.5,81.4,268.9,93.5,1.2,Instant E100 Cold-Start Ignition (<1.0s)
BIOFLEX-E100-1360,19.7,82.8,253.4,94.2,1.29,Instant E100 Cold-Start Ignition (<1.0s)
BIOFLEX-E100-1361,28.7,87.5,284.8,99.8,0.89,Instant E100 Cold-Start Ignition (<1.0s)
BIOFLEX-E100-1362,22.4,87.2,276.6,96.0,1.2,Instant E100 Cold-Start Ignition (<1.0s)
BIOFLEX-E100-1363,2.7,52.9,226.8,59.3,1.8,Extended Rail Pre-Heating Cycle
BIOFLEX-E100-1364,2.1,58.7,241.1,68.4,1.59,Extended Rail Pre-Heating Cycle
BIOFLEX-E100-1365,8.0,71.2,240.0,80.7,1.32,Extended Rail Pre-Heating Cycle
BIOFLEX-E100-1366,13.3,63.9,236.6,73.8,1.51,Extended Rail Pre-Heating Cycle
BIOFLEX-E100-1367,16.2,73.9,247.5,87.7,1.29,Instant E100 Cold-Start Ignition (<1.0s)
BIOFLEX-E100-1368,31.3,84.5,258.7,96.0,1.0,Instant E100 Cold-Start Ignition (<1.0s)
BIOFLEX-E100-1369,23.0,77.8,254.1,88.5,1.04,Instant E100 Cold-Start Ignition (<1.0s)
BIOFLEX-E100-1370,4.3,54.2,227.9,65.6,1.5,Extended Rail Pre-Heating Cycle
BIOFLEX-E100-1371,-4.9,46.0,215.5,56.4,1.94,Extended Rail Pre-Heating Cycle
BIOFLEX-E100-1372,17.3,75.4,251.9,87.1,1.22,Instant E100 Cold-Start Ignition (<1.0s)
BIOFLEX-E100-1373,5.3,60.9,222.2,69.7,1.58,Extended Rail Pre-Heating Cycle
BIOFLEX-E100-1374,-0.3,61.8,218.8,73.1,1.66,Extended Rail Pre-Heating Cycle
BIOFLEX-E100-1375,1.9,61.0,237.1,73.0,1.52,Extended Rail Pre-Heating Cycle
BIOFLEX-E100-1376,13.9,64.0,234.7,73.9,1.56,Extended Rail Pre-Heating Cycle
BIOFLEX-E100-1377,13.9,64.1,246.0,72.8,1.38,Extended Rail Pre-Heating Cycle
BIOFLEX-E100-1378,-1.1,50.0,221.3,58.0,1.46,Extended Rail Pre-Heating Cycle
BIOFLEX-E100-1379,3.6,49.6,230.0,55.6,1.83,Extended Rail Pre-Heating Cycle
BIOFLEX-E100-1380,7.6,71.9,238.7,86.6,1.25,Instant E100 Cold-Start Ignition (<1.0s)
BIOFLEX-E100-1381,3.0,64.9,239.5,76.5,1.45,Extended Rail Pre-Heating Cycle
BIOFLEX-E100-1382,22.2,69.7,236.4,80.8,1.14,Extended Rail Pre-Heating Cycle
BIOFLEX-E100-1383,16.9,67.0,250.4,75.9,1.46,Extended Rail Pre-Heating Cycle
BIOFLEX-E100-1384,24.3,78.4,255.6,90.8,0.99,Instant E100 Cold-Start Ignition (<1.0s)
BIOFLEX-E100-1385,3.2,61.8,233.6,71.9,1.61,Extended Rail Pre-Heating Cycle
BIOFLEX-E100-1386,24.9,70.7,246.3,79.4,1.3,Extended Rail Pre-Heating Cycle
BIOFLEX-E100-1387,11.6,73.3,266.4,85.1,1.42,Instant E100 Cold-Start Ignition (<1.0s)
BIOFLEX-E100-1388,10.0,71.1,250.8,84.0,1.01,Extended Rail Pre-Heating Cycle
BIOFLEX-E100-1389,0.5,58.3,229.1,68.5,1.4,Extended Rail Pre-Heating Cycle
BIOFLEX-E100-1390,27.7,74.1,247.7,87.0,1.32,Instant E100 Cold-Start Ignition (<1.0s)
BIOFLEX-E100-1391,10.9,64.0,245.4,76.8,1.17,Extended Rail Pre-Heating Cycle
BIOFLEX-E100-1392,15.0,75.9,250.0,87.1,1.23,Instant E100 Cold-Start Ignition (<1.0s)
BIOFLEX-E100-1393,5.0,59.5,225.2,69.0,1.69,Extended Rail Pre-Heating Cycle
BIOFLEX-E100-1394,24.5,75.2,251.8,84.6,1.3,Extended Rail Pre-Heating Cycle
BIOFLEX-E100-1395,15.5,63.0,232.2,71.7,1.5,Extended Rail Pre-Heating Cycle
BIOFLEX-E100-1396,15.5,61.9,220.3,75.5,1.62,Extended Rail Pre-Heating Cycle
BIOFLEX-E100-1397,10.7,57.8,224.8,66.9,1.8,Extended Rail Pre-Heating Cycle
BIOFLEX-E100-1398,7.3,53.2,221.6,60.8,1.77,Extended Rail Pre-Heating Cycle
BIOFLEX-E100-1399,20.7,69.8,248.2,80.7,1.17,Extended Rail Pre-Heating Cycle
BIOFLEX-E100-1400,14.3,68.2,253.0,79.2,1.46,Extended Rail Pre-Heating Cycle
BIOFLEX-E100-1401,1.9,47.2,231.2,55.0,1.7,Extended Rail Pre-Heating Cycle
BIOFLEX-E100-1402,-3.5,45.0,211.2,55.0,1.83,Extended Rail Pre-Heating Cycle
BIOFLEX-E100-1403,1.4,62.2,235.7,73.0,1.58,Extended Rail Pre-Heating Cycle
BIOFLEX-E100-1404,-1.8,45.0,215.3,55.0,1.85,Extended Rail Pre-Heating Cycle
BIOFLEX-E100-1405,10.3,61.8,228.1,71.0,1.55,Extended Rail Pre-Heating Cycle
BIOFLEX-E100-1406,26.4,74.5,252.4,86.1,1.12,Instant E100 Cold-Start Ignition (<1.0s)
BIOFLEX-E100-1407,13.2,77.2,256.4,87.5,1.24,Instant E100 Cold-Start Ignition (<1.0s)
BIOFLEX-E100-1408,14.4,59.7,227.3,69.8,1.58,Extended Rail Pre-Heating Cycle
BIOFLEX-E100-1409,8.0,63.6,244.4,73.8,1.4,Extended Rail Pre-Heating Cycle
BIOFLEX-E100-1410,2.9,58.1,227.4,67.1,1.63,Extended Rail Pre-Heating Cycle
BIOFLEX-E100-1411,6.0,66.8,239.4,75.8,1.31,Extended Rail Pre-Heating Cycle
BIOFLEX-E100-1412,0.3,61.2,237.1,68.3,1.5,Extended Rail Pre-Heating Cycle
BIOFLEX-E100-1413,26.8,88.0,269.6,99.8,1.05,Instant E100 Cold-Start Ignition (<1.0s)
BIOFLEX-E100-1414,4.4,54.8,235.1,61.9,1.74,Extended Rail Pre-Heating Cycle
BIOFLEX-E100-1415,15.2,63.9,245.5,71.2,1.61,Extended Rail Pre-Heating Cycle
BIOFLEX-E100-1416,1.7,66.3,241.5,77.5,1.4,Extended Rail Pre-Heating Cycle
BIOFLEX-E100-1417,10.0,65.5,245.6,76.6,1.35,Extended Rail Pre-Heating Cycle
BIOFLEX-E100-1418,28.7,83.7,253.9,96.7,1.04,Instant E100 Cold-Start Ignition (<1.0s)
BIOFLEX-E100-1419,16.7,75.9,248.4,87.2,1.32,Instant E100 Cold-Start Ignition (<1.0s)
BIOFLEX-E100-1420,17.7,77.1,249.4,89.8,0.97,Instant E100 Cold-Start Ignition (<1.0s)
BIOFLEX-E100-1421,30.5,77.2,263.6,89.2,1.12,Instant E100 Cold-Start Ignition (<1.0s)
BIOFLEX-E100-1422,3.2,50.3,220.9,59.3,1.65,Extended Rail Pre-Heating Cycle
BIOFLEX-E100-1423,22.9,79.5,252.7,89.4,1.06,Instant E100 Cold-Start Ignition (<1.0s)
BIOFLEX-E100-1424,18.1,78.6,248.4,90.4,1.23,Instant E100 Cold-Start Ignition (<1.0s)
BIOFLEX-E100-1425,13.2,70.4,242.1,81.2,1.32,Extended Rail Pre-Heating Cycle
BIOFLEX-E100-1426,-1.0,45.8,223.6,55.0,1.82,Extended Rail Pre-Heating Cycle
BIOFLEX-E100-1427,5.0,56.8,225.4,63.3,1.82,Extended Rail Pre-Heating Cycle
BIOFLEX-E100-1428,15.7,73.8,256.4,89.3,1.1,Instant E100 Cold-Start Ignition (<1.0s)
BIOFLEX-E100-1429,25.5,86.9,267.4,99.8,0.94,Instant E100 Cold-Start Ignition (<1.0s)
BIOFLEX-E100-1430,7.0,58.8,226.6,66.6,1.67,Extended Rail Pre-Heating Cycle
BIOFLEX-E100-1431,6.3,59.6,232.0,69.9,1.43,Extended Rail Pre-Heating Cycle
BIOFLEX-E100-1432,27.7,76.0,259.5,89.4,1.14,Instant E100 Cold-Start Ignition (<1.0s)
BIOFLEX-E100-1433,21.4,78.6,251.4,94.5,1.19,Instant E100 Cold-Start Ignition (<1.0s)
BIOFLEX-E100-1434,21.6,69.1,243.2,79.1,1.31,Extended Rail Pre-Heating Cycle
BIOFLEX-E100-1435,-2.2,51.2,224.6,56.8,1.7,Extended Rail Pre-Heating Cycle
BIOFLEX-E100-1436,8.2,58.5,222.2,68.9,1.57,Extended Rail Pre-Heating Cycle
BIOFLEX-E100-1437,4.7,65.7,246.7,81.0,1.15,Extended Rail Pre-Heating Cycle
BIOFLEX-E100-1438,10.1,69.6,244.7,80.1,1.48,Extended Rail Pre-Heating Cycle
BIOFLEX-E100-1439,30.1,75.9,252.0,85.4,1.19,Instant E100 Cold-Start Ignition (<1.0s)
BIOFLEX-E100-1440,23.0,75.6,245.1,84.6,1.22,Extended Rail Pre-Heating Cycle
BIOFLEX-E100-1441,10.0,73.8,240.5,87.8,1.15,Instant E100 Cold-Start Ignition (<1.0s)
BIOFLEX-E100-1442,19.7,64.8,231.4,80.3,1.41,Extended Rail Pre-Heating Cycle
BIOFLEX-E100-1443,4.5,68.8,243.0,76.9,1.59,Extended Rail Pre-Heating Cycle
BIOFLEX-E100-1444,2.1,53.9,222.6,60.0,1.72,Extended Rail Pre-Heating Cycle
BIOFLEX-E100-1445,-4.1,60.1,245.4,68.7,1.45,Extended Rail Pre-Heating Cycle
BIOFLEX-E100-1446,-2.9,45.0,213.0,55.0,1.81,Extended Rail Pre-Heating Cycle
BIOFLEX-E100-1447,17.1,72.7,245.7,87.0,1.25,Instant E100 Cold-Start Ignition (<1.0s)
BIOFLEX-E100-1448,13.5,68.9,251.7,76.1,1.59,Extended Rail Pre-Heating Cycle
BIOFLEX-E100-1449,13.4,59.8,238.5,68.7,1.67,Extended Rail Pre-Heating Cycle
BIOFLEX-E100-1450,19.2,81.0,252.0,91.2,1.11,Instant E100 Cold-Start Ignition (<1.0s)
BIOFLEX-E100-1451,20.9,68.2,241.1,80.0,1.36,Extended Rail Pre-Heating Cycle
BIOFLEX-E100-1452,15.1,79.4,254.7,90.9,1.04,Instant E100 Cold-Start Ignition (<1.0s)
BIOFLEX-E100-1453,29.9,88.0,278.8,99.8,0.9,Instant E100 Cold-Start Ignition (<1.0s)
BIOFLEX-E100-1454,26.8,81.5,262.8,91.8,1.07,Instant E100 Cold-Start Ignition (<1.0s)
BIOFLEX-E100-1455,13.9,74.0,251.1,88.8,1.36,Instant E100 Cold-Start Ignition (<1.0s)
BIOFLEX-E100-1456,3.2,52.0,222.6,58.9,1.62,Extended Rail Pre-Heating Cycle
BIOFLEX-E100-1457,16.8,74.3,261.0,85.0,1.1,Extended Rail Pre-Heating Cycle
BIOFLEX-E100-1458,24.1,74.5,255.0,85.4,1.19,Instant E100 Cold-Start Ignition (<1.0s)
BIOFLEX-E100-1459,19.9,83.8,259.7,94.8,0.92,Instant E100 Cold-Start Ignition (<1.0s)
BIOFLEX-E100-1460,18.7,79.0,247.5,89.9,1.24,Instant E100 Cold-Start Ignition (<1.0s)
BIOFLEX-E100-1461,22.0,84.5,256.4,94.6,1.1,Instant E100 Cold-Start Ignition (<1.0s)
BIOFLEX-E100-1462,17.0,73.7,259.9,86.4,1.32,Instant E100 Cold-Start Ignition (<1.0s)
BIOFLEX-E100-1463,25.7,80.8,258.7,92.3,1.06,Instant E100 Cold-Start Ignition (<1.0s)
BIOFLEX-E100-1464,29.4,88.0,282.1,99.8,0.99,Instant E100 Cold-Start Ignition (<1.0s)
BIOFLEX-E100-1465,3.8,65.8,249.1,72.1,1.75,Extended Rail Pre-Heating Cycle
BIOFLEX-E100-1466,19.0,66.2,233.8,74.4,1.31,Extended Rail Pre-Heating Cycle
BIOFLEX-E100-1467,5.6,58.3,219.4,68.1,1.46,Extended Rail Pre-Heating Cycle
BIOFLEX-E100-1468,13.2,66.7,241.1,76.9,1.5,Extended Rail Pre-Heating Cycle
BIOFLEX-E100-1469,1.1,57.3,222.8,65.4,1.53,Extended Rail Pre-Heating Cycle
BIOFLEX-E100-1470,21.1,69.9,239.6,82.5,1.34,Extended Rail Pre-Heating Cycle
BIOFLEX-E100-1471,7.1,71.7,245.9,81.3,1.26,Extended Rail Pre-Heating Cycle
BIOFLEX-E100-1472,13.7,69.6,249.0,79.7,1.3,Extended Rail Pre-Heating Cycle
BIOFLEX-E100-1473,24.7,84.3,267.1,98.6,0.89,Instant E100 Cold-Start Ignition (<1.0s)
BIOFLEX-E100-1474,7.1,71.7,238.9,84.7,1.35,Extended Rail Pre-Heating Cycle
BIOFLEX-E100-1475,16.4,77.8,250.6,89.9,1.26,Instant E100 Cold-Start Ignition (<1.0s)
BIOFLEX-E100-1476,5.8,54.3,228.5,65.0,1.57,Extended Rail Pre-Heating Cycle
BIOFLEX-E100-1477,0.4,47.6,218.8,55.8,1.82,Extended Rail Pre-Heating Cycle
BIOFLEX-E100-1478,29.4,86.9,272.4,99.8,0.93,Instant E100 Cold-Start Ignition (<1.0s)
BIOFLEX-E100-1479,15.7,80.6,262.0,93.4,1.36,Instant E100 Cold-Start Ignition (<1.0s)
BIOFLEX-E100-1480,8.6,61.9,239.4,67.5,1.61,Extended Rail Pre-Heating Cycle
BIOFLEX-E100-1481,31.9,86.7,264.2,98.6,1.05,Instant E100 Cold-Start Ignition (<1.0s)
BIOFLEX-E100-1482,26.7,88.0,275.6,99.8,1.11,Instant E100 Cold-Start Ignition (<1.0s)
BIOFLEX-E100-1483,13.2,68.6,240.2,77.2,1.35,Extended Rail Pre-Heating Cycle
BIOFLEX-E100-1484,-3.3,52.5,223.8,61.4,1.8,Extended Rail Pre-Heating Cycle
BIOFLEX-E100-1485,31.6,88.0,267.4,99.8,1.04,Instant E100 Cold-Start Ignition (<1.0s)
BIOFLEX-E100-1486,28.8,87.1,276.5,99.7,1.05,Instant E100 Cold-Start Ignition (<1.0s)
BIOFLEX-E100-1487,17.8,76.8,262.7,87.8,1.2,Instant E100 Cold-Start Ignition (<1.0s)
BIOFLEX-E100-1488,13.5,64.5,243.0,75.1,1.49,Extended Rail Pre-Heating Cycle
BIOFLEX-E100-1489,14.1,65.8,229.5,79.7,1.36,Extended Rail Pre-Heating Cycle
BIOFLEX-E100-1490,9.4,56.3,235.3,66.6,1.66,Extended Rail Pre-Heating Cycle
BIOFLEX-E100-1491,3.6,66.4,241.5,78.8,1.4,Extended Rail Pre-Heating Cycle
BIOFLEX-E100-1492,28.5,74.4,234.7,86.2,1.25,Instant E100 Cold-Start Ignition (<1.0s)
BIOFLEX-E100-1493,10.6,64.8,234.4,75.3,1.28,Extended Rail Pre-Heating Cycle
BIOFLEX-E100-1494,11.2,57.0,223.5,68.8,1.5,Extended Rail Pre-Heating Cycle
BIOFLEX-E100-1495,25.6,79.2,259.0,88.0,1.2,Instant E100 Cold-Start Ignition (<1.0s)
BIOFLEX-E100-1496,30.6,87.3,288.1,95.1,1.0,Instant E100 Cold-Start Ignition (<1.0s)
BIOFLEX-E100-1497,-3.3,57.6,226.0,71.1,1.51,Extended Rail Pre-Heating Cycle
BIOFLEX-E100-1498,27.1,76.8,260.0,88.5,1.21,Instant E100 Cold-Start Ignition (<1.0s)
BIOFLEX-E100-1499,7.0,54.8,225.5,64.3,1.81,Extended Rail Pre-Heating Cycle
BIOFLEX-E100-1500,15.8,67.2,230.5,77.3,1.42,Extended Rail Pre-Heating Cycle
BIOFLEX-E100-1501,7.4,61.7,224.6,71.8,1.51,Extended Rail Pre-Heating Cycle
BIOFLEX-E100-1502,12.6,65.6,242.9,78.0,1.43,Extended Rail Pre-Heating Cycle
BIOFLEX-E100-1503,3.7,65.2,241.9,75.1,1.33,Extended Rail Pre-Heating Cycle
BIOFLEX-E100-1504,27.9,88.0,259.8,99.8,1.1,Instant E100 Cold-Start Ignition (<1.0s)
BIOFLEX-E100-1505,12.6,76.7,258.1,87.6,1.28,Instant E100 Cold-Start Ignition (<1.0s)
BIOFLEX-E100-1506,23.2,86.1,273.7,95.5,1.1,Instant E100 Cold-Start Ignition (<1.0s)
BIOFLEX-E100-1507,24.7,88.0,274.5,99.8,0.98,Instant E100 Cold-Start Ignition (<1.0s)
BIOFLEX-E100-1508,-2.8,49.3,219.1,56.2,1.8,Extended Rail Pre-Heating Cycle
BIOFLEX-E100-1509,8.7,71.5,255.3,80.0,1.4,Extended Rail Pre-Heating Cycle
BIOFLEX-E100-1510,7.0,62.4,239.3,71.2,1.46,Extended Rail Pre-Heating Cycle
BIOFLEX-E100-1511,28.1,81.6,265.1,94.4,1.04,Instant E100 Cold-Start Ignition (<1.0s)
BIOFLEX-E100-1512,4.7,55.5,221.4,62.8,1.57,Extended Rail Pre-Heating Cycle
BIOFLEX-E100-1513,17.3,75.6,262.2,85.2,1.46,Instant E100 Cold-Start Ignition (<1.0s)
BIOFLEX-E100-1514,7.4,56.3,222.1,66.8,1.69,Extended Rail Pre-Heating Cycle
BIOFLEX-E100-1515,15.8,74.5,247.0,82.0,1.3,Extended Rail Pre-Heating Cycle
BIOFLEX-E100-1516,18.3,63.7,229.2,73.1,1.48,Extended Rail Pre-Heating Cycle
BIOFLEX-E100-1517,27.2,88.0,267.4,99.8,1.01,Instant E100 Cold-Start Ignition (<1.0s)
BIOFLEX-E100-1518,0.3,52.5,210.2,61.5,1.65,Extended Rail Pre-Heating Cycle
BIOFLEX-E100-1519,19.3,76.8,265.0,91.4,1.04,Instant E100 Cold-Start Ignition (<1.0s)
BIOFLEX-E100-1520,4.8,52.2,222.7,61.8,1.61,Extended Rail Pre-Heating Cycle
BIOFLEX-E100-1521,8.9,65.4,238.8,73.9,1.39,Extended Rail Pre-Heating Cycle
BIOFLEX-E100-1522,28.2,84.0,264.3,97.1,1.08,Instant E100 Cold-Start Ignition (<1.0s)
BIOFLEX-E100-1523,21.3,66.5,233.4,76.2,1.53,Extended Rail Pre-Heating Cycle
BIOFLEX-E100-1524,26.6,82.9,277.1,95.9,1.15,Instant E100 Cold-Start Ignition (<1.0s)
BIOFLEX-E100-1525,27.5,88.0,253.2,99.8,1.07,Instant E100 Cold-Start Ignition (<1.0s)
BIOFLEX-E100-1526,4.2,53.6,232.1,63.1,1.68,Extended Rail Pre-Heating Cycle
BIOFLEX-E100-1527,13.0,67.0,245.4,76.5,1.58,Extended Rail Pre-Heating Cycle
BIOFLEX-E100-1528,16.6,71.0,247.8,81.6,1.33,Extended Rail Pre-Heating Cycle
BIOFLEX-E100-1529,-3.6,57.7,236.2,65.1,1.7,Extended Rail Pre-Heating Cycle
BIOFLEX-E100-1530,7.9,65.0,250.2,71.7,1.48,Extended Rail Pre-Heating Cycle
BIOFLEX-E100-1531,19.2,68.4,239.7,83.0,1.19,Extended Rail Pre-Heating Cycle
BIOFLEX-E100-1532,-1.2,45.1,203.7,55.0,1.8,Extended Rail Pre-Heating Cycle
BIOFLEX-E100-1533,7.4,56.8,227.4,66.1,1.42,Extended Rail Pre-Heating Cycle
BIOFLEX-E100-1534,1.6,49.4,204.4,59.9,1.72,Extended Rail Pre-Heating Cycle
BIOFLEX-E100-1535,3.9,58.3,222.5,67.3,1.56,Extended Rail Pre-Heating Cycle
BIOFLEX-E100-1536,31.8,88.0,288.6,99.8,1.06,Instant E100 Cold-Start Ignition (<1.0s)
BIOFLEX-E100-1537,11.0,71.5,244.6,80.6,1.33,Extended Rail Pre-Heating Cycle
BIOFLEX-E100-1538,-1.7,55.2,210.9,62.4,1.56,Extended Rail Pre-Heating Cycle
BIOFLEX-E100-1539,18.3,77.4,257.2,85.7,1.31,Instant E100 Cold-Start Ignition (<1.0s)
BIOFLEX-E100-1540,-0.8,57.8,225.0,67.1,1.59,Extended Rail Pre-Heating Cycle
BIOFLEX-E100-1541,12.5,60.4,228.0,67.6,1.64,Extended Rail Pre-Heating Cycle
BIOFLEX-E100-1542,2.8,64.2,237.1,73.0,1.32,Extended Rail Pre-Heating Cycle
BIOFLEX-E100-1543,13.3,61.4,228.7,70.4,1.75,Extended Rail Pre-Heating Cycle
BIOFLEX-E100-1544,8.7,60.4,222.2,68.4,1.51,Extended Rail Pre-Heating Cycle
BIOFLEX-E100-1545,29.5,87.6,275.1,99.8,1.17,Instant E100 Cold-Start Ignition (<1.0s)
BIOFLEX-E100-1546,3.5,62.8,229.0,70.7,1.68,Extended Rail Pre-Heating Cycle
BIOFLEX-E100-1547,5.2,63.9,248.6,73.9,1.51,Extended Rail Pre-Heating Cycle
BIOFLEX-E100-1548,9.2,65.3,236.5,77.1,1.54,Extended Rail Pre-Heating Cycle
BIOFLEX-E100-1549,22.5,78.5,256.1,93.5,1.09,Instant E100 Cold-Start Ignition (<1.0s)
BIOFLEX-E100-1550,5.3,66.3,241.3,75.0,1.47,Extended Rail Pre-Heating Cycle
BIOFLEX-E100-1551,3.4,51.1,210.2,56.7,1.64,Extended Rail Pre-Heating Cycle
BIOFLEX-E100-1552,14.3,65.9,233.2,76.8,1.29,Extended Rail Pre-Heating Cycle
BIOFLEX-E100-1553,6.9,59.3,232.2,69.2,1.52,Extended Rail Pre-Heating Cycle
BIOFLEX-E100-1554,17.2,77.8,242.8,93.9,1.0,Instant E100 Cold-Start Ignition (<1.0s)
BIOFLEX-E100-1555,-3.8,46.8,218.1,59.5,1.8,Extended Rail Pre-Heating Cycle
BIOFLEX-E100-1556,20.7,69.6,251.9,78.8,1.3,Extended Rail Pre-Heating Cycle
BIOFLEX-E100-1557,14.4,63.6,225.9,70.2,1.49,Extended Rail Pre-Heating Cycle
BIOFLEX-E100-1558,-4.6,52.5,218.2,57.9,1.78,Extended Rail Pre-Heating Cycle
BIOFLEX-E100-1559,7.5,69.5,246.6,79.0,1.27,Extended Rail Pre-Heating Cycle
BIOFLEX-E100-1560,7.0,62.2,235.3,71.1,1.48,Extended Rail Pre-Heating Cycle
BIOFLEX-E100-1561,0.7,49.6,205.1,57.5,1.69,Extended Rail Pre-Heating Cycle
BIOFLEX-E100-1562,21.9,75.6,259.1,88.6,1.31,Instant E100 Cold-Start Ignition (<1.0s)
BIOFLEX-E100-1563,14.4,65.5,242.2,72.5,1.59,Extended Rail Pre-Heating Cycle
BIOFLEX-E100-1564,23.5,71.6,236.8,83.7,1.4,Extended Rail Pre-Heating Cycle
BIOFLEX-E100-1565,-4.6,48.5,216.0,55.8,1.74,Extended Rail Pre-Heating Cycle
BIOFLEX-E100-1566,31.6,83.7,264.2,94.1,1.1,Instant E100 Cold-Start Ignition (<1.0s)
BIOFLEX-E100-1567,13.3,59.3,234.2,67.5,1.6,Extended Rail Pre-Heating Cycle
BIOFLEX-E100-1568,18.1,78.1,256.7,92.4,1.13,Instant E100 Cold-Start Ignition (<1.0s)
BIOFLEX-E100-1569,19.1,68.7,247.7,79.4,1.47,Extended Rail Pre-Heating Cycle
BIOFLEX-E100-1570,12.0,72.3,246.7,76.5,1.57,Extended Rail Pre-Heating Cycle
BIOFLEX-E100-1571,5.4,68.2,235.1,75.9,1.61,Extended Rail Pre-Heating Cycle
BIOFLEX-E100-1572,23.4,84.7,263.0,99.5,1.09,Instant E100 Cold-Start Ignition (<1.0s)
BIOFLEX-E100-1573,0.7,63.9,242.7,73.2,1.48,Extended Rail Pre-Heating Cycle
BIOFLEX-E100-1574,11.6,76.5,260.3,94.6,1.11,Instant E100 Cold-Start Ignition (<1.0s)
BIOFLEX-E100-1575,12.6,75.9,253.8,87.3,1.13,Instant E100 Cold-Start Ignition (<1.0s)
BIOFLEX-E100-1576,28.2,81.8,247.7,91.1,1.2,Instant E100 Cold-Start Ignition (<1.0s)
BIOFLEX-E100-1577,2.6,57.6,229.5,62.3,1.64,Extended Rail Pre-Heating Cycle
BIOFLEX-E100-1578,19.7,75.7,256.8,85.2,1.12,Instant E100 Cold-Start Ignition (<1.0s)
BIOFLEX-E100-1579,8.1,65.2,230.6,76.3,1.32,Extended Rail Pre-Heating Cycle
BIOFLEX-E100-1580,25.0,76.5,265.2,88.8,1.15,Instant E100 Cold-Start Ignition (<1.0s)
BIOFLEX-E100-1581,12.1,66.9,258.3,73.6,1.5,Extended Rail Pre-Heating Cycle
BIOFLEX-E100-1582,0.8,59.1,231.0,70.3,1.49,Extended Rail Pre-Heating Cycle
BIOFLEX-E100-1583,26.6,88.0,263.7,99.8,0.79,Instant E100 Cold-Start Ignition (<1.0s)
BIOFLEX-E100-1584,15.1,73.4,254.3,84.3,1.2,Extended Rail Pre-Heating Cycle
BIOFLEX-E100-1585,-1.2,59.5,235.9,68.8,1.49,Extended Rail Pre-Heating Cycle
BIOFLEX-E100-1586,17.3,80.1,260.8,90.2,1.28,Instant E100 Cold-Start Ignition (<1.0s)
BIOFLEX-E100-1587,21.5,78.7,256.3,92.4,0.99,Instant E100 Cold-Start Ignition (<1.0s)
BIOFLEX-E100-1588,4.9,68.5,231.3,79.3,1.36,Extended Rail Pre-Heating Cycle
BIOFLEX-E100-1589,12.0,60.2,233.2,69.7,1.5,Extended Rail Pre-Heating Cycle
BIOFLEX-E100-1590,17.1,67.5,238.2,78.3,1.4,Extended Rail Pre-Heating Cycle
BIOFLEX-E100-1591,4.4,59.8,231.2,70.2,1.65,Extended Rail Pre-Heating Cycle
BIOFLEX-E100-1592,-4.2,55.2,230.0,63.3,1.68,Extended Rail Pre-Heating Cycle
BIOFLEX-E100-1593,26.6,74.0,241.6,87.3,1.29,Instant E100 Cold-Start Ignition (<1.0s)
BIOFLEX-E100-1594,30.9,88.0,273.5,99.8,0.97,Instant E100 Cold-Start Ignition (<1.0s)
BIOFLEX-E100-1595,21.8,70.6,244.8,77.9,1.4,Extended Rail Pre-Heating Cycle
BIOFLEX-E100-1596,30.6,86.0,272.3,99.8,0.99,Instant E100 Cold-Start Ignition (<1.0s)
BIOFLEX-E100-1597,30.5,81.7,258.7,93.3,1.05,Instant E100 Cold-Start Ignition (<1.0s)
BIOFLEX-E100-1598,30.7,77.0,264.9,88.7,1.09,Instant E100 Cold-Start Ignition (<1.0s)
BIOFLEX-E100-1599,26.5,83.3,259.7,97.0,1.2,Instant E100 Cold-Start Ignition (<1.0s)
BIOFLEX-E100-1600,15.9,68.6,247.9,76.8,1.34,Extended Rail Pre-Heating Cycle
BIOFLEX-E100-1601,2.9,55.2,227.3,66.8,1.65,Extended Rail Pre-Heating Cycle
BIOFLEX-E100-1602,0.5,60.3,233.6,68.5,1.69,Extended Rail Pre-Heating Cycle
BIOFLEX-E100-1603,19.6,79.3,258.3,90.6,1.1,Instant E100 Cold-Start Ignition (<1.0s)
BIOFLEX-E100-1604,-2.3,60.0,227.2,65.6,1.76,Extended Rail Pre-Heating Cycle
BIOFLEX-E100-1605,27.4,85.5,272.6,97.8,1.0,Instant E100 Cold-Start Ignition (<1.0s)
BIOFLEX-E100-1606,-0.6,57.4,228.1,69.1,1.49,Extended Rail Pre-Heating Cycle
BIOFLEX-E100-1607,22.4,76.4,243.7,86.1,1.17,Instant E100 Cold-Start Ignition (<1.0s)
BIOFLEX-E100-1608,6.9,59.1,221.2,66.4,1.52,Extended Rail Pre-Heating Cycle
BIOFLEX-E100-1609,15.0,63.5,243.9,72.6,1.61,Extended Rail Pre-Heating Cycle
BIOFLEX-E100-1610,11.5,72.8,257.9,80.6,1.28,Extended Rail Pre-Heating Cycle
BIOFLEX-E100-1611,-4.4,45.0,214.4,55.0,1.81,Extended Rail Pre-Heating Cycle
BIOFLEX-E100-1612,-2.9,53.4,212.2,59.2,1.71,Extended Rail Pre-Heating Cycle
BIOFLEX-E100-1613,-4.2,58.9,234.5,70.4,1.59,Extended Rail Pre-Heating Cycle
BIOFLEX-E100-1614,3.0,55.8,226.8,66.1,1.58,Extended Rail Pre-Heating Cycle
BIOFLEX-E100-1615,11.3,64.4,230.4,74.9,1.53,Extended Rail Pre-Heating Cycle
BIOFLEX-E100-1616,15.9,69.4,231.0,82.7,1.28,Extended Rail Pre-Heating Cycle
BIOFLEX-E100-1617,11.3,62.3,240.4,73.6,1.49,Extended Rail Pre-Heating Cycle
BIOFLEX-E100-1618,30.0,83.4,266.3,99.8,1.03,Instant E100 Cold-Start Ignition (<1.0s)
BIOFLEX-E100-1619,30.2,88.0,281.0,99.8,0.97,Instant E100 Cold-Start Ignition (<1.0s)
BIOFLEX-E100-1620,9.2,68.1,240.9,81.0,1.23,Extended Rail Pre-Heating Cycle
BIOFLEX-E100-1621,15.1,63.9,240.8,72.5,1.69,Extended Rail Pre-Heating Cycle
BIOFLEX-E100-1622,8.6,60.4,221.7,71.8,1.48,Extended Rail Pre-Heating Cycle
BIOFLEX-E100-1623,4.3,62.1,233.3,70.8,1.57,Extended Rail Pre-Heating Cycle
BIOFLEX-E100-1624,16.0,62.7,223.8,71.2,1.36,Extended Rail Pre-Heating Cycle
BIOFLEX-E100-1625,24.3,82.1,259.2,93.5,1.11,Instant E100 Cold-Start Ignition (<1.0s)
BIOFLEX-E100-1626,17.8,80.7,267.2,91.0,1.29,Instant E100 Cold-Start Ignition (<1.0s)
BIOFLEX-E100-1627,-4.1,54.4,236.9,60.4,1.73,Extended Rail Pre-Heating Cycle
BIOFLEX-E100-1628,19.5,83.8,288.5,95.8,1.01,Instant E100 Cold-Start Ignition (<1.0s)
BIOFLEX-E100-1629,11.5,70.0,248.4,83.3,1.16,Extended Rail Pre-Heating Cycle
BIOFLEX-E100-1630,20.5,68.6,238.0,76.8,1.3,Extended Rail Pre-Heating Cycle
BIOFLEX-E100-1631,30.9,88.0,265.1,99.8,1.18,Instant E100 Cold-Start Ignition (<1.0s)
BIOFLEX-E100-1632,13.6,59.6,225.0,69.2,1.51,Extended Rail Pre-Heating Cycle
BIOFLEX-E100-1633,9.7,66.3,246.5,77.2,1.44,Extended Rail Pre-Heating Cycle
BIOFLEX-E100-1634,22.4,75.8,239.1,86.0,1.15,Instant E100 Cold-Start Ignition (<1.0s)
BIOFLEX-E100-1635,24.8,74.4,249.4,85.9,1.27,Instant E100 Cold-Start Ignition (<1.0s)
BIOFLEX-E100-1636,-4.8,51.4,224.0,58.9,1.73,Extended Rail Pre-Heating Cycle
BIOFLEX-E100-1637,16.9,72.4,266.6,87.1,1.28,Instant E100 Cold-Start Ignition (<1.0s)
BIOFLEX-E100-1638,-3.2,60.3,225.0,65.2,1.7,Extended Rail Pre-Heating Cycle
BIOFLEX-E100-1639,-4.4,58.2,244.8,65.8,1.69,Extended Rail Pre-Heating Cycle
BIOFLEX-E100-1640,-1.9,45.0,207.7,55.0,1.75,Extended Rail Pre-Heating Cycle
BIOFLEX-E100-1641,16.3,67.8,248.5,76.8,1.41,Extended Rail Pre-Heating Cycle
BIOFLEX-E100-1642,12.0,64.3,235.0,76.7,1.41,Extended Rail Pre-Heating Cycle
BIOFLEX-E100-1643,13.3,65.4,237.6,74.5,1.42,Extended Rail Pre-Heating Cycle
BIOFLEX-E100-1644,26.4,82.8,263.2,93.7,1.14,Instant E100 Cold-Start Ignition (<1.0s)
BIOFLEX-E100-1645,30.8,77.2,252.5,90.2,1.11,Instant E100 Cold-Start Ignition (<1.0s)
BIOFLEX-E100-1646,-0.3,46.9,215.3,55.8,1.76,Extended Rail Pre-Heating Cycle
BIOFLEX-E100-1647,0.7,61.8,241.0,70.4,1.72,Extended Rail Pre-Heating Cycle
BIOFLEX-E100-1648,18.1,66.5,231.2,75.9,1.47,Extended Rail Pre-Heating Cycle
BIOFLEX-E100-1649,4.6,66.3,236.8,79.4,1.27,Extended Rail Pre-Heating Cycle
BIOFLEX-E100-1650,14.2,66.0,245.0,76.5,1.55,Extended Rail Pre-Heating Cycle
BIOFLEX-E100-1651,17.6,64.7,238.7,74.6,1.54,Extended Rail Pre-Heating Cycle
BIOFLEX-E100-1652,5.2,62.2,221.9,72.0,1.58,Extended Rail Pre-Heating Cycle
BIOFLEX-E100-1653,23.5,74.3,259.7,84.6,1.19,Extended Rail Pre-Heating Cycle
BIOFLEX-E100-1654,5.6,54.3,216.7,60.9,1.63,Extended Rail Pre-Heating Cycle
BIOFLEX-E100-1655,7.5,58.9,226.1,65.8,1.73,Extended Rail Pre-Heating Cycle
BIOFLEX-E100-1656,5.7,60.5,226.9,70.7,1.5,Extended Rail Pre-Heating Cycle
BIOFLEX-E100-1657,14.7,67.1,245.4,78.0,1.23,Extended Rail Pre-Heating Cycle
BIOFLEX-E100-1658,3.1,59.2,227.4,67.6,1.57,Extended Rail Pre-Heating Cycle
BIOFLEX-E100-1659,15.6,72.2,239.3,82.4,1.22,Extended Rail Pre-Heating Cycle
BIOFLEX-E100-1660,15.3,76.9,246.2,89.4,1.19,Instant E100 Cold-Start Ignition (<1.0s)
BIOFLEX-E100-1661,20.9,68.7,247.3,78.2,1.4,Extended Rail Pre-Heating Cycle
BIOFLEX-E100-1662,24.2,70.4,258.3,83.6,1.41,Extended Rail Pre-Heating Cycle
BIOFLEX-E100-1663,0.5,51.8,236.3,59.9,1.61,Extended Rail Pre-Heating Cycle
BIOFLEX-E100-1664,-3.9,59.5,228.8,69.5,1.47,Extended Rail Pre-Heating Cycle
BIOFLEX-E100-1665,-2.3,53.4,221.9,59.5,1.71,Extended Rail Pre-Heating Cycle
BIOFLEX-E100-1666,29.8,80.5,267.9,95.5,1.07,Instant E100 Cold-Start Ignition (<1.0s)
BIOFLEX-E100-1667,19.4,73.1,251.1,86.5,1.2,Instant E100 Cold-Start Ignition (<1.0s)
BIOFLEX-E100-1668,2.8,51.6,225.1,62.1,1.73,Extended Rail Pre-Heating Cycle
BIOFLEX-E100-1669,28.2,75.2,249.8,89.9,1.28,Instant E100 Cold-Start Ignition (<1.0s)
BIOFLEX-E100-1670,-4.3,58.1,233.2,67.7,1.53,Extended Rail Pre-Heating Cycle
BIOFLEX-E100-1671,13.1,70.8,235.2,76.3,1.41,Extended Rail Pre-Heating Cycle
BIOFLEX-E100-1672,27.1,85.4,258.7,97.7,1.19,Instant E100 Cold-Start Ignition (<1.0s)
BIOFLEX-E100-1673,17.9,68.3,250.1,79.0,1.32,Extended Rail Pre-Heating Cycle
BIOFLEX-E100-1674,25.9,84.1,254.9,97.4,1.27,Instant E100 Cold-Start Ignition (<1.0s)
BIOFLEX-E100-1675,31.3,86.1,269.8,99.8,0.91,Instant E100 Cold-Start Ignition (<1.0s)
BIOFLEX-E100-1676,23.2,76.7,246.5,85.9,1.29,Instant E100 Cold-Start Ignition (<1.0s)
BIOFLEX-E100-1677,3.4,56.1,226.7,64.8,1.54,Extended Rail Pre-Heating Cycle
BIOFLEX-E100-1678,1.3,55.2,224.7,66.7,1.6,Extended Rail Pre-Heating Cycle
BIOFLEX-E100-1679,-1.3,45.0,210.1,55.0,1.77,Extended Rail Pre-Heating Cycle
BIOFLEX-E100-1680,-0.8,61.9,251.6,69.9,1.58,Extended Rail Pre-Heating Cycle
BIOFLEX-E100-1681,6.7,70.7,255.2,81.5,1.36,Extended Rail Pre-Heating Cycle
BIOFLEX-E100-1682,19.9,71.1,244.3,81.3,1.3,Extended Rail Pre-Heating Cycle
BIOFLEX-E100-1683,2.3,48.6,218.3,56.9,1.82,Extended Rail Pre-Heating Cycle
BIOFLEX-E100-1684,30.6,77.9,265.1,91.5,1.27,Instant E100 Cold-Start Ignition (<1.0s)
BIOFLEX-E100-1685,11.7,58.6,244.1,70.6,1.49,Extended Rail Pre-Heating Cycle
BIOFLEX-E100-1686,2.2,49.1,223.7,55.2,1.84,Extended Rail Pre-Heating Cycle
BIOFLEX-E100-1687,-1.3,45.0,203.5,55.0,1.72,Extended Rail Pre-Heating Cycle
BIOFLEX-E100-1688,15.2,62.7,250.2,72.7,1.37,Extended Rail Pre-Heating Cycle
BIOFLEX-E100-1689,29.0,82.0,245.1,92.9,0.95,Instant E100 Cold-Start Ignition (<1.0s)
BIOFLEX-E100-1690,6.4,67.0,234.6,79.4,1.48,Extended Rail Pre-Heating Cycle
BIOFLEX-E100-1691,-2.4,45.9,210.2,57.5,1.9,Extended Rail Pre-Heating Cycle
BIOFLEX-E100-1692,31.7,83.7,260.5,96.3,0.99,Instant E100 Cold-Start Ignition (<1.0s)
BIOFLEX-E100-1693,21.7,68.4,242.9,78.8,1.4,Extended Rail Pre-Heating Cycle
BIOFLEX-E100-1694,26.0,81.3,266.8,89.7,1.27,Instant E100 Cold-Start Ignition (<1.0s)
BIOFLEX-E100-1695,24.2,70.3,246.3,80.4,1.38,Extended Rail Pre-Heating Cycle
BIOFLEX-E100-1696,18.3,73.3,256.6,86.4,1.29,Instant E100 Cold-Start Ignition (<1.0s)
BIOFLEX-E100-1697,-0.3,56.7,224.5,63.9,1.65,Extended Rail Pre-Heating Cycle
BIOFLEX-E100-1698,9.6,58.8,241.7,68.8,1.75,Extended Rail Pre-Heating Cycle
BIOFLEX-E100-1699,1.5,54.2,225.9,62.3,1.84,Extended Rail Pre-Heating Cycle
BIOFLEX-E100-1700,-0.1,45.9,217.2,56.0,1.99,Extended Rail Pre-Heating Cycle
BIOFLEX-E100-1701,4.6,56.3,234.8,65.9,1.62,Extended Rail Pre-Heating Cycle
BIOFLEX-E100-1702,20.2,76.8,261.8,89.4,1.22,Instant E100 Cold-Start Ignition (<1.0s)
BIOFLEX-E100-1703,7.8,57.5,233.6,66.7,1.62,Extended Rail Pre-Heating Cycle
BIOFLEX-E100-1704,3.6,55.0,233.4,61.2,1.55,Extended Rail Pre-Heating Cycle
BIOFLEX-E100-1705,-3.4,46.0,202.0,55.3,1.78,Extended Rail Pre-Heating Cycle
BIOFLEX-E100-1706,1.2,51.3,227.9,56.2,2.01,Extended Rail Pre-Heating Cycle
BIOFLEX-E100-1707,26.3,76.8,247.9,87.0,1.09,Instant E100 Cold-Start Ignition (<1.0s)
BIOFLEX-E100-1708,14.8,66.5,232.5,75.4,1.52,Extended Rail Pre-Heating Cycle
BIOFLEX-E100-1709,11.2,67.5,243.9,78.4,1.44,Extended Rail Pre-Heating Cycle
BIOFLEX-E100-1710,7.8,66.4,236.8,76.5,1.49,Extended Rail Pre-Heating Cycle
BIOFLEX-E100-1711,4.0,56.4,220.3,61.5,1.61,Extended Rail Pre-Heating Cycle
BIOFLEX-E100-1712,4.7,53.4,235.3,65.3,1.68,Extended Rail Pre-Heating Cycle
BIOFLEX-E100-1713,9.6,55.8,215.1,63.7,1.71,Extended Rail Pre-Heating Cycle
BIOFLEX-E100-1714,6.7,67.4,237.0,75.2,1.28,Extended Rail Pre-Heating Cycle
BIOFLEX-E100-1715,25.2,77.5,247.7,90.4,1.05,Instant E100 Cold-Start Ignition (<1.0s)
BIOFLEX-E100-1716,5.6,63.6,230.0,73.2,1.48,Extended Rail Pre-Heating Cycle
BIOFLEX-E100-1717,-3.4,45.0,215.6,55.0,1.85,Extended Rail Pre-Heating Cycle
BIOFLEX-E100-1718,4.0,56.2,222.3,63.7,1.7,Extended Rail Pre-Heating Cycle
BIOFLEX-E100-1719,-2.2,45.0,198.6,55.0,1.91,Extended Rail Pre-Heating Cycle
BIOFLEX-E100-1720,27.5,86.7,272.5,98.6,1.22,Instant E100 Cold-Start Ignition (<1.0s)
BIOFLEX-E100-1721,11.6,68.5,245.4,79.8,1.35,Extended Rail Pre-Heating Cycle
BIOFLEX-E100-1722,3.3,55.6,223.0,66.7,1.73,Extended Rail Pre-Heating Cycle
BIOFLEX-E100-1723,-1.9,59.9,229.1,71.7,1.82,Extended Rail Pre-Heating Cycle
BIOFLEX-E100-1724,0.8,53.0,220.0,64.3,1.7,Extended Rail Pre-Heating Cycle
BIOFLEX-E100-1725,6.3,66.4,238.9,79.4,1.36,Extended Rail Pre-Heating Cycle
BIOFLEX-E100-1726,-4.1,58.9,238.8,64.3,1.57,Extended Rail Pre-Heating Cycle
BIOFLEX-E100-1727,-1.7,58.6,224.1,66.6,1.7,Extended Rail Pre-Heating Cycle
BIOFLEX-E100-1728,10.9,66.0,248.9,75.8,1.45,Extended Rail Pre-Heating Cycle
BIOFLEX-E100-1729,6.7,56.7,222.9,68.9,1.65,Extended Rail Pre-Heating Cycle
BIOFLEX-E100-1730,1.7,57.6,236.2,67.5,1.62,Extended Rail Pre-Heating Cycle
BIOFLEX-E100-1731,25.6,80.0,263.2,91.3,1.14,Instant E100 Cold-Start Ignition (<1.0s)
BIOFLEX-E100-1732,17.4,74.3,234.7,89.3,1.06,Instant E100 Cold-Start Ignition (<1.0s)
BIOFLEX-E100-1733,23.1,84.5,255.9,97.3,1.0,Instant E100 Cold-Start Ignition (<1.0s)
BIOFLEX-E100-1734,13.4,74.1,252.8,90.6,1.31,Instant E100 Cold-Start Ignition (<1.0s)
BIOFLEX-E100-1735,28.4,76.8,255.1,87.1,1.17,Instant E100 Cold-Start Ignition (<1.0s)
BIOFLEX-E100-1736,6.8,61.3,221.1,73.3,1.5,Extended Rail Pre-Heating Cycle
BIOFLEX-E100-1737,-1.9,52.4,231.2,60.8,1.79,Extended Rail Pre-Heating Cycle
BIOFLEX-E100-1738,-0.1,49.0,211.4,55.4,1.84,Extended Rail Pre-Heating Cycle
BIOFLEX-E100-1739,11.2,65.7,246.3,78.6,1.4,Extended Rail Pre-Heating Cycle
BIOFLEX-E100-1740,8.8,72.0,233.0,85.4,1.38,Instant E100 Cold-Start Ignition (<1.0s)
BIOFLEX-E100-1741,0.8,46.0,212.6,55.0,1.92,Extended Rail Pre-Heating Cycle
BIOFLEX-E100-1742,9.9,57.0,225.5,66.2,1.58,Extended Rail Pre-Heating Cycle
BIOFLEX-E100-1743,23.0,75.8,252.5,87.2,1.21,Instant E100 Cold-Start Ignition (<1.0s)
BIOFLEX-E100-1744,8.5,71.8,241.6,83.7,1.22,Extended Rail Pre-Heating Cycle
BIOFLEX-E100-1745,17.2,64.1,242.3,73.7,1.45,Extended Rail Pre-Heating Cycle
BIOFLEX-E100-1746,-2.0,51.8,224.5,59.6,1.67,Extended Rail Pre-Heating Cycle
BIOFLEX-E100-1747,19.9,75.2,231.5,87.0,1.27,Instant E100 Cold-Start Ignition (<1.0s)
BIOFLEX-E100-1748,27.8,88.0,260.5,99.8,0.98,Instant E100 Cold-Start Ignition (<1.0s)
BIOFLEX-E100-1749,-0.3,51.0,216.5,58.4,1.84,Extended Rail Pre-Heating Cycle
BIOFLEX-E100-1750,4.7,50.5,206.2,60.1,1.83,Extended Rail Pre-Heating Cycle
BIOFLEX-E100-1751,14.7,78.5,264.6,89.3,1.2,Instant E100 Cold-Start Ignition (<1.0s)
BIOFLEX-E100-1752,10.9,73.5,255.0,84.9,1.35,Extended Rail Pre-Heating Cycle
BIOFLEX-E100-1753,8.5,64.7,237.0,71.7,1.54,Extended Rail Pre-Heating Cycle
BIOFLEX-E100-1754,9.5,68.3,234.2,75.5,1.42,Extended Rail Pre-Heating Cycle
BIOFLEX-E100-1755,28.2,80.4,253.2,93.0,1.17,Instant E100 Cold-Start Ignition (<1.0s)
BIOFLEX-E100-1756,14.9,70.8,240.8,81.3,1.36,Extended Rail Pre-Heating Cycle
BIOFLEX-E100-1757,29.5,87.5,272.8,99.8,0.93,Instant E100 Cold-Start Ignition (<1.0s)
BIOFLEX-E100-1758,12.0,67.6,240.1,76.2,1.47,Extended Rail Pre-Heating Cycle
BIOFLEX-E100-1759,12.7,75.9,258.7,86.5,1.21,Instant E100 Cold-Start Ignition (<1.0s)
BIOFLEX-E100-1760,1.6,57.2,227.6,66.1,1.77,Extended Rail Pre-Heating Cycle
BIOFLEX-E100-1761,2.2,66.0,244.0,78.0,1.32,Extended Rail Pre-Heating Cycle
BIOFLEX-E100-1762,-1.3,52.4,230.7,63.5,1.65,Extended Rail Pre-Heating Cycle
BIOFLEX-E100-1763,27.5,79.2,258.9,93.8,1.22,Instant E100 Cold-Start Ignition (<1.0s)
BIOFLEX-E100-1764,26.4,88.0,262.6,98.2,1.08,Instant E100 Cold-Start Ignition (<1.0s)
BIOFLEX-E100-1765,22.5,72.5,250.7,83.6,1.35,Extended Rail Pre-Heating Cycle
BIOFLEX-E100-1766,13.7,69.1,245.5,78.0,1.37,Extended Rail Pre-Heating Cycle
BIOFLEX-E100-1767,8.8,70.0,247.3,79.4,1.43,Extended Rail Pre-Heating Cycle
BIOFLEX-E100-1768,4.2,52.3,219.2,58.8,1.78,Extended Rail Pre-Heating Cycle
BIOFLEX-E100-1769,-3.0,53.6,215.5,62.6,1.65,Extended Rail Pre-Heating Cycle
BIOFLEX-E100-1770,-0.7,50.4,213.3,57.2,1.64,Extended Rail Pre-Heating Cycle
BIOFLEX-E100-1771,25.1,82.6,262.0,97.2,1.07,Instant E100 Cold-Start Ignition (<1.0s)
BIOFLEX-E100-1772,28.4,88.0,267.1,99.8,0.97,Instant E100 Cold-Start Ignition (<1.0s)
BIOFLEX-E100-1773,27.0,77.2,253.7,89.2,1.13,Instant E100 Cold-Start Ignition (<1.0s)
BIOFLEX-E100-1774,10.5,55.8,235.0,63.6,1.77,Extended Rail Pre-Heating Cycle
BIOFLEX-E100-1775,0.4,46.5,208.7,55.0,1.77,Extended Rail Pre-Heating Cycle
BIOFLEX-E100-1776,29.7,88.0,271.4,99.8,1.14,Instant E100 Cold-Start Ignition (<1.0s)
BIOFLEX-E100-1777,27.4,87.9,269.6,99.8,1.11,Instant E100 Cold-Start Ignition (<1.0s)
BIOFLEX-E100-1778,-2.8,55.8,228.5,64.6,1.44,Extended Rail Pre-Heating Cycle
BIOFLEX-E100-1779,18.9,71.2,247.3,84.9,1.28,Extended Rail Pre-Heating Cycle
BIOFLEX-E100-1780,7.5,64.4,248.0,78.1,1.36,Extended Rail Pre-Heating Cycle
BIOFLEX-E100-1781,27.4,78.5,264.0,91.7,1.21,Instant E100 Cold-Start Ignition (<1.0s)
BIOFLEX-E100-1782,2.8,51.9,230.7,58.3,1.67,Extended Rail Pre-Heating Cycle
BIOFLEX-E100-1783,13.3,67.4,251.2,74.4,1.43,Extended Rail Pre-Heating Cycle
BIOFLEX-E100-1784,31.1,88.0,269.4,99.8,1.0,Instant E100 Cold-Start Ignition (<1.0s)
BIOFLEX-E100-1785,13.5,70.0,253.5,85.8,1.25,Instant E100 Cold-Start Ignition (<1.0s)
BIOFLEX-E100-1786,12.5,66.7,228.6,80.0,1.32,Extended Rail Pre-Heating Cycle
BIOFLEX-E100-1787,5.2,51.7,228.2,59.7,1.61,Extended Rail Pre-Heating Cycle
BIOFLEX-E100-1788,12.5,65.4,244.2,78.3,1.43,Extended Rail Pre-Heating Cycle
BIOFLEX-E100-1789,2.1,60.3,227.9,70.0,1.66,Extended Rail Pre-Heating Cycle
BIOFLEX-E100-1790,-4.8,55.1,220.1,63.7,1.68,Extended Rail Pre-Heating Cycle
BIOFLEX-E100-1791,-1.6,46.2,216.7,55.0,1.85,Extended Rail Pre-Heating Cycle
BIOFLEX-E100-1792,-4.0,56.8,222.6,68.0,1.68,Extended Rail Pre-Heating Cycle
BIOFLEX-E100-1793,1.0,60.9,219.9,68.3,1.62,Extended Rail Pre-Heating Cycle
BIOFLEX-E100-1794,30.1,80.6,267.2,93.1,1.21,Instant E100 Cold-Start Ignition (<1.0s)
BIOFLEX-E100-1795,17.0,74.7,248.9,87.4,1.26,Instant E100 Cold-Start Ignition (<1.0s)
BIOFLEX-E100-1796,3.5,63.1,245.8,75.0,1.52,Extended Rail Pre-Heating Cycle
BIOFLEX-E100-1797,31.0,85.8,278.5,99.8,0.96,Instant E100 Cold-Start Ignition (<1.0s)
BIOFLEX-E100-1798,14.8,73.8,245.7,82.7,1.33,Extended Rail Pre-Heating Cycle
BIOFLEX-E100-1799,1.5,58.6,228.9,69.5,1.4,Extended Rail Pre-Heating Cycle
BIOFLEX-E100-1800,-1.5,63.1,239.2,72.4,1.53,Extended Rail Pre-Heating Cycle
BIOFLEX-E100-1801,25.0,75.7,255.2,86.4,1.19,Instant E100 Cold-Start Ignition (<1.0s)
BIOFLEX-E100-1802,0.2,55.5,229.3,66.6,1.65,Extended Rail Pre-Heating Cycle
BIOFLEX-E100-1803,-2.5,45.0,208.7,55.0,1.73,Extended Rail Pre-Heating Cycle
BIOFLEX-E100-1804,24.3,76.8,260.1,90.0,1.08,Instant E100 Cold-Start Ignition (<1.0s)
BIOFLEX-E100-1805,5.0,62.5,232.8,74.4,1.41,Extended Rail Pre-Heating Cycle
BIOFLEX-E100-1806,21.3,73.2,248.0,82.7,1.15,Extended Rail Pre-Heating Cycle
BIOFLEX-E100-1807,7.2,64.6,229.2,77.7,1.36,Extended Rail Pre-Heating Cycle
BIOFLEX-E100-1808,29.6,75.2,256.5,82.9,1.27,Extended Rail Pre-Heating Cycle
BIOFLEX-E100-1809,28.8,82.7,254.9,95.2,1.1,Instant E100 Cold-Start Ignition (<1.0s)
BIOFLEX-E100-1810,2.9,66.6,239.7,76.9,1.62,Extended Rail Pre-Heating Cycle
BIOFLEX-E100-1811,27.0,75.6,251.6,84.9,1.42,Extended Rail Pre-Heating Cycle
BIOFLEX-E100-1812,31.9,88.0,281.1,99.8,0.99,Instant E100 Cold-Start Ignition (<1.0s)
BIOFLEX-E100-1813,-4.7,55.5,235.1,65.4,1.69,Extended Rail Pre-Heating Cycle
BIOFLEX-E100-1814,10.3,68.2,243.3,78.7,1.32,Extended Rail Pre-Heating Cycle
BIOFLEX-E100-1815,-2.1,59.6,248.9,67.4,1.56,Extended Rail Pre-Heating Cycle
BIOFLEX-E100-1816,28.5,81.7,253.3,90.3,1.02,Instant E100 Cold-Start Ignition (<1.0s)
BIOFLEX-E100-1817,21.2,80.2,277.0,95.3,1.2,Instant E100 Cold-Start Ignition (<1.0s)
BIOFLEX-E100-1818,-4.5,47.7,220.9,59.3,1.83,Extended Rail Pre-Heating Cycle
BIOFLEX-E100-1819,10.9,66.0,251.4,76.6,1.33,Extended Rail Pre-Heating Cycle
BIOFLEX-E100-1820,7.1,71.6,231.0,82.1,1.37,Extended Rail Pre-Heating Cycle
BIOFLEX-E100-1821,-3.0,45.0,223.6,55.0,1.89,Extended Rail Pre-Heating Cycle
BIOFLEX-E100-1822,20.0,81.4,264.1,95.2,1.19,Instant E100 Cold-Start Ignition (<1.0s)
BIOFLEX-E100-1823,4.3,58.0,240.5,64.7,1.75,Extended Rail Pre-Heating Cycle
BIOFLEX-E100-1824,9.6,72.8,250.5,83.3,1.26,Extended Rail Pre-Heating Cycle
BIOFLEX-E100-1825,21.0,76.3,248.6,90.5,1.31,Instant E100 Cold-Start Ignition (<1.0s)
BIOFLEX-E100-1826,23.1,85.2,263.7,97.4,1.12,Instant E100 Cold-Start Ignition (<1.0s)
BIOFLEX-E100-1827,31.4,86.1,259.1,99.8,0.95,Instant E100 Cold-Start Ignition (<1.0s)
BIOFLEX-E100-1828,28.9,88.0,256.8,99.8,0.83,Instant E100 Cold-Start Ignition (<1.0s)
BIOFLEX-E100-1829,30.4,88.0,263.4,99.8,0.95,Instant E100 Cold-Start Ignition (<1.0s)
BIOFLEX-E100-1830,15.6,72.0,251.7,84.1,1.3,Extended Rail Pre-Heating Cycle
BIOFLEX-E100-1831,31.1,88.0,269.3,99.8,0.97,Instant E100 Cold-Start Ignition (<1.0s)
BIOFLEX-E100-1832,27.3,88.0,266.0,97.3,1.15,Instant E100 Cold-Start Ignition (<1.0s)
BIOFLEX-E100-1833,-0.6,60.0,236.5,63.4,1.42,Extended Rail Pre-Heating Cycle
BIOFLEX-E100-1834,16.6,70.4,247.2,79.6,1.59,Extended Rail Pre-Heating Cycle
BIOFLEX-E100-1835,-4.2,45.3,209.6,55.0,1.92,Extended Rail Pre-Heating Cycle
BIOFLEX-E100-1836,10.0,73.3,265.2,84.8,1.11,Extended Rail Pre-Heating Cycle
BIOFLEX-E100-1837,25.1,75.5,244.7,84.7,1.39,Extended Rail Pre-Heating Cycle
BIOFLEX-E100-1838,17.8,72.6,241.0,83.5,1.25,Extended Rail Pre-Heating Cycle
BIOFLEX-E100-1839,16.6,65.1,228.0,76.6,1.32,Extended Rail Pre-Heating Cycle
BIOFLEX-E100-1840,13.6,70.4,234.9,80.8,1.3,Extended Rail Pre-Heating Cycle
BIOFLEX-E100-1841,31.2,84.6,270.9,96.9,0.96,Instant E100 Cold-Start Ignition (<1.0s)
BIOFLEX-E100-1842,-0.5,62.7,233.1,72.9,1.57,Extended Rail Pre-Heating Cycle
BIOFLEX-E100-1843,10.2,70.9,240.1,82.0,1.4,Extended Rail Pre-Heating Cycle
BIOFLEX-E100-1844,22.5,73.6,237.5,82.5,1.33,Extended Rail Pre-Heating Cycle
BIOFLEX-E100-1845,28.1,85.3,259.9,98.1,1.04,Instant E100 Cold-Start Ignition (<1.0s)
BIOFLEX-E100-1846,29.3,82.2,250.5,96.7,1.06,Instant E100 Cold-Start Ignition (<1.0s)
BIOFLEX-E100-1847,20.6,76.6,250.6,88.3,1.22,Instant E100 Cold-Start Ignition (<1.0s)
BIOFLEX-E100-1848,28.7,84.6,261.5,99.8,1.0,Instant E100 Cold-Start Ignition (<1.0s)
BIOFLEX-E100-1849,15.6,62.8,239.0,73.0,1.6,Extended Rail Pre-Heating Cycle
BIOFLEX-E100-1850,0.8,49.3,210.8,59.2,1.82,Extended Rail Pre-Heating Cycle
BIOFLEX-E100-1851,7.0,70.4,246.8,83.2,1.42,Extended Rail Pre-Heating Cycle
BIOFLEX-E100-1852,13.9,70.2,240.0,85.2,1.19,Instant E100 Cold-Start Ignition (<1.0s)
BIOFLEX-E100-1853,-0.6,52.4,222.5,59.2,1.66,Extended Rail Pre-Heating Cycle
BIOFLEX-E100-1854,31.8,85.3,264.9,94.7,1.0,Instant E100 Cold-Start Ignition (<1.0s)
BIOFLEX-E100-1855,2.1,65.9,242.3,76.2,1.26,Extended Rail Pre-Heating Cycle
BIOFLEX-E100-1856,30.9,88.0,271.0,99.8,1.07,Instant E100 Cold-Start Ignition (<1.0s)
BIOFLEX-E100-1857,13.2,64.0,246.2,75.0,1.41,Extended Rail Pre-Heating Cycle
BIOFLEX-E100-1858,2.8,64.6,246.7,74.2,1.43,Extended Rail Pre-Heating Cycle
BIOFLEX-E100-1859,23.8,70.4,247.5,82.0,1.19,Extended Rail Pre-Heating Cycle
BIOFLEX-E100-1860,25.8,70.9,249.0,79.6,1.29,Extended Rail Pre-Heating Cycle
BIOFLEX-E100-1861,10.6,59.9,238.8,67.2,1.51,Extended Rail Pre-Heating Cycle
BIOFLEX-E100-1862,16.4,80.1,255.1,92.7,1.23,Instant E100 Cold-Start Ignition (<1.0s)
BIOFLEX-E100-1863,8.1,53.2,227.5,62.9,1.76,Extended Rail Pre-Heating Cycle
BIOFLEX-E100-1864,1.0,61.0,221.1,69.1,1.54,Extended Rail Pre-Heating Cycle
BIOFLEX-E100-1865,8.5,64.8,248.4,72.7,1.52,Extended Rail Pre-Heating Cycle
BIOFLEX-E100-1866,17.9,76.0,254.4,88.2,1.14,Instant E100 Cold-Start Ignition (<1.0s)
BIOFLEX-E100-1867,27.8,72.9,239.4,80.5,1.34,Extended Rail Pre-Heating Cycle
BIOFLEX-E100-1868,13.8,63.3,233.1,72.7,1.63,Extended Rail Pre-Heating Cycle
BIOFLEX-E100-1869,-2.3,54.3,226.7,62.3,1.82,Extended Rail Pre-Heating Cycle
BIOFLEX-E100-1870,0.3,58.9,236.8,68.9,1.76,Extended Rail Pre-Heating Cycle
BIOFLEX-E100-1871,17.9,69.9,242.0,80.8,1.27,Extended Rail Pre-Heating Cycle
BIOFLEX-E100-1872,24.3,70.0,241.2,83.6,1.33,Extended Rail Pre-Heating Cycle
BIOFLEX-E100-1873,9.8,56.8,216.6,68.9,1.63,Extended Rail Pre-Heating Cycle
BIOFLEX-E100-1874,19.3,73.1,244.7,83.6,1.39,Extended Rail Pre-Heating Cycle
BIOFLEX-E100-1875,25.6,83.2,272.0,97.6,0.96,Instant E100 Cold-Start Ignition (<1.0s)
BIOFLEX-E100-1876,23.5,72.2,248.8,85.6,1.23,Instant E100 Cold-Start Ignition (<1.0s)
BIOFLEX-E100-1877,1.1,58.1,230.1,65.6,1.69,Extended Rail Pre-Heating Cycle
BIOFLEX-E100-1878,19.5,72.9,253.1,85.9,1.28,Instant E100 Cold-Start Ignition (<1.0s)
BIOFLEX-E100-1879,6.9,55.8,229.7,64.4,1.69,Extended Rail Pre-Heating Cycle
BIOFLEX-E100-1880,5.5,60.2,232.3,64.8,1.78,Extended Rail Pre-Heating Cycle
BIOFLEX-E100-1881,19.6,67.0,243.8,75.0,1.32,Extended Rail Pre-Heating Cycle
BIOFLEX-E100-1882,23.3,74.1,250.6,86.0,1.42,Instant E100 Cold-Start Ignition (<1.0s)
BIOFLEX-E100-1883,21.7,70.7,248.4,84.4,1.05,Extended Rail Pre-Heating Cycle
BIOFLEX-E100-1884,-2.0,45.0,188.4,55.0,1.68,Extended Rail Pre-Heating Cycle
BIOFLEX-E100-1885,17.3,64.2,231.8,71.1,1.57,Extended Rail Pre-Heating Cycle
BIOFLEX-E100-1886,23.5,79.2,259.0,90.7,1.08,Instant E100 Cold-Start Ignition (<1.0s)
BIOFLEX-E100-1887,4.4,54.4,198.2,60.8,1.67,Extended Rail Pre-Heating Cycle
BIOFLEX-E100-1888,23.1,80.3,265.6,94.7,1.26,Instant E100 Cold-Start Ignition (<1.0s)
BIOFLEX-E100-1889,6.6,55.0,228.4,63.9,1.71,Extended Rail Pre-Heating Cycle
BIOFLEX-E100-1890,6.4,61.3,225.0,70.1,1.53,Extended Rail Pre-Heating Cycle
BIOFLEX-E100-1891,3.5,52.5,222.1,60.7,1.73,Extended Rail Pre-Heating Cycle
BIOFLEX-E100-1892,21.2,69.3,223.9,80.2,1.41,Extended Rail Pre-Heating Cycle
BIOFLEX-E100-1893,12.4,65.5,239.9,75.3,1.21,Extended Rail Pre-Heating Cycle
BIOFLEX-E100-1894,21.9,81.9,262.9,98.6,1.01,Instant E100 Cold-Start Ignition (<1.0s)
BIOFLEX-E100-1895,1.0,65.2,245.2,73.2,1.47,Extended Rail Pre-Heating Cycle
BIOFLEX-E100-1896,15.8,75.0,245.9,86.3,1.21,Instant E100 Cold-Start Ignition (<1.0s)
BIOFLEX-E100-1897,17.1,65.3,225.2,75.7,1.49,Extended Rail Pre-Heating Cycle
BIOFLEX-E100-1898,3.2,54.6,214.0,61.1,1.52,Extended Rail Pre-Heating Cycle
BIOFLEX-E100-1899,13.6,76.9,256.5,89.1,1.2,Instant E100 Cold-Start Ignition (<1.0s)
BIOFLEX-E100-1900,23.4,76.2,257.9,89.8,1.15,Instant E100 Cold-Start Ignition (<1.0s)
BIOFLEX-E100-1901,9.3,54.6,229.9,63.8,1.7,Extended Rail Pre-Heating Cycle
BIOFLEX-E100-1902,29.2,78.4,246.7,91.3,1.11,Instant E100 Cold-Start Ignition (<1.0s)
BIOFLEX-E100-1903,-0.8,47.6,218.9,55.0,1.71,Extended Rail Pre-Heating Cycle
BIOFLEX-E100-1904,20.9,66.4,241.1,71.2,1.42,Extended Rail Pre-Heating Cycle
BIOFLEX-E100-1905,27.2,88.0,274.2,99.8,1.09,Instant E100 Cold-Start Ignition (<1.0s)
BIOFLEX-E100-1906,12.3,57.4,240.8,64.7,1.71,Extended Rail Pre-Heating Cycle
BIOFLEX-E100-1907,14.9,76.1,266.1,89.9,1.16,Instant E100 Cold-Start Ignition (<1.0s)
BIOFLEX-E100-1908,2.0,55.6,219.8,64.0,1.82,Extended Rail Pre-Heating Cycle
BIOFLEX-E100-1909,3.7,67.0,250.4,77.1,1.38,Extended Rail Pre-Heating Cycle
BIOFLEX-E100-1910,19.7,82.6,264.1,96.7,1.23,Instant E100 Cold-Start Ignition (<1.0s)
BIOFLEX-E100-1911,4.5,55.1,229.7,67.1,1.58,Extended Rail Pre-Heating Cycle
BIOFLEX-E100-1912,18.7,66.9,230.9,78.1,1.29,Extended Rail Pre-Heating Cycle
BIOFLEX-E100-1913,2.8,54.2,234.5,61.4,1.57,Extended Rail Pre-Heating Cycle
BIOFLEX-E100-1914,24.6,75.8,252.3,91.8,1.08,Instant E100 Cold-Start Ignition (<1.0s)
BIOFLEX-E100-1915,-0.7,47.6,208.5,58.3,1.93,Extended Rail Pre-Heating Cycle
BIOFLEX-E100-1916,-0.6,57.0,225.6,64.6,1.46,Extended Rail Pre-Heating Cycle
BIOFLEX-E100-1917,24.4,88.0,266.0,99.8,1.08,Instant E100 Cold-Start Ignition (<1.0s)
BIOFLEX-E100-1918,12.6,60.1,231.4,69.1,1.34,Extended Rail Pre-Heating Cycle
BIOFLEX-E100-1919,31.8,82.7,266.8,96.4,1.01,Instant E100 Cold-Start Ignition (<1.0s)
BIOFLEX-E100-1920,6.4,52.8,212.7,59.5,1.54,Extended Rail Pre-Heating Cycle
BIOFLEX-E100-1921,29.6,77.3,258.7,89.5,1.2,Instant E100 Cold-Start Ignition (<1.0s)
BIOFLEX-E100-1922,3.7,52.1,209.2,58.2,1.75,Extended Rail Pre-Heating Cycle
BIOFLEX-E100-1923,16.3,74.9,260.2,86.3,1.27,Instant E100 Cold-Start Ignition (<1.0s)
BIOFLEX-E100-1924,17.8,75.0,238.9,86.0,1.29,Instant E100 Cold-Start Ignition (<1.0s)
BIOFLEX-E100-1925,8.4,59.1,236.2,69.6,1.51,Extended Rail Pre-Heating Cycle
BIOFLEX-E100-1926,-1.0,61.9,248.8,70.7,1.61,Extended Rail Pre-Heating Cycle
BIOFLEX-E100-1927,19.8,76.2,258.4,86.8,1.12,Instant E100 Cold-Start Ignition (<1.0s)
BIOFLEX-E100-1928,20.5,68.3,256.6,81.4,1.25,Extended Rail Pre-Heating Cycle
BIOFLEX-E100-1929,31.6,85.8,270.6,98.8,0.98,Instant E100 Cold-Start Ignition (<1.0s)
BIOFLEX-E100-1930,10.9,75.7,247.4,85.4,1.41,Instant E100 Cold-Start Ignition (<1.0s)
BIOFLEX-E100-1931,11.1,70.4,239.7,81.9,1.35,Extended Rail Pre-Heating Cycle
BIOFLEX-E100-1932,23.8,86.4,279.9,99.8,0.99,Instant E100 Cold-Start Ignition (<1.0s)
BIOFLEX-E100-1933,28.4,74.0,248.2,84.3,1.23,Extended Rail Pre-Heating Cycle
BIOFLEX-E100-1934,11.9,70.5,242.4,79.8,1.34,Extended Rail Pre-Heating Cycle
BIOFLEX-E100-1935,23.5,78.6,262.7,90.0,1.12,Instant E100 Cold-Start Ignition (<1.0s)
BIOFLEX-E100-1936,10.0,72.5,241.6,84.1,1.37,Extended Rail Pre-Heating Cycle
BIOFLEX-E100-1937,25.7,88.0,263.1,99.8,1.09,Instant E100 Cold-Start Ignition (<1.0s)
BIOFLEX-E100-1938,22.1,81.4,263.1,94.4,1.2,Instant E100 Cold-Start Ignition (<1.0s)
BIOFLEX-E100-1939,16.9,75.4,256.9,85.5,1.3,Instant E100 Cold-Start Ignition (<1.0s)
BIOFLEX-E100-1940,5.0,67.7,234.9,76.6,1.43,Extended Rail Pre-Heating Cycle
BIOFLEX-E100-1941,15.7,69.6,235.5,79.7,1.26,Extended Rail Pre-Heating Cycle
BIOFLEX-E100-1942,13.3,76.3,243.6,86.2,1.3,Instant E100 Cold-Start Ignition (<1.0s)
BIOFLEX-E100-1943,22.3,75.7,250.5,85.1,1.23,Instant E100 Cold-Start Ignition (<1.0s)
BIOFLEX-E100-1944,19.3,67.9,247.5,74.3,1.48,Extended Rail Pre-Heating Cycle
BIOFLEX-E100-1945,26.7,88.0,269.3,99.8,1.08,Instant E100 Cold-Start Ignition (<1.0s)
BIOFLEX-E100-1946,11.8,76.0,239.3,90.0,1.07,Instant E100 Cold-Start Ignition (<1.0s)
BIOFLEX-E100-1947,8.2,71.2,257.7,82.2,1.18,Extended Rail Pre-Heating Cycle
BIOFLEX-E100-1948,-3.6,53.9,223.1,59.3,1.67,Extended Rail Pre-Heating Cycle
BIOFLEX-E100-1949,4.3,61.8,239.0,72.4,1.4,Extended Rail Pre-Heating Cycle
BIOFLEX-E100-1950,10.3,68.6,238.9,81.1,1.18,Extended Rail Pre-Heating Cycle
BIOFLEX-E100-1951,13.2,68.4,251.6,79.0,1.46,Extended Rail Pre-Heating Cycle
BIOFLEX-E100-1952,4.4,67.6,234.3,76.7,1.58,Extended Rail Pre-Heating Cycle
BIOFLEX-E100-1953,-2.6,53.7,221.9,61.6,1.68,Extended Rail Pre-Heating Cycle
BIOFLEX-E100-1954,14.1,73.5,248.8,84.4,1.4,Extended Rail Pre-Heating Cycle
BIOFLEX-E100-1955,17.3,73.9,239.7,88.7,1.18,Instant E100 Cold-Start Ignition (<1.0s)
BIOFLEX-E100-1956,29.0,79.7,260.8,93.1,1.23,Instant E100 Cold-Start Ignition (<1.0s)
BIOFLEX-E100-1957,-3.2,49.9,218.0,56.6,1.81,Extended Rail Pre-Heating Cycle
BIOFLEX-E100-1958,18.2,70.3,244.8,80.4,1.39,Extended Rail Pre-Heating Cycle
BIOFLEX-E100-1959,12.7,59.3,237.4,69.4,1.58,Extended Rail Pre-Heating Cycle
BIOFLEX-E100-1960,3.3,54.9,231.4,65.0,1.64,Extended Rail Pre-Heating Cycle
BIOFLEX-E100-1961,11.9,76.0,255.5,87.7,1.19,Instant E100 Cold-Start Ignition (<1.0s)
BIOFLEX-E100-1962,30.4,82.0,262.0,92.2,1.17,Instant E100 Cold-Start Ignition (<1.0s)
BIOFLEX-E100-1963,9.0,63.3,224.7,75.4,1.52,Extended Rail Pre-Heating Cycle
BIOFLEX-E100-1964,21.9,76.1,250.7,87.1,1.1,Instant E100 Cold-Start Ignition (<1.0s)
BIOFLEX-E100-1965,31.4,82.9,276.0,94.2,1.09,Instant E100 Cold-Start Ignition (<1.0s)
BIOFLEX-E100-1966,28.3,77.0,259.7,87.6,1.15,Instant E100 Cold-Start Ignition (<1.0s)
BIOFLEX-E100-1967,-4.9,56.9,235.2,65.0,1.45,Extended Rail Pre-Heating Cycle
BIOFLEX-E100-1968,27.4,78.4,252.5,91.4,1.03,Instant E100 Cold-Start Ignition (<1.0s)
BIOFLEX-E100-1969,27.1,88.0,257.0,99.8,0.96,Instant E100 Cold-Start Ignition (<1.0s)
BIOFLEX-E100-1970,6.7,59.2,241.3,68.3,1.67,Extended Rail Pre-Heating Cycle
BIOFLEX-E100-1971,8.8,69.7,241.5,77.7,1.4,Extended Rail Pre-Heating Cycle
BIOFLEX-E100-1972,3.3,48.5,207.1,55.0,1.83,Extended Rail Pre-Heating Cycle
BIOFLEX-E100-1973,21.3,74.9,249.5,86.5,1.19,Instant E100 Cold-Start Ignition (<1.0s)
BIOFLEX-E100-1974,27.6,77.3,255.4,85.6,1.29,Instant E100 Cold-Start Ignition (<1.0s)
BIOFLEX-E100-1975,20.3,79.0,257.7,89.5,1.11,Instant E100 Cold-Start Ignition (<1.0s)
BIOFLEX-E100-1976,-0.1,53.5,226.8,63.6,1.7,Extended Rail Pre-Heating Cycle
BIOFLEX-E100-1977,31.7,88.0,271.6,99.8,0.93,Instant E100 Cold-Start Ignition (<1.0s)
BIOFLEX-E100-1978,8.0,63.7,241.8,74.5,1.48,Extended Rail Pre-Heating Cycle
BIOFLEX-E100-1979,-2.3,61.9,248.3,72.1,1.66,Extended Rail Pre-Heating Cycle
BIOFLEX-E100-1980,3.6,52.3,228.6,60.7,1.71,Extended Rail Pre-Heating Cycle
BIOFLEX-E100-1981,23.2,78.5,250.9,88.2,1.19,Instant E100 Cold-Start Ignition (<1.0s)
BIOFLEX-E100-1982,-2.1,45.0,214.0,55.0,1.7,Extended Rail Pre-Heating Cycle
BIOFLEX-E100-1983,25.9,77.1,260.5,90.8,1.0,Instant E100 Cold-Start Ignition (<1.0s)
BIOFLEX-E100-1984,-4.2,55.3,216.7,60.8,1.83,Extended Rail Pre-Heating Cycle
BIOFLEX-E100-1985,-1.6,62.3,244.1,70.5,1.44,Extended Rail Pre-Heating Cycle
BIOFLEX-E100-1986,8.8,63.3,249.7,71.5,1.62,Extended Rail Pre-Heating Cycle
BIOFLEX-E100-1987,-0.9,46.1,231.5,55.0,1.72,Extended Rail Pre-Heating Cycle
BIOFLEX-E100-1988,-1.5,59.8,236.3,66.4,1.57,Extended Rail Pre-Heating Cycle
BIOFLEX-E100-1989,20.7,76.9,261.2,90.0,1.1,Instant E100 Cold-Start Ignition (<1.0s)
BIOFLEX-E100-1990,3.8,51.7,211.6,58.8,1.7,Extended Rail Pre-Heating Cycle
BIOFLEX-E100-1991,23.7,81.6,263.5,90.1,0.9,Instant E100 Cold-Start Ignition (<1.0s)
BIOFLEX-E100-1992,14.5,61.2,235.0,70.4,1.55,Extended Rail Pre-Heating Cycle
BIOFLEX-E100-1993,26.4,80.8,259.9,94.6,1.04,Instant E100 Cold-Start Ignition (<1.0s)
BIOFLEX-E100-1994,24.8,77.2,253.8,91.6,1.04,Instant E100 Cold-Start Ignition (<1.0s)
BIOFLEX-E100-1995,14.5,72.6,244.9,84.4,1.46,Extended Rail Pre-Heating Cycle
BIOFLEX-E100-1996,18.0,65.2,240.6,71.4,1.57,Extended Rail Pre-Heating Cycle
BIOFLEX-E100-1997,30.5,88.0,261.4,99.8,1.05,Instant E100 Cold-Start Ignition (<1.0s)
BIOFLEX-E100-1998,-4.9,45.0,214.1,55.0,1.79,Extended Rail Pre-Heating Cycle
BIOFLEX-E100-1999,18.6,75.4,253.6,87.7,1.17,Instant E100 Cold-Start Ignition (<1.0s)
BIOFLEX-E100-2000,17.6,78.4,261.3,89.3,1.25,Instant E100 Cold-Start Ignition (<1.0s)
BIOFLEX-E100-2001,7.3,72.0,245.6,82.4,1.31,Extended Rail Pre-Heating Cycle
BIOFLEX-E100-2002,-4.8,47.7,214.6,55.0,1.88,Extended Rail Pre-Heating Cycle
BIOFLEX-E100-2003,-4.9,50.4,220.0,58.6,1.78,Extended Rail Pre-Heating Cycle
BIOFLEX-E100-2004,31.8,88.0,269.5,99.8,0.87,Instant E100 Cold-Start Ignition (<1.0s)
BIOFLEX-E100-2005,17.5,69.9,251.3,79.3,1.49,Extended Rail Pre-Heating Cycle
BIOFLEX-E100-2006,12.8,64.8,226.8,76.0,1.42,Extended Rail Pre-Heating Cycle
BIOFLEX-E100-2007,23.7,72.6,249.8,83.4,1.2,Extended Rail Pre-Heating Cycle
BIOFLEX-E100-2008,1.0,54.8,226.3,67.4,1.69,Extended Rail Pre-Heating Cycle
BIOFLEX-E100-2009,27.4,80.9,259.8,95.2,0.91,Instant E100 Cold-Start Ignition (<1.0s)
BIOFLEX-E100-2010,0.9,61.1,232.1,72.3,1.45,Extended Rail Pre-Heating Cycle
BIOFLEX-E100-2011,8.6,62.7,242.7,73.3,1.84,Extended Rail Pre-Heating Cycle
BIOFLEX-E100-2012,-0.7,54.8,227.5,61.2,1.62,Extended Rail Pre-Heating Cycle
BIOFLEX-E100-2013,0.5,53.8,218.8,64.8,1.7,Extended Rail Pre-Heating Cycle
BIOFLEX-E100-2014,8.0,64.1,235.9,74.7,1.56,Extended Rail Pre-Heating Cycle
BIOFLEX-E100-2015,8.2,54.9,236.5,61.2,1.65,Extended Rail Pre-Heating Cycle
BIOFLEX-E100-2016,8.7,71.2,248.2,80.9,1.33,Extended Rail Pre-Heating Cycle
BIOFLEX-E100-2017,6.7,58.0,227.2,62.6,1.68,Extended Rail Pre-Heating Cycle
BIOFLEX-E100-2018,-4.4,53.9,228.1,64.8,1.58,Extended Rail Pre-Heating Cycle
BIOFLEX-E100-2019,6.9,68.2,248.6,74.7,1.36,Extended Rail Pre-Heating Cycle
BIOFLEX-E100-2020,22.6,70.1,245.5,82.5,1.13,Extended Rail Pre-Heating Cycle
BIOFLEX-E100-2021,10.0,57.9,238.4,68.6,1.47,Extended Rail Pre-Heating Cycle
BIOFLEX-E100-2022,-1.4,55.1,223.7,63.4,1.73,Extended Rail Pre-Heating Cycle
BIOFLEX-E100-2023,18.4,83.0,266.4,95.4,1.42,Instant E100 Cold-Start Ignition (<1.0s)
BIOFLEX-E100-2024,7.6,56.8,226.6,67.1,1.7,Extended Rail Pre-Heating Cycle
BIOFLEX-E100-2025,17.2,82.1,257.0,97.6,0.99,Instant E100 Cold-Start Ignition (<1.0s)
BIOFLEX-E100-2026,25.1,84.1,274.6,96.8,1.15,Instant E100 Cold-Start Ignition (<1.0s)
BIOFLEX-E100-2027,-0.4,53.5,222.0,60.4,1.73,Extended Rail Pre-Heating Cycle
BIOFLEX-E100-2028,20.9,76.3,248.4,91.0,1.29,Instant E100 Cold-Start Ignition (<1.0s)
BIOFLEX-E100-2029,14.6,66.1,231.9,78.4,1.26,Extended Rail Pre-Heating Cycle
BIOFLEX-E100-2030,4.3,68.3,250.8,79.5,1.36,Extended Rail Pre-Heating Cycle
BIOFLEX-E100-2031,11.7,68.6,251.2,79.1,1.36,Extended Rail Pre-Heating Cycle
BIOFLEX-E100-2032,3.5,50.6,224.9,58.0,1.63,Extended Rail Pre-Heating Cycle
BIOFLEX-E100-2033,6.8,53.4,215.9,60.3,1.83,Extended Rail Pre-Heating Cycle
BIOFLEX-E100-2034,17.3,78.3,243.9,91.9,1.15,Instant E100 Cold-Start Ignition (<1.0s)
BIOFLEX-E100-2035,24.4,80.9,254.4,91.1,1.1,Instant E100 Cold-Start Ignition (<1.0s)
BIOFLEX-E100-2036,20.9,74.6,260.9,87.7,1.12,Instant E100 Cold-Start Ignition (<1.0s)
BIOFLEX-E100-2037,-1.5,46.9,204.1,55.0,1.82,Extended Rail Pre-Heating Cycle
BIOFLEX-E100-2038,12.8,59.5,234.5,69.8,1.52,Extended Rail Pre-Heating Cycle
BIOFLEX-E100-2039,7.9,66.4,241.6,73.5,1.55,Extended Rail Pre-Heating Cycle
BIOFLEX-E100-2040,9.8,68.1,247.2,75.9,1.49,Extended Rail Pre-Heating Cycle
BIOFLEX-E100-2041,18.6,81.4,266.0,90.5,1.12,Instant E100 Cold-Start Ignition (<1.0s)
BIOFLEX-E100-2042,12.8,65.0,239.4,73.8,1.48,Extended Rail Pre-Heating Cycle
BIOFLEX-E100-2043,23.0,71.6,247.5,82.0,1.46,Extended Rail Pre-Heating Cycle
BIOFLEX-E100-2044,9.4,68.5,247.0,77.4,1.3,Extended Rail Pre-Heating Cycle
BIOFLEX-E100-2045,23.8,79.5,253.6,90.4,1.28,Instant E100 Cold-Start Ignition (<1.0s)
BIOFLEX-E100-2046,23.7,81.2,267.4,95.5,1.18,Instant E100 Cold-Start Ignition (<1.0s)
BIOFLEX-E100-2047,2.3,64.7,218.0,72.0,1.47,Extended Rail Pre-Heating Cycle
BIOFLEX-E100-2048,2.7,63.3,224.6,72.9,1.59,Extended Rail Pre-Heating Cycle
BIOFLEX-E100-2049,-1.2,50.3,211.0,57.2,1.69,Extended Rail Pre-Heating Cycle
BIOFLEX-E100-2050,25.0,81.9,245.0,93.2,0.94,Instant E100 Cold-Start Ignition (<1.0s)
BIOFLEX-E100-2051,14.3,64.4,240.8,75.0,1.32,Extended Rail Pre-Heating Cycle
BIOFLEX-E100-2052,12.5,72.8,247.0,85.6,1.46,Instant E100 Cold-Start Ignition (<1.0s)
BIOFLEX-E100-2053,9.7,64.6,240.1,74.5,1.37,Extended Rail Pre-Heating Cycle
BIOFLEX-E100-2054,16.1,65.5,239.9,76.7,1.35,Extended Rail Pre-Heating Cycle
BIOFLEX-E100-2055,14.6,69.3,238.1,77.0,1.46,Extended Rail Pre-Heating Cycle
BIOFLEX-E100-2056,18.8,70.9,258.5,80.1,1.31,Extended Rail Pre-Heating Cycle
BIOFLEX-E100-2057,17.1,77.7,247.1,90.6,1.16,Instant E100 Cold-Start Ignition (<1.0s)
BIOFLEX-E100-2058,3.4,51.9,213.7,60.8,1.73,Extended Rail Pre-Heating Cycle
BIOFLEX-E100-2059,-3.5,49.2,207.9,55.9,1.77,Extended Rail Pre-Heating Cycle
BIOFLEX-E100-2060,-1.5,63.4,230.2,76.7,1.51,Extended Rail Pre-Heating Cycle
BIOFLEX-E100-2061,23.6,88.0,263.0,99.8,1.07,Instant E100 Cold-Start Ignition (<1.0s)
BIOFLEX-E100-2062,3.0,63.1,242.0,70.3,1.58,Extended Rail Pre-Heating Cycle
BIOFLEX-E100-2063,23.4,78.2,254.2,89.4,1.19,Instant E100 Cold-Start Ignition (<1.0s)
BIOFLEX-E100-2064,19.2,78.8,256.9,91.4,1.29,Instant E100 Cold-Start Ignition (<1.0s)
BIOFLEX-E100-2065,27.6,74.4,252.1,86.3,1.19,Instant E100 Cold-Start Ignition (<1.0s)
BIOFLEX-E100-2066,31.0,85.3,269.9,97.9,1.04,Instant E100 Cold-Start Ignition (<1.0s)
BIOFLEX-E100-2067,19.4,70.6,241.7,80.8,1.47,Extended Rail Pre-Heating Cycle
BIOFLEX-E100-2068,-3.6,53.9,219.2,64.0,1.74,Extended Rail Pre-Heating Cycle
BIOFLEX-E100-2069,18.4,68.7,247.7,80.1,1.18,Extended Rail Pre-Heating Cycle
BIOFLEX-E100-2070,5.9,62.9,236.9,74.8,1.29,Extended Rail Pre-Heating Cycle
BIOFLEX-E100-2071,22.8,80.6,255.0,93.3,1.18,Instant E100 Cold-Start Ignition (<1.0s)
BIOFLEX-E100-2072,-3.4,47.9,190.1,57.5,1.89,Extended Rail Pre-Heating Cycle
BIOFLEX-E100-2073,22.4,75.1,262.3,90.9,1.04,Instant E100 Cold-Start Ignition (<1.0s)
BIOFLEX-E100-2074,29.8,82.0,266.8,94.8,1.22,Instant E100 Cold-Start Ignition (<1.0s)
BIOFLEX-E100-2075,10.1,75.0,260.6,85.1,1.3,Instant E100 Cold-Start Ignition (<1.0s)
BIOFLEX-E100-2076,17.0,66.1,233.9,74.4,1.47,Extended Rail Pre-Heating Cycle
BIOFLEX-E100-2077,16.2,78.9,238.5,89.4,1.12,Instant E100 Cold-Start Ignition (<1.0s)
BIOFLEX-E100-2078,11.4,72.7,235.9,80.4,1.48,Extended Rail Pre-Heating Cycle
BIOFLEX-E100-2079,6.4,57.6,240.1,66.4,1.61,Extended Rail Pre-Heating Cycle
BIOFLEX-E100-2080,28.2,81.6,273.3,97.1,1.24,Instant E100 Cold-Start Ignition (<1.0s)
BIOFLEX-E100-2081,25.2,87.3,257.1,98.9,1.02,Instant E100 Cold-Start Ignition (<1.0s)
BIOFLEX-E100-2082,12.4,64.0,230.3,75.0,1.33,Extended Rail Pre-Heating Cycle
BIOFLEX-E100-2083,2.9,60.2,227.4,67.5,1.59,Extended Rail Pre-Heating Cycle
BIOFLEX-E100-2084,13.1,61.0,230.6,70.5,1.61,Extended Rail Pre-Heating Cycle
BIOFLEX-E100-2085,26.8,88.0,275.0,99.8,1.05,Instant E100 Cold-Start Ignition (<1.0s)
BIOFLEX-E100-2086,19.9,67.4,245.4,80.5,1.27,Extended Rail Pre-Heating Cycle
BIOFLEX-E100-2087,11.6,67.1,248.8,79.7,1.27,Extended Rail Pre-Heating Cycle
BIOFLEX-E100-2088,15.7,67.6,230.2,78.9,1.19,Extended Rail Pre-Heating Cycle
BIOFLEX-E100-2089,13.5,66.1,235.9,75.6,1.47,Extended Rail Pre-Heating Cycle
BIOFLEX-E100-2090,7.4,61.8,220.4,68.3,1.61,Extended Rail Pre-Heating Cycle
BIOFLEX-E100-2091,0.3,63.6,230.0,73.1,1.48,Extended Rail Pre-Heating Cycle
BIOFLEX-E100-2092,27.0,86.8,274.7,96.9,1.14,Instant E100 Cold-Start Ignition (<1.0s)
BIOFLEX-E100-2093,26.2,75.6,265.7,83.9,1.15,Extended Rail Pre-Heating Cycle
BIOFLEX-E100-2094,29.1,78.8,238.8,91.5,1.25,Instant E100 Cold-Start Ignition (<1.0s)
BIOFLEX-E100-2095,2.7,47.9,209.1,55.6,1.78,Extended Rail Pre-Heating Cycle
BIOFLEX-E100-2096,24.3,83.7,276.3,95.0,1.1,Instant E100 Cold-Start Ignition (<1.0s)
BIOFLEX-E100-2097,6.4,64.3,231.0,76.7,1.33,Extended Rail Pre-Heating Cycle
BIOFLEX-E100-2098,29.2,88.0,276.2,99.8,1.07,Instant E100 Cold-Start Ignition (<1.0s)
BIOFLEX-E100-2099,6.3,66.9,237.3,79.8,1.24,Extended Rail Pre-Heating Cycle
BIOFLEX-E100-2100,11.8,69.9,257.3,78.8,1.38,Extended Rail Pre-Heating Cycle
BIOFLEX-E100-2101,32.0,88.0,282.7,99.8,1.1,Instant E100 Cold-Start Ignition (<1.0s)
BIOFLEX-E100-2102,10.4,64.6,229.0,76.2,1.35,Extended Rail Pre-Heating Cycle
BIOFLEX-E100-2103,3.7,57.3,219.7,66.9,1.66,Extended Rail Pre-Heating Cycle
BIOFLEX-E100-2104,1.1,52.6,223.3,62.4,1.75,Extended Rail Pre-Heating Cycle
BIOFLEX-E100-2105,7.5,54.4,216.4,64.8,1.56,Extended Rail Pre-Heating Cycle
BIOFLEX-E100-2106,-1.8,61.9,231.7,74.9,1.51,Extended Rail Pre-Heating Cycle
BIOFLEX-E100-2107,26.6,87.3,275.0,99.8,0.82,Instant E100 Cold-Start Ignition (<1.0s)
BIOFLEX-E100-2108,17.0,67.6,246.4,78.9,1.47,Extended Rail Pre-Heating Cycle
BIOFLEX-E100-2109,5.1,65.0,225.6,73.0,1.45,Extended Rail Pre-Heating Cycle
BIOFLEX-E100-2110,11.5,75.9,249.2,89.1,1.15,Instant E100 Cold-Start Ignition (<1.0s)
BIOFLEX-E100-2111,9.2,56.5,222.9,64.1,1.48,Extended Rail Pre-Heating Cycle
BIOFLEX-E100-2112,9.5,55.4,235.2,59.8,1.74,Extended Rail Pre-Heating Cycle
BIOFLEX-E100-2113,7.9,53.8,208.7,61.4,1.58,Extended Rail Pre-Heating Cycle
BIOFLEX-E100-2114,10.0,66.3,236.3,72.6,1.45,Extended Rail Pre-Heating Cycle
BIOFLEX-E100-2115,29.1,83.9,252.8,96.9,0.88,Instant E100 Cold-Start Ignition (<1.0s)
BIOFLEX-E100-2116,8.5,65.4,237.5,73.2,1.71,Extended Rail Pre-Heating Cycle
BIOFLEX-E100-2117,5.0,52.6,217.1,63.4,1.7,Extended Rail Pre-Heating Cycle
BIOFLEX-E100-2118,18.1,65.5,234.2,76.1,1.5,Extended Rail Pre-Heating Cycle
BIOFLEX-E100-2119,27.0,87.4,268.8,99.2,1.07,Instant E100 Cold-Start Ignition (<1.0s)
BIOFLEX-E100-2120,17.9,65.8,215.7,72.1,1.69,Extended Rail Pre-Heating Cycle
BIOFLEX-E100-2121,1.2,56.1,231.6,64.2,1.81,Extended Rail Pre-Heating Cycle
BIOFLEX-E100-2122,6.4,69.6,236.4,82.3,1.29,Extended Rail Pre-Heating Cycle
BIOFLEX-E100-2123,27.7,84.7,273.1,99.7,1.03,Instant E100 Cold-Start Ignition (<1.0s)
BIOFLEX-E100-2124,15.2,63.1,241.1,74.1,1.69,Extended Rail Pre-Heating Cycle
BIOFLEX-E100-2125,4.1,54.6,213.1,60.8,1.75,Extended Rail Pre-Heating Cycle
BIOFLEX-E100-2126,-3.8,45.0,211.0,55.0,1.82,Extended Rail Pre-Heating Cycle
BIOFLEX-E100-2127,27.9,88.0,270.9,98.8,1.07,Instant E100 Cold-Start Ignition (<1.0s)
BIOFLEX-E100-2128,30.6,88.0,272.1,97.2,1.23,Instant E100 Cold-Start Ignition (<1.0s)
BIOFLEX-E100-2129,22.1,74.4,242.9,84.7,1.25,Extended Rail Pre-Heating Cycle
BIOFLEX-E100-2130,24.9,77.2,259.3,91.5,1.14,Instant E100 Cold-Start Ignition (<1.0s)
BIOFLEX-E100-2131,25.8,79.2,257.5,93.3,1.09,Instant E100 Cold-Start Ignition (<1.0s)
BIOFLEX-E100-2132,-2.8,59.6,225.5,66.9,1.64,Extended Rail Pre-Heating Cycle
BIOFLEX-E100-2133,19.7,81.5,262.2,93.1,1.17,Instant E100 Cold-Start Ignition (<1.0s)
BIOFLEX-E100-2134,17.7,65.3,234.2,76.2,1.52,Extended Rail Pre-Heating Cycle
BIOFLEX-E100-2135,21.4,70.3,257.6,76.9,1.12,Extended Rail Pre-Heating Cycle
BIOFLEX-E100-2136,-4.6,57.8,234.9,66.3,1.69,Extended Rail Pre-Heating Cycle
BIOFLEX-E100-2137,3.4,48.7,222.5,55.5,2.0,Extended Rail Pre-Heating Cycle
BIOFLEX-E100-2138,-1.9,63.0,232.9,70.4,1.55,Extended Rail Pre-Heating Cycle
BIOFLEX-E100-2139,4.8,53.9,218.5,61.2,1.95,Extended Rail Pre-Heating Cycle
BIOFLEX-E100-2140,9.8,58.1,235.9,66.3,1.59,Extended Rail Pre-Heating Cycle
BIOFLEX-E100-2141,-0.9,53.0,237.8,58.5,1.73,Extended Rail Pre-Heating Cycle
BIOFLEX-E100-2142,21.2,76.5,256.3,90.0,1.22,Instant E100 Cold-Start Ignition (<1.0s)
BIOFLEX-E100-2143,0.2,63.8,236.9,73.2,1.76,Extended Rail Pre-Heating Cycle
BIOFLEX-E100-2144,23.2,85.4,263.5,99.8,0.95,Instant E100 Cold-Start Ignition (<1.0s)
BIOFLEX-E100-2145,1.2,58.0,226.2,70.8,1.59,Extended Rail Pre-Heating Cycle
BIOFLEX-E100-2146,12.6,60.8,225.1,67.4,1.55,Extended Rail Pre-Heating Cycle
BIOFLEX-E100-2147,14.3,74.8,254.9,86.0,1.16,Instant E100 Cold-Start Ignition (<1.0s)
BIOFLEX-E100-2148,29.0,79.5,247.4,90.2,1.2,Instant E100 Cold-Start Ignition (<1.0s)
BIOFLEX-E100-2149,1.8,49.7,209.6,58.7,1.84,Extended Rail Pre-Heating Cycle
BIOFLEX-E100-2150,12.8,68.2,244.5,79.4,1.42,Extended Rail Pre-Heating Cycle
BIOFLEX-E100-2151,27.4,72.9,242.3,83.8,1.39,Extended Rail Pre-Heating Cycle
BIOFLEX-E100-2152,16.6,71.2,246.0,83.7,1.57,Extended Rail Pre-Heating Cycle
BIOFLEX-E100-2153,6.8,66.5,250.3,78.7,1.37,Extended Rail Pre-Heating Cycle
BIOFLEX-E100-2154,20.5,65.7,235.5,76.6,1.47,Extended Rail Pre-Heating Cycle
BIOFLEX-E100-2155,-1.5,46.5,216.4,57.1,1.85,Extended Rail Pre-Heating Cycle
BIOFLEX-E100-2156,1.3,63.6,233.5,73.2,1.42,Extended Rail Pre-Heating Cycle
BIOFLEX-E100-2157,17.5,68.8,246.2,81.1,1.31,Extended Rail Pre-Heating Cycle
BIOFLEX-E100-2158,2.0,53.2,228.8,61.9,1.35,Extended Rail Pre-Heating Cycle
BIOFLEX-E100-2159,24.4,82.1,252.8,98.5,1.01,Instant E100 Cold-Start Ignition (<1.0s)
BIOFLEX-E100-2160,3.9,67.6,242.0,74.3,1.46,Extended Rail Pre-Heating Cycle
BIOFLEX-E100-2161,22.3,74.1,251.7,84.9,1.23,Extended Rail Pre-Heating Cycle
BIOFLEX-E100-2162,23.3,78.4,254.1,88.9,1.18,Instant E100 Cold-Start Ignition (<1.0s)
BIOFLEX-E100-2163,4.5,53.3,222.7,63.2,1.68,Extended Rail Pre-Heating Cycle
BIOFLEX-E100-2164,22.4,82.2,272.9,95.4,1.09,Instant E100 Cold-Start Ignition (<1.0s)
BIOFLEX-E100-2165,24.0,69.4,251.6,82.5,1.22,Extended Rail Pre-Heating Cycle
BIOFLEX-E100-2166,6.2,55.4,231.7,63.0,1.55,Extended Rail Pre-Heating Cycle
BIOFLEX-E100-2167,28.0,75.2,248.7,90.0,1.38,Instant E100 Cold-Start Ignition (<1.0s)
BIOFLEX-E100-2168,1.8,64.9,216.2,74.7,1.47,Extended Rail Pre-Heating Cycle
BIOFLEX-E100-2169,22.4,71.9,248.5,84.2,1.33,Extended Rail Pre-Heating Cycle
BIOFLEX-E100-2170,16.9,71.0,247.8,80.0,1.26,Extended Rail Pre-Heating Cycle
BIOFLEX-E100-2171,31.6,88.0,268.9,99.8,0.84,Instant E100 Cold-Start Ignition (<1.0s)
BIOFLEX-E100-2172,-0.2,53.3,226.4,60.6,1.85,Extended Rail Pre-Heating Cycle
BIOFLEX-E100-2173,13.4,74.4,230.1,82.7,1.27,Extended Rail Pre-Heating Cycle
BIOFLEX-E100-2174,28.0,86.8,260.9,99.8,0.98,Instant E100 Cold-Start Ignition (<1.0s)
BIOFLEX-E100-2175,18.7,82.1,259.0,97.7,1.17,Instant E100 Cold-Start Ignition (<1.0s)
BIOFLEX-E100-2176,28.9,88.0,265.5,99.8,1.08,Instant E100 Cold-Start Ignition (<1.0s)
BIOFLEX-E100-2177,29.6,88.0,260.2,99.8,1.06,Instant E100 Cold-Start Ignition (<1.0s)
BIOFLEX-E100-2178,6.0,59.1,229.4,69.8,1.56,Extended Rail Pre-Heating Cycle
BIOFLEX-E100-2179,30.1,81.9,261.1,93.7,1.19,Instant E100 Cold-Start Ignition (<1.0s)
BIOFLEX-E100-2180,6.6,53.1,223.8,64.1,1.59,Extended Rail Pre-Heating Cycle
BIOFLEX-E100-2181,14.7,62.5,226.3,72.1,1.68,Extended Rail Pre-Heating Cycle
BIOFLEX-E100-2182,-4.3,45.9,215.8,55.0,1.98,Extended Rail Pre-Heating Cycle
BIOFLEX-E100-2183,7.4,58.5,217.4,70.3,1.63,Extended Rail Pre-Heating Cycle
BIOFLEX-E100-2184,-1.7,50.6,210.3,60.0,1.65,Extended Rail Pre-Heating Cycle
BIOFLEX-E100-2185,-2.7,45.0,218.4,55.0,1.93,Extended Rail Pre-Heating Cycle
BIOFLEX-E100-2186,12.7,71.5,247.1,83.1,1.25,Extended Rail Pre-Heating Cycle
BIOFLEX-E100-2187,20.4,70.1,232.5,82.0,1.37,Extended Rail Pre-Heating Cycle
BIOFLEX-E100-2188,9.2,68.7,236.9,80.5,1.33,Extended Rail Pre-Heating Cycle
BIOFLEX-E100-2189,-0.6,63.7,234.9,69.1,1.75,Extended Rail Pre-Heating Cycle
BIOFLEX-E100-2190,18.4,66.3,238.2,76.5,1.58,Extended Rail Pre-Heating Cycle
BIOFLEX-E100-2191,22.2,84.8,280.0,96.2,1.33,Instant E100 Cold-Start Ignition (<1.0s)
BIOFLEX-E100-2192,30.1,88.0,278.0,99.8,1.1,Instant E100 Cold-Start Ignition (<1.0s)
BIOFLEX-E100-2193,31.5,86.8,264.9,99.8,0.88,Instant E100 Cold-Start Ignition (<1.0s)
BIOFLEX-E100-2194,28.6,88.0,264.8,99.8,0.99,Instant E100 Cold-Start Ignition (<1.0s)
BIOFLEX-E100-2195,1.8,58.1,249.7,65.5,1.51,Extended Rail Pre-Heating Cycle
BIOFLEX-E100-2196,17.7,71.3,240.2,85.2,1.05,Instant E100 Cold-Start Ignition (<1.0s)
BIOFLEX-E100-2197,-1.5,45.1,209.7,55.0,1.69,Extended Rail Pre-Heating Cycle
BIOFLEX-E100-2198,15.5,76.3,243.5,87.1,1.2,Instant E100 Cold-Start Ignition (<1.0s)
BIOFLEX-E100-2199,11.4,68.4,236.2,81.6,1.35,Extended Rail Pre-Heating Cycle
BIOFLEX-E100-2200,1.7,50.7,229.3,57.7,1.71,Extended Rail Pre-Heating Cycle
BIOFLEX-E100-2201,-0.3,58.9,215.3,66.8,1.5,Extended Rail Pre-Heating Cycle
BIOFLEX-E100-2202,28.8,85.3,257.8,99.8,1.02,Instant E100 Cold-Start Ignition (<1.0s)
BIOFLEX-E100-2203,17.1,65.3,242.6,73.5,1.34,Extended Rail Pre-Heating Cycle
BIOFLEX-E100-2204,12.6,68.2,250.4,77.8,1.28,Extended Rail Pre-Heating Cycle
BIOFLEX-E100-2205,23.4,85.1,266.6,96.9,1.05,Instant E100 Cold-Start Ignition (<1.0s)
BIOFLEX-E100-2206,30.6,88.0,260.1,99.8,0.94,Instant E100 Cold-Start Ignition (<1.0s)
BIOFLEX-E100-2207,19.2,65.0,252.0,71.1,1.46,Extended Rail Pre-Heating Cycle
BIOFLEX-E100-2208,-1.3,53.3,218.8,63.0,1.73,Extended Rail Pre-Heating Cycle
BIOFLEX-E100-2209,-4.9,53.3,218.1,61.1,1.71,Extended Rail Pre-Heating Cycle
BIOFLEX-E100-2210,-2.9,60.0,238.5,68.5,1.56,Extended Rail Pre-Heating Cycle
BIOFLEX-E100-2211,0.8,55.9,226.7,63.6,1.58,Extended Rail Pre-Heating Cycle
BIOFLEX-E100-2212,29.6,88.0,259.7,99.8,1.02,Instant E100 Cold-Start Ignition (<1.0s)
BIOFLEX-E100-2213,19.8,79.7,259.8,92.2,1.22,Instant E100 Cold-Start Ignition (<1.0s)
BIOFLEX-E100-2214,18.3,73.3,255.5,83.7,1.07,Extended Rail Pre-Heating Cycle
BIOFLEX-E100-2215,15.4,65.4,250.9,75.2,1.35,Extended Rail Pre-Heating Cycle
BIOFLEX-E100-2216,16.2,69.5,251.3,81.8,1.35,Extended Rail Pre-Heating Cycle
BIOFLEX-E100-2217,3.0,58.2,232.5,66.6,1.68,Extended Rail Pre-Heating Cycle
BIOFLEX-E100-2218,12.9,60.6,219.5,68.3,1.74,Extended Rail Pre-Heating Cycle
BIOFLEX-E100-2219,27.4,88.0,265.6,99.8,1.08,Instant E100 Cold-Start Ignition (<1.0s)
BIOFLEX-E100-2220,24.8,76.0,253.7,88.6,1.18,Instant E100 Cold-Start Ignition (<1.0s)
BIOFLEX-E100-2221,20.8,71.6,254.5,80.8,1.16,Extended Rail Pre-Heating Cycle
BIOFLEX-E100-2222,14.0,59.6,220.9,71.1,1.56,Extended Rail Pre-Heating Cycle
BIOFLEX-E100-2223,1.3,51.5,226.1,59.9,1.65,Extended Rail Pre-Heating Cycle
BIOFLEX-E100-2224,17.9,74.3,251.3,84.4,1.27,Extended Rail Pre-Heating Cycle
BIOFLEX-E100-2225,2.5,50.2,221.5,56.3,1.84,Extended Rail Pre-Heating Cycle
BIOFLEX-E100-2226,12.9,66.6,234.6,73.1,1.54,Extended Rail Pre-Heating Cycle
BIOFLEX-E100-2227,18.5,65.0,241.0,76.6,1.37,Extended Rail Pre-Heating Cycle
BIOFLEX-E100-2228,3.7,64.1,237.9,76.3,1.35,Extended Rail Pre-Heating Cycle
BIOFLEX-E100-2229,11.3,63.1,236.2,75.4,1.42,Extended Rail Pre-Heating Cycle
BIOFLEX-E100-2230,19.3,70.7,247.0,81.3,1.41,Extended Rail Pre-Heating Cycle
BIOFLEX-E100-2231,-1.8,60.2,221.0,70.4,1.74,Extended Rail Pre-Heating Cycle
BIOFLEX-E100-2232,29.2,88.0,268.5,99.8,0.97,Instant E100 Cold-Start Ignition (<1.0s)
BIOFLEX-E100-2233,27.2,78.6,255.4,89.3,1.29,Instant E100 Cold-Start Ignition (<1.0s)
BIOFLEX-E100-2234,-3.5,49.0,210.4,59.2,1.54,Extended Rail Pre-Heating Cycle
BIOFLEX-E100-2235,16.1,71.0,234.1,81.1,1.49,Extended Rail Pre-Heating Cycle
BIOFLEX-E100-2236,4.2,49.2,212.5,60.3,1.77,Extended Rail Pre-Heating Cycle
BIOFLEX-E100-2237,7.9,58.6,231.5,67.8,1.55,Extended Rail Pre-Heating Cycle
BIOFLEX-E100-2238,11.1,65.4,242.9,78.1,1.37,Extended Rail Pre-Heating Cycle
BIOFLEX-E100-2239,31.0,78.9,261.4,93.3,1.23,Instant E100 Cold-Start Ignition (<1.0s)
BIOFLEX-E100-2240,30.1,83.3,250.4,99.4,0.93,Instant E100 Cold-Start Ignition (<1.0s)
BIOFLEX-E100-2241,17.2,65.8,242.0,77.5,1.33,Extended Rail Pre-Heating Cycle
BIOFLEX-E100-2242,-4.6,51.6,217.8,55.0,1.83,Extended Rail Pre-Heating Cycle
BIOFLEX-E100-2243,-4.0,52.8,213.8,61.9,1.66,Extended Rail Pre-Heating Cycle
BIOFLEX-E100-2244,7.6,60.9,229.4,69.5,1.59,Extended Rail Pre-Heating Cycle
BIOFLEX-E100-2245,1.5,61.6,237.3,70.2,1.51,Extended Rail Pre-Heating Cycle
BIOFLEX-E100-2246,24.0,79.9,261.6,92.5,1.19,Instant E100 Cold-Start Ignition (<1.0s)
BIOFLEX-E100-2247,8.6,70.2,236.2,80.1,1.3,Extended Rail Pre-Heating Cycle
BIOFLEX-E100-2248,2.2,60.8,235.1,67.2,1.5,Extended Rail Pre-Heating Cycle
BIOFLEX-E100-2249,-2.6,56.3,208.2,63.0,1.68,Extended Rail Pre-Heating Cycle
BIOFLEX-E100-2250,29.0,83.4,261.3,96.1,1.05,Instant E100 Cold-Start Ignition (<1.0s)
BIOFLEX-E100-2251,-4.7,50.3,207.1,55.0,1.86,Extended Rail Pre-Heating Cycle
BIOFLEX-E100-2252,10.0,72.8,252.2,81.9,1.37,Extended Rail Pre-Heating Cycle
BIOFLEX-E100-2253,24.7,86.4,256.9,99.8,1.03,Instant E100 Cold-Start Ignition (<1.0s)
BIOFLEX-E100-2254,31.1,88.0,264.3,99.8,1.05,Instant E100 Cold-Start Ignition (<1.0s)
BIOFLEX-E100-2255,-4.5,48.4,223.8,55.0,1.72,Extended Rail Pre-Heating Cycle
BIOFLEX-E100-2256,12.0,62.9,224.4,74.2,1.34,Extended Rail Pre-Heating Cycle
BIOFLEX-E100-2257,21.6,70.8,243.8,79.9,1.32,Extended Rail Pre-Heating Cycle
BIOFLEX-E100-2258,4.9,62.8,243.9,71.8,1.28,Extended Rail Pre-Heating Cycle
BIOFLEX-E100-2259,-1.6,48.3,208.0,55.0,1.89,Extended Rail Pre-Heating Cycle
BIOFLEX-E100-2260,12.2,64.5,235.1,75.5,1.42,Extended Rail Pre-Heating Cycle
BIOFLEX-E100-2261,26.4,76.0,246.5,88.4,1.13,Instant E100 Cold-Start Ignition (<1.0s)
BIOFLEX-E100-2262,24.1,87.3,254.9,98.0,0.93,Instant E100 Cold-Start Ignition (<1.0s)
BIOFLEX-E100-2263,-1.1,48.9,214.2,55.0,1.69,Extended Rail Pre-Heating Cycle
BIOFLEX-E100-2264,6.4,64.9,253.6,75.9,1.59,Extended Rail Pre-Heating Cycle
BIOFLEX-E100-2265,18.3,78.7,265.6,89.0,1.2,Instant E100 Cold-Start Ignition (<1.0s)
BIOFLEX-E100-2266,13.3,58.8,237.5,69.2,1.58,Extended Rail Pre-Heating Cycle
BIOFLEX-E100-2267,3.0,52.8,213.9,62.1,1.82,Extended Rail Pre-Heating Cycle
BIOFLEX-E100-2268,28.6,76.8,259.5,85.1,1.4,Instant E100 Cold-Start Ignition (<1.0s)
BIOFLEX-E100-2269,2.1,60.8,254.3,70.8,1.31,Extended Rail Pre-Heating Cycle
BIOFLEX-E100-2270,20.2,76.8,259.2,90.8,1.11,Instant E100 Cold-Start Ignition (<1.0s)
BIOFLEX-E100-2271,31.3,88.0,261.6,99.8,0.94,Instant E100 Cold-Start Ignition (<1.0s)
BIOFLEX-E100-2272,31.6,88.0,270.6,97.5,0.97,Instant E100 Cold-Start Ignition (<1.0s)
BIOFLEX-E100-2273,2.8,50.5,230.2,57.2,1.86,Extended Rail Pre-Heating Cycle
BIOFLEX-E100-2274,26.3,81.2,273.9,93.7,1.27,Instant E100 Cold-Start Ignition (<1.0s)
BIOFLEX-E100-2275,2.4,49.1,217.1,55.0,1.83,Extended Rail Pre-Heating Cycle
BIOFLEX-E100-2276,25.9,71.6,257.5,79.8,1.3,Extended Rail Pre-Heating Cycle
BIOFLEX-E100-2277,17.4,73.6,268.7,88.3,1.1,Instant E100 Cold-Start Ignition (<1.0s)
BIOFLEX-E100-2278,-2.5,55.8,232.6,64.5,1.78,Extended Rail Pre-Heating Cycle
BIOFLEX-E100-2279,-2.8,56.1,226.2,64.3,1.86,Extended Rail Pre-Heating Cycle
BIOFLEX-E100-2280,26.0,72.1,258.7,82.1,1.38,Extended Rail Pre-Heating Cycle
BIOFLEX-E100-2281,8.6,60.3,228.2,67.5,1.39,Extended Rail Pre-Heating Cycle
BIOFLEX-E100-2282,31.1,85.4,280.2,98.4,1.05,Instant E100 Cold-Start Ignition (<1.0s)
BIOFLEX-E100-2283,9.2,62.4,231.1,73.5,1.52,Extended Rail Pre-Heating Cycle
BIOFLEX-E100-2284,21.3,73.5,248.0,84.5,1.27,Extended Rail Pre-Heating Cycle
BIOFLEX-E100-2285,25.8,88.0,262.6,99.8,0.89,Instant E100 Cold-Start Ignition (<1.0s)
BIOFLEX-E100-2286,0.1,63.2,217.6,71.0,1.39,Extended Rail Pre-Heating Cycle
BIOFLEX-E100-2287,16.5,68.6,251.8,80.8,1.36,Extended Rail Pre-Heating Cycle
BIOFLEX-E100-2288,-0.2,54.4,227.7,60.9,1.86,Extended Rail Pre-Heating Cycle
BIOFLEX-E100-2289,27.6,87.6,274.3,99.8,1.0,Instant E100 Cold-Start Ignition (<1.0s)
BIOFLEX-E100-2290,-0.5,45.1,223.7,55.0,1.92,Extended Rail Pre-Heating Cycle
BIOFLEX-E100-2291,16.3,69.2,250.6,77.5,1.36,Extended Rail Pre-Heating Cycle
BIOFLEX-E100-2292,4.0,56.2,220.5,62.5,1.58,Extended Rail Pre-Heating Cycle
BIOFLEX-E100-2293,14.9,75.6,247.7,86.5,1.14,Instant E100 Cold-Start Ignition (<1.0s)
BIOFLEX-E100-2294,1.7,61.7,247.6,73.5,1.5,Extended Rail Pre-Heating Cycle
BIOFLEX-E100-2295,-4.3,45.3,215.0,55.0,1.6,Extended Rail Pre-Heating Cycle
BIOFLEX-E100-2296,3.3,64.9,241.6,73.5,1.57,Extended Rail Pre-Heating Cycle
BIOFLEX-E100-2297,-3.5,61.1,243.3,69.6,1.66,Extended Rail Pre-Heating Cycle
BIOFLEX-E100-2298,11.7,60.6,230.1,70.6,1.8,Extended Rail Pre-Heating Cycle
BIOFLEX-E100-2299,29.5,84.8,266.3,99.8,1.0,Instant E100 Cold-Start Ignition (<1.0s)
BIOFLEX-E100-2300,9.2,70.4,247.3,83.5,1.12,Extended Rail Pre-Heating Cycle
BIOFLEX-E100-2301,12.9,58.9,220.8,66.6,1.64,Extended Rail Pre-Heating Cycle
BIOFLEX-E100-2302,28.5,86.5,285.6,99.5,1.05,Instant E100 Cold-Start Ignition (<1.0s)
BIOFLEX-E100-2303,7.6,55.9,227.9,58.7,1.61,Extended Rail Pre-Heating Cycle
BIOFLEX-E100-2304,27.9,85.3,266.2,98.5,1.03,Instant E100 Cold-Start Ignition (<1.0s)
BIOFLEX-E100-2305,31.1,88.0,268.5,99.8,0.97,Instant E100 Cold-Start Ignition (<1.0s)
BIOFLEX-E100-2306,28.7,88.0,279.1,99.8,0.96,Instant E100 Cold-Start Ignition (<1.0s)
BIOFLEX-E100-2307,19.8,80.9,270.6,93.0,1.22,Instant E100 Cold-Start Ignition (<1.0s)
BIOFLEX-E100-2308,20.3,71.3,240.6,79.7,1.53,Extended Rail Pre-Heating Cycle
BIOFLEX-E100-2309,13.3,71.2,253.4,80.2,1.42,Extended Rail Pre-Heating Cycle
BIOFLEX-E100-2310,22.1,67.4,227.5,76.0,1.44,Extended Rail Pre-Heating Cycle
BIOFLEX-E100-2311,2.7,66.5,243.5,74.9,1.39,Extended Rail Pre-Heating Cycle
BIOFLEX-E100-2312,-2.9,54.7,222.4,64.2,1.67,Extended Rail Pre-Heating Cycle
BIOFLEX-E100-2313,13.0,69.2,243.5,77.9,1.37,Extended Rail Pre-Heating Cycle
BIOFLEX-E100-2314,21.9,68.1,246.5,78.3,1.37,Extended Rail Pre-Heating Cycle
BIOFLEX-E100-2315,16.5,73.8,244.1,83.6,1.39,Extended Rail Pre-Heating Cycle
BIOFLEX-E100-2316,8.3,70.4,249.4,78.9,1.47,Extended Rail Pre-Heating Cycle
BIOFLEX-E100-2317,30.0,78.4,257.5,90.4,1.09,Instant E100 Cold-Start Ignition (<1.0s)
BIOFLEX-E100-2318,22.0,76.3,257.7,86.4,1.17,Instant E100 Cold-Start Ignition (<1.0s)
BIOFLEX-E100-2319,6.2,66.2,232.6,75.4,1.44,Extended Rail Pre-Heating Cycle
BIOFLEX-E100-2320,2.1,65.5,228.7,79.8,1.46,Extended Rail Pre-Heating Cycle
BIOFLEX-E100-2321,27.5,82.4,266.6,98.5,1.06,Instant E100 Cold-Start Ignition (<1.0s)
BIOFLEX-E100-2322,4.1,52.7,224.9,57.1,1.86,Extended Rail Pre-Heating Cycle
BIOFLEX-E100-2323,30.6,80.9,259.2,87.3,1.27,Instant E100 Cold-Start Ignition (<1.0s)
BIOFLEX-E100-2324,13.2,73.3,244.8,83.0,1.42,Extended Rail Pre-Heating Cycle
BIOFLEX-E100-2325,22.1,70.4,250.9,77.6,1.62,Extended Rail Pre-Heating Cycle
BIOFLEX-E100-2326,20.6,75.6,248.1,87.7,1.3,Instant E100 Cold-Start Ignition (<1.0s)
BIOFLEX-E100-2327,2.5,65.6,223.6,74.4,1.59,Extended Rail Pre-Heating Cycle
BIOFLEX-E100-2328,12.8,65.8,240.3,71.5,1.55,Extended Rail Pre-Heating Cycle
BIOFLEX-E100-2329,30.1,76.3,253.7,90.7,1.03,Instant E100 Cold-Start Ignition (<1.0s)
BIOFLEX-E100-2330,21.7,67.6,248.5,76.1,1.59,Extended Rail Pre-Heating Cycle
BIOFLEX-E100-2331,0.0,55.6,226.7,65.3,1.67,Extended Rail Pre-Heating Cycle
BIOFLEX-E100-2332,19.4,70.1,241.4,82.2,1.28,Extended Rail Pre-Heating Cycle
BIOFLEX-E100-2333,23.4,73.2,245.8,81.8,1.28,Extended Rail Pre-Heating Cycle
BIOFLEX-E100-2334,0.8,56.2,234.5,67.1,1.51,Extended Rail Pre-Heating Cycle
BIOFLEX-E100-2335,26.3,78.4,248.5,91.6,1.2,Instant E100 Cold-Start Ignition (<1.0s)
BIOFLEX-E100-2336,27.0,86.1,262.0,99.8,1.03,Instant E100 Cold-Start Ignition (<1.0s)
BIOFLEX-E100-2337,24.7,70.6,245.5,81.5,1.47,Extended Rail Pre-Heating Cycle
BIOFLEX-E100-2338,1.6,51.2,221.5,58.5,1.8,Extended Rail Pre-Heating Cycle
BIOFLEX-E100-2339,17.4,82.0,268.4,92.0,0.94,Instant E100 Cold-Start Ignition (<1.0s)
BIOFLEX-E100-2340,11.0,64.5,239.6,76.6,1.47,Extended Rail Pre-Heating Cycle
BIOFLEX-E100-2341,21.0,73.0,255.7,84.9,1.33,Extended Rail Pre-Heating Cycle
BIOFLEX-E100-2342,20.1,67.8,248.3,78.0,1.44,Extended Rail Pre-Heating Cycle
BIOFLEX-E100-2343,30.0,88.0,274.1,99.8,1.11,Instant E100 Cold-Start Ignition (<1.0s)
BIOFLEX-E100-2344,6.8,53.4,224.2,65.4,1.53,Extended Rail Pre-Heating Cycle
BIOFLEX-E100-2345,-2.5,58.3,217.4,63.7,1.55,Extended Rail Pre-Heating Cycle
BIOFLEX-E100-2346,25.6,74.6,244.1,86.3,1.3,Instant E100 Cold-Start Ignition (<1.0s)
BIOFLEX-E100-2347,31.1,83.2,264.8,95.1,1.25,Instant E100 Cold-Start Ignition (<1.0s)
BIOFLEX-E100-2348,15.0,62.8,217.3,69.8,1.54,Extended Rail Pre-Heating Cycle
BIOFLEX-E100-2349,6.0,63.5,246.8,71.4,1.44,Extended Rail Pre-Heating Cycle
BIOFLEX-E100-2350,7.3,52.9,223.1,59.1,1.79,Extended Rail Pre-Heating Cycle
BIOFLEX-E100-2351,8.6,72.1,251.1,80.2,1.49,Extended Rail Pre-Heating Cycle
BIOFLEX-E100-2352,24.0,71.8,255.7,84.1,1.44,Extended Rail Pre-Heating Cycle
BIOFLEX-E100-2353,3.3,55.2,212.2,66.5,1.49,Extended Rail Pre-Heating Cycle
BIOFLEX-E100-2354,-2.5,56.3,230.7,60.8,1.72,Extended Rail Pre-Heating Cycle
BIOFLEX-E100-2355,27.4,82.8,265.1,96.8,1.06,Instant E100 Cold-Start Ignition (<1.0s)
BIOFLEX-E100-2356,18.8,64.6,227.2,73.5,1.34,Extended Rail Pre-Heating Cycle
BIOFLEX-E100-2357,-5.0,46.6,229.3,55.0,1.83,Extended Rail Pre-Heating Cycle
BIOFLEX-E100-2358,7.9,60.7,230.2,68.0,1.67,Extended Rail Pre-Heating Cycle
BIOFLEX-E100-2359,14.0,73.9,249.9,86.6,1.33,Instant E100 Cold-Start Ignition (<1.0s)
BIOFLEX-E100-2360,23.0,76.7,244.4,90.0,1.28,Instant E100 Cold-Start Ignition (<1.0s)
BIOFLEX-E100-2361,-0.0,49.0,215.8,55.0,1.7,Extended Rail Pre-Heating Cycle
BIOFLEX-E100-2362,14.1,66.6,248.7,72.9,1.47,Extended Rail Pre-Heating Cycle
BIOFLEX-E100-2363,30.5,75.6,253.7,88.4,1.4,Instant E100 Cold-Start Ignition (<1.0s)
BIOFLEX-E100-2364,19.2,74.1,247.5,85.8,1.42,Instant E100 Cold-Start Ignition (<1.0s)
BIOFLEX-E100-2365,23.5,69.8,249.5,80.5,1.25,Extended Rail Pre-Heating Cycle
BIOFLEX-E100-2366,1.0,47.4,207.0,55.0,1.99,Extended Rail Pre-Heating Cycle
BIOFLEX-E100-2367,2.9,48.7,218.4,58.5,1.64,Extended Rail Pre-Heating Cycle
BIOFLEX-E100-2368,2.2,66.5,234.6,77.4,1.46,Extended Rail Pre-Heating Cycle
BIOFLEX-E100-2369,29.1,80.4,240.3,91.6,0.99,Instant E100 Cold-Start Ignition (<1.0s)
BIOFLEX-E100-2370,12.8,74.6,261.4,86.6,1.08,Instant E100 Cold-Start Ignition (<1.0s)
BIOFLEX-E100-2371,13.8,72.7,251.1,87.0,1.21,Instant E100 Cold-Start Ignition (<1.0s)
BIOFLEX-E100-2372,25.0,72.2,253.2,90.0,0.96,Instant E100 Cold-Start Ignition (<1.0s)
BIOFLEX-E100-2373,19.1,64.4,235.2,70.2,1.68,Extended Rail Pre-Heating Cycle
BIOFLEX-E100-2374,11.7,72.9,252.8,83.2,1.28,Extended Rail Pre-Heating Cycle
BIOFLEX-E100-2375,11.3,72.7,244.9,84.2,1.31,Extended Rail Pre-Heating Cycle
BIOFLEX-E100-2376,6.5,64.2,248.7,76.5,1.38,Extended Rail Pre-Heating Cycle
BIOFLEX-E100-2377,13.7,74.1,254.8,87.2,1.12,Instant E100 Cold-Start Ignition (<1.0s)
BIOFLEX-E100-2378,24.0,80.6,261.5,94.3,1.1,Instant E100 Cold-Start Ignition (<1.0s)
BIOFLEX-E100-2379,19.3,74.0,251.7,85.7,1.21,Instant E100 Cold-Start Ignition (<1.0s)
BIOFLEX-E100-2380,16.0,62.4,228.4,72.3,1.6,Extended Rail Pre-Heating Cycle
BIOFLEX-E100-2381,-0.1,63.4,238.3,72.0,1.57,Extended Rail Pre-Heating Cycle
BIOFLEX-E100-2382,9.3,65.2,225.5,73.1,1.52,Extended Rail Pre-Heating Cycle
BIOFLEX-E100-2383,4.7,67.5,246.1,74.3,1.46,Extended Rail Pre-Heating Cycle
BIOFLEX-E100-2384,10.3,67.5,235.1,78.0,1.4,Extended Rail Pre-Heating Cycle
BIOFLEX-E100-2385,-4.7,49.7,222.5,57.1,1.51,Extended Rail Pre-Heating Cycle
BIOFLEX-E100-2386,2.4,63.3,224.8,76.5,1.51,Extended Rail Pre-Heating Cycle
BIOFLEX-E100-2387,15.6,76.1,256.4,88.5,1.29,Instant E100 Cold-Start Ignition (<1.0s)
BIOFLEX-E100-2388,2.6,55.2,222.0,61.7,1.62,Extended Rail Pre-Heating Cycle
BIOFLEX-E100-2389,24.8,73.7,255.0,88.1,1.06,Instant E100 Cold-Start Ignition (<1.0s)
BIOFLEX-E100-2390,31.5,88.0,279.5,99.8,1.01,Instant E100 Cold-Start Ignition (<1.0s)
BIOFLEX-E100-2391,3.8,48.9,232.9,57.1,1.76,Extended Rail Pre-Heating Cycle
BIOFLEX-E100-2392,10.9,59.3,239.7,64.3,1.79,Extended Rail Pre-Heating Cycle
BIOFLEX-E100-2393,2.8,63.8,228.9,73.7,1.45,Extended Rail Pre-Heating Cycle
BIOFLEX-E100-2394,29.1,88.0,265.6,99.8,0.89,Instant E100 Cold-Start Ignition (<1.0s)
BIOFLEX-E100-2395,31.9,88.0,274.7,99.8,0.9,Instant E100 Cold-Start Ignition (<1.0s)
BIOFLEX-E100-2396,12.7,64.5,243.9,76.6,1.47,Extended Rail Pre-Heating Cycle
BIOFLEX-E100-2397,19.5,82.1,252.4,92.9,1.23,Instant E100 Cold-Start Ignition (<1.0s)
BIOFLEX-E100-2398,25.3,86.6,269.9,99.8,1.11,Instant E100 Cold-Start Ignition (<1.0s)
BIOFLEX-E100-2399,16.8,76.7,240.3,87.4,1.3,Instant E100 Cold-Start Ignition (<1.0s)
BIOFLEX-E100-2400,6.4,66.2,243.9,78.4,1.44,Extended Rail Pre-Heating Cycle
BIOFLEX-E100-2401,18.0,69.1,236.8,76.3,1.37,Extended Rail Pre-Heating Cycle
BIOFLEX-E100-2402,9.4,56.5,225.7,65.5,1.63,Extended Rail Pre-Heating Cycle
BIOFLEX-E100-2403,8.2,54.5,220.0,63.1,1.63,Extended Rail Pre-Heating Cycle
BIOFLEX-E100-2404,27.4,84.9,278.8,95.8,1.23,Instant E100 Cold-Start Ignition (<1.0s)
BIOFLEX-E100-2405,23.3,71.2,247.4,85.8,1.02,Instant E100 Cold-Start Ignition (<1.0s)
BIOFLEX-E100-2406,6.8,68.0,227.0,77.8,1.24,Extended Rail Pre-Heating Cycle
BIOFLEX-E100-2407,0.8,61.0,215.3,70.6,1.78,Extended Rail Pre-Heating Cycle
BIOFLEX-E100-2408,5.5,66.7,246.0,73.2,1.51,Extended Rail Pre-Heating Cycle
BIOFLEX-E100-2409,14.6,63.4,221.4,70.8,1.53,Extended Rail Pre-Heating Cycle
BIOFLEX-E100-2410,-3.6,50.0,202.8,57.3,1.92,Extended Rail Pre-Heating Cycle
BIOFLEX-E100-2411,12.6,57.9,216.5,70.2,1.4,Extended Rail Pre-Heating Cycle
BIOFLEX-E100-2412,1.0,55.8,225.8,67.6,1.57,Extended Rail Pre-Heating Cycle
BIOFLEX-E100-2413,19.8,72.1,244.5,83.8,1.18,Extended Rail Pre-Heating Cycle
BIOFLEX-E100-2414,30.6,87.3,272.2,99.8,0.97,Instant E100 Cold-Start Ignition (<1.0s)
BIOFLEX-E100-2415,26.9,82.4,253.8,94.3,0.81,Instant E100 Cold-Start Ignition (<1.0s)
BIOFLEX-E100-2416,20.7,67.6,236.2,76.6,1.32,Extended Rail Pre-Heating Cycle
BIOFLEX-E100-2417,30.2,80.1,260.7,89.4,1.26,Instant E100 Cold-Start Ignition (<1.0s)
BIOFLEX-E100-2418,20.2,77.0,263.3,89.8,1.43,Instant E100 Cold-Start Ignition (<1.0s)
BIOFLEX-E100-2419,10.3,71.6,257.7,78.7,1.45,Extended Rail Pre-Heating Cycle
BIOFLEX-E100-2420,22.7,76.2,240.4,86.3,1.15,Instant E100 Cold-Start Ignition (<1.0s)
BIOFLEX-E100-2421,-3.2,45.7,202.6,55.0,1.76,Extended Rail Pre-Heating Cycle
BIOFLEX-E100-2422,14.4,67.3,226.0,75.5,1.49,Extended Rail Pre-Heating Cycle
BIOFLEX-E100-2423,-1.2,52.8,222.5,58.8,1.51,Extended Rail Pre-Heating Cycle
BIOFLEX-E100-2424,-4.9,51.3,223.1,59.8,1.71,Extended Rail Pre-Heating Cycle
BIOFLEX-E100-2425,26.9,85.3,273.0,99.8,1.18,Instant E100 Cold-Start Ignition (<1.0s)
BIOFLEX-E100-2426,21.7,77.8,251.0,88.5,1.22,Instant E100 Cold-Start Ignition (<1.0s)
BIOFLEX-E100-2427,4.4,67.3,233.9,77.9,1.49,Extended Rail Pre-Heating Cycle
BIOFLEX-E100-2428,7.0,70.0,241.9,77.1,1.12,Extended Rail Pre-Heating Cycle
BIOFLEX-E100-2429,13.3,67.5,238.2,77.9,1.55,Extended Rail Pre-Heating Cycle
BIOFLEX-E100-2430,14.2,73.2,243.4,83.3,1.42,Extended Rail Pre-Heating Cycle
BIOFLEX-E100-2431,22.6,75.5,250.3,87.9,1.26,Instant E100 Cold-Start Ignition (<1.0s)
BIOFLEX-E100-2432,31.6,88.0,275.7,99.8,1.09,Instant E100 Cold-Start Ignition (<1.0s)
BIOFLEX-E100-2433,8.5,63.7,229.4,73.5,1.28,Extended Rail Pre-Heating Cycle
BIOFLEX-E100-2434,17.0,63.2,242.1,70.5,1.6,Extended Rail Pre-Heating Cycle
BIOFLEX-E100-2435,8.3,66.7,251.1,79.1,1.37,Extended Rail Pre-Heating Cycle
BIOFLEX-E100-2436,9.8,74.5,256.8,86.8,1.15,Instant E100 Cold-Start Ignition (<1.0s)
BIOFLEX-E100-2437,17.4,72.4,241.7,81.1,1.27,Extended Rail Pre-Heating Cycle
BIOFLEX-E100-2438,29.0,75.0,256.6,86.1,1.42,Instant E100 Cold-Start Ignition (<1.0s)
BIOFLEX-E100-2439,-2.7,60.8,238.4,72.1,1.41,Extended Rail Pre-Heating Cycle
BIOFLEX-E100-2440,9.0,71.6,254.9,80.7,1.49,Extended Rail Pre-Heating Cycle
BIOFLEX-E100-2441,18.0,64.8,211.6,74.1,1.46,Extended Rail Pre-Heating Cycle
BIOFLEX-E100-2442,29.2,80.8,262.5,91.9,1.31,Instant E100 Cold-Start Ignition (<1.0s)
BIOFLEX-E100-2443,28.7,77.0,247.8,86.6,1.1,Instant E100 Cold-Start Ignition (<1.0s)
BIOFLEX-E100-2444,11.8,72.2,240.3,81.6,1.38,Extended Rail Pre-Heating Cycle
BIOFLEX-E100-2445,16.3,80.0,255.0,93.0,1.16,Instant E100 Cold-Start Ignition (<1.0s)
BIOFLEX-E100-2446,12.2,73.2,247.6,86.9,1.17,Instant E100 Cold-Start Ignition (<1.0s)
BIOFLEX-E100-2447,10.3,60.4,218.2,67.2,1.68,Extended Rail Pre-Heating Cycle
BIOFLEX-E100-2448,27.9,82.5,273.5,98.5,1.04,Instant E100 Cold-Start Ignition (<1.0s)
BIOFLEX-E100-2449,2.1,60.2,226.0,67.8,1.35,Extended Rail Pre-Heating Cycle
BIOFLEX-E100-2450,-0.4,60.2,233.1,69.1,1.35,Extended Rail Pre-Heating Cycle
BIOFLEX-E100-2451,16.1,71.0,241.8,85.5,1.18,Instant E100 Cold-Start Ignition (<1.0s)
BIOFLEX-E100-2452,1.5,54.2,232.8,66.1,1.71,Extended Rail Pre-Heating Cycle
BIOFLEX-E100-2453,27.8,76.7,259.6,88.8,1.1,Instant E100 Cold-Start Ignition (<1.0s)
BIOFLEX-E100-2454,11.1,64.7,247.1,74.8,1.5,Extended Rail Pre-Heating Cycle
BIOFLEX-E100-2455,9.2,66.6,258.7,79.2,1.31,Extended Rail Pre-Heating Cycle
BIOFLEX-E100-2456,31.5,88.0,272.0,99.8,1.05,Instant E100 Cold-Start Ignition (<1.0s)
BIOFLEX-E100-2457,11.6,57.3,239.6,66.6,1.84,Extended Rail Pre-Heating Cycle
BIOFLEX-E100-2458,-3.6,46.9,203.5,55.0,1.86,Extended Rail Pre-Heating Cycle
BIOFLEX-E100-2459,9.4,64.8,237.0,73.1,1.29,Extended Rail Pre-Heating Cycle
BIOFLEX-E100-2460,1.1,60.6,231.8,70.4,1.41,Extended Rail Pre-Heating Cycle
BIOFLEX-E100-2461,-3.6,54.7,219.0,67.4,1.38,Extended Rail Pre-Heating Cycle
BIOFLEX-E100-2462,-3.6,54.0,206.4,66.1,1.59,Extended Rail Pre-Heating Cycle
BIOFLEX-E100-2463,3.2,60.2,246.7,66.5,1.63,Extended Rail Pre-Heating Cycle
BIOFLEX-E100-2464,-3.1,57.0,226.9,62.1,1.74,Extended Rail Pre-Heating Cycle
BIOFLEX-E100-2465,16.5,62.8,234.9,72.8,1.41,Extended Rail Pre-Heating Cycle
BIOFLEX-E100-2466,22.9,72.3,249.2,82.9,1.11,Extended Rail Pre-Heating Cycle
BIOFLEX-E100-2467,8.3,53.6,224.2,59.9,1.56,Extended Rail Pre-Heating Cycle
BIOFLEX-E100-2468,0.3,51.3,218.2,60.6,1.73,Extended Rail Pre-Heating Cycle
BIOFLEX-E100-2469,-4.5,52.3,232.7,59.2,1.73,Extended Rail Pre-Heating Cycle
BIOFLEX-E100-2470,24.2,69.3,245.7,79.0,1.49,Extended Rail Pre-Heating Cycle
BIOFLEX-E100-2471,6.8,62.6,236.6,71.2,1.63,Extended Rail Pre-Heating Cycle
BIOFLEX-E100-2472,-1.3,46.3,202.1,55.0,1.71,Extended Rail Pre-Heating Cycle
BIOFLEX-E100-2473,-3.8,59.2,228.8,65.2,1.56,Extended Rail Pre-Heating Cycle
BIOFLEX-E100-2474,10.3,72.7,256.1,81.7,1.33,Extended Rail Pre-Heating Cycle
BIOFLEX-E100-2475,18.9,70.5,242.4,81.2,1.3,Extended Rail Pre-Heating Cycle
BIOFLEX-E100-2476,19.3,81.6,250.9,94.5,1.22,Instant E100 Cold-Start Ignition (<1.0s)
BIOFLEX-E100-2477,22.6,71.7,245.7,82.0,1.5,Extended Rail Pre-Heating Cycle
BIOFLEX-E100-2478,12.4,71.8,247.1,84.6,1.38,Extended Rail Pre-Heating Cycle
BIOFLEX-E100-2479,-2.2,62.4,241.2,70.5,1.63,Extended Rail Pre-Heating Cycle
BIOFLEX-E100-2480,5.2,65.5,238.1,72.3,1.43,Extended Rail Pre-Heating Cycle
BIOFLEX-E100-2481,1.0,55.4,226.0,62.6,1.63,Extended Rail Pre-Heating Cycle
BIOFLEX-E100-2482,5.6,57.6,230.8,69.2,1.6,Extended Rail Pre-Heating Cycle
BIOFLEX-E100-2483,4.3,62.1,240.1,71.1,1.57,Extended Rail Pre-Heating Cycle
BIOFLEX-E100-2484,10.7,59.5,220.9,64.2,1.55,Extended Rail Pre-Heating Cycle
BIOFLEX-E100-2485,9.9,66.4,241.6,75.3,1.48,Extended Rail Pre-Heating Cycle
BIOFLEX-E100-2486,18.3,73.8,230.6,84.1,1.21,Extended Rail Pre-Heating Cycle
BIOFLEX-E100-2487,25.6,75.0,251.3,88.6,1.15,Instant E100 Cold-Start Ignition (<1.0s)
BIOFLEX-E100-2488,-1.0,55.2,224.0,67.8,1.62,Extended Rail Pre-Heating Cycle
BIOFLEX-E100-2489,20.3,68.0,246.0,80.3,1.31,Extended Rail Pre-Heating Cycle
BIOFLEX-E100-2490,25.6,72.2,234.0,86.3,1.16,Instant E100 Cold-Start Ignition (<1.0s)
BIOFLEX-E100-2491,6.6,70.1,247.7,79.8,1.35,Extended Rail Pre-Heating Cycle
BIOFLEX-E100-2492,17.9,76.3,242.6,89.7,1.26,Instant E100 Cold-Start Ignition (<1.0s)
BIOFLEX-E100-2493,29.7,86.6,258.3,98.0,0.97,Instant E100 Cold-Start Ignition (<1.0s)
BIOFLEX-E100-2494,22.5,79.5,255.9,90.4,1.05,Instant E100 Cold-Start Ignition (<1.0s)
BIOFLEX-E100-2495,-2.2,52.9,220.1,61.9,1.72,Extended Rail Pre-Heating Cycle
BIOFLEX-E100-2496,29.1,79.4,256.5,92.9,0.9,Instant E100 Cold-Start Ignition (<1.0s)
BIOFLEX-E100-2497,8.9,60.7,242.6,66.7,1.62,Extended Rail Pre-Heating Cycle
BIOFLEX-E100-2498,-4.8,45.0,218.5,55.0,1.91,Extended Rail Pre-Heating Cycle
BIOFLEX-E100-2499,21.2,74.1,259.3,85.1,1.35,Instant E100 Cold-Start Ignition (<1.0s)
BIOFLEX-E100-2500,27.0,77.1,254.8,90.4,1.2,Instant E100 Cold-Start Ignition (<1.0s)
BIOFLEX-E100-2501,-2.5,50.7,219.6,56.4,1.74,Extended Rail Pre-Heating Cycle
BIOFLEX-E100-2502,8.1,71.7,249.4,82.8,1.24,Extended Rail Pre-Heating Cycle
BIOFLEX-E100-2503,2.1,60.9,231.4,68.6,1.53,Extended Rail Pre-Heating Cycle
BIOFLEX-E100-2504,22.3,86.2,259.9,99.1,1.07,Instant E100 Cold-Start Ignition (<1.0s)
BIOFLEX-E100-2505,-3.9,45.3,212.2,55.0,1.86,Extended Rail Pre-Heating Cycle
BIOFLEX-E100-2506,29.4,88.0,274.5,99.8,1.02,Instant E100 Cold-Start Ignition (<1.0s)
BIOFLEX-E100-2507,4.9,55.4,234.1,62.4,1.75,Extended Rail Pre-Heating Cycle
BIOFLEX-E100-2508,18.8,75.8,241.1,83.5,1.3,Extended Rail Pre-Heating Cycle
BIOFLEX-E100-2509,-1.4,50.9,225.1,55.9,2.0,Extended Rail Pre-Heating Cycle
BIOFLEX-E100-2510,24.6,76.4,259.0,90.4,1.19,Instant E100 Cold-Start Ignition (<1.0s)
BIOFLEX-E100-2511,1.6,54.5,228.8,62.6,1.64,Extended Rail Pre-Heating Cycle
BIOFLEX-E100-2512,6.7,65.2,246.8,78.7,1.53,Extended Rail Pre-Heating Cycle
BIOFLEX-E100-2513,-4.7,45.8,209.7,55.0,1.82,Extended Rail Pre-Heating Cycle
BIOFLEX-E100-2514,5.6,67.5,236.7,78.4,1.36,Extended Rail Pre-Heating Cycle
BIOFLEX-E100-2515,12.2,72.5,247.1,82.4,1.19,Extended Rail Pre-Heating Cycle
BIOFLEX-E100-2516,27.3,78.5,255.7,91.9,1.12,Instant E100 Cold-Start Ignition (<1.0s)
BIOFLEX-E100-2517,30.1,86.3,257.2,99.8,1.12,Instant E100 Cold-Start Ignition (<1.0s)
BIOFLEX-E100-2518,27.7,78.0,256.5,89.7,1.16,Instant E100 Cold-Start Ignition (<1.0s)
BIOFLEX-E100-2519,17.6,72.0,242.8,81.9,1.27,Extended Rail Pre-Heating Cycle
BIOFLEX-E100-2520,2.3,52.2,232.0,58.4,1.87,Extended Rail Pre-Heating Cycle
BIOFLEX-E100-2521,14.3,69.5,248.2,79.3,1.35,Extended Rail Pre-Heating Cycle
BIOFLEX-E100-2522,10.0,70.5,246.6,82.1,1.3,Extended Rail Pre-Heating Cycle
BIOFLEX-E100-2523,24.0,88.0,255.8,99.8,1.02,Instant E100 Cold-Start Ignition (<1.0s)
BIOFLEX-E100-2524,-2.5,49.9,221.9,57.6,1.93,Extended Rail Pre-Heating Cycle
BIOFLEX-E100-2525,22.4,72.3,253.7,82.6,1.22,Extended Rail Pre-Heating Cycle
BIOFLEX-E100-2526,11.2,62.1,237.1,71.2,1.45,Extended Rail Pre-Heating Cycle
BIOFLEX-E100-2527,26.1,85.5,256.5,99.6,1.0,Instant E100 Cold-Start Ignition (<1.0s)
BIOFLEX-E100-2528,31.5,79.2,257.2,94.1,1.15,Instant E100 Cold-Start Ignition (<1.0s)
BIOFLEX-E100-2529,-2.8,50.7,229.8,59.3,1.72,Extended Rail Pre-Heating Cycle
BIOFLEX-E100-2530,31.6,79.7,236.4,92.7,1.26,Instant E100 Cold-Start Ignition (<1.0s)
BIOFLEX-E100-2531,17.9,64.8,245.2,76.6,1.46,Extended Rail Pre-Heating Cycle
BIOFLEX-E100-2532,18.3,74.0,246.5,88.4,1.27,Instant E100 Cold-Start Ignition (<1.0s)
BIOFLEX-E100-2533,18.6,73.0,238.8,82.2,1.2,Extended Rail Pre-Heating Cycle
BIOFLEX-E100-2534,29.4,80.8,266.6,98.1,0.93,Instant E100 Cold-Start Ignition (<1.0s)
BIOFLEX-E100-2535,-0.1,48.1,214.1,55.4,1.79,Extended Rail Pre-Heating Cycle
BIOFLEX-E100-2536,11.8,62.9,240.6,71.3,1.75,Extended Rail Pre-Heating Cycle
BIOFLEX-E100-2537,22.0,78.5,260.6,92.8,1.23,Instant E100 Cold-Start Ignition (<1.0s)
BIOFLEX-E100-2538,1.7,62.4,237.5,76.5,1.36,Extended Rail Pre-Heating Cycle
BIOFLEX-E100-2539,0.6,60.0,227.5,69.5,1.54,Extended Rail Pre-Heating Cycle
BIOFLEX-E100-2540,16.8,64.0,229.9,72.1,1.54,Extended Rail Pre-Heating Cycle
BIOFLEX-E100-2541,25.1,82.4,249.1,95.6,1.2,Instant E100 Cold-Start Ignition (<1.0s)
BIOFLEX-E100-2542,17.5,63.8,232.4,72.8,1.56,Extended Rail Pre-Heating Cycle
BIOFLEX-E100-2543,1.0,52.0,216.3,55.1,1.81,Extended Rail Pre-Heating Cycle
BIOFLEX-E100-2544,26.5,85.6,274.0,99.8,0.98,Instant E100 Cold-Start Ignition (<1.0s)
BIOFLEX-E100-2545,3.2,58.6,237.0,64.6,1.68,Extended Rail Pre-Heating Cycle
BIOFLEX-E100-2546,21.3,77.2,246.1,92.1,1.1,Instant E100 Cold-Start Ignition (<1.0s)
BIOFLEX-E100-2547,-0.3,59.7,238.7,69.2,1.54,Extended Rail Pre-Heating Cycle
BIOFLEX-E100-2548,26.2,79.3,264.4,93.4,1.04,Instant E100 Cold-Start Ignition (<1.0s)
BIOFLEX-E100-2549,6.4,63.2,239.5,75.3,1.39,Extended Rail Pre-Heating Cycle
BIOFLEX-E100-2550,0.4,57.2,222.9,64.7,1.68,Extended Rail Pre-Heating Cycle
BIOFLEX-E100-2551,8.6,62.8,238.0,77.0,1.42,Extended Rail Pre-Heating Cycle
BIOFLEX-E100-2552,24.6,88.0,265.8,98.7,1.06,Instant E100 Cold-Start Ignition (<1.0s)
BIOFLEX-E100-2553,-3.5,54.5,214.7,62.3,1.72,Extended Rail Pre-Heating Cycle
BIOFLEX-E100-2554,6.3,61.8,251.6,73.3,1.51,Extended Rail Pre-Heating Cycle
BIOFLEX-E100-2555,14.5,78.2,262.3,88.6,1.2,Instant E100 Cold-Start Ignition (<1.0s)
BIOFLEX-E100-2556,1.5,55.8,229.0,64.3,1.58,Extended Rail Pre-Heating Cycle
BIOFLEX-E100-2557,9.8,68.3,229.7,77.3,1.41,Extended Rail Pre-Heating Cycle
BIOFLEX-E100-2558,11.0,56.2,230.7,64.7,1.89,Extended Rail Pre-Heating Cycle
BIOFLEX-E100-2559,21.6,75.0,244.9,86.9,1.07,Instant E100 Cold-Start Ignition (<1.0s)
BIOFLEX-E100-2560,14.5,70.9,242.3,79.6,1.31,Extended Rail Pre-Heating Cycle
BIOFLEX-E100-2561,19.1,66.3,250.6,76.1,1.29,Extended Rail Pre-Heating Cycle
BIOFLEX-E100-2562,-4.0,45.0,211.2,55.0,1.79,Extended Rail Pre-Heating Cycle
BIOFLEX-E100-2563,4.9,50.8,213.5,61.9,1.74,Extended Rail Pre-Heating Cycle
BIOFLEX-E100-2564,9.4,60.1,220.9,69.6,1.68,Extended Rail Pre-Heating Cycle
BIOFLEX-E100-2565,11.1,61.5,230.3,71.4,1.45,Extended Rail Pre-Heating Cycle
BIOFLEX-E100-2566,25.8,76.1,256.8,84.3,1.21,Extended Rail Pre-Heating Cycle
BIOFLEX-E100-2567,9.7,62.5,238.1,70.7,1.52,Extended Rail Pre-Heating Cycle
BIOFLEX-E100-2568,12.9,65.9,228.7,76.0,1.43,Extended Rail Pre-Heating Cycle
BIOFLEX-E100-2569,30.3,85.7,253.2,98.9,0.75,Instant E100 Cold-Start Ignition (<1.0s)
BIOFLEX-E100-2570,7.6,71.3,253.8,84.5,1.19,Extended Rail Pre-Heating Cycle
BIOFLEX-E100-2571,18.3,63.6,233.9,74.6,1.4,Extended Rail Pre-Heating Cycle
BIOFLEX-E100-2572,15.0,61.6,235.9,65.8,1.6,Extended Rail Pre-Heating Cycle
BIOFLEX-E100-2573,30.1,81.9,275.2,95.4,1.23,Instant E100 Cold-Start Ignition (<1.0s)
BIOFLEX-E100-2574,-3.7,56.9,236.2,63.3,1.68,Extended Rail Pre-Heating Cycle
BIOFLEX-E100-2575,29.1,79.8,240.5,93.9,1.15,Instant E100 Cold-Start Ignition (<1.0s)
BIOFLEX-E100-2576,-3.4,47.4,217.1,55.0,1.77,Extended Rail Pre-Heating Cycle
BIOFLEX-E100-2577,1.2,57.5,224.3,64.5,1.63,Extended Rail Pre-Heating Cycle
BIOFLEX-E100-2578,-4.0,48.0,211.5,55.0,1.84,Extended Rail Pre-Heating Cycle
BIOFLEX-E100-2579,22.7,70.8,241.5,79.3,1.39,Extended Rail Pre-Heating Cycle
BIOFLEX-E100-2580,29.4,86.5,264.1,98.9,1.12,Instant E100 Cold-Start Ignition (<1.0s)
BIOFLEX-E100-2581,22.7,78.8,261.7,90.5,1.07,Instant E100 Cold-Start Ignition (<1.0s)
BIOFLEX-E100-2582,29.4,88.0,274.7,99.8,1.13,Instant E100 Cold-Start Ignition (<1.0s)
BIOFLEX-E100-2583,29.9,85.1,257.2,99.5,1.0,Instant E100 Cold-Start Ignition (<1.0s)
BIOFLEX-E100-2584,25.0,84.9,270.2,95.5,1.17,Instant E100 Cold-Start Ignition (<1.0s)
BIOFLEX-E100-2585,-1.9,57.9,225.2,67.3,1.47,Extended Rail Pre-Heating Cycle
BIOFLEX-E100-2586,21.8,72.7,243.4,80.7,1.39,Extended Rail Pre-Heating Cycle
BIOFLEX-E100-2587,13.0,75.1,260.3,86.6,1.26,Instant E100 Cold-Start Ignition (<1.0s)
BIOFLEX-E100-2588,-3.1,45.0,207.1,55.0,1.73,Extended Rail Pre-Heating Cycle
BIOFLEX-E100-2589,10.4,74.7,259.7,86.7,1.03,Instant E100 Cold-Start Ignition (<1.0s)
BIOFLEX-E100-2590,-0.5,64.1,232.3,71.7,1.38,Extended Rail Pre-Heating Cycle
BIOFLEX-E100-2591,0.2,47.9,202.8,55.0,1.7,Extended Rail Pre-Heating Cycle
BIOFLEX-E100-2592,20.9,66.0,228.4,75.3,1.54,Extended Rail Pre-Heating Cycle
BIOFLEX-E100-2593,17.6,73.6,230.2,82.8,1.36,Extended Rail Pre-Heating Cycle
BIOFLEX-E100-2594,18.8,64.1,236.2,74.7,1.49,Extended Rail Pre-Heating Cycle
BIOFLEX-E100-2595,18.8,81.9,265.3,95.8,0.97,Instant E100 Cold-Start Ignition (<1.0s)
BIOFLEX-E100-2596,5.3,65.1,237.6,72.8,1.61,Extended Rail Pre-Heating Cycle
BIOFLEX-E100-2597,7.3,72.1,248.4,86.1,1.17,Instant E100 Cold-Start Ignition (<1.0s)
BIOFLEX-E100-2598,7.3,55.9,220.9,65.8,1.61,Extended Rail Pre-Heating Cycle
BIOFLEX-E100-2599,18.1,82.4,258.5,94.7,1.26,Instant E100 Cold-Start Ignition (<1.0s)
BIOFLEX-E100-2600,9.3,64.6,239.4,73.6,1.4,Extended Rail Pre-Heating Cycle
BIOFLEX-E100-2601,30.1,76.4,248.1,91.6,1.06,Instant E100 Cold-Start Ignition (<1.0s)
BIOFLEX-E100-2602,31.3,88.0,269.0,99.3,0.92,Instant E100 Cold-Start Ignition (<1.0s)
BIOFLEX-E100-2603,-3.4,61.3,233.2,69.7,1.66,Extended Rail Pre-Heating Cycle
BIOFLEX-E100-2604,18.5,77.2,270.1,91.2,0.99,Instant E100 Cold-Start Ignition (<1.0s)
BIOFLEX-E100-2605,22.8,77.1,256.6,93.7,1.0,Instant E100 Cold-Start Ignition (<1.0s)
BIOFLEX-E100-2606,14.2,76.4,250.9,88.9,1.18,Instant E100 Cold-Start Ignition (<1.0s)
BIOFLEX-E100-2607,3.5,59.1,224.3,69.3,1.46,Extended Rail Pre-Heating Cycle
BIOFLEX-E100-2608,17.6,74.6,243.2,90.8,1.04,Instant E100 Cold-Start Ignition (<1.0s)
BIOFLEX-E100-2609,22.0,86.6,276.6,98.3,0.9,Instant E100 Cold-Start Ignition (<1.0s)
BIOFLEX-E100-2610,0.1,55.4,226.1,63.6,1.63,Extended Rail Pre-Heating Cycle
BIOFLEX-E100-2611,18.5,77.3,250.8,89.2,1.16,Instant E100 Cold-Start Ignition (<1.0s)
BIOFLEX-E100-2612,8.1,70.3,244.7,82.8,1.39,Extended Rail Pre-Heating Cycle
BIOFLEX-E100-2613,19.9,72.3,241.4,85.9,1.14,Instant E100 Cold-Start Ignition (<1.0s)
BIOFLEX-E100-2614,31.8,86.5,264.7,99.8,0.86,Instant E100 Cold-Start Ignition (<1.0s)
BIOFLEX-E100-2615,4.4,68.1,253.3,78.2,1.38,Extended Rail Pre-Heating Cycle
BIOFLEX-E100-2616,30.8,88.0,270.7,99.8,0.96,Instant E100 Cold-Start Ignition (<1.0s)
BIOFLEX-E100-2617,15.0,60.4,221.8,67.8,1.59,Extended Rail Pre-Heating Cycle
BIOFLEX-E100-2618,2.0,65.3,241.4,76.5,1.55,Extended Rail Pre-Heating Cycle
BIOFLEX-E100-2619,-2.0,53.6,223.1,64.7,1.61,Extended Rail Pre-Heating Cycle
BIOFLEX-E100-2620,-3.0,57.7,223.9,65.1,1.68,Extended Rail Pre-Heating Cycle
BIOFLEX-E100-2621,30.4,76.1,253.8,90.5,1.04,Instant E100 Cold-Start Ignition (<1.0s)
BIOFLEX-E100-2622,5.1,55.5,226.3,64.6,1.58,Extended Rail Pre-Heating Cycle
BIOFLEX-E100-2623,29.4,83.7,246.4,99.7,0.84,Instant E100 Cold-Start Ignition (<1.0s)
BIOFLEX-E100-2624,25.8,83.7,269.0,96.0,1.18,Instant E100 Cold-Start Ignition (<1.0s)
BIOFLEX-E100-2625,8.9,72.6,244.8,84.5,1.23,Extended Rail Pre-Heating Cycle
BIOFLEX-E100-2626,25.6,82.2,272.4,93.0,1.0,Instant E100 Cold-Start Ignition (<1.0s)
BIOFLEX-E100-2627,11.5,76.3,250.4,90.2,1.12,Instant E100 Cold-Start Ignition (<1.0s)
BIOFLEX-E100-2628,3.8,49.6,221.6,55.7,1.93,Extended Rail Pre-Heating Cycle
BIOFLEX-E100-2629,1.7,49.1,205.0,58.6,1.54,Extended Rail Pre-Heating Cycle
BIOFLEX-E100-2630,2.4,60.3,237.9,69.1,1.57,Extended Rail Pre-Heating Cycle
BIOFLEX-E100-2631,28.0,83.6,266.7,97.6,1.04,Instant E100 Cold-Start Ignition (<1.0s)
BIOFLEX-E100-2632,-0.8,54.4,220.0,65.7,1.66,Extended Rail Pre-Heating Cycle
BIOFLEX-E100-2633,12.7,71.7,249.2,81.7,1.34,Extended Rail Pre-Heating Cycle
BIOFLEX-E100-2634,9.9,68.6,242.2,80.1,1.41,Extended Rail Pre-Heating Cycle
BIOFLEX-E100-2635,30.4,75.8,251.6,87.8,1.06,Instant E100 Cold-Start Ignition (<1.0s)
BIOFLEX-E100-2636,2.6,49.2,201.5,55.6,1.76,Extended Rail Pre-Heating Cycle
BIOFLEX-E100-2637,14.8,69.9,246.1,79.9,1.43,Extended Rail Pre-Heating Cycle
BIOFLEX-E100-2638,-0.8,52.8,225.2,63.4,1.73,Extended Rail Pre-Heating Cycle
BIOFLEX-E100-2639,3.6,55.2,234.0,63.9,1.71,Extended Rail Pre-Heating Cycle
BIOFLEX-E100-2640,20.6,76.8,249.1,88.6,1.06,Instant E100 Cold-Start Ignition (<1.0s)
BIOFLEX-E100-2641,11.5,76.2,253.0,84.1,1.35,Extended Rail Pre-Heating Cycle
BIOFLEX-E100-2642,1.5,53.3,205.2,59.1,1.8,Extended Rail Pre-Heating Cycle
BIOFLEX-E100-2643,31.3,88.0,272.9,99.8,1.08,Instant E100 Cold-Start Ignition (<1.0s)
BIOFLEX-E100-2644,30.9,88.0,269.3,99.8,0.93,Instant E100 Cold-Start Ignition (<1.0s)
BIOFLEX-E100-2645,18.8,67.9,238.6,81.8,1.23,Extended Rail Pre-Heating Cycle
BIOFLEX-E100-2646,18.2,80.5,258.9,92.7,1.28,Instant E100 Cold-Start Ignition (<1.0s)
BIOFLEX-E100-2647,2.1,55.3,241.8,67.2,1.67,Extended Rail Pre-Heating Cycle
BIOFLEX-E100-2648,0.9,56.9,219.0,63.9,1.66,Extended Rail Pre-Heating Cycle
BIOFLEX-E100-2649,-2.6,50.8,224.4,61.1,1.72,Extended Rail Pre-Heating Cycle
BIOFLEX-E100-2650,7.4,55.0,229.4,62.8,1.64,Extended Rail Pre-Heating Cycle
BIOFLEX-E100-2651,2.1,58.7,228.6,65.2,1.87,Extended Rail Pre-Heating Cycle
BIOFLEX-E100-2652,5.3,55.8,223.5,63.3,1.7,Extended Rail Pre-Heating Cycle
BIOFLEX-E100-2653,24.4,71.1,253.9,84.3,1.36,Extended Rail Pre-Heating Cycle
BIOFLEX-E100-2654,12.2,69.4,229.3,80.1,1.34,Extended Rail Pre-Heating Cycle
BIOFLEX-E100-2655,1.2,63.5,231.4,74.9,1.37,Extended Rail Pre-Heating Cycle
BIOFLEX-E100-2656,7.4,71.8,245.8,84.0,1.44,Extended Rail Pre-Heating Cycle
BIOFLEX-E100-2657,15.3,68.2,255.6,76.8,1.23,Extended Rail Pre-Heating Cycle
BIOFLEX-E100-2658,27.5,75.0,254.2,87.6,1.18,Instant E100 Cold-Start Ignition (<1.0s)
BIOFLEX-E100-2659,2.2,56.8,226.8,68.5,1.66,Extended Rail Pre-Heating Cycle
BIOFLEX-E100-2660,0.5,57.5,223.6,69.0,1.65,Extended Rail Pre-Heating Cycle
BIOFLEX-E100-2661,30.5,88.0,257.1,99.8,1.06,Instant E100 Cold-Start Ignition (<1.0s)
BIOFLEX-E100-2662,14.0,71.5,244.9,80.9,1.43,Extended Rail Pre-Heating Cycle
BIOFLEX-E100-2663,13.9,69.6,250.1,81.8,1.24,Extended Rail Pre-Heating Cycle
BIOFLEX-E100-2664,26.4,88.0,279.7,99.8,1.07,Instant E100 Cold-Start Ignition (<1.0s)
BIOFLEX-E100-2665,30.8,85.3,279.5,99.8,1.04,Instant E100 Cold-Start Ignition (<1.0s)
BIOFLEX-E100-2666,22.3,86.7,263.8,99.8,1.03,Instant E100 Cold-Start Ignition (<1.0s)
BIOFLEX-E100-2667,6.6,59.0,225.5,67.8,1.59,Extended Rail Pre-Heating Cycle
BIOFLEX-E100-2668,12.9,58.9,225.8,72.5,1.56,Extended Rail Pre-Heating Cycle
BIOFLEX-E100-2669,29.2,87.1,272.6,99.8,1.15,Instant E100 Cold-Start Ignition (<1.0s)
BIOFLEX-E100-2670,20.8,85.6,258.4,97.3,0.9,Instant E100 Cold-Start Ignition (<1.0s)
BIOFLEX-E100-2671,6.5,55.8,230.1,63.5,1.59,Extended Rail Pre-Heating Cycle
BIOFLEX-E100-2672,-2.1,62.7,232.3,72.9,1.48,Extended Rail Pre-Heating Cycle
BIOFLEX-E100-2673,2.2,52.9,207.1,61.9,1.81,Extended Rail Pre-Heating Cycle
BIOFLEX-E100-2674,13.6,65.6,246.2,74.7,1.24,Extended Rail Pre-Heating Cycle
BIOFLEX-E100-2675,29.8,85.6,265.3,99.8,0.92,Instant E100 Cold-Start Ignition (<1.0s)
BIOFLEX-E100-2676,-1.9,50.2,223.7,55.0,1.91,Extended Rail Pre-Heating Cycle
BIOFLEX-E100-2677,-1.2,60.3,229.5,69.5,1.7,Extended Rail Pre-Heating Cycle
BIOFLEX-E100-2678,6.5,59.2,224.7,65.0,1.9,Extended Rail Pre-Heating Cycle
BIOFLEX-E100-2679,-3.1,58.4,213.0,66.9,1.65,Extended Rail Pre-Heating Cycle
BIOFLEX-E100-2680,5.5,61.5,237.5,67.2,1.54,Extended Rail Pre-Heating Cycle
BIOFLEX-E100-2681,-3.7,48.3,217.9,58.0,1.75,Extended Rail Pre-Heating Cycle
BIOFLEX-E100-2682,4.4,63.9,239.1,73.9,1.34,Extended Rail Pre-Heating Cycle
BIOFLEX-E100-2683,9.9,74.1,250.1,87.4,1.22,Instant E100 Cold-Start Ignition (<1.0s)
BIOFLEX-E100-2684,18.8,68.0,237.9,77.2,1.46,Extended Rail Pre-Heating Cycle
BIOFLEX-E100-2685,-4.3,46.0,209.3,55.0,1.87,Extended Rail Pre-Heating Cycle
BIOFLEX-E100-2686,3.9,65.2,243.4,75.4,1.47,Extended Rail Pre-Heating Cycle
BIOFLEX-E100-2687,-0.7,46.5,214.1,55.0,1.85,Extended Rail Pre-Heating Cycle
BIOFLEX-E100-2688,13.3,58.7,235.5,68.0,1.72,Extended Rail Pre-Heating Cycle
BIOFLEX-E100-2689,17.8,77.9,265.2,89.8,1.24,Instant E100 Cold-Start Ignition (<1.0s)
BIOFLEX-E100-2690,4.8,62.3,242.8,71.1,1.42,Extended Rail Pre-Heating Cycle
BIOFLEX-E100-2691,27.6,80.9,233.9,92.6,1.18,Instant E100 Cold-Start Ignition (<1.0s)
BIOFLEX-E100-2692,29.9,84.8,266.9,94.8,1.14,Instant E100 Cold-Start Ignition (<1.0s)
BIOFLEX-E100-2693,13.0,63.2,238.3,74.2,1.53,Extended Rail Pre-Heating Cycle
BIOFLEX-E100-2694,25.3,72.6,254.2,86.1,1.37,Instant E100 Cold-Start Ignition (<1.0s)
BIOFLEX-E100-2695,6.5,60.2,234.7,69.2,1.41,Extended Rail Pre-Heating Cycle
BIOFLEX-E100-2696,3.7,66.6,250.1,78.5,1.35,Extended Rail Pre-Heating Cycle
BIOFLEX-E100-2697,20.9,78.4,243.5,88.5,1.06,Instant E100 Cold-Start Ignition (<1.0s)
BIOFLEX-E100-2698,17.3,66.3,231.3,75.9,1.54,Extended Rail Pre-Heating Cycle
BIOFLEX-E100-2699,5.6,60.5,239.8,70.6,1.4,Extended Rail Pre-Heating Cycle
BIOFLEX-E100-2700,17.2,68.1,246.2,78.7,1.3,Extended Rail Pre-Heating Cycle
BIOFLEX-E100-2701,11.8,72.0,238.1,80.9,1.28,Extended Rail Pre-Heating Cycle
BIOFLEX-E100-2702,17.6,68.3,246.5,78.0,1.38,Extended Rail Pre-Heating Cycle
BIOFLEX-E100-2703,1.8,63.4,226.4,73.0,1.57,Extended Rail Pre-Heating Cycle
BIOFLEX-E100-2704,24.1,82.5,268.7,99.4,1.15,Instant E100 Cold-Start Ignition (<1.0s)
BIOFLEX-E100-2705,27.1,88.0,273.7,98.4,1.0,Instant E100 Cold-Start Ignition (<1.0s)
BIOFLEX-E100-2706,4.4,49.9,199.4,55.0,1.86,Extended Rail Pre-Heating Cycle
BIOFLEX-E100-2707,0.1,50.5,229.6,57.6,1.74,Extended Rail Pre-Heating Cycle
BIOFLEX-E100-2708,29.0,75.2,247.5,88.0,1.16,Instant E100 Cold-Start Ignition (<1.0s)
BIOFLEX-E100-2709,10.5,64.8,236.4,76.4,1.55,Extended Rail Pre-Heating Cycle
BIOFLEX-E100-2710,13.7,60.3,240.4,68.9,1.48,Extended Rail Pre-Heating Cycle
BIOFLEX-E100-2711,11.6,71.1,233.3,82.1,1.43,Extended Rail Pre-Heating Cycle
BIOFLEX-E100-2712,23.9,87.0,261.9,99.8,0.99,Instant E100 Cold-Start Ignition (<1.0s)
BIOFLEX-E100-2713,6.6,65.7,244.9,77.3,1.43,Extended Rail Pre-Heating Cycle
BIOFLEX-E100-2714,1.9,56.3,234.1,66.6,1.83,Extended Rail Pre-Heating Cycle
BIOFLEX-E100-2715,20.4,77.0,255.1,88.1,1.19,Instant E100 Cold-Start Ignition (<1.0s)
BIOFLEX-E100-2716,17.0,62.6,235.5,73.6,1.35,Extended Rail Pre-Heating Cycle
BIOFLEX-E100-2717,23.1,81.2,265.1,93.8,1.05,Instant E100 Cold-Start Ignition (<1.0s)
BIOFLEX-E100-2718,17.0,64.6,247.9,72.7,1.25,Extended Rail Pre-Heating Cycle
BIOFLEX-E100-2719,20.9,83.9,278.8,99.1,1.01,Instant E100 Cold-Start Ignition (<1.0s)
BIOFLEX-E100-2720,17.0,76.5,259.4,92.7,1.14,Instant E100 Cold-Start Ignition (<1.0s)
BIOFLEX-E100-2721,13.5,65.3,225.5,75.1,1.49,Extended Rail Pre-Heating Cycle
BIOFLEX-E100-2722,17.8,72.4,253.4,80.9,1.37,Extended Rail Pre-Heating Cycle
BIOFLEX-E100-2723,-0.9,61.7,243.7,73.0,1.62,Extended Rail Pre-Heating Cycle
BIOFLEX-E100-2724,10.1,70.8,274.1,83.2,1.36,Extended Rail Pre-Heating Cycle
BIOFLEX-E100-2725,20.5,81.6,249.8,97.1,0.87,Instant E100 Cold-Start Ignition (<1.0s)
BIOFLEX-E100-2726,30.3,76.2,256.3,86.2,1.26,Instant E100 Cold-Start Ignition (<1.0s)
BIOFLEX-E100-2727,-2.9,57.6,217.8,66.7,1.58,Extended Rail Pre-Heating Cycle
BIOFLEX-E100-2728,0.9,53.6,232.9,63.0,1.67,Extended Rail Pre-Heating Cycle
BIOFLEX-E100-2729,12.4,60.0,215.5,70.2,1.36,Extended Rail Pre-Heating Cycle
BIOFLEX-E100-2730,10.3,68.7,232.0,82.2,1.2,Extended Rail Pre-Heating Cycle
BIOFLEX-E100-2731,25.0,84.1,248.9,99.5,1.14,Instant E100 Cold-Start Ignition (<1.0s)
BIOFLEX-E100-2732,21.1,71.6,229.5,85.4,1.39,Instant E100 Cold-Start Ignition (<1.0s)
BIOFLEX-E100-2733,9.1,59.0,234.9,70.5,1.55,Extended Rail Pre-Heating Cycle
BIOFLEX-E100-2734,12.6,68.6,249.9,74.5,1.3,Extended Rail Pre-Heating Cycle
BIOFLEX-E100-2735,31.3,88.0,286.0,99.8,1.02,Instant E100 Cold-Start Ignition (<1.0s)
BIOFLEX-E100-2736,3.3,66.3,238.7,75.3,1.36,Extended Rail Pre-Heating Cycle
BIOFLEX-E100-2737,8.8,71.4,246.6,81.8,1.46,Extended Rail Pre-Heating Cycle
BIOFLEX-E100-2738,15.3,73.3,249.6,84.7,1.11,Extended Rail Pre-Heating Cycle
BIOFLEX-E100-2739,18.5,83.4,256.3,96.5,1.06,Instant E100 Cold-Start Ignition (<1.0s)
BIOFLEX-E100-2740,-4.9,45.0,209.7,55.0,1.91,Extended Rail Pre-Heating Cycle
BIOFLEX-E100-2741,2.9,61.4,229.4,69.0,1.45,Extended Rail Pre-Heating Cycle
BIOFLEX-E100-2742,12.9,62.7,247.5,75.6,1.39,Extended Rail Pre-Heating Cycle
BIOFLEX-E100-2743,2.2,66.6,242.8,77.7,1.47,Extended Rail Pre-Heating Cycle
BIOFLEX-E100-2744,12.1,71.1,240.8,80.6,1.46,Extended Rail Pre-Heating Cycle
BIOFLEX-E100-2745,10.5,61.7,243.6,68.9,1.59,Extended Rail Pre-Heating Cycle
BIOFLEX-E100-2746,3.6,51.8,218.8,63.3,1.72,Extended Rail Pre-Heating Cycle
BIOFLEX-E100-2747,21.5,84.1,274.9,95.3,1.07,Instant E100 Cold-Start Ignition (<1.0s)
BIOFLEX-E100-2748,3.3,57.3,222.3,65.5,1.56,Extended Rail Pre-Heating Cycle
BIOFLEX-E100-2749,8.2,72.2,251.7,83.2,1.43,Extended Rail Pre-Heating Cycle
BIOFLEX-E100-2750,1.3,47.4,225.5,56.2,1.74,Extended Rail Pre-Heating Cycle
BIOFLEX-E100-2751,10.5,66.6,238.4,74.7,1.44,Extended Rail Pre-Heating Cycle
BIOFLEX-E100-2752,-0.2,50.9,212.3,59.4,1.74,Extended Rail Pre-Heating Cycle
BIOFLEX-E100-2753,-2.8,48.7,211.7,59.7,1.77,Extended Rail Pre-Heating Cycle
BIOFLEX-E100-2754,-3.6,46.8,226.5,55.0,1.78,Extended Rail Pre-Heating Cycle
BIOFLEX-E100-2755,18.0,81.5,271.7,96.1,1.13,Instant E100 Cold-Start Ignition (<1.0s)
BIOFLEX-E100-2756,4.2,49.5,219.4,55.3,1.61,Extended Rail Pre-Heating Cycle
BIOFLEX-E100-2757,11.3,73.1,255.9,86.6,1.33,Instant E100 Cold-Start Ignition (<1.0s)
BIOFLEX-E100-2758,-2.5,51.1,218.6,57.1,1.87,Extended Rail Pre-Heating Cycle
BIOFLEX-E100-2759,18.0,69.6,232.3,81.4,1.32,Extended Rail Pre-Heating Cycle
BIOFLEX-E100-2760,-3.5,45.5,204.3,55.0,1.83,Extended Rail Pre-Heating Cycle
BIOFLEX-E100-2761,26.1,88.0,275.1,99.8,0.92,Instant E100 Cold-Start Ignition (<1.0s)
BIOFLEX-E100-2762,15.6,65.9,235.5,73.7,1.51,Extended Rail Pre-Heating Cycle
BIOFLEX-E100-2763,24.7,77.7,253.4,88.8,1.19,Instant E100 Cold-Start Ignition (<1.0s)
BIOFLEX-E100-2764,28.5,81.7,264.4,95.3,1.03,Instant E100 Cold-Start Ignition (<1.0s)
BIOFLEX-E100-2765,3.2,67.1,237.3,80.4,1.4,Extended Rail Pre-Heating Cycle
BIOFLEX-E100-2766,10.9,62.8,233.2,72.7,1.71,Extended Rail Pre-Heating Cycle
BIOFLEX-E100-2767,11.9,64.0,222.4,76.8,1.36,Extended Rail Pre-Heating Cycle
BIOFLEX-E100-2768,8.5,54.5,228.8,60.6,1.66,Extended Rail Pre-Heating Cycle
BIOFLEX-E100-2769,2.3,60.1,225.3,70.1,1.56,Extended Rail Pre-Heating Cycle
BIOFLEX-E100-2770,4.3,67.7,240.9,77.4,1.45,Extended Rail Pre-Heating Cycle
BIOFLEX-E100-2771,8.4,63.9,244.5,73.8,1.59,Extended Rail Pre-Heating Cycle
BIOFLEX-E100-2772,28.5,83.3,261.3,98.7,1.01,Instant E100 Cold-Start Ignition (<1.0s)
BIOFLEX-E100-2773,13.9,73.9,242.9,84.6,1.26,Extended Rail Pre-Heating Cycle
BIOFLEX-E100-2774,10.1,74.8,251.2,86.7,1.28,Instant E100 Cold-Start Ignition (<1.0s)
BIOFLEX-E100-2775,20.5,69.1,231.9,81.5,1.26,Extended Rail Pre-Heating Cycle
BIOFLEX-E100-2776,12.9,61.7,235.5,74.1,1.46,Extended Rail Pre-Heating Cycle
BIOFLEX-E100-2777,5.9,70.2,252.3,81.3,1.32,Extended Rail Pre-Heating Cycle
BIOFLEX-E100-2778,-0.8,58.2,229.0,65.1,1.38,Extended Rail Pre-Heating Cycle
BIOFLEX-E100-2779,18.7,81.4,253.2,92.5,1.06,Instant E100 Cold-Start Ignition (<1.0s)
BIOFLEX-E100-2780,16.3,78.2,253.1,91.8,1.05,Instant E100 Cold-Start Ignition (<1.0s)
BIOFLEX-E100-2781,14.9,75.7,244.1,89.9,1.42,Instant E100 Cold-Start Ignition (<1.0s)
BIOFLEX-E100-2782,15.7,64.6,242.9,71.7,1.6,Extended Rail Pre-Heating Cycle
BIOFLEX-E100-2783,8.5,55.7,222.6,61.4,1.7,Extended Rail Pre-Heating Cycle
BIOFLEX-E100-2784,-3.7,55.3,232.9,59.0,1.6,Extended Rail Pre-Heating Cycle
BIOFLEX-E100-2785,26.5,88.0,273.8,99.8,1.11,Instant E100 Cold-Start Ignition (<1.0s)
BIOFLEX-E100-2786,7.7,59.5,225.9,65.0,1.57,Extended Rail Pre-Heating Cycle
BIOFLEX-E100-2787,10.7,73.7,252.4,84.5,1.2,Extended Rail Pre-Heating Cycle
BIOFLEX-E100-2788,24.7,81.3,266.0,92.3,1.05,Instant E100 Cold-Start Ignition (<1.0s)
BIOFLEX-E100-2789,27.5,88.0,268.0,99.8,1.11,Instant E100 Cold-Start Ignition (<1.0s)
BIOFLEX-E100-2790,12.8,77.5,263.2,83.9,1.25,Extended Rail Pre-Heating Cycle
BIOFLEX-E100-2791,26.8,85.1,259.7,99.8,1.11,Instant E100 Cold-Start Ignition (<1.0s)
BIOFLEX-E100-2792,28.3,75.3,241.2,85.7,1.35,Instant E100 Cold-Start Ignition (<1.0s)
BIOFLEX-E100-2793,7.0,59.3,231.9,68.2,1.63,Extended Rail Pre-Heating Cycle
BIOFLEX-E100-2794,5.9,60.9,229.6,70.4,1.44,Extended Rail Pre-Heating Cycle
BIOFLEX-E100-2795,-2.8,60.1,227.3,69.1,1.55,Extended Rail Pre-Heating Cycle
BIOFLEX-E100-2796,18.2,67.3,232.8,78.3,1.29,Extended Rail Pre-Heating Cycle
BIOFLEX-E100-2797,14.2,78.7,267.8,90.4,1.14,Instant E100 Cold-Start Ignition (<1.0s)
BIOFLEX-E100-2798,27.5,84.6,275.2,99.0,1.15,Instant E100 Cold-Start Ignition (<1.0s)
BIOFLEX-E100-2799,17.8,72.3,243.5,81.7,1.33,Extended Rail Pre-Heating Cycle
BIOFLEX-E100-2800,29.6,74.9,249.8,86.0,1.38,Instant E100 Cold-Start Ignition (<1.0s)
BIOFLEX-E100-2801,11.8,60.5,237.1,68.9,1.63,Extended Rail Pre-Heating Cycle
BIOFLEX-E100-2802,-0.4,56.0,210.0,66.7,1.39,Extended Rail Pre-Heating Cycle
BIOFLEX-E100-2803,4.5,67.5,242.4,80.0,1.17,Extended Rail Pre-Heating Cycle
BIOFLEX-E100-2804,12.2,74.1,248.3,84.6,1.45,Extended Rail Pre-Heating Cycle
BIOFLEX-E100-2805,8.5,57.4,237.2,66.9,1.51,Extended Rail Pre-Heating Cycle
BIOFLEX-E100-2806,5.4,60.1,239.7,70.4,1.48,Extended Rail Pre-Heating Cycle
BIOFLEX-E100-2807,17.2,76.0,246.7,87.2,1.13,Instant E100 Cold-Start Ignition (<1.0s)
BIOFLEX-E100-2808,5.8,58.6,217.9,68.3,1.54,Extended Rail Pre-Heating Cycle
BIOFLEX-E100-2809,26.1,75.8,261.0,85.3,1.32,Instant E100 Cold-Start Ignition (<1.0s)
BIOFLEX-E100-2810,-1.7,60.2,238.4,67.9,1.82,Extended Rail Pre-Heating Cycle
BIOFLEX-E100-2811,15.3,63.2,228.1,74.5,1.35,Extended Rail Pre-Heating Cycle
BIOFLEX-E100-2812,17.6,69.4,236.9,79.9,1.45,Extended Rail Pre-Heating Cycle
BIOFLEX-E100-2813,8.9,68.8,242.7,79.4,1.46,Extended Rail Pre-Heating Cycle
BIOFLEX-E100-2814,27.8,88.0,270.9,99.8,1.12,Instant E100 Cold-Start Ignition (<1.0s)
BIOFLEX-E100-2815,20.5,66.4,255.5,75.1,1.46,Extended Rail Pre-Heating Cycle
BIOFLEX-E100-2816,18.1,75.9,246.9,86.2,1.15,Instant E100 Cold-Start Ignition (<1.0s)
BIOFLEX-E100-2817,-2.6,57.1,223.7,65.6,1.68,Extended Rail Pre-Heating Cycle
BIOFLEX-E100-2818,-3.4,51.0,221.6,58.2,1.77,Extended Rail Pre-Heating Cycle
BIOFLEX-E100-2819,26.3,86.4,249.9,99.8,0.93,Instant E100 Cold-Start Ignition (<1.0s)
BIOFLEX-E100-2820,27.7,78.9,250.7,92.0,1.1,Instant E100 Cold-Start Ignition (<1.0s)
BIOFLEX-E100-2821,27.8,86.0,260.6,99.8,0.9,Instant E100 Cold-Start Ignition (<1.0s)
BIOFLEX-E100-2822,14.1,74.8,243.4,85.8,1.32,Instant E100 Cold-Start Ignition (<1.0s)
BIOFLEX-E100-2823,3.7,60.6,229.9,70.2,1.62,Extended Rail Pre-Heating Cycle
BIOFLEX-E100-2824,-2.0,60.4,243.0,69.6,1.67,Extended Rail Pre-Heating Cycle
BIOFLEX-E100-2825,16.5,74.5,246.4,85.9,1.28,Instant E100 Cold-Start Ignition (<1.0s)
BIOFLEX-E100-2826,9.2,64.5,236.7,73.6,1.39,Extended Rail Pre-Heating Cycle
BIOFLEX-E100-2827,2.7,51.8,227.8,63.0,1.57,Extended Rail Pre-Heating Cycle
BIOFLEX-E100-2828,-1.7,59.8,212.7,70.3,1.44,Extended Rail Pre-Heating Cycle
BIOFLEX-E100-2829,3.8,66.9,247.3,76.0,1.45,Extended Rail Pre-Heating Cycle
BIOFLEX-E100-2830,3.7,60.0,243.6,67.0,1.64,Extended Rail Pre-Heating Cycle
BIOFLEX-E100-2831,1.5,55.8,225.0,63.9,1.61,Extended Rail Pre-Heating Cycle
BIOFLEX-E100-2832,20.1,78.3,258.9,84.9,1.46,Extended Rail Pre-Heating Cycle
BIOFLEX-E100-2833,11.5,59.3,242.5,67.3,1.57,Extended Rail Pre-Heating Cycle
BIOFLEX-E100-2834,15.5,61.9,228.4,70.1,1.6,Extended Rail Pre-Heating Cycle
BIOFLEX-E100-2835,5.5,67.3,251.6,76.0,1.57,Extended Rail Pre-Heating Cycle
BIOFLEX-E100-2836,27.6,84.9,280.8,98.7,0.82,Instant E100 Cold-Start Ignition (<1.0s)
BIOFLEX-E100-2837,14.8,62.2,223.9,71.4,1.59,Extended Rail Pre-Heating Cycle
BIOFLEX-E100-2838,20.4,77.7,241.5,84.4,1.25,Extended Rail Pre-Heating Cycle
BIOFLEX-E100-2839,-1.8,45.9,199.1,55.0,1.85,Extended Rail Pre-Heating Cycle
BIOFLEX-E100-2840,14.3,69.4,243.4,75.3,1.45,Extended Rail Pre-Heating Cycle
BIOFLEX-E100-2841,24.7,80.9,246.3,96.6,1.11,Instant E100 Cold-Start Ignition (<1.0s)
BIOFLEX-E100-2842,17.2,64.7,231.8,75.6,1.47,Extended Rail Pre-Heating Cycle
BIOFLEX-E100-2843,12.1,58.0,236.5,68.2,1.63,Extended Rail Pre-Heating Cycle
BIOFLEX-E100-2844,28.1,75.0,234.8,84.3,1.25,Extended Rail Pre-Heating Cycle
BIOFLEX-E100-2845,22.6,68.7,239.7,82.0,1.39,Extended Rail Pre-Heating Cycle
BIOFLEX-E100-2846,22.0,70.1,243.2,81.7,1.35,Extended Rail Pre-Heating Cycle
BIOFLEX-E100-2847,25.3,81.8,246.5,94.9,1.06,Instant E100 Cold-Start Ignition (<1.0s)
BIOFLEX-E100-2848,23.2,81.2,236.9,96.2,1.15,Instant E100 Cold-Start Ignition (<1.0s)
BIOFLEX-E100-2849,5.0,65.6,228.4,78.9,1.28,Extended Rail Pre-Heating Cycle
BIOFLEX-E100-2850,16.8,66.4,245.6,75.1,1.49,Extended Rail Pre-Heating Cycle
BIOFLEX-E100-2851,15.2,73.6,257.1,83.5,1.29,Extended Rail Pre-Heating Cycle
BIOFLEX-E100-2852,23.2,68.3,256.9,78.7,1.3,Extended Rail Pre-Heating Cycle
BIOFLEX-E100-2853,7.7,64.6,229.1,73.9,1.38,Extended Rail Pre-Heating Cycle
BIOFLEX-E100-2854,25.4,75.2,251.8,83.8,1.2,Extended Rail Pre-Heating Cycle
BIOFLEX-E100-2855,10.0,71.2,239.4,81.9,1.25,Extended Rail Pre-Heating Cycle
BIOFLEX-E100-2856,17.7,62.7,241.8,70.8,1.4,Extended Rail Pre-Heating Cycle
BIOFLEX-E100-2857,10.5,58.3,222.6,68.7,1.65,Extended Rail Pre-Heating Cycle
BIOFLEX-E100-2858,1.8,49.7,205.7,56.6,1.82,Extended Rail Pre-Heating Cycle
BIOFLEX-E100-2859,18.8,75.4,241.7,86.0,1.24,Instant E100 Cold-Start Ignition (<1.0s)
BIOFLEX-E100-2860,3.2,59.1,246.0,69.8,1.4,Extended Rail Pre-Heating Cycle
BIOFLEX-E100-2861,21.3,84.9,265.3,92.9,0.97,Instant E100 Cold-Start Ignition (<1.0s)
BIOFLEX-E100-2862,14.9,60.9,242.1,74.0,1.46,Extended Rail Pre-Heating Cycle
BIOFLEX-E100-2863,31.0,78.9,265.1,88.9,1.35,Instant E100 Cold-Start Ignition (<1.0s)
BIOFLEX-E100-2864,3.7,57.9,232.9,66.7,1.67,Extended Rail Pre-Heating Cycle
BIOFLEX-E100-2865,29.5,86.4,260.7,97.7,1.09,Instant E100 Cold-Start Ignition (<1.0s)
BIOFLEX-E100-2866,21.0,70.4,236.4,76.5,1.52,Extended Rail Pre-Heating Cycle
BIOFLEX-E100-2867,17.3,71.2,248.5,86.1,1.47,Instant E100 Cold-Start Ignition (<1.0s)
BIOFLEX-E100-2868,9.7,74.1,258.4,87.8,1.23,Instant E100 Cold-Start Ignition (<1.0s)
BIOFLEX-E100-2869,13.0,59.4,221.0,68.6,1.69,Extended Rail Pre-Heating Cycle
BIOFLEX-E100-2870,14.4,70.8,241.0,81.1,1.24,Extended Rail Pre-Heating Cycle
BIOFLEX-E100-2871,-1.6,45.0,209.8,55.0,1.77,Extended Rail Pre-Heating Cycle
BIOFLEX-E100-2872,21.5,76.9,260.3,87.3,1.26,Instant E100 Cold-Start Ignition (<1.0s)
BIOFLEX-E100-2873,4.8,51.1,225.5,57.0,1.84,Extended Rail Pre-Heating Cycle
BIOFLEX-E100-2874,9.5,69.0,252.0,81.1,1.45,Extended Rail Pre-Heating Cycle
BIOFLEX-E100-2875,2.2,55.6,220.1,64.0,1.73,Extended Rail Pre-Heating Cycle
BIOFLEX-E100-2876,2.9,58.3,227.0,69.3,1.46,Extended Rail Pre-Heating Cycle
BIOFLEX-E100-2877,13.8,67.2,247.1,78.6,1.6,Extended Rail Pre-Heating Cycle
BIOFLEX-E100-2878,13.9,65.7,243.0,76.5,1.42,Extended Rail Pre-Heating Cycle
BIOFLEX-E100-2879,-0.0,60.8,223.0,71.2,1.45,Extended Rail Pre-Heating Cycle
BIOFLEX-E100-2880,-3.0,45.0,207.0,55.0,1.72,Extended Rail Pre-Heating Cycle
BIOFLEX-E100-2881,-3.9,52.1,216.2,59.4,1.83,Extended Rail Pre-Heating Cycle
BIOFLEX-E100-2882,4.2,56.0,233.4,63.8,1.66,Extended Rail Pre-Heating Cycle
BIOFLEX-E100-2883,10.6,57.4,231.5,64.3,1.74,Extended Rail Pre-Heating Cycle
BIOFLEX-E100-2884,-3.5,45.0,205.6,55.0,1.69,Extended Rail Pre-Heating Cycle
BIOFLEX-E100-2885,-2.7,45.0,201.7,55.0,1.74,Extended Rail Pre-Heating Cycle
BIOFLEX-E100-2886,-4.6,53.7,223.6,59.6,1.85,Extended Rail Pre-Heating Cycle
BIOFLEX-E100-2887,-1.5,58.2,233.8,67.9,1.55,Extended Rail Pre-Heating Cycle
BIOFLEX-E100-2888,5.9,64.1,248.7,73.5,1.46,Extended Rail Pre-Heating Cycle
BIOFLEX-E100-2889,20.6,67.0,238.5,76.3,1.34,Extended Rail Pre-Heating Cycle
BIOFLEX-E100-2890,22.4,73.7,256.1,86.4,1.27,Instant E100 Cold-Start Ignition (<1.0s)
BIOFLEX-E100-2891,16.0,76.3,255.1,89.6,1.04,Instant E100 Cold-Start Ignition (<1.0s)
BIOFLEX-E100-2892,-1.7,58.9,223.6,69.5,1.54,Extended Rail Pre-Heating Cycle
BIOFLEX-E100-2893,15.8,80.2,260.6,93.4,1.22,Instant E100 Cold-Start Ignition (<1.0s)
BIOFLEX-E100-2894,19.7,67.1,227.7,79.2,1.4,Extended Rail Pre-Heating Cycle
BIOFLEX-E100-2895,-0.0,61.3,236.3,68.0,1.46,Extended Rail Pre-Heating Cycle
BIOFLEX-E100-2896,24.6,75.1,255.5,86.4,1.24,Instant E100 Cold-Start Ignition (<1.0s)
BIOFLEX-E100-2897,-3.7,45.0,219.1,55.0,1.69,Extended Rail Pre-Heating Cycle
BIOFLEX-E100-2898,20.0,69.2,257.5,79.3,1.52,Extended Rail Pre-Heating Cycle
BIOFLEX-E100-2899,13.1,63.7,224.7,74.0,1.49,Extended Rail Pre-Heating Cycle
BIOFLEX-E100-2900,30.6,79.3,252.6,91.1,1.34,Instant E100 Cold-Start Ignition (<1.0s)
BIOFLEX-E100-2901,19.6,76.8,271.0,87.2,1.25,Instant E100 Cold-Start Ignition (<1.0s)
BIOFLEX-E100-2902,16.6,72.0,254.2,81.8,1.31,Extended Rail Pre-Heating Cycle
BIOFLEX-E100-2903,-1.9,59.8,240.6,68.9,1.66,Extended Rail Pre-Heating Cycle
BIOFLEX-E100-2904,30.4,75.6,247.8,89.9,1.11,Instant E100 Cold-Start Ignition (<1.0s)
BIOFLEX-E100-2905,-4.9,59.7,231.2,70.2,1.42,Extended Rail Pre-Heating Cycle
BIOFLEX-E100-2906,31.0,84.0,257.3,99.8,0.99,Instant E100 Cold-Start Ignition (<1.0s)
BIOFLEX-E100-2907,15.2,60.4,228.2,69.4,1.77,Extended Rail Pre-Heating Cycle
BIOFLEX-E100-2908,3.0,64.8,252.2,79.1,1.33,Extended Rail Pre-Heating Cycle
BIOFLEX-E100-2909,6.1,68.0,232.4,80.4,1.31,Extended Rail Pre-Heating Cycle
BIOFLEX-E100-2910,2.3,48.6,228.1,58.9,1.67,Extended Rail Pre-Heating Cycle
BIOFLEX-E100-2911,-0.4,55.7,244.1,61.0,1.75,Extended Rail Pre-Heating Cycle
BIOFLEX-E100-2912,3.5,60.4,241.5,67.7,1.57,Extended Rail Pre-Heating Cycle
BIOFLEX-E100-2913,27.9,88.0,273.5,99.8,1.07,Instant E100 Cold-Start Ignition (<1.0s)
BIOFLEX-E100-2914,29.1,77.2,266.6,88.3,1.19,Instant E100 Cold-Start Ignition (<1.0s)
BIOFLEX-E100-2915,13.9,62.9,230.5,74.5,1.29,Extended Rail Pre-Heating Cycle
BIOFLEX-E100-2916,0.3,51.4,208.4,58.5,1.75,Extended Rail Pre-Heating Cycle
BIOFLEX-E100-2917,8.2,63.9,235.6,75.8,1.62,Extended Rail Pre-Heating Cycle
BIOFLEX-E100-2918,10.6,65.9,228.7,76.8,1.49,Extended Rail Pre-Heating Cycle
BIOFLEX-E100-2919,0.5,54.8,234.7,60.9,1.64,Extended Rail Pre-Heating Cycle
BIOFLEX-E100-2920,20.4,74.3,247.6,86.0,1.38,Instant E100 Cold-Start Ignition (<1.0s)
BIOFLEX-E100-2921,-2.3,47.7,219.5,55.0,1.93,Extended Rail Pre-Heating Cycle
BIOFLEX-E100-2922,24.7,82.7,272.0,93.8,1.19,Instant E100 Cold-Start Ignition (<1.0s)
BIOFLEX-E100-2923,11.7,73.2,254.3,85.6,1.1,Instant E100 Cold-Start Ignition (<1.0s)
BIOFLEX-E100-2924,-1.6,59.7,211.8,71.1,1.57,Extended Rail Pre-Heating Cycle
BIOFLEX-E100-2925,23.7,78.0,248.9,91.7,1.22,Instant E100 Cold-Start Ignition (<1.0s)
BIOFLEX-E100-2926,-0.1,50.1,223.9,56.7,1.83,Extended Rail Pre-Heating Cycle
BIOFLEX-E100-2927,16.7,80.7,265.1,91.2,1.26,Instant E100 Cold-Start Ignition (<1.0s)
BIOFLEX-E100-2928,17.9,65.5,234.8,73.9,1.36,Extended Rail Pre-Heating Cycle
BIOFLEX-E100-2929,18.4,76.8,250.6,92.5,1.09,Instant E100 Cold-Start Ignition (<1.0s)
BIOFLEX-E100-2930,17.2,70.9,236.9,77.9,1.42,Extended Rail Pre-Heating Cycle
BIOFLEX-E100-2931,-0.4,52.2,219.1,59.7,1.72,Extended Rail Pre-Heating Cycle
BIOFLEX-E100-2932,15.4,79.3,261.7,87.1,1.17,Instant E100 Cold-Start Ignition (<1.0s)
BIOFLEX-E100-2933,8.4,70.3,246.6,78.9,1.3,Extended Rail Pre-Heating Cycle
BIOFLEX-E100-2934,30.3,88.0,269.0,99.8,1.13,Instant E100 Cold-Start Ignition (<1.0s)
BIOFLEX-E100-2935,30.2,85.5,263.2,97.5,0.9,Instant E100 Cold-Start Ignition (<1.0s)
BIOFLEX-E100-2936,0.5,58.7,224.6,71.6,1.64,Extended Rail Pre-Heating Cycle
BIOFLEX-E100-2937,31.2,88.0,276.5,99.8,0.98,Instant E100 Cold-Start Ignition (<1.0s)
BIOFLEX-E100-2938,23.0,85.7,257.0,96.8,1.12,Instant E100 Cold-Start Ignition (<1.0s)
BIOFLEX-E100-2939,9.7,66.8,238.1,76.4,1.34,Extended Rail Pre-Heating Cycle
BIOFLEX-E100-2940,11.5,73.5,255.8,84.7,1.35,Extended Rail Pre-Heating Cycle
BIOFLEX-E100-2941,21.2,68.2,254.7,79.5,1.36,Extended Rail Pre-Heating Cycle
BIOFLEX-E100-2942,9.4,55.1,233.2,61.9,1.76,Extended Rail Pre-Heating Cycle
BIOFLEX-E100-2943,18.9,75.8,256.7,84.4,1.42,Extended Rail Pre-Heating Cycle
BIOFLEX-E100-2944,-0.3,61.7,235.8,70.2,1.53,Extended Rail Pre-Heating Cycle
BIOFLEX-E100-2945,24.0,82.8,255.8,93.6,1.07,Instant E100 Cold-Start Ignition (<1.0s)
BIOFLEX-E100-2946,28.7,88.0,274.1,99.8,1.01,Instant E100 Cold-Start Ignition (<1.0s)
BIOFLEX-E100-2947,0.0,54.2,225.8,59.5,1.66,Extended Rail Pre-Heating Cycle
BIOFLEX-E100-2948,0.6,60.0,235.7,68.1,1.64,Extended Rail Pre-Heating Cycle
BIOFLEX-E100-2949,4.0,54.9,230.7,63.9,1.64,Extended Rail Pre-Heating Cycle
BIOFLEX-E100-2950,18.5,72.7,256.2,80.7,1.33,Extended Rail Pre-Heating Cycle
BIOFLEX-E100-2951,-2.9,48.5,213.9,56.7,1.69,Extended Rail Pre-Heating Cycle
BIOFLEX-E100-2952,25.4,83.1,257.8,97.9,1.12,Instant E100 Cold-Start Ignition (<1.0s)
BIOFLEX-E100-2953,29.5,83.5,268.5,96.7,1.12,Instant E100 Cold-Start Ignition (<1.0s)
BIOFLEX-E100-2954,9.7,65.5,249.5,78.3,1.44,Extended Rail Pre-Heating Cycle
BIOFLEX-E100-2955,28.2,88.0,272.6,99.8,0.86,Instant E100 Cold-Start Ignition (<1.0s)
BIOFLEX-E100-2956,8.6,70.3,238.5,80.3,1.22,Extended Rail Pre-Heating Cycle
BIOFLEX-E100-2957,-1.3,60.2,234.2,69.0,1.74,Extended Rail Pre-Heating Cycle
BIOFLEX-E100-2958,2.6,62.3,243.4,68.6,1.62,Extended Rail Pre-Heating Cycle
BIOFLEX-E100-2959,31.3,88.0,264.3,97.9,1.14,Instant E100 Cold-Start Ignition (<1.0s)
BIOFLEX-E100-2960,21.9,68.0,250.4,76.9,1.42,Extended Rail Pre-Heating Cycle
BIOFLEX-E100-2961,5.7,63.8,236.5,74.3,1.41,Extended Rail Pre-Heating Cycle
BIOFLEX-E100-2962,12.8,64.8,223.6,75.9,1.31,Extended Rail Pre-Heating Cycle
BIOFLEX-E100-2963,9.8,74.2,239.7,84.2,1.41,Extended Rail Pre-Heating Cycle
BIOFLEX-E100-2964,20.3,80.8,260.9,95.9,1.12,Instant E100 Cold-Start Ignition (<1.0s)
BIOFLEX-E100-2965,14.8,76.1,257.8,89.1,1.21,Instant E100 Cold-Start Ignition (<1.0s)
BIOFLEX-E100-2966,22.7,69.1,248.6,77.9,1.38,Extended Rail Pre-Heating Cycle
BIOFLEX-E100-2967,25.0,75.3,246.3,88.5,1.33,Instant E100 Cold-Start Ignition (<1.0s)
BIOFLEX-E100-2968,17.1,73.2,256.1,84.6,1.17,Extended Rail Pre-Heating Cycle
BIOFLEX-E100-2969,5.0,57.2,224.7,67.9,1.58,Extended Rail Pre-Heating Cycle
BIOFLEX-E100-2970,21.7,79.0,251.1,89.8,1.26,Instant E100 Cold-Start Ignition (<1.0s)
BIOFLEX-E100-2971,1.3,54.6,230.6,60.5,1.78,Extended Rail Pre-Heating Cycle
BIOFLEX-E100-2972,13.7,61.8,233.5,72.2,1.72,Extended Rail Pre-Heating Cycle
BIOFLEX-E100-2973,4.5,61.4,229.5,72.0,1.4,Extended Rail Pre-Heating Cycle
BIOFLEX-E100-2974,6.8,59.1,242.1,68.4,1.72,Extended Rail Pre-Heating Cycle
BIOFLEX-E100-2975,17.0,69.6,238.4,79.0,1.49,Extended Rail Pre-Heating Cycle
BIOFLEX-E100-2976,-1.7,56.3,233.2,66.1,1.58,Extended Rail Pre-Heating Cycle
BIOFLEX-E100-2977,-4.5,53.1,230.8,59.8,1.77,Extended Rail Pre-Heating Cycle
BIOFLEX-E100-2978,6.3,69.7,237.4,84.8,1.2,Extended Rail Pre-Heating Cycle
BIOFLEX-E100-2979,24.2,76.5,259.4,89.2,0.92,Instant E100 Cold-Start Ignition (<1.0s)
BIOFLEX-E100-2980,16.5,81.5,272.9,95.5,1.06,Instant E100 Cold-Start Ignition (<1.0s)
BIOFLEX-E100-2981,12.4,67.0,253.1,77.4,1.37,Extended Rail Pre-Heating Cycle
BIOFLEX-E100-2982,21.2,75.6,261.9,88.2,1.21,Instant E100 Cold-Start Ignition (<1.0s)
BIOFLEX-E100-2983,7.3,53.5,219.7,58.7,1.55,Extended Rail Pre-Heating Cycle
BIOFLEX-E100-2984,14.4,77.1,253.4,84.9,1.26,Extended Rail Pre-Heating Cycle
BIOFLEX-E100-2985,23.7,70.8,248.5,82.3,1.28,Extended Rail Pre-Heating Cycle
BIOFLEX-E100-2986,28.4,88.0,272.7,99.8,0.97,Instant E100 Cold-Start Ignition (<1.0s)
BIOFLEX-E100-2987,21.7,83.9,271.0,98.8,1.03,Instant E100 Cold-Start Ignition (<1.0s)
BIOFLEX-E100-2988,2.7,51.2,226.4,61.5,1.86,Extended Rail Pre-Heating Cycle
BIOFLEX-E100-2989,28.4,75.7,265.3,86.1,1.35,Instant E100 Cold-Start Ignition (<1.0s)
BIOFLEX-E100-2990,-2.0,45.0,201.3,55.0,1.64,Extended Rail Pre-Heating Cycle
BIOFLEX-E100-2991,3.5,49.0,222.4,55.1,1.75,Extended Rail Pre-Heating Cycle
BIOFLEX-E100-2992,16.6,80.1,262.7,94.3,1.16,Instant E100 Cold-Start Ignition (<1.0s)
BIOFLEX-E100-2993,21.1,70.3,241.5,80.9,1.23,Extended Rail Pre-Heating Cycle
BIOFLEX-E100-2994,-0.7,48.2,225.2,55.7,1.95,Extended Rail Pre-Heating Cycle
BIOFLEX-E100-2995,6.2,69.5,251.7,80.4,1.39,Extended Rail Pre-Heating Cycle
BIOFLEX-E100-2996,-0.1,48.7,208.5,56.5,1.73,Extended Rail Pre-Heating Cycle
BIOFLEX-E100-2997,-3.5,57.3,223.8,66.8,1.52,Extended Rail Pre-Heating Cycle
BIOFLEX-E100-2998,10.4,66.0,253.4,78.4,1.5,Extended Rail Pre-Heating Cycle
BIOFLEX-E100-2999,3.7,63.3,218.2,76.1,1.48,Extended Rail Pre-Heating Cycle
BIOFLEX-E100-3000,21.5,72.8,247.8,86.5,1.2,Instant E100 Cold-Start Ignition (<1.0s)
BIOFLEX-E100-3001,13.4,72.9,267.0,82.5,1.16,Extended Rail Pre-Heating Cycle
BIOFLEX-E100-3002,14.1,72.3,250.1,81.1,1.3,Extended Rail Pre-Heating Cycle
BIOFLEX-E100-3003,-0.6,51.5,230.7,59.7,1.66,Extended Rail Pre-Heating Cycle
BIOFLEX-E100-3004,18.1,75.7,246.8,85.9,1.07,Instant E100 Cold-Start Ignition (<1.0s)
BIOFLEX-E100-3005,31.4,88.0,258.1,99.8,1.08,Instant E100 Cold-Start Ignition (<1.0s)
BIOFLEX-E100-3006,2.7,57.6,234.9,69.5,1.55,Extended Rail Pre-Heating Cycle
BIOFLEX-E100-3007,25.3,83.1,263.3,97.9,0.91,Instant E100 Cold-Start Ignition (<1.0s)
BIOFLEX-E100-3008,4.3,66.4,238.6,74.9,1.42,Extended Rail Pre-Heating Cycle
BIOFLEX-E100-3009,7.0,52.9,224.5,62.0,1.57,Extended Rail Pre-Heating Cycle
BIOFLEX-E100-3010,25.7,73.3,257.3,84.3,1.25,Extended Rail Pre-Heating Cycle
BIOFLEX-E100-3011,31.1,88.0,270.8,99.8,1.04,Instant E100 Cold-Start Ignition (<1.0s)
BIOFLEX-E100-3012,22.8,71.2,239.8,80.9,1.41,Extended Rail Pre-Heating Cycle
BIOFLEX-E100-3013,-0.5,56.6,223.4,62.7,1.63,Extended Rail Pre-Heating Cycle
BIOFLEX-E100-3014,6.4,66.5,233.8,78.1,1.59,Extended Rail Pre-Heating Cycle
BIOFLEX-E100-3015,19.8,84.7,266.3,98.4,0.99,Instant E100 Cold-Start Ignition (<1.0s)
BIOFLEX-E100-3016,29.8,78.8,251.5,93.9,1.13,Instant E100 Cold-Start Ignition (<1.0s)
BIOFLEX-E100-3017,7.9,63.2,235.5,68.3,1.57,Extended Rail Pre-Heating Cycle
BIOFLEX-E100-3018,12.0,57.5,225.1,65.6,1.79,Extended Rail Pre-Heating Cycle
BIOFLEX-E100-3019,14.7,76.9,248.1,87.8,1.19,Instant E100 Cold-Start Ignition (<1.0s)
BIOFLEX-E100-3020,18.5,65.6,244.4,77.5,1.35,Extended Rail Pre-Heating Cycle
BIOFLEX-E100-3021,23.4,76.9,252.3,90.0,1.12,Instant E100 Cold-Start Ignition (<1.0s)
BIOFLEX-E100-3022,5.5,52.8,230.4,61.9,1.63,Extended Rail Pre-Heating Cycle
BIOFLEX-E100-3023,4.7,59.4,221.3,71.2,1.51,Extended Rail Pre-Heating Cycle
BIOFLEX-E100-3024,27.9,81.3,259.1,94.9,1.15,Instant E100 Cold-Start Ignition (<1.0s)
BIOFLEX-E100-3025,21.0,76.6,269.3,90.4,1.12,Instant E100 Cold-Start Ignition (<1.0s)
BIOFLEX-E100-3026,24.0,80.1,266.3,92.7,1.34,Instant E100 Cold-Start Ignition (<1.0s)
BIOFLEX-E100-3027,30.3,88.0,267.5,99.8,1.07,Instant E100 Cold-Start Ignition (<1.0s)
BIOFLEX-E100-3028,8.1,66.6,254.4,76.5,1.29,Extended Rail Pre-Heating Cycle
BIOFLEX-E100-3029,-1.5,54.0,216.7,62.6,1.65,Extended Rail Pre-Heating Cycle
BIOFLEX-E100-3030,8.8,64.8,236.1,74.1,1.4,Extended Rail Pre-Heating Cycle
BIOFLEX-E100-3031,19.8,65.6,233.3,71.7,1.35,Extended Rail Pre-Heating Cycle
BIOFLEX-E100-3032,19.6,75.3,244.8,86.8,1.21,Instant E100 Cold-Start Ignition (<1.0s)
BIOFLEX-E100-3033,-0.4,54.1,213.4,64.1,1.63,Extended Rail Pre-Heating Cycle
BIOFLEX-E100-3034,23.8,87.5,262.5,99.8,1.18,Instant E100 Cold-Start Ignition (<1.0s)
BIOFLEX-E100-3035,24.1,70.1,230.1,81.2,1.26,Extended Rail Pre-Heating Cycle
BIOFLEX-E100-3036,-3.7,61.2,235.6,73.2,1.39,Extended Rail Pre-Heating Cycle
BIOFLEX-E100-3037,22.1,70.6,240.4,85.9,1.33,Instant E100 Cold-Start Ignition (<1.0s)
BIOFLEX-E100-3038,-3.7,55.2,214.1,63.9,1.73,Extended Rail Pre-Heating Cycle
BIOFLEX-E100-3039,24.7,88.0,273.0,99.8,0.94,Instant E100 Cold-Start Ignition (<1.0s)
BIOFLEX-E100-3040,7.6,55.7,231.2,62.4,1.64,Extended Rail Pre-Heating Cycle
BIOFLEX-E100-3041,26.4,81.8,263.7,90.9,1.28,Instant E100 Cold-Start Ignition (<1.0s)
BIOFLEX-E100-3042,8.6,62.5,248.5,71.4,1.55,Extended Rail Pre-Heating Cycle
BIOFLEX-E100-3043,27.2,81.6,260.8,94.0,1.37,Instant E100 Cold-Start Ignition (<1.0s)
BIOFLEX-E100-3044,17.2,75.1,242.4,88.6,1.25,Instant E100 Cold-Start Ignition (<1.0s)
BIOFLEX-E100-3045,24.8,83.3,258.8,96.3,1.25,Instant E100 Cold-Start Ignition (<1.0s)
BIOFLEX-E100-3046,10.3,56.0,216.5,68.4,1.74,Extended Rail Pre-Heating Cycle
BIOFLEX-E100-3047,-3.1,59.5,237.3,68.0,1.37,Extended Rail Pre-Heating Cycle
BIOFLEX-E100-3048,0.3,55.8,223.1,65.6,1.54,Extended Rail Pre-Heating Cycle
BIOFLEX-E100-3049,31.6,88.0,270.4,99.8,1.1,Instant E100 Cold-Start Ignition (<1.0s)
BIOFLEX-E100-3050,29.1,84.6,267.0,93.9,1.09,Instant E100 Cold-Start Ignition (<1.0s)
BIOFLEX-E100-3051,-0.1,57.2,235.1,68.3,1.58,Extended Rail Pre-Heating Cycle
BIOFLEX-E100-3052,-3.3,50.9,210.8,59.9,1.75,Extended Rail Pre-Heating Cycle
BIOFLEX-E100-3053,17.1,66.5,248.4,74.6,1.51,Extended Rail Pre-Heating Cycle
BIOFLEX-E100-3054,23.4,84.4,254.9,96.4,0.98,Instant E100 Cold-Start Ignition (<1.0s)
BIOFLEX-E100-3055,3.8,64.2,234.6,76.2,1.43,Extended Rail Pre-Heating Cycle
BIOFLEX-E100-3056,6.1,69.3,240.8,79.0,1.39,Extended Rail Pre-Heating Cycle
BIOFLEX-E100-3057,19.0,70.3,245.6,84.8,1.12,Extended Rail Pre-Heating Cycle
BIOFLEX-E100-3058,16.4,68.4,230.7,77.5,1.33,Extended Rail Pre-Heating Cycle
BIOFLEX-E100-3059,18.5,81.3,266.4,89.1,1.17,Instant E100 Cold-Start Ignition (<1.0s)
BIOFLEX-E100-3060,30.6,88.0,276.5,99.4,1.02,Instant E100 Cold-Start Ignition (<1.0s)
BIOFLEX-E100-3061,29.1,76.5,240.8,89.0,1.15,Instant E100 Cold-Start Ignition (<1.0s)
BIOFLEX-E100-3062,7.1,53.5,219.4,61.1,1.58,Extended Rail Pre-Heating Cycle
BIOFLEX-E100-3063,13.4,61.9,234.9,70.0,1.67,Extended Rail Pre-Heating Cycle
BIOFLEX-E100-3064,-4.3,45.0,225.3,55.0,1.89,Extended Rail Pre-Heating Cycle
BIOFLEX-E100-3065,15.1,65.7,238.1,75.9,1.5,Extended Rail Pre-Heating Cycle
BIOFLEX-E100-3066,9.2,73.8,249.0,86.9,1.21,Instant E100 Cold-Start Ignition (<1.0s)
BIOFLEX-E100-3067,-1.6,46.7,226.6,55.0,1.87,Extended Rail Pre-Heating Cycle
BIOFLEX-E100-3068,12.6,76.0,258.6,89.9,1.2,Instant E100 Cold-Start Ignition (<1.0s)
BIOFLEX-E100-3069,28.9,83.6,266.9,98.5,1.13,Instant E100 Cold-Start Ignition (<1.0s)
BIOFLEX-E100-3070,28.8,87.9,260.9,99.8,0.91,Instant E100 Cold-Start Ignition (<1.0s)
BIOFLEX-E100-3071,15.1,63.2,255.7,72.1,1.58,Extended Rail Pre-Heating Cycle
BIOFLEX-E100-3072,17.4,65.3,228.6,74.5,1.55,Extended Rail Pre-Heating Cycle
BIOFLEX-E100-3073,-4.7,46.6,202.1,55.0,1.9,Extended Rail Pre-Heating Cycle
BIOFLEX-E100-3074,22.6,71.5,250.8,82.5,1.31,Extended Rail Pre-Heating Cycle
BIOFLEX-E100-3075,13.3,74.7,258.5,84.9,1.33,Extended Rail Pre-Heating Cycle
BIOFLEX-E100-3076,18.0,71.5,246.0,83.8,1.29,Extended Rail Pre-Heating Cycle
BIOFLEX-E100-3077,14.0,64.9,225.9,78.4,1.42,Extended Rail Pre-Heating Cycle
BIOFLEX-E100-3078,-1.7,51.5,225.8,59.9,1.82,Extended Rail Pre-Heating Cycle
BIOFLEX-E100-3079,29.8,84.2,261.2,97.1,1.14,Instant E100 Cold-Start Ignition (<1.0s)
BIOFLEX-E100-3080,23.5,73.8,258.3,85.6,1.44,Instant E100 Cold-Start Ignition (<1.0s)
BIOFLEX-E100-3081,26.5,75.1,249.1,87.3,1.37,Instant E100 Cold-Start Ignition (<1.0s)
BIOFLEX-E100-3082,30.4,81.9,254.4,93.7,0.97,Instant E100 Cold-Start Ignition (<1.0s)
BIOFLEX-E100-3083,16.4,67.4,242.4,74.9,1.61,Extended Rail Pre-Heating Cycle
BIOFLEX-E100-3084,25.2,86.0,262.7,97.2,1.11,Instant E100 Cold-Start Ignition (<1.0s)
BIOFLEX-E100-3085,9.2,55.3,210.9,64.4,1.57,Extended Rail Pre-Heating Cycle
BIOFLEX-E100-3086,23.8,70.0,247.4,82.3,1.32,Extended Rail Pre-Heating Cycle
BIOFLEX-E100-3087,8.7,60.1,228.9,69.0,1.73,Extended Rail Pre-Heating Cycle
BIOFLEX-E100-3088,21.9,82.6,252.8,92.7,1.14,Instant E100 Cold-Start Ignition (<1.0s)
BIOFLEX-E100-3089,21.3,84.1,274.1,96.2,0.92,Instant E100 Cold-Start Ignition (<1.0s)
BIOFLEX-E100-3090,17.6,67.3,257.0,77.6,1.25,Extended Rail Pre-Heating Cycle
BIOFLEX-E100-3091,20.0,82.6,256.4,96.8,1.17,Instant E100 Cold-Start Ignition (<1.0s)
BIOFLEX-E100-3092,13.4,77.3,247.3,92.5,1.26,Instant E100 Cold-Start Ignition (<1.0s)
BIOFLEX-E100-3093,-1.2,63.3,236.7,69.5,1.56,Extended Rail Pre-Heating Cycle
BIOFLEX-E100-3094,20.5,71.3,256.2,80.9,1.33,Extended Rail Pre-Heating Cycle
BIOFLEX-E100-3095,21.0,76.8,245.6,89.6,1.27,Instant E100 Cold-Start Ignition (<1.0s)
BIOFLEX-E100-3096,-3.5,49.4,200.4,56.8,1.68,Extended Rail Pre-Heating Cycle
BIOFLEX-E100-3097,21.0,80.0,264.1,90.1,1.23,Instant E100 Cold-Start Ignition (<1.0s)
BIOFLEX-E100-3098,5.4,59.6,230.0,67.0,1.4,Extended Rail Pre-Heating Cycle
BIOFLEX-E100-3099,4.1,60.0,241.6,70.0,1.54,Extended Rail Pre-Heating Cycle
BIOFLEX-E100-3100,-0.9,60.0,231.0,70.3,1.43,Extended Rail Pre-Heating Cycle
BIOFLEX-E100-3101,0.4,49.3,209.3,55.0,1.75,Extended Rail Pre-Heating Cycle
BIOFLEX-E100-3102,2.0,54.4,236.2,58.7,1.74,Extended Rail Pre-Heating Cycle
BIOFLEX-E100-3103,20.7,68.0,236.6,80.9,1.53,Extended Rail Pre-Heating Cycle
BIOFLEX-E100-3104,15.7,78.5,257.3,93.0,1.18,Instant E100 Cold-Start Ignition (<1.0s)
BIOFLEX-E100-3105,4.8,58.7,224.4,65.9,1.32,Extended Rail Pre-Heating Cycle
BIOFLEX-E100-3106,12.6,60.9,240.8,73.1,1.49,Extended Rail Pre-Heating Cycle
BIOFLEX-E100-3107,9.6,73.5,247.5,86.3,1.39,Instant E100 Cold-Start Ignition (<1.0s)
BIOFLEX-E100-3108,-4.4,47.5,216.4,55.0,1.89,Extended Rail Pre-Heating Cycle
BIOFLEX-E100-3109,8.2,56.9,235.1,63.0,1.58,Extended Rail Pre-Heating Cycle
BIOFLEX-E100-3110,11.9,63.9,250.3,73.2,1.47,Extended Rail Pre-Heating Cycle
BIOFLEX-E100-3111,19.6,64.7,242.1,73.4,1.43,Extended Rail Pre-Heating Cycle
BIOFLEX-E100-3112,8.2,60.8,227.4,65.9,1.53,Extended Rail Pre-Heating Cycle
BIOFLEX-E100-3113,23.4,78.8,245.9,87.6,1.28,Instant E100 Cold-Start Ignition (<1.0s)
BIOFLEX-E100-3114,21.5,78.4,265.5,87.6,1.06,Instant E100 Cold-Start Ignition (<1.0s)
BIOFLEX-E100-3115,7.9,69.3,250.6,80.4,1.16,Extended Rail Pre-Heating Cycle
BIOFLEX-E100-3116,27.9,74.7,246.8,86.0,1.15,Instant E100 Cold-Start Ignition (<1.0s)
BIOFLEX-E100-3117,7.0,66.4,254.9,79.0,1.58,Extended Rail Pre-Heating Cycle
BIOFLEX-E100-3118,23.9,78.4,262.0,91.7,1.16,Instant E100 Cold-Start Ignition (<1.0s)
BIOFLEX-E100-3119,21.8,83.9,264.4,94.0,1.01,Instant E100 Cold-Start Ignition (<1.0s)
BIOFLEX-E100-3120,18.2,69.4,248.9,78.5,1.42,Extended Rail Pre-Heating Cycle
BIOFLEX-E100-3121,19.6,73.5,251.0,87.8,1.22,Instant E100 Cold-Start Ignition (<1.0s)
BIOFLEX-E100-3122,24.7,83.6,266.6,96.1,1.01,Instant E100 Cold-Start Ignition (<1.0s)
BIOFLEX-E100-3123,22.1,86.3,273.1,99.8,1.03,Instant E100 Cold-Start Ignition (<1.0s)
BIOFLEX-E100-3124,25.5,81.1,266.5,91.8,1.1,Instant E100 Cold-Start Ignition (<1.0s)
BIOFLEX-E100-3125,24.8,88.0,263.8,99.6,1.28,Instant E100 Cold-Start Ignition (<1.0s)
BIOFLEX-E100-3126,8.0,55.1,233.2,64.2,1.65,Extended Rail Pre-Heating Cycle
BIOFLEX-E100-3127,5.0,53.9,223.8,61.9,1.71,Extended Rail Pre-Heating Cycle
BIOFLEX-E100-3128,24.0,82.3,264.4,95.6,1.0,Instant E100 Cold-Start Ignition (<1.0s)
BIOFLEX-E100-3129,-3.4,46.6,214.4,55.0,1.73,Extended Rail Pre-Heating Cycle
BIOFLEX-E100-3130,19.7,65.3,237.5,76.5,1.56,Extended Rail Pre-Heating Cycle
BIOFLEX-E100-3131,9.0,62.6,236.3,73.0,1.36,Extended Rail Pre-Heating Cycle
BIOFLEX-E100-3132,7.1,57.6,210.8,67.4,1.5,Extended Rail Pre-Heating Cycle
BIOFLEX-E100-3133,-4.3,57.9,224.4,67.6,1.69,Extended Rail Pre-Heating Cycle
BIOFLEX-E100-3134,1.8,65.4,253.2,73.6,1.51,Extended Rail Pre-Heating Cycle
BIOFLEX-E100-3135,1.5,62.5,214.6,70.3,1.55,Extended Rail Pre-Heating Cycle
BIOFLEX-E100-3136,9.3,59.1,242.2,66.7,1.45,Extended Rail Pre-Heating Cycle
BIOFLEX-E100-3137,5.6,69.6,229.3,80.2,1.29,Extended Rail Pre-Heating Cycle
BIOFLEX-E100-3138,5.7,53.5,217.6,64.1,1.62,Extended Rail Pre-Heating Cycle
BIOFLEX-E100-3139,21.8,76.2,252.4,88.4,1.24,Instant E100 Cold-Start Ignition (<1.0s)
BIOFLEX-E100-3140,4.3,51.7,228.2,61.4,1.65,Extended Rail Pre-Heating Cycle
BIOFLEX-E100-3141,6.4,60.5,242.0,71.4,1.43,Extended Rail Pre-Heating Cycle
BIOFLEX-E100-3142,19.0,70.0,231.1,83.0,1.2,Extended Rail Pre-Heating Cycle
BIOFLEX-E100-3143,16.8,71.9,249.8,85.5,1.26,Instant E100 Cold-Start Ignition (<1.0s)
BIOFLEX-E100-3144,-0.4,57.1,220.5,65.4,1.62,Extended Rail Pre-Heating Cycle
BIOFLEX-E100-3145,7.4,60.6,238.5,69.3,1.5,Extended Rail Pre-Heating Cycle
BIOFLEX-E100-3146,14.9,68.8,244.1,80.5,1.42,Extended Rail Pre-Heating Cycle
BIOFLEX-E100-3147,9.7,67.4,249.6,78.9,1.14,Extended Rail Pre-Heating Cycle
BIOFLEX-E100-3148,-3.7,53.6,226.8,63.8,1.71,Extended Rail Pre-Heating Cycle
BIOFLEX-E100-3149,-2.1,45.7,214.7,55.0,1.75,Extended Rail Pre-Heating Cycle
BIOFLEX-E100-3150,21.4,70.3,253.4,76.8,1.55,Extended Rail Pre-Heating Cycle
BIOFLEX-E100-3151,3.3,59.1,230.7,70.7,1.68,Extended Rail Pre-Heating Cycle
BIOFLEX-E100-3152,11.5,64.7,238.0,72.8,1.65,Extended Rail Pre-Heating Cycle
BIOFLEX-E100-3153,-1.9,51.2,219.8,58.6,1.85,Extended Rail Pre-Heating Cycle
BIOFLEX-E100-3154,14.6,61.8,233.8,69.7,1.48,Extended Rail Pre-Heating Cycle
BIOFLEX-E100-3155,-3.0,47.1,201.6,55.0,1.83,Extended Rail Pre-Heating Cycle
BIOFLEX-E100-3156,24.0,82.8,258.1,94.2,1.21,Instant E100 Cold-Start Ignition (<1.0s)
BIOFLEX-E100-3157,29.2,86.0,271.3,99.8,1.04,Instant E100 Cold-Start Ignition (<1.0s)
BIOFLEX-E100-3158,10.0,56.6,227.2,63.2,1.7,Extended Rail Pre-Heating Cycle
BIOFLEX-E100-3159,27.1,85.7,265.2,97.7,1.18,Instant E100 Cold-Start Ignition (<1.0s)
BIOFLEX-E100-3160,30.5,88.0,247.0,99.8,0.97,Instant E100 Cold-Start Ignition (<1.0s)
BIOFLEX-E100-3161,24.9,78.8,264.5,87.5,1.15,Instant E100 Cold-Start Ignition (<1.0s)
BIOFLEX-E100-3162,7.8,57.6,228.3,66.5,1.6,Extended Rail Pre-Heating Cycle
BIOFLEX-E100-3163,27.6,80.5,260.9,89.7,1.29,Instant E100 Cold-Start Ignition (<1.0s)
BIOFLEX-E100-3164,2.7,63.2,241.8,71.8,1.73,Extended Rail Pre-Heating Cycle
BIOFLEX-E100-3165,21.9,79.7,273.0,91.7,1.18,Instant E100 Cold-Start Ignition (<1.0s)
BIOFLEX-E100-3166,-0.8,47.5,215.8,58.7,1.64,Extended Rail Pre-Heating Cycle
BIOFLEX-E100-3167,2.2,52.6,222.1,63.9,1.58,Extended Rail Pre-Heating Cycle
BIOFLEX-E100-3168,13.9,60.1,234.3,69.2,1.46,Extended Rail Pre-Heating Cycle
BIOFLEX-E100-3169,15.0,77.8,258.5,88.7,1.3,Instant E100 Cold-Start Ignition (<1.0s)
BIOFLEX-E100-3170,7.3,62.0,241.9,69.0,1.6,Extended Rail Pre-Heating Cycle
BIOFLEX-E100-3171,-0.4,53.4,223.4,55.0,1.9,Extended Rail Pre-Heating Cycle
BIOFLEX-E100-3172,11.3,74.5,236.1,88.4,1.25,Instant E100 Cold-Start Ignition (<1.0s)
BIOFLEX-E100-3173,11.1,61.4,235.7,72.3,1.52,Extended Rail Pre-Heating Cycle
BIOFLEX-E100-3174,21.0,76.1,264.1,88.3,1.36,Instant E100 Cold-Start Ignition (<1.0s)
BIOFLEX-E100-3175,14.5,64.3,242.5,75.3,1.39,Extended Rail Pre-Heating Cycle
BIOFLEX-E100-3176,20.5,66.8,222.4,76.9,1.32,Extended Rail Pre-Heating Cycle
BIOFLEX-E100-3177,21.8,67.2,248.7,75.3,1.33,Extended Rail Pre-Heating Cycle
BIOFLEX-E100-3178,28.7,76.5,246.1,88.7,1.2,Instant E100 Cold-Start Ignition (<1.0s)
BIOFLEX-E100-3179,26.2,83.5,273.1,95.2,1.13,Instant E100 Cold-Start Ignition (<1.0s)
BIOFLEX-E100-3180,4.2,52.2,223.6,60.9,1.57,Extended Rail Pre-Heating Cycle
BIOFLEX-E100-3181,14.2,73.8,241.9,80.4,1.2,Extended Rail Pre-Heating Cycle
BIOFLEX-E100-3182,0.5,61.0,242.7,69.6,1.39,Extended Rail Pre-Heating Cycle
BIOFLEX-E100-3183,20.7,70.1,251.1,80.0,1.23,Extended Rail Pre-Heating Cycle
BIOFLEX-E100-3184,14.9,61.6,239.7,69.3,1.56,Extended Rail Pre-Heating Cycle
BIOFLEX-E100-3185,0.3,45.9,227.1,55.0,1.65,Extended Rail Pre-Heating Cycle
BIOFLEX-E100-3186,25.6,72.3,238.5,78.1,1.5,Extended Rail Pre-Heating Cycle
BIOFLEX-E100-3187,29.2,79.8,267.6,90.6,1.22,Instant E100 Cold-Start Ignition (<1.0s)
BIOFLEX-E100-3188,12.0,67.1,249.9,79.6,1.18,Extended Rail Pre-Heating Cycle
BIOFLEX-E100-3189,27.8,82.0,270.3,92.9,0.97,Instant E100 Cold-Start Ignition (<1.0s)
BIOFLEX-E100-3190,14.8,66.5,251.2,76.2,1.62,Extended Rail Pre-Heating Cycle
BIOFLEX-E100-3191,14.3,72.0,240.3,79.3,1.29,Extended Rail Pre-Heating Cycle
BIOFLEX-E100-3192,14.6,60.0,233.8,69.8,1.6,Extended Rail Pre-Heating Cycle
BIOFLEX-E100-3193,7.6,57.3,224.4,65.6,1.67,Extended Rail Pre-Heating Cycle
BIOFLEX-E100-3194,20.1,66.6,229.2,76.1,1.26,Extended Rail Pre-Heating Cycle
BIOFLEX-E100-3195,7.0,52.6,221.7,59.9,1.74,Extended Rail Pre-Heating Cycle
BIOFLEX-E100-3196,5.4,58.7,235.3,66.3,1.68,Extended Rail Pre-Heating Cycle
BIOFLEX-E100-3197,20.7,75.4,253.4,84.0,1.25,Extended Rail Pre-Heating Cycle
BIOFLEX-E100-3198,25.8,71.9,244.1,83.7,1.35,Extended Rail Pre-Heating Cycle
BIOFLEX-E100-3199,20.8,76.5,246.0,86.2,1.45,Instant E100 Cold-Start Ignition (<1.0s)
BIOFLEX-E100-3200,1.1,54.2,212.7,61.6,1.78,Extended Rail Pre-Heating Cycle
BIOFLEX-E100-3201,3.6,62.9,243.6,71.4,1.53,Extended Rail Pre-Heating Cycle
BIOFLEX-E100-3202,21.7,70.8,244.1,79.6,1.4,Extended Rail Pre-Heating Cycle
BIOFLEX-E100-3203,19.1,83.1,270.4,94.9,1.18,Instant E100 Cold-Start Ignition (<1.0s)
BIOFLEX-E100-3204,20.4,72.6,258.5,84.7,1.2,Extended Rail Pre-Heating Cycle
BIOFLEX-E100-3205,-2.9,51.8,230.8,62.6,1.73,Extended Rail Pre-Heating Cycle
BIOFLEX-E100-3206,26.2,78.6,259.8,91.8,1.22,Instant E100 Cold-Start Ignition (<1.0s)
BIOFLEX-E100-3207,24.2,87.3,276.1,99.7,0.93,Instant E100 Cold-Start Ignition (<1.0s)
BIOFLEX-E100-3208,-3.9,45.0,209.5,55.0,1.92,Extended Rail Pre-Heating Cycle
BIOFLEX-E100-3209,20.5,79.9,254.9,89.2,1.2,Instant E100 Cold-Start Ignition (<1.0s)
BIOFLEX-E100-3210,-2.8,45.0,211.9,55.0,1.8,Extended Rail Pre-Heating Cycle
BIOFLEX-E100-3211,-0.8,48.6,213.0,56.1,1.88,Extended Rail Pre-Heating Cycle
BIOFLEX-E100-3212,24.1,72.0,244.0,79.8,1.22,Extended Rail Pre-Heating Cycle
BIOFLEX-E100-3213,12.6,58.2,226.9,67.5,1.67,Extended Rail Pre-Heating Cycle
BIOFLEX-E100-3214,-2.8,48.6,202.9,55.6,1.77,Extended Rail Pre-Heating Cycle
BIOFLEX-E100-3215,-2.6,45.0,209.5,55.0,1.69,Extended Rail Pre-Heating Cycle
BIOFLEX-E100-3216,16.4,69.9,232.5,78.6,1.56,Extended Rail Pre-Heating Cycle
BIOFLEX-E100-3217,14.9,62.8,234.2,73.4,1.43,Extended Rail Pre-Heating Cycle
BIOFLEX-E100-3218,9.5,67.7,238.8,79.9,1.33,Extended Rail Pre-Heating Cycle
BIOFLEX-E100-3219,5.1,51.4,213.3,62.2,1.73,Extended Rail Pre-Heating Cycle
BIOFLEX-E100-3220,28.2,74.2,250.7,83.3,1.27,Extended Rail Pre-Heating Cycle
BIOFLEX-E100-3221,6.0,53.1,227.1,58.6,1.65,Extended Rail Pre-Heating Cycle
BIOFLEX-E100-3222,-2.5,56.7,225.5,65.5,1.6,Extended Rail Pre-Heating Cycle
BIOFLEX-E100-3223,16.2,69.1,251.0,76.3,1.5,Extended Rail Pre-Heating Cycle
BIOFLEX-E100-3224,11.8,74.1,268.3,87.4,1.24,Instant E100 Cold-Start Ignition (<1.0s)
BIOFLEX-E100-3225,11.6,76.1,248.7,88.7,1.2,Instant E100 Cold-Start Ignition (<1.0s)
BIOFLEX-E100-3226,3.6,55.9,226.9,64.3,1.79,Extended Rail Pre-Heating Cycle
BIOFLEX-E100-3227,31.2,81.8,264.6,94.5,1.06,Instant E100 Cold-Start Ignition (<1.0s)
BIOFLEX-E100-3228,10.4,69.0,238.7,77.8,1.5,Extended Rail Pre-Heating Cycle
BIOFLEX-E100-3229,-0.8,57.1,236.0,65.4,1.85,Extended Rail Pre-Heating Cycle
BIOFLEX-E100-3230,4.8,64.8,241.1,73.1,1.46,Extended Rail Pre-Heating Cycle
BIOFLEX-E100-3231,-4.1,45.0,215.7,55.0,1.85,Extended Rail Pre-Heating Cycle
BIOFLEX-E100-3232,0.9,63.3,228.0,69.4,1.56,Extended Rail Pre-Heating Cycle
BIOFLEX-E100-3233,3.4,53.7,223.0,61.2,1.48,Extended Rail Pre-Heating Cycle
BIOFLEX-E100-3234,13.0,61.2,235.2,67.9,1.53,Extended Rail Pre-Heating Cycle
BIOFLEX-E100-3235,8.8,73.1,236.2,84.9,1.3,Extended Rail Pre-Heating Cycle
BIOFLEX-E100-3236,23.2,72.4,241.4,82.3,1.3,Extended Rail Pre-Heating Cycle
BIOFLEX-E100-3237,26.7,78.6,247.7,90.2,1.01,Instant E100 Cold-Start Ignition (<1.0s)
BIOFLEX-E100-3238,21.9,79.9,251.6,94.3,1.27,Instant E100 Cold-Start Ignition (<1.0s)
BIOFLEX-E100-3239,16.2,67.6,250.3,82.2,1.2,Extended Rail Pre-Heating Cycle
BIOFLEX-E100-3240,22.1,73.0,236.5,82.8,1.34,Extended Rail Pre-Heating Cycle
BIOFLEX-E100-3241,11.7,71.4,239.5,79.4,1.4,Extended Rail Pre-Heating Cycle
BIOFLEX-E100-3242,12.4,75.4,262.6,86.6,1.27,Instant E100 Cold-Start Ignition (<1.0s)
BIOFLEX-E100-3243,5.5,57.5,231.5,63.5,1.66,Extended Rail Pre-Heating Cycle
BIOFLEX-E100-3244,4.1,61.5,237.6,69.3,1.57,Extended Rail Pre-Heating Cycle
BIOFLEX-E100-3245,12.7,58.3,218.4,69.0,1.37,Extended Rail Pre-Heating Cycle
BIOFLEX-E100-3246,2.5,53.2,228.0,61.0,1.66,Extended Rail Pre-Heating Cycle
BIOFLEX-E100-3247,1.7,64.7,227.9,70.5,1.58,Extended Rail Pre-Heating Cycle
BIOFLEX-E100-3248,17.8,67.7,244.3,76.4,1.44,Extended Rail Pre-Heating Cycle
BIOFLEX-E100-3249,23.4,83.3,251.6,95.7,0.99,Instant E100 Cold-Start Ignition (<1.0s)
BIOFLEX-E100-3250,26.2,78.8,250.9,90.4,1.32,Instant E100 Cold-Start Ignition (<1.0s)
BIOFLEX-E100-3251,25.2,88.0,264.1,96.9,0.91,Instant E100 Cold-Start Ignition (<1.0s)
BIOFLEX-E100-3252,13.9,63.1,246.8,72.0,1.45,Extended Rail Pre-Heating Cycle
BIOFLEX-E100-3253,26.2,88.0,269.9,99.8,1.05,Instant E100 Cold-Start Ignition (<1.0s)
BIOFLEX-E100-3254,2.2,56.3,220.5,63.8,1.73,Extended Rail Pre-Heating Cycle
BIOFLEX-E100-3255,-4.4,47.5,216.3,55.0,1.84,Extended Rail Pre-Heating Cycle
BIOFLEX-E100-3256,25.6,81.0,261.7,93.6,0.99,Instant E100 Cold-Start Ignition (<1.0s)
BIOFLEX-E100-3257,19.6,72.9,243.0,84.9,1.43,Extended Rail Pre-Heating Cycle
BIOFLEX-E100-3258,-0.3,58.0,237.9,65.3,1.64,Extended Rail Pre-Heating Cycle
BIOFLEX-E100-3259,20.2,70.8,245.4,77.3,1.22,Extended Rail Pre-Heating Cycle
BIOFLEX-E100-3260,-4.8,50.1,222.6,58.6,1.93,Extended Rail Pre-Heating Cycle
BIOFLEX-E100-3261,3.5,55.3,219.4,62.0,1.55,Extended Rail Pre-Heating Cycle
BIOFLEX-E100-3262,12.6,68.5,245.0,77.3,1.44,Extended Rail Pre-Heating Cycle
BIOFLEX-E100-3263,25.1,78.4,264.5,92.1,1.02,Instant E100 Cold-Start Ignition (<1.0s)
BIOFLEX-E100-3264,27.7,83.9,264.8,94.4,0.97,Instant E100 Cold-Start Ignition (<1.0s)
BIOFLEX-E100-3265,-1.0,59.3,214.0,69.1,1.48,Extended Rail Pre-Heating Cycle
BIOFLEX-E100-3266,-2.4,56.3,226.7,64.8,1.77,Extended Rail Pre-Heating Cycle
BIOFLEX-E100-3267,4.1,68.3,239.6,76.6,1.39,Extended Rail Pre-Heating Cycle
BIOFLEX-E100-3268,6.3,53.9,235.5,61.2,1.4,Extended Rail Pre-Heating Cycle
BIOFLEX-E100-3269,5.0,60.9,228.0,69.9,1.63,Extended Rail Pre-Heating Cycle
BIOFLEX-E100-3270,17.0,78.2,262.0,91.6,1.21,Instant E100 Cold-Start Ignition (<1.0s)
BIOFLEX-E100-3271,27.6,74.0,251.2,87.1,1.23,Instant E100 Cold-Start Ignition (<1.0s)
BIOFLEX-E100-3272,20.4,72.1,239.0,85.6,1.25,Instant E100 Cold-Start Ignition (<1.0s)
BIOFLEX-E100-3273,-0.2,53.0,229.3,64.8,1.56,Extended Rail Pre-Heating Cycle
BIOFLEX-E100-3274,27.4,88.0,267.6,99.8,1.06,Instant E100 Cold-Start Ignition (<1.0s)
BIOFLEX-E100-3275,-1.2,57.2,219.7,65.9,1.53,Extended Rail Pre-Heating Cycle
BIOFLEX-E100-3276,6.4,52.1,222.7,59.9,1.92,Extended Rail Pre-Heating Cycle
BIOFLEX-E100-3277,1.3,54.0,227.8,63.0,1.8,Extended Rail Pre-Heating Cycle
BIOFLEX-E100-3278,9.0,72.0,248.7,86.1,1.14,Instant E100 Cold-Start Ignition (<1.0s)
BIOFLEX-E100-3279,2.4,52.4,224.9,62.9,1.61,Extended Rail Pre-Heating Cycle
BIOFLEX-E100-3280,24.8,73.0,267.7,86.6,1.36,Instant E100 Cold-Start Ignition (<1.0s)
BIOFLEX-E100-3281,1.5,58.4,234.7,69.4,1.47,Extended Rail Pre-Heating Cycle
BIOFLEX-E100-3282,6.1,61.1,225.0,71.5,1.42,Extended Rail Pre-Heating Cycle
BIOFLEX-E100-3283,29.7,77.9,253.9,88.8,1.13,Instant E100 Cold-Start Ignition (<1.0s)
BIOFLEX-E100-3284,11.7,71.0,251.6,77.5,1.33,Extended Rail Pre-Heating Cycle
BIOFLEX-E100-3285,-3.1,52.6,223.7,61.5,1.69,Extended Rail Pre-Heating Cycle
BIOFLEX-E100-3286,3.2,57.9,226.1,66.4,1.6,Extended Rail Pre-Heating Cycle
BIOFLEX-E100-3287,29.0,78.5,253.1,91.4,1.21,Instant E100 Cold-Start Ignition (<1.0s)
BIOFLEX-E100-3288,15.3,76.2,273.1,87.8,1.3,Instant E100 Cold-Start Ignition (<1.0s)
BIOFLEX-E100-3289,4.0,57.0,220.4,63.9,1.59,Extended Rail Pre-Heating Cycle
BIOFLEX-E100-3290,1.8,49.7,226.7,59.5,1.98,Extended Rail Pre-Heating Cycle
BIOFLEX-E100-3291,1.2,53.8,223.8,60.8,1.82,Extended Rail Pre-Heating Cycle
BIOFLEX-E100-3292,30.8,88.0,278.0,99.8,1.09,Instant E100 Cold-Start Ignition (<1.0s)
BIOFLEX-E100-3293,17.5,72.5,248.8,84.5,1.25,Extended Rail Pre-Heating Cycle
BIOFLEX-E100-3294,15.4,62.5,242.1,73.4,1.47,Extended Rail Pre-Heating Cycle
BIOFLEX-E100-3295,8.9,57.3,218.1,66.9,1.5,Extended Rail Pre-Heating Cycle
BIOFLEX-E100-3296,11.6,61.2,225.3,69.6,1.61,Extended Rail Pre-Heating Cycle
BIOFLEX-E100-3297,26.1,79.7,264.9,91.4,1.11,Instant E100 Cold-Start Ignition (<1.0s)
BIOFLEX-E100-3298,2.7,65.2,240.4,76.1,1.35,Extended Rail Pre-Heating Cycle
BIOFLEX-E100-3299,22.9,78.1,254.5,92.2,1.13,Instant E100 Cold-Start Ignition (<1.0s)
BIOFLEX-E100-3300,26.1,88.0,274.9,99.8,0.98,Instant E100 Cold-Start Ignition (<1.0s)
BIOFLEX-E100-3301,4.0,66.1,230.2,79.1,1.38,Extended Rail Pre-Heating Cycle
BIOFLEX-E100-3302,18.3,75.0,239.5,88.6,1.18,Instant E100 Cold-Start Ignition (<1.0s)
BIOFLEX-E100-3303,17.0,78.0,250.6,90.2,1.13,Instant E100 Cold-Start Ignition (<1.0s)
BIOFLEX-E100-3304,-2.1,62.0,218.3,69.7,1.6,Extended Rail Pre-Heating Cycle
BIOFLEX-E100-3305,-1.0,49.5,224.4,56.6,1.69,Extended Rail Pre-Heating Cycle
BIOFLEX-E100-3306,25.4,84.9,265.4,98.3,1.21,Instant E100 Cold-Start Ignition (<1.0s)
BIOFLEX-E100-3307,11.5,65.5,241.0,75.3,1.62,Extended Rail Pre-Heating Cycle
BIOFLEX-E100-3308,25.0,74.7,252.3,84.2,1.26,Extended Rail Pre-Heating Cycle
BIOFLEX-E100-3309,7.3,56.3,233.8,63.6,1.51,Extended Rail Pre-Heating Cycle
BIOFLEX-E100-3310,22.7,75.5,234.4,84.4,1.31,Extended Rail Pre-Heating Cycle
BIOFLEX-E100-3311,10.0,57.8,222.9,64.3,1.68,Extended Rail Pre-Heating Cycle
BIOFLEX-E100-3312,12.5,59.6,237.5,72.7,1.5,Extended Rail Pre-Heating Cycle
BIOFLEX-E100-3313,25.1,78.2,248.7,90.8,1.19,Instant E100 Cold-Start Ignition (<1.0s)
BIOFLEX-E100-3314,23.6,70.6,236.2,81.8,1.33,Extended Rail Pre-Heating Cycle
BIOFLEX-E100-3315,1.9,50.2,221.4,55.9,1.84,Extended Rail Pre-Heating Cycle
BIOFLEX-E100-3316,8.0,53.3,235.1,58.4,1.77,Extended Rail Pre-Heating Cycle
BIOFLEX-E100-3317,30.5,88.0,262.1,99.8,0.93,Instant E100 Cold-Start Ignition (<1.0s)
BIOFLEX-E100-3318,-2.6,56.3,215.7,67.2,1.64,Extended Rail Pre-Heating Cycle
BIOFLEX-E100-3319,30.9,88.0,286.1,99.8,1.07,Instant E100 Cold-Start Ignition (<1.0s)
BIOFLEX-E100-3320,-3.4,48.7,213.6,55.0,1.86,Extended Rail Pre-Heating Cycle
BIOFLEX-E100-3321,-0.9,51.9,226.7,62.7,1.55,Extended Rail Pre-Heating Cycle
BIOFLEX-E100-3322,28.3,88.0,258.5,98.7,1.13,Instant E100 Cold-Start Ignition (<1.0s)
BIOFLEX-E100-3323,-4.3,45.0,220.1,55.0,1.74,Extended Rail Pre-Heating Cycle
BIOFLEX-E100-3324,3.5,56.7,211.3,67.6,1.72,Extended Rail Pre-Heating Cycle
BIOFLEX-E100-3325,9.4,66.0,244.6,72.8,1.53,Extended Rail Pre-Heating Cycle
BIOFLEX-E100-3326,16.6,77.4,259.7,91.5,1.09,Instant E100 Cold-Start Ignition (<1.0s)
BIOFLEX-E100-3327,8.3,65.2,257.8,76.2,1.37,Extended Rail Pre-Heating Cycle
BIOFLEX-E100-3328,29.6,84.3,260.7,98.4,1.09,Instant E100 Cold-Start Ignition (<1.0s)
BIOFLEX-E100-3329,13.4,68.8,238.6,78.4,1.4,Extended Rail Pre-Heating Cycle
BIOFLEX-E100-3330,-1.5,61.2,234.1,69.0,1.77,Extended Rail Pre-Heating Cycle
BIOFLEX-E100-3331,21.4,76.3,271.1,89.9,1.33,Instant E100 Cold-Start Ignition (<1.0s)
BIOFLEX-E100-3332,13.5,64.8,224.9,72.8,1.71,Extended Rail Pre-Heating Cycle
BIOFLEX-E100-3333,1.0,50.5,221.5,62.1,1.56,Extended Rail Pre-Heating Cycle
BIOFLEX-E100-3334,17.8,74.8,253.0,85.6,1.54,Instant E100 Cold-Start Ignition (<1.0s)
BIOFLEX-E100-3335,14.7,63.0,251.9,70.7,1.48,Extended Rail Pre-Heating Cycle
BIOFLEX-E100-3336,9.7,71.6,244.1,82.4,1.27,Extended Rail Pre-Heating Cycle
BIOFLEX-E100-3337,16.6,79.5,252.3,89.4,1.26,Instant E100 Cold-Start Ignition (<1.0s)
BIOFLEX-E100-3338,7.9,72.5,250.2,79.5,1.44,Extended Rail Pre-Heating Cycle
BIOFLEX-E100-3339,21.2,67.4,228.1,78.1,1.31,Extended Rail Pre-Heating Cycle
BIOFLEX-E100-3340,5.8,66.3,248.0,75.4,1.38,Extended Rail Pre-Heating Cycle
BIOFLEX-E100-3341,10.3,56.1,229.3,62.7,1.53,Extended Rail Pre-Heating Cycle
BIOFLEX-E100-3342,12.0,74.9,250.9,89.3,1.22,Instant E100 Cold-Start Ignition (<1.0s)
BIOFLEX-E100-3343,11.4,66.9,245.5,75.2,1.63,Extended Rail Pre-Heating Cycle
BIOFLEX-E100-3344,31.5,88.0,281.4,97.9,0.97,Instant E100 Cold-Start Ignition (<1.0s)
BIOFLEX-E100-3345,2.4,64.2,230.2,75.4,1.43,Extended Rail Pre-Heating Cycle
BIOFLEX-E100-3346,12.4,60.1,227.1,72.6,1.49,Extended Rail Pre-Heating Cycle
BIOFLEX-E100-3347,6.7,61.7,251.2,70.9,1.58,Extended Rail Pre-Heating Cycle
BIOFLEX-E100-3348,-1.2,54.8,224.4,61.1,1.91,Extended Rail Pre-Heating Cycle
BIOFLEX-E100-3349,0.7,62.8,238.7,67.8,1.55,Extended Rail Pre-Heating Cycle
BIOFLEX-E100-3350,27.6,87.3,266.0,97.8,1.08,Instant E100 Cold-Start Ignition (<1.0s)
BIOFLEX-E100-3351,13.8,66.6,256.7,75.1,1.35,Extended Rail Pre-Heating Cycle
BIOFLEX-E100-3352,25.2,82.5,257.8,93.6,1.07,Instant E100 Cold-Start Ignition (<1.0s)
BIOFLEX-E100-3353,31.5,88.0,266.0,99.8,1.15,Instant E100 Cold-Start Ignition (<1.0s)
BIOFLEX-E100-3354,-0.0,54.0,241.5,61.2,1.8,Extended Rail Pre-Heating Cycle
BIOFLEX-E100-3355,24.4,81.1,275.7,90.6,1.16,Instant E100 Cold-Start Ignition (<1.0s)
BIOFLEX-E100-3356,-4.9,45.0,209.2,55.0,1.89,Extended Rail Pre-Heating Cycle
BIOFLEX-E100-3357,4.8,56.1,230.3,64.3,1.67,Extended Rail Pre-Heating Cycle
BIOFLEX-E100-3358,30.1,76.8,248.0,90.3,1.17,Instant E100 Cold-Start Ignition (<1.0s)
BIOFLEX-E100-3359,22.4,79.1,254.1,89.7,1.17,Instant E100 Cold-Start Ignition (<1.0s)
BIOFLEX-E100-3360,-4.6,54.4,228.5,63.7,1.48,Extended Rail Pre-Heating Cycle
BIOFLEX-E100-3361,-0.5,53.3,214.2,59.4,1.82,Extended Rail Pre-Heating Cycle
BIOFLEX-E100-3362,26.9,78.6,257.9,87.7,1.06,Instant E100 Cold-Start Ignition (<1.0s)
BIOFLEX-E100-3363,10.4,59.2,245.5,71.8,1.66,Extended Rail Pre-Heating Cycle
BIOFLEX-E100-3364,15.1,79.6,257.1,92.4,1.26,Instant E100 Cold-Start Ignition (<1.0s)
BIOFLEX-E100-3365,6.2,51.7,211.4,56.0,1.79,Extended Rail Pre-Heating Cycle
BIOFLEX-E100-3366,18.7,80.0,255.5,89.7,1.09,Instant E100 Cold-Start Ignition (<1.0s)
BIOFLEX-E100-3367,2.3,60.9,233.6,70.3,1.42,Extended Rail Pre-Heating Cycle
BIOFLEX-E100-3368,12.2,72.8,239.1,83.0,1.34,Extended Rail Pre-Heating Cycle
BIOFLEX-E100-3369,23.1,85.3,266.5,98.5,1.01,Instant E100 Cold-Start Ignition (<1.0s)
BIOFLEX-E100-3370,-3.7,59.0,224.0,66.0,1.41,Extended Rail Pre-Heating Cycle
BIOFLEX-E100-3371,29.8,78.0,245.3,89.2,1.23,Instant E100 Cold-Start Ignition (<1.0s)
BIOFLEX-E100-3372,22.9,79.7,259.2,94.9,1.18,Instant E100 Cold-Start Ignition (<1.0s)
BIOFLEX-E100-3373,8.3,70.9,260.7,83.2,1.19,Extended Rail Pre-Heating Cycle
BIOFLEX-E100-3374,15.2,62.3,233.0,72.4,1.66,Extended Rail Pre-Heating Cycle
BIOFLEX-E100-3375,11.5,60.9,227.4,71.1,1.38,Extended Rail Pre-Heating Cycle
BIOFLEX-E100-3376,21.7,70.2,246.6,77.9,1.42,Extended Rail Pre-Heating Cycle
BIOFLEX-E100-3377,25.8,86.9,258.2,99.8,0.97,Instant E100 Cold-Start Ignition (<1.0s)
BIOFLEX-E100-3378,12.1,76.3,256.5,88.2,1.18,Instant E100 Cold-Start Ignition (<1.0s)
BIOFLEX-E100-3379,-4.9,48.6,218.5,58.0,1.76,Extended Rail Pre-Heating Cycle
BIOFLEX-E100-3380,1.5,46.9,208.4,56.4,1.76,Extended Rail Pre-Heating Cycle
BIOFLEX-E100-3381,25.3,82.3,251.4,98.3,1.09,Instant E100 Cold-Start Ignition (<1.0s)
BIOFLEX-E100-3382,10.8,64.2,227.0,77.0,1.44,Extended Rail Pre-Heating Cycle
BIOFLEX-E100-3383,16.8,67.5,247.7,81.8,1.37,Extended Rail Pre-Heating Cycle
BIOFLEX-E100-3384,-1.5,53.8,229.1,61.8,1.82,Extended Rail Pre-Heating Cycle
BIOFLEX-E100-3385,1.6,50.5,229.7,55.8,1.76,Extended Rail Pre-Heating Cycle
BIOFLEX-E100-3386,31.6,82.8,260.4,93.1,1.12,Instant E100 Cold-Start Ignition (<1.0s)
BIOFLEX-E100-3387,9.8,73.3,238.9,83.2,1.21,Extended Rail Pre-Heating Cycle
BIOFLEX-E100-3388,2.1,59.1,228.2,71.6,1.58,Extended Rail Pre-Heating Cycle
BIOFLEX-E100-3389,16.8,79.5,244.5,89.3,1.21,Instant E100 Cold-Start Ignition (<1.0s)
BIOFLEX-E100-3390,21.9,71.8,244.1,82.2,1.42,Extended Rail Pre-Heating Cycle
BIOFLEX-E100-3391,3.5,55.1,219.4,60.7,1.7,Extended Rail Pre-Heating Cycle
BIOFLEX-E100-3392,4.0,66.5,242.8,74.6,1.51,Extended Rail Pre-Heating Cycle
BIOFLEX-E100-3393,23.7,72.5,255.8,83.3,1.33,Extended Rail Pre-Heating Cycle
BIOFLEX-E100-3394,5.3,60.0,222.3,68.4,1.5,Extended Rail Pre-Heating Cycle
BIOFLEX-E100-3395,11.4,56.7,225.8,63.4,1.74,Extended Rail Pre-Heating Cycle
BIOFLEX-E100-3396,-3.9,52.1,235.7,60.4,1.68,Extended Rail Pre-Heating Cycle
BIOFLEX-E100-3397,18.5,83.2,268.3,98.3,1.13,Instant E100 Cold-Start Ignition (<1.0s)
BIOFLEX-E100-3398,20.6,77.8,252.1,87.7,1.17,Instant E100 Cold-Start Ignition (<1.0s)
BIOFLEX-E100-3399,27.1,83.8,271.5,97.1,1.04,Instant E100 Cold-Start Ignition (<1.0s)
BIOFLEX-E100-3400,1.1,62.5,232.5,69.0,1.58,Extended Rail Pre-Heating Cycle
BIOFLEX-E100-3401,0.2,63.4,225.0,69.4,1.42,Extended Rail Pre-Heating Cycle
BIOFLEX-E100-3402,-2.0,45.0,204.2,55.0,1.87,Extended Rail Pre-Heating Cycle
BIOFLEX-E100-3403,9.6,73.5,250.6,85.3,1.22,Instant E100 Cold-Start Ignition (<1.0s)
BIOFLEX-E100-3404,25.9,73.2,253.9,85.0,1.37,Instant E100 Cold-Start Ignition (<1.0s)
BIOFLEX-E100-3405,7.0,53.7,214.2,65.5,1.59,Extended Rail Pre-Heating Cycle
BIOFLEX-E100-3406,17.8,78.1,240.1,85.9,1.29,Instant E100 Cold-Start Ignition (<1.0s)
BIOFLEX-E100-3407,22.0,67.7,239.2,76.2,1.57,Extended Rail Pre-Heating Cycle
BIOFLEX-E100-3408,-1.8,57.8,233.1,66.9,1.68,Extended Rail Pre-Heating Cycle
BIOFLEX-E100-3409,4.2,50.4,215.4,55.9,1.79,Extended Rail Pre-Heating Cycle
BIOFLEX-E100-3410,20.1,82.0,252.0,97.4,0.95,Instant E100 Cold-Start Ignition (<1.0s)
BIOFLEX-E100-3411,13.3,61.0,226.8,69.3,1.53,Extended Rail Pre-Heating Cycle
BIOFLEX-E100-3412,21.5,71.3,250.0,78.0,1.42,Extended Rail Pre-Heating Cycle
BIOFLEX-E100-3413,5.4,61.1,240.4,71.6,1.6,Extended Rail Pre-Heating Cycle
BIOFLEX-E100-3414,30.8,88.0,263.4,99.8,0.98,Instant E100 Cold-Start Ignition (<1.0s)
BIOFLEX-E100-3415,7.6,58.3,222.9,63.6,1.59,Extended Rail Pre-Heating Cycle
BIOFLEX-E100-3416,4.1,54.1,235.5,62.0,1.8,Extended Rail Pre-Heating Cycle
BIOFLEX-E100-3417,25.1,81.2,261.8,94.0,1.06,Instant E100 Cold-Start Ignition (<1.0s)
BIOFLEX-E100-3418,1.9,57.7,236.2,63.7,1.56,Extended Rail Pre-Heating Cycle
BIOFLEX-E100-3419,28.4,76.6,260.4,90.8,1.06,Instant E100 Cold-Start Ignition (<1.0s)
BIOFLEX-E100-3420,6.2,69.1,239.2,78.4,1.31,Extended Rail Pre-Heating Cycle
BIOFLEX-E100-3421,17.0,72.1,240.7,84.7,1.59,Extended Rail Pre-Heating Cycle
BIOFLEX-E100-3422,31.7,88.0,267.9,99.8,1.0,Instant E100 Cold-Start Ignition (<1.0s)
BIOFLEX-E100-3423,20.6,82.1,261.0,94.3,1.12,Instant E100 Cold-Start Ignition (<1.0s)
BIOFLEX-E100-3424,3.4,52.7,216.2,58.8,1.75,Extended Rail Pre-Heating Cycle
BIOFLEX-E100-3425,-1.8,56.5,213.3,68.9,1.45,Extended Rail Pre-Heating Cycle
BIOFLEX-E100-3426,1.6,51.7,222.2,58.7,1.81,Extended Rail Pre-Heating Cycle
BIOFLEX-E100-3427,26.5,85.4,277.0,97.0,1.17,Instant E100 Cold-Start Ignition (<1.0s)
BIOFLEX-E100-3428,30.3,88.0,270.7,99.8,1.02,Instant E100 Cold-Start Ignition (<1.0s)
BIOFLEX-E100-3429,-3.4,52.7,228.5,59.4,1.68,Extended Rail Pre-Heating Cycle
BIOFLEX-E100-3430,10.0,71.6,256.0,83.4,1.2,Extended Rail Pre-Heating Cycle
BIOFLEX-E100-3431,18.2,78.3,255.9,87.8,1.21,Instant E100 Cold-Start Ignition (<1.0s)
BIOFLEX-E100-3432,-2.9,50.8,219.8,55.5,1.93,Extended Rail Pre-Heating Cycle
BIOFLEX-E100-3433,17.4,64.8,239.0,72.9,1.62,Extended Rail Pre-Heating Cycle
BIOFLEX-E100-3434,17.3,75.5,256.0,84.4,1.47,Extended Rail Pre-Heating Cycle
BIOFLEX-E100-3435,4.4,66.1,246.7,75.3,1.42,Extended Rail Pre-Heating Cycle
BIOFLEX-E100-3436,28.6,81.0,257.8,92.7,1.12,Instant E100 Cold-Start Ignition (<1.0s)
BIOFLEX-E100-3437,7.9,68.4,240.7,79.0,1.31,Extended Rail Pre-Heating Cycle
BIOFLEX-E100-3438,3.2,53.8,231.4,60.1,1.72,Extended Rail Pre-Heating Cycle
BIOFLEX-E100-3439,3.6,55.6,220.7,64.9,1.69,Extended Rail Pre-Heating Cycle
BIOFLEX-E100-3440,13.4,75.7,254.3,87.7,1.23,Instant E100 Cold-Start Ignition (<1.0s)
BIOFLEX-E100-3441,22.5,86.6,254.1,97.9,1.03,Instant E100 Cold-Start Ignition (<1.0s)
BIOFLEX-E100-3442,-3.9,54.7,232.4,62.8,1.66,Extended Rail Pre-Heating Cycle
BIOFLEX-E100-3443,4.5,62.5,232.4,71.9,1.46,Extended Rail Pre-Heating Cycle
BIOFLEX-E100-3444,24.0,74.7,234.4,92.0,1.13,Instant E100 Cold-Start Ignition (<1.0s)
BIOFLEX-E100-3445,10.8,60.2,228.1,68.6,1.65,Extended Rail Pre-Heating Cycle
BIOFLEX-E100-3446,11.4,58.9,235.2,70.8,1.63,Extended Rail Pre-Heating Cycle
BIOFLEX-E100-3447,-1.6,53.3,220.1,61.8,1.96,Extended Rail Pre-Heating Cycle
BIOFLEX-E100-3448,24.3,77.1,266.4,89.8,1.23,Instant E100 Cold-Start Ignition (<1.0s)
BIOFLEX-E100-3449,19.9,76.5,256.6,84.2,1.23,Extended Rail Pre-Heating Cycle
BIOFLEX-E100-3450,13.9,75.7,256.4,85.0,1.39,Instant E100 Cold-Start Ignition (<1.0s)
BIOFLEX-E100-3451,29.6,76.6,256.4,92.7,1.18,Instant E100 Cold-Start Ignition (<1.0s)
BIOFLEX-E100-3452,27.5,88.0,275.6,99.8,0.95,Instant E100 Cold-Start Ignition (<1.0s)
BIOFLEX-E100-3453,31.9,88.0,274.9,99.8,0.93,Instant E100 Cold-Start Ignition (<1.0s)
BIOFLEX-E100-3454,15.2,80.2,259.1,96.8,1.2,Instant E100 Cold-Start Ignition (<1.0s)
BIOFLEX-E100-3455,-3.1,58.5,214.7,68.5,1.4,Extended Rail Pre-Heating Cycle
BIOFLEX-E100-3456,13.0,76.4,260.2,88.0,1.13,Instant E100 Cold-Start Ignition (<1.0s)
BIOFLEX-E100-3457,31.9,77.1,244.4,88.6,1.13,Instant E100 Cold-Start Ignition (<1.0s)
BIOFLEX-E100-3458,16.8,77.8,244.9,87.9,1.32,Instant E100 Cold-Start Ignition (<1.0s)
BIOFLEX-E100-3459,27.2,81.1,265.5,95.8,1.14,Instant E100 Cold-Start Ignition (<1.0s)
BIOFLEX-E100-3460,18.3,69.1,242.7,77.7,1.38,Extended Rail Pre-Heating Cycle
BIOFLEX-E100-3461,29.2,88.0,258.1,99.8,0.97,Instant E100 Cold-Start Ignition (<1.0s)
BIOFLEX-E100-3462,6.0,68.7,234.4,77.5,1.28,Extended Rail Pre-Heating Cycle
BIOFLEX-E100-3463,-0.3,48.7,220.3,55.0,1.65,Extended Rail Pre-Heating Cycle
BIOFLEX-E100-3464,7.5,69.9,238.8,76.9,1.36,Extended Rail Pre-Heating Cycle
BIOFLEX-E100-3465,-3.6,48.3,237.8,56.1,1.86,Extended Rail Pre-Heating Cycle
BIOFLEX-E100-3466,11.9,76.0,254.4,87.6,1.32,Instant E100 Cold-Start Ignition (<1.0s)
BIOFLEX-E100-3467,11.4,74.4,257.5,83.6,1.34,Extended Rail Pre-Heating Cycle
BIOFLEX-E100-3468,17.2,68.6,248.4,80.2,1.57,Extended Rail Pre-Heating Cycle
BIOFLEX-E100-3469,15.8,70.1,245.7,80.9,1.38,Extended Rail Pre-Heating Cycle
BIOFLEX-E100-3470,26.8,78.0,253.9,88.7,1.26,Instant E100 Cold-Start Ignition (<1.0s)
BIOFLEX-E100-3471,23.1,81.3,251.3,89.2,1.19,Instant E100 Cold-Start Ignition (<1.0s)
BIOFLEX-E100-3472,6.2,68.5,234.5,77.0,1.42,Extended Rail Pre-Heating Cycle
BIOFLEX-E100-3473,23.7,86.7,270.7,99.8,1.02,Instant E100 Cold-Start Ignition (<1.0s)
BIOFLEX-E100-3474,22.2,77.8,251.0,87.8,1.25,Instant E100 Cold-Start Ignition (<1.0s)
BIOFLEX-E100-3475,24.5,88.0,274.9,99.8,0.93,Instant E100 Cold-Start Ignition (<1.0s)
BIOFLEX-E100-3476,2.4,52.4,213.5,60.4,1.77,Extended Rail Pre-Heating Cycle
BIOFLEX-E100-3477,28.4,88.0,272.4,99.8,1.13,Instant E100 Cold-Start Ignition (<1.0s)
BIOFLEX-E100-3478,2.9,64.6,242.0,75.2,1.47,Extended Rail Pre-Heating Cycle
BIOFLEX-E100-3479,22.4,72.1,241.6,84.7,1.34,Extended Rail Pre-Heating Cycle
BIOFLEX-E100-3480,-0.9,48.9,220.1,55.0,1.97,Extended Rail Pre-Heating Cycle
BIOFLEX-E100-3481,31.4,78.0,251.9,90.5,1.21,Instant E100 Cold-Start Ignition (<1.0s)
BIOFLEX-E100-3482,30.2,79.8,252.5,92.5,1.27,Instant E100 Cold-Start Ignition (<1.0s)
BIOFLEX-E100-3483,24.5,87.1,273.6,99.8,0.88,Instant E100 Cold-Start Ignition (<1.0s)
BIOFLEX-E100-3484,1.4,50.7,208.0,59.4,1.8,Extended Rail Pre-Heating Cycle
BIOFLEX-E100-3485,-4.5,54.3,224.9,64.9,1.54,Extended Rail Pre-Heating Cycle
BIOFLEX-E100-3486,19.3,68.9,228.1,78.2,1.27,Extended Rail Pre-Heating Cycle
BIOFLEX-E100-3487,15.9,80.5,266.5,95.0,1.08,Instant E100 Cold-Start Ignition (<1.0s)
BIOFLEX-E100-3488,23.6,82.6,260.8,93.2,1.3,Instant E100 Cold-Start Ignition (<1.0s)
BIOFLEX-E100-3489,27.8,79.7,258.8,92.6,1.24,Instant E100 Cold-Start Ignition (<1.0s)
BIOFLEX-E100-3490,23.6,70.1,249.6,78.6,1.4,Extended Rail Pre-Heating Cycle
BIOFLEX-E100-3491,21.3,72.6,232.8,85.7,1.29,Instant E100 Cold-Start Ignition (<1.0s)
BIOFLEX-E100-3492,23.9,81.0,267.5,94.0,1.14,Instant E100 Cold-Start Ignition (<1.0s)
BIOFLEX-E100-3493,5.1,64.6,236.8,75.1,1.67,Extended Rail Pre-Heating Cycle
BIOFLEX-E100-3494,5.9,62.4,240.1,74.1,1.42,Extended Rail Pre-Heating Cycle
BIOFLEX-E100-3495,8.4,69.2,239.6,79.5,1.28,Extended Rail Pre-Heating Cycle
BIOFLEX-E100-3496,18.7,65.5,225.1,79.7,1.5,Extended Rail Pre-Heating Cycle
BIOFLEX-E100-3497,10.9,63.8,237.6,73.4,1.44,Extended Rail Pre-Heating Cycle
BIOFLEX-E100-3498,-0.4,51.3,213.5,60.7,1.82,Extended Rail Pre-Heating Cycle
BIOFLEX-E100-3499,-5.0,45.0,203.0,55.0,1.66,Extended Rail Pre-Heating Cycle
BIOFLEX-E100-3500,20.2,65.3,245.1,71.4,1.44,Extended Rail Pre-Heating Cycle
BIOFLEX-E100-3501,0.4,64.0,245.5,75.0,1.38,Extended Rail Pre-Heating Cycle
BIOFLEX-E100-3502,5.9,58.9,229.9,65.7,1.74,Extended Rail Pre-Heating Cycle
BIOFLEX-E100-3503,14.4,77.3,246.8,89.6,1.09,Instant E100 Cold-Start Ignition (<1.0s)
BIOFLEX-E100-3504,1.5,56.2,228.8,68.5,1.64,Extended Rail Pre-Heating Cycle
BIOFLEX-E100-3505,20.5,81.5,265.2,91.7,1.26,Instant E100 Cold-Start Ignition (<1.0s)
BIOFLEX-E100-3506,15.4,66.4,237.8,76.7,1.44,Extended Rail Pre-Heating Cycle
BIOFLEX-E100-3507,27.8,79.0,265.7,88.8,1.18,Instant E100 Cold-Start Ignition (<1.0s)
BIOFLEX-E100-3508,10.1,59.6,231.3,67.9,1.66,Extended Rail Pre-Heating Cycle
BIOFLEX-E100-3509,-2.9,45.0,204.3,55.0,1.69,Extended Rail Pre-Heating Cycle
BIOFLEX-E100-3510,16.2,71.9,244.5,82.6,1.12,Extended Rail Pre-Heating Cycle
BIOFLEX-E100-3511,4.1,57.7,230.5,64.4,1.65,Extended Rail Pre-Heating Cycle
BIOFLEX-E100-3512,14.7,72.1,232.8,83.2,1.4,Extended Rail Pre-Heating Cycle
BIOFLEX-E100-3513,0.9,56.0,220.0,65.8,1.68,Extended Rail Pre-Heating Cycle
BIOFLEX-E100-3514,19.3,71.7,241.0,81.8,1.17,Extended Rail Pre-Heating Cycle
BIOFLEX-E100-3515,-4.4,45.1,218.8,55.0,1.83,Extended Rail Pre-Heating Cycle
BIOFLEX-E100-3516,26.6,84.6,263.1,97.2,1.26,Instant E100 Cold-Start Ignition (<1.0s)
BIOFLEX-E100-3517,-3.7,45.0,199.7,55.0,1.79,Extended Rail Pre-Heating Cycle
BIOFLEX-E100-3518,6.7,62.5,229.2,70.6,1.6,Extended Rail Pre-Heating Cycle
BIOFLEX-E100-3519,22.9,80.2,256.4,93.1,1.08,Instant E100 Cold-Start Ignition (<1.0s)
BIOFLEX-E100-3520,1.4,65.4,247.4,72.7,1.46,Extended Rail Pre-Heating Cycle
BIOFLEX-E100-3521,22.3,71.2,246.9,81.7,1.46,Extended Rail Pre-Heating Cycle
BIOFLEX-E100-3522,-0.9,54.8,219.6,64.8,1.59,Extended Rail Pre-Heating Cycle
BIOFLEX-E100-3523,4.3,65.5,225.5,75.4,1.19,Extended Rail Pre-Heating Cycle
BIOFLEX-E100-3524,8.1,62.4,245.9,71.6,1.4,Extended Rail Pre-Heating Cycle
BIOFLEX-E100-3525,0.3,51.5,207.8,58.6,1.6,Extended Rail Pre-Heating Cycle
BIOFLEX-E100-3526,4.7,57.4,237.7,63.3,1.63,Extended Rail Pre-Heating Cycle
BIOFLEX-E100-3527,0.7,51.1,228.4,60.1,1.86,Extended Rail Pre-Heating Cycle
BIOFLEX-E100-3528,26.4,71.9,237.1,81.1,1.28,Extended Rail Pre-Heating Cycle
BIOFLEX-E100-3529,2.9,61.8,239.8,72.4,1.47,Extended Rail Pre-Heating Cycle
BIOFLEX-E100-3530,-1.3,46.6,204.4,55.0,1.81,Extended Rail Pre-Heating Cycle
BIOFLEX-E100-3531,11.1,75.5,264.2,88.3,1.17,Instant E100 Cold-Start Ignition (<1.0s)
BIOFLEX-E100-3532,18.6,76.8,256.8,91.7,1.13,Instant E100 Cold-Start Ignition (<1.0s)
BIOFLEX-E100-3533,-4.6,45.0,212.7,55.0,1.84,Extended Rail Pre-Heating Cycle
BIOFLEX-E100-3534,-3.2,46.7,217.6,55.0,1.68,Extended Rail Pre-Heating Cycle
BIOFLEX-E100-3535,6.2,68.6,250.4,76.6,1.5,Extended Rail Pre-Heating Cycle
BIOFLEX-E100-3536,27.4,72.6,250.9,83.5,1.31,Extended Rail Pre-Heating Cycle
BIOFLEX-E100-3537,22.2,72.1,255.2,81.8,1.34,Extended Rail Pre-Heating Cycle
BIOFLEX-E100-3538,30.6,85.9,261.6,99.8,0.95,Instant E100 Cold-Start Ignition (<1.0s)
BIOFLEX-E100-3539,-1.7,46.6,217.7,56.1,1.82,Extended Rail Pre-Heating Cycle
BIOFLEX-E100-3540,10.5,61.7,240.1,75.1,1.41,Extended Rail Pre-Heating Cycle
BIOFLEX-E100-3541,-1.8,46.2,209.6,55.0,1.76,Extended Rail Pre-Heating Cycle
BIOFLEX-E100-3542,4.5,56.1,228.6,65.0,1.52,Extended Rail Pre-Heating Cycle
BIOFLEX-E100-3543,3.1,62.8,223.0,74.7,1.25,Extended Rail Pre-Heating Cycle
BIOFLEX-E100-3544,22.1,80.5,263.1,94.5,1.09,Instant E100 Cold-Start Ignition (<1.0s)
BIOFLEX-E100-3545,4.7,51.2,227.4,59.3,1.59,Extended Rail Pre-Heating Cycle
BIOFLEX-E100-3546,13.5,63.7,245.4,74.3,1.59,Extended Rail Pre-Heating Cycle
BIOFLEX-E100-3547,15.3,61.8,227.1,72.0,1.54,Extended Rail Pre-Heating Cycle
BIOFLEX-E100-3548,5.7,57.0,245.3,66.6,1.48,Extended Rail Pre-Heating Cycle
BIOFLEX-E100-3549,8.8,70.9,243.3,84.3,1.42,Extended Rail Pre-Heating Cycle
BIOFLEX-E100-3550,13.9,70.4,238.3,81.0,1.21,Extended Rail Pre-Heating Cycle
BIOFLEX-E100-3551,22.4,69.8,245.7,78.7,1.47,Extended Rail Pre-Heating Cycle
BIOFLEX-E100-3552,14.2,64.9,240.4,77.2,1.31,Extended Rail Pre-Heating Cycle
BIOFLEX-E100-3553,12.5,71.0,243.5,81.8,1.28,Extended Rail Pre-Heating Cycle
BIOFLEX-E100-3554,10.7,67.5,242.0,77.0,1.26,Extended Rail Pre-Heating Cycle
BIOFLEX-E100-3555,-4.3,49.8,215.2,59.2,1.77,Extended Rail Pre-Heating Cycle
BIOFLEX-E100-3556,16.1,78.5,262.7,90.8,1.16,Instant E100 Cold-Start Ignition (<1.0s)
BIOFLEX-E100-3557,5.5,65.5,231.3,78.1,1.28,Extended Rail Pre-Heating Cycle
BIOFLEX-E100-3558,29.4,88.0,269.5,99.8,0.95,Instant E100 Cold-Start Ignition (<1.0s)
BIOFLEX-E100-3559,29.1,82.4,268.6,93.8,1.21,Instant E100 Cold-Start Ignition (<1.0s)
BIOFLEX-E100-3560,30.9,76.1,255.0,87.5,1.23,Instant E100 Cold-Start Ignition (<1.0s)
BIOFLEX-E100-3561,2.1,58.6,238.4,67.5,1.46,Extended Rail Pre-Heating Cycle
BIOFLEX-E100-3562,23.9,79.6,259.6,93.9,1.06,Instant E100 Cold-Start Ignition (<1.0s)
BIOFLEX-E100-3563,24.1,87.2,274.4,99.8,1.03,Instant E100 Cold-Start Ignition (<1.0s)
BIOFLEX-E100-3564,24.3,83.1,257.6,97.1,1.12,Instant E100 Cold-Start Ignition (<1.0s)
BIOFLEX-E100-3565,3.1,53.7,222.4,61.6,1.69,Extended Rail Pre-Heating Cycle
BIOFLEX-E100-3566,3.0,53.2,228.4,60.8,1.63,Extended Rail Pre-Heating Cycle
BIOFLEX-E100-3567,6.0,54.6,217.4,67.1,1.37,Extended Rail Pre-Heating Cycle
BIOFLEX-E100-3568,22.8,87.8,270.1,99.8,1.08,Instant E100 Cold-Start Ignition (<1.0s)
BIOFLEX-E100-3569,23.4,86.9,265.9,96.5,1.34,Instant E100 Cold-Start Ignition (<1.0s)
BIOFLEX-E100-3570,30.5,86.4,265.2,99.8,0.95,Instant E100 Cold-Start Ignition (<1.0s)
BIOFLEX-E100-3571,17.1,68.1,238.1,79.3,1.37,Extended Rail Pre-Heating Cycle
BIOFLEX-E100-3572,24.8,87.8,270.0,99.7,0.94,Instant E100 Cold-Start Ignition (<1.0s)
BIOFLEX-E100-3573,30.6,88.0,273.7,99.8,0.95,Instant E100 Cold-Start Ignition (<1.0s)
BIOFLEX-E100-3574,7.0,64.8,238.2,79.3,1.25,Extended Rail Pre-Heating Cycle
BIOFLEX-E100-3575,19.4,73.8,251.5,83.3,1.3,Extended Rail Pre-Heating Cycle
BIOFLEX-E100-3576,4.4,59.6,229.8,68.1,1.6,Extended Rail Pre-Heating Cycle
BIOFLEX-E100-3577,-3.2,45.0,207.4,55.0,1.88,Extended Rail Pre-Heating Cycle
BIOFLEX-E100-3578,6.2,58.7,233.8,70.7,1.59,Extended Rail Pre-Heating Cycle
BIOFLEX-E100-3579,-0.3,49.7,218.9,58.0,1.9,Extended Rail Pre-Heating Cycle
BIOFLEX-E100-3580,1.0,46.4,204.7,55.0,1.68,Extended Rail Pre-Heating Cycle
BIOFLEX-E100-3581,13.5,59.2,224.0,67.4,1.49,Extended Rail Pre-Heating Cycle
BIOFLEX-E100-3582,31.8,88.0,268.7,99.8,0.94,Instant E100 Cold-Start Ignition (<1.0s)
BIOFLEX-E100-3583,26.1,87.5,265.1,99.8,0.89,Instant E100 Cold-Start Ignition (<1.0s)
BIOFLEX-E100-3584,15.4,62.2,234.4,70.4,1.59,Extended Rail Pre-Heating Cycle
BIOFLEX-E100-3585,22.7,71.2,239.4,80.0,1.31,Extended Rail Pre-Heating Cycle
BIOFLEX-E100-3586,8.5,58.2,227.5,72.8,1.4,Extended Rail Pre-Heating Cycle
BIOFLEX-E100-3587,28.0,88.0,242.9,99.1,1.02,Instant E100 Cold-Start Ignition (<1.0s)
BIOFLEX-E100-3588,29.8,80.1,257.6,94.5,1.03,Instant E100 Cold-Start Ignition (<1.0s)
BIOFLEX-E100-3589,14.3,71.4,252.0,84.5,1.32,Extended Rail Pre-Heating Cycle
BIOFLEX-E100-3590,16.1,63.4,238.1,71.1,1.57,Extended Rail Pre-Heating Cycle
BIOFLEX-E100-3591,7.0,61.5,223.1,71.8,1.51,Extended Rail Pre-Heating Cycle
BIOFLEX-E100-3592,10.9,65.1,227.2,76.8,1.36,Extended Rail Pre-Heating Cycle
BIOFLEX-E100-3593,17.6,66.3,244.7,79.0,1.37,Extended Rail Pre-Heating Cycle
BIOFLEX-E100-3594,12.6,66.0,255.2,76.4,1.48,Extended Rail Pre-Heating Cycle
BIOFLEX-E100-3595,-4.7,48.9,222.3,59.6,1.79,Extended Rail Pre-Heating Cycle
BIOFLEX-E100-3596,4.8,65.9,242.7,80.2,1.52,Extended Rail Pre-Heating Cycle
BIOFLEX-E100-3597,7.6,68.2,252.3,80.7,1.41,Extended Rail Pre-Heating Cycle
BIOFLEX-E100-3598,21.8,72.6,254.6,83.1,1.38,Extended Rail Pre-Heating Cycle
BIOFLEX-E100-3599,17.7,77.3,250.7,90.6,1.2,Instant E100 Cold-Start Ignition (<1.0s)
