Claim_ID,Dealership_ID,Replaced_Component,Claim_Amount_USD,Labor_Hours_Billed,Parts_Quantity,Vehicle_Age_Months,True_Fraud_Flag,Anomaly_Flag,Audit_Status
CLAIM-80000,Dealership-D011,Inverter ECU,4228.62,30.9,5,8,0,-1,High-Risk (Flagged for Audit)
CLAIM-80001,Dealership-D020,Transmission Valve Body,692.27,5.4,4,32,0,1,Approved Standard Claim
CLAIM-80002,Dealership-D004,Turbocharger Assembly,535.57,4.4,3,24,0,1,Approved Standard Claim
CLAIM-80003,Dealership-D015,Brake Caliper Kit,1374.74,11.3,2,39,0,1,Approved Standard Claim
CLAIM-80004,Dealership-D026,Infotainment Head Unit,1850.07,18.3,3,21,0,1,Approved Standard Claim
CLAIM-80005,Dealership-D032,Inverter ECU,1263.4,10.7,2,28,0,1,Approved Standard Claim
CLAIM-80006,Dealership-D028,Battery Module,1317.57,14.2,2,31,0,1,Approved Standard Claim
CLAIM-80007,Dealership-D002,Brake Caliper Kit,722.92,5.2,4,17,0,1,Approved Standard Claim
CLAIM-80008,Dealership-D044,Transmission Valve Body,1649.68,14.0,2,32,0,1,Approved Standard Claim
CLAIM-80009,Dealership-D001,Inverter ECU,984.34,9.9,2,36,0,1,Approved Standard Claim
CLAIM-80010,Dealership-D018,Transmission Valve Body,1201.32,11.4,4,42,0,1,Approved Standard Claim
CLAIM-80011,Dealership-D038,Inverter ECU,2015.75,22.4,4,23,0,1,Approved Standard Claim
CLAIM-80012,Dealership-D003,Turbocharger Assembly,824.43,8.3,2,8,0,1,Approved Standard Claim
CLAIM-80013,Dealership-D010,Transmission Valve Body,509.58,4.0,3,14,0,1,Approved Standard Claim
CLAIM-80014,Dealership-D013,Infotainment Head Unit,2197.93,21.2,1,13,0,1,Approved Standard Claim
CLAIM-80015,Dealership-D026,Turbocharger Assembly,820.38,8.4,5,45,0,1,Approved Standard Claim
CLAIM-80016,Dealership-D008,Turbocharger Assembly,1565.79,15.1,5,15,0,1,Approved Standard Claim
CLAIM-80017,Dealership-D037,Transmission Valve Body,569.24,4.6,3,38,0,1,Approved Standard Claim
CLAIM-80018,Dealership-D041,Brake Caliper Kit,2844.4,21.1,4,18,0,1,Approved Standard Claim
CLAIM-80019,Dealership-D040,Brake Caliper Kit,2647.62,21.4,2,24,0,1,Approved Standard Claim
CLAIM-80020,Dealership-D026,Inverter ECU,1627.38,13.6,3,47,0,1,Approved Standard Claim
CLAIM-80021,Dealership-D016,Brake Caliper Kit,1123.79,9.3,3,26,0,1,Approved Standard Claim
CLAIM-80022,Dealership-D028,Battery Module,1156.87,10.0,5,13,0,1,Approved Standard Claim
CLAIM-80023,Dealership-D043,Transmission Valve Body,849.3,6.7,4,42,0,1,Approved Standard Claim
CLAIM-80024,Dealership-D031,Battery Module,4820.78,35.0,1,43,0,-1,High-Risk (Flagged for Audit)
CLAIM-80025,Dealership-D013,Infotainment Head Unit,2953.31,27.2,3,37,0,1,Approved Standard Claim
CLAIM-80026,Dealership-D039,Inverter ECU,718.65,5.2,2,12,0,1,Approved Standard Claim
CLAIM-80027,Dealership-D005,Turbocharger Assembly,1136.56,12.4,3,14,0,1,Approved Standard Claim
CLAIM-80028,Dealership-D031,Turbocharger Assembly,1436.6,11.5,5,34,0,1,Approved Standard Claim
CLAIM-80029,Dealership-D026,Brake Caliper Kit,595.47,6.4,5,8,0,1,Approved Standard Claim
CLAIM-80030,Dealership-D010,Turbocharger Assembly,2877.52,20.6,5,15,0,1,Approved Standard Claim
CLAIM-80031,Dealership-D033,Transmission Valve Body,2097.99,21.3,6,39,0,1,Approved Standard Claim
CLAIM-80032,Dealership-D034,Battery Module,1830.67,20.2,6,21,1,1,Approved Standard Claim
CLAIM-80033,Dealership-D023,Infotainment Head Unit,865.13,6.6,6,34,0,1,Approved Standard Claim
CLAIM-80034,Dealership-D037,Transmission Valve Body,889.05,6.5,5,24,0,1,Approved Standard Claim
CLAIM-80035,Dealership-D035,Infotainment Head Unit,1527.49,11.9,3,31,0,1,Approved Standard Claim
CLAIM-80036,Dealership-D014,Transmission Valve Body,859.87,7.7,4,46,0,1,Approved Standard Claim
CLAIM-80037,Dealership-D001,Brake Caliper Kit,545.02,4.0,2,19,0,1,Approved Standard Claim
CLAIM-80038,Dealership-D014,Turbocharger Assembly,432.27,3.7,1,35,0,1,Approved Standard Claim
CLAIM-80039,Dealership-D008,Infotainment Head Unit,1124.72,10.5,3,8,0,1,Approved Standard Claim
CLAIM-80040,Dealership-D027,Brake Caliper Kit,1541.44,11.7,4,21,0,1,Approved Standard Claim
CLAIM-80041,Dealership-D001,Infotainment Head Unit,1242.16,9.9,4,32,0,1,Approved Standard Claim
CLAIM-80042,Dealership-D005,Inverter ECU,3539.18,26.5,2,25,0,1,Approved Standard Claim
CLAIM-80043,Dealership-D031,Turbocharger Assembly,1072.26,8.2,3,33,0,1,Approved Standard Claim
CLAIM-80044,Dealership-D008,Transmission Valve Body,902.98,7.5,3,40,0,1,Approved Standard Claim
CLAIM-80045,Dealership-D024,Turbocharger Assembly,2967.97,28.2,4,41,0,1,Approved Standard Claim
CLAIM-80046,Dealership-D024,Transmission Valve Body,976.52,7.8,2,21,0,1,Approved Standard Claim
CLAIM-80047,Dealership-D017,Brake Caliper Kit,521.92,4.9,1,37,0,1,Approved Standard Claim
CLAIM-80048,Dealership-D020,Infotainment Head Unit,781.53,8.6,4,19,0,1,Approved Standard Claim
CLAIM-80049,Dealership-D017,Transmission Valve Body,2342.22,17.3,3,29,0,1,Approved Standard Claim
CLAIM-80050,Dealership-D021,Turbocharger Assembly,1585.57,13.1,2,9,0,1,Approved Standard Claim
CLAIM-80051,Dealership-D034,Brake Caliper Kit,8538.14,61.7,5,27,1,-1,High-Risk (Flagged for Audit)
CLAIM-80052,Dealership-D039,Transmission Valve Body,1866.38,17.4,3,8,0,1,Approved Standard Claim
CLAIM-80053,Dealership-D032,Transmission Valve Body,986.58,10.6,2,38,0,1,Approved Standard Claim
CLAIM-80054,Dealership-D021,Brake Caliper Kit,1449.67,13.5,6,42,0,1,Approved Standard Claim
CLAIM-80055,Dealership-D033,Transmission Valve Body,483.05,3.6,5,32,0,1,Approved Standard Claim
CLAIM-80056,Dealership-D020,Transmission Valve Body,1710.18,17.0,6,40,0,1,Approved Standard Claim
CLAIM-80057,Dealership-D025,Transmission Valve Body,1963.87,16.2,1,13,0,1,Approved Standard Claim
CLAIM-80058,Dealership-D012,Infotainment Head Unit,695.97,6.5,2,13,0,1,Approved Standard Claim
CLAIM-80059,Dealership-D036,Transmission Valve Body,1240.94,10.5,3,29,0,1,Approved Standard Claim
CLAIM-80060,Dealership-D025,Inverter ECU,994.03,9.9,4,42,0,1,Approved Standard Claim
CLAIM-80061,Dealership-D005,Battery Module,521.65,4.2,3,22,0,1,Approved Standard Claim
CLAIM-80062,Dealership-D032,Transmission Valve Body,2056.01,21.4,2,36,0,1,Approved Standard Claim
CLAIM-80063,Dealership-D026,Infotainment Head Unit,4337.35,33.5,3,47,0,1,Approved Standard Claim
CLAIM-80064,Dealership-D002,Transmission Valve Body,1129.31,8.6,4,13,0,1,Approved Standard Claim
CLAIM-80065,Dealership-D013,Inverter ECU,2612.63,23.1,1,28,0,1,Approved Standard Claim
CLAIM-80066,Dealership-D035,Battery Module,1681.95,17.0,4,10,0,1,Approved Standard Claim
CLAIM-80067,Dealership-D032,Inverter ECU,3869.32,39.5,7,47,0,-1,High-Risk (Flagged for Audit)
CLAIM-80068,Dealership-D011,Turbocharger Assembly,2012.25,17.4,4,19,0,1,Approved Standard Claim
CLAIM-80069,Dealership-D043,Inverter ECU,1067.17,8.6,2,27,0,1,Approved Standard Claim
CLAIM-80070,Dealership-D015,Brake Caliper Kit,1580.69,15.2,3,33,0,1,Approved Standard Claim
CLAIM-80071,Dealership-D040,Transmission Valve Body,953.53,8.4,3,29,0,1,Approved Standard Claim
CLAIM-80072,Dealership-D043,Brake Caliper Kit,2807.69,26.1,3,10,0,1,Approved Standard Claim
CLAIM-80073,Dealership-D010,Battery Module,824.05,6.0,5,19,0,1,Approved Standard Claim
CLAIM-80074,Dealership-D018,Inverter ECU,830.01,7.4,3,6,0,1,Approved Standard Claim
CLAIM-80075,Dealership-D004,Brake Caliper Kit,973.09,9.4,2,36,0,1,Approved Standard Claim
CLAIM-80076,Dealership-D025,Infotainment Head Unit,2852.0,23.2,6,21,0,1,Approved Standard Claim
CLAIM-80077,Dealership-D035,Battery Module,1759.08,17.5,1,38,0,1,Approved Standard Claim
CLAIM-80078,Dealership-D042,Battery Module,707.54,7.5,3,30,0,1,Approved Standard Claim
CLAIM-80079,Dealership-D033,Inverter ECU,1452.88,11.2,3,11,0,1,Approved Standard Claim
CLAIM-80080,Dealership-D042,Battery Module,4095.27,39.6,2,16,0,-1,High-Risk (Flagged for Audit)
CLAIM-80081,Dealership-D028,Battery Module,1418.53,10.7,2,37,0,1,Approved Standard Claim
CLAIM-80082,Dealership-D012,Turbocharger Assembly,1474.39,15.1,4,47,0,1,Approved Standard Claim
CLAIM-80083,Dealership-D016,Transmission Valve Body,3332.23,30.8,5,14,0,1,Approved Standard Claim
CLAIM-80084,Dealership-D023,Inverter ECU,787.9,6.5,1,13,0,1,Approved Standard Claim
CLAIM-80085,Dealership-D042,Transmission Valve Body,774.7,8.3,1,36,0,1,Approved Standard Claim
CLAIM-80086,Dealership-D035,Transmission Valve Body,1555.55,11.8,4,17,0,1,Approved Standard Claim
CLAIM-80087,Dealership-D012,Turbocharger Assembly,1982.03,20.4,1,16,0,1,Approved Standard Claim
CLAIM-80088,Dealership-D032,Brake Caliper Kit,504.42,5.2,3,44,0,1,Approved Standard Claim
CLAIM-80089,Dealership-D015,Infotainment Head Unit,891.87,7.6,3,47,0,1,Approved Standard Claim
CLAIM-80090,Dealership-D017,Infotainment Head Unit,1667.47,15.9,2,18,0,1,Approved Standard Claim
CLAIM-80091,Dealership-D012,Brake Caliper Kit,834.68,9.3,2,8,0,1,Approved Standard Claim
CLAIM-80092,Dealership-D015,Inverter ECU,3227.47,31.0,2,15,0,1,Approved Standard Claim
CLAIM-80093,Dealership-D039,Infotainment Head Unit,925.25,10.0,1,33,0,1,Approved Standard Claim
CLAIM-80094,Dealership-D043,Transmission Valve Body,753.75,6.2,4,6,0,1,Approved Standard Claim
CLAIM-80095,Dealership-D037,Battery Module,499.23,5.2,3,26,0,1,Approved Standard Claim
CLAIM-80096,Dealership-D031,Transmission Valve Body,589.43,4.6,2,28,0,1,Approved Standard Claim
CLAIM-80097,Dealership-D012,Battery Module,1543.48,11.3,2,13,0,1,Approved Standard Claim
CLAIM-80098,Dealership-D014,Transmission Valve Body,1821.6,15.9,2,26,0,1,Approved Standard Claim
CLAIM-80099,Dealership-D001,Brake Caliper Kit,556.4,4.9,1,43,0,1,Approved Standard Claim
CLAIM-80100,Dealership-D033,Transmission Valve Body,1505.3,15.9,4,14,0,1,Approved Standard Claim
CLAIM-80101,Dealership-D017,Inverter ECU,3804.13,33.5,1,28,0,1,Approved Standard Claim
CLAIM-80102,Dealership-D015,Transmission Valve Body,572.68,6.0,5,15,0,1,Approved Standard Claim
CLAIM-80103,Dealership-D018,Battery Module,770.77,5.9,5,33,0,1,Approved Standard Claim
CLAIM-80104,Dealership-D040,Brake Caliper Kit,1319.44,11.1,1,14,0,1,Approved Standard Claim
CLAIM-80105,Dealership-D007,Transmission Valve Body,2594.76,23.1,4,16,0,1,Approved Standard Claim
CLAIM-80106,Dealership-D042,Brake Caliper Kit,438.31,4.1,3,32,0,1,Approved Standard Claim
CLAIM-80107,Dealership-D021,Infotainment Head Unit,2320.4,23.5,2,38,0,1,Approved Standard Claim
CLAIM-80108,Dealership-D041,Inverter ECU,3895.28,34.0,1,34,0,1,Approved Standard Claim
CLAIM-80109,Dealership-D003,Transmission Valve Body,1594.77,14.9,3,14,0,1,Approved Standard Claim
CLAIM-80110,Dealership-D013,Transmission Valve Body,2583.44,21.9,3,33,0,1,Approved Standard Claim
CLAIM-80111,Dealership-D004,Brake Caliper Kit,542.56,5.6,3,21,0,1,Approved Standard Claim
CLAIM-80112,Dealership-D023,Turbocharger Assembly,1298.16,12.7,3,11,0,1,Approved Standard Claim
CLAIM-80113,Dealership-D027,Turbocharger Assembly,504.75,4.1,5,22,0,1,Approved Standard Claim
CLAIM-80114,Dealership-D031,Turbocharger Assembly,1231.11,9.1,3,14,0,1,Approved Standard Claim
CLAIM-80115,Dealership-D033,Inverter ECU,2474.01,21.8,2,20,0,1,Approved Standard Claim
CLAIM-80116,Dealership-D033,Brake Caliper Kit,1353.72,11.9,4,18,0,1,Approved Standard Claim
CLAIM-80117,Dealership-D017,Brake Caliper Kit,1207.53,11.6,7,8,0,1,Approved Standard Claim
CLAIM-80118,Dealership-D032,Inverter ECU,578.04,4.8,2,20,0,1,Approved Standard Claim
CLAIM-80119,Dealership-D033,Brake Caliper Kit,1134.93,11.2,1,15,0,1,Approved Standard Claim
CLAIM-80120,Dealership-D036,Inverter ECU,1225.98,10.6,7,21,0,1,Approved Standard Claim
CLAIM-80121,Dealership-D008,Infotainment Head Unit,491.79,3.8,3,28,0,1,Approved Standard Claim
CLAIM-80122,Dealership-D035,Brake Caliper Kit,557.25,5.1,2,12,0,1,Approved Standard Claim
CLAIM-80123,Dealership-D013,Brake Caliper Kit,860.7,8.6,5,18,0,1,Approved Standard Claim
CLAIM-80124,Dealership-D024,Inverter ECU,1102.4,9.9,4,17,0,1,Approved Standard Claim
CLAIM-80125,Dealership-D042,Infotainment Head Unit,700.2,5.3,5,28,0,1,Approved Standard Claim
CLAIM-80126,Dealership-D026,Transmission Valve Body,2306.01,19.9,5,9,0,1,Approved Standard Claim
CLAIM-80127,Dealership-D038,Infotainment Head Unit,1198.57,9.5,1,31,0,1,Approved Standard Claim
CLAIM-80128,Dealership-D026,Inverter ECU,518.86,5.3,4,45,0,1,Approved Standard Claim
CLAIM-80129,Dealership-D008,Inverter ECU,2045.26,20.3,5,47,0,1,Approved Standard Claim
CLAIM-80130,Dealership-D011,Turbocharger Assembly,599.83,4.4,5,16,0,1,Approved Standard Claim
CLAIM-80131,Dealership-D035,Inverter ECU,764.06,5.7,5,37,0,1,Approved Standard Claim
CLAIM-80132,Dealership-D041,Turbocharger Assembly,3094.96,27.2,3,27,0,1,Approved Standard Claim
CLAIM-80133,Dealership-D038,Infotainment Head Unit,1097.53,11.2,4,23,0,1,Approved Standard Claim
CLAIM-80134,Dealership-D033,Transmission Valve Body,1792.21,15.4,1,36,0,1,Approved Standard Claim
CLAIM-80135,Dealership-D006,Inverter ECU,504.69,4.0,3,11,0,1,Approved Standard Claim
CLAIM-80136,Dealership-D044,Turbocharger Assembly,1742.24,13.0,3,22,0,1,Approved Standard Claim
CLAIM-80137,Dealership-D002,Brake Caliper Kit,936.22,7.5,4,18,0,1,Approved Standard Claim
CLAIM-80138,Dealership-D035,Infotainment Head Unit,711.55,6.3,5,20,0,1,Approved Standard Claim
CLAIM-80139,Dealership-D041,Battery Module,1284.99,9.2,4,11,0,1,Approved Standard Claim
CLAIM-80140,Dealership-D042,Turbocharger Assembly,1084.91,10.6,4,41,0,1,Approved Standard Claim
CLAIM-80141,Dealership-D035,Inverter ECU,1028.88,9.5,4,9,0,1,Approved Standard Claim
CLAIM-80142,Dealership-D041,Transmission Valve Body,5431.27,40.5,4,25,0,-1,High-Risk (Flagged for Audit)
CLAIM-80143,Dealership-D025,Brake Caliper Kit,2217.13,23.3,4,30,0,1,Approved Standard Claim
CLAIM-80144,Dealership-D009,Battery Module,1403.26,10.0,3,30,0,1,Approved Standard Claim
CLAIM-80145,Dealership-D023,Brake Caliper Kit,2543.41,19.3,6,25,0,1,Approved Standard Claim
CLAIM-80146,Dealership-D039,Turbocharger Assembly,455.9,4.2,1,38,0,1,Approved Standard Claim
CLAIM-80147,Dealership-D003,Inverter ECU,1305.21,9.6,5,45,0,1,Approved Standard Claim
CLAIM-80148,Dealership-D022,Transmission Valve Body,1131.57,8.8,2,31,0,1,Approved Standard Claim
CLAIM-80149,Dealership-D023,Transmission Valve Body,823.44,9.0,2,8,0,1,Approved Standard Claim
CLAIM-80150,Dealership-D024,Infotainment Head Unit,1074.02,8.0,3,35,0,1,Approved Standard Claim
CLAIM-80151,Dealership-D035,Infotainment Head Unit,914.99,7.0,3,21,0,1,Approved Standard Claim
CLAIM-80152,Dealership-D030,Transmission Valve Body,765.21,7.7,1,30,0,1,Approved Standard Claim
CLAIM-80153,Dealership-D024,Turbocharger Assembly,1022.83,10.7,4,41,0,1,Approved Standard Claim
CLAIM-80154,Dealership-D012,Inverter ECU,1372.23,10.1,1,6,0,1,Approved Standard Claim
CLAIM-80155,Dealership-D002,Turbocharger Assembly,1137.74,9.9,2,27,0,1,Approved Standard Claim
CLAIM-80156,Dealership-D041,Turbocharger Assembly,1136.43,8.9,4,6,0,1,Approved Standard Claim
CLAIM-80157,Dealership-D023,Brake Caliper Kit,1612.06,16.6,2,36,0,1,Approved Standard Claim
CLAIM-80158,Dealership-D001,Turbocharger Assembly,989.13,10.9,2,13,0,1,Approved Standard Claim
CLAIM-80159,Dealership-D006,Battery Module,672.58,4.8,2,43,0,1,Approved Standard Claim
CLAIM-80160,Dealership-D019,Battery Module,978.02,7.7,1,10,0,1,Approved Standard Claim
CLAIM-80161,Dealership-D038,Turbocharger Assembly,1585.09,12.8,4,43,0,1,Approved Standard Claim
CLAIM-80162,Dealership-D015,Brake Caliper Kit,487.03,3.8,4,6,0,1,Approved Standard Claim
CLAIM-80163,Dealership-D013,Brake Caliper Kit,665.12,6.1,6,12,0,1,Approved Standard Claim
CLAIM-80164,Dealership-D002,Transmission Valve Body,1619.81,11.9,3,30,0,1,Approved Standard Claim
CLAIM-80165,Dealership-D031,Turbocharger Assembly,1065.73,9.8,3,46,0,1,Approved Standard Claim
CLAIM-80166,Dealership-D028,Turbocharger Assembly,1426.5,13.6,2,38,0,1,Approved Standard Claim
CLAIM-80167,Dealership-D011,Transmission Valve Body,1480.61,12.4,1,15,0,1,Approved Standard Claim
CLAIM-80168,Dealership-D019,Inverter ECU,1921.72,19.0,2,18,0,1,Approved Standard Claim
CLAIM-80169,Dealership-D027,Inverter ECU,7043.14,50.8,4,33,0,-1,High-Risk (Flagged for Audit)
CLAIM-80170,Dealership-D032,Turbocharger Assembly,403.83,3.5,5,17,0,1,Approved Standard Claim
CLAIM-80171,Dealership-D037,Brake Caliper Kit,544.89,5.9,4,12,0,1,Approved Standard Claim
CLAIM-80172,Dealership-D044,Turbocharger Assembly,598.1,4.3,4,20,0,1,Approved Standard Claim
CLAIM-80173,Dealership-D042,Turbocharger Assembly,1063.02,8.0,5,35,0,1,Approved Standard Claim
CLAIM-80174,Dealership-D006,Transmission Valve Body,1079.86,8.6,3,19,0,1,Approved Standard Claim
CLAIM-80175,Dealership-D038,Inverter ECU,2080.85,15.7,4,16,0,1,Approved Standard Claim
CLAIM-80176,Dealership-D009,Transmission Valve Body,939.02,8.1,2,10,0,1,Approved Standard Claim
CLAIM-80177,Dealership-D033,Transmission Valve Body,2317.28,19.3,1,19,0,1,Approved Standard Claim
CLAIM-80178,Dealership-D008,Transmission Valve Body,2557.71,23.0,3,24,0,1,Approved Standard Claim
CLAIM-80179,Dealership-D021,Transmission Valve Body,763.97,7.5,1,16,0,1,Approved Standard Claim
CLAIM-80180,Dealership-D024,Turbocharger Assembly,2266.66,23.1,3,18,0,1,Approved Standard Claim
CLAIM-80181,Dealership-D044,Turbocharger Assembly,3472.21,30.2,5,13,0,1,Approved Standard Claim
CLAIM-80182,Dealership-D001,Infotainment Head Unit,2371.15,17.1,2,42,0,1,Approved Standard Claim
CLAIM-80183,Dealership-D042,Brake Caliper Kit,1111.28,8.5,5,23,0,1,Approved Standard Claim
CLAIM-80184,Dealership-D040,Battery Module,2185.86,20.3,3,40,0,1,Approved Standard Claim
CLAIM-80185,Dealership-D031,Infotainment Head Unit,5447.44,47.0,2,10,0,-1,High-Risk (Flagged for Audit)
CLAIM-80186,Dealership-D015,Transmission Valve Body,1031.87,7.6,3,46,0,1,Approved Standard Claim
CLAIM-80187,Dealership-D039,Battery Module,754.48,5.9,6,13,0,1,Approved Standard Claim
CLAIM-80188,Dealership-D034,Turbocharger Assembly,1855.72,22.0,5,38,1,1,Approved Standard Claim
CLAIM-80189,Dealership-D030,Brake Caliper Kit,466.78,3.3,1,36,0,1,Approved Standard Claim
CLAIM-80190,Dealership-D018,Inverter ECU,1348.73,10.2,2,45,0,1,Approved Standard Claim
CLAIM-80191,Dealership-D041,Transmission Valve Body,761.09,5.7,4,25,0,1,Approved Standard Claim
CLAIM-80192,Dealership-D028,Brake Caliper Kit,569.24,4.3,3,10,0,1,Approved Standard Claim
CLAIM-80193,Dealership-D042,Infotainment Head Unit,2559.99,21.1,4,34,0,1,Approved Standard Claim
CLAIM-80194,Dealership-D020,Transmission Valve Body,871.74,6.4,2,36,0,1,Approved Standard Claim
CLAIM-80195,Dealership-D005,Inverter ECU,668.22,6.7,6,45,0,1,Approved Standard Claim
CLAIM-80196,Dealership-D030,Brake Caliper Kit,1214.73,12.6,2,38,0,1,Approved Standard Claim
CLAIM-80197,Dealership-D018,Infotainment Head Unit,1677.0,17.0,1,9,0,1,Approved Standard Claim
CLAIM-80198,Dealership-D039,Turbocharger Assembly,2878.72,31.2,4,44,0,1,Approved Standard Claim
CLAIM-80199,Dealership-D044,Transmission Valve Body,2743.79,21.7,4,17,0,1,Approved Standard Claim
CLAIM-80200,Dealership-D031,Transmission Valve Body,645.3,6.6,2,19,0,1,Approved Standard Claim
CLAIM-80201,Dealership-D035,Transmission Valve Body,1862.17,17.2,2,16,0,1,Approved Standard Claim
CLAIM-80202,Dealership-D024,Inverter ECU,602.24,4.7,6,20,0,1,Approved Standard Claim
CLAIM-80203,Dealership-D032,Battery Module,1350.37,9.8,2,6,0,1,Approved Standard Claim
CLAIM-80204,Dealership-D037,Brake Caliper Kit,1480.09,11.4,2,17,0,1,Approved Standard Claim
CLAIM-80205,Dealership-D038,Transmission Valve Body,2007.61,15.1,3,24,0,1,Approved Standard Claim
CLAIM-80206,Dealership-D013,Turbocharger Assembly,2117.39,17.7,2,19,0,1,Approved Standard Claim
CLAIM-80207,Dealership-D017,Transmission Valve Body,2446.76,22.0,1,12,0,1,Approved Standard Claim
CLAIM-80208,Dealership-D033,Transmission Valve Body,775.12,5.8,2,30,0,1,Approved Standard Claim
CLAIM-80209,Dealership-D044,Turbocharger Assembly,2892.46,21.1,6,40,0,1,Approved Standard Claim
CLAIM-80210,Dealership-D005,Infotainment Head Unit,1480.73,10.7,3,16,0,1,Approved Standard Claim
CLAIM-80211,Dealership-D038,Inverter ECU,3911.73,32.8,2,46,0,1,Approved Standard Claim
CLAIM-80212,Dealership-D037,Turbocharger Assembly,2128.54,20.5,1,9,0,1,Approved Standard Claim
CLAIM-80213,Dealership-D013,Battery Module,558.99,5.0,2,15,0,1,Approved Standard Claim
CLAIM-80214,Dealership-D034,Infotainment Head Unit,2186.36,23.7,4,29,0,1,Approved Standard Claim
CLAIM-80215,Dealership-D007,Turbocharger Assembly,2901.24,15.1,11,44,1,-1,High-Risk (Flagged for Audit)
CLAIM-80216,Dealership-D030,Turbocharger Assembly,3739.84,39.4,2,14,0,1,Approved Standard Claim
CLAIM-80217,Dealership-D041,Battery Module,606.89,4.6,5,20,0,1,Approved Standard Claim
CLAIM-80218,Dealership-D039,Infotainment Head Unit,900.82,7.4,2,15,0,1,Approved Standard Claim
CLAIM-80219,Dealership-D027,Inverter ECU,442.59,4.7,3,31,0,1,Approved Standard Claim
CLAIM-80220,Dealership-D043,Transmission Valve Body,1837.72,19.6,4,29,0,1,Approved Standard Claim
CLAIM-80221,Dealership-D009,Inverter ECU,543.92,5.9,1,42,0,1,Approved Standard Claim
CLAIM-80222,Dealership-D029,Inverter ECU,451.02,4.4,2,21,0,1,Approved Standard Claim
CLAIM-80223,Dealership-D028,Infotainment Head Unit,2329.52,18.6,3,10,0,1,Approved Standard Claim
CLAIM-80224,Dealership-D032,Inverter ECU,611.55,4.8,2,28,0,1,Approved Standard Claim
CLAIM-80225,Dealership-D044,Inverter ECU,715.68,6.4,2,43,0,1,Approved Standard Claim
CLAIM-80226,Dealership-D015,Inverter ECU,1418.53,14.3,3,29,0,1,Approved Standard Claim
CLAIM-80227,Dealership-D040,Turbocharger Assembly,4930.25,40.7,4,30,0,1,Approved Standard Claim
CLAIM-80228,Dealership-D039,Battery Module,3318.86,33.5,3,37,0,1,Approved Standard Claim
CLAIM-80229,Dealership-D005,Brake Caliper Kit,474.59,3.9,2,42,0,1,Approved Standard Claim
CLAIM-80230,Dealership-D018,Infotainment Head Unit,1360.62,14.1,2,12,0,1,Approved Standard Claim
CLAIM-80231,Dealership-D033,Inverter ECU,625.38,5.7,8,21,0,-1,High-Risk (Flagged for Audit)
CLAIM-80232,Dealership-D028,Brake Caliper Kit,1221.93,9.8,5,44,0,1,Approved Standard Claim
CLAIM-80233,Dealership-D019,Turbocharger Assembly,955.14,7.4,7,32,0,1,Approved Standard Claim
CLAIM-80234,Dealership-D001,Inverter ECU,1587.88,16.3,4,32,0,1,Approved Standard Claim
CLAIM-80235,Dealership-D044,Turbocharger Assembly,962.87,9.7,3,24,0,1,Approved Standard Claim
CLAIM-80236,Dealership-D043,Turbocharger Assembly,2542.46,23.2,3,17,0,1,Approved Standard Claim
CLAIM-80237,Dealership-D014,Transmission Valve Body,1385.28,12.5,3,15,0,1,Approved Standard Claim
CLAIM-80238,Dealership-D043,Turbocharger Assembly,1583.29,16.5,4,40,0,1,Approved Standard Claim
CLAIM-80239,Dealership-D011,Brake Caliper Kit,3054.15,32.5,3,8,0,1,Approved Standard Claim
CLAIM-80240,Dealership-D042,Brake Caliper Kit,1162.4,8.5,2,42,0,1,Approved Standard Claim
CLAIM-80241,Dealership-D041,Inverter ECU,1310.28,9.8,1,14,0,1,Approved Standard Claim
CLAIM-80242,Dealership-D005,Transmission Valve Body,1122.49,8.6,1,18,0,1,Approved Standard Claim
CLAIM-80243,Dealership-D018,Transmission Valve Body,2247.07,20.3,4,11,0,1,Approved Standard Claim
CLAIM-80244,Dealership-D037,Turbocharger Assembly,1747.31,18.1,4,18,0,1,Approved Standard Claim
CLAIM-80245,Dealership-D035,Turbocharger Assembly,502.15,3.9,4,11,0,1,Approved Standard Claim
CLAIM-80246,Dealership-D040,Battery Module,2825.57,24.7,3,17,0,1,Approved Standard Claim
CLAIM-80247,Dealership-D018,Turbocharger Assembly,4146.33,33.7,3,26,0,1,Approved Standard Claim
CLAIM-80248,Dealership-D022,Transmission Valve Body,1583.87,16.8,2,46,0,1,Approved Standard Claim
CLAIM-80249,Dealership-D022,Turbocharger Assembly,1353.76,10.0,2,41,0,1,Approved Standard Claim
CLAIM-80250,Dealership-D006,Inverter ECU,1339.1,10.2,4,43,0,1,Approved Standard Claim
CLAIM-80251,Dealership-D026,Inverter ECU,947.08,8.0,2,23,0,1,Approved Standard Claim
CLAIM-80252,Dealership-D021,Transmission Valve Body,2053.49,16.6,3,35,0,1,Approved Standard Claim
CLAIM-80253,Dealership-D012,Inverter ECU,594.54,5.1,3,12,0,1,Approved Standard Claim
CLAIM-80254,Dealership-D015,Infotainment Head Unit,813.92,7.2,3,38,0,1,Approved Standard Claim
CLAIM-80255,Dealership-D028,Infotainment Head Unit,1491.07,13.2,5,8,0,1,Approved Standard Claim
CLAIM-80256,Dealership-D015,Transmission Valve Body,3010.99,26.0,2,38,0,1,Approved Standard Claim
CLAIM-80257,Dealership-D043,Inverter ECU,2433.25,18.0,2,22,0,1,Approved Standard Claim
CLAIM-80258,Dealership-D007,Inverter ECU,2714.52,18.3,10,46,1,-1,High-Risk (Flagged for Audit)
CLAIM-80259,Dealership-D011,Inverter ECU,1432.23,12.5,3,15,0,1,Approved Standard Claim
CLAIM-80260,Dealership-D038,Battery Module,1433.43,14.0,4,30,0,1,Approved Standard Claim
CLAIM-80261,Dealership-D015,Inverter ECU,763.33,7.1,6,13,0,1,Approved Standard Claim
CLAIM-80262,Dealership-D002,Brake Caliper Kit,636.01,5.4,1,35,0,1,Approved Standard Claim
CLAIM-80263,Dealership-D007,Inverter ECU,10607.85,76.4,9,44,1,-1,High-Risk (Flagged for Audit)
CLAIM-80264,Dealership-D012,Turbocharger Assembly,1000.51,8.4,5,28,0,1,Approved Standard Claim
CLAIM-80265,Dealership-D033,Brake Caliper Kit,695.61,6.5,5,29,0,1,Approved Standard Claim
CLAIM-80266,Dealership-D017,Turbocharger Assembly,1761.65,15.3,1,15,0,1,Approved Standard Claim
CLAIM-80267,Dealership-D028,Turbocharger Assembly,3576.31,36.8,4,14,0,1,Approved Standard Claim
CLAIM-80268,Dealership-D039,Turbocharger Assembly,838.64,6.3,4,44,0,1,Approved Standard Claim
CLAIM-80269,Dealership-D005,Inverter ECU,2968.57,27.0,1,9,0,1,Approved Standard Claim
CLAIM-80270,Dealership-D034,Battery Module,1739.76,17.8,3,36,0,1,Approved Standard Claim
CLAIM-80271,Dealership-D008,Brake Caliper Kit,2137.35,16.6,3,9,0,1,Approved Standard Claim
CLAIM-80272,Dealership-D034,Brake Caliper Kit,4928.11,49.7,5,39,0,-1,High-Risk (Flagged for Audit)
CLAIM-80273,Dealership-D039,Brake Caliper Kit,963.84,7.1,3,11,0,1,Approved Standard Claim
CLAIM-80274,Dealership-D030,Transmission Valve Body,2101.37,20.4,4,22,0,1,Approved Standard Claim
CLAIM-80275,Dealership-D023,Inverter ECU,4142.14,30.9,3,13,0,1,Approved Standard Claim
CLAIM-80276,Dealership-D041,Brake Caliper Kit,401.53,3.0,3,18,0,1,Approved Standard Claim
CLAIM-80277,Dealership-D009,Turbocharger Assembly,682.11,5.8,4,8,0,1,Approved Standard Claim
CLAIM-80278,Dealership-D002,Battery Module,543.08,4.1,2,46,0,1,Approved Standard Claim
CLAIM-80279,Dealership-D001,Transmission Valve Body,866.05,7.1,5,34,0,1,Approved Standard Claim
CLAIM-80280,Dealership-D013,Inverter ECU,2000.0,20.0,1,20,0,1,Approved Standard Claim
CLAIM-80281,Dealership-D038,Brake Caliper Kit,971.56,8.9,2,44,0,1,Approved Standard Claim
CLAIM-80282,Dealership-D003,Brake Caliper Kit,1383.71,10.4,3,44,0,1,Approved Standard Claim
CLAIM-80283,Dealership-D021,Brake Caliper Kit,1396.93,12.9,2,8,0,1,Approved Standard Claim
CLAIM-80284,Dealership-D037,Infotainment Head Unit,1046.71,9.6,6,28,0,1,Approved Standard Claim
CLAIM-80285,Dealership-D002,Inverter ECU,625.46,6.6,3,38,0,1,Approved Standard Claim
CLAIM-80286,Dealership-D017,Transmission Valve Body,1976.41,15.4,1,8,0,1,Approved Standard Claim
CLAIM-80287,Dealership-D037,Battery Module,792.04,6.9,5,36,0,1,Approved Standard Claim
CLAIM-80288,Dealership-D023,Inverter ECU,844.34,6.2,2,12,0,1,Approved Standard Claim
CLAIM-80289,Dealership-D004,Infotainment Head Unit,837.49,9.3,6,46,0,1,Approved Standard Claim
CLAIM-80290,Dealership-D014,Inverter ECU,1423.71,10.3,2,29,0,1,Approved Standard Claim
CLAIM-80291,Dealership-D041,Battery Module,4099.13,31.0,4,45,0,1,Approved Standard Claim
CLAIM-80292,Dealership-D007,Transmission Valve Body,969.4,7.6,2,44,0,1,Approved Standard Claim
CLAIM-80293,Dealership-D007,Infotainment Head Unit,523.35,4.0,2,13,0,1,Approved Standard Claim
CLAIM-80294,Dealership-D032,Battery Module,2916.36,31.6,1,10,0,1,Approved Standard Claim
CLAIM-80295,Dealership-D044,Turbocharger Assembly,1659.5,16.9,2,12,0,1,Approved Standard Claim
CLAIM-80296,Dealership-D016,Transmission Valve Body,4453.62,32.3,1,12,0,-1,High-Risk (Flagged for Audit)
CLAIM-80297,Dealership-D002,Brake Caliper Kit,924.3,7.5,5,8,0,1,Approved Standard Claim
CLAIM-80298,Dealership-D016,Battery Module,2433.83,26.0,6,28,0,1,Approved Standard Claim
CLAIM-80299,Dealership-D031,Brake Caliper Kit,1508.65,12.2,1,43,0,1,Approved Standard Claim
CLAIM-80300,Dealership-D037,Inverter ECU,832.31,6.2,5,22,0,1,Approved Standard Claim
CLAIM-80301,Dealership-D014,Infotainment Head Unit,4289.81,31.9,4,28,0,1,Approved Standard Claim
CLAIM-80302,Dealership-D001,Battery Module,2004.16,16.4,2,36,0,1,Approved Standard Claim
CLAIM-80303,Dealership-D034,Infotainment Head Unit,2448.38,21.6,6,31,0,1,Approved Standard Claim
CLAIM-80304,Dealership-D044,Infotainment Head Unit,666.82,6.1,4,35,0,1,Approved Standard Claim
CLAIM-80305,Dealership-D011,Battery Module,500.99,5.3,5,33,0,1,Approved Standard Claim
CLAIM-80306,Dealership-D026,Battery Module,3309.04,24.8,2,11,0,1,Approved Standard Claim
CLAIM-80307,Dealership-D010,Inverter ECU,937.45,7.1,2,8,0,1,Approved Standard Claim
CLAIM-80308,Dealership-D041,Turbocharger Assembly,517.05,4.6,1,30,0,1,Approved Standard Claim
CLAIM-80309,Dealership-D021,Battery Module,6201.08,45.5,3,16,0,-1,High-Risk (Flagged for Audit)
CLAIM-80310,Dealership-D033,Turbocharger Assembly,2732.37,28.7,5,8,0,1,Approved Standard Claim
CLAIM-80311,Dealership-D017,Transmission Valve Body,1664.56,17.0,1,22,0,1,Approved Standard Claim
CLAIM-80312,Dealership-D026,Infotainment Head Unit,1977.29,21.2,5,37,0,1,Approved Standard Claim
CLAIM-80313,Dealership-D007,Brake Caliper Kit,2184.22,20.7,5,42,0,1,Approved Standard Claim
CLAIM-80314,Dealership-D038,Infotainment Head Unit,1685.38,13.3,2,46,0,1,Approved Standard Claim
CLAIM-80315,Dealership-D039,Battery Module,774.33,8.3,6,33,0,1,Approved Standard Claim
CLAIM-80316,Dealership-D003,Infotainment Head Unit,2052.47,19.4,3,44,0,1,Approved Standard Claim
CLAIM-80317,Dealership-D011,Brake Caliper Kit,1622.12,15.5,3,29,0,1,Approved Standard Claim
CLAIM-80318,Dealership-D013,Turbocharger Assembly,779.35,6.2,4,37,0,1,Approved Standard Claim
CLAIM-80319,Dealership-D031,Brake Caliper Kit,1816.99,19.1,3,40,0,1,Approved Standard Claim
CLAIM-80320,Dealership-D035,Brake Caliper Kit,478.83,4.6,5,23,0,1,Approved Standard Claim
CLAIM-80321,Dealership-D026,Infotainment Head Unit,1488.7,11.2,3,43,0,1,Approved Standard Claim
CLAIM-80322,Dealership-D005,Transmission Valve Body,1103.88,11.2,1,35,0,1,Approved Standard Claim
CLAIM-80323,Dealership-D040,Infotainment Head Unit,1612.6,16.8,3,19,0,1,Approved Standard Claim
CLAIM-80324,Dealership-D009,Battery Module,1025.06,8.7,5,23,0,1,Approved Standard Claim
CLAIM-80325,Dealership-D004,Infotainment Head Unit,849.86,8.1,2,38,0,1,Approved Standard Claim
CLAIM-80326,Dealership-D016,Battery Module,773.5,8.2,5,8,0,1,Approved Standard Claim
CLAIM-80327,Dealership-D008,Brake Caliper Kit,2392.43,21.0,2,22,0,1,Approved Standard Claim
CLAIM-80328,Dealership-D020,Turbocharger Assembly,1470.75,10.5,3,43,0,1,Approved Standard Claim
CLAIM-80329,Dealership-D037,Turbocharger Assembly,688.93,6.3,2,43,0,1,Approved Standard Claim
CLAIM-80330,Dealership-D001,Brake Caliper Kit,1748.59,12.5,3,33,0,1,Approved Standard Claim
CLAIM-80331,Dealership-D006,Transmission Valve Body,415.3,4.4,5,28,0,1,Approved Standard Claim
CLAIM-80332,Dealership-D040,Turbocharger Assembly,452.58,3.5,2,39,0,1,Approved Standard Claim
CLAIM-80333,Dealership-D004,Inverter ECU,577.31,4.3,3,34,0,1,Approved Standard Claim
CLAIM-80334,Dealership-D008,Inverter ECU,2945.74,28.1,3,11,0,1,Approved Standard Claim
CLAIM-80335,Dealership-D032,Inverter ECU,537.96,4.0,4,32,0,1,Approved Standard Claim
CLAIM-80336,Dealership-D005,Infotainment Head Unit,1234.71,10.6,2,44,0,1,Approved Standard Claim
CLAIM-80337,Dealership-D031,Transmission Valve Body,453.66,4.0,3,31,0,1,Approved Standard Claim
CLAIM-80338,Dealership-D004,Infotainment Head Unit,1577.76,17.3,9,46,0,-1,High-Risk (Flagged for Audit)
CLAIM-80339,Dealership-D029,Infotainment Head Unit,615.16,5.4,2,27,0,1,Approved Standard Claim
CLAIM-80340,Dealership-D040,Battery Module,422.02,3.7,1,20,0,1,Approved Standard Claim
CLAIM-80341,Dealership-D028,Transmission Valve Body,790.38,6.8,3,19,0,1,Approved Standard Claim
CLAIM-80342,Dealership-D021,Infotainment Head Unit,536.49,4.3,2,35,0,1,Approved Standard Claim
CLAIM-80343,Dealership-D044,Turbocharger Assembly,1830.56,15.5,1,34,0,1,Approved Standard Claim
CLAIM-80344,Dealership-D010,Turbocharger Assembly,2726.0,26.7,2,44,0,1,Approved Standard Claim
CLAIM-80345,Dealership-D024,Infotainment Head Unit,1502.3,13.3,2,7,0,1,Approved Standard Claim
CLAIM-80346,Dealership-D031,Infotainment Head Unit,2074.22,22.0,5,47,0,1,Approved Standard Claim
CLAIM-80347,Dealership-D044,Transmission Valve Body,7693.18,62.5,3,11,0,-1,High-Risk (Flagged for Audit)
CLAIM-80348,Dealership-D017,Battery Module,1519.58,14.3,4,20,0,1,Approved Standard Claim
CLAIM-80349,Dealership-D008,Infotainment Head Unit,2722.37,22.1,3,12,0,1,Approved Standard Claim
CLAIM-80350,Dealership-D037,Transmission Valve Body,773.92,8.2,5,44,0,1,Approved Standard Claim
CLAIM-80351,Dealership-D038,Turbocharger Assembly,1796.76,13.2,3,31,0,1,Approved Standard Claim
CLAIM-80352,Dealership-D030,Inverter ECU,1571.67,11.4,1,13,0,1,Approved Standard Claim
CLAIM-80353,Dealership-D016,Brake Caliper Kit,1138.26,9.4,5,7,0,1,Approved Standard Claim
CLAIM-80354,Dealership-D032,Infotainment Head Unit,1187.9,13.1,5,37,0,1,Approved Standard Claim
CLAIM-80355,Dealership-D041,Brake Caliper Kit,505.99,4.5,2,20,0,1,Approved Standard Claim
CLAIM-80356,Dealership-D021,Transmission Valve Body,1517.82,16.2,1,19,0,1,Approved Standard Claim
CLAIM-80357,Dealership-D011,Battery Module,1214.77,8.9,4,46,0,1,Approved Standard Claim
CLAIM-80358,Dealership-D012,Infotainment Head Unit,2382.85,18.9,3,6,0,1,Approved Standard Claim
CLAIM-80359,Dealership-D007,Inverter ECU,1951.99,10.4,10,34,1,-1,High-Risk (Flagged for Audit)
CLAIM-80360,Dealership-D027,Inverter ECU,1482.91,11.9,1,14,0,1,Approved Standard Claim
CLAIM-80361,Dealership-D036,Battery Module,1351.73,11.6,7,14,0,1,Approved Standard Claim
CLAIM-80362,Dealership-D004,Battery Module,530.56,5.7,3,33,0,1,Approved Standard Claim
CLAIM-80363,Dealership-D022,Infotainment Head Unit,1267.27,10.3,4,23,0,1,Approved Standard Claim
CLAIM-80364,Dealership-D024,Battery Module,500.26,4.2,8,14,0,-1,High-Risk (Flagged for Audit)
CLAIM-80365,Dealership-D042,Transmission Valve Body,959.34,10.5,3,41,0,1,Approved Standard Claim
CLAIM-80366,Dealership-D011,Brake Caliper Kit,1452.91,11.8,2,34,0,1,Approved Standard Claim
CLAIM-80367,Dealership-D008,Inverter ECU,1474.52,11.2,2,22,0,1,Approved Standard Claim
CLAIM-80368,Dealership-D018,Transmission Valve Body,2827.72,23.6,2,29,0,1,Approved Standard Claim
CLAIM-80369,Dealership-D015,Inverter ECU,481.46,3.4,3,44,0,1,Approved Standard Claim
CLAIM-80370,Dealership-D008,Turbocharger Assembly,1868.69,15.1,3,22,0,1,Approved Standard Claim
CLAIM-80371,Dealership-D014,Turbocharger Assembly,904.12,7.8,2,40,0,1,Approved Standard Claim
CLAIM-80372,Dealership-D018,Battery Module,1662.18,13.2,3,25,0,1,Approved Standard Claim
CLAIM-80373,Dealership-D008,Inverter ECU,584.71,6.4,4,30,0,1,Approved Standard Claim
CLAIM-80374,Dealership-D025,Inverter ECU,1041.21,8.2,3,30,0,1,Approved Standard Claim
CLAIM-80375,Dealership-D036,Turbocharger Assembly,451.5,3.3,2,29,0,1,Approved Standard Claim
CLAIM-80376,Dealership-D042,Brake Caliper Kit,1147.06,9.0,2,32,0,1,Approved Standard Claim
CLAIM-80377,Dealership-D028,Inverter ECU,408.08,3.7,3,34,0,1,Approved Standard Claim
CLAIM-80378,Dealership-D017,Transmission Valve Body,3019.27,23.5,1,28,0,1,Approved Standard Claim
CLAIM-80379,Dealership-D030,Infotainment Head Unit,2555.9,27.3,3,35,0,1,Approved Standard Claim
CLAIM-80380,Dealership-D038,Battery Module,1946.5,14.9,4,8,0,1,Approved Standard Claim
CLAIM-80381,Dealership-D022,Transmission Valve Body,546.52,4.3,2,47,0,1,Approved Standard Claim
CLAIM-80382,Dealership-D035,Battery Module,1510.5,12.9,3,27,0,1,Approved Standard Claim
CLAIM-80383,Dealership-D034,Battery Module,1709.63,13.4,1,38,0,1,Approved Standard Claim
CLAIM-80384,Dealership-D017,Brake Caliper Kit,3567.68,28.7,4,27,0,1,Approved Standard Claim
CLAIM-80385,Dealership-D027,Infotainment Head Unit,1132.87,9.6,1,47,0,1,Approved Standard Claim
CLAIM-80386,Dealership-D038,Infotainment Head Unit,2987.73,24.9,2,40,0,1,Approved Standard Claim
CLAIM-80387,Dealership-D013,Battery Module,746.47,6.7,6,41,0,1,Approved Standard Claim
CLAIM-80388,Dealership-D002,Transmission Valve Body,1077.45,7.9,4,15,0,1,Approved Standard Claim
CLAIM-80389,Dealership-D037,Turbocharger Assembly,1793.3,14.2,3,33,0,1,Approved Standard Claim
CLAIM-80390,Dealership-D031,Transmission Valve Body,748.11,6.1,2,45,0,1,Approved Standard Claim
CLAIM-80391,Dealership-D022,Infotainment Head Unit,2441.86,22.9,4,40,0,1,Approved Standard Claim
CLAIM-80392,Dealership-D018,Transmission Valve Body,1107.57,12.3,4,25,0,1,Approved Standard Claim
CLAIM-80393,Dealership-D034,Inverter ECU,2550.49,18.7,4,44,0,1,Approved Standard Claim
CLAIM-80394,Dealership-D012,Brake Caliper Kit,598.35,6.0,4,18,0,1,Approved Standard Claim
CLAIM-80395,Dealership-D008,Infotainment Head Unit,570.11,5.3,5,33,0,1,Approved Standard Claim
CLAIM-80396,Dealership-D019,Inverter ECU,1068.18,9.9,4,14,0,1,Approved Standard Claim
CLAIM-80397,Dealership-D036,Inverter ECU,964.28,8.6,3,43,0,1,Approved Standard Claim
CLAIM-80398,Dealership-D031,Transmission Valve Body,761.15,7.0,4,17,0,1,Approved Standard Claim
CLAIM-80399,Dealership-D038,Transmission Valve Body,2098.87,16.1,2,8,0,1,Approved Standard Claim
CLAIM-80400,Dealership-D017,Inverter ECU,613.15,6.3,1,25,0,1,Approved Standard Claim
CLAIM-80401,Dealership-D038,Battery Module,1475.74,11.0,1,23,0,1,Approved Standard Claim
CLAIM-80402,Dealership-D022,Brake Caliper Kit,950.63,8.4,3,30,0,1,Approved Standard Claim
CLAIM-80403,Dealership-D018,Transmission Valve Body,1676.55,18.6,5,10,0,1,Approved Standard Claim
CLAIM-80404,Dealership-D015,Brake Caliper Kit,470.26,3.4,3,18,0,1,Approved Standard Claim
CLAIM-80405,Dealership-D039,Transmission Valve Body,2041.59,19.9,2,26,0,1,Approved Standard Claim
CLAIM-80406,Dealership-D015,Brake Caliper Kit,1005.1,9.1,5,37,0,1,Approved Standard Claim
CLAIM-80407,Dealership-D026,Brake Caliper Kit,2381.47,24.1,2,26,0,1,Approved Standard Claim
CLAIM-80408,Dealership-D038,Infotainment Head Unit,1985.33,21.6,3,20,0,1,Approved Standard Claim
CLAIM-80409,Dealership-D023,Infotainment Head Unit,568.11,4.5,5,13,0,1,Approved Standard Claim
CLAIM-80410,Dealership-D017,Turbocharger Assembly,3931.76,31.5,3,10,0,1,Approved Standard Claim
CLAIM-80411,Dealership-D029,Turbocharger Assembly,1584.41,14.5,2,11,0,1,Approved Standard Claim
CLAIM-80412,Dealership-D042,Turbocharger Assembly,504.81,3.8,2,17,0,1,Approved Standard Claim
CLAIM-80413,Dealership-D015,Brake Caliper Kit,545.68,4.1,2,33,0,1,Approved Standard Claim
CLAIM-80414,Dealership-D038,Infotainment Head Unit,5068.21,44.9,2,7,0,-1,High-Risk (Flagged for Audit)
CLAIM-80415,Dealership-D021,Infotainment Head Unit,1609.0,16.3,2,8,0,1,Approved Standard Claim
CLAIM-80416,Dealership-D003,Battery Module,476.05,4.4,1,23,0,1,Approved Standard Claim
CLAIM-80417,Dealership-D029,Infotainment Head Unit,487.69,4.6,2,24,0,1,Approved Standard Claim
CLAIM-80418,Dealership-D011,Turbocharger Assembly,4217.73,31.1,5,30,0,1,Approved Standard Claim
CLAIM-80419,Dealership-D009,Battery Module,1524.23,11.8,2,41,0,1,Approved Standard Claim
CLAIM-80420,Dealership-D044,Battery Module,2764.47,25.0,5,8,0,1,Approved Standard Claim
CLAIM-80421,Dealership-D036,Inverter ECU,1226.97,10.4,2,25,0,1,Approved Standard Claim
CLAIM-80422,Dealership-D041,Brake Caliper Kit,2839.34,20.6,3,39,0,1,Approved Standard Claim
CLAIM-80423,Dealership-D027,Inverter ECU,4445.34,37.8,5,31,0,1,Approved Standard Claim
CLAIM-80424,Dealership-D044,Turbocharger Assembly,3704.59,30.1,1,8,0,-1,High-Risk (Flagged for Audit)
CLAIM-80425,Dealership-D026,Brake Caliper Kit,1661.11,16.5,2,11,0,1,Approved Standard Claim
CLAIM-80426,Dealership-D008,Battery Module,2270.8,16.8,4,27,0,1,Approved Standard Claim
CLAIM-80427,Dealership-D035,Infotainment Head Unit,814.97,7.4,1,20,0,1,Approved Standard Claim
CLAIM-80428,Dealership-D015,Battery Module,415.66,4.0,1,38,0,1,Approved Standard Claim
CLAIM-80429,Dealership-D027,Transmission Valve Body,2404.51,19.3,4,20,0,1,Approved Standard Claim
CLAIM-80430,Dealership-D017,Inverter ECU,1357.34,11.1,3,47,0,1,Approved Standard Claim
CLAIM-80431,Dealership-D043,Battery Module,2076.77,18.6,1,47,0,1,Approved Standard Claim
CLAIM-80432,Dealership-D001,Infotainment Head Unit,917.84,8.6,5,47,0,1,Approved Standard Claim
CLAIM-80433,Dealership-D014,Infotainment Head Unit,2565.98,25.2,1,21,0,1,Approved Standard Claim
CLAIM-80434,Dealership-D021,Turbocharger Assembly,1296.89,9.4,4,10,0,1,Approved Standard Claim
CLAIM-80435,Dealership-D017,Transmission Valve Body,4248.88,41.2,3,24,0,1,Approved Standard Claim
CLAIM-80436,Dealership-D010,Turbocharger Assembly,453.3,3.3,1,24,0,1,Approved Standard Claim
CLAIM-80437,Dealership-D031,Transmission Valve Body,795.88,8.2,4,43,0,1,Approved Standard Claim
CLAIM-80438,Dealership-D002,Inverter ECU,2081.92,21.6,4,19,0,1,Approved Standard Claim
CLAIM-80439,Dealership-D029,Battery Module,1423.67,11.8,3,37,0,1,Approved Standard Claim
CLAIM-80440,Dealership-D006,Inverter ECU,409.62,3.2,3,8,0,1,Approved Standard Claim
CLAIM-80441,Dealership-D029,Inverter ECU,1356.44,9.8,1,16,0,1,Approved Standard Claim
CLAIM-80442,Dealership-D023,Battery Module,939.9,7.5,3,32,0,1,Approved Standard Claim
CLAIM-80443,Dealership-D038,Infotainment Head Unit,3511.64,26.4,8,21,0,-1,High-Risk (Flagged for Audit)
CLAIM-80444,Dealership-D011,Turbocharger Assembly,648.87,7.0,1,45,0,1,Approved Standard Claim
CLAIM-80445,Dealership-D004,Battery Module,1549.07,16.0,3,21,0,1,Approved Standard Claim
CLAIM-80446,Dealership-D028,Infotainment Head Unit,1734.77,15.2,5,37,0,1,Approved Standard Claim
CLAIM-80447,Dealership-D025,Transmission Valve Body,733.04,6.7,3,33,0,1,Approved Standard Claim
CLAIM-80448,Dealership-D024,Transmission Valve Body,1426.69,11.3,4,29,0,1,Approved Standard Claim
CLAIM-80449,Dealership-D027,Battery Module,930.05,7.7,2,12,0,1,Approved Standard Claim
CLAIM-80450,Dealership-D016,Battery Module,1463.72,11.1,3,27,0,1,Approved Standard Claim
CLAIM-80451,Dealership-D012,Battery Module,979.9,7.8,2,17,0,1,Approved Standard Claim
CLAIM-80452,Dealership-D015,Inverter ECU,973.04,10.0,2,6,0,1,Approved Standard Claim
CLAIM-80453,Dealership-D022,Infotainment Head Unit,4654.53,38.5,1,37,0,-1,High-Risk (Flagged for Audit)
CLAIM-80454,Dealership-D025,Turbocharger Assembly,1311.2,10.2,2,42,0,1,Approved Standard Claim
CLAIM-80455,Dealership-D035,Turbocharger Assembly,551.97,6.1,2,7,0,1,Approved Standard Claim
CLAIM-80456,Dealership-D018,Brake Caliper Kit,404.71,3.2,2,9,0,1,Approved Standard Claim
CLAIM-80457,Dealership-D026,Infotainment Head Unit,2950.01,29.4,4,16,0,1,Approved Standard Claim
CLAIM-80458,Dealership-D029,Battery Module,3788.9,28.0,4,43,0,1,Approved Standard Claim
CLAIM-80459,Dealership-D009,Brake Caliper Kit,2826.14,29.9,3,19,0,1,Approved Standard Claim
CLAIM-80460,Dealership-D011,Inverter ECU,429.64,3.4,3,26,0,1,Approved Standard Claim
CLAIM-80461,Dealership-D021,Turbocharger Assembly,2251.3,17.3,2,34,0,1,Approved Standard Claim
CLAIM-80462,Dealership-D007,Inverter ECU,1432.23,10.4,7,21,1,1,Approved Standard Claim
CLAIM-80463,Dealership-D024,Brake Caliper Kit,1478.41,12.2,2,42,0,1,Approved Standard Claim
CLAIM-80464,Dealership-D027,Infotainment Head Unit,1809.37,20.0,2,8,0,1,Approved Standard Claim
CLAIM-80465,Dealership-D019,Turbocharger Assembly,2635.91,21.8,5,45,0,1,Approved Standard Claim
CLAIM-80466,Dealership-D009,Transmission Valve Body,710.14,7.8,3,17,0,1,Approved Standard Claim
CLAIM-80467,Dealership-D009,Transmission Valve Body,660.75,5.0,2,23,0,1,Approved Standard Claim
CLAIM-80468,Dealership-D016,Battery Module,427.48,4.0,6,42,0,1,Approved Standard Claim
CLAIM-80469,Dealership-D013,Transmission Valve Body,864.5,7.1,1,37,0,1,Approved Standard Claim
CLAIM-80470,Dealership-D002,Brake Caliper Kit,1357.65,10.8,4,46,0,1,Approved Standard Claim
CLAIM-80471,Dealership-D007,Transmission Valve Body,923.94,6.9,4,8,0,1,Approved Standard Claim
CLAIM-80472,Dealership-D015,Turbocharger Assembly,485.94,3.5,1,16,0,1,Approved Standard Claim
CLAIM-80473,Dealership-D011,Infotainment Head Unit,872.71,7.6,2,10,0,1,Approved Standard Claim
CLAIM-80474,Dealership-D019,Inverter ECU,467.02,4.8,2,22,0,1,Approved Standard Claim
CLAIM-80475,Dealership-D027,Inverter ECU,543.75,4.4,3,7,0,1,Approved Standard Claim
CLAIM-80476,Dealership-D018,Inverter ECU,1683.49,17.3,2,12,0,1,Approved Standard Claim
CLAIM-80477,Dealership-D003,Infotainment Head Unit,1274.85,12.2,3,14,0,1,Approved Standard Claim
CLAIM-80478,Dealership-D001,Battery Module,856.31,7.5,1,9,0,1,Approved Standard Claim
CLAIM-80479,Dealership-D020,Battery Module,2104.6,15.7,2,37,0,1,Approved Standard Claim
CLAIM-80480,Dealership-D042,Transmission Valve Body,2649.12,26.9,3,16,0,1,Approved Standard Claim
CLAIM-80481,Dealership-D017,Inverter ECU,683.63,6.8,2,31,0,1,Approved Standard Claim
CLAIM-80482,Dealership-D042,Transmission Valve Body,2006.31,21.6,2,6,0,1,Approved Standard Claim
CLAIM-80483,Dealership-D041,Transmission Valve Body,2857.74,22.0,3,22,0,1,Approved Standard Claim
CLAIM-80484,Dealership-D008,Turbocharger Assembly,783.72,8.5,5,40,0,1,Approved Standard Claim
CLAIM-80485,Dealership-D034,Turbocharger Assembly,923.04,6.9,8,27,1,-1,High-Risk (Flagged for Audit)
CLAIM-80486,Dealership-D006,Battery Module,483.32,4.6,2,27,0,1,Approved Standard Claim
CLAIM-80487,Dealership-D004,Inverter ECU,1277.78,12.5,3,13,0,1,Approved Standard Claim
CLAIM-80488,Dealership-D003,Inverter ECU,490.36,4.8,4,28,0,1,Approved Standard Claim
CLAIM-80489,Dealership-D013,Turbocharger Assembly,657.2,5.5,2,7,0,1,Approved Standard Claim
CLAIM-80490,Dealership-D013,Turbocharger Assembly,2268.65,18.2,4,11,0,1,Approved Standard Claim
CLAIM-80491,Dealership-D013,Battery Module,1200.11,9.7,4,39,0,1,Approved Standard Claim
CLAIM-80492,Dealership-D044,Infotainment Head Unit,510.39,4.1,4,18,0,1,Approved Standard Claim
CLAIM-80493,Dealership-D022,Inverter ECU,2648.58,20.2,4,33,0,1,Approved Standard Claim
CLAIM-80494,Dealership-D023,Battery Module,901.54,6.5,2,36,0,1,Approved Standard Claim
CLAIM-80495,Dealership-D031,Infotainment Head Unit,2980.12,22.4,2,31,0,1,Approved Standard Claim
CLAIM-80496,Dealership-D006,Brake Caliper Kit,1472.77,11.7,4,11,0,1,Approved Standard Claim
CLAIM-80497,Dealership-D031,Battery Module,2038.02,14.8,1,21,0,1,Approved Standard Claim
CLAIM-80498,Dealership-D010,Battery Module,507.68,4.1,5,22,0,1,Approved Standard Claim
CLAIM-80499,Dealership-D026,Inverter ECU,3017.64,22.0,1,10,0,1,Approved Standard Claim
CLAIM-80500,Dealership-D036,Brake Caliper Kit,1823.88,16.7,3,20,0,1,Approved Standard Claim
CLAIM-80501,Dealership-D024,Inverter ECU,3234.76,27.2,1,44,0,1,Approved Standard Claim
CLAIM-80502,Dealership-D039,Turbocharger Assembly,740.17,5.4,2,44,0,1,Approved Standard Claim
CLAIM-80503,Dealership-D007,Battery Module,1454.5,11.1,2,19,0,1,Approved Standard Claim
CLAIM-80504,Dealership-D033,Transmission Valve Body,712.44,5.2,3,11,0,1,Approved Standard Claim
CLAIM-80505,Dealership-D044,Brake Caliper Kit,2067.12,17.5,4,19,0,1,Approved Standard Claim
CLAIM-80506,Dealership-D014,Brake Caliper Kit,866.15,8.8,2,34,0,1,Approved Standard Claim
CLAIM-80507,Dealership-D024,Battery Module,417.09,4.0,3,31,0,1,Approved Standard Claim
CLAIM-80508,Dealership-D020,Transmission Valve Body,522.79,4.3,5,7,0,1,Approved Standard Claim
CLAIM-80509,Dealership-D029,Infotainment Head Unit,2899.27,20.9,5,14,0,1,Approved Standard Claim
CLAIM-80510,Dealership-D012,Transmission Valve Body,1413.87,10.4,3,7,0,1,Approved Standard Claim
CLAIM-80511,Dealership-D025,Infotainment Head Unit,2434.15,20.0,2,13,0,1,Approved Standard Claim
CLAIM-80512,Dealership-D040,Brake Caliper Kit,1414.16,12.7,4,44,0,1,Approved Standard Claim
CLAIM-80513,Dealership-D034,Battery Module,1381.79,10.6,4,46,0,1,Approved Standard Claim
CLAIM-80514,Dealership-D044,Battery Module,460.15,4.2,2,9,0,1,Approved Standard Claim
CLAIM-80515,Dealership-D026,Transmission Valve Body,1358.21,12.6,2,9,0,1,Approved Standard Claim
CLAIM-80516,Dealership-D017,Brake Caliper Kit,626.13,4.5,3,10,0,1,Approved Standard Claim
CLAIM-80517,Dealership-D034,Inverter ECU,1380.35,15.3,3,31,0,1,Approved Standard Claim
CLAIM-80518,Dealership-D012,Battery Module,837.19,9.1,6,30,0,1,Approved Standard Claim
CLAIM-80519,Dealership-D009,Turbocharger Assembly,1094.2,8.2,3,11,0,1,Approved Standard Claim
CLAIM-80520,Dealership-D025,Transmission Valve Body,707.66,6.7,3,23,0,1,Approved Standard Claim
CLAIM-80521,Dealership-D043,Inverter ECU,1012.7,7.6,2,10,0,1,Approved Standard Claim
CLAIM-80522,Dealership-D014,Infotainment Head Unit,3603.95,33.3,2,29,0,1,Approved Standard Claim
CLAIM-80523,Dealership-D042,Inverter ECU,1370.33,14.9,2,33,0,1,Approved Standard Claim
CLAIM-80524,Dealership-D010,Turbocharger Assembly,859.69,8.0,3,29,0,1,Approved Standard Claim
CLAIM-80525,Dealership-D041,Battery Module,637.05,6.0,5,37,0,1,Approved Standard Claim
CLAIM-80526,Dealership-D007,Transmission Valve Body,2649.57,15.3,5,39,1,1,Approved Standard Claim
CLAIM-80527,Dealership-D035,Turbocharger Assembly,2124.14,23.0,3,12,0,1,Approved Standard Claim
CLAIM-80528,Dealership-D014,Transmission Valve Body,1196.38,10.2,4,44,0,1,Approved Standard Claim
CLAIM-80529,Dealership-D002,Infotainment Head Unit,2783.59,29.8,5,7,0,1,Approved Standard Claim
CLAIM-80530,Dealership-D025,Infotainment Head Unit,621.79,5.9,3,35,0,1,Approved Standard Claim
CLAIM-80531,Dealership-D021,Battery Module,6708.23,56.1,5,34,0,-1,High-Risk (Flagged for Audit)
CLAIM-80532,Dealership-D030,Transmission Valve Body,408.54,3.5,4,29,0,1,Approved Standard Claim
CLAIM-80533,Dealership-D003,Transmission Valve Body,1981.48,14.7,6,20,0,1,Approved Standard Claim
CLAIM-80534,Dealership-D036,Transmission Valve Body,554.7,4.5,5,34,0,1,Approved Standard Claim
CLAIM-80535,Dealership-D014,Inverter ECU,1362.52,11.4,1,13,0,1,Approved Standard Claim
CLAIM-80536,Dealership-D020,Inverter ECU,554.86,4.9,2,17,0,1,Approved Standard Claim
CLAIM-80537,Dealership-D023,Transmission Valve Body,792.15,6.7,4,16,0,1,Approved Standard Claim
CLAIM-80538,Dealership-D043,Battery Module,1517.32,15.0,5,37,0,1,Approved Standard Claim
CLAIM-80539,Dealership-D023,Infotainment Head Unit,421.14,4.3,4,16,0,1,Approved Standard Claim
CLAIM-80540,Dealership-D014,Turbocharger Assembly,1059.15,9.9,2,20,0,1,Approved Standard Claim
CLAIM-80541,Dealership-D042,Inverter ECU,767.55,6.1,4,17,0,1,Approved Standard Claim
CLAIM-80542,Dealership-D002,Inverter ECU,778.94,7.3,2,41,0,1,Approved Standard Claim
CLAIM-80543,Dealership-D002,Battery Module,1320.24,13.0,3,35,0,1,Approved Standard Claim
CLAIM-80544,Dealership-D011,Brake Caliper Kit,1110.87,12.3,3,22,0,1,Approved Standard Claim
CLAIM-80545,Dealership-D016,Inverter ECU,1058.76,8.8,2,12,0,1,Approved Standard Claim
CLAIM-80546,Dealership-D020,Turbocharger Assembly,1267.82,12.0,4,11,0,1,Approved Standard Claim
CLAIM-80547,Dealership-D029,Turbocharger Assembly,838.63,6.1,1,23,0,1,Approved Standard Claim
CLAIM-80548,Dealership-D012,Brake Caliper Kit,576.26,5.3,4,42,0,1,Approved Standard Claim
CLAIM-80549,Dealership-D027,Infotainment Head Unit,434.8,3.8,3,8,0,1,Approved Standard Claim
CLAIM-80550,Dealership-D001,Battery Module,688.85,5.5,1,20,0,1,Approved Standard Claim
CLAIM-80551,Dealership-D020,Turbocharger Assembly,418.79,3.8,5,29,0,1,Approved Standard Claim
CLAIM-80552,Dealership-D029,Battery Module,1447.75,11.2,5,44,0,1,Approved Standard Claim
CLAIM-80553,Dealership-D043,Battery Module,5191.05,42.5,3,46,0,-1,High-Risk (Flagged for Audit)
CLAIM-80554,Dealership-D007,Inverter ECU,7474.19,66.6,7,32,1,-1,High-Risk (Flagged for Audit)
CLAIM-80555,Dealership-D040,Infotainment Head Unit,554.23,4.0,3,15,0,1,Approved Standard Claim
CLAIM-80556,Dealership-D037,Transmission Valve Body,457.49,3.9,2,46,0,1,Approved Standard Claim
CLAIM-80557,Dealership-D032,Transmission Valve Body,817.09,7.8,4,38,0,1,Approved Standard Claim
CLAIM-80558,Dealership-D035,Brake Caliper Kit,3077.87,26.4,4,41,0,1,Approved Standard Claim
CLAIM-80559,Dealership-D004,Turbocharger Assembly,511.98,3.9,3,32,0,1,Approved Standard Claim
CLAIM-80560,Dealership-D043,Battery Module,1021.88,9.2,7,32,0,1,Approved Standard Claim
CLAIM-80561,Dealership-D039,Inverter ECU,995.12,8.1,2,7,0,1,Approved Standard Claim
CLAIM-80562,Dealership-D019,Transmission Valve Body,1684.37,18.0,2,25,0,1,Approved Standard Claim
CLAIM-80563,Dealership-D010,Turbocharger Assembly,927.22,6.8,2,21,0,1,Approved Standard Claim
CLAIM-80564,Dealership-D005,Battery Module,1727.79,13.8,6,16,0,1,Approved Standard Claim
CLAIM-80565,Dealership-D016,Brake Caliper Kit,988.22,8.6,6,18,0,1,Approved Standard Claim
CLAIM-80566,Dealership-D031,Inverter ECU,1145.98,10.3,3,37,0,1,Approved Standard Claim
CLAIM-80567,Dealership-D014,Infotainment Head Unit,1859.43,15.2,4,16,0,1,Approved Standard Claim
CLAIM-80568,Dealership-D036,Battery Module,2598.7,26.5,2,32,0,1,Approved Standard Claim
CLAIM-80569,Dealership-D016,Brake Caliper Kit,4172.22,32.8,2,7,0,-1,High-Risk (Flagged for Audit)
CLAIM-80570,Dealership-D003,Turbocharger Assembly,462.44,3.4,4,17,0,1,Approved Standard Claim
CLAIM-80571,Dealership-D005,Transmission Valve Body,673.74,6.0,3,19,0,1,Approved Standard Claim
CLAIM-80572,Dealership-D022,Transmission Valve Body,1759.57,16.5,4,24,0,1,Approved Standard Claim
CLAIM-80573,Dealership-D044,Transmission Valve Body,1823.27,19.2,5,37,0,1,Approved Standard Claim
CLAIM-80574,Dealership-D018,Transmission Valve Body,956.98,8.7,2,47,0,1,Approved Standard Claim
CLAIM-80575,Dealership-D019,Turbocharger Assembly,719.36,6.7,1,38,0,1,Approved Standard Claim
CLAIM-80576,Dealership-D036,Inverter ECU,541.12,4.7,4,29,0,1,Approved Standard Claim
CLAIM-80577,Dealership-D014,Inverter ECU,1079.32,11.3,3,12,0,1,Approved Standard Claim
CLAIM-80578,Dealership-D005,Brake Caliper Kit,1885.55,15.3,6,19,0,1,Approved Standard Claim
CLAIM-80579,Dealership-D017,Brake Caliper Kit,580.86,5.6,2,23,0,1,Approved Standard Claim
CLAIM-80580,Dealership-D009,Turbocharger Assembly,1785.78,12.9,4,27,0,1,Approved Standard Claim
CLAIM-80581,Dealership-D013,Inverter ECU,1160.85,10.9,1,16,0,1,Approved Standard Claim
CLAIM-80582,Dealership-D018,Transmission Valve Body,2708.78,19.6,2,36,0,1,Approved Standard Claim
CLAIM-80583,Dealership-D025,Transmission Valve Body,807.25,7.2,3,21,0,1,Approved Standard Claim
CLAIM-80584,Dealership-D002,Battery Module,1056.95,10.9,2,11,0,1,Approved Standard Claim
CLAIM-80585,Dealership-D034,Battery Module,1709.88,19.2,6,46,1,1,Approved Standard Claim
CLAIM-80586,Dealership-D027,Turbocharger Assembly,419.65,3.4,4,14,0,1,Approved Standard Claim
CLAIM-80587,Dealership-D017,Inverter ECU,665.92,5.9,4,20,0,1,Approved Standard Claim
CLAIM-80588,Dealership-D043,Brake Caliper Kit,1081.33,8.6,6,15,0,1,Approved Standard Claim
CLAIM-80589,Dealership-D025,Brake Caliper Kit,402.0,3.4,3,18,0,1,Approved Standard Claim
CLAIM-80590,Dealership-D039,Infotainment Head Unit,3259.67,25.6,1,18,0,1,Approved Standard Claim
CLAIM-80591,Dealership-D027,Infotainment Head Unit,1801.38,15.7,1,22,0,1,Approved Standard Claim
CLAIM-80592,Dealership-D029,Transmission Valve Body,414.79,4.4,3,15,0,1,Approved Standard Claim
CLAIM-80593,Dealership-D006,Turbocharger Assembly,623.09,5.5,3,43,0,1,Approved Standard Claim
CLAIM-80594,Dealership-D009,Brake Caliper Kit,818.54,7.2,3,19,0,1,Approved Standard Claim
CLAIM-80595,Dealership-D036,Transmission Valve Body,2976.94,30.7,1,15,0,1,Approved Standard Claim
CLAIM-80596,Dealership-D015,Turbocharger Assembly,1483.62,16.4,4,46,0,1,Approved Standard Claim
CLAIM-80597,Dealership-D018,Inverter ECU,408.45,3.5,4,35,0,1,Approved Standard Claim
CLAIM-80598,Dealership-D040,Inverter ECU,2475.46,26.2,2,34,0,1,Approved Standard Claim
CLAIM-80599,Dealership-D040,Inverter ECU,1118.71,9.7,1,15,0,1,Approved Standard Claim
CLAIM-80600,Dealership-D036,Transmission Valve Body,478.61,4.5,3,47,0,1,Approved Standard Claim
CLAIM-80601,Dealership-D026,Turbocharger Assembly,3006.04,25.5,4,8,0,1,Approved Standard Claim
CLAIM-80602,Dealership-D011,Infotainment Head Unit,1710.78,18.1,2,43,0,1,Approved Standard Claim
CLAIM-80603,Dealership-D016,Infotainment Head Unit,1319.52,10.9,3,11,0,1,Approved Standard Claim
CLAIM-80604,Dealership-D030,Inverter ECU,446.85,4.4,1,27,0,1,Approved Standard Claim
CLAIM-80605,Dealership-D016,Brake Caliper Kit,407.57,3.7,2,12,0,1,Approved Standard Claim
CLAIM-80606,Dealership-D034,Transmission Valve Body,1417.14,8.1,6,27,1,1,Approved Standard Claim
CLAIM-80607,Dealership-D006,Battery Module,2942.77,28.9,4,29,0,1,Approved Standard Claim
CLAIM-80608,Dealership-D011,Turbocharger Assembly,468.09,3.7,2,47,0,1,Approved Standard Claim
CLAIM-80609,Dealership-D016,Infotainment Head Unit,869.09,6.9,2,13,0,1,Approved Standard Claim
CLAIM-80610,Dealership-D002,Inverter ECU,3038.35,27.6,2,40,0,1,Approved Standard Claim
CLAIM-80611,Dealership-D037,Inverter ECU,2382.28,17.8,2,18,0,1,Approved Standard Claim
CLAIM-80612,Dealership-D029,Battery Module,1079.91,10.1,4,26,0,1,Approved Standard Claim
CLAIM-80613,Dealership-D030,Infotainment Head Unit,697.47,5.6,2,6,0,1,Approved Standard Claim
CLAIM-80614,Dealership-D006,Infotainment Head Unit,2885.87,23.6,6,35,0,1,Approved Standard Claim
CLAIM-80615,Dealership-D035,Infotainment Head Unit,943.81,8.5,3,12,0,1,Approved Standard Claim
CLAIM-80616,Dealership-D040,Turbocharger Assembly,2703.89,21.8,1,12,0,1,Approved Standard Claim
CLAIM-80617,Dealership-D013,Brake Caliper Kit,2130.27,16.1,3,37,0,1,Approved Standard Claim
CLAIM-80618,Dealership-D041,Infotainment Head Unit,415.18,4.2,5,39,0,1,Approved Standard Claim
CLAIM-80619,Dealership-D028,Battery Module,626.18,5.0,3,32,0,1,Approved Standard Claim
CLAIM-80620,Dealership-D024,Brake Caliper Kit,745.55,6.3,4,14,0,1,Approved Standard Claim
CLAIM-80621,Dealership-D014,Turbocharger Assembly,866.01,8.1,2,14,0,1,Approved Standard Claim
CLAIM-80622,Dealership-D004,Brake Caliper Kit,1439.7,11.2,3,43,0,1,Approved Standard Claim
CLAIM-80623,Dealership-D003,Brake Caliper Kit,2226.11,18.1,2,9,0,1,Approved Standard Claim
CLAIM-80624,Dealership-D028,Battery Module,2052.28,16.1,3,24,0,1,Approved Standard Claim
CLAIM-80625,Dealership-D025,Turbocharger Assembly,664.01,7.1,3,34,0,1,Approved Standard Claim
CLAIM-80626,Dealership-D014,Transmission Valve Body,478.02,4.4,3,44,0,1,Approved Standard Claim
CLAIM-80627,Dealership-D044,Inverter ECU,647.56,5.7,1,35,0,1,Approved Standard Claim
CLAIM-80628,Dealership-D016,Transmission Valve Body,1565.74,11.9,1,9,0,1,Approved Standard Claim
CLAIM-80629,Dealership-D023,Battery Module,1347.98,10.3,5,10,0,1,Approved Standard Claim
CLAIM-80630,Dealership-D020,Turbocharger Assembly,869.88,8.7,2,44,0,1,Approved Standard Claim
CLAIM-80631,Dealership-D041,Turbocharger Assembly,499.13,3.9,4,30,0,1,Approved Standard Claim
CLAIM-80632,Dealership-D021,Brake Caliper Kit,1343.68,10.7,3,44,0,1,Approved Standard Claim
CLAIM-80633,Dealership-D028,Inverter ECU,501.3,3.7,2,10,0,1,Approved Standard Claim
CLAIM-80634,Dealership-D010,Turbocharger Assembly,797.88,6.9,3,37,0,1,Approved Standard Claim
CLAIM-80635,Dealership-D027,Battery Module,666.01,5.6,1,16,0,1,Approved Standard Claim
CLAIM-80636,Dealership-D027,Transmission Valve Body,416.3,3.1,3,8,0,1,Approved Standard Claim
CLAIM-80637,Dealership-D002,Battery Module,959.15,8.1,1,38,0,1,Approved Standard Claim
CLAIM-80638,Dealership-D033,Brake Caliper Kit,2235.08,16.7,3,24,0,1,Approved Standard Claim
CLAIM-80639,Dealership-D012,Transmission Valve Body,1148.22,10.9,2,36,0,1,Approved Standard Claim
CLAIM-80640,Dealership-D028,Infotainment Head Unit,939.51,8.2,5,8,0,1,Approved Standard Claim
CLAIM-80641,Dealership-D028,Inverter ECU,2459.2,26.1,5,15,0,1,Approved Standard Claim
CLAIM-80642,Dealership-D020,Turbocharger Assembly,2085.33,18.3,2,13,0,1,Approved Standard Claim
CLAIM-80643,Dealership-D008,Turbocharger Assembly,1556.03,12.2,3,21,0,1,Approved Standard Claim
CLAIM-80644,Dealership-D006,Battery Module,1469.44,10.7,4,21,0,1,Approved Standard Claim
CLAIM-80645,Dealership-D018,Inverter ECU,432.08,3.9,6,37,0,1,Approved Standard Claim
CLAIM-80646,Dealership-D012,Infotainment Head Unit,1037.75,8.5,3,22,0,1,Approved Standard Claim
CLAIM-80647,Dealership-D024,Inverter ECU,2152.78,22.6,1,31,0,1,Approved Standard Claim
CLAIM-80648,Dealership-D043,Brake Caliper Kit,1389.73,11.1,3,41,0,1,Approved Standard Claim
CLAIM-80649,Dealership-D004,Battery Module,958.81,9.4,2,34,0,1,Approved Standard Claim
CLAIM-80650,Dealership-D034,Turbocharger Assembly,910.79,7.5,1,45,0,1,Approved Standard Claim
CLAIM-80651,Dealership-D016,Turbocharger Assembly,949.85,7.5,2,26,0,1,Approved Standard Claim
CLAIM-80652,Dealership-D036,Turbocharger Assembly,882.73,7.4,1,6,0,1,Approved Standard Claim
CLAIM-80653,Dealership-D030,Battery Module,1848.92,17.4,4,35,0,1,Approved Standard Claim
CLAIM-80654,Dealership-D023,Inverter ECU,434.57,3.2,5,35,0,1,Approved Standard Claim
CLAIM-80655,Dealership-D002,Turbocharger Assembly,2329.29,24.7,3,27,0,1,Approved Standard Claim
CLAIM-80656,Dealership-D028,Brake Caliper Kit,1571.73,13.0,5,37,0,1,Approved Standard Claim
CLAIM-80657,Dealership-D027,Transmission Valve Body,486.49,4.6,2,7,0,1,Approved Standard Claim
CLAIM-80658,Dealership-D018,Infotainment Head Unit,833.61,7.2,5,35,0,1,Approved Standard Claim
CLAIM-80659,Dealership-D040,Brake Caliper Kit,660.92,4.9,4,7,0,1,Approved Standard Claim
CLAIM-80660,Dealership-D036,Inverter ECU,1356.15,11.9,4,39,0,1,Approved Standard Claim
CLAIM-80661,Dealership-D010,Infotainment Head Unit,727.02,6.5,2,31,0,1,Approved Standard Claim
CLAIM-80662,Dealership-D012,Transmission Valve Body,1437.0,14.1,4,25,0,1,Approved Standard Claim
CLAIM-80663,Dealership-D031,Inverter ECU,2474.18,25.6,2,32,0,1,Approved Standard Claim
CLAIM-80664,Dealership-D021,Brake Caliper Kit,1062.71,10.0,2,47,0,1,Approved Standard Claim
CLAIM-80665,Dealership-D034,Turbocharger Assembly,23105.53,177.7,8,30,1,-1,High-Risk (Flagged for Audit)
CLAIM-80666,Dealership-D028,Transmission Valve Body,1727.39,16.7,3,39,0,1,Approved Standard Claim
CLAIM-80667,Dealership-D028,Battery Module,685.86,7.0,1,47,0,1,Approved Standard Claim
CLAIM-80668,Dealership-D027,Infotainment Head Unit,1359.98,13.5,2,34,0,1,Approved Standard Claim
CLAIM-80669,Dealership-D024,Battery Module,2829.69,23.3,2,42,0,1,Approved Standard Claim
CLAIM-80670,Dealership-D003,Transmission Valve Body,1511.48,14.8,2,13,0,1,Approved Standard Claim
CLAIM-80671,Dealership-D032,Infotainment Head Unit,420.21,4.1,4,16,0,1,Approved Standard Claim
CLAIM-80672,Dealership-D017,Brake Caliper Kit,880.22,8.3,2,24,0,1,Approved Standard Claim
CLAIM-80673,Dealership-D016,Turbocharger Assembly,4067.9,38.0,2,44,0,1,Approved Standard Claim
CLAIM-80674,Dealership-D021,Brake Caliper Kit,1347.58,12.9,5,38,0,1,Approved Standard Claim
CLAIM-80675,Dealership-D024,Battery Module,407.68,3.0,3,25,0,1,Approved Standard Claim
CLAIM-80676,Dealership-D042,Transmission Valve Body,872.36,7.0,2,10,0,1,Approved Standard Claim
CLAIM-80677,Dealership-D036,Inverter ECU,1197.38,13.3,3,8,0,1,Approved Standard Claim
CLAIM-80678,Dealership-D020,Brake Caliper Kit,640.08,4.6,3,36,0,1,Approved Standard Claim
CLAIM-80679,Dealership-D016,Brake Caliper Kit,916.71,7.9,3,27,0,1,Approved Standard Claim
CLAIM-80680,Dealership-D015,Turbocharger Assembly,1351.79,12.3,4,45,0,1,Approved Standard Claim
CLAIM-80681,Dealership-D002,Turbocharger Assembly,1777.98,16.9,2,15,0,1,Approved Standard Claim
CLAIM-80682,Dealership-D028,Brake Caliper Kit,816.64,7.9,3,27,0,1,Approved Standard Claim
CLAIM-80683,Dealership-D013,Infotainment Head Unit,1059.88,8.4,4,37,0,1,Approved Standard Claim
CLAIM-80684,Dealership-D019,Battery Module,3881.77,37.3,3,24,0,1,Approved Standard Claim
CLAIM-80685,Dealership-D037,Inverter ECU,760.0,5.6,3,37,0,1,Approved Standard Claim
CLAIM-80686,Dealership-D011,Infotainment Head Unit,577.09,5.3,2,9,0,1,Approved Standard Claim
CLAIM-80687,Dealership-D009,Brake Caliper Kit,2352.55,24.8,5,17,0,1,Approved Standard Claim
CLAIM-80688,Dealership-D023,Transmission Valve Body,792.71,6.6,5,6,0,1,Approved Standard Claim
CLAIM-80689,Dealership-D028,Brake Caliper Kit,918.12,9.3,2,36,0,1,Approved Standard Claim
CLAIM-80690,Dealership-D022,Turbocharger Assembly,1630.99,16.3,2,43,0,1,Approved Standard Claim
CLAIM-80691,Dealership-D017,Battery Module,2526.28,24.2,2,23,0,1,Approved Standard Claim
CLAIM-80692,Dealership-D018,Inverter ECU,2228.0,24.5,5,30,0,1,Approved Standard Claim
CLAIM-80693,Dealership-D011,Brake Caliper Kit,608.51,4.3,2,43,0,1,Approved Standard Claim
CLAIM-80694,Dealership-D004,Brake Caliper Kit,2496.25,20.9,6,41,0,1,Approved Standard Claim
CLAIM-80695,Dealership-D005,Infotainment Head Unit,1736.9,13.7,4,39,0,1,Approved Standard Claim
CLAIM-80696,Dealership-D011,Brake Caliper Kit,965.36,9.7,6,31,0,1,Approved Standard Claim
CLAIM-80697,Dealership-D001,Turbocharger Assembly,2740.39,27.0,3,42,0,1,Approved Standard Claim
CLAIM-80698,Dealership-D018,Inverter ECU,822.71,7.5,4,17,0,1,Approved Standard Claim
CLAIM-80699,Dealership-D043,Inverter ECU,840.47,7.6,3,47,0,1,Approved Standard Claim
CLAIM-80700,Dealership-D026,Inverter ECU,2008.29,14.8,3,26,0,1,Approved Standard Claim
CLAIM-80701,Dealership-D022,Brake Caliper Kit,963.71,7.5,5,14,0,1,Approved Standard Claim
CLAIM-80702,Dealership-D012,Transmission Valve Body,575.01,4.5,4,44,0,1,Approved Standard Claim
CLAIM-80703,Dealership-D014,Transmission Valve Body,5303.05,43.2,1,23,0,-1,High-Risk (Flagged for Audit)
CLAIM-80704,Dealership-D035,Turbocharger Assembly,2076.19,15.0,2,29,0,1,Approved Standard Claim
CLAIM-80705,Dealership-D032,Infotainment Head Unit,800.54,7.1,2,19,0,1,Approved Standard Claim
CLAIM-80706,Dealership-D002,Battery Module,718.47,6.3,5,10,0,1,Approved Standard Claim
CLAIM-80707,Dealership-D029,Transmission Valve Body,729.36,6.6,4,26,0,1,Approved Standard Claim
CLAIM-80708,Dealership-D015,Battery Module,4164.41,33.8,4,35,0,1,Approved Standard Claim
CLAIM-80709,Dealership-D044,Battery Module,533.62,4.9,2,25,0,1,Approved Standard Claim
CLAIM-80710,Dealership-D035,Battery Module,3545.19,32.6,4,36,0,1,Approved Standard Claim
CLAIM-80711,Dealership-D014,Inverter ECU,1508.35,15.7,4,10,0,1,Approved Standard Claim
CLAIM-80712,Dealership-D022,Brake Caliper Kit,486.75,5.0,5,27,0,1,Approved Standard Claim
CLAIM-80713,Dealership-D031,Infotainment Head Unit,540.35,5.1,3,12,0,1,Approved Standard Claim
CLAIM-80714,Dealership-D030,Brake Caliper Kit,1082.63,9.8,5,24,0,1,Approved Standard Claim
CLAIM-80715,Dealership-D023,Brake Caliper Kit,2592.11,23.3,2,19,0,1,Approved Standard Claim
CLAIM-80716,Dealership-D008,Inverter ECU,3487.38,31.1,2,17,0,1,Approved Standard Claim
CLAIM-80717,Dealership-D014,Battery Module,2305.02,22.2,2,46,0,1,Approved Standard Claim
CLAIM-80718,Dealership-D008,Infotainment Head Unit,417.29,3.2,2,47,0,1,Approved Standard Claim
CLAIM-80719,Dealership-D027,Transmission Valve Body,1341.64,10.0,3,10,0,1,Approved Standard Claim
CLAIM-80720,Dealership-D033,Brake Caliper Kit,5034.51,37.9,3,26,0,1,Approved Standard Claim
CLAIM-80721,Dealership-D044,Battery Module,3978.77,39.3,4,6,0,-1,High-Risk (Flagged for Audit)
CLAIM-80722,Dealership-D033,Infotainment Head Unit,482.71,4.3,1,29,0,1,Approved Standard Claim
CLAIM-80723,Dealership-D021,Transmission Valve Body,790.15,8.5,5,27,0,1,Approved Standard Claim
CLAIM-80724,Dealership-D016,Battery Module,3253.76,36.0,3,47,0,1,Approved Standard Claim
CLAIM-80725,Dealership-D003,Infotainment Head Unit,2989.19,24.5,4,8,0,1,Approved Standard Claim
CLAIM-80726,Dealership-D026,Brake Caliper Kit,2142.67,19.0,6,27,0,1,Approved Standard Claim
CLAIM-80727,Dealership-D009,Inverter ECU,1733.84,14.8,4,36,0,1,Approved Standard Claim
CLAIM-80728,Dealership-D025,Inverter ECU,1492.52,11.3,4,12,0,1,Approved Standard Claim
CLAIM-80729,Dealership-D007,Battery Module,993.84,10.2,4,8,0,1,Approved Standard Claim
CLAIM-80730,Dealership-D029,Transmission Valve Body,1692.89,16.3,5,22,0,1,Approved Standard Claim
CLAIM-80731,Dealership-D024,Transmission Valve Body,2060.68,21.5,4,16,0,1,Approved Standard Claim
CLAIM-80732,Dealership-D036,Transmission Valve Body,841.64,7.9,2,34,0,1,Approved Standard Claim
CLAIM-80733,Dealership-D026,Infotainment Head Unit,877.3,9.1,2,28,0,1,Approved Standard Claim
CLAIM-80734,Dealership-D011,Turbocharger Assembly,2394.27,25.1,2,16,0,1,Approved Standard Claim
CLAIM-80735,Dealership-D026,Brake Caliper Kit,2718.17,28.4,3,36,0,1,Approved Standard Claim
CLAIM-80736,Dealership-D038,Inverter ECU,1328.47,11.3,3,17,0,1,Approved Standard Claim
CLAIM-80737,Dealership-D020,Turbocharger Assembly,1406.76,11.7,3,45,0,1,Approved Standard Claim
CLAIM-80738,Dealership-D006,Infotainment Head Unit,2752.74,30.4,1,11,0,1,Approved Standard Claim
CLAIM-80739,Dealership-D028,Brake Caliper Kit,2213.64,21.3,3,47,0,1,Approved Standard Claim
CLAIM-80740,Dealership-D014,Turbocharger Assembly,625.54,5.1,3,7,0,1,Approved Standard Claim
CLAIM-80741,Dealership-D034,Turbocharger Assembly,3737.92,33.5,2,29,0,1,Approved Standard Claim
CLAIM-80742,Dealership-D007,Turbocharger Assembly,5378.32,57.2,2,21,0,-1,High-Risk (Flagged for Audit)
CLAIM-80743,Dealership-D014,Infotainment Head Unit,2683.13,22.8,2,8,0,1,Approved Standard Claim
CLAIM-80744,Dealership-D015,Inverter ECU,583.6,4.7,4,15,0,1,Approved Standard Claim
CLAIM-80745,Dealership-D036,Inverter ECU,1444.88,12.3,3,43,0,1,Approved Standard Claim
CLAIM-80746,Dealership-D043,Infotainment Head Unit,767.18,7.9,4,28,0,1,Approved Standard Claim
CLAIM-80747,Dealership-D039,Inverter ECU,1250.82,11.5,1,36,0,1,Approved Standard Claim
CLAIM-80748,Dealership-D024,Brake Caliper Kit,1880.04,14.6,3,25,0,1,Approved Standard Claim
CLAIM-80749,Dealership-D024,Turbocharger Assembly,1669.01,14.3,3,29,0,1,Approved Standard Claim
CLAIM-80750,Dealership-D001,Infotainment Head Unit,2775.15,22.8,2,6,0,1,Approved Standard Claim
CLAIM-80751,Dealership-D018,Turbocharger Assembly,4915.77,45.7,3,46,0,-1,High-Risk (Flagged for Audit)
CLAIM-80752,Dealership-D037,Inverter ECU,2548.79,18.3,2,47,0,1,Approved Standard Claim
CLAIM-80753,Dealership-D017,Transmission Valve Body,2004.79,15.7,7,30,0,1,Approved Standard Claim
CLAIM-80754,Dealership-D035,Transmission Valve Body,426.13,4.2,5,31,0,1,Approved Standard Claim
CLAIM-80755,Dealership-D043,Inverter ECU,2242.52,20.9,2,46,0,1,Approved Standard Claim
CLAIM-80756,Dealership-D033,Inverter ECU,2576.94,26.2,6,15,0,1,Approved Standard Claim
CLAIM-80757,Dealership-D037,Infotainment Head Unit,2232.55,18.3,4,44,0,1,Approved Standard Claim
CLAIM-80758,Dealership-D014,Turbocharger Assembly,2846.35,23.8,3,36,0,1,Approved Standard Claim
CLAIM-80759,Dealership-D007,Battery Module,1075.79,9.2,3,41,0,1,Approved Standard Claim
CLAIM-80760,Dealership-D019,Transmission Valve Body,6331.95,52.1,8,11,1,-1,High-Risk (Flagged for Audit)
CLAIM-80761,Dealership-D030,Transmission Valve Body,773.67,8.0,1,36,0,1,Approved Standard Claim
CLAIM-80762,Dealership-D008,Inverter ECU,462.36,4.2,2,9,0,1,Approved Standard Claim
CLAIM-80763,Dealership-D036,Inverter ECU,537.8,4.5,5,21,0,1,Approved Standard Claim
CLAIM-80764,Dealership-D018,Battery Module,1930.05,17.3,2,17,0,1,Approved Standard Claim
CLAIM-80765,Dealership-D024,Turbocharger Assembly,5101.62,41.7,2,43,0,-1,High-Risk (Flagged for Audit)
CLAIM-80766,Dealership-D033,Transmission Valve Body,1109.19,10.8,1,24,0,1,Approved Standard Claim
CLAIM-80767,Dealership-D023,Inverter ECU,944.97,9.7,6,47,0,1,Approved Standard Claim
CLAIM-80768,Dealership-D026,Brake Caliper Kit,1547.51,13.2,3,26,0,1,Approved Standard Claim
CLAIM-80769,Dealership-D003,Transmission Valve Body,1425.47,12.4,4,12,0,1,Approved Standard Claim
CLAIM-80770,Dealership-D007,Turbocharger Assembly,10539.87,62.9,8,29,1,-1,High-Risk (Flagged for Audit)
CLAIM-80771,Dealership-D043,Inverter ECU,2376.2,21.9,3,34,0,1,Approved Standard Claim
CLAIM-80772,Dealership-D007,Inverter ECU,2501.57,23.1,4,29,1,1,Approved Standard Claim
CLAIM-80773,Dealership-D018,Transmission Valve Body,3995.85,36.0,4,27,0,1,Approved Standard Claim
CLAIM-80774,Dealership-D027,Battery Module,3219.19,29.4,5,13,0,1,Approved Standard Claim
CLAIM-80775,Dealership-D039,Turbocharger Assembly,1103.61,11.0,1,12,0,1,Approved Standard Claim
CLAIM-80776,Dealership-D042,Battery Module,1300.9,13.8,3,32,0,1,Approved Standard Claim
CLAIM-80777,Dealership-D001,Transmission Valve Body,1811.29,14.7,2,14,0,1,Approved Standard Claim
CLAIM-80778,Dealership-D021,Transmission Valve Body,1946.85,16.9,2,27,0,1,Approved Standard Claim
CLAIM-80779,Dealership-D037,Battery Module,1335.69,11.9,2,12,0,1,Approved Standard Claim
CLAIM-80780,Dealership-D032,Turbocharger Assembly,1710.21,17.0,3,45,0,1,Approved Standard Claim
CLAIM-80781,Dealership-D018,Brake Caliper Kit,917.8,8.6,5,44,0,1,Approved Standard Claim
CLAIM-80782,Dealership-D042,Transmission Valve Body,1066.47,8.7,3,33,0,1,Approved Standard Claim
CLAIM-80783,Dealership-D009,Battery Module,2170.85,21.8,2,36,0,1,Approved Standard Claim
CLAIM-80784,Dealership-D006,Infotainment Head Unit,3035.34,28.1,3,31,0,1,Approved Standard Claim
CLAIM-80785,Dealership-D028,Brake Caliper Kit,1123.32,9.1,2,8,0,1,Approved Standard Claim
CLAIM-80786,Dealership-D034,Inverter ECU,2235.36,9.8,5,8,1,1,Approved Standard Claim
CLAIM-80787,Dealership-D001,Battery Module,564.76,5.1,1,31,0,1,Approved Standard Claim
CLAIM-80788,Dealership-D015,Inverter ECU,3138.88,30.0,3,36,0,1,Approved Standard Claim
CLAIM-80789,Dealership-D021,Transmission Valve Body,1054.26,11.3,3,24,0,1,Approved Standard Claim
CLAIM-80790,Dealership-D012,Infotainment Head Unit,885.6,8.6,4,29,0,1,Approved Standard Claim
CLAIM-80791,Dealership-D028,Turbocharger Assembly,926.18,9.2,2,13,0,1,Approved Standard Claim
CLAIM-80792,Dealership-D010,Battery Module,1018.16,10.7,5,31,0,1,Approved Standard Claim
CLAIM-80793,Dealership-D009,Transmission Valve Body,1468.69,13.5,3,7,0,1,Approved Standard Claim
CLAIM-80794,Dealership-D005,Transmission Valve Body,1653.18,15.7,3,36,0,1,Approved Standard Claim
CLAIM-80795,Dealership-D017,Infotainment Head Unit,1766.74,15.1,4,46,0,1,Approved Standard Claim
CLAIM-80796,Dealership-D005,Inverter ECU,417.29,4.4,4,15,0,1,Approved Standard Claim
CLAIM-80797,Dealership-D042,Brake Caliper Kit,1346.28,10.6,1,9,0,1,Approved Standard Claim
CLAIM-80798,Dealership-D018,Inverter ECU,4961.04,45.8,3,24,0,-1,High-Risk (Flagged for Audit)
CLAIM-80799,Dealership-D023,Infotainment Head Unit,761.66,6.8,1,13,0,1,Approved Standard Claim
CLAIM-80800,Dealership-D028,Turbocharger Assembly,1491.9,11.0,3,32,0,1,Approved Standard Claim
CLAIM-80801,Dealership-D021,Brake Caliper Kit,1328.43,9.7,5,21,0,1,Approved Standard Claim
CLAIM-80802,Dealership-D012,Battery Module,712.83,5.9,2,29,0,1,Approved Standard Claim
CLAIM-80803,Dealership-D008,Infotainment Head Unit,425.91,3.1,3,7,0,1,Approved Standard Claim
CLAIM-80804,Dealership-D029,Inverter ECU,2418.77,26.8,1,13,0,1,Approved Standard Claim
CLAIM-80805,Dealership-D020,Infotainment Head Unit,758.65,6.3,3,33,0,1,Approved Standard Claim
CLAIM-80806,Dealership-D003,Infotainment Head Unit,4219.26,43.0,3,34,0,1,Approved Standard Claim
CLAIM-80807,Dealership-D002,Battery Module,842.7,8.3,2,20,0,1,Approved Standard Claim
CLAIM-80808,Dealership-D003,Inverter ECU,1464.63,12.3,4,40,0,1,Approved Standard Claim
CLAIM-80809,Dealership-D027,Turbocharger Assembly,669.17,5.9,3,9,0,1,Approved Standard Claim
CLAIM-80810,Dealership-D019,Turbocharger Assembly,948.48,9.6,3,17,0,1,Approved Standard Claim
CLAIM-80811,Dealership-D023,Brake Caliper Kit,839.14,8.0,4,39,0,1,Approved Standard Claim
CLAIM-80812,Dealership-D028,Infotainment Head Unit,1175.57,12.1,4,47,0,1,Approved Standard Claim
CLAIM-80813,Dealership-D022,Turbocharger Assembly,740.39,6.8,4,23,0,1,Approved Standard Claim
CLAIM-80814,Dealership-D010,Inverter ECU,1895.82,17.3,4,10,0,1,Approved Standard Claim
CLAIM-80815,Dealership-D040,Inverter ECU,2685.07,25.1,6,41,0,1,Approved Standard Claim
CLAIM-80816,Dealership-D014,Transmission Valve Body,1289.97,9.8,2,30,0,1,Approved Standard Claim
CLAIM-80817,Dealership-D026,Inverter ECU,2284.79,17.6,6,42,0,1,Approved Standard Claim
CLAIM-80818,Dealership-D043,Infotainment Head Unit,2875.32,30.0,2,16,0,1,Approved Standard Claim
CLAIM-80819,Dealership-D020,Brake Caliper Kit,802.23,7.6,2,21,0,1,Approved Standard Claim
CLAIM-80820,Dealership-D035,Inverter ECU,545.55,5.0,5,9,0,1,Approved Standard Claim
CLAIM-80821,Dealership-D024,Infotainment Head Unit,1164.69,9.6,2,37,0,1,Approved Standard Claim
CLAIM-80822,Dealership-D004,Inverter ECU,1504.44,12.2,3,17,0,1,Approved Standard Claim
CLAIM-80823,Dealership-D013,Battery Module,693.85,6.6,4,31,0,1,Approved Standard Claim
CLAIM-80824,Dealership-D003,Turbocharger Assembly,425.46,3.9,4,43,0,1,Approved Standard Claim
CLAIM-80825,Dealership-D011,Infotainment Head Unit,2101.65,21.5,2,20,0,1,Approved Standard Claim
CLAIM-80826,Dealership-D042,Brake Caliper Kit,5651.92,48.5,4,33,0,-1,High-Risk (Flagged for Audit)
CLAIM-80827,Dealership-D037,Infotainment Head Unit,1523.89,11.0,6,28,0,1,Approved Standard Claim
CLAIM-80828,Dealership-D044,Inverter ECU,990.67,7.3,2,25,0,1,Approved Standard Claim
CLAIM-80829,Dealership-D042,Transmission Valve Body,565.42,4.3,4,6,0,1,Approved Standard Claim
CLAIM-80830,Dealership-D016,Turbocharger Assembly,791.38,7.2,4,27,0,1,Approved Standard Claim
CLAIM-80831,Dealership-D008,Turbocharger Assembly,652.42,7.0,3,8,0,1,Approved Standard Claim
CLAIM-80832,Dealership-D016,Inverter ECU,4147.78,32.7,2,19,0,1,Approved Standard Claim
CLAIM-80833,Dealership-D028,Battery Module,1303.87,10.8,3,16,0,1,Approved Standard Claim
CLAIM-80834,Dealership-D037,Turbocharger Assembly,3441.44,33.9,2,17,0,1,Approved Standard Claim
CLAIM-80835,Dealership-D011,Turbocharger Assembly,4691.65,47.9,4,34,0,-1,High-Risk (Flagged for Audit)
CLAIM-80836,Dealership-D017,Brake Caliper Kit,3006.52,23.6,5,30,0,1,Approved Standard Claim
CLAIM-80837,Dealership-D024,Turbocharger Assembly,836.46,9.0,4,7,0,1,Approved Standard Claim
CLAIM-80838,Dealership-D020,Transmission Valve Body,810.43,7.5,6,21,0,1,Approved Standard Claim
CLAIM-80839,Dealership-D023,Turbocharger Assembly,1290.41,10.7,2,29,0,1,Approved Standard Claim
CLAIM-80840,Dealership-D002,Turbocharger Assembly,678.95,5.7,2,18,0,1,Approved Standard Claim
CLAIM-80841,Dealership-D008,Transmission Valve Body,1068.64,10.2,3,31,0,1,Approved Standard Claim
CLAIM-80842,Dealership-D030,Inverter ECU,412.21,3.2,2,14,0,1,Approved Standard Claim
CLAIM-80843,Dealership-D035,Brake Caliper Kit,2526.69,19.7,3,44,0,1,Approved Standard Claim
CLAIM-80844,Dealership-D006,Transmission Valve Body,1555.82,16.1,3,22,0,1,Approved Standard Claim
CLAIM-80845,Dealership-D039,Infotainment Head Unit,682.52,7.6,3,10,0,1,Approved Standard Claim
CLAIM-80846,Dealership-D034,Brake Caliper Kit,1370.61,10.7,3,10,0,1,Approved Standard Claim
CLAIM-80847,Dealership-D008,Infotainment Head Unit,745.78,7.9,2,35,0,1,Approved Standard Claim
CLAIM-80848,Dealership-D016,Brake Caliper Kit,1804.75,18.8,6,45,0,1,Approved Standard Claim
CLAIM-80849,Dealership-D038,Battery Module,2387.66,20.1,1,26,0,1,Approved Standard Claim
CLAIM-80850,Dealership-D038,Brake Caliper Kit,2319.11,18.6,3,21,0,1,Approved Standard Claim
CLAIM-80851,Dealership-D008,Turbocharger Assembly,678.37,5.0,2,31,0,1,Approved Standard Claim
CLAIM-80852,Dealership-D015,Battery Module,1122.31,11.2,3,18,0,1,Approved Standard Claim
CLAIM-80853,Dealership-D038,Turbocharger Assembly,3354.56,31.2,3,17,0,1,Approved Standard Claim
CLAIM-80854,Dealership-D031,Turbocharger Assembly,5963.68,46.6,4,20,0,-1,High-Risk (Flagged for Audit)
CLAIM-80855,Dealership-D044,Brake Caliper Kit,2135.39,19.0,4,26,0,1,Approved Standard Claim
CLAIM-80856,Dealership-D003,Transmission Valve Body,1223.15,9.4,6,37,0,1,Approved Standard Claim
CLAIM-80857,Dealership-D022,Transmission Valve Body,476.1,4.5,2,17,0,1,Approved Standard Claim
CLAIM-80858,Dealership-D017,Inverter ECU,5109.18,50.5,4,43,0,-1,High-Risk (Flagged for Audit)
CLAIM-80859,Dealership-D032,Brake Caliper Kit,3273.24,33.9,3,47,0,1,Approved Standard Claim
CLAIM-80860,Dealership-D031,Turbocharger Assembly,769.53,7.2,7,24,0,1,Approved Standard Claim
CLAIM-80861,Dealership-D001,Turbocharger Assembly,626.36,4.6,3,21,0,1,Approved Standard Claim
CLAIM-80862,Dealership-D040,Turbocharger Assembly,969.35,10.0,3,25,0,1,Approved Standard Claim
CLAIM-80863,Dealership-D002,Brake Caliper Kit,4408.81,37.6,1,44,0,-1,High-Risk (Flagged for Audit)
CLAIM-80864,Dealership-D010,Transmission Valve Body,472.16,4.0,2,44,0,1,Approved Standard Claim
CLAIM-80865,Dealership-D037,Battery Module,1765.87,12.9,2,37,0,1,Approved Standard Claim
CLAIM-80866,Dealership-D031,Turbocharger Assembly,1983.96,19.0,1,24,0,1,Approved Standard Claim
CLAIM-80867,Dealership-D016,Transmission Valve Body,1296.62,10.0,2,8,0,1,Approved Standard Claim
CLAIM-80868,Dealership-D031,Battery Module,448.59,4.2,3,16,0,1,Approved Standard Claim
CLAIM-80869,Dealership-D019,Brake Caliper Kit,1277.69,11.2,7,27,1,1,Approved Standard Claim
CLAIM-80870,Dealership-D014,Inverter ECU,831.81,8.1,5,18,0,1,Approved Standard Claim
CLAIM-80871,Dealership-D042,Turbocharger Assembly,469.23,3.4,7,26,0,1,Approved Standard Claim
CLAIM-80872,Dealership-D009,Infotainment Head Unit,2179.45,17.4,5,19,0,1,Approved Standard Claim
CLAIM-80873,Dealership-D044,Battery Module,460.93,4.3,5,44,0,1,Approved Standard Claim
CLAIM-80874,Dealership-D021,Inverter ECU,1268.65,9.5,2,19,0,1,Approved Standard Claim
CLAIM-80875,Dealership-D014,Inverter ECU,1106.61,10.1,1,9,0,1,Approved Standard Claim
CLAIM-80876,Dealership-D016,Transmission Valve Body,712.08,5.3,4,12,0,1,Approved Standard Claim
CLAIM-80877,Dealership-D014,Transmission Valve Body,1857.59,17.1,7,28,0,1,Approved Standard Claim
CLAIM-80878,Dealership-D029,Infotainment Head Unit,2906.32,26.6,3,19,0,1,Approved Standard Claim
CLAIM-80879,Dealership-D005,Brake Caliper Kit,1187.46,11.3,3,47,0,1,Approved Standard Claim
CLAIM-80880,Dealership-D042,Transmission Valve Body,1495.92,10.8,2,29,0,1,Approved Standard Claim
CLAIM-80881,Dealership-D026,Brake Caliper Kit,2349.98,23.4,5,26,0,1,Approved Standard Claim
CLAIM-80882,Dealership-D018,Brake Caliper Kit,2255.63,17.4,2,40,0,1,Approved Standard Claim
CLAIM-80883,Dealership-D030,Inverter ECU,2099.63,16.7,5,11,0,1,Approved Standard Claim
CLAIM-80884,Dealership-D030,Transmission Valve Body,4193.69,40.3,5,9,0,-1,High-Risk (Flagged for Audit)
CLAIM-80885,Dealership-D014,Brake Caliper Kit,878.22,6.8,2,30,0,1,Approved Standard Claim
CLAIM-80886,Dealership-D017,Battery Module,6043.84,55.9,2,17,0,-1,High-Risk (Flagged for Audit)
CLAIM-80887,Dealership-D024,Infotainment Head Unit,3107.97,26.5,2,23,0,1,Approved Standard Claim
CLAIM-80888,Dealership-D041,Inverter ECU,1276.77,11.8,3,42,0,1,Approved Standard Claim
CLAIM-80889,Dealership-D021,Transmission Valve Body,2457.61,21.9,1,39,0,1,Approved Standard Claim
CLAIM-80890,Dealership-D020,Inverter ECU,1376.51,13.3,4,19,0,1,Approved Standard Claim
CLAIM-80891,Dealership-D033,Infotainment Head Unit,2243.41,18.6,5,47,0,1,Approved Standard Claim
CLAIM-80892,Dealership-D038,Turbocharger Assembly,1845.0,20.1,3,20,0,1,Approved Standard Claim
CLAIM-80893,Dealership-D038,Brake Caliper Kit,485.86,4.4,4,19,0,1,Approved Standard Claim
CLAIM-80894,Dealership-D037,Brake Caliper Kit,1892.15,14.3,2,25,0,1,Approved Standard Claim
CLAIM-80895,Dealership-D037,Inverter ECU,1221.74,10.0,2,46,0,1,Approved Standard Claim
CLAIM-80896,Dealership-D028,Brake Caliper Kit,1605.73,15.8,5,46,0,1,Approved Standard Claim
CLAIM-80897,Dealership-D005,Turbocharger Assembly,2412.35,19.0,2,45,0,1,Approved Standard Claim
CLAIM-80898,Dealership-D041,Brake Caliper Kit,424.02,3.5,7,42,0,-1,High-Risk (Flagged for Audit)
CLAIM-80899,Dealership-D022,Infotainment Head Unit,665.23,5.0,3,11,0,1,Approved Standard Claim
CLAIM-80900,Dealership-D035,Turbocharger Assembly,2852.46,29.9,3,36,0,1,Approved Standard Claim
CLAIM-80901,Dealership-D044,Brake Caliper Kit,1744.99,18.2,2,38,0,1,Approved Standard Claim
CLAIM-80902,Dealership-D009,Battery Module,750.29,8.1,1,44,0,1,Approved Standard Claim
CLAIM-80903,Dealership-D010,Battery Module,1781.01,13.8,6,23,0,1,Approved Standard Claim
CLAIM-80904,Dealership-D015,Inverter ECU,2552.9,24.4,2,44,0,1,Approved Standard Claim
CLAIM-80905,Dealership-D033,Transmission Valve Body,766.26,7.0,3,13,0,1,Approved Standard Claim
CLAIM-80906,Dealership-D013,Brake Caliper Kit,1897.95,18.6,2,47,0,1,Approved Standard Claim
CLAIM-80907,Dealership-D037,Transmission Valve Body,1387.62,11.2,2,7,0,1,Approved Standard Claim
CLAIM-80908,Dealership-D004,Infotainment Head Unit,552.75,4.3,4,45,0,1,Approved Standard Claim
CLAIM-80909,Dealership-D006,Inverter ECU,596.04,6.2,8,46,0,-1,High-Risk (Flagged for Audit)
CLAIM-80910,Dealership-D006,Inverter ECU,3272.37,27.7,3,18,0,1,Approved Standard Claim
CLAIM-80911,Dealership-D031,Infotainment Head Unit,849.82,8.8,1,32,0,1,Approved Standard Claim
CLAIM-80912,Dealership-D015,Infotainment Head Unit,3694.48,32.8,6,25,0,1,Approved Standard Claim
CLAIM-80913,Dealership-D010,Inverter ECU,1020.14,8.3,1,40,0,1,Approved Standard Claim
CLAIM-80914,Dealership-D012,Turbocharger Assembly,793.8,7.6,7,40,0,1,Approved Standard Claim
CLAIM-80915,Dealership-D043,Turbocharger Assembly,1851.56,15.3,3,16,0,1,Approved Standard Claim
CLAIM-80916,Dealership-D002,Inverter ECU,2325.2,25.6,2,16,0,1,Approved Standard Claim
CLAIM-80917,Dealership-D023,Turbocharger Assembly,1583.92,15.0,2,39,0,1,Approved Standard Claim
CLAIM-80918,Dealership-D006,Infotainment Head Unit,1313.92,12.3,4,7,0,1,Approved Standard Claim
CLAIM-80919,Dealership-D035,Transmission Valve Body,2461.93,21.9,3,30,0,1,Approved Standard Claim
CLAIM-80920,Dealership-D039,Inverter ECU,6204.91,58.1,2,9,0,-1,High-Risk (Flagged for Audit)
CLAIM-80921,Dealership-D008,Turbocharger Assembly,2259.99,18.0,3,16,0,1,Approved Standard Claim
CLAIM-80922,Dealership-D040,Brake Caliper Kit,2895.98,24.9,1,18,0,1,Approved Standard Claim
CLAIM-80923,Dealership-D025,Brake Caliper Kit,1893.57,14.3,7,16,0,1,Approved Standard Claim
CLAIM-80924,Dealership-D024,Brake Caliper Kit,2045.3,21.9,5,43,0,1,Approved Standard Claim
CLAIM-80925,Dealership-D017,Brake Caliper Kit,553.55,4.0,3,33,0,1,Approved Standard Claim
CLAIM-80926,Dealership-D042,Turbocharger Assembly,3102.83,26.8,3,19,0,1,Approved Standard Claim
CLAIM-80927,Dealership-D032,Inverter ECU,2701.76,26.9,5,18,0,1,Approved Standard Claim
CLAIM-80928,Dealership-D002,Turbocharger Assembly,634.68,5.3,2,37,0,1,Approved Standard Claim
CLAIM-80929,Dealership-D027,Infotainment Head Unit,3758.35,34.3,4,43,0,1,Approved Standard Claim
CLAIM-80930,Dealership-D034,Inverter ECU,2437.72,10.6,5,42,1,1,Approved Standard Claim
CLAIM-80931,Dealership-D015,Brake Caliper Kit,3056.15,23.4,3,29,0,1,Approved Standard Claim
CLAIM-80932,Dealership-D039,Battery Module,2051.36,15.3,2,10,0,1,Approved Standard Claim
CLAIM-80933,Dealership-D035,Transmission Valve Body,4067.1,31.0,2,34,0,1,Approved Standard Claim
CLAIM-80934,Dealership-D037,Infotainment Head Unit,915.68,6.7,4,20,0,1,Approved Standard Claim
CLAIM-80935,Dealership-D042,Turbocharger Assembly,2585.99,26.0,2,7,0,1,Approved Standard Claim
CLAIM-80936,Dealership-D011,Infotainment Head Unit,2146.08,17.5,2,45,0,1,Approved Standard Claim
CLAIM-80937,Dealership-D022,Battery Module,577.23,4.2,1,19,0,1,Approved Standard Claim
CLAIM-80938,Dealership-D010,Turbocharger Assembly,4354.65,35.3,4,44,0,1,Approved Standard Claim
CLAIM-80939,Dealership-D018,Infotainment Head Unit,1270.44,12.0,5,38,0,1,Approved Standard Claim
CLAIM-80940,Dealership-D007,Inverter ECU,6027.02,47.4,3,27,1,-1,High-Risk (Flagged for Audit)
CLAIM-80941,Dealership-D012,Battery Module,1995.55,20.7,1,12,0,1,Approved Standard Claim
CLAIM-80942,Dealership-D019,Brake Caliper Kit,2561.46,28.9,9,46,1,-1,High-Risk (Flagged for Audit)
CLAIM-80943,Dealership-D001,Turbocharger Assembly,454.97,3.8,4,33,0,1,Approved Standard Claim
CLAIM-80944,Dealership-D008,Infotainment Head Unit,803.8,7.1,3,39,0,1,Approved Standard Claim
CLAIM-80945,Dealership-D043,Transmission Valve Body,3339.75,30.3,2,24,0,1,Approved Standard Claim
CLAIM-80946,Dealership-D027,Inverter ECU,1878.58,13.8,2,43,0,1,Approved Standard Claim
CLAIM-80947,Dealership-D038,Brake Caliper Kit,8400.21,65.1,4,33,0,-1,High-Risk (Flagged for Audit)
CLAIM-80948,Dealership-D017,Infotainment Head Unit,2444.13,21.8,2,6,0,1,Approved Standard Claim
CLAIM-80949,Dealership-D022,Brake Caliper Kit,880.82,8.4,5,34,0,1,Approved Standard Claim
CLAIM-80950,Dealership-D016,Transmission Valve Body,2376.48,17.5,1,15,0,1,Approved Standard Claim
CLAIM-80951,Dealership-D008,Battery Module,977.07,8.0,5,33,0,1,Approved Standard Claim
CLAIM-80952,Dealership-D003,Inverter ECU,892.66,6.6,5,39,0,1,Approved Standard Claim
CLAIM-80953,Dealership-D005,Inverter ECU,1263.98,11.9,2,11,0,1,Approved Standard Claim
CLAIM-80954,Dealership-D021,Transmission Valve Body,1453.82,14.4,2,8,0,1,Approved Standard Claim
CLAIM-80955,Dealership-D037,Battery Module,2460.85,19.7,4,42,0,1,Approved Standard Claim
CLAIM-80956,Dealership-D019,Turbocharger Assembly,410.59,3.0,3,12,0,1,Approved Standard Claim
CLAIM-80957,Dealership-D020,Inverter ECU,4199.91,45.7,4,13,0,-1,High-Risk (Flagged for Audit)
CLAIM-80958,Dealership-D024,Brake Caliper Kit,4469.03,38.6,4,40,0,1,Approved Standard Claim
CLAIM-80959,Dealership-D038,Battery Module,769.97,6.2,3,25,0,1,Approved Standard Claim
CLAIM-80960,Dealership-D015,Turbocharger Assembly,586.02,5.0,2,27,0,1,Approved Standard Claim
CLAIM-80961,Dealership-D011,Inverter ECU,1536.41,13.6,1,40,0,1,Approved Standard Claim
CLAIM-80962,Dealership-D036,Turbocharger Assembly,2831.02,24.0,1,15,0,1,Approved Standard Claim
CLAIM-80963,Dealership-D004,Brake Caliper Kit,545.74,4.6,3,36,0,1,Approved Standard Claim
CLAIM-80964,Dealership-D033,Transmission Valve Body,535.81,4.4,3,10,0,1,Approved Standard Claim
CLAIM-80965,Dealership-D018,Inverter ECU,463.06,3.4,3,11,0,1,Approved Standard Claim
CLAIM-80966,Dealership-D024,Turbocharger Assembly,1474.6,14.5,2,6,0,1,Approved Standard Claim
CLAIM-80967,Dealership-D017,Inverter ECU,698.43,6.3,3,39,0,1,Approved Standard Claim
CLAIM-80968,Dealership-D003,Brake Caliper Kit,2876.6,24.9,1,9,0,1,Approved Standard Claim
CLAIM-80969,Dealership-D043,Turbocharger Assembly,2716.25,20.4,5,17,0,1,Approved Standard Claim
CLAIM-80970,Dealership-D033,Turbocharger Assembly,3756.17,39.0,3,41,0,1,Approved Standard Claim
CLAIM-80971,Dealership-D033,Brake Caliper Kit,452.81,4.2,4,28,0,1,Approved Standard Claim
CLAIM-80972,Dealership-D014,Transmission Valve Body,2204.59,21.5,3,37,0,1,Approved Standard Claim
CLAIM-80973,Dealership-D035,Infotainment Head Unit,1241.18,12.0,2,32,0,1,Approved Standard Claim
CLAIM-80974,Dealership-D036,Inverter ECU,1067.97,9.2,2,18,0,1,Approved Standard Claim
CLAIM-80975,Dealership-D040,Brake Caliper Kit,2953.66,26.3,2,24,0,1,Approved Standard Claim
CLAIM-80976,Dealership-D032,Infotainment Head Unit,692.69,7.3,2,41,0,1,Approved Standard Claim
CLAIM-80977,Dealership-D031,Brake Caliper Kit,1016.82,7.7,1,8,0,1,Approved Standard Claim
CLAIM-80978,Dealership-D034,Turbocharger Assembly,12860.12,56.6,4,47,1,-1,High-Risk (Flagged for Audit)
CLAIM-80979,Dealership-D038,Brake Caliper Kit,514.39,4.4,3,23,0,1,Approved Standard Claim
CLAIM-80980,Dealership-D026,Turbocharger Assembly,892.26,6.8,7,11,0,1,Approved Standard Claim
CLAIM-80981,Dealership-D003,Inverter ECU,748.44,6.5,1,15,0,1,Approved Standard Claim
CLAIM-80982,Dealership-D023,Brake Caliper Kit,2353.46,19.5,1,28,0,1,Approved Standard Claim
CLAIM-80983,Dealership-D023,Inverter ECU,801.98,7.7,2,10,0,1,Approved Standard Claim
CLAIM-80984,Dealership-D017,Battery Module,825.55,7.7,3,37,0,1,Approved Standard Claim
CLAIM-80985,Dealership-D025,Brake Caliper Kit,678.12,6.5,3,46,0,1,Approved Standard Claim
CLAIM-80986,Dealership-D043,Transmission Valve Body,1536.57,16.5,4,8,0,1,Approved Standard Claim
CLAIM-80987,Dealership-D041,Inverter ECU,1303.21,13.5,3,44,0,1,Approved Standard Claim
CLAIM-80988,Dealership-D027,Battery Module,1029.8,8.2,2,27,0,1,Approved Standard Claim
CLAIM-80989,Dealership-D005,Infotainment Head Unit,758.63,6.1,1,25,0,1,Approved Standard Claim
CLAIM-80990,Dealership-D027,Inverter ECU,1430.91,11.4,2,7,0,1,Approved Standard Claim
CLAIM-80991,Dealership-D017,Infotainment Head Unit,3659.77,28.4,4,23,0,1,Approved Standard Claim
CLAIM-80992,Dealership-D029,Inverter ECU,2962.09,26.0,5,29,0,1,Approved Standard Claim
CLAIM-80993,Dealership-D031,Infotainment Head Unit,3750.22,31.0,4,10,0,1,Approved Standard Claim
CLAIM-80994,Dealership-D007,Turbocharger Assembly,3258.35,26.8,7,10,1,-1,High-Risk (Flagged for Audit)
CLAIM-80995,Dealership-D003,Battery Module,451.03,4.4,2,16,0,1,Approved Standard Claim
CLAIM-80996,Dealership-D015,Turbocharger Assembly,2100.4,16.7,4,25,0,1,Approved Standard Claim
CLAIM-80997,Dealership-D041,Transmission Valve Body,7124.84,54.7,1,25,0,-1,High-Risk (Flagged for Audit)
CLAIM-80998,Dealership-D042,Battery Module,1119.78,11.1,1,33,0,1,Approved Standard Claim
CLAIM-80999,Dealership-D034,Turbocharger Assembly,1333.94,12.1,1,46,0,1,Approved Standard Claim
CLAIM-81000,Dealership-D006,Infotainment Head Unit,799.66,5.7,3,23,0,1,Approved Standard Claim
CLAIM-81001,Dealership-D017,Turbocharger Assembly,530.16,3.9,1,11,0,1,Approved Standard Claim
CLAIM-81002,Dealership-D022,Infotainment Head Unit,582.95,4.9,5,17,0,1,Approved Standard Claim
CLAIM-81003,Dealership-D025,Transmission Valve Body,783.82,7.2,2,8,0,1,Approved Standard Claim
CLAIM-81004,Dealership-D003,Transmission Valve Body,451.23,4.9,3,38,0,1,Approved Standard Claim
CLAIM-81005,Dealership-D003,Inverter ECU,662.37,6.7,2,41,0,1,Approved Standard Claim
CLAIM-81006,Dealership-D040,Inverter ECU,1474.94,12.5,1,8,0,1,Approved Standard Claim
CLAIM-81007,Dealership-D020,Brake Caliper Kit,4796.42,43.1,4,33,0,1,Approved Standard Claim
CLAIM-81008,Dealership-D001,Brake Caliper Kit,1425.38,11.1,2,9,0,1,Approved Standard Claim
CLAIM-81009,Dealership-D038,Turbocharger Assembly,2564.81,28.2,4,41,0,1,Approved Standard Claim
CLAIM-81010,Dealership-D037,Turbocharger Assembly,414.13,3.0,2,7,0,1,Approved Standard Claim
CLAIM-81011,Dealership-D026,Brake Caliper Kit,1991.22,19.8,3,41,0,1,Approved Standard Claim
CLAIM-81012,Dealership-D023,Turbocharger Assembly,1915.6,14.6,3,37,0,1,Approved Standard Claim
CLAIM-81013,Dealership-D032,Transmission Valve Body,774.26,5.9,2,14,0,1,Approved Standard Claim
CLAIM-81014,Dealership-D031,Brake Caliper Kit,831.03,7.4,5,12,0,1,Approved Standard Claim
CLAIM-81015,Dealership-D040,Transmission Valve Body,2069.63,21.1,1,16,0,1,Approved Standard Claim
CLAIM-81016,Dealership-D007,Battery Module,998.52,7.3,3,13,0,1,Approved Standard Claim
CLAIM-81017,Dealership-D019,Turbocharger Assembly,2774.84,27.0,2,22,0,1,Approved Standard Claim
CLAIM-81018,Dealership-D012,Brake Caliper Kit,2391.93,18.3,2,15,0,1,Approved Standard Claim
CLAIM-81019,Dealership-D013,Brake Caliper Kit,912.68,8.0,3,16,0,1,Approved Standard Claim
CLAIM-81020,Dealership-D002,Turbocharger Assembly,955.73,8.0,4,9,0,1,Approved Standard Claim
CLAIM-81021,Dealership-D009,Battery Module,2919.95,22.7,3,25,0,1,Approved Standard Claim
CLAIM-81022,Dealership-D032,Inverter ECU,547.01,5.4,3,17,0,1,Approved Standard Claim
CLAIM-81023,Dealership-D005,Brake Caliper Kit,1617.9,14.7,3,26,0,1,Approved Standard Claim
CLAIM-81024,Dealership-D035,Battery Module,1539.24,13.5,3,38,0,1,Approved Standard Claim
CLAIM-81025,Dealership-D012,Infotainment Head Unit,2165.87,17.2,4,35,0,1,Approved Standard Claim
CLAIM-81026,Dealership-D024,Infotainment Head Unit,855.91,7.0,7,23,0,1,Approved Standard Claim
CLAIM-81027,Dealership-D029,Turbocharger Assembly,509.2,4.2,2,6,0,1,Approved Standard Claim
CLAIM-81028,Dealership-D013,Battery Module,3350.86,34.4,2,15,0,1,Approved Standard Claim
CLAIM-81029,Dealership-D006,Battery Module,1366.84,14.3,1,10,0,1,Approved Standard Claim
CLAIM-81030,Dealership-D004,Transmission Valve Body,512.22,3.7,3,32,0,1,Approved Standard Claim
CLAIM-81031,Dealership-D007,Turbocharger Assembly,1634.57,16.1,4,37,0,1,Approved Standard Claim
CLAIM-81032,Dealership-D009,Infotainment Head Unit,2346.01,25.1,2,23,0,1,Approved Standard Claim
CLAIM-81033,Dealership-D002,Inverter ECU,466.41,3.3,1,32,0,1,Approved Standard Claim
CLAIM-81034,Dealership-D009,Battery Module,1808.18,14.6,3,44,0,1,Approved Standard Claim
CLAIM-81035,Dealership-D020,Brake Caliper Kit,726.0,6.0,2,39,0,1,Approved Standard Claim
CLAIM-81036,Dealership-D013,Infotainment Head Unit,2301.39,16.5,4,41,0,1,Approved Standard Claim
CLAIM-81037,Dealership-D015,Inverter ECU,3680.77,39.9,2,25,0,1,Approved Standard Claim
CLAIM-81038,Dealership-D004,Inverter ECU,1134.61,8.2,1,31,0,1,Approved Standard Claim
CLAIM-81039,Dealership-D036,Inverter ECU,886.3,9.3,5,13,0,1,Approved Standard Claim
CLAIM-81040,Dealership-D008,Brake Caliper Kit,6360.35,46.4,2,22,0,-1,High-Risk (Flagged for Audit)
CLAIM-81041,Dealership-D038,Infotainment Head Unit,4030.78,37.3,2,29,0,1,Approved Standard Claim
CLAIM-81042,Dealership-D033,Transmission Valve Body,2184.77,15.9,1,30,0,1,Approved Standard Claim
CLAIM-81043,Dealership-D026,Transmission Valve Body,1682.35,15.6,3,37,0,1,Approved Standard Claim
CLAIM-81044,Dealership-D035,Transmission Valve Body,1193.27,9.5,3,44,0,1,Approved Standard Claim
CLAIM-81045,Dealership-D018,Inverter ECU,708.97,6.4,2,27,0,1,Approved Standard Claim
CLAIM-81046,Dealership-D041,Transmission Valve Body,1286.01,13.9,4,16,0,1,Approved Standard Claim
CLAIM-81047,Dealership-D004,Battery Module,5218.58,38.3,2,45,0,-1,High-Risk (Flagged for Audit)
CLAIM-81048,Dealership-D023,Transmission Valve Body,1899.71,16.0,4,8,0,1,Approved Standard Claim
CLAIM-81049,Dealership-D043,Inverter ECU,909.18,10.0,2,12,0,1,Approved Standard Claim
CLAIM-81050,Dealership-D042,Battery Module,400.3,3.1,2,12,0,1,Approved Standard Claim
CLAIM-81051,Dealership-D008,Transmission Valve Body,974.11,7.0,4,19,0,1,Approved Standard Claim
CLAIM-81052,Dealership-D028,Infotainment Head Unit,730.38,7.5,2,32,0,1,Approved Standard Claim
CLAIM-81053,Dealership-D019,Infotainment Head Unit,4861.12,26.3,6,25,1,-1,High-Risk (Flagged for Audit)
CLAIM-81054,Dealership-D025,Battery Module,1333.72,14.2,3,16,0,1,Approved Standard Claim
CLAIM-81055,Dealership-D021,Turbocharger Assembly,918.58,7.0,2,25,0,1,Approved Standard Claim
CLAIM-81056,Dealership-D029,Transmission Valve Body,1056.69,10.1,4,18,0,1,Approved Standard Claim
CLAIM-81057,Dealership-D040,Transmission Valve Body,1287.79,12.6,2,23,0,1,Approved Standard Claim
CLAIM-81058,Dealership-D001,Inverter ECU,12827.1,94.5,6,39,0,-1,High-Risk (Flagged for Audit)
CLAIM-81059,Dealership-D001,Turbocharger Assembly,1279.11,10.4,3,36,0,1,Approved Standard Claim
CLAIM-81060,Dealership-D037,Brake Caliper Kit,557.61,5.6,1,13,0,1,Approved Standard Claim
CLAIM-81061,Dealership-D012,Infotainment Head Unit,445.38,3.5,2,11,0,1,Approved Standard Claim
CLAIM-81062,Dealership-D039,Infotainment Head Unit,1633.29,14.7,1,14,0,1,Approved Standard Claim
CLAIM-81063,Dealership-D007,Battery Module,2048.79,12.9,8,28,1,-1,High-Risk (Flagged for Audit)
CLAIM-81064,Dealership-D025,Infotainment Head Unit,426.66,3.5,1,38,0,1,Approved Standard Claim
CLAIM-81065,Dealership-D022,Infotainment Head Unit,1149.82,11.1,2,35,0,1,Approved Standard Claim
CLAIM-81066,Dealership-D033,Brake Caliper Kit,733.39,5.8,5,24,0,1,Approved Standard Claim
CLAIM-81067,Dealership-D038,Turbocharger Assembly,638.11,5.9,3,26,0,1,Approved Standard Claim
CLAIM-81068,Dealership-D007,Transmission Valve Body,11205.12,57.2,5,32,1,-1,High-Risk (Flagged for Audit)
CLAIM-81069,Dealership-D023,Battery Module,1258.12,9.0,4,9,0,1,Approved Standard Claim
CLAIM-81070,Dealership-D030,Turbocharger Assembly,1345.78,10.1,1,27,0,1,Approved Standard Claim
CLAIM-81071,Dealership-D042,Brake Caliper Kit,1608.02,16.0,2,9,0,1,Approved Standard Claim
CLAIM-81072,Dealership-D037,Turbocharger Assembly,2256.48,21.7,2,41,0,1,Approved Standard Claim
CLAIM-81073,Dealership-D035,Battery Module,882.49,7.1,2,13,0,1,Approved Standard Claim
CLAIM-81074,Dealership-D026,Brake Caliper Kit,615.7,6.2,6,21,0,1,Approved Standard Claim
CLAIM-81075,Dealership-D042,Transmission Valve Body,1684.25,12.8,4,13,0,1,Approved Standard Claim
CLAIM-81076,Dealership-D017,Transmission Valve Body,1116.79,11.4,4,6,0,1,Approved Standard Claim
CLAIM-81077,Dealership-D041,Battery Module,1903.57,16.5,3,28,0,1,Approved Standard Claim
CLAIM-81078,Dealership-D033,Infotainment Head Unit,1497.86,13.7,2,29,0,1,Approved Standard Claim
CLAIM-81079,Dealership-D034,Infotainment Head Unit,730.97,5.2,1,24,0,1,Approved Standard Claim
CLAIM-81080,Dealership-D038,Turbocharger Assembly,2570.58,21.1,4,37,0,1,Approved Standard Claim
CLAIM-81081,Dealership-D014,Infotainment Head Unit,985.78,8.3,4,12,0,1,Approved Standard Claim
CLAIM-81082,Dealership-D041,Brake Caliper Kit,537.89,4.5,3,20,0,1,Approved Standard Claim
CLAIM-81083,Dealership-D035,Inverter ECU,588.18,6.4,4,35,0,1,Approved Standard Claim
CLAIM-81084,Dealership-D036,Inverter ECU,2093.09,20.9,4,41,0,1,Approved Standard Claim
CLAIM-81085,Dealership-D031,Brake Caliper Kit,2028.16,18.4,5,39,0,1,Approved Standard Claim
CLAIM-81086,Dealership-D023,Infotainment Head Unit,647.79,5.5,2,39,0,1,Approved Standard Claim
CLAIM-81087,Dealership-D015,Infotainment Head Unit,601.26,4.3,5,14,0,1,Approved Standard Claim
CLAIM-81088,Dealership-D036,Transmission Valve Body,517.44,4.8,3,19,0,1,Approved Standard Claim
CLAIM-81089,Dealership-D039,Brake Caliper Kit,562.47,5.1,3,7,0,1,Approved Standard Claim
CLAIM-81090,Dealership-D007,Transmission Valve Body,673.05,5.2,6,32,0,1,Approved Standard Claim
CLAIM-81091,Dealership-D020,Brake Caliper Kit,1067.3,10.6,6,13,0,1,Approved Standard Claim
CLAIM-81092,Dealership-D001,Battery Module,1289.63,9.3,4,13,0,1,Approved Standard Claim
CLAIM-81093,Dealership-D018,Transmission Valve Body,1671.89,15.1,4,8,0,1,Approved Standard Claim
CLAIM-81094,Dealership-D014,Battery Module,2502.01,26.7,4,15,0,1,Approved Standard Claim
CLAIM-81095,Dealership-D037,Transmission Valve Body,1263.62,14.0,4,28,0,1,Approved Standard Claim
CLAIM-81096,Dealership-D008,Infotainment Head Unit,814.22,7.7,3,14,0,1,Approved Standard Claim
CLAIM-81097,Dealership-D015,Transmission Valve Body,5122.01,49.6,5,34,0,-1,High-Risk (Flagged for Audit)
CLAIM-81098,Dealership-D026,Brake Caliper Kit,806.03,8.7,5,33,0,1,Approved Standard Claim
CLAIM-81099,Dealership-D018,Transmission Valve Body,4726.54,48.9,1,41,0,-1,High-Risk (Flagged for Audit)
CLAIM-81100,Dealership-D032,Turbocharger Assembly,3086.48,22.2,6,10,0,1,Approved Standard Claim
CLAIM-81101,Dealership-D037,Infotainment Head Unit,440.01,3.9,4,23,0,1,Approved Standard Claim
CLAIM-81102,Dealership-D042,Transmission Valve Body,3421.26,26.8,4,6,0,1,Approved Standard Claim
CLAIM-81103,Dealership-D021,Infotainment Head Unit,655.29,5.3,3,20,0,1,Approved Standard Claim
CLAIM-81104,Dealership-D037,Infotainment Head Unit,2140.89,16.0,6,6,0,1,Approved Standard Claim
CLAIM-81105,Dealership-D011,Infotainment Head Unit,2556.72,22.0,3,9,0,1,Approved Standard Claim
CLAIM-81106,Dealership-D019,Infotainment Head Unit,7855.15,78.4,6,31,1,-1,High-Risk (Flagged for Audit)
CLAIM-81107,Dealership-D030,Transmission Valve Body,3280.11,29.2,2,28,0,1,Approved Standard Claim
CLAIM-81108,Dealership-D019,Transmission Valve Body,1444.2,13.9,1,18,0,1,Approved Standard Claim
CLAIM-81109,Dealership-D013,Battery Module,3785.82,30.4,4,11,0,1,Approved Standard Claim
CLAIM-81110,Dealership-D018,Infotainment Head Unit,2116.52,22.0,4,8,0,1,Approved Standard Claim
CLAIM-81111,Dealership-D031,Inverter ECU,525.79,5.3,3,23,0,1,Approved Standard Claim
CLAIM-81112,Dealership-D002,Transmission Valve Body,3325.39,26.0,4,6,0,1,Approved Standard Claim
CLAIM-81113,Dealership-D013,Battery Module,2820.31,27.0,2,26,0,1,Approved Standard Claim
CLAIM-81114,Dealership-D001,Inverter ECU,5029.94,45.5,4,41,0,-1,High-Risk (Flagged for Audit)
CLAIM-81115,Dealership-D001,Infotainment Head Unit,1085.56,9.7,5,20,0,1,Approved Standard Claim
CLAIM-81116,Dealership-D001,Infotainment Head Unit,915.83,8.2,3,12,0,1,Approved Standard Claim
CLAIM-81117,Dealership-D027,Transmission Valve Body,1403.87,11.0,2,24,0,1,Approved Standard Claim
CLAIM-81118,Dealership-D040,Transmission Valve Body,2368.51,18.1,3,40,0,1,Approved Standard Claim
CLAIM-81119,Dealership-D006,Brake Caliper Kit,1481.01,12.7,5,15,0,1,Approved Standard Claim
CLAIM-81120,Dealership-D009,Brake Caliper Kit,2423.46,18.3,3,46,0,1,Approved Standard Claim
CLAIM-81121,Dealership-D042,Brake Caliper Kit,936.99,7.0,2,40,0,1,Approved Standard Claim
CLAIM-81122,Dealership-D002,Battery Module,817.4,7.4,2,25,0,1,Approved Standard Claim
CLAIM-81123,Dealership-D012,Battery Module,1625.98,14.9,2,19,0,1,Approved Standard Claim
CLAIM-81124,Dealership-D015,Battery Module,5045.61,38.8,5,27,0,-1,High-Risk (Flagged for Audit)
CLAIM-81125,Dealership-D043,Battery Module,1262.69,11.9,7,18,0,1,Approved Standard Claim
CLAIM-81126,Dealership-D034,Inverter ECU,1798.08,13.8,2,14,0,1,Approved Standard Claim
CLAIM-81127,Dealership-D026,Transmission Valve Body,554.47,4.9,4,35,0,1,Approved Standard Claim
CLAIM-81128,Dealership-D043,Infotainment Head Unit,1808.38,19.6,3,44,0,1,Approved Standard Claim
CLAIM-81129,Dealership-D002,Brake Caliper Kit,822.66,9.0,3,37,0,1,Approved Standard Claim
CLAIM-81130,Dealership-D034,Battery Module,7951.31,50.9,6,26,1,-1,High-Risk (Flagged for Audit)
CLAIM-81131,Dealership-D015,Battery Module,517.09,5.7,2,47,0,1,Approved Standard Claim
CLAIM-81132,Dealership-D023,Inverter ECU,1867.57,13.4,6,34,0,1,Approved Standard Claim
CLAIM-81133,Dealership-D005,Infotainment Head Unit,573.73,5.8,2,7,0,1,Approved Standard Claim
CLAIM-81134,Dealership-D033,Turbocharger Assembly,1865.67,14.7,7,6,0,-1,High-Risk (Flagged for Audit)
CLAIM-81135,Dealership-D022,Battery Module,1355.04,10.6,3,25,0,1,Approved Standard Claim
CLAIM-81136,Dealership-D008,Battery Module,1203.25,12.1,6,22,0,1,Approved Standard Claim
CLAIM-81137,Dealership-D040,Brake Caliper Kit,1198.48,11.1,1,44,0,1,Approved Standard Claim
CLAIM-81138,Dealership-D019,Battery Module,1040.15,8.3,3,18,0,1,Approved Standard Claim
CLAIM-81139,Dealership-D012,Inverter ECU,1098.84,9.4,5,37,0,1,Approved Standard Claim
CLAIM-81140,Dealership-D021,Brake Caliper Kit,1355.53,14.2,3,25,0,1,Approved Standard Claim
CLAIM-81141,Dealership-D024,Inverter ECU,2864.48,29.2,4,37,0,1,Approved Standard Claim
CLAIM-81142,Dealership-D008,Infotainment Head Unit,972.22,7.1,5,29,0,1,Approved Standard Claim
CLAIM-81143,Dealership-D016,Brake Caliper Kit,403.21,4.4,1,31,0,1,Approved Standard Claim
CLAIM-81144,Dealership-D024,Battery Module,1050.55,10.0,1,13,0,1,Approved Standard Claim
CLAIM-81145,Dealership-D032,Infotainment Head Unit,1399.96,12.3,3,21,0,1,Approved Standard Claim
CLAIM-81146,Dealership-D029,Brake Caliper Kit,736.26,5.5,3,11,0,1,Approved Standard Claim
CLAIM-81147,Dealership-D038,Brake Caliper Kit,989.0,9.4,5,8,0,1,Approved Standard Claim
CLAIM-81148,Dealership-D041,Battery Module,433.32,4.7,1,6,0,1,Approved Standard Claim
CLAIM-81149,Dealership-D024,Inverter ECU,565.98,5.5,2,33,0,1,Approved Standard Claim
CLAIM-81150,Dealership-D026,Brake Caliper Kit,511.25,5.6,3,42,0,1,Approved Standard Claim
CLAIM-81151,Dealership-D015,Infotainment Head Unit,1195.48,11.1,2,8,0,1,Approved Standard Claim
CLAIM-81152,Dealership-D020,Turbocharger Assembly,1343.09,14.6,5,25,0,1,Approved Standard Claim
CLAIM-81153,Dealership-D040,Transmission Valve Body,1527.79,11.6,2,20,0,1,Approved Standard Claim
CLAIM-81154,Dealership-D025,Turbocharger Assembly,1253.41,9.1,4,30,0,1,Approved Standard Claim
CLAIM-81155,Dealership-D033,Turbocharger Assembly,1553.46,11.2,6,40,0,1,Approved Standard Claim
CLAIM-81156,Dealership-D036,Battery Module,704.69,7.7,1,10,0,1,Approved Standard Claim
CLAIM-81157,Dealership-D018,Infotainment Head Unit,1302.29,10.5,2,37,0,1,Approved Standard Claim
CLAIM-81158,Dealership-D033,Infotainment Head Unit,3194.01,33.9,8,15,0,-1,High-Risk (Flagged for Audit)
CLAIM-81159,Dealership-D013,Infotainment Head Unit,839.93,6.5,3,12,0,1,Approved Standard Claim
CLAIM-81160,Dealership-D033,Inverter ECU,789.51,7.6,2,19,0,1,Approved Standard Claim
CLAIM-81161,Dealership-D025,Battery Module,1236.44,9.4,3,27,0,1,Approved Standard Claim
CLAIM-81162,Dealership-D009,Transmission Valve Body,696.3,5.8,3,11,0,1,Approved Standard Claim
CLAIM-81163,Dealership-D013,Turbocharger Assembly,1905.48,17.6,2,37,0,1,Approved Standard Claim
CLAIM-81164,Dealership-D014,Inverter ECU,3215.99,24.5,3,31,0,1,Approved Standard Claim
CLAIM-81165,Dealership-D037,Inverter ECU,629.06,4.6,5,46,0,1,Approved Standard Claim
CLAIM-81166,Dealership-D008,Infotainment Head Unit,2326.96,18.2,2,15,0,1,Approved Standard Claim
CLAIM-81167,Dealership-D027,Battery Module,2334.41,20.9,2,41,0,1,Approved Standard Claim
CLAIM-81168,Dealership-D003,Turbocharger Assembly,586.75,5.8,3,13,0,1,Approved Standard Claim
CLAIM-81169,Dealership-D014,Transmission Valve Body,546.29,4.0,2,29,0,1,Approved Standard Claim
CLAIM-81170,Dealership-D006,Battery Module,3246.1,30.2,9,20,0,-1,High-Risk (Flagged for Audit)
CLAIM-81171,Dealership-D021,Infotainment Head Unit,973.71,8.3,1,41,0,1,Approved Standard Claim
CLAIM-81172,Dealership-D041,Transmission Valve Body,1117.49,8.5,3,46,0,1,Approved Standard Claim
CLAIM-81173,Dealership-D029,Infotainment Head Unit,1959.69,19.2,6,8,0,1,Approved Standard Claim
CLAIM-81174,Dealership-D012,Transmission Valve Body,1087.54,11.0,4,35,0,1,Approved Standard Claim
CLAIM-81175,Dealership-D017,Transmission Valve Body,654.59,6.6,4,7,0,1,Approved Standard Claim
CLAIM-81176,Dealership-D029,Battery Module,791.36,6.6,8,24,0,-1,High-Risk (Flagged for Audit)
CLAIM-81177,Dealership-D017,Turbocharger Assembly,437.17,3.9,2,20,0,1,Approved Standard Claim
CLAIM-81178,Dealership-D015,Infotainment Head Unit,3104.51,27.1,2,36,0,1,Approved Standard Claim
CLAIM-81179,Dealership-D002,Infotainment Head Unit,1181.5,10.8,3,6,0,1,Approved Standard Claim
CLAIM-81180,Dealership-D022,Battery Module,1071.48,9.6,4,25,0,1,Approved Standard Claim
CLAIM-81181,Dealership-D006,Brake Caliper Kit,810.92,7.4,3,39,0,1,Approved Standard Claim
CLAIM-81182,Dealership-D027,Turbocharger Assembly,958.99,7.8,7,27,0,1,Approved Standard Claim
CLAIM-81183,Dealership-D034,Inverter ECU,2415.93,18.7,2,40,0,1,Approved Standard Claim
CLAIM-81184,Dealership-D003,Brake Caliper Kit,937.77,8.0,5,37,0,1,Approved Standard Claim
CLAIM-81185,Dealership-D029,Brake Caliper Kit,1210.2,8.7,1,39,0,1,Approved Standard Claim
CLAIM-81186,Dealership-D004,Transmission Valve Body,525.21,4.6,3,20,0,1,Approved Standard Claim
CLAIM-81187,Dealership-D013,Brake Caliper Kit,1044.96,10.5,3,21,0,1,Approved Standard Claim
CLAIM-81188,Dealership-D040,Infotainment Head Unit,696.58,6.6,3,42,0,1,Approved Standard Claim
CLAIM-81189,Dealership-D040,Inverter ECU,2743.07,26.4,2,26,0,1,Approved Standard Claim
CLAIM-81190,Dealership-D036,Inverter ECU,1955.75,17.1,3,19,0,1,Approved Standard Claim
CLAIM-81191,Dealership-D008,Infotainment Head Unit,879.78,7.0,3,32,0,1,Approved Standard Claim
CLAIM-81192,Dealership-D015,Battery Module,1606.89,13.9,3,38,0,1,Approved Standard Claim
CLAIM-81193,Dealership-D002,Brake Caliper Kit,2908.62,21.7,1,8,0,1,Approved Standard Claim
CLAIM-81194,Dealership-D005,Brake Caliper Kit,1466.52,14.5,2,32,0,1,Approved Standard Claim
CLAIM-81195,Dealership-D032,Brake Caliper Kit,3345.32,24.3,5,43,0,1,Approved Standard Claim
CLAIM-81196,Dealership-D035,Brake Caliper Kit,722.79,6.2,3,30,0,1,Approved Standard Claim
CLAIM-81197,Dealership-D038,Infotainment Head Unit,1274.01,9.2,2,33,0,1,Approved Standard Claim
CLAIM-81198,Dealership-D030,Battery Module,706.58,5.4,3,46,0,1,Approved Standard Claim
CLAIM-81199,Dealership-D010,Brake Caliper Kit,696.58,6.7,2,35,0,1,Approved Standard Claim
CLAIM-81200,Dealership-D009,Battery Module,3624.18,34.8,1,7,0,-1,High-Risk (Flagged for Audit)
CLAIM-81201,Dealership-D016,Battery Module,1740.43,18.8,4,25,0,1,Approved Standard Claim
CLAIM-81202,Dealership-D021,Battery Module,734.56,6.8,2,11,0,1,Approved Standard Claim
CLAIM-81203,Dealership-D021,Transmission Valve Body,3425.75,34.2,3,34,0,1,Approved Standard Claim
CLAIM-81204,Dealership-D026,Turbocharger Assembly,2382.48,24.8,3,43,0,1,Approved Standard Claim
CLAIM-81205,Dealership-D040,Battery Module,2095.91,15.7,4,32,0,1,Approved Standard Claim
CLAIM-81206,Dealership-D008,Brake Caliper Kit,1471.09,13.6,4,39,0,1,Approved Standard Claim
CLAIM-81207,Dealership-D014,Turbocharger Assembly,3319.56,29.7,3,14,0,1,Approved Standard Claim
CLAIM-81208,Dealership-D008,Brake Caliper Kit,2272.47,16.6,2,46,0,1,Approved Standard Claim
CLAIM-81209,Dealership-D028,Infotainment Head Unit,1060.59,8.9,3,36,0,1,Approved Standard Claim
CLAIM-81210,Dealership-D008,Inverter ECU,1156.33,12.3,2,6,0,1,Approved Standard Claim
CLAIM-81211,Dealership-D023,Turbocharger Assembly,1741.82,12.9,2,21,0,1,Approved Standard Claim
CLAIM-81212,Dealership-D022,Inverter ECU,980.6,8.3,4,11,0,1,Approved Standard Claim
CLAIM-81213,Dealership-D028,Infotainment Head Unit,534.05,4.1,5,21,0,1,Approved Standard Claim
CLAIM-81214,Dealership-D014,Turbocharger Assembly,1120.93,10.0,4,33,0,1,Approved Standard Claim
CLAIM-81215,Dealership-D034,Battery Module,5211.44,25.6,9,45,1,-1,High-Risk (Flagged for Audit)
CLAIM-81216,Dealership-D002,Inverter ECU,1572.47,12.9,2,20,0,1,Approved Standard Claim
CLAIM-81217,Dealership-D001,Infotainment Head Unit,1256.51,10.3,4,40,0,1,Approved Standard Claim
CLAIM-81218,Dealership-D032,Turbocharger Assembly,681.89,7.0,4,32,0,1,Approved Standard Claim
CLAIM-81219,Dealership-D016,Infotainment Head Unit,2268.2,20.2,4,22,0,1,Approved Standard Claim
CLAIM-81220,Dealership-D029,Inverter ECU,855.71,9.4,4,43,0,1,Approved Standard Claim
CLAIM-81221,Dealership-D016,Transmission Valve Body,1114.84,9.0,3,42,0,1,Approved Standard Claim
CLAIM-81222,Dealership-D032,Inverter ECU,762.84,6.0,2,11,0,1,Approved Standard Claim
CLAIM-81223,Dealership-D009,Brake Caliper Kit,714.91,5.5,3,43,0,1,Approved Standard Claim
CLAIM-81224,Dealership-D034,Brake Caliper Kit,4192.36,29.6,6,11,1,-1,High-Risk (Flagged for Audit)
CLAIM-81225,Dealership-D029,Infotainment Head Unit,773.88,6.0,2,6,0,1,Approved Standard Claim
CLAIM-81226,Dealership-D007,Turbocharger Assembly,3643.42,32.2,3,10,0,1,Approved Standard Claim
CLAIM-81227,Dealership-D022,Infotainment Head Unit,1534.57,14.7,3,7,0,1,Approved Standard Claim
CLAIM-81228,Dealership-D008,Inverter ECU,591.67,5.6,1,7,0,1,Approved Standard Claim
CLAIM-81229,Dealership-D012,Infotainment Head Unit,1878.68,14.7,2,14,0,1,Approved Standard Claim
CLAIM-81230,Dealership-D036,Battery Module,3050.29,27.4,3,14,0,1,Approved Standard Claim
CLAIM-81231,Dealership-D002,Turbocharger Assembly,797.59,5.8,3,35,0,1,Approved Standard Claim
CLAIM-81232,Dealership-D020,Transmission Valve Body,718.68,5.3,2,20,0,1,Approved Standard Claim
CLAIM-81233,Dealership-D034,Brake Caliper Kit,1641.82,17.3,4,13,0,1,Approved Standard Claim
CLAIM-81234,Dealership-D034,Infotainment Head Unit,4374.08,43.5,11,14,1,-1,High-Risk (Flagged for Audit)
CLAIM-81235,Dealership-D040,Inverter ECU,734.85,6.9,4,18,0,1,Approved Standard Claim
CLAIM-81236,Dealership-D014,Transmission Valve Body,882.61,8.6,5,44,0,1,Approved Standard Claim
CLAIM-81237,Dealership-D040,Brake Caliper Kit,2479.19,19.2,3,22,0,1,Approved Standard Claim
CLAIM-81238,Dealership-D041,Battery Module,1115.55,8.6,2,36,0,1,Approved Standard Claim
CLAIM-81239,Dealership-D036,Brake Caliper Kit,503.21,4.7,1,30,0,1,Approved Standard Claim
CLAIM-81240,Dealership-D025,Turbocharger Assembly,3735.77,37.8,3,42,0,1,Approved Standard Claim
CLAIM-81241,Dealership-D014,Brake Caliper Kit,603.73,5.3,3,36,0,1,Approved Standard Claim
CLAIM-81242,Dealership-D035,Battery Module,2344.09,18.4,5,13,0,1,Approved Standard Claim
CLAIM-81243,Dealership-D015,Inverter ECU,2816.36,20.5,2,18,0,1,Approved Standard Claim
CLAIM-81244,Dealership-D006,Brake Caliper Kit,4522.96,41.6,8,28,0,-1,High-Risk (Flagged for Audit)
CLAIM-81245,Dealership-D006,Brake Caliper Kit,1661.66,12.5,2,8,0,1,Approved Standard Claim
CLAIM-81246,Dealership-D033,Battery Module,2191.08,24.0,1,18,0,1,Approved Standard Claim
CLAIM-81247,Dealership-D038,Turbocharger Assembly,1636.39,13.1,5,29,0,1,Approved Standard Claim
CLAIM-81248,Dealership-D026,Inverter ECU,3611.67,26.9,3,10,0,1,Approved Standard Claim
CLAIM-81249,Dealership-D015,Infotainment Head Unit,1876.8,14.5,3,28,0,1,Approved Standard Claim
CLAIM-81250,Dealership-D011,Infotainment Head Unit,627.01,5.6,4,31,0,1,Approved Standard Claim
CLAIM-81251,Dealership-D031,Infotainment Head Unit,1043.66,10.2,4,29,0,1,Approved Standard Claim
CLAIM-81252,Dealership-D028,Inverter ECU,1014.54,10.0,5,6,0,1,Approved Standard Claim
CLAIM-81253,Dealership-D044,Inverter ECU,1344.68,12.5,1,9,0,1,Approved Standard Claim
CLAIM-81254,Dealership-D008,Turbocharger Assembly,480.08,4.0,7,25,0,1,Approved Standard Claim
CLAIM-81255,Dealership-D011,Brake Caliper Kit,2610.58,22.8,2,42,0,1,Approved Standard Claim
CLAIM-81256,Dealership-D027,Infotainment Head Unit,1858.56,18.8,4,30,0,1,Approved Standard Claim
CLAIM-81257,Dealership-D008,Transmission Valve Body,4992.22,39.7,4,14,0,-1,High-Risk (Flagged for Audit)
CLAIM-81258,Dealership-D032,Transmission Valve Body,3397.81,32.0,3,16,0,1,Approved Standard Claim
CLAIM-81259,Dealership-D005,Battery Module,3938.68,30.0,3,12,0,1,Approved Standard Claim
CLAIM-81260,Dealership-D017,Transmission Valve Body,1644.25,13.5,3,41,0,1,Approved Standard Claim
CLAIM-81261,Dealership-D019,Transmission Valve Body,2383.37,17.4,8,45,1,-1,High-Risk (Flagged for Audit)
CLAIM-81262,Dealership-D011,Infotainment Head Unit,3229.0,35.2,2,40,0,1,Approved Standard Claim
CLAIM-81263,Dealership-D005,Battery Module,754.62,8.0,1,38,0,1,Approved Standard Claim
CLAIM-81264,Dealership-D030,Turbocharger Assembly,1860.09,15.3,1,18,0,1,Approved Standard Claim
CLAIM-81265,Dealership-D015,Transmission Valve Body,1435.34,12.8,4,21,0,1,Approved Standard Claim
CLAIM-81266,Dealership-D002,Infotainment Head Unit,509.26,5.3,2,34,0,1,Approved Standard Claim
CLAIM-81267,Dealership-D041,Brake Caliper Kit,3747.91,30.8,4,17,0,1,Approved Standard Claim
CLAIM-81268,Dealership-D025,Brake Caliper Kit,791.15,7.1,3,10,0,1,Approved Standard Claim
CLAIM-81269,Dealership-D015,Inverter ECU,2669.58,26.7,3,18,0,1,Approved Standard Claim
CLAIM-81270,Dealership-D017,Infotainment Head Unit,1436.06,10.4,3,29,0,1,Approved Standard Claim
CLAIM-81271,Dealership-D038,Brake Caliper Kit,3890.6,33.9,1,16,0,-1,High-Risk (Flagged for Audit)
CLAIM-81272,Dealership-D008,Inverter ECU,403.81,3.9,3,8,0,1,Approved Standard Claim
CLAIM-81273,Dealership-D030,Inverter ECU,1060.58,9.5,6,13,0,1,Approved Standard Claim
CLAIM-81274,Dealership-D042,Transmission Valve Body,7121.09,54.0,1,14,0,-1,High-Risk (Flagged for Audit)
CLAIM-81275,Dealership-D005,Transmission Valve Body,952.56,7.3,2,41,0,1,Approved Standard Claim
CLAIM-81276,Dealership-D016,Battery Module,524.33,4.0,2,17,0,1,Approved Standard Claim
CLAIM-81277,Dealership-D015,Brake Caliper Kit,6809.75,67.3,2,46,0,-1,High-Risk (Flagged for Audit)
CLAIM-81278,Dealership-D040,Transmission Valve Body,1736.02,17.3,2,35,0,1,Approved Standard Claim
CLAIM-81279,Dealership-D004,Brake Caliper Kit,472.22,5.1,3,44,0,1,Approved Standard Claim
CLAIM-81280,Dealership-D025,Brake Caliper Kit,4981.77,36.8,4,32,0,1,Approved Standard Claim
CLAIM-81281,Dealership-D036,Transmission Valve Body,846.37,7.4,6,13,0,1,Approved Standard Claim
CLAIM-81282,Dealership-D022,Brake Caliper Kit,2038.95,18.3,3,34,0,1,Approved Standard Claim
CLAIM-81283,Dealership-D032,Transmission Valve Body,524.63,3.8,2,21,0,1,Approved Standard Claim
CLAIM-81284,Dealership-D012,Transmission Valve Body,791.71,6.8,3,16,0,1,Approved Standard Claim
CLAIM-81285,Dealership-D038,Transmission Valve Body,838.37,7.1,1,33,0,1,Approved Standard Claim
CLAIM-81286,Dealership-D035,Battery Module,1208.77,11.8,2,39,0,1,Approved Standard Claim
CLAIM-81287,Dealership-D038,Inverter ECU,731.2,7.3,5,40,0,1,Approved Standard Claim
CLAIM-81288,Dealership-D039,Brake Caliper Kit,1812.59,15.7,3,32,0,1,Approved Standard Claim
CLAIM-81289,Dealership-D025,Brake Caliper Kit,2666.89,19.6,3,44,0,1,Approved Standard Claim
CLAIM-81290,Dealership-D028,Infotainment Head Unit,724.25,7.6,4,35,0,1,Approved Standard Claim
CLAIM-81291,Dealership-D021,Battery Module,1697.2,13.9,1,15,0,1,Approved Standard Claim
CLAIM-81292,Dealership-D030,Inverter ECU,417.69,3.5,4,29,0,1,Approved Standard Claim
CLAIM-81293,Dealership-D036,Turbocharger Assembly,2740.45,22.1,1,16,0,1,Approved Standard Claim
CLAIM-81294,Dealership-D014,Brake Caliper Kit,2118.76,19.2,2,13,0,1,Approved Standard Claim
CLAIM-81295,Dealership-D043,Transmission Valve Body,517.59,5.7,2,35,0,1,Approved Standard Claim
CLAIM-81296,Dealership-D015,Turbocharger Assembly,1754.28,13.2,3,38,0,1,Approved Standard Claim
CLAIM-81297,Dealership-D018,Battery Module,561.06,4.1,1,44,0,1,Approved Standard Claim
CLAIM-81298,Dealership-D027,Inverter ECU,1395.75,12.7,1,30,0,1,Approved Standard Claim
CLAIM-81299,Dealership-D024,Brake Caliper Kit,1113.25,12.1,6,24,0,1,Approved Standard Claim
CLAIM-81300,Dealership-D029,Inverter ECU,440.75,3.3,3,28,0,1,Approved Standard Claim
CLAIM-81301,Dealership-D012,Brake Caliper Kit,1472.03,11.9,2,33,0,1,Approved Standard Claim
CLAIM-81302,Dealership-D016,Turbocharger Assembly,586.05,4.4,3,23,0,1,Approved Standard Claim
CLAIM-81303,Dealership-D030,Transmission Valve Body,1308.01,13.4,6,22,0,1,Approved Standard Claim
CLAIM-81304,Dealership-D006,Inverter ECU,993.72,7.2,3,36,0,1,Approved Standard Claim
CLAIM-81305,Dealership-D007,Brake Caliper Kit,2124.12,21.0,2,12,0,1,Approved Standard Claim
CLAIM-81306,Dealership-D043,Battery Module,761.71,5.6,2,12,0,1,Approved Standard Claim
CLAIM-81307,Dealership-D003,Battery Module,1587.22,14.3,4,30,0,1,Approved Standard Claim
CLAIM-81308,Dealership-D044,Infotainment Head Unit,995.59,10.5,4,39,0,1,Approved Standard Claim
CLAIM-81309,Dealership-D016,Infotainment Head Unit,2530.55,19.6,3,42,0,1,Approved Standard Claim
CLAIM-81310,Dealership-D016,Infotainment Head Unit,538.14,5.2,4,40,0,1,Approved Standard Claim
CLAIM-81311,Dealership-D036,Brake Caliper Kit,4297.16,36.2,1,10,0,-1,High-Risk (Flagged for Audit)
CLAIM-81312,Dealership-D015,Inverter ECU,711.79,7.6,3,34,0,1,Approved Standard Claim
CLAIM-81313,Dealership-D039,Brake Caliper Kit,2162.06,16.9,5,11,0,1,Approved Standard Claim
CLAIM-81314,Dealership-D035,Transmission Valve Body,618.96,5.4,3,16,0,1,Approved Standard Claim
CLAIM-81315,Dealership-D044,Infotainment Head Unit,1888.84,14.6,2,31,0,1,Approved Standard Claim
CLAIM-81316,Dealership-D011,Brake Caliper Kit,803.92,6.0,3,46,0,1,Approved Standard Claim
CLAIM-81317,Dealership-D005,Turbocharger Assembly,3137.44,27.0,2,16,0,1,Approved Standard Claim
CLAIM-81318,Dealership-D040,Battery Module,929.12,7.1,3,31,0,1,Approved Standard Claim
CLAIM-81319,Dealership-D037,Infotainment Head Unit,4272.25,46.9,2,21,0,-1,High-Risk (Flagged for Audit)
CLAIM-81320,Dealership-D007,Brake Caliper Kit,2681.77,24.1,5,12,1,1,Approved Standard Claim
CLAIM-81321,Dealership-D041,Transmission Valve Body,1569.92,15.2,4,24,0,1,Approved Standard Claim
CLAIM-81322,Dealership-D012,Transmission Valve Body,1239.65,13.5,2,42,0,1,Approved Standard Claim
CLAIM-81323,Dealership-D022,Infotainment Head Unit,527.42,4.2,3,28,0,1,Approved Standard Claim
CLAIM-81324,Dealership-D033,Turbocharger Assembly,812.6,7.5,2,28,0,1,Approved Standard Claim
CLAIM-81325,Dealership-D044,Transmission Valve Body,410.34,3.0,6,37,0,1,Approved Standard Claim
CLAIM-81326,Dealership-D013,Battery Module,4406.44,36.7,1,38,0,-1,High-Risk (Flagged for Audit)
CLAIM-81327,Dealership-D018,Inverter ECU,1392.73,10.7,3,10,0,1,Approved Standard Claim
CLAIM-81328,Dealership-D021,Infotainment Head Unit,852.98,8.2,2,40,0,1,Approved Standard Claim
CLAIM-81329,Dealership-D012,Brake Caliper Kit,2293.59,18.7,3,8,0,1,Approved Standard Claim
CLAIM-81330,Dealership-D007,Turbocharger Assembly,2034.37,14.7,4,38,0,1,Approved Standard Claim
CLAIM-81331,Dealership-D023,Brake Caliper Kit,3157.54,30.7,4,31,0,1,Approved Standard Claim
CLAIM-81332,Dealership-D029,Turbocharger Assembly,809.58,6.5,5,10,0,1,Approved Standard Claim
CLAIM-81333,Dealership-D023,Inverter ECU,5146.56,46.6,2,40,0,-1,High-Risk (Flagged for Audit)
CLAIM-81334,Dealership-D006,Inverter ECU,1522.59,14.4,3,27,0,1,Approved Standard Claim
CLAIM-81335,Dealership-D041,Infotainment Head Unit,853.17,6.7,4,42,0,1,Approved Standard Claim
CLAIM-81336,Dealership-D007,Brake Caliper Kit,3511.76,37.1,10,44,1,-1,High-Risk (Flagged for Audit)
CLAIM-81337,Dealership-D001,Transmission Valve Body,2305.06,19.7,3,38,0,1,Approved Standard Claim
CLAIM-81338,Dealership-D020,Inverter ECU,1548.65,16.5,3,43,0,1,Approved Standard Claim
CLAIM-81339,Dealership-D030,Battery Module,1033.0,11.4,1,23,0,1,Approved Standard Claim
CLAIM-81340,Dealership-D020,Infotainment Head Unit,2737.52,23.9,5,24,0,1,Approved Standard Claim
CLAIM-81341,Dealership-D017,Inverter ECU,1550.26,15.2,3,21,0,1,Approved Standard Claim
CLAIM-81342,Dealership-D036,Infotainment Head Unit,968.51,7.8,4,13,0,1,Approved Standard Claim
CLAIM-81343,Dealership-D027,Turbocharger Assembly,3570.08,36.6,3,31,0,1,Approved Standard Claim
CLAIM-81344,Dealership-D035,Brake Caliper Kit,953.3,10.0,2,42,0,1,Approved Standard Claim
CLAIM-81345,Dealership-D001,Transmission Valve Body,469.84,3.6,4,25,0,1,Approved Standard Claim
CLAIM-81346,Dealership-D035,Turbocharger Assembly,807.11,6.3,3,37,0,1,Approved Standard Claim
CLAIM-81347,Dealership-D043,Transmission Valve Body,2601.73,23.7,4,24,0,1,Approved Standard Claim
CLAIM-81348,Dealership-D022,Transmission Valve Body,697.12,5.3,6,11,0,1,Approved Standard Claim
CLAIM-81349,Dealership-D011,Brake Caliper Kit,1776.71,12.8,2,12,0,1,Approved Standard Claim
CLAIM-81350,Dealership-D038,Inverter ECU,758.62,5.8,5,17,0,1,Approved Standard Claim
CLAIM-81351,Dealership-D036,Inverter ECU,4556.22,42.2,4,16,0,1,Approved Standard Claim
CLAIM-81352,Dealership-D025,Turbocharger Assembly,572.81,5.9,4,27,0,1,Approved Standard Claim
CLAIM-81353,Dealership-D035,Brake Caliper Kit,1390.8,12.3,3,27,0,1,Approved Standard Claim
CLAIM-81354,Dealership-D037,Battery Module,1127.62,8.8,3,33,0,1,Approved Standard Claim
CLAIM-81355,Dealership-D010,Inverter ECU,906.41,7.2,3,29,0,1,Approved Standard Claim
CLAIM-81356,Dealership-D024,Infotainment Head Unit,511.21,4.2,4,33,0,1,Approved Standard Claim
CLAIM-81357,Dealership-D010,Inverter ECU,868.3,8.1,2,47,0,1,Approved Standard Claim
CLAIM-81358,Dealership-D014,Transmission Valve Body,472.92,3.7,3,40,0,1,Approved Standard Claim
CLAIM-81359,Dealership-D027,Infotainment Head Unit,853.16,8.8,3,10,0,1,Approved Standard Claim
CLAIM-81360,Dealership-D036,Inverter ECU,486.23,4.5,4,27,0,1,Approved Standard Claim
CLAIM-81361,Dealership-D043,Brake Caliper Kit,523.18,5.3,3,33,0,1,Approved Standard Claim
CLAIM-81362,Dealership-D028,Inverter ECU,800.98,5.8,2,34,0,1,Approved Standard Claim
CLAIM-81363,Dealership-D006,Transmission Valve Body,596.55,5.8,5,35,0,1,Approved Standard Claim
CLAIM-81364,Dealership-D006,Battery Module,974.74,7.5,3,7,0,1,Approved Standard Claim
CLAIM-81365,Dealership-D018,Transmission Valve Body,1218.05,10.2,5,45,0,1,Approved Standard Claim
CLAIM-81366,Dealership-D032,Infotainment Head Unit,1008.4,7.4,5,35,0,1,Approved Standard Claim
CLAIM-81367,Dealership-D032,Inverter ECU,921.37,7.8,6,16,0,1,Approved Standard Claim
CLAIM-81368,Dealership-D006,Brake Caliper Kit,2675.08,21.2,3,34,0,1,Approved Standard Claim
CLAIM-81369,Dealership-D002,Inverter ECU,1401.16,10.9,4,7,0,1,Approved Standard Claim
CLAIM-81370,Dealership-D037,Brake Caliper Kit,2958.0,28.1,2,22,0,1,Approved Standard Claim
CLAIM-81371,Dealership-D013,Inverter ECU,3392.65,32.7,3,11,0,1,Approved Standard Claim
CLAIM-81372,Dealership-D014,Infotainment Head Unit,1579.2,12.6,1,46,0,1,Approved Standard Claim
CLAIM-81373,Dealership-D033,Brake Caliper Kit,2354.03,18.2,6,47,0,1,Approved Standard Claim
CLAIM-81374,Dealership-D037,Turbocharger Assembly,2589.93,23.0,6,12,0,1,Approved Standard Claim
CLAIM-81375,Dealership-D002,Infotainment Head Unit,597.71,4.3,3,32,0,1,Approved Standard Claim
CLAIM-81376,Dealership-D038,Infotainment Head Unit,1279.94,10.6,4,12,0,1,Approved Standard Claim
CLAIM-81377,Dealership-D015,Inverter ECU,2421.71,20.7,2,39,0,1,Approved Standard Claim
CLAIM-81378,Dealership-D029,Infotainment Head Unit,1302.12,10.1,2,9,0,1,Approved Standard Claim
CLAIM-81379,Dealership-D025,Battery Module,544.66,5.8,2,29,0,1,Approved Standard Claim
CLAIM-81380,Dealership-D017,Turbocharger Assembly,3480.94,30.0,4,12,0,1,Approved Standard Claim
CLAIM-81381,Dealership-D040,Transmission Valve Body,3224.5,25.1,3,12,0,1,Approved Standard Claim
CLAIM-81382,Dealership-D037,Turbocharger Assembly,639.42,5.1,5,31,0,1,Approved Standard Claim
CLAIM-81383,Dealership-D044,Turbocharger Assembly,1481.93,15.1,2,7,0,1,Approved Standard Claim
CLAIM-81384,Dealership-D001,Brake Caliper Kit,1799.9,13.5,3,30,0,1,Approved Standard Claim
CLAIM-81385,Dealership-D016,Infotainment Head Unit,1244.01,12.2,4,13,0,1,Approved Standard Claim
CLAIM-81386,Dealership-D028,Brake Caliper Kit,1489.16,12.8,1,46,0,1,Approved Standard Claim
CLAIM-81387,Dealership-D022,Battery Module,1239.16,10.8,1,7,0,1,Approved Standard Claim
CLAIM-81388,Dealership-D037,Brake Caliper Kit,413.64,4.1,2,45,0,1,Approved Standard Claim
CLAIM-81389,Dealership-D018,Turbocharger Assembly,3230.97,27.7,4,11,0,1,Approved Standard Claim
CLAIM-81390,Dealership-D037,Turbocharger Assembly,2089.2,21.8,3,32,0,1,Approved Standard Claim
CLAIM-81391,Dealership-D016,Infotainment Head Unit,2580.54,24.2,5,29,0,1,Approved Standard Claim
CLAIM-81392,Dealership-D014,Transmission Valve Body,1030.41,10.9,1,13,0,1,Approved Standard Claim
CLAIM-81393,Dealership-D023,Turbocharger Assembly,2121.02,18.0,2,16,0,1,Approved Standard Claim
CLAIM-81394,Dealership-D034,Brake Caliper Kit,413.43,4.5,3,45,0,1,Approved Standard Claim
CLAIM-81395,Dealership-D033,Infotainment Head Unit,629.78,6.3,2,42,0,1,Approved Standard Claim
CLAIM-81396,Dealership-D024,Transmission Valve Body,1536.29,11.9,1,23,0,1,Approved Standard Claim
CLAIM-81397,Dealership-D002,Turbocharger Assembly,895.3,6.9,3,47,0,1,Approved Standard Claim
CLAIM-81398,Dealership-D024,Inverter ECU,683.26,5.2,2,41,0,1,Approved Standard Claim
CLAIM-81399,Dealership-D036,Inverter ECU,3783.43,31.6,4,25,0,1,Approved Standard Claim
CLAIM-81400,Dealership-D041,Transmission Valve Body,785.61,7.4,4,37,0,1,Approved Standard Claim
CLAIM-81401,Dealership-D021,Inverter ECU,2723.17,29.3,2,14,0,1,Approved Standard Claim
CLAIM-81402,Dealership-D038,Turbocharger Assembly,516.88,4.0,5,7,0,1,Approved Standard Claim
CLAIM-81403,Dealership-D042,Turbocharger Assembly,1226.64,10.5,3,47,0,1,Approved Standard Claim
CLAIM-81404,Dealership-D028,Inverter ECU,722.5,7.5,2,24,0,1,Approved Standard Claim
CLAIM-81405,Dealership-D002,Infotainment Head Unit,708.77,6.8,3,26,0,1,Approved Standard Claim
CLAIM-81406,Dealership-D042,Transmission Valve Body,1406.21,14.2,5,20,0,1,Approved Standard Claim
CLAIM-81407,Dealership-D039,Transmission Valve Body,980.61,7.1,3,22,0,1,Approved Standard Claim
CLAIM-81408,Dealership-D008,Transmission Valve Body,885.72,6.7,5,41,0,1,Approved Standard Claim
CLAIM-81409,Dealership-D018,Battery Module,465.18,4.3,4,13,0,1,Approved Standard Claim
CLAIM-81410,Dealership-D022,Inverter ECU,530.48,4.0,2,14,0,1,Approved Standard Claim
CLAIM-81411,Dealership-D030,Battery Module,845.69,9.1,1,32,0,1,Approved Standard Claim
CLAIM-81412,Dealership-D022,Inverter ECU,1843.99,19.9,5,24,0,1,Approved Standard Claim
CLAIM-81413,Dealership-D005,Battery Module,1867.78,14.4,3,40,0,1,Approved Standard Claim
CLAIM-81414,Dealership-D026,Battery Module,865.78,6.7,3,15,0,1,Approved Standard Claim
CLAIM-81415,Dealership-D003,Infotainment Head Unit,1147.22,9.8,4,9,0,1,Approved Standard Claim
CLAIM-81416,Dealership-D018,Brake Caliper Kit,1117.39,10.5,2,42,0,1,Approved Standard Claim
CLAIM-81417,Dealership-D024,Brake Caliper Kit,1301.48,9.6,1,40,0,1,Approved Standard Claim
CLAIM-81418,Dealership-D019,Transmission Valve Body,2237.35,18.2,10,32,1,-1,High-Risk (Flagged for Audit)
CLAIM-81419,Dealership-D019,Battery Module,2612.99,13.0,9,16,1,-1,High-Risk (Flagged for Audit)
CLAIM-81420,Dealership-D008,Battery Module,1551.16,11.1,3,26,0,1,Approved Standard Claim
CLAIM-81421,Dealership-D006,Inverter ECU,2688.2,25.3,3,35,0,1,Approved Standard Claim
CLAIM-81422,Dealership-D032,Infotainment Head Unit,700.31,6.3,4,25,0,1,Approved Standard Claim
CLAIM-81423,Dealership-D022,Battery Module,3684.25,39.7,4,47,0,-1,High-Risk (Flagged for Audit)
CLAIM-81424,Dealership-D001,Brake Caliper Kit,1192.3,9.5,3,47,0,1,Approved Standard Claim
CLAIM-81425,Dealership-D029,Brake Caliper Kit,1814.6,17.9,4,47,0,1,Approved Standard Claim
CLAIM-81426,Dealership-D030,Turbocharger Assembly,429.97,3.1,3,25,0,1,Approved Standard Claim
CLAIM-81427,Dealership-D044,Brake Caliper Kit,2888.59,29.1,2,40,0,1,Approved Standard Claim
CLAIM-81428,Dealership-D025,Infotainment Head Unit,4005.16,29.3,6,16,0,1,Approved Standard Claim
CLAIM-81429,Dealership-D015,Turbocharger Assembly,580.75,4.5,3,23,0,1,Approved Standard Claim
CLAIM-81430,Dealership-D015,Brake Caliper Kit,986.44,9.1,2,42,0,1,Approved Standard Claim
CLAIM-81431,Dealership-D022,Infotainment Head Unit,1876.99,15.1,3,24,0,1,Approved Standard Claim
CLAIM-81432,Dealership-D027,Inverter ECU,1981.16,16.7,4,25,0,1,Approved Standard Claim
CLAIM-81433,Dealership-D043,Transmission Valve Body,3168.92,31.1,3,39,0,1,Approved Standard Claim
CLAIM-81434,Dealership-D037,Turbocharger Assembly,692.13,5.6,1,45,0,1,Approved Standard Claim
CLAIM-81435,Dealership-D021,Turbocharger Assembly,482.33,5.3,4,8,0,1,Approved Standard Claim
CLAIM-81436,Dealership-D021,Transmission Valve Body,747.4,7.9,3,13,0,1,Approved Standard Claim
CLAIM-81437,Dealership-D009,Brake Caliper Kit,883.6,7.2,3,39,0,1,Approved Standard Claim
CLAIM-81438,Dealership-D002,Infotainment Head Unit,760.38,7.7,2,14,0,1,Approved Standard Claim
CLAIM-81439,Dealership-D011,Brake Caliper Kit,1818.08,13.7,4,9,0,1,Approved Standard Claim
CLAIM-81440,Dealership-D039,Inverter ECU,1141.41,9.1,5,19,0,1,Approved Standard Claim
CLAIM-81441,Dealership-D030,Brake Caliper Kit,501.83,4.7,3,22,0,1,Approved Standard Claim
CLAIM-81442,Dealership-D009,Infotainment Head Unit,1603.59,12.2,5,31,0,1,Approved Standard Claim
CLAIM-81443,Dealership-D002,Inverter ECU,1375.28,11.4,3,16,0,1,Approved Standard Claim
CLAIM-81444,Dealership-D029,Infotainment Head Unit,3487.07,29.0,1,43,0,1,Approved Standard Claim
CLAIM-81445,Dealership-D021,Infotainment Head Unit,3380.86,27.2,5,35,0,1,Approved Standard Claim
CLAIM-81446,Dealership-D043,Transmission Valve Body,495.13,5.5,5,14,0,1,Approved Standard Claim
CLAIM-81447,Dealership-D040,Infotainment Head Unit,1966.69,14.8,2,30,0,1,Approved Standard Claim
CLAIM-81448,Dealership-D031,Turbocharger Assembly,636.2,6.0,3,36,0,1,Approved Standard Claim
CLAIM-81449,Dealership-D016,Turbocharger Assembly,2400.43,23.5,2,10,0,1,Approved Standard Claim
CLAIM-81450,Dealership-D001,Turbocharger Assembly,1659.47,15.6,3,40,0,1,Approved Standard Claim
CLAIM-81451,Dealership-D026,Brake Caliper Kit,825.53,6.2,4,39,0,1,Approved Standard Claim
CLAIM-81452,Dealership-D039,Turbocharger Assembly,532.6,4.7,2,33,0,1,Approved Standard Claim
CLAIM-81453,Dealership-D040,Inverter ECU,1646.39,12.3,6,37,0,1,Approved Standard Claim
CLAIM-81454,Dealership-D044,Battery Module,453.86,4.9,4,30,0,1,Approved Standard Claim
CLAIM-81455,Dealership-D017,Turbocharger Assembly,1453.42,13.1,4,13,0,1,Approved Standard Claim
CLAIM-81456,Dealership-D019,Turbocharger Assembly,2525.95,19.9,3,26,0,1,Approved Standard Claim
CLAIM-81457,Dealership-D004,Battery Module,1482.79,11.1,1,25,0,1,Approved Standard Claim
CLAIM-81458,Dealership-D025,Inverter ECU,911.27,7.5,4,22,0,1,Approved Standard Claim
CLAIM-81459,Dealership-D004,Infotainment Head Unit,1241.81,11.6,4,21,0,1,Approved Standard Claim
CLAIM-81460,Dealership-D031,Infotainment Head Unit,1021.66,10.7,1,8,0,1,Approved Standard Claim
CLAIM-81461,Dealership-D035,Transmission Valve Body,3318.22,32.2,6,42,0,1,Approved Standard Claim
CLAIM-81462,Dealership-D014,Inverter ECU,715.6,6.0,3,12,0,1,Approved Standard Claim
CLAIM-81463,Dealership-D004,Turbocharger Assembly,488.66,3.7,2,47,0,1,Approved Standard Claim
CLAIM-81464,Dealership-D021,Brake Caliper Kit,725.75,7.7,2,27,0,1,Approved Standard Claim
CLAIM-81465,Dealership-D023,Brake Caliper Kit,3213.5,31.1,1,13,0,1,Approved Standard Claim
CLAIM-81466,Dealership-D029,Turbocharger Assembly,656.89,5.8,4,11,0,1,Approved Standard Claim
CLAIM-81467,Dealership-D034,Battery Module,1499.02,13.5,2,43,0,1,Approved Standard Claim
CLAIM-81468,Dealership-D021,Battery Module,1620.33,16.5,5,22,0,1,Approved Standard Claim
CLAIM-81469,Dealership-D023,Infotainment Head Unit,551.93,4.8,4,18,0,1,Approved Standard Claim
CLAIM-81470,Dealership-D021,Battery Module,5203.28,40.2,3,15,0,-1,High-Risk (Flagged for Audit)
CLAIM-81471,Dealership-D037,Transmission Valve Body,1479.06,11.7,4,43,0,1,Approved Standard Claim
CLAIM-81472,Dealership-D028,Infotainment Head Unit,1246.4,13.1,2,16,0,1,Approved Standard Claim
CLAIM-81473,Dealership-D030,Inverter ECU,1818.18,17.1,3,23,0,1,Approved Standard Claim
CLAIM-81474,Dealership-D030,Battery Module,1211.4,9.5,8,42,0,-1,High-Risk (Flagged for Audit)
CLAIM-81475,Dealership-D031,Battery Module,2350.25,18.1,1,44,0,1,Approved Standard Claim
CLAIM-81476,Dealership-D008,Infotainment Head Unit,542.17,4.7,3,27,0,1,Approved Standard Claim
CLAIM-81477,Dealership-D030,Inverter ECU,448.43,4.2,2,39,0,1,Approved Standard Claim
CLAIM-81478,Dealership-D032,Transmission Valve Body,2455.6,18.7,2,27,0,1,Approved Standard Claim
CLAIM-81479,Dealership-D002,Turbocharger Assembly,923.98,8.7,3,21,0,1,Approved Standard Claim
CLAIM-81480,Dealership-D030,Brake Caliper Kit,494.04,3.7,5,31,0,1,Approved Standard Claim
CLAIM-81481,Dealership-D034,Battery Module,3048.14,25.3,4,25,0,1,Approved Standard Claim
CLAIM-81482,Dealership-D044,Turbocharger Assembly,467.03,4.4,3,12,0,1,Approved Standard Claim
CLAIM-81483,Dealership-D043,Turbocharger Assembly,989.38,9.9,2,26,0,1,Approved Standard Claim
CLAIM-81484,Dealership-D041,Transmission Valve Body,1172.13,10.6,2,20,0,1,Approved Standard Claim
CLAIM-81485,Dealership-D042,Transmission Valve Body,3102.24,25.5,2,15,0,1,Approved Standard Claim
CLAIM-81486,Dealership-D010,Inverter ECU,1717.0,18.6,3,30,0,1,Approved Standard Claim
CLAIM-81487,Dealership-D033,Infotainment Head Unit,1218.99,13.1,1,9,0,1,Approved Standard Claim
CLAIM-81488,Dealership-D015,Turbocharger Assembly,4036.23,40.6,3,10,0,-1,High-Risk (Flagged for Audit)
CLAIM-81489,Dealership-D028,Turbocharger Assembly,1113.2,9.3,8,33,0,-1,High-Risk (Flagged for Audit)
CLAIM-81490,Dealership-D026,Brake Caliper Kit,1402.15,10.8,1,36,0,1,Approved Standard Claim
CLAIM-81491,Dealership-D004,Turbocharger Assembly,459.28,4.5,3,33,0,1,Approved Standard Claim
CLAIM-81492,Dealership-D029,Battery Module,2780.4,23.2,2,15,0,1,Approved Standard Claim
CLAIM-81493,Dealership-D037,Turbocharger Assembly,895.96,9.1,4,38,0,1,Approved Standard Claim
CLAIM-81494,Dealership-D004,Brake Caliper Kit,1157.3,9.7,4,28,0,1,Approved Standard Claim
CLAIM-81495,Dealership-D012,Inverter ECU,1771.81,16.8,1,12,0,1,Approved Standard Claim
CLAIM-81496,Dealership-D013,Inverter ECU,7707.61,65.5,2,6,0,-1,High-Risk (Flagged for Audit)
CLAIM-81497,Dealership-D034,Turbocharger Assembly,10473.49,70.9,5,35,1,-1,High-Risk (Flagged for Audit)
CLAIM-81498,Dealership-D013,Infotainment Head Unit,1764.58,18.7,3,21,0,1,Approved Standard Claim
CLAIM-81499,Dealership-D038,Infotainment Head Unit,1473.18,15.4,2,41,0,1,Approved Standard Claim
CLAIM-81500,Dealership-D029,Battery Module,985.46,7.4,3,23,0,1,Approved Standard Claim
CLAIM-81501,Dealership-D021,Brake Caliper Kit,4494.86,38.3,1,19,0,-1,High-Risk (Flagged for Audit)
CLAIM-81502,Dealership-D044,Infotainment Head Unit,1221.67,12.6,1,12,0,1,Approved Standard Claim
CLAIM-81503,Dealership-D020,Infotainment Head Unit,562.58,5.4,4,20,0,1,Approved Standard Claim
CLAIM-81504,Dealership-D012,Inverter ECU,456.02,3.8,1,18,0,1,Approved Standard Claim
CLAIM-81505,Dealership-D017,Transmission Valve Body,4054.04,30.0,2,46,0,1,Approved Standard Claim
CLAIM-81506,Dealership-D042,Infotainment Head Unit,1389.08,12.2,2,43,0,1,Approved Standard Claim
CLAIM-81507,Dealership-D007,Battery Module,2999.55,29.1,2,47,0,1,Approved Standard Claim
CLAIM-81508,Dealership-D032,Infotainment Head Unit,876.01,7.8,3,41,0,1,Approved Standard Claim
CLAIM-81509,Dealership-D014,Turbocharger Assembly,1445.54,10.4,4,35,0,1,Approved Standard Claim
CLAIM-81510,Dealership-D006,Brake Caliper Kit,2358.89,17.1,2,20,0,1,Approved Standard Claim
CLAIM-81511,Dealership-D010,Transmission Valve Body,808.18,7.7,4,24,0,1,Approved Standard Claim
CLAIM-81512,Dealership-D030,Inverter ECU,891.57,9.3,1,30,0,1,Approved Standard Claim
CLAIM-81513,Dealership-D027,Inverter ECU,2118.28,21.1,5,8,0,1,Approved Standard Claim
CLAIM-81514,Dealership-D006,Brake Caliper Kit,2474.11,22.7,1,44,0,1,Approved Standard Claim
CLAIM-81515,Dealership-D016,Brake Caliper Kit,2581.07,18.5,3,9,0,1,Approved Standard Claim
CLAIM-81516,Dealership-D010,Infotainment Head Unit,3611.42,29.8,2,33,0,1,Approved Standard Claim
CLAIM-81517,Dealership-D029,Turbocharger Assembly,2635.73,19.7,7,13,0,1,Approved Standard Claim
CLAIM-81518,Dealership-D005,Brake Caliper Kit,453.27,3.3,7,27,0,1,Approved Standard Claim
CLAIM-81519,Dealership-D001,Battery Module,2087.62,17.5,3,21,0,1,Approved Standard Claim
CLAIM-81520,Dealership-D022,Brake Caliper Kit,3276.53,23.4,3,38,0,1,Approved Standard Claim
CLAIM-81521,Dealership-D033,Inverter ECU,1165.2,9.8,6,22,0,1,Approved Standard Claim
CLAIM-81522,Dealership-D016,Infotainment Head Unit,1728.69,12.4,2,44,0,1,Approved Standard Claim
CLAIM-81523,Dealership-D013,Battery Module,3485.13,33.6,5,33,0,1,Approved Standard Claim
CLAIM-81524,Dealership-D017,Turbocharger Assembly,1295.17,12.5,2,12,0,1,Approved Standard Claim
CLAIM-81525,Dealership-D013,Battery Module,572.34,4.9,2,45,0,1,Approved Standard Claim
CLAIM-81526,Dealership-D042,Inverter ECU,1225.74,12.3,2,33,0,1,Approved Standard Claim
CLAIM-81527,Dealership-D022,Infotainment Head Unit,929.03,9.1,5,17,0,1,Approved Standard Claim
CLAIM-81528,Dealership-D036,Battery Module,2240.33,17.3,5,11,0,1,Approved Standard Claim
CLAIM-81529,Dealership-D012,Inverter ECU,671.65,6.0,4,14,0,1,Approved Standard Claim
CLAIM-81530,Dealership-D031,Battery Module,4026.64,39.1,3,23,0,1,Approved Standard Claim
CLAIM-81531,Dealership-D034,Infotainment Head Unit,1910.21,19.8,3,45,0,1,Approved Standard Claim
CLAIM-81532,Dealership-D030,Inverter ECU,1355.66,12.6,2,28,0,1,Approved Standard Claim
CLAIM-81533,Dealership-D024,Battery Module,3910.52,28.3,4,8,0,1,Approved Standard Claim
CLAIM-81534,Dealership-D043,Brake Caliper Kit,589.17,4.8,5,23,0,1,Approved Standard Claim
CLAIM-81535,Dealership-D002,Brake Caliper Kit,1336.28,10.4,5,8,0,1,Approved Standard Claim
CLAIM-81536,Dealership-D026,Turbocharger Assembly,585.96,4.7,2,24,0,1,Approved Standard Claim
CLAIM-81537,Dealership-D014,Turbocharger Assembly,1022.62,11.1,4,19,0,1,Approved Standard Claim
CLAIM-81538,Dealership-D015,Inverter ECU,733.59,7.2,4,20,0,1,Approved Standard Claim
CLAIM-81539,Dealership-D005,Transmission Valve Body,1079.68,10.1,3,36,0,1,Approved Standard Claim
CLAIM-81540,Dealership-D004,Battery Module,595.38,4.5,2,45,0,1,Approved Standard Claim
CLAIM-81541,Dealership-D027,Brake Caliper Kit,1192.21,8.7,4,12,0,1,Approved Standard Claim
CLAIM-81542,Dealership-D040,Turbocharger Assembly,465.27,4.2,5,26,0,1,Approved Standard Claim
CLAIM-81543,Dealership-D003,Transmission Valve Body,1222.3,9.1,2,8,0,1,Approved Standard Claim
CLAIM-81544,Dealership-D014,Turbocharger Assembly,1825.91,15.4,2,9,0,1,Approved Standard Claim
CLAIM-81545,Dealership-D006,Turbocharger Assembly,2688.87,19.4,5,21,0,1,Approved Standard Claim
CLAIM-81546,Dealership-D039,Brake Caliper Kit,1469.88,11.6,3,30,0,1,Approved Standard Claim
CLAIM-81547,Dealership-D041,Transmission Valve Body,1087.41,10.5,3,32,0,1,Approved Standard Claim
CLAIM-81548,Dealership-D031,Turbocharger Assembly,858.05,9.0,3,6,0,1,Approved Standard Claim
CLAIM-81549,Dealership-D042,Inverter ECU,2239.19,19.8,1,32,0,1,Approved Standard Claim
CLAIM-81550,Dealership-D020,Turbocharger Assembly,446.09,3.9,3,26,0,1,Approved Standard Claim
CLAIM-81551,Dealership-D016,Battery Module,2396.52,18.9,4,37,0,1,Approved Standard Claim
CLAIM-81552,Dealership-D035,Battery Module,446.38,3.6,1,19,0,1,Approved Standard Claim
CLAIM-81553,Dealership-D015,Battery Module,523.47,5.1,4,19,0,1,Approved Standard Claim
CLAIM-81554,Dealership-D020,Battery Module,507.48,3.9,2,9,0,1,Approved Standard Claim
CLAIM-81555,Dealership-D025,Brake Caliper Kit,2353.54,22.5,4,23,0,1,Approved Standard Claim
CLAIM-81556,Dealership-D038,Battery Module,2910.57,23.1,3,37,0,1,Approved Standard Claim
CLAIM-81557,Dealership-D006,Infotainment Head Unit,3285.16,27.3,2,21,0,1,Approved Standard Claim
CLAIM-81558,Dealership-D004,Battery Module,1301.11,10.1,1,19,0,1,Approved Standard Claim
CLAIM-81559,Dealership-D008,Turbocharger Assembly,582.31,4.5,5,47,0,1,Approved Standard Claim
CLAIM-81560,Dealership-D027,Turbocharger Assembly,2417.87,20.5,3,20,0,1,Approved Standard Claim
CLAIM-81561,Dealership-D003,Brake Caliper Kit,4063.62,31.2,2,37,0,1,Approved Standard Claim
CLAIM-81562,Dealership-D018,Infotainment Head Unit,508.6,3.8,3,41,0,1,Approved Standard Claim
CLAIM-81563,Dealership-D010,Turbocharger Assembly,883.41,7.5,3,35,0,1,Approved Standard Claim
CLAIM-81564,Dealership-D042,Inverter ECU,412.04,3.3,5,36,0,1,Approved Standard Claim
CLAIM-81565,Dealership-D020,Inverter ECU,1265.17,12.0,4,11,0,1,Approved Standard Claim
CLAIM-81566,Dealership-D018,Brake Caliper Kit,1362.36,10.0,3,40,0,1,Approved Standard Claim
CLAIM-81567,Dealership-D008,Brake Caliper Kit,843.09,8.8,1,8,0,1,Approved Standard Claim
CLAIM-81568,Dealership-D003,Turbocharger Assembly,1392.85,14.3,3,6,0,1,Approved Standard Claim
CLAIM-81569,Dealership-D044,Battery Module,1623.98,14.6,3,27,0,1,Approved Standard Claim
CLAIM-81570,Dealership-D031,Infotainment Head Unit,1014.11,7.8,2,34,0,1,Approved Standard Claim
CLAIM-81571,Dealership-D044,Inverter ECU,647.66,4.9,3,41,0,1,Approved Standard Claim
CLAIM-81572,Dealership-D020,Infotainment Head Unit,728.56,6.1,1,15,0,1,Approved Standard Claim
CLAIM-81573,Dealership-D034,Transmission Valve Body,3060.19,21.9,1,11,0,1,Approved Standard Claim
CLAIM-81574,Dealership-D035,Turbocharger Assembly,1892.65,19.9,4,30,0,1,Approved Standard Claim
CLAIM-81575,Dealership-D017,Brake Caliper Kit,3492.9,26.5,2,30,0,1,Approved Standard Claim
CLAIM-81576,Dealership-D029,Battery Module,831.67,6.0,2,30,0,1,Approved Standard Claim
CLAIM-81577,Dealership-D007,Turbocharger Assembly,3527.39,37.0,3,16,0,1,Approved Standard Claim
CLAIM-81578,Dealership-D022,Infotainment Head Unit,1689.97,15.0,6,29,0,1,Approved Standard Claim
CLAIM-81579,Dealership-D008,Inverter ECU,1207.66,11.5,3,22,0,1,Approved Standard Claim
CLAIM-81580,Dealership-D025,Battery Module,3946.93,42.9,2,15,0,1,Approved Standard Claim
CLAIM-81581,Dealership-D018,Infotainment Head Unit,1461.93,12.9,3,32,0,1,Approved Standard Claim
CLAIM-81582,Dealership-D034,Battery Module,1609.57,12.7,3,47,0,1,Approved Standard Claim
CLAIM-81583,Dealership-D033,Brake Caliper Kit,814.61,9.0,4,35,0,1,Approved Standard Claim
CLAIM-81584,Dealership-D031,Inverter ECU,3115.71,29.2,6,8,0,1,Approved Standard Claim
CLAIM-81585,Dealership-D032,Brake Caliper Kit,3174.02,33.8,4,25,0,1,Approved Standard Claim
CLAIM-81586,Dealership-D042,Inverter ECU,1798.44,13.3,2,20,0,1,Approved Standard Claim
CLAIM-81587,Dealership-D005,Transmission Valve Body,2255.26,20.3,2,37,0,1,Approved Standard Claim
CLAIM-81588,Dealership-D020,Inverter ECU,1470.9,11.7,3,9,0,1,Approved Standard Claim
CLAIM-81589,Dealership-D006,Inverter ECU,479.58,3.6,3,45,0,1,Approved Standard Claim
CLAIM-81590,Dealership-D040,Battery Module,3577.58,36.1,3,7,0,1,Approved Standard Claim
CLAIM-81591,Dealership-D041,Inverter ECU,1475.48,10.7,5,10,0,1,Approved Standard Claim
CLAIM-81592,Dealership-D024,Infotainment Head Unit,1139.25,11.7,5,33,0,1,Approved Standard Claim
CLAIM-81593,Dealership-D044,Turbocharger Assembly,479.31,3.7,6,31,0,1,Approved Standard Claim
CLAIM-81594,Dealership-D031,Brake Caliper Kit,612.75,5.3,4,23,0,1,Approved Standard Claim
CLAIM-81595,Dealership-D017,Brake Caliper Kit,547.64,5.0,2,30,0,1,Approved Standard Claim
CLAIM-81596,Dealership-D008,Brake Caliper Kit,1018.22,7.4,1,38,0,1,Approved Standard Claim
CLAIM-81597,Dealership-D040,Transmission Valve Body,3834.31,31.0,4,7,0,1,Approved Standard Claim
CLAIM-81598,Dealership-D026,Infotainment Head Unit,870.97,7.4,3,17,0,1,Approved Standard Claim
CLAIM-81599,Dealership-D005,Transmission Valve Body,1685.2,16.1,1,44,0,1,Approved Standard Claim
CLAIM-81600,Dealership-D032,Brake Caliper Kit,2048.78,15.0,3,10,0,1,Approved Standard Claim
CLAIM-81601,Dealership-D012,Infotainment Head Unit,3073.27,26.4,4,45,0,1,Approved Standard Claim
CLAIM-81602,Dealership-D022,Battery Module,534.81,4.7,2,38,0,1,Approved Standard Claim
CLAIM-81603,Dealership-D030,Infotainment Head Unit,2213.29,18.3,2,23,0,1,Approved Standard Claim
CLAIM-81604,Dealership-D037,Battery Module,7536.6,69.4,2,21,0,-1,High-Risk (Flagged for Audit)
CLAIM-81605,Dealership-D003,Brake Caliper Kit,745.23,6.0,3,6,0,1,Approved Standard Claim
CLAIM-81606,Dealership-D028,Battery Module,1583.59,13.5,6,33,0,1,Approved Standard Claim
CLAIM-81607,Dealership-D002,Battery Module,758.14,6.2,3,40,0,1,Approved Standard Claim
CLAIM-81608,Dealership-D009,Infotainment Head Unit,832.25,6.3,7,13,0,1,Approved Standard Claim
CLAIM-81609,Dealership-D027,Brake Caliper Kit,1017.47,8.6,2,31,0,1,Approved Standard Claim
CLAIM-81610,Dealership-D015,Transmission Valve Body,454.97,3.4,1,47,0,-1,High-Risk (Flagged for Audit)
CLAIM-81611,Dealership-D011,Brake Caliper Kit,1078.25,9.3,3,40,0,1,Approved Standard Claim
CLAIM-81612,Dealership-D028,Infotainment Head Unit,1231.26,9.5,5,45,0,1,Approved Standard Claim
CLAIM-81613,Dealership-D002,Turbocharger Assembly,990.0,7.3,4,37,0,1,Approved Standard Claim
CLAIM-81614,Dealership-D012,Turbocharger Assembly,1080.3,9.1,5,7,0,1,Approved Standard Claim
CLAIM-81615,Dealership-D033,Transmission Valve Body,3213.7,27.6,3,16,0,1,Approved Standard Claim
CLAIM-81616,Dealership-D040,Battery Module,583.76,5.2,5,9,0,1,Approved Standard Claim
CLAIM-81617,Dealership-D040,Transmission Valve Body,1136.82,10.4,4,17,0,1,Approved Standard Claim
CLAIM-81618,Dealership-D035,Transmission Valve Body,511.9,4.1,3,21,0,1,Approved Standard Claim
CLAIM-81619,Dealership-D001,Infotainment Head Unit,677.99,6.1,5,36,0,1,Approved Standard Claim
CLAIM-81620,Dealership-D028,Battery Module,2353.54,16.9,3,13,0,1,Approved Standard Claim
CLAIM-81621,Dealership-D029,Turbocharger Assembly,663.02,7.0,3,38,0,1,Approved Standard Claim
CLAIM-81622,Dealership-D017,Turbocharger Assembly,1689.15,16.2,5,17,0,1,Approved Standard Claim
CLAIM-81623,Dealership-D040,Brake Caliper Kit,585.5,6.1,2,20,0,1,Approved Standard Claim
CLAIM-81624,Dealership-D029,Brake Caliper Kit,2529.6,20.9,2,40,0,1,Approved Standard Claim
CLAIM-81625,Dealership-D026,Battery Module,1140.73,12.0,5,37,0,1,Approved Standard Claim
CLAIM-81626,Dealership-D029,Brake Caliper Kit,995.89,7.7,2,35,0,1,Approved Standard Claim
CLAIM-81627,Dealership-D011,Transmission Valve Body,1112.46,10.6,3,13,0,1,Approved Standard Claim
CLAIM-81628,Dealership-D021,Infotainment Head Unit,4858.93,36.2,4,27,0,1,Approved Standard Claim
CLAIM-81629,Dealership-D041,Turbocharger Assembly,1261.54,13.0,3,6,0,1,Approved Standard Claim
CLAIM-81630,Dealership-D001,Battery Module,4883.26,42.6,2,27,0,-1,High-Risk (Flagged for Audit)
CLAIM-81631,Dealership-D026,Infotainment Head Unit,1641.66,14.2,3,10,0,1,Approved Standard Claim
CLAIM-81632,Dealership-D033,Brake Caliper Kit,622.72,5.0,3,21,0,1,Approved Standard Claim
CLAIM-81633,Dealership-D031,Inverter ECU,597.61,5.2,3,39,0,1,Approved Standard Claim
CLAIM-81634,Dealership-D009,Infotainment Head Unit,580.81,4.2,5,9,0,1,Approved Standard Claim
CLAIM-81635,Dealership-D012,Transmission Valve Body,1374.59,12.6,7,37,0,1,Approved Standard Claim
CLAIM-81636,Dealership-D040,Battery Module,1922.61,18.8,4,46,0,1,Approved Standard Claim
CLAIM-81637,Dealership-D014,Transmission Valve Body,429.66,3.8,5,37,0,1,Approved Standard Claim
CLAIM-81638,Dealership-D005,Inverter ECU,3237.45,28.7,2,7,0,1,Approved Standard Claim
CLAIM-81639,Dealership-D023,Infotainment Head Unit,607.58,5.8,3,34,0,1,Approved Standard Claim
CLAIM-81640,Dealership-D023,Brake Caliper Kit,1512.62,11.6,4,45,0,1,Approved Standard Claim
CLAIM-81641,Dealership-D001,Inverter ECU,778.21,5.7,7,40,0,1,Approved Standard Claim
CLAIM-81642,Dealership-D013,Battery Module,1294.93,10.2,1,25,0,1,Approved Standard Claim
CLAIM-81643,Dealership-D024,Inverter ECU,1365.64,12.6,2,43,0,1,Approved Standard Claim
CLAIM-81644,Dealership-D033,Transmission Valve Body,869.45,6.6,5,25,0,1,Approved Standard Claim
CLAIM-81645,Dealership-D036,Brake Caliper Kit,577.9,5.9,1,22,0,1,Approved Standard Claim
CLAIM-81646,Dealership-D039,Transmission Valve Body,1083.74,8.0,2,47,0,1,Approved Standard Claim
CLAIM-81647,Dealership-D014,Battery Module,934.69,7.2,3,14,0,1,Approved Standard Claim
CLAIM-81648,Dealership-D012,Infotainment Head Unit,517.52,3.8,4,19,0,1,Approved Standard Claim
CLAIM-81649,Dealership-D043,Turbocharger Assembly,854.67,7.1,3,34,0,1,Approved Standard Claim
CLAIM-81650,Dealership-D006,Inverter ECU,627.13,6.0,3,36,0,1,Approved Standard Claim
CLAIM-81651,Dealership-D040,Turbocharger Assembly,3093.04,32.3,3,16,0,1,Approved Standard Claim
CLAIM-81652,Dealership-D014,Inverter ECU,2612.49,24.1,3,25,0,1,Approved Standard Claim
CLAIM-81653,Dealership-D001,Turbocharger Assembly,6719.19,54.2,4,20,0,-1,High-Risk (Flagged for Audit)
CLAIM-81654,Dealership-D002,Transmission Valve Body,1644.35,11.9,4,34,0,1,Approved Standard Claim
CLAIM-81655,Dealership-D007,Transmission Valve Body,1509.84,13.3,2,38,0,1,Approved Standard Claim
CLAIM-81656,Dealership-D029,Brake Caliper Kit,478.79,4.7,3,42,0,1,Approved Standard Claim
CLAIM-81657,Dealership-D013,Brake Caliper Kit,1012.13,8.2,4,35,0,1,Approved Standard Claim
CLAIM-81658,Dealership-D036,Turbocharger Assembly,906.92,6.9,3,20,0,1,Approved Standard Claim
CLAIM-81659,Dealership-D014,Turbocharger Assembly,409.62,3.5,3,30,0,1,Approved Standard Claim
CLAIM-81660,Dealership-D004,Inverter ECU,780.62,8.6,2,19,0,1,Approved Standard Claim
CLAIM-81661,Dealership-D008,Transmission Valve Body,2213.79,16.0,4,29,0,1,Approved Standard Claim
CLAIM-81662,Dealership-D036,Infotainment Head Unit,456.66,4.4,6,20,0,1,Approved Standard Claim
CLAIM-81663,Dealership-D008,Battery Module,1303.1,10.9,4,28,0,1,Approved Standard Claim
CLAIM-81664,Dealership-D044,Inverter ECU,949.35,8.1,3,13,0,1,Approved Standard Claim
CLAIM-81665,Dealership-D007,Inverter ECU,5018.32,51.1,5,16,1,-1,High-Risk (Flagged for Audit)
CLAIM-81666,Dealership-D033,Infotainment Head Unit,2239.44,20.9,3,35,0,1,Approved Standard Claim
CLAIM-81667,Dealership-D028,Brake Caliper Kit,1284.68,12.2,3,22,0,1,Approved Standard Claim
CLAIM-81668,Dealership-D016,Infotainment Head Unit,1515.77,11.6,3,6,0,1,Approved Standard Claim
CLAIM-81669,Dealership-D034,Infotainment Head Unit,501.25,3.8,1,18,0,1,Approved Standard Claim
CLAIM-81670,Dealership-D012,Transmission Valve Body,439.86,4.1,4,15,0,1,Approved Standard Claim
CLAIM-81671,Dealership-D003,Inverter ECU,1131.72,8.3,2,21,0,1,Approved Standard Claim
CLAIM-81672,Dealership-D021,Turbocharger Assembly,1363.21,13.5,5,10,0,1,Approved Standard Claim
CLAIM-81673,Dealership-D003,Battery Module,1179.94,10.5,5,20,0,1,Approved Standard Claim
CLAIM-81674,Dealership-D003,Battery Module,629.22,5.7,3,6,0,1,Approved Standard Claim
CLAIM-81675,Dealership-D041,Battery Module,518.93,4.2,2,40,0,1,Approved Standard Claim
CLAIM-81676,Dealership-D020,Battery Module,4427.28,35.3,2,41,0,1,Approved Standard Claim
CLAIM-81677,Dealership-D040,Inverter ECU,730.94,6.0,3,38,0,1,Approved Standard Claim
CLAIM-81678,Dealership-D039,Inverter ECU,1790.94,13.3,1,24,0,1,Approved Standard Claim
CLAIM-81679,Dealership-D022,Inverter ECU,786.78,5.8,2,38,0,1,Approved Standard Claim
CLAIM-81680,Dealership-D040,Transmission Valve Body,523.95,4.9,2,8,0,1,Approved Standard Claim
CLAIM-81681,Dealership-D001,Brake Caliper Kit,706.15,7.6,2,15,0,1,Approved Standard Claim
CLAIM-81682,Dealership-D019,Brake Caliper Kit,440.19,3.7,5,13,0,1,Approved Standard Claim
CLAIM-81683,Dealership-D031,Inverter ECU,1160.43,9.2,1,16,0,1,Approved Standard Claim
CLAIM-81684,Dealership-D029,Infotainment Head Unit,416.47,3.9,4,12,0,1,Approved Standard Claim
CLAIM-81685,Dealership-D006,Brake Caliper Kit,4098.27,29.8,3,25,0,1,Approved Standard Claim
CLAIM-81686,Dealership-D002,Brake Caliper Kit,2230.16,20.4,5,24,0,1,Approved Standard Claim
CLAIM-81687,Dealership-D001,Infotainment Head Unit,872.32,6.7,2,42,0,1,Approved Standard Claim
CLAIM-81688,Dealership-D011,Battery Module,475.96,4.2,3,43,0,1,Approved Standard Claim
CLAIM-81689,Dealership-D044,Inverter ECU,1321.85,9.5,4,43,0,1,Approved Standard Claim
CLAIM-81690,Dealership-D012,Transmission Valve Body,1171.97,8.8,5,13,0,1,Approved Standard Claim
CLAIM-81691,Dealership-D014,Turbocharger Assembly,1316.75,11.1,3,26,0,1,Approved Standard Claim
CLAIM-81692,Dealership-D020,Transmission Valve Body,424.76,3.2,3,19,0,1,Approved Standard Claim
CLAIM-81693,Dealership-D036,Inverter ECU,2730.75,22.4,2,23,0,1,Approved Standard Claim
CLAIM-81694,Dealership-D025,Brake Caliper Kit,1262.96,12.0,4,7,0,1,Approved Standard Claim
CLAIM-81695,Dealership-D023,Inverter ECU,1918.29,15.7,6,39,0,1,Approved Standard Claim
CLAIM-81696,Dealership-D028,Battery Module,1060.35,8.1,3,33,0,1,Approved Standard Claim
CLAIM-81697,Dealership-D021,Infotainment Head Unit,1439.28,13.0,3,43,0,1,Approved Standard Claim
CLAIM-81698,Dealership-D012,Battery Module,4374.0,33.2,2,38,0,1,Approved Standard Claim
CLAIM-81699,Dealership-D016,Brake Caliper Kit,514.05,3.8,3,35,0,1,Approved Standard Claim
CLAIM-81700,Dealership-D039,Battery Module,1149.34,8.8,5,35,0,1,Approved Standard Claim
CLAIM-81701,Dealership-D023,Transmission Valve Body,1199.67,11.4,7,36,0,1,Approved Standard Claim
CLAIM-81702,Dealership-D003,Inverter ECU,1420.29,12.8,2,16,0,1,Approved Standard Claim
CLAIM-81703,Dealership-D027,Inverter ECU,755.58,6.1,3,47,0,1,Approved Standard Claim
CLAIM-81704,Dealership-D023,Inverter ECU,1609.22,12.2,2,7,0,1,Approved Standard Claim
CLAIM-81705,Dealership-D001,Inverter ECU,405.11,4.4,2,6,0,1,Approved Standard Claim
CLAIM-81706,Dealership-D031,Brake Caliper Kit,1233.78,8.9,3,39,0,1,Approved Standard Claim
CLAIM-81707,Dealership-D019,Transmission Valve Body,1316.17,14.2,5,24,0,1,Approved Standard Claim
CLAIM-81708,Dealership-D033,Battery Module,1019.11,11.0,3,7,0,1,Approved Standard Claim
CLAIM-81709,Dealership-D026,Transmission Valve Body,1081.89,8.0,1,12,0,1,Approved Standard Claim
CLAIM-81710,Dealership-D009,Inverter ECU,2033.25,18.9,2,36,0,1,Approved Standard Claim
CLAIM-81711,Dealership-D031,Infotainment Head Unit,535.58,4.3,2,16,0,1,Approved Standard Claim
CLAIM-81712,Dealership-D031,Turbocharger Assembly,3110.54,24.0,3,27,0,1,Approved Standard Claim
CLAIM-81713,Dealership-D002,Transmission Valve Body,2077.26,16.1,3,45,0,1,Approved Standard Claim
CLAIM-81714,Dealership-D006,Brake Caliper Kit,566.36,5.8,3,16,0,1,Approved Standard Claim
CLAIM-81715,Dealership-D011,Battery Module,1784.14,17.5,4,26,0,1,Approved Standard Claim
CLAIM-81716,Dealership-D019,Infotainment Head Unit,870.51,6.3,1,8,0,1,Approved Standard Claim
CLAIM-81717,Dealership-D022,Transmission Valve Body,1227.54,11.1,1,43,0,1,Approved Standard Claim
CLAIM-81718,Dealership-D034,Turbocharger Assembly,1454.64,17.6,4,40,1,1,Approved Standard Claim
CLAIM-81719,Dealership-D006,Infotainment Head Unit,2163.65,17.5,2,29,0,1,Approved Standard Claim
CLAIM-81720,Dealership-D036,Battery Module,1584.42,13.2,2,37,0,1,Approved Standard Claim
CLAIM-81721,Dealership-D032,Brake Caliper Kit,1427.46,12.6,1,17,0,1,Approved Standard Claim
CLAIM-81722,Dealership-D005,Brake Caliper Kit,694.24,5.2,2,44,0,1,Approved Standard Claim
CLAIM-81723,Dealership-D008,Battery Module,851.45,6.8,4,34,0,1,Approved Standard Claim
CLAIM-81724,Dealership-D001,Turbocharger Assembly,1102.31,9.2,1,42,0,1,Approved Standard Claim
CLAIM-81725,Dealership-D030,Turbocharger Assembly,1433.11,14.7,6,29,0,1,Approved Standard Claim
CLAIM-81726,Dealership-D034,Turbocharger Assembly,4874.05,35.5,3,35,0,1,Approved Standard Claim
CLAIM-81727,Dealership-D031,Transmission Valve Body,3524.53,32.8,2,16,0,1,Approved Standard Claim
CLAIM-81728,Dealership-D015,Transmission Valve Body,864.52,8.7,4,19,0,1,Approved Standard Claim
CLAIM-81729,Dealership-D001,Battery Module,984.57,7.5,4,12,0,1,Approved Standard Claim
CLAIM-81730,Dealership-D013,Transmission Valve Body,719.27,7.1,1,26,0,1,Approved Standard Claim
CLAIM-81731,Dealership-D022,Brake Caliper Kit,1280.26,12.5,1,17,0,1,Approved Standard Claim
CLAIM-81732,Dealership-D035,Battery Module,1354.7,12.9,1,19,0,1,Approved Standard Claim
CLAIM-81733,Dealership-D039,Brake Caliper Kit,685.26,5.8,4,35,0,1,Approved Standard Claim
CLAIM-81734,Dealership-D017,Brake Caliper Kit,1222.12,13.4,4,44,0,1,Approved Standard Claim
CLAIM-81735,Dealership-D010,Inverter ECU,621.24,5.4,2,7,0,1,Approved Standard Claim
CLAIM-81736,Dealership-D014,Brake Caliper Kit,742.72,7.4,5,12,0,1,Approved Standard Claim
CLAIM-81737,Dealership-D041,Inverter ECU,1058.02,9.9,1,6,0,1,Approved Standard Claim
CLAIM-81738,Dealership-D027,Brake Caliper Kit,6172.08,49.4,5,41,0,-1,High-Risk (Flagged for Audit)
CLAIM-81739,Dealership-D032,Transmission Valve Body,1162.12,10.5,2,25,0,1,Approved Standard Claim
CLAIM-81740,Dealership-D035,Brake Caliper Kit,2005.14,15.5,2,43,0,1,Approved Standard Claim
CLAIM-81741,Dealership-D038,Battery Module,1105.42,8.4,1,19,0,1,Approved Standard Claim
CLAIM-81742,Dealership-D034,Turbocharger Assembly,2547.04,34.7,8,26,1,-1,High-Risk (Flagged for Audit)
CLAIM-81743,Dealership-D038,Infotainment Head Unit,5757.86,41.9,3,22,0,-1,High-Risk (Flagged for Audit)
CLAIM-81744,Dealership-D030,Transmission Valve Body,732.37,7.2,3,25,0,1,Approved Standard Claim
CLAIM-81745,Dealership-D011,Inverter ECU,1582.4,16.0,2,29,0,1,Approved Standard Claim
CLAIM-81746,Dealership-D041,Battery Module,2970.33,23.4,4,41,0,1,Approved Standard Claim
CLAIM-81747,Dealership-D008,Battery Module,2449.14,25.2,4,29,0,1,Approved Standard Claim
CLAIM-81748,Dealership-D032,Inverter ECU,663.04,6.8,4,28,0,1,Approved Standard Claim
CLAIM-81749,Dealership-D024,Infotainment Head Unit,2914.7,30.6,4,37,0,1,Approved Standard Claim
CLAIM-81750,Dealership-D022,Battery Module,1228.71,10.7,4,28,0,1,Approved Standard Claim
CLAIM-81751,Dealership-D012,Battery Module,3836.51,35.7,3,20,0,1,Approved Standard Claim
CLAIM-81752,Dealership-D036,Infotainment Head Unit,525.48,3.9,3,33,0,1,Approved Standard Claim
CLAIM-81753,Dealership-D004,Battery Module,1026.24,10.6,3,18,0,1,Approved Standard Claim
CLAIM-81754,Dealership-D010,Turbocharger Assembly,757.41,5.8,1,26,0,1,Approved Standard Claim
CLAIM-81755,Dealership-D042,Brake Caliper Kit,1703.37,12.7,4,31,0,1,Approved Standard Claim
CLAIM-81756,Dealership-D026,Transmission Valve Body,1423.72,11.6,4,33,0,1,Approved Standard Claim
CLAIM-81757,Dealership-D034,Battery Module,2079.75,18.2,5,38,0,1,Approved Standard Claim
CLAIM-81758,Dealership-D021,Transmission Valve Body,1240.1,11.9,2,35,0,1,Approved Standard Claim
CLAIM-81759,Dealership-D033,Transmission Valve Body,690.99,6.8,2,10,0,1,Approved Standard Claim
CLAIM-81760,Dealership-D001,Transmission Valve Body,881.34,8.0,4,8,0,1,Approved Standard Claim
CLAIM-81761,Dealership-D029,Inverter ECU,688.87,5.6,3,22,0,1,Approved Standard Claim
CLAIM-81762,Dealership-D016,Inverter ECU,1871.67,14.6,3,23,0,1,Approved Standard Claim
CLAIM-81763,Dealership-D044,Battery Module,2417.17,22.1,2,19,0,1,Approved Standard Claim
CLAIM-81764,Dealership-D029,Battery Module,805.2,7.7,6,23,0,1,Approved Standard Claim
CLAIM-81765,Dealership-D019,Turbocharger Assembly,12047.01,86.5,9,35,1,-1,High-Risk (Flagged for Audit)
CLAIM-81766,Dealership-D007,Infotainment Head Unit,2233.9,20.0,3,33,0,1,Approved Standard Claim
CLAIM-81767,Dealership-D003,Turbocharger Assembly,1506.73,14.0,4,18,0,1,Approved Standard Claim
CLAIM-81768,Dealership-D038,Turbocharger Assembly,2395.71,23.5,2,42,0,1,Approved Standard Claim
CLAIM-81769,Dealership-D021,Battery Module,1975.27,15.0,1,39,0,1,Approved Standard Claim
CLAIM-81770,Dealership-D044,Brake Caliper Kit,2348.21,19.7,2,6,0,1,Approved Standard Claim
CLAIM-81771,Dealership-D034,Brake Caliper Kit,494.35,4.3,4,43,0,1,Approved Standard Claim
CLAIM-81772,Dealership-D007,Transmission Valve Body,6779.89,52.1,8,6,1,-1,High-Risk (Flagged for Audit)
CLAIM-81773,Dealership-D033,Brake Caliper Kit,495.2,4.9,4,26,0,1,Approved Standard Claim
CLAIM-81774,Dealership-D018,Battery Module,730.88,6.3,3,14,0,1,Approved Standard Claim
CLAIM-81775,Dealership-D031,Inverter ECU,1076.02,7.9,2,7,0,1,Approved Standard Claim
CLAIM-81776,Dealership-D032,Transmission Valve Body,4247.99,43.1,2,24,0,1,Approved Standard Claim
CLAIM-81777,Dealership-D021,Transmission Valve Body,400.41,3.4,6,28,0,1,Approved Standard Claim
CLAIM-81778,Dealership-D039,Turbocharger Assembly,3109.54,31.2,2,45,0,1,Approved Standard Claim
CLAIM-81779,Dealership-D004,Infotainment Head Unit,565.34,5.1,2,30,0,1,Approved Standard Claim
CLAIM-81780,Dealership-D027,Battery Module,2006.67,16.0,6,36,0,1,Approved Standard Claim
CLAIM-81781,Dealership-D006,Transmission Valve Body,1716.28,16.2,6,43,0,1,Approved Standard Claim
CLAIM-81782,Dealership-D044,Inverter ECU,2572.81,19.3,2,37,0,1,Approved Standard Claim
CLAIM-81783,Dealership-D008,Turbocharger Assembly,1914.85,14.8,3,47,0,1,Approved Standard Claim
CLAIM-81784,Dealership-D007,Turbocharger Assembly,2734.78,21.7,4,37,0,1,Approved Standard Claim
CLAIM-81785,Dealership-D005,Battery Module,774.22,6.5,3,24,0,1,Approved Standard Claim
CLAIM-81786,Dealership-D034,Infotainment Head Unit,13428.87,153.8,7,16,1,-1,High-Risk (Flagged for Audit)
CLAIM-81787,Dealership-D027,Brake Caliper Kit,1281.04,9.2,1,30,0,1,Approved Standard Claim
CLAIM-81788,Dealership-D017,Inverter ECU,1350.42,13.1,4,19,0,1,Approved Standard Claim
CLAIM-81789,Dealership-D042,Inverter ECU,1224.71,9.5,6,27,0,1,Approved Standard Claim
CLAIM-81790,Dealership-D010,Turbocharger Assembly,701.48,5.2,4,16,0,1,Approved Standard Claim
CLAIM-81791,Dealership-D007,Turbocharger Assembly,1335.86,10.5,3,29,0,1,Approved Standard Claim
CLAIM-81792,Dealership-D029,Inverter ECU,1164.5,10.6,4,26,0,1,Approved Standard Claim
CLAIM-81793,Dealership-D004,Battery Module,462.2,4.1,4,35,0,1,Approved Standard Claim
CLAIM-81794,Dealership-D015,Turbocharger Assembly,539.37,4.6,3,12,0,1,Approved Standard Claim
CLAIM-81795,Dealership-D041,Transmission Valve Body,2197.76,17.7,2,19,0,1,Approved Standard Claim
CLAIM-81796,Dealership-D002,Turbocharger Assembly,837.87,7.4,2,44,0,1,Approved Standard Claim
CLAIM-81797,Dealership-D012,Brake Caliper Kit,1835.48,14.0,2,42,0,1,Approved Standard Claim
CLAIM-81798,Dealership-D008,Brake Caliper Kit,2438.89,17.8,3,44,0,1,Approved Standard Claim
CLAIM-81799,Dealership-D035,Turbocharger Assembly,5271.34,47.3,2,29,0,-1,High-Risk (Flagged for Audit)
CLAIM-81800,Dealership-D030,Battery Module,1645.41,14.7,2,31,0,1,Approved Standard Claim
CLAIM-81801,Dealership-D035,Infotainment Head Unit,2337.93,25.1,4,25,0,1,Approved Standard Claim
CLAIM-81802,Dealership-D016,Battery Module,1916.14,17.2,3,42,0,1,Approved Standard Claim
CLAIM-81803,Dealership-D004,Inverter ECU,591.38,5.7,1,43,0,1,Approved Standard Claim
CLAIM-81804,Dealership-D044,Inverter ECU,1924.0,16.9,1,15,0,1,Approved Standard Claim
CLAIM-81805,Dealership-D020,Inverter ECU,627.84,6.9,4,12,0,1,Approved Standard Claim
CLAIM-81806,Dealership-D009,Turbocharger Assembly,404.09,4.0,5,29,0,1,Approved Standard Claim
CLAIM-81807,Dealership-D007,Brake Caliper Kit,2434.94,24.0,2,44,0,1,Approved Standard Claim
CLAIM-81808,Dealership-D015,Battery Module,908.99,8.8,4,19,0,1,Approved Standard Claim
CLAIM-81809,Dealership-D037,Infotainment Head Unit,520.31,3.9,2,20,0,1,Approved Standard Claim
CLAIM-81810,Dealership-D028,Brake Caliper Kit,682.14,4.9,3,7,0,1,Approved Standard Claim
CLAIM-81811,Dealership-D004,Battery Module,1784.15,16.8,1,19,0,1,Approved Standard Claim
CLAIM-81812,Dealership-D035,Transmission Valve Body,785.78,6.6,3,33,0,1,Approved Standard Claim
CLAIM-81813,Dealership-D044,Brake Caliper Kit,3178.92,30.8,1,9,0,1,Approved Standard Claim
CLAIM-81814,Dealership-D023,Battery Module,951.42,8.2,1,36,0,1,Approved Standard Claim
CLAIM-81815,Dealership-D039,Brake Caliper Kit,1821.72,13.1,4,13,0,1,Approved Standard Claim
CLAIM-81816,Dealership-D036,Inverter ECU,6914.48,76.2,2,24,0,-1,High-Risk (Flagged for Audit)
CLAIM-81817,Dealership-D018,Battery Module,416.3,3.4,2,17,0,1,Approved Standard Claim
CLAIM-81818,Dealership-D008,Transmission Valve Body,565.48,5.1,1,36,0,1,Approved Standard Claim
CLAIM-81819,Dealership-D043,Infotainment Head Unit,986.79,8.1,3,14,0,1,Approved Standard Claim
CLAIM-81820,Dealership-D024,Turbocharger Assembly,2123.53,16.1,1,40,0,1,Approved Standard Claim
CLAIM-81821,Dealership-D022,Infotainment Head Unit,830.49,7.9,2,8,0,1,Approved Standard Claim
CLAIM-81822,Dealership-D025,Battery Module,527.68,5.1,3,17,0,1,Approved Standard Claim
CLAIM-81823,Dealership-D019,Inverter ECU,3678.77,40.1,8,10,1,-1,High-Risk (Flagged for Audit)
CLAIM-81824,Dealership-D009,Turbocharger Assembly,705.71,5.6,4,29,0,1,Approved Standard Claim
CLAIM-81825,Dealership-D008,Inverter ECU,808.37,6.5,3,6,0,1,Approved Standard Claim
CLAIM-81826,Dealership-D009,Infotainment Head Unit,1058.57,9.5,3,42,0,1,Approved Standard Claim
CLAIM-81827,Dealership-D042,Battery Module,967.11,8.9,4,19,0,1,Approved Standard Claim
CLAIM-81828,Dealership-D002,Infotainment Head Unit,421.92,3.3,4,19,0,1,Approved Standard Claim
CLAIM-81829,Dealership-D011,Turbocharger Assembly,4179.71,41.7,2,34,0,1,Approved Standard Claim
CLAIM-81830,Dealership-D033,Battery Module,3594.36,31.5,2,17,0,1,Approved Standard Claim
CLAIM-81831,Dealership-D039,Turbocharger Assembly,2209.05,20.9,1,18,0,1,Approved Standard Claim
CLAIM-81832,Dealership-D040,Transmission Valve Body,1464.69,11.8,2,7,0,1,Approved Standard Claim
CLAIM-81833,Dealership-D044,Transmission Valve Body,1046.81,11.0,5,11,0,1,Approved Standard Claim
CLAIM-81834,Dealership-D006,Inverter ECU,2578.14,23.6,6,19,0,1,Approved Standard Claim
CLAIM-81835,Dealership-D029,Infotainment Head Unit,504.67,4.2,2,13,0,1,Approved Standard Claim
CLAIM-81836,Dealership-D034,Infotainment Head Unit,1766.74,13.0,2,36,0,1,Approved Standard Claim
CLAIM-81837,Dealership-D009,Turbocharger Assembly,706.98,6.4,5,35,0,1,Approved Standard Claim
CLAIM-81838,Dealership-D037,Turbocharger Assembly,1882.79,18.2,2,22,0,1,Approved Standard Claim
CLAIM-81839,Dealership-D035,Infotainment Head Unit,1091.99,9.8,4,24,0,1,Approved Standard Claim
CLAIM-81840,Dealership-D021,Battery Module,741.18,5.9,2,30,0,1,Approved Standard Claim
CLAIM-81841,Dealership-D013,Infotainment Head Unit,880.11,6.5,3,21,0,1,Approved Standard Claim
CLAIM-81842,Dealership-D003,Infotainment Head Unit,526.63,5.7,3,46,0,1,Approved Standard Claim
CLAIM-81843,Dealership-D035,Battery Module,637.0,5.5,4,14,0,1,Approved Standard Claim
CLAIM-81844,Dealership-D038,Brake Caliper Kit,2042.44,14.8,2,25,0,1,Approved Standard Claim
CLAIM-81845,Dealership-D036,Brake Caliper Kit,487.01,4.9,2,45,0,1,Approved Standard Claim
CLAIM-81846,Dealership-D023,Transmission Valve Body,1540.72,15.6,2,6,0,1,Approved Standard Claim
CLAIM-81847,Dealership-D017,Brake Caliper Kit,1328.93,11.6,2,41,0,1,Approved Standard Claim
CLAIM-81848,Dealership-D010,Turbocharger Assembly,3283.08,29.7,5,20,0,1,Approved Standard Claim
CLAIM-81849,Dealership-D010,Infotainment Head Unit,423.53,4.0,3,27,0,1,Approved Standard Claim
CLAIM-81850,Dealership-D004,Inverter ECU,1609.15,17.1,2,29,0,1,Approved Standard Claim
CLAIM-81851,Dealership-D032,Brake Caliper Kit,1821.06,14.7,3,38,0,1,Approved Standard Claim
CLAIM-81852,Dealership-D032,Brake Caliper Kit,709.24,6.1,4,26,0,1,Approved Standard Claim
CLAIM-81853,Dealership-D039,Brake Caliper Kit,1549.18,16.6,5,29,0,1,Approved Standard Claim
CLAIM-81854,Dealership-D024,Infotainment Head Unit,494.81,4.4,2,39,0,1,Approved Standard Claim
CLAIM-81855,Dealership-D009,Brake Caliper Kit,4739.52,52.2,3,36,0,-1,High-Risk (Flagged for Audit)
CLAIM-81856,Dealership-D017,Brake Caliper Kit,2851.26,23.8,2,47,0,1,Approved Standard Claim
CLAIM-81857,Dealership-D034,Battery Module,18788.98,122.1,9,21,1,-1,High-Risk (Flagged for Audit)
CLAIM-81858,Dealership-D022,Infotainment Head Unit,420.03,4.6,4,14,0,1,Approved Standard Claim
CLAIM-81859,Dealership-D026,Turbocharger Assembly,2341.17,18.2,4,9,0,1,Approved Standard Claim
CLAIM-81860,Dealership-D010,Battery Module,1516.37,14.6,2,17,0,1,Approved Standard Claim
CLAIM-81861,Dealership-D020,Transmission Valve Body,2788.38,23.1,6,37,0,1,Approved Standard Claim
CLAIM-81862,Dealership-D026,Brake Caliper Kit,495.16,3.6,4,7,0,1,Approved Standard Claim
CLAIM-81863,Dealership-D034,Turbocharger Assembly,2098.66,26.6,9,13,1,-1,High-Risk (Flagged for Audit)
CLAIM-81864,Dealership-D023,Brake Caliper Kit,3244.08,34.9,5,43,0,1,Approved Standard Claim
CLAIM-81865,Dealership-D029,Turbocharger Assembly,774.33,7.2,4,17,0,1,Approved Standard Claim
CLAIM-81866,Dealership-D043,Infotainment Head Unit,545.09,5.1,3,39,0,1,Approved Standard Claim
CLAIM-81867,Dealership-D013,Turbocharger Assembly,456.44,4.0,3,7,0,1,Approved Standard Claim
CLAIM-81868,Dealership-D039,Turbocharger Assembly,3301.82,32.9,1,12,0,1,Approved Standard Claim
CLAIM-81869,Dealership-D020,Brake Caliper Kit,952.8,6.8,2,15,0,1,Approved Standard Claim
CLAIM-81870,Dealership-D016,Turbocharger Assembly,420.1,3.2,1,23,0,1,Approved Standard Claim
CLAIM-81871,Dealership-D026,Turbocharger Assembly,1820.37,17.1,7,15,0,1,Approved Standard Claim
CLAIM-81872,Dealership-D041,Battery Module,409.18,4.1,1,46,0,1,Approved Standard Claim
CLAIM-81873,Dealership-D032,Turbocharger Assembly,814.65,7.1,3,22,0,1,Approved Standard Claim
CLAIM-81874,Dealership-D024,Battery Module,921.59,7.7,2,19,0,1,Approved Standard Claim
CLAIM-81875,Dealership-D002,Inverter ECU,844.58,6.2,1,17,0,1,Approved Standard Claim
CLAIM-81876,Dealership-D013,Battery Module,1169.43,11.7,2,46,0,1,Approved Standard Claim
CLAIM-81877,Dealership-D002,Brake Caliper Kit,671.4,5.0,2,33,0,1,Approved Standard Claim
CLAIM-81878,Dealership-D042,Turbocharger Assembly,978.09,9.1,1,12,0,1,Approved Standard Claim
CLAIM-81879,Dealership-D014,Infotainment Head Unit,2930.22,21.0,1,20,0,1,Approved Standard Claim
CLAIM-81880,Dealership-D013,Inverter ECU,700.62,6.6,3,17,0,1,Approved Standard Claim
CLAIM-81881,Dealership-D022,Turbocharger Assembly,1164.31,8.9,1,25,0,1,Approved Standard Claim
CLAIM-81882,Dealership-D010,Infotainment Head Unit,1625.76,16.1,3,28,0,1,Approved Standard Claim
CLAIM-81883,Dealership-D021,Brake Caliper Kit,842.9,8.3,3,15,0,1,Approved Standard Claim
CLAIM-81884,Dealership-D025,Battery Module,2013.06,15.7,5,33,0,1,Approved Standard Claim
CLAIM-81885,Dealership-D025,Turbocharger Assembly,853.78,7.8,4,27,0,1,Approved Standard Claim
CLAIM-81886,Dealership-D018,Turbocharger Assembly,1323.88,11.0,4,45,0,1,Approved Standard Claim
CLAIM-81887,Dealership-D029,Brake Caliper Kit,1555.3,16.7,8,28,0,1,Approved Standard Claim
CLAIM-81888,Dealership-D031,Infotainment Head Unit,1349.46,13.0,1,34,0,1,Approved Standard Claim
CLAIM-81889,Dealership-D012,Turbocharger Assembly,581.76,4.7,1,42,0,1,Approved Standard Claim
CLAIM-81890,Dealership-D011,Inverter ECU,799.8,7.8,5,13,0,1,Approved Standard Claim
CLAIM-81891,Dealership-D033,Battery Module,979.81,8.3,4,16,0,1,Approved Standard Claim
CLAIM-81892,Dealership-D020,Turbocharger Assembly,902.86,6.7,2,32,0,1,Approved Standard Claim
CLAIM-81893,Dealership-D038,Brake Caliper Kit,884.65,9.1,2,21,0,1,Approved Standard Claim
CLAIM-81894,Dealership-D035,Inverter ECU,7068.0,67.1,3,17,0,-1,High-Risk (Flagged for Audit)
CLAIM-81895,Dealership-D021,Inverter ECU,2048.94,21.4,4,20,0,1,Approved Standard Claim
CLAIM-81896,Dealership-D034,Infotainment Head Unit,643.14,6.6,2,31,0,1,Approved Standard Claim
CLAIM-81897,Dealership-D039,Brake Caliper Kit,1229.73,12.7,2,33,0,1,Approved Standard Claim
CLAIM-81898,Dealership-D039,Turbocharger Assembly,1353.13,10.1,3,36,0,1,Approved Standard Claim
CLAIM-81899,Dealership-D007,Brake Caliper Kit,4256.09,38.2,2,29,0,1,Approved Standard Claim
CLAIM-81900,Dealership-D013,Battery Module,2020.62,21.6,2,43,0,1,Approved Standard Claim
CLAIM-81901,Dealership-D036,Transmission Valve Body,527.58,4.7,5,27,0,1,Approved Standard Claim
CLAIM-81902,Dealership-D022,Brake Caliper Kit,1787.07,13.3,6,23,0,1,Approved Standard Claim
CLAIM-81903,Dealership-D026,Transmission Valve Body,514.27,4.7,3,35,0,1,Approved Standard Claim
CLAIM-81904,Dealership-D011,Brake Caliper Kit,4163.31,30.8,2,30,0,1,Approved Standard Claim
CLAIM-81905,Dealership-D012,Turbocharger Assembly,3383.4,27.1,3,41,0,1,Approved Standard Claim
CLAIM-81906,Dealership-D026,Brake Caliper Kit,732.48,8.0,5,35,0,1,Approved Standard Claim
CLAIM-81907,Dealership-D034,Infotainment Head Unit,955.02,8.1,11,31,1,-1,High-Risk (Flagged for Audit)
CLAIM-81908,Dealership-D002,Infotainment Head Unit,2482.29,27.0,4,38,0,1,Approved Standard Claim
CLAIM-81909,Dealership-D040,Battery Module,1793.2,19.3,1,30,0,1,Approved Standard Claim
CLAIM-81910,Dealership-D001,Inverter ECU,636.04,4.6,3,39,0,1,Approved Standard Claim
CLAIM-81911,Dealership-D015,Infotainment Head Unit,515.07,4.2,2,12,0,1,Approved Standard Claim
CLAIM-81912,Dealership-D015,Battery Module,707.48,5.1,2,31,0,1,Approved Standard Claim
CLAIM-81913,Dealership-D022,Brake Caliper Kit,754.78,6.8,1,11,0,1,Approved Standard Claim
CLAIM-81914,Dealership-D038,Brake Caliper Kit,1598.96,16.3,2,13,0,1,Approved Standard Claim
CLAIM-81915,Dealership-D016,Battery Module,2261.88,18.2,2,19,0,1,Approved Standard Claim
CLAIM-81916,Dealership-D006,Inverter ECU,532.55,4.8,2,17,0,1,Approved Standard Claim
CLAIM-81917,Dealership-D042,Battery Module,751.05,7.4,3,16,0,1,Approved Standard Claim
CLAIM-81918,Dealership-D044,Brake Caliper Kit,878.64,7.7,3,12,0,1,Approved Standard Claim
CLAIM-81919,Dealership-D029,Brake Caliper Kit,924.02,10.0,4,41,0,1,Approved Standard Claim
CLAIM-81920,Dealership-D011,Transmission Valve Body,888.69,7.9,3,38,0,1,Approved Standard Claim
CLAIM-81921,Dealership-D030,Turbocharger Assembly,1505.59,15.6,6,31,0,1,Approved Standard Claim
CLAIM-81922,Dealership-D003,Brake Caliper Kit,2783.75,29.4,3,29,0,1,Approved Standard Claim
CLAIM-81923,Dealership-D006,Infotainment Head Unit,1313.77,10.3,1,22,0,1,Approved Standard Claim
CLAIM-81924,Dealership-D039,Brake Caliper Kit,1252.92,13.6,4,21,0,1,Approved Standard Claim
CLAIM-81925,Dealership-D020,Transmission Valve Body,3665.6,29.4,4,18,0,1,Approved Standard Claim
CLAIM-81926,Dealership-D001,Inverter ECU,1364.52,10.6,3,25,0,1,Approved Standard Claim
CLAIM-81927,Dealership-D022,Turbocharger Assembly,1425.5,10.9,2,44,0,1,Approved Standard Claim
CLAIM-81928,Dealership-D009,Turbocharger Assembly,505.85,4.0,1,35,0,1,Approved Standard Claim
CLAIM-81929,Dealership-D037,Turbocharger Assembly,586.99,4.5,1,27,0,1,Approved Standard Claim
CLAIM-81930,Dealership-D043,Battery Module,1151.94,12.3,4,36,0,1,Approved Standard Claim
CLAIM-81931,Dealership-D028,Infotainment Head Unit,4639.9,51.2,1,31,0,-1,High-Risk (Flagged for Audit)
CLAIM-81932,Dealership-D019,Infotainment Head Unit,680.38,5.7,1,16,0,1,Approved Standard Claim
CLAIM-81933,Dealership-D019,Brake Caliper Kit,5712.22,59.0,6,7,1,-1,High-Risk (Flagged for Audit)
CLAIM-81934,Dealership-D034,Battery Module,1459.41,12.4,4,35,0,1,Approved Standard Claim
CLAIM-81935,Dealership-D030,Transmission Valve Body,2205.13,23.6,2,13,0,1,Approved Standard Claim
CLAIM-81936,Dealership-D015,Turbocharger Assembly,2242.42,17.9,3,41,0,1,Approved Standard Claim
CLAIM-81937,Dealership-D037,Infotainment Head Unit,1478.06,14.0,2,36,0,1,Approved Standard Claim
CLAIM-81938,Dealership-D043,Brake Caliper Kit,1567.86,13.2,1,29,0,1,Approved Standard Claim
CLAIM-81939,Dealership-D025,Infotainment Head Unit,9252.17,90.6,2,34,0,-1,High-Risk (Flagged for Audit)
CLAIM-81940,Dealership-D027,Brake Caliper Kit,644.68,6.1,4,18,0,1,Approved Standard Claim
CLAIM-81941,Dealership-D013,Infotainment Head Unit,653.68,5.1,4,24,0,1,Approved Standard Claim
CLAIM-81942,Dealership-D010,Infotainment Head Unit,1323.49,11.1,3,18,0,1,Approved Standard Claim
CLAIM-81943,Dealership-D042,Brake Caliper Kit,3381.67,31.2,2,7,0,1,Approved Standard Claim
CLAIM-81944,Dealership-D010,Infotainment Head Unit,3840.19,32.7,2,44,0,1,Approved Standard Claim
CLAIM-81945,Dealership-D018,Infotainment Head Unit,3600.01,37.9,1,24,0,-1,High-Risk (Flagged for Audit)
CLAIM-81946,Dealership-D037,Transmission Valve Body,726.23,7.2,4,24,0,1,Approved Standard Claim
CLAIM-81947,Dealership-D016,Turbocharger Assembly,695.48,5.2,2,24,0,1,Approved Standard Claim
CLAIM-81948,Dealership-D031,Turbocharger Assembly,1304.75,9.7,3,28,0,1,Approved Standard Claim
CLAIM-81949,Dealership-D032,Transmission Valve Body,748.88,5.8,3,40,0,1,Approved Standard Claim
CLAIM-81950,Dealership-D005,Battery Module,740.24,6.0,1,17,0,1,Approved Standard Claim
CLAIM-81951,Dealership-D028,Turbocharger Assembly,2884.93,20.6,3,35,0,1,Approved Standard Claim
CLAIM-81952,Dealership-D042,Brake Caliper Kit,408.93,4.5,6,33,0,1,Approved Standard Claim
CLAIM-81953,Dealership-D029,Turbocharger Assembly,1476.16,15.3,2,15,0,1,Approved Standard Claim
CLAIM-81954,Dealership-D006,Turbocharger Assembly,760.4,8.1,5,17,0,1,Approved Standard Claim
CLAIM-81955,Dealership-D044,Turbocharger Assembly,630.24,6.9,1,39,0,1,Approved Standard Claim
CLAIM-81956,Dealership-D023,Inverter ECU,1079.84,8.2,2,46,0,1,Approved Standard Claim
CLAIM-81957,Dealership-D022,Transmission Valve Body,900.69,7.8,2,32,0,1,Approved Standard Claim
CLAIM-81958,Dealership-D037,Inverter ECU,1575.81,15.3,1,7,0,1,Approved Standard Claim
CLAIM-81959,Dealership-D006,Infotainment Head Unit,568.75,4.2,2,37,0,1,Approved Standard Claim
CLAIM-81960,Dealership-D023,Inverter ECU,2558.46,24.2,5,33,0,1,Approved Standard Claim
CLAIM-81961,Dealership-D022,Turbocharger Assembly,5059.94,41.6,5,14,0,-1,High-Risk (Flagged for Audit)
CLAIM-81962,Dealership-D013,Battery Module,673.82,4.9,1,6,0,1,Approved Standard Claim
CLAIM-81963,Dealership-D042,Transmission Valve Body,657.93,4.9,2,38,0,1,Approved Standard Claim
CLAIM-81964,Dealership-D018,Inverter ECU,768.09,8.4,7,12,0,1,Approved Standard Claim
CLAIM-81965,Dealership-D007,Battery Module,584.14,4.7,3,6,0,1,Approved Standard Claim
CLAIM-81966,Dealership-D012,Brake Caliper Kit,785.34,5.9,5,43,0,1,Approved Standard Claim
CLAIM-81967,Dealership-D007,Infotainment Head Unit,798.07,5.9,4,13,0,1,Approved Standard Claim
CLAIM-81968,Dealership-D043,Battery Module,1908.26,16.8,4,46,0,1,Approved Standard Claim
CLAIM-81969,Dealership-D020,Battery Module,1060.14,8.0,2,14,0,1,Approved Standard Claim
CLAIM-81970,Dealership-D003,Infotainment Head Unit,1982.76,14.3,3,31,0,1,Approved Standard Claim
CLAIM-81971,Dealership-D004,Battery Module,1633.47,14.0,2,23,0,1,Approved Standard Claim
CLAIM-81972,Dealership-D012,Turbocharger Assembly,698.59,6.2,4,45,0,1,Approved Standard Claim
CLAIM-81973,Dealership-D017,Infotainment Head Unit,564.75,4.3,4,18,0,1,Approved Standard Claim
CLAIM-81974,Dealership-D036,Battery Module,4391.84,32.9,4,11,0,1,Approved Standard Claim
CLAIM-81975,Dealership-D012,Infotainment Head Unit,1823.73,16.0,3,42,0,1,Approved Standard Claim
CLAIM-81976,Dealership-D035,Inverter ECU,1202.47,9.0,2,47,0,1,Approved Standard Claim
CLAIM-81977,Dealership-D026,Turbocharger Assembly,1195.91,10.1,1,11,0,1,Approved Standard Claim
CLAIM-81978,Dealership-D025,Turbocharger Assembly,1936.77,14.3,2,24,0,1,Approved Standard Claim
CLAIM-81979,Dealership-D032,Transmission Valve Body,1802.45,14.9,3,8,0,1,Approved Standard Claim
CLAIM-81980,Dealership-D041,Infotainment Head Unit,542.19,4.8,3,15,0,1,Approved Standard Claim
CLAIM-81981,Dealership-D026,Brake Caliper Kit,3012.1,29.7,6,8,0,1,Approved Standard Claim
CLAIM-81982,Dealership-D038,Battery Module,1453.09,13.5,4,13,0,1,Approved Standard Claim
CLAIM-81983,Dealership-D027,Turbocharger Assembly,2875.93,27.5,1,8,0,1,Approved Standard Claim
CLAIM-81984,Dealership-D043,Inverter ECU,473.29,3.4,3,9,0,1,Approved Standard Claim
CLAIM-81985,Dealership-D012,Transmission Valve Body,3633.05,35.5,2,36,0,1,Approved Standard Claim
CLAIM-81986,Dealership-D004,Infotainment Head Unit,1210.03,10.1,5,12,0,1,Approved Standard Claim
CLAIM-81987,Dealership-D029,Battery Module,951.47,7.2,4,31,0,1,Approved Standard Claim
CLAIM-81988,Dealership-D039,Transmission Valve Body,1282.9,9.3,3,27,0,1,Approved Standard Claim
CLAIM-81989,Dealership-D016,Brake Caliper Kit,838.14,7.0,2,42,0,1,Approved Standard Claim
CLAIM-81990,Dealership-D039,Infotainment Head Unit,608.79,5.0,2,16,0,1,Approved Standard Claim
CLAIM-81991,Dealership-D008,Brake Caliper Kit,525.6,4.1,5,45,0,1,Approved Standard Claim
CLAIM-81992,Dealership-D013,Transmission Valve Body,1337.94,11.3,3,18,0,1,Approved Standard Claim
CLAIM-81993,Dealership-D038,Infotainment Head Unit,2108.28,20.5,1,27,0,1,Approved Standard Claim
CLAIM-81994,Dealership-D030,Transmission Valve Body,1575.99,12.1,7,34,0,1,Approved Standard Claim
CLAIM-81995,Dealership-D015,Inverter ECU,2909.38,28.3,5,38,0,1,Approved Standard Claim
CLAIM-81996,Dealership-D022,Inverter ECU,1972.72,18.6,3,18,0,1,Approved Standard Claim
CLAIM-81997,Dealership-D023,Brake Caliper Kit,697.27,7.4,5,31,0,1,Approved Standard Claim
CLAIM-81998,Dealership-D005,Transmission Valve Body,1296.93,13.5,1,42,0,1,Approved Standard Claim
CLAIM-81999,Dealership-D014,Brake Caliper Kit,2345.52,18.3,4,43,0,1,Approved Standard Claim
CLAIM-82000,Dealership-D031,Infotainment Head Unit,723.18,8.0,3,11,0,1,Approved Standard Claim
CLAIM-82001,Dealership-D035,Transmission Valve Body,1747.71,14.5,4,36,0,1,Approved Standard Claim
CLAIM-82002,Dealership-D025,Transmission Valve Body,1338.59,10.6,2,22,0,1,Approved Standard Claim
CLAIM-82003,Dealership-D037,Inverter ECU,647.16,6.3,6,36,0,1,Approved Standard Claim
CLAIM-82004,Dealership-D034,Battery Module,453.3,3.8,3,8,0,1,Approved Standard Claim
CLAIM-82005,Dealership-D044,Transmission Valve Body,1454.49,13.6,4,46,0,1,Approved Standard Claim
CLAIM-82006,Dealership-D018,Inverter ECU,2481.71,24.6,2,23,0,1,Approved Standard Claim
CLAIM-82007,Dealership-D018,Battery Module,2875.15,30.5,6,31,0,1,Approved Standard Claim
CLAIM-82008,Dealership-D002,Infotainment Head Unit,624.95,6.2,1,30,0,1,Approved Standard Claim
CLAIM-82009,Dealership-D040,Transmission Valve Body,2311.57,24.5,4,36,0,1,Approved Standard Claim
CLAIM-82010,Dealership-D010,Infotainment Head Unit,1751.58,16.5,2,32,0,1,Approved Standard Claim
CLAIM-82011,Dealership-D039,Transmission Valve Body,4303.23,31.1,2,36,0,1,Approved Standard Claim
CLAIM-82012,Dealership-D042,Infotainment Head Unit,2266.43,18.5,2,38,0,1,Approved Standard Claim
CLAIM-82013,Dealership-D010,Infotainment Head Unit,540.09,4.9,4,14,0,1,Approved Standard Claim
CLAIM-82014,Dealership-D007,Transmission Valve Body,2856.49,25.8,3,23,0,1,Approved Standard Claim
CLAIM-82015,Dealership-D019,Battery Module,17576.39,128.0,7,35,1,-1,High-Risk (Flagged for Audit)
CLAIM-82016,Dealership-D036,Battery Module,515.62,5.7,3,45,0,1,Approved Standard Claim
CLAIM-82017,Dealership-D017,Infotainment Head Unit,414.25,4.5,1,42,0,1,Approved Standard Claim
CLAIM-82018,Dealership-D040,Infotainment Head Unit,403.6,3.1,1,35,0,1,Approved Standard Claim
CLAIM-82019,Dealership-D043,Battery Module,4877.93,41.7,2,45,0,-1,High-Risk (Flagged for Audit)
CLAIM-82020,Dealership-D039,Inverter ECU,1566.42,11.9,2,39,0,1,Approved Standard Claim
CLAIM-82021,Dealership-D044,Transmission Valve Body,4022.42,37.2,2,25,0,1,Approved Standard Claim
CLAIM-82022,Dealership-D025,Inverter ECU,585.84,4.3,6,28,0,1,Approved Standard Claim
CLAIM-82023,Dealership-D031,Battery Module,634.98,4.7,4,16,0,1,Approved Standard Claim
CLAIM-82024,Dealership-D035,Turbocharger Assembly,926.24,7.7,4,16,0,1,Approved Standard Claim
CLAIM-82025,Dealership-D003,Inverter ECU,531.35,4.3,2,45,0,1,Approved Standard Claim
CLAIM-82026,Dealership-D031,Turbocharger Assembly,1519.13,11.6,4,38,0,1,Approved Standard Claim
CLAIM-82027,Dealership-D008,Transmission Valve Body,2467.11,19.3,1,34,0,1,Approved Standard Claim
CLAIM-82028,Dealership-D005,Turbocharger Assembly,764.84,6.0,3,36,0,1,Approved Standard Claim
CLAIM-82029,Dealership-D003,Turbocharger Assembly,536.32,4.6,2,23,0,1,Approved Standard Claim
CLAIM-82030,Dealership-D040,Transmission Valve Body,1200.11,13.3,3,29,0,1,Approved Standard Claim
CLAIM-82031,Dealership-D005,Battery Module,3370.88,33.4,2,34,0,1,Approved Standard Claim
CLAIM-82032,Dealership-D039,Brake Caliper Kit,577.59,4.2,4,31,0,1,Approved Standard Claim
CLAIM-82033,Dealership-D040,Transmission Valve Body,1624.41,12.8,2,17,0,1,Approved Standard Claim
CLAIM-82034,Dealership-D013,Turbocharger Assembly,2544.84,24.3,2,12,0,1,Approved Standard Claim
CLAIM-82035,Dealership-D036,Transmission Valve Body,1281.81,12.7,3,12,0,1,Approved Standard Claim
CLAIM-82036,Dealership-D019,Transmission Valve Body,1231.35,12.9,4,19,0,1,Approved Standard Claim
CLAIM-82037,Dealership-D042,Brake Caliper Kit,417.89,3.1,3,10,0,1,Approved Standard Claim
CLAIM-82038,Dealership-D010,Battery Module,803.66,7.3,2,9,0,1,Approved Standard Claim
CLAIM-82039,Dealership-D024,Battery Module,1547.91,11.7,3,36,0,1,Approved Standard Claim
CLAIM-82040,Dealership-D002,Turbocharger Assembly,697.07,5.4,4,36,0,1,Approved Standard Claim
CLAIM-82041,Dealership-D043,Battery Module,673.86,5.0,3,16,0,1,Approved Standard Claim
CLAIM-82042,Dealership-D006,Turbocharger Assembly,2978.11,23.8,5,20,0,1,Approved Standard Claim
CLAIM-82043,Dealership-D021,Turbocharger Assembly,449.09,3.6,2,40,0,1,Approved Standard Claim
CLAIM-82044,Dealership-D022,Transmission Valve Body,560.69,5.7,1,7,0,1,Approved Standard Claim
CLAIM-82045,Dealership-D018,Inverter ECU,470.49,4.0,3,39,0,1,Approved Standard Claim
CLAIM-82046,Dealership-D032,Brake Caliper Kit,828.73,9.0,3,17,0,1,Approved Standard Claim
CLAIM-82047,Dealership-D034,Brake Caliper Kit,4702.76,57.6,9,16,1,-1,High-Risk (Flagged for Audit)
CLAIM-82048,Dealership-D034,Transmission Valve Body,1410.22,10.7,6,31,0,1,Approved Standard Claim
CLAIM-82049,Dealership-D014,Transmission Valve Body,707.4,5.3,4,41,0,1,Approved Standard Claim
CLAIM-82050,Dealership-D014,Battery Module,963.71,7.5,5,28,0,1,Approved Standard Claim
CLAIM-82051,Dealership-D039,Transmission Valve Body,4773.1,39.5,2,13,0,-1,High-Risk (Flagged for Audit)
CLAIM-82052,Dealership-D015,Turbocharger Assembly,1861.1,20.5,2,15,0,1,Approved Standard Claim
CLAIM-82053,Dealership-D017,Turbocharger Assembly,1217.98,11.0,4,20,0,1,Approved Standard Claim
CLAIM-82054,Dealership-D044,Brake Caliper Kit,448.7,3.7,3,27,0,1,Approved Standard Claim
CLAIM-82055,Dealership-D022,Inverter ECU,1641.14,12.6,3,29,0,1,Approved Standard Claim
CLAIM-82056,Dealership-D006,Transmission Valve Body,1898.51,17.5,4,33,0,1,Approved Standard Claim
CLAIM-82057,Dealership-D033,Turbocharger Assembly,3479.88,29.6,7,16,0,1,Approved Standard Claim
CLAIM-82058,Dealership-D031,Battery Module,593.72,4.3,6,17,0,1,Approved Standard Claim
CLAIM-82059,Dealership-D019,Brake Caliper Kit,1574.05,14.2,8,46,1,-1,High-Risk (Flagged for Audit)
CLAIM-82060,Dealership-D017,Brake Caliper Kit,923.63,7.1,4,25,0,1,Approved Standard Claim
CLAIM-82061,Dealership-D032,Battery Module,2027.47,20.0,5,46,0,1,Approved Standard Claim
CLAIM-82062,Dealership-D022,Turbocharger Assembly,1657.48,12.8,2,16,0,1,Approved Standard Claim
CLAIM-82063,Dealership-D013,Brake Caliper Kit,643.31,6.9,3,29,0,1,Approved Standard Claim
CLAIM-82064,Dealership-D016,Transmission Valve Body,628.44,4.8,2,17,0,1,Approved Standard Claim
CLAIM-82065,Dealership-D009,Infotainment Head Unit,2037.57,15.2,2,26,0,1,Approved Standard Claim
CLAIM-82066,Dealership-D034,Transmission Valve Body,1037.19,8.0,4,18,0,1,Approved Standard Claim
CLAIM-82067,Dealership-D006,Inverter ECU,1062.1,10.4,2,11,0,1,Approved Standard Claim
CLAIM-82068,Dealership-D043,Infotainment Head Unit,413.46,3.4,4,29,0,1,Approved Standard Claim
CLAIM-82069,Dealership-D034,Infotainment Head Unit,482.27,3.8,2,32,0,1,Approved Standard Claim
CLAIM-82070,Dealership-D044,Transmission Valve Body,779.68,7.1,2,13,0,1,Approved Standard Claim
CLAIM-82071,Dealership-D032,Transmission Valve Body,1342.76,14.2,6,36,0,1,Approved Standard Claim
CLAIM-82072,Dealership-D014,Battery Module,947.78,8.1,4,16,0,1,Approved Standard Claim
CLAIM-82073,Dealership-D027,Infotainment Head Unit,1504.12,11.8,1,41,0,1,Approved Standard Claim
CLAIM-82074,Dealership-D018,Turbocharger Assembly,3419.96,31.5,5,43,0,1,Approved Standard Claim
CLAIM-82075,Dealership-D031,Brake Caliper Kit,996.75,8.1,3,32,0,1,Approved Standard Claim
CLAIM-82076,Dealership-D019,Brake Caliper Kit,1930.49,18.7,2,46,0,1,Approved Standard Claim
CLAIM-82077,Dealership-D019,Inverter ECU,489.5,3.5,3,35,0,1,Approved Standard Claim
CLAIM-82078,Dealership-D044,Inverter ECU,2770.16,26.1,3,29,0,1,Approved Standard Claim
CLAIM-82079,Dealership-D009,Transmission Valve Body,2076.65,19.0,2,29,0,1,Approved Standard Claim
CLAIM-82080,Dealership-D024,Infotainment Head Unit,1194.47,8.6,4,11,0,1,Approved Standard Claim
CLAIM-82081,Dealership-D019,Brake Caliper Kit,1822.1,15.4,3,24,0,1,Approved Standard Claim
CLAIM-82082,Dealership-D005,Brake Caliper Kit,537.6,4.5,2,27,0,1,Approved Standard Claim
CLAIM-82083,Dealership-D001,Infotainment Head Unit,1376.82,12.7,2,26,0,1,Approved Standard Claim
CLAIM-82084,Dealership-D043,Inverter ECU,940.36,8.8,3,36,0,1,Approved Standard Claim
CLAIM-82085,Dealership-D011,Infotainment Head Unit,5627.69,51.4,2,38,0,-1,High-Risk (Flagged for Audit)
CLAIM-82086,Dealership-D023,Battery Module,1738.6,19.3,1,38,0,1,Approved Standard Claim
CLAIM-82087,Dealership-D040,Inverter ECU,4491.27,34.3,2,22,0,1,Approved Standard Claim
CLAIM-82088,Dealership-D040,Inverter ECU,2408.42,25.8,4,17,0,1,Approved Standard Claim
CLAIM-82089,Dealership-D033,Battery Module,645.18,5.5,1,24,0,1,Approved Standard Claim
CLAIM-82090,Dealership-D010,Battery Module,4102.04,33.0,4,46,0,1,Approved Standard Claim
CLAIM-82091,Dealership-D010,Inverter ECU,4481.68,43.3,1,42,0,-1,High-Risk (Flagged for Audit)
CLAIM-82092,Dealership-D020,Infotainment Head Unit,3179.45,27.9,5,41,0,1,Approved Standard Claim
CLAIM-82093,Dealership-D035,Battery Module,5733.61,62.0,4,12,0,-1,High-Risk (Flagged for Audit)
CLAIM-82094,Dealership-D024,Brake Caliper Kit,1996.11,14.8,6,46,0,1,Approved Standard Claim
CLAIM-82095,Dealership-D007,Infotainment Head Unit,1130.02,8.7,2,12,0,1,Approved Standard Claim
CLAIM-82096,Dealership-D023,Transmission Valve Body,1353.81,14.6,4,11,0,1,Approved Standard Claim
CLAIM-82097,Dealership-D023,Transmission Valve Body,3273.33,25.2,3,16,0,1,Approved Standard Claim
CLAIM-82098,Dealership-D008,Inverter ECU,1884.7,18.4,4,31,0,1,Approved Standard Claim
CLAIM-82099,Dealership-D032,Infotainment Head Unit,3293.19,29.1,2,46,0,1,Approved Standard Claim
CLAIM-82100,Dealership-D001,Infotainment Head Unit,1503.16,13.4,2,21,0,1,Approved Standard Claim
CLAIM-82101,Dealership-D008,Infotainment Head Unit,3099.51,25.8,3,30,0,1,Approved Standard Claim
CLAIM-82102,Dealership-D019,Infotainment Head Unit,2474.42,22.3,3,47,1,1,Approved Standard Claim
CLAIM-82103,Dealership-D043,Inverter ECU,928.22,8.9,5,32,0,1,Approved Standard Claim
CLAIM-82104,Dealership-D012,Turbocharger Assembly,940.38,8.1,4,18,0,1,Approved Standard Claim
CLAIM-82105,Dealership-D022,Infotainment Head Unit,918.09,9.0,2,24,0,1,Approved Standard Claim
CLAIM-82106,Dealership-D008,Inverter ECU,696.58,5.1,2,42,0,1,Approved Standard Claim
CLAIM-82107,Dealership-D030,Turbocharger Assembly,656.92,5.0,4,40,0,1,Approved Standard Claim
CLAIM-82108,Dealership-D013,Infotainment Head Unit,729.18,5.9,2,46,0,1,Approved Standard Claim
CLAIM-82109,Dealership-D037,Brake Caliper Kit,1584.88,16.0,3,26,0,1,Approved Standard Claim
CLAIM-82110,Dealership-D022,Battery Module,2329.66,23.4,2,8,0,1,Approved Standard Claim
CLAIM-82111,Dealership-D014,Infotainment Head Unit,2199.13,15.8,2,31,0,1,Approved Standard Claim
CLAIM-82112,Dealership-D030,Brake Caliper Kit,411.19,3.8,1,21,0,1,Approved Standard Claim
CLAIM-82113,Dealership-D011,Battery Module,1882.03,18.8,3,26,0,1,Approved Standard Claim
CLAIM-82114,Dealership-D002,Infotainment Head Unit,1142.85,8.3,1,29,0,1,Approved Standard Claim
CLAIM-82115,Dealership-D013,Brake Caliper Kit,1386.38,11.3,1,18,0,1,Approved Standard Claim
CLAIM-82116,Dealership-D039,Inverter ECU,696.4,5.8,1,34,0,1,Approved Standard Claim
CLAIM-82117,Dealership-D015,Transmission Valve Body,2688.23,29.5,1,14,0,1,Approved Standard Claim
CLAIM-82118,Dealership-D019,Transmission Valve Body,489.53,4.4,4,7,0,1,Approved Standard Claim
CLAIM-82119,Dealership-D013,Inverter ECU,574.17,4.9,2,47,0,1,Approved Standard Claim
CLAIM-82120,Dealership-D040,Turbocharger Assembly,2834.81,22.0,3,24,0,1,Approved Standard Claim
CLAIM-82121,Dealership-D010,Brake Caliper Kit,2104.75,21.9,4,14,0,1,Approved Standard Claim
CLAIM-82122,Dealership-D004,Infotainment Head Unit,984.86,9.4,5,13,0,1,Approved Standard Claim
CLAIM-82123,Dealership-D015,Infotainment Head Unit,1258.82,12.9,2,24,0,1,Approved Standard Claim
CLAIM-82124,Dealership-D039,Brake Caliper Kit,2808.02,21.1,2,24,0,1,Approved Standard Claim
CLAIM-82125,Dealership-D034,Brake Caliper Kit,1019.94,7.9,2,19,0,1,Approved Standard Claim
CLAIM-82126,Dealership-D041,Turbocharger Assembly,2373.98,19.3,2,8,0,1,Approved Standard Claim
CLAIM-82127,Dealership-D020,Inverter ECU,1038.77,7.5,4,33,0,1,Approved Standard Claim
CLAIM-82128,Dealership-D033,Brake Caliper Kit,617.89,6.2,2,30,0,1,Approved Standard Claim
CLAIM-82129,Dealership-D010,Battery Module,2290.72,25.3,3,20,0,1,Approved Standard Claim
CLAIM-82130,Dealership-D036,Transmission Valve Body,833.72,6.0,5,8,0,1,Approved Standard Claim
CLAIM-82131,Dealership-D032,Brake Caliper Kit,620.32,4.8,3,36,0,1,Approved Standard Claim
CLAIM-82132,Dealership-D030,Infotainment Head Unit,852.59,8.2,3,32,0,1,Approved Standard Claim
CLAIM-82133,Dealership-D033,Transmission Valve Body,1859.95,13.9,9,7,0,-1,High-Risk (Flagged for Audit)
CLAIM-82134,Dealership-D042,Infotainment Head Unit,1297.22,13.2,1,20,0,1,Approved Standard Claim
CLAIM-82135,Dealership-D016,Turbocharger Assembly,1824.11,14.2,2,27,0,1,Approved Standard Claim
CLAIM-82136,Dealership-D001,Turbocharger Assembly,906.96,9.4,3,20,0,1,Approved Standard Claim
CLAIM-82137,Dealership-D020,Infotainment Head Unit,434.48,3.3,2,45,0,1,Approved Standard Claim
CLAIM-82138,Dealership-D013,Brake Caliper Kit,1852.15,13.5,2,27,0,1,Approved Standard Claim
CLAIM-82139,Dealership-D015,Battery Module,3482.88,34.4,4,20,0,1,Approved Standard Claim
CLAIM-82140,Dealership-D028,Inverter ECU,563.61,5.6,3,29,0,1,Approved Standard Claim
CLAIM-82141,Dealership-D038,Transmission Valve Body,1305.31,13.8,1,23,0,1,Approved Standard Claim
CLAIM-82142,Dealership-D001,Inverter ECU,921.46,7.2,1,29,0,1,Approved Standard Claim
CLAIM-82143,Dealership-D035,Brake Caliper Kit,2386.35,19.0,5,27,0,1,Approved Standard Claim
CLAIM-82144,Dealership-D018,Battery Module,839.48,8.1,1,30,0,1,Approved Standard Claim
CLAIM-82145,Dealership-D005,Transmission Valve Body,614.95,5.5,2,45,0,1,Approved Standard Claim
CLAIM-82146,Dealership-D009,Inverter ECU,495.63,3.6,4,34,0,1,Approved Standard Claim
CLAIM-82147,Dealership-D002,Infotainment Head Unit,492.0,3.5,2,23,0,1,Approved Standard Claim
CLAIM-82148,Dealership-D021,Battery Module,950.04,9.8,3,20,0,1,Approved Standard Claim
CLAIM-82149,Dealership-D012,Brake Caliper Kit,1594.61,14.5,2,12,0,1,Approved Standard Claim
CLAIM-82150,Dealership-D038,Inverter ECU,3494.04,37.8,2,36,0,1,Approved Standard Claim
CLAIM-82151,Dealership-D032,Transmission Valve Body,972.21,10.4,2,36,0,1,Approved Standard Claim
CLAIM-82152,Dealership-D015,Inverter ECU,1044.05,10.5,3,26,0,1,Approved Standard Claim
CLAIM-82153,Dealership-D041,Battery Module,2448.02,26.2,3,46,0,1,Approved Standard Claim
CLAIM-82154,Dealership-D007,Inverter ECU,866.86,8.0,2,23,0,1,Approved Standard Claim
CLAIM-82155,Dealership-D004,Brake Caliper Kit,1101.49,9.8,2,30,0,1,Approved Standard Claim
CLAIM-82156,Dealership-D009,Battery Module,2584.77,22.2,1,22,0,1,Approved Standard Claim
CLAIM-82157,Dealership-D038,Infotainment Head Unit,3496.73,30.7,2,42,0,1,Approved Standard Claim
CLAIM-82158,Dealership-D031,Battery Module,1316.05,13.0,5,6,0,1,Approved Standard Claim
CLAIM-82159,Dealership-D028,Transmission Valve Body,1776.71,14.1,3,12,0,1,Approved Standard Claim
CLAIM-82160,Dealership-D031,Transmission Valve Body,990.79,9.0,3,16,0,1,Approved Standard Claim
CLAIM-82161,Dealership-D008,Infotainment Head Unit,1282.54,10.6,4,36,0,1,Approved Standard Claim
CLAIM-82162,Dealership-D007,Transmission Valve Body,760.55,7.7,4,36,0,1,Approved Standard Claim
CLAIM-82163,Dealership-D025,Brake Caliper Kit,675.1,6.0,3,24,0,1,Approved Standard Claim
CLAIM-82164,Dealership-D026,Inverter ECU,1185.78,10.7,2,28,0,1,Approved Standard Claim
CLAIM-82165,Dealership-D024,Brake Caliper Kit,1806.33,13.8,3,47,0,1,Approved Standard Claim
CLAIM-82166,Dealership-D043,Transmission Valve Body,1767.04,15.8,1,30,0,1,Approved Standard Claim
CLAIM-82167,Dealership-D008,Battery Module,700.3,5.6,4,37,0,1,Approved Standard Claim
CLAIM-82168,Dealership-D023,Turbocharger Assembly,560.35,4.6,2,20,0,1,Approved Standard Claim
CLAIM-82169,Dealership-D031,Transmission Valve Body,481.17,3.5,3,42,0,1,Approved Standard Claim
CLAIM-82170,Dealership-D005,Transmission Valve Body,672.62,4.9,2,47,0,1,Approved Standard Claim
CLAIM-82171,Dealership-D025,Inverter ECU,1775.4,15.9,6,18,0,1,Approved Standard Claim
CLAIM-82172,Dealership-D034,Turbocharger Assembly,1542.8,14.1,4,6,0,1,Approved Standard Claim
CLAIM-82173,Dealership-D028,Turbocharger Assembly,1373.92,12.3,3,20,0,1,Approved Standard Claim
CLAIM-82174,Dealership-D016,Brake Caliper Kit,1260.05,11.3,3,22,0,1,Approved Standard Claim
CLAIM-82175,Dealership-D029,Transmission Valve Body,546.11,5.9,4,11,0,1,Approved Standard Claim
CLAIM-82176,Dealership-D017,Transmission Valve Body,667.13,4.9,3,37,0,1,Approved Standard Claim
CLAIM-82177,Dealership-D031,Turbocharger Assembly,1567.18,12.4,4,23,0,1,Approved Standard Claim
CLAIM-82178,Dealership-D035,Transmission Valve Body,458.84,3.5,5,27,0,1,Approved Standard Claim
CLAIM-82179,Dealership-D009,Turbocharger Assembly,3373.6,32.1,2,44,0,1,Approved Standard Claim
CLAIM-82180,Dealership-D025,Turbocharger Assembly,433.94,3.7,1,34,0,1,Approved Standard Claim
CLAIM-82181,Dealership-D040,Inverter ECU,1594.89,12.3,3,17,0,1,Approved Standard Claim
CLAIM-82182,Dealership-D039,Transmission Valve Body,744.64,6.1,2,32,0,1,Approved Standard Claim
CLAIM-82183,Dealership-D039,Infotainment Head Unit,446.3,3.7,4,27,0,1,Approved Standard Claim
CLAIM-82184,Dealership-D014,Infotainment Head Unit,1565.57,15.4,3,30,0,1,Approved Standard Claim
CLAIM-82185,Dealership-D021,Inverter ECU,3631.55,26.5,4,27,0,1,Approved Standard Claim
CLAIM-82186,Dealership-D037,Inverter ECU,976.86,9.2,2,19,0,1,Approved Standard Claim
CLAIM-82187,Dealership-D035,Inverter ECU,646.76,5.1,5,41,0,1,Approved Standard Claim
CLAIM-82188,Dealership-D042,Battery Module,803.45,6.8,2,42,0,1,Approved Standard Claim
CLAIM-82189,Dealership-D003,Infotainment Head Unit,1058.68,7.8,1,41,0,1,Approved Standard Claim
CLAIM-82190,Dealership-D040,Infotainment Head Unit,1931.77,21.4,5,34,0,1,Approved Standard Claim
CLAIM-82191,Dealership-D022,Battery Module,925.59,8.2,5,36,0,1,Approved Standard Claim
CLAIM-82192,Dealership-D019,Battery Module,1777.75,23.4,7,33,1,1,Approved Standard Claim
CLAIM-82193,Dealership-D005,Inverter ECU,851.6,6.2,4,24,0,1,Approved Standard Claim
CLAIM-82194,Dealership-D004,Transmission Valve Body,484.65,3.5,2,28,0,1,Approved Standard Claim
CLAIM-82195,Dealership-D030,Infotainment Head Unit,746.45,6.8,3,6,0,1,Approved Standard Claim
CLAIM-82196,Dealership-D020,Infotainment Head Unit,732.06,6.6,3,31,0,1,Approved Standard Claim
CLAIM-82197,Dealership-D016,Inverter ECU,2531.4,19.7,4,22,0,1,Approved Standard Claim
CLAIM-82198,Dealership-D002,Turbocharger Assembly,1170.53,10.6,8,43,0,-1,High-Risk (Flagged for Audit)
CLAIM-82199,Dealership-D043,Transmission Valve Body,1418.47,15.7,2,32,0,1,Approved Standard Claim
CLAIM-82200,Dealership-D036,Turbocharger Assembly,1548.73,15.5,4,43,0,1,Approved Standard Claim
CLAIM-82201,Dealership-D010,Infotainment Head Unit,1500.06,10.9,4,27,0,1,Approved Standard Claim
CLAIM-82202,Dealership-D026,Battery Module,3062.93,30.1,4,28,0,1,Approved Standard Claim
CLAIM-82203,Dealership-D011,Battery Module,869.14,7.4,3,22,0,1,Approved Standard Claim
CLAIM-82204,Dealership-D034,Infotainment Head Unit,4027.28,39.0,5,32,1,1,Approved Standard Claim
CLAIM-82205,Dealership-D013,Turbocharger Assembly,1624.34,15.1,3,35,0,1,Approved Standard Claim
CLAIM-82206,Dealership-D020,Brake Caliper Kit,870.86,7.3,2,33,0,1,Approved Standard Claim
CLAIM-82207,Dealership-D025,Brake Caliper Kit,551.87,4.4,1,37,0,1,Approved Standard Claim
CLAIM-82208,Dealership-D036,Transmission Valve Body,2493.94,18.9,3,18,0,1,Approved Standard Claim
CLAIM-82209,Dealership-D044,Turbocharger Assembly,1746.34,13.7,7,21,0,1,Approved Standard Claim
CLAIM-82210,Dealership-D031,Battery Module,1865.3,16.9,2,8,0,1,Approved Standard Claim
CLAIM-82211,Dealership-D005,Turbocharger Assembly,1988.71,19.3,3,13,0,1,Approved Standard Claim
CLAIM-82212,Dealership-D008,Infotainment Head Unit,2487.06,22.7,2,19,0,1,Approved Standard Claim
CLAIM-82213,Dealership-D012,Infotainment Head Unit,4844.61,48.6,3,37,0,-1,High-Risk (Flagged for Audit)
CLAIM-82214,Dealership-D041,Brake Caliper Kit,3187.08,24.5,2,22,0,1,Approved Standard Claim
CLAIM-82215,Dealership-D024,Transmission Valve Body,410.24,3.7,3,21,0,1,Approved Standard Claim
CLAIM-82216,Dealership-D042,Turbocharger Assembly,1451.78,10.8,1,12,0,1,Approved Standard Claim
CLAIM-82217,Dealership-D015,Turbocharger Assembly,2131.44,19.6,3,39,0,1,Approved Standard Claim
CLAIM-82218,Dealership-D035,Infotainment Head Unit,538.07,5.4,3,44,0,1,Approved Standard Claim
CLAIM-82219,Dealership-D036,Turbocharger Assembly,868.15,7.1,1,35,0,1,Approved Standard Claim
CLAIM-82220,Dealership-D021,Transmission Valve Body,693.28,5.6,5,23,0,1,Approved Standard Claim
CLAIM-82221,Dealership-D014,Battery Module,4937.9,36.6,1,47,0,-1,High-Risk (Flagged for Audit)
CLAIM-82222,Dealership-D020,Transmission Valve Body,2380.78,17.3,5,28,0,1,Approved Standard Claim
CLAIM-82223,Dealership-D010,Infotainment Head Unit,859.68,6.4,3,23,0,1,Approved Standard Claim
CLAIM-82224,Dealership-D027,Turbocharger Assembly,1393.49,12.7,5,47,0,1,Approved Standard Claim
CLAIM-82225,Dealership-D006,Battery Module,1872.15,14.8,7,27,0,1,Approved Standard Claim
CLAIM-82226,Dealership-D021,Infotainment Head Unit,615.2,5.8,2,25,0,1,Approved Standard Claim
CLAIM-82227,Dealership-D006,Brake Caliper Kit,3699.5,32.7,4,27,0,1,Approved Standard Claim
CLAIM-82228,Dealership-D028,Battery Module,1390.62,10.3,3,34,0,1,Approved Standard Claim
CLAIM-82229,Dealership-D040,Battery Module,780.36,7.9,2,23,0,1,Approved Standard Claim
CLAIM-82230,Dealership-D021,Turbocharger Assembly,2191.21,18.2,2,28,0,1,Approved Standard Claim
CLAIM-82231,Dealership-D026,Battery Module,977.53,9.8,5,42,0,1,Approved Standard Claim
CLAIM-82232,Dealership-D019,Brake Caliper Kit,867.47,8.8,5,17,0,1,Approved Standard Claim
CLAIM-82233,Dealership-D014,Inverter ECU,478.66,4.9,5,21,0,1,Approved Standard Claim
CLAIM-82234,Dealership-D016,Brake Caliper Kit,547.04,5.1,3,13,0,1,Approved Standard Claim
CLAIM-82235,Dealership-D044,Battery Module,690.48,7.5,5,27,0,1,Approved Standard Claim
CLAIM-82236,Dealership-D003,Transmission Valve Body,2072.76,15.1,1,15,0,1,Approved Standard Claim
CLAIM-82237,Dealership-D020,Inverter ECU,1180.4,9.3,5,39,0,1,Approved Standard Claim
CLAIM-82238,Dealership-D001,Turbocharger Assembly,960.13,8.1,2,27,0,1,Approved Standard Claim
CLAIM-82239,Dealership-D019,Inverter ECU,1376.35,13.5,3,27,0,1,Approved Standard Claim
CLAIM-82240,Dealership-D023,Turbocharger Assembly,486.54,3.6,3,18,0,1,Approved Standard Claim
CLAIM-82241,Dealership-D034,Battery Module,957.29,10.5,3,43,0,1,Approved Standard Claim
CLAIM-82242,Dealership-D033,Brake Caliper Kit,1610.13,12.3,3,19,0,1,Approved Standard Claim
CLAIM-82243,Dealership-D044,Battery Module,1293.53,9.9,1,12,0,1,Approved Standard Claim
CLAIM-82244,Dealership-D029,Transmission Valve Body,672.2,5.3,2,7,0,1,Approved Standard Claim
CLAIM-82245,Dealership-D023,Transmission Valve Body,1161.63,9.2,2,42,0,1,Approved Standard Claim
CLAIM-82246,Dealership-D001,Transmission Valve Body,1461.65,14.9,4,44,0,1,Approved Standard Claim
CLAIM-82247,Dealership-D039,Turbocharger Assembly,1244.7,11.1,4,42,0,1,Approved Standard Claim
CLAIM-82248,Dealership-D031,Brake Caliper Kit,986.83,7.1,1,6,0,1,Approved Standard Claim
CLAIM-82249,Dealership-D025,Infotainment Head Unit,3512.87,25.4,5,42,0,1,Approved Standard Claim
CLAIM-82250,Dealership-D005,Infotainment Head Unit,2210.73,15.9,3,39,0,1,Approved Standard Claim
CLAIM-82251,Dealership-D004,Infotainment Head Unit,614.83,5.6,1,10,0,1,Approved Standard Claim
CLAIM-82252,Dealership-D042,Inverter ECU,1289.17,10.5,3,27,0,1,Approved Standard Claim
CLAIM-82253,Dealership-D020,Inverter ECU,556.89,4.3,2,9,0,1,Approved Standard Claim
CLAIM-82254,Dealership-D012,Transmission Valve Body,839.51,8.7,4,47,0,1,Approved Standard Claim
CLAIM-82255,Dealership-D024,Brake Caliper Kit,822.54,6.0,1,26,0,1,Approved Standard Claim
CLAIM-82256,Dealership-D039,Inverter ECU,1163.77,10.1,2,25,0,1,Approved Standard Claim
CLAIM-82257,Dealership-D017,Brake Caliper Kit,1126.26,9.2,4,13,0,1,Approved Standard Claim
CLAIM-82258,Dealership-D014,Infotainment Head Unit,439.09,4.1,4,12,0,1,Approved Standard Claim
CLAIM-82259,Dealership-D003,Brake Caliper Kit,634.69,6.1,2,42,0,1,Approved Standard Claim
CLAIM-82260,Dealership-D032,Infotainment Head Unit,2433.23,26.7,5,45,0,1,Approved Standard Claim
CLAIM-82261,Dealership-D007,Inverter ECU,2960.06,25.0,7,33,1,1,Approved Standard Claim
CLAIM-82262,Dealership-D017,Inverter ECU,474.18,5.2,2,18,0,1,Approved Standard Claim
CLAIM-82263,Dealership-D028,Battery Module,1170.82,12.8,2,46,0,1,Approved Standard Claim
CLAIM-82264,Dealership-D007,Brake Caliper Kit,1525.15,12.3,7,38,1,1,Approved Standard Claim
CLAIM-82265,Dealership-D002,Brake Caliper Kit,2622.65,26.0,2,30,0,1,Approved Standard Claim
CLAIM-82266,Dealership-D023,Brake Caliper Kit,2178.36,21.1,3,45,0,1,Approved Standard Claim
CLAIM-82267,Dealership-D017,Battery Module,856.45,9.4,3,46,0,1,Approved Standard Claim
CLAIM-82268,Dealership-D014,Inverter ECU,1857.57,13.9,4,38,0,1,Approved Standard Claim
CLAIM-82269,Dealership-D019,Inverter ECU,1899.19,13.8,3,9,0,1,Approved Standard Claim
CLAIM-82270,Dealership-D039,Inverter ECU,1234.75,9.9,3,39,0,1,Approved Standard Claim
CLAIM-82271,Dealership-D003,Battery Module,2369.8,17.0,3,40,0,1,Approved Standard Claim
CLAIM-82272,Dealership-D032,Brake Caliper Kit,882.52,9.3,4,11,0,1,Approved Standard Claim
CLAIM-82273,Dealership-D029,Inverter ECU,853.91,9.3,2,31,0,1,Approved Standard Claim
CLAIM-82274,Dealership-D015,Inverter ECU,3872.03,28.4,3,44,0,1,Approved Standard Claim
CLAIM-82275,Dealership-D012,Transmission Valve Body,1316.26,12.0,4,25,0,1,Approved Standard Claim
CLAIM-82276,Dealership-D006,Transmission Valve Body,1554.24,13.7,1,40,0,1,Approved Standard Claim
CLAIM-82277,Dealership-D002,Turbocharger Assembly,1198.47,9.8,2,11,0,1,Approved Standard Claim
CLAIM-82278,Dealership-D017,Turbocharger Assembly,1935.61,16.4,2,31,0,1,Approved Standard Claim
CLAIM-82279,Dealership-D001,Battery Module,603.86,6.1,3,32,0,1,Approved Standard Claim
CLAIM-82280,Dealership-D021,Inverter ECU,3025.16,26.8,3,13,0,1,Approved Standard Claim
CLAIM-82281,Dealership-D004,Inverter ECU,619.48,6.6,3,23,0,1,Approved Standard Claim
CLAIM-82282,Dealership-D041,Infotainment Head Unit,1806.19,19.8,2,46,0,1,Approved Standard Claim
CLAIM-82283,Dealership-D030,Inverter ECU,2252.18,20.1,2,33,0,1,Approved Standard Claim
CLAIM-82284,Dealership-D011,Turbocharger Assembly,1701.36,14.0,2,31,0,1,Approved Standard Claim
CLAIM-82285,Dealership-D013,Transmission Valve Body,1830.02,16.5,2,41,0,1,Approved Standard Claim
CLAIM-82286,Dealership-D041,Transmission Valve Body,2678.95,24.7,1,39,0,1,Approved Standard Claim
CLAIM-82287,Dealership-D027,Inverter ECU,791.38,6.7,2,17,0,1,Approved Standard Claim
CLAIM-82288,Dealership-D020,Brake Caliper Kit,1129.57,11.0,1,30,0,1,Approved Standard Claim
CLAIM-82289,Dealership-D005,Infotainment Head Unit,519.57,5.3,2,39,0,1,Approved Standard Claim
CLAIM-82290,Dealership-D003,Infotainment Head Unit,3428.41,35.4,6,9,0,-1,High-Risk (Flagged for Audit)
CLAIM-82291,Dealership-D023,Inverter ECU,512.08,5.3,2,46,0,1,Approved Standard Claim
CLAIM-82292,Dealership-D007,Battery Module,1291.18,13.5,4,8,0,1,Approved Standard Claim
CLAIM-82293,Dealership-D004,Inverter ECU,523.25,3.9,2,15,0,1,Approved Standard Claim
CLAIM-82294,Dealership-D016,Brake Caliper Kit,669.0,5.1,4,21,0,1,Approved Standard Claim
CLAIM-82295,Dealership-D040,Inverter ECU,1126.11,8.5,2,9,0,1,Approved Standard Claim
CLAIM-82296,Dealership-D002,Inverter ECU,2182.52,18.2,4,11,0,1,Approved Standard Claim
CLAIM-82297,Dealership-D001,Transmission Valve Body,2079.47,22.4,5,22,0,1,Approved Standard Claim
CLAIM-82298,Dealership-D004,Battery Module,1287.84,10.1,3,28,0,1,Approved Standard Claim
CLAIM-82299,Dealership-D034,Infotainment Head Unit,3431.19,32.5,7,30,0,1,Approved Standard Claim
CLAIM-82300,Dealership-D018,Infotainment Head Unit,1965.2,18.9,2,18,0,1,Approved Standard Claim
CLAIM-82301,Dealership-D028,Turbocharger Assembly,3605.84,30.7,5,20,0,1,Approved Standard Claim
CLAIM-82302,Dealership-D020,Inverter ECU,3193.69,29.7,4,44,0,1,Approved Standard Claim
CLAIM-82303,Dealership-D014,Transmission Valve Body,1222.1,12.3,2,7,0,1,Approved Standard Claim
CLAIM-82304,Dealership-D022,Battery Module,656.33,4.9,4,6,0,1,Approved Standard Claim
CLAIM-82305,Dealership-D024,Infotainment Head Unit,514.44,4.7,1,22,0,1,Approved Standard Claim
CLAIM-82306,Dealership-D023,Inverter ECU,1445.72,10.7,2,20,0,1,Approved Standard Claim
CLAIM-82307,Dealership-D027,Brake Caliper Kit,3826.26,28.9,3,11,0,1,Approved Standard Claim
CLAIM-82308,Dealership-D027,Inverter ECU,1620.36,12.3,4,33,0,1,Approved Standard Claim
CLAIM-82309,Dealership-D003,Transmission Valve Body,1453.05,11.8,2,35,0,1,Approved Standard Claim
CLAIM-82310,Dealership-D041,Brake Caliper Kit,2978.29,29.5,5,40,0,1,Approved Standard Claim
CLAIM-82311,Dealership-D001,Battery Module,2053.46,22.7,4,44,0,1,Approved Standard Claim
CLAIM-82312,Dealership-D009,Turbocharger Assembly,2116.86,15.4,5,9,0,1,Approved Standard Claim
CLAIM-82313,Dealership-D004,Infotainment Head Unit,1370.82,13.9,4,9,0,1,Approved Standard Claim
CLAIM-82314,Dealership-D029,Battery Module,1224.28,8.8,4,27,0,1,Approved Standard Claim
CLAIM-82315,Dealership-D024,Transmission Valve Body,933.01,7.8,2,7,0,1,Approved Standard Claim
CLAIM-82316,Dealership-D008,Transmission Valve Body,1342.52,12.6,2,33,0,1,Approved Standard Claim
CLAIM-82317,Dealership-D011,Brake Caliper Kit,793.97,5.9,3,43,0,1,Approved Standard Claim
CLAIM-82318,Dealership-D013,Brake Caliper Kit,1886.16,16.5,1,34,0,1,Approved Standard Claim
CLAIM-82319,Dealership-D012,Inverter ECU,606.47,5.2,2,9,0,1,Approved Standard Claim
CLAIM-82320,Dealership-D006,Infotainment Head Unit,525.17,3.9,4,10,0,1,Approved Standard Claim
CLAIM-82321,Dealership-D036,Brake Caliper Kit,1109.44,9.3,3,24,0,1,Approved Standard Claim
CLAIM-82322,Dealership-D037,Turbocharger Assembly,2261.12,21.7,3,39,0,1,Approved Standard Claim
CLAIM-82323,Dealership-D007,Inverter ECU,6359.12,48.6,4,27,0,-1,High-Risk (Flagged for Audit)
CLAIM-82324,Dealership-D010,Brake Caliper Kit,2389.3,19.4,4,8,0,1,Approved Standard Claim
CLAIM-82325,Dealership-D010,Brake Caliper Kit,1675.75,17.0,2,35,0,1,Approved Standard Claim
CLAIM-82326,Dealership-D008,Battery Module,530.71,5.3,6,35,0,1,Approved Standard Claim
CLAIM-82327,Dealership-D016,Inverter ECU,2607.1,26.5,3,46,0,1,Approved Standard Claim
CLAIM-82328,Dealership-D042,Transmission Valve Body,452.59,3.5,2,9,0,1,Approved Standard Claim
CLAIM-82329,Dealership-D043,Inverter ECU,525.28,3.8,2,8,0,1,Approved Standard Claim
CLAIM-82330,Dealership-D035,Battery Module,2055.1,17.1,5,28,0,1,Approved Standard Claim
CLAIM-82331,Dealership-D018,Brake Caliper Kit,2384.14,20.0,4,36,0,1,Approved Standard Claim
CLAIM-82332,Dealership-D038,Transmission Valve Body,2657.67,26.3,4,34,0,1,Approved Standard Claim
CLAIM-82333,Dealership-D030,Transmission Valve Body,2493.05,21.7,3,12,0,1,Approved Standard Claim
CLAIM-82334,Dealership-D002,Inverter ECU,1089.71,9.7,3,19,0,1,Approved Standard Claim
CLAIM-82335,Dealership-D021,Turbocharger Assembly,545.51,4.7,2,20,0,1,Approved Standard Claim
CLAIM-82336,Dealership-D033,Turbocharger Assembly,761.14,5.8,5,45,0,1,Approved Standard Claim
CLAIM-82337,Dealership-D041,Transmission Valve Body,2759.39,21.3,5,46,0,1,Approved Standard Claim
CLAIM-82338,Dealership-D020,Infotainment Head Unit,685.98,7.0,1,44,0,1,Approved Standard Claim
CLAIM-82339,Dealership-D021,Infotainment Head Unit,1661.53,14.8,2,33,0,1,Approved Standard Claim
CLAIM-82340,Dealership-D029,Infotainment Head Unit,533.27,5.5,4,30,0,1,Approved Standard Claim
CLAIM-82341,Dealership-D028,Turbocharger Assembly,443.68,3.2,1,6,0,1,Approved Standard Claim
CLAIM-82342,Dealership-D005,Infotainment Head Unit,1543.06,11.4,3,47,0,1,Approved Standard Claim
CLAIM-82343,Dealership-D014,Brake Caliper Kit,1014.12,9.5,3,6,0,1,Approved Standard Claim
CLAIM-82344,Dealership-D027,Brake Caliper Kit,2350.78,17.5,6,7,0,1,Approved Standard Claim
CLAIM-82345,Dealership-D026,Inverter ECU,2892.32,22.6,3,9,0,1,Approved Standard Claim
CLAIM-82346,Dealership-D016,Infotainment Head Unit,1215.49,8.9,5,24,0,1,Approved Standard Claim
CLAIM-82347,Dealership-D021,Transmission Valve Body,1136.74,9.8,4,8,0,1,Approved Standard Claim
CLAIM-82348,Dealership-D041,Turbocharger Assembly,440.97,3.8,1,33,0,1,Approved Standard Claim
CLAIM-82349,Dealership-D032,Transmission Valve Body,947.41,9.0,4,39,0,1,Approved Standard Claim
CLAIM-82350,Dealership-D010,Battery Module,631.0,6.9,3,38,0,1,Approved Standard Claim
CLAIM-82351,Dealership-D032,Inverter ECU,1161.96,8.9,3,39,0,1,Approved Standard Claim
CLAIM-82352,Dealership-D014,Transmission Valve Body,756.7,5.6,5,6,0,1,Approved Standard Claim
CLAIM-82353,Dealership-D038,Transmission Valve Body,1870.97,17.8,3,45,0,1,Approved Standard Claim
CLAIM-82354,Dealership-D037,Brake Caliper Kit,616.59,5.6,1,26,0,1,Approved Standard Claim
CLAIM-82355,Dealership-D018,Battery Module,3663.67,33.5,3,30,0,1,Approved Standard Claim
CLAIM-82356,Dealership-D044,Battery Module,3457.54,37.3,3,36,0,1,Approved Standard Claim
CLAIM-82357,Dealership-D022,Turbocharger Assembly,1653.25,13.2,3,19,0,1,Approved Standard Claim
CLAIM-82358,Dealership-D036,Turbocharger Assembly,2640.4,19.4,1,15,0,1,Approved Standard Claim
CLAIM-82359,Dealership-D020,Inverter ECU,2370.03,21.7,2,26,0,1,Approved Standard Claim
CLAIM-82360,Dealership-D032,Brake Caliper Kit,551.06,4.4,1,46,0,1,Approved Standard Claim
CLAIM-82361,Dealership-D009,Transmission Valve Body,3648.08,33.6,1,36,0,1,Approved Standard Claim
CLAIM-82362,Dealership-D033,Transmission Valve Body,1513.0,11.3,3,22,0,1,Approved Standard Claim
CLAIM-82363,Dealership-D031,Inverter ECU,1194.03,10.6,5,28,0,1,Approved Standard Claim
CLAIM-82364,Dealership-D038,Infotainment Head Unit,406.28,3.4,2,33,0,1,Approved Standard Claim
CLAIM-82365,Dealership-D009,Battery Module,1467.86,11.4,1,31,0,1,Approved Standard Claim
CLAIM-82366,Dealership-D003,Turbocharger Assembly,450.0,3.8,5,36,0,1,Approved Standard Claim
CLAIM-82367,Dealership-D039,Battery Module,815.25,8.7,3,28,0,1,Approved Standard Claim
CLAIM-82368,Dealership-D021,Battery Module,1549.12,13.2,4,6,0,1,Approved Standard Claim
CLAIM-82369,Dealership-D019,Transmission Valve Body,1901.22,13.6,3,36,0,1,Approved Standard Claim
CLAIM-82370,Dealership-D002,Inverter ECU,3170.23,31.2,2,39,0,1,Approved Standard Claim
CLAIM-82371,Dealership-D020,Infotainment Head Unit,1163.31,12.5,4,38,0,1,Approved Standard Claim
CLAIM-82372,Dealership-D025,Brake Caliper Kit,685.6,5.1,2,19,0,1,Approved Standard Claim
CLAIM-82373,Dealership-D006,Battery Module,2752.73,28.4,4,9,0,1,Approved Standard Claim
CLAIM-82374,Dealership-D010,Brake Caliper Kit,413.4,3.6,4,26,0,1,Approved Standard Claim
CLAIM-82375,Dealership-D012,Infotainment Head Unit,535.88,3.9,3,12,0,1,Approved Standard Claim
CLAIM-82376,Dealership-D038,Turbocharger Assembly,605.96,6.3,5,20,0,1,Approved Standard Claim
CLAIM-82377,Dealership-D023,Inverter ECU,4276.81,40.4,2,44,0,-1,High-Risk (Flagged for Audit)
CLAIM-82378,Dealership-D002,Brake Caliper Kit,440.39,3.3,2,33,0,1,Approved Standard Claim
CLAIM-82379,Dealership-D031,Battery Module,909.83,7.8,1,38,0,1,Approved Standard Claim
CLAIM-82380,Dealership-D014,Infotainment Head Unit,779.63,5.6,4,14,0,1,Approved Standard Claim
CLAIM-82381,Dealership-D016,Battery Module,2934.57,22.2,3,38,0,1,Approved Standard Claim
CLAIM-82382,Dealership-D035,Battery Module,3599.03,30.3,3,27,0,1,Approved Standard Claim
CLAIM-82383,Dealership-D036,Brake Caliper Kit,1362.51,12.7,1,42,0,1,Approved Standard Claim
CLAIM-82384,Dealership-D009,Inverter ECU,2240.48,19.2,2,14,0,1,Approved Standard Claim
CLAIM-82385,Dealership-D037,Infotainment Head Unit,1948.96,16.5,2,22,0,1,Approved Standard Claim
CLAIM-82386,Dealership-D034,Brake Caliper Kit,618.49,5.2,3,21,0,1,Approved Standard Claim
CLAIM-82387,Dealership-D008,Brake Caliper Kit,885.41,7.6,3,13,0,1,Approved Standard Claim
CLAIM-82388,Dealership-D025,Transmission Valve Body,709.15,5.4,2,6,0,1,Approved Standard Claim
CLAIM-82389,Dealership-D044,Inverter ECU,3301.76,33.6,4,17,0,1,Approved Standard Claim
CLAIM-82390,Dealership-D006,Transmission Valve Body,1068.93,7.8,3,21,0,1,Approved Standard Claim
CLAIM-82391,Dealership-D009,Infotainment Head Unit,812.58,6.0,2,43,0,1,Approved Standard Claim
CLAIM-82392,Dealership-D029,Infotainment Head Unit,607.92,5.9,2,14,0,1,Approved Standard Claim
CLAIM-82393,Dealership-D041,Transmission Valve Body,1939.07,15.1,3,42,0,1,Approved Standard Claim
CLAIM-82394,Dealership-D029,Transmission Valve Body,2655.89,23.6,6,35,0,1,Approved Standard Claim
CLAIM-82395,Dealership-D020,Brake Caliper Kit,530.31,5.0,2,44,0,1,Approved Standard Claim
CLAIM-82396,Dealership-D001,Infotainment Head Unit,815.42,6.1,4,7,0,1,Approved Standard Claim
CLAIM-82397,Dealership-D012,Battery Module,578.18,4.4,5,42,0,1,Approved Standard Claim
CLAIM-82398,Dealership-D014,Transmission Valve Body,1800.06,20.0,3,27,0,1,Approved Standard Claim
CLAIM-82399,Dealership-D030,Turbocharger Assembly,2882.75,23.8,4,29,0,1,Approved Standard Claim
CLAIM-82400,Dealership-D009,Inverter ECU,2568.06,27.4,5,31,0,1,Approved Standard Claim
CLAIM-82401,Dealership-D031,Infotainment Head Unit,790.67,8.1,1,42,0,1,Approved Standard Claim
CLAIM-82402,Dealership-D014,Transmission Valve Body,4041.52,41.0,4,16,0,1,Approved Standard Claim
CLAIM-82403,Dealership-D020,Infotainment Head Unit,1851.65,15.7,4,12,0,1,Approved Standard Claim
CLAIM-82404,Dealership-D037,Inverter ECU,3379.93,30.6,5,41,0,1,Approved Standard Claim
CLAIM-82405,Dealership-D029,Infotainment Head Unit,1067.7,9.0,1,15,0,1,Approved Standard Claim
CLAIM-82406,Dealership-D006,Brake Caliper Kit,1119.13,8.2,3,14,0,1,Approved Standard Claim
CLAIM-82407,Dealership-D015,Brake Caliper Kit,456.23,3.5,9,13,0,-1,High-Risk (Flagged for Audit)
CLAIM-82408,Dealership-D004,Turbocharger Assembly,867.22,8.1,3,33,0,1,Approved Standard Claim
CLAIM-82409,Dealership-D026,Inverter ECU,3601.99,35.7,1,27,0,1,Approved Standard Claim
CLAIM-82410,Dealership-D023,Transmission Valve Body,1389.13,10.7,3,16,0,1,Approved Standard Claim
CLAIM-82411,Dealership-D005,Inverter ECU,972.85,8.4,1,18,0,1,Approved Standard Claim
CLAIM-82412,Dealership-D028,Brake Caliper Kit,1571.68,11.6,10,30,0,-1,High-Risk (Flagged for Audit)
CLAIM-82413,Dealership-D007,Infotainment Head Unit,3120.47,20.3,8,35,1,-1,High-Risk (Flagged for Audit)
CLAIM-82414,Dealership-D034,Battery Module,4085.5,44.8,2,37,0,1,Approved Standard Claim
CLAIM-82415,Dealership-D002,Inverter ECU,405.7,3.8,6,26,0,1,Approved Standard Claim
CLAIM-82416,Dealership-D007,Inverter ECU,5361.59,45.3,2,35,0,-1,High-Risk (Flagged for Audit)
CLAIM-82417,Dealership-D015,Infotainment Head Unit,990.02,9.9,2,45,0,1,Approved Standard Claim
CLAIM-82418,Dealership-D021,Battery Module,1323.65,10.7,2,24,0,1,Approved Standard Claim
CLAIM-82419,Dealership-D024,Infotainment Head Unit,4054.18,42.3,5,9,0,-1,High-Risk (Flagged for Audit)
CLAIM-82420,Dealership-D024,Battery Module,582.32,5.1,1,21,0,1,Approved Standard Claim
CLAIM-82421,Dealership-D020,Turbocharger Assembly,640.38,5.3,2,42,0,1,Approved Standard Claim
CLAIM-82422,Dealership-D031,Infotainment Head Unit,2261.61,20.2,1,7,0,1,Approved Standard Claim
CLAIM-82423,Dealership-D011,Transmission Valve Body,820.96,6.9,3,20,0,1,Approved Standard Claim
CLAIM-82424,Dealership-D030,Inverter ECU,741.99,6.7,2,34,0,1,Approved Standard Claim
CLAIM-82425,Dealership-D037,Transmission Valve Body,594.51,4.6,4,38,0,1,Approved Standard Claim
CLAIM-82426,Dealership-D024,Transmission Valve Body,2264.19,22.3,2,28,0,1,Approved Standard Claim
CLAIM-82427,Dealership-D010,Brake Caliper Kit,514.6,5.1,3,39,0,1,Approved Standard Claim
CLAIM-82428,Dealership-D010,Battery Module,996.75,9.6,2,43,0,1,Approved Standard Claim
CLAIM-82429,Dealership-D027,Turbocharger Assembly,1514.33,13.1,4,35,0,1,Approved Standard Claim
CLAIM-82430,Dealership-D025,Transmission Valve Body,654.05,7.2,5,29,0,1,Approved Standard Claim
CLAIM-82431,Dealership-D002,Infotainment Head Unit,5302.49,48.0,2,31,0,-1,High-Risk (Flagged for Audit)
CLAIM-82432,Dealership-D019,Inverter ECU,1640.56,11.8,2,39,0,1,Approved Standard Claim
CLAIM-82433,Dealership-D002,Brake Caliper Kit,2182.22,18.3,4,38,0,1,Approved Standard Claim
CLAIM-82434,Dealership-D024,Infotainment Head Unit,4124.76,34.8,3,7,0,1,Approved Standard Claim
CLAIM-82435,Dealership-D013,Brake Caliper Kit,2197.52,16.7,3,13,0,1,Approved Standard Claim
CLAIM-82436,Dealership-D022,Infotainment Head Unit,1859.7,16.1,3,28,0,1,Approved Standard Claim
CLAIM-82437,Dealership-D041,Inverter ECU,1622.13,11.9,3,12,0,1,Approved Standard Claim
CLAIM-82438,Dealership-D042,Infotainment Head Unit,1399.3,11.1,5,33,0,1,Approved Standard Claim
CLAIM-82439,Dealership-D041,Inverter ECU,747.54,5.6,4,28,0,1,Approved Standard Claim
CLAIM-82440,Dealership-D005,Transmission Valve Body,2205.38,19.5,2,14,0,1,Approved Standard Claim
CLAIM-82441,Dealership-D006,Inverter ECU,2755.94,20.5,2,13,0,1,Approved Standard Claim
CLAIM-82442,Dealership-D040,Inverter ECU,1730.14,16.0,1,13,0,1,Approved Standard Claim
CLAIM-82443,Dealership-D030,Brake Caliper Kit,419.99,4.5,4,30,0,1,Approved Standard Claim
CLAIM-82444,Dealership-D002,Infotainment Head Unit,618.27,5.3,4,19,0,1,Approved Standard Claim
CLAIM-82445,Dealership-D019,Inverter ECU,2383.4,15.0,7,28,1,1,Approved Standard Claim
CLAIM-82446,Dealership-D028,Inverter ECU,2009.14,15.0,2,41,0,1,Approved Standard Claim
CLAIM-82447,Dealership-D021,Transmission Valve Body,1194.03,9.2,3,7,0,1,Approved Standard Claim
CLAIM-82448,Dealership-D011,Inverter ECU,2486.07,20.4,2,16,0,1,Approved Standard Claim
CLAIM-82449,Dealership-D025,Battery Module,410.9,3.5,3,8,0,1,Approved Standard Claim
CLAIM-82450,Dealership-D004,Battery Module,1010.22,9.0,1,32,0,1,Approved Standard Claim
CLAIM-82451,Dealership-D040,Battery Module,573.35,4.4,4,33,0,1,Approved Standard Claim
CLAIM-82452,Dealership-D010,Turbocharger Assembly,566.84,4.6,2,19,0,1,Approved Standard Claim
CLAIM-82453,Dealership-D012,Inverter ECU,2335.44,24.1,2,31,0,1,Approved Standard Claim
CLAIM-82454,Dealership-D015,Transmission Valve Body,563.48,4.0,5,6,0,1,Approved Standard Claim
CLAIM-82455,Dealership-D009,Battery Module,3943.55,33.9,5,22,0,1,Approved Standard Claim
CLAIM-82456,Dealership-D015,Inverter ECU,1784.59,16.5,3,10,0,1,Approved Standard Claim
CLAIM-82457,Dealership-D019,Transmission Valve Body,2574.96,22.3,3,17,0,1,Approved Standard Claim
CLAIM-82458,Dealership-D021,Transmission Valve Body,1267.88,11.6,3,30,0,1,Approved Standard Claim
CLAIM-82459,Dealership-D002,Turbocharger Assembly,783.37,8.6,5,28,0,1,Approved Standard Claim
CLAIM-82460,Dealership-D044,Inverter ECU,3056.11,27.5,2,38,0,1,Approved Standard Claim
CLAIM-82461,Dealership-D014,Turbocharger Assembly,1060.19,10.2,4,7,0,1,Approved Standard Claim
CLAIM-82462,Dealership-D018,Inverter ECU,1764.73,15.1,4,6,0,1,Approved Standard Claim
CLAIM-82463,Dealership-D044,Inverter ECU,1168.79,12.8,2,38,0,1,Approved Standard Claim
CLAIM-82464,Dealership-D007,Brake Caliper Kit,1569.6,14.0,3,26,0,1,Approved Standard Claim
CLAIM-82465,Dealership-D029,Brake Caliper Kit,2441.42,19.8,6,16,0,1,Approved Standard Claim
CLAIM-82466,Dealership-D029,Brake Caliper Kit,1577.23,12.9,1,44,0,1,Approved Standard Claim
CLAIM-82467,Dealership-D020,Inverter ECU,877.35,6.3,2,47,0,1,Approved Standard Claim
CLAIM-82468,Dealership-D018,Infotainment Head Unit,3502.39,38.7,5,25,0,1,Approved Standard Claim
CLAIM-82469,Dealership-D017,Infotainment Head Unit,440.63,3.5,2,46,0,1,Approved Standard Claim
CLAIM-82470,Dealership-D025,Brake Caliper Kit,1113.58,9.0,2,13,0,1,Approved Standard Claim
CLAIM-82471,Dealership-D031,Battery Module,979.18,7.2,1,10,0,1,Approved Standard Claim
CLAIM-82472,Dealership-D006,Infotainment Head Unit,955.6,9.4,7,32,0,1,Approved Standard Claim
CLAIM-82473,Dealership-D002,Inverter ECU,1009.88,7.5,5,16,0,1,Approved Standard Claim
CLAIM-82474,Dealership-D018,Infotainment Head Unit,1067.61,11.8,3,34,0,1,Approved Standard Claim
CLAIM-82475,Dealership-D026,Infotainment Head Unit,797.35,7.4,4,14,0,1,Approved Standard Claim
CLAIM-82476,Dealership-D021,Brake Caliper Kit,4039.11,40.2,2,33,0,1,Approved Standard Claim
CLAIM-82477,Dealership-D040,Transmission Valve Body,568.39,4.3,2,16,0,1,Approved Standard Claim
CLAIM-82478,Dealership-D003,Turbocharger Assembly,973.28,8.3,2,30,0,1,Approved Standard Claim
CLAIM-82479,Dealership-D039,Transmission Valve Body,518.41,5.5,3,45,0,1,Approved Standard Claim
CLAIM-82480,Dealership-D024,Turbocharger Assembly,3260.79,23.4,3,20,0,1,Approved Standard Claim
CLAIM-82481,Dealership-D027,Turbocharger Assembly,2262.03,20.2,1,22,0,1,Approved Standard Claim
CLAIM-82482,Dealership-D025,Brake Caliper Kit,4473.41,34.6,4,38,0,1,Approved Standard Claim
CLAIM-82483,Dealership-D022,Turbocharger Assembly,484.33,3.7,3,18,0,1,Approved Standard Claim
CLAIM-82484,Dealership-D009,Brake Caliper Kit,426.98,3.4,2,14,0,1,Approved Standard Claim
CLAIM-82485,Dealership-D017,Battery Module,990.97,10.9,2,19,0,1,Approved Standard Claim
CLAIM-82486,Dealership-D026,Infotainment Head Unit,3662.01,26.5,3,38,0,1,Approved Standard Claim
CLAIM-82487,Dealership-D027,Inverter ECU,488.75,5.3,1,14,0,1,Approved Standard Claim
CLAIM-82488,Dealership-D022,Inverter ECU,1091.19,8.0,4,13,0,1,Approved Standard Claim
CLAIM-82489,Dealership-D020,Brake Caliper Kit,1925.59,15.6,4,28,0,1,Approved Standard Claim
CLAIM-82490,Dealership-D034,Battery Module,740.98,6.4,4,32,0,1,Approved Standard Claim
CLAIM-82491,Dealership-D028,Transmission Valve Body,2394.41,23.9,2,31,0,1,Approved Standard Claim
CLAIM-82492,Dealership-D010,Battery Module,629.97,4.8,4,23,0,1,Approved Standard Claim
CLAIM-82493,Dealership-D022,Infotainment Head Unit,917.38,7.6,3,33,0,1,Approved Standard Claim
CLAIM-82494,Dealership-D014,Inverter ECU,3134.81,29.9,5,10,0,1,Approved Standard Claim
CLAIM-82495,Dealership-D027,Brake Caliper Kit,3019.96,29.0,5,41,0,1,Approved Standard Claim
CLAIM-82496,Dealership-D017,Transmission Valve Body,1459.03,11.5,1,10,0,1,Approved Standard Claim
CLAIM-82497,Dealership-D029,Transmission Valve Body,4071.93,30.2,1,17,0,-1,High-Risk (Flagged for Audit)
CLAIM-82498,Dealership-D032,Transmission Valve Body,776.5,7.4,2,17,0,1,Approved Standard Claim
CLAIM-82499,Dealership-D037,Inverter ECU,400.5,4.0,2,32,0,1,Approved Standard Claim
CLAIM-82500,Dealership-D007,Inverter ECU,2056.14,25.8,7,29,1,1,Approved Standard Claim
CLAIM-82501,Dealership-D043,Brake Caliper Kit,839.35,6.0,2,36,0,1,Approved Standard Claim
CLAIM-82502,Dealership-D022,Infotainment Head Unit,3231.76,31.7,4,29,0,1,Approved Standard Claim
CLAIM-82503,Dealership-D043,Turbocharger Assembly,1015.04,9.2,3,24,0,1,Approved Standard Claim
CLAIM-82504,Dealership-D007,Battery Module,1623.69,13.3,2,17,0,1,Approved Standard Claim
CLAIM-82505,Dealership-D002,Infotainment Head Unit,2388.98,22.8,2,40,0,1,Approved Standard Claim
CLAIM-82506,Dealership-D042,Transmission Valve Body,501.35,5.2,2,43,0,1,Approved Standard Claim
CLAIM-82507,Dealership-D031,Transmission Valve Body,704.75,6.0,1,26,0,1,Approved Standard Claim
CLAIM-82508,Dealership-D003,Transmission Valve Body,1662.7,15.6,3,31,0,1,Approved Standard Claim
CLAIM-82509,Dealership-D011,Battery Module,1683.14,12.1,5,26,0,1,Approved Standard Claim
CLAIM-82510,Dealership-D030,Inverter ECU,574.29,5.3,2,29,0,1,Approved Standard Claim
CLAIM-82511,Dealership-D041,Battery Module,1238.02,10.7,2,13,0,1,Approved Standard Claim
CLAIM-82512,Dealership-D043,Turbocharger Assembly,596.71,4.7,7,21,0,1,Approved Standard Claim
CLAIM-82513,Dealership-D010,Brake Caliper Kit,3003.06,29.8,4,25,0,1,Approved Standard Claim
CLAIM-82514,Dealership-D037,Battery Module,1136.19,11.7,3,47,0,1,Approved Standard Claim
CLAIM-82515,Dealership-D026,Transmission Valve Body,1307.44,11.6,4,38,0,1,Approved Standard Claim
CLAIM-82516,Dealership-D041,Turbocharger Assembly,685.0,6.0,2,32,0,1,Approved Standard Claim
CLAIM-82517,Dealership-D013,Battery Module,639.28,4.9,2,38,0,1,Approved Standard Claim
CLAIM-82518,Dealership-D037,Turbocharger Assembly,1409.74,10.6,5,11,0,1,Approved Standard Claim
CLAIM-82519,Dealership-D014,Turbocharger Assembly,892.91,9.5,2,12,0,1,Approved Standard Claim
CLAIM-82520,Dealership-D031,Battery Module,813.61,6.9,5,19,0,1,Approved Standard Claim
CLAIM-82521,Dealership-D028,Inverter ECU,1028.17,7.6,4,36,0,1,Approved Standard Claim
CLAIM-82522,Dealership-D036,Battery Module,574.0,5.4,3,21,0,1,Approved Standard Claim
CLAIM-82523,Dealership-D013,Infotainment Head Unit,1079.07,8.1,1,25,0,1,Approved Standard Claim
CLAIM-82524,Dealership-D032,Brake Caliper Kit,730.07,6.5,4,26,0,1,Approved Standard Claim
CLAIM-82525,Dealership-D014,Turbocharger Assembly,2137.05,19.7,3,36,0,1,Approved Standard Claim
CLAIM-82526,Dealership-D031,Battery Module,1417.6,11.8,5,40,0,1,Approved Standard Claim
CLAIM-82527,Dealership-D031,Brake Caliper Kit,628.94,4.7,5,14,0,1,Approved Standard Claim
CLAIM-82528,Dealership-D006,Battery Module,2275.04,18.6,2,35,0,1,Approved Standard Claim
CLAIM-82529,Dealership-D007,Turbocharger Assembly,479.65,4.3,2,31,0,1,Approved Standard Claim
CLAIM-82530,Dealership-D043,Inverter ECU,2740.06,25.6,4,16,0,1,Approved Standard Claim
CLAIM-82531,Dealership-D035,Transmission Valve Body,1119.81,12.2,2,37,0,1,Approved Standard Claim
CLAIM-82532,Dealership-D017,Transmission Valve Body,463.25,4.7,3,39,0,1,Approved Standard Claim
CLAIM-82533,Dealership-D008,Inverter ECU,2836.58,21.3,2,9,0,1,Approved Standard Claim
CLAIM-82534,Dealership-D032,Inverter ECU,818.39,6.9,4,40,0,1,Approved Standard Claim
CLAIM-82535,Dealership-D004,Transmission Valve Body,1917.61,13.9,5,22,0,1,Approved Standard Claim
CLAIM-82536,Dealership-D035,Turbocharger Assembly,935.1,6.8,1,27,0,1,Approved Standard Claim
CLAIM-82537,Dealership-D024,Transmission Valve Body,3076.69,23.6,6,33,0,1,Approved Standard Claim
CLAIM-82538,Dealership-D043,Inverter ECU,791.72,6.4,1,41,0,1,Approved Standard Claim
CLAIM-82539,Dealership-D014,Inverter ECU,2107.57,15.9,3,28,0,1,Approved Standard Claim
CLAIM-82540,Dealership-D040,Brake Caliper Kit,1210.11,10.2,5,20,0,1,Approved Standard Claim
CLAIM-82541,Dealership-D012,Transmission Valve Body,803.6,7.4,4,13,0,1,Approved Standard Claim
CLAIM-82542,Dealership-D013,Battery Module,907.01,7.4,3,29,0,1,Approved Standard Claim
CLAIM-82543,Dealership-D017,Turbocharger Assembly,855.45,6.7,2,46,0,1,Approved Standard Claim
CLAIM-82544,Dealership-D035,Turbocharger Assembly,433.57,3.2,5,18,0,1,Approved Standard Claim
CLAIM-82545,Dealership-D038,Infotainment Head Unit,595.03,5.3,4,42,0,1,Approved Standard Claim
CLAIM-82546,Dealership-D001,Inverter ECU,1341.95,12.6,2,31,0,1,Approved Standard Claim
CLAIM-82547,Dealership-D022,Battery Module,907.88,6.9,2,20,0,1,Approved Standard Claim
CLAIM-82548,Dealership-D039,Brake Caliper Kit,1204.38,13.4,2,45,0,1,Approved Standard Claim
CLAIM-82549,Dealership-D015,Battery Module,3145.54,23.4,2,30,0,1,Approved Standard Claim
CLAIM-82550,Dealership-D012,Infotainment Head Unit,1392.13,14.8,3,8,0,1,Approved Standard Claim
CLAIM-82551,Dealership-D005,Transmission Valve Body,2796.02,20.8,3,37,0,1,Approved Standard Claim
CLAIM-82552,Dealership-D036,Brake Caliper Kit,708.08,6.1,4,25,0,1,Approved Standard Claim
CLAIM-82553,Dealership-D001,Brake Caliper Kit,1008.09,7.7,7,32,0,1,Approved Standard Claim
CLAIM-82554,Dealership-D031,Brake Caliper Kit,3202.83,29.4,3,19,0,1,Approved Standard Claim
CLAIM-82555,Dealership-D031,Inverter ECU,401.11,3.7,4,47,0,1,Approved Standard Claim
CLAIM-82556,Dealership-D019,Brake Caliper Kit,2808.57,20.5,9,43,1,-1,High-Risk (Flagged for Audit)
CLAIM-82557,Dealership-D001,Transmission Valve Body,1337.37,9.6,1,33,0,1,Approved Standard Claim
CLAIM-82558,Dealership-D002,Brake Caliper Kit,459.69,4.4,2,40,0,1,Approved Standard Claim
CLAIM-82559,Dealership-D033,Battery Module,1156.03,10.0,2,47,0,1,Approved Standard Claim
CLAIM-82560,Dealership-D019,Transmission Valve Body,2962.83,18.2,6,40,1,1,Approved Standard Claim
CLAIM-82561,Dealership-D032,Inverter ECU,1650.64,12.5,4,20,0,1,Approved Standard Claim
CLAIM-82562,Dealership-D017,Battery Module,6233.17,58.3,3,41,0,-1,High-Risk (Flagged for Audit)
CLAIM-82563,Dealership-D006,Turbocharger Assembly,1174.59,9.2,3,37,0,1,Approved Standard Claim
CLAIM-82564,Dealership-D023,Battery Module,1994.43,16.1,5,6,0,1,Approved Standard Claim
CLAIM-82565,Dealership-D006,Transmission Valve Body,1898.45,17.3,3,19,0,1,Approved Standard Claim
CLAIM-82566,Dealership-D038,Brake Caliper Kit,4461.98,39.0,5,29,0,-1,High-Risk (Flagged for Audit)
CLAIM-82567,Dealership-D024,Turbocharger Assembly,728.77,7.1,2,17,0,1,Approved Standard Claim
CLAIM-82568,Dealership-D019,Transmission Valve Body,542.29,5.9,2,23,0,1,Approved Standard Claim
CLAIM-82569,Dealership-D007,Transmission Valve Body,990.15,7.6,2,32,0,1,Approved Standard Claim
CLAIM-82570,Dealership-D028,Inverter ECU,850.22,7.7,1,29,0,1,Approved Standard Claim
CLAIM-82571,Dealership-D013,Brake Caliper Kit,3407.64,28.4,6,9,0,1,Approved Standard Claim
CLAIM-82572,Dealership-D038,Turbocharger Assembly,941.88,7.5,3,43,0,1,Approved Standard Claim
CLAIM-82573,Dealership-D020,Brake Caliper Kit,2900.98,30.7,2,45,0,1,Approved Standard Claim
CLAIM-82574,Dealership-D004,Infotainment Head Unit,10058.04,111.2,6,24,0,-1,High-Risk (Flagged for Audit)
CLAIM-82575,Dealership-D029,Transmission Valve Body,3335.8,24.1,4,16,0,1,Approved Standard Claim
CLAIM-82576,Dealership-D028,Transmission Valve Body,1496.16,11.0,8,32,0,-1,High-Risk (Flagged for Audit)
CLAIM-82577,Dealership-D040,Inverter ECU,540.03,5.6,3,17,0,1,Approved Standard Claim
CLAIM-82578,Dealership-D003,Inverter ECU,798.23,6.6,5,44,0,1,Approved Standard Claim
CLAIM-82579,Dealership-D025,Brake Caliper Kit,1269.12,9.6,5,32,0,1,Approved Standard Claim
CLAIM-82580,Dealership-D014,Infotainment Head Unit,2098.3,16.2,2,22,0,1,Approved Standard Claim
CLAIM-82581,Dealership-D008,Turbocharger Assembly,3782.01,39.5,1,8,0,-1,High-Risk (Flagged for Audit)
CLAIM-82582,Dealership-D020,Battery Module,3057.61,26.0,3,28,0,1,Approved Standard Claim
CLAIM-82583,Dealership-D044,Battery Module,660.25,6.5,1,21,0,1,Approved Standard Claim
CLAIM-82584,Dealership-D021,Inverter ECU,1522.26,15.5,3,9,0,1,Approved Standard Claim
CLAIM-82585,Dealership-D033,Inverter ECU,1968.35,19.7,3,24,0,1,Approved Standard Claim
CLAIM-82586,Dealership-D003,Brake Caliper Kit,746.1,6.6,3,25,0,1,Approved Standard Claim
CLAIM-82587,Dealership-D008,Turbocharger Assembly,914.57,9.6,4,17,0,1,Approved Standard Claim
CLAIM-82588,Dealership-D042,Transmission Valve Body,1250.96,13.5,2,12,0,1,Approved Standard Claim
CLAIM-82589,Dealership-D033,Infotainment Head Unit,1974.68,16.4,3,38,0,1,Approved Standard Claim
CLAIM-82590,Dealership-D034,Infotainment Head Unit,3147.36,23.8,9,24,1,-1,High-Risk (Flagged for Audit)
CLAIM-82591,Dealership-D028,Battery Module,1113.65,9.0,6,29,0,1,Approved Standard Claim
CLAIM-82592,Dealership-D044,Battery Module,1124.32,11.2,3,29,0,1,Approved Standard Claim
CLAIM-82593,Dealership-D015,Infotainment Head Unit,1449.14,11.8,2,40,0,1,Approved Standard Claim
CLAIM-82594,Dealership-D027,Turbocharger Assembly,1448.55,11.4,4,47,0,1,Approved Standard Claim
CLAIM-82595,Dealership-D010,Battery Module,1140.15,11.9,2,41,0,1,Approved Standard Claim
CLAIM-82596,Dealership-D019,Inverter ECU,2521.84,29.4,6,32,1,1,Approved Standard Claim
CLAIM-82597,Dealership-D029,Infotainment Head Unit,5165.99,52.0,3,27,0,-1,High-Risk (Flagged for Audit)
CLAIM-82598,Dealership-D015,Infotainment Head Unit,873.32,7.7,2,31,0,1,Approved Standard Claim
CLAIM-82599,Dealership-D005,Brake Caliper Kit,1375.44,14.5,5,45,0,1,Approved Standard Claim
CLAIM-82600,Dealership-D033,Transmission Valve Body,1184.7,8.7,1,45,0,1,Approved Standard Claim
CLAIM-82601,Dealership-D027,Turbocharger Assembly,750.1,6.4,5,24,0,1,Approved Standard Claim
CLAIM-82602,Dealership-D033,Infotainment Head Unit,3229.46,29.7,3,18,0,1,Approved Standard Claim
CLAIM-82603,Dealership-D001,Inverter ECU,4431.22,47.9,4,37,0,-1,High-Risk (Flagged for Audit)
CLAIM-82604,Dealership-D018,Brake Caliper Kit,1545.05,14.3,6,15,0,1,Approved Standard Claim
CLAIM-82605,Dealership-D023,Brake Caliper Kit,529.59,5.7,2,18,0,1,Approved Standard Claim
CLAIM-82606,Dealership-D010,Infotainment Head Unit,3349.52,26.7,4,42,0,1,Approved Standard Claim
CLAIM-82607,Dealership-D005,Turbocharger Assembly,6185.66,47.7,4,44,0,-1,High-Risk (Flagged for Audit)
CLAIM-82608,Dealership-D021,Inverter ECU,953.87,8.1,4,21,0,1,Approved Standard Claim
CLAIM-82609,Dealership-D012,Infotainment Head Unit,3793.85,28.2,1,7,0,-1,High-Risk (Flagged for Audit)
CLAIM-82610,Dealership-D026,Infotainment Head Unit,746.2,6.6,4,44,0,1,Approved Standard Claim
CLAIM-82611,Dealership-D010,Inverter ECU,2132.34,18.9,3,34,0,1,Approved Standard Claim
CLAIM-82612,Dealership-D021,Battery Module,922.23,8.9,5,15,0,1,Approved Standard Claim
CLAIM-82613,Dealership-D026,Transmission Valve Body,5697.43,49.0,3,27,0,-1,High-Risk (Flagged for Audit)
CLAIM-82614,Dealership-D032,Infotainment Head Unit,421.4,4.4,2,34,0,1,Approved Standard Claim
CLAIM-82615,Dealership-D010,Battery Module,2607.33,20.1,2,33,0,1,Approved Standard Claim
CLAIM-82616,Dealership-D036,Transmission Valve Body,536.09,4.9,4,9,0,1,Approved Standard Claim
CLAIM-82617,Dealership-D017,Brake Caliper Kit,465.29,4.6,4,10,0,1,Approved Standard Claim
CLAIM-82618,Dealership-D022,Transmission Valve Body,1684.95,12.9,2,32,0,1,Approved Standard Claim
CLAIM-82619,Dealership-D037,Brake Caliper Kit,4537.15,37.6,6,28,0,-1,High-Risk (Flagged for Audit)
CLAIM-82620,Dealership-D041,Brake Caliper Kit,833.46,7.2,1,18,0,1,Approved Standard Claim
CLAIM-82621,Dealership-D012,Battery Module,1221.28,9.9,1,24,0,1,Approved Standard Claim
CLAIM-82622,Dealership-D018,Infotainment Head Unit,1110.51,8.0,3,44,0,1,Approved Standard Claim
CLAIM-82623,Dealership-D020,Battery Module,4780.38,47.2,3,28,0,1,Approved Standard Claim
CLAIM-82624,Dealership-D032,Battery Module,1723.94,14.8,2,11,0,1,Approved Standard Claim
CLAIM-82625,Dealership-D031,Transmission Valve Body,405.35,2.9,5,22,0,1,Approved Standard Claim
CLAIM-82626,Dealership-D001,Infotainment Head Unit,722.75,5.8,4,28,0,1,Approved Standard Claim
CLAIM-82627,Dealership-D025,Infotainment Head Unit,2319.95,20.5,2,11,0,1,Approved Standard Claim
CLAIM-82628,Dealership-D033,Infotainment Head Unit,1355.9,12.2,1,8,0,1,Approved Standard Claim
CLAIM-82629,Dealership-D017,Battery Module,1319.87,11.6,2,29,0,1,Approved Standard Claim
CLAIM-82630,Dealership-D038,Battery Module,1656.49,13.8,3,18,0,1,Approved Standard Claim
CLAIM-82631,Dealership-D009,Infotainment Head Unit,5347.35,59.0,1,42,0,-1,High-Risk (Flagged for Audit)
CLAIM-82632,Dealership-D020,Turbocharger Assembly,2847.73,28.6,5,40,0,1,Approved Standard Claim
CLAIM-82633,Dealership-D042,Infotainment Head Unit,1824.13,17.5,5,7,0,1,Approved Standard Claim
CLAIM-82634,Dealership-D008,Battery Module,1700.5,13.6,2,8,0,1,Approved Standard Claim
CLAIM-82635,Dealership-D032,Infotainment Head Unit,1127.93,11.5,4,17,0,1,Approved Standard Claim
CLAIM-82636,Dealership-D002,Battery Module,2757.64,29.9,3,36,0,1,Approved Standard Claim
CLAIM-82637,Dealership-D019,Transmission Valve Body,1349.82,12.1,2,27,0,1,Approved Standard Claim
CLAIM-82638,Dealership-D020,Turbocharger Assembly,3854.3,38.0,2,7,0,-1,High-Risk (Flagged for Audit)
CLAIM-82639,Dealership-D011,Brake Caliper Kit,657.99,5.6,2,23,0,1,Approved Standard Claim
CLAIM-82640,Dealership-D043,Turbocharger Assembly,2902.06,21.0,6,17,0,1,Approved Standard Claim
CLAIM-82641,Dealership-D016,Battery Module,1232.2,10.7,6,33,0,1,Approved Standard Claim
CLAIM-82642,Dealership-D026,Turbocharger Assembly,1011.22,10.1,2,24,0,1,Approved Standard Claim
CLAIM-82643,Dealership-D017,Battery Module,1417.12,11.6,5,24,0,1,Approved Standard Claim
CLAIM-82644,Dealership-D044,Battery Module,411.08,4.2,4,8,0,1,Approved Standard Claim
CLAIM-82645,Dealership-D028,Turbocharger Assembly,3931.94,37.1,2,29,0,1,Approved Standard Claim
CLAIM-82646,Dealership-D016,Battery Module,638.91,6.0,1,17,0,1,Approved Standard Claim
CLAIM-82647,Dealership-D041,Infotainment Head Unit,1819.58,17.0,3,44,0,1,Approved Standard Claim
CLAIM-82648,Dealership-D035,Turbocharger Assembly,1256.96,13.9,3,23,0,1,Approved Standard Claim
CLAIM-82649,Dealership-D016,Brake Caliper Kit,908.64,6.7,8,20,0,-1,High-Risk (Flagged for Audit)
CLAIM-82650,Dealership-D013,Inverter ECU,519.85,4.6,3,15,0,1,Approved Standard Claim
CLAIM-82651,Dealership-D028,Turbocharger Assembly,1918.91,17.0,5,40,0,1,Approved Standard Claim
CLAIM-82652,Dealership-D040,Infotainment Head Unit,862.71,8.0,3,6,0,1,Approved Standard Claim
CLAIM-82653,Dealership-D014,Battery Module,3155.48,23.5,2,9,0,1,Approved Standard Claim
CLAIM-82654,Dealership-D016,Battery Module,1258.33,11.1,3,40,0,1,Approved Standard Claim
CLAIM-82655,Dealership-D015,Transmission Valve Body,1134.84,9.4,3,15,0,1,Approved Standard Claim
CLAIM-82656,Dealership-D015,Infotainment Head Unit,2869.03,21.5,4,47,0,1,Approved Standard Claim
CLAIM-82657,Dealership-D001,Battery Module,2814.17,25.7,1,23,0,1,Approved Standard Claim
CLAIM-82658,Dealership-D014,Turbocharger Assembly,1902.08,14.9,7,18,0,1,Approved Standard Claim
CLAIM-82659,Dealership-D042,Inverter ECU,648.43,6.6,5,27,0,1,Approved Standard Claim
CLAIM-82660,Dealership-D026,Inverter ECU,722.51,6.1,2,31,0,1,Approved Standard Claim
CLAIM-82661,Dealership-D020,Brake Caliper Kit,7050.92,51.7,3,15,0,-1,High-Risk (Flagged for Audit)
CLAIM-82662,Dealership-D032,Brake Caliper Kit,2577.6,25.8,1,15,0,1,Approved Standard Claim
CLAIM-82663,Dealership-D014,Infotainment Head Unit,1414.93,12.5,3,18,0,1,Approved Standard Claim
CLAIM-82664,Dealership-D022,Turbocharger Assembly,3621.17,31.1,7,22,0,-1,High-Risk (Flagged for Audit)
CLAIM-82665,Dealership-D042,Turbocharger Assembly,2784.5,24.3,3,30,0,1,Approved Standard Claim
CLAIM-82666,Dealership-D042,Transmission Valve Body,2173.75,19.7,2,20,0,1,Approved Standard Claim
CLAIM-82667,Dealership-D031,Inverter ECU,6105.91,44.4,3,26,0,-1,High-Risk (Flagged for Audit)
CLAIM-82668,Dealership-D020,Turbocharger Assembly,5444.57,46.8,3,37,0,-1,High-Risk (Flagged for Audit)
CLAIM-82669,Dealership-D015,Inverter ECU,4561.94,33.8,6,36,0,-1,High-Risk (Flagged for Audit)
CLAIM-82670,Dealership-D003,Infotainment Head Unit,754.76,6.8,3,17,0,1,Approved Standard Claim
CLAIM-82671,Dealership-D012,Brake Caliper Kit,592.88,4.3,5,35,0,1,Approved Standard Claim
CLAIM-82672,Dealership-D020,Infotainment Head Unit,600.83,5.7,2,26,0,1,Approved Standard Claim
CLAIM-82673,Dealership-D031,Infotainment Head Unit,3718.29,38.8,6,18,0,-1,High-Risk (Flagged for Audit)
CLAIM-82674,Dealership-D008,Transmission Valve Body,1656.7,13.4,3,45,0,1,Approved Standard Claim
CLAIM-82675,Dealership-D009,Inverter ECU,1747.17,15.4,4,34,0,1,Approved Standard Claim
CLAIM-82676,Dealership-D033,Inverter ECU,1054.34,8.7,7,28,0,1,Approved Standard Claim
CLAIM-82677,Dealership-D040,Transmission Valve Body,469.23,4.4,2,22,0,1,Approved Standard Claim
CLAIM-82678,Dealership-D021,Inverter ECU,1707.59,12.4,4,25,0,1,Approved Standard Claim
CLAIM-82679,Dealership-D034,Transmission Valve Body,406.66,3.1,2,23,0,1,Approved Standard Claim
CLAIM-82680,Dealership-D029,Inverter ECU,585.13,6.3,2,32,0,1,Approved Standard Claim
CLAIM-82681,Dealership-D015,Turbocharger Assembly,1900.35,19.7,1,6,0,1,Approved Standard Claim
CLAIM-82682,Dealership-D037,Inverter ECU,2601.89,19.4,3,25,0,1,Approved Standard Claim
CLAIM-82683,Dealership-D016,Battery Module,666.97,6.3,3,44,0,1,Approved Standard Claim
CLAIM-82684,Dealership-D022,Brake Caliper Kit,1160.73,10.9,5,10,0,1,Approved Standard Claim
CLAIM-82685,Dealership-D003,Turbocharger Assembly,1469.36,14.1,2,24,0,1,Approved Standard Claim
CLAIM-82686,Dealership-D021,Inverter ECU,4162.88,34.7,1,45,0,-1,High-Risk (Flagged for Audit)
CLAIM-82687,Dealership-D038,Brake Caliper Kit,2860.25,24.8,3,21,0,1,Approved Standard Claim
CLAIM-82688,Dealership-D039,Inverter ECU,2249.23,17.5,3,22,0,1,Approved Standard Claim
CLAIM-82689,Dealership-D029,Battery Module,849.24,8.4,5,46,0,1,Approved Standard Claim
CLAIM-82690,Dealership-D037,Brake Caliper Kit,2365.96,24.7,1,24,0,1,Approved Standard Claim
CLAIM-82691,Dealership-D025,Battery Module,1043.52,7.8,3,44,0,1,Approved Standard Claim
CLAIM-82692,Dealership-D034,Transmission Valve Body,1085.78,11.4,3,41,0,1,Approved Standard Claim
CLAIM-82693,Dealership-D029,Infotainment Head Unit,1664.87,18.0,1,14,0,1,Approved Standard Claim
CLAIM-82694,Dealership-D032,Turbocharger Assembly,419.72,3.0,2,13,0,1,Approved Standard Claim
CLAIM-82695,Dealership-D034,Turbocharger Assembly,1482.01,10.9,1,35,0,1,Approved Standard Claim
CLAIM-82696,Dealership-D028,Battery Module,2152.94,18.1,5,35,0,1,Approved Standard Claim
CLAIM-82697,Dealership-D034,Turbocharger Assembly,6677.71,41.3,4,45,1,-1,High-Risk (Flagged for Audit)
CLAIM-82698,Dealership-D008,Inverter ECU,2049.58,15.8,2,18,0,1,Approved Standard Claim
CLAIM-82699,Dealership-D005,Turbocharger Assembly,1610.77,11.8,3,12,0,1,Approved Standard Claim
CLAIM-82700,Dealership-D021,Infotainment Head Unit,486.9,4.3,5,15,0,1,Approved Standard Claim
CLAIM-82701,Dealership-D002,Turbocharger Assembly,529.53,4.1,2,26,0,1,Approved Standard Claim
CLAIM-82702,Dealership-D006,Transmission Valve Body,1792.24,14.7,5,6,0,1,Approved Standard Claim
CLAIM-82703,Dealership-D005,Transmission Valve Body,751.47,5.5,3,19,0,1,Approved Standard Claim
CLAIM-82704,Dealership-D041,Battery Module,569.59,4.3,5,13,0,1,Approved Standard Claim
CLAIM-82705,Dealership-D026,Turbocharger Assembly,846.25,8.3,4,28,0,1,Approved Standard Claim
CLAIM-82706,Dealership-D043,Turbocharger Assembly,803.7,6.9,2,29,0,1,Approved Standard Claim
CLAIM-82707,Dealership-D028,Transmission Valve Body,3225.37,34.8,5,43,0,1,Approved Standard Claim
CLAIM-82708,Dealership-D020,Transmission Valve Body,723.2,7.2,3,8,0,1,Approved Standard Claim
CLAIM-82709,Dealership-D041,Inverter ECU,1513.19,11.4,6,44,0,1,Approved Standard Claim
CLAIM-82710,Dealership-D020,Inverter ECU,5628.19,53.0,4,27,0,-1,High-Risk (Flagged for Audit)
CLAIM-82711,Dealership-D041,Turbocharger Assembly,1185.01,12.3,4,29,0,1,Approved Standard Claim
CLAIM-82712,Dealership-D003,Infotainment Head Unit,1180.34,11.8,4,13,0,1,Approved Standard Claim
CLAIM-82713,Dealership-D028,Turbocharger Assembly,2026.96,18.8,1,33,0,1,Approved Standard Claim
CLAIM-82714,Dealership-D012,Brake Caliper Kit,653.95,5.2,3,13,0,1,Approved Standard Claim
CLAIM-82715,Dealership-D021,Inverter ECU,3217.68,30.0,3,47,0,1,Approved Standard Claim
CLAIM-82716,Dealership-D009,Brake Caliper Kit,482.94,4.9,2,12,0,1,Approved Standard Claim
CLAIM-82717,Dealership-D007,Battery Module,985.51,8.4,4,36,0,1,Approved Standard Claim
CLAIM-82718,Dealership-D030,Battery Module,872.0,6.7,4,25,0,1,Approved Standard Claim
CLAIM-82719,Dealership-D023,Infotainment Head Unit,1033.81,8.7,3,17,0,1,Approved Standard Claim
CLAIM-82720,Dealership-D018,Transmission Valve Body,923.44,9.3,1,19,0,1,Approved Standard Claim
CLAIM-82721,Dealership-D010,Inverter ECU,432.01,3.4,5,34,0,1,Approved Standard Claim
CLAIM-82722,Dealership-D001,Brake Caliper Kit,1956.17,14.0,3,12,0,1,Approved Standard Claim
CLAIM-82723,Dealership-D041,Inverter ECU,3722.05,39.2,2,41,0,1,Approved Standard Claim
CLAIM-82724,Dealership-D008,Transmission Valve Body,850.68,6.7,3,41,0,1,Approved Standard Claim
CLAIM-82725,Dealership-D023,Transmission Valve Body,2255.91,18.8,2,11,0,1,Approved Standard Claim
CLAIM-82726,Dealership-D035,Turbocharger Assembly,1870.89,18.8,2,35,0,1,Approved Standard Claim
CLAIM-82727,Dealership-D033,Transmission Valve Body,3273.72,29.7,5,36,0,1,Approved Standard Claim
CLAIM-82728,Dealership-D011,Brake Caliper Kit,1339.25,12.8,1,26,0,1,Approved Standard Claim
CLAIM-82729,Dealership-D036,Battery Module,798.43,7.2,3,24,0,1,Approved Standard Claim
CLAIM-82730,Dealership-D017,Inverter ECU,5020.97,45.6,3,12,0,-1,High-Risk (Flagged for Audit)
CLAIM-82731,Dealership-D025,Brake Caliper Kit,1911.4,16.9,2,28,0,1,Approved Standard Claim
CLAIM-82732,Dealership-D005,Transmission Valve Body,2682.53,26.1,5,46,0,1,Approved Standard Claim
CLAIM-82733,Dealership-D026,Transmission Valve Body,1057.04,9.3,4,24,0,1,Approved Standard Claim
CLAIM-82734,Dealership-D006,Turbocharger Assembly,568.85,4.2,1,27,0,1,Approved Standard Claim
CLAIM-82735,Dealership-D032,Inverter ECU,1519.5,14.7,4,6,0,1,Approved Standard Claim
CLAIM-82736,Dealership-D011,Transmission Valve Body,5060.28,38.2,3,42,0,-1,High-Risk (Flagged for Audit)
CLAIM-82737,Dealership-D017,Battery Module,488.94,4.7,4,44,0,1,Approved Standard Claim
CLAIM-82738,Dealership-D001,Turbocharger Assembly,3309.91,24.2,4,27,0,1,Approved Standard Claim
CLAIM-82739,Dealership-D007,Brake Caliper Kit,11074.04,96.1,6,37,1,-1,High-Risk (Flagged for Audit)
CLAIM-82740,Dealership-D023,Turbocharger Assembly,1468.0,15.1,3,39,0,1,Approved Standard Claim
CLAIM-82741,Dealership-D005,Brake Caliper Kit,1057.17,11.6,4,11,0,1,Approved Standard Claim
CLAIM-82742,Dealership-D025,Inverter ECU,2274.56,25.1,2,14,0,1,Approved Standard Claim
CLAIM-82743,Dealership-D037,Infotainment Head Unit,483.48,4.4,1,8,0,1,Approved Standard Claim
CLAIM-82744,Dealership-D030,Infotainment Head Unit,680.25,5.2,3,9,0,1,Approved Standard Claim
CLAIM-82745,Dealership-D027,Turbocharger Assembly,1067.04,9.9,4,35,0,1,Approved Standard Claim
CLAIM-82746,Dealership-D025,Inverter ECU,702.31,6.3,3,40,0,1,Approved Standard Claim
CLAIM-82747,Dealership-D001,Inverter ECU,2515.61,27.9,2,22,0,1,Approved Standard Claim
CLAIM-82748,Dealership-D026,Infotainment Head Unit,1245.56,9.6,3,27,0,1,Approved Standard Claim
CLAIM-82749,Dealership-D036,Inverter ECU,2992.96,25.8,4,36,0,1,Approved Standard Claim
CLAIM-82750,Dealership-D006,Brake Caliper Kit,932.36,10.3,5,21,0,1,Approved Standard Claim
CLAIM-82751,Dealership-D008,Infotainment Head Unit,1324.15,10.4,5,8,0,1,Approved Standard Claim
CLAIM-82752,Dealership-D003,Battery Module,5301.02,48.2,2,34,0,-1,High-Risk (Flagged for Audit)
CLAIM-82753,Dealership-D008,Battery Module,717.69,5.9,3,23,0,1,Approved Standard Claim
CLAIM-82754,Dealership-D009,Battery Module,400.29,3.2,5,11,0,1,Approved Standard Claim
CLAIM-82755,Dealership-D023,Brake Caliper Kit,781.83,6.3,2,35,0,1,Approved Standard Claim
CLAIM-82756,Dealership-D021,Turbocharger Assembly,727.15,6.5,4,27,0,1,Approved Standard Claim
CLAIM-82757,Dealership-D002,Brake Caliper Kit,1434.6,10.5,2,37,0,1,Approved Standard Claim
CLAIM-82758,Dealership-D035,Infotainment Head Unit,842.69,6.8,4,37,0,1,Approved Standard Claim
CLAIM-82759,Dealership-D025,Transmission Valve Body,486.08,3.7,5,10,0,1,Approved Standard Claim
CLAIM-82760,Dealership-D018,Inverter ECU,653.15,4.7,4,12,0,1,Approved Standard Claim
CLAIM-82761,Dealership-D024,Turbocharger Assembly,1459.35,15.7,5,47,0,1,Approved Standard Claim
CLAIM-82762,Dealership-D044,Infotainment Head Unit,1329.15,10.0,3,37,0,1,Approved Standard Claim
CLAIM-82763,Dealership-D021,Inverter ECU,978.88,9.0,2,21,0,1,Approved Standard Claim
CLAIM-82764,Dealership-D020,Infotainment Head Unit,683.97,6.2,3,35,0,1,Approved Standard Claim
CLAIM-82765,Dealership-D011,Inverter ECU,2715.19,25.9,3,29,0,1,Approved Standard Claim
CLAIM-82766,Dealership-D006,Inverter ECU,2500.58,18.7,3,45,0,1,Approved Standard Claim
CLAIM-82767,Dealership-D011,Turbocharger Assembly,2667.43,22.6,4,41,0,1,Approved Standard Claim
CLAIM-82768,Dealership-D021,Battery Module,1563.02,15.6,3,34,0,1,Approved Standard Claim
CLAIM-82769,Dealership-D031,Brake Caliper Kit,840.17,8.0,6,46,0,1,Approved Standard Claim
CLAIM-82770,Dealership-D039,Brake Caliper Kit,802.03,8.8,3,29,0,1,Approved Standard Claim
CLAIM-82771,Dealership-D025,Inverter ECU,3047.32,26.0,2,34,0,1,Approved Standard Claim
CLAIM-82772,Dealership-D014,Transmission Valve Body,545.02,5.3,4,9,0,1,Approved Standard Claim
CLAIM-82773,Dealership-D039,Infotainment Head Unit,1256.43,11.7,4,6,0,1,Approved Standard Claim
CLAIM-82774,Dealership-D029,Battery Module,1266.05,12.0,3,30,0,1,Approved Standard Claim
CLAIM-82775,Dealership-D042,Infotainment Head Unit,425.03,4.3,2,12,0,1,Approved Standard Claim
CLAIM-82776,Dealership-D039,Turbocharger Assembly,627.66,5.1,2,47,0,1,Approved Standard Claim
CLAIM-82777,Dealership-D036,Inverter ECU,616.27,5.9,2,32,0,1,Approved Standard Claim
CLAIM-82778,Dealership-D031,Turbocharger Assembly,471.33,4.2,2,26,0,1,Approved Standard Claim
CLAIM-82779,Dealership-D027,Battery Module,1269.11,13.5,1,27,0,1,Approved Standard Claim
CLAIM-82780,Dealership-D002,Turbocharger Assembly,1283.06,12.4,6,8,0,1,Approved Standard Claim
CLAIM-82781,Dealership-D037,Brake Caliper Kit,1766.4,14.6,6,13,0,1,Approved Standard Claim
CLAIM-82782,Dealership-D032,Inverter ECU,6261.02,68.9,3,35,0,-1,High-Risk (Flagged for Audit)
CLAIM-82783,Dealership-D040,Infotainment Head Unit,2185.77,15.8,1,22,0,1,Approved Standard Claim
CLAIM-82784,Dealership-D022,Battery Module,4225.57,38.2,3,17,0,1,Approved Standard Claim
CLAIM-82785,Dealership-D031,Infotainment Head Unit,913.74,7.8,1,15,0,1,Approved Standard Claim
CLAIM-82786,Dealership-D017,Infotainment Head Unit,2305.19,17.9,3,25,0,1,Approved Standard Claim
CLAIM-82787,Dealership-D026,Battery Module,932.72,9.8,2,21,0,1,Approved Standard Claim
CLAIM-82788,Dealership-D028,Turbocharger Assembly,438.54,4.3,2,46,0,1,Approved Standard Claim
CLAIM-82789,Dealership-D020,Brake Caliper Kit,481.23,3.6,3,16,0,1,Approved Standard Claim
CLAIM-82790,Dealership-D019,Inverter ECU,1695.99,15.5,7,38,0,1,Approved Standard Claim
CLAIM-82791,Dealership-D008,Transmission Valve Body,482.36,3.7,2,11,0,1,Approved Standard Claim
CLAIM-82792,Dealership-D014,Battery Module,1977.29,19.0,2,43,0,1,Approved Standard Claim
CLAIM-82793,Dealership-D043,Infotainment Head Unit,2131.84,17.3,2,45,0,1,Approved Standard Claim
CLAIM-82794,Dealership-D029,Infotainment Head Unit,490.63,4.2,1,10,0,1,Approved Standard Claim
CLAIM-82795,Dealership-D006,Infotainment Head Unit,1486.18,13.5,2,18,0,1,Approved Standard Claim
CLAIM-82796,Dealership-D021,Inverter ECU,1865.17,17.2,4,40,0,1,Approved Standard Claim
CLAIM-82797,Dealership-D029,Brake Caliper Kit,1333.58,9.6,2,7,0,1,Approved Standard Claim
CLAIM-82798,Dealership-D011,Inverter ECU,4868.88,36.2,2,36,0,1,Approved Standard Claim
CLAIM-82799,Dealership-D010,Battery Module,3082.76,25.1,2,38,0,1,Approved Standard Claim
CLAIM-82800,Dealership-D012,Turbocharger Assembly,410.05,3.8,2,9,0,1,Approved Standard Claim
CLAIM-82801,Dealership-D014,Inverter ECU,1338.89,10.2,5,7,0,1,Approved Standard Claim
CLAIM-82802,Dealership-D005,Turbocharger Assembly,2047.8,15.0,4,40,0,1,Approved Standard Claim
CLAIM-82803,Dealership-D010,Inverter ECU,642.8,5.8,3,14,0,1,Approved Standard Claim
CLAIM-82804,Dealership-D040,Infotainment Head Unit,760.08,8.1,2,27,0,1,Approved Standard Claim
CLAIM-82805,Dealership-D025,Inverter ECU,4690.07,50.0,3,32,0,-1,High-Risk (Flagged for Audit)
CLAIM-82806,Dealership-D025,Transmission Valve Body,859.42,6.8,3,39,0,1,Approved Standard Claim
CLAIM-82807,Dealership-D025,Brake Caliper Kit,497.59,3.9,1,12,0,1,Approved Standard Claim
CLAIM-82808,Dealership-D029,Inverter ECU,2261.18,17.9,2,46,0,1,Approved Standard Claim
CLAIM-82809,Dealership-D035,Inverter ECU,1637.86,17.0,2,27,0,1,Approved Standard Claim
CLAIM-82810,Dealership-D013,Brake Caliper Kit,2854.21,25.8,2,7,0,1,Approved Standard Claim
CLAIM-82811,Dealership-D011,Battery Module,603.88,4.3,4,22,0,1,Approved Standard Claim
CLAIM-82812,Dealership-D004,Infotainment Head Unit,787.25,6.1,2,43,0,1,Approved Standard Claim
CLAIM-82813,Dealership-D028,Transmission Valve Body,1159.08,11.3,1,32,0,1,Approved Standard Claim
CLAIM-82814,Dealership-D044,Transmission Valve Body,1095.3,8.2,2,34,0,1,Approved Standard Claim
CLAIM-82815,Dealership-D001,Turbocharger Assembly,558.62,4.3,4,20,0,1,Approved Standard Claim
CLAIM-82816,Dealership-D012,Battery Module,2566.45,22.6,5,46,0,1,Approved Standard Claim
CLAIM-82817,Dealership-D029,Transmission Valve Body,1375.25,13.4,6,35,0,1,Approved Standard Claim
CLAIM-82818,Dealership-D005,Inverter ECU,559.56,5.5,2,30,0,1,Approved Standard Claim
CLAIM-82819,Dealership-D033,Brake Caliper Kit,581.59,6.2,2,31,0,1,Approved Standard Claim
CLAIM-82820,Dealership-D011,Inverter ECU,808.89,6.2,4,14,0,1,Approved Standard Claim
CLAIM-82821,Dealership-D027,Turbocharger Assembly,3104.75,28.0,1,17,0,1,Approved Standard Claim
CLAIM-82822,Dealership-D016,Battery Module,444.9,4.0,2,45,0,1,Approved Standard Claim
CLAIM-82823,Dealership-D039,Inverter ECU,6142.52,49.6,7,44,0,-1,High-Risk (Flagged for Audit)
CLAIM-82824,Dealership-D011,Turbocharger Assembly,2353.81,22.7,2,40,0,1,Approved Standard Claim
CLAIM-82825,Dealership-D010,Battery Module,1740.35,14.8,1,45,0,1,Approved Standard Claim
CLAIM-82826,Dealership-D037,Turbocharger Assembly,488.15,4.3,3,30,0,1,Approved Standard Claim
CLAIM-82827,Dealership-D020,Transmission Valve Body,1440.44,11.2,3,44,0,1,Approved Standard Claim
CLAIM-82828,Dealership-D014,Infotainment Head Unit,943.91,9.8,2,40,0,1,Approved Standard Claim
CLAIM-82829,Dealership-D020,Transmission Valve Body,751.65,7.8,1,39,0,1,Approved Standard Claim
CLAIM-82830,Dealership-D020,Inverter ECU,2677.99,23.3,2,28,0,1,Approved Standard Claim
CLAIM-82831,Dealership-D005,Infotainment Head Unit,677.29,6.0,5,7,0,1,Approved Standard Claim
CLAIM-82832,Dealership-D012,Transmission Valve Body,2627.87,20.3,1,16,0,1,Approved Standard Claim
CLAIM-82833,Dealership-D010,Turbocharger Assembly,3285.98,24.3,4,26,0,1,Approved Standard Claim
CLAIM-82834,Dealership-D014,Infotainment Head Unit,865.52,8.9,3,30,0,1,Approved Standard Claim
CLAIM-82835,Dealership-D023,Infotainment Head Unit,1191.94,12.7,6,36,0,1,Approved Standard Claim
CLAIM-82836,Dealership-D014,Infotainment Head Unit,732.42,6.4,3,28,0,1,Approved Standard Claim
CLAIM-82837,Dealership-D042,Inverter ECU,2091.91,15.9,3,6,0,1,Approved Standard Claim
CLAIM-82838,Dealership-D016,Battery Module,3098.84,32.0,4,41,0,1,Approved Standard Claim
CLAIM-82839,Dealership-D008,Brake Caliper Kit,4264.26,33.0,2,22,0,1,Approved Standard Claim
CLAIM-82840,Dealership-D014,Turbocharger Assembly,1116.57,8.2,5,28,0,1,Approved Standard Claim
CLAIM-82841,Dealership-D041,Battery Module,2073.2,20.3,4,23,0,1,Approved Standard Claim
CLAIM-82842,Dealership-D039,Brake Caliper Kit,3719.59,33.1,3,17,0,1,Approved Standard Claim
CLAIM-82843,Dealership-D037,Brake Caliper Kit,454.71,3.8,4,31,0,1,Approved Standard Claim
CLAIM-82844,Dealership-D038,Transmission Valve Body,2362.29,25.2,3,45,0,1,Approved Standard Claim
CLAIM-82845,Dealership-D043,Infotainment Head Unit,1022.57,8.0,1,40,0,1,Approved Standard Claim
CLAIM-82846,Dealership-D029,Brake Caliper Kit,616.72,4.9,5,14,0,1,Approved Standard Claim
CLAIM-82847,Dealership-D034,Infotainment Head Unit,1412.42,14.8,3,13,0,1,Approved Standard Claim
CLAIM-82848,Dealership-D029,Brake Caliper Kit,728.84,6.0,3,30,0,1,Approved Standard Claim
CLAIM-82849,Dealership-D036,Brake Caliper Kit,1608.22,11.7,2,36,0,1,Approved Standard Claim
CLAIM-82850,Dealership-D018,Turbocharger Assembly,411.02,4.0,3,13,0,1,Approved Standard Claim
CLAIM-82851,Dealership-D019,Transmission Valve Body,1997.2,14.7,2,42,0,1,Approved Standard Claim
CLAIM-82852,Dealership-D015,Brake Caliper Kit,1073.69,11.8,3,21,0,1,Approved Standard Claim
CLAIM-82853,Dealership-D031,Transmission Valve Body,621.2,6.0,4,6,0,1,Approved Standard Claim
CLAIM-82854,Dealership-D019,Turbocharger Assembly,2097.76,10.2,3,29,1,1,Approved Standard Claim
CLAIM-82855,Dealership-D034,Infotainment Head Unit,2234.42,16.3,3,44,0,1,Approved Standard Claim
CLAIM-82856,Dealership-D012,Inverter ECU,635.07,5.8,2,19,0,1,Approved Standard Claim
CLAIM-82857,Dealership-D027,Infotainment Head Unit,617.71,5.5,7,39,0,1,Approved Standard Claim
CLAIM-82858,Dealership-D028,Turbocharger Assembly,1558.73,14.1,3,10,0,1,Approved Standard Claim
CLAIM-82859,Dealership-D038,Inverter ECU,1224.3,9.6,5,23,0,1,Approved Standard Claim
CLAIM-82860,Dealership-D027,Infotainment Head Unit,1411.5,11.5,1,43,0,1,Approved Standard Claim
CLAIM-82861,Dealership-D013,Brake Caliper Kit,2218.14,20.1,2,27,0,1,Approved Standard Claim
CLAIM-82862,Dealership-D040,Infotainment Head Unit,4196.92,36.6,2,31,0,1,Approved Standard Claim
CLAIM-82863,Dealership-D042,Transmission Valve Body,409.7,3.4,2,24,0,1,Approved Standard Claim
CLAIM-82864,Dealership-D038,Transmission Valve Body,645.25,5.4,4,23,0,1,Approved Standard Claim
CLAIM-82865,Dealership-D040,Brake Caliper Kit,553.3,5.1,2,20,0,1,Approved Standard Claim
CLAIM-82866,Dealership-D044,Battery Module,3617.43,33.6,4,18,0,1,Approved Standard Claim
CLAIM-82867,Dealership-D016,Infotainment Head Unit,1272.28,11.9,3,17,0,1,Approved Standard Claim
CLAIM-82868,Dealership-D011,Battery Module,1806.26,15.9,5,35,0,1,Approved Standard Claim
CLAIM-82869,Dealership-D025,Turbocharger Assembly,1336.95,11.7,5,10,0,1,Approved Standard Claim
CLAIM-82870,Dealership-D012,Battery Module,1013.77,9.3,4,11,0,1,Approved Standard Claim
CLAIM-82871,Dealership-D026,Infotainment Head Unit,478.21,4.3,5,28,0,1,Approved Standard Claim
CLAIM-82872,Dealership-D013,Turbocharger Assembly,533.22,4.6,5,47,0,1,Approved Standard Claim
CLAIM-82873,Dealership-D003,Inverter ECU,439.23,3.2,4,34,0,1,Approved Standard Claim
CLAIM-82874,Dealership-D001,Inverter ECU,1486.43,16.1,4,44,0,1,Approved Standard Claim
CLAIM-82875,Dealership-D031,Brake Caliper Kit,3204.83,28.0,5,6,0,1,Approved Standard Claim
CLAIM-82876,Dealership-D042,Battery Module,1183.53,12.5,1,32,0,1,Approved Standard Claim
CLAIM-82877,Dealership-D002,Brake Caliper Kit,474.66,4.6,3,20,0,1,Approved Standard Claim
CLAIM-82878,Dealership-D016,Transmission Valve Body,863.71,9.0,1,6,0,1,Approved Standard Claim
CLAIM-82879,Dealership-D029,Battery Module,4665.56,44.3,3,22,0,-1,High-Risk (Flagged for Audit)
CLAIM-82880,Dealership-D035,Inverter ECU,481.95,3.5,5,34,0,1,Approved Standard Claim
CLAIM-82881,Dealership-D003,Infotainment Head Unit,2769.71,29.3,3,41,0,1,Approved Standard Claim
CLAIM-82882,Dealership-D031,Infotainment Head Unit,2083.16,18.3,3,42,0,1,Approved Standard Claim
CLAIM-82883,Dealership-D022,Turbocharger Assembly,1982.92,16.7,3,21,0,1,Approved Standard Claim
CLAIM-82884,Dealership-D032,Turbocharger Assembly,470.83,3.4,11,10,0,-1,High-Risk (Flagged for Audit)
CLAIM-82885,Dealership-D037,Inverter ECU,562.45,4.2,3,22,0,1,Approved Standard Claim
CLAIM-82886,Dealership-D018,Turbocharger Assembly,4879.65,47.1,3,46,0,-1,High-Risk (Flagged for Audit)
CLAIM-82887,Dealership-D030,Transmission Valve Body,446.39,4.5,2,17,0,1,Approved Standard Claim
CLAIM-82888,Dealership-D007,Transmission Valve Body,591.76,5.9,1,41,0,1,Approved Standard Claim
CLAIM-82889,Dealership-D044,Battery Module,867.7,8.5,3,12,0,1,Approved Standard Claim
CLAIM-82890,Dealership-D028,Battery Module,974.89,8.2,4,24,0,1,Approved Standard Claim
CLAIM-82891,Dealership-D033,Transmission Valve Body,484.61,4.7,1,45,0,1,Approved Standard Claim
CLAIM-82892,Dealership-D029,Brake Caliper Kit,3055.64,22.1,6,47,0,1,Approved Standard Claim
CLAIM-82893,Dealership-D016,Transmission Valve Body,422.85,3.3,2,9,0,1,Approved Standard Claim
CLAIM-82894,Dealership-D043,Inverter ECU,684.02,6.5,4,18,0,1,Approved Standard Claim
CLAIM-82895,Dealership-D014,Battery Module,952.99,8.2,3,45,0,1,Approved Standard Claim
CLAIM-82896,Dealership-D013,Turbocharger Assembly,1929.31,14.7,2,36,0,1,Approved Standard Claim
CLAIM-82897,Dealership-D022,Infotainment Head Unit,1295.12,9.8,3,6,0,1,Approved Standard Claim
CLAIM-82898,Dealership-D032,Brake Caliper Kit,580.55,5.4,1,17,0,1,Approved Standard Claim
CLAIM-82899,Dealership-D018,Turbocharger Assembly,1603.83,15.7,3,26,0,1,Approved Standard Claim
CLAIM-82900,Dealership-D019,Transmission Valve Body,642.52,4.7,5,25,0,1,Approved Standard Claim
CLAIM-82901,Dealership-D042,Transmission Valve Body,3382.57,32.4,1,32,0,1,Approved Standard Claim
CLAIM-82902,Dealership-D028,Turbocharger Assembly,2158.22,22.4,2,14,0,1,Approved Standard Claim
CLAIM-82903,Dealership-D006,Turbocharger Assembly,2301.82,22.3,4,24,0,1,Approved Standard Claim
CLAIM-82904,Dealership-D022,Transmission Valve Body,1217.11,9.3,2,18,0,1,Approved Standard Claim
CLAIM-82905,Dealership-D009,Transmission Valve Body,1185.34,9.5,4,44,0,1,Approved Standard Claim
CLAIM-82906,Dealership-D016,Turbocharger Assembly,1487.64,12.4,3,19,0,1,Approved Standard Claim
CLAIM-82907,Dealership-D024,Turbocharger Assembly,425.55,3.6,2,18,0,1,Approved Standard Claim
CLAIM-82908,Dealership-D014,Battery Module,402.22,3.8,3,31,0,1,Approved Standard Claim
CLAIM-82909,Dealership-D012,Brake Caliper Kit,2648.85,28.7,1,8,0,1,Approved Standard Claim
CLAIM-82910,Dealership-D019,Infotainment Head Unit,1187.14,14.8,10,37,1,-1,High-Risk (Flagged for Audit)
CLAIM-82911,Dealership-D033,Inverter ECU,520.24,4.1,6,8,0,1,Approved Standard Claim
CLAIM-82912,Dealership-D005,Transmission Valve Body,1366.89,11.1,2,38,0,1,Approved Standard Claim
CLAIM-82913,Dealership-D027,Brake Caliper Kit,1050.26,7.7,3,23,0,1,Approved Standard Claim
CLAIM-82914,Dealership-D021,Infotainment Head Unit,615.32,6.1,5,44,0,1,Approved Standard Claim
CLAIM-82915,Dealership-D022,Transmission Valve Body,1928.68,18.6,1,9,0,1,Approved Standard Claim
CLAIM-82916,Dealership-D026,Turbocharger Assembly,2476.98,21.6,4,42,0,1,Approved Standard Claim
CLAIM-82917,Dealership-D035,Turbocharger Assembly,709.54,6.3,2,45,0,1,Approved Standard Claim
CLAIM-82918,Dealership-D018,Battery Module,590.96,4.8,4,44,0,1,Approved Standard Claim
CLAIM-82919,Dealership-D018,Turbocharger Assembly,918.76,7.1,3,8,0,1,Approved Standard Claim
CLAIM-82920,Dealership-D009,Transmission Valve Body,452.58,4.8,6,20,0,1,Approved Standard Claim
CLAIM-82921,Dealership-D007,Transmission Valve Body,10424.17,68.4,6,12,1,-1,High-Risk (Flagged for Audit)
CLAIM-82922,Dealership-D007,Brake Caliper Kit,2216.39,20.7,6,28,1,1,Approved Standard Claim
CLAIM-82923,Dealership-D015,Battery Module,1424.9,14.9,5,46,0,1,Approved Standard Claim
CLAIM-82924,Dealership-D041,Transmission Valve Body,742.61,5.5,6,45,0,1,Approved Standard Claim
CLAIM-82925,Dealership-D030,Brake Caliper Kit,2214.23,21.7,2,20,0,1,Approved Standard Claim
CLAIM-82926,Dealership-D007,Turbocharger Assembly,1290.72,9.6,6,29,1,1,Approved Standard Claim
CLAIM-82927,Dealership-D020,Brake Caliper Kit,1021.48,8.3,3,45,0,1,Approved Standard Claim
CLAIM-82928,Dealership-D031,Turbocharger Assembly,1183.12,9.9,2,35,0,1,Approved Standard Claim
CLAIM-82929,Dealership-D026,Transmission Valve Body,2505.7,21.9,3,9,0,1,Approved Standard Claim
CLAIM-82930,Dealership-D009,Turbocharger Assembly,449.95,3.4,3,15,0,1,Approved Standard Claim
CLAIM-82931,Dealership-D042,Inverter ECU,402.52,4.1,1,34,0,1,Approved Standard Claim
CLAIM-82932,Dealership-D037,Brake Caliper Kit,1770.55,15.1,1,43,0,1,Approved Standard Claim
CLAIM-82933,Dealership-D043,Inverter ECU,1423.45,14.6,3,40,0,1,Approved Standard Claim
CLAIM-82934,Dealership-D034,Transmission Valve Body,10360.72,61.2,7,15,1,-1,High-Risk (Flagged for Audit)
CLAIM-82935,Dealership-D030,Transmission Valve Body,517.15,4.9,1,23,0,1,Approved Standard Claim
CLAIM-82936,Dealership-D031,Transmission Valve Body,2611.29,24.2,3,17,0,1,Approved Standard Claim
CLAIM-82937,Dealership-D029,Battery Module,1978.39,15.9,4,33,0,1,Approved Standard Claim
CLAIM-82938,Dealership-D010,Transmission Valve Body,854.33,6.1,2,45,0,1,Approved Standard Claim
CLAIM-82939,Dealership-D009,Infotainment Head Unit,1941.88,17.0,2,41,0,1,Approved Standard Claim
CLAIM-82940,Dealership-D040,Battery Module,1384.44,13.2,3,27,0,1,Approved Standard Claim
CLAIM-82941,Dealership-D012,Inverter ECU,2749.31,24.7,2,33,0,1,Approved Standard Claim
CLAIM-82942,Dealership-D012,Infotainment Head Unit,545.86,4.4,2,44,0,1,Approved Standard Claim
CLAIM-82943,Dealership-D041,Transmission Valve Body,2439.85,21.3,3,8,0,1,Approved Standard Claim
CLAIM-82944,Dealership-D021,Infotainment Head Unit,4116.09,30.0,4,28,0,1,Approved Standard Claim
CLAIM-82945,Dealership-D013,Brake Caliper Kit,939.56,7.6,1,34,0,1,Approved Standard Claim
CLAIM-82946,Dealership-D042,Transmission Valve Body,748.53,6.1,1,34,0,1,Approved Standard Claim
CLAIM-82947,Dealership-D028,Turbocharger Assembly,682.1,5.0,1,31,0,1,Approved Standard Claim
CLAIM-82948,Dealership-D025,Brake Caliper Kit,1774.88,15.4,3,35,0,1,Approved Standard Claim
CLAIM-82949,Dealership-D019,Brake Caliper Kit,1523.6,13.8,9,29,1,-1,High-Risk (Flagged for Audit)
CLAIM-82950,Dealership-D017,Infotainment Head Unit,875.41,7.7,3,23,0,1,Approved Standard Claim
CLAIM-82951,Dealership-D007,Battery Module,3913.2,37.1,4,12,0,1,Approved Standard Claim
CLAIM-82952,Dealership-D032,Transmission Valve Body,1740.05,14.4,3,44,0,1,Approved Standard Claim
CLAIM-82953,Dealership-D003,Inverter ECU,3879.27,30.2,3,27,0,1,Approved Standard Claim
CLAIM-82954,Dealership-D019,Infotainment Head Unit,1171.53,11.9,3,25,0,1,Approved Standard Claim
CLAIM-82955,Dealership-D012,Infotainment Head Unit,1881.82,18.4,4,37,0,1,Approved Standard Claim
CLAIM-82956,Dealership-D037,Turbocharger Assembly,2416.44,22.9,1,18,0,1,Approved Standard Claim
CLAIM-82957,Dealership-D042,Battery Module,558.89,5.6,4,31,0,1,Approved Standard Claim
CLAIM-82958,Dealership-D035,Brake Caliper Kit,2802.67,28.3,3,22,0,1,Approved Standard Claim
CLAIM-82959,Dealership-D037,Inverter ECU,709.11,6.4,4,40,0,1,Approved Standard Claim
CLAIM-82960,Dealership-D013,Transmission Valve Body,462.62,3.5,2,26,0,1,Approved Standard Claim
CLAIM-82961,Dealership-D013,Transmission Valve Body,1778.97,16.1,1,44,0,1,Approved Standard Claim
CLAIM-82962,Dealership-D010,Infotainment Head Unit,530.43,4.8,5,35,0,1,Approved Standard Claim
CLAIM-82963,Dealership-D029,Brake Caliper Kit,1789.35,14.7,6,23,0,1,Approved Standard Claim
CLAIM-82964,Dealership-D040,Brake Caliper Kit,4207.51,30.1,3,47,0,1,Approved Standard Claim
CLAIM-82965,Dealership-D018,Transmission Valve Body,691.15,6.4,2,24,0,1,Approved Standard Claim
CLAIM-82966,Dealership-D018,Infotainment Head Unit,1025.89,10.6,4,20,0,1,Approved Standard Claim
CLAIM-82967,Dealership-D008,Inverter ECU,674.66,7.0,4,17,0,1,Approved Standard Claim
CLAIM-82968,Dealership-D035,Turbocharger Assembly,935.22,10.2,2,24,0,1,Approved Standard Claim
CLAIM-82969,Dealership-D026,Brake Caliper Kit,1121.69,8.2,5,38,0,1,Approved Standard Claim
CLAIM-82970,Dealership-D022,Infotainment Head Unit,1098.1,8.0,2,10,0,1,Approved Standard Claim
CLAIM-82971,Dealership-D026,Brake Caliper Kit,1273.05,11.4,3,37,0,1,Approved Standard Claim
CLAIM-82972,Dealership-D003,Battery Module,1696.85,15.3,3,29,0,1,Approved Standard Claim
CLAIM-82973,Dealership-D028,Inverter ECU,608.73,6.0,3,27,0,1,Approved Standard Claim
CLAIM-82974,Dealership-D024,Infotainment Head Unit,1103.09,8.9,5,46,0,1,Approved Standard Claim
CLAIM-82975,Dealership-D020,Infotainment Head Unit,2568.39,21.7,1,45,0,1,Approved Standard Claim
CLAIM-82976,Dealership-D002,Battery Module,559.89,6.1,3,38,0,1,Approved Standard Claim
CLAIM-82977,Dealership-D032,Battery Module,1480.28,11.3,3,34,0,1,Approved Standard Claim
CLAIM-82978,Dealership-D014,Infotainment Head Unit,2184.24,20.4,3,27,0,1,Approved Standard Claim
CLAIM-82979,Dealership-D031,Turbocharger Assembly,442.5,3.9,2,16,0,1,Approved Standard Claim
CLAIM-82980,Dealership-D006,Turbocharger Assembly,694.26,7.6,2,29,0,1,Approved Standard Claim
CLAIM-82981,Dealership-D003,Infotainment Head Unit,547.62,4.6,1,43,0,1,Approved Standard Claim
CLAIM-82982,Dealership-D021,Battery Module,756.36,5.9,3,43,0,1,Approved Standard Claim
CLAIM-82983,Dealership-D041,Inverter ECU,1067.38,8.1,3,13,0,1,Approved Standard Claim
CLAIM-82984,Dealership-D036,Transmission Valve Body,413.37,3.5,1,11,0,1,Approved Standard Claim
CLAIM-82985,Dealership-D036,Battery Module,1298.34,10.3,2,41,0,1,Approved Standard Claim
CLAIM-82986,Dealership-D002,Transmission Valve Body,1112.65,9.2,3,30,0,1,Approved Standard Claim
CLAIM-82987,Dealership-D028,Transmission Valve Body,3784.56,34.6,3,27,0,1,Approved Standard Claim
CLAIM-82988,Dealership-D040,Turbocharger Assembly,1287.71,10.7,8,29,0,1,Approved Standard Claim
CLAIM-82989,Dealership-D007,Turbocharger Assembly,2930.67,26.1,2,9,0,1,Approved Standard Claim
CLAIM-82990,Dealership-D043,Brake Caliper Kit,915.75,7.0,6,32,0,1,Approved Standard Claim
CLAIM-82991,Dealership-D025,Transmission Valve Body,2361.0,23.2,1,14,0,1,Approved Standard Claim
CLAIM-82992,Dealership-D024,Turbocharger Assembly,494.99,4.2,2,16,0,1,Approved Standard Claim
CLAIM-82993,Dealership-D003,Brake Caliper Kit,665.79,5.0,2,18,0,1,Approved Standard Claim
CLAIM-82994,Dealership-D014,Turbocharger Assembly,2915.48,22.8,6,29,0,1,Approved Standard Claim
CLAIM-82995,Dealership-D012,Battery Module,2066.84,16.0,1,7,0,1,Approved Standard Claim
CLAIM-82996,Dealership-D015,Infotainment Head Unit,3845.48,27.7,4,39,0,1,Approved Standard Claim
CLAIM-82997,Dealership-D041,Inverter ECU,1242.1,12.1,6,26,0,1,Approved Standard Claim
CLAIM-82998,Dealership-D007,Infotainment Head Unit,2447.03,19.3,2,30,0,1,Approved Standard Claim
CLAIM-82999,Dealership-D010,Battery Module,1471.35,15.7,4,32,0,1,Approved Standard Claim
