Thermal_Run_ID,Ambient_Temp_C,Refrigerant_Discharge_Bar,Condenser_Subcooling_K,Heating_Coefficient_COP,Cabin_Heat_Range_Penalty_pct,Heat_Pump_State
DENSO-HP-1000,-15.4,12.9,4.9,2.41,19.3,Standard PTC Resistive Assist
DENSO-HP-1001,-17.9,15.7,9.6,3.4,15.3,High-Efficiency Subcooling (COP >2.5)
DENSO-HP-1002,-9.9,20.1,7.2,3.1,15.2,High-Efficiency Subcooling (COP >2.5)
DENSO-HP-1003,-3.9,20.3,3.6,2.32,16.1,Standard PTC Resistive Assist
DENSO-HP-1004,6.2,27.9,7.1,3.61,10.7,High-Efficiency Subcooling (COP >2.5)
DENSO-HP-1005,11.6,28.0,9.9,3.8,8.8,High-Efficiency Subcooling (COP >2.5)
DENSO-HP-1006,15.0,29.7,6.7,3.8,11.2,High-Efficiency Subcooling (COP >2.5)
DENSO-HP-1007,-14.0,15.9,4.2,2.29,17.8,Standard PTC Resistive Assist
DENSO-HP-1008,-1.4,23.1,4.4,2.54,16.9,High-Efficiency Subcooling (COP >2.5)
DENSO-HP-1009,11.1,26.8,7.7,3.8,9.5,High-Efficiency Subcooling (COP >2.5)
DENSO-HP-1010,-3.3,21.1,5.2,2.7,16.2,High-Efficiency Subcooling (COP >2.5)
DENSO-HP-1011,-16.7,16.2,6.1,2.51,16.7,High-Efficiency Subcooling (COP >2.5)
DENSO-HP-1012,-1.9,23.1,6.3,3.21,12.2,High-Efficiency Subcooling (COP >2.5)
DENSO-HP-1013,-7.7,18.3,4.7,2.49,17.7,Standard PTC Resistive Assist
DENSO-HP-1014,11.0,28.8,5.6,3.33,13.8,High-Efficiency Subcooling (COP >2.5)
DENSO-HP-1015,4.5,24.6,9.3,3.8,10.8,High-Efficiency Subcooling (COP >2.5)
DENSO-HP-1016,2.6,23.9,5.3,3.08,13.7,High-Efficiency Subcooling (COP >2.5)
DENSO-HP-1017,14.5,31.3,3.7,3.04,13.9,High-Efficiency Subcooling (COP >2.5)
DENSO-HP-1018,5.1,22.7,5.8,3.25,14.7,High-Efficiency Subcooling (COP >2.5)
DENSO-HP-1019,-12.9,17.3,6.9,2.78,15.9,High-Efficiency Subcooling (COP >2.5)
DENSO-HP-1020,-0.5,22.3,4.6,2.7,13.0,High-Efficiency Subcooling (COP >2.5)
DENSO-HP-1021,4.8,22.8,8.0,3.76,8.1,High-Efficiency Subcooling (COP >2.5)
DENSO-HP-1022,7.4,27.6,4.7,3.02,17.2,High-Efficiency Subcooling (COP >2.5)
DENSO-HP-1023,-11.6,17.9,4.6,2.49,16.8,Standard PTC Resistive Assist
DENSO-HP-1024,10.6,27.6,8.7,3.8,12.7,High-Efficiency Subcooling (COP >2.5)
DENSO-HP-1025,-0.0,22.9,6.7,3.15,16.5,High-Efficiency Subcooling (COP >2.5)
DENSO-HP-1026,10.7,24.3,8.7,3.8,10.8,High-Efficiency Subcooling (COP >2.5)
DENSO-HP-1027,14.6,29.8,5.5,3.35,13.8,High-Efficiency Subcooling (COP >2.5)
DENSO-HP-1028,-5.3,20.6,6.2,2.94,13.6,High-Efficiency Subcooling (COP >2.5)
DENSO-HP-1029,0.7,22.9,9.9,3.8,10.6,High-Efficiency Subcooling (COP >2.5)
DENSO-HP-1030,9.6,28.9,7.9,3.8,10.8,High-Efficiency Subcooling (COP >2.5)
DENSO-HP-1031,-10.4,18.3,4.4,2.13,18.4,Standard PTC Resistive Assist
DENSO-HP-1032,12.9,27.9,4.6,3.11,13.5,High-Efficiency Subcooling (COP >2.5)
DENSO-HP-1033,-12.4,16.8,7.3,3.06,13.7,High-Efficiency Subcooling (COP >2.5)
DENSO-HP-1034,-2.0,22.9,8.2,3.27,11.8,High-Efficiency Subcooling (COP >2.5)
DENSO-HP-1035,0.2,22.0,3.7,2.79,16.3,High-Efficiency Subcooling (COP >2.5)
DENSO-HP-1036,-14.2,14.1,9.3,3.34,12.1,High-Efficiency Subcooling (COP >2.5)
DENSO-HP-1037,12.6,27.3,5.9,3.59,10.0,High-Efficiency Subcooling (COP >2.5)
DENSO-HP-1038,0.6,24.0,7.6,3.56,14.1,High-Efficiency Subcooling (COP >2.5)
DENSO-HP-1039,2.8,23.3,5.1,2.83,14.3,High-Efficiency Subcooling (COP >2.5)
DENSO-HP-1040,4.0,24.2,9.1,3.8,10.2,High-Efficiency Subcooling (COP >2.5)
DENSO-HP-1041,-9.2,18.5,4.5,2.55,18.9,High-Efficiency Subcooling (COP >2.5)
DENSO-HP-1042,13.2,31.1,9.8,3.8,11.9,High-Efficiency Subcooling (COP >2.5)
DENSO-HP-1043,4.9,25.1,5.6,3.25,10.6,High-Efficiency Subcooling (COP >2.5)
DENSO-HP-1044,-11.1,18.0,8.4,3.28,13.4,High-Efficiency Subcooling (COP >2.5)
DENSO-HP-1045,0.3,21.5,4.1,2.49,17.8,Standard PTC Resistive Assist
DENSO-HP-1046,6.1,25.7,6.6,3.56,11.7,High-Efficiency Subcooling (COP >2.5)
DENSO-HP-1047,1.8,23.5,4.5,2.91,14.1,High-Efficiency Subcooling (COP >2.5)
DENSO-HP-1048,-13.7,17.4,5.4,2.42,19.0,Standard PTC Resistive Assist
DENSO-HP-1049,7.0,27.4,9.7,3.8,11.4,High-Efficiency Subcooling (COP >2.5)
DENSO-HP-1050,11.6,29.3,7.4,3.56,10.9,High-Efficiency Subcooling (COP >2.5)
DENSO-HP-1051,11.2,29.1,7.5,3.8,9.7,High-Efficiency Subcooling (COP >2.5)
DENSO-HP-1052,11.8,27.6,5.8,3.46,12.5,High-Efficiency Subcooling (COP >2.5)
DENSO-HP-1053,1.9,23.3,8.0,3.65,9.9,High-Efficiency Subcooling (COP >2.5)
DENSO-HP-1054,-17.4,14.4,9.9,3.63,11.3,High-Efficiency Subcooling (COP >2.5)
DENSO-HP-1055,3.8,23.9,4.5,2.97,15.3,High-Efficiency Subcooling (COP >2.5)
DENSO-HP-1056,-17.1,17.2,4.3,2.22,18.7,Standard PTC Resistive Assist
DENSO-HP-1057,5.8,25.1,8.3,3.73,8.5,High-Efficiency Subcooling (COP >2.5)
DENSO-HP-1058,10.1,28.5,8.7,3.8,8.0,High-Efficiency Subcooling (COP >2.5)
DENSO-HP-1059,9.5,27.8,7.2,3.62,9.5,High-Efficiency Subcooling (COP >2.5)
DENSO-HP-1060,-6.0,18.8,4.7,2.59,17.7,High-Efficiency Subcooling (COP >2.5)
DENSO-HP-1061,-7.2,19.8,5.0,2.67,18.1,High-Efficiency Subcooling (COP >2.5)
DENSO-HP-1062,-9.8,17.0,4.6,2.44,17.7,Standard PTC Resistive Assist
DENSO-HP-1063,-0.8,22.0,3.8,2.69,16.9,High-Efficiency Subcooling (COP >2.5)
DENSO-HP-1064,8.8,26.9,8.1,3.8,8.9,High-Efficiency Subcooling (COP >2.5)
DENSO-HP-1065,0.1,23.0,6.5,3.08,14.9,High-Efficiency Subcooling (COP >2.5)
DENSO-HP-1066,7.3,28.7,4.1,2.93,13.7,High-Efficiency Subcooling (COP >2.5)
DENSO-HP-1067,6.4,25.5,8.7,3.8,10.7,High-Efficiency Subcooling (COP >2.5)
DENSO-HP-1068,7.6,26.3,7.3,3.55,11.9,High-Efficiency Subcooling (COP >2.5)
DENSO-HP-1069,4.3,26.9,4.0,2.71,16.5,High-Efficiency Subcooling (COP >2.5)
DENSO-HP-1070,-1.6,21.9,9.6,3.8,10.1,High-Efficiency Subcooling (COP >2.5)
DENSO-HP-1071,-13.9,16.3,8.5,3.52,11.1,High-Efficiency Subcooling (COP >2.5)
DENSO-HP-1072,10.6,27.2,4.1,2.82,16.4,High-Efficiency Subcooling (COP >2.5)
DENSO-HP-1073,-16.8,14.7,4.9,2.74,17.7,High-Efficiency Subcooling (COP >2.5)
DENSO-HP-1074,-1.5,21.9,8.0,3.43,12.5,High-Efficiency Subcooling (COP >2.5)
DENSO-HP-1075,-10.9,17.7,7.0,3.18,15.2,High-Efficiency Subcooling (COP >2.5)
DENSO-HP-1076,1.9,22.1,9.2,3.8,10.1,High-Efficiency Subcooling (COP >2.5)
DENSO-HP-1077,14.1,29.1,3.6,2.88,16.7,High-Efficiency Subcooling (COP >2.5)
DENSO-HP-1078,8.3,26.0,6.1,3.26,12.8,High-Efficiency Subcooling (COP >2.5)
DENSO-HP-1079,14.1,30.0,7.4,3.8,11.9,High-Efficiency Subcooling (COP >2.5)
DENSO-HP-1080,5.0,27.1,3.8,2.68,15.4,High-Efficiency Subcooling (COP >2.5)
DENSO-HP-1081,-16.6,15.8,5.3,2.58,16.2,High-Efficiency Subcooling (COP >2.5)
DENSO-HP-1082,3.1,24.8,4.0,2.68,18.5,High-Efficiency Subcooling (COP >2.5)
DENSO-HP-1083,6.6,25.4,8.1,3.69,10.0,High-Efficiency Subcooling (COP >2.5)
DENSO-HP-1084,-14.2,13.7,7.8,3.16,12.5,High-Efficiency Subcooling (COP >2.5)
DENSO-HP-1085,1.2,22.8,4.7,2.83,17.0,High-Efficiency Subcooling (COP >2.5)
DENSO-HP-1086,-13.4,17.0,6.6,2.97,16.6,High-Efficiency Subcooling (COP >2.5)
DENSO-HP-1087,-12.5,17.2,8.8,3.59,10.7,High-Efficiency Subcooling (COP >2.5)
DENSO-HP-1088,-13.2,17.8,8.9,3.37,13.1,High-Efficiency Subcooling (COP >2.5)
DENSO-HP-1089,13.0,28.6,7.7,3.8,10.5,High-Efficiency Subcooling (COP >2.5)
DENSO-HP-1090,-8.6,18.5,7.3,3.23,13.4,High-Efficiency Subcooling (COP >2.5)
DENSO-HP-1091,9.8,25.4,6.3,3.68,10.8,High-Efficiency Subcooling (COP >2.5)
DENSO-HP-1092,14.9,29.8,3.5,2.89,14.8,High-Efficiency Subcooling (COP >2.5)
DENSO-HP-1093,-17.7,15.2,8.2,3.14,14.9,High-Efficiency Subcooling (COP >2.5)
DENSO-HP-1094,-1.1,23.9,8.1,3.65,10.8,High-Efficiency Subcooling (COP >2.5)
DENSO-HP-1095,-13.7,17.3,7.3,3.21,11.7,High-Efficiency Subcooling (COP >2.5)
DENSO-HP-1096,13.2,28.5,9.9,3.8,12.1,High-Efficiency Subcooling (COP >2.5)
DENSO-HP-1097,-1.8,21.9,7.0,3.36,11.3,High-Efficiency Subcooling (COP >2.5)
DENSO-HP-1098,-2.9,21.6,6.2,2.88,16.0,High-Efficiency Subcooling (COP >2.5)
DENSO-HP-1099,14.6,30.0,7.8,3.8,8.7,High-Efficiency Subcooling (COP >2.5)
DENSO-HP-1100,-6.7,18.9,4.6,2.54,17.0,High-Efficiency Subcooling (COP >2.5)
DENSO-HP-1101,-4.2,21.5,7.2,3.3,14.4,High-Efficiency Subcooling (COP >2.5)
DENSO-HP-1102,-8.4,19.1,9.7,3.64,11.2,High-Efficiency Subcooling (COP >2.5)
DENSO-HP-1103,6.2,26.1,9.5,3.8,10.3,High-Efficiency Subcooling (COP >2.5)
DENSO-HP-1104,-14.9,15.3,6.9,2.61,16.7,High-Efficiency Subcooling (COP >2.5)
DENSO-HP-1105,8.5,27.4,9.9,3.8,11.6,High-Efficiency Subcooling (COP >2.5)
DENSO-HP-1106,-15.9,14.5,6.5,2.75,17.4,High-Efficiency Subcooling (COP >2.5)
DENSO-HP-1107,4.8,25.6,9.1,3.8,9.9,High-Efficiency Subcooling (COP >2.5)
DENSO-HP-1108,-3.2,21.9,8.4,3.67,11.3,High-Efficiency Subcooling (COP >2.5)
DENSO-HP-1109,-14.1,16.5,6.0,2.68,16.7,High-Efficiency Subcooling (COP >2.5)
DENSO-HP-1110,1.1,21.9,4.7,2.63,15.1,High-Efficiency Subcooling (COP >2.5)
DENSO-HP-1111,-6.0,19.8,5.3,2.87,13.9,High-Efficiency Subcooling (COP >2.5)
DENSO-HP-1112,1.0,23.4,5.4,3.03,12.8,High-Efficiency Subcooling (COP >2.5)
DENSO-HP-1113,9.1,28.2,5.4,3.32,13.8,High-Efficiency Subcooling (COP >2.5)
DENSO-HP-1114,-5.6,20.3,5.4,2.83,16.8,High-Efficiency Subcooling (COP >2.5)
DENSO-HP-1115,-15.2,16.6,6.8,2.59,18.2,High-Efficiency Subcooling (COP >2.5)
DENSO-HP-1116,-0.3,23.0,8.0,3.68,10.5,High-Efficiency Subcooling (COP >2.5)
DENSO-HP-1117,-11.0,17.0,8.2,3.35,13.2,High-Efficiency Subcooling (COP >2.5)
DENSO-HP-1118,-14.8,16.1,7.1,2.82,13.6,High-Efficiency Subcooling (COP >2.5)
DENSO-HP-1119,-15.7,17.0,5.4,2.46,19.7,Standard PTC Resistive Assist
DENSO-HP-1120,-13.0,17.6,5.2,2.55,17.1,High-Efficiency Subcooling (COP >2.5)
DENSO-HP-1121,-9.6,20.8,5.2,2.66,17.7,High-Efficiency Subcooling (COP >2.5)
DENSO-HP-1122,10.2,26.6,9.0,3.8,8.0,High-Efficiency Subcooling (COP >2.5)
DENSO-HP-1123,-15.3,14.9,8.9,3.28,12.5,High-Efficiency Subcooling (COP >2.5)
DENSO-HP-1124,-8.7,17.8,5.7,2.9,15.0,High-Efficiency Subcooling (COP >2.5)
DENSO-HP-1125,1.5,25.9,7.8,3.62,12.7,High-Efficiency Subcooling (COP >2.5)
DENSO-HP-1126,-14.5,16.4,6.0,2.55,15.7,High-Efficiency Subcooling (COP >2.5)
DENSO-HP-1127,-14.8,18.4,8.2,3.03,15.8,High-Efficiency Subcooling (COP >2.5)
DENSO-HP-1128,15.0,27.3,5.9,3.41,14.0,High-Efficiency Subcooling (COP >2.5)
DENSO-HP-1129,7.1,26.5,7.4,3.62,10.8,High-Efficiency Subcooling (COP >2.5)
DENSO-HP-1130,-15.5,14.8,9.1,3.11,14.2,High-Efficiency Subcooling (COP >2.5)
DENSO-HP-1131,10.8,27.4,7.5,3.8,10.9,High-Efficiency Subcooling (COP >2.5)
DENSO-HP-1132,-15.2,17.2,9.9,3.38,12.6,High-Efficiency Subcooling (COP >2.5)
DENSO-HP-1133,-9.4,20.3,9.4,3.6,13.6,High-Efficiency Subcooling (COP >2.5)
DENSO-HP-1134,-9.9,19.0,4.4,2.54,16.1,High-Efficiency Subcooling (COP >2.5)
DENSO-HP-1135,-8.5,20.3,5.2,2.75,16.4,High-Efficiency Subcooling (COP >2.5)
DENSO-HP-1136,-0.9,23.4,9.8,3.8,9.2,High-Efficiency Subcooling (COP >2.5)
DENSO-HP-1137,8.2,25.8,7.0,3.69,10.4,High-Efficiency Subcooling (COP >2.5)
DENSO-HP-1138,-11.8,17.2,10.0,3.69,10.3,High-Efficiency Subcooling (COP >2.5)
DENSO-HP-1139,-10.5,18.6,7.5,3.28,12.6,High-Efficiency Subcooling (COP >2.5)
DENSO-HP-1140,8.0,25.8,5.3,3.06,15.4,High-Efficiency Subcooling (COP >2.5)
DENSO-HP-1141,-5.9,19.1,4.1,2.41,15.7,Standard PTC Resistive Assist
DENSO-HP-1142,10.1,27.9,9.6,3.8,8.9,High-Efficiency Subcooling (COP >2.5)
DENSO-HP-1143,-9.7,19.4,7.2,3.25,15.7,High-Efficiency Subcooling (COP >2.5)
DENSO-HP-1144,13.8,29.3,5.2,3.36,12.6,High-Efficiency Subcooling (COP >2.5)
DENSO-HP-1145,-10.4,17.6,8.9,3.34,12.3,High-Efficiency Subcooling (COP >2.5)
DENSO-HP-1146,13.6,29.8,5.6,3.32,13.1,High-Efficiency Subcooling (COP >2.5)
DENSO-HP-1147,13.5,29.2,6.7,3.59,9.7,High-Efficiency Subcooling (COP >2.5)
DENSO-HP-1148,4.0,25.2,3.5,2.68,15.9,High-Efficiency Subcooling (COP >2.5)
DENSO-HP-1149,-3.1,21.1,3.7,2.45,17.5,Standard PTC Resistive Assist
DENSO-HP-1150,5.1,23.7,6.9,3.41,13.3,High-Efficiency Subcooling (COP >2.5)
DENSO-HP-1151,-12.7,18.5,7.4,3.1,16.8,High-Efficiency Subcooling (COP >2.5)
DENSO-HP-1152,6.3,23.3,5.7,3.16,14.9,High-Efficiency Subcooling (COP >2.5)
DENSO-HP-1153,-7.9,21.7,6.0,2.93,15.6,High-Efficiency Subcooling (COP >2.5)
DENSO-HP-1154,-11.9,17.3,7.0,3.03,13.9,High-Efficiency Subcooling (COP >2.5)
DENSO-HP-1155,6.8,26.7,9.6,3.8,7.3,High-Efficiency Subcooling (COP >2.5)
DENSO-HP-1156,7.8,28.1,4.1,3.2,13.5,High-Efficiency Subcooling (COP >2.5)
DENSO-HP-1157,-4.2,21.7,6.7,2.99,14.1,High-Efficiency Subcooling (COP >2.5)
DENSO-HP-1158,-10.9,17.8,4.8,2.67,17.1,High-Efficiency Subcooling (COP >2.5)
DENSO-HP-1159,4.6,25.8,7.5,3.67,10.5,High-Efficiency Subcooling (COP >2.5)
DENSO-HP-1160,15.0,29.9,6.5,3.7,8.6,High-Efficiency Subcooling (COP >2.5)
DENSO-HP-1161,-7.1,20.8,8.6,3.63,10.6,High-Efficiency Subcooling (COP >2.5)
DENSO-HP-1162,8.6,28.2,7.7,3.72,12.1,High-Efficiency Subcooling (COP >2.5)
DENSO-HP-1163,1.6,23.1,5.0,2.93,16.3,High-Efficiency Subcooling (COP >2.5)
DENSO-HP-1164,5.0,23.5,4.5,3.13,13.7,High-Efficiency Subcooling (COP >2.5)
DENSO-HP-1165,3.7,22.3,9.7,3.8,10.2,High-Efficiency Subcooling (COP >2.5)
DENSO-HP-1166,-7.3,18.7,5.3,2.91,14.7,High-Efficiency Subcooling (COP >2.5)
DENSO-HP-1167,2.6,23.6,9.9,3.8,11.6,High-Efficiency Subcooling (COP >2.5)
DENSO-HP-1168,-10.1,20.4,9.4,3.48,10.2,High-Efficiency Subcooling (COP >2.5)
DENSO-HP-1169,4.2,25.5,4.4,3.04,13.0,High-Efficiency Subcooling (COP >2.5)
DENSO-HP-1170,11.3,26.9,8.8,3.8,7.7,High-Efficiency Subcooling (COP >2.5)
DENSO-HP-1171,2.6,24.0,9.8,3.8,10.2,High-Efficiency Subcooling (COP >2.5)
DENSO-HP-1172,1.2,23.2,9.2,3.8,11.7,High-Efficiency Subcooling (COP >2.5)
DENSO-HP-1173,-1.5,22.2,8.8,3.8,9.2,High-Efficiency Subcooling (COP >2.5)
DENSO-HP-1174,-6.1,19.2,6.7,3.07,13.4,High-Efficiency Subcooling (COP >2.5)
DENSO-HP-1175,-13.2,15.6,7.8,2.98,12.7,High-Efficiency Subcooling (COP >2.5)
DENSO-HP-1176,6.3,24.6,7.2,3.41,11.8,High-Efficiency Subcooling (COP >2.5)
DENSO-HP-1177,13.2,29.0,3.6,2.8,16.6,High-Efficiency Subcooling (COP >2.5)
DENSO-HP-1178,3.1,24.5,7.9,3.77,10.3,High-Efficiency Subcooling (COP >2.5)
DENSO-HP-1179,4.0,23.8,5.5,3.04,12.2,High-Efficiency Subcooling (COP >2.5)
DENSO-HP-1180,-6.1,19.9,4.4,2.72,16.7,High-Efficiency Subcooling (COP >2.5)
DENSO-HP-1181,7.1,26.8,5.8,3.51,14.3,High-Efficiency Subcooling (COP >2.5)
DENSO-HP-1182,-9.2,19.3,4.4,2.26,18.4,Standard PTC Resistive Assist
DENSO-HP-1183,14.5,29.3,9.8,3.8,10.0,High-Efficiency Subcooling (COP >2.5)
DENSO-HP-1184,-1.7,22.4,7.5,3.31,14.2,High-Efficiency Subcooling (COP >2.5)
DENSO-HP-1185,14.4,29.1,8.1,3.8,10.0,High-Efficiency Subcooling (COP >2.5)
DENSO-HP-1186,-17.8,16.2,8.7,3.24,13.0,High-Efficiency Subcooling (COP >2.5)
DENSO-HP-1187,-0.3,22.1,8.9,3.8,10.7,High-Efficiency Subcooling (COP >2.5)
DENSO-HP-1188,2.3,23.3,4.4,2.73,16.8,High-Efficiency Subcooling (COP >2.5)
DENSO-HP-1189,-13.4,18.5,7.4,2.95,14.8,High-Efficiency Subcooling (COP >2.5)
DENSO-HP-1190,-1.8,24.1,4.5,2.69,14.8,High-Efficiency Subcooling (COP >2.5)
DENSO-HP-1191,10.0,28.8,4.5,3.09,11.6,High-Efficiency Subcooling (COP >2.5)
DENSO-HP-1192,-0.6,20.5,3.8,2.58,20.0,High-Efficiency Subcooling (COP >2.5)
DENSO-HP-1193,-1.6,22.6,8.6,3.45,12.5,High-Efficiency Subcooling (COP >2.5)
DENSO-HP-1194,-12.6,16.8,5.8,2.46,16.1,Standard PTC Resistive Assist
DENSO-HP-1195,-10.7,17.8,6.7,3.0,15.2,High-Efficiency Subcooling (COP >2.5)
DENSO-HP-1196,-16.5,15.6,9.3,3.36,13.0,High-Efficiency Subcooling (COP >2.5)
DENSO-HP-1197,-1.1,23.0,3.8,2.73,16.6,High-Efficiency Subcooling (COP >2.5)
DENSO-HP-1198,-1.3,20.8,4.6,2.44,19.1,Standard PTC Resistive Assist
DENSO-HP-1199,9.2,26.9,8.6,3.8,9.3,High-Efficiency Subcooling (COP >2.5)
DENSO-HP-1200,-0.5,22.8,6.1,2.92,15.1,High-Efficiency Subcooling (COP >2.5)
DENSO-HP-1201,-14.3,15.8,8.2,3.07,14.2,High-Efficiency Subcooling (COP >2.5)
DENSO-HP-1202,13.2,28.2,4.9,3.16,15.0,High-Efficiency Subcooling (COP >2.5)
DENSO-HP-1203,-7.2,20.0,5.7,2.86,16.8,High-Efficiency Subcooling (COP >2.5)
DENSO-HP-1204,-13.3,16.7,7.1,2.95,14.0,High-Efficiency Subcooling (COP >2.5)
DENSO-HP-1205,-15.2,15.6,3.6,2.03,21.3,Standard PTC Resistive Assist
DENSO-HP-1206,4.2,24.6,5.6,3.33,10.9,High-Efficiency Subcooling (COP >2.5)
DENSO-HP-1207,0.6,24.7,5.9,3.09,13.9,High-Efficiency Subcooling (COP >2.5)
DENSO-HP-1208,-14.5,17.1,9.3,3.3,11.3,High-Efficiency Subcooling (COP >2.5)
DENSO-HP-1209,-14.4,15.0,5.0,2.55,17.4,High-Efficiency Subcooling (COP >2.5)
DENSO-HP-1210,10.1,29.4,8.6,3.8,8.4,High-Efficiency Subcooling (COP >2.5)
DENSO-HP-1211,12.7,28.7,7.4,3.8,10.7,High-Efficiency Subcooling (COP >2.5)
DENSO-HP-1212,8.1,27.4,9.2,3.8,9.3,High-Efficiency Subcooling (COP >2.5)
DENSO-HP-1213,-11.7,17.6,8.0,3.29,13.6,High-Efficiency Subcooling (COP >2.5)
DENSO-HP-1214,-2.7,23.7,7.3,3.27,13.7,High-Efficiency Subcooling (COP >2.5)
DENSO-HP-1215,14.4,28.9,7.5,3.8,11.5,High-Efficiency Subcooling (COP >2.5)
DENSO-HP-1216,-6.2,19.5,9.7,3.8,8.1,High-Efficiency Subcooling (COP >2.5)
DENSO-HP-1217,-2.8,21.2,5.9,3.09,13.9,High-Efficiency Subcooling (COP >2.5)
DENSO-HP-1218,-8.9,20.2,6.9,2.81,15.1,High-Efficiency Subcooling (COP >2.5)
DENSO-HP-1219,-6.1,22.7,4.1,2.57,17.7,High-Efficiency Subcooling (COP >2.5)
DENSO-HP-1220,-3.1,20.9,10.0,3.8,10.8,High-Efficiency Subcooling (COP >2.5)
DENSO-HP-1221,-12.7,16.3,4.1,2.45,15.3,Standard PTC Resistive Assist
DENSO-HP-1222,-9.7,18.7,5.1,2.6,17.6,High-Efficiency Subcooling (COP >2.5)
DENSO-HP-1223,13.9,29.2,8.1,3.8,10.4,High-Efficiency Subcooling (COP >2.5)
DENSO-HP-1224,9.1,26.5,5.8,3.2,14.1,High-Efficiency Subcooling (COP >2.5)
DENSO-HP-1225,3.8,24.3,9.6,3.8,10.9,High-Efficiency Subcooling (COP >2.5)
DENSO-HP-1226,-6.1,22.3,4.2,2.54,18.5,High-Efficiency Subcooling (COP >2.5)
DENSO-HP-1227,-12.4,17.5,9.0,3.59,12.6,High-Efficiency Subcooling (COP >2.5)
DENSO-HP-1228,-5.5,20.4,7.0,3.0,15.8,High-Efficiency Subcooling (COP >2.5)
DENSO-HP-1229,-10.5,17.5,3.9,2.41,16.1,Standard PTC Resistive Assist
DENSO-HP-1230,6.6,25.8,7.0,3.42,12.3,High-Efficiency Subcooling (COP >2.5)
DENSO-HP-1231,-4.6,19.2,9.6,3.8,11.1,High-Efficiency Subcooling (COP >2.5)
DENSO-HP-1232,-7.6,19.3,4.9,2.67,15.6,High-Efficiency Subcooling (COP >2.5)
DENSO-HP-1233,-11.1,17.1,7.9,3.29,14.7,High-Efficiency Subcooling (COP >2.5)
DENSO-HP-1234,-3.5,20.6,4.1,2.71,16.7,High-Efficiency Subcooling (COP >2.5)
DENSO-HP-1235,7.6,25.7,7.8,3.77,8.8,High-Efficiency Subcooling (COP >2.5)
DENSO-HP-1236,-2.3,22.1,8.4,3.61,10.7,High-Efficiency Subcooling (COP >2.5)
DENSO-HP-1237,-4.9,21.8,4.2,2.49,19.1,Standard PTC Resistive Assist
DENSO-HP-1238,-12.2,18.2,5.7,2.74,18.1,High-Efficiency Subcooling (COP >2.5)
DENSO-HP-1239,13.9,27.6,8.5,3.8,9.9,High-Efficiency Subcooling (COP >2.5)
DENSO-HP-1240,-11.4,16.7,6.0,2.66,16.1,High-Efficiency Subcooling (COP >2.5)
DENSO-HP-1241,4.5,23.0,6.4,3.26,11.1,High-Efficiency Subcooling (COP >2.5)
DENSO-HP-1242,11.1,27.2,7.7,3.8,8.3,High-Efficiency Subcooling (COP >2.5)
DENSO-HP-1243,13.1,27.5,7.9,3.8,10.3,High-Efficiency Subcooling (COP >2.5)
DENSO-HP-1244,14.0,27.7,9.3,3.8,8.2,High-Efficiency Subcooling (COP >2.5)
DENSO-HP-1245,-12.7,18.0,9.7,3.7,9.4,High-Efficiency Subcooling (COP >2.5)
DENSO-HP-1246,9.6,29.0,9.5,3.8,7.9,High-Efficiency Subcooling (COP >2.5)
DENSO-HP-1247,6.1,25.3,9.6,3.8,10.4,High-Efficiency Subcooling (COP >2.5)
DENSO-HP-1248,-16.1,17.4,8.2,3.28,14.8,High-Efficiency Subcooling (COP >2.5)
DENSO-HP-1249,-3.1,21.5,6.4,2.98,15.1,High-Efficiency Subcooling (COP >2.5)
DENSO-HP-1250,11.6,26.7,4.0,3.2,13.4,High-Efficiency Subcooling (COP >2.5)
DENSO-HP-1251,8.5,26.7,8.3,3.8,10.5,High-Efficiency Subcooling (COP >2.5)
DENSO-HP-1252,-7.6,20.7,7.3,3.12,12.9,High-Efficiency Subcooling (COP >2.5)
DENSO-HP-1253,-13.5,16.9,3.7,2.06,21.7,Standard PTC Resistive Assist
DENSO-HP-1254,-10.3,18.2,6.4,2.93,15.3,High-Efficiency Subcooling (COP >2.5)
DENSO-HP-1255,-1.9,20.8,8.1,3.53,12.7,High-Efficiency Subcooling (COP >2.5)
DENSO-HP-1256,-11.5,18.1,6.1,2.88,14.1,High-Efficiency Subcooling (COP >2.5)
DENSO-HP-1257,15.0,29.5,7.6,3.8,9.1,High-Efficiency Subcooling (COP >2.5)
DENSO-HP-1258,-9.5,19.1,4.3,2.56,18.3,High-Efficiency Subcooling (COP >2.5)
DENSO-HP-1259,10.8,27.0,9.0,3.8,10.5,High-Efficiency Subcooling (COP >2.5)
DENSO-HP-1260,-11.9,16.6,6.3,2.78,14.2,High-Efficiency Subcooling (COP >2.5)
DENSO-HP-1261,10.6,30.1,5.5,3.25,11.9,High-Efficiency Subcooling (COP >2.5)
DENSO-HP-1262,10.7,28.4,8.2,3.8,11.1,High-Efficiency Subcooling (COP >2.5)
DENSO-HP-1263,6.0,24.9,8.4,3.8,11.1,High-Efficiency Subcooling (COP >2.5)
DENSO-HP-1264,-4.7,20.6,5.2,2.74,17.6,High-Efficiency Subcooling (COP >2.5)
DENSO-HP-1265,2.0,24.6,4.5,3.07,13.6,High-Efficiency Subcooling (COP >2.5)
DENSO-HP-1266,-8.3,20.9,4.9,2.68,17.2,High-Efficiency Subcooling (COP >2.5)
DENSO-HP-1267,-9.6,18.9,6.3,2.74,14.1,High-Efficiency Subcooling (COP >2.5)
DENSO-HP-1268,-7.0,19.8,3.5,2.34,19.3,Standard PTC Resistive Assist
DENSO-HP-1269,-8.1,18.9,6.6,3.12,13.8,High-Efficiency Subcooling (COP >2.5)
DENSO-HP-1270,-11.5,17.7,9.6,3.55,10.7,High-Efficiency Subcooling (COP >2.5)
DENSO-HP-1271,1.2,24.3,9.6,3.8,9.5,High-Efficiency Subcooling (COP >2.5)
DENSO-HP-1272,4.5,26.2,9.0,3.8,7.6,High-Efficiency Subcooling (COP >2.5)
DENSO-HP-1273,8.9,29.1,8.4,3.8,10.9,High-Efficiency Subcooling (COP >2.5)
DENSO-HP-1274,-0.8,21.2,7.8,3.4,12.2,High-Efficiency Subcooling (COP >2.5)
DENSO-HP-1275,-15.2,17.1,6.2,2.57,17.4,High-Efficiency Subcooling (COP >2.5)
DENSO-HP-1276,0.3,22.5,10.0,3.8,11.7,High-Efficiency Subcooling (COP >2.5)
DENSO-HP-1277,13.4,29.4,6.8,3.69,11.0,High-Efficiency Subcooling (COP >2.5)
DENSO-HP-1278,8.0,27.2,8.6,3.8,11.1,High-Efficiency Subcooling (COP >2.5)
DENSO-HP-1279,0.8,23.8,9.8,3.8,10.3,High-Efficiency Subcooling (COP >2.5)
DENSO-HP-1280,4.2,24.3,5.8,3.31,11.5,High-Efficiency Subcooling (COP >2.5)
DENSO-HP-1281,-0.3,21.1,7.3,3.53,12.2,High-Efficiency Subcooling (COP >2.5)
DENSO-HP-1282,-1.2,23.2,9.4,3.77,10.8,High-Efficiency Subcooling (COP >2.5)
DENSO-HP-1283,-2.6,22.3,7.0,3.39,13.4,High-Efficiency Subcooling (COP >2.5)
DENSO-HP-1284,-14.6,17.6,6.0,2.83,13.9,High-Efficiency Subcooling (COP >2.5)
DENSO-HP-1285,-11.8,16.9,7.1,2.82,14.8,High-Efficiency Subcooling (COP >2.5)
DENSO-HP-1286,11.8,27.2,6.1,3.54,10.5,High-Efficiency Subcooling (COP >2.5)
DENSO-HP-1287,-17.3,16.0,8.9,3.37,12.3,High-Efficiency Subcooling (COP >2.5)
DENSO-HP-1288,5.1,24.0,6.9,3.48,11.7,High-Efficiency Subcooling (COP >2.5)
DENSO-HP-1289,2.5,23.3,9.0,3.8,10.3,High-Efficiency Subcooling (COP >2.5)
DENSO-HP-1290,-4.0,21.9,7.5,3.19,12.4,High-Efficiency Subcooling (COP >2.5)
DENSO-HP-1291,-11.3,16.8,7.6,3.16,14.9,High-Efficiency Subcooling (COP >2.5)
DENSO-HP-1292,3.4,24.3,4.2,2.89,16.4,High-Efficiency Subcooling (COP >2.5)
DENSO-HP-1293,4.0,24.3,9.9,3.8,9.9,High-Efficiency Subcooling (COP >2.5)
DENSO-HP-1294,13.9,27.6,4.5,3.01,15.6,High-Efficiency Subcooling (COP >2.5)
DENSO-HP-1295,-16.7,15.8,5.5,2.87,15.6,High-Efficiency Subcooling (COP >2.5)
DENSO-HP-1296,-4.5,21.5,6.6,3.02,14.5,High-Efficiency Subcooling (COP >2.5)
DENSO-HP-1297,-17.6,15.5,7.5,2.79,13.6,High-Efficiency Subcooling (COP >2.5)
DENSO-HP-1298,4.4,26.1,3.5,2.61,17.9,High-Efficiency Subcooling (COP >2.5)
DENSO-HP-1299,-1.8,21.2,8.0,3.43,10.4,High-Efficiency Subcooling (COP >2.5)
DENSO-HP-1300,1.1,23.1,4.4,2.79,12.5,High-Efficiency Subcooling (COP >2.5)
DENSO-HP-1301,-15.7,16.4,5.7,2.67,13.1,High-Efficiency Subcooling (COP >2.5)
DENSO-HP-1302,-1.8,22.8,4.1,2.53,16.7,High-Efficiency Subcooling (COP >2.5)
DENSO-HP-1303,-17.1,15.4,6.4,2.67,15.4,High-Efficiency Subcooling (COP >2.5)
DENSO-HP-1304,-14.4,16.5,9.2,3.3,13.4,High-Efficiency Subcooling (COP >2.5)
DENSO-HP-1305,-5.3,22.3,6.6,2.98,15.4,High-Efficiency Subcooling (COP >2.5)
DENSO-HP-1306,-16.0,16.6,9.2,3.3,10.3,High-Efficiency Subcooling (COP >2.5)
DENSO-HP-1307,8.9,26.5,10.0,3.8,9.8,High-Efficiency Subcooling (COP >2.5)
DENSO-HP-1308,-5.4,21.8,7.4,3.16,14.0,High-Efficiency Subcooling (COP >2.5)
DENSO-HP-1309,5.3,26.0,4.0,2.83,15.5,High-Efficiency Subcooling (COP >2.5)
DENSO-HP-1310,8.3,27.1,8.2,3.8,10.0,High-Efficiency Subcooling (COP >2.5)
DENSO-HP-1311,6.4,26.9,7.8,3.8,10.5,High-Efficiency Subcooling (COP >2.5)
DENSO-HP-1312,-9.3,19.3,8.6,3.26,12.5,High-Efficiency Subcooling (COP >2.5)
DENSO-HP-1313,9.6,27.5,5.7,3.33,11.9,High-Efficiency Subcooling (COP >2.5)
DENSO-HP-1314,1.8,24.0,4.1,2.62,18.0,High-Efficiency Subcooling (COP >2.5)
DENSO-HP-1315,9.7,27.6,4.9,3.18,16.5,High-Efficiency Subcooling (COP >2.5)
DENSO-HP-1316,-13.1,17.0,9.3,3.4,14.1,High-Efficiency Subcooling (COP >2.5)
DENSO-HP-1317,-17.5,16.7,4.5,2.11,21.0,Standard PTC Resistive Assist
DENSO-HP-1318,-8.1,18.6,8.7,3.31,11.4,High-Efficiency Subcooling (COP >2.5)
DENSO-HP-1319,12.6,30.1,7.7,3.8,9.9,High-Efficiency Subcooling (COP >2.5)
DENSO-HP-1320,-0.3,22.9,6.1,3.03,15.2,High-Efficiency Subcooling (COP >2.5)
DENSO-HP-1321,-2.9,22.3,8.5,3.65,9.9,High-Efficiency Subcooling (COP >2.5)
DENSO-HP-1322,-16.9,16.9,4.1,2.25,19.5,Standard PTC Resistive Assist
DENSO-HP-1323,2.5,24.4,7.1,3.36,10.5,High-Efficiency Subcooling (COP >2.5)
DENSO-HP-1324,-1.6,23.1,6.8,3.29,12.3,High-Efficiency Subcooling (COP >2.5)
DENSO-HP-1325,2.7,24.5,4.1,2.9,14.4,High-Efficiency Subcooling (COP >2.5)
DENSO-HP-1326,-8.3,19.9,4.8,2.88,16.5,High-Efficiency Subcooling (COP >2.5)
DENSO-HP-1327,6.6,26.4,6.1,3.35,10.3,High-Efficiency Subcooling (COP >2.5)
DENSO-HP-1328,6.6,25.0,7.2,3.59,11.5,High-Efficiency Subcooling (COP >2.5)
DENSO-HP-1329,-4.0,21.1,7.1,3.35,12.8,High-Efficiency Subcooling (COP >2.5)
DENSO-HP-1330,2.2,24.3,8.3,3.55,12.5,High-Efficiency Subcooling (COP >2.5)
DENSO-HP-1331,-3.4,21.8,5.7,2.92,15.5,High-Efficiency Subcooling (COP >2.5)
DENSO-HP-1332,-3.4,20.9,7.1,3.1,13.3,High-Efficiency Subcooling (COP >2.5)
DENSO-HP-1333,-2.2,21.7,8.3,3.71,10.2,High-Efficiency Subcooling (COP >2.5)
DENSO-HP-1334,14.2,28.2,9.8,3.8,9.6,High-Efficiency Subcooling (COP >2.5)
DENSO-HP-1335,14.3,30.2,8.1,3.8,10.4,High-Efficiency Subcooling (COP >2.5)
DENSO-HP-1336,9.1,27.1,7.0,3.63,12.3,High-Efficiency Subcooling (COP >2.5)
DENSO-HP-1337,-1.7,23.1,5.2,3.11,14.6,High-Efficiency Subcooling (COP >2.5)
DENSO-HP-1338,6.7,23.1,6.5,3.43,16.0,High-Efficiency Subcooling (COP >2.5)
DENSO-HP-1339,14.5,30.7,6.8,3.8,10.0,High-Efficiency Subcooling (COP >2.5)
DENSO-HP-1340,-1.7,22.6,9.1,3.78,10.8,High-Efficiency Subcooling (COP >2.5)
DENSO-HP-1341,-17.1,17.8,7.9,2.95,14.5,High-Efficiency Subcooling (COP >2.5)
DENSO-HP-1342,7.2,26.4,7.8,3.67,11.0,High-Efficiency Subcooling (COP >2.5)
DENSO-HP-1343,-8.1,17.0,4.8,2.84,15.0,High-Efficiency Subcooling (COP >2.5)
DENSO-HP-1344,-4.3,20.0,9.1,3.74,9.7,High-Efficiency Subcooling (COP >2.5)
DENSO-HP-1345,13.0,29.3,9.4,3.8,10.8,High-Efficiency Subcooling (COP >2.5)
DENSO-HP-1346,-5.9,19.2,4.0,2.59,17.5,High-Efficiency Subcooling (COP >2.5)
DENSO-HP-1347,-13.8,16.5,9.1,3.36,13.9,High-Efficiency Subcooling (COP >2.5)
DENSO-HP-1348,10.2,28.8,7.3,3.79,9.2,High-Efficiency Subcooling (COP >2.5)
DENSO-HP-1349,10.1,25.4,3.5,2.6,16.2,High-Efficiency Subcooling (COP >2.5)
DENSO-HP-1350,14.1,28.9,4.5,3.04,13.8,High-Efficiency Subcooling (COP >2.5)
DENSO-HP-1351,-17.5,12.9,9.7,3.41,11.7,High-Efficiency Subcooling (COP >2.5)
DENSO-HP-1352,-10.6,17.3,7.0,2.97,13.8,High-Efficiency Subcooling (COP >2.5)
DENSO-HP-1353,-9.0,17.2,6.5,2.88,15.8,High-Efficiency Subcooling (COP >2.5)
DENSO-HP-1354,-12.2,15.8,4.7,2.42,18.3,Standard PTC Resistive Assist
DENSO-HP-1355,13.7,29.4,4.9,3.11,13.6,High-Efficiency Subcooling (COP >2.5)
DENSO-HP-1356,-9.2,18.3,8.8,3.45,11.8,High-Efficiency Subcooling (COP >2.5)
DENSO-HP-1357,14.3,28.0,7.2,3.8,11.3,High-Efficiency Subcooling (COP >2.5)
DENSO-HP-1358,-16.5,14.6,7.7,2.97,16.8,High-Efficiency Subcooling (COP >2.5)
DENSO-HP-1359,-9.3,17.9,6.3,2.91,14.3,High-Efficiency Subcooling (COP >2.5)
DENSO-HP-1360,-11.3,16.4,4.0,2.14,20.2,Standard PTC Resistive Assist
DENSO-HP-1361,-10.6,17.9,7.8,3.44,12.4,High-Efficiency Subcooling (COP >2.5)
DENSO-HP-1362,12.4,30.5,8.2,3.8,10.1,High-Efficiency Subcooling (COP >2.5)
DENSO-HP-1363,13.7,30.0,4.3,3.31,13.0,High-Efficiency Subcooling (COP >2.5)
DENSO-HP-1364,6.7,25.1,7.4,3.41,10.7,High-Efficiency Subcooling (COP >2.5)
DENSO-HP-1365,14.1,26.5,5.7,3.53,12.2,High-Efficiency Subcooling (COP >2.5)
DENSO-HP-1366,5.9,25.7,9.1,3.8,11.0,High-Efficiency Subcooling (COP >2.5)
DENSO-HP-1367,12.1,28.5,8.9,3.8,11.2,High-Efficiency Subcooling (COP >2.5)
DENSO-HP-1368,6.7,25.0,6.0,3.46,9.8,High-Efficiency Subcooling (COP >2.5)
DENSO-HP-1369,14.0,28.6,8.1,3.8,10.1,High-Efficiency Subcooling (COP >2.5)
DENSO-HP-1370,12.8,27.7,7.3,3.8,9.8,High-Efficiency Subcooling (COP >2.5)
DENSO-HP-1371,3.5,23.5,8.5,3.68,12.5,High-Efficiency Subcooling (COP >2.5)
DENSO-HP-1372,-5.8,19.9,9.5,3.8,9.3,High-Efficiency Subcooling (COP >2.5)
DENSO-HP-1373,-11.2,18.0,9.7,3.62,9.1,High-Efficiency Subcooling (COP >2.5)
DENSO-HP-1374,5.8,27.1,9.9,3.8,11.4,High-Efficiency Subcooling (COP >2.5)
DENSO-HP-1375,-6.5,21.1,9.1,3.8,9.6,High-Efficiency Subcooling (COP >2.5)
DENSO-HP-1376,-15.5,17.3,5.2,2.32,18.7,Standard PTC Resistive Assist
DENSO-HP-1377,-0.9,23.5,7.7,3.5,11.6,High-Efficiency Subcooling (COP >2.5)
DENSO-HP-1378,13.8,28.1,6.3,3.36,11.6,High-Efficiency Subcooling (COP >2.5)
DENSO-HP-1379,14.4,30.1,9.3,3.8,9.7,High-Efficiency Subcooling (COP >2.5)
DENSO-HP-1380,-1.0,23.4,9.8,3.8,9.8,High-Efficiency Subcooling (COP >2.5)
DENSO-HP-1381,-10.6,18.6,6.5,2.97,15.7,High-Efficiency Subcooling (COP >2.5)
DENSO-HP-1382,-11.2,18.3,8.9,3.29,10.3,High-Efficiency Subcooling (COP >2.5)
DENSO-HP-1383,-4.8,19.9,4.6,2.78,18.0,High-Efficiency Subcooling (COP >2.5)
DENSO-HP-1384,-3.0,20.1,8.2,3.58,11.8,High-Efficiency Subcooling (COP >2.5)
DENSO-HP-1385,-17.9,15.4,8.5,3.12,13.9,High-Efficiency Subcooling (COP >2.5)
DENSO-HP-1386,8.9,25.4,8.5,3.8,10.8,High-Efficiency Subcooling (COP >2.5)
DENSO-HP-1387,13.8,27.2,8.4,3.8,11.5,High-Efficiency Subcooling (COP >2.5)
DENSO-HP-1388,-17.4,15.1,8.5,3.01,13.9,High-Efficiency Subcooling (COP >2.5)
DENSO-HP-1389,5.8,26.2,9.8,3.8,10.4,High-Efficiency Subcooling (COP >2.5)
DENSO-HP-1390,-2.2,21.7,5.4,2.94,16.9,High-Efficiency Subcooling (COP >2.5)
DENSO-HP-1391,4.7,25.1,8.6,3.8,12.6,High-Efficiency Subcooling (COP >2.5)
DENSO-HP-1392,-17.1,16.2,9.1,3.21,13.1,High-Efficiency Subcooling (COP >2.5)
DENSO-HP-1393,-5.9,20.0,8.4,3.4,9.9,High-Efficiency Subcooling (COP >2.5)
DENSO-HP-1394,4.2,25.8,5.1,2.83,17.8,High-Efficiency Subcooling (COP >2.5)
DENSO-HP-1395,-7.3,22.1,7.0,3.05,13.4,High-Efficiency Subcooling (COP >2.5)
DENSO-HP-1396,3.4,24.6,6.0,3.36,13.4,High-Efficiency Subcooling (COP >2.5)
DENSO-HP-1397,0.3,23.1,5.2,2.89,15.7,High-Efficiency Subcooling (COP >2.5)
DENSO-HP-1398,-11.9,16.9,5.5,2.73,17.1,High-Efficiency Subcooling (COP >2.5)
DENSO-HP-1399,4.3,24.0,4.2,2.85,14.1,High-Efficiency Subcooling (COP >2.5)
DENSO-HP-1400,-9.5,19.5,6.1,2.8,15.1,High-Efficiency Subcooling (COP >2.5)
DENSO-HP-1401,-8.1,19.5,8.3,3.58,11.4,High-Efficiency Subcooling (COP >2.5)
DENSO-HP-1402,13.5,27.2,5.0,3.48,10.5,High-Efficiency Subcooling (COP >2.5)
DENSO-HP-1403,-15.0,17.1,9.8,3.51,12.1,High-Efficiency Subcooling (COP >2.5)
DENSO-HP-1404,-2.5,21.4,4.3,2.66,16.5,High-Efficiency Subcooling (COP >2.5)
DENSO-HP-1405,9.4,27.0,6.0,3.26,11.9,High-Efficiency Subcooling (COP >2.5)
DENSO-HP-1406,-0.8,22.0,5.6,3.04,14.4,High-Efficiency Subcooling (COP >2.5)
DENSO-HP-1407,7.7,24.4,8.7,3.8,7.7,High-Efficiency Subcooling (COP >2.5)
DENSO-HP-1408,8.6,26.5,7.8,3.8,11.5,High-Efficiency Subcooling (COP >2.5)
DENSO-HP-1409,-2.2,22.5,8.1,3.44,10.7,High-Efficiency Subcooling (COP >2.5)
DENSO-HP-1410,-16.9,15.6,5.9,2.58,18.1,High-Efficiency Subcooling (COP >2.5)
DENSO-HP-1411,8.7,27.9,7.3,3.66,9.0,High-Efficiency Subcooling (COP >2.5)
DENSO-HP-1412,4.8,24.6,4.1,2.71,17.4,High-Efficiency Subcooling (COP >2.5)
DENSO-HP-1413,8.0,28.1,5.4,3.37,11.0,High-Efficiency Subcooling (COP >2.5)
DENSO-HP-1414,-7.3,21.4,3.9,2.66,16.6,High-Efficiency Subcooling (COP >2.5)
DENSO-HP-1415,-0.2,22.6,8.6,3.71,10.5,High-Efficiency Subcooling (COP >2.5)
DENSO-HP-1416,-11.2,20.0,6.1,2.88,15.8,High-Efficiency Subcooling (COP >2.5)
DENSO-HP-1417,6.5,26.5,5.1,3.2,12.2,High-Efficiency Subcooling (COP >2.5)
DENSO-HP-1418,-4.9,20.6,5.9,2.96,14.3,High-Efficiency Subcooling (COP >2.5)
DENSO-HP-1419,-6.5,20.4,7.8,3.5,11.1,High-Efficiency Subcooling (COP >2.5)
DENSO-HP-1420,6.7,26.8,9.6,3.8,10.6,High-Efficiency Subcooling (COP >2.5)
DENSO-HP-1421,-16.3,15.7,9.2,3.21,14.5,High-Efficiency Subcooling (COP >2.5)
DENSO-HP-1422,5.0,26.1,8.8,3.8,9.0,High-Efficiency Subcooling (COP >2.5)
DENSO-HP-1423,-11.8,13.9,5.3,2.42,16.0,Standard PTC Resistive Assist
DENSO-HP-1424,-3.2,20.7,6.7,3.12,14.7,High-Efficiency Subcooling (COP >2.5)
DENSO-HP-1425,2.0,24.5,7.4,3.61,10.1,High-Efficiency Subcooling (COP >2.5)
DENSO-HP-1426,-12.3,17.0,8.8,3.34,13.2,High-Efficiency Subcooling (COP >2.5)
DENSO-HP-1427,-6.7,20.3,8.9,3.57,12.0,High-Efficiency Subcooling (COP >2.5)
DENSO-HP-1428,7.2,25.1,4.3,3.09,13.7,High-Efficiency Subcooling (COP >2.5)
DENSO-HP-1429,10.6,27.1,8.0,3.8,8.7,High-Efficiency Subcooling (COP >2.5)
DENSO-HP-1430,-4.9,20.7,4.3,2.54,16.1,High-Efficiency Subcooling (COP >2.5)
DENSO-HP-1431,-17.3,15.2,8.6,2.98,15.6,High-Efficiency Subcooling (COP >2.5)
DENSO-HP-1432,-2.3,22.2,7.3,3.37,11.5,High-Efficiency Subcooling (COP >2.5)
DENSO-HP-1433,-2.2,21.2,6.5,3.4,14.5,High-Efficiency Subcooling (COP >2.5)
DENSO-HP-1434,7.0,27.7,7.7,3.46,11.9,High-Efficiency Subcooling (COP >2.5)
DENSO-HP-1435,-3.4,21.5,7.9,3.52,12.8,High-Efficiency Subcooling (COP >2.5)
DENSO-HP-1436,-0.2,24.1,5.1,3.09,15.6,High-Efficiency Subcooling (COP >2.5)
DENSO-HP-1437,-1.7,22.4,6.7,3.37,10.9,High-Efficiency Subcooling (COP >2.5)
DENSO-HP-1438,11.8,28.0,6.7,3.58,12.7,High-Efficiency Subcooling (COP >2.5)
DENSO-HP-1439,-14.8,16.6,4.2,2.31,17.6,Standard PTC Resistive Assist
DENSO-HP-1440,2.1,23.4,8.9,3.76,10.7,High-Efficiency Subcooling (COP >2.5)
DENSO-HP-1441,4.4,25.7,5.7,3.08,15.3,High-Efficiency Subcooling (COP >2.5)
DENSO-HP-1442,-1.1,22.1,5.6,2.92,14.7,High-Efficiency Subcooling (COP >2.5)
DENSO-HP-1443,14.6,28.3,9.9,3.8,8.1,High-Efficiency Subcooling (COP >2.5)
DENSO-HP-1444,-6.6,20.3,8.3,3.36,13.7,High-Efficiency Subcooling (COP >2.5)
DENSO-HP-1445,0.9,23.3,5.0,2.93,15.2,High-Efficiency Subcooling (COP >2.5)
DENSO-HP-1446,12.5,27.7,3.8,2.92,15.2,High-Efficiency Subcooling (COP >2.5)
DENSO-HP-1447,10.0,27.3,9.8,3.8,9.3,High-Efficiency Subcooling (COP >2.5)
DENSO-HP-1448,-12.6,17.5,9.2,3.35,12.9,High-Efficiency Subcooling (COP >2.5)
DENSO-HP-1449,7.6,24.2,7.1,3.25,12.6,High-Efficiency Subcooling (COP >2.5)
DENSO-HP-1450,3.6,23.4,6.8,3.44,12.7,High-Efficiency Subcooling (COP >2.5)
DENSO-HP-1451,7.2,26.4,6.5,3.24,14.5,High-Efficiency Subcooling (COP >2.5)
DENSO-HP-1452,-14.4,16.6,7.2,2.84,17.7,High-Efficiency Subcooling (COP >2.5)
DENSO-HP-1453,-9.7,18.3,5.4,2.74,15.2,High-Efficiency Subcooling (COP >2.5)
DENSO-HP-1454,12.3,28.4,7.5,3.8,11.3,High-Efficiency Subcooling (COP >2.5)
DENSO-HP-1455,-12.3,16.3,7.1,3.13,13.4,High-Efficiency Subcooling (COP >2.5)
DENSO-HP-1456,-6.3,21.4,8.4,3.6,10.0,High-Efficiency Subcooling (COP >2.5)
DENSO-HP-1457,5.8,25.6,9.5,3.8,11.2,High-Efficiency Subcooling (COP >2.5)
DENSO-HP-1458,5.7,25.4,6.7,3.48,11.9,High-Efficiency Subcooling (COP >2.5)
DENSO-HP-1459,-2.3,22.9,8.3,3.78,9.0,High-Efficiency Subcooling (COP >2.5)
DENSO-HP-1460,-12.4,16.3,4.9,2.58,16.9,High-Efficiency Subcooling (COP >2.5)
DENSO-HP-1461,-7.8,19.5,8.7,3.54,9.1,High-Efficiency Subcooling (COP >2.5)
DENSO-HP-1462,-13.7,17.7,6.2,2.74,17.0,High-Efficiency Subcooling (COP >2.5)
DENSO-HP-1463,6.5,26.6,6.4,3.65,9.4,High-Efficiency Subcooling (COP >2.5)
DENSO-HP-1464,-11.1,17.4,4.2,2.28,18.0,Standard PTC Resistive Assist
DENSO-HP-1465,5.9,22.9,6.6,3.47,11.0,High-Efficiency Subcooling (COP >2.5)
DENSO-HP-1466,0.9,24.7,6.3,3.31,12.4,High-Efficiency Subcooling (COP >2.5)
DENSO-HP-1467,8.1,28.9,5.4,3.18,13.0,High-Efficiency Subcooling (COP >2.5)
DENSO-HP-1468,3.5,25.2,4.1,2.83,15.2,High-Efficiency Subcooling (COP >2.5)
DENSO-HP-1469,11.7,27.3,9.1,3.8,7.4,High-Efficiency Subcooling (COP >2.5)
DENSO-HP-1470,-6.6,20.7,9.1,3.49,11.1,High-Efficiency Subcooling (COP >2.5)
DENSO-HP-1471,-11.9,18.5,6.5,2.81,16.3,High-Efficiency Subcooling (COP >2.5)
DENSO-HP-1472,-14.3,15.6,9.9,3.46,10.8,High-Efficiency Subcooling (COP >2.5)
DENSO-HP-1473,-4.2,21.7,8.3,3.63,12.2,High-Efficiency Subcooling (COP >2.5)
DENSO-HP-1474,-12.7,17.4,8.3,3.38,12.3,High-Efficiency Subcooling (COP >2.5)
DENSO-HP-1475,-17.6,16.9,4.2,2.08,16.9,Standard PTC Resistive Assist
DENSO-HP-1476,-7.3,19.8,7.1,3.12,14.3,High-Efficiency Subcooling (COP >2.5)
DENSO-HP-1477,-17.6,14.0,8.4,2.9,13.8,High-Efficiency Subcooling (COP >2.5)
DENSO-HP-1478,-6.0,20.1,5.0,2.77,16.2,High-Efficiency Subcooling (COP >2.5)
DENSO-HP-1479,-5.2,21.1,4.6,2.7,15.9,High-Efficiency Subcooling (COP >2.5)
DENSO-HP-1480,-16.7,16.6,6.6,2.92,12.9,High-Efficiency Subcooling (COP >2.5)
DENSO-HP-1481,-10.7,17.8,7.0,3.13,12.8,High-Efficiency Subcooling (COP >2.5)
DENSO-HP-1482,13.0,29.6,4.2,3.1,14.6,High-Efficiency Subcooling (COP >2.5)
DENSO-HP-1483,-13.4,17.8,9.9,3.58,11.5,High-Efficiency Subcooling (COP >2.5)
DENSO-HP-1484,-9.8,19.5,6.9,2.9,16.8,High-Efficiency Subcooling (COP >2.5)
DENSO-HP-1485,-13.0,17.1,4.7,2.75,15.7,High-Efficiency Subcooling (COP >2.5)
DENSO-HP-1486,-5.4,20.3,6.7,3.02,14.6,High-Efficiency Subcooling (COP >2.5)
DENSO-HP-1487,-10.8,17.0,8.0,3.09,15.6,High-Efficiency Subcooling (COP >2.5)
DENSO-HP-1488,-12.5,17.6,4.0,2.34,18.1,Standard PTC Resistive Assist
DENSO-HP-1489,6.7,26.2,4.3,2.76,16.3,High-Efficiency Subcooling (COP >2.5)
DENSO-HP-1490,4.6,24.2,7.7,3.54,12.8,High-Efficiency Subcooling (COP >2.5)
DENSO-HP-1491,-4.8,20.4,3.5,2.48,18.4,Standard PTC Resistive Assist
DENSO-HP-1492,7.8,25.5,4.1,3.07,11.4,High-Efficiency Subcooling (COP >2.5)
DENSO-HP-1493,-5.4,20.5,4.3,2.69,16.2,High-Efficiency Subcooling (COP >2.5)
DENSO-HP-1494,-1.5,22.0,9.1,3.8,11.1,High-Efficiency Subcooling (COP >2.5)
DENSO-HP-1495,5.8,26.4,4.3,2.85,14.0,High-Efficiency Subcooling (COP >2.5)
DENSO-HP-1496,-7.1,21.7,4.9,2.62,16.3,High-Efficiency Subcooling (COP >2.5)
DENSO-HP-1497,-0.2,19.5,5.0,2.99,13.7,High-Efficiency Subcooling (COP >2.5)
DENSO-HP-1498,-6.3,19.4,3.7,2.37,18.8,Standard PTC Resistive Assist
DENSO-HP-1499,10.6,27.2,8.8,3.8,8.5,High-Efficiency Subcooling (COP >2.5)
DENSO-HP-1500,-18.0,15.2,8.9,3.28,11.9,High-Efficiency Subcooling (COP >2.5)
DENSO-HP-1501,9.3,26.3,7.9,3.8,9.6,High-Efficiency Subcooling (COP >2.5)
DENSO-HP-1502,-10.2,18.9,5.6,2.53,16.0,High-Efficiency Subcooling (COP >2.5)
DENSO-HP-1503,-6.8,20.7,4.8,2.77,14.5,High-Efficiency Subcooling (COP >2.5)
DENSO-HP-1504,4.4,25.4,3.9,3.03,15.0,High-Efficiency Subcooling (COP >2.5)
DENSO-HP-1505,-7.0,19.9,3.6,2.56,17.1,High-Efficiency Subcooling (COP >2.5)
DENSO-HP-1506,-5.0,21.9,4.7,3.0,14.5,High-Efficiency Subcooling (COP >2.5)
DENSO-HP-1507,-9.1,18.6,9.1,3.59,13.4,High-Efficiency Subcooling (COP >2.5)
DENSO-HP-1508,10.8,26.6,4.3,3.11,15.2,High-Efficiency Subcooling (COP >2.5)
DENSO-HP-1509,5.8,28.2,9.6,3.8,10.0,High-Efficiency Subcooling (COP >2.5)
DENSO-HP-1510,-0.3,22.6,6.4,3.22,9.5,High-Efficiency Subcooling (COP >2.5)
DENSO-HP-1511,1.1,24.1,8.8,3.8,9.7,High-Efficiency Subcooling (COP >2.5)
DENSO-HP-1512,11.0,27.0,6.5,3.63,11.0,High-Efficiency Subcooling (COP >2.5)
DENSO-HP-1513,-1.5,22.2,8.6,3.48,13.9,High-Efficiency Subcooling (COP >2.5)
DENSO-HP-1514,-1.0,24.5,4.1,2.73,16.6,High-Efficiency Subcooling (COP >2.5)
DENSO-HP-1515,13.1,27.2,5.8,3.61,12.1,High-Efficiency Subcooling (COP >2.5)
DENSO-HP-1516,-17.9,13.4,9.1,3.21,11.8,High-Efficiency Subcooling (COP >2.5)
DENSO-HP-1517,15.0,29.8,8.7,3.8,10.9,High-Efficiency Subcooling (COP >2.5)
DENSO-HP-1518,5.8,24.8,8.7,3.78,8.4,High-Efficiency Subcooling (COP >2.5)
DENSO-HP-1519,-9.9,18.2,3.5,2.34,17.8,Standard PTC Resistive Assist
DENSO-HP-1520,6.4,25.2,4.0,3.01,13.1,High-Efficiency Subcooling (COP >2.5)
DENSO-HP-1521,4.4,26.3,9.9,3.8,9.3,High-Efficiency Subcooling (COP >2.5)
DENSO-HP-1522,5.3,26.3,5.4,3.07,13.1,High-Efficiency Subcooling (COP >2.5)
DENSO-HP-1523,13.0,30.1,4.6,3.19,11.8,High-Efficiency Subcooling (COP >2.5)
DENSO-HP-1524,-7.0,20.5,9.0,3.41,11.9,High-Efficiency Subcooling (COP >2.5)
DENSO-HP-1525,13.2,28.4,8.0,3.8,10.0,High-Efficiency Subcooling (COP >2.5)
DENSO-HP-1526,14.7,29.7,9.2,3.8,9.8,High-Efficiency Subcooling (COP >2.5)
DENSO-HP-1527,-6.6,19.8,7.6,3.19,13.0,High-Efficiency Subcooling (COP >2.5)
DENSO-HP-1528,-17.8,15.6,7.2,2.69,14.7,High-Efficiency Subcooling (COP >2.5)
DENSO-HP-1529,8.2,27.1,9.1,3.8,9.0,High-Efficiency Subcooling (COP >2.5)
DENSO-HP-1530,0.6,23.6,6.0,3.28,12.0,High-Efficiency Subcooling (COP >2.5)
DENSO-HP-1531,-6.5,19.8,4.8,2.69,16.8,High-Efficiency Subcooling (COP >2.5)
DENSO-HP-1532,-16.0,14.9,8.9,3.24,12.9,High-Efficiency Subcooling (COP >2.5)
DENSO-HP-1533,4.5,24.1,9.1,3.8,9.9,High-Efficiency Subcooling (COP >2.5)
DENSO-HP-1534,-13.9,15.8,8.2,3.24,14.7,High-Efficiency Subcooling (COP >2.5)
DENSO-HP-1535,-14.3,17.0,8.3,3.13,10.3,High-Efficiency Subcooling (COP >2.5)
DENSO-HP-1536,-0.7,20.1,5.0,2.63,15.3,High-Efficiency Subcooling (COP >2.5)
DENSO-HP-1537,-12.5,17.5,5.1,2.49,19.0,Standard PTC Resistive Assist
DENSO-HP-1538,6.2,25.5,6.7,3.43,8.9,High-Efficiency Subcooling (COP >2.5)
DENSO-HP-1539,-13.7,15.1,6.3,2.52,16.8,High-Efficiency Subcooling (COP >2.5)
DENSO-HP-1540,8.3,26.0,4.1,2.98,15.7,High-Efficiency Subcooling (COP >2.5)
DENSO-HP-1541,-17.3,15.8,5.4,2.7,19.5,High-Efficiency Subcooling (COP >2.5)
DENSO-HP-1542,12.4,27.2,9.7,3.8,10.7,High-Efficiency Subcooling (COP >2.5)
DENSO-HP-1543,-2.0,22.1,6.2,3.0,15.4,High-Efficiency Subcooling (COP >2.5)
DENSO-HP-1544,-8.4,18.9,9.0,3.51,10.3,High-Efficiency Subcooling (COP >2.5)
DENSO-HP-1545,2.2,23.7,6.3,3.29,12.4,High-Efficiency Subcooling (COP >2.5)
DENSO-HP-1546,8.2,24.4,7.2,3.7,10.8,High-Efficiency Subcooling (COP >2.5)
DENSO-HP-1547,2.0,22.2,7.4,3.52,13.1,High-Efficiency Subcooling (COP >2.5)
DENSO-HP-1548,-1.8,22.7,5.9,2.93,13.5,High-Efficiency Subcooling (COP >2.5)
DENSO-HP-1549,-0.8,23.8,5.3,2.95,16.3,High-Efficiency Subcooling (COP >2.5)
DENSO-HP-1550,-2.3,23.9,6.4,3.13,13.0,High-Efficiency Subcooling (COP >2.5)
DENSO-HP-1551,-5.9,19.7,9.3,3.43,10.6,High-Efficiency Subcooling (COP >2.5)
DENSO-HP-1552,-1.3,21.5,4.4,2.9,16.6,High-Efficiency Subcooling (COP >2.5)
DENSO-HP-1553,1.2,23.5,8.1,3.76,9.9,High-Efficiency Subcooling (COP >2.5)
DENSO-HP-1554,1.5,24.3,3.7,2.92,16.1,High-Efficiency Subcooling (COP >2.5)
DENSO-HP-1555,6.0,24.4,3.7,2.79,15.8,High-Efficiency Subcooling (COP >2.5)
DENSO-HP-1556,-16.7,15.3,7.0,2.82,16.5,High-Efficiency Subcooling (COP >2.5)
DENSO-HP-1557,-9.6,17.1,7.7,3.14,16.1,High-Efficiency Subcooling (COP >2.5)
DENSO-HP-1558,4.4,24.9,6.1,3.35,12.8,High-Efficiency Subcooling (COP >2.5)
DENSO-HP-1559,-3.1,20.6,8.1,3.32,14.6,High-Efficiency Subcooling (COP >2.5)
DENSO-HP-1560,-12.8,18.0,6.0,2.67,14.4,High-Efficiency Subcooling (COP >2.5)
DENSO-HP-1561,-17.6,14.9,7.1,2.91,15.4,High-Efficiency Subcooling (COP >2.5)
DENSO-HP-1562,-11.4,18.1,8.3,3.13,12.6,High-Efficiency Subcooling (COP >2.5)
DENSO-HP-1563,-1.0,24.3,5.7,2.9,14.8,High-Efficiency Subcooling (COP >2.5)
DENSO-HP-1564,6.5,27.9,5.4,3.29,12.6,High-Efficiency Subcooling (COP >2.5)
DENSO-HP-1565,1.7,24.8,4.9,3.05,15.0,High-Efficiency Subcooling (COP >2.5)
DENSO-HP-1566,-13.1,17.2,4.8,2.52,17.4,High-Efficiency Subcooling (COP >2.5)
DENSO-HP-1567,-7.3,19.4,5.3,2.64,16.2,High-Efficiency Subcooling (COP >2.5)
DENSO-HP-1568,0.6,22.1,8.8,3.71,10.1,High-Efficiency Subcooling (COP >2.5)
DENSO-HP-1569,-1.4,22.5,5.2,2.94,14.6,High-Efficiency Subcooling (COP >2.5)
DENSO-HP-1570,0.3,25.6,7.9,3.65,9.7,High-Efficiency Subcooling (COP >2.5)
DENSO-HP-1571,-5.1,19.0,5.0,2.94,13.5,High-Efficiency Subcooling (COP >2.5)
DENSO-HP-1572,-14.6,17.1,5.0,2.44,17.0,Standard PTC Resistive Assist
DENSO-HP-1573,1.7,23.8,8.0,3.55,13.6,High-Efficiency Subcooling (COP >2.5)
DENSO-HP-1574,-13.4,17.3,9.1,3.34,13.6,High-Efficiency Subcooling (COP >2.5)
DENSO-HP-1575,9.1,26.8,9.5,3.8,7.6,High-Efficiency Subcooling (COP >2.5)
DENSO-HP-1576,-6.9,19.2,6.1,2.99,15.7,High-Efficiency Subcooling (COP >2.5)
DENSO-HP-1577,-2.0,21.7,6.9,3.38,11.5,High-Efficiency Subcooling (COP >2.5)
DENSO-HP-1578,-14.5,15.3,5.1,2.39,19.3,Standard PTC Resistive Assist
DENSO-HP-1579,11.6,28.9,7.2,3.65,9.4,High-Efficiency Subcooling (COP >2.5)
DENSO-HP-1580,0.3,20.4,5.5,2.98,15.0,High-Efficiency Subcooling (COP >2.5)
DENSO-HP-1581,3.6,24.3,6.6,3.29,12.2,High-Efficiency Subcooling (COP >2.5)
DENSO-HP-1582,-13.4,17.3,8.2,3.23,14.1,High-Efficiency Subcooling (COP >2.5)
DENSO-HP-1583,-13.9,15.9,6.5,3.01,13.8,High-Efficiency Subcooling (COP >2.5)
DENSO-HP-1584,-16.1,14.8,6.6,2.75,14.9,High-Efficiency Subcooling (COP >2.5)
DENSO-HP-1585,-4.3,20.7,5.6,3.08,14.4,High-Efficiency Subcooling (COP >2.5)
DENSO-HP-1586,-5.6,21.8,8.9,3.68,11.5,High-Efficiency Subcooling (COP >2.5)
DENSO-HP-1587,-14.8,15.6,7.7,3.05,13.9,High-Efficiency Subcooling (COP >2.5)
DENSO-HP-1588,-9.3,19.0,9.6,3.71,10.4,High-Efficiency Subcooling (COP >2.5)
DENSO-HP-1589,-13.8,17.9,6.8,2.97,16.4,High-Efficiency Subcooling (COP >2.5)
DENSO-HP-1590,11.3,28.4,6.8,3.71,11.3,High-Efficiency Subcooling (COP >2.5)
DENSO-HP-1591,10.0,31.4,6.5,3.59,11.6,High-Efficiency Subcooling (COP >2.5)
DENSO-HP-1592,-5.3,21.0,6.8,3.15,12.7,High-Efficiency Subcooling (COP >2.5)
DENSO-HP-1593,9.9,28.5,7.0,3.55,10.6,High-Efficiency Subcooling (COP >2.5)
DENSO-HP-1594,14.7,31.1,3.5,3.05,14.0,High-Efficiency Subcooling (COP >2.5)
DENSO-HP-1595,-17.2,15.7,5.7,2.58,17.5,High-Efficiency Subcooling (COP >2.5)
DENSO-HP-1596,-4.3,20.4,9.8,3.64,10.4,High-Efficiency Subcooling (COP >2.5)
DENSO-HP-1597,8.6,25.7,8.2,3.69,12.3,High-Efficiency Subcooling (COP >2.5)
DENSO-HP-1598,-10.0,18.3,6.9,3.01,14.6,High-Efficiency Subcooling (COP >2.5)
DENSO-HP-1599,1.5,21.6,7.1,3.23,14.3,High-Efficiency Subcooling (COP >2.5)
DENSO-HP-1600,9.1,25.1,9.8,3.8,10.8,High-Efficiency Subcooling (COP >2.5)
DENSO-HP-1601,-10.1,16.9,6.5,3.08,15.2,High-Efficiency Subcooling (COP >2.5)
DENSO-HP-1602,5.0,24.5,5.0,3.02,16.6,High-Efficiency Subcooling (COP >2.5)
DENSO-HP-1603,-4.3,21.2,5.7,2.86,16.8,High-Efficiency Subcooling (COP >2.5)
DENSO-HP-1604,13.5,28.2,6.9,3.58,12.2,High-Efficiency Subcooling (COP >2.5)
DENSO-HP-1605,5.9,25.5,8.1,3.79,11.4,High-Efficiency Subcooling (COP >2.5)
DENSO-HP-1606,14.3,30.6,7.6,3.8,9.4,High-Efficiency Subcooling (COP >2.5)
DENSO-HP-1607,3.6,23.4,4.5,2.99,15.3,High-Efficiency Subcooling (COP >2.5)
DENSO-HP-1608,10.3,25.8,6.7,3.59,12.2,High-Efficiency Subcooling (COP >2.5)
DENSO-HP-1609,-16.1,14.8,3.7,2.28,18.1,Standard PTC Resistive Assist
DENSO-HP-1610,8.0,25.2,4.3,2.74,17.7,High-Efficiency Subcooling (COP >2.5)
DENSO-HP-1611,5.1,23.2,8.0,3.77,10.1,High-Efficiency Subcooling (COP >2.5)
DENSO-HP-1612,4.3,26.3,9.3,3.8,10.7,High-Efficiency Subcooling (COP >2.5)
DENSO-HP-1613,6.7,26.0,7.6,3.64,11.1,High-Efficiency Subcooling (COP >2.5)
DENSO-HP-1614,-6.0,19.5,5.6,2.93,14.9,High-Efficiency Subcooling (COP >2.5)
DENSO-HP-1615,-4.3,18.9,8.4,3.57,9.8,High-Efficiency Subcooling (COP >2.5)
DENSO-HP-1616,7.2,26.1,6.0,3.49,12.0,High-Efficiency Subcooling (COP >2.5)
DENSO-HP-1617,-10.7,15.9,6.8,3.22,11.3,High-Efficiency Subcooling (COP >2.5)
DENSO-HP-1618,11.8,28.1,9.5,3.8,12.3,High-Efficiency Subcooling (COP >2.5)
DENSO-HP-1619,8.3,27.9,8.0,3.77,9.8,High-Efficiency Subcooling (COP >2.5)
DENSO-HP-1620,-13.0,17.4,8.6,3.47,15.4,High-Efficiency Subcooling (COP >2.5)
DENSO-HP-1621,12.5,29.7,8.1,3.8,9.4,High-Efficiency Subcooling (COP >2.5)
DENSO-HP-1622,13.7,29.9,6.3,3.48,13.2,High-Efficiency Subcooling (COP >2.5)
DENSO-HP-1623,6.5,26.0,5.0,3.05,13.6,High-Efficiency Subcooling (COP >2.5)
DENSO-HP-1624,-7.4,20.7,5.0,2.6,17.2,High-Efficiency Subcooling (COP >2.5)
DENSO-HP-1625,2.9,24.4,9.7,3.8,7.8,High-Efficiency Subcooling (COP >2.5)
DENSO-HP-1626,13.8,29.7,6.8,3.65,10.4,High-Efficiency Subcooling (COP >2.5)
DENSO-HP-1627,6.2,26.6,5.1,3.29,11.1,High-Efficiency Subcooling (COP >2.5)
DENSO-HP-1628,-0.4,22.1,9.6,3.77,8.2,High-Efficiency Subcooling (COP >2.5)
DENSO-HP-1629,4.4,24.3,5.2,3.02,13.8,High-Efficiency Subcooling (COP >2.5)
DENSO-HP-1630,11.8,29.8,5.0,3.27,12.0,High-Efficiency Subcooling (COP >2.5)
DENSO-HP-1631,-4.5,23.4,4.3,2.57,18.3,High-Efficiency Subcooling (COP >2.5)
DENSO-HP-1632,-10.1,18.3,8.9,3.36,12.5,High-Efficiency Subcooling (COP >2.5)
DENSO-HP-1633,-17.0,13.3,6.6,2.6,17.4,High-Efficiency Subcooling (COP >2.5)
DENSO-HP-1634,14.9,27.4,7.8,3.8,6.8,High-Efficiency Subcooling (COP >2.5)
DENSO-HP-1635,-14.0,17.4,10.0,3.61,9.7,High-Efficiency Subcooling (COP >2.5)
DENSO-HP-1636,1.0,23.6,6.2,3.24,14.0,High-Efficiency Subcooling (COP >2.5)
DENSO-HP-1637,-8.0,20.1,9.7,3.8,8.2,High-Efficiency Subcooling (COP >2.5)
DENSO-HP-1638,-3.6,20.3,4.8,2.78,14.2,High-Efficiency Subcooling (COP >2.5)
DENSO-HP-1639,2.4,25.5,9.6,3.8,11.9,High-Efficiency Subcooling (COP >2.5)
DENSO-HP-1640,0.9,22.1,7.7,3.37,12.7,High-Efficiency Subcooling (COP >2.5)
DENSO-HP-1641,-12.9,18.1,6.6,2.91,17.2,High-Efficiency Subcooling (COP >2.5)
DENSO-HP-1642,-14.0,16.0,6.0,2.88,14.3,High-Efficiency Subcooling (COP >2.5)
DENSO-HP-1643,-12.2,15.9,4.3,2.34,17.9,Standard PTC Resistive Assist
DENSO-HP-1644,-0.7,22.4,6.1,3.06,14.0,High-Efficiency Subcooling (COP >2.5)
DENSO-HP-1645,5.8,25.1,6.5,3.42,12.2,High-Efficiency Subcooling (COP >2.5)
DENSO-HP-1646,14.0,30.9,8.1,3.69,11.6,High-Efficiency Subcooling (COP >2.5)
DENSO-HP-1647,-12.7,16.5,10.0,3.54,11.9,High-Efficiency Subcooling (COP >2.5)
DENSO-HP-1648,-16.0,13.9,4.0,2.12,20.2,Standard PTC Resistive Assist
DENSO-HP-1649,14.6,29.6,5.7,3.52,11.5,High-Efficiency Subcooling (COP >2.5)
DENSO-HP-1650,11.1,29.9,6.9,3.49,11.8,High-Efficiency Subcooling (COP >2.5)
DENSO-HP-1651,-2.3,23.3,7.8,3.42,11.1,High-Efficiency Subcooling (COP >2.5)
DENSO-HP-1652,7.0,27.5,5.8,3.31,13.2,High-Efficiency Subcooling (COP >2.5)
DENSO-HP-1653,-4.2,20.8,3.8,2.58,16.7,High-Efficiency Subcooling (COP >2.5)
DENSO-HP-1654,13.8,29.8,7.0,3.8,10.4,High-Efficiency Subcooling (COP >2.5)
DENSO-HP-1655,4.7,26.1,6.2,3.3,11.7,High-Efficiency Subcooling (COP >2.5)
DENSO-HP-1656,-3.0,22.0,6.2,3.25,13.2,High-Efficiency Subcooling (COP >2.5)
DENSO-HP-1657,13.9,29.8,9.6,3.8,9.6,High-Efficiency Subcooling (COP >2.5)
DENSO-HP-1658,11.8,27.2,7.2,3.8,7.7,High-Efficiency Subcooling (COP >2.5)
DENSO-HP-1659,-11.8,16.8,9.1,3.61,10.9,High-Efficiency Subcooling (COP >2.5)
DENSO-HP-1660,10.0,27.8,7.9,3.8,10.5,High-Efficiency Subcooling (COP >2.5)
DENSO-HP-1661,-4.8,22.3,5.4,2.96,15.0,High-Efficiency Subcooling (COP >2.5)
DENSO-HP-1662,7.1,26.0,7.6,3.69,9.1,High-Efficiency Subcooling (COP >2.5)
DENSO-HP-1663,6.8,26.6,9.0,3.8,9.9,High-Efficiency Subcooling (COP >2.5)
DENSO-HP-1664,-4.8,19.1,3.6,2.22,19.6,Standard PTC Resistive Assist
DENSO-HP-1665,3.0,26.1,8.9,3.8,10.4,High-Efficiency Subcooling (COP >2.5)
DENSO-HP-1666,0.5,22.0,9.0,3.54,10.6,High-Efficiency Subcooling (COP >2.5)
DENSO-HP-1667,3.4,25.0,8.8,3.74,8.3,High-Efficiency Subcooling (COP >2.5)
DENSO-HP-1668,9.1,29.1,3.9,3.07,13.8,High-Efficiency Subcooling (COP >2.5)
DENSO-HP-1669,-6.9,19.5,5.2,2.39,17.5,Standard PTC Resistive Assist
DENSO-HP-1670,-8.9,19.2,6.3,2.98,15.3,High-Efficiency Subcooling (COP >2.5)
DENSO-HP-1671,13.5,28.8,9.7,3.8,12.2,High-Efficiency Subcooling (COP >2.5)
DENSO-HP-1672,-17.4,16.8,3.6,1.98,20.2,Standard PTC Resistive Assist
DENSO-HP-1673,8.2,24.3,7.7,3.66,12.1,High-Efficiency Subcooling (COP >2.5)
DENSO-HP-1674,9.8,27.1,6.8,3.8,10.3,High-Efficiency Subcooling (COP >2.5)
DENSO-HP-1675,-15.7,17.0,4.3,2.21,20.9,Standard PTC Resistive Assist
DENSO-HP-1676,-16.0,16.2,8.4,3.14,13.0,High-Efficiency Subcooling (COP >2.5)
DENSO-HP-1677,6.7,25.6,8.8,3.8,10.4,High-Efficiency Subcooling (COP >2.5)
DENSO-HP-1678,-5.0,21.9,5.4,2.76,15.7,High-Efficiency Subcooling (COP >2.5)
DENSO-HP-1679,-5.4,19.1,6.7,3.31,11.1,High-Efficiency Subcooling (COP >2.5)
DENSO-HP-1680,-17.1,13.6,4.8,2.12,19.8,Standard PTC Resistive Assist
DENSO-HP-1681,5.2,24.1,8.8,3.8,8.7,High-Efficiency Subcooling (COP >2.5)
DENSO-HP-1682,-4.6,22.3,7.3,3.2,11.4,High-Efficiency Subcooling (COP >2.5)
DENSO-HP-1683,3.8,24.6,7.4,3.8,10.4,High-Efficiency Subcooling (COP >2.5)
DENSO-HP-1684,-4.5,19.4,9.3,3.61,12.0,High-Efficiency Subcooling (COP >2.5)
DENSO-HP-1685,-15.6,16.1,5.0,2.38,17.4,Standard PTC Resistive Assist
DENSO-HP-1686,1.3,23.7,3.6,2.45,17.4,Standard PTC Resistive Assist
DENSO-HP-1687,-7.7,18.4,6.1,3.03,14.8,High-Efficiency Subcooling (COP >2.5)
DENSO-HP-1688,5.9,26.1,5.8,3.29,14.3,High-Efficiency Subcooling (COP >2.5)
DENSO-HP-1689,-6.6,20.1,6.7,3.34,13.6,High-Efficiency Subcooling (COP >2.5)
DENSO-HP-1690,-16.6,14.6,4.3,2.3,17.7,Standard PTC Resistive Assist
DENSO-HP-1691,7.5,26.4,9.1,3.8,11.4,High-Efficiency Subcooling (COP >2.5)
DENSO-HP-1692,5.7,26.0,4.2,2.86,14.1,High-Efficiency Subcooling (COP >2.5)
DENSO-HP-1693,2.8,24.6,6.9,3.31,12.4,High-Efficiency Subcooling (COP >2.5)
DENSO-HP-1694,13.8,28.5,6.0,3.5,10.0,High-Efficiency Subcooling (COP >2.5)
DENSO-HP-1695,10.4,28.6,6.2,3.62,10.2,High-Efficiency Subcooling (COP >2.5)
DENSO-HP-1696,11.9,29.5,4.1,3.07,13.6,High-Efficiency Subcooling (COP >2.5)
DENSO-HP-1697,-0.5,22.5,5.0,3.07,14.0,High-Efficiency Subcooling (COP >2.5)
DENSO-HP-1698,10.9,28.5,7.0,3.59,13.2,High-Efficiency Subcooling (COP >2.5)
DENSO-HP-1699,-9.8,18.9,6.4,2.55,17.2,High-Efficiency Subcooling (COP >2.5)
DENSO-HP-1700,3.7,25.4,10.0,3.8,9.8,High-Efficiency Subcooling (COP >2.5)
DENSO-HP-1701,9.2,25.5,7.3,3.68,11.4,High-Efficiency Subcooling (COP >2.5)
DENSO-HP-1702,-9.7,19.5,7.7,3.27,12.9,High-Efficiency Subcooling (COP >2.5)
DENSO-HP-1703,-10.9,18.4,7.6,3.28,11.0,High-Efficiency Subcooling (COP >2.5)
DENSO-HP-1704,-1.1,21.4,7.1,3.41,10.6,High-Efficiency Subcooling (COP >2.5)
DENSO-HP-1705,7.0,25.9,5.2,3.18,15.9,High-Efficiency Subcooling (COP >2.5)
DENSO-HP-1706,-17.9,14.4,5.0,2.4,18.2,Standard PTC Resistive Assist
DENSO-HP-1707,-13.9,17.5,6.9,3.03,15.1,High-Efficiency Subcooling (COP >2.5)
DENSO-HP-1708,-3.3,21.5,9.1,3.72,11.9,High-Efficiency Subcooling (COP >2.5)
DENSO-HP-1709,-2.8,22.5,4.4,2.88,14.6,High-Efficiency Subcooling (COP >2.5)
DENSO-HP-1710,-3.9,21.5,9.1,3.79,9.6,High-Efficiency Subcooling (COP >2.5)
DENSO-HP-1711,-17.2,15.5,5.0,2.46,16.9,Standard PTC Resistive Assist
DENSO-HP-1712,8.5,28.6,6.6,3.55,11.3,High-Efficiency Subcooling (COP >2.5)
DENSO-HP-1713,2.6,23.9,3.5,2.63,16.3,High-Efficiency Subcooling (COP >2.5)
DENSO-HP-1714,2.0,22.2,7.9,3.8,10.1,High-Efficiency Subcooling (COP >2.5)
DENSO-HP-1715,1.9,23.1,4.7,2.76,15.9,High-Efficiency Subcooling (COP >2.5)
DENSO-HP-1716,-12.6,18.1,9.3,3.65,10.1,High-Efficiency Subcooling (COP >2.5)
DENSO-HP-1717,-2.9,21.3,6.1,3.3,13.0,High-Efficiency Subcooling (COP >2.5)
DENSO-HP-1718,-17.6,14.8,7.1,2.67,19.2,High-Efficiency Subcooling (COP >2.5)
DENSO-HP-1719,-15.8,17.3,7.6,3.01,13.9,High-Efficiency Subcooling (COP >2.5)
DENSO-HP-1720,-0.5,22.1,7.7,3.49,10.6,High-Efficiency Subcooling (COP >2.5)
DENSO-HP-1721,-8.9,18.0,3.6,2.2,18.9,Standard PTC Resistive Assist
DENSO-HP-1722,-12.5,16.0,4.2,2.19,18.5,Standard PTC Resistive Assist
DENSO-HP-1723,-11.2,16.5,6.0,2.85,14.1,High-Efficiency Subcooling (COP >2.5)
DENSO-HP-1724,-5.1,18.6,6.9,3.22,13.4,High-Efficiency Subcooling (COP >2.5)
DENSO-HP-1725,3.5,26.7,6.4,3.06,13.3,High-Efficiency Subcooling (COP >2.5)
DENSO-HP-1726,4.7,23.8,7.7,3.61,9.6,High-Efficiency Subcooling (COP >2.5)
DENSO-HP-1727,-4.4,19.9,6.9,3.4,11.2,High-Efficiency Subcooling (COP >2.5)
DENSO-HP-1728,-2.1,23.0,7.4,3.14,14.4,High-Efficiency Subcooling (COP >2.5)
DENSO-HP-1729,13.5,29.5,9.8,3.8,10.7,High-Efficiency Subcooling (COP >2.5)
DENSO-HP-1730,-12.3,17.6,8.3,3.27,12.3,High-Efficiency Subcooling (COP >2.5)
DENSO-HP-1731,7.1,25.2,5.3,3.18,13.0,High-Efficiency Subcooling (COP >2.5)
DENSO-HP-1732,9.6,28.9,5.4,3.41,13.3,High-Efficiency Subcooling (COP >2.5)
DENSO-HP-1733,5.7,24.2,9.0,3.8,9.6,High-Efficiency Subcooling (COP >2.5)
DENSO-HP-1734,-6.0,21.1,6.5,3.06,15.1,High-Efficiency Subcooling (COP >2.5)
DENSO-HP-1735,-14.1,15.9,5.7,2.53,16.0,High-Efficiency Subcooling (COP >2.5)
DENSO-HP-1736,-10.8,17.7,8.1,3.21,13.7,High-Efficiency Subcooling (COP >2.5)
DENSO-HP-1737,-3.2,21.7,8.5,3.16,16.3,High-Efficiency Subcooling (COP >2.5)
DENSO-HP-1738,-1.0,23.3,6.9,3.15,14.1,High-Efficiency Subcooling (COP >2.5)
DENSO-HP-1739,12.6,27.8,6.0,3.38,11.5,High-Efficiency Subcooling (COP >2.5)
DENSO-HP-1740,11.3,28.5,8.6,3.8,10.6,High-Efficiency Subcooling (COP >2.5)
DENSO-HP-1741,-1.1,24.6,6.4,3.17,12.7,High-Efficiency Subcooling (COP >2.5)
DENSO-HP-1742,-7.1,16.2,3.8,2.37,18.6,Standard PTC Resistive Assist
DENSO-HP-1743,8.6,26.0,9.0,3.8,10.3,High-Efficiency Subcooling (COP >2.5)
DENSO-HP-1744,1.3,22.9,5.5,2.85,13.6,High-Efficiency Subcooling (COP >2.5)
DENSO-HP-1745,-17.6,16.1,7.7,3.07,12.6,High-Efficiency Subcooling (COP >2.5)
DENSO-HP-1746,-9.2,20.7,8.2,3.41,10.2,High-Efficiency Subcooling (COP >2.5)
DENSO-HP-1747,14.7,28.9,5.4,3.55,10.7,High-Efficiency Subcooling (COP >2.5)
DENSO-HP-1748,-10.8,17.3,8.3,3.39,13.2,High-Efficiency Subcooling (COP >2.5)
DENSO-HP-1749,-12.8,18.1,7.5,3.12,14.2,High-Efficiency Subcooling (COP >2.5)
DENSO-HP-1750,-16.8,16.2,8.4,3.19,13.7,High-Efficiency Subcooling (COP >2.5)
DENSO-HP-1751,-6.8,18.4,9.1,3.51,13.1,High-Efficiency Subcooling (COP >2.5)
DENSO-HP-1752,6.4,26.3,10.0,3.8,10.8,High-Efficiency Subcooling (COP >2.5)
DENSO-HP-1753,14.4,27.6,6.6,3.58,11.2,High-Efficiency Subcooling (COP >2.5)
DENSO-HP-1754,0.8,24.2,5.5,3.28,13.5,High-Efficiency Subcooling (COP >2.5)
DENSO-HP-1755,11.5,27.2,9.2,3.8,10.6,High-Efficiency Subcooling (COP >2.5)
DENSO-HP-1756,-14.9,15.0,9.5,3.43,10.4,High-Efficiency Subcooling (COP >2.5)
DENSO-HP-1757,-2.9,20.6,6.6,2.94,14.7,High-Efficiency Subcooling (COP >2.5)
DENSO-HP-1758,5.5,24.7,7.6,3.71,10.9,High-Efficiency Subcooling (COP >2.5)
DENSO-HP-1759,10.0,26.6,5.0,3.04,15.1,High-Efficiency Subcooling (COP >2.5)
DENSO-HP-1760,-17.7,13.9,8.8,3.21,11.6,High-Efficiency Subcooling (COP >2.5)
DENSO-HP-1761,5.9,26.7,9.9,3.8,9.8,High-Efficiency Subcooling (COP >2.5)
DENSO-HP-1762,-11.8,16.3,8.8,3.34,11.9,High-Efficiency Subcooling (COP >2.5)
DENSO-HP-1763,7.3,25.8,4.6,3.06,12.4,High-Efficiency Subcooling (COP >2.5)
DENSO-HP-1764,5.1,23.1,3.7,2.58,17.6,High-Efficiency Subcooling (COP >2.5)
DENSO-HP-1765,-4.7,21.9,9.0,3.66,8.5,High-Efficiency Subcooling (COP >2.5)
DENSO-HP-1766,-3.3,21.5,7.0,3.22,13.0,High-Efficiency Subcooling (COP >2.5)
DENSO-HP-1767,-6.3,19.9,7.6,3.33,11.6,High-Efficiency Subcooling (COP >2.5)
DENSO-HP-1768,-16.4,14.4,7.0,2.84,14.8,High-Efficiency Subcooling (COP >2.5)
DENSO-HP-1769,8.1,28.6,4.9,3.19,11.3,High-Efficiency Subcooling (COP >2.5)
DENSO-HP-1770,-16.1,15.6,6.8,3.02,13.8,High-Efficiency Subcooling (COP >2.5)
DENSO-HP-1771,-3.4,23.3,8.1,3.53,12.4,High-Efficiency Subcooling (COP >2.5)
DENSO-HP-1772,7.0,26.5,7.3,3.53,11.5,High-Efficiency Subcooling (COP >2.5)
DENSO-HP-1773,10.6,29.6,4.5,3.07,14.9,High-Efficiency Subcooling (COP >2.5)
DENSO-HP-1774,8.2,26.4,7.9,3.8,10.2,High-Efficiency Subcooling (COP >2.5)
DENSO-HP-1775,10.0,29.4,5.6,3.44,10.8,High-Efficiency Subcooling (COP >2.5)
DENSO-HP-1776,10.5,28.6,4.5,3.1,13.4,High-Efficiency Subcooling (COP >2.5)
DENSO-HP-1777,-12.0,17.5,9.7,3.45,13.9,High-Efficiency Subcooling (COP >2.5)
DENSO-HP-1778,-12.6,17.4,8.9,3.67,12.7,High-Efficiency Subcooling (COP >2.5)
DENSO-HP-1779,-3.3,18.8,5.2,2.87,14.4,High-Efficiency Subcooling (COP >2.5)
DENSO-HP-1780,-11.2,17.8,6.9,3.25,12.9,High-Efficiency Subcooling (COP >2.5)
DENSO-HP-1781,-8.8,19.7,4.8,2.75,18.0,High-Efficiency Subcooling (COP >2.5)
DENSO-HP-1782,0.8,24.9,6.9,3.17,12.8,High-Efficiency Subcooling (COP >2.5)
DENSO-HP-1783,-0.5,21.3,5.8,3.14,15.4,High-Efficiency Subcooling (COP >2.5)
DENSO-HP-1784,10.5,26.9,5.6,3.38,14.2,High-Efficiency Subcooling (COP >2.5)
DENSO-HP-1785,-10.9,16.9,4.2,2.44,15.4,Standard PTC Resistive Assist
DENSO-HP-1786,-2.3,18.6,4.1,2.94,12.8,High-Efficiency Subcooling (COP >2.5)
DENSO-HP-1787,9.9,26.6,5.2,3.27,13.5,High-Efficiency Subcooling (COP >2.5)
DENSO-HP-1788,-1.9,20.8,7.3,3.56,8.5,High-Efficiency Subcooling (COP >2.5)
DENSO-HP-1789,3.3,25.6,4.9,3.01,13.6,High-Efficiency Subcooling (COP >2.5)
DENSO-HP-1790,-5.6,20.1,4.4,2.48,18.1,Standard PTC Resistive Assist
DENSO-HP-1791,13.0,29.0,5.8,3.55,13.0,High-Efficiency Subcooling (COP >2.5)
DENSO-HP-1792,1.9,23.6,3.8,2.64,15.6,High-Efficiency Subcooling (COP >2.5)
DENSO-HP-1793,-3.8,21.2,7.5,3.12,15.5,High-Efficiency Subcooling (COP >2.5)
DENSO-HP-1794,7.7,26.4,9.8,3.8,8.2,High-Efficiency Subcooling (COP >2.5)
DENSO-HP-1795,5.0,25.6,9.4,3.8,10.9,High-Efficiency Subcooling (COP >2.5)
DENSO-HP-1796,-3.8,21.4,9.2,3.69,10.9,High-Efficiency Subcooling (COP >2.5)
DENSO-HP-1797,-3.7,21.3,6.4,3.27,13.4,High-Efficiency Subcooling (COP >2.5)
DENSO-HP-1798,-12.9,16.5,9.7,3.67,12.1,High-Efficiency Subcooling (COP >2.5)
DENSO-HP-1799,1.8,25.1,3.6,2.67,15.7,High-Efficiency Subcooling (COP >2.5)
DENSO-HP-1800,9.0,27.3,9.8,3.8,9.9,High-Efficiency Subcooling (COP >2.5)
DENSO-HP-1801,7.0,27.7,5.6,3.13,13.6,High-Efficiency Subcooling (COP >2.5)
DENSO-HP-1802,-9.2,18.5,7.6,3.25,11.8,High-Efficiency Subcooling (COP >2.5)
DENSO-HP-1803,-3.3,21.8,4.5,2.5,16.0,High-Efficiency Subcooling (COP >2.5)
DENSO-HP-1804,12.4,29.5,3.8,3.07,12.7,High-Efficiency Subcooling (COP >2.5)
DENSO-HP-1805,-12.6,16.4,4.0,2.36,18.4,Standard PTC Resistive Assist
DENSO-HP-1806,8.3,26.7,3.6,2.93,14.3,High-Efficiency Subcooling (COP >2.5)
DENSO-HP-1807,7.9,26.5,8.9,3.8,11.2,High-Efficiency Subcooling (COP >2.5)
DENSO-HP-1808,-14.1,17.9,3.6,2.12,19.5,Standard PTC Resistive Assist
DENSO-HP-1809,8.4,26.7,7.3,3.7,9.5,High-Efficiency Subcooling (COP >2.5)
DENSO-HP-1810,-13.5,17.6,6.0,2.78,14.2,High-Efficiency Subcooling (COP >2.5)
DENSO-HP-1811,2.7,22.2,8.4,3.8,9.2,High-Efficiency Subcooling (COP >2.5)
DENSO-HP-1812,-4.0,22.6,9.3,3.76,10.3,High-Efficiency Subcooling (COP >2.5)
DENSO-HP-1813,14.4,28.7,7.9,3.8,9.6,High-Efficiency Subcooling (COP >2.5)
DENSO-HP-1814,14.8,27.3,5.1,3.32,12.3,High-Efficiency Subcooling (COP >2.5)
DENSO-HP-1815,-10.1,20.1,9.9,3.62,12.6,High-Efficiency Subcooling (COP >2.5)
DENSO-HP-1816,-8.0,20.3,5.4,2.84,16.9,High-Efficiency Subcooling (COP >2.5)
DENSO-HP-1817,-12.3,17.3,5.0,2.76,13.2,High-Efficiency Subcooling (COP >2.5)
DENSO-HP-1818,11.7,30.1,7.8,3.8,10.3,High-Efficiency Subcooling (COP >2.5)
DENSO-HP-1819,3.0,24.6,5.2,3.04,14.7,High-Efficiency Subcooling (COP >2.5)
DENSO-HP-1820,-9.8,19.4,9.7,3.55,13.7,High-Efficiency Subcooling (COP >2.5)
DENSO-HP-1821,-5.5,19.2,4.4,2.41,20.5,Standard PTC Resistive Assist
DENSO-HP-1822,10.6,26.2,4.0,2.72,18.4,High-Efficiency Subcooling (COP >2.5)
DENSO-HP-1823,-10.7,17.2,9.1,3.48,12.6,High-Efficiency Subcooling (COP >2.5)
DENSO-HP-1824,6.7,26.2,8.7,3.8,9.5,High-Efficiency Subcooling (COP >2.5)
DENSO-HP-1825,-1.2,23.7,4.3,2.75,15.6,High-Efficiency Subcooling (COP >2.5)
DENSO-HP-1826,1.2,23.9,8.4,3.77,8.1,High-Efficiency Subcooling (COP >2.5)
DENSO-HP-1827,12.6,28.6,6.7,3.62,11.9,High-Efficiency Subcooling (COP >2.5)
DENSO-HP-1828,2.5,23.5,4.3,2.77,16.0,High-Efficiency Subcooling (COP >2.5)
DENSO-HP-1829,-9.1,19.0,4.4,2.5,15.4,High-Efficiency Subcooling (COP >2.5)
DENSO-HP-1830,-5.7,18.6,9.1,3.66,10.0,High-Efficiency Subcooling (COP >2.5)
DENSO-HP-1831,12.8,29.4,9.5,3.8,9.4,High-Efficiency Subcooling (COP >2.5)
DENSO-HP-1832,2.6,23.8,6.3,3.38,13.0,High-Efficiency Subcooling (COP >2.5)
DENSO-HP-1833,-8.9,18.3,5.6,2.69,17.5,High-Efficiency Subcooling (COP >2.5)
DENSO-HP-1834,8.7,27.6,5.4,3.31,14.0,High-Efficiency Subcooling (COP >2.5)
DENSO-HP-1835,0.9,24.6,5.8,3.15,13.3,High-Efficiency Subcooling (COP >2.5)
DENSO-HP-1836,0.1,22.8,6.7,3.3,14.1,High-Efficiency Subcooling (COP >2.5)
DENSO-HP-1837,1.7,23.7,6.8,3.28,12.6,High-Efficiency Subcooling (COP >2.5)
DENSO-HP-1838,6.7,24.5,9.2,3.8,7.8,High-Efficiency Subcooling (COP >2.5)
DENSO-HP-1839,-8.3,18.3,10.0,3.8,11.4,High-Efficiency Subcooling (COP >2.5)
DENSO-HP-1840,2.7,22.2,9.0,3.8,10.9,High-Efficiency Subcooling (COP >2.5)
DENSO-HP-1841,-2.7,22.1,9.6,3.75,8.9,High-Efficiency Subcooling (COP >2.5)
DENSO-HP-1842,8.0,24.6,7.4,3.8,8.6,High-Efficiency Subcooling (COP >2.5)
DENSO-HP-1843,-11.2,16.4,5.4,2.71,15.0,High-Efficiency Subcooling (COP >2.5)
DENSO-HP-1844,10.1,29.2,9.2,3.8,8.9,High-Efficiency Subcooling (COP >2.5)
DENSO-HP-1845,-11.3,17.7,5.3,2.62,18.5,High-Efficiency Subcooling (COP >2.5)
DENSO-HP-1846,12.3,29.4,9.9,3.8,8.3,High-Efficiency Subcooling (COP >2.5)
DENSO-HP-1847,-12.0,16.9,9.3,3.65,10.2,High-Efficiency Subcooling (COP >2.5)
DENSO-HP-1848,-9.4,20.8,6.8,2.88,15.1,High-Efficiency Subcooling (COP >2.5)
DENSO-HP-1849,-9.4,19.9,7.6,3.28,12.8,High-Efficiency Subcooling (COP >2.5)
DENSO-HP-1850,-2.5,22.6,6.0,2.84,15.6,High-Efficiency Subcooling (COP >2.5)
DENSO-HP-1851,-8.2,19.7,5.4,2.78,16.1,High-Efficiency Subcooling (COP >2.5)
DENSO-HP-1852,2.4,23.8,8.8,3.64,12.0,High-Efficiency Subcooling (COP >2.5)
DENSO-HP-1853,3.3,23.0,3.6,2.63,17.7,High-Efficiency Subcooling (COP >2.5)
DENSO-HP-1854,-14.8,16.8,7.0,2.98,14.8,High-Efficiency Subcooling (COP >2.5)
DENSO-HP-1855,-12.5,17.2,5.1,2.76,13.0,High-Efficiency Subcooling (COP >2.5)
DENSO-HP-1856,-2.3,25.4,7.5,3.39,10.9,High-Efficiency Subcooling (COP >2.5)
DENSO-HP-1857,-1.9,20.7,4.5,2.8,16.5,High-Efficiency Subcooling (COP >2.5)
DENSO-HP-1858,-5.5,20.5,9.9,3.77,12.2,High-Efficiency Subcooling (COP >2.5)
DENSO-HP-1859,6.7,27.1,7.6,3.7,8.4,High-Efficiency Subcooling (COP >2.5)
DENSO-HP-1860,14.2,26.9,3.9,3.06,11.9,High-Efficiency Subcooling (COP >2.5)
DENSO-HP-1861,14.1,29.8,8.0,3.8,9.7,High-Efficiency Subcooling (COP >2.5)
DENSO-HP-1862,5.1,24.3,4.0,2.81,17.2,High-Efficiency Subcooling (COP >2.5)
DENSO-HP-1863,-4.5,21.2,6.8,3.23,11.3,High-Efficiency Subcooling (COP >2.5)
DENSO-HP-1864,11.9,27.7,6.7,3.68,11.8,High-Efficiency Subcooling (COP >2.5)
DENSO-HP-1865,-13.3,16.9,5.5,2.58,17.5,High-Efficiency Subcooling (COP >2.5)
DENSO-HP-1866,1.0,25.6,8.9,3.66,10.0,High-Efficiency Subcooling (COP >2.5)
DENSO-HP-1867,-1.6,20.0,3.9,2.56,16.7,High-Efficiency Subcooling (COP >2.5)
DENSO-HP-1868,-15.2,18.0,9.7,3.43,12.3,High-Efficiency Subcooling (COP >2.5)
DENSO-HP-1869,-10.6,19.4,8.6,3.3,12.3,High-Efficiency Subcooling (COP >2.5)
DENSO-HP-1870,3.1,25.0,9.5,3.8,8.8,High-Efficiency Subcooling (COP >2.5)
DENSO-HP-1871,-2.6,21.5,3.8,2.59,16.9,High-Efficiency Subcooling (COP >2.5)
DENSO-HP-1872,-14.8,15.5,8.5,3.14,11.5,High-Efficiency Subcooling (COP >2.5)
DENSO-HP-1873,-4.2,21.7,9.6,3.67,11.1,High-Efficiency Subcooling (COP >2.5)
DENSO-HP-1874,10.7,30.4,4.5,3.18,14.4,High-Efficiency Subcooling (COP >2.5)
DENSO-HP-1875,1.0,23.1,5.8,3.17,13.3,High-Efficiency Subcooling (COP >2.5)
DENSO-HP-1876,3.4,25.0,9.8,3.8,9.9,High-Efficiency Subcooling (COP >2.5)
DENSO-HP-1877,7.5,28.1,9.2,3.8,12.6,High-Efficiency Subcooling (COP >2.5)
DENSO-HP-1878,-11.0,18.1,8.3,3.1,13.2,High-Efficiency Subcooling (COP >2.5)
DENSO-HP-1879,-5.8,21.1,7.8,3.2,14.7,High-Efficiency Subcooling (COP >2.5)
DENSO-HP-1880,6.2,26.1,7.3,3.51,10.4,High-Efficiency Subcooling (COP >2.5)
DENSO-HP-1881,-0.9,21.3,9.2,3.8,10.3,High-Efficiency Subcooling (COP >2.5)
DENSO-HP-1882,11.7,26.0,7.3,3.8,11.7,High-Efficiency Subcooling (COP >2.5)
DENSO-HP-1883,4.7,23.8,3.8,2.94,14.8,High-Efficiency Subcooling (COP >2.5)
DENSO-HP-1884,13.9,29.9,7.1,3.8,10.7,High-Efficiency Subcooling (COP >2.5)
DENSO-HP-1885,-15.0,17.5,9.5,3.28,13.4,High-Efficiency Subcooling (COP >2.5)
DENSO-HP-1886,12.7,29.5,6.1,3.75,9.9,High-Efficiency Subcooling (COP >2.5)
DENSO-HP-1887,4.6,26.7,8.5,3.8,9.3,High-Efficiency Subcooling (COP >2.5)
DENSO-HP-1888,14.1,28.6,5.9,3.7,9.2,High-Efficiency Subcooling (COP >2.5)
DENSO-HP-1889,13.9,30.6,9.1,3.8,9.5,High-Efficiency Subcooling (COP >2.5)
DENSO-HP-1890,-14.5,17.2,9.9,3.47,11.3,High-Efficiency Subcooling (COP >2.5)
DENSO-HP-1891,6.1,27.2,9.2,3.8,9.2,High-Efficiency Subcooling (COP >2.5)
DENSO-HP-1892,11.6,28.0,7.9,3.74,12.7,High-Efficiency Subcooling (COP >2.5)
DENSO-HP-1893,6.2,26.8,7.4,3.43,11.9,High-Efficiency Subcooling (COP >2.5)
DENSO-HP-1894,-15.0,17.2,8.2,3.43,14.8,High-Efficiency Subcooling (COP >2.5)
DENSO-HP-1895,-8.5,19.2,5.7,2.73,17.5,High-Efficiency Subcooling (COP >2.5)
DENSO-HP-1896,-4.9,22.4,9.5,3.35,12.0,High-Efficiency Subcooling (COP >2.5)
DENSO-HP-1897,-8.2,18.8,6.8,2.97,13.8,High-Efficiency Subcooling (COP >2.5)
DENSO-HP-1898,-15.9,15.6,7.5,3.05,13.7,High-Efficiency Subcooling (COP >2.5)
DENSO-HP-1899,0.5,20.0,6.1,3.21,13.1,High-Efficiency Subcooling (COP >2.5)
DENSO-HP-1900,14.8,31.0,5.9,3.54,12.7,High-Efficiency Subcooling (COP >2.5)
DENSO-HP-1901,12.8,27.1,8.8,3.8,9.6,High-Efficiency Subcooling (COP >2.5)
DENSO-HP-1902,-5.5,21.3,9.4,3.64,11.8,High-Efficiency Subcooling (COP >2.5)
DENSO-HP-1903,-17.9,15.9,6.1,2.66,15.5,High-Efficiency Subcooling (COP >2.5)
DENSO-HP-1904,7.5,27.3,5.1,3.08,14.0,High-Efficiency Subcooling (COP >2.5)
DENSO-HP-1905,4.3,26.1,9.2,3.8,9.2,High-Efficiency Subcooling (COP >2.5)
DENSO-HP-1906,9.8,28.9,4.8,3.1,15.8,High-Efficiency Subcooling (COP >2.5)
DENSO-HP-1907,-6.5,19.1,9.7,3.59,11.3,High-Efficiency Subcooling (COP >2.5)
DENSO-HP-1908,-17.6,14.9,8.5,3.3,12.4,High-Efficiency Subcooling (COP >2.5)
DENSO-HP-1909,-16.6,16.4,9.5,3.48,12.7,High-Efficiency Subcooling (COP >2.5)
DENSO-HP-1910,-1.8,21.7,7.8,3.64,9.9,High-Efficiency Subcooling (COP >2.5)
DENSO-HP-1911,-6.0,19.5,5.0,2.67,17.1,High-Efficiency Subcooling (COP >2.5)
DENSO-HP-1912,-1.2,21.9,5.3,2.76,16.7,High-Efficiency Subcooling (COP >2.5)
DENSO-HP-1913,-13.8,16.6,7.3,2.83,16.1,High-Efficiency Subcooling (COP >2.5)
DENSO-HP-1914,-1.4,19.7,8.6,3.63,11.2,High-Efficiency Subcooling (COP >2.5)
DENSO-HP-1915,-9.0,20.1,5.0,2.53,19.1,High-Efficiency Subcooling (COP >2.5)
DENSO-HP-1916,-0.5,24.2,3.5,2.63,15.8,High-Efficiency Subcooling (COP >2.5)
DENSO-HP-1917,1.1,24.9,9.8,3.8,9.8,High-Efficiency Subcooling (COP >2.5)
DENSO-HP-1918,-1.5,23.4,9.6,3.8,9.1,High-Efficiency Subcooling (COP >2.5)
DENSO-HP-1919,-13.5,17.1,9.0,3.2,13.3,High-Efficiency Subcooling (COP >2.5)
DENSO-HP-1920,-9.1,19.2,8.0,3.31,10.3,High-Efficiency Subcooling (COP >2.5)
DENSO-HP-1921,-3.9,20.7,3.5,2.68,14.7,High-Efficiency Subcooling (COP >2.5)
DENSO-HP-1922,-1.9,19.7,7.8,3.51,10.5,High-Efficiency Subcooling (COP >2.5)
DENSO-HP-1923,10.3,28.7,9.2,3.8,10.6,High-Efficiency Subcooling (COP >2.5)
DENSO-HP-1924,7.4,25.1,3.9,2.81,17.1,High-Efficiency Subcooling (COP >2.5)
DENSO-HP-1925,7.8,28.0,7.2,3.56,13.1,High-Efficiency Subcooling (COP >2.5)
DENSO-HP-1926,-16.2,15.8,7.1,2.96,13.3,High-Efficiency Subcooling (COP >2.5)
DENSO-HP-1927,3.5,24.4,4.2,3.01,13.4,High-Efficiency Subcooling (COP >2.5)
DENSO-HP-1928,-8.7,18.1,3.6,2.14,23.4,Standard PTC Resistive Assist
DENSO-HP-1929,9.0,27.5,4.3,2.81,15.6,High-Efficiency Subcooling (COP >2.5)
DENSO-HP-1930,11.4,29.6,5.4,3.12,14.3,High-Efficiency Subcooling (COP >2.5)
DENSO-HP-1931,-11.8,16.7,6.9,2.85,15.9,High-Efficiency Subcooling (COP >2.5)
DENSO-HP-1932,-14.9,16.0,5.4,2.51,16.6,High-Efficiency Subcooling (COP >2.5)
DENSO-HP-1933,-15.5,13.7,6.8,2.83,17.2,High-Efficiency Subcooling (COP >2.5)
DENSO-HP-1934,6.5,25.7,4.3,3.08,12.9,High-Efficiency Subcooling (COP >2.5)
DENSO-HP-1935,-13.3,15.4,5.1,2.48,18.7,Standard PTC Resistive Assist
DENSO-HP-1936,12.5,31.4,7.6,3.65,11.5,High-Efficiency Subcooling (COP >2.5)
DENSO-HP-1937,-10.7,17.5,8.5,3.12,13.7,High-Efficiency Subcooling (COP >2.5)
DENSO-HP-1938,-12.2,17.0,7.2,2.99,14.3,High-Efficiency Subcooling (COP >2.5)
DENSO-HP-1939,7.6,25.6,3.8,3.1,15.3,High-Efficiency Subcooling (COP >2.5)
DENSO-HP-1940,-10.8,16.8,8.8,3.29,11.4,High-Efficiency Subcooling (COP >2.5)
DENSO-HP-1941,12.4,26.4,9.5,3.8,9.9,High-Efficiency Subcooling (COP >2.5)
DENSO-HP-1942,-11.9,18.0,7.1,3.0,16.2,High-Efficiency Subcooling (COP >2.5)
DENSO-HP-1943,-11.0,19.6,6.7,2.88,15.4,High-Efficiency Subcooling (COP >2.5)
DENSO-HP-1944,0.5,23.1,3.8,2.69,15.6,High-Efficiency Subcooling (COP >2.5)
DENSO-HP-1945,-4.0,20.6,9.7,3.77,8.3,High-Efficiency Subcooling (COP >2.5)
DENSO-HP-1946,12.3,27.7,9.3,3.8,8.8,High-Efficiency Subcooling (COP >2.5)
DENSO-HP-1947,5.0,23.9,9.5,3.8,9.2,High-Efficiency Subcooling (COP >2.5)
DENSO-HP-1948,-1.9,21.9,5.9,3.17,10.8,High-Efficiency Subcooling (COP >2.5)
DENSO-HP-1949,11.7,27.7,6.5,3.3,15.8,High-Efficiency Subcooling (COP >2.5)
DENSO-HP-1950,6.4,25.3,4.0,3.0,15.0,High-Efficiency Subcooling (COP >2.5)
DENSO-HP-1951,0.9,23.2,5.5,3.07,14.8,High-Efficiency Subcooling (COP >2.5)
DENSO-HP-1952,-16.6,15.7,4.7,2.45,19.2,Standard PTC Resistive Assist
DENSO-HP-1953,-8.8,18.5,4.9,2.5,17.6,Standard PTC Resistive Assist
DENSO-HP-1954,7.9,25.7,8.7,3.75,11.3,High-Efficiency Subcooling (COP >2.5)
DENSO-HP-1955,5.6,26.1,6.9,3.52,10.3,High-Efficiency Subcooling (COP >2.5)
DENSO-HP-1956,14.1,30.5,8.4,3.8,9.2,High-Efficiency Subcooling (COP >2.5)
DENSO-HP-1957,2.2,24.4,7.4,3.41,12.2,High-Efficiency Subcooling (COP >2.5)
DENSO-HP-1958,0.3,22.3,5.8,3.06,15.1,High-Efficiency Subcooling (COP >2.5)
DENSO-HP-1959,-3.9,19.9,7.9,3.52,8.2,High-Efficiency Subcooling (COP >2.5)
DENSO-HP-1960,8.5,28.0,8.1,3.75,9.3,High-Efficiency Subcooling (COP >2.5)
DENSO-HP-1961,3.3,23.6,9.3,3.8,9.9,High-Efficiency Subcooling (COP >2.5)
DENSO-HP-1962,10.1,27.3,3.8,3.02,13.4,High-Efficiency Subcooling (COP >2.5)
DENSO-HP-1963,6.9,27.4,8.3,3.8,9.0,High-Efficiency Subcooling (COP >2.5)
DENSO-HP-1964,9.3,26.8,5.9,3.47,11.5,High-Efficiency Subcooling (COP >2.5)
DENSO-HP-1965,-4.7,22.6,6.4,3.05,14.7,High-Efficiency Subcooling (COP >2.5)
DENSO-HP-1966,-1.1,21.2,4.0,2.68,16.8,High-Efficiency Subcooling (COP >2.5)
DENSO-HP-1967,2.0,24.1,5.5,2.96,13.6,High-Efficiency Subcooling (COP >2.5)
DENSO-HP-1968,3.1,24.6,8.1,3.69,8.5,High-Efficiency Subcooling (COP >2.5)
DENSO-HP-1969,8.2,25.6,9.6,3.8,8.4,High-Efficiency Subcooling (COP >2.5)
DENSO-HP-1970,8.7,27.1,5.8,3.22,11.5,High-Efficiency Subcooling (COP >2.5)
DENSO-HP-1971,0.6,23.6,5.2,2.91,15.3,High-Efficiency Subcooling (COP >2.5)
DENSO-HP-1972,-6.4,20.2,4.5,2.73,15.9,High-Efficiency Subcooling (COP >2.5)
DENSO-HP-1973,11.1,27.9,8.3,3.8,9.2,High-Efficiency Subcooling (COP >2.5)
DENSO-HP-1974,-8.1,20.8,5.6,2.67,15.8,High-Efficiency Subcooling (COP >2.5)
DENSO-HP-1975,-4.0,21.7,7.0,3.37,12.5,High-Efficiency Subcooling (COP >2.5)
DENSO-HP-1976,-4.1,22.1,4.8,2.46,17.8,Standard PTC Resistive Assist
DENSO-HP-1977,-4.4,20.8,7.9,3.6,11.9,High-Efficiency Subcooling (COP >2.5)
DENSO-HP-1978,7.1,25.8,8.2,3.75,11.7,High-Efficiency Subcooling (COP >2.5)
DENSO-HP-1979,-13.5,16.4,4.1,2.29,19.2,Standard PTC Resistive Assist
DENSO-HP-1980,-17.7,16.3,5.2,2.3,19.7,Standard PTC Resistive Assist
DENSO-HP-1981,-10.5,17.5,7.2,3.21,12.8,High-Efficiency Subcooling (COP >2.5)
DENSO-HP-1982,-9.8,19.1,9.6,3.69,12.0,High-Efficiency Subcooling (COP >2.5)
DENSO-HP-1983,-5.7,21.5,9.7,3.68,9.9,High-Efficiency Subcooling (COP >2.5)
DENSO-HP-1984,7.0,26.5,3.9,2.77,16.6,High-Efficiency Subcooling (COP >2.5)
DENSO-HP-1985,5.7,27.0,8.9,3.8,9.7,High-Efficiency Subcooling (COP >2.5)
DENSO-HP-1986,-2.9,21.9,4.7,2.78,14.4,High-Efficiency Subcooling (COP >2.5)
DENSO-HP-1987,3.0,25.4,6.8,3.49,11.3,High-Efficiency Subcooling (COP >2.5)
DENSO-HP-1988,-15.2,17.8,3.5,2.27,20.2,Standard PTC Resistive Assist
DENSO-HP-1989,14.9,30.6,7.5,3.8,10.5,High-Efficiency Subcooling (COP >2.5)
DENSO-HP-1990,-10.0,16.6,6.3,2.87,16.8,High-Efficiency Subcooling (COP >2.5)
DENSO-HP-1991,12.9,28.5,5.1,3.19,14.7,High-Efficiency Subcooling (COP >2.5)
DENSO-HP-1992,2.3,22.6,8.6,3.78,9.4,High-Efficiency Subcooling (COP >2.5)
DENSO-HP-1993,5.3,26.3,7.2,3.8,8.9,High-Efficiency Subcooling (COP >2.5)
DENSO-HP-1994,14.2,30.0,7.8,3.8,11.4,High-Efficiency Subcooling (COP >2.5)
DENSO-HP-1995,2.5,24.0,7.1,3.56,10.9,High-Efficiency Subcooling (COP >2.5)
DENSO-HP-1996,-8.4,18.9,4.2,2.34,17.2,Standard PTC Resistive Assist
DENSO-HP-1997,-6.5,22.3,9.6,3.62,10.8,High-Efficiency Subcooling (COP >2.5)
DENSO-HP-1998,12.9,29.4,6.5,3.58,11.0,High-Efficiency Subcooling (COP >2.5)
DENSO-HP-1999,-10.9,17.8,4.7,2.61,16.5,High-Efficiency Subcooling (COP >2.5)
DENSO-HP-2000,-8.3,16.3,7.1,3.14,16.0,High-Efficiency Subcooling (COP >2.5)
DENSO-HP-2001,8.5,24.2,5.2,3.16,14.3,High-Efficiency Subcooling (COP >2.5)
DENSO-HP-2002,-4.3,22.4,3.8,2.65,16.6,High-Efficiency Subcooling (COP >2.5)
DENSO-HP-2003,10.5,29.1,9.6,3.8,9.6,High-Efficiency Subcooling (COP >2.5)
DENSO-HP-2004,-16.0,17.4,3.9,2.01,21.2,Standard PTC Resistive Assist
DENSO-HP-2005,3.6,25.0,3.8,3.04,14.1,High-Efficiency Subcooling (COP >2.5)
DENSO-HP-2006,-5.0,19.6,6.1,2.92,16.4,High-Efficiency Subcooling (COP >2.5)
DENSO-HP-2007,-12.3,16.6,8.6,3.56,10.3,High-Efficiency Subcooling (COP >2.5)
DENSO-HP-2008,11.8,26.8,6.1,3.4,10.8,High-Efficiency Subcooling (COP >2.5)
DENSO-HP-2009,-3.0,24.2,9.8,3.78,10.6,High-Efficiency Subcooling (COP >2.5)
DENSO-HP-2010,3.4,24.4,7.6,3.64,11.1,High-Efficiency Subcooling (COP >2.5)
DENSO-HP-2011,4.9,23.7,4.0,2.71,15.9,High-Efficiency Subcooling (COP >2.5)
DENSO-HP-2012,2.2,23.9,5.9,3.12,13.9,High-Efficiency Subcooling (COP >2.5)
DENSO-HP-2013,-3.7,22.7,4.8,2.69,17.0,High-Efficiency Subcooling (COP >2.5)
DENSO-HP-2014,8.9,26.5,9.5,3.8,9.6,High-Efficiency Subcooling (COP >2.5)
DENSO-HP-2015,-1.1,22.5,7.1,3.32,12.6,High-Efficiency Subcooling (COP >2.5)
DENSO-HP-2016,4.1,24.4,9.3,3.8,10.2,High-Efficiency Subcooling (COP >2.5)
DENSO-HP-2017,13.8,27.7,4.9,3.24,14.7,High-Efficiency Subcooling (COP >2.5)
DENSO-HP-2018,7.3,24.7,9.4,3.8,10.0,High-Efficiency Subcooling (COP >2.5)
DENSO-HP-2019,-17.5,13.4,6.0,2.65,17.0,High-Efficiency Subcooling (COP >2.5)
DENSO-HP-2020,13.0,28.6,4.8,3.33,11.5,High-Efficiency Subcooling (COP >2.5)
DENSO-HP-2021,-1.5,21.7,3.9,2.74,15.4,High-Efficiency Subcooling (COP >2.5)
DENSO-HP-2022,-3.8,22.4,4.7,2.95,13.9,High-Efficiency Subcooling (COP >2.5)
DENSO-HP-2023,7.6,25.6,4.5,2.94,14.2,High-Efficiency Subcooling (COP >2.5)
DENSO-HP-2024,-14.1,16.3,9.5,3.45,12.9,High-Efficiency Subcooling (COP >2.5)
DENSO-HP-2025,-12.3,17.8,5.4,2.67,18.5,High-Efficiency Subcooling (COP >2.5)
DENSO-HP-2026,-1.6,23.1,9.8,3.8,9.1,High-Efficiency Subcooling (COP >2.5)
DENSO-HP-2027,-8.3,20.2,3.9,2.48,17.0,Standard PTC Resistive Assist
DENSO-HP-2028,10.8,29.1,6.5,3.64,9.2,High-Efficiency Subcooling (COP >2.5)
DENSO-HP-2029,12.2,29.9,3.9,3.02,15.6,High-Efficiency Subcooling (COP >2.5)
DENSO-HP-2030,5.5,25.4,7.5,3.8,11.2,High-Efficiency Subcooling (COP >2.5)
DENSO-HP-2031,-3.1,23.2,9.0,3.67,11.4,High-Efficiency Subcooling (COP >2.5)
DENSO-HP-2032,0.3,22.1,8.3,3.78,9.7,High-Efficiency Subcooling (COP >2.5)
DENSO-HP-2033,12.5,28.9,4.6,3.28,13.2,High-Efficiency Subcooling (COP >2.5)
DENSO-HP-2034,-15.9,16.0,9.9,3.56,13.9,High-Efficiency Subcooling (COP >2.5)
DENSO-HP-2035,-16.3,15.3,4.4,2.54,17.2,High-Efficiency Subcooling (COP >2.5)
DENSO-HP-2036,6.8,27.7,7.0,3.54,11.4,High-Efficiency Subcooling (COP >2.5)
DENSO-HP-2037,-9.7,18.5,6.6,3.04,13.3,High-Efficiency Subcooling (COP >2.5)
DENSO-HP-2038,-5.7,19.0,5.7,2.76,14.4,High-Efficiency Subcooling (COP >2.5)
DENSO-HP-2039,-13.8,17.1,8.5,3.31,14.1,High-Efficiency Subcooling (COP >2.5)
DENSO-HP-2040,-2.8,19.1,7.7,3.42,12.4,High-Efficiency Subcooling (COP >2.5)
DENSO-HP-2041,-12.3,18.0,4.5,2.64,16.6,High-Efficiency Subcooling (COP >2.5)
DENSO-HP-2042,-1.0,22.5,4.3,2.73,17.0,High-Efficiency Subcooling (COP >2.5)
DENSO-HP-2043,-2.7,21.0,8.7,3.8,11.1,High-Efficiency Subcooling (COP >2.5)
DENSO-HP-2044,1.3,22.3,6.8,3.4,11.9,High-Efficiency Subcooling (COP >2.5)
DENSO-HP-2045,-3.6,20.8,4.5,2.99,13.5,High-Efficiency Subcooling (COP >2.5)
DENSO-HP-2046,0.5,22.4,6.4,3.17,13.2,High-Efficiency Subcooling (COP >2.5)
DENSO-HP-2047,-13.0,15.4,4.5,2.33,18.2,Standard PTC Resistive Assist
DENSO-HP-2048,-4.1,21.5,6.0,3.04,15.4,High-Efficiency Subcooling (COP >2.5)
DENSO-HP-2049,13.4,30.0,7.9,3.8,8.6,High-Efficiency Subcooling (COP >2.5)
DENSO-HP-2050,-1.9,21.5,4.6,2.77,16.8,High-Efficiency Subcooling (COP >2.5)
DENSO-HP-2051,-5.8,19.3,3.7,2.33,16.8,Standard PTC Resistive Assist
DENSO-HP-2052,5.5,21.7,10.0,3.8,12.1,High-Efficiency Subcooling (COP >2.5)
DENSO-HP-2053,-8.2,21.3,4.1,2.65,16.6,High-Efficiency Subcooling (COP >2.5)
DENSO-HP-2054,0.5,23.4,6.9,3.27,13.7,High-Efficiency Subcooling (COP >2.5)
DENSO-HP-2055,-3.6,21.5,9.3,3.8,10.8,High-Efficiency Subcooling (COP >2.5)
DENSO-HP-2056,0.1,22.9,4.7,2.98,15.9,High-Efficiency Subcooling (COP >2.5)
DENSO-HP-2057,-2.7,22.0,9.4,3.8,9.3,High-Efficiency Subcooling (COP >2.5)
DENSO-HP-2058,7.1,26.6,5.1,3.17,13.7,High-Efficiency Subcooling (COP >2.5)
DENSO-HP-2059,5.5,26.5,9.9,3.8,12.0,High-Efficiency Subcooling (COP >2.5)
DENSO-HP-2060,14.8,30.5,4.3,3.02,13.6,High-Efficiency Subcooling (COP >2.5)
DENSO-HP-2061,-11.1,18.2,7.5,3.36,12.6,High-Efficiency Subcooling (COP >2.5)
DENSO-HP-2062,-15.8,14.6,3.6,1.95,20.9,Standard PTC Resistive Assist
DENSO-HP-2063,12.7,28.7,6.3,3.62,11.5,High-Efficiency Subcooling (COP >2.5)
DENSO-HP-2064,-15.6,15.2,4.9,2.28,19.9,Standard PTC Resistive Assist
DENSO-HP-2065,-1.6,22.1,3.7,2.71,17.9,High-Efficiency Subcooling (COP >2.5)
DENSO-HP-2066,2.7,23.5,6.6,3.33,12.5,High-Efficiency Subcooling (COP >2.5)
DENSO-HP-2067,0.5,23.3,9.0,3.8,8.6,High-Efficiency Subcooling (COP >2.5)
DENSO-HP-2068,-11.3,19.3,10.0,3.66,10.2,High-Efficiency Subcooling (COP >2.5)
DENSO-HP-2069,-1.4,23.7,3.5,2.67,16.8,High-Efficiency Subcooling (COP >2.5)
DENSO-HP-2070,-9.1,19.4,8.1,3.35,12.6,High-Efficiency Subcooling (COP >2.5)
DENSO-HP-2071,-9.6,18.6,9.4,3.67,11.1,High-Efficiency Subcooling (COP >2.5)
DENSO-HP-2072,10.3,27.9,6.9,3.54,10.2,High-Efficiency Subcooling (COP >2.5)
DENSO-HP-2073,2.5,23.2,3.8,2.61,14.8,High-Efficiency Subcooling (COP >2.5)
DENSO-HP-2074,10.9,28.2,4.6,3.06,13.2,High-Efficiency Subcooling (COP >2.5)
DENSO-HP-2075,-7.8,18.3,9.1,3.71,12.0,High-Efficiency Subcooling (COP >2.5)
DENSO-HP-2076,10.7,28.1,6.0,3.56,14.2,High-Efficiency Subcooling (COP >2.5)
DENSO-HP-2077,8.9,26.5,3.5,2.92,12.7,High-Efficiency Subcooling (COP >2.5)
DENSO-HP-2078,11.8,28.2,8.5,3.8,9.2,High-Efficiency Subcooling (COP >2.5)
DENSO-HP-2079,0.9,23.8,5.9,2.96,13.6,High-Efficiency Subcooling (COP >2.5)
DENSO-HP-2080,5.1,26.6,8.9,3.8,10.7,High-Efficiency Subcooling (COP >2.5)
DENSO-HP-2081,-14.5,16.0,9.8,3.58,13.0,High-Efficiency Subcooling (COP >2.5)
DENSO-HP-2082,4.0,23.5,9.6,3.75,11.5,High-Efficiency Subcooling (COP >2.5)
DENSO-HP-2083,-9.7,17.5,5.2,2.85,16.8,High-Efficiency Subcooling (COP >2.5)
DENSO-HP-2084,-11.1,17.9,5.7,2.64,15.5,High-Efficiency Subcooling (COP >2.5)
DENSO-HP-2085,-8.0,19.2,9.8,3.8,9.3,High-Efficiency Subcooling (COP >2.5)
DENSO-HP-2086,2.9,25.3,6.6,3.38,11.3,High-Efficiency Subcooling (COP >2.5)
DENSO-HP-2087,0.1,23.4,4.4,2.84,16.6,High-Efficiency Subcooling (COP >2.5)
DENSO-HP-2088,4.6,24.1,5.0,3.02,13.6,High-Efficiency Subcooling (COP >2.5)
DENSO-HP-2089,-11.2,18.4,5.7,2.79,15.8,High-Efficiency Subcooling (COP >2.5)
DENSO-HP-2090,-10.7,17.6,5.9,2.72,17.6,High-Efficiency Subcooling (COP >2.5)
DENSO-HP-2091,-15.2,16.3,8.5,3.11,13.8,High-Efficiency Subcooling (COP >2.5)
DENSO-HP-2092,8.9,25.8,4.4,2.97,15.2,High-Efficiency Subcooling (COP >2.5)
DENSO-HP-2093,6.9,25.9,7.3,3.48,12.1,High-Efficiency Subcooling (COP >2.5)
DENSO-HP-2094,-10.8,17.6,4.8,2.41,18.1,Standard PTC Resistive Assist
DENSO-HP-2095,-13.6,18.7,7.6,2.97,15.2,High-Efficiency Subcooling (COP >2.5)
DENSO-HP-2096,-10.9,18.2,8.3,3.33,14.3,High-Efficiency Subcooling (COP >2.5)
DENSO-HP-2097,-1.1,21.6,8.5,3.74,10.7,High-Efficiency Subcooling (COP >2.5)
DENSO-HP-2098,13.0,29.7,8.4,3.8,9.0,High-Efficiency Subcooling (COP >2.5)
DENSO-HP-2099,13.7,29.0,5.6,3.53,12.5,High-Efficiency Subcooling (COP >2.5)
DENSO-HP-2100,13.6,28.2,8.2,3.8,8.4,High-Efficiency Subcooling (COP >2.5)
DENSO-HP-2101,-3.7,21.1,4.6,2.57,16.0,High-Efficiency Subcooling (COP >2.5)
DENSO-HP-2102,-15.3,14.7,8.0,3.17,13.6,High-Efficiency Subcooling (COP >2.5)
DENSO-HP-2103,13.5,27.4,9.6,3.8,12.2,High-Efficiency Subcooling (COP >2.5)
DENSO-HP-2104,4.1,27.0,9.0,3.8,9.9,High-Efficiency Subcooling (COP >2.5)
DENSO-HP-2105,-0.2,23.3,8.8,3.54,11.9,High-Efficiency Subcooling (COP >2.5)
DENSO-HP-2106,-6.1,19.7,5.5,3.07,15.5,High-Efficiency Subcooling (COP >2.5)
DENSO-HP-2107,-5.8,21.8,9.8,3.67,11.8,High-Efficiency Subcooling (COP >2.5)
DENSO-HP-2108,-4.2,21.0,8.2,3.58,11.7,High-Efficiency Subcooling (COP >2.5)
DENSO-HP-2109,10.2,27.2,7.0,3.74,9.6,High-Efficiency Subcooling (COP >2.5)
DENSO-HP-2110,-4.1,21.2,9.2,3.72,9.4,High-Efficiency Subcooling (COP >2.5)
DENSO-HP-2111,-13.3,18.3,7.3,2.88,13.6,High-Efficiency Subcooling (COP >2.5)
DENSO-HP-2112,10.8,28.4,6.3,3.42,10.6,High-Efficiency Subcooling (COP >2.5)
DENSO-HP-2113,5.6,26.3,4.3,3.12,12.5,High-Efficiency Subcooling (COP >2.5)
DENSO-HP-2114,9.4,27.5,4.1,2.65,15.0,High-Efficiency Subcooling (COP >2.5)
DENSO-HP-2115,-13.6,17.5,4.9,2.37,18.9,Standard PTC Resistive Assist
DENSO-HP-2116,-11.0,18.7,9.0,3.61,13.6,High-Efficiency Subcooling (COP >2.5)
DENSO-HP-2117,3.7,25.1,6.5,3.29,13.3,High-Efficiency Subcooling (COP >2.5)
DENSO-HP-2118,-1.1,22.9,9.3,3.8,9.0,High-Efficiency Subcooling (COP >2.5)
DENSO-HP-2119,-16.1,15.5,4.8,2.44,18.9,Standard PTC Resistive Assist
DENSO-HP-2120,-12.6,16.4,5.4,2.55,18.5,High-Efficiency Subcooling (COP >2.5)
DENSO-HP-2121,1.9,22.7,4.2,2.69,15.3,High-Efficiency Subcooling (COP >2.5)
DENSO-HP-2122,5.2,25.3,4.1,2.74,15.2,High-Efficiency Subcooling (COP >2.5)
DENSO-HP-2123,-10.0,20.5,8.6,3.32,12.9,High-Efficiency Subcooling (COP >2.5)
DENSO-HP-2124,-9.3,17.4,9.0,3.54,10.0,High-Efficiency Subcooling (COP >2.5)
DENSO-HP-2125,-5.5,19.2,8.0,3.48,10.3,High-Efficiency Subcooling (COP >2.5)
DENSO-HP-2126,10.0,25.7,9.9,3.8,9.7,High-Efficiency Subcooling (COP >2.5)
DENSO-HP-2127,-4.3,21.1,7.2,3.3,12.1,High-Efficiency Subcooling (COP >2.5)
DENSO-HP-2128,7.6,28.3,6.8,3.36,13.5,High-Efficiency Subcooling (COP >2.5)
DENSO-HP-2129,-8.9,19.8,9.9,3.8,10.5,High-Efficiency Subcooling (COP >2.5)
DENSO-HP-2130,9.8,27.2,9.8,3.8,11.6,High-Efficiency Subcooling (COP >2.5)
DENSO-HP-2131,-10.5,16.4,5.5,2.82,15.5,High-Efficiency Subcooling (COP >2.5)
DENSO-HP-2132,-5.1,22.1,9.1,3.46,10.8,High-Efficiency Subcooling (COP >2.5)
DENSO-HP-2133,-9.0,19.6,8.4,3.39,11.4,High-Efficiency Subcooling (COP >2.5)
DENSO-HP-2134,12.7,29.4,8.7,3.8,10.6,High-Efficiency Subcooling (COP >2.5)
DENSO-HP-2135,9.9,28.1,9.4,3.8,9.2,High-Efficiency Subcooling (COP >2.5)
DENSO-HP-2136,4.2,22.3,9.8,3.8,12.2,High-Efficiency Subcooling (COP >2.5)
DENSO-HP-2137,-3.5,21.3,5.1,2.7,15.3,High-Efficiency Subcooling (COP >2.5)
DENSO-HP-2138,14.7,27.9,9.2,3.8,8.5,High-Efficiency Subcooling (COP >2.5)
DENSO-HP-2139,0.9,22.4,4.8,2.82,16.2,High-Efficiency Subcooling (COP >2.5)
DENSO-HP-2140,6.3,26.5,8.4,3.8,10.3,High-Efficiency Subcooling (COP >2.5)
DENSO-HP-2141,-10.7,19.0,4.0,2.44,16.4,Standard PTC Resistive Assist
DENSO-HP-2142,-4.9,23.5,6.6,3.13,13.3,High-Efficiency Subcooling (COP >2.5)
DENSO-HP-2143,9.6,26.8,8.6,3.8,13.1,High-Efficiency Subcooling (COP >2.5)
DENSO-HP-2144,-2.4,24.3,9.8,3.62,10.9,High-Efficiency Subcooling (COP >2.5)
DENSO-HP-2145,-15.1,14.9,9.2,3.38,13.0,High-Efficiency Subcooling (COP >2.5)
DENSO-HP-2146,11.9,27.9,4.5,2.96,14.7,High-Efficiency Subcooling (COP >2.5)
DENSO-HP-2147,-15.1,14.8,5.6,2.69,15.1,High-Efficiency Subcooling (COP >2.5)
DENSO-HP-2148,14.7,28.4,8.5,3.8,9.0,High-Efficiency Subcooling (COP >2.5)
DENSO-HP-2149,-11.2,18.1,7.3,3.01,14.9,High-Efficiency Subcooling (COP >2.5)
DENSO-HP-2150,-4.9,21.5,3.9,2.63,17.9,High-Efficiency Subcooling (COP >2.5)
DENSO-HP-2151,8.2,27.4,7.7,3.69,10.4,High-Efficiency Subcooling (COP >2.5)
DENSO-HP-2152,-8.2,18.7,5.0,2.55,17.2,High-Efficiency Subcooling (COP >2.5)
DENSO-HP-2153,-5.7,19.2,8.2,3.56,12.8,High-Efficiency Subcooling (COP >2.5)
DENSO-HP-2154,-15.4,15.9,7.7,3.35,12.0,High-Efficiency Subcooling (COP >2.5)
DENSO-HP-2155,14.3,31.8,7.3,3.8,11.8,High-Efficiency Subcooling (COP >2.5)
DENSO-HP-2156,-15.1,14.4,3.5,2.33,18.1,Standard PTC Resistive Assist
DENSO-HP-2157,-14.9,14.9,8.1,3.25,13.4,High-Efficiency Subcooling (COP >2.5)
DENSO-HP-2158,5.6,26.4,5.5,3.45,12.0,High-Efficiency Subcooling (COP >2.5)
DENSO-HP-2159,-2.9,21.7,3.6,2.53,18.6,High-Efficiency Subcooling (COP >2.5)
DENSO-HP-2160,-8.1,20.3,7.0,3.06,14.6,High-Efficiency Subcooling (COP >2.5)
DENSO-HP-2161,-8.2,20.4,8.0,3.3,11.9,High-Efficiency Subcooling (COP >2.5)
DENSO-HP-2162,3.2,22.9,6.4,3.31,14.6,High-Efficiency Subcooling (COP >2.5)
DENSO-HP-2163,5.9,26.3,8.2,3.8,10.5,High-Efficiency Subcooling (COP >2.5)
DENSO-HP-2164,-1.9,22.3,6.0,3.02,16.2,High-Efficiency Subcooling (COP >2.5)
DENSO-HP-2165,-4.8,19.9,7.2,3.32,14.4,High-Efficiency Subcooling (COP >2.5)
DENSO-HP-2166,6.6,28.2,7.2,3.59,11.7,High-Efficiency Subcooling (COP >2.5)
DENSO-HP-2167,13.8,30.3,4.7,3.28,11.5,High-Efficiency Subcooling (COP >2.5)
DENSO-HP-2168,-14.4,13.9,5.1,2.26,19.2,Standard PTC Resistive Assist
DENSO-HP-2169,-12.9,17.8,5.2,2.42,17.9,Standard PTC Resistive Assist
DENSO-HP-2170,-11.7,17.1,9.5,3.49,10.3,High-Efficiency Subcooling (COP >2.5)
DENSO-HP-2171,-6.1,21.3,9.0,3.57,11.1,High-Efficiency Subcooling (COP >2.5)
DENSO-HP-2172,-1.3,24.6,7.3,3.4,13.1,High-Efficiency Subcooling (COP >2.5)
DENSO-HP-2173,-14.9,14.7,8.7,3.64,9.8,High-Efficiency Subcooling (COP >2.5)
DENSO-HP-2174,2.6,25.3,9.8,3.8,7.6,High-Efficiency Subcooling (COP >2.5)
DENSO-HP-2175,2.9,24.1,9.6,3.8,10.8,High-Efficiency Subcooling (COP >2.5)
DENSO-HP-2176,0.7,24.4,4.4,2.72,17.7,High-Efficiency Subcooling (COP >2.5)
DENSO-HP-2177,-15.1,16.8,4.8,2.56,16.8,High-Efficiency Subcooling (COP >2.5)
DENSO-HP-2178,1.3,23.5,3.7,2.7,15.2,High-Efficiency Subcooling (COP >2.5)
DENSO-HP-2179,3.4,22.8,9.5,3.8,9.9,High-Efficiency Subcooling (COP >2.5)
DENSO-HP-2180,7.3,25.6,5.1,3.01,14.8,High-Efficiency Subcooling (COP >2.5)
DENSO-HP-2181,12.5,27.9,6.8,3.7,8.7,High-Efficiency Subcooling (COP >2.5)
DENSO-HP-2182,-17.2,16.3,5.3,2.35,15.9,Standard PTC Resistive Assist
DENSO-HP-2183,-3.0,22.7,5.5,3.07,16.0,High-Efficiency Subcooling (COP >2.5)
DENSO-HP-2184,3.4,24.3,4.6,2.7,16.4,High-Efficiency Subcooling (COP >2.5)
DENSO-HP-2185,-13.4,20.2,9.9,3.41,11.5,High-Efficiency Subcooling (COP >2.5)
DENSO-HP-2186,-5.2,18.5,5.0,2.71,18.1,High-Efficiency Subcooling (COP >2.5)
DENSO-HP-2187,3.9,24.1,7.8,3.8,9.9,High-Efficiency Subcooling (COP >2.5)
DENSO-HP-2188,13.1,28.9,6.9,3.79,11.4,High-Efficiency Subcooling (COP >2.5)
DENSO-HP-2189,8.2,28.1,7.8,3.75,10.9,High-Efficiency Subcooling (COP >2.5)
DENSO-HP-2190,5.3,25.2,7.5,3.46,12.5,High-Efficiency Subcooling (COP >2.5)
DENSO-HP-2191,-4.0,19.9,8.1,3.43,13.5,High-Efficiency Subcooling (COP >2.5)
DENSO-HP-2192,-5.4,22.2,5.5,2.91,14.3,High-Efficiency Subcooling (COP >2.5)
DENSO-HP-2193,0.1,21.0,7.6,3.45,12.5,High-Efficiency Subcooling (COP >2.5)
DENSO-HP-2194,0.9,22.8,5.8,3.06,15.0,High-Efficiency Subcooling (COP >2.5)
DENSO-HP-2195,-14.3,17.5,9.1,3.36,12.9,High-Efficiency Subcooling (COP >2.5)
DENSO-HP-2196,-0.8,23.0,8.5,3.52,9.0,High-Efficiency Subcooling (COP >2.5)
DENSO-HP-2197,5.4,25.6,6.7,3.35,11.7,High-Efficiency Subcooling (COP >2.5)
DENSO-HP-2198,-6.5,19.8,5.1,2.62,16.5,High-Efficiency Subcooling (COP >2.5)
DENSO-HP-2199,5.4,24.7,7.8,3.8,7.7,High-Efficiency Subcooling (COP >2.5)
DENSO-HP-2200,12.2,28.7,5.2,3.27,12.8,High-Efficiency Subcooling (COP >2.5)
DENSO-HP-2201,-4.2,21.2,9.7,3.8,12.0,High-Efficiency Subcooling (COP >2.5)
DENSO-HP-2202,-15.4,14.7,6.7,2.83,16.2,High-Efficiency Subcooling (COP >2.5)
DENSO-HP-2203,-8.9,18.4,8.8,3.51,12.1,High-Efficiency Subcooling (COP >2.5)
DENSO-HP-2204,-3.0,23.1,6.6,3.25,12.8,High-Efficiency Subcooling (COP >2.5)
DENSO-HP-2205,-5.7,19.4,8.1,3.44,12.4,High-Efficiency Subcooling (COP >2.5)
DENSO-HP-2206,-6.4,18.5,7.6,3.25,13.5,High-Efficiency Subcooling (COP >2.5)
DENSO-HP-2207,10.4,26.5,3.6,3.01,16.7,High-Efficiency Subcooling (COP >2.5)
DENSO-HP-2208,-3.3,22.6,5.9,3.07,13.4,High-Efficiency Subcooling (COP >2.5)
DENSO-HP-2209,8.9,26.5,7.3,3.8,11.0,High-Efficiency Subcooling (COP >2.5)
DENSO-HP-2210,-5.1,19.8,9.7,3.64,10.1,High-Efficiency Subcooling (COP >2.5)
DENSO-HP-2211,-11.6,17.6,9.5,3.61,11.8,High-Efficiency Subcooling (COP >2.5)
DENSO-HP-2212,10.3,27.0,9.2,3.8,9.8,High-Efficiency Subcooling (COP >2.5)
DENSO-HP-2213,13.4,27.9,6.9,3.63,8.8,High-Efficiency Subcooling (COP >2.5)
DENSO-HP-2214,13.4,27.4,5.8,3.6,9.2,High-Efficiency Subcooling (COP >2.5)
DENSO-HP-2215,-16.8,16.0,3.6,2.18,20.5,Standard PTC Resistive Assist
DENSO-HP-2216,13.2,30.8,3.9,2.98,13.7,High-Efficiency Subcooling (COP >2.5)
DENSO-HP-2217,-2.4,23.3,6.0,3.0,15.8,High-Efficiency Subcooling (COP >2.5)
DENSO-HP-2218,3.0,25.7,5.9,3.16,13.8,High-Efficiency Subcooling (COP >2.5)
DENSO-HP-2219,2.1,21.8,4.8,2.95,16.0,High-Efficiency Subcooling (COP >2.5)
DENSO-HP-2220,14.7,28.0,7.0,3.79,11.3,High-Efficiency Subcooling (COP >2.5)
DENSO-HP-2221,0.5,25.2,7.1,3.35,11.5,High-Efficiency Subcooling (COP >2.5)
DENSO-HP-2222,5.0,26.0,9.3,3.8,11.1,High-Efficiency Subcooling (COP >2.5)
DENSO-HP-2223,-1.2,22.6,6.8,3.42,12.3,High-Efficiency Subcooling (COP >2.5)
DENSO-HP-2224,2.7,23.8,8.5,3.65,11.5,High-Efficiency Subcooling (COP >2.5)
DENSO-HP-2225,13.8,29.3,7.8,3.71,7.8,High-Efficiency Subcooling (COP >2.5)
DENSO-HP-2226,3.7,23.8,9.2,3.8,8.9,High-Efficiency Subcooling (COP >2.5)
DENSO-HP-2227,10.8,27.5,8.2,3.8,9.8,High-Efficiency Subcooling (COP >2.5)
DENSO-HP-2228,-3.9,21.1,8.6,3.57,11.3,High-Efficiency Subcooling (COP >2.5)
DENSO-HP-2229,0.5,24.4,3.8,2.65,17.1,High-Efficiency Subcooling (COP >2.5)
DENSO-HP-2230,9.8,28.3,3.9,2.99,14.5,High-Efficiency Subcooling (COP >2.5)
DENSO-HP-2231,-14.4,13.2,5.0,2.23,18.0,Standard PTC Resistive Assist
DENSO-HP-2232,7.1,24.8,3.8,2.87,15.6,High-Efficiency Subcooling (COP >2.5)
DENSO-HP-2233,1.6,23.1,3.9,2.84,16.2,High-Efficiency Subcooling (COP >2.5)
DENSO-HP-2234,-8.5,18.6,6.3,3.1,13.4,High-Efficiency Subcooling (COP >2.5)
DENSO-HP-2235,-11.5,16.7,8.7,3.64,11.1,High-Efficiency Subcooling (COP >2.5)
DENSO-HP-2236,4.8,27.4,9.7,3.8,9.5,High-Efficiency Subcooling (COP >2.5)
DENSO-HP-2237,13.9,28.9,8.1,3.8,8.9,High-Efficiency Subcooling (COP >2.5)
DENSO-HP-2238,-13.9,17.1,4.6,2.26,17.4,Standard PTC Resistive Assist
DENSO-HP-2239,-2.3,22.6,4.5,2.69,16.8,High-Efficiency Subcooling (COP >2.5)
DENSO-HP-2240,-1.1,22.7,4.2,2.46,17.5,Standard PTC Resistive Assist
DENSO-HP-2241,12.4,28.6,7.5,3.77,11.0,High-Efficiency Subcooling (COP >2.5)
DENSO-HP-2242,-5.8,21.5,6.8,3.15,13.5,High-Efficiency Subcooling (COP >2.5)
DENSO-HP-2243,-0.3,23.1,9.1,3.8,10.3,High-Efficiency Subcooling (COP >2.5)
DENSO-HP-2244,10.3,28.2,4.6,3.05,12.0,High-Efficiency Subcooling (COP >2.5)
DENSO-HP-2245,-17.6,14.6,5.1,2.32,20.0,Standard PTC Resistive Assist
DENSO-HP-2246,7.0,27.1,7.7,3.71,11.2,High-Efficiency Subcooling (COP >2.5)
DENSO-HP-2247,-17.2,15.4,6.8,2.68,16.1,High-Efficiency Subcooling (COP >2.5)
DENSO-HP-2248,-1.7,20.8,7.4,3.37,13.1,High-Efficiency Subcooling (COP >2.5)
DENSO-HP-2249,2.5,22.8,8.0,3.61,9.6,High-Efficiency Subcooling (COP >2.5)
DENSO-HP-2250,1.8,23.8,8.4,3.77,10.9,High-Efficiency Subcooling (COP >2.5)
DENSO-HP-2251,-8.2,17.7,9.6,3.52,11.3,High-Efficiency Subcooling (COP >2.5)
DENSO-HP-2252,12.0,30.3,9.1,3.8,9.9,High-Efficiency Subcooling (COP >2.5)
DENSO-HP-2253,1.8,24.2,7.8,3.42,13.3,High-Efficiency Subcooling (COP >2.5)
DENSO-HP-2254,13.2,28.0,7.2,3.67,11.4,High-Efficiency Subcooling (COP >2.5)
DENSO-HP-2255,-13.0,19.0,4.3,2.08,19.7,Standard PTC Resistive Assist
DENSO-HP-2256,13.7,28.5,7.2,3.8,10.5,High-Efficiency Subcooling (COP >2.5)
DENSO-HP-2257,-11.5,17.3,9.2,3.41,11.5,High-Efficiency Subcooling (COP >2.5)
DENSO-HP-2258,-13.0,16.7,5.9,2.62,16.2,High-Efficiency Subcooling (COP >2.5)
DENSO-HP-2259,-17.1,13.9,8.8,3.22,12.3,High-Efficiency Subcooling (COP >2.5)
DENSO-HP-2260,-8.1,18.6,8.9,3.54,13.1,High-Efficiency Subcooling (COP >2.5)
DENSO-HP-2261,-14.3,17.5,6.7,2.7,17.0,High-Efficiency Subcooling (COP >2.5)
DENSO-HP-2262,4.4,25.1,8.2,3.75,10.2,High-Efficiency Subcooling (COP >2.5)
DENSO-HP-2263,6.4,24.4,7.1,3.44,10.0,High-Efficiency Subcooling (COP >2.5)
DENSO-HP-2264,10.2,25.8,5.2,3.27,13.0,High-Efficiency Subcooling (COP >2.5)
DENSO-HP-2265,14.9,30.6,3.7,3.03,14.2,High-Efficiency Subcooling (COP >2.5)
DENSO-HP-2266,-5.2,19.9,4.5,2.46,17.4,Standard PTC Resistive Assist
DENSO-HP-2267,-3.5,23.0,6.2,3.0,16.2,High-Efficiency Subcooling (COP >2.5)
DENSO-HP-2268,10.1,26.9,6.5,3.43,10.6,High-Efficiency Subcooling (COP >2.5)
DENSO-HP-2269,14.8,30.2,5.2,3.56,13.0,High-Efficiency Subcooling (COP >2.5)
DENSO-HP-2270,10.2,27.2,9.1,3.8,9.2,High-Efficiency Subcooling (COP >2.5)
DENSO-HP-2271,12.6,29.4,4.1,2.94,15.6,High-Efficiency Subcooling (COP >2.5)
DENSO-HP-2272,-7.1,18.5,3.9,2.57,16.4,High-Efficiency Subcooling (COP >2.5)
DENSO-HP-2273,-14.9,16.1,7.4,2.89,13.5,High-Efficiency Subcooling (COP >2.5)
DENSO-HP-2274,3.3,25.5,5.8,3.05,13.8,High-Efficiency Subcooling (COP >2.5)
DENSO-HP-2275,11.9,27.7,3.8,2.96,14.2,High-Efficiency Subcooling (COP >2.5)
DENSO-HP-2276,5.5,26.4,4.6,3.15,13.4,High-Efficiency Subcooling (COP >2.5)
DENSO-HP-2277,2.7,25.0,9.2,3.8,9.2,High-Efficiency Subcooling (COP >2.5)
DENSO-HP-2278,-0.9,21.9,3.7,2.6,18.0,High-Efficiency Subcooling (COP >2.5)
DENSO-HP-2279,11.9,24.8,5.6,3.3,12.1,High-Efficiency Subcooling (COP >2.5)
DENSO-HP-2280,-5.1,20.7,6.9,3.18,14.7,High-Efficiency Subcooling (COP >2.5)
DENSO-HP-2281,-13.7,19.0,9.6,3.33,12.8,High-Efficiency Subcooling (COP >2.5)
DENSO-HP-2282,-9.6,18.3,4.2,2.42,16.5,Standard PTC Resistive Assist
DENSO-HP-2283,8.0,26.8,3.8,2.78,15.1,High-Efficiency Subcooling (COP >2.5)
DENSO-HP-2284,5.7,26.3,7.2,3.37,11.7,High-Efficiency Subcooling (COP >2.5)
DENSO-HP-2285,1.5,22.4,8.4,3.49,10.0,High-Efficiency Subcooling (COP >2.5)
DENSO-HP-2286,2.4,24.7,9.6,3.8,10.3,High-Efficiency Subcooling (COP >2.5)
DENSO-HP-2287,-3.6,21.9,5.4,2.9,14.7,High-Efficiency Subcooling (COP >2.5)
DENSO-HP-2288,6.3,27.0,5.8,3.08,13.6,High-Efficiency Subcooling (COP >2.5)
DENSO-HP-2289,-2.7,22.4,9.0,3.64,11.3,High-Efficiency Subcooling (COP >2.5)
DENSO-HP-2290,13.4,30.9,8.6,3.8,10.9,High-Efficiency Subcooling (COP >2.5)
DENSO-HP-2291,-13.2,18.3,8.4,3.14,14.1,High-Efficiency Subcooling (COP >2.5)
DENSO-HP-2292,-15.1,15.7,3.8,2.23,21.4,Standard PTC Resistive Assist
DENSO-HP-2293,-8.1,19.6,9.0,3.42,11.3,High-Efficiency Subcooling (COP >2.5)
DENSO-HP-2294,-10.8,21.4,4.8,2.68,17.5,High-Efficiency Subcooling (COP >2.5)
DENSO-HP-2295,-13.5,16.6,4.6,2.51,16.2,High-Efficiency Subcooling (COP >2.5)
DENSO-HP-2296,7.9,27.8,8.4,3.8,7.3,High-Efficiency Subcooling (COP >2.5)
DENSO-HP-2297,10.0,27.5,4.0,2.85,16.8,High-Efficiency Subcooling (COP >2.5)
DENSO-HP-2298,-10.0,18.5,6.9,2.92,14.5,High-Efficiency Subcooling (COP >2.5)
DENSO-HP-2299,-7.4,19.3,5.3,2.66,17.6,High-Efficiency Subcooling (COP >2.5)
DENSO-HP-2300,5.9,25.6,7.4,3.64,10.8,High-Efficiency Subcooling (COP >2.5)
DENSO-HP-2301,8.6,26.6,9.2,3.8,11.0,High-Efficiency Subcooling (COP >2.5)
DENSO-HP-2302,6.4,27.3,5.2,2.97,15.6,High-Efficiency Subcooling (COP >2.5)
DENSO-HP-2303,5.7,24.1,5.6,3.17,13.7,High-Efficiency Subcooling (COP >2.5)
DENSO-HP-2304,2.2,23.3,7.2,3.38,12.0,High-Efficiency Subcooling (COP >2.5)
DENSO-HP-2305,10.5,27.2,4.6,3.33,11.4,High-Efficiency Subcooling (COP >2.5)
DENSO-HP-2306,0.4,22.6,5.1,2.93,13.3,High-Efficiency Subcooling (COP >2.5)
DENSO-HP-2307,-2.2,21.7,6.1,3.13,14.4,High-Efficiency Subcooling (COP >2.5)
DENSO-HP-2308,-5.4,21.0,9.0,3.4,12.4,High-Efficiency Subcooling (COP >2.5)
DENSO-HP-2309,-9.9,19.4,8.2,3.31,13.4,High-Efficiency Subcooling (COP >2.5)
DENSO-HP-2310,-1.0,22.8,4.8,2.8,16.6,High-Efficiency Subcooling (COP >2.5)
DENSO-HP-2311,11.6,28.2,7.4,3.8,12.1,High-Efficiency Subcooling (COP >2.5)
DENSO-HP-2312,-15.0,15.9,7.4,3.03,15.1,High-Efficiency Subcooling (COP >2.5)
DENSO-HP-2313,11.4,29.2,6.1,3.53,12.4,High-Efficiency Subcooling (COP >2.5)
DENSO-HP-2314,-16.5,15.9,6.9,2.96,14.9,High-Efficiency Subcooling (COP >2.5)
DENSO-HP-2315,14.3,28.0,6.1,3.8,10.2,High-Efficiency Subcooling (COP >2.5)
DENSO-HP-2316,5.4,25.8,7.9,3.76,11.2,High-Efficiency Subcooling (COP >2.5)
DENSO-HP-2317,11.0,27.6,5.2,3.3,13.9,High-Efficiency Subcooling (COP >2.5)
DENSO-HP-2318,-0.7,23.8,9.6,3.8,10.1,High-Efficiency Subcooling (COP >2.5)
DENSO-HP-2319,-1.1,22.4,9.2,3.7,10.8,High-Efficiency Subcooling (COP >2.5)
DENSO-HP-2320,-14.6,16.9,5.2,2.6,17.1,High-Efficiency Subcooling (COP >2.5)
DENSO-HP-2321,4.1,24.8,9.8,3.8,9.8,High-Efficiency Subcooling (COP >2.5)
DENSO-HP-2322,12.3,26.1,4.9,3.25,12.5,High-Efficiency Subcooling (COP >2.5)
DENSO-HP-2323,-9.7,18.4,9.8,3.55,9.9,High-Efficiency Subcooling (COP >2.5)
DENSO-HP-2324,-16.1,13.7,9.9,3.47,10.4,High-Efficiency Subcooling (COP >2.5)
DENSO-HP-2325,-17.7,14.7,9.7,3.49,11.6,High-Efficiency Subcooling (COP >2.5)
DENSO-HP-2326,3.5,23.9,4.1,2.6,16.7,High-Efficiency Subcooling (COP >2.5)
DENSO-HP-2327,6.5,27.0,8.3,3.8,9.5,High-Efficiency Subcooling (COP >2.5)
DENSO-HP-2328,13.9,29.1,5.7,3.75,8.4,High-Efficiency Subcooling (COP >2.5)
DENSO-HP-2329,-3.2,21.6,5.0,2.77,18.0,High-Efficiency Subcooling (COP >2.5)
DENSO-HP-2330,-6.1,17.2,6.4,3.21,13.2,High-Efficiency Subcooling (COP >2.5)
DENSO-HP-2331,-1.4,23.6,7.2,3.44,13.7,High-Efficiency Subcooling (COP >2.5)
DENSO-HP-2332,11.4,28.0,5.7,3.22,14.1,High-Efficiency Subcooling (COP >2.5)
DENSO-HP-2333,-9.8,18.5,7.8,3.12,15.0,High-Efficiency Subcooling (COP >2.5)
DENSO-HP-2334,5.3,25.5,7.8,3.54,11.1,High-Efficiency Subcooling (COP >2.5)
DENSO-HP-2335,-6.4,19.8,8.5,3.43,14.3,High-Efficiency Subcooling (COP >2.5)
DENSO-HP-2336,-10.6,18.7,7.0,2.79,15.3,High-Efficiency Subcooling (COP >2.5)
DENSO-HP-2337,6.7,27.0,8.7,3.8,11.9,High-Efficiency Subcooling (COP >2.5)
DENSO-HP-2338,-5.9,20.3,6.6,3.06,14.2,High-Efficiency Subcooling (COP >2.5)
DENSO-HP-2339,9.0,26.1,9.6,3.8,9.9,High-Efficiency Subcooling (COP >2.5)
DENSO-HP-2340,-1.0,23.5,4.9,3.03,13.9,High-Efficiency Subcooling (COP >2.5)
DENSO-HP-2341,-14.2,15.0,10.0,3.48,11.7,High-Efficiency Subcooling (COP >2.5)
DENSO-HP-2342,9.2,28.4,8.0,3.8,8.8,High-Efficiency Subcooling (COP >2.5)
DENSO-HP-2343,-0.9,21.7,4.5,2.53,17.9,High-Efficiency Subcooling (COP >2.5)
DENSO-HP-2344,2.4,23.5,5.8,3.28,12.4,High-Efficiency Subcooling (COP >2.5)
DENSO-HP-2345,-12.3,17.0,9.2,3.28,13.3,High-Efficiency Subcooling (COP >2.5)
DENSO-HP-2346,-5.4,20.2,3.7,2.5,16.8,Standard PTC Resistive Assist
DENSO-HP-2347,-15.8,16.6,6.7,2.83,16.8,High-Efficiency Subcooling (COP >2.5)
DENSO-HP-2348,-4.2,19.4,8.9,3.51,13.1,High-Efficiency Subcooling (COP >2.5)
DENSO-HP-2349,6.1,26.1,9.2,3.8,9.3,High-Efficiency Subcooling (COP >2.5)
DENSO-HP-2350,5.1,26.0,9.5,3.8,11.1,High-Efficiency Subcooling (COP >2.5)
DENSO-HP-2351,-9.2,20.8,4.7,2.39,20.0,Standard PTC Resistive Assist
DENSO-HP-2352,-7.6,18.6,6.3,2.82,16.8,High-Efficiency Subcooling (COP >2.5)
DENSO-HP-2353,-4.8,20.8,6.5,2.94,15.6,High-Efficiency Subcooling (COP >2.5)
DENSO-HP-2354,10.6,26.9,8.7,3.8,11.2,High-Efficiency Subcooling (COP >2.5)
DENSO-HP-2355,9.8,27.1,6.7,3.74,12.1,High-Efficiency Subcooling (COP >2.5)
DENSO-HP-2356,-5.8,20.3,8.2,3.32,12.9,High-Efficiency Subcooling (COP >2.5)
DENSO-HP-2357,4.0,25.0,7.9,3.53,10.8,High-Efficiency Subcooling (COP >2.5)
DENSO-HP-2358,0.9,23.1,9.1,3.8,10.8,High-Efficiency Subcooling (COP >2.5)
DENSO-HP-2359,0.8,24.4,5.7,3.12,15.5,High-Efficiency Subcooling (COP >2.5)
DENSO-HP-2360,-0.9,21.9,5.1,3.17,15.0,High-Efficiency Subcooling (COP >2.5)
DENSO-HP-2361,-9.7,17.6,8.9,3.56,12.9,High-Efficiency Subcooling (COP >2.5)
DENSO-HP-2362,-8.5,19.7,9.2,3.68,10.9,High-Efficiency Subcooling (COP >2.5)
DENSO-HP-2363,-1.6,21.9,8.3,3.76,11.7,High-Efficiency Subcooling (COP >2.5)
DENSO-HP-2364,5.9,27.0,3.7,2.91,15.6,High-Efficiency Subcooling (COP >2.5)
DENSO-HP-2365,8.5,28.0,9.9,3.8,9.7,High-Efficiency Subcooling (COP >2.5)
DENSO-HP-2366,-8.6,21.7,7.6,3.12,15.4,High-Efficiency Subcooling (COP >2.5)
DENSO-HP-2367,1.9,24.2,9.5,3.8,8.8,High-Efficiency Subcooling (COP >2.5)
DENSO-HP-2368,-17.8,15.1,9.9,3.54,13.1,High-Efficiency Subcooling (COP >2.5)
DENSO-HP-2369,-14.2,16.4,8.8,3.18,13.3,High-Efficiency Subcooling (COP >2.5)
DENSO-HP-2370,-5.3,21.7,4.1,2.59,16.2,High-Efficiency Subcooling (COP >2.5)
DENSO-HP-2371,-12.0,15.9,7.8,2.89,15.0,High-Efficiency Subcooling (COP >2.5)
DENSO-HP-2372,-14.5,16.8,5.5,2.59,17.0,High-Efficiency Subcooling (COP >2.5)
DENSO-HP-2373,-17.3,13.4,6.1,2.78,14.1,High-Efficiency Subcooling (COP >2.5)
DENSO-HP-2374,-7.5,19.2,6.2,2.78,18.5,High-Efficiency Subcooling (COP >2.5)
DENSO-HP-2375,-1.4,22.1,5.6,2.87,15.1,High-Efficiency Subcooling (COP >2.5)
DENSO-HP-2376,8.1,29.7,8.6,3.8,10.2,High-Efficiency Subcooling (COP >2.5)
DENSO-HP-2377,5.0,25.4,6.6,3.42,13.0,High-Efficiency Subcooling (COP >2.5)
DENSO-HP-2378,12.2,29.2,9.7,3.8,10.0,High-Efficiency Subcooling (COP >2.5)
DENSO-HP-2379,-15.4,15.9,6.3,3.05,14.8,High-Efficiency Subcooling (COP >2.5)
DENSO-HP-2380,-0.5,23.6,5.3,2.96,14.5,High-Efficiency Subcooling (COP >2.5)
DENSO-HP-2381,-2.0,20.9,5.8,3.03,14.7,High-Efficiency Subcooling (COP >2.5)
DENSO-HP-2382,-2.7,24.1,4.4,2.66,15.4,High-Efficiency Subcooling (COP >2.5)
DENSO-HP-2383,5.9,25.6,8.0,3.34,12.8,High-Efficiency Subcooling (COP >2.5)
DENSO-HP-2384,-14.6,15.7,9.9,3.61,9.2,High-Efficiency Subcooling (COP >2.5)
DENSO-HP-2385,12.7,30.2,7.5,3.6,10.9,High-Efficiency Subcooling (COP >2.5)
DENSO-HP-2386,13.2,29.9,7.4,3.8,10.9,High-Efficiency Subcooling (COP >2.5)
DENSO-HP-2387,0.2,23.8,9.0,3.8,12.2,High-Efficiency Subcooling (COP >2.5)
DENSO-HP-2388,-9.5,19.1,9.2,3.78,8.1,High-Efficiency Subcooling (COP >2.5)
DENSO-HP-2389,-11.8,19.2,9.6,3.68,12.0,High-Efficiency Subcooling (COP >2.5)
DENSO-HP-2390,0.2,22.0,8.1,3.48,12.8,High-Efficiency Subcooling (COP >2.5)
DENSO-HP-2391,-5.8,19.6,4.9,2.61,17.3,High-Efficiency Subcooling (COP >2.5)
DENSO-HP-2392,1.4,22.9,6.6,3.31,13.5,High-Efficiency Subcooling (COP >2.5)
DENSO-HP-2393,-4.5,20.6,6.1,3.13,13.2,High-Efficiency Subcooling (COP >2.5)
DENSO-HP-2394,0.9,21.9,6.1,3.09,15.1,High-Efficiency Subcooling (COP >2.5)
DENSO-HP-2395,-10.3,16.3,4.1,2.52,18.4,High-Efficiency Subcooling (COP >2.5)
DENSO-HP-2396,4.8,22.9,6.2,3.23,11.9,High-Efficiency Subcooling (COP >2.5)
DENSO-HP-2397,-5.3,21.6,5.0,2.75,16.9,High-Efficiency Subcooling (COP >2.5)
DENSO-HP-2398,11.5,29.9,5.1,3.34,12.5,High-Efficiency Subcooling (COP >2.5)
DENSO-HP-2399,8.4,27.7,7.2,3.66,10.4,High-Efficiency Subcooling (COP >2.5)
DENSO-HP-2400,7.8,25.7,5.1,3.13,10.2,High-Efficiency Subcooling (COP >2.5)
DENSO-HP-2401,-5.1,20.4,7.5,3.38,13.4,High-Efficiency Subcooling (COP >2.5)
DENSO-HP-2402,-0.2,20.9,9.6,3.8,9.6,High-Efficiency Subcooling (COP >2.5)
DENSO-HP-2403,-6.7,19.3,7.8,3.37,12.1,High-Efficiency Subcooling (COP >2.5)
DENSO-HP-2404,2.9,25.6,4.5,2.56,16.2,High-Efficiency Subcooling (COP >2.5)
DENSO-HP-2405,1.6,23.9,4.3,2.84,16.3,High-Efficiency Subcooling (COP >2.5)
DENSO-HP-2406,-2.6,22.4,6.0,3.05,15.3,High-Efficiency Subcooling (COP >2.5)
DENSO-HP-2407,-7.1,17.9,7.4,3.06,15.9,High-Efficiency Subcooling (COP >2.5)
DENSO-HP-2408,-17.1,14.7,7.3,2.79,17.0,High-Efficiency Subcooling (COP >2.5)
DENSO-HP-2409,7.4,28.5,3.8,2.82,14.5,High-Efficiency Subcooling (COP >2.5)
DENSO-HP-2410,-1.9,23.4,4.4,2.78,14.7,High-Efficiency Subcooling (COP >2.5)
DENSO-HP-2411,-8.3,20.6,7.5,2.9,15.0,High-Efficiency Subcooling (COP >2.5)
DENSO-HP-2412,-16.2,16.4,7.5,2.92,13.5,High-Efficiency Subcooling (COP >2.5)
DENSO-HP-2413,-13.9,16.4,6.6,2.91,14.4,High-Efficiency Subcooling (COP >2.5)
DENSO-HP-2414,-8.2,19.3,9.6,3.66,11.4,High-Efficiency Subcooling (COP >2.5)
DENSO-HP-2415,-10.9,16.7,5.9,2.7,14.0,High-Efficiency Subcooling (COP >2.5)
DENSO-HP-2416,-4.9,19.0,8.2,3.48,11.8,High-Efficiency Subcooling (COP >2.5)
DENSO-HP-2417,3.1,25.1,6.7,3.28,12.4,High-Efficiency Subcooling (COP >2.5)
DENSO-HP-2418,-2.7,20.8,3.8,2.6,18.0,High-Efficiency Subcooling (COP >2.5)
DENSO-HP-2419,0.2,24.7,6.6,3.24,13.3,High-Efficiency Subcooling (COP >2.5)
DENSO-HP-2420,7.2,27.1,9.2,3.8,10.4,High-Efficiency Subcooling (COP >2.5)
DENSO-HP-2421,3.4,24.4,5.7,3.15,14.3,High-Efficiency Subcooling (COP >2.5)
DENSO-HP-2422,14.4,29.9,7.0,3.67,11.6,High-Efficiency Subcooling (COP >2.5)
DENSO-HP-2423,10.8,27.5,7.0,3.5,12.4,High-Efficiency Subcooling (COP >2.5)
DENSO-HP-2424,-14.0,14.9,4.1,2.41,16.7,Standard PTC Resistive Assist
DENSO-HP-2425,2.8,24.8,5.5,3.07,14.5,High-Efficiency Subcooling (COP >2.5)
DENSO-HP-2426,-13.1,16.9,3.6,2.15,19.8,Standard PTC Resistive Assist
DENSO-HP-2427,3.1,24.3,3.6,2.72,17.5,High-Efficiency Subcooling (COP >2.5)
DENSO-HP-2428,-4.8,22.5,5.8,3.1,12.4,High-Efficiency Subcooling (COP >2.5)
DENSO-HP-2429,-3.0,22.3,4.9,2.72,17.5,High-Efficiency Subcooling (COP >2.5)
DENSO-HP-2430,0.4,22.3,4.4,2.7,13.4,High-Efficiency Subcooling (COP >2.5)
DENSO-HP-2431,-1.6,20.8,5.3,3.12,12.6,High-Efficiency Subcooling (COP >2.5)
DENSO-HP-2432,8.9,27.3,4.9,3.13,12.3,High-Efficiency Subcooling (COP >2.5)
DENSO-HP-2433,-2.2,20.4,9.0,3.79,9.4,High-Efficiency Subcooling (COP >2.5)
DENSO-HP-2434,-2.1,22.1,6.5,3.23,15.1,High-Efficiency Subcooling (COP >2.5)
DENSO-HP-2435,14.4,30.0,3.6,2.86,15.3,High-Efficiency Subcooling (COP >2.5)
DENSO-HP-2436,-7.2,20.3,6.0,2.87,15.6,High-Efficiency Subcooling (COP >2.5)
DENSO-HP-2437,13.9,29.0,6.9,3.48,10.6,High-Efficiency Subcooling (COP >2.5)
DENSO-HP-2438,13.6,27.6,7.0,3.8,9.6,High-Efficiency Subcooling (COP >2.5)
DENSO-HP-2439,12.6,27.1,6.6,3.62,10.9,High-Efficiency Subcooling (COP >2.5)
DENSO-HP-2440,5.5,25.8,6.7,3.4,13.8,High-Efficiency Subcooling (COP >2.5)
DENSO-HP-2441,-4.8,20.8,8.8,3.65,12.3,High-Efficiency Subcooling (COP >2.5)
DENSO-HP-2442,7.9,28.2,8.3,3.78,10.0,High-Efficiency Subcooling (COP >2.5)
DENSO-HP-2443,3.2,23.9,8.8,3.8,9.3,High-Efficiency Subcooling (COP >2.5)
DENSO-HP-2444,11.0,28.5,6.2,3.23,14.8,High-Efficiency Subcooling (COP >2.5)
DENSO-HP-2445,-12.1,18.6,8.2,3.1,12.3,High-Efficiency Subcooling (COP >2.5)
DENSO-HP-2446,-7.7,21.0,8.9,3.66,10.4,High-Efficiency Subcooling (COP >2.5)
DENSO-HP-2447,-9.3,16.5,6.6,3.09,13.8,High-Efficiency Subcooling (COP >2.5)
DENSO-HP-2448,11.4,30.4,9.4,3.8,10.1,High-Efficiency Subcooling (COP >2.5)
DENSO-HP-2449,12.2,27.9,5.2,3.05,14.4,High-Efficiency Subcooling (COP >2.5)
DENSO-HP-2450,-9.0,17.5,4.7,2.65,14.9,High-Efficiency Subcooling (COP >2.5)
DENSO-HP-2451,-12.7,16.4,3.5,2.07,20.1,Standard PTC Resistive Assist
DENSO-HP-2452,-17.0,15.0,6.4,2.58,19.4,High-Efficiency Subcooling (COP >2.5)
DENSO-HP-2453,11.7,30.0,8.1,3.8,10.2,High-Efficiency Subcooling (COP >2.5)
DENSO-HP-2454,-15.8,17.0,7.3,2.92,15.9,High-Efficiency Subcooling (COP >2.5)
DENSO-HP-2455,8.5,25.3,4.2,3.09,12.1,High-Efficiency Subcooling (COP >2.5)
DENSO-HP-2456,13.5,31.0,6.2,3.74,10.3,High-Efficiency Subcooling (COP >2.5)
DENSO-HP-2457,-3.4,21.3,6.1,2.94,14.7,High-Efficiency Subcooling (COP >2.5)
DENSO-HP-2458,-12.3,15.7,7.3,3.16,12.4,High-Efficiency Subcooling (COP >2.5)
DENSO-HP-2459,6.2,25.4,4.3,2.87,14.4,High-Efficiency Subcooling (COP >2.5)
DENSO-HP-2460,8.1,26.6,8.0,3.66,10.6,High-Efficiency Subcooling (COP >2.5)
DENSO-HP-2461,-12.3,17.6,4.1,2.41,17.0,Standard PTC Resistive Assist
DENSO-HP-2462,-5.2,21.7,4.3,2.57,16.8,High-Efficiency Subcooling (COP >2.5)
DENSO-HP-2463,10.9,27.9,4.1,3.14,14.5,High-Efficiency Subcooling (COP >2.5)
DENSO-HP-2464,-15.4,16.0,6.1,2.77,14.5,High-Efficiency Subcooling (COP >2.5)
DENSO-HP-2465,-12.1,16.4,9.8,3.74,10.5,High-Efficiency Subcooling (COP >2.5)
DENSO-HP-2466,5.4,25.8,8.9,3.8,9.4,High-Efficiency Subcooling (COP >2.5)
DENSO-HP-2467,-15.5,16.9,7.5,2.79,15.5,High-Efficiency Subcooling (COP >2.5)
DENSO-HP-2468,-7.8,19.0,3.8,2.19,20.8,Standard PTC Resistive Assist
DENSO-HP-2469,-1.1,23.8,7.0,3.39,14.5,High-Efficiency Subcooling (COP >2.5)
DENSO-HP-2470,3.2,24.9,5.5,2.99,16.3,High-Efficiency Subcooling (COP >2.5)
DENSO-HP-2471,3.6,24.6,9.8,3.8,9.9,High-Efficiency Subcooling (COP >2.5)
DENSO-HP-2472,0.1,22.7,4.5,2.81,13.5,High-Efficiency Subcooling (COP >2.5)
DENSO-HP-2473,-5.9,20.8,4.4,2.51,18.1,High-Efficiency Subcooling (COP >2.5)
DENSO-HP-2474,14.2,30.1,6.7,3.61,12.5,High-Efficiency Subcooling (COP >2.5)
DENSO-HP-2475,7.3,26.6,5.3,3.22,14.5,High-Efficiency Subcooling (COP >2.5)
DENSO-HP-2476,11.1,28.7,9.2,3.8,8.3,High-Efficiency Subcooling (COP >2.5)
DENSO-HP-2477,-10.0,20.3,4.0,2.52,16.6,High-Efficiency Subcooling (COP >2.5)
DENSO-HP-2478,14.5,25.8,5.8,3.77,10.7,High-Efficiency Subcooling (COP >2.5)
DENSO-HP-2479,-3.9,22.0,7.8,3.41,12.5,High-Efficiency Subcooling (COP >2.5)
DENSO-HP-2480,-8.3,20.1,10.0,3.8,9.7,High-Efficiency Subcooling (COP >2.5)
DENSO-HP-2481,-13.3,17.5,9.1,3.42,11.9,High-Efficiency Subcooling (COP >2.5)
DENSO-HP-2482,-17.8,15.6,5.3,2.24,17.8,Standard PTC Resistive Assist
DENSO-HP-2483,6.0,24.3,6.8,3.41,12.0,High-Efficiency Subcooling (COP >2.5)
DENSO-HP-2484,8.9,26.9,3.5,2.85,13.6,High-Efficiency Subcooling (COP >2.5)
DENSO-HP-2485,-3.3,23.2,8.1,3.44,12.8,High-Efficiency Subcooling (COP >2.5)
DENSO-HP-2486,-14.6,14.0,8.8,3.3,12.8,High-Efficiency Subcooling (COP >2.5)
DENSO-HP-2487,-10.2,17.6,6.1,2.82,14.2,High-Efficiency Subcooling (COP >2.5)
DENSO-HP-2488,-5.1,19.9,4.5,2.67,16.0,High-Efficiency Subcooling (COP >2.5)
DENSO-HP-2489,9.2,27.7,7.1,3.78,10.4,High-Efficiency Subcooling (COP >2.5)
DENSO-HP-2490,-7.3,20.0,6.6,2.97,15.4,High-Efficiency Subcooling (COP >2.5)
DENSO-HP-2491,-9.6,19.0,4.4,2.57,16.3,High-Efficiency Subcooling (COP >2.5)
DENSO-HP-2492,8.3,25.6,9.5,3.8,10.2,High-Efficiency Subcooling (COP >2.5)
DENSO-HP-2493,10.1,29.3,6.2,3.5,13.4,High-Efficiency Subcooling (COP >2.5)
DENSO-HP-2494,-10.5,18.7,4.8,2.44,18.9,Standard PTC Resistive Assist
DENSO-HP-2495,-13.2,17.7,9.3,3.47,12.7,High-Efficiency Subcooling (COP >2.5)
DENSO-HP-2496,11.0,27.3,6.6,3.37,12.1,High-Efficiency Subcooling (COP >2.5)
DENSO-HP-2497,-16.0,16.7,6.5,2.73,16.0,High-Efficiency Subcooling (COP >2.5)
DENSO-HP-2498,10.7,28.5,4.7,3.34,13.6,High-Efficiency Subcooling (COP >2.5)
DENSO-HP-2499,6.9,25.2,5.7,3.21,12.5,High-Efficiency Subcooling (COP >2.5)
DENSO-HP-2500,14.7,29.6,9.3,3.8,10.9,High-Efficiency Subcooling (COP >2.5)
DENSO-HP-2501,-11.2,17.9,5.7,2.71,17.3,High-Efficiency Subcooling (COP >2.5)
DENSO-HP-2502,-3.0,22.9,6.7,3.2,13.4,High-Efficiency Subcooling (COP >2.5)
DENSO-HP-2503,12.7,28.1,6.7,3.76,10.3,High-Efficiency Subcooling (COP >2.5)
DENSO-HP-2504,11.7,28.3,6.7,3.8,9.5,High-Efficiency Subcooling (COP >2.5)
DENSO-HP-2505,-13.1,20.7,4.2,2.2,20.0,Standard PTC Resistive Assist
DENSO-HP-2506,8.0,26.9,7.8,3.8,9.6,High-Efficiency Subcooling (COP >2.5)
DENSO-HP-2507,-1.8,22.7,6.5,3.2,14.0,High-Efficiency Subcooling (COP >2.5)
DENSO-HP-2508,10.4,25.4,5.4,3.23,14.4,High-Efficiency Subcooling (COP >2.5)
DENSO-HP-2509,11.9,28.5,7.3,3.78,11.4,High-Efficiency Subcooling (COP >2.5)
DENSO-HP-2510,8.8,26.7,5.4,3.14,15.9,High-Efficiency Subcooling (COP >2.5)
DENSO-HP-2511,-10.4,19.8,5.8,2.78,15.6,High-Efficiency Subcooling (COP >2.5)
DENSO-HP-2512,-17.1,15.1,9.8,3.32,14.1,High-Efficiency Subcooling (COP >2.5)
DENSO-HP-2513,-7.8,19.1,5.1,2.58,15.8,High-Efficiency Subcooling (COP >2.5)
DENSO-HP-2514,-8.7,21.9,9.3,3.4,12.7,High-Efficiency Subcooling (COP >2.5)
DENSO-HP-2515,-1.6,21.9,5.8,3.04,14.0,High-Efficiency Subcooling (COP >2.5)
DENSO-HP-2516,-2.3,20.9,6.8,3.23,16.2,High-Efficiency Subcooling (COP >2.5)
DENSO-HP-2517,-6.6,20.6,5.0,2.72,17.0,High-Efficiency Subcooling (COP >2.5)
DENSO-HP-2518,13.0,28.2,9.8,3.8,9.3,High-Efficiency Subcooling (COP >2.5)
DENSO-HP-2519,-5.5,21.2,7.0,3.23,11.8,High-Efficiency Subcooling (COP >2.5)
DENSO-HP-2520,-8.6,17.0,4.5,2.52,18.3,High-Efficiency Subcooling (COP >2.5)
DENSO-HP-2521,5.7,25.3,5.9,3.13,14.2,High-Efficiency Subcooling (COP >2.5)
DENSO-HP-2522,6.3,26.2,9.0,3.79,10.5,High-Efficiency Subcooling (COP >2.5)
DENSO-HP-2523,-15.0,15.3,4.2,2.17,17.6,Standard PTC Resistive Assist
DENSO-HP-2524,-4.8,22.4,6.6,3.1,12.8,High-Efficiency Subcooling (COP >2.5)
DENSO-HP-2525,-13.3,16.6,3.8,2.34,21.2,Standard PTC Resistive Assist
DENSO-HP-2526,-12.3,17.4,9.9,3.51,13.1,High-Efficiency Subcooling (COP >2.5)
DENSO-HP-2527,-16.4,15.2,5.4,2.43,19.5,Standard PTC Resistive Assist
DENSO-HP-2528,-13.1,16.3,9.4,3.8,10.7,High-Efficiency Subcooling (COP >2.5)
DENSO-HP-2529,-4.0,22.0,4.1,2.49,18.0,Standard PTC Resistive Assist
DENSO-HP-2530,1.8,24.0,9.6,3.8,9.1,High-Efficiency Subcooling (COP >2.5)
DENSO-HP-2531,-5.3,21.9,3.5,2.54,15.7,High-Efficiency Subcooling (COP >2.5)
DENSO-HP-2532,-14.8,15.7,6.6,2.6,16.3,High-Efficiency Subcooling (COP >2.5)
DENSO-HP-2533,-12.4,17.0,4.1,2.16,17.1,Standard PTC Resistive Assist
DENSO-HP-2534,-15.4,15.6,6.2,2.6,16.3,High-Efficiency Subcooling (COP >2.5)
DENSO-HP-2535,1.3,24.9,5.0,3.04,13.7,High-Efficiency Subcooling (COP >2.5)
DENSO-HP-2536,5.0,24.0,5.6,3.09,14.4,High-Efficiency Subcooling (COP >2.5)
DENSO-HP-2537,-8.1,20.3,7.5,3.19,14.4,High-Efficiency Subcooling (COP >2.5)
DENSO-HP-2538,3.7,25.7,5.9,3.14,13.7,High-Efficiency Subcooling (COP >2.5)
DENSO-HP-2539,-15.4,15.9,9.5,3.46,10.5,High-Efficiency Subcooling (COP >2.5)
DENSO-HP-2540,-7.7,20.6,4.1,2.49,16.7,Standard PTC Resistive Assist
DENSO-HP-2541,10.6,28.1,3.7,2.88,16.5,High-Efficiency Subcooling (COP >2.5)
DENSO-HP-2542,12.9,29.5,7.9,3.8,10.0,High-Efficiency Subcooling (COP >2.5)
DENSO-HP-2543,-16.2,17.8,5.7,2.5,18.2,High-Efficiency Subcooling (COP >2.5)
DENSO-HP-2544,-4.6,19.1,7.3,3.46,13.9,High-Efficiency Subcooling (COP >2.5)
DENSO-HP-2545,-3.8,22.7,6.6,3.18,13.5,High-Efficiency Subcooling (COP >2.5)
DENSO-HP-2546,-16.7,14.2,4.8,2.43,18.5,Standard PTC Resistive Assist
DENSO-HP-2547,-13.8,16.5,9.3,3.66,10.7,High-Efficiency Subcooling (COP >2.5)
DENSO-HP-2548,-4.1,21.7,9.6,3.8,8.2,High-Efficiency Subcooling (COP >2.5)
DENSO-HP-2549,13.4,29.1,4.9,3.08,15.0,High-Efficiency Subcooling (COP >2.5)
DENSO-HP-2550,-10.3,16.7,5.3,2.63,16.4,High-Efficiency Subcooling (COP >2.5)
DENSO-HP-2551,8.4,24.3,7.6,3.8,9.9,High-Efficiency Subcooling (COP >2.5)
DENSO-HP-2552,-6.7,19.0,8.0,3.14,15.7,High-Efficiency Subcooling (COP >2.5)
DENSO-HP-2553,-16.4,14.7,7.2,2.86,17.0,High-Efficiency Subcooling (COP >2.5)
DENSO-HP-2554,5.5,26.8,8.6,3.8,9.4,High-Efficiency Subcooling (COP >2.5)
DENSO-HP-2555,10.6,26.8,9.5,3.8,8.5,High-Efficiency Subcooling (COP >2.5)
DENSO-HP-2556,-11.8,18.7,6.9,2.94,15.6,High-Efficiency Subcooling (COP >2.5)
DENSO-HP-2557,8.9,25.8,9.2,3.8,9.5,High-Efficiency Subcooling (COP >2.5)
DENSO-HP-2558,0.0,22.5,6.8,3.39,12.6,High-Efficiency Subcooling (COP >2.5)
DENSO-HP-2559,-0.3,23.0,6.2,2.87,14.1,High-Efficiency Subcooling (COP >2.5)
DENSO-HP-2560,0.3,23.4,6.9,3.4,13.1,High-Efficiency Subcooling (COP >2.5)
DENSO-HP-2561,-13.3,16.8,8.0,3.06,15.6,High-Efficiency Subcooling (COP >2.5)
DENSO-HP-2562,1.5,24.5,9.7,3.79,10.1,High-Efficiency Subcooling (COP >2.5)
DENSO-HP-2563,6.0,26.0,4.1,2.88,15.3,High-Efficiency Subcooling (COP >2.5)
DENSO-HP-2564,11.2,28.9,5.2,3.27,11.8,High-Efficiency Subcooling (COP >2.5)
DENSO-HP-2565,-6.5,20.5,6.5,3.03,13.9,High-Efficiency Subcooling (COP >2.5)
DENSO-HP-2566,-4.9,23.2,10.0,3.69,10.6,High-Efficiency Subcooling (COP >2.5)
DENSO-HP-2567,9.8,26.9,8.5,3.8,12.9,High-Efficiency Subcooling (COP >2.5)
DENSO-HP-2568,-4.5,21.6,9.1,3.61,11.5,High-Efficiency Subcooling (COP >2.5)
DENSO-HP-2569,9.4,28.0,7.9,3.8,9.0,High-Efficiency Subcooling (COP >2.5)
DENSO-HP-2570,4.5,26.9,8.1,3.8,9.8,High-Efficiency Subcooling (COP >2.5)
DENSO-HP-2571,-12.4,18.5,9.3,3.47,12.5,High-Efficiency Subcooling (COP >2.5)
DENSO-HP-2572,0.8,22.7,3.6,2.67,16.6,High-Efficiency Subcooling (COP >2.5)
DENSO-HP-2573,-14.2,14.4,6.6,2.73,14.4,High-Efficiency Subcooling (COP >2.5)
DENSO-HP-2574,6.0,27.3,3.9,3.16,13.3,High-Efficiency Subcooling (COP >2.5)
DENSO-HP-2575,5.4,27.7,6.4,3.32,13.1,High-Efficiency Subcooling (COP >2.5)
DENSO-HP-2576,2.0,23.6,6.9,3.33,12.3,High-Efficiency Subcooling (COP >2.5)
DENSO-HP-2577,-5.1,21.2,8.0,3.45,11.6,High-Efficiency Subcooling (COP >2.5)
DENSO-HP-2578,-3.0,22.3,9.8,3.61,12.7,High-Efficiency Subcooling (COP >2.5)
DENSO-HP-2579,11.4,28.8,6.9,3.46,12.3,High-Efficiency Subcooling (COP >2.5)
DENSO-HP-2580,6.9,28.4,5.0,3.06,10.6,High-Efficiency Subcooling (COP >2.5)
DENSO-HP-2581,3.0,23.0,6.6,3.32,13.1,High-Efficiency Subcooling (COP >2.5)
DENSO-HP-2582,-5.6,19.7,9.4,3.74,8.6,High-Efficiency Subcooling (COP >2.5)
DENSO-HP-2583,-11.8,17.5,8.8,3.45,11.7,High-Efficiency Subcooling (COP >2.5)
DENSO-HP-2584,-8.8,20.7,7.8,3.39,12.3,High-Efficiency Subcooling (COP >2.5)
DENSO-HP-2585,-6.4,19.3,7.6,3.15,12.2,High-Efficiency Subcooling (COP >2.5)
DENSO-HP-2586,4.7,22.9,6.2,3.38,11.8,High-Efficiency Subcooling (COP >2.5)
DENSO-HP-2587,7.3,27.3,8.1,3.8,9.4,High-Efficiency Subcooling (COP >2.5)
DENSO-HP-2588,-16.9,15.1,8.3,3.13,12.3,High-Efficiency Subcooling (COP >2.5)
DENSO-HP-2589,0.5,23.6,5.2,2.88,15.3,High-Efficiency Subcooling (COP >2.5)
DENSO-HP-2590,7.7,27.0,4.6,3.0,14.1,High-Efficiency Subcooling (COP >2.5)
DENSO-HP-2591,0.2,20.5,5.9,3.07,14.5,High-Efficiency Subcooling (COP >2.5)
DENSO-HP-2592,1.9,26.4,5.5,3.15,15.4,High-Efficiency Subcooling (COP >2.5)
DENSO-HP-2593,11.3,26.9,5.4,3.28,12.7,High-Efficiency Subcooling (COP >2.5)
DENSO-HP-2594,-11.8,19.2,8.2,3.3,12.6,High-Efficiency Subcooling (COP >2.5)
DENSO-HP-2595,-9.9,17.0,7.0,2.97,13.8,High-Efficiency Subcooling (COP >2.5)
DENSO-HP-2596,3.5,23.3,10.0,3.8,11.1,High-Efficiency Subcooling (COP >2.5)
DENSO-HP-2597,-11.0,17.8,4.2,2.49,17.2,Standard PTC Resistive Assist
DENSO-HP-2598,5.9,25.5,9.7,3.8,8.2,High-Efficiency Subcooling (COP >2.5)
DENSO-HP-2599,-17.8,13.7,5.0,2.29,18.5,Standard PTC Resistive Assist
DENSO-HP-2600,-17.4,16.3,4.2,2.21,19.3,Standard PTC Resistive Assist
DENSO-HP-2601,-13.0,16.1,5.9,2.83,14.0,High-Efficiency Subcooling (COP >2.5)
DENSO-HP-2602,10.8,26.6,4.9,3.35,9.2,High-Efficiency Subcooling (COP >2.5)
DENSO-HP-2603,1.1,23.7,8.8,3.51,11.1,High-Efficiency Subcooling (COP >2.5)
DENSO-HP-2604,-14.8,14.3,9.6,3.54,11.2,High-Efficiency Subcooling (COP >2.5)
DENSO-HP-2605,2.7,25.3,7.5,3.58,10.8,High-Efficiency Subcooling (COP >2.5)
DENSO-HP-2606,-9.6,18.6,7.9,3.17,14.1,High-Efficiency Subcooling (COP >2.5)
DENSO-HP-2607,7.8,27.0,8.6,3.8,8.9,High-Efficiency Subcooling (COP >2.5)
DENSO-HP-2608,-10.7,17.2,4.0,2.47,17.2,Standard PTC Resistive Assist
DENSO-HP-2609,6.9,24.8,8.1,3.8,7.2,High-Efficiency Subcooling (COP >2.5)
DENSO-HP-2610,-8.3,17.7,7.3,3.1,11.2,High-Efficiency Subcooling (COP >2.5)
DENSO-HP-2611,10.9,27.6,6.1,3.48,12.4,High-Efficiency Subcooling (COP >2.5)
DENSO-HP-2612,-3.7,22.1,8.1,3.47,12.5,High-Efficiency Subcooling (COP >2.5)
DENSO-HP-2613,4.4,25.1,7.0,3.5,11.6,High-Efficiency Subcooling (COP >2.5)
DENSO-HP-2614,-5.5,20.1,9.5,3.8,7.9,High-Efficiency Subcooling (COP >2.5)
DENSO-HP-2615,-12.6,16.4,8.8,3.3,12.2,High-Efficiency Subcooling (COP >2.5)
DENSO-HP-2616,4.9,27.0,6.1,3.42,13.0,High-Efficiency Subcooling (COP >2.5)
DENSO-HP-2617,-1.2,23.0,8.1,3.49,12.4,High-Efficiency Subcooling (COP >2.5)
DENSO-HP-2618,14.6,29.5,8.4,3.8,9.7,High-Efficiency Subcooling (COP >2.5)
DENSO-HP-2619,-13.8,18.5,4.1,2.32,19.0,Standard PTC Resistive Assist
DENSO-HP-2620,9.1,28.4,4.8,3.12,14.6,High-Efficiency Subcooling (COP >2.5)
DENSO-HP-2621,-3.6,23.9,6.8,3.16,13.6,High-Efficiency Subcooling (COP >2.5)
DENSO-HP-2622,13.4,28.6,9.3,3.8,9.2,High-Efficiency Subcooling (COP >2.5)
DENSO-HP-2623,3.6,25.1,7.0,3.41,13.6,High-Efficiency Subcooling (COP >2.5)
DENSO-HP-2624,-1.8,21.3,9.3,3.66,10.8,High-Efficiency Subcooling (COP >2.5)
DENSO-HP-2625,5.4,26.4,4.3,2.9,15.7,High-Efficiency Subcooling (COP >2.5)
DENSO-HP-2626,-11.0,17.5,7.7,2.91,16.2,High-Efficiency Subcooling (COP >2.5)
DENSO-HP-2627,12.7,28.8,6.8,3.67,11.2,High-Efficiency Subcooling (COP >2.5)
DENSO-HP-2628,13.8,29.2,9.2,3.8,9.3,High-Efficiency Subcooling (COP >2.5)
DENSO-HP-2629,-0.3,24.1,4.0,2.82,14.9,High-Efficiency Subcooling (COP >2.5)
DENSO-HP-2630,7.6,24.1,7.2,3.8,8.6,High-Efficiency Subcooling (COP >2.5)
DENSO-HP-2631,-3.0,21.6,9.9,3.8,10.7,High-Efficiency Subcooling (COP >2.5)
DENSO-HP-2632,-17.6,14.9,6.6,2.81,16.6,High-Efficiency Subcooling (COP >2.5)
DENSO-HP-2633,-11.9,17.5,4.7,2.31,17.2,Standard PTC Resistive Assist
DENSO-HP-2634,5.9,24.7,7.1,3.77,9.2,High-Efficiency Subcooling (COP >2.5)
DENSO-HP-2635,10.6,28.7,8.2,3.8,9.4,High-Efficiency Subcooling (COP >2.5)
DENSO-HP-2636,-2.6,20.6,9.4,3.74,11.7,High-Efficiency Subcooling (COP >2.5)
DENSO-HP-2637,3.4,27.5,8.0,3.8,11.7,High-Efficiency Subcooling (COP >2.5)
DENSO-HP-2638,-6.0,20.6,5.0,2.74,18.1,High-Efficiency Subcooling (COP >2.5)
DENSO-HP-2639,-5.7,21.3,6.8,3.06,15.9,High-Efficiency Subcooling (COP >2.5)
DENSO-HP-2640,-7.0,19.4,6.8,3.0,15.5,High-Efficiency Subcooling (COP >2.5)
DENSO-HP-2641,13.9,27.7,8.1,3.8,10.3,High-Efficiency Subcooling (COP >2.5)
DENSO-HP-2642,6.4,27.8,3.9,2.92,15.2,High-Efficiency Subcooling (COP >2.5)
DENSO-HP-2643,-0.9,23.3,9.9,3.8,8.7,High-Efficiency Subcooling (COP >2.5)
DENSO-HP-2644,-2.0,23.3,4.2,2.8,14.4,High-Efficiency Subcooling (COP >2.5)
DENSO-HP-2645,-15.8,13.9,7.0,2.9,16.5,High-Efficiency Subcooling (COP >2.5)
DENSO-HP-2646,-17.4,16.6,9.3,3.31,13.7,High-Efficiency Subcooling (COP >2.5)
DENSO-HP-2647,-9.7,18.5,9.8,3.66,11.8,High-Efficiency Subcooling (COP >2.5)
DENSO-HP-2648,8.4,26.3,7.7,3.8,8.5,High-Efficiency Subcooling (COP >2.5)
DENSO-HP-2649,-2.1,24.0,8.6,3.79,11.2,High-Efficiency Subcooling (COP >2.5)
DENSO-HP-2650,-12.6,19.0,8.9,3.35,12.4,High-Efficiency Subcooling (COP >2.5)
DENSO-HP-2651,1.9,24.6,9.5,3.8,11.6,High-Efficiency Subcooling (COP >2.5)
DENSO-HP-2652,4.8,27.1,9.0,3.8,9.3,High-Efficiency Subcooling (COP >2.5)
DENSO-HP-2653,-5.8,21.0,7.9,3.16,15.9,High-Efficiency Subcooling (COP >2.5)
DENSO-HP-2654,5.2,25.8,6.1,3.28,10.7,High-Efficiency Subcooling (COP >2.5)
DENSO-HP-2655,3.0,25.6,6.6,3.18,13.4,High-Efficiency Subcooling (COP >2.5)
DENSO-HP-2656,-17.4,17.0,7.0,2.85,19.1,High-Efficiency Subcooling (COP >2.5)
DENSO-HP-2657,5.7,26.2,9.8,3.8,10.4,High-Efficiency Subcooling (COP >2.5)
DENSO-HP-2658,-13.6,15.5,4.7,2.44,17.6,Standard PTC Resistive Assist
DENSO-HP-2659,-16.3,16.2,9.4,3.55,10.8,High-Efficiency Subcooling (COP >2.5)
DENSO-HP-2660,-17.7,16.2,5.9,2.58,17.0,High-Efficiency Subcooling (COP >2.5)
DENSO-HP-2661,14.1,30.2,7.0,3.79,10.2,High-Efficiency Subcooling (COP >2.5)
DENSO-HP-2662,-3.8,20.7,7.0,3.33,10.5,High-Efficiency Subcooling (COP >2.5)
DENSO-HP-2663,-11.5,18.1,4.6,2.63,15.8,High-Efficiency Subcooling (COP >2.5)
DENSO-HP-2664,-10.1,17.0,7.8,3.28,14.0,High-Efficiency Subcooling (COP >2.5)
DENSO-HP-2665,7.7,26.6,4.5,3.0,12.5,High-Efficiency Subcooling (COP >2.5)
DENSO-HP-2666,3.9,23.4,5.2,3.23,12.4,High-Efficiency Subcooling (COP >2.5)
DENSO-HP-2667,-12.4,17.7,8.6,3.24,15.1,High-Efficiency Subcooling (COP >2.5)
DENSO-HP-2668,-16.8,16.0,3.7,1.94,19.8,Standard PTC Resistive Assist
DENSO-HP-2669,-2.6,21.9,8.5,3.61,11.5,High-Efficiency Subcooling (COP >2.5)
DENSO-HP-2670,9.7,27.8,6.3,3.58,9.6,High-Efficiency Subcooling (COP >2.5)
DENSO-HP-2671,7.1,24.2,9.5,3.8,11.2,High-Efficiency Subcooling (COP >2.5)
DENSO-HP-2672,7.8,25.4,7.3,3.8,10.5,High-Efficiency Subcooling (COP >2.5)
DENSO-HP-2673,4.9,25.0,4.8,3.21,14.3,High-Efficiency Subcooling (COP >2.5)
DENSO-HP-2674,7.1,26.4,4.7,3.15,13.5,High-Efficiency Subcooling (COP >2.5)
DENSO-HP-2675,14.2,30.3,3.6,3.24,14.3,High-Efficiency Subcooling (COP >2.5)
DENSO-HP-2676,-10.3,19.1,10.0,3.8,9.0,High-Efficiency Subcooling (COP >2.5)
DENSO-HP-2677,-10.1,16.0,6.7,2.95,17.6,High-Efficiency Subcooling (COP >2.5)
DENSO-HP-2678,-4.2,21.9,9.2,3.8,12.2,High-Efficiency Subcooling (COP >2.5)
DENSO-HP-2679,8.0,26.1,9.1,3.8,8.2,High-Efficiency Subcooling (COP >2.5)
DENSO-HP-2680,-0.5,23.4,9.5,3.67,10.9,High-Efficiency Subcooling (COP >2.5)
DENSO-HP-2681,-3.6,18.9,3.5,2.48,16.3,Standard PTC Resistive Assist
DENSO-HP-2682,-17.4,16.4,8.8,3.27,12.1,High-Efficiency Subcooling (COP >2.5)
DENSO-HP-2683,-4.4,21.9,6.8,3.31,11.2,High-Efficiency Subcooling (COP >2.5)
DENSO-HP-2684,5.4,27.0,4.1,3.01,15.1,High-Efficiency Subcooling (COP >2.5)
DENSO-HP-2685,5.2,25.1,6.2,3.24,12.7,High-Efficiency Subcooling (COP >2.5)
DENSO-HP-2686,-1.6,22.8,5.5,3.0,13.4,High-Efficiency Subcooling (COP >2.5)
DENSO-HP-2687,-5.9,21.0,6.5,3.05,16.5,High-Efficiency Subcooling (COP >2.5)
DENSO-HP-2688,-9.7,20.7,10.0,3.66,9.7,High-Efficiency Subcooling (COP >2.5)
DENSO-HP-2689,5.8,26.4,6.5,3.43,11.7,High-Efficiency Subcooling (COP >2.5)
DENSO-HP-2690,-8.0,16.8,6.5,3.22,10.8,High-Efficiency Subcooling (COP >2.5)
DENSO-HP-2691,-12.6,17.0,4.5,2.57,16.2,High-Efficiency Subcooling (COP >2.5)
DENSO-HP-2692,-6.4,18.7,5.5,2.87,16.5,High-Efficiency Subcooling (COP >2.5)
DENSO-HP-2693,-1.4,23.8,4.9,2.97,12.9,High-Efficiency Subcooling (COP >2.5)
DENSO-HP-2694,-13.9,16.2,4.9,2.53,15.8,High-Efficiency Subcooling (COP >2.5)
DENSO-HP-2695,-11.8,17.4,7.4,2.96,15.7,High-Efficiency Subcooling (COP >2.5)
DENSO-HP-2696,-16.1,12.6,8.3,3.27,14.1,High-Efficiency Subcooling (COP >2.5)
DENSO-HP-2697,4.4,24.5,4.0,2.85,15.3,High-Efficiency Subcooling (COP >2.5)
DENSO-HP-2698,7.2,26.9,6.7,3.43,12.4,High-Efficiency Subcooling (COP >2.5)
DENSO-HP-2699,-3.0,21.8,4.3,2.55,15.9,High-Efficiency Subcooling (COP >2.5)
DENSO-HP-2700,9.1,25.9,4.8,3.22,14.4,High-Efficiency Subcooling (COP >2.5)
DENSO-HP-2701,-4.7,22.0,4.6,2.77,15.6,High-Efficiency Subcooling (COP >2.5)
DENSO-HP-2702,-14.7,15.4,5.9,2.53,16.6,High-Efficiency Subcooling (COP >2.5)
DENSO-HP-2703,-3.5,20.6,9.1,3.8,7.8,High-Efficiency Subcooling (COP >2.5)
DENSO-HP-2704,9.3,25.4,4.1,3.09,11.9,High-Efficiency Subcooling (COP >2.5)
DENSO-HP-2705,9.8,27.9,5.8,3.25,14.2,High-Efficiency Subcooling (COP >2.5)
DENSO-HP-2706,-9.0,19.3,6.6,2.95,15.2,High-Efficiency Subcooling (COP >2.5)
DENSO-HP-2707,-3.1,21.0,7.1,3.12,12.5,High-Efficiency Subcooling (COP >2.5)
DENSO-HP-2708,11.5,28.1,9.1,3.8,10.0,High-Efficiency Subcooling (COP >2.5)
DENSO-HP-2709,4.0,27.1,5.9,3.27,13.2,High-Efficiency Subcooling (COP >2.5)
DENSO-HP-2710,-12.7,18.2,6.5,2.96,15.7,High-Efficiency Subcooling (COP >2.5)
DENSO-HP-2711,4.5,26.0,4.2,2.81,17.2,High-Efficiency Subcooling (COP >2.5)
DENSO-HP-2712,11.9,29.1,7.0,3.64,12.1,High-Efficiency Subcooling (COP >2.5)
DENSO-HP-2713,-10.6,18.5,8.9,3.49,11.0,High-Efficiency Subcooling (COP >2.5)
DENSO-HP-2714,-0.0,24.2,5.9,3.2,13.6,High-Efficiency Subcooling (COP >2.5)
DENSO-HP-2715,-5.8,19.8,7.7,3.24,11.7,High-Efficiency Subcooling (COP >2.5)
DENSO-HP-2716,-6.9,17.4,8.9,3.55,12.2,High-Efficiency Subcooling (COP >2.5)
DENSO-HP-2717,8.7,27.3,9.3,3.8,12.8,High-Efficiency Subcooling (COP >2.5)
DENSO-HP-2718,6.6,23.4,6.5,3.43,13.0,High-Efficiency Subcooling (COP >2.5)
DENSO-HP-2719,-2.1,23.6,3.7,2.62,18.8,High-Efficiency Subcooling (COP >2.5)
DENSO-HP-2720,9.2,25.3,5.7,3.45,11.8,High-Efficiency Subcooling (COP >2.5)
DENSO-HP-2721,-12.8,17.3,7.2,2.9,14.8,High-Efficiency Subcooling (COP >2.5)
DENSO-HP-2722,-12.9,16.9,5.1,2.52,18.7,High-Efficiency Subcooling (COP >2.5)
DENSO-HP-2723,-12.6,15.9,5.1,2.56,15.9,High-Efficiency Subcooling (COP >2.5)
DENSO-HP-2724,9.7,26.2,7.1,3.74,11.0,High-Efficiency Subcooling (COP >2.5)
DENSO-HP-2725,-8.7,19.7,5.1,2.73,18.3,High-Efficiency Subcooling (COP >2.5)
DENSO-HP-2726,-2.4,21.2,9.1,3.8,9.8,High-Efficiency Subcooling (COP >2.5)
DENSO-HP-2727,-15.4,17.8,7.5,2.96,15.1,High-Efficiency Subcooling (COP >2.5)
DENSO-HP-2728,-9.6,19.2,5.1,2.63,14.9,High-Efficiency Subcooling (COP >2.5)
DENSO-HP-2729,-15.7,16.3,4.8,2.66,18.3,High-Efficiency Subcooling (COP >2.5)
DENSO-HP-2730,14.0,27.0,8.1,3.8,8.8,High-Efficiency Subcooling (COP >2.5)
DENSO-HP-2731,-15.8,17.1,9.7,3.48,11.4,High-Efficiency Subcooling (COP >2.5)
DENSO-HP-2732,-6.3,17.7,7.7,3.36,12.5,High-Efficiency Subcooling (COP >2.5)
DENSO-HP-2733,-14.7,18.0,9.3,3.31,12.6,High-Efficiency Subcooling (COP >2.5)
DENSO-HP-2734,12.2,30.3,5.2,3.22,14.3,High-Efficiency Subcooling (COP >2.5)
DENSO-HP-2735,-5.5,18.4,8.0,3.4,11.9,High-Efficiency Subcooling (COP >2.5)
DENSO-HP-2736,-3.0,23.4,6.6,3.15,13.0,High-Efficiency Subcooling (COP >2.5)
DENSO-HP-2737,-9.6,17.8,5.8,2.78,14.5,High-Efficiency Subcooling (COP >2.5)
DENSO-HP-2738,7.9,25.4,6.8,3.49,10.7,High-Efficiency Subcooling (COP >2.5)
DENSO-HP-2739,-8.9,19.9,4.9,2.57,17.6,High-Efficiency Subcooling (COP >2.5)
DENSO-HP-2740,-2.5,20.0,8.6,3.68,10.5,High-Efficiency Subcooling (COP >2.5)
DENSO-HP-2741,7.9,26.5,4.7,3.04,14.1,High-Efficiency Subcooling (COP >2.5)
DENSO-HP-2742,1.8,25.1,9.4,3.8,12.5,High-Efficiency Subcooling (COP >2.5)
DENSO-HP-2743,-4.8,21.0,6.4,3.25,11.4,High-Efficiency Subcooling (COP >2.5)
DENSO-HP-2744,-11.5,19.0,3.8,2.4,17.3,Standard PTC Resistive Assist
DENSO-HP-2745,1.6,24.5,3.6,2.58,17.1,High-Efficiency Subcooling (COP >2.5)
DENSO-HP-2746,14.2,30.3,7.1,3.76,9.7,High-Efficiency Subcooling (COP >2.5)
DENSO-HP-2747,6.3,27.3,4.0,2.77,17.3,High-Efficiency Subcooling (COP >2.5)
DENSO-HP-2748,-11.1,18.8,3.6,2.05,18.5,Standard PTC Resistive Assist
DENSO-HP-2749,-5.7,20.7,7.3,3.29,14.5,High-Efficiency Subcooling (COP >2.5)
DENSO-HP-2750,-13.5,18.2,4.9,2.51,17.4,High-Efficiency Subcooling (COP >2.5)
DENSO-HP-2751,-11.5,17.8,4.9,2.7,18.2,High-Efficiency Subcooling (COP >2.5)
DENSO-HP-2752,-3.7,21.2,3.6,2.56,16.2,High-Efficiency Subcooling (COP >2.5)
DENSO-HP-2753,6.3,24.8,5.9,3.38,13.4,High-Efficiency Subcooling (COP >2.5)
DENSO-HP-2754,1.4,22.8,6.7,3.28,12.6,High-Efficiency Subcooling (COP >2.5)
DENSO-HP-2755,14.5,27.7,6.3,3.57,10.5,High-Efficiency Subcooling (COP >2.5)
DENSO-HP-2756,-14.2,16.1,7.9,3.19,13.4,High-Efficiency Subcooling (COP >2.5)
DENSO-HP-2757,14.3,28.2,9.6,3.8,9.5,High-Efficiency Subcooling (COP >2.5)
DENSO-HP-2758,-15.5,18.3,7.8,2.97,17.1,High-Efficiency Subcooling (COP >2.5)
DENSO-HP-2759,3.3,24.5,4.4,2.78,14.7,High-Efficiency Subcooling (COP >2.5)
DENSO-HP-2760,-13.5,18.0,8.8,3.46,11.4,High-Efficiency Subcooling (COP >2.5)
DENSO-HP-2761,-11.2,19.1,9.9,3.61,12.6,High-Efficiency Subcooling (COP >2.5)
DENSO-HP-2762,2.1,22.6,5.3,2.9,13.4,High-Efficiency Subcooling (COP >2.5)
DENSO-HP-2763,-5.8,22.4,4.6,2.68,17.0,High-Efficiency Subcooling (COP >2.5)
DENSO-HP-2764,-0.4,24.6,8.3,3.68,10.1,High-Efficiency Subcooling (COP >2.5)
DENSO-HP-2765,-15.8,15.2,8.6,3.3,12.0,High-Efficiency Subcooling (COP >2.5)
DENSO-HP-2766,8.1,26.8,8.4,3.8,10.7,High-Efficiency Subcooling (COP >2.5)
DENSO-HP-2767,7.3,25.6,8.5,3.8,10.1,High-Efficiency Subcooling (COP >2.5)
DENSO-HP-2768,-13.3,19.7,5.3,2.31,16.9,Standard PTC Resistive Assist
DENSO-HP-2769,-5.8,22.4,9.5,3.74,9.3,High-Efficiency Subcooling (COP >2.5)
DENSO-HP-2770,12.6,28.2,9.4,3.8,10.5,High-Efficiency Subcooling (COP >2.5)
DENSO-HP-2771,6.5,25.4,6.6,3.45,12.5,High-Efficiency Subcooling (COP >2.5)
DENSO-HP-2772,11.3,28.7,8.0,3.8,11.3,High-Efficiency Subcooling (COP >2.5)
DENSO-HP-2773,-15.3,16.2,6.2,2.76,18.6,High-Efficiency Subcooling (COP >2.5)
DENSO-HP-2774,-1.3,22.7,7.3,3.46,11.2,High-Efficiency Subcooling (COP >2.5)
DENSO-HP-2775,-3.4,23.0,8.3,3.68,11.2,High-Efficiency Subcooling (COP >2.5)
DENSO-HP-2776,-17.7,15.9,6.8,2.73,15.0,High-Efficiency Subcooling (COP >2.5)
DENSO-HP-2777,-4.6,19.8,6.1,3.13,14.7,High-Efficiency Subcooling (COP >2.5)
DENSO-HP-2778,-6.6,19.3,8.0,3.47,11.6,High-Efficiency Subcooling (COP >2.5)
DENSO-HP-2779,-6.4,19.6,3.9,2.51,16.8,High-Efficiency Subcooling (COP >2.5)
DENSO-HP-2780,-11.2,16.8,7.8,3.0,15.5,High-Efficiency Subcooling (COP >2.5)
DENSO-HP-2781,3.1,24.9,4.0,2.63,17.8,High-Efficiency Subcooling (COP >2.5)
DENSO-HP-2782,-2.4,24.1,9.0,3.8,10.4,High-Efficiency Subcooling (COP >2.5)
DENSO-HP-2783,2.1,22.4,8.3,3.51,12.4,High-Efficiency Subcooling (COP >2.5)
DENSO-HP-2784,3.1,24.9,6.2,3.17,13.1,High-Efficiency Subcooling (COP >2.5)
DENSO-HP-2785,1.2,21.0,3.9,2.81,14.8,High-Efficiency Subcooling (COP >2.5)
DENSO-HP-2786,-8.5,21.3,5.6,3.08,15.2,High-Efficiency Subcooling (COP >2.5)
DENSO-HP-2787,-4.7,19.6,7.9,3.51,9.6,High-Efficiency Subcooling (COP >2.5)
DENSO-HP-2788,14.3,29.4,6.9,3.8,9.2,High-Efficiency Subcooling (COP >2.5)
DENSO-HP-2789,7.6,26.7,6.3,3.44,13.5,High-Efficiency Subcooling (COP >2.5)
DENSO-HP-2790,-10.7,16.5,4.6,2.23,18.2,Standard PTC Resistive Assist
DENSO-HP-2791,-12.9,17.0,8.9,3.39,12.1,High-Efficiency Subcooling (COP >2.5)
DENSO-HP-2792,-5.2,20.8,9.7,3.78,8.5,High-Efficiency Subcooling (COP >2.5)
DENSO-HP-2793,6.6,27.7,8.8,3.8,8.2,High-Efficiency Subcooling (COP >2.5)
DENSO-HP-2794,-0.2,23.1,5.1,2.99,13.5,High-Efficiency Subcooling (COP >2.5)
DENSO-HP-2795,12.8,29.5,7.7,3.53,10.0,High-Efficiency Subcooling (COP >2.5)
DENSO-HP-2796,12.7,30.2,4.2,3.14,11.8,High-Efficiency Subcooling (COP >2.5)
DENSO-HP-2797,5.7,25.5,8.7,3.8,11.2,High-Efficiency Subcooling (COP >2.5)
DENSO-HP-2798,14.6,26.9,7.7,3.8,11.8,High-Efficiency Subcooling (COP >2.5)
DENSO-HP-2799,-7.1,19.6,6.8,3.15,12.1,High-Efficiency Subcooling (COP >2.5)
DENSO-HP-2800,-0.8,22.0,7.6,3.61,12.1,High-Efficiency Subcooling (COP >2.5)
DENSO-HP-2801,-8.7,16.7,4.9,2.63,16.3,High-Efficiency Subcooling (COP >2.5)
DENSO-HP-2802,-9.6,19.3,8.4,3.5,11.3,High-Efficiency Subcooling (COP >2.5)
DENSO-HP-2803,8.6,27.0,6.4,3.32,13.9,High-Efficiency Subcooling (COP >2.5)
DENSO-HP-2804,9.3,26.8,5.0,3.09,13.9,High-Efficiency Subcooling (COP >2.5)
DENSO-HP-2805,14.8,30.0,8.5,3.8,10.6,High-Efficiency Subcooling (COP >2.5)
DENSO-HP-2806,-5.3,22.8,7.1,3.06,14.7,High-Efficiency Subcooling (COP >2.5)
DENSO-HP-2807,12.2,28.8,4.9,3.36,12.4,High-Efficiency Subcooling (COP >2.5)
DENSO-HP-2808,-12.8,15.4,8.3,3.28,13.1,High-Efficiency Subcooling (COP >2.5)
DENSO-HP-2809,14.7,29.4,4.2,3.15,14.1,High-Efficiency Subcooling (COP >2.5)
DENSO-HP-2810,-4.1,19.7,8.9,3.53,11.8,High-Efficiency Subcooling (COP >2.5)
DENSO-HP-2811,14.4,28.8,5.8,3.35,14.1,High-Efficiency Subcooling (COP >2.5)
DENSO-HP-2812,5.5,25.8,9.9,3.8,9.8,High-Efficiency Subcooling (COP >2.5)
DENSO-HP-2813,7.2,25.6,8.2,3.79,12.2,High-Efficiency Subcooling (COP >2.5)
DENSO-HP-2814,-4.4,20.8,9.3,3.47,13.1,High-Efficiency Subcooling (COP >2.5)
DENSO-HP-2815,5.1,26.2,8.6,3.8,9.6,High-Efficiency Subcooling (COP >2.5)
DENSO-HP-2816,3.7,22.4,5.1,3.21,12.2,High-Efficiency Subcooling (COP >2.5)
DENSO-HP-2817,-17.7,16.8,9.3,3.37,11.2,High-Efficiency Subcooling (COP >2.5)
DENSO-HP-2818,2.0,25.8,6.1,3.27,16.0,High-Efficiency Subcooling (COP >2.5)
DENSO-HP-2819,10.4,28.0,7.3,3.6,9.1,High-Efficiency Subcooling (COP >2.5)
DENSO-HP-2820,-2.2,21.4,5.6,3.13,12.8,High-Efficiency Subcooling (COP >2.5)
DENSO-HP-2821,-1.4,20.2,9.8,3.8,10.5,High-Efficiency Subcooling (COP >2.5)
DENSO-HP-2822,-10.0,17.4,8.8,3.36,15.2,High-Efficiency Subcooling (COP >2.5)
DENSO-HP-2823,6.5,24.9,8.7,3.8,9.0,High-Efficiency Subcooling (COP >2.5)
DENSO-HP-2824,-9.7,17.7,4.5,2.54,15.5,High-Efficiency Subcooling (COP >2.5)
DENSO-HP-2825,-0.6,22.8,9.2,3.6,10.6,High-Efficiency Subcooling (COP >2.5)
DENSO-HP-2826,-3.8,22.3,8.6,3.8,9.3,High-Efficiency Subcooling (COP >2.5)
DENSO-HP-2827,-9.0,21.3,9.4,3.61,10.8,High-Efficiency Subcooling (COP >2.5)
DENSO-HP-2828,9.0,26.7,5.6,3.45,13.0,High-Efficiency Subcooling (COP >2.5)
DENSO-HP-2829,-9.1,18.7,4.3,2.44,18.7,Standard PTC Resistive Assist
DENSO-HP-2830,-12.4,18.6,3.9,2.11,21.5,Standard PTC Resistive Assist
DENSO-HP-2831,-7.4,18.7,9.4,3.8,12.9,High-Efficiency Subcooling (COP >2.5)
DENSO-HP-2832,6.4,25.6,5.7,3.31,13.9,High-Efficiency Subcooling (COP >2.5)
DENSO-HP-2833,8.9,29.8,9.2,3.8,10.1,High-Efficiency Subcooling (COP >2.5)
DENSO-HP-2834,-8.1,19.8,3.9,2.31,20.4,Standard PTC Resistive Assist
DENSO-HP-2835,12.0,28.4,7.2,3.6,10.1,High-Efficiency Subcooling (COP >2.5)
DENSO-HP-2836,-9.4,20.2,6.5,2.82,17.3,High-Efficiency Subcooling (COP >2.5)
DENSO-HP-2837,-17.1,14.6,7.2,2.96,14.4,High-Efficiency Subcooling (COP >2.5)
DENSO-HP-2838,6.5,26.9,7.4,3.58,11.2,High-Efficiency Subcooling (COP >2.5)
DENSO-HP-2839,-2.8,22.0,5.7,3.38,12.9,High-Efficiency Subcooling (COP >2.5)
DENSO-HP-2840,-8.2,19.1,5.1,2.56,16.8,High-Efficiency Subcooling (COP >2.5)
DENSO-HP-2841,-1.3,22.0,9.7,3.8,8.5,High-Efficiency Subcooling (COP >2.5)
DENSO-HP-2842,7.0,27.1,4.8,2.95,15.9,High-Efficiency Subcooling (COP >2.5)
DENSO-HP-2843,-7.4,21.2,8.7,3.62,13.1,High-Efficiency Subcooling (COP >2.5)
DENSO-HP-2844,9.5,27.2,6.6,3.58,11.4,High-Efficiency Subcooling (COP >2.5)
DENSO-HP-2845,7.0,27.3,7.6,3.65,8.7,High-Efficiency Subcooling (COP >2.5)
DENSO-HP-2846,-16.6,16.8,5.0,2.29,18.2,Standard PTC Resistive Assist
DENSO-HP-2847,1.0,26.0,4.0,2.73,16.9,High-Efficiency Subcooling (COP >2.5)
DENSO-HP-2848,11.2,29.5,9.7,3.8,9.5,High-Efficiency Subcooling (COP >2.5)
DENSO-HP-2849,8.3,26.3,7.1,3.66,11.1,High-Efficiency Subcooling (COP >2.5)
DENSO-HP-2850,13.0,27.2,7.2,3.78,9.7,High-Efficiency Subcooling (COP >2.5)
DENSO-HP-2851,-1.7,24.4,6.5,3.29,13.3,High-Efficiency Subcooling (COP >2.5)
DENSO-HP-2852,-17.4,13.6,8.7,2.96,14.0,High-Efficiency Subcooling (COP >2.5)
DENSO-HP-2853,-1.9,24.1,7.9,3.61,10.5,High-Efficiency Subcooling (COP >2.5)
DENSO-HP-2854,-4.5,22.0,9.2,3.8,9.7,High-Efficiency Subcooling (COP >2.5)
DENSO-HP-2855,0.2,22.6,4.2,2.77,15.3,High-Efficiency Subcooling (COP >2.5)
DENSO-HP-2856,3.1,22.9,7.6,3.59,10.6,High-Efficiency Subcooling (COP >2.5)
DENSO-HP-2857,10.5,30.2,7.2,3.66,8.4,High-Efficiency Subcooling (COP >2.5)
DENSO-HP-2858,0.3,23.5,6.5,3.34,13.5,High-Efficiency Subcooling (COP >2.5)
DENSO-HP-2859,-1.8,22.6,9.2,3.78,8.6,High-Efficiency Subcooling (COP >2.5)
DENSO-HP-2860,11.8,29.3,4.4,3.21,13.4,High-Efficiency Subcooling (COP >2.5)
DENSO-HP-2861,-15.9,14.8,8.9,3.36,11.8,High-Efficiency Subcooling (COP >2.5)
DENSO-HP-2862,-2.4,22.9,7.6,3.33,12.0,High-Efficiency Subcooling (COP >2.5)
DENSO-HP-2863,-6.3,19.3,5.2,2.73,16.8,High-Efficiency Subcooling (COP >2.5)
DENSO-HP-2864,-14.3,17.9,6.4,2.86,14.8,High-Efficiency Subcooling (COP >2.5)
DENSO-HP-2865,-6.2,18.6,9.2,3.8,11.2,High-Efficiency Subcooling (COP >2.5)
DENSO-HP-2866,-5.2,22.5,8.0,3.54,11.8,High-Efficiency Subcooling (COP >2.5)
DENSO-HP-2867,-8.8,17.7,4.5,2.7,15.7,High-Efficiency Subcooling (COP >2.5)
DENSO-HP-2868,2.7,24.5,8.8,3.73,9.7,High-Efficiency Subcooling (COP >2.5)
DENSO-HP-2869,4.8,25.2,7.1,3.69,9.1,High-Efficiency Subcooling (COP >2.5)
DENSO-HP-2870,-3.4,21.6,4.0,2.62,17.3,High-Efficiency Subcooling (COP >2.5)
DENSO-HP-2871,13.3,27.7,7.0,3.68,9.0,High-Efficiency Subcooling (COP >2.5)
DENSO-HP-2872,0.4,25.1,8.3,3.51,12.4,High-Efficiency Subcooling (COP >2.5)
DENSO-HP-2873,5.4,24.4,3.6,2.96,12.6,High-Efficiency Subcooling (COP >2.5)
DENSO-HP-2874,2.0,23.8,5.0,3.06,13.0,High-Efficiency Subcooling (COP >2.5)
DENSO-HP-2875,9.5,26.9,3.7,3.04,15.4,High-Efficiency Subcooling (COP >2.5)
DENSO-HP-2876,-3.7,21.2,5.1,2.96,15.5,High-Efficiency Subcooling (COP >2.5)
DENSO-HP-2877,14.1,30.5,9.9,3.8,9.3,High-Efficiency Subcooling (COP >2.5)
DENSO-HP-2878,-4.6,20.8,7.1,3.32,11.6,High-Efficiency Subcooling (COP >2.5)
DENSO-HP-2879,-16.8,16.7,8.0,3.26,11.5,High-Efficiency Subcooling (COP >2.5)
DENSO-HP-2880,13.2,28.3,7.8,3.8,11.5,High-Efficiency Subcooling (COP >2.5)
DENSO-HP-2881,-14.2,16.6,6.0,2.59,16.3,High-Efficiency Subcooling (COP >2.5)
DENSO-HP-2882,6.6,26.0,6.2,3.34,12.0,High-Efficiency Subcooling (COP >2.5)
DENSO-HP-2883,-4.7,19.3,7.3,3.11,12.1,High-Efficiency Subcooling (COP >2.5)
DENSO-HP-2884,-2.7,22.4,6.3,3.06,13.7,High-Efficiency Subcooling (COP >2.5)
DENSO-HP-2885,-3.7,22.7,5.8,2.69,19.6,High-Efficiency Subcooling (COP >2.5)
DENSO-HP-2886,-8.4,17.0,3.9,2.51,17.6,High-Efficiency Subcooling (COP >2.5)
DENSO-HP-2887,-16.4,13.1,6.2,2.62,15.3,High-Efficiency Subcooling (COP >2.5)
DENSO-HP-2888,-11.9,18.7,9.9,3.46,12.5,High-Efficiency Subcooling (COP >2.5)
DENSO-HP-2889,-0.2,21.6,8.6,3.8,9.7,High-Efficiency Subcooling (COP >2.5)
DENSO-HP-2890,14.8,27.5,8.5,3.8,10.5,High-Efficiency Subcooling (COP >2.5)
DENSO-HP-2891,-10.5,17.5,7.2,2.9,16.5,High-Efficiency Subcooling (COP >2.5)
DENSO-HP-2892,9.7,28.7,9.4,3.8,10.6,High-Efficiency Subcooling (COP >2.5)
DENSO-HP-2893,10.7,27.1,7.2,3.69,12.2,High-Efficiency Subcooling (COP >2.5)
DENSO-HP-2894,-3.6,21.1,8.4,3.44,13.8,High-Efficiency Subcooling (COP >2.5)
DENSO-HP-2895,13.9,30.6,6.3,3.42,13.0,High-Efficiency Subcooling (COP >2.5)
DENSO-HP-2896,0.6,25.3,6.8,3.5,12.0,High-Efficiency Subcooling (COP >2.5)
DENSO-HP-2897,2.4,25.7,6.2,3.26,12.3,High-Efficiency Subcooling (COP >2.5)
DENSO-HP-2898,11.3,25.3,4.8,3.22,11.5,High-Efficiency Subcooling (COP >2.5)
DENSO-HP-2899,-2.2,22.2,5.9,3.08,11.8,High-Efficiency Subcooling (COP >2.5)
DENSO-HP-2900,-15.4,16.2,5.4,2.75,16.5,High-Efficiency Subcooling (COP >2.5)
DENSO-HP-2901,13.7,28.2,9.1,3.8,10.6,High-Efficiency Subcooling (COP >2.5)
DENSO-HP-2902,-8.5,19.2,9.2,3.66,11.0,High-Efficiency Subcooling (COP >2.5)
DENSO-HP-2903,-9.8,18.8,7.2,3.15,12.8,High-Efficiency Subcooling (COP >2.5)
DENSO-HP-2904,-2.3,20.9,7.9,3.46,10.6,High-Efficiency Subcooling (COP >2.5)
DENSO-HP-2905,2.6,24.2,6.5,3.49,13.2,High-Efficiency Subcooling (COP >2.5)
DENSO-HP-2906,1.1,22.7,5.8,3.13,12.0,High-Efficiency Subcooling (COP >2.5)
DENSO-HP-2907,-8.5,19.6,5.9,2.78,15.9,High-Efficiency Subcooling (COP >2.5)
DENSO-HP-2908,8.2,27.5,3.9,3.06,15.2,High-Efficiency Subcooling (COP >2.5)
DENSO-HP-2909,-6.5,19.4,9.1,3.6,10.3,High-Efficiency Subcooling (COP >2.5)
DENSO-HP-2910,-1.7,22.6,6.7,3.25,10.9,High-Efficiency Subcooling (COP >2.5)
DENSO-HP-2911,-10.2,19.4,8.7,3.4,10.9,High-Efficiency Subcooling (COP >2.5)
DENSO-HP-2912,13.9,27.9,9.6,3.8,8.5,High-Efficiency Subcooling (COP >2.5)
DENSO-HP-2913,-1.4,22.0,6.3,3.22,14.0,High-Efficiency Subcooling (COP >2.5)
DENSO-HP-2914,-6.5,19.0,9.7,3.75,11.6,High-Efficiency Subcooling (COP >2.5)
DENSO-HP-2915,-0.6,21.5,5.9,3.37,11.8,High-Efficiency Subcooling (COP >2.5)
DENSO-HP-2916,-0.7,21.7,4.4,2.79,14.6,High-Efficiency Subcooling (COP >2.5)
DENSO-HP-2917,-6.1,20.4,6.1,3.11,13.1,High-Efficiency Subcooling (COP >2.5)
DENSO-HP-2918,12.9,28.6,4.9,3.29,15.3,High-Efficiency Subcooling (COP >2.5)
DENSO-HP-2919,-5.9,22.5,4.4,2.54,15.0,High-Efficiency Subcooling (COP >2.5)
DENSO-HP-2920,-6.2,18.8,9.4,3.67,11.2,High-Efficiency Subcooling (COP >2.5)
DENSO-HP-2921,13.2,28.6,9.1,3.8,11.2,High-Efficiency Subcooling (COP >2.5)
DENSO-HP-2922,10.0,29.6,6.0,3.5,12.9,High-Efficiency Subcooling (COP >2.5)
DENSO-HP-2923,8.1,25.2,9.1,3.8,9.3,High-Efficiency Subcooling (COP >2.5)
DENSO-HP-2924,-5.0,18.3,6.7,3.02,14.3,High-Efficiency Subcooling (COP >2.5)
DENSO-HP-2925,-0.2,21.4,7.1,3.39,11.1,High-Efficiency Subcooling (COP >2.5)
DENSO-HP-2926,-5.2,21.2,5.4,2.74,19.8,High-Efficiency Subcooling (COP >2.5)
DENSO-HP-2927,-2.4,20.0,7.1,3.37,12.0,High-Efficiency Subcooling (COP >2.5)
DENSO-HP-2928,14.6,29.8,3.8,3.14,13.5,High-Efficiency Subcooling (COP >2.5)
DENSO-HP-2929,7.8,24.0,4.4,2.96,14.9,High-Efficiency Subcooling (COP >2.5)
DENSO-HP-2930,13.1,27.8,7.8,3.8,8.5,High-Efficiency Subcooling (COP >2.5)
DENSO-HP-2931,-4.5,22.5,8.5,3.58,13.3,High-Efficiency Subcooling (COP >2.5)
DENSO-HP-2932,-8.8,18.3,5.9,2.78,15.0,High-Efficiency Subcooling (COP >2.5)
DENSO-HP-2933,1.6,24.6,8.7,3.78,9.8,High-Efficiency Subcooling (COP >2.5)
DENSO-HP-2934,11.6,29.5,9.1,3.8,10.7,High-Efficiency Subcooling (COP >2.5)
DENSO-HP-2935,11.1,26.4,4.9,3.26,12.8,High-Efficiency Subcooling (COP >2.5)
DENSO-HP-2936,-4.7,19.8,7.6,3.0,14.2,High-Efficiency Subcooling (COP >2.5)
DENSO-HP-2937,7.4,22.7,5.0,3.17,13.4,High-Efficiency Subcooling (COP >2.5)
DENSO-HP-2938,13.1,28.0,6.5,3.33,11.5,High-Efficiency Subcooling (COP >2.5)
DENSO-HP-2939,-14.6,16.2,7.9,3.04,15.0,High-Efficiency Subcooling (COP >2.5)
DENSO-HP-2940,4.9,25.0,6.2,3.24,13.4,High-Efficiency Subcooling (COP >2.5)
DENSO-HP-2941,-11.0,17.3,7.3,2.99,13.9,High-Efficiency Subcooling (COP >2.5)
DENSO-HP-2942,4.7,26.6,3.6,2.78,17.2,High-Efficiency Subcooling (COP >2.5)
DENSO-HP-2943,14.6,30.2,7.8,3.8,9.4,High-Efficiency Subcooling (COP >2.5)
DENSO-HP-2944,14.6,29.6,6.5,3.79,9.7,High-Efficiency Subcooling (COP >2.5)
DENSO-HP-2945,-13.2,14.9,7.3,3.09,12.6,High-Efficiency Subcooling (COP >2.5)
DENSO-HP-2946,-10.6,18.6,8.9,3.41,10.0,High-Efficiency Subcooling (COP >2.5)
DENSO-HP-2947,-8.4,18.3,4.0,2.42,18.3,Standard PTC Resistive Assist
DENSO-HP-2948,12.0,27.2,7.6,3.8,8.8,High-Efficiency Subcooling (COP >2.5)
DENSO-HP-2949,-0.0,22.2,8.0,3.64,8.0,High-Efficiency Subcooling (COP >2.5)
DENSO-HP-2950,3.2,24.2,9.6,3.8,10.1,High-Efficiency Subcooling (COP >2.5)
DENSO-HP-2951,-1.9,23.0,4.0,2.69,16.2,High-Efficiency Subcooling (COP >2.5)
DENSO-HP-2952,10.9,26.9,7.6,3.8,7.9,High-Efficiency Subcooling (COP >2.5)
DENSO-HP-2953,9.7,27.9,5.9,3.33,14.7,High-Efficiency Subcooling (COP >2.5)
DENSO-HP-2954,10.1,26.6,5.9,3.33,11.7,High-Efficiency Subcooling (COP >2.5)
DENSO-HP-2955,9.2,26.0,6.7,3.44,10.8,High-Efficiency Subcooling (COP >2.5)
DENSO-HP-2956,-5.1,20.5,9.5,3.8,11.8,High-Efficiency Subcooling (COP >2.5)
DENSO-HP-2957,4.5,24.6,6.7,3.47,12.9,High-Efficiency Subcooling (COP >2.5)
DENSO-HP-2958,-3.2,21.6,3.8,2.41,16.9,Standard PTC Resistive Assist
DENSO-HP-2959,4.5,24.4,9.7,3.8,10.5,High-Efficiency Subcooling (COP >2.5)
DENSO-HP-2960,5.5,26.9,8.2,3.8,8.3,High-Efficiency Subcooling (COP >2.5)
DENSO-HP-2961,-7.9,19.0,4.3,2.5,18.3,High-Efficiency Subcooling (COP >2.5)
DENSO-HP-2962,8.2,27.4,5.3,3.1,15.4,High-Efficiency Subcooling (COP >2.5)
DENSO-HP-2963,6.3,27.1,7.2,3.36,13.2,High-Efficiency Subcooling (COP >2.5)
DENSO-HP-2964,4.2,23.6,4.1,2.87,15.4,High-Efficiency Subcooling (COP >2.5)
DENSO-HP-2965,4.5,26.4,5.7,3.07,13.9,High-Efficiency Subcooling (COP >2.5)
DENSO-HP-2966,-17.9,14.1,6.3,2.54,16.7,High-Efficiency Subcooling (COP >2.5)
DENSO-HP-2967,1.8,23.9,9.7,3.8,9.6,High-Efficiency Subcooling (COP >2.5)
DENSO-HP-2968,-11.8,17.0,9.1,3.55,11.8,High-Efficiency Subcooling (COP >2.5)
DENSO-HP-2969,-12.6,17.5,5.2,2.59,18.8,High-Efficiency Subcooling (COP >2.5)
DENSO-HP-2970,6.8,25.0,8.8,3.8,9.7,High-Efficiency Subcooling (COP >2.5)
DENSO-HP-2971,5.2,24.9,6.9,3.36,12.3,High-Efficiency Subcooling (COP >2.5)
DENSO-HP-2972,3.1,23.7,4.9,2.87,14.0,High-Efficiency Subcooling (COP >2.5)
DENSO-HP-2973,-3.4,20.8,3.7,2.49,19.2,Standard PTC Resistive Assist
DENSO-HP-2974,4.2,22.9,9.7,3.8,11.0,High-Efficiency Subcooling (COP >2.5)
DENSO-HP-2975,3.1,23.3,6.2,3.12,13.0,High-Efficiency Subcooling (COP >2.5)
DENSO-HP-2976,5.1,26.0,5.0,3.15,13.3,High-Efficiency Subcooling (COP >2.5)
DENSO-HP-2977,-11.8,17.3,5.3,2.52,16.9,High-Efficiency Subcooling (COP >2.5)
DENSO-HP-2978,-11.7,17.8,7.6,3.3,12.4,High-Efficiency Subcooling (COP >2.5)
DENSO-HP-2979,8.9,27.3,7.0,3.47,13.0,High-Efficiency Subcooling (COP >2.5)
DENSO-HP-2980,-1.3,23.6,6.9,3.04,13.0,High-Efficiency Subcooling (COP >2.5)
DENSO-HP-2981,-13.1,17.1,9.1,3.36,12.8,High-Efficiency Subcooling (COP >2.5)
DENSO-HP-2982,10.9,29.0,4.4,3.04,13.6,High-Efficiency Subcooling (COP >2.5)
DENSO-HP-2983,-17.3,16.9,4.6,2.22,19.8,Standard PTC Resistive Assist
DENSO-HP-2984,-2.8,21.2,8.2,3.21,13.8,High-Efficiency Subcooling (COP >2.5)
DENSO-HP-2985,2.9,23.3,6.8,3.29,12.1,High-Efficiency Subcooling (COP >2.5)
DENSO-HP-2986,5.7,25.9,4.6,3.02,13.1,High-Efficiency Subcooling (COP >2.5)
DENSO-HP-2987,8.8,29.2,7.4,3.8,9.1,High-Efficiency Subcooling (COP >2.5)
DENSO-HP-2988,-9.3,16.0,9.6,3.55,9.5,High-Efficiency Subcooling (COP >2.5)
DENSO-HP-2989,-11.0,18.4,8.1,3.26,12.4,High-Efficiency Subcooling (COP >2.5)
DENSO-HP-2990,4.0,24.0,7.9,3.74,10.9,High-Efficiency Subcooling (COP >2.5)
DENSO-HP-2991,9.2,28.0,5.3,3.22,12.8,High-Efficiency Subcooling (COP >2.5)
DENSO-HP-2992,-17.8,16.4,4.4,2.4,19.2,Standard PTC Resistive Assist
DENSO-HP-2993,-0.7,22.8,6.6,3.25,14.5,High-Efficiency Subcooling (COP >2.5)
DENSO-HP-2994,9.4,25.5,7.3,3.61,11.9,High-Efficiency Subcooling (COP >2.5)
DENSO-HP-2995,-16.5,14.4,8.1,3.13,11.2,High-Efficiency Subcooling (COP >2.5)
DENSO-HP-2996,7.7,27.1,8.9,3.8,9.7,High-Efficiency Subcooling (COP >2.5)
DENSO-HP-2997,-3.9,20.9,7.4,3.26,13.2,High-Efficiency Subcooling (COP >2.5)
DENSO-HP-2998,-3.4,22.8,3.6,2.28,19.5,Standard PTC Resistive Assist
DENSO-HP-2999,-6.6,20.1,8.9,3.71,11.3,High-Efficiency Subcooling (COP >2.5)
DENSO-HP-3000,-11.4,14.5,5.7,2.86,17.0,High-Efficiency Subcooling (COP >2.5)
DENSO-HP-3001,3.1,25.5,3.6,2.66,17.8,High-Efficiency Subcooling (COP >2.5)
DENSO-HP-3002,-2.2,20.2,8.3,3.4,12.7,High-Efficiency Subcooling (COP >2.5)
DENSO-HP-3003,6.3,25.2,6.4,3.63,11.1,High-Efficiency Subcooling (COP >2.5)
DENSO-HP-3004,14.2,29.7,4.5,3.36,14.4,High-Efficiency Subcooling (COP >2.5)
DENSO-HP-3005,-9.0,20.8,6.5,2.99,13.7,High-Efficiency Subcooling (COP >2.5)
DENSO-HP-3006,-0.4,24.7,5.2,2.91,18.7,High-Efficiency Subcooling (COP >2.5)
DENSO-HP-3007,1.1,23.6,8.9,3.67,11.7,High-Efficiency Subcooling (COP >2.5)
DENSO-HP-3008,-2.9,20.7,8.6,3.66,10.2,High-Efficiency Subcooling (COP >2.5)
DENSO-HP-3009,0.1,23.9,5.5,2.98,14.7,High-Efficiency Subcooling (COP >2.5)
DENSO-HP-3010,-16.8,16.8,5.7,2.38,16.2,Standard PTC Resistive Assist
DENSO-HP-3011,-5.7,19.5,4.9,2.59,17.4,High-Efficiency Subcooling (COP >2.5)
DENSO-HP-3012,1.9,23.2,8.1,3.43,10.0,High-Efficiency Subcooling (COP >2.5)
DENSO-HP-3013,-13.5,16.7,8.9,3.38,11.6,High-Efficiency Subcooling (COP >2.5)
DENSO-HP-3014,10.3,28.1,9.5,3.8,9.8,High-Efficiency Subcooling (COP >2.5)
DENSO-HP-3015,1.3,23.9,4.3,2.91,16.9,High-Efficiency Subcooling (COP >2.5)
DENSO-HP-3016,-0.4,25.4,4.9,3.02,13.9,High-Efficiency Subcooling (COP >2.5)
DENSO-HP-3017,-11.4,18.2,5.9,2.62,15.1,High-Efficiency Subcooling (COP >2.5)
DENSO-HP-3018,2.0,24.0,6.1,3.54,10.1,High-Efficiency Subcooling (COP >2.5)
DENSO-HP-3019,-2.8,21.9,9.7,3.72,9.5,High-Efficiency Subcooling (COP >2.5)
DENSO-HP-3020,-17.1,15.9,8.1,2.91,13.9,High-Efficiency Subcooling (COP >2.5)
DENSO-HP-3021,-10.1,17.1,8.9,3.23,13.2,High-Efficiency Subcooling (COP >2.5)
DENSO-HP-3022,-12.7,16.7,10.0,3.8,8.9,High-Efficiency Subcooling (COP >2.5)
DENSO-HP-3023,-7.3,22.6,9.9,3.69,10.0,High-Efficiency Subcooling (COP >2.5)
DENSO-HP-3024,3.2,24.4,7.8,3.66,11.0,High-Efficiency Subcooling (COP >2.5)
DENSO-HP-3025,-10.8,15.8,3.5,2.25,21.4,Standard PTC Resistive Assist
DENSO-HP-3026,-16.0,14.6,8.6,3.49,8.8,High-Efficiency Subcooling (COP >2.5)
DENSO-HP-3027,-2.8,21.0,8.8,3.72,10.9,High-Efficiency Subcooling (COP >2.5)
DENSO-HP-3028,13.1,30.2,4.8,3.14,13.7,High-Efficiency Subcooling (COP >2.5)
DENSO-HP-3029,-13.5,17.7,8.8,3.14,13.8,High-Efficiency Subcooling (COP >2.5)
DENSO-HP-3030,-17.5,13.8,8.9,3.42,11.2,High-Efficiency Subcooling (COP >2.5)
DENSO-HP-3031,-4.7,19.8,4.2,2.44,18.3,Standard PTC Resistive Assist
DENSO-HP-3032,-12.3,17.1,5.5,2.62,18.8,High-Efficiency Subcooling (COP >2.5)
DENSO-HP-3033,-12.8,18.4,5.4,2.79,16.1,High-Efficiency Subcooling (COP >2.5)
DENSO-HP-3034,4.6,24.1,4.6,2.91,16.1,High-Efficiency Subcooling (COP >2.5)
DENSO-HP-3035,-5.8,21.6,8.9,3.77,10.4,High-Efficiency Subcooling (COP >2.5)
DENSO-HP-3036,-16.1,17.1,4.2,2.3,19.1,Standard PTC Resistive Assist
DENSO-HP-3037,12.9,29.6,6.7,3.67,10.8,High-Efficiency Subcooling (COP >2.5)
DENSO-HP-3038,-13.8,16.7,4.5,2.2,20.1,Standard PTC Resistive Assist
DENSO-HP-3039,-13.8,16.4,9.9,3.62,12.7,High-Efficiency Subcooling (COP >2.5)
DENSO-HP-3040,3.0,24.4,4.2,2.62,18.3,High-Efficiency Subcooling (COP >2.5)
DENSO-HP-3041,11.1,27.4,4.7,3.31,12.9,High-Efficiency Subcooling (COP >2.5)
DENSO-HP-3042,12.7,28.4,7.6,3.77,10.5,High-Efficiency Subcooling (COP >2.5)
DENSO-HP-3043,-3.5,19.6,5.5,2.97,16.3,High-Efficiency Subcooling (COP >2.5)
DENSO-HP-3044,-12.1,18.4,6.1,2.84,14.7,High-Efficiency Subcooling (COP >2.5)
DENSO-HP-3045,-1.4,24.2,8.1,3.61,8.0,High-Efficiency Subcooling (COP >2.5)
DENSO-HP-3046,4.9,26.3,8.4,3.8,9.1,High-Efficiency Subcooling (COP >2.5)
DENSO-HP-3047,8.8,27.8,7.5,3.65,11.2,High-Efficiency Subcooling (COP >2.5)
DENSO-HP-3048,-4.7,21.2,4.4,2.55,18.0,High-Efficiency Subcooling (COP >2.5)
DENSO-HP-3049,-0.2,24.4,7.0,3.27,12.0,High-Efficiency Subcooling (COP >2.5)
DENSO-HP-3050,-11.0,17.7,8.7,3.5,10.3,High-Efficiency Subcooling (COP >2.5)
DENSO-HP-3051,-16.1,15.3,5.0,2.36,17.2,Standard PTC Resistive Assist
DENSO-HP-3052,-5.0,20.8,9.9,3.8,10.2,High-Efficiency Subcooling (COP >2.5)
DENSO-HP-3053,13.6,28.5,6.0,3.59,12.6,High-Efficiency Subcooling (COP >2.5)
DENSO-HP-3054,13.6,32.0,9.3,3.8,9.5,High-Efficiency Subcooling (COP >2.5)
DENSO-HP-3055,14.0,28.8,3.9,3.16,14.5,High-Efficiency Subcooling (COP >2.5)
DENSO-HP-3056,0.6,23.8,9.5,3.8,9.5,High-Efficiency Subcooling (COP >2.5)
DENSO-HP-3057,-6.3,20.1,5.0,2.72,17.7,High-Efficiency Subcooling (COP >2.5)
DENSO-HP-3058,8.3,27.7,7.2,3.62,11.9,High-Efficiency Subcooling (COP >2.5)
DENSO-HP-3059,-3.3,22.1,4.3,2.68,16.7,High-Efficiency Subcooling (COP >2.5)
DENSO-HP-3060,13.0,29.4,8.1,3.8,9.9,High-Efficiency Subcooling (COP >2.5)
DENSO-HP-3061,12.4,27.7,4.7,3.13,12.8,High-Efficiency Subcooling (COP >2.5)
DENSO-HP-3062,-9.7,19.3,7.3,3.18,12.8,High-Efficiency Subcooling (COP >2.5)
DENSO-HP-3063,-1.1,21.3,6.8,3.4,13.4,High-Efficiency Subcooling (COP >2.5)
DENSO-HP-3064,-14.6,17.2,6.8,2.93,15.8,High-Efficiency Subcooling (COP >2.5)
DENSO-HP-3065,-2.9,20.6,8.0,3.56,11.6,High-Efficiency Subcooling (COP >2.5)
DENSO-HP-3066,4.8,23.8,7.0,3.28,13.4,High-Efficiency Subcooling (COP >2.5)
DENSO-HP-3067,-0.2,24.4,7.8,3.49,12.3,High-Efficiency Subcooling (COP >2.5)
DENSO-HP-3068,-2.1,22.5,5.7,2.99,15.5,High-Efficiency Subcooling (COP >2.5)
DENSO-HP-3069,-12.3,19.7,7.0,3.03,13.3,High-Efficiency Subcooling (COP >2.5)
DENSO-HP-3070,11.7,27.3,5.0,3.12,13.2,High-Efficiency Subcooling (COP >2.5)
DENSO-HP-3071,-16.6,17.7,7.0,2.81,15.5,High-Efficiency Subcooling (COP >2.5)
DENSO-HP-3072,13.3,29.6,8.8,3.8,8.6,High-Efficiency Subcooling (COP >2.5)
DENSO-HP-3073,-9.2,21.1,10.0,3.78,7.4,High-Efficiency Subcooling (COP >2.5)
DENSO-HP-3074,6.0,25.9,8.2,3.76,7.6,High-Efficiency Subcooling (COP >2.5)
DENSO-HP-3075,-8.2,19.6,4.6,2.72,16.8,High-Efficiency Subcooling (COP >2.5)
DENSO-HP-3076,10.9,26.3,6.1,3.32,13.1,High-Efficiency Subcooling (COP >2.5)
DENSO-HP-3077,-7.5,21.0,9.7,3.79,10.5,High-Efficiency Subcooling (COP >2.5)
DENSO-HP-3078,6.5,24.9,8.8,3.8,9.6,High-Efficiency Subcooling (COP >2.5)
DENSO-HP-3079,-10.6,18.7,7.3,3.26,12.0,High-Efficiency Subcooling (COP >2.5)
DENSO-HP-3080,-9.0,19.7,9.7,3.57,11.1,High-Efficiency Subcooling (COP >2.5)
DENSO-HP-3081,-14.0,17.0,7.3,3.02,13.9,High-Efficiency Subcooling (COP >2.5)
DENSO-HP-3082,10.7,28.0,9.3,3.8,10.6,High-Efficiency Subcooling (COP >2.5)
DENSO-HP-3083,-6.2,19.8,8.4,3.6,9.9,High-Efficiency Subcooling (COP >2.5)
DENSO-HP-3084,-10.2,18.0,8.2,3.18,12.3,High-Efficiency Subcooling (COP >2.5)
DENSO-HP-3085,14.3,27.7,3.7,2.97,14.0,High-Efficiency Subcooling (COP >2.5)
DENSO-HP-3086,-8.5,18.8,8.9,3.38,12.6,High-Efficiency Subcooling (COP >2.5)
DENSO-HP-3087,13.3,29.5,4.2,3.22,12.1,High-Efficiency Subcooling (COP >2.5)
DENSO-HP-3088,2.5,23.4,6.0,3.06,13.1,High-Efficiency Subcooling (COP >2.5)
DENSO-HP-3089,1.1,21.6,3.8,2.56,18.4,High-Efficiency Subcooling (COP >2.5)
DENSO-HP-3090,-2.5,22.5,5.6,2.78,15.5,High-Efficiency Subcooling (COP >2.5)
DENSO-HP-3091,-12.5,17.8,9.5,3.37,13.0,High-Efficiency Subcooling (COP >2.5)
DENSO-HP-3092,-1.9,22.7,4.6,2.73,15.5,High-Efficiency Subcooling (COP >2.5)
DENSO-HP-3093,-12.4,18.3,4.8,2.49,17.7,Standard PTC Resistive Assist
DENSO-HP-3094,-6.8,18.5,4.2,2.7,16.3,High-Efficiency Subcooling (COP >2.5)
DENSO-HP-3095,-10.0,19.7,4.2,2.69,16.0,High-Efficiency Subcooling (COP >2.5)
DENSO-HP-3096,-3.8,21.5,7.6,3.39,13.2,High-Efficiency Subcooling (COP >2.5)
DENSO-HP-3097,1.6,24.3,8.2,3.58,11.1,High-Efficiency Subcooling (COP >2.5)
DENSO-HP-3098,-0.3,24.0,4.5,2.67,19.2,High-Efficiency Subcooling (COP >2.5)
DENSO-HP-3099,-11.0,18.7,6.8,3.2,12.0,High-Efficiency Subcooling (COP >2.5)
DENSO-HP-3100,-13.1,17.3,8.8,3.36,13.3,High-Efficiency Subcooling (COP >2.5)
DENSO-HP-3101,11.3,28.1,9.7,3.8,10.3,High-Efficiency Subcooling (COP >2.5)
DENSO-HP-3102,-4.1,20.5,3.8,2.49,16.0,Standard PTC Resistive Assist
DENSO-HP-3103,-2.0,21.5,9.9,3.62,10.1,High-Efficiency Subcooling (COP >2.5)
DENSO-HP-3104,13.9,30.8,9.8,3.8,11.4,High-Efficiency Subcooling (COP >2.5)
DENSO-HP-3105,-15.5,14.6,7.8,2.97,15.3,High-Efficiency Subcooling (COP >2.5)
DENSO-HP-3106,-15.9,16.2,8.9,3.1,13.4,High-Efficiency Subcooling (COP >2.5)
DENSO-HP-3107,5.0,24.2,7.4,3.6,8.7,High-Efficiency Subcooling (COP >2.5)
DENSO-HP-3108,-17.7,14.7,8.6,3.22,12.8,High-Efficiency Subcooling (COP >2.5)
DENSO-HP-3109,2.3,25.2,6.7,3.46,14.9,High-Efficiency Subcooling (COP >2.5)
DENSO-HP-3110,-11.3,18.5,6.9,3.04,13.8,High-Efficiency Subcooling (COP >2.5)
DENSO-HP-3111,-16.6,15.4,9.7,3.5,10.9,High-Efficiency Subcooling (COP >2.5)
DENSO-HP-3112,-15.0,15.1,6.9,2.65,15.0,High-Efficiency Subcooling (COP >2.5)
DENSO-HP-3113,3.1,23.6,5.8,3.12,14.1,High-Efficiency Subcooling (COP >2.5)
DENSO-HP-3114,-14.0,16.0,8.2,3.04,12.8,High-Efficiency Subcooling (COP >2.5)
DENSO-HP-3115,6.8,25.2,4.8,3.08,13.5,High-Efficiency Subcooling (COP >2.5)
DENSO-HP-3116,-11.2,19.9,4.3,2.53,19.1,High-Efficiency Subcooling (COP >2.5)
DENSO-HP-3117,13.7,29.1,7.5,3.8,7.5,High-Efficiency Subcooling (COP >2.5)
DENSO-HP-3118,-9.8,19.0,6.5,2.75,16.2,High-Efficiency Subcooling (COP >2.5)
DENSO-HP-3119,7.4,27.5,7.0,3.61,12.2,High-Efficiency Subcooling (COP >2.5)
DENSO-HP-3120,-2.7,18.8,4.9,2.72,14.4,High-Efficiency Subcooling (COP >2.5)
DENSO-HP-3121,11.9,30.1,4.2,3.21,14.2,High-Efficiency Subcooling (COP >2.5)
DENSO-HP-3122,-2.7,21.4,4.0,2.68,17.4,High-Efficiency Subcooling (COP >2.5)
DENSO-HP-3123,5.7,25.3,5.7,3.33,12.4,High-Efficiency Subcooling (COP >2.5)
DENSO-HP-3124,-12.5,16.7,9.4,3.74,10.4,High-Efficiency Subcooling (COP >2.5)
DENSO-HP-3125,-17.7,16.5,8.5,3.27,12.1,High-Efficiency Subcooling (COP >2.5)
DENSO-HP-3126,-15.5,17.0,9.2,3.48,11.0,High-Efficiency Subcooling (COP >2.5)
DENSO-HP-3127,-15.1,15.4,3.8,2.09,20.9,Standard PTC Resistive Assist
DENSO-HP-3128,7.1,26.9,7.5,3.7,9.9,High-Efficiency Subcooling (COP >2.5)
DENSO-HP-3129,-7.8,19.6,9.4,3.63,10.6,High-Efficiency Subcooling (COP >2.5)
DENSO-HP-3130,10.7,26.4,7.4,3.57,11.8,High-Efficiency Subcooling (COP >2.5)
DENSO-HP-3131,-4.1,20.3,8.3,3.43,12.0,High-Efficiency Subcooling (COP >2.5)
DENSO-HP-3132,-10.0,15.6,9.3,3.64,14.5,High-Efficiency Subcooling (COP >2.5)
DENSO-HP-3133,-8.8,20.6,7.1,3.1,14.4,High-Efficiency Subcooling (COP >2.5)
DENSO-HP-3134,-9.7,18.1,8.6,3.5,10.9,High-Efficiency Subcooling (COP >2.5)
DENSO-HP-3135,-7.0,19.6,8.4,3.47,10.9,High-Efficiency Subcooling (COP >2.5)
DENSO-HP-3136,14.2,29.5,4.2,3.25,10.5,High-Efficiency Subcooling (COP >2.5)
DENSO-HP-3137,0.9,24.8,7.7,3.66,10.7,High-Efficiency Subcooling (COP >2.5)
DENSO-HP-3138,2.5,22.6,6.0,3.31,11.1,High-Efficiency Subcooling (COP >2.5)
DENSO-HP-3139,-13.5,18.5,8.0,3.23,14.6,High-Efficiency Subcooling (COP >2.5)
DENSO-HP-3140,-4.9,18.4,9.3,3.7,14.5,High-Efficiency Subcooling (COP >2.5)
DENSO-HP-3141,0.8,25.3,9.0,3.8,9.1,High-Efficiency Subcooling (COP >2.5)
DENSO-HP-3142,0.6,23.7,8.0,3.5,13.3,High-Efficiency Subcooling (COP >2.5)
DENSO-HP-3143,4.9,24.6,4.3,2.89,15.3,High-Efficiency Subcooling (COP >2.5)
DENSO-HP-3144,11.7,26.7,9.4,3.8,8.8,High-Efficiency Subcooling (COP >2.5)
DENSO-HP-3145,-1.0,25.2,6.7,3.35,12.4,High-Efficiency Subcooling (COP >2.5)
DENSO-HP-3146,3.6,24.4,5.8,3.17,12.7,High-Efficiency Subcooling (COP >2.5)
DENSO-HP-3147,7.4,28.9,4.8,3.23,13.8,High-Efficiency Subcooling (COP >2.5)
DENSO-HP-3148,-12.5,18.4,7.5,3.12,13.4,High-Efficiency Subcooling (COP >2.5)
DENSO-HP-3149,13.8,30.3,9.4,3.8,9.7,High-Efficiency Subcooling (COP >2.5)
DENSO-HP-3150,4.0,24.6,5.6,3.0,13.1,High-Efficiency Subcooling (COP >2.5)
DENSO-HP-3151,-15.1,14.8,8.2,3.15,12.9,High-Efficiency Subcooling (COP >2.5)
DENSO-HP-3152,-5.5,19.3,4.3,2.59,19.1,High-Efficiency Subcooling (COP >2.5)
DENSO-HP-3153,10.7,26.9,7.3,3.72,8.8,High-Efficiency Subcooling (COP >2.5)
DENSO-HP-3154,-14.2,17.1,9.9,3.56,12.3,High-Efficiency Subcooling (COP >2.5)
DENSO-HP-3155,-8.1,18.8,3.6,2.43,15.8,Standard PTC Resistive Assist
DENSO-HP-3156,-10.6,18.0,7.9,3.14,16.8,High-Efficiency Subcooling (COP >2.5)
DENSO-HP-3157,-16.7,14.2,9.2,3.04,14.8,High-Efficiency Subcooling (COP >2.5)
DENSO-HP-3158,-10.6,19.7,3.7,2.42,19.9,Standard PTC Resistive Assist
DENSO-HP-3159,-11.3,18.2,9.7,3.63,11.4,High-Efficiency Subcooling (COP >2.5)
DENSO-HP-3160,-12.5,19.5,5.5,2.54,18.0,High-Efficiency Subcooling (COP >2.5)
DENSO-HP-3161,14.2,30.6,8.8,3.8,8.5,High-Efficiency Subcooling (COP >2.5)
DENSO-HP-3162,-6.3,20.4,5.5,2.7,15.9,High-Efficiency Subcooling (COP >2.5)
DENSO-HP-3163,9.8,27.8,7.8,3.8,10.7,High-Efficiency Subcooling (COP >2.5)
DENSO-HP-3164,-1.4,22.9,7.6,3.39,10.3,High-Efficiency Subcooling (COP >2.5)
DENSO-HP-3165,14.4,27.5,8.9,3.8,10.0,High-Efficiency Subcooling (COP >2.5)
DENSO-HP-3166,-2.8,22.1,5.9,2.77,15.5,High-Efficiency Subcooling (COP >2.5)
DENSO-HP-3167,7.2,27.4,3.6,2.82,14.7,High-Efficiency Subcooling (COP >2.5)
DENSO-HP-3168,-14.3,17.2,5.8,2.6,17.3,High-Efficiency Subcooling (COP >2.5)
DENSO-HP-3169,0.3,24.0,4.2,2.68,16.2,High-Efficiency Subcooling (COP >2.5)
DENSO-HP-3170,3.5,24.9,9.5,3.8,9.8,High-Efficiency Subcooling (COP >2.5)
DENSO-HP-3171,0.1,22.8,9.3,3.73,11.3,High-Efficiency Subcooling (COP >2.5)
DENSO-HP-3172,-16.8,17.2,6.2,2.67,14.8,High-Efficiency Subcooling (COP >2.5)
DENSO-HP-3173,-11.0,19.5,8.7,3.4,12.1,High-Efficiency Subcooling (COP >2.5)
DENSO-HP-3174,-5.8,20.6,8.9,3.52,10.4,High-Efficiency Subcooling (COP >2.5)
DENSO-HP-3175,0.0,23.0,9.8,3.8,8.6,High-Efficiency Subcooling (COP >2.5)
DENSO-HP-3176,-2.3,20.6,7.2,3.28,11.5,High-Efficiency Subcooling (COP >2.5)
DENSO-HP-3177,2.3,24.2,5.4,3.09,13.0,High-Efficiency Subcooling (COP >2.5)
DENSO-HP-3178,-15.5,14.4,6.7,2.86,17.3,High-Efficiency Subcooling (COP >2.5)
DENSO-HP-3179,5.3,28.1,4.5,2.88,15.9,High-Efficiency Subcooling (COP >2.5)
DENSO-HP-3180,7.7,25.5,8.1,3.8,9.4,High-Efficiency Subcooling (COP >2.5)
DENSO-HP-3181,13.8,30.0,7.8,3.8,10.3,High-Efficiency Subcooling (COP >2.5)
DENSO-HP-3182,-1.9,22.3,5.0,3.06,14.9,High-Efficiency Subcooling (COP >2.5)
DENSO-HP-3183,-8.2,20.3,9.0,3.6,10.1,High-Efficiency Subcooling (COP >2.5)
DENSO-HP-3184,-2.4,23.3,7.1,3.39,12.3,High-Efficiency Subcooling (COP >2.5)
DENSO-HP-3185,-13.0,16.0,5.1,2.49,16.1,Standard PTC Resistive Assist
DENSO-HP-3186,-17.4,15.2,7.2,2.79,14.7,High-Efficiency Subcooling (COP >2.5)
DENSO-HP-3187,-13.6,18.0,9.4,3.55,11.9,High-Efficiency Subcooling (COP >2.5)
DENSO-HP-3188,6.6,26.6,7.9,3.8,7.9,High-Efficiency Subcooling (COP >2.5)
DENSO-HP-3189,7.0,27.2,7.5,3.64,10.9,High-Efficiency Subcooling (COP >2.5)
DENSO-HP-3190,9.7,25.3,6.8,3.62,12.1,High-Efficiency Subcooling (COP >2.5)
DENSO-HP-3191,-12.5,18.5,9.2,3.6,10.5,High-Efficiency Subcooling (COP >2.5)
DENSO-HP-3192,11.9,28.5,4.9,3.36,13.1,High-Efficiency Subcooling (COP >2.5)
DENSO-HP-3193,-0.7,22.4,7.5,3.37,12.9,High-Efficiency Subcooling (COP >2.5)
DENSO-HP-3194,-7.9,19.3,6.5,2.97,16.2,High-Efficiency Subcooling (COP >2.5)
DENSO-HP-3195,4.6,26.5,5.6,3.07,15.6,High-Efficiency Subcooling (COP >2.5)
DENSO-HP-3196,12.4,29.1,7.9,3.8,9.0,High-Efficiency Subcooling (COP >2.5)
DENSO-HP-3197,-5.2,19.9,4.4,2.66,17.6,High-Efficiency Subcooling (COP >2.5)
DENSO-HP-3198,11.3,27.3,5.6,3.37,11.9,High-Efficiency Subcooling (COP >2.5)
DENSO-HP-3199,13.9,28.6,8.6,3.8,9.0,High-Efficiency Subcooling (COP >2.5)
DENSO-HP-3200,14.4,29.4,3.8,2.87,13.8,High-Efficiency Subcooling (COP >2.5)
DENSO-HP-3201,-3.6,23.2,7.9,3.35,12.4,High-Efficiency Subcooling (COP >2.5)
DENSO-HP-3202,7.2,26.2,3.7,2.9,13.8,High-Efficiency Subcooling (COP >2.5)
DENSO-HP-3203,12.3,30.6,5.9,3.51,13.5,High-Efficiency Subcooling (COP >2.5)
DENSO-HP-3204,-8.1,18.9,3.6,2.39,18.5,Standard PTC Resistive Assist
DENSO-HP-3205,-7.4,19.6,6.8,3.21,13.6,High-Efficiency Subcooling (COP >2.5)
DENSO-HP-3206,2.2,23.1,5.9,3.23,14.0,High-Efficiency Subcooling (COP >2.5)
DENSO-HP-3207,-17.1,15.2,4.9,2.42,17.3,Standard PTC Resistive Assist
DENSO-HP-3208,0.0,23.5,7.5,3.24,13.4,High-Efficiency Subcooling (COP >2.5)
DENSO-HP-3209,-8.6,18.6,8.3,3.36,13.6,High-Efficiency Subcooling (COP >2.5)
DENSO-HP-3210,-11.1,16.2,4.4,2.47,17.4,Standard PTC Resistive Assist
DENSO-HP-3211,-2.8,22.5,4.0,2.69,17.1,High-Efficiency Subcooling (COP >2.5)
DENSO-HP-3212,-12.1,19.1,9.2,3.47,14.2,High-Efficiency Subcooling (COP >2.5)
DENSO-HP-3213,-4.4,22.4,7.2,3.24,11.7,High-Efficiency Subcooling (COP >2.5)
DENSO-HP-3214,14.1,28.9,6.8,3.45,15.2,High-Efficiency Subcooling (COP >2.5)
DENSO-HP-3215,5.8,25.5,3.6,2.72,16.2,High-Efficiency Subcooling (COP >2.5)
DENSO-HP-3216,-1.9,21.8,4.4,2.69,16.1,High-Efficiency Subcooling (COP >2.5)
DENSO-HP-3217,-16.1,15.9,9.5,3.32,11.4,High-Efficiency Subcooling (COP >2.5)
DENSO-HP-3218,-16.6,18.5,9.1,3.17,14.9,High-Efficiency Subcooling (COP >2.5)
DENSO-HP-3219,-0.9,23.8,3.9,2.54,16.8,High-Efficiency Subcooling (COP >2.5)
DENSO-HP-3220,-9.3,18.7,8.8,3.32,13.6,High-Efficiency Subcooling (COP >2.5)
DENSO-HP-3221,-15.1,18.4,9.5,3.24,15.9,High-Efficiency Subcooling (COP >2.5)
DENSO-HP-3222,-6.8,21.8,8.2,3.52,11.8,High-Efficiency Subcooling (COP >2.5)
DENSO-HP-3223,14.4,30.8,7.8,3.8,8.9,High-Efficiency Subcooling (COP >2.5)
DENSO-HP-3224,-4.8,20.3,8.4,3.6,12.4,High-Efficiency Subcooling (COP >2.5)
DENSO-HP-3225,-16.3,16.6,5.4,2.45,16.9,Standard PTC Resistive Assist
DENSO-HP-3226,-6.0,21.0,6.5,3.16,15.2,High-Efficiency Subcooling (COP >2.5)
DENSO-HP-3227,9.2,28.6,9.9,3.8,10.3,High-Efficiency Subcooling (COP >2.5)
DENSO-HP-3228,9.9,25.4,6.0,3.38,12.2,High-Efficiency Subcooling (COP >2.5)
DENSO-HP-3229,6.9,26.0,4.7,2.93,13.6,High-Efficiency Subcooling (COP >2.5)
DENSO-HP-3230,-11.6,18.5,3.7,2.3,16.5,Standard PTC Resistive Assist
DENSO-HP-3231,-15.2,15.2,5.6,2.9,16.3,High-Efficiency Subcooling (COP >2.5)
DENSO-HP-3232,-10.0,17.1,5.0,2.55,17.5,High-Efficiency Subcooling (COP >2.5)
DENSO-HP-3233,8.0,27.4,6.0,3.04,14.1,High-Efficiency Subcooling (COP >2.5)
DENSO-HP-3234,-6.0,18.9,8.0,3.64,12.1,High-Efficiency Subcooling (COP >2.5)
DENSO-HP-3235,14.0,26.9,7.2,3.71,11.7,High-Efficiency Subcooling (COP >2.5)
DENSO-HP-3236,-9.6,19.7,6.8,2.89,17.2,High-Efficiency Subcooling (COP >2.5)
DENSO-HP-3237,3.3,25.6,6.9,3.29,13.6,High-Efficiency Subcooling (COP >2.5)
DENSO-HP-3238,0.0,22.2,4.9,2.96,14.8,High-Efficiency Subcooling (COP >2.5)
DENSO-HP-3239,9.6,28.5,4.3,3.12,15.5,High-Efficiency Subcooling (COP >2.5)
DENSO-HP-3240,10.3,26.3,8.9,3.8,9.9,High-Efficiency Subcooling (COP >2.5)
DENSO-HP-3241,-11.8,17.0,3.6,2.2,18.0,Standard PTC Resistive Assist
DENSO-HP-3242,9.2,25.9,6.2,3.32,14.2,High-Efficiency Subcooling (COP >2.5)
DENSO-HP-3243,7.5,26.1,9.1,3.8,10.1,High-Efficiency Subcooling (COP >2.5)
DENSO-HP-3244,3.7,24.6,5.2,3.22,13.7,High-Efficiency Subcooling (COP >2.5)
DENSO-HP-3245,-0.1,24.5,9.6,3.8,8.4,High-Efficiency Subcooling (COP >2.5)
DENSO-HP-3246,-17.8,15.6,7.8,2.93,15.0,High-Efficiency Subcooling (COP >2.5)
DENSO-HP-3247,-3.9,21.2,5.1,2.87,13.6,High-Efficiency Subcooling (COP >2.5)
DENSO-HP-3248,3.9,24.3,6.1,3.28,12.9,High-Efficiency Subcooling (COP >2.5)
DENSO-HP-3249,6.4,26.7,4.0,3.19,15.0,High-Efficiency Subcooling (COP >2.5)
DENSO-HP-3250,-17.8,14.7,6.6,2.86,15.0,High-Efficiency Subcooling (COP >2.5)
DENSO-HP-3251,0.9,22.4,7.4,3.7,10.4,High-Efficiency Subcooling (COP >2.5)
DENSO-HP-3252,1.4,21.7,8.7,3.8,10.9,High-Efficiency Subcooling (COP >2.5)
DENSO-HP-3253,-1.8,23.8,4.5,2.59,16.9,High-Efficiency Subcooling (COP >2.5)
DENSO-HP-3254,-1.1,21.4,5.0,2.7,14.4,High-Efficiency Subcooling (COP >2.5)
DENSO-HP-3255,-5.7,19.0,8.4,3.5,11.9,High-Efficiency Subcooling (COP >2.5)
DENSO-HP-3256,3.6,25.3,9.8,3.8,9.9,High-Efficiency Subcooling (COP >2.5)
DENSO-HP-3257,-13.2,15.7,9.5,3.31,11.8,High-Efficiency Subcooling (COP >2.5)
DENSO-HP-3258,13.5,28.1,9.4,3.8,9.8,High-Efficiency Subcooling (COP >2.5)
DENSO-HP-3259,12.7,28.8,8.2,3.8,11.4,High-Efficiency Subcooling (COP >2.5)
DENSO-HP-3260,0.5,23.7,9.8,3.8,9.6,High-Efficiency Subcooling (COP >2.5)
DENSO-HP-3261,-13.6,15.5,5.0,2.51,16.1,High-Efficiency Subcooling (COP >2.5)
DENSO-HP-3262,-13.4,17.9,7.0,3.08,13.9,High-Efficiency Subcooling (COP >2.5)
DENSO-HP-3263,-6.6,19.2,4.4,2.87,14.1,High-Efficiency Subcooling (COP >2.5)
DENSO-HP-3264,-14.2,16.5,5.7,2.5,15.9,High-Efficiency Subcooling (COP >2.5)
DENSO-HP-3265,-17.6,16.2,3.6,1.96,22.4,Standard PTC Resistive Assist
DENSO-HP-3266,-4.4,22.0,6.3,2.98,13.0,High-Efficiency Subcooling (COP >2.5)
DENSO-HP-3267,5.0,24.9,8.9,3.8,8.0,High-Efficiency Subcooling (COP >2.5)
DENSO-HP-3268,-13.7,14.9,8.9,3.27,14.8,High-Efficiency Subcooling (COP >2.5)
DENSO-HP-3269,-6.8,20.5,8.5,3.42,11.9,High-Efficiency Subcooling (COP >2.5)
DENSO-HP-3270,-16.2,15.2,6.5,2.84,16.3,High-Efficiency Subcooling (COP >2.5)
DENSO-HP-3271,-8.3,18.5,5.5,2.7,17.0,High-Efficiency Subcooling (COP >2.5)
DENSO-HP-3272,-12.5,18.3,3.9,1.9,21.1,Standard PTC Resistive Assist
DENSO-HP-3273,13.4,27.7,6.8,3.74,9.0,High-Efficiency Subcooling (COP >2.5)
DENSO-HP-3274,-12.2,15.7,4.2,2.28,19.4,Standard PTC Resistive Assist
DENSO-HP-3275,-13.3,18.5,5.7,2.68,17.4,High-Efficiency Subcooling (COP >2.5)
DENSO-HP-3276,2.9,24.8,9.3,3.63,9.9,High-Efficiency Subcooling (COP >2.5)
DENSO-HP-3277,-4.1,21.7,9.9,3.8,10.0,High-Efficiency Subcooling (COP >2.5)
DENSO-HP-3278,-11.9,18.2,9.1,3.56,10.6,High-Efficiency Subcooling (COP >2.5)
DENSO-HP-3279,-4.1,21.1,8.0,3.34,14.2,High-Efficiency Subcooling (COP >2.5)
DENSO-HP-3280,-8.1,19.2,7.2,3.01,14.9,High-Efficiency Subcooling (COP >2.5)
DENSO-HP-3281,3.5,25.0,6.2,3.32,13.9,High-Efficiency Subcooling (COP >2.5)
DENSO-HP-3282,-3.9,21.1,7.8,3.48,12.1,High-Efficiency Subcooling (COP >2.5)
DENSO-HP-3283,-2.1,22.0,9.4,3.8,12.7,High-Efficiency Subcooling (COP >2.5)
DENSO-HP-3284,4.9,26.0,8.6,3.8,8.6,High-Efficiency Subcooling (COP >2.5)
DENSO-HP-3285,-9.3,18.4,4.4,2.41,16.8,Standard PTC Resistive Assist
DENSO-HP-3286,-12.7,17.3,6.7,2.9,14.0,High-Efficiency Subcooling (COP >2.5)
DENSO-HP-3287,10.1,25.6,9.5,3.8,8.8,High-Efficiency Subcooling (COP >2.5)
DENSO-HP-3288,10.0,25.1,9.4,3.8,10.3,High-Efficiency Subcooling (COP >2.5)
DENSO-HP-3289,11.5,29.3,4.4,3.02,14.7,High-Efficiency Subcooling (COP >2.5)
DENSO-HP-3290,7.2,26.9,4.6,2.92,14.6,High-Efficiency Subcooling (COP >2.5)
DENSO-HP-3291,14.0,29.2,9.2,3.8,10.2,High-Efficiency Subcooling (COP >2.5)
DENSO-HP-3292,-6.4,20.4,3.8,2.42,17.8,Standard PTC Resistive Assist
DENSO-HP-3293,6.9,26.1,8.6,3.8,9.0,High-Efficiency Subcooling (COP >2.5)
DENSO-HP-3294,-12.2,17.8,7.6,3.06,12.2,High-Efficiency Subcooling (COP >2.5)
DENSO-HP-3295,1.1,23.3,8.6,3.8,9.9,High-Efficiency Subcooling (COP >2.5)
DENSO-HP-3296,13.2,30.9,9.6,3.8,9.4,High-Efficiency Subcooling (COP >2.5)
DENSO-HP-3297,13.0,29.5,9.9,3.8,9.5,High-Efficiency Subcooling (COP >2.5)
DENSO-HP-3298,14.5,30.2,4.6,3.26,12.9,High-Efficiency Subcooling (COP >2.5)
DENSO-HP-3299,-0.7,22.6,5.1,2.85,14.3,High-Efficiency Subcooling (COP >2.5)
DENSO-HP-3300,0.4,23.9,9.0,3.8,11.7,High-Efficiency Subcooling (COP >2.5)
DENSO-HP-3301,-3.6,22.6,6.2,3.16,13.7,High-Efficiency Subcooling (COP >2.5)
DENSO-HP-3302,-6.3,19.5,4.6,2.5,18.6,High-Efficiency Subcooling (COP >2.5)
DENSO-HP-3303,-4.3,20.9,9.2,3.8,9.5,High-Efficiency Subcooling (COP >2.5)
DENSO-HP-3304,6.0,26.0,4.2,2.88,14.6,High-Efficiency Subcooling (COP >2.5)
DENSO-HP-3305,-7.4,20.1,6.2,2.8,17.7,High-Efficiency Subcooling (COP >2.5)
DENSO-HP-3306,-7.7,17.3,9.2,3.75,10.4,High-Efficiency Subcooling (COP >2.5)
DENSO-HP-3307,-8.9,18.9,7.2,3.25,14.2,High-Efficiency Subcooling (COP >2.5)
DENSO-HP-3308,-6.0,20.5,4.5,2.46,19.8,Standard PTC Resistive Assist
DENSO-HP-3309,-1.2,22.8,5.5,3.07,13.7,High-Efficiency Subcooling (COP >2.5)
DENSO-HP-3310,5.0,28.3,4.3,2.96,16.3,High-Efficiency Subcooling (COP >2.5)
DENSO-HP-3311,13.1,29.1,5.2,3.42,11.0,High-Efficiency Subcooling (COP >2.5)
DENSO-HP-3312,-13.3,17.4,8.9,3.4,13.9,High-Efficiency Subcooling (COP >2.5)
DENSO-HP-3313,1.2,22.6,7.2,3.39,12.8,High-Efficiency Subcooling (COP >2.5)
DENSO-HP-3314,-1.4,24.0,6.3,3.22,13.0,High-Efficiency Subcooling (COP >2.5)
DENSO-HP-3315,-16.8,16.0,5.3,2.18,20.0,Standard PTC Resistive Assist
DENSO-HP-3316,-14.9,13.4,6.8,2.4,18.3,Standard PTC Resistive Assist
DENSO-HP-3317,9.3,27.1,9.0,3.8,10.0,High-Efficiency Subcooling (COP >2.5)
DENSO-HP-3318,-13.1,17.5,7.1,3.07,13.2,High-Efficiency Subcooling (COP >2.5)
DENSO-HP-3319,-7.2,21.2,8.5,3.56,12.6,High-Efficiency Subcooling (COP >2.5)
DENSO-HP-3320,-14.7,16.9,5.7,2.51,17.7,High-Efficiency Subcooling (COP >2.5)
DENSO-HP-3321,-16.7,15.5,6.4,2.66,16.3,High-Efficiency Subcooling (COP >2.5)
DENSO-HP-3322,12.5,30.7,7.0,3.67,9.9,High-Efficiency Subcooling (COP >2.5)
DENSO-HP-3323,10.4,26.1,9.0,3.8,10.7,High-Efficiency Subcooling (COP >2.5)
DENSO-HP-3324,-13.0,16.7,6.4,2.8,15.5,High-Efficiency Subcooling (COP >2.5)
DENSO-HP-3325,5.2,25.6,8.4,3.8,8.4,High-Efficiency Subcooling (COP >2.5)
DENSO-HP-3326,9.1,25.0,7.6,3.66,12.6,High-Efficiency Subcooling (COP >2.5)
DENSO-HP-3327,7.3,28.1,8.1,3.8,10.9,High-Efficiency Subcooling (COP >2.5)
DENSO-HP-3328,4.7,24.1,8.4,3.59,12.3,High-Efficiency Subcooling (COP >2.5)
DENSO-HP-3329,-6.1,20.7,8.6,3.61,12.7,High-Efficiency Subcooling (COP >2.5)
DENSO-HP-3330,13.7,28.2,5.9,3.67,9.9,High-Efficiency Subcooling (COP >2.5)
DENSO-HP-3331,-10.1,18.3,9.5,3.75,11.5,High-Efficiency Subcooling (COP >2.5)
DENSO-HP-3332,7.3,26.2,7.1,3.8,11.3,High-Efficiency Subcooling (COP >2.5)
DENSO-HP-3333,3.6,23.8,4.5,2.89,13.1,High-Efficiency Subcooling (COP >2.5)
DENSO-HP-3334,8.1,25.9,9.5,3.8,8.7,High-Efficiency Subcooling (COP >2.5)
DENSO-HP-3335,-4.6,20.9,8.2,3.62,11.7,High-Efficiency Subcooling (COP >2.5)
DENSO-HP-3336,-6.4,18.3,6.7,3.04,16.8,High-Efficiency Subcooling (COP >2.5)
DENSO-HP-3337,-11.9,16.5,5.9,2.74,15.8,High-Efficiency Subcooling (COP >2.5)
DENSO-HP-3338,-5.2,22.9,4.7,2.54,17.2,High-Efficiency Subcooling (COP >2.5)
DENSO-HP-3339,6.4,26.5,8.2,3.8,9.0,High-Efficiency Subcooling (COP >2.5)
DENSO-HP-3340,-3.3,21.3,9.3,3.73,10.8,High-Efficiency Subcooling (COP >2.5)
DENSO-HP-3341,6.6,25.0,8.5,3.8,9.3,High-Efficiency Subcooling (COP >2.5)
DENSO-HP-3342,1.4,23.1,8.4,3.8,11.4,High-Efficiency Subcooling (COP >2.5)
DENSO-HP-3343,-16.9,15.3,7.4,3.11,13.0,High-Efficiency Subcooling (COP >2.5)
DENSO-HP-3344,-12.8,16.3,7.3,2.81,15.9,High-Efficiency Subcooling (COP >2.5)
DENSO-HP-3345,9.0,27.0,6.5,3.43,10.7,High-Efficiency Subcooling (COP >2.5)
DENSO-HP-3346,-1.9,21.6,9.8,3.8,8.6,High-Efficiency Subcooling (COP >2.5)
DENSO-HP-3347,2.2,24.2,7.5,3.42,11.5,High-Efficiency Subcooling (COP >2.5)
DENSO-HP-3348,9.0,27.5,5.2,3.35,11.8,High-Efficiency Subcooling (COP >2.5)
DENSO-HP-3349,-16.9,13.6,9.9,3.57,10.6,High-Efficiency Subcooling (COP >2.5)
DENSO-HP-3350,-8.0,18.0,8.2,3.49,13.4,High-Efficiency Subcooling (COP >2.5)
DENSO-HP-3351,-8.0,16.1,8.8,3.55,14.4,High-Efficiency Subcooling (COP >2.5)
DENSO-HP-3352,2.5,25.4,5.5,3.06,14.4,High-Efficiency Subcooling (COP >2.5)
DENSO-HP-3353,7.7,25.8,6.7,3.42,11.5,High-Efficiency Subcooling (COP >2.5)
DENSO-HP-3354,-17.5,15.1,9.4,3.53,10.8,High-Efficiency Subcooling (COP >2.5)
DENSO-HP-3355,2.5,25.2,5.8,3.21,14.6,High-Efficiency Subcooling (COP >2.5)
DENSO-HP-3356,6.5,26.5,4.8,2.99,15.1,High-Efficiency Subcooling (COP >2.5)
DENSO-HP-3357,11.5,28.3,8.9,3.8,9.4,High-Efficiency Subcooling (COP >2.5)
DENSO-HP-3358,-3.2,21.4,3.9,2.74,19.1,High-Efficiency Subcooling (COP >2.5)
DENSO-HP-3359,12.7,27.8,8.5,3.8,10.5,High-Efficiency Subcooling (COP >2.5)
DENSO-HP-3360,-5.9,18.6,6.5,3.11,14.5,High-Efficiency Subcooling (COP >2.5)
DENSO-HP-3361,0.3,23.6,8.9,3.8,9.5,High-Efficiency Subcooling (COP >2.5)
DENSO-HP-3362,14.2,29.7,3.9,2.88,15.5,High-Efficiency Subcooling (COP >2.5)
DENSO-HP-3363,-12.5,17.2,5.1,2.48,19.1,Standard PTC Resistive Assist
DENSO-HP-3364,12.0,29.7,5.5,3.48,11.8,High-Efficiency Subcooling (COP >2.5)
DENSO-HP-3365,3.9,22.9,8.8,3.8,12.2,High-Efficiency Subcooling (COP >2.5)
DENSO-HP-3366,4.7,23.3,9.0,3.79,9.1,High-Efficiency Subcooling (COP >2.5)
DENSO-HP-3367,9.1,28.0,4.3,2.79,17.5,High-Efficiency Subcooling (COP >2.5)
DENSO-HP-3368,2.3,23.8,5.8,3.1,13.7,High-Efficiency Subcooling (COP >2.5)
DENSO-HP-3369,3.3,25.5,4.8,3.05,14.0,High-Efficiency Subcooling (COP >2.5)
DENSO-HP-3370,5.2,25.2,5.6,3.16,13.2,High-Efficiency Subcooling (COP >2.5)
DENSO-HP-3371,8.1,26.7,7.2,3.63,11.5,High-Efficiency Subcooling (COP >2.5)
DENSO-HP-3372,14.4,28.5,6.5,3.68,9.5,High-Efficiency Subcooling (COP >2.5)
DENSO-HP-3373,2.2,23.0,4.1,2.85,15.4,High-Efficiency Subcooling (COP >2.5)
DENSO-HP-3374,-14.5,15.7,5.4,2.57,15.0,High-Efficiency Subcooling (COP >2.5)
DENSO-HP-3375,-9.4,17.4,3.7,2.4,21.0,Standard PTC Resistive Assist
DENSO-HP-3376,-16.0,15.1,5.4,2.58,18.6,High-Efficiency Subcooling (COP >2.5)
DENSO-HP-3377,-5.8,20.1,3.8,2.49,17.4,Standard PTC Resistive Assist
DENSO-HP-3378,-4.7,22.2,9.8,3.68,11.4,High-Efficiency Subcooling (COP >2.5)
DENSO-HP-3379,8.0,25.8,7.9,3.8,8.6,High-Efficiency Subcooling (COP >2.5)
DENSO-HP-3380,3.8,22.8,4.3,2.73,15.6,High-Efficiency Subcooling (COP >2.5)
DENSO-HP-3381,-11.8,17.1,4.9,2.51,16.1,High-Efficiency Subcooling (COP >2.5)
DENSO-HP-3382,6.2,24.9,8.9,3.8,7.0,High-Efficiency Subcooling (COP >2.5)
DENSO-HP-3383,-4.2,22.7,9.6,3.8,9.7,High-Efficiency Subcooling (COP >2.5)
DENSO-HP-3384,-11.8,17.7,6.5,3.05,14.0,High-Efficiency Subcooling (COP >2.5)
DENSO-HP-3385,-15.2,15.5,3.6,2.25,17.1,Standard PTC Resistive Assist
DENSO-HP-3386,14.0,28.2,9.7,3.8,11.0,High-Efficiency Subcooling (COP >2.5)
DENSO-HP-3387,-15.1,15.7,9.2,3.43,9.5,High-Efficiency Subcooling (COP >2.5)
DENSO-HP-3388,14.3,29.5,4.0,2.89,14.8,High-Efficiency Subcooling (COP >2.5)
DENSO-HP-3389,1.7,23.0,6.7,3.37,12.8,High-Efficiency Subcooling (COP >2.5)
DENSO-HP-3390,-3.2,23.6,5.5,3.06,15.3,High-Efficiency Subcooling (COP >2.5)
DENSO-HP-3391,10.2,27.7,7.4,3.72,9.2,High-Efficiency Subcooling (COP >2.5)
DENSO-HP-3392,-12.4,17.7,8.6,3.21,13.1,High-Efficiency Subcooling (COP >2.5)
DENSO-HP-3393,8.7,27.4,5.7,3.32,11.7,High-Efficiency Subcooling (COP >2.5)
DENSO-HP-3394,1.5,23.4,5.3,2.93,13.5,High-Efficiency Subcooling (COP >2.5)
DENSO-HP-3395,-15.1,17.1,9.1,3.32,11.8,High-Efficiency Subcooling (COP >2.5)
DENSO-HP-3396,-12.3,16.8,8.5,3.42,12.6,High-Efficiency Subcooling (COP >2.5)
DENSO-HP-3397,4.9,24.7,5.3,3.17,14.4,High-Efficiency Subcooling (COP >2.5)
DENSO-HP-3398,13.6,28.4,5.6,3.49,12.2,High-Efficiency Subcooling (COP >2.5)
DENSO-HP-3399,1.9,23.4,4.3,2.63,16.0,High-Efficiency Subcooling (COP >2.5)
DENSO-HP-3400,-6.8,19.9,5.3,2.79,15.0,High-Efficiency Subcooling (COP >2.5)
DENSO-HP-3401,-10.7,18.1,4.7,2.37,17.8,Standard PTC Resistive Assist
DENSO-HP-3402,-7.7,20.9,5.9,2.61,15.8,High-Efficiency Subcooling (COP >2.5)
DENSO-HP-3403,-9.2,17.1,7.0,2.99,13.9,High-Efficiency Subcooling (COP >2.5)
DENSO-HP-3404,-16.9,14.9,9.8,3.53,10.9,High-Efficiency Subcooling (COP >2.5)
DENSO-HP-3405,-9.8,19.6,9.6,3.59,10.8,High-Efficiency Subcooling (COP >2.5)
DENSO-HP-3406,11.6,29.7,5.0,3.42,11.2,High-Efficiency Subcooling (COP >2.5)
DENSO-HP-3407,-4.2,20.8,6.8,3.09,12.6,High-Efficiency Subcooling (COP >2.5)
DENSO-HP-3408,-1.1,24.6,7.6,3.46,11.2,High-Efficiency Subcooling (COP >2.5)
DENSO-HP-3409,0.4,22.5,4.4,2.77,15.6,High-Efficiency Subcooling (COP >2.5)
DENSO-HP-3410,10.6,28.8,8.6,3.8,8.8,High-Efficiency Subcooling (COP >2.5)
DENSO-HP-3411,-17.5,15.5,4.6,2.3,20.4,Standard PTC Resistive Assist
DENSO-HP-3412,-4.5,21.1,9.1,3.8,10.5,High-Efficiency Subcooling (COP >2.5)
DENSO-HP-3413,-16.7,13.7,8.7,3.04,13.0,High-Efficiency Subcooling (COP >2.5)
DENSO-HP-3414,11.8,29.5,5.1,3.43,9.7,High-Efficiency Subcooling (COP >2.5)
DENSO-HP-3415,3.3,25.7,9.7,3.8,12.2,High-Efficiency Subcooling (COP >2.5)
DENSO-HP-3416,-4.0,20.4,4.3,2.62,15.7,High-Efficiency Subcooling (COP >2.5)
DENSO-HP-3417,9.1,27.8,9.5,3.8,10.5,High-Efficiency Subcooling (COP >2.5)
DENSO-HP-3418,4.1,23.7,8.7,3.8,10.2,High-Efficiency Subcooling (COP >2.5)
DENSO-HP-3419,2.5,24.1,5.3,2.93,14.6,High-Efficiency Subcooling (COP >2.5)
DENSO-HP-3420,-15.1,19.6,9.8,3.43,10.9,High-Efficiency Subcooling (COP >2.5)
DENSO-HP-3421,-15.0,14.9,4.5,2.43,18.5,Standard PTC Resistive Assist
DENSO-HP-3422,-2.5,20.2,7.5,3.49,11.5,High-Efficiency Subcooling (COP >2.5)
DENSO-HP-3423,-0.1,23.6,7.8,3.55,10.1,High-Efficiency Subcooling (COP >2.5)
DENSO-HP-3424,6.1,23.8,5.2,3.41,12.4,High-Efficiency Subcooling (COP >2.5)
DENSO-HP-3425,-11.2,17.4,8.7,3.4,12.4,High-Efficiency Subcooling (COP >2.5)
DENSO-HP-3426,2.8,25.6,5.4,3.15,13.1,High-Efficiency Subcooling (COP >2.5)
DENSO-HP-3427,-17.3,15.4,7.0,3.05,14.3,High-Efficiency Subcooling (COP >2.5)
DENSO-HP-3428,7.3,23.9,9.6,3.8,10.6,High-Efficiency Subcooling (COP >2.5)
DENSO-HP-3429,-5.5,20.6,3.8,2.37,18.0,Standard PTC Resistive Assist
DENSO-HP-3430,-7.5,21.4,7.4,3.51,10.9,High-Efficiency Subcooling (COP >2.5)
DENSO-HP-3431,-3.4,21.5,7.6,3.39,12.6,High-Efficiency Subcooling (COP >2.5)
DENSO-HP-3432,-0.7,20.2,6.7,3.28,14.2,High-Efficiency Subcooling (COP >2.5)
DENSO-HP-3433,-2.1,20.7,6.9,3.26,13.6,High-Efficiency Subcooling (COP >2.5)
DENSO-HP-3434,-11.2,17.0,5.2,2.68,15.6,High-Efficiency Subcooling (COP >2.5)
DENSO-HP-3435,-13.9,15.1,5.1,2.49,16.7,Standard PTC Resistive Assist
DENSO-HP-3436,14.1,26.9,6.4,3.8,8.5,High-Efficiency Subcooling (COP >2.5)
DENSO-HP-3437,-1.4,21.2,6.4,3.29,14.7,High-Efficiency Subcooling (COP >2.5)
DENSO-HP-3438,-2.0,20.6,9.8,3.75,10.0,High-Efficiency Subcooling (COP >2.5)
DENSO-HP-3439,1.4,23.8,5.8,3.34,11.5,High-Efficiency Subcooling (COP >2.5)
DENSO-HP-3440,2.6,24.4,6.9,3.24,14.7,High-Efficiency Subcooling (COP >2.5)
DENSO-HP-3441,-3.4,22.1,5.2,2.85,16.2,High-Efficiency Subcooling (COP >2.5)
DENSO-HP-3442,2.2,25.1,3.6,2.49,17.1,Standard PTC Resistive Assist
DENSO-HP-3443,10.8,30.9,6.6,3.64,11.7,High-Efficiency Subcooling (COP >2.5)
DENSO-HP-3444,-0.3,23.1,8.4,3.58,10.1,High-Efficiency Subcooling (COP >2.5)
DENSO-HP-3445,11.9,30.0,9.4,3.8,10.4,High-Efficiency Subcooling (COP >2.5)
DENSO-HP-3446,-2.5,22.1,6.0,3.02,14.1,High-Efficiency Subcooling (COP >2.5)
DENSO-HP-3447,8.7,28.0,8.7,3.8,9.6,High-Efficiency Subcooling (COP >2.5)
DENSO-HP-3448,13.2,28.8,3.9,3.0,13.8,High-Efficiency Subcooling (COP >2.5)
DENSO-HP-3449,-1.0,24.1,7.4,3.5,10.7,High-Efficiency Subcooling (COP >2.5)
DENSO-HP-3450,-10.0,19.4,6.2,2.82,16.6,High-Efficiency Subcooling (COP >2.5)
DENSO-HP-3451,-1.5,21.5,6.1,3.18,14.8,High-Efficiency Subcooling (COP >2.5)
DENSO-HP-3452,-13.5,17.9,5.7,2.73,17.6,High-Efficiency Subcooling (COP >2.5)
DENSO-HP-3453,1.2,22.2,7.3,3.39,13.8,High-Efficiency Subcooling (COP >2.5)
DENSO-HP-3454,-16.6,14.1,6.3,2.96,13.3,High-Efficiency Subcooling (COP >2.5)
DENSO-HP-3455,-12.6,16.5,5.6,2.68,18.5,High-Efficiency Subcooling (COP >2.5)
DENSO-HP-3456,3.9,23.9,5.7,3.2,15.3,High-Efficiency Subcooling (COP >2.5)
DENSO-HP-3457,9.1,24.8,9.6,3.8,10.4,High-Efficiency Subcooling (COP >2.5)
DENSO-HP-3458,-0.9,23.3,5.6,2.95,15.6,High-Efficiency Subcooling (COP >2.5)
DENSO-HP-3459,13.0,28.5,8.4,3.8,10.3,High-Efficiency Subcooling (COP >2.5)
DENSO-HP-3460,-3.6,20.6,7.8,3.46,10.0,High-Efficiency Subcooling (COP >2.5)
DENSO-HP-3461,12.2,25.6,8.2,3.8,10.0,High-Efficiency Subcooling (COP >2.5)
DENSO-HP-3462,-16.0,16.9,8.6,3.26,13.4,High-Efficiency Subcooling (COP >2.5)
DENSO-HP-3463,-17.2,18.8,3.9,2.16,19.3,Standard PTC Resistive Assist
DENSO-HP-3464,12.8,27.8,3.8,2.86,16.3,High-Efficiency Subcooling (COP >2.5)
DENSO-HP-3465,13.2,28.8,7.2,3.8,11.2,High-Efficiency Subcooling (COP >2.5)
DENSO-HP-3466,9.4,27.3,5.0,2.98,14.3,High-Efficiency Subcooling (COP >2.5)
DENSO-HP-3467,12.3,31.8,4.7,3.35,13.4,High-Efficiency Subcooling (COP >2.5)
DENSO-HP-3468,-17.5,14.9,5.1,2.53,18.1,High-Efficiency Subcooling (COP >2.5)
DENSO-HP-3469,-4.4,21.9,6.0,3.01,14.1,High-Efficiency Subcooling (COP >2.5)
DENSO-HP-3470,11.7,29.2,4.1,3.18,14.7,High-Efficiency Subcooling (COP >2.5)
DENSO-HP-3471,-3.6,20.5,5.2,2.96,15.2,High-Efficiency Subcooling (COP >2.5)
DENSO-HP-3472,-15.6,16.2,4.4,2.34,18.1,Standard PTC Resistive Assist
DENSO-HP-3473,-7.9,18.6,4.5,2.38,19.9,Standard PTC Resistive Assist
DENSO-HP-3474,6.5,26.0,6.7,3.5,12.5,High-Efficiency Subcooling (COP >2.5)
DENSO-HP-3475,-1.0,22.2,7.8,3.58,10.8,High-Efficiency Subcooling (COP >2.5)
DENSO-HP-3476,15.0,27.1,4.9,3.38,11.9,High-Efficiency Subcooling (COP >2.5)
DENSO-HP-3477,9.3,28.5,9.9,3.8,11.1,High-Efficiency Subcooling (COP >2.5)
DENSO-HP-3478,-14.2,17.8,4.3,2.38,18.5,Standard PTC Resistive Assist
DENSO-HP-3479,-12.4,16.6,6.2,2.67,16.2,High-Efficiency Subcooling (COP >2.5)
DENSO-HP-3480,6.8,26.6,9.0,3.8,10.2,High-Efficiency Subcooling (COP >2.5)
DENSO-HP-3481,3.1,24.8,4.9,2.87,14.9,High-Efficiency Subcooling (COP >2.5)
DENSO-HP-3482,12.0,30.3,7.1,3.77,10.0,High-Efficiency Subcooling (COP >2.5)
DENSO-HP-3483,5.3,24.4,9.0,3.8,10.0,High-Efficiency Subcooling (COP >2.5)
DENSO-HP-3484,11.8,27.2,7.4,3.8,8.8,High-Efficiency Subcooling (COP >2.5)
DENSO-HP-3485,5.9,25.7,7.2,3.8,9.3,High-Efficiency Subcooling (COP >2.5)
DENSO-HP-3486,-9.0,19.4,5.0,2.78,14.2,High-Efficiency Subcooling (COP >2.5)
DENSO-HP-3487,6.6,27.4,7.5,3.47,13.4,High-Efficiency Subcooling (COP >2.5)
DENSO-HP-3488,10.9,28.1,6.9,3.7,10.3,High-Efficiency Subcooling (COP >2.5)
DENSO-HP-3489,9.0,25.7,7.9,3.62,11.8,High-Efficiency Subcooling (COP >2.5)
DENSO-HP-3490,-1.7,24.1,4.8,2.95,15.0,High-Efficiency Subcooling (COP >2.5)
DENSO-HP-3491,-6.3,19.6,8.8,3.5,12.3,High-Efficiency Subcooling (COP >2.5)
DENSO-HP-3492,-6.7,19.4,6.6,3.06,14.6,High-Efficiency Subcooling (COP >2.5)
DENSO-HP-3493,10.8,30.7,8.0,3.61,11.1,High-Efficiency Subcooling (COP >2.5)
DENSO-HP-3494,-12.3,17.4,5.1,2.58,15.0,High-Efficiency Subcooling (COP >2.5)
DENSO-HP-3495,-8.1,22.0,5.6,2.78,16.9,High-Efficiency Subcooling (COP >2.5)
DENSO-HP-3496,-11.2,15.5,7.2,2.97,15.2,High-Efficiency Subcooling (COP >2.5)
DENSO-HP-3497,-11.0,17.6,6.3,3.03,13.7,High-Efficiency Subcooling (COP >2.5)
DENSO-HP-3498,-7.2,17.8,8.8,3.59,12.6,High-Efficiency Subcooling (COP >2.5)
DENSO-HP-3499,7.7,24.9,7.2,3.7,8.2,High-Efficiency Subcooling (COP >2.5)
DENSO-HP-3500,-9.1,17.9,5.5,2.77,15.5,High-Efficiency Subcooling (COP >2.5)
DENSO-HP-3501,3.3,23.3,7.3,3.33,12.4,High-Efficiency Subcooling (COP >2.5)
DENSO-HP-3502,6.1,27.2,6.5,3.33,14.0,High-Efficiency Subcooling (COP >2.5)
DENSO-HP-3503,10.1,28.2,3.6,2.83,15.0,High-Efficiency Subcooling (COP >2.5)
DENSO-HP-3504,2.2,25.5,8.1,3.49,10.7,High-Efficiency Subcooling (COP >2.5)
DENSO-HP-3505,14.4,30.2,6.9,3.78,10.3,High-Efficiency Subcooling (COP >2.5)
DENSO-HP-3506,-9.3,19.2,8.4,3.43,12.0,High-Efficiency Subcooling (COP >2.5)
DENSO-HP-3507,-12.0,16.5,4.5,2.41,16.6,Standard PTC Resistive Assist
DENSO-HP-3508,-15.0,16.8,5.7,2.73,15.4,High-Efficiency Subcooling (COP >2.5)
DENSO-HP-3509,-6.4,19.8,5.6,2.93,15.2,High-Efficiency Subcooling (COP >2.5)
DENSO-HP-3510,-3.1,22.0,8.3,3.52,11.2,High-Efficiency Subcooling (COP >2.5)
DENSO-HP-3511,-15.3,17.1,6.2,2.48,16.4,Standard PTC Resistive Assist
DENSO-HP-3512,-16.7,15.8,6.7,2.69,17.0,High-Efficiency Subcooling (COP >2.5)
DENSO-HP-3513,-4.1,21.5,5.8,3.06,12.8,High-Efficiency Subcooling (COP >2.5)
DENSO-HP-3514,-11.1,18.7,8.9,3.5,12.1,High-Efficiency Subcooling (COP >2.5)
DENSO-HP-3515,13.9,28.9,4.9,3.33,13.0,High-Efficiency Subcooling (COP >2.5)
DENSO-HP-3516,-0.6,25.3,7.6,3.45,11.7,High-Efficiency Subcooling (COP >2.5)
DENSO-HP-3517,-3.5,21.0,7.0,3.43,11.6,High-Efficiency Subcooling (COP >2.5)
DENSO-HP-3518,-15.0,15.8,5.9,2.6,15.7,High-Efficiency Subcooling (COP >2.5)
DENSO-HP-3519,7.0,27.7,5.5,3.19,13.1,High-Efficiency Subcooling (COP >2.5)
DENSO-HP-3520,14.7,31.2,7.8,3.8,9.0,High-Efficiency Subcooling (COP >2.5)
DENSO-HP-3521,-6.4,20.8,6.9,3.08,13.5,High-Efficiency Subcooling (COP >2.5)
DENSO-HP-3522,-11.0,17.5,4.6,2.52,17.3,High-Efficiency Subcooling (COP >2.5)
DENSO-HP-3523,10.5,29.6,7.7,3.8,10.6,High-Efficiency Subcooling (COP >2.5)
DENSO-HP-3524,7.8,26.7,4.8,3.12,13.9,High-Efficiency Subcooling (COP >2.5)
DENSO-HP-3525,1.8,21.9,9.6,3.8,10.1,High-Efficiency Subcooling (COP >2.5)
DENSO-HP-3526,-1.1,22.7,5.3,3.01,15.5,High-Efficiency Subcooling (COP >2.5)
DENSO-HP-3527,0.4,22.8,7.4,3.47,12.5,High-Efficiency Subcooling (COP >2.5)
DENSO-HP-3528,0.5,24.0,4.9,2.71,15.6,High-Efficiency Subcooling (COP >2.5)
DENSO-HP-3529,-0.5,25.1,7.1,3.5,11.7,High-Efficiency Subcooling (COP >2.5)
DENSO-HP-3530,9.9,26.9,7.5,3.58,9.7,High-Efficiency Subcooling (COP >2.5)
DENSO-HP-3531,-7.1,21.3,6.5,3.21,11.5,High-Efficiency Subcooling (COP >2.5)
DENSO-HP-3532,1.8,24.1,9.7,3.8,13.0,High-Efficiency Subcooling (COP >2.5)
DENSO-HP-3533,-13.6,15.2,7.5,2.96,13.7,High-Efficiency Subcooling (COP >2.5)
DENSO-HP-3534,4.5,23.5,4.4,2.94,15.8,High-Efficiency Subcooling (COP >2.5)
DENSO-HP-3535,-3.0,19.1,4.7,3.0,17.1,High-Efficiency Subcooling (COP >2.5)
DENSO-HP-3536,-0.9,23.2,7.2,3.31,12.2,High-Efficiency Subcooling (COP >2.5)
DENSO-HP-3537,-16.7,15.3,8.3,3.14,15.1,High-Efficiency Subcooling (COP >2.5)
DENSO-HP-3538,-5.0,21.5,3.6,2.3,19.7,Standard PTC Resistive Assist
DENSO-HP-3539,-8.9,20.3,3.9,2.35,16.4,Standard PTC Resistive Assist
DENSO-HP-3540,-11.4,19.9,4.2,2.41,17.1,Standard PTC Resistive Assist
DENSO-HP-3541,7.0,25.2,8.6,3.8,10.6,High-Efficiency Subcooling (COP >2.5)
DENSO-HP-3542,-5.3,22.3,7.0,3.09,13.0,High-Efficiency Subcooling (COP >2.5)
DENSO-HP-3543,-12.0,18.7,5.9,2.56,17.0,High-Efficiency Subcooling (COP >2.5)
DENSO-HP-3544,14.5,29.1,7.6,3.8,10.8,High-Efficiency Subcooling (COP >2.5)
DENSO-HP-3545,11.9,26.3,9.4,3.8,10.9,High-Efficiency Subcooling (COP >2.5)
DENSO-HP-3546,-0.0,22.2,6.0,3.19,15.8,High-Efficiency Subcooling (COP >2.5)
DENSO-HP-3547,2.5,25.9,3.8,2.92,13.5,High-Efficiency Subcooling (COP >2.5)
DENSO-HP-3548,-7.0,21.7,3.7,2.61,14.6,High-Efficiency Subcooling (COP >2.5)
DENSO-HP-3549,10.1,25.7,4.3,3.03,15.6,High-Efficiency Subcooling (COP >2.5)
DENSO-HP-3550,-2.9,20.5,7.0,3.17,13.1,High-Efficiency Subcooling (COP >2.5)
DENSO-HP-3551,-5.2,21.5,7.0,3.04,15.5,High-Efficiency Subcooling (COP >2.5)
DENSO-HP-3552,3.2,22.9,9.2,3.8,8.1,High-Efficiency Subcooling (COP >2.5)
DENSO-HP-3553,11.9,28.2,4.2,3.06,14.3,High-Efficiency Subcooling (COP >2.5)
DENSO-HP-3554,-5.6,21.4,7.3,3.36,12.2,High-Efficiency Subcooling (COP >2.5)
DENSO-HP-3555,-16.3,16.8,6.9,3.02,13.8,High-Efficiency Subcooling (COP >2.5)
DENSO-HP-3556,-17.7,17.3,8.6,3.06,11.4,High-Efficiency Subcooling (COP >2.5)
DENSO-HP-3557,14.8,27.9,4.8,3.44,12.2,High-Efficiency Subcooling (COP >2.5)
DENSO-HP-3558,-7.7,18.0,6.9,3.01,16.0,High-Efficiency Subcooling (COP >2.5)
DENSO-HP-3559,-7.0,20.0,6.3,2.9,13.9,High-Efficiency Subcooling (COP >2.5)
DENSO-HP-3560,-16.3,17.3,6.0,2.54,18.8,High-Efficiency Subcooling (COP >2.5)
DENSO-HP-3561,-15.7,15.6,7.0,2.85,16.3,High-Efficiency Subcooling (COP >2.5)
DENSO-HP-3562,-9.4,17.9,4.4,2.35,21.1,Standard PTC Resistive Assist
DENSO-HP-3563,-16.9,13.8,6.7,2.69,16.8,High-Efficiency Subcooling (COP >2.5)
DENSO-HP-3564,-2.1,20.5,4.4,2.77,16.4,High-Efficiency Subcooling (COP >2.5)
DENSO-HP-3565,-13.4,16.5,5.6,2.65,17.8,High-Efficiency Subcooling (COP >2.5)
DENSO-HP-3566,-1.6,22.6,4.3,2.56,16.0,High-Efficiency Subcooling (COP >2.5)
DENSO-HP-3567,-13.9,18.1,9.9,3.48,10.5,High-Efficiency Subcooling (COP >2.5)
DENSO-HP-3568,-13.2,18.6,7.3,3.04,15.2,High-Efficiency Subcooling (COP >2.5)
DENSO-HP-3569,3.5,24.1,4.8,2.9,14.7,High-Efficiency Subcooling (COP >2.5)
DENSO-HP-3570,10.6,29.0,8.1,3.67,10.5,High-Efficiency Subcooling (COP >2.5)
DENSO-HP-3571,-7.0,18.7,8.0,3.27,14.3,High-Efficiency Subcooling (COP >2.5)
DENSO-HP-3572,-8.6,19.2,9.9,3.76,8.7,High-Efficiency Subcooling (COP >2.5)
DENSO-HP-3573,7.6,27.7,8.5,3.8,11.4,High-Efficiency Subcooling (COP >2.5)
DENSO-HP-3574,-11.3,19.2,8.9,3.42,12.4,High-Efficiency Subcooling (COP >2.5)
DENSO-HP-3575,-5.9,22.4,6.2,2.97,15.7,High-Efficiency Subcooling (COP >2.5)
DENSO-HP-3576,-9.9,19.1,6.0,2.85,14.2,High-Efficiency Subcooling (COP >2.5)
DENSO-HP-3577,-6.1,21.6,8.2,3.51,10.0,High-Efficiency Subcooling (COP >2.5)
DENSO-HP-3578,-15.8,15.2,6.2,2.55,19.5,High-Efficiency Subcooling (COP >2.5)
DENSO-HP-3579,4.0,24.6,5.7,3.02,16.4,High-Efficiency Subcooling (COP >2.5)
DENSO-HP-3580,0.8,23.5,8.5,3.74,8.7,High-Efficiency Subcooling (COP >2.5)
DENSO-HP-3581,13.3,26.5,3.7,3.04,12.8,High-Efficiency Subcooling (COP >2.5)
DENSO-HP-3582,-15.4,13.9,8.3,3.05,13.7,High-Efficiency Subcooling (COP >2.5)
DENSO-HP-3583,-14.7,16.1,9.4,3.52,12.7,High-Efficiency Subcooling (COP >2.5)
DENSO-HP-3584,11.0,27.0,8.6,3.8,11.7,High-Efficiency Subcooling (COP >2.5)
DENSO-HP-3585,13.9,30.2,6.3,3.8,10.8,High-Efficiency Subcooling (COP >2.5)
DENSO-HP-3586,7.0,26.7,4.3,2.94,13.3,High-Efficiency Subcooling (COP >2.5)
DENSO-HP-3587,-15.4,14.0,9.6,3.43,13.3,High-Efficiency Subcooling (COP >2.5)
DENSO-HP-3588,3.6,23.9,6.8,3.4,10.9,High-Efficiency Subcooling (COP >2.5)
DENSO-HP-3589,-6.9,20.1,9.4,3.48,11.1,High-Efficiency Subcooling (COP >2.5)
DENSO-HP-3590,-4.3,20.7,8.1,3.5,10.8,High-Efficiency Subcooling (COP >2.5)
DENSO-HP-3591,11.7,29.8,4.3,3.08,13.1,High-Efficiency Subcooling (COP >2.5)
DENSO-HP-3592,-1.8,20.9,5.6,2.94,13.3,High-Efficiency Subcooling (COP >2.5)
DENSO-HP-3593,-1.0,23.1,8.6,3.62,13.3,High-Efficiency Subcooling (COP >2.5)
DENSO-HP-3594,10.1,25.3,9.0,3.8,7.5,High-Efficiency Subcooling (COP >2.5)
DENSO-HP-3595,12.9,26.8,8.5,3.8,10.2,High-Efficiency Subcooling (COP >2.5)
DENSO-HP-3596,1.9,24.4,9.0,3.8,10.9,High-Efficiency Subcooling (COP >2.5)
DENSO-HP-3597,2.9,25.5,7.6,3.37,12.2,High-Efficiency Subcooling (COP >2.5)
DENSO-HP-3598,11.8,27.3,7.0,3.58,10.9,High-Efficiency Subcooling (COP >2.5)
DENSO-HP-3599,5.9,25.1,5.8,3.23,12.5,High-Efficiency Subcooling (COP >2.5)
