Fleet_Event_ID,Vehicle_Speed_mph,Sun_Glare_Angle_deg,Road_Curvature_deg,Camera_Inference_Latency_ms,Human_AI_Disparity_deg,Autonomy_Alignment
TESLA-SHADOW-1000,51.3,17.6,22.2,32.2,2.99,Seamless Autonomous Alignment
TESLA-SHADOW-1001,59.3,59.1,31.5,22.4,3.64,Seamless Autonomous Alignment
TESLA-SHADOW-1002,66.8,29.3,11.7,26.3,0.64,Seamless Autonomous Alignment
TESLA-SHADOW-1003,57.7,40.1,6.3,23.1,4.37,Seamless Autonomous Alignment
TESLA-SHADOW-1004,26.9,64.8,31.1,22.8,4.28,Seamless Autonomous Alignment
TESLA-SHADOW-1005,34.0,57.6,1.8,25.5,0.91,Seamless Autonomous Alignment
TESLA-SHADOW-1006,63.0,4.7,16.3,25.4,2.38,Seamless Autonomous Alignment
TESLA-SHADOW-1007,36.2,65.7,11.9,24.6,2.49,Seamless Autonomous Alignment
TESLA-SHADOW-1008,61.8,22.7,26.7,22.9,2.84,Seamless Autonomous Alignment
TESLA-SHADOW-1009,39.4,76.2,10.7,22.8,3.37,Seamless Autonomous Alignment
TESLA-SHADOW-1010,61.6,17.6,21.5,33.2,2.63,Seamless Autonomous Alignment
TESLA-SHADOW-1011,30.4,60.3,22.6,24.2,0.27,Seamless Autonomous Alignment
TESLA-SHADOW-1012,29.7,52.9,15.7,32.6,1.98,Seamless Autonomous Alignment
TESLA-SHADOW-1013,64.2,22.9,29.1,39.5,0.02,Seamless Autonomous Alignment
TESLA-SHADOW-1014,51.0,60.2,25.3,23.6,5.28,Shadow Disengagement Triggered
TESLA-SHADOW-1015,70.3,54.8,32.3,22.5,5.81,Shadow Disengagement Triggered
TESLA-SHADOW-1016,44.9,89.3,20.1,24.4,4.42,Seamless Autonomous Alignment
TESLA-SHADOW-1017,37.6,77.6,28.1,27.6,2.89,Seamless Autonomous Alignment
TESLA-SHADOW-1018,71.7,37.9,20.7,40.7,0.63,Seamless Autonomous Alignment
TESLA-SHADOW-1019,29.1,38.7,24.6,25.4,0.34,Seamless Autonomous Alignment
TESLA-SHADOW-1020,46.3,16.6,24.1,24.2,2.23,Seamless Autonomous Alignment
TESLA-SHADOW-1021,62.4,44.0,7.6,34.3,3.9,Seamless Autonomous Alignment
TESLA-SHADOW-1022,37.5,72.5,28.0,27.9,3.3,Seamless Autonomous Alignment
TESLA-SHADOW-1023,48.3,78.5,20.5,22.9,0.55,Seamless Autonomous Alignment
TESLA-SHADOW-1024,34.9,62.3,27.9,37.0,0.39,Seamless Autonomous Alignment
TESLA-SHADOW-1025,37.3,79.9,15.4,24.9,0.28,Seamless Autonomous Alignment
TESLA-SHADOW-1026,42.7,9.6,14.7,22.4,0.99,Seamless Autonomous Alignment
TESLA-SHADOW-1027,65.5,49.4,21.1,23.6,1.01,Seamless Autonomous Alignment
TESLA-SHADOW-1028,65.5,48.8,15.4,22.7,4.2,Seamless Autonomous Alignment
TESLA-SHADOW-1029,66.9,39.9,33.5,22.6,3.93,Seamless Autonomous Alignment
TESLA-SHADOW-1030,71.0,51.8,11.6,24.3,0.74,Seamless Autonomous Alignment
TESLA-SHADOW-1031,51.1,38.3,10.7,24.6,1.98,Seamless Autonomous Alignment
TESLA-SHADOW-1032,59.0,40.3,27.7,22.3,1.24,Seamless Autonomous Alignment
TESLA-SHADOW-1033,32.9,50.6,32.8,22.0,1.89,Seamless Autonomous Alignment
TESLA-SHADOW-1034,44.1,60.4,21.1,23.0,4.3,Seamless Autonomous Alignment
TESLA-SHADOW-1035,64.0,59.2,30.9,24.3,1.18,Seamless Autonomous Alignment
TESLA-SHADOW-1036,61.2,17.0,3.1,23.5,2.33,Seamless Autonomous Alignment
TESLA-SHADOW-1037,71.8,65.4,29.6,25.4,3.83,Seamless Autonomous Alignment
TESLA-SHADOW-1038,39.3,15.9,14.0,23.0,0.87,Seamless Autonomous Alignment
TESLA-SHADOW-1039,37.9,49.5,0.8,26.7,0.44,Seamless Autonomous Alignment
TESLA-SHADOW-1040,40.2,62.2,27.4,26.7,3.01,Seamless Autonomous Alignment
TESLA-SHADOW-1041,35.0,78.5,25.4,23.3,4.21,Seamless Autonomous Alignment
TESLA-SHADOW-1042,39.7,65.3,6.4,34.2,0.11,Seamless Autonomous Alignment
TESLA-SHADOW-1043,53.6,0.7,1.2,22.5,0.23,Seamless Autonomous Alignment
TESLA-SHADOW-1044,74.3,71.4,17.9,28.2,3.95,Seamless Autonomous Alignment
TESLA-SHADOW-1045,73.6,6.9,19.7,32.0,0.28,Seamless Autonomous Alignment
TESLA-SHADOW-1046,27.8,3.8,0.1,35.2,1.71,Seamless Autonomous Alignment
TESLA-SHADOW-1047,32.1,46.4,32.9,31.8,3.53,Seamless Autonomous Alignment
TESLA-SHADOW-1048,52.6,86.3,29.4,23.3,3.73,Seamless Autonomous Alignment
TESLA-SHADOW-1049,52.6,47.0,24.8,25.1,1.29,Seamless Autonomous Alignment
TESLA-SHADOW-1050,71.9,19.7,34.8,24.5,0.98,Seamless Autonomous Alignment
TESLA-SHADOW-1051,51.1,24.4,34.3,22.7,2.53,Seamless Autonomous Alignment
TESLA-SHADOW-1052,37.7,31.2,34.1,22.7,1.41,Seamless Autonomous Alignment
TESLA-SHADOW-1053,38.1,36.3,13.4,25.7,2.32,Seamless Autonomous Alignment
TESLA-SHADOW-1054,44.4,55.6,21.5,23.0,5.53,Shadow Disengagement Triggered
TESLA-SHADOW-1055,68.0,79.5,25.9,26.2,0.88,Seamless Autonomous Alignment
TESLA-SHADOW-1056,28.5,73.3,10.8,22.4,2.02,Seamless Autonomous Alignment
TESLA-SHADOW-1057,47.6,70.2,8.9,25.7,3.54,Seamless Autonomous Alignment
TESLA-SHADOW-1058,45.0,79.8,29.6,29.3,1.62,Seamless Autonomous Alignment
TESLA-SHADOW-1059,73.5,87.6,4.3,33.9,0.24,Shadow Disengagement Triggered
TESLA-SHADOW-1060,40.2,23.3,7.1,23.1,0.56,Seamless Autonomous Alignment
TESLA-SHADOW-1061,32.9,84.0,10.4,22.5,4.3,Seamless Autonomous Alignment
TESLA-SHADOW-1062,57.1,38.7,31.2,23.4,4.74,Shadow Disengagement Triggered
TESLA-SHADOW-1063,27.3,11.2,11.2,22.7,0.78,Seamless Autonomous Alignment
TESLA-SHADOW-1064,61.7,82.4,24.1,26.8,2.12,Seamless Autonomous Alignment
TESLA-SHADOW-1065,38.8,29.3,6.9,29.9,2.22,Seamless Autonomous Alignment
TESLA-SHADOW-1066,74.6,72.4,9.5,23.5,1.68,Seamless Autonomous Alignment
TESLA-SHADOW-1067,58.5,68.6,17.7,23.9,1.47,Seamless Autonomous Alignment
TESLA-SHADOW-1068,66.2,38.5,21.8,22.9,1.05,Seamless Autonomous Alignment
TESLA-SHADOW-1069,39.2,9.4,25.4,22.6,1.36,Seamless Autonomous Alignment
TESLA-SHADOW-1070,55.1,86.0,4.8,28.8,3.44,Seamless Autonomous Alignment
TESLA-SHADOW-1071,72.1,17.8,11.8,24.4,1.05,Seamless Autonomous Alignment
TESLA-SHADOW-1072,36.4,47.2,31.8,26.8,3.16,Seamless Autonomous Alignment
TESLA-SHADOW-1073,35.2,46.0,32.6,29.4,4.23,Seamless Autonomous Alignment
TESLA-SHADOW-1074,25.6,36.7,11.9,26.5,1.01,Seamless Autonomous Alignment
TESLA-SHADOW-1075,72.8,86.3,32.9,22.6,4.16,Seamless Autonomous Alignment
TESLA-SHADOW-1076,47.0,84.8,1.1,26.6,1.66,Seamless Autonomous Alignment
TESLA-SHADOW-1077,47.4,49.0,27.5,34.4,3.46,Seamless Autonomous Alignment
TESLA-SHADOW-1078,71.7,69.0,27.7,22.7,1.75,Seamless Autonomous Alignment
TESLA-SHADOW-1079,47.2,75.1,2.9,31.3,4.4,Shadow Disengagement Triggered
TESLA-SHADOW-1080,36.1,19.3,6.1,27.0,5.41,Shadow Disengagement Triggered
TESLA-SHADOW-1081,68.6,56.3,23.6,23.6,0.69,Seamless Autonomous Alignment
TESLA-SHADOW-1082,26.9,71.0,5.6,23.3,2.93,Seamless Autonomous Alignment
TESLA-SHADOW-1083,70.6,44.3,27.1,24.8,0.16,Seamless Autonomous Alignment
TESLA-SHADOW-1084,33.2,15.5,29.1,41.2,0.1,Seamless Autonomous Alignment
TESLA-SHADOW-1085,59.0,64.7,21.2,28.5,1.42,Seamless Autonomous Alignment
TESLA-SHADOW-1086,31.2,64.9,31.4,25.8,0.35,Seamless Autonomous Alignment
TESLA-SHADOW-1087,43.6,83.1,19.3,24.1,6.34,Shadow Disengagement Triggered
TESLA-SHADOW-1088,54.1,74.1,1.8,26.4,3.53,Seamless Autonomous Alignment
TESLA-SHADOW-1089,60.0,1.5,17.2,24.3,3.3,Seamless Autonomous Alignment
TESLA-SHADOW-1090,51.3,38.2,19.0,26.5,1.06,Seamless Autonomous Alignment
TESLA-SHADOW-1091,54.9,42.8,28.2,25.2,2.83,Seamless Autonomous Alignment
TESLA-SHADOW-1092,62.2,46.3,10.0,24.5,0.45,Seamless Autonomous Alignment
TESLA-SHADOW-1093,70.9,48.9,1.4,25.6,1.79,Seamless Autonomous Alignment
TESLA-SHADOW-1094,38.7,34.9,10.9,22.7,2.91,Seamless Autonomous Alignment
TESLA-SHADOW-1095,39.8,51.8,4.9,24.5,2.12,Seamless Autonomous Alignment
TESLA-SHADOW-1096,31.7,66.4,25.3,24.7,0.63,Seamless Autonomous Alignment
TESLA-SHADOW-1097,37.3,8.3,32.4,23.0,2.66,Seamless Autonomous Alignment
TESLA-SHADOW-1098,50.6,41.7,12.2,26.4,2.25,Seamless Autonomous Alignment
TESLA-SHADOW-1099,74.4,27.9,0.6,26.1,1.39,Seamless Autonomous Alignment
TESLA-SHADOW-1100,52.8,56.4,20.6,22.3,5.62,Shadow Disengagement Triggered
TESLA-SHADOW-1101,65.6,15.0,28.4,22.0,3.22,Seamless Autonomous Alignment
TESLA-SHADOW-1102,66.0,38.0,6.0,27.6,1.49,Seamless Autonomous Alignment
TESLA-SHADOW-1103,47.5,21.4,29.8,35.3,1.68,Seamless Autonomous Alignment
TESLA-SHADOW-1104,74.8,53.9,16.7,28.1,1.19,Seamless Autonomous Alignment
TESLA-SHADOW-1105,42.5,21.7,6.4,26.1,1.46,Seamless Autonomous Alignment
TESLA-SHADOW-1106,69.1,71.8,21.1,24.3,0.59,Seamless Autonomous Alignment
TESLA-SHADOW-1107,70.2,33.0,18.3,23.5,0.25,Seamless Autonomous Alignment
TESLA-SHADOW-1108,59.2,48.5,23.8,26.7,5.6,Shadow Disengagement Triggered
TESLA-SHADOW-1109,50.6,68.2,27.5,32.0,0.54,Seamless Autonomous Alignment
TESLA-SHADOW-1110,43.6,52.3,20.8,22.4,2.07,Seamless Autonomous Alignment
TESLA-SHADOW-1111,57.3,52.2,18.6,24.1,0.35,Seamless Autonomous Alignment
TESLA-SHADOW-1112,31.4,23.2,10.8,25.0,2.0,Seamless Autonomous Alignment
TESLA-SHADOW-1113,61.3,68.1,16.8,24.0,3.16,Seamless Autonomous Alignment
TESLA-SHADOW-1114,30.3,14.1,32.6,31.3,1.82,Seamless Autonomous Alignment
TESLA-SHADOW-1115,64.5,85.1,7.7,22.2,3.22,Seamless Autonomous Alignment
TESLA-SHADOW-1116,34.7,12.5,22.0,22.0,0.16,Seamless Autonomous Alignment
TESLA-SHADOW-1117,57.2,62.8,12.4,23.5,0.79,Seamless Autonomous Alignment
TESLA-SHADOW-1118,45.6,5.7,13.6,41.0,1.88,Seamless Autonomous Alignment
TESLA-SHADOW-1119,54.8,3.9,28.1,23.0,2.15,Seamless Autonomous Alignment
TESLA-SHADOW-1120,53.8,1.3,12.2,22.6,3.73,Seamless Autonomous Alignment
TESLA-SHADOW-1121,29.6,20.7,17.6,30.1,0.86,Seamless Autonomous Alignment
TESLA-SHADOW-1122,45.2,11.7,32.0,24.5,1.12,Seamless Autonomous Alignment
TESLA-SHADOW-1123,43.1,46.3,27.4,22.8,1.01,Seamless Autonomous Alignment
TESLA-SHADOW-1124,74.8,42.1,24.6,23.8,1.13,Seamless Autonomous Alignment
TESLA-SHADOW-1125,50.2,89.8,21.9,24.1,4.69,Shadow Disengagement Triggered
TESLA-SHADOW-1126,39.3,70.7,5.7,22.7,2.49,Seamless Autonomous Alignment
TESLA-SHADOW-1127,56.2,3.3,13.5,24.6,1.56,Seamless Autonomous Alignment
TESLA-SHADOW-1128,43.8,62.0,15.9,24.2,4.98,Shadow Disengagement Triggered
TESLA-SHADOW-1129,49.0,25.3,3.7,22.2,0.61,Seamless Autonomous Alignment
TESLA-SHADOW-1130,37.1,79.4,29.5,24.4,2.53,Seamless Autonomous Alignment
TESLA-SHADOW-1131,58.5,0.8,18.0,31.7,3.5,Seamless Autonomous Alignment
TESLA-SHADOW-1132,72.4,78.9,15.7,22.4,2.72,Seamless Autonomous Alignment
TESLA-SHADOW-1133,66.7,86.2,10.9,26.0,1.84,Seamless Autonomous Alignment
TESLA-SHADOW-1134,67.2,88.2,1.8,22.1,0.34,Seamless Autonomous Alignment
TESLA-SHADOW-1135,63.6,17.0,3.4,25.3,2.49,Seamless Autonomous Alignment
TESLA-SHADOW-1136,54.1,13.3,1.5,25.0,0.22,Seamless Autonomous Alignment
TESLA-SHADOW-1137,25.1,74.1,30.0,25.8,2.27,Seamless Autonomous Alignment
TESLA-SHADOW-1138,72.8,4.6,12.1,22.2,1.27,Seamless Autonomous Alignment
TESLA-SHADOW-1139,35.1,38.6,17.4,28.8,2.49,Seamless Autonomous Alignment
TESLA-SHADOW-1140,57.6,3.2,30.2,22.1,2.26,Seamless Autonomous Alignment
TESLA-SHADOW-1141,71.5,74.9,12.9,25.8,3.94,Seamless Autonomous Alignment
TESLA-SHADOW-1142,59.4,50.0,19.3,24.5,0.69,Seamless Autonomous Alignment
TESLA-SHADOW-1143,47.6,45.7,29.9,23.4,2.21,Seamless Autonomous Alignment
TESLA-SHADOW-1144,45.5,84.1,2.6,25.1,1.46,Seamless Autonomous Alignment
TESLA-SHADOW-1145,68.7,20.6,5.1,28.8,1.22,Seamless Autonomous Alignment
TESLA-SHADOW-1146,42.3,67.1,19.6,22.6,2.57,Seamless Autonomous Alignment
TESLA-SHADOW-1147,29.6,52.0,14.7,27.7,4.12,Seamless Autonomous Alignment
TESLA-SHADOW-1148,71.0,66.8,21.2,31.2,1.45,Seamless Autonomous Alignment
TESLA-SHADOW-1149,61.2,64.4,17.1,24.9,0.29,Seamless Autonomous Alignment
TESLA-SHADOW-1150,36.3,19.6,34.6,24.8,1.12,Seamless Autonomous Alignment
TESLA-SHADOW-1151,68.3,2.1,10.3,25.9,1.33,Seamless Autonomous Alignment
TESLA-SHADOW-1152,46.4,18.8,25.4,23.5,1.99,Seamless Autonomous Alignment
TESLA-SHADOW-1153,47.7,49.0,11.2,30.0,0.01,Seamless Autonomous Alignment
TESLA-SHADOW-1154,47.1,65.6,9.1,26.7,0.69,Seamless Autonomous Alignment
TESLA-SHADOW-1155,66.5,64.1,32.5,22.6,1.38,Seamless Autonomous Alignment
TESLA-SHADOW-1156,42.6,33.0,19.9,23.7,5.24,Shadow Disengagement Triggered
TESLA-SHADOW-1157,64.1,58.6,22.4,24.2,5.42,Shadow Disengagement Triggered
TESLA-SHADOW-1158,46.7,0.8,30.6,25.2,2.7,Seamless Autonomous Alignment
TESLA-SHADOW-1159,43.5,13.2,8.2,33.1,1.15,Seamless Autonomous Alignment
TESLA-SHADOW-1160,51.5,82.5,27.1,24.6,1.57,Seamless Autonomous Alignment
TESLA-SHADOW-1161,70.6,0.5,30.3,23.0,0.49,Seamless Autonomous Alignment
TESLA-SHADOW-1162,62.6,49.2,27.3,28.8,6.06,Shadow Disengagement Triggered
TESLA-SHADOW-1163,26.6,74.7,31.8,29.1,2.87,Seamless Autonomous Alignment
TESLA-SHADOW-1164,56.8,53.3,31.6,25.8,2.04,Seamless Autonomous Alignment
TESLA-SHADOW-1165,56.5,68.5,20.1,27.7,3.61,Seamless Autonomous Alignment
TESLA-SHADOW-1166,43.2,33.8,11.3,22.9,2.78,Seamless Autonomous Alignment
TESLA-SHADOW-1167,58.5,38.5,12.8,26.0,2.6,Seamless Autonomous Alignment
TESLA-SHADOW-1168,36.3,33.6,13.3,22.9,2.43,Seamless Autonomous Alignment
TESLA-SHADOW-1169,36.8,78.2,6.5,28.6,6.04,Shadow Disengagement Triggered
TESLA-SHADOW-1170,30.4,65.4,26.2,43.7,3.45,Seamless Autonomous Alignment
TESLA-SHADOW-1171,27.7,31.1,15.8,24.0,2.46,Seamless Autonomous Alignment
TESLA-SHADOW-1172,48.1,86.3,28.9,40.6,5.51,Shadow Disengagement Triggered
TESLA-SHADOW-1173,72.4,27.8,19.0,22.1,1.24,Seamless Autonomous Alignment
TESLA-SHADOW-1174,30.3,18.9,29.9,35.0,2.59,Seamless Autonomous Alignment
TESLA-SHADOW-1175,54.8,13.9,10.6,28.1,2.14,Seamless Autonomous Alignment
TESLA-SHADOW-1176,58.8,28.7,22.0,24.6,2.14,Seamless Autonomous Alignment
TESLA-SHADOW-1177,59.7,65.8,31.8,24.5,4.87,Shadow Disengagement Triggered
TESLA-SHADOW-1178,52.0,16.2,22.9,32.1,0.56,Seamless Autonomous Alignment
TESLA-SHADOW-1179,55.9,70.5,5.4,23.2,4.42,Seamless Autonomous Alignment
TESLA-SHADOW-1180,68.4,32.5,7.3,22.3,2.21,Seamless Autonomous Alignment
TESLA-SHADOW-1181,41.1,29.3,9.3,29.8,0.02,Seamless Autonomous Alignment
TESLA-SHADOW-1182,71.2,48.4,23.6,24.2,0.67,Seamless Autonomous Alignment
TESLA-SHADOW-1183,29.9,29.9,9.4,31.5,0.06,Seamless Autonomous Alignment
TESLA-SHADOW-1184,66.5,14.1,0.1,22.9,2.02,Seamless Autonomous Alignment
TESLA-SHADOW-1185,30.9,67.2,14.1,25.9,0.54,Seamless Autonomous Alignment
TESLA-SHADOW-1186,55.0,25.7,30.7,22.2,2.62,Seamless Autonomous Alignment
TESLA-SHADOW-1187,51.7,51.1,26.5,30.5,2.1,Seamless Autonomous Alignment
TESLA-SHADOW-1188,46.3,21.8,25.0,24.6,0.74,Seamless Autonomous Alignment
TESLA-SHADOW-1189,42.8,73.4,33.1,27.5,4.24,Seamless Autonomous Alignment
TESLA-SHADOW-1190,57.6,71.8,19.9,22.8,1.02,Seamless Autonomous Alignment
TESLA-SHADOW-1191,54.0,68.0,25.2,22.1,5.07,Shadow Disengagement Triggered
TESLA-SHADOW-1192,35.0,22.0,8.4,22.8,2.73,Seamless Autonomous Alignment
TESLA-SHADOW-1193,29.5,45.2,7.9,22.5,0.13,Seamless Autonomous Alignment
TESLA-SHADOW-1194,28.2,55.2,25.1,22.4,4.17,Seamless Autonomous Alignment
TESLA-SHADOW-1195,26.1,55.6,6.3,36.6,4.54,Shadow Disengagement Triggered
TESLA-SHADOW-1196,55.7,83.5,24.9,22.2,1.16,Seamless Autonomous Alignment
TESLA-SHADOW-1197,45.1,84.2,7.5,26.3,5.83,Shadow Disengagement Triggered
TESLA-SHADOW-1198,69.0,4.4,27.1,22.4,2.55,Seamless Autonomous Alignment
TESLA-SHADOW-1199,26.8,21.8,6.4,23.3,1.18,Seamless Autonomous Alignment
TESLA-SHADOW-1200,48.5,69.9,3.6,41.5,0.86,Seamless Autonomous Alignment
TESLA-SHADOW-1201,70.1,0.9,21.1,26.0,2.43,Seamless Autonomous Alignment
TESLA-SHADOW-1202,46.1,32.6,26.3,29.7,3.49,Seamless Autonomous Alignment
TESLA-SHADOW-1203,57.2,46.5,1.4,23.1,2.58,Seamless Autonomous Alignment
TESLA-SHADOW-1204,31.0,82.9,10.5,26.9,2.7,Seamless Autonomous Alignment
TESLA-SHADOW-1205,54.1,17.5,7.5,25.9,1.95,Seamless Autonomous Alignment
TESLA-SHADOW-1206,49.5,5.1,0.8,31.2,1.65,Seamless Autonomous Alignment
TESLA-SHADOW-1207,60.5,69.6,4.8,23.9,1.5,Seamless Autonomous Alignment
TESLA-SHADOW-1208,47.8,65.2,7.8,24.6,2.44,Seamless Autonomous Alignment
TESLA-SHADOW-1209,37.5,61.3,4.9,24.5,1.14,Seamless Autonomous Alignment
TESLA-SHADOW-1210,40.0,83.0,9.8,24.1,2.62,Seamless Autonomous Alignment
TESLA-SHADOW-1211,64.0,76.4,33.3,24.9,4.27,Seamless Autonomous Alignment
TESLA-SHADOW-1212,50.1,46.1,14.6,22.1,2.78,Seamless Autonomous Alignment
TESLA-SHADOW-1213,32.4,39.0,7.2,24.2,1.22,Seamless Autonomous Alignment
TESLA-SHADOW-1214,34.5,51.4,27.1,22.3,4.06,Seamless Autonomous Alignment
TESLA-SHADOW-1215,63.2,22.7,32.2,27.6,0.26,Seamless Autonomous Alignment
TESLA-SHADOW-1216,57.7,35.6,2.9,23.2,1.2,Seamless Autonomous Alignment
TESLA-SHADOW-1217,34.6,34.4,24.2,22.6,2.44,Seamless Autonomous Alignment
TESLA-SHADOW-1218,74.7,63.1,5.3,27.6,0.76,Seamless Autonomous Alignment
TESLA-SHADOW-1219,63.7,28.2,30.7,25.6,0.88,Seamless Autonomous Alignment
TESLA-SHADOW-1220,72.6,79.6,8.7,23.3,0.49,Seamless Autonomous Alignment
TESLA-SHADOW-1221,33.2,54.2,3.9,28.1,0.47,Seamless Autonomous Alignment
TESLA-SHADOW-1222,36.4,40.5,20.3,25.6,7.27,Shadow Disengagement Triggered
TESLA-SHADOW-1223,58.3,29.9,1.5,23.9,2.65,Seamless Autonomous Alignment
TESLA-SHADOW-1224,64.2,6.1,2.4,28.5,1.37,Seamless Autonomous Alignment
TESLA-SHADOW-1225,25.9,53.9,31.5,22.3,2.33,Seamless Autonomous Alignment
TESLA-SHADOW-1226,46.0,7.7,34.9,26.8,2.7,Seamless Autonomous Alignment
TESLA-SHADOW-1227,70.8,17.9,28.7,26.3,0.03,Seamless Autonomous Alignment
TESLA-SHADOW-1228,54.6,78.1,31.9,23.3,4.75,Shadow Disengagement Triggered
TESLA-SHADOW-1229,49.6,39.5,28.4,23.1,4.47,Seamless Autonomous Alignment
TESLA-SHADOW-1230,67.5,25.8,11.2,25.7,1.43,Seamless Autonomous Alignment
TESLA-SHADOW-1231,71.1,55.1,24.6,27.9,0.79,Seamless Autonomous Alignment
TESLA-SHADOW-1232,47.8,89.4,27.4,38.5,5.64,Shadow Disengagement Triggered
TESLA-SHADOW-1233,34.5,84.0,5.6,23.9,2.18,Seamless Autonomous Alignment
TESLA-SHADOW-1234,58.6,88.3,10.3,24.3,2.7,Seamless Autonomous Alignment
TESLA-SHADOW-1235,41.5,1.5,0.9,25.8,0.27,Seamless Autonomous Alignment
TESLA-SHADOW-1236,39.6,34.0,22.1,30.9,2.06,Seamless Autonomous Alignment
TESLA-SHADOW-1237,41.4,55.0,13.7,23.0,3.38,Seamless Autonomous Alignment
TESLA-SHADOW-1238,60.2,20.3,19.5,22.9,4.01,Seamless Autonomous Alignment
TESLA-SHADOW-1239,43.0,63.9,9.5,23.7,4.26,Seamless Autonomous Alignment
TESLA-SHADOW-1240,35.6,15.0,6.8,30.4,1.88,Seamless Autonomous Alignment
TESLA-SHADOW-1241,45.2,1.8,34.2,24.7,2.66,Seamless Autonomous Alignment
TESLA-SHADOW-1242,46.3,75.6,28.6,25.7,5.61,Shadow Disengagement Triggered
TESLA-SHADOW-1243,55.9,18.4,7.2,22.7,3.12,Seamless Autonomous Alignment
TESLA-SHADOW-1244,61.6,36.2,11.5,30.4,0.16,Seamless Autonomous Alignment
TESLA-SHADOW-1245,28.1,65.5,0.0,22.5,3.33,Seamless Autonomous Alignment
TESLA-SHADOW-1246,56.2,8.8,16.6,25.8,1.2,Seamless Autonomous Alignment
TESLA-SHADOW-1247,51.3,39.8,26.8,22.2,3.5,Seamless Autonomous Alignment
TESLA-SHADOW-1248,52.3,63.0,15.7,35.8,3.92,Seamless Autonomous Alignment
TESLA-SHADOW-1249,68.3,82.2,0.1,33.2,3.41,Shadow Disengagement Triggered
TESLA-SHADOW-1250,48.5,16.5,0.2,25.6,1.2,Seamless Autonomous Alignment
TESLA-SHADOW-1251,53.0,16.2,24.0,25.2,2.7,Seamless Autonomous Alignment
TESLA-SHADOW-1252,51.1,35.2,8.9,22.7,0.03,Seamless Autonomous Alignment
TESLA-SHADOW-1253,28.7,19.7,32.1,28.6,0.56,Seamless Autonomous Alignment
TESLA-SHADOW-1254,44.3,74.7,17.7,27.2,1.72,Seamless Autonomous Alignment
TESLA-SHADOW-1255,28.1,10.1,35.0,28.6,0.13,Seamless Autonomous Alignment
TESLA-SHADOW-1256,60.0,60.5,2.6,22.9,0.62,Seamless Autonomous Alignment
TESLA-SHADOW-1257,60.9,51.2,17.3,23.0,2.43,Seamless Autonomous Alignment
TESLA-SHADOW-1258,28.5,59.8,8.5,22.8,1.92,Seamless Autonomous Alignment
TESLA-SHADOW-1259,70.3,17.5,0.8,26.1,1.5,Seamless Autonomous Alignment
TESLA-SHADOW-1260,60.8,28.9,17.9,22.0,2.13,Seamless Autonomous Alignment
TESLA-SHADOW-1261,67.1,33.4,32.2,23.2,0.29,Seamless Autonomous Alignment
TESLA-SHADOW-1262,29.8,66.3,33.2,22.2,2.24,Seamless Autonomous Alignment
TESLA-SHADOW-1263,53.6,73.5,18.3,29.4,2.9,Seamless Autonomous Alignment
TESLA-SHADOW-1264,54.1,37.5,33.0,26.6,1.2,Seamless Autonomous Alignment
TESLA-SHADOW-1265,59.7,71.1,21.2,24.1,1.34,Seamless Autonomous Alignment
TESLA-SHADOW-1266,67.7,82.8,4.3,27.9,0.63,Seamless Autonomous Alignment
TESLA-SHADOW-1267,51.7,40.1,21.9,23.2,4.95,Shadow Disengagement Triggered
TESLA-SHADOW-1268,66.7,44.7,4.2,22.5,3.58,Seamless Autonomous Alignment
TESLA-SHADOW-1269,53.5,41.8,34.5,24.2,3.65,Seamless Autonomous Alignment
TESLA-SHADOW-1270,52.5,9.8,33.9,22.2,2.27,Seamless Autonomous Alignment
TESLA-SHADOW-1271,28.4,82.9,4.9,25.6,2.58,Seamless Autonomous Alignment
TESLA-SHADOW-1272,73.2,37.4,9.3,23.9,2.01,Seamless Autonomous Alignment
TESLA-SHADOW-1273,34.3,17.6,4.2,23.7,0.16,Seamless Autonomous Alignment
TESLA-SHADOW-1274,26.8,81.1,1.5,28.6,1.88,Seamless Autonomous Alignment
TESLA-SHADOW-1275,29.8,38.2,4.2,25.1,3.84,Seamless Autonomous Alignment
TESLA-SHADOW-1276,70.7,55.6,27.8,24.2,1.34,Seamless Autonomous Alignment
TESLA-SHADOW-1277,68.3,30.2,10.5,27.2,0.99,Seamless Autonomous Alignment
TESLA-SHADOW-1278,58.2,71.9,23.9,23.3,2.33,Seamless Autonomous Alignment
TESLA-SHADOW-1279,26.3,17.0,22.4,22.5,0.49,Seamless Autonomous Alignment
TESLA-SHADOW-1280,62.5,6.8,25.7,38.1,0.4,Seamless Autonomous Alignment
TESLA-SHADOW-1281,72.8,35.3,31.1,22.8,0.22,Seamless Autonomous Alignment
TESLA-SHADOW-1282,48.3,49.3,29.3,22.9,5.73,Shadow Disengagement Triggered
TESLA-SHADOW-1283,37.1,24.1,33.4,30.5,3.1,Seamless Autonomous Alignment
TESLA-SHADOW-1284,67.2,69.5,34.2,28.5,2.63,Seamless Autonomous Alignment
TESLA-SHADOW-1285,73.0,30.4,22.0,23.0,4.92,Shadow Disengagement Triggered
TESLA-SHADOW-1286,25.7,71.8,11.7,26.3,3.3,Seamless Autonomous Alignment
TESLA-SHADOW-1287,42.5,69.6,4.6,22.8,1.14,Seamless Autonomous Alignment
TESLA-SHADOW-1288,51.6,64.3,19.5,22.3,1.99,Seamless Autonomous Alignment
TESLA-SHADOW-1289,40.8,11.9,28.7,30.2,1.11,Seamless Autonomous Alignment
TESLA-SHADOW-1290,69.4,31.4,14.6,25.9,2.56,Seamless Autonomous Alignment
TESLA-SHADOW-1291,53.2,84.3,34.2,24.1,7.47,Shadow Disengagement Triggered
TESLA-SHADOW-1292,65.0,76.7,16.7,26.0,4.56,Shadow Disengagement Triggered
TESLA-SHADOW-1293,65.8,47.6,12.1,26.5,2.35,Seamless Autonomous Alignment
TESLA-SHADOW-1294,61.8,37.3,32.1,26.4,3.15,Seamless Autonomous Alignment
TESLA-SHADOW-1295,28.4,5.4,15.3,28.5,3.2,Seamless Autonomous Alignment
TESLA-SHADOW-1296,46.3,29.4,27.5,26.6,2.38,Seamless Autonomous Alignment
TESLA-SHADOW-1297,49.3,65.2,6.0,23.0,1.61,Seamless Autonomous Alignment
TESLA-SHADOW-1298,71.6,74.8,34.0,23.0,0.77,Seamless Autonomous Alignment
TESLA-SHADOW-1299,46.4,33.5,22.4,22.4,0.77,Seamless Autonomous Alignment
TESLA-SHADOW-1300,25.5,16.1,16.4,26.1,2.2,Seamless Autonomous Alignment
TESLA-SHADOW-1301,50.5,73.0,4.9,28.5,0.38,Seamless Autonomous Alignment
TESLA-SHADOW-1302,54.2,22.3,18.2,24.4,1.04,Seamless Autonomous Alignment
TESLA-SHADOW-1303,49.1,2.3,20.2,22.2,0.61,Seamless Autonomous Alignment
TESLA-SHADOW-1304,39.7,60.4,5.4,26.4,1.9,Seamless Autonomous Alignment
TESLA-SHADOW-1305,68.2,65.3,28.9,22.1,4.26,Seamless Autonomous Alignment
TESLA-SHADOW-1306,30.3,42.7,30.4,27.4,3.3,Seamless Autonomous Alignment
TESLA-SHADOW-1307,36.9,75.2,1.1,22.3,2.79,Seamless Autonomous Alignment
TESLA-SHADOW-1308,59.7,62.0,4.2,25.8,2.87,Seamless Autonomous Alignment
TESLA-SHADOW-1309,74.5,14.2,34.4,24.8,0.39,Seamless Autonomous Alignment
TESLA-SHADOW-1310,29.4,58.5,14.6,23.9,0.68,Seamless Autonomous Alignment
TESLA-SHADOW-1311,40.2,4.0,25.6,26.4,0.55,Seamless Autonomous Alignment
TESLA-SHADOW-1312,43.8,2.9,27.2,22.7,1.28,Seamless Autonomous Alignment
TESLA-SHADOW-1313,73.8,47.9,21.9,28.0,5.94,Shadow Disengagement Triggered
TESLA-SHADOW-1314,66.1,49.1,18.4,30.6,2.61,Seamless Autonomous Alignment
TESLA-SHADOW-1315,31.6,84.8,25.4,23.2,2.43,Seamless Autonomous Alignment
TESLA-SHADOW-1316,42.3,13.2,0.5,22.7,0.41,Seamless Autonomous Alignment
TESLA-SHADOW-1317,44.9,40.3,29.0,22.1,4.92,Shadow Disengagement Triggered
TESLA-SHADOW-1318,63.6,88.2,20.9,23.7,4.44,Seamless Autonomous Alignment
TESLA-SHADOW-1319,26.5,81.5,9.2,25.0,2.25,Seamless Autonomous Alignment
TESLA-SHADOW-1320,43.9,5.8,12.0,23.5,5.09,Shadow Disengagement Triggered
TESLA-SHADOW-1321,27.5,5.0,30.4,24.2,0.08,Seamless Autonomous Alignment
TESLA-SHADOW-1322,42.3,86.8,2.6,27.7,2.52,Seamless Autonomous Alignment
TESLA-SHADOW-1323,73.9,45.5,4.4,35.3,2.28,Seamless Autonomous Alignment
TESLA-SHADOW-1324,58.9,22.9,2.3,27.4,2.94,Seamless Autonomous Alignment
TESLA-SHADOW-1325,54.9,68.0,0.8,33.6,0.36,Seamless Autonomous Alignment
TESLA-SHADOW-1326,44.0,67.3,29.6,23.0,0.77,Seamless Autonomous Alignment
TESLA-SHADOW-1327,61.2,31.0,12.5,23.9,4.08,Seamless Autonomous Alignment
TESLA-SHADOW-1328,72.3,69.9,34.8,22.2,2.68,Seamless Autonomous Alignment
TESLA-SHADOW-1329,48.0,87.5,34.2,23.0,1.11,Seamless Autonomous Alignment
TESLA-SHADOW-1330,38.4,41.6,2.3,22.7,1.27,Seamless Autonomous Alignment
TESLA-SHADOW-1331,44.8,12.7,9.0,27.6,1.28,Seamless Autonomous Alignment
TESLA-SHADOW-1332,73.2,75.2,13.0,25.3,3.23,Seamless Autonomous Alignment
TESLA-SHADOW-1333,38.9,22.2,22.5,32.1,0.37,Seamless Autonomous Alignment
TESLA-SHADOW-1334,25.2,14.5,24.0,23.1,0.2,Seamless Autonomous Alignment
TESLA-SHADOW-1335,71.6,2.8,20.7,27.2,0.27,Seamless Autonomous Alignment
TESLA-SHADOW-1336,35.1,82.0,30.4,32.0,1.03,Shadow Disengagement Triggered
TESLA-SHADOW-1337,31.6,61.9,25.2,26.1,1.13,Seamless Autonomous Alignment
TESLA-SHADOW-1338,49.2,56.9,8.5,27.1,3.69,Seamless Autonomous Alignment
TESLA-SHADOW-1339,28.1,65.8,28.4,24.2,3.05,Seamless Autonomous Alignment
TESLA-SHADOW-1340,53.8,51.3,24.9,25.1,1.13,Seamless Autonomous Alignment
TESLA-SHADOW-1341,72.7,48.7,24.8,28.8,1.54,Seamless Autonomous Alignment
TESLA-SHADOW-1342,70.6,80.3,33.6,23.1,5.66,Shadow Disengagement Triggered
TESLA-SHADOW-1343,52.1,89.4,30.2,27.1,4.21,Seamless Autonomous Alignment
TESLA-SHADOW-1344,45.9,17.9,4.4,22.0,2.71,Seamless Autonomous Alignment
TESLA-SHADOW-1345,35.0,72.6,27.3,23.7,0.63,Seamless Autonomous Alignment
TESLA-SHADOW-1346,31.3,73.3,24.5,27.4,0.55,Seamless Autonomous Alignment
TESLA-SHADOW-1347,57.3,17.8,15.2,34.2,2.55,Seamless Autonomous Alignment
TESLA-SHADOW-1348,67.6,70.9,20.5,24.0,0.02,Seamless Autonomous Alignment
TESLA-SHADOW-1349,42.5,4.3,17.8,32.1,4.6,Shadow Disengagement Triggered
TESLA-SHADOW-1350,51.5,13.6,11.4,25.8,3.1,Seamless Autonomous Alignment
TESLA-SHADOW-1351,32.4,87.7,21.7,29.6,2.72,Seamless Autonomous Alignment
TESLA-SHADOW-1352,71.3,11.8,11.4,22.8,2.17,Seamless Autonomous Alignment
TESLA-SHADOW-1353,45.2,21.2,2.5,39.2,3.91,Seamless Autonomous Alignment
TESLA-SHADOW-1354,25.1,29.4,12.4,34.7,0.56,Seamless Autonomous Alignment
TESLA-SHADOW-1355,58.5,65.4,26.1,22.4,3.15,Seamless Autonomous Alignment
TESLA-SHADOW-1356,27.5,49.6,17.5,22.2,1.43,Seamless Autonomous Alignment
TESLA-SHADOW-1357,47.9,46.4,14.2,23.0,0.78,Seamless Autonomous Alignment
TESLA-SHADOW-1358,62.1,87.3,18.3,27.3,2.12,Seamless Autonomous Alignment
TESLA-SHADOW-1359,56.3,32.1,16.7,32.1,2.96,Seamless Autonomous Alignment
TESLA-SHADOW-1360,59.9,22.1,29.8,30.7,3.78,Seamless Autonomous Alignment
TESLA-SHADOW-1361,43.2,81.9,29.9,29.2,4.49,Seamless Autonomous Alignment
TESLA-SHADOW-1362,73.2,27.4,34.6,26.0,0.44,Seamless Autonomous Alignment
TESLA-SHADOW-1363,43.3,83.9,17.4,23.5,2.34,Seamless Autonomous Alignment
TESLA-SHADOW-1364,66.6,63.4,27.8,22.5,0.71,Seamless Autonomous Alignment
TESLA-SHADOW-1365,28.5,70.8,5.6,22.5,1.44,Seamless Autonomous Alignment
TESLA-SHADOW-1366,59.2,74.3,21.1,27.8,0.77,Seamless Autonomous Alignment
TESLA-SHADOW-1367,48.9,86.0,28.0,27.3,4.1,Seamless Autonomous Alignment
TESLA-SHADOW-1368,73.7,23.8,6.9,22.3,1.54,Seamless Autonomous Alignment
TESLA-SHADOW-1369,51.7,81.5,26.2,25.0,3.98,Seamless Autonomous Alignment
TESLA-SHADOW-1370,35.0,22.7,21.1,25.9,2.17,Seamless Autonomous Alignment
TESLA-SHADOW-1371,54.9,8.4,10.4,26.6,0.22,Seamless Autonomous Alignment
TESLA-SHADOW-1372,60.7,24.1,12.9,27.7,2.21,Seamless Autonomous Alignment
TESLA-SHADOW-1373,66.4,6.4,8.1,23.0,2.56,Seamless Autonomous Alignment
TESLA-SHADOW-1374,71.9,18.4,5.8,26.1,0.21,Seamless Autonomous Alignment
TESLA-SHADOW-1375,43.5,75.9,26.9,23.5,2.32,Seamless Autonomous Alignment
TESLA-SHADOW-1376,74.5,42.5,6.1,33.2,0.1,Seamless Autonomous Alignment
TESLA-SHADOW-1377,27.8,20.0,14.4,22.1,1.43,Seamless Autonomous Alignment
TESLA-SHADOW-1378,50.0,86.9,23.4,22.9,2.66,Seamless Autonomous Alignment
TESLA-SHADOW-1379,70.0,63.4,29.6,34.1,2.18,Seamless Autonomous Alignment
TESLA-SHADOW-1380,41.3,36.9,26.6,32.5,0.83,Seamless Autonomous Alignment
TESLA-SHADOW-1381,33.9,63.6,34.7,35.9,4.6,Shadow Disengagement Triggered
TESLA-SHADOW-1382,34.0,34.6,3.7,25.9,4.3,Seamless Autonomous Alignment
TESLA-SHADOW-1383,38.9,72.9,9.0,29.5,1.37,Seamless Autonomous Alignment
TESLA-SHADOW-1384,25.0,17.7,31.5,24.3,2.69,Seamless Autonomous Alignment
TESLA-SHADOW-1385,43.9,29.8,12.4,30.8,5.79,Shadow Disengagement Triggered
TESLA-SHADOW-1386,66.1,6.8,4.0,22.0,1.6,Seamless Autonomous Alignment
TESLA-SHADOW-1387,32.0,85.0,21.0,25.1,3.21,Seamless Autonomous Alignment
TESLA-SHADOW-1388,31.6,49.0,33.6,30.3,2.91,Seamless Autonomous Alignment
TESLA-SHADOW-1389,68.0,10.9,15.3,22.1,2.45,Seamless Autonomous Alignment
TESLA-SHADOW-1390,55.0,28.7,15.5,22.2,1.34,Seamless Autonomous Alignment
TESLA-SHADOW-1391,29.4,21.2,20.5,24.7,1.93,Seamless Autonomous Alignment
TESLA-SHADOW-1392,61.2,22.4,2.7,24.4,0.78,Seamless Autonomous Alignment
TESLA-SHADOW-1393,63.7,83.3,5.1,35.3,0.17,Shadow Disengagement Triggered
TESLA-SHADOW-1394,33.9,28.8,4.5,25.6,0.78,Seamless Autonomous Alignment
TESLA-SHADOW-1395,64.2,65.2,28.1,25.8,2.53,Seamless Autonomous Alignment
TESLA-SHADOW-1396,27.8,77.4,15.3,23.9,5.45,Shadow Disengagement Triggered
TESLA-SHADOW-1397,35.7,52.3,34.7,27.2,3.38,Seamless Autonomous Alignment
TESLA-SHADOW-1398,33.2,18.0,1.1,24.9,1.38,Seamless Autonomous Alignment
TESLA-SHADOW-1399,58.8,21.1,2.4,24.4,2.17,Seamless Autonomous Alignment
TESLA-SHADOW-1400,68.5,84.4,19.3,23.8,2.7,Seamless Autonomous Alignment
TESLA-SHADOW-1401,34.4,26.4,10.6,24.7,0.63,Seamless Autonomous Alignment
TESLA-SHADOW-1402,52.6,55.5,15.8,22.0,0.38,Seamless Autonomous Alignment
TESLA-SHADOW-1403,47.2,86.7,34.0,28.1,5.06,Shadow Disengagement Triggered
TESLA-SHADOW-1404,46.2,71.3,6.4,26.1,2.9,Seamless Autonomous Alignment
TESLA-SHADOW-1405,42.3,30.9,16.7,27.1,2.28,Seamless Autonomous Alignment
TESLA-SHADOW-1406,34.6,16.4,2.6,24.5,2.09,Seamless Autonomous Alignment
TESLA-SHADOW-1407,53.2,8.9,11.2,22.2,1.16,Seamless Autonomous Alignment
TESLA-SHADOW-1408,47.9,52.1,22.3,31.2,0.28,Seamless Autonomous Alignment
TESLA-SHADOW-1409,28.8,6.7,9.2,30.5,1.02,Seamless Autonomous Alignment
TESLA-SHADOW-1410,26.0,87.2,20.8,22.6,4.68,Shadow Disengagement Triggered
TESLA-SHADOW-1411,74.8,17.1,15.2,26.4,2.28,Seamless Autonomous Alignment
TESLA-SHADOW-1412,25.6,9.8,17.2,24.3,1.71,Seamless Autonomous Alignment
TESLA-SHADOW-1413,49.6,39.7,25.2,23.6,1.72,Seamless Autonomous Alignment
TESLA-SHADOW-1414,67.8,82.8,31.2,23.4,2.49,Seamless Autonomous Alignment
TESLA-SHADOW-1415,34.4,44.4,17.0,26.1,3.59,Seamless Autonomous Alignment
TESLA-SHADOW-1416,64.0,87.0,24.3,24.9,1.46,Seamless Autonomous Alignment
TESLA-SHADOW-1417,64.4,57.7,28.6,24.2,0.98,Seamless Autonomous Alignment
TESLA-SHADOW-1418,63.2,64.6,5.5,27.8,4.37,Seamless Autonomous Alignment
TESLA-SHADOW-1419,53.2,54.0,20.1,23.6,0.6,Seamless Autonomous Alignment
TESLA-SHADOW-1420,64.7,55.5,7.6,27.0,0.2,Seamless Autonomous Alignment
TESLA-SHADOW-1421,34.0,67.0,9.2,25.8,2.81,Seamless Autonomous Alignment
TESLA-SHADOW-1422,29.7,6.8,9.4,23.9,2.64,Seamless Autonomous Alignment
TESLA-SHADOW-1423,27.1,58.4,20.6,38.4,0.76,Seamless Autonomous Alignment
TESLA-SHADOW-1424,68.4,16.3,24.5,28.8,0.03,Seamless Autonomous Alignment
TESLA-SHADOW-1425,69.3,25.9,25.6,31.5,1.92,Seamless Autonomous Alignment
TESLA-SHADOW-1426,50.4,40.2,16.0,24.6,0.04,Seamless Autonomous Alignment
TESLA-SHADOW-1427,51.6,3.9,14.3,30.9,2.34,Seamless Autonomous Alignment
TESLA-SHADOW-1428,40.1,33.1,18.4,24.6,0.44,Seamless Autonomous Alignment
TESLA-SHADOW-1429,27.1,76.2,17.3,22.4,1.36,Seamless Autonomous Alignment
TESLA-SHADOW-1430,32.5,65.1,25.1,24.2,0.34,Seamless Autonomous Alignment
TESLA-SHADOW-1431,57.4,57.2,22.1,23.0,3.41,Seamless Autonomous Alignment
TESLA-SHADOW-1432,39.3,18.5,34.6,22.0,2.12,Seamless Autonomous Alignment
TESLA-SHADOW-1433,68.8,1.6,14.9,28.0,1.63,Seamless Autonomous Alignment
TESLA-SHADOW-1434,59.6,67.3,1.8,22.9,3.55,Seamless Autonomous Alignment
TESLA-SHADOW-1435,52.5,34.6,16.6,28.0,1.02,Seamless Autonomous Alignment
TESLA-SHADOW-1436,53.6,84.8,27.5,26.5,2.49,Seamless Autonomous Alignment
TESLA-SHADOW-1437,59.5,50.7,10.6,25.7,3.07,Seamless Autonomous Alignment
TESLA-SHADOW-1438,67.7,79.8,6.1,22.4,0.21,Seamless Autonomous Alignment
TESLA-SHADOW-1439,61.6,70.4,16.9,30.1,0.91,Shadow Disengagement Triggered
TESLA-SHADOW-1440,27.8,29.7,31.1,24.9,1.14,Seamless Autonomous Alignment
TESLA-SHADOW-1441,37.5,1.4,8.1,22.6,0.43,Seamless Autonomous Alignment
TESLA-SHADOW-1442,71.3,32.4,3.1,27.2,0.33,Seamless Autonomous Alignment
TESLA-SHADOW-1443,34.3,38.0,6.8,27.7,1.65,Seamless Autonomous Alignment
TESLA-SHADOW-1444,52.9,73.3,18.8,36.3,1.03,Shadow Disengagement Triggered
TESLA-SHADOW-1445,58.0,66.6,33.2,23.6,7.02,Shadow Disengagement Triggered
TESLA-SHADOW-1446,65.3,74.8,33.7,32.6,7.89,Shadow Disengagement Triggered
TESLA-SHADOW-1447,73.7,1.0,28.7,29.5,2.83,Seamless Autonomous Alignment
TESLA-SHADOW-1448,59.4,76.8,3.5,25.9,2.68,Seamless Autonomous Alignment
TESLA-SHADOW-1449,73.9,17.7,11.7,27.5,3.94,Seamless Autonomous Alignment
TESLA-SHADOW-1450,50.2,84.4,12.8,22.2,4.05,Seamless Autonomous Alignment
TESLA-SHADOW-1451,56.2,33.6,32.0,29.5,0.4,Seamless Autonomous Alignment
TESLA-SHADOW-1452,67.6,30.6,28.4,22.5,3.71,Seamless Autonomous Alignment
TESLA-SHADOW-1453,31.4,16.6,31.4,28.5,2.27,Seamless Autonomous Alignment
TESLA-SHADOW-1454,40.8,33.8,33.4,27.0,2.42,Seamless Autonomous Alignment
TESLA-SHADOW-1455,27.7,17.0,18.3,22.1,1.87,Seamless Autonomous Alignment
TESLA-SHADOW-1456,43.5,74.4,12.9,29.1,4.44,Seamless Autonomous Alignment
TESLA-SHADOW-1457,32.5,6.6,26.2,23.4,0.03,Seamless Autonomous Alignment
TESLA-SHADOW-1458,46.6,73.3,26.4,26.1,5.16,Shadow Disengagement Triggered
TESLA-SHADOW-1459,38.3,56.3,23.6,26.3,2.33,Seamless Autonomous Alignment
TESLA-SHADOW-1460,56.5,51.7,24.2,24.5,1.32,Seamless Autonomous Alignment
TESLA-SHADOW-1461,27.8,78.6,21.3,23.4,1.59,Seamless Autonomous Alignment
TESLA-SHADOW-1462,49.6,68.5,16.1,32.6,0.27,Seamless Autonomous Alignment
TESLA-SHADOW-1463,69.6,0.1,19.5,30.6,5.89,Shadow Disengagement Triggered
TESLA-SHADOW-1464,51.1,66.7,25.2,27.5,1.25,Seamless Autonomous Alignment
TESLA-SHADOW-1465,36.5,67.8,22.1,22.9,2.09,Seamless Autonomous Alignment
TESLA-SHADOW-1466,38.8,81.6,11.4,35.3,0.9,Shadow Disengagement Triggered
TESLA-SHADOW-1467,41.0,33.2,8.5,23.8,2.09,Seamless Autonomous Alignment
TESLA-SHADOW-1468,62.2,88.7,6.3,23.5,0.1,Seamless Autonomous Alignment
TESLA-SHADOW-1469,61.1,79.2,2.4,23.3,0.1,Seamless Autonomous Alignment
TESLA-SHADOW-1470,57.1,82.5,31.3,23.2,5.48,Shadow Disengagement Triggered
TESLA-SHADOW-1471,29.6,40.6,2.2,30.0,0.96,Seamless Autonomous Alignment
TESLA-SHADOW-1472,27.8,43.0,28.6,24.0,4.49,Seamless Autonomous Alignment
TESLA-SHADOW-1473,51.1,27.1,1.9,39.2,0.22,Seamless Autonomous Alignment
TESLA-SHADOW-1474,39.7,36.6,10.2,22.9,0.54,Seamless Autonomous Alignment
TESLA-SHADOW-1475,35.4,38.3,21.2,29.2,5.89,Shadow Disengagement Triggered
TESLA-SHADOW-1476,51.3,33.8,14.1,23.3,3.08,Seamless Autonomous Alignment
TESLA-SHADOW-1477,63.4,43.5,11.4,24.7,0.53,Seamless Autonomous Alignment
TESLA-SHADOW-1478,41.2,3.7,3.9,28.8,0.63,Seamless Autonomous Alignment
TESLA-SHADOW-1479,66.2,6.2,5.0,22.2,0.44,Seamless Autonomous Alignment
TESLA-SHADOW-1480,29.5,55.8,5.1,30.3,1.34,Seamless Autonomous Alignment
TESLA-SHADOW-1481,30.2,45.3,33.1,33.0,0.69,Seamless Autonomous Alignment
TESLA-SHADOW-1482,40.7,13.4,5.1,23.5,0.52,Seamless Autonomous Alignment
TESLA-SHADOW-1483,57.1,35.1,29.6,22.5,1.76,Seamless Autonomous Alignment
TESLA-SHADOW-1484,47.9,36.3,31.5,23.8,0.77,Seamless Autonomous Alignment
TESLA-SHADOW-1485,64.8,88.2,11.9,22.9,1.62,Seamless Autonomous Alignment
TESLA-SHADOW-1486,43.5,44.4,4.2,22.3,1.64,Seamless Autonomous Alignment
TESLA-SHADOW-1487,32.0,81.5,10.2,26.1,1.48,Seamless Autonomous Alignment
TESLA-SHADOW-1488,29.8,30.4,32.8,24.4,3.81,Seamless Autonomous Alignment
TESLA-SHADOW-1489,53.1,19.9,30.4,22.9,0.12,Seamless Autonomous Alignment
TESLA-SHADOW-1490,48.5,2.7,4.0,39.6,0.98,Seamless Autonomous Alignment
TESLA-SHADOW-1491,32.0,29.8,31.2,25.1,3.88,Seamless Autonomous Alignment
TESLA-SHADOW-1492,71.5,36.1,27.2,25.4,2.58,Seamless Autonomous Alignment
TESLA-SHADOW-1493,63.9,51.1,21.4,23.1,0.27,Seamless Autonomous Alignment
TESLA-SHADOW-1494,43.7,63.5,29.2,26.9,5.34,Shadow Disengagement Triggered
TESLA-SHADOW-1495,25.7,38.8,8.4,24.4,1.89,Seamless Autonomous Alignment
TESLA-SHADOW-1496,33.4,52.6,5.0,32.0,3.25,Seamless Autonomous Alignment
TESLA-SHADOW-1497,41.0,77.4,34.4,23.7,3.69,Seamless Autonomous Alignment
TESLA-SHADOW-1498,50.2,55.1,27.3,27.8,2.84,Seamless Autonomous Alignment
TESLA-SHADOW-1499,35.6,58.6,22.4,27.3,5.14,Shadow Disengagement Triggered
TESLA-SHADOW-1500,42.2,82.4,7.0,29.1,8.38,Shadow Disengagement Triggered
TESLA-SHADOW-1501,56.2,22.6,2.5,23.7,3.12,Seamless Autonomous Alignment
TESLA-SHADOW-1502,39.3,54.1,7.3,23.0,0.83,Seamless Autonomous Alignment
TESLA-SHADOW-1503,40.5,81.5,2.1,25.7,0.16,Seamless Autonomous Alignment
TESLA-SHADOW-1504,39.4,39.5,15.6,28.4,2.6,Seamless Autonomous Alignment
TESLA-SHADOW-1505,27.7,10.2,11.2,29.1,1.39,Seamless Autonomous Alignment
TESLA-SHADOW-1506,58.5,70.3,26.1,24.4,0.49,Seamless Autonomous Alignment
TESLA-SHADOW-1507,41.7,84.0,31.7,22.5,0.21,Seamless Autonomous Alignment
TESLA-SHADOW-1508,28.3,68.9,18.8,22.1,2.42,Seamless Autonomous Alignment
TESLA-SHADOW-1509,68.0,89.4,4.5,24.1,0.01,Seamless Autonomous Alignment
TESLA-SHADOW-1510,31.8,81.7,19.5,26.8,3.5,Seamless Autonomous Alignment
TESLA-SHADOW-1511,56.5,51.8,8.0,22.2,2.44,Seamless Autonomous Alignment
TESLA-SHADOW-1512,27.8,71.5,21.4,22.5,5.23,Shadow Disengagement Triggered
TESLA-SHADOW-1513,47.0,9.6,24.8,33.1,1.5,Seamless Autonomous Alignment
TESLA-SHADOW-1514,26.8,20.7,30.4,24.3,2.99,Seamless Autonomous Alignment
TESLA-SHADOW-1515,36.4,31.7,8.1,30.1,0.15,Seamless Autonomous Alignment
TESLA-SHADOW-1516,57.1,73.3,17.9,22.1,3.58,Seamless Autonomous Alignment
TESLA-SHADOW-1517,25.9,24.2,33.5,26.3,1.01,Seamless Autonomous Alignment
TESLA-SHADOW-1518,39.2,6.8,22.3,31.3,1.41,Seamless Autonomous Alignment
TESLA-SHADOW-1519,66.0,17.9,28.0,23.2,1.97,Seamless Autonomous Alignment
TESLA-SHADOW-1520,65.8,63.5,28.3,26.9,2.02,Seamless Autonomous Alignment
TESLA-SHADOW-1521,71.2,70.0,11.1,25.7,3.02,Seamless Autonomous Alignment
TESLA-SHADOW-1522,27.7,26.8,16.2,24.6,1.38,Seamless Autonomous Alignment
TESLA-SHADOW-1523,39.2,2.8,21.2,22.3,2.31,Seamless Autonomous Alignment
TESLA-SHADOW-1524,69.9,50.2,15.9,23.3,1.85,Seamless Autonomous Alignment
TESLA-SHADOW-1525,62.4,86.0,26.4,24.9,3.81,Seamless Autonomous Alignment
TESLA-SHADOW-1526,55.9,46.1,13.4,22.8,2.41,Seamless Autonomous Alignment
TESLA-SHADOW-1527,28.6,22.4,24.5,26.2,4.24,Seamless Autonomous Alignment
TESLA-SHADOW-1528,39.9,9.1,1.3,22.8,0.12,Seamless Autonomous Alignment
TESLA-SHADOW-1529,61.3,74.6,17.3,28.8,7.28,Shadow Disengagement Triggered
TESLA-SHADOW-1530,25.9,52.4,27.6,26.7,3.55,Seamless Autonomous Alignment
TESLA-SHADOW-1531,29.7,89.6,13.6,24.8,3.84,Seamless Autonomous Alignment
TESLA-SHADOW-1532,64.6,41.2,18.6,25.1,6.85,Shadow Disengagement Triggered
TESLA-SHADOW-1533,73.2,59.3,15.9,28.6,3.92,Seamless Autonomous Alignment
TESLA-SHADOW-1534,39.7,29.5,28.7,25.2,3.06,Seamless Autonomous Alignment
TESLA-SHADOW-1535,74.4,26.2,20.4,27.0,2.35,Seamless Autonomous Alignment
TESLA-SHADOW-1536,63.6,19.8,9.2,24.4,3.09,Seamless Autonomous Alignment
TESLA-SHADOW-1537,58.2,68.2,7.6,23.1,0.62,Seamless Autonomous Alignment
TESLA-SHADOW-1538,64.6,11.2,31.4,22.4,4.36,Seamless Autonomous Alignment
TESLA-SHADOW-1539,46.7,81.0,13.1,26.6,2.57,Seamless Autonomous Alignment
TESLA-SHADOW-1540,51.6,28.2,1.2,23.5,1.99,Seamless Autonomous Alignment
TESLA-SHADOW-1541,47.1,73.7,33.4,29.3,0.76,Seamless Autonomous Alignment
TESLA-SHADOW-1542,44.0,85.4,32.1,23.3,2.67,Seamless Autonomous Alignment
TESLA-SHADOW-1543,40.3,23.2,21.7,26.0,1.45,Seamless Autonomous Alignment
TESLA-SHADOW-1544,66.3,58.1,20.4,31.6,3.11,Seamless Autonomous Alignment
TESLA-SHADOW-1545,46.4,47.4,22.5,22.6,1.64,Seamless Autonomous Alignment
TESLA-SHADOW-1546,60.7,51.2,22.3,22.0,3.3,Seamless Autonomous Alignment
TESLA-SHADOW-1547,56.2,52.8,30.2,31.7,3.65,Seamless Autonomous Alignment
TESLA-SHADOW-1548,36.2,7.1,5.7,23.8,3.96,Seamless Autonomous Alignment
TESLA-SHADOW-1549,71.0,59.8,1.3,23.5,0.28,Seamless Autonomous Alignment
TESLA-SHADOW-1550,38.6,23.3,13.0,27.2,1.93,Seamless Autonomous Alignment
TESLA-SHADOW-1551,51.1,30.2,28.2,28.0,2.8,Seamless Autonomous Alignment
TESLA-SHADOW-1552,49.5,14.6,26.2,22.8,4.66,Shadow Disengagement Triggered
TESLA-SHADOW-1553,74.7,38.9,4.3,35.5,0.18,Seamless Autonomous Alignment
TESLA-SHADOW-1554,69.0,84.1,6.6,23.9,0.49,Seamless Autonomous Alignment
TESLA-SHADOW-1555,40.0,73.6,11.4,27.5,2.65,Seamless Autonomous Alignment
TESLA-SHADOW-1556,48.9,10.9,34.6,22.4,2.08,Seamless Autonomous Alignment
TESLA-SHADOW-1557,44.8,50.8,25.1,23.6,2.59,Seamless Autonomous Alignment
TESLA-SHADOW-1558,41.5,37.4,26.9,24.8,0.32,Seamless Autonomous Alignment
TESLA-SHADOW-1559,51.9,69.5,33.0,33.8,3.82,Seamless Autonomous Alignment
TESLA-SHADOW-1560,72.2,34.0,0.3,22.8,0.16,Seamless Autonomous Alignment
TESLA-SHADOW-1561,49.9,51.1,5.4,29.9,2.18,Seamless Autonomous Alignment
TESLA-SHADOW-1562,35.1,43.5,4.3,28.5,1.57,Seamless Autonomous Alignment
TESLA-SHADOW-1563,35.4,57.0,7.9,22.8,1.32,Seamless Autonomous Alignment
TESLA-SHADOW-1564,46.9,29.9,2.4,32.6,2.21,Seamless Autonomous Alignment
TESLA-SHADOW-1565,47.9,22.6,5.4,25.4,0.92,Seamless Autonomous Alignment
TESLA-SHADOW-1566,61.2,77.9,21.1,24.3,4.17,Seamless Autonomous Alignment
TESLA-SHADOW-1567,48.6,67.3,4.2,26.5,2.26,Seamless Autonomous Alignment
TESLA-SHADOW-1568,48.5,79.9,6.9,23.8,2.44,Seamless Autonomous Alignment
TESLA-SHADOW-1569,35.5,78.7,33.2,25.7,0.34,Seamless Autonomous Alignment
TESLA-SHADOW-1570,52.3,19.9,31.7,23.8,2.54,Seamless Autonomous Alignment
TESLA-SHADOW-1571,40.7,41.2,12.8,24.0,1.81,Seamless Autonomous Alignment
TESLA-SHADOW-1572,27.8,4.5,6.6,28.2,0.97,Seamless Autonomous Alignment
TESLA-SHADOW-1573,62.6,0.3,18.9,22.9,0.48,Seamless Autonomous Alignment
TESLA-SHADOW-1574,66.7,27.8,18.9,23.3,2.61,Seamless Autonomous Alignment
TESLA-SHADOW-1575,29.4,44.8,34.2,24.8,3.24,Seamless Autonomous Alignment
TESLA-SHADOW-1576,44.8,58.4,30.5,25.0,1.09,Seamless Autonomous Alignment
TESLA-SHADOW-1577,51.7,36.4,34.8,23.4,1.52,Seamless Autonomous Alignment
TESLA-SHADOW-1578,50.2,82.7,1.1,22.4,3.1,Seamless Autonomous Alignment
TESLA-SHADOW-1579,35.7,83.5,2.5,24.9,2.06,Seamless Autonomous Alignment
TESLA-SHADOW-1580,47.7,72.2,27.4,22.2,3.05,Seamless Autonomous Alignment
TESLA-SHADOW-1581,56.1,68.3,19.5,26.8,0.4,Seamless Autonomous Alignment
TESLA-SHADOW-1582,43.1,24.5,25.7,22.1,0.9,Seamless Autonomous Alignment
TESLA-SHADOW-1583,29.5,86.7,25.6,30.2,3.14,Shadow Disengagement Triggered
TESLA-SHADOW-1584,38.5,52.0,18.4,22.6,1.53,Seamless Autonomous Alignment
TESLA-SHADOW-1585,69.0,42.1,24.5,23.0,2.96,Seamless Autonomous Alignment
TESLA-SHADOW-1586,43.5,84.2,12.6,27.3,4.07,Seamless Autonomous Alignment
TESLA-SHADOW-1587,40.3,84.7,30.4,22.4,3.77,Seamless Autonomous Alignment
TESLA-SHADOW-1588,28.2,50.5,12.3,22.9,2.21,Seamless Autonomous Alignment
TESLA-SHADOW-1589,72.5,12.3,3.0,35.9,1.52,Seamless Autonomous Alignment
TESLA-SHADOW-1590,42.8,0.7,25.4,31.8,2.6,Seamless Autonomous Alignment
TESLA-SHADOW-1591,47.2,42.6,7.4,32.6,0.03,Seamless Autonomous Alignment
TESLA-SHADOW-1592,37.8,88.7,14.5,23.5,1.82,Seamless Autonomous Alignment
TESLA-SHADOW-1593,25.3,41.4,31.5,22.3,2.97,Seamless Autonomous Alignment
TESLA-SHADOW-1594,45.1,45.4,1.0,26.2,2.08,Seamless Autonomous Alignment
TESLA-SHADOW-1595,55.1,45.7,19.5,27.8,2.95,Seamless Autonomous Alignment
TESLA-SHADOW-1596,68.3,38.9,1.1,25.4,3.37,Seamless Autonomous Alignment
TESLA-SHADOW-1597,39.9,36.4,3.7,29.2,0.6,Seamless Autonomous Alignment
TESLA-SHADOW-1598,61.6,32.8,19.5,26.1,0.51,Seamless Autonomous Alignment
TESLA-SHADOW-1599,73.5,38.6,9.9,23.2,1.0,Seamless Autonomous Alignment
TESLA-SHADOW-1600,54.4,18.7,33.7,22.8,1.2,Seamless Autonomous Alignment
TESLA-SHADOW-1601,35.5,46.7,2.8,22.2,0.76,Seamless Autonomous Alignment
TESLA-SHADOW-1602,27.0,58.5,8.4,25.4,1.19,Seamless Autonomous Alignment
TESLA-SHADOW-1603,62.1,76.8,34.9,22.6,3.17,Seamless Autonomous Alignment
TESLA-SHADOW-1604,52.5,73.1,1.2,23.9,4.15,Seamless Autonomous Alignment
TESLA-SHADOW-1605,52.6,69.5,32.8,22.5,1.1,Seamless Autonomous Alignment
TESLA-SHADOW-1606,51.3,65.7,29.6,22.3,3.01,Seamless Autonomous Alignment
TESLA-SHADOW-1607,70.0,6.4,12.8,25.9,2.97,Seamless Autonomous Alignment
TESLA-SHADOW-1608,63.1,18.6,8.4,30.9,1.95,Seamless Autonomous Alignment
TESLA-SHADOW-1609,39.2,58.4,24.8,22.8,4.49,Seamless Autonomous Alignment
TESLA-SHADOW-1610,62.9,53.9,15.6,24.6,0.14,Seamless Autonomous Alignment
TESLA-SHADOW-1611,29.2,19.9,3.6,22.7,1.27,Seamless Autonomous Alignment
TESLA-SHADOW-1612,53.9,75.7,18.9,24.4,1.96,Seamless Autonomous Alignment
TESLA-SHADOW-1613,37.2,68.2,26.5,30.7,4.42,Seamless Autonomous Alignment
TESLA-SHADOW-1614,70.2,37.6,8.9,24.0,0.3,Seamless Autonomous Alignment
TESLA-SHADOW-1615,27.1,57.7,28.7,26.3,2.73,Seamless Autonomous Alignment
TESLA-SHADOW-1616,29.0,47.3,0.8,24.6,1.28,Seamless Autonomous Alignment
TESLA-SHADOW-1617,36.8,65.6,21.5,31.2,0.4,Seamless Autonomous Alignment
TESLA-SHADOW-1618,46.4,0.4,6.1,30.3,1.62,Seamless Autonomous Alignment
TESLA-SHADOW-1619,25.4,67.6,34.4,22.5,0.07,Seamless Autonomous Alignment
TESLA-SHADOW-1620,36.5,86.9,6.7,25.6,0.62,Seamless Autonomous Alignment
TESLA-SHADOW-1621,39.6,11.1,32.8,28.9,2.32,Seamless Autonomous Alignment
TESLA-SHADOW-1622,73.8,72.2,24.1,28.4,4.61,Shadow Disengagement Triggered
TESLA-SHADOW-1623,68.5,21.7,32.3,29.2,5.69,Shadow Disengagement Triggered
TESLA-SHADOW-1624,43.7,18.7,2.0,22.3,2.26,Seamless Autonomous Alignment
TESLA-SHADOW-1625,25.9,25.1,17.3,26.8,1.74,Seamless Autonomous Alignment
TESLA-SHADOW-1626,69.1,21.1,23.8,22.4,2.06,Seamless Autonomous Alignment
TESLA-SHADOW-1627,25.6,88.7,4.3,26.2,3.3,Seamless Autonomous Alignment
TESLA-SHADOW-1628,53.0,74.0,18.0,24.8,1.13,Seamless Autonomous Alignment
TESLA-SHADOW-1629,50.6,85.9,11.9,23.7,5.2,Shadow Disengagement Triggered
TESLA-SHADOW-1630,42.5,81.3,16.3,34.0,0.06,Shadow Disengagement Triggered
TESLA-SHADOW-1631,30.7,35.4,27.5,29.1,1.11,Seamless Autonomous Alignment
TESLA-SHADOW-1632,46.0,47.0,1.4,29.2,2.12,Seamless Autonomous Alignment
TESLA-SHADOW-1633,68.8,86.6,18.9,32.3,4.33,Shadow Disengagement Triggered
TESLA-SHADOW-1634,34.5,59.7,16.3,29.1,2.77,Seamless Autonomous Alignment
TESLA-SHADOW-1635,37.7,83.8,1.2,22.0,3.3,Seamless Autonomous Alignment
TESLA-SHADOW-1636,52.3,66.2,22.7,26.5,6.88,Shadow Disengagement Triggered
TESLA-SHADOW-1637,53.8,48.9,0.7,24.4,1.91,Seamless Autonomous Alignment
TESLA-SHADOW-1638,74.4,20.3,16.4,22.6,0.27,Seamless Autonomous Alignment
TESLA-SHADOW-1639,45.1,0.9,14.2,24.3,1.6,Seamless Autonomous Alignment
TESLA-SHADOW-1640,50.1,10.9,23.9,23.4,4.66,Shadow Disengagement Triggered
TESLA-SHADOW-1641,58.2,41.4,2.9,41.0,0.8,Seamless Autonomous Alignment
TESLA-SHADOW-1642,62.8,75.3,7.1,22.5,1.57,Seamless Autonomous Alignment
TESLA-SHADOW-1643,34.5,34.3,33.6,32.7,2.38,Seamless Autonomous Alignment
TESLA-SHADOW-1644,66.3,37.7,6.8,33.0,2.22,Seamless Autonomous Alignment
TESLA-SHADOW-1645,38.7,24.3,11.7,32.4,1.32,Seamless Autonomous Alignment
TESLA-SHADOW-1646,32.4,9.4,19.5,24.5,3.7,Seamless Autonomous Alignment
TESLA-SHADOW-1647,44.7,74.8,19.9,37.8,1.04,Shadow Disengagement Triggered
TESLA-SHADOW-1648,35.3,71.3,16.3,23.1,6.53,Shadow Disengagement Triggered
TESLA-SHADOW-1649,46.6,1.1,8.9,24.7,0.64,Seamless Autonomous Alignment
TESLA-SHADOW-1650,54.7,32.0,6.0,24.1,0.46,Seamless Autonomous Alignment
TESLA-SHADOW-1651,42.1,81.0,34.4,24.9,1.53,Seamless Autonomous Alignment
TESLA-SHADOW-1652,37.7,72.5,30.7,30.5,2.82,Shadow Disengagement Triggered
TESLA-SHADOW-1653,53.1,33.1,19.4,22.5,0.86,Seamless Autonomous Alignment
TESLA-SHADOW-1654,36.4,36.6,25.0,29.4,1.21,Seamless Autonomous Alignment
TESLA-SHADOW-1655,38.2,27.0,34.5,22.8,2.64,Seamless Autonomous Alignment
TESLA-SHADOW-1656,55.7,34.9,34.6,24.4,0.27,Seamless Autonomous Alignment
TESLA-SHADOW-1657,47.8,11.3,18.3,27.2,0.48,Seamless Autonomous Alignment
TESLA-SHADOW-1658,70.9,47.9,19.1,24.3,0.41,Seamless Autonomous Alignment
TESLA-SHADOW-1659,58.4,12.3,24.0,22.2,1.26,Seamless Autonomous Alignment
TESLA-SHADOW-1660,50.0,44.2,25.5,29.1,3.1,Seamless Autonomous Alignment
TESLA-SHADOW-1661,64.2,33.1,21.2,23.1,0.79,Seamless Autonomous Alignment
TESLA-SHADOW-1662,57.2,13.7,25.6,22.8,1.27,Seamless Autonomous Alignment
TESLA-SHADOW-1663,45.0,87.7,19.5,27.1,1.39,Seamless Autonomous Alignment
TESLA-SHADOW-1664,62.0,89.5,10.8,25.7,4.73,Shadow Disengagement Triggered
TESLA-SHADOW-1665,48.4,64.2,1.6,26.2,0.65,Seamless Autonomous Alignment
TESLA-SHADOW-1666,27.3,38.6,5.9,22.3,0.27,Seamless Autonomous Alignment
TESLA-SHADOW-1667,50.3,34.1,11.6,22.2,0.87,Seamless Autonomous Alignment
TESLA-SHADOW-1668,33.7,18.5,31.4,22.8,3.0,Seamless Autonomous Alignment
TESLA-SHADOW-1669,53.7,9.6,34.4,25.5,3.33,Seamless Autonomous Alignment
TESLA-SHADOW-1670,65.3,49.2,26.1,23.6,2.83,Seamless Autonomous Alignment
TESLA-SHADOW-1671,42.2,6.0,24.3,22.1,5.34,Shadow Disengagement Triggered
TESLA-SHADOW-1672,40.0,71.6,13.2,28.3,1.49,Seamless Autonomous Alignment
TESLA-SHADOW-1673,25.6,69.6,22.4,26.0,0.55,Seamless Autonomous Alignment
TESLA-SHADOW-1674,51.4,0.8,14.5,24.0,0.59,Seamless Autonomous Alignment
TESLA-SHADOW-1675,26.0,83.0,20.5,24.0,5.41,Shadow Disengagement Triggered
TESLA-SHADOW-1676,74.8,64.8,20.9,23.9,1.7,Seamless Autonomous Alignment
TESLA-SHADOW-1677,43.6,57.1,30.6,25.7,2.45,Seamless Autonomous Alignment
TESLA-SHADOW-1678,71.7,83.4,27.0,23.6,3.23,Seamless Autonomous Alignment
TESLA-SHADOW-1679,50.6,60.3,12.7,24.9,1.06,Seamless Autonomous Alignment
TESLA-SHADOW-1680,66.1,52.1,19.0,24.0,2.32,Seamless Autonomous Alignment
TESLA-SHADOW-1681,52.3,21.2,34.1,24.1,2.1,Seamless Autonomous Alignment
TESLA-SHADOW-1682,55.6,70.9,2.4,31.0,0.98,Shadow Disengagement Triggered
TESLA-SHADOW-1683,69.1,62.2,25.6,27.5,3.17,Seamless Autonomous Alignment
TESLA-SHADOW-1684,62.5,3.8,0.2,23.0,2.98,Seamless Autonomous Alignment
TESLA-SHADOW-1685,49.5,13.3,13.4,30.0,0.52,Seamless Autonomous Alignment
TESLA-SHADOW-1686,34.1,18.1,23.3,22.9,0.17,Seamless Autonomous Alignment
TESLA-SHADOW-1687,28.4,31.9,21.7,22.8,4.02,Seamless Autonomous Alignment
TESLA-SHADOW-1688,71.2,5.9,15.0,23.9,0.04,Seamless Autonomous Alignment
TESLA-SHADOW-1689,52.8,25.4,8.0,27.7,0.78,Seamless Autonomous Alignment
TESLA-SHADOW-1690,61.8,29.9,34.2,32.0,1.47,Seamless Autonomous Alignment
TESLA-SHADOW-1691,61.2,10.4,8.8,28.4,1.68,Seamless Autonomous Alignment
TESLA-SHADOW-1692,71.5,6.3,25.1,22.5,2.37,Seamless Autonomous Alignment
TESLA-SHADOW-1693,67.5,53.0,6.3,23.4,2.36,Seamless Autonomous Alignment
TESLA-SHADOW-1694,72.5,23.5,18.8,24.0,0.22,Seamless Autonomous Alignment
TESLA-SHADOW-1695,25.7,76.3,8.3,23.8,0.68,Seamless Autonomous Alignment
TESLA-SHADOW-1696,66.1,69.8,28.6,22.8,1.99,Seamless Autonomous Alignment
TESLA-SHADOW-1697,49.1,40.5,29.6,23.0,0.85,Seamless Autonomous Alignment
TESLA-SHADOW-1698,55.6,45.1,35.0,30.5,2.47,Seamless Autonomous Alignment
TESLA-SHADOW-1699,73.0,54.3,27.4,22.3,4.11,Seamless Autonomous Alignment
TESLA-SHADOW-1700,59.0,69.9,15.8,22.8,1.76,Seamless Autonomous Alignment
TESLA-SHADOW-1701,30.0,23.3,0.8,22.5,1.5,Seamless Autonomous Alignment
TESLA-SHADOW-1702,70.2,40.3,12.7,29.3,0.11,Seamless Autonomous Alignment
TESLA-SHADOW-1703,29.4,47.2,3.0,25.5,6.23,Shadow Disengagement Triggered
TESLA-SHADOW-1704,51.6,67.2,7.2,32.3,2.62,Seamless Autonomous Alignment
TESLA-SHADOW-1705,39.2,17.7,22.4,32.1,0.48,Seamless Autonomous Alignment
TESLA-SHADOW-1706,68.5,3.3,24.7,28.2,1.05,Seamless Autonomous Alignment
TESLA-SHADOW-1707,52.5,82.3,3.3,23.2,4.72,Shadow Disengagement Triggered
TESLA-SHADOW-1708,54.0,63.5,22.4,22.7,4.54,Shadow Disengagement Triggered
TESLA-SHADOW-1709,27.7,4.3,26.0,35.2,0.54,Seamless Autonomous Alignment
TESLA-SHADOW-1710,50.8,38.1,17.4,23.7,1.47,Seamless Autonomous Alignment
TESLA-SHADOW-1711,25.3,19.6,19.7,27.9,0.31,Seamless Autonomous Alignment
TESLA-SHADOW-1712,48.8,16.8,14.0,22.2,1.15,Seamless Autonomous Alignment
TESLA-SHADOW-1713,67.8,48.4,20.9,24.1,2.36,Seamless Autonomous Alignment
TESLA-SHADOW-1714,26.8,51.5,31.5,23.9,4.24,Seamless Autonomous Alignment
TESLA-SHADOW-1715,45.4,33.2,34.2,28.2,2.5,Seamless Autonomous Alignment
TESLA-SHADOW-1716,35.6,35.8,4.0,24.8,0.18,Seamless Autonomous Alignment
TESLA-SHADOW-1717,68.7,2.8,23.7,23.8,2.35,Seamless Autonomous Alignment
TESLA-SHADOW-1718,34.6,41.4,8.7,22.8,1.75,Seamless Autonomous Alignment
TESLA-SHADOW-1719,60.1,76.1,31.3,24.4,1.89,Seamless Autonomous Alignment
TESLA-SHADOW-1720,70.6,63.8,22.6,23.0,3.15,Seamless Autonomous Alignment
TESLA-SHADOW-1721,59.9,59.4,25.0,29.3,2.61,Seamless Autonomous Alignment
TESLA-SHADOW-1722,47.3,70.3,5.8,37.7,1.11,Shadow Disengagement Triggered
TESLA-SHADOW-1723,67.5,54.7,31.1,23.2,0.33,Seamless Autonomous Alignment
TESLA-SHADOW-1724,41.9,53.2,16.1,22.8,1.83,Seamless Autonomous Alignment
TESLA-SHADOW-1725,28.3,13.5,0.1,23.9,5.5,Shadow Disengagement Triggered
TESLA-SHADOW-1726,48.0,51.3,10.2,22.4,0.97,Seamless Autonomous Alignment
TESLA-SHADOW-1727,61.7,68.3,5.7,38.2,2.36,Seamless Autonomous Alignment
TESLA-SHADOW-1728,42.1,10.2,32.6,23.2,2.74,Seamless Autonomous Alignment
TESLA-SHADOW-1729,57.1,52.8,29.6,23.0,5.01,Shadow Disengagement Triggered
TESLA-SHADOW-1730,35.0,36.1,8.0,22.9,2.13,Seamless Autonomous Alignment
TESLA-SHADOW-1731,54.6,83.1,23.5,29.4,0.37,Seamless Autonomous Alignment
TESLA-SHADOW-1732,43.5,61.0,31.5,33.3,4.8,Shadow Disengagement Triggered
TESLA-SHADOW-1733,33.7,14.4,0.9,26.8,0.54,Seamless Autonomous Alignment
TESLA-SHADOW-1734,25.0,1.7,34.3,25.0,1.21,Seamless Autonomous Alignment
TESLA-SHADOW-1735,70.4,84.1,12.2,22.2,1.12,Seamless Autonomous Alignment
TESLA-SHADOW-1736,49.6,20.7,8.1,28.9,0.19,Seamless Autonomous Alignment
TESLA-SHADOW-1737,74.1,73.4,13.9,26.2,2.85,Seamless Autonomous Alignment
TESLA-SHADOW-1738,25.2,8.6,7.0,24.4,2.48,Seamless Autonomous Alignment
TESLA-SHADOW-1739,69.5,87.8,29.6,23.0,1.21,Seamless Autonomous Alignment
TESLA-SHADOW-1740,56.6,23.4,26.9,29.5,1.18,Seamless Autonomous Alignment
TESLA-SHADOW-1741,68.6,69.3,30.5,22.7,3.99,Seamless Autonomous Alignment
TESLA-SHADOW-1742,52.2,81.3,14.2,27.4,4.34,Seamless Autonomous Alignment
TESLA-SHADOW-1743,27.7,77.1,19.7,23.5,3.64,Seamless Autonomous Alignment
TESLA-SHADOW-1744,42.5,71.0,18.9,26.3,3.66,Seamless Autonomous Alignment
TESLA-SHADOW-1745,63.1,77.4,15.9,25.2,2.13,Seamless Autonomous Alignment
TESLA-SHADOW-1746,41.9,35.8,22.2,24.8,2.0,Seamless Autonomous Alignment
TESLA-SHADOW-1747,64.1,65.9,26.9,40.3,0.22,Seamless Autonomous Alignment
TESLA-SHADOW-1748,71.2,29.4,7.1,23.5,3.33,Seamless Autonomous Alignment
TESLA-SHADOW-1749,27.7,55.9,0.2,22.9,0.96,Seamless Autonomous Alignment
TESLA-SHADOW-1750,38.9,14.1,1.9,27.8,1.92,Seamless Autonomous Alignment
TESLA-SHADOW-1751,68.6,54.7,24.0,23.2,3.91,Seamless Autonomous Alignment
TESLA-SHADOW-1752,69.1,5.9,29.0,28.5,2.41,Seamless Autonomous Alignment
TESLA-SHADOW-1753,26.5,68.8,17.6,30.7,1.73,Seamless Autonomous Alignment
TESLA-SHADOW-1754,46.9,2.2,7.0,22.6,4.27,Seamless Autonomous Alignment
TESLA-SHADOW-1755,50.0,24.8,0.1,23.4,3.51,Seamless Autonomous Alignment
TESLA-SHADOW-1756,58.4,71.5,35.0,27.1,4.1,Seamless Autonomous Alignment
TESLA-SHADOW-1757,25.5,74.2,23.5,28.0,5.1,Shadow Disengagement Triggered
TESLA-SHADOW-1758,51.2,40.3,12.4,22.4,0.16,Seamless Autonomous Alignment
TESLA-SHADOW-1759,63.3,5.4,7.2,26.1,0.18,Seamless Autonomous Alignment
TESLA-SHADOW-1760,44.2,25.3,22.0,24.3,2.0,Seamless Autonomous Alignment
TESLA-SHADOW-1761,69.8,2.3,29.5,25.0,1.12,Seamless Autonomous Alignment
TESLA-SHADOW-1762,27.9,54.3,13.3,24.6,2.38,Seamless Autonomous Alignment
TESLA-SHADOW-1763,38.8,45.0,7.0,29.2,0.53,Seamless Autonomous Alignment
TESLA-SHADOW-1764,73.3,41.6,6.8,36.8,0.73,Seamless Autonomous Alignment
TESLA-SHADOW-1765,39.2,42.1,29.6,22.9,0.51,Seamless Autonomous Alignment
TESLA-SHADOW-1766,40.9,64.5,25.8,23.2,1.44,Seamless Autonomous Alignment
TESLA-SHADOW-1767,41.2,81.3,17.0,26.5,5.09,Shadow Disengagement Triggered
TESLA-SHADOW-1768,41.9,37.7,6.8,25.4,1.05,Seamless Autonomous Alignment
TESLA-SHADOW-1769,63.8,79.3,28.8,25.1,3.08,Seamless Autonomous Alignment
TESLA-SHADOW-1770,63.8,5.2,17.5,26.1,0.28,Seamless Autonomous Alignment
TESLA-SHADOW-1771,62.1,30.2,9.9,23.6,1.45,Seamless Autonomous Alignment
TESLA-SHADOW-1772,47.4,77.9,18.8,29.2,1.12,Seamless Autonomous Alignment
TESLA-SHADOW-1773,33.5,12.0,10.9,22.5,1.06,Seamless Autonomous Alignment
TESLA-SHADOW-1774,25.8,88.2,9.9,25.6,0.08,Seamless Autonomous Alignment
TESLA-SHADOW-1775,37.1,71.2,20.5,23.0,0.7,Seamless Autonomous Alignment
TESLA-SHADOW-1776,29.7,62.9,12.7,28.7,3.19,Seamless Autonomous Alignment
TESLA-SHADOW-1777,57.2,60.6,29.2,24.7,2.37,Seamless Autonomous Alignment
TESLA-SHADOW-1778,43.9,23.7,19.4,24.5,3.7,Seamless Autonomous Alignment
TESLA-SHADOW-1779,73.5,1.8,13.3,30.4,1.67,Seamless Autonomous Alignment
TESLA-SHADOW-1780,56.8,54.0,32.1,22.2,0.43,Seamless Autonomous Alignment
TESLA-SHADOW-1781,49.6,86.2,28.0,22.8,3.84,Seamless Autonomous Alignment
TESLA-SHADOW-1782,34.5,15.3,31.0,23.7,4.1,Seamless Autonomous Alignment
TESLA-SHADOW-1783,74.0,63.6,32.8,24.4,0.4,Seamless Autonomous Alignment
TESLA-SHADOW-1784,63.0,61.6,22.8,22.4,0.76,Seamless Autonomous Alignment
TESLA-SHADOW-1785,73.4,52.7,2.1,27.9,0.14,Seamless Autonomous Alignment
TESLA-SHADOW-1786,47.0,88.0,9.2,31.6,3.69,Shadow Disengagement Triggered
TESLA-SHADOW-1787,46.2,32.6,5.6,22.4,2.31,Seamless Autonomous Alignment
TESLA-SHADOW-1788,34.4,47.3,4.8,27.3,0.67,Seamless Autonomous Alignment
TESLA-SHADOW-1789,42.1,63.3,6.1,22.7,1.01,Seamless Autonomous Alignment
TESLA-SHADOW-1790,62.7,28.6,9.3,24.2,0.82,Seamless Autonomous Alignment
TESLA-SHADOW-1791,43.6,48.3,3.0,23.8,1.75,Seamless Autonomous Alignment
TESLA-SHADOW-1792,34.4,71.8,5.8,26.4,0.16,Seamless Autonomous Alignment
TESLA-SHADOW-1793,40.7,85.3,33.7,23.5,4.51,Shadow Disengagement Triggered
TESLA-SHADOW-1794,62.7,5.6,16.9,31.0,1.39,Seamless Autonomous Alignment
TESLA-SHADOW-1795,39.1,48.8,32.5,25.5,3.57,Seamless Autonomous Alignment
TESLA-SHADOW-1796,72.5,41.3,21.5,22.2,0.72,Seamless Autonomous Alignment
TESLA-SHADOW-1797,67.4,9.3,26.8,23.0,2.64,Seamless Autonomous Alignment
TESLA-SHADOW-1798,50.7,76.0,3.2,22.6,1.92,Seamless Autonomous Alignment
TESLA-SHADOW-1799,59.0,44.7,1.0,22.2,3.58,Seamless Autonomous Alignment
TESLA-SHADOW-1800,57.1,48.7,22.4,23.5,0.69,Seamless Autonomous Alignment
TESLA-SHADOW-1801,35.7,22.9,6.3,23.9,4.14,Seamless Autonomous Alignment
TESLA-SHADOW-1802,54.9,29.9,21.1,24.7,3.61,Seamless Autonomous Alignment
TESLA-SHADOW-1803,44.5,53.2,15.1,22.8,5.42,Shadow Disengagement Triggered
TESLA-SHADOW-1804,59.3,51.9,8.5,24.5,2.05,Seamless Autonomous Alignment
TESLA-SHADOW-1805,71.1,82.5,3.7,22.6,2.23,Seamless Autonomous Alignment
TESLA-SHADOW-1806,69.2,75.8,4.6,22.1,4.4,Seamless Autonomous Alignment
TESLA-SHADOW-1807,33.9,42.8,21.3,26.6,0.4,Seamless Autonomous Alignment
TESLA-SHADOW-1808,68.4,2.6,24.7,25.6,0.42,Seamless Autonomous Alignment
TESLA-SHADOW-1809,71.5,29.3,18.2,22.0,1.23,Seamless Autonomous Alignment
TESLA-SHADOW-1810,72.3,88.6,34.4,24.8,3.77,Seamless Autonomous Alignment
TESLA-SHADOW-1811,72.4,9.5,28.0,22.3,2.77,Seamless Autonomous Alignment
TESLA-SHADOW-1812,49.5,19.5,2.3,22.1,3.98,Seamless Autonomous Alignment
TESLA-SHADOW-1813,55.1,79.8,11.9,22.8,2.98,Seamless Autonomous Alignment
TESLA-SHADOW-1814,35.5,5.7,15.5,32.1,0.17,Seamless Autonomous Alignment
TESLA-SHADOW-1815,74.0,28.9,14.4,22.7,0.62,Seamless Autonomous Alignment
TESLA-SHADOW-1816,37.9,63.5,0.3,22.7,0.56,Seamless Autonomous Alignment
TESLA-SHADOW-1817,49.5,1.0,11.5,25.5,0.67,Seamless Autonomous Alignment
TESLA-SHADOW-1818,48.4,63.7,7.7,24.6,1.5,Seamless Autonomous Alignment
TESLA-SHADOW-1819,45.4,74.0,27.8,28.8,2.74,Seamless Autonomous Alignment
TESLA-SHADOW-1820,37.0,34.4,17.0,22.2,0.8,Seamless Autonomous Alignment
TESLA-SHADOW-1821,72.4,10.9,33.8,32.9,4.43,Seamless Autonomous Alignment
TESLA-SHADOW-1822,56.6,50.2,5.4,23.4,1.74,Seamless Autonomous Alignment
TESLA-SHADOW-1823,34.4,79.0,12.2,22.5,1.9,Seamless Autonomous Alignment
TESLA-SHADOW-1824,25.2,66.0,15.8,24.8,2.8,Seamless Autonomous Alignment
TESLA-SHADOW-1825,62.0,21.6,16.7,23.1,1.92,Seamless Autonomous Alignment
TESLA-SHADOW-1826,70.8,70.1,30.8,24.8,3.55,Seamless Autonomous Alignment
TESLA-SHADOW-1827,25.9,71.2,18.8,35.6,6.23,Shadow Disengagement Triggered
TESLA-SHADOW-1828,69.6,80.5,27.4,24.9,0.83,Seamless Autonomous Alignment
TESLA-SHADOW-1829,66.4,34.4,22.5,34.9,0.76,Seamless Autonomous Alignment
TESLA-SHADOW-1830,47.8,13.1,23.8,33.1,1.17,Seamless Autonomous Alignment
TESLA-SHADOW-1831,54.4,10.5,15.2,25.7,0.61,Seamless Autonomous Alignment
TESLA-SHADOW-1832,41.3,83.4,17.7,27.1,0.58,Seamless Autonomous Alignment
TESLA-SHADOW-1833,32.1,62.3,3.8,24.3,1.44,Seamless Autonomous Alignment
TESLA-SHADOW-1834,74.9,85.7,27.4,22.5,3.76,Seamless Autonomous Alignment
TESLA-SHADOW-1835,43.0,41.5,25.1,22.2,3.29,Seamless Autonomous Alignment
TESLA-SHADOW-1836,28.0,69.6,18.9,22.8,2.04,Seamless Autonomous Alignment
TESLA-SHADOW-1837,40.0,80.8,32.5,31.0,2.88,Shadow Disengagement Triggered
TESLA-SHADOW-1838,45.0,49.8,16.8,24.2,5.59,Shadow Disengagement Triggered
TESLA-SHADOW-1839,41.1,85.2,9.7,24.2,2.07,Seamless Autonomous Alignment
TESLA-SHADOW-1840,43.0,32.5,24.6,23.1,3.44,Seamless Autonomous Alignment
TESLA-SHADOW-1841,44.9,11.0,24.1,24.5,1.62,Seamless Autonomous Alignment
TESLA-SHADOW-1842,64.9,11.6,10.3,24.6,1.07,Seamless Autonomous Alignment
TESLA-SHADOW-1843,43.7,50.1,11.7,28.0,4.74,Shadow Disengagement Triggered
TESLA-SHADOW-1844,26.1,10.9,19.4,23.0,0.52,Seamless Autonomous Alignment
TESLA-SHADOW-1845,50.9,23.4,14.6,22.2,3.58,Seamless Autonomous Alignment
TESLA-SHADOW-1846,65.7,79.4,26.7,25.9,4.17,Seamless Autonomous Alignment
TESLA-SHADOW-1847,47.3,71.8,0.6,24.0,3.71,Seamless Autonomous Alignment
TESLA-SHADOW-1848,58.4,56.6,22.7,23.1,8.18,Shadow Disengagement Triggered
TESLA-SHADOW-1849,42.2,52.4,28.4,26.6,0.07,Seamless Autonomous Alignment
TESLA-SHADOW-1850,36.3,77.0,26.0,29.6,3.98,Seamless Autonomous Alignment
TESLA-SHADOW-1851,69.6,28.3,1.3,24.6,0.75,Seamless Autonomous Alignment
TESLA-SHADOW-1852,54.8,47.4,12.1,22.3,2.13,Seamless Autonomous Alignment
TESLA-SHADOW-1853,32.4,57.6,8.9,27.7,0.6,Seamless Autonomous Alignment
TESLA-SHADOW-1854,71.8,89.3,27.3,25.9,5.29,Shadow Disengagement Triggered
TESLA-SHADOW-1855,34.3,11.5,19.4,22.5,1.4,Seamless Autonomous Alignment
TESLA-SHADOW-1856,34.1,22.6,20.3,26.4,4.56,Shadow Disengagement Triggered
TESLA-SHADOW-1857,67.1,71.7,25.4,29.8,4.92,Shadow Disengagement Triggered
TESLA-SHADOW-1858,38.0,82.8,15.5,29.5,0.32,Seamless Autonomous Alignment
TESLA-SHADOW-1859,44.9,55.1,3.1,32.3,0.34,Seamless Autonomous Alignment
TESLA-SHADOW-1860,36.1,81.7,31.9,23.7,3.16,Seamless Autonomous Alignment
TESLA-SHADOW-1861,44.9,37.7,13.7,24.8,3.67,Seamless Autonomous Alignment
TESLA-SHADOW-1862,46.1,37.0,19.5,23.7,2.86,Seamless Autonomous Alignment
TESLA-SHADOW-1863,28.4,8.4,29.7,25.0,1.85,Seamless Autonomous Alignment
TESLA-SHADOW-1864,45.7,36.1,6.5,37.8,0.2,Seamless Autonomous Alignment
TESLA-SHADOW-1865,60.8,80.8,14.7,27.6,1.06,Seamless Autonomous Alignment
TESLA-SHADOW-1866,61.0,6.9,14.7,22.9,0.56,Seamless Autonomous Alignment
TESLA-SHADOW-1867,62.7,36.5,31.9,22.5,2.96,Seamless Autonomous Alignment
TESLA-SHADOW-1868,60.0,62.4,16.2,22.5,3.59,Seamless Autonomous Alignment
TESLA-SHADOW-1869,30.7,42.9,7.1,22.1,0.46,Seamless Autonomous Alignment
TESLA-SHADOW-1870,54.3,82.7,10.8,37.3,2.89,Shadow Disengagement Triggered
TESLA-SHADOW-1871,63.9,47.4,14.7,22.7,1.74,Seamless Autonomous Alignment
TESLA-SHADOW-1872,48.8,40.1,29.9,23.5,1.93,Seamless Autonomous Alignment
TESLA-SHADOW-1873,52.4,59.7,15.5,23.3,1.99,Seamless Autonomous Alignment
TESLA-SHADOW-1874,42.5,65.7,5.8,29.2,2.47,Seamless Autonomous Alignment
TESLA-SHADOW-1875,31.3,9.1,11.4,25.6,0.99,Seamless Autonomous Alignment
TESLA-SHADOW-1876,36.6,75.0,34.2,24.6,2.9,Seamless Autonomous Alignment
TESLA-SHADOW-1877,65.4,1.4,19.4,22.4,3.44,Seamless Autonomous Alignment
TESLA-SHADOW-1878,70.7,8.7,6.3,22.1,0.73,Seamless Autonomous Alignment
TESLA-SHADOW-1879,70.4,45.4,0.5,26.2,1.05,Seamless Autonomous Alignment
TESLA-SHADOW-1880,27.8,85.2,14.8,23.0,6.08,Shadow Disengagement Triggered
TESLA-SHADOW-1881,37.1,68.3,6.3,24.1,3.38,Seamless Autonomous Alignment
TESLA-SHADOW-1882,59.2,39.9,34.9,26.3,1.25,Seamless Autonomous Alignment
TESLA-SHADOW-1883,31.6,26.2,19.0,24.1,0.36,Seamless Autonomous Alignment
TESLA-SHADOW-1884,31.5,49.8,9.2,25.3,2.36,Seamless Autonomous Alignment
TESLA-SHADOW-1885,32.0,13.8,26.0,22.2,1.66,Seamless Autonomous Alignment
TESLA-SHADOW-1886,39.1,14.4,18.0,22.1,0.28,Seamless Autonomous Alignment
TESLA-SHADOW-1887,61.8,5.8,6.5,22.1,1.31,Seamless Autonomous Alignment
TESLA-SHADOW-1888,53.5,9.1,33.4,36.6,1.45,Seamless Autonomous Alignment
TESLA-SHADOW-1889,53.1,53.5,5.3,24.8,1.7,Seamless Autonomous Alignment
TESLA-SHADOW-1890,70.1,5.5,34.6,22.8,3.21,Seamless Autonomous Alignment
TESLA-SHADOW-1891,41.4,17.8,25.0,22.0,0.51,Seamless Autonomous Alignment
TESLA-SHADOW-1892,67.6,33.2,14.8,24.1,1.14,Seamless Autonomous Alignment
TESLA-SHADOW-1893,36.7,74.4,19.2,27.1,0.74,Seamless Autonomous Alignment
TESLA-SHADOW-1894,59.0,81.8,30.8,23.7,5.89,Shadow Disengagement Triggered
TESLA-SHADOW-1895,67.4,21.1,8.1,22.0,1.0,Seamless Autonomous Alignment
TESLA-SHADOW-1896,32.7,13.3,14.3,38.1,1.11,Seamless Autonomous Alignment
TESLA-SHADOW-1897,36.8,85.5,20.1,31.7,0.5,Shadow Disengagement Triggered
TESLA-SHADOW-1898,39.1,52.5,22.4,38.3,3.24,Seamless Autonomous Alignment
TESLA-SHADOW-1899,64.2,79.9,3.3,28.9,1.83,Seamless Autonomous Alignment
TESLA-SHADOW-1900,61.3,37.8,25.9,23.1,0.85,Seamless Autonomous Alignment
TESLA-SHADOW-1901,61.8,85.6,8.3,29.8,2.72,Seamless Autonomous Alignment
TESLA-SHADOW-1902,26.0,33.1,32.1,22.8,4.87,Shadow Disengagement Triggered
TESLA-SHADOW-1903,70.1,64.6,18.8,27.3,5.23,Shadow Disengagement Triggered
TESLA-SHADOW-1904,38.0,33.3,1.2,25.2,3.4,Seamless Autonomous Alignment
TESLA-SHADOW-1905,65.7,3.3,3.1,22.2,0.69,Seamless Autonomous Alignment
TESLA-SHADOW-1906,25.7,37.7,29.6,25.3,0.44,Seamless Autonomous Alignment
TESLA-SHADOW-1907,51.5,18.0,15.1,28.4,0.53,Seamless Autonomous Alignment
TESLA-SHADOW-1908,61.3,65.8,14.9,27.6,1.67,Seamless Autonomous Alignment
TESLA-SHADOW-1909,29.0,33.2,11.8,25.2,2.18,Seamless Autonomous Alignment
TESLA-SHADOW-1910,45.8,20.5,24.0,22.1,2.46,Seamless Autonomous Alignment
TESLA-SHADOW-1911,52.6,1.7,1.4,23.6,2.31,Seamless Autonomous Alignment
TESLA-SHADOW-1912,35.2,48.5,33.4,23.1,1.57,Seamless Autonomous Alignment
TESLA-SHADOW-1913,38.6,83.2,9.6,22.6,4.48,Seamless Autonomous Alignment
TESLA-SHADOW-1914,38.9,65.2,33.0,23.3,4.09,Seamless Autonomous Alignment
TESLA-SHADOW-1915,67.7,0.3,25.3,22.4,0.28,Seamless Autonomous Alignment
TESLA-SHADOW-1916,28.6,52.4,25.4,26.2,5.42,Shadow Disengagement Triggered
TESLA-SHADOW-1917,59.4,23.9,29.7,31.9,2.56,Seamless Autonomous Alignment
TESLA-SHADOW-1918,36.5,59.1,6.7,27.9,0.05,Seamless Autonomous Alignment
TESLA-SHADOW-1919,52.8,44.8,4.9,25.0,1.1,Seamless Autonomous Alignment
TESLA-SHADOW-1920,31.3,75.6,25.6,25.4,3.34,Seamless Autonomous Alignment
TESLA-SHADOW-1921,68.5,73.0,4.9,30.9,0.36,Shadow Disengagement Triggered
TESLA-SHADOW-1922,55.4,81.3,25.5,24.8,2.31,Seamless Autonomous Alignment
TESLA-SHADOW-1923,63.0,28.8,4.6,30.8,1.7,Seamless Autonomous Alignment
TESLA-SHADOW-1924,71.8,82.4,1.7,26.4,0.84,Seamless Autonomous Alignment
TESLA-SHADOW-1925,35.1,42.6,11.1,26.7,4.83,Shadow Disengagement Triggered
TESLA-SHADOW-1926,28.2,51.8,4.5,32.2,0.25,Seamless Autonomous Alignment
TESLA-SHADOW-1927,53.8,52.6,7.6,29.6,2.1,Seamless Autonomous Alignment
TESLA-SHADOW-1928,57.6,52.1,28.3,29.5,1.47,Seamless Autonomous Alignment
TESLA-SHADOW-1929,43.0,49.1,3.3,25.5,4.14,Seamless Autonomous Alignment
TESLA-SHADOW-1930,34.6,16.0,19.6,37.1,3.88,Seamless Autonomous Alignment
TESLA-SHADOW-1931,47.5,19.5,14.6,22.6,2.86,Seamless Autonomous Alignment
TESLA-SHADOW-1932,59.1,60.0,20.0,25.1,1.74,Seamless Autonomous Alignment
TESLA-SHADOW-1933,46.7,26.0,10.8,28.0,1.49,Seamless Autonomous Alignment
TESLA-SHADOW-1934,59.3,80.8,13.3,24.4,2.33,Seamless Autonomous Alignment
TESLA-SHADOW-1935,63.4,28.6,15.9,22.7,1.0,Seamless Autonomous Alignment
TESLA-SHADOW-1936,53.7,24.4,30.7,23.9,3.26,Seamless Autonomous Alignment
TESLA-SHADOW-1937,70.5,54.4,19.1,23.0,1.62,Seamless Autonomous Alignment
TESLA-SHADOW-1938,45.0,20.4,32.6,33.6,3.08,Seamless Autonomous Alignment
TESLA-SHADOW-1939,56.2,58.9,14.1,24.1,4.16,Seamless Autonomous Alignment
TESLA-SHADOW-1940,39.1,16.0,31.0,28.3,2.93,Seamless Autonomous Alignment
TESLA-SHADOW-1941,67.4,24.3,33.6,22.1,2.14,Seamless Autonomous Alignment
TESLA-SHADOW-1942,54.1,51.3,33.3,26.6,4.36,Seamless Autonomous Alignment
TESLA-SHADOW-1943,65.9,32.7,12.7,29.8,2.76,Seamless Autonomous Alignment
TESLA-SHADOW-1944,73.8,54.5,32.9,27.5,0.13,Seamless Autonomous Alignment
TESLA-SHADOW-1945,70.8,4.2,9.5,28.4,0.5,Seamless Autonomous Alignment
TESLA-SHADOW-1946,51.6,35.9,20.8,29.9,2.02,Seamless Autonomous Alignment
TESLA-SHADOW-1947,44.5,4.0,5.6,22.0,0.08,Seamless Autonomous Alignment
TESLA-SHADOW-1948,66.2,40.2,2.8,22.3,1.15,Seamless Autonomous Alignment
TESLA-SHADOW-1949,33.0,33.7,15.9,22.1,1.63,Seamless Autonomous Alignment
TESLA-SHADOW-1950,57.9,84.5,8.2,26.9,4.08,Seamless Autonomous Alignment
TESLA-SHADOW-1951,57.7,27.2,9.1,27.2,2.67,Seamless Autonomous Alignment
TESLA-SHADOW-1952,57.5,63.4,28.8,25.4,1.8,Seamless Autonomous Alignment
TESLA-SHADOW-1953,58.9,16.9,17.9,25.0,1.23,Seamless Autonomous Alignment
TESLA-SHADOW-1954,64.8,17.0,5.7,22.4,3.0,Seamless Autonomous Alignment
TESLA-SHADOW-1955,25.3,66.5,20.0,22.4,0.95,Seamless Autonomous Alignment
TESLA-SHADOW-1956,57.0,15.4,2.7,24.4,0.57,Seamless Autonomous Alignment
TESLA-SHADOW-1957,28.3,72.1,19.1,28.1,5.1,Shadow Disengagement Triggered
TESLA-SHADOW-1958,74.4,83.6,3.5,31.5,2.79,Shadow Disengagement Triggered
TESLA-SHADOW-1959,67.8,76.4,23.4,28.6,1.3,Seamless Autonomous Alignment
TESLA-SHADOW-1960,50.9,6.6,5.6,25.6,0.81,Seamless Autonomous Alignment
TESLA-SHADOW-1961,44.0,26.8,9.4,26.2,3.56,Seamless Autonomous Alignment
TESLA-SHADOW-1962,34.0,23.2,22.1,29.0,1.12,Seamless Autonomous Alignment
TESLA-SHADOW-1963,70.0,18.8,6.5,30.9,2.85,Seamless Autonomous Alignment
TESLA-SHADOW-1964,54.1,60.2,8.5,25.6,0.14,Seamless Autonomous Alignment
TESLA-SHADOW-1965,31.8,20.6,17.9,23.6,2.06,Seamless Autonomous Alignment
TESLA-SHADOW-1966,45.6,58.3,24.8,22.9,1.32,Seamless Autonomous Alignment
TESLA-SHADOW-1967,39.1,3.0,15.7,26.1,1.19,Seamless Autonomous Alignment
TESLA-SHADOW-1968,50.5,31.7,25.4,23.7,0.53,Seamless Autonomous Alignment
TESLA-SHADOW-1969,61.8,1.8,6.0,23.4,0.24,Seamless Autonomous Alignment
TESLA-SHADOW-1970,37.8,86.5,15.1,24.2,4.48,Seamless Autonomous Alignment
TESLA-SHADOW-1971,48.4,13.0,28.6,28.5,1.29,Seamless Autonomous Alignment
TESLA-SHADOW-1972,50.1,14.2,13.3,27.9,2.87,Seamless Autonomous Alignment
TESLA-SHADOW-1973,70.6,15.4,16.3,24.7,0.95,Seamless Autonomous Alignment
TESLA-SHADOW-1974,66.3,53.9,21.9,25.3,3.36,Seamless Autonomous Alignment
TESLA-SHADOW-1975,35.5,0.2,12.4,24.3,0.41,Seamless Autonomous Alignment
TESLA-SHADOW-1976,62.9,81.9,26.7,25.7,4.64,Shadow Disengagement Triggered
TESLA-SHADOW-1977,31.7,75.5,15.9,27.9,1.21,Seamless Autonomous Alignment
TESLA-SHADOW-1978,42.6,45.5,0.9,26.7,1.13,Seamless Autonomous Alignment
TESLA-SHADOW-1979,58.9,10.8,18.0,26.7,1.12,Seamless Autonomous Alignment
TESLA-SHADOW-1980,57.0,78.4,1.8,22.6,2.19,Seamless Autonomous Alignment
TESLA-SHADOW-1981,52.7,40.7,21.1,23.2,4.29,Seamless Autonomous Alignment
TESLA-SHADOW-1982,37.6,65.3,12.4,26.9,3.83,Seamless Autonomous Alignment
TESLA-SHADOW-1983,71.4,27.9,27.4,23.8,5.15,Shadow Disengagement Triggered
TESLA-SHADOW-1984,36.7,78.7,21.9,23.5,4.49,Seamless Autonomous Alignment
TESLA-SHADOW-1985,28.8,66.7,2.6,25.8,1.49,Seamless Autonomous Alignment
TESLA-SHADOW-1986,26.2,41.3,30.1,23.2,2.45,Seamless Autonomous Alignment
TESLA-SHADOW-1987,33.8,63.5,33.1,26.0,3.94,Seamless Autonomous Alignment
TESLA-SHADOW-1988,66.4,16.2,8.1,31.4,1.07,Seamless Autonomous Alignment
TESLA-SHADOW-1989,38.8,85.8,33.3,23.5,5.94,Shadow Disengagement Triggered
TESLA-SHADOW-1990,55.9,35.7,26.5,27.7,0.41,Seamless Autonomous Alignment
TESLA-SHADOW-1991,53.4,69.4,34.8,24.9,3.81,Seamless Autonomous Alignment
TESLA-SHADOW-1992,55.8,2.1,14.8,24.8,1.93,Seamless Autonomous Alignment
TESLA-SHADOW-1993,66.6,69.7,6.6,38.1,0.26,Seamless Autonomous Alignment
TESLA-SHADOW-1994,69.7,42.7,24.2,26.8,0.71,Seamless Autonomous Alignment
TESLA-SHADOW-1995,72.6,89.7,13.4,22.6,1.51,Seamless Autonomous Alignment
TESLA-SHADOW-1996,57.0,2.1,19.3,27.2,0.34,Seamless Autonomous Alignment
TESLA-SHADOW-1997,65.1,84.2,4.5,24.8,4.29,Seamless Autonomous Alignment
TESLA-SHADOW-1998,38.2,53.1,21.4,29.0,2.18,Seamless Autonomous Alignment
TESLA-SHADOW-1999,73.3,67.0,33.7,31.4,5.24,Shadow Disengagement Triggered
TESLA-SHADOW-2000,26.0,32.2,32.7,27.6,2.02,Seamless Autonomous Alignment
TESLA-SHADOW-2001,31.9,3.8,25.9,32.7,3.26,Seamless Autonomous Alignment
TESLA-SHADOW-2002,73.6,14.3,31.9,24.7,1.15,Seamless Autonomous Alignment
TESLA-SHADOW-2003,59.5,11.9,25.6,25.0,1.44,Seamless Autonomous Alignment
TESLA-SHADOW-2004,32.0,32.4,19.0,25.5,0.13,Seamless Autonomous Alignment
TESLA-SHADOW-2005,65.6,47.8,31.7,25.9,1.59,Seamless Autonomous Alignment
TESLA-SHADOW-2006,56.6,68.3,29.3,30.4,5.59,Shadow Disengagement Triggered
TESLA-SHADOW-2007,50.5,6.1,31.8,27.5,1.52,Seamless Autonomous Alignment
TESLA-SHADOW-2008,53.8,16.5,31.0,22.8,2.03,Seamless Autonomous Alignment
TESLA-SHADOW-2009,25.2,36.8,20.7,23.2,0.59,Seamless Autonomous Alignment
TESLA-SHADOW-2010,28.7,49.5,32.6,27.7,2.81,Seamless Autonomous Alignment
TESLA-SHADOW-2011,45.2,27.3,9.9,22.1,1.6,Seamless Autonomous Alignment
TESLA-SHADOW-2012,40.1,36.5,21.6,35.5,2.38,Seamless Autonomous Alignment
TESLA-SHADOW-2013,56.1,63.3,16.2,22.3,1.28,Seamless Autonomous Alignment
TESLA-SHADOW-2014,28.2,0.7,13.8,24.6,1.63,Seamless Autonomous Alignment
TESLA-SHADOW-2015,31.1,37.2,12.9,22.1,4.53,Shadow Disengagement Triggered
TESLA-SHADOW-2016,55.3,72.0,34.7,24.1,7.28,Shadow Disengagement Triggered
TESLA-SHADOW-2017,58.8,68.8,21.2,35.6,1.05,Seamless Autonomous Alignment
TESLA-SHADOW-2018,38.6,67.4,0.8,23.6,1.41,Seamless Autonomous Alignment
TESLA-SHADOW-2019,56.7,35.7,2.0,27.8,1.26,Seamless Autonomous Alignment
TESLA-SHADOW-2020,30.4,51.8,6.0,23.8,1.97,Seamless Autonomous Alignment
TESLA-SHADOW-2021,73.0,43.6,14.2,24.0,3.33,Seamless Autonomous Alignment
TESLA-SHADOW-2022,29.4,64.7,7.6,22.1,4.72,Shadow Disengagement Triggered
TESLA-SHADOW-2023,28.5,67.2,25.0,24.9,6.47,Shadow Disengagement Triggered
TESLA-SHADOW-2024,25.0,35.6,29.4,22.2,1.53,Seamless Autonomous Alignment
TESLA-SHADOW-2025,70.0,37.2,1.7,33.9,2.73,Seamless Autonomous Alignment
TESLA-SHADOW-2026,51.0,48.6,22.0,37.1,2.77,Seamless Autonomous Alignment
TESLA-SHADOW-2027,40.6,62.8,13.2,25.4,3.56,Seamless Autonomous Alignment
TESLA-SHADOW-2028,51.1,41.5,17.0,26.2,1.44,Seamless Autonomous Alignment
TESLA-SHADOW-2029,67.3,28.4,16.7,39.4,0.16,Seamless Autonomous Alignment
TESLA-SHADOW-2030,56.1,19.2,12.7,25.7,1.97,Seamless Autonomous Alignment
TESLA-SHADOW-2031,45.8,1.9,15.3,25.0,0.53,Seamless Autonomous Alignment
TESLA-SHADOW-2032,44.5,39.9,13.0,24.9,3.34,Seamless Autonomous Alignment
TESLA-SHADOW-2033,26.3,16.1,8.7,24.8,2.34,Seamless Autonomous Alignment
TESLA-SHADOW-2034,38.2,60.1,14.9,22.4,0.92,Seamless Autonomous Alignment
TESLA-SHADOW-2035,27.6,59.1,32.3,30.6,0.61,Seamless Autonomous Alignment
TESLA-SHADOW-2036,48.6,10.6,33.0,22.1,5.41,Shadow Disengagement Triggered
TESLA-SHADOW-2037,47.5,86.4,31.3,38.8,3.52,Shadow Disengagement Triggered
TESLA-SHADOW-2038,51.1,65.0,12.6,29.0,2.82,Seamless Autonomous Alignment
TESLA-SHADOW-2039,26.8,30.4,9.3,22.5,0.05,Seamless Autonomous Alignment
TESLA-SHADOW-2040,56.2,47.0,20.8,27.3,0.42,Seamless Autonomous Alignment
TESLA-SHADOW-2041,45.4,75.2,0.3,26.9,4.2,Seamless Autonomous Alignment
TESLA-SHADOW-2042,44.8,69.0,32.0,24.5,3.06,Seamless Autonomous Alignment
TESLA-SHADOW-2043,33.5,22.8,11.4,23.6,4.26,Seamless Autonomous Alignment
TESLA-SHADOW-2044,58.1,3.7,4.9,24.4,0.99,Seamless Autonomous Alignment
TESLA-SHADOW-2045,31.0,27.8,27.6,39.8,1.43,Seamless Autonomous Alignment
TESLA-SHADOW-2046,31.1,38.0,34.8,22.8,2.58,Seamless Autonomous Alignment
TESLA-SHADOW-2047,39.1,62.8,29.9,33.9,1.56,Seamless Autonomous Alignment
TESLA-SHADOW-2048,48.6,29.3,22.5,24.8,5.53,Shadow Disengagement Triggered
TESLA-SHADOW-2049,34.6,38.0,25.8,25.7,2.67,Seamless Autonomous Alignment
TESLA-SHADOW-2050,54.0,19.3,22.8,24.3,1.62,Seamless Autonomous Alignment
TESLA-SHADOW-2051,69.5,66.2,27.5,24.5,0.06,Seamless Autonomous Alignment
TESLA-SHADOW-2052,44.4,43.0,22.8,28.3,5.85,Shadow Disengagement Triggered
TESLA-SHADOW-2053,35.5,43.7,8.3,26.6,1.75,Seamless Autonomous Alignment
TESLA-SHADOW-2054,37.3,74.5,7.9,22.1,4.4,Seamless Autonomous Alignment
TESLA-SHADOW-2055,66.2,39.9,10.6,38.1,1.32,Seamless Autonomous Alignment
TESLA-SHADOW-2056,44.1,79.3,3.7,23.1,2.91,Seamless Autonomous Alignment
TESLA-SHADOW-2057,35.6,79.4,1.3,24.9,3.53,Seamless Autonomous Alignment
TESLA-SHADOW-2058,67.9,20.9,5.6,22.2,1.19,Seamless Autonomous Alignment
TESLA-SHADOW-2059,63.9,34.0,15.1,46.4,0.84,Seamless Autonomous Alignment
TESLA-SHADOW-2060,34.1,88.4,24.5,24.0,2.57,Seamless Autonomous Alignment
TESLA-SHADOW-2061,59.4,11.3,24.7,23.9,0.31,Seamless Autonomous Alignment
TESLA-SHADOW-2062,61.1,33.2,13.0,35.3,1.46,Seamless Autonomous Alignment
TESLA-SHADOW-2063,54.9,26.4,32.5,22.5,2.5,Seamless Autonomous Alignment
TESLA-SHADOW-2064,64.6,35.1,30.3,45.3,3.64,Seamless Autonomous Alignment
TESLA-SHADOW-2065,50.2,4.9,28.9,30.8,1.74,Seamless Autonomous Alignment
TESLA-SHADOW-2066,70.6,45.2,32.8,30.1,2.43,Seamless Autonomous Alignment
TESLA-SHADOW-2067,70.8,51.2,16.1,26.5,1.26,Seamless Autonomous Alignment
TESLA-SHADOW-2068,33.1,63.3,2.3,22.5,0.9,Seamless Autonomous Alignment
TESLA-SHADOW-2069,39.3,70.3,18.9,26.7,3.65,Seamless Autonomous Alignment
TESLA-SHADOW-2070,58.8,80.6,27.4,25.1,3.2,Seamless Autonomous Alignment
TESLA-SHADOW-2071,67.8,62.8,16.2,22.3,2.96,Seamless Autonomous Alignment
TESLA-SHADOW-2072,28.6,53.6,15.4,23.6,2.09,Seamless Autonomous Alignment
TESLA-SHADOW-2073,54.4,35.0,13.5,25.6,0.62,Seamless Autonomous Alignment
TESLA-SHADOW-2074,53.3,81.2,24.9,25.6,1.16,Seamless Autonomous Alignment
TESLA-SHADOW-2075,56.7,31.1,31.5,26.2,1.29,Seamless Autonomous Alignment
TESLA-SHADOW-2076,26.5,44.6,30.2,24.2,4.85,Shadow Disengagement Triggered
TESLA-SHADOW-2077,41.7,72.5,2.4,29.6,0.5,Seamless Autonomous Alignment
TESLA-SHADOW-2078,29.8,6.6,11.9,24.2,0.54,Seamless Autonomous Alignment
TESLA-SHADOW-2079,34.1,77.8,12.4,22.7,0.11,Seamless Autonomous Alignment
TESLA-SHADOW-2080,65.1,76.4,18.9,24.6,3.53,Seamless Autonomous Alignment
TESLA-SHADOW-2081,46.7,11.7,1.8,24.2,1.23,Seamless Autonomous Alignment
TESLA-SHADOW-2082,73.3,68.0,15.3,24.9,2.03,Seamless Autonomous Alignment
TESLA-SHADOW-2083,64.3,75.3,0.8,22.3,0.64,Seamless Autonomous Alignment
TESLA-SHADOW-2084,42.8,11.9,13.6,28.5,0.77,Seamless Autonomous Alignment
TESLA-SHADOW-2085,43.0,0.9,26.7,25.5,1.49,Seamless Autonomous Alignment
TESLA-SHADOW-2086,31.1,84.7,0.4,25.9,1.37,Seamless Autonomous Alignment
TESLA-SHADOW-2087,38.2,40.6,14.9,22.4,3.34,Seamless Autonomous Alignment
TESLA-SHADOW-2088,33.1,68.7,2.1,22.1,0.76,Seamless Autonomous Alignment
TESLA-SHADOW-2089,61.4,48.9,31.9,23.6,2.33,Seamless Autonomous Alignment
TESLA-SHADOW-2090,49.7,57.4,20.1,29.1,2.5,Seamless Autonomous Alignment
TESLA-SHADOW-2091,60.1,59.9,13.2,23.7,5.2,Shadow Disengagement Triggered
TESLA-SHADOW-2092,50.2,38.2,4.6,22.2,0.63,Seamless Autonomous Alignment
TESLA-SHADOW-2093,69.0,7.3,20.5,22.4,3.94,Seamless Autonomous Alignment
TESLA-SHADOW-2094,40.0,55.7,6.4,23.1,1.48,Seamless Autonomous Alignment
TESLA-SHADOW-2095,67.7,59.0,24.2,30.7,3.08,Seamless Autonomous Alignment
TESLA-SHADOW-2096,38.1,36.3,30.4,28.7,1.94,Seamless Autonomous Alignment
TESLA-SHADOW-2097,44.8,74.6,20.8,24.1,1.94,Seamless Autonomous Alignment
TESLA-SHADOW-2098,34.9,44.1,33.6,22.2,4.77,Shadow Disengagement Triggered
TESLA-SHADOW-2099,40.1,54.4,13.3,26.6,1.31,Seamless Autonomous Alignment
TESLA-SHADOW-2100,43.7,86.4,28.9,23.1,4.97,Shadow Disengagement Triggered
TESLA-SHADOW-2101,42.5,43.1,0.9,23.5,0.5,Seamless Autonomous Alignment
TESLA-SHADOW-2102,55.7,81.5,1.3,22.4,2.39,Seamless Autonomous Alignment
TESLA-SHADOW-2103,72.6,71.3,23.2,29.4,1.29,Seamless Autonomous Alignment
TESLA-SHADOW-2104,49.5,86.9,29.8,23.6,2.1,Seamless Autonomous Alignment
TESLA-SHADOW-2105,27.5,62.2,28.2,22.2,1.92,Seamless Autonomous Alignment
TESLA-SHADOW-2106,35.4,38.0,16.7,36.3,0.82,Seamless Autonomous Alignment
TESLA-SHADOW-2107,43.3,14.5,20.2,29.0,4.11,Seamless Autonomous Alignment
TESLA-SHADOW-2108,71.8,25.7,7.4,28.6,0.91,Seamless Autonomous Alignment
TESLA-SHADOW-2109,47.6,89.0,2.9,29.0,0.75,Seamless Autonomous Alignment
TESLA-SHADOW-2110,36.8,61.5,28.2,28.4,2.03,Seamless Autonomous Alignment
TESLA-SHADOW-2111,25.7,85.4,30.4,26.3,2.77,Seamless Autonomous Alignment
TESLA-SHADOW-2112,51.1,51.3,20.7,26.0,1.29,Seamless Autonomous Alignment
TESLA-SHADOW-2113,36.6,17.5,18.5,23.6,1.63,Seamless Autonomous Alignment
TESLA-SHADOW-2114,37.4,48.7,4.6,22.2,1.32,Seamless Autonomous Alignment
TESLA-SHADOW-2115,51.9,43.7,20.6,24.1,0.19,Seamless Autonomous Alignment
TESLA-SHADOW-2116,49.8,6.3,30.1,25.4,3.4,Seamless Autonomous Alignment
TESLA-SHADOW-2117,56.1,77.5,21.7,27.5,3.86,Seamless Autonomous Alignment
TESLA-SHADOW-2118,25.7,5.6,3.2,29.4,0.33,Seamless Autonomous Alignment
TESLA-SHADOW-2119,41.7,54.3,18.4,23.8,1.94,Seamless Autonomous Alignment
TESLA-SHADOW-2120,49.1,52.3,32.8,23.3,3.33,Seamless Autonomous Alignment
TESLA-SHADOW-2121,25.7,41.4,6.6,25.3,1.58,Seamless Autonomous Alignment
TESLA-SHADOW-2122,38.9,18.8,14.7,29.6,1.14,Seamless Autonomous Alignment
TESLA-SHADOW-2123,74.8,32.1,14.8,25.3,2.47,Seamless Autonomous Alignment
TESLA-SHADOW-2124,63.5,69.1,31.7,27.3,5.16,Shadow Disengagement Triggered
TESLA-SHADOW-2125,44.8,14.3,23.1,26.7,0.71,Seamless Autonomous Alignment
TESLA-SHADOW-2126,44.4,45.7,24.5,28.4,0.1,Seamless Autonomous Alignment
TESLA-SHADOW-2127,70.8,84.4,9.3,23.0,1.58,Seamless Autonomous Alignment
TESLA-SHADOW-2128,37.8,85.7,13.3,23.2,0.82,Seamless Autonomous Alignment
TESLA-SHADOW-2129,65.5,70.8,3.5,22.2,1.57,Seamless Autonomous Alignment
TESLA-SHADOW-2130,53.2,76.0,3.9,22.7,0.82,Seamless Autonomous Alignment
TESLA-SHADOW-2131,29.1,64.9,24.9,22.9,1.3,Seamless Autonomous Alignment
TESLA-SHADOW-2132,54.7,14.9,24.8,31.5,0.13,Seamless Autonomous Alignment
TESLA-SHADOW-2133,58.2,11.9,10.4,25.9,0.58,Seamless Autonomous Alignment
TESLA-SHADOW-2134,55.4,51.0,10.4,23.6,0.22,Seamless Autonomous Alignment
TESLA-SHADOW-2135,60.0,7.5,28.0,23.7,2.78,Seamless Autonomous Alignment
TESLA-SHADOW-2136,55.5,78.0,24.6,23.8,2.75,Seamless Autonomous Alignment
TESLA-SHADOW-2137,72.9,79.1,3.2,26.4,2.32,Seamless Autonomous Alignment
TESLA-SHADOW-2138,34.7,39.3,8.9,22.8,2.56,Seamless Autonomous Alignment
TESLA-SHADOW-2139,34.5,26.8,5.2,33.2,1.81,Seamless Autonomous Alignment
TESLA-SHADOW-2140,69.1,20.2,7.3,28.3,2.45,Seamless Autonomous Alignment
TESLA-SHADOW-2141,69.4,24.5,12.5,22.4,4.06,Seamless Autonomous Alignment
TESLA-SHADOW-2142,67.5,74.2,10.7,23.8,3.73,Seamless Autonomous Alignment
TESLA-SHADOW-2143,51.2,78.6,34.9,30.2,4.18,Shadow Disengagement Triggered
TESLA-SHADOW-2144,52.8,8.4,21.3,23.1,1.11,Seamless Autonomous Alignment
TESLA-SHADOW-2145,28.4,89.6,7.8,28.3,1.25,Seamless Autonomous Alignment
TESLA-SHADOW-2146,38.6,51.4,21.5,27.3,1.81,Seamless Autonomous Alignment
TESLA-SHADOW-2147,33.1,44.2,14.3,22.7,3.11,Seamless Autonomous Alignment
TESLA-SHADOW-2148,27.8,67.2,5.1,27.8,3.39,Seamless Autonomous Alignment
TESLA-SHADOW-2149,59.0,2.2,26.5,22.6,1.25,Seamless Autonomous Alignment
TESLA-SHADOW-2150,74.9,51.0,14.6,27.4,3.55,Seamless Autonomous Alignment
TESLA-SHADOW-2151,29.0,19.4,7.8,22.8,0.99,Seamless Autonomous Alignment
TESLA-SHADOW-2152,52.1,87.6,1.3,24.6,1.03,Seamless Autonomous Alignment
TESLA-SHADOW-2153,41.5,29.5,9.5,24.9,1.17,Seamless Autonomous Alignment
TESLA-SHADOW-2154,48.9,73.6,10.4,23.0,3.58,Seamless Autonomous Alignment
TESLA-SHADOW-2155,30.3,43.0,21.7,22.3,3.13,Seamless Autonomous Alignment
TESLA-SHADOW-2156,59.2,3.7,29.8,22.5,1.83,Seamless Autonomous Alignment
TESLA-SHADOW-2157,58.4,82.9,11.2,23.8,2.96,Seamless Autonomous Alignment
TESLA-SHADOW-2158,40.9,73.8,1.1,23.7,0.55,Seamless Autonomous Alignment
TESLA-SHADOW-2159,69.8,28.7,31.3,23.8,0.99,Seamless Autonomous Alignment
TESLA-SHADOW-2160,40.8,38.6,17.9,22.3,0.41,Seamless Autonomous Alignment
TESLA-SHADOW-2161,36.4,33.1,9.9,26.8,0.56,Seamless Autonomous Alignment
TESLA-SHADOW-2162,64.9,87.3,3.6,32.2,5.11,Shadow Disengagement Triggered
TESLA-SHADOW-2163,71.4,71.3,21.1,22.6,0.92,Seamless Autonomous Alignment
TESLA-SHADOW-2164,66.6,77.9,14.8,33.3,2.95,Shadow Disengagement Triggered
TESLA-SHADOW-2165,39.3,59.7,9.2,30.1,2.17,Seamless Autonomous Alignment
TESLA-SHADOW-2166,67.3,18.9,6.6,25.0,0.47,Seamless Autonomous Alignment
TESLA-SHADOW-2167,41.0,35.8,27.9,29.1,0.35,Seamless Autonomous Alignment
TESLA-SHADOW-2168,54.0,78.8,13.0,27.0,5.19,Shadow Disengagement Triggered
TESLA-SHADOW-2169,46.1,40.3,31.7,22.3,0.36,Seamless Autonomous Alignment
TESLA-SHADOW-2170,31.6,37.8,22.8,29.3,1.03,Seamless Autonomous Alignment
TESLA-SHADOW-2171,57.8,21.4,11.2,26.0,4.05,Seamless Autonomous Alignment
TESLA-SHADOW-2172,35.7,80.4,0.2,26.8,0.24,Seamless Autonomous Alignment
TESLA-SHADOW-2173,62.7,25.7,26.3,24.2,2.75,Seamless Autonomous Alignment
TESLA-SHADOW-2174,28.4,16.6,24.2,29.5,1.52,Seamless Autonomous Alignment
TESLA-SHADOW-2175,62.5,89.8,5.5,23.1,5.19,Shadow Disengagement Triggered
TESLA-SHADOW-2176,33.9,38.8,25.7,23.7,3.17,Seamless Autonomous Alignment
TESLA-SHADOW-2177,61.6,78.3,26.5,27.5,3.36,Seamless Autonomous Alignment
TESLA-SHADOW-2178,65.2,67.7,31.4,24.5,3.74,Seamless Autonomous Alignment
TESLA-SHADOW-2179,68.5,71.3,29.5,27.9,4.46,Seamless Autonomous Alignment
TESLA-SHADOW-2180,51.2,21.7,27.4,24.7,3.32,Seamless Autonomous Alignment
TESLA-SHADOW-2181,30.0,71.6,12.1,30.2,3.19,Shadow Disengagement Triggered
TESLA-SHADOW-2182,42.4,58.5,21.0,24.9,5.15,Shadow Disengagement Triggered
TESLA-SHADOW-2183,66.9,6.9,26.7,24.6,1.56,Seamless Autonomous Alignment
TESLA-SHADOW-2184,60.7,50.3,12.2,22.5,1.24,Seamless Autonomous Alignment
TESLA-SHADOW-2185,54.8,57.2,12.1,22.7,1.76,Seamless Autonomous Alignment
TESLA-SHADOW-2186,57.4,90.0,25.1,23.7,4.17,Seamless Autonomous Alignment
TESLA-SHADOW-2187,37.5,36.1,31.2,22.4,0.09,Seamless Autonomous Alignment
TESLA-SHADOW-2188,27.4,10.3,11.6,27.2,0.73,Seamless Autonomous Alignment
TESLA-SHADOW-2189,52.0,1.5,1.0,24.3,1.01,Seamless Autonomous Alignment
TESLA-SHADOW-2190,52.3,89.9,1.0,28.9,1.97,Seamless Autonomous Alignment
TESLA-SHADOW-2191,57.2,23.2,21.2,23.1,3.89,Seamless Autonomous Alignment
TESLA-SHADOW-2192,68.0,58.7,12.9,29.7,3.9,Seamless Autonomous Alignment
TESLA-SHADOW-2193,61.1,84.3,5.6,22.4,1.93,Seamless Autonomous Alignment
TESLA-SHADOW-2194,59.7,43.9,0.7,22.4,2.29,Seamless Autonomous Alignment
TESLA-SHADOW-2195,67.1,15.9,22.6,32.0,1.13,Seamless Autonomous Alignment
TESLA-SHADOW-2196,49.0,25.0,7.5,31.1,0.67,Seamless Autonomous Alignment
TESLA-SHADOW-2197,73.1,17.0,16.9,22.9,1.54,Seamless Autonomous Alignment
TESLA-SHADOW-2198,42.5,56.7,9.2,25.4,3.07,Seamless Autonomous Alignment
TESLA-SHADOW-2199,73.7,61.0,17.0,22.2,3.66,Seamless Autonomous Alignment
TESLA-SHADOW-2200,54.5,70.5,23.3,28.7,0.3,Seamless Autonomous Alignment
TESLA-SHADOW-2201,25.9,32.8,33.2,23.1,3.86,Seamless Autonomous Alignment
TESLA-SHADOW-2202,33.9,72.7,15.7,22.1,5.56,Shadow Disengagement Triggered
TESLA-SHADOW-2203,55.6,58.7,30.7,22.3,1.14,Seamless Autonomous Alignment
TESLA-SHADOW-2204,28.5,21.7,24.6,32.0,0.21,Seamless Autonomous Alignment
TESLA-SHADOW-2205,42.5,24.1,10.1,23.5,0.92,Seamless Autonomous Alignment
TESLA-SHADOW-2206,68.2,64.7,24.4,30.0,5.32,Shadow Disengagement Triggered
TESLA-SHADOW-2207,58.8,18.0,31.1,25.4,2.49,Seamless Autonomous Alignment
TESLA-SHADOW-2208,26.6,20.8,3.5,25.8,0.89,Seamless Autonomous Alignment
TESLA-SHADOW-2209,27.4,35.1,25.4,29.5,2.77,Seamless Autonomous Alignment
TESLA-SHADOW-2210,55.3,30.3,20.4,30.8,2.12,Seamless Autonomous Alignment
TESLA-SHADOW-2211,50.9,48.7,32.1,22.3,1.07,Seamless Autonomous Alignment
TESLA-SHADOW-2212,64.0,65.1,5.8,27.3,0.09,Seamless Autonomous Alignment
TESLA-SHADOW-2213,67.5,9.0,15.3,27.5,0.69,Seamless Autonomous Alignment
TESLA-SHADOW-2214,45.0,33.4,30.1,29.0,4.14,Seamless Autonomous Alignment
TESLA-SHADOW-2215,66.1,45.7,8.1,23.4,0.88,Seamless Autonomous Alignment
TESLA-SHADOW-2216,40.7,17.1,1.2,31.2,0.39,Seamless Autonomous Alignment
TESLA-SHADOW-2217,42.6,47.3,11.9,22.0,1.39,Seamless Autonomous Alignment
TESLA-SHADOW-2218,32.7,25.1,33.2,33.5,1.83,Seamless Autonomous Alignment
TESLA-SHADOW-2219,38.0,67.1,6.5,33.5,3.67,Seamless Autonomous Alignment
TESLA-SHADOW-2220,40.1,84.3,27.9,23.1,3.91,Seamless Autonomous Alignment
TESLA-SHADOW-2221,31.6,18.8,13.3,27.4,2.85,Seamless Autonomous Alignment
TESLA-SHADOW-2222,30.2,89.8,1.6,24.8,0.46,Seamless Autonomous Alignment
TESLA-SHADOW-2223,35.1,15.3,23.2,23.3,2.1,Seamless Autonomous Alignment
TESLA-SHADOW-2224,66.0,60.1,21.4,33.0,1.48,Seamless Autonomous Alignment
TESLA-SHADOW-2225,51.7,9.3,18.7,26.8,0.51,Seamless Autonomous Alignment
TESLA-SHADOW-2226,50.8,54.3,16.0,24.9,1.55,Seamless Autonomous Alignment
TESLA-SHADOW-2227,71.7,61.5,15.2,24.1,0.4,Seamless Autonomous Alignment
TESLA-SHADOW-2228,26.2,79.1,8.9,22.3,4.23,Seamless Autonomous Alignment
TESLA-SHADOW-2229,58.5,69.9,18.8,23.0,2.38,Seamless Autonomous Alignment
TESLA-SHADOW-2230,48.2,58.3,4.4,24.1,4.22,Seamless Autonomous Alignment
TESLA-SHADOW-2231,36.2,64.8,20.7,24.7,0.75,Seamless Autonomous Alignment
TESLA-SHADOW-2232,49.2,86.9,24.2,24.1,2.15,Seamless Autonomous Alignment
TESLA-SHADOW-2233,53.2,47.0,31.8,23.8,0.15,Seamless Autonomous Alignment
TESLA-SHADOW-2234,37.5,1.8,27.5,23.0,1.45,Seamless Autonomous Alignment
TESLA-SHADOW-2235,41.6,29.2,11.5,24.2,1.11,Seamless Autonomous Alignment
TESLA-SHADOW-2236,33.1,31.8,29.0,25.4,1.94,Seamless Autonomous Alignment
TESLA-SHADOW-2237,49.9,20.4,5.7,22.2,4.27,Seamless Autonomous Alignment
TESLA-SHADOW-2238,70.0,48.9,24.6,26.5,2.11,Seamless Autonomous Alignment
TESLA-SHADOW-2239,47.8,84.5,0.6,22.9,0.31,Seamless Autonomous Alignment
TESLA-SHADOW-2240,28.1,61.2,32.5,23.4,0.99,Seamless Autonomous Alignment
TESLA-SHADOW-2241,46.2,35.4,7.6,30.8,1.2,Seamless Autonomous Alignment
TESLA-SHADOW-2242,50.0,9.1,29.4,27.3,0.81,Seamless Autonomous Alignment
TESLA-SHADOW-2243,33.3,53.7,29.7,22.2,0.58,Seamless Autonomous Alignment
TESLA-SHADOW-2244,41.4,2.1,9.3,23.7,0.31,Seamless Autonomous Alignment
TESLA-SHADOW-2245,66.9,6.2,25.5,29.1,1.6,Seamless Autonomous Alignment
TESLA-SHADOW-2246,25.4,53.0,20.8,23.9,1.76,Seamless Autonomous Alignment
TESLA-SHADOW-2247,64.7,72.7,30.2,26.9,1.44,Seamless Autonomous Alignment
TESLA-SHADOW-2248,52.0,77.9,26.1,24.3,1.32,Seamless Autonomous Alignment
TESLA-SHADOW-2249,55.6,41.7,5.1,32.6,0.94,Seamless Autonomous Alignment
TESLA-SHADOW-2250,39.5,29.5,15.2,27.8,0.49,Seamless Autonomous Alignment
TESLA-SHADOW-2251,49.7,43.4,21.0,32.6,2.58,Seamless Autonomous Alignment
TESLA-SHADOW-2252,44.8,75.9,5.7,27.8,0.98,Seamless Autonomous Alignment
TESLA-SHADOW-2253,49.3,34.2,28.6,22.1,3.21,Seamless Autonomous Alignment
TESLA-SHADOW-2254,30.4,52.7,24.0,22.9,0.01,Seamless Autonomous Alignment
TESLA-SHADOW-2255,28.8,45.8,8.0,31.2,2.47,Seamless Autonomous Alignment
TESLA-SHADOW-2256,60.2,82.1,19.2,22.5,3.17,Seamless Autonomous Alignment
TESLA-SHADOW-2257,55.4,28.7,9.1,22.7,3.13,Seamless Autonomous Alignment
TESLA-SHADOW-2258,70.8,81.1,16.4,30.7,3.82,Shadow Disengagement Triggered
TESLA-SHADOW-2259,45.8,63.5,2.8,29.3,1.85,Seamless Autonomous Alignment
TESLA-SHADOW-2260,33.5,4.0,1.5,26.1,2.15,Seamless Autonomous Alignment
TESLA-SHADOW-2261,49.0,24.4,31.3,23.6,0.25,Seamless Autonomous Alignment
TESLA-SHADOW-2262,25.9,62.2,19.0,22.5,2.09,Seamless Autonomous Alignment
TESLA-SHADOW-2263,73.5,64.4,30.2,24.5,4.73,Shadow Disengagement Triggered
TESLA-SHADOW-2264,72.3,46.0,25.1,28.8,2.96,Seamless Autonomous Alignment
TESLA-SHADOW-2265,58.8,65.9,10.6,22.7,5.59,Shadow Disengagement Triggered
TESLA-SHADOW-2266,68.4,7.5,7.1,27.1,0.36,Seamless Autonomous Alignment
TESLA-SHADOW-2267,54.0,27.0,8.3,26.0,0.98,Seamless Autonomous Alignment
TESLA-SHADOW-2268,46.0,80.0,27.6,23.8,4.54,Shadow Disengagement Triggered
TESLA-SHADOW-2269,69.8,61.3,12.0,23.1,1.58,Seamless Autonomous Alignment
TESLA-SHADOW-2270,30.7,69.6,24.9,22.2,2.52,Seamless Autonomous Alignment
TESLA-SHADOW-2271,26.7,80.6,2.2,25.6,2.31,Seamless Autonomous Alignment
TESLA-SHADOW-2272,31.7,59.9,32.5,27.3,2.63,Seamless Autonomous Alignment
TESLA-SHADOW-2273,31.4,12.2,32.7,29.9,1.76,Seamless Autonomous Alignment
TESLA-SHADOW-2274,44.0,60.2,30.3,28.4,4.37,Seamless Autonomous Alignment
TESLA-SHADOW-2275,47.6,3.7,25.5,38.2,1.75,Seamless Autonomous Alignment
TESLA-SHADOW-2276,38.4,5.5,33.8,24.7,1.42,Seamless Autonomous Alignment
TESLA-SHADOW-2277,25.9,44.3,6.6,24.3,0.7,Seamless Autonomous Alignment
TESLA-SHADOW-2278,50.0,32.7,4.2,23.1,1.83,Seamless Autonomous Alignment
TESLA-SHADOW-2279,32.4,24.2,21.8,26.7,3.1,Seamless Autonomous Alignment
TESLA-SHADOW-2280,57.1,9.5,11.1,23.1,2.09,Seamless Autonomous Alignment
TESLA-SHADOW-2281,71.3,12.8,11.2,23.4,2.27,Seamless Autonomous Alignment
TESLA-SHADOW-2282,37.0,70.8,8.3,26.9,1.39,Seamless Autonomous Alignment
TESLA-SHADOW-2283,68.3,29.2,20.1,23.8,1.62,Seamless Autonomous Alignment
TESLA-SHADOW-2284,70.9,60.4,27.5,23.5,1.96,Seamless Autonomous Alignment
TESLA-SHADOW-2285,54.3,36.0,23.2,23.2,3.15,Seamless Autonomous Alignment
TESLA-SHADOW-2286,37.8,86.4,13.0,23.8,4.48,Seamless Autonomous Alignment
TESLA-SHADOW-2287,27.8,67.1,4.5,27.5,1.05,Seamless Autonomous Alignment
TESLA-SHADOW-2288,48.3,36.5,18.8,26.7,2.3,Seamless Autonomous Alignment
TESLA-SHADOW-2289,62.8,70.0,18.6,24.1,3.28,Seamless Autonomous Alignment
TESLA-SHADOW-2290,44.4,18.0,31.1,22.2,2.44,Seamless Autonomous Alignment
TESLA-SHADOW-2291,37.3,25.6,6.4,22.1,0.99,Seamless Autonomous Alignment
TESLA-SHADOW-2292,43.2,16.5,6.0,25.3,3.88,Seamless Autonomous Alignment
TESLA-SHADOW-2293,61.1,76.9,19.5,22.7,0.04,Seamless Autonomous Alignment
TESLA-SHADOW-2294,69.4,18.1,25.7,22.5,3.04,Seamless Autonomous Alignment
TESLA-SHADOW-2295,69.7,30.9,12.2,22.7,1.34,Seamless Autonomous Alignment
TESLA-SHADOW-2296,53.3,18.1,31.4,27.6,0.28,Seamless Autonomous Alignment
TESLA-SHADOW-2297,64.3,74.7,33.7,22.3,5.62,Shadow Disengagement Triggered
TESLA-SHADOW-2298,64.8,33.3,26.4,24.0,2.03,Seamless Autonomous Alignment
TESLA-SHADOW-2299,73.1,36.9,16.2,27.0,3.7,Seamless Autonomous Alignment
TESLA-SHADOW-2300,73.8,78.6,7.5,22.3,0.04,Seamless Autonomous Alignment
TESLA-SHADOW-2301,67.8,59.7,1.6,26.2,0.08,Seamless Autonomous Alignment
TESLA-SHADOW-2302,62.7,40.0,13.2,22.1,0.93,Seamless Autonomous Alignment
TESLA-SHADOW-2303,69.1,8.0,20.6,23.2,0.74,Seamless Autonomous Alignment
TESLA-SHADOW-2304,27.0,47.0,21.6,22.9,3.47,Seamless Autonomous Alignment
TESLA-SHADOW-2305,43.1,48.3,1.8,24.1,0.14,Seamless Autonomous Alignment
TESLA-SHADOW-2306,61.2,57.4,0.9,22.5,3.93,Seamless Autonomous Alignment
TESLA-SHADOW-2307,39.6,71.2,28.7,22.2,2.27,Seamless Autonomous Alignment
TESLA-SHADOW-2308,61.6,2.1,12.6,25.7,1.98,Seamless Autonomous Alignment
TESLA-SHADOW-2309,69.5,34.1,28.4,31.9,0.14,Seamless Autonomous Alignment
TESLA-SHADOW-2310,50.5,69.2,13.9,23.2,3.62,Seamless Autonomous Alignment
TESLA-SHADOW-2311,25.5,24.9,30.8,26.8,2.21,Seamless Autonomous Alignment
TESLA-SHADOW-2312,73.5,2.8,11.7,25.3,2.99,Seamless Autonomous Alignment
TESLA-SHADOW-2313,56.9,38.3,20.7,26.7,2.96,Seamless Autonomous Alignment
TESLA-SHADOW-2314,31.9,75.8,27.4,22.8,2.57,Seamless Autonomous Alignment
TESLA-SHADOW-2315,32.5,29.6,11.8,23.0,0.75,Seamless Autonomous Alignment
TESLA-SHADOW-2316,56.5,59.1,24.3,26.7,3.49,Seamless Autonomous Alignment
TESLA-SHADOW-2317,43.5,60.4,14.9,32.2,6.58,Shadow Disengagement Triggered
TESLA-SHADOW-2318,53.3,9.9,8.2,24.6,0.75,Seamless Autonomous Alignment
TESLA-SHADOW-2319,40.8,69.7,3.5,23.3,1.9,Seamless Autonomous Alignment
TESLA-SHADOW-2320,52.4,78.5,24.0,26.4,6.6,Shadow Disengagement Triggered
TESLA-SHADOW-2321,40.2,36.7,15.7,27.8,1.88,Seamless Autonomous Alignment
TESLA-SHADOW-2322,29.5,0.5,21.8,24.0,1.24,Seamless Autonomous Alignment
TESLA-SHADOW-2323,49.3,4.1,26.3,22.1,0.7,Seamless Autonomous Alignment
TESLA-SHADOW-2324,43.0,58.7,25.0,22.4,4.41,Seamless Autonomous Alignment
TESLA-SHADOW-2325,58.9,83.9,8.7,25.7,1.94,Seamless Autonomous Alignment
TESLA-SHADOW-2326,34.5,66.9,7.0,22.5,1.6,Seamless Autonomous Alignment
TESLA-SHADOW-2327,42.6,86.8,4.2,25.6,0.06,Seamless Autonomous Alignment
TESLA-SHADOW-2328,62.2,35.6,32.4,22.1,6.49,Shadow Disengagement Triggered
TESLA-SHADOW-2329,72.1,85.1,31.4,26.0,4.25,Seamless Autonomous Alignment
TESLA-SHADOW-2330,31.9,14.8,5.8,22.5,2.44,Seamless Autonomous Alignment
TESLA-SHADOW-2331,35.1,30.8,20.9,34.0,0.63,Seamless Autonomous Alignment
TESLA-SHADOW-2332,69.5,63.7,6.7,23.5,2.19,Seamless Autonomous Alignment
TESLA-SHADOW-2333,47.3,78.9,15.9,23.0,0.52,Seamless Autonomous Alignment
TESLA-SHADOW-2334,53.1,54.3,22.1,22.0,4.96,Shadow Disengagement Triggered
TESLA-SHADOW-2335,65.0,54.0,24.2,23.6,1.26,Seamless Autonomous Alignment
TESLA-SHADOW-2336,72.6,8.1,3.7,24.4,4.49,Seamless Autonomous Alignment
TESLA-SHADOW-2337,69.1,32.4,23.7,25.7,0.98,Seamless Autonomous Alignment
TESLA-SHADOW-2338,56.6,64.0,12.8,23.2,1.34,Seamless Autonomous Alignment
TESLA-SHADOW-2339,57.5,50.6,15.8,23.1,3.02,Seamless Autonomous Alignment
TESLA-SHADOW-2340,66.9,85.3,12.9,22.9,0.26,Seamless Autonomous Alignment
TESLA-SHADOW-2341,40.6,70.1,13.5,22.4,3.02,Seamless Autonomous Alignment
TESLA-SHADOW-2342,31.8,71.0,9.2,31.4,2.93,Shadow Disengagement Triggered
TESLA-SHADOW-2343,59.6,36.8,3.9,23.7,1.5,Seamless Autonomous Alignment
TESLA-SHADOW-2344,42.2,73.6,15.0,39.9,5.45,Shadow Disengagement Triggered
TESLA-SHADOW-2345,53.5,48.6,32.5,25.6,4.61,Shadow Disengagement Triggered
TESLA-SHADOW-2346,44.8,12.8,33.7,23.1,3.71,Seamless Autonomous Alignment
TESLA-SHADOW-2347,56.4,41.0,10.9,27.8,3.88,Seamless Autonomous Alignment
TESLA-SHADOW-2348,54.2,3.1,23.6,38.1,3.73,Seamless Autonomous Alignment
TESLA-SHADOW-2349,28.2,89.1,25.2,28.8,5.31,Shadow Disengagement Triggered
TESLA-SHADOW-2350,59.4,54.5,17.1,28.2,2.63,Seamless Autonomous Alignment
TESLA-SHADOW-2351,62.8,86.4,26.4,24.5,2.87,Seamless Autonomous Alignment
TESLA-SHADOW-2352,38.2,48.1,26.7,28.0,4.96,Shadow Disengagement Triggered
TESLA-SHADOW-2353,33.4,75.6,9.1,28.4,2.75,Seamless Autonomous Alignment
TESLA-SHADOW-2354,30.4,16.3,30.1,24.8,0.66,Seamless Autonomous Alignment
TESLA-SHADOW-2355,63.8,17.8,16.6,24.8,1.61,Seamless Autonomous Alignment
TESLA-SHADOW-2356,29.5,42.0,3.0,26.3,1.7,Seamless Autonomous Alignment
TESLA-SHADOW-2357,44.3,25.0,34.1,22.2,0.4,Seamless Autonomous Alignment
TESLA-SHADOW-2358,26.2,6.2,18.0,22.0,0.23,Seamless Autonomous Alignment
TESLA-SHADOW-2359,70.7,57.8,11.9,23.9,1.94,Seamless Autonomous Alignment
TESLA-SHADOW-2360,28.8,10.9,23.6,26.1,1.05,Seamless Autonomous Alignment
TESLA-SHADOW-2361,45.8,32.3,7.2,24.5,0.87,Seamless Autonomous Alignment
TESLA-SHADOW-2362,63.3,85.7,27.8,30.4,3.26,Shadow Disengagement Triggered
TESLA-SHADOW-2363,55.3,43.0,26.9,25.0,1.11,Seamless Autonomous Alignment
TESLA-SHADOW-2364,27.8,39.3,9.3,27.4,0.62,Seamless Autonomous Alignment
TESLA-SHADOW-2365,44.8,9.4,30.3,24.1,2.05,Seamless Autonomous Alignment
TESLA-SHADOW-2366,47.6,82.6,14.9,30.4,3.1,Shadow Disengagement Triggered
TESLA-SHADOW-2367,46.6,25.6,24.7,24.0,2.91,Seamless Autonomous Alignment
TESLA-SHADOW-2368,64.1,6.8,24.4,28.1,2.69,Seamless Autonomous Alignment
TESLA-SHADOW-2369,35.5,39.0,13.1,22.1,4.41,Seamless Autonomous Alignment
TESLA-SHADOW-2370,60.4,86.5,1.8,25.2,3.51,Seamless Autonomous Alignment
TESLA-SHADOW-2371,31.0,2.8,21.0,25.9,0.27,Seamless Autonomous Alignment
TESLA-SHADOW-2372,43.8,5.5,10.8,25.7,1.96,Seamless Autonomous Alignment
TESLA-SHADOW-2373,25.8,34.2,20.2,29.5,0.39,Seamless Autonomous Alignment
TESLA-SHADOW-2374,57.6,6.6,7.0,23.3,2.6,Seamless Autonomous Alignment
TESLA-SHADOW-2375,54.7,80.7,5.5,25.9,2.27,Seamless Autonomous Alignment
TESLA-SHADOW-2376,63.8,70.9,6.5,28.8,3.33,Seamless Autonomous Alignment
TESLA-SHADOW-2377,71.0,26.5,4.3,27.1,3.58,Seamless Autonomous Alignment
TESLA-SHADOW-2378,38.4,44.8,12.7,26.2,1.85,Seamless Autonomous Alignment
TESLA-SHADOW-2379,68.2,29.1,15.4,22.6,4.56,Shadow Disengagement Triggered
TESLA-SHADOW-2380,46.7,25.2,18.1,28.4,0.43,Seamless Autonomous Alignment
TESLA-SHADOW-2381,56.5,37.2,24.9,22.7,4.07,Seamless Autonomous Alignment
TESLA-SHADOW-2382,71.1,4.1,33.2,24.8,1.07,Seamless Autonomous Alignment
TESLA-SHADOW-2383,56.3,75.8,13.3,26.3,3.72,Seamless Autonomous Alignment
TESLA-SHADOW-2384,50.2,48.6,20.9,23.2,0.62,Seamless Autonomous Alignment
TESLA-SHADOW-2385,36.1,22.0,17.0,22.1,0.88,Seamless Autonomous Alignment
TESLA-SHADOW-2386,39.8,90.0,10.5,25.3,5.92,Shadow Disengagement Triggered
TESLA-SHADOW-2387,29.4,88.3,20.6,24.4,2.62,Seamless Autonomous Alignment
TESLA-SHADOW-2388,36.6,61.7,3.0,25.9,1.44,Seamless Autonomous Alignment
TESLA-SHADOW-2389,28.5,32.4,30.5,28.9,1.01,Seamless Autonomous Alignment
TESLA-SHADOW-2390,74.4,63.0,21.1,23.5,4.39,Seamless Autonomous Alignment
TESLA-SHADOW-2391,73.0,73.4,18.3,22.4,1.77,Seamless Autonomous Alignment
TESLA-SHADOW-2392,64.7,57.0,18.4,27.0,2.19,Seamless Autonomous Alignment
TESLA-SHADOW-2393,60.6,88.3,10.1,24.7,3.11,Seamless Autonomous Alignment
TESLA-SHADOW-2394,71.1,20.9,18.3,22.0,1.74,Seamless Autonomous Alignment
TESLA-SHADOW-2395,36.5,68.4,16.1,22.2,0.23,Seamless Autonomous Alignment
TESLA-SHADOW-2396,30.6,37.5,11.1,25.5,4.81,Shadow Disengagement Triggered
TESLA-SHADOW-2397,55.8,5.9,3.3,48.9,1.47,Seamless Autonomous Alignment
TESLA-SHADOW-2398,72.7,48.5,21.2,23.6,3.53,Seamless Autonomous Alignment
TESLA-SHADOW-2399,54.7,6.8,8.5,24.2,1.21,Seamless Autonomous Alignment
TESLA-SHADOW-2400,62.4,49.2,16.2,22.2,2.2,Seamless Autonomous Alignment
TESLA-SHADOW-2401,43.2,33.0,24.6,23.9,2.19,Seamless Autonomous Alignment
TESLA-SHADOW-2402,36.4,77.5,31.1,29.8,1.14,Seamless Autonomous Alignment
TESLA-SHADOW-2403,66.8,58.0,1.5,22.1,2.0,Seamless Autonomous Alignment
TESLA-SHADOW-2404,34.3,42.0,20.6,24.3,3.58,Seamless Autonomous Alignment
TESLA-SHADOW-2405,56.8,1.5,13.7,33.0,1.57,Seamless Autonomous Alignment
TESLA-SHADOW-2406,58.8,16.8,13.9,24.4,0.4,Seamless Autonomous Alignment
TESLA-SHADOW-2407,68.3,86.0,17.7,22.2,2.38,Seamless Autonomous Alignment
TESLA-SHADOW-2408,74.4,29.6,4.4,24.0,0.33,Seamless Autonomous Alignment
TESLA-SHADOW-2409,39.5,39.3,7.5,24.9,1.6,Seamless Autonomous Alignment
TESLA-SHADOW-2410,35.9,55.5,1.4,24.1,2.43,Seamless Autonomous Alignment
TESLA-SHADOW-2411,33.4,17.9,7.7,23.3,1.35,Seamless Autonomous Alignment
TESLA-SHADOW-2412,58.3,15.3,7.4,24.5,1.76,Seamless Autonomous Alignment
TESLA-SHADOW-2413,72.5,38.8,29.7,23.7,4.05,Seamless Autonomous Alignment
TESLA-SHADOW-2414,66.2,13.2,13.4,25.9,1.3,Seamless Autonomous Alignment
TESLA-SHADOW-2415,45.8,54.6,33.8,24.8,0.7,Seamless Autonomous Alignment
TESLA-SHADOW-2416,32.9,25.1,24.9,23.4,0.3,Seamless Autonomous Alignment
TESLA-SHADOW-2417,56.1,73.9,14.0,22.5,0.77,Seamless Autonomous Alignment
TESLA-SHADOW-2418,32.3,48.6,0.2,28.7,1.75,Seamless Autonomous Alignment
TESLA-SHADOW-2419,42.7,33.6,10.0,31.2,3.07,Seamless Autonomous Alignment
TESLA-SHADOW-2420,71.5,76.2,5.8,28.2,5.21,Shadow Disengagement Triggered
TESLA-SHADOW-2421,67.7,25.3,21.5,29.4,0.41,Seamless Autonomous Alignment
TESLA-SHADOW-2422,50.5,44.0,28.9,37.6,4.9,Shadow Disengagement Triggered
TESLA-SHADOW-2423,38.2,44.5,29.9,24.4,1.41,Seamless Autonomous Alignment
TESLA-SHADOW-2424,31.7,39.7,30.4,23.5,5.74,Shadow Disengagement Triggered
TESLA-SHADOW-2425,49.6,7.5,21.8,28.1,2.91,Seamless Autonomous Alignment
TESLA-SHADOW-2426,48.5,35.7,20.4,25.4,0.34,Seamless Autonomous Alignment
TESLA-SHADOW-2427,46.4,62.1,3.5,26.4,5.45,Shadow Disengagement Triggered
TESLA-SHADOW-2428,60.3,55.3,1.9,22.3,0.88,Seamless Autonomous Alignment
TESLA-SHADOW-2429,52.8,76.0,8.4,28.7,1.67,Seamless Autonomous Alignment
TESLA-SHADOW-2430,57.3,46.4,28.8,28.4,3.79,Seamless Autonomous Alignment
TESLA-SHADOW-2431,33.4,33.9,5.3,28.6,4.64,Shadow Disengagement Triggered
TESLA-SHADOW-2432,35.7,36.7,17.9,24.2,2.5,Seamless Autonomous Alignment
TESLA-SHADOW-2433,46.6,50.3,21.6,29.1,1.75,Seamless Autonomous Alignment
TESLA-SHADOW-2434,42.4,71.5,1.2,26.5,1.08,Seamless Autonomous Alignment
TESLA-SHADOW-2435,33.0,55.0,27.5,22.2,1.07,Seamless Autonomous Alignment
TESLA-SHADOW-2436,49.7,42.5,9.4,22.2,2.96,Seamless Autonomous Alignment
TESLA-SHADOW-2437,47.0,61.5,26.3,25.8,2.16,Seamless Autonomous Alignment
TESLA-SHADOW-2438,54.1,7.4,4.8,29.8,0.81,Seamless Autonomous Alignment
TESLA-SHADOW-2439,48.9,70.3,11.4,23.6,2.16,Seamless Autonomous Alignment
TESLA-SHADOW-2440,45.3,58.5,7.1,35.3,2.1,Seamless Autonomous Alignment
TESLA-SHADOW-2441,31.3,4.9,12.2,26.1,0.73,Seamless Autonomous Alignment
TESLA-SHADOW-2442,25.1,18.0,25.7,23.5,2.85,Seamless Autonomous Alignment
TESLA-SHADOW-2443,50.7,53.4,22.2,23.3,4.16,Seamless Autonomous Alignment
TESLA-SHADOW-2444,36.4,43.9,19.8,23.2,0.65,Seamless Autonomous Alignment
TESLA-SHADOW-2445,62.6,25.2,22.3,24.9,0.72,Seamless Autonomous Alignment
TESLA-SHADOW-2446,39.9,48.6,3.6,26.1,0.11,Seamless Autonomous Alignment
TESLA-SHADOW-2447,71.5,72.5,3.0,22.6,0.84,Seamless Autonomous Alignment
TESLA-SHADOW-2448,43.0,29.0,14.3,22.2,1.57,Seamless Autonomous Alignment
TESLA-SHADOW-2449,49.8,14.7,32.6,22.8,2.84,Seamless Autonomous Alignment
TESLA-SHADOW-2450,30.5,15.1,16.7,22.1,0.49,Seamless Autonomous Alignment
TESLA-SHADOW-2451,47.7,35.8,15.5,24.5,0.76,Seamless Autonomous Alignment
TESLA-SHADOW-2452,71.3,68.8,26.8,24.0,1.5,Seamless Autonomous Alignment
TESLA-SHADOW-2453,70.9,83.2,8.4,22.1,0.53,Seamless Autonomous Alignment
TESLA-SHADOW-2454,52.2,49.0,7.6,24.5,0.16,Seamless Autonomous Alignment
TESLA-SHADOW-2455,49.3,56.1,0.3,23.8,1.59,Seamless Autonomous Alignment
TESLA-SHADOW-2456,38.9,71.3,30.1,31.7,5.06,Shadow Disengagement Triggered
TESLA-SHADOW-2457,42.5,20.2,29.6,24.5,0.74,Seamless Autonomous Alignment
TESLA-SHADOW-2458,59.9,70.4,22.9,25.5,3.0,Seamless Autonomous Alignment
TESLA-SHADOW-2459,68.4,37.6,16.5,22.4,0.88,Seamless Autonomous Alignment
TESLA-SHADOW-2460,57.3,17.9,31.5,22.7,1.82,Seamless Autonomous Alignment
TESLA-SHADOW-2461,38.0,20.4,13.3,23.4,1.7,Seamless Autonomous Alignment
TESLA-SHADOW-2462,53.2,45.2,3.1,22.9,1.95,Seamless Autonomous Alignment
TESLA-SHADOW-2463,31.4,10.5,27.2,22.3,2.41,Seamless Autonomous Alignment
TESLA-SHADOW-2464,60.9,83.9,26.6,24.0,1.89,Seamless Autonomous Alignment
TESLA-SHADOW-2465,44.7,85.2,2.7,24.2,2.92,Seamless Autonomous Alignment
TESLA-SHADOW-2466,74.2,32.8,14.5,26.5,3.09,Seamless Autonomous Alignment
TESLA-SHADOW-2467,54.7,73.0,30.5,24.3,4.3,Seamless Autonomous Alignment
TESLA-SHADOW-2468,30.3,62.6,24.8,23.7,1.36,Seamless Autonomous Alignment
TESLA-SHADOW-2469,29.9,63.8,3.9,28.9,2.92,Seamless Autonomous Alignment
TESLA-SHADOW-2470,36.2,15.8,34.4,24.5,1.85,Seamless Autonomous Alignment
TESLA-SHADOW-2471,44.3,38.9,5.9,27.5,0.56,Seamless Autonomous Alignment
TESLA-SHADOW-2472,52.4,39.5,17.2,23.6,2.72,Seamless Autonomous Alignment
TESLA-SHADOW-2473,38.9,68.6,30.2,23.0,4.44,Seamless Autonomous Alignment
TESLA-SHADOW-2474,44.0,6.3,27.5,23.5,1.82,Seamless Autonomous Alignment
TESLA-SHADOW-2475,39.2,65.6,10.7,24.3,1.13,Seamless Autonomous Alignment
TESLA-SHADOW-2476,41.2,59.3,19.0,27.9,2.18,Seamless Autonomous Alignment
TESLA-SHADOW-2477,47.6,12.1,27.7,27.8,3.76,Seamless Autonomous Alignment
TESLA-SHADOW-2478,47.5,11.5,25.8,27.4,0.37,Seamless Autonomous Alignment
TESLA-SHADOW-2479,50.5,89.1,12.8,24.6,4.59,Shadow Disengagement Triggered
TESLA-SHADOW-2480,71.1,20.2,33.5,22.1,3.26,Seamless Autonomous Alignment
TESLA-SHADOW-2481,28.9,85.1,32.3,29.4,3.73,Seamless Autonomous Alignment
TESLA-SHADOW-2482,53.0,22.9,14.3,22.2,4.14,Seamless Autonomous Alignment
TESLA-SHADOW-2483,41.7,44.6,17.3,24.4,1.01,Seamless Autonomous Alignment
TESLA-SHADOW-2484,37.9,75.3,1.2,26.3,0.02,Seamless Autonomous Alignment
TESLA-SHADOW-2485,29.7,52.3,7.7,23.8,3.32,Seamless Autonomous Alignment
TESLA-SHADOW-2486,25.3,60.5,11.2,28.0,2.33,Seamless Autonomous Alignment
TESLA-SHADOW-2487,46.0,13.3,16.5,23.4,0.44,Seamless Autonomous Alignment
TESLA-SHADOW-2488,35.7,23.4,0.0,25.3,2.7,Seamless Autonomous Alignment
TESLA-SHADOW-2489,71.4,47.6,3.8,23.6,3.81,Seamless Autonomous Alignment
TESLA-SHADOW-2490,36.4,5.0,29.4,23.2,2.55,Seamless Autonomous Alignment
TESLA-SHADOW-2491,67.3,80.4,27.1,32.4,4.16,Shadow Disengagement Triggered
TESLA-SHADOW-2492,37.5,67.7,3.8,22.6,0.23,Seamless Autonomous Alignment
TESLA-SHADOW-2493,46.0,76.1,18.5,22.9,3.29,Seamless Autonomous Alignment
TESLA-SHADOW-2494,68.2,56.5,27.2,26.0,1.38,Seamless Autonomous Alignment
TESLA-SHADOW-2495,41.2,10.0,10.2,23.2,5.75,Shadow Disengagement Triggered
TESLA-SHADOW-2496,48.2,46.7,23.3,23.0,1.74,Seamless Autonomous Alignment
TESLA-SHADOW-2497,55.7,12.6,6.6,27.5,0.8,Seamless Autonomous Alignment
TESLA-SHADOW-2498,61.2,55.8,9.7,23.1,1.64,Seamless Autonomous Alignment
TESLA-SHADOW-2499,68.5,78.7,17.1,24.7,0.02,Seamless Autonomous Alignment
TESLA-SHADOW-2500,31.3,48.5,27.4,27.9,0.72,Seamless Autonomous Alignment
TESLA-SHADOW-2501,46.2,1.6,6.5,24.3,2.37,Seamless Autonomous Alignment
TESLA-SHADOW-2502,59.4,77.6,7.1,24.1,5.96,Shadow Disengagement Triggered
TESLA-SHADOW-2503,47.4,10.9,30.3,22.2,3.71,Seamless Autonomous Alignment
TESLA-SHADOW-2504,45.4,9.8,0.1,22.8,0.51,Seamless Autonomous Alignment
TESLA-SHADOW-2505,37.8,8.5,9.6,26.3,0.94,Seamless Autonomous Alignment
TESLA-SHADOW-2506,37.4,8.3,23.2,22.4,3.98,Seamless Autonomous Alignment
TESLA-SHADOW-2507,71.4,75.7,15.7,30.9,1.32,Shadow Disengagement Triggered
TESLA-SHADOW-2508,67.9,55.7,15.0,24.2,3.31,Seamless Autonomous Alignment
TESLA-SHADOW-2509,72.9,9.2,28.4,30.2,2.86,Seamless Autonomous Alignment
TESLA-SHADOW-2510,50.2,44.4,30.6,22.1,3.61,Seamless Autonomous Alignment
TESLA-SHADOW-2511,46.7,30.3,20.9,22.9,1.78,Seamless Autonomous Alignment
TESLA-SHADOW-2512,34.7,73.4,34.0,23.0,3.53,Seamless Autonomous Alignment
TESLA-SHADOW-2513,44.3,4.6,11.6,22.6,0.6,Seamless Autonomous Alignment
TESLA-SHADOW-2514,73.8,51.1,20.4,24.3,2.39,Seamless Autonomous Alignment
TESLA-SHADOW-2515,61.9,24.2,23.0,26.6,0.95,Seamless Autonomous Alignment
TESLA-SHADOW-2516,64.9,21.9,30.3,23.9,2.46,Seamless Autonomous Alignment
TESLA-SHADOW-2517,71.4,80.9,9.3,26.2,2.52,Seamless Autonomous Alignment
TESLA-SHADOW-2518,55.2,8.6,25.7,24.2,0.45,Seamless Autonomous Alignment
TESLA-SHADOW-2519,33.8,15.4,4.1,22.1,0.01,Seamless Autonomous Alignment
TESLA-SHADOW-2520,32.0,12.3,24.8,22.4,0.28,Seamless Autonomous Alignment
TESLA-SHADOW-2521,73.4,12.0,26.8,24.6,0.13,Seamless Autonomous Alignment
TESLA-SHADOW-2522,42.7,12.9,34.8,22.9,2.09,Seamless Autonomous Alignment
TESLA-SHADOW-2523,72.3,72.8,15.4,23.4,1.74,Seamless Autonomous Alignment
TESLA-SHADOW-2524,64.3,87.1,15.2,29.5,6.74,Shadow Disengagement Triggered
TESLA-SHADOW-2525,29.5,77.8,29.3,23.2,4.25,Seamless Autonomous Alignment
TESLA-SHADOW-2526,73.2,65.7,32.8,23.6,1.78,Seamless Autonomous Alignment
TESLA-SHADOW-2527,54.3,21.7,7.5,23.6,1.66,Seamless Autonomous Alignment
TESLA-SHADOW-2528,56.5,8.4,33.9,22.6,1.83,Seamless Autonomous Alignment
TESLA-SHADOW-2529,67.4,24.1,34.9,25.9,0.4,Seamless Autonomous Alignment
TESLA-SHADOW-2530,69.9,60.9,15.3,34.0,2.34,Seamless Autonomous Alignment
TESLA-SHADOW-2531,60.2,16.0,20.4,22.3,0.94,Seamless Autonomous Alignment
TESLA-SHADOW-2532,61.8,66.8,32.6,22.4,2.03,Seamless Autonomous Alignment
TESLA-SHADOW-2533,44.4,27.6,27.1,31.4,3.63,Seamless Autonomous Alignment
TESLA-SHADOW-2534,34.9,57.1,30.0,25.5,3.61,Seamless Autonomous Alignment
TESLA-SHADOW-2535,39.2,34.2,25.9,24.3,3.2,Seamless Autonomous Alignment
TESLA-SHADOW-2536,56.9,42.0,14.9,26.0,3.53,Seamless Autonomous Alignment
TESLA-SHADOW-2537,35.1,29.8,25.3,25.7,3.99,Seamless Autonomous Alignment
TESLA-SHADOW-2538,26.4,80.5,32.9,26.8,4.88,Shadow Disengagement Triggered
TESLA-SHADOW-2539,48.6,85.0,20.7,33.6,1.42,Shadow Disengagement Triggered
TESLA-SHADOW-2540,49.3,49.0,8.1,23.9,1.61,Seamless Autonomous Alignment
TESLA-SHADOW-2541,73.3,86.3,5.9,24.6,6.87,Shadow Disengagement Triggered
TESLA-SHADOW-2542,60.7,81.7,21.5,26.3,2.08,Seamless Autonomous Alignment
TESLA-SHADOW-2543,53.9,73.2,17.7,24.4,2.25,Seamless Autonomous Alignment
TESLA-SHADOW-2544,54.5,51.4,25.1,26.3,0.46,Seamless Autonomous Alignment
TESLA-SHADOW-2545,25.4,46.2,19.0,33.0,5.2,Shadow Disengagement Triggered
TESLA-SHADOW-2546,48.0,7.9,34.1,32.4,1.3,Seamless Autonomous Alignment
TESLA-SHADOW-2547,65.6,88.6,15.6,22.8,4.2,Seamless Autonomous Alignment
TESLA-SHADOW-2548,67.0,43.4,17.8,25.3,3.79,Seamless Autonomous Alignment
TESLA-SHADOW-2549,59.4,79.3,12.0,23.6,0.22,Seamless Autonomous Alignment
TESLA-SHADOW-2550,48.3,27.6,7.2,22.0,2.24,Seamless Autonomous Alignment
TESLA-SHADOW-2551,68.7,37.6,25.7,25.2,1.97,Seamless Autonomous Alignment
TESLA-SHADOW-2552,44.9,65.5,10.3,24.7,1.45,Seamless Autonomous Alignment
TESLA-SHADOW-2553,25.4,60.4,6.8,26.9,0.31,Seamless Autonomous Alignment
TESLA-SHADOW-2554,51.7,0.3,2.2,25.9,0.94,Seamless Autonomous Alignment
TESLA-SHADOW-2555,58.7,9.7,15.1,24.1,0.9,Seamless Autonomous Alignment
TESLA-SHADOW-2556,66.9,85.2,22.1,23.4,1.71,Seamless Autonomous Alignment
TESLA-SHADOW-2557,41.0,19.6,15.5,24.4,2.27,Seamless Autonomous Alignment
TESLA-SHADOW-2558,54.7,57.7,29.3,24.4,2.59,Seamless Autonomous Alignment
TESLA-SHADOW-2559,67.8,44.0,0.0,22.4,0.03,Seamless Autonomous Alignment
TESLA-SHADOW-2560,56.8,67.1,16.6,23.4,1.91,Seamless Autonomous Alignment
TESLA-SHADOW-2561,41.1,6.4,11.8,30.1,3.79,Seamless Autonomous Alignment
TESLA-SHADOW-2562,68.2,25.5,29.9,27.9,1.33,Seamless Autonomous Alignment
TESLA-SHADOW-2563,32.6,27.7,0.7,24.0,0.1,Seamless Autonomous Alignment
TESLA-SHADOW-2564,30.1,14.0,24.4,28.0,0.35,Seamless Autonomous Alignment
TESLA-SHADOW-2565,49.8,28.9,22.4,32.7,3.79,Seamless Autonomous Alignment
TESLA-SHADOW-2566,49.4,38.3,1.1,24.9,0.67,Seamless Autonomous Alignment
TESLA-SHADOW-2567,45.1,79.4,20.6,29.4,2.98,Seamless Autonomous Alignment
TESLA-SHADOW-2568,67.1,11.0,6.0,23.9,1.87,Seamless Autonomous Alignment
TESLA-SHADOW-2569,44.4,27.8,25.8,25.8,3.83,Seamless Autonomous Alignment
TESLA-SHADOW-2570,27.1,32.5,34.9,23.2,5.52,Shadow Disengagement Triggered
TESLA-SHADOW-2571,27.3,86.9,32.3,26.6,3.83,Seamless Autonomous Alignment
TESLA-SHADOW-2572,64.2,53.9,11.5,24.7,1.41,Seamless Autonomous Alignment
TESLA-SHADOW-2573,43.6,64.6,5.4,23.4,3.73,Seamless Autonomous Alignment
TESLA-SHADOW-2574,48.6,87.9,7.5,32.8,2.7,Shadow Disengagement Triggered
TESLA-SHADOW-2575,57.0,8.9,17.1,27.0,3.28,Seamless Autonomous Alignment
TESLA-SHADOW-2576,66.9,2.8,25.6,28.7,5.13,Shadow Disengagement Triggered
TESLA-SHADOW-2577,66.6,8.6,22.3,26.5,0.01,Seamless Autonomous Alignment
TESLA-SHADOW-2578,29.5,73.1,23.8,27.0,1.21,Seamless Autonomous Alignment
TESLA-SHADOW-2579,69.5,14.2,5.1,28.9,3.8,Seamless Autonomous Alignment
TESLA-SHADOW-2580,31.5,27.2,24.5,23.2,0.7,Seamless Autonomous Alignment
TESLA-SHADOW-2581,52.1,46.3,0.2,22.5,1.65,Seamless Autonomous Alignment
TESLA-SHADOW-2582,69.3,4.3,32.4,26.2,5.85,Shadow Disengagement Triggered
TESLA-SHADOW-2583,61.8,50.2,20.9,25.3,2.64,Seamless Autonomous Alignment
TESLA-SHADOW-2584,69.5,78.6,21.4,22.2,0.55,Seamless Autonomous Alignment
TESLA-SHADOW-2585,35.5,66.4,27.9,28.2,2.6,Seamless Autonomous Alignment
TESLA-SHADOW-2586,49.1,68.8,18.4,25.9,5.43,Shadow Disengagement Triggered
TESLA-SHADOW-2587,31.3,81.3,29.0,23.5,4.12,Seamless Autonomous Alignment
TESLA-SHADOW-2588,27.6,79.9,22.9,24.8,3.85,Seamless Autonomous Alignment
TESLA-SHADOW-2589,47.2,9.6,11.6,26.3,2.55,Seamless Autonomous Alignment
TESLA-SHADOW-2590,56.1,75.2,28.8,28.2,2.05,Seamless Autonomous Alignment
TESLA-SHADOW-2591,48.3,48.6,34.8,22.2,2.82,Seamless Autonomous Alignment
TESLA-SHADOW-2592,49.8,42.3,23.5,22.9,1.89,Seamless Autonomous Alignment
TESLA-SHADOW-2593,42.7,71.5,1.4,32.1,3.33,Shadow Disengagement Triggered
TESLA-SHADOW-2594,27.6,23.6,27.4,22.3,0.44,Seamless Autonomous Alignment
TESLA-SHADOW-2595,28.5,62.1,26.0,22.7,5.68,Shadow Disengagement Triggered
TESLA-SHADOW-2596,27.4,46.3,26.0,25.5,4.05,Seamless Autonomous Alignment
TESLA-SHADOW-2597,41.9,43.3,22.7,30.4,2.29,Seamless Autonomous Alignment
TESLA-SHADOW-2598,64.5,31.8,9.4,56.6,0.86,Seamless Autonomous Alignment
TESLA-SHADOW-2599,50.9,37.1,2.9,25.9,0.38,Seamless Autonomous Alignment
TESLA-SHADOW-2600,53.4,42.2,16.3,31.5,2.88,Seamless Autonomous Alignment
TESLA-SHADOW-2601,58.9,52.6,0.8,31.9,2.58,Seamless Autonomous Alignment
TESLA-SHADOW-2602,58.1,18.0,1.1,24.4,0.74,Seamless Autonomous Alignment
TESLA-SHADOW-2603,67.4,36.1,33.4,26.0,3.24,Seamless Autonomous Alignment
TESLA-SHADOW-2604,43.3,42.8,30.7,24.5,2.9,Seamless Autonomous Alignment
TESLA-SHADOW-2605,49.8,7.5,27.2,29.4,0.82,Seamless Autonomous Alignment
TESLA-SHADOW-2606,47.2,0.7,26.7,25.1,2.35,Seamless Autonomous Alignment
TESLA-SHADOW-2607,25.3,73.7,2.5,31.2,5.4,Shadow Disengagement Triggered
TESLA-SHADOW-2608,31.1,55.4,13.9,22.0,4.81,Shadow Disengagement Triggered
TESLA-SHADOW-2609,65.3,12.9,23.2,22.5,1.11,Seamless Autonomous Alignment
TESLA-SHADOW-2610,72.5,51.1,26.2,22.0,2.39,Seamless Autonomous Alignment
TESLA-SHADOW-2611,49.2,15.4,8.4,23.6,3.64,Seamless Autonomous Alignment
TESLA-SHADOW-2612,32.1,8.7,30.7,24.4,2.12,Seamless Autonomous Alignment
TESLA-SHADOW-2613,42.0,84.6,19.8,23.3,3.63,Seamless Autonomous Alignment
TESLA-SHADOW-2614,25.7,73.0,28.8,31.2,1.23,Shadow Disengagement Triggered
TESLA-SHADOW-2615,35.2,78.2,25.9,44.8,3.29,Shadow Disengagement Triggered
TESLA-SHADOW-2616,57.5,62.0,27.0,23.5,4.57,Shadow Disengagement Triggered
TESLA-SHADOW-2617,29.9,46.1,23.5,27.8,0.08,Seamless Autonomous Alignment
TESLA-SHADOW-2618,48.6,63.7,19.4,29.4,2.65,Seamless Autonomous Alignment
TESLA-SHADOW-2619,29.3,26.4,2.7,29.7,2.32,Seamless Autonomous Alignment
TESLA-SHADOW-2620,29.8,3.7,25.6,24.9,2.74,Seamless Autonomous Alignment
TESLA-SHADOW-2621,33.2,41.4,12.2,22.9,5.21,Shadow Disengagement Triggered
TESLA-SHADOW-2622,27.7,18.6,2.5,24.2,0.16,Seamless Autonomous Alignment
TESLA-SHADOW-2623,36.0,34.4,15.5,24.1,4.09,Seamless Autonomous Alignment
TESLA-SHADOW-2624,45.1,7.7,26.4,25.7,2.48,Seamless Autonomous Alignment
TESLA-SHADOW-2625,52.4,67.4,28.0,25.1,1.88,Seamless Autonomous Alignment
TESLA-SHADOW-2626,43.7,42.1,29.7,22.4,2.69,Seamless Autonomous Alignment
TESLA-SHADOW-2627,47.5,45.4,23.4,43.6,5.59,Shadow Disengagement Triggered
TESLA-SHADOW-2628,46.7,89.5,26.7,23.9,4.93,Shadow Disengagement Triggered
TESLA-SHADOW-2629,68.8,84.7,19.4,23.9,0.58,Seamless Autonomous Alignment
TESLA-SHADOW-2630,45.1,9.3,29.7,22.0,5.54,Shadow Disengagement Triggered
TESLA-SHADOW-2631,27.5,51.8,27.7,23.8,2.24,Seamless Autonomous Alignment
TESLA-SHADOW-2632,29.9,6.8,25.3,30.7,3.49,Seamless Autonomous Alignment
TESLA-SHADOW-2633,43.7,69.8,19.4,22.4,0.19,Seamless Autonomous Alignment
TESLA-SHADOW-2634,47.9,71.5,4.8,26.8,2.26,Seamless Autonomous Alignment
TESLA-SHADOW-2635,45.7,32.5,24.1,22.8,1.03,Seamless Autonomous Alignment
TESLA-SHADOW-2636,37.8,71.4,26.8,25.7,0.78,Seamless Autonomous Alignment
TESLA-SHADOW-2637,36.4,20.4,30.9,25.1,0.14,Seamless Autonomous Alignment
TESLA-SHADOW-2638,25.8,84.3,28.9,22.1,5.02,Shadow Disengagement Triggered
TESLA-SHADOW-2639,27.3,58.7,15.8,26.2,2.33,Seamless Autonomous Alignment
TESLA-SHADOW-2640,51.7,66.1,26.7,22.7,0.99,Seamless Autonomous Alignment
TESLA-SHADOW-2641,61.9,39.6,7.7,28.3,2.49,Seamless Autonomous Alignment
TESLA-SHADOW-2642,73.1,75.4,3.9,26.5,0.94,Seamless Autonomous Alignment
TESLA-SHADOW-2643,39.9,80.2,5.2,23.8,1.97,Seamless Autonomous Alignment
TESLA-SHADOW-2644,27.8,6.6,8.4,22.5,3.21,Seamless Autonomous Alignment
TESLA-SHADOW-2645,70.2,76.6,12.2,30.7,4.61,Shadow Disengagement Triggered
TESLA-SHADOW-2646,68.3,36.8,33.9,22.9,2.06,Seamless Autonomous Alignment
TESLA-SHADOW-2647,55.1,61.2,11.7,25.6,3.92,Seamless Autonomous Alignment
TESLA-SHADOW-2648,52.7,76.6,32.4,22.1,2.66,Seamless Autonomous Alignment
TESLA-SHADOW-2649,53.1,70.3,33.5,30.4,0.72,Shadow Disengagement Triggered
TESLA-SHADOW-2650,67.3,24.0,25.8,28.8,3.23,Seamless Autonomous Alignment
TESLA-SHADOW-2651,42.4,16.4,4.5,30.6,2.89,Seamless Autonomous Alignment
TESLA-SHADOW-2652,25.3,39.3,14.6,26.6,4.78,Shadow Disengagement Triggered
TESLA-SHADOW-2653,62.9,1.8,29.0,22.1,0.83,Seamless Autonomous Alignment
TESLA-SHADOW-2654,51.2,2.0,1.7,23.4,2.2,Seamless Autonomous Alignment
TESLA-SHADOW-2655,66.0,88.1,19.1,25.6,3.72,Seamless Autonomous Alignment
TESLA-SHADOW-2656,44.5,64.2,26.7,22.5,1.42,Seamless Autonomous Alignment
TESLA-SHADOW-2657,26.6,76.4,12.8,25.4,2.32,Seamless Autonomous Alignment
TESLA-SHADOW-2658,61.6,66.2,18.1,30.0,1.36,Seamless Autonomous Alignment
TESLA-SHADOW-2659,37.5,4.5,28.6,25.8,0.73,Seamless Autonomous Alignment
TESLA-SHADOW-2660,50.0,80.9,14.6,26.3,1.86,Seamless Autonomous Alignment
TESLA-SHADOW-2661,42.5,80.5,9.4,27.1,6.18,Shadow Disengagement Triggered
TESLA-SHADOW-2662,64.0,25.8,5.0,43.0,2.4,Seamless Autonomous Alignment
TESLA-SHADOW-2663,57.3,11.0,14.1,26.4,1.01,Seamless Autonomous Alignment
TESLA-SHADOW-2664,70.5,11.7,6.6,24.1,0.26,Seamless Autonomous Alignment
TESLA-SHADOW-2665,74.5,58.2,23.0,29.6,2.3,Seamless Autonomous Alignment
TESLA-SHADOW-2666,69.2,53.7,18.6,32.7,4.28,Seamless Autonomous Alignment
TESLA-SHADOW-2667,58.9,17.5,23.8,34.7,0.48,Seamless Autonomous Alignment
TESLA-SHADOW-2668,42.2,48.4,20.0,25.1,2.13,Seamless Autonomous Alignment
TESLA-SHADOW-2669,74.7,5.2,8.6,25.5,1.21,Seamless Autonomous Alignment
TESLA-SHADOW-2670,35.9,85.5,3.3,30.0,4.88,Shadow Disengagement Triggered
TESLA-SHADOW-2671,60.5,73.0,7.4,27.1,0.26,Seamless Autonomous Alignment
TESLA-SHADOW-2672,74.2,82.4,22.6,24.1,1.76,Seamless Autonomous Alignment
TESLA-SHADOW-2673,56.8,65.7,29.6,23.9,1.45,Seamless Autonomous Alignment
TESLA-SHADOW-2674,28.7,51.7,11.1,26.8,3.68,Seamless Autonomous Alignment
TESLA-SHADOW-2675,54.6,49.0,1.4,28.8,2.26,Seamless Autonomous Alignment
TESLA-SHADOW-2676,26.8,11.9,19.6,43.0,4.34,Seamless Autonomous Alignment
TESLA-SHADOW-2677,44.1,60.8,6.3,28.1,1.88,Seamless Autonomous Alignment
TESLA-SHADOW-2678,46.1,35.0,4.3,24.4,2.74,Seamless Autonomous Alignment
TESLA-SHADOW-2679,35.3,66.0,13.0,31.9,1.37,Seamless Autonomous Alignment
TESLA-SHADOW-2680,36.6,55.7,30.5,22.2,4.07,Seamless Autonomous Alignment
TESLA-SHADOW-2681,36.0,74.8,11.4,23.9,3.08,Seamless Autonomous Alignment
TESLA-SHADOW-2682,37.6,0.3,0.5,23.5,0.4,Seamless Autonomous Alignment
TESLA-SHADOW-2683,60.5,62.3,11.1,26.8,0.17,Seamless Autonomous Alignment
TESLA-SHADOW-2684,42.2,85.1,6.0,28.1,3.45,Seamless Autonomous Alignment
TESLA-SHADOW-2685,48.0,21.6,0.8,23.0,1.04,Seamless Autonomous Alignment
TESLA-SHADOW-2686,25.2,41.5,16.8,22.2,1.19,Seamless Autonomous Alignment
TESLA-SHADOW-2687,37.0,21.0,21.8,25.3,0.37,Seamless Autonomous Alignment
TESLA-SHADOW-2688,63.5,58.9,3.4,30.6,2.41,Seamless Autonomous Alignment
TESLA-SHADOW-2689,70.8,17.3,8.5,25.3,1.14,Seamless Autonomous Alignment
TESLA-SHADOW-2690,72.4,41.1,19.1,22.8,0.64,Seamless Autonomous Alignment
TESLA-SHADOW-2691,63.8,42.8,34.9,28.4,0.89,Seamless Autonomous Alignment
TESLA-SHADOW-2692,41.5,43.5,16.7,25.5,1.99,Seamless Autonomous Alignment
TESLA-SHADOW-2693,74.1,17.5,12.7,24.8,1.53,Seamless Autonomous Alignment
TESLA-SHADOW-2694,49.0,13.1,33.9,25.6,2.36,Seamless Autonomous Alignment
TESLA-SHADOW-2695,42.3,66.3,14.7,22.1,3.65,Seamless Autonomous Alignment
TESLA-SHADOW-2696,74.9,17.8,26.4,22.1,0.33,Seamless Autonomous Alignment
TESLA-SHADOW-2697,35.2,79.8,2.9,24.1,3.18,Seamless Autonomous Alignment
TESLA-SHADOW-2698,30.3,89.7,25.3,29.1,2.1,Seamless Autonomous Alignment
TESLA-SHADOW-2699,32.7,9.2,5.2,27.1,1.47,Seamless Autonomous Alignment
TESLA-SHADOW-2700,55.7,29.2,28.2,22.0,0.72,Seamless Autonomous Alignment
TESLA-SHADOW-2701,70.6,12.6,23.9,24.3,0.5,Seamless Autonomous Alignment
TESLA-SHADOW-2702,53.5,46.1,26.8,24.4,3.14,Seamless Autonomous Alignment
TESLA-SHADOW-2703,43.2,9.8,12.1,32.4,1.55,Seamless Autonomous Alignment
TESLA-SHADOW-2704,28.8,73.3,29.6,22.4,5.26,Shadow Disengagement Triggered
TESLA-SHADOW-2705,60.6,71.5,13.2,22.6,2.18,Seamless Autonomous Alignment
TESLA-SHADOW-2706,34.6,48.2,22.7,22.7,2.38,Seamless Autonomous Alignment
TESLA-SHADOW-2707,32.7,37.0,8.9,28.1,0.81,Seamless Autonomous Alignment
TESLA-SHADOW-2708,73.9,66.9,29.4,30.6,0.72,Seamless Autonomous Alignment
TESLA-SHADOW-2709,65.2,6.5,22.9,28.6,2.05,Seamless Autonomous Alignment
TESLA-SHADOW-2710,65.3,9.6,11.8,23.6,3.47,Seamless Autonomous Alignment
TESLA-SHADOW-2711,42.6,27.4,5.9,26.6,0.98,Seamless Autonomous Alignment
TESLA-SHADOW-2712,33.2,13.6,3.6,22.7,1.26,Seamless Autonomous Alignment
TESLA-SHADOW-2713,54.5,6.7,19.8,22.3,0.45,Seamless Autonomous Alignment
TESLA-SHADOW-2714,43.4,36.0,26.8,23.8,1.09,Seamless Autonomous Alignment
TESLA-SHADOW-2715,56.6,11.2,27.1,24.7,1.28,Seamless Autonomous Alignment
TESLA-SHADOW-2716,32.3,54.3,34.2,23.2,3.05,Seamless Autonomous Alignment
TESLA-SHADOW-2717,52.7,68.8,18.6,31.0,4.39,Seamless Autonomous Alignment
TESLA-SHADOW-2718,28.6,9.5,12.6,24.5,0.17,Seamless Autonomous Alignment
TESLA-SHADOW-2719,27.7,58.2,8.2,27.1,2.62,Seamless Autonomous Alignment
TESLA-SHADOW-2720,55.1,85.2,24.4,23.1,0.12,Seamless Autonomous Alignment
TESLA-SHADOW-2721,38.3,28.0,29.8,22.8,1.58,Seamless Autonomous Alignment
TESLA-SHADOW-2722,26.9,67.6,28.4,31.8,4.63,Shadow Disengagement Triggered
TESLA-SHADOW-2723,29.1,7.1,26.6,23.0,0.9,Seamless Autonomous Alignment
TESLA-SHADOW-2724,29.8,9.0,14.5,22.1,2.92,Seamless Autonomous Alignment
TESLA-SHADOW-2725,55.5,16.9,29.9,22.5,1.33,Seamless Autonomous Alignment
TESLA-SHADOW-2726,55.3,40.4,18.3,22.5,6.18,Shadow Disengagement Triggered
TESLA-SHADOW-2727,34.1,56.9,6.3,24.5,0.49,Seamless Autonomous Alignment
TESLA-SHADOW-2728,36.9,60.1,13.4,26.7,0.05,Seamless Autonomous Alignment
TESLA-SHADOW-2729,29.3,42.3,23.6,31.0,1.26,Seamless Autonomous Alignment
TESLA-SHADOW-2730,63.2,3.3,11.7,27.1,2.15,Seamless Autonomous Alignment
TESLA-SHADOW-2731,68.2,12.1,26.5,22.4,3.54,Seamless Autonomous Alignment
TESLA-SHADOW-2732,29.5,77.6,13.8,36.7,0.3,Shadow Disengagement Triggered
TESLA-SHADOW-2733,33.6,42.1,20.4,25.4,4.15,Seamless Autonomous Alignment
TESLA-SHADOW-2734,54.8,7.3,1.1,22.1,1.02,Seamless Autonomous Alignment
TESLA-SHADOW-2735,47.6,59.0,32.6,23.6,0.91,Seamless Autonomous Alignment
TESLA-SHADOW-2736,30.3,55.5,21.7,22.6,3.74,Seamless Autonomous Alignment
TESLA-SHADOW-2737,63.3,25.3,34.8,24.6,1.79,Seamless Autonomous Alignment
TESLA-SHADOW-2738,39.9,69.3,30.1,27.7,6.22,Shadow Disengagement Triggered
TESLA-SHADOW-2739,27.1,44.0,11.2,28.7,0.8,Seamless Autonomous Alignment
TESLA-SHADOW-2740,41.5,39.8,21.4,37.9,1.74,Seamless Autonomous Alignment
TESLA-SHADOW-2741,35.8,56.8,33.1,22.1,3.1,Seamless Autonomous Alignment
TESLA-SHADOW-2742,48.5,60.4,5.9,40.1,1.6,Seamless Autonomous Alignment
TESLA-SHADOW-2743,70.5,74.3,21.7,29.0,1.6,Seamless Autonomous Alignment
TESLA-SHADOW-2744,55.2,69.9,17.1,34.7,3.46,Seamless Autonomous Alignment
TESLA-SHADOW-2745,54.9,78.5,4.8,35.9,2.68,Shadow Disengagement Triggered
TESLA-SHADOW-2746,43.7,53.6,15.2,32.2,0.08,Seamless Autonomous Alignment
TESLA-SHADOW-2747,62.8,57.1,19.4,31.8,0.78,Seamless Autonomous Alignment
TESLA-SHADOW-2748,53.7,72.7,23.7,23.2,2.67,Seamless Autonomous Alignment
TESLA-SHADOW-2749,31.0,41.6,32.0,27.1,4.34,Seamless Autonomous Alignment
TESLA-SHADOW-2750,29.7,49.8,31.4,25.1,3.2,Seamless Autonomous Alignment
TESLA-SHADOW-2751,70.8,89.1,9.2,29.5,3.86,Seamless Autonomous Alignment
TESLA-SHADOW-2752,47.2,24.7,7.1,22.3,0.9,Seamless Autonomous Alignment
TESLA-SHADOW-2753,47.5,76.2,31.8,27.1,2.74,Seamless Autonomous Alignment
TESLA-SHADOW-2754,71.3,41.5,1.8,23.2,3.43,Seamless Autonomous Alignment
TESLA-SHADOW-2755,40.8,26.2,2.3,29.5,0.64,Seamless Autonomous Alignment
TESLA-SHADOW-2756,36.0,84.0,16.3,29.5,3.35,Seamless Autonomous Alignment
TESLA-SHADOW-2757,39.7,19.7,34.8,38.7,0.36,Seamless Autonomous Alignment
TESLA-SHADOW-2758,57.6,27.9,25.9,23.5,2.11,Seamless Autonomous Alignment
TESLA-SHADOW-2759,69.8,37.9,30.5,30.3,3.71,Seamless Autonomous Alignment
TESLA-SHADOW-2760,51.7,74.7,27.9,25.3,4.52,Shadow Disengagement Triggered
TESLA-SHADOW-2761,52.7,54.9,23.7,37.2,4.31,Seamless Autonomous Alignment
TESLA-SHADOW-2762,42.0,53.2,23.7,22.5,0.91,Seamless Autonomous Alignment
TESLA-SHADOW-2763,60.2,83.4,24.1,33.2,2.17,Shadow Disengagement Triggered
TESLA-SHADOW-2764,45.8,16.1,19.6,22.4,2.1,Seamless Autonomous Alignment
TESLA-SHADOW-2765,64.9,52.5,31.7,22.4,0.07,Seamless Autonomous Alignment
TESLA-SHADOW-2766,50.3,45.8,4.2,24.8,1.69,Seamless Autonomous Alignment
TESLA-SHADOW-2767,34.4,28.2,29.1,30.7,5.5,Shadow Disengagement Triggered
TESLA-SHADOW-2768,31.3,18.1,32.0,22.2,1.43,Seamless Autonomous Alignment
TESLA-SHADOW-2769,32.4,77.3,12.4,24.8,2.39,Seamless Autonomous Alignment
TESLA-SHADOW-2770,50.4,12.4,28.7,39.2,0.32,Seamless Autonomous Alignment
TESLA-SHADOW-2771,45.7,60.4,7.4,22.0,2.32,Seamless Autonomous Alignment
TESLA-SHADOW-2772,48.9,46.7,7.3,24.5,2.38,Seamless Autonomous Alignment
TESLA-SHADOW-2773,26.3,57.7,16.8,25.7,4.27,Seamless Autonomous Alignment
TESLA-SHADOW-2774,52.2,46.2,19.4,23.3,2.43,Seamless Autonomous Alignment
TESLA-SHADOW-2775,36.3,11.0,17.6,23.7,1.85,Seamless Autonomous Alignment
TESLA-SHADOW-2776,66.4,50.0,33.6,30.4,4.84,Shadow Disengagement Triggered
TESLA-SHADOW-2777,63.7,85.0,9.3,25.3,5.72,Shadow Disengagement Triggered
TESLA-SHADOW-2778,40.1,21.4,33.8,24.2,0.95,Seamless Autonomous Alignment
TESLA-SHADOW-2779,49.5,67.1,18.5,23.0,2.21,Seamless Autonomous Alignment
TESLA-SHADOW-2780,46.4,38.0,22.2,25.7,3.45,Seamless Autonomous Alignment
TESLA-SHADOW-2781,25.7,6.2,24.8,26.3,4.53,Shadow Disengagement Triggered
TESLA-SHADOW-2782,36.3,18.7,33.2,28.0,2.42,Seamless Autonomous Alignment
TESLA-SHADOW-2783,45.3,43.3,20.9,31.8,1.7,Seamless Autonomous Alignment
TESLA-SHADOW-2784,44.3,60.4,2.0,29.2,1.37,Seamless Autonomous Alignment
TESLA-SHADOW-2785,53.6,0.4,26.0,29.9,1.24,Seamless Autonomous Alignment
TESLA-SHADOW-2786,48.1,3.1,10.0,30.6,4.17,Seamless Autonomous Alignment
TESLA-SHADOW-2787,26.6,20.6,4.6,25.5,0.52,Seamless Autonomous Alignment
TESLA-SHADOW-2788,25.9,24.3,23.5,24.3,1.23,Seamless Autonomous Alignment
TESLA-SHADOW-2789,75.0,85.0,25.0,26.1,5.89,Shadow Disengagement Triggered
TESLA-SHADOW-2790,36.7,87.2,13.6,25.9,1.04,Seamless Autonomous Alignment
TESLA-SHADOW-2791,52.7,34.5,8.9,27.7,6.04,Shadow Disengagement Triggered
TESLA-SHADOW-2792,54.2,42.3,24.6,25.0,3.26,Seamless Autonomous Alignment
TESLA-SHADOW-2793,43.1,68.5,2.8,25.0,2.4,Seamless Autonomous Alignment
TESLA-SHADOW-2794,63.6,67.7,32.2,26.9,3.0,Seamless Autonomous Alignment
TESLA-SHADOW-2795,26.6,18.3,3.0,22.4,3.21,Seamless Autonomous Alignment
TESLA-SHADOW-2796,32.5,15.5,29.1,22.8,4.16,Seamless Autonomous Alignment
TESLA-SHADOW-2797,61.5,81.7,7.6,28.3,1.31,Seamless Autonomous Alignment
TESLA-SHADOW-2798,58.0,58.6,2.9,26.8,3.3,Seamless Autonomous Alignment
TESLA-SHADOW-2799,64.0,4.4,13.5,23.0,0.18,Seamless Autonomous Alignment
TESLA-SHADOW-2800,31.9,10.9,23.7,28.1,1.38,Seamless Autonomous Alignment
TESLA-SHADOW-2801,27.0,54.2,25.2,46.1,4.48,Seamless Autonomous Alignment
TESLA-SHADOW-2802,65.0,57.4,22.4,32.6,3.91,Seamless Autonomous Alignment
TESLA-SHADOW-2803,25.1,85.0,22.5,33.8,1.6,Shadow Disengagement Triggered
TESLA-SHADOW-2804,59.3,19.2,4.5,22.6,0.54,Seamless Autonomous Alignment
TESLA-SHADOW-2805,43.9,13.6,4.9,23.5,0.57,Seamless Autonomous Alignment
TESLA-SHADOW-2806,57.9,42.0,1.7,28.2,0.15,Seamless Autonomous Alignment
TESLA-SHADOW-2807,50.2,8.0,27.7,23.6,3.81,Seamless Autonomous Alignment
TESLA-SHADOW-2808,62.4,43.0,20.2,25.4,1.29,Seamless Autonomous Alignment
TESLA-SHADOW-2809,36.2,40.6,16.6,26.3,0.73,Seamless Autonomous Alignment
TESLA-SHADOW-2810,45.9,3.8,25.1,28.2,0.75,Seamless Autonomous Alignment
TESLA-SHADOW-2811,49.0,40.5,17.4,28.6,1.75,Seamless Autonomous Alignment
TESLA-SHADOW-2812,56.4,67.9,29.0,29.8,2.1,Seamless Autonomous Alignment
TESLA-SHADOW-2813,72.0,21.8,6.3,22.1,2.35,Seamless Autonomous Alignment
TESLA-SHADOW-2814,38.6,88.2,8.6,24.9,0.04,Seamless Autonomous Alignment
TESLA-SHADOW-2815,41.6,34.9,5.0,22.4,1.77,Seamless Autonomous Alignment
TESLA-SHADOW-2816,50.5,14.1,3.5,24.3,2.46,Seamless Autonomous Alignment
TESLA-SHADOW-2817,35.6,45.0,22.1,23.9,0.3,Seamless Autonomous Alignment
TESLA-SHADOW-2818,47.7,6.0,2.3,23.2,0.11,Seamless Autonomous Alignment
TESLA-SHADOW-2819,63.9,68.0,6.6,22.9,1.95,Seamless Autonomous Alignment
TESLA-SHADOW-2820,31.9,75.5,30.5,24.1,4.16,Seamless Autonomous Alignment
TESLA-SHADOW-2821,31.6,68.5,4.2,31.0,3.57,Seamless Autonomous Alignment
TESLA-SHADOW-2822,72.9,4.3,18.3,22.6,3.94,Seamless Autonomous Alignment
TESLA-SHADOW-2823,58.3,88.6,1.0,22.8,0.24,Seamless Autonomous Alignment
TESLA-SHADOW-2824,72.8,14.8,3.4,28.8,1.34,Seamless Autonomous Alignment
TESLA-SHADOW-2825,54.1,85.1,20.7,22.2,1.14,Seamless Autonomous Alignment
TESLA-SHADOW-2826,44.0,38.0,26.7,28.3,2.76,Seamless Autonomous Alignment
TESLA-SHADOW-2827,44.8,59.5,17.6,25.2,1.91,Seamless Autonomous Alignment
TESLA-SHADOW-2828,26.9,71.5,21.9,22.2,0.19,Seamless Autonomous Alignment
TESLA-SHADOW-2829,70.4,67.0,12.2,26.5,4.65,Shadow Disengagement Triggered
TESLA-SHADOW-2830,42.1,88.9,19.1,28.1,4.0,Seamless Autonomous Alignment
TESLA-SHADOW-2831,66.9,73.2,22.7,25.1,3.19,Seamless Autonomous Alignment
TESLA-SHADOW-2832,68.8,70.0,24.9,25.9,2.38,Seamless Autonomous Alignment
TESLA-SHADOW-2833,30.7,38.1,2.0,24.5,0.53,Seamless Autonomous Alignment
TESLA-SHADOW-2834,56.2,53.0,11.9,35.5,0.53,Seamless Autonomous Alignment
TESLA-SHADOW-2835,37.2,30.6,2.0,25.6,0.21,Seamless Autonomous Alignment
TESLA-SHADOW-2836,26.5,27.3,17.2,27.6,2.32,Seamless Autonomous Alignment
TESLA-SHADOW-2837,27.3,20.8,3.9,23.2,1.25,Seamless Autonomous Alignment
TESLA-SHADOW-2838,41.4,80.8,12.8,23.5,2.46,Seamless Autonomous Alignment
TESLA-SHADOW-2839,47.5,73.2,21.7,22.1,4.02,Seamless Autonomous Alignment
TESLA-SHADOW-2840,50.9,55.8,9.1,32.3,1.89,Seamless Autonomous Alignment
TESLA-SHADOW-2841,70.1,76.3,29.6,24.8,2.82,Seamless Autonomous Alignment
TESLA-SHADOW-2842,50.5,42.5,28.7,22.9,2.74,Seamless Autonomous Alignment
TESLA-SHADOW-2843,39.0,83.6,5.0,22.9,1.97,Seamless Autonomous Alignment
TESLA-SHADOW-2844,53.6,4.5,29.3,22.5,3.37,Seamless Autonomous Alignment
TESLA-SHADOW-2845,32.4,43.5,16.4,24.3,0.07,Seamless Autonomous Alignment
TESLA-SHADOW-2846,69.7,30.5,4.3,29.6,0.19,Seamless Autonomous Alignment
TESLA-SHADOW-2847,61.6,25.9,31.2,25.8,1.39,Seamless Autonomous Alignment
TESLA-SHADOW-2848,25.5,72.1,27.3,22.4,3.14,Seamless Autonomous Alignment
TESLA-SHADOW-2849,40.1,24.4,16.1,23.5,0.32,Seamless Autonomous Alignment
TESLA-SHADOW-2850,47.1,62.5,29.3,29.2,0.01,Seamless Autonomous Alignment
TESLA-SHADOW-2851,60.3,52.7,32.6,23.1,3.46,Seamless Autonomous Alignment
TESLA-SHADOW-2852,72.8,60.1,27.1,24.2,1.57,Seamless Autonomous Alignment
TESLA-SHADOW-2853,61.4,24.9,3.1,27.6,0.48,Seamless Autonomous Alignment
TESLA-SHADOW-2854,29.9,14.6,2.5,22.7,0.5,Seamless Autonomous Alignment
TESLA-SHADOW-2855,73.0,33.5,9.8,35.6,5.45,Shadow Disengagement Triggered
TESLA-SHADOW-2856,31.5,64.8,3.4,23.4,2.34,Seamless Autonomous Alignment
TESLA-SHADOW-2857,74.7,31.6,0.8,22.2,3.77,Seamless Autonomous Alignment
TESLA-SHADOW-2858,52.9,71.0,15.0,23.8,1.2,Seamless Autonomous Alignment
TESLA-SHADOW-2859,35.3,31.0,5.6,26.2,0.08,Seamless Autonomous Alignment
TESLA-SHADOW-2860,29.4,53.6,24.3,26.5,6.14,Shadow Disengagement Triggered
TESLA-SHADOW-2861,56.4,74.3,31.1,36.4,2.9,Shadow Disengagement Triggered
TESLA-SHADOW-2862,62.3,22.0,29.6,26.2,0.03,Seamless Autonomous Alignment
TESLA-SHADOW-2863,68.4,3.2,4.2,29.2,1.37,Seamless Autonomous Alignment
TESLA-SHADOW-2864,63.8,1.4,20.8,26.6,0.84,Seamless Autonomous Alignment
TESLA-SHADOW-2865,55.0,84.9,33.7,27.3,3.37,Seamless Autonomous Alignment
TESLA-SHADOW-2866,54.0,88.6,16.0,32.0,1.41,Shadow Disengagement Triggered
TESLA-SHADOW-2867,26.8,28.9,13.7,23.3,2.48,Seamless Autonomous Alignment
TESLA-SHADOW-2868,41.1,13.3,25.7,22.9,4.51,Shadow Disengagement Triggered
TESLA-SHADOW-2869,28.9,89.3,31.7,24.4,0.59,Seamless Autonomous Alignment
TESLA-SHADOW-2870,32.0,12.3,2.3,24.3,1.73,Seamless Autonomous Alignment
TESLA-SHADOW-2871,26.2,2.3,31.9,25.5,1.36,Seamless Autonomous Alignment
TESLA-SHADOW-2872,58.8,39.2,21.2,26.7,1.55,Seamless Autonomous Alignment
TESLA-SHADOW-2873,72.1,50.9,2.3,29.0,2.53,Seamless Autonomous Alignment
TESLA-SHADOW-2874,35.9,18.4,14.1,23.8,1.62,Seamless Autonomous Alignment
TESLA-SHADOW-2875,37.7,7.4,0.3,22.3,0.45,Seamless Autonomous Alignment
TESLA-SHADOW-2876,40.8,35.4,22.8,24.7,3.15,Seamless Autonomous Alignment
TESLA-SHADOW-2877,67.7,61.8,32.6,23.4,4.72,Shadow Disengagement Triggered
TESLA-SHADOW-2878,41.9,66.5,2.6,22.3,1.46,Seamless Autonomous Alignment
TESLA-SHADOW-2879,72.7,12.2,26.0,27.3,0.06,Seamless Autonomous Alignment
TESLA-SHADOW-2880,31.6,13.3,27.9,25.8,0.75,Seamless Autonomous Alignment
TESLA-SHADOW-2881,73.2,6.9,28.1,23.8,1.86,Seamless Autonomous Alignment
TESLA-SHADOW-2882,33.2,77.9,1.4,25.5,2.76,Seamless Autonomous Alignment
TESLA-SHADOW-2883,54.2,88.8,19.7,24.1,1.72,Seamless Autonomous Alignment
TESLA-SHADOW-2884,72.3,1.3,34.5,22.3,0.11,Seamless Autonomous Alignment
TESLA-SHADOW-2885,61.9,4.6,13.8,27.8,1.98,Seamless Autonomous Alignment
TESLA-SHADOW-2886,68.5,48.7,10.9,23.3,1.8,Seamless Autonomous Alignment
TESLA-SHADOW-2887,61.3,62.7,21.6,23.5,4.11,Seamless Autonomous Alignment
TESLA-SHADOW-2888,38.6,36.3,26.1,23.5,5.44,Shadow Disengagement Triggered
TESLA-SHADOW-2889,44.5,18.0,22.6,24.1,2.62,Seamless Autonomous Alignment
TESLA-SHADOW-2890,65.0,31.0,9.8,31.0,1.29,Seamless Autonomous Alignment
TESLA-SHADOW-2891,25.2,61.6,27.0,29.5,4.63,Shadow Disengagement Triggered
TESLA-SHADOW-2892,74.1,5.2,13.3,22.5,1.24,Seamless Autonomous Alignment
TESLA-SHADOW-2893,37.5,63.1,23.6,24.1,1.61,Seamless Autonomous Alignment
TESLA-SHADOW-2894,53.7,27.4,17.5,22.0,0.24,Seamless Autonomous Alignment
TESLA-SHADOW-2895,67.5,41.3,17.6,29.6,2.48,Seamless Autonomous Alignment
TESLA-SHADOW-2896,41.8,35.0,21.9,27.1,1.04,Seamless Autonomous Alignment
TESLA-SHADOW-2897,54.9,16.5,11.4,22.9,3.01,Seamless Autonomous Alignment
TESLA-SHADOW-2898,54.7,32.0,24.3,24.1,1.51,Seamless Autonomous Alignment
TESLA-SHADOW-2899,43.3,81.0,22.6,23.4,4.64,Shadow Disengagement Triggered
TESLA-SHADOW-2900,44.3,14.3,27.9,22.7,0.27,Seamless Autonomous Alignment
TESLA-SHADOW-2901,52.9,4.5,26.5,22.3,0.87,Seamless Autonomous Alignment
TESLA-SHADOW-2902,37.6,1.8,0.1,34.8,0.1,Seamless Autonomous Alignment
TESLA-SHADOW-2903,62.0,70.3,13.8,27.7,0.16,Seamless Autonomous Alignment
TESLA-SHADOW-2904,47.1,40.1,26.8,22.9,0.86,Seamless Autonomous Alignment
TESLA-SHADOW-2905,56.3,54.2,16.2,27.5,2.92,Seamless Autonomous Alignment
TESLA-SHADOW-2906,49.0,50.5,31.6,24.6,2.05,Seamless Autonomous Alignment
TESLA-SHADOW-2907,46.5,60.8,14.2,25.3,0.83,Seamless Autonomous Alignment
TESLA-SHADOW-2908,67.3,12.8,27.6,25.8,1.82,Seamless Autonomous Alignment
TESLA-SHADOW-2909,36.6,83.5,30.8,24.2,5.52,Shadow Disengagement Triggered
TESLA-SHADOW-2910,44.8,79.1,22.0,23.4,1.33,Seamless Autonomous Alignment
TESLA-SHADOW-2911,26.2,14.6,34.0,22.2,0.09,Seamless Autonomous Alignment
TESLA-SHADOW-2912,51.6,34.2,19.7,25.7,1.05,Seamless Autonomous Alignment
TESLA-SHADOW-2913,26.2,85.2,24.2,31.8,1.53,Shadow Disengagement Triggered
TESLA-SHADOW-2914,49.3,88.9,6.3,29.9,2.22,Seamless Autonomous Alignment
TESLA-SHADOW-2915,38.8,77.0,14.2,26.1,3.65,Seamless Autonomous Alignment
TESLA-SHADOW-2916,67.6,71.8,29.9,22.6,4.66,Shadow Disengagement Triggered
TESLA-SHADOW-2917,70.4,64.4,27.4,24.7,6.52,Shadow Disengagement Triggered
TESLA-SHADOW-2918,43.5,67.7,11.4,24.8,0.35,Seamless Autonomous Alignment
TESLA-SHADOW-2919,59.8,17.7,34.4,23.0,5.1,Shadow Disengagement Triggered
TESLA-SHADOW-2920,56.9,68.4,8.1,23.5,3.8,Seamless Autonomous Alignment
TESLA-SHADOW-2921,63.2,63.5,6.4,24.1,0.12,Seamless Autonomous Alignment
TESLA-SHADOW-2922,73.4,10.7,0.2,22.5,0.66,Seamless Autonomous Alignment
TESLA-SHADOW-2923,52.6,81.5,22.0,22.7,3.05,Seamless Autonomous Alignment
TESLA-SHADOW-2924,48.2,59.2,19.8,23.1,3.05,Seamless Autonomous Alignment
TESLA-SHADOW-2925,51.3,39.8,29.8,25.1,0.49,Seamless Autonomous Alignment
TESLA-SHADOW-2926,68.6,66.1,34.8,29.9,3.66,Seamless Autonomous Alignment
TESLA-SHADOW-2927,39.4,8.5,31.0,23.6,3.1,Seamless Autonomous Alignment
TESLA-SHADOW-2928,38.8,65.4,30.5,34.5,4.72,Shadow Disengagement Triggered
TESLA-SHADOW-2929,35.9,82.1,0.6,24.6,0.34,Seamless Autonomous Alignment
TESLA-SHADOW-2930,36.2,46.5,21.4,22.5,2.95,Seamless Autonomous Alignment
TESLA-SHADOW-2931,61.1,64.2,34.9,25.5,2.77,Seamless Autonomous Alignment
TESLA-SHADOW-2932,29.2,44.2,23.3,30.2,1.45,Seamless Autonomous Alignment
TESLA-SHADOW-2933,48.3,83.4,35.0,22.4,0.77,Seamless Autonomous Alignment
TESLA-SHADOW-2934,63.5,47.8,28.0,24.1,4.23,Seamless Autonomous Alignment
TESLA-SHADOW-2935,38.2,24.9,25.2,24.6,1.19,Seamless Autonomous Alignment
TESLA-SHADOW-2936,31.0,18.1,29.3,26.5,0.5,Seamless Autonomous Alignment
TESLA-SHADOW-2937,71.7,48.6,7.1,30.7,5.16,Shadow Disengagement Triggered
TESLA-SHADOW-2938,65.8,44.5,22.3,23.6,0.43,Seamless Autonomous Alignment
TESLA-SHADOW-2939,41.4,10.8,19.6,29.7,0.14,Seamless Autonomous Alignment
TESLA-SHADOW-2940,58.4,20.9,11.6,31.7,1.49,Seamless Autonomous Alignment
TESLA-SHADOW-2941,69.9,28.7,20.5,26.8,0.2,Seamless Autonomous Alignment
TESLA-SHADOW-2942,27.1,16.0,2.7,26.8,4.88,Shadow Disengagement Triggered
TESLA-SHADOW-2943,38.6,67.7,6.0,32.0,1.43,Seamless Autonomous Alignment
TESLA-SHADOW-2944,38.4,30.2,9.2,22.6,0.61,Seamless Autonomous Alignment
TESLA-SHADOW-2945,28.3,54.8,5.8,23.7,3.92,Seamless Autonomous Alignment
TESLA-SHADOW-2946,33.2,17.0,23.9,28.3,0.5,Seamless Autonomous Alignment
TESLA-SHADOW-2947,66.3,75.0,17.5,22.8,2.1,Seamless Autonomous Alignment
TESLA-SHADOW-2948,39.9,29.3,6.6,25.7,0.66,Seamless Autonomous Alignment
TESLA-SHADOW-2949,68.9,65.9,2.1,25.9,0.89,Seamless Autonomous Alignment
TESLA-SHADOW-2950,36.6,38.7,27.0,22.5,1.53,Seamless Autonomous Alignment
TESLA-SHADOW-2951,29.8,29.2,24.9,25.7,2.63,Seamless Autonomous Alignment
TESLA-SHADOW-2952,25.2,68.2,22.2,24.4,2.32,Seamless Autonomous Alignment
TESLA-SHADOW-2953,41.0,4.7,19.3,24.2,1.94,Seamless Autonomous Alignment
TESLA-SHADOW-2954,60.7,6.5,2.9,26.1,0.94,Seamless Autonomous Alignment
TESLA-SHADOW-2955,35.2,27.4,34.9,23.4,1.98,Seamless Autonomous Alignment
TESLA-SHADOW-2956,27.6,28.9,22.2,23.0,3.93,Seamless Autonomous Alignment
TESLA-SHADOW-2957,32.8,51.3,19.8,29.1,0.61,Seamless Autonomous Alignment
TESLA-SHADOW-2958,39.9,15.0,17.1,22.6,3.57,Seamless Autonomous Alignment
TESLA-SHADOW-2959,73.1,12.2,14.3,26.2,0.42,Seamless Autonomous Alignment
TESLA-SHADOW-2960,68.9,79.6,16.2,29.3,3.41,Seamless Autonomous Alignment
TESLA-SHADOW-2961,26.5,18.2,16.2,23.1,1.56,Seamless Autonomous Alignment
TESLA-SHADOW-2962,51.5,12.6,29.1,26.2,0.71,Seamless Autonomous Alignment
TESLA-SHADOW-2963,72.9,7.4,5.0,24.9,0.91,Seamless Autonomous Alignment
TESLA-SHADOW-2964,42.7,14.3,5.9,27.6,1.69,Seamless Autonomous Alignment
TESLA-SHADOW-2965,43.8,70.7,28.5,28.0,1.18,Seamless Autonomous Alignment
TESLA-SHADOW-2966,45.4,75.3,33.5,29.2,0.32,Seamless Autonomous Alignment
TESLA-SHADOW-2967,27.7,10.0,30.4,23.0,0.54,Seamless Autonomous Alignment
TESLA-SHADOW-2968,51.9,1.1,23.7,22.5,1.9,Seamless Autonomous Alignment
TESLA-SHADOW-2969,57.6,80.5,33.7,22.5,5.38,Shadow Disengagement Triggered
TESLA-SHADOW-2970,74.1,86.0,31.0,29.3,0.78,Seamless Autonomous Alignment
TESLA-SHADOW-2971,56.0,45.2,21.0,29.2,1.04,Seamless Autonomous Alignment
TESLA-SHADOW-2972,54.0,62.8,12.5,23.3,0.56,Seamless Autonomous Alignment
TESLA-SHADOW-2973,73.6,41.1,17.4,22.1,4.66,Shadow Disengagement Triggered
TESLA-SHADOW-2974,57.9,39.0,21.2,27.2,0.92,Seamless Autonomous Alignment
TESLA-SHADOW-2975,58.7,62.4,16.5,23.0,1.55,Seamless Autonomous Alignment
TESLA-SHADOW-2976,58.6,13.0,33.1,25.0,5.28,Shadow Disengagement Triggered
TESLA-SHADOW-2977,33.2,81.5,15.1,28.8,1.99,Seamless Autonomous Alignment
TESLA-SHADOW-2978,27.9,54.7,4.3,24.6,0.71,Seamless Autonomous Alignment
TESLA-SHADOW-2979,62.2,24.5,0.2,28.7,2.83,Seamless Autonomous Alignment
TESLA-SHADOW-2980,35.5,70.1,22.4,25.4,3.34,Seamless Autonomous Alignment
TESLA-SHADOW-2981,65.1,21.7,12.3,23.2,1.09,Seamless Autonomous Alignment
TESLA-SHADOW-2982,29.8,14.4,10.8,24.7,0.07,Seamless Autonomous Alignment
TESLA-SHADOW-2983,61.2,66.1,7.1,27.2,2.95,Seamless Autonomous Alignment
TESLA-SHADOW-2984,31.4,72.7,10.1,27.3,0.33,Seamless Autonomous Alignment
TESLA-SHADOW-2985,47.6,74.4,33.9,25.7,4.62,Shadow Disengagement Triggered
TESLA-SHADOW-2986,43.7,55.2,14.3,24.4,2.98,Seamless Autonomous Alignment
TESLA-SHADOW-2987,71.2,87.9,4.8,23.5,1.19,Seamless Autonomous Alignment
TESLA-SHADOW-2988,42.6,58.8,4.5,25.8,3.68,Seamless Autonomous Alignment
TESLA-SHADOW-2989,33.2,60.0,34.3,25.6,6.34,Shadow Disengagement Triggered
TESLA-SHADOW-2990,53.2,70.2,32.4,22.2,3.31,Seamless Autonomous Alignment
TESLA-SHADOW-2991,61.3,25.7,2.9,24.1,4.11,Seamless Autonomous Alignment
TESLA-SHADOW-2992,38.4,48.9,19.0,23.3,2.41,Seamless Autonomous Alignment
TESLA-SHADOW-2993,57.5,14.6,29.5,24.6,2.0,Seamless Autonomous Alignment
TESLA-SHADOW-2994,39.0,84.1,16.3,25.7,2.02,Seamless Autonomous Alignment
TESLA-SHADOW-2995,29.1,54.8,8.1,22.0,0.11,Seamless Autonomous Alignment
TESLA-SHADOW-2996,64.0,45.8,26.4,23.8,4.36,Seamless Autonomous Alignment
TESLA-SHADOW-2997,39.7,4.3,30.8,25.5,2.83,Seamless Autonomous Alignment
TESLA-SHADOW-2998,43.8,30.5,23.7,26.2,2.17,Seamless Autonomous Alignment
TESLA-SHADOW-2999,65.0,89.7,10.9,35.7,2.05,Shadow Disengagement Triggered
TESLA-SHADOW-3000,44.6,63.9,10.0,25.0,1.79,Seamless Autonomous Alignment
TESLA-SHADOW-3001,64.7,12.2,34.9,24.3,4.48,Seamless Autonomous Alignment
TESLA-SHADOW-3002,67.7,48.6,26.6,22.7,4.58,Shadow Disengagement Triggered
TESLA-SHADOW-3003,32.9,4.1,16.0,23.1,0.51,Seamless Autonomous Alignment
TESLA-SHADOW-3004,41.2,88.0,15.8,25.5,0.84,Seamless Autonomous Alignment
TESLA-SHADOW-3005,31.7,76.9,7.5,38.0,0.72,Shadow Disengagement Triggered
TESLA-SHADOW-3006,68.7,65.5,6.9,22.2,1.74,Seamless Autonomous Alignment
TESLA-SHADOW-3007,32.1,26.1,7.0,25.9,1.78,Seamless Autonomous Alignment
TESLA-SHADOW-3008,59.8,16.1,0.8,23.9,0.81,Seamless Autonomous Alignment
TESLA-SHADOW-3009,27.8,54.1,30.2,23.4,2.21,Seamless Autonomous Alignment
TESLA-SHADOW-3010,27.6,63.0,30.3,28.6,2.74,Seamless Autonomous Alignment
TESLA-SHADOW-3011,58.1,20.8,2.7,23.8,1.72,Seamless Autonomous Alignment
TESLA-SHADOW-3012,52.6,35.7,7.4,25.4,0.35,Seamless Autonomous Alignment
TESLA-SHADOW-3013,72.5,6.3,34.0,22.6,2.82,Seamless Autonomous Alignment
TESLA-SHADOW-3014,34.6,23.0,1.1,31.2,1.11,Seamless Autonomous Alignment
TESLA-SHADOW-3015,44.3,57.2,14.6,22.0,2.81,Seamless Autonomous Alignment
TESLA-SHADOW-3016,57.6,33.7,25.9,25.2,0.96,Seamless Autonomous Alignment
TESLA-SHADOW-3017,63.1,19.7,18.7,25.0,4.67,Shadow Disengagement Triggered
TESLA-SHADOW-3018,39.3,57.8,30.3,24.6,4.83,Shadow Disengagement Triggered
TESLA-SHADOW-3019,29.9,3.6,6.1,23.0,1.51,Seamless Autonomous Alignment
TESLA-SHADOW-3020,45.9,63.4,3.7,24.7,1.32,Seamless Autonomous Alignment
TESLA-SHADOW-3021,59.3,47.2,28.7,22.0,5.53,Shadow Disengagement Triggered
TESLA-SHADOW-3022,61.5,7.3,34.1,32.3,0.4,Seamless Autonomous Alignment
TESLA-SHADOW-3023,56.0,21.1,1.5,23.8,3.16,Seamless Autonomous Alignment
TESLA-SHADOW-3024,47.2,23.1,23.5,25.0,1.85,Seamless Autonomous Alignment
TESLA-SHADOW-3025,65.2,58.8,5.4,22.9,2.05,Seamless Autonomous Alignment
TESLA-SHADOW-3026,44.3,50.7,26.2,23.2,2.7,Seamless Autonomous Alignment
TESLA-SHADOW-3027,43.3,37.9,21.8,28.1,4.81,Shadow Disengagement Triggered
TESLA-SHADOW-3028,67.1,5.7,13.3,22.8,0.11,Seamless Autonomous Alignment
TESLA-SHADOW-3029,43.1,37.7,19.2,22.3,1.27,Seamless Autonomous Alignment
TESLA-SHADOW-3030,68.9,77.6,14.6,26.4,2.25,Seamless Autonomous Alignment
TESLA-SHADOW-3031,28.3,23.1,10.0,24.1,1.29,Seamless Autonomous Alignment
TESLA-SHADOW-3032,41.7,17.7,19.0,26.7,1.2,Seamless Autonomous Alignment
TESLA-SHADOW-3033,53.6,26.9,22.5,27.3,1.98,Seamless Autonomous Alignment
TESLA-SHADOW-3034,39.0,73.9,27.0,24.5,2.52,Seamless Autonomous Alignment
TESLA-SHADOW-3035,50.8,21.8,27.8,28.9,1.51,Seamless Autonomous Alignment
TESLA-SHADOW-3036,57.0,5.3,26.0,22.1,0.51,Seamless Autonomous Alignment
TESLA-SHADOW-3037,29.9,14.9,17.8,22.2,2.14,Seamless Autonomous Alignment
TESLA-SHADOW-3038,75.0,88.2,22.1,25.6,2.58,Seamless Autonomous Alignment
TESLA-SHADOW-3039,67.3,80.6,16.1,22.9,0.95,Seamless Autonomous Alignment
TESLA-SHADOW-3040,50.5,3.8,4.4,23.7,1.24,Seamless Autonomous Alignment
TESLA-SHADOW-3041,49.8,36.8,15.1,23.4,1.94,Seamless Autonomous Alignment
TESLA-SHADOW-3042,56.4,15.1,15.5,30.1,0.39,Seamless Autonomous Alignment
TESLA-SHADOW-3043,28.3,40.0,22.4,22.2,2.71,Seamless Autonomous Alignment
TESLA-SHADOW-3044,31.2,51.6,16.5,36.2,2.24,Seamless Autonomous Alignment
TESLA-SHADOW-3045,69.1,12.6,16.4,27.5,0.99,Seamless Autonomous Alignment
TESLA-SHADOW-3046,57.8,30.0,3.1,22.7,0.18,Seamless Autonomous Alignment
TESLA-SHADOW-3047,57.1,65.3,3.4,23.3,3.82,Seamless Autonomous Alignment
TESLA-SHADOW-3048,33.6,24.4,6.8,30.1,1.38,Seamless Autonomous Alignment
TESLA-SHADOW-3049,32.1,52.9,19.1,22.8,5.13,Shadow Disengagement Triggered
TESLA-SHADOW-3050,29.7,47.9,24.7,22.1,4.24,Seamless Autonomous Alignment
TESLA-SHADOW-3051,54.3,2.5,2.1,32.1,0.47,Seamless Autonomous Alignment
TESLA-SHADOW-3052,46.6,84.6,34.2,26.8,4.16,Seamless Autonomous Alignment
TESLA-SHADOW-3053,65.4,84.0,7.4,24.2,4.33,Seamless Autonomous Alignment
TESLA-SHADOW-3054,49.3,26.1,25.6,24.3,6.06,Shadow Disengagement Triggered
TESLA-SHADOW-3055,33.9,78.1,27.3,25.2,4.05,Seamless Autonomous Alignment
TESLA-SHADOW-3056,31.6,83.9,15.2,22.5,4.93,Shadow Disengagement Triggered
TESLA-SHADOW-3057,49.9,32.9,19.8,31.4,2.5,Seamless Autonomous Alignment
TESLA-SHADOW-3058,60.8,54.3,5.7,22.3,1.6,Seamless Autonomous Alignment
TESLA-SHADOW-3059,66.3,5.9,1.1,22.9,3.37,Seamless Autonomous Alignment
TESLA-SHADOW-3060,60.2,68.2,28.5,23.6,7.41,Shadow Disengagement Triggered
TESLA-SHADOW-3061,26.0,89.0,27.4,23.1,2.97,Seamless Autonomous Alignment
TESLA-SHADOW-3062,56.1,9.0,29.3,27.6,2.85,Seamless Autonomous Alignment
TESLA-SHADOW-3063,48.3,75.3,22.7,28.9,2.34,Seamless Autonomous Alignment
TESLA-SHADOW-3064,43.3,9.4,26.1,37.8,2.07,Seamless Autonomous Alignment
TESLA-SHADOW-3065,57.6,79.0,19.3,26.3,5.82,Shadow Disengagement Triggered
TESLA-SHADOW-3066,45.8,84.1,13.0,22.8,4.15,Seamless Autonomous Alignment
TESLA-SHADOW-3067,71.6,9.6,17.6,27.9,2.49,Seamless Autonomous Alignment
TESLA-SHADOW-3068,37.6,47.5,31.4,30.8,0.12,Seamless Autonomous Alignment
TESLA-SHADOW-3069,60.9,31.3,9.5,22.1,1.12,Seamless Autonomous Alignment
TESLA-SHADOW-3070,39.8,53.4,15.2,22.9,0.81,Seamless Autonomous Alignment
TESLA-SHADOW-3071,65.2,51.7,24.8,25.5,1.82,Seamless Autonomous Alignment
TESLA-SHADOW-3072,56.0,57.5,13.1,22.5,1.93,Seamless Autonomous Alignment
TESLA-SHADOW-3073,57.5,11.7,26.3,29.5,0.59,Seamless Autonomous Alignment
TESLA-SHADOW-3074,68.4,82.7,12.1,25.4,3.95,Seamless Autonomous Alignment
TESLA-SHADOW-3075,41.5,70.1,34.1,22.0,3.2,Seamless Autonomous Alignment
TESLA-SHADOW-3076,72.3,4.5,8.8,32.0,0.64,Seamless Autonomous Alignment
TESLA-SHADOW-3077,26.0,38.2,31.5,27.5,1.37,Seamless Autonomous Alignment
TESLA-SHADOW-3078,43.0,58.5,10.8,29.2,0.75,Seamless Autonomous Alignment
TESLA-SHADOW-3079,38.5,89.9,18.6,22.3,3.61,Seamless Autonomous Alignment
TESLA-SHADOW-3080,41.4,85.6,25.7,23.4,5.21,Shadow Disengagement Triggered
TESLA-SHADOW-3081,72.1,20.7,16.3,31.6,1.75,Seamless Autonomous Alignment
TESLA-SHADOW-3082,73.4,20.8,2.7,22.2,1.96,Seamless Autonomous Alignment
TESLA-SHADOW-3083,72.3,5.6,21.7,23.9,1.63,Seamless Autonomous Alignment
TESLA-SHADOW-3084,25.5,60.0,11.0,25.2,2.31,Seamless Autonomous Alignment
TESLA-SHADOW-3085,57.4,68.9,27.7,25.5,4.79,Shadow Disengagement Triggered
TESLA-SHADOW-3086,65.3,8.2,17.4,25.8,2.71,Seamless Autonomous Alignment
TESLA-SHADOW-3087,30.5,73.0,12.4,27.3,0.78,Seamless Autonomous Alignment
TESLA-SHADOW-3088,51.2,79.1,8.8,22.3,1.32,Seamless Autonomous Alignment
TESLA-SHADOW-3089,65.4,70.2,9.6,25.0,0.4,Seamless Autonomous Alignment
TESLA-SHADOW-3090,40.2,67.7,6.1,25.3,0.13,Seamless Autonomous Alignment
TESLA-SHADOW-3091,37.9,24.6,8.4,22.2,2.74,Seamless Autonomous Alignment
TESLA-SHADOW-3092,55.9,68.3,16.1,22.1,3.88,Seamless Autonomous Alignment
TESLA-SHADOW-3093,68.6,27.3,25.6,38.4,4.42,Seamless Autonomous Alignment
TESLA-SHADOW-3094,51.4,85.7,30.4,22.0,0.09,Seamless Autonomous Alignment
TESLA-SHADOW-3095,58.6,49.3,13.7,23.3,2.06,Seamless Autonomous Alignment
TESLA-SHADOW-3096,45.8,26.8,7.7,22.1,3.29,Seamless Autonomous Alignment
TESLA-SHADOW-3097,46.7,81.7,19.9,26.3,1.42,Seamless Autonomous Alignment
TESLA-SHADOW-3098,26.9,12.6,7.7,25.3,1.11,Seamless Autonomous Alignment
TESLA-SHADOW-3099,59.6,27.9,8.3,30.0,1.61,Seamless Autonomous Alignment
TESLA-SHADOW-3100,26.0,66.0,19.2,32.5,0.5,Seamless Autonomous Alignment
TESLA-SHADOW-3101,63.4,84.7,17.2,22.2,2.41,Seamless Autonomous Alignment
TESLA-SHADOW-3102,55.6,61.4,27.4,30.9,7.01,Shadow Disengagement Triggered
TESLA-SHADOW-3103,65.8,23.6,7.0,29.6,1.65,Seamless Autonomous Alignment
TESLA-SHADOW-3104,65.7,53.7,20.7,22.1,2.8,Seamless Autonomous Alignment
TESLA-SHADOW-3105,51.3,26.2,8.6,26.9,2.64,Seamless Autonomous Alignment
TESLA-SHADOW-3106,67.7,80.8,18.6,29.3,0.26,Seamless Autonomous Alignment
TESLA-SHADOW-3107,28.2,50.2,3.2,23.1,2.99,Seamless Autonomous Alignment
TESLA-SHADOW-3108,44.5,2.7,9.2,24.0,0.44,Seamless Autonomous Alignment
TESLA-SHADOW-3109,25.3,39.9,6.3,35.3,0.48,Seamless Autonomous Alignment
TESLA-SHADOW-3110,50.7,75.8,18.0,24.5,3.11,Seamless Autonomous Alignment
TESLA-SHADOW-3111,70.6,89.5,14.3,22.3,3.71,Seamless Autonomous Alignment
TESLA-SHADOW-3112,41.4,49.5,21.7,25.1,3.05,Seamless Autonomous Alignment
TESLA-SHADOW-3113,61.7,3.5,16.8,23.4,4.67,Shadow Disengagement Triggered
TESLA-SHADOW-3114,63.9,38.7,27.0,23.6,2.93,Seamless Autonomous Alignment
TESLA-SHADOW-3115,50.2,2.1,29.2,27.9,1.77,Seamless Autonomous Alignment
TESLA-SHADOW-3116,25.7,23.6,8.1,25.4,2.05,Seamless Autonomous Alignment
TESLA-SHADOW-3117,38.4,66.0,19.6,26.5,1.52,Seamless Autonomous Alignment
TESLA-SHADOW-3118,71.2,13.6,13.5,29.2,1.3,Seamless Autonomous Alignment
TESLA-SHADOW-3119,67.7,57.1,24.9,31.1,0.32,Seamless Autonomous Alignment
TESLA-SHADOW-3120,38.7,30.5,25.1,23.8,0.01,Seamless Autonomous Alignment
TESLA-SHADOW-3121,63.0,38.9,6.3,22.4,1.88,Seamless Autonomous Alignment
TESLA-SHADOW-3122,42.3,14.0,23.5,23.2,2.92,Seamless Autonomous Alignment
TESLA-SHADOW-3123,54.1,45.9,25.9,38.6,0.27,Seamless Autonomous Alignment
TESLA-SHADOW-3124,42.5,51.9,34.6,23.0,3.83,Seamless Autonomous Alignment
TESLA-SHADOW-3125,65.0,17.7,2.5,27.7,0.88,Seamless Autonomous Alignment
TESLA-SHADOW-3126,62.5,68.9,23.2,28.7,3.57,Seamless Autonomous Alignment
TESLA-SHADOW-3127,33.1,58.7,11.7,24.2,2.19,Seamless Autonomous Alignment
TESLA-SHADOW-3128,48.7,80.1,3.5,31.7,4.39,Shadow Disengagement Triggered
TESLA-SHADOW-3129,25.3,5.8,32.3,22.6,6.24,Shadow Disengagement Triggered
TESLA-SHADOW-3130,50.8,86.5,15.9,29.1,1.3,Seamless Autonomous Alignment
TESLA-SHADOW-3131,29.2,85.2,14.9,23.6,2.08,Seamless Autonomous Alignment
TESLA-SHADOW-3132,63.0,84.0,0.5,29.0,1.38,Seamless Autonomous Alignment
TESLA-SHADOW-3133,25.9,35.1,0.2,26.2,1.2,Seamless Autonomous Alignment
TESLA-SHADOW-3134,53.1,8.8,29.2,24.7,5.98,Shadow Disengagement Triggered
TESLA-SHADOW-3135,52.9,7.6,34.3,22.1,0.84,Seamless Autonomous Alignment
TESLA-SHADOW-3136,26.6,33.8,4.2,27.6,1.21,Seamless Autonomous Alignment
TESLA-SHADOW-3137,41.5,19.4,33.7,28.0,3.58,Seamless Autonomous Alignment
TESLA-SHADOW-3138,41.9,28.6,19.5,37.4,4.47,Seamless Autonomous Alignment
TESLA-SHADOW-3139,34.7,84.9,8.3,23.2,3.67,Seamless Autonomous Alignment
TESLA-SHADOW-3140,51.0,63.6,14.4,23.7,7.26,Shadow Disengagement Triggered
TESLA-SHADOW-3141,27.1,30.1,3.7,26.8,0.94,Seamless Autonomous Alignment
TESLA-SHADOW-3142,43.9,79.2,17.2,22.5,2.04,Seamless Autonomous Alignment
TESLA-SHADOW-3143,60.5,34.6,25.2,28.9,5.81,Shadow Disengagement Triggered
TESLA-SHADOW-3144,35.6,21.4,6.9,23.5,0.55,Seamless Autonomous Alignment
TESLA-SHADOW-3145,58.8,20.4,8.8,22.4,1.6,Seamless Autonomous Alignment
TESLA-SHADOW-3146,47.0,15.4,8.9,26.3,0.21,Seamless Autonomous Alignment
TESLA-SHADOW-3147,38.2,89.5,1.9,24.0,1.29,Seamless Autonomous Alignment
TESLA-SHADOW-3148,59.5,27.4,3.4,26.1,0.86,Seamless Autonomous Alignment
TESLA-SHADOW-3149,27.6,16.8,16.4,26.4,0.28,Seamless Autonomous Alignment
TESLA-SHADOW-3150,45.4,28.3,3.9,29.8,0.82,Seamless Autonomous Alignment
TESLA-SHADOW-3151,31.4,24.7,32.1,26.9,3.44,Seamless Autonomous Alignment
TESLA-SHADOW-3152,61.4,1.5,23.4,22.7,3.98,Seamless Autonomous Alignment
TESLA-SHADOW-3153,32.0,28.3,15.2,23.9,1.22,Seamless Autonomous Alignment
TESLA-SHADOW-3154,53.2,50.2,5.1,22.1,1.95,Seamless Autonomous Alignment
TESLA-SHADOW-3155,37.3,53.3,8.9,25.5,2.75,Seamless Autonomous Alignment
TESLA-SHADOW-3156,68.9,56.9,14.0,25.1,2.42,Seamless Autonomous Alignment
TESLA-SHADOW-3157,42.7,16.5,24.9,22.1,0.45,Seamless Autonomous Alignment
TESLA-SHADOW-3158,59.1,39.8,20.1,25.5,0.11,Seamless Autonomous Alignment
TESLA-SHADOW-3159,30.9,45.5,6.0,26.5,2.76,Seamless Autonomous Alignment
TESLA-SHADOW-3160,62.6,74.9,34.4,25.0,2.7,Seamless Autonomous Alignment
TESLA-SHADOW-3161,51.1,20.1,31.2,24.3,4.58,Shadow Disengagement Triggered
TESLA-SHADOW-3162,44.0,26.6,27.1,24.0,1.56,Seamless Autonomous Alignment
TESLA-SHADOW-3163,39.0,58.7,5.1,28.7,1.35,Seamless Autonomous Alignment
TESLA-SHADOW-3164,46.2,41.8,34.4,22.4,1.77,Seamless Autonomous Alignment
TESLA-SHADOW-3165,70.6,64.8,20.5,34.6,2.96,Seamless Autonomous Alignment
TESLA-SHADOW-3166,52.4,68.2,31.6,23.8,2.92,Seamless Autonomous Alignment
TESLA-SHADOW-3167,25.6,14.7,14.8,28.3,0.39,Seamless Autonomous Alignment
TESLA-SHADOW-3168,63.7,57.5,11.8,24.3,0.9,Seamless Autonomous Alignment
TESLA-SHADOW-3169,66.5,68.1,1.3,26.3,2.19,Seamless Autonomous Alignment
TESLA-SHADOW-3170,46.9,81.7,7.4,23.0,2.53,Seamless Autonomous Alignment
TESLA-SHADOW-3171,52.8,1.4,27.9,31.4,1.6,Seamless Autonomous Alignment
TESLA-SHADOW-3172,60.6,36.0,28.5,29.3,1.85,Seamless Autonomous Alignment
TESLA-SHADOW-3173,69.3,73.5,25.4,51.1,0.42,Shadow Disengagement Triggered
TESLA-SHADOW-3174,36.4,8.5,27.9,25.3,0.54,Seamless Autonomous Alignment
TESLA-SHADOW-3175,61.4,44.3,17.4,24.7,0.16,Seamless Autonomous Alignment
TESLA-SHADOW-3176,63.5,23.1,20.7,32.7,1.54,Seamless Autonomous Alignment
TESLA-SHADOW-3177,49.1,63.0,24.4,27.5,4.08,Seamless Autonomous Alignment
TESLA-SHADOW-3178,71.9,56.9,32.9,22.7,5.25,Shadow Disengagement Triggered
TESLA-SHADOW-3179,59.9,68.4,2.9,24.2,3.74,Seamless Autonomous Alignment
TESLA-SHADOW-3180,60.1,60.9,6.5,26.9,4.08,Seamless Autonomous Alignment
TESLA-SHADOW-3181,48.8,41.7,25.6,27.6,3.11,Seamless Autonomous Alignment
TESLA-SHADOW-3182,32.1,47.6,4.0,27.1,2.59,Seamless Autonomous Alignment
TESLA-SHADOW-3183,73.2,23.9,14.1,26.9,0.23,Seamless Autonomous Alignment
TESLA-SHADOW-3184,50.1,52.9,14.1,23.3,1.04,Seamless Autonomous Alignment
TESLA-SHADOW-3185,38.9,82.2,17.5,23.3,2.72,Seamless Autonomous Alignment
TESLA-SHADOW-3186,70.2,74.3,8.1,22.9,2.73,Seamless Autonomous Alignment
TESLA-SHADOW-3187,37.1,55.7,33.7,23.0,1.08,Seamless Autonomous Alignment
TESLA-SHADOW-3188,31.2,21.3,24.2,23.7,5.29,Shadow Disengagement Triggered
TESLA-SHADOW-3189,30.7,40.9,10.9,23.9,2.93,Seamless Autonomous Alignment
TESLA-SHADOW-3190,74.8,21.9,2.8,22.6,1.18,Seamless Autonomous Alignment
TESLA-SHADOW-3191,27.2,61.4,10.7,34.6,1.52,Seamless Autonomous Alignment
TESLA-SHADOW-3192,28.5,28.7,24.6,26.8,0.98,Seamless Autonomous Alignment
TESLA-SHADOW-3193,52.4,21.7,31.1,22.1,0.66,Seamless Autonomous Alignment
TESLA-SHADOW-3194,56.0,17.8,24.0,23.0,1.31,Seamless Autonomous Alignment
TESLA-SHADOW-3195,26.4,27.5,3.9,27.6,1.76,Seamless Autonomous Alignment
TESLA-SHADOW-3196,35.2,30.0,1.3,28.8,0.82,Seamless Autonomous Alignment
TESLA-SHADOW-3197,26.3,21.6,31.6,27.2,0.93,Seamless Autonomous Alignment
TESLA-SHADOW-3198,52.7,21.5,31.4,30.2,2.94,Seamless Autonomous Alignment
TESLA-SHADOW-3199,32.6,28.1,23.9,26.2,1.28,Seamless Autonomous Alignment
TESLA-SHADOW-3200,30.6,67.8,14.8,29.2,4.35,Seamless Autonomous Alignment
TESLA-SHADOW-3201,27.8,23.9,13.2,40.2,3.05,Seamless Autonomous Alignment
TESLA-SHADOW-3202,66.9,19.2,0.8,28.6,0.07,Seamless Autonomous Alignment
TESLA-SHADOW-3203,45.9,16.5,34.2,22.5,2.38,Seamless Autonomous Alignment
TESLA-SHADOW-3204,48.5,30.2,23.3,25.2,1.75,Seamless Autonomous Alignment
TESLA-SHADOW-3205,54.9,79.9,29.5,28.1,4.11,Seamless Autonomous Alignment
TESLA-SHADOW-3206,63.7,82.7,19.6,24.3,6.71,Shadow Disengagement Triggered
TESLA-SHADOW-3207,48.9,49.8,33.7,24.6,2.85,Seamless Autonomous Alignment
TESLA-SHADOW-3208,54.9,15.4,33.1,24.8,4.39,Seamless Autonomous Alignment
TESLA-SHADOW-3209,54.6,0.8,2.6,26.9,0.37,Seamless Autonomous Alignment
TESLA-SHADOW-3210,52.4,7.6,5.3,22.0,2.2,Seamless Autonomous Alignment
TESLA-SHADOW-3211,39.7,13.3,12.4,23.2,0.41,Seamless Autonomous Alignment
TESLA-SHADOW-3212,48.4,78.1,31.0,22.1,6.11,Shadow Disengagement Triggered
TESLA-SHADOW-3213,72.3,88.6,26.1,34.5,4.29,Shadow Disengagement Triggered
TESLA-SHADOW-3214,63.0,21.1,11.9,22.6,1.14,Seamless Autonomous Alignment
TESLA-SHADOW-3215,64.5,8.4,3.3,22.5,0.23,Seamless Autonomous Alignment
TESLA-SHADOW-3216,51.5,80.3,26.9,22.5,4.46,Seamless Autonomous Alignment
TESLA-SHADOW-3217,61.6,54.2,17.9,25.8,6.43,Shadow Disengagement Triggered
TESLA-SHADOW-3218,39.9,6.9,0.9,26.8,2.43,Seamless Autonomous Alignment
TESLA-SHADOW-3219,61.4,66.0,7.9,25.0,2.63,Seamless Autonomous Alignment
TESLA-SHADOW-3220,53.1,89.6,8.1,24.2,3.1,Seamless Autonomous Alignment
TESLA-SHADOW-3221,37.8,49.2,15.1,24.1,2.95,Seamless Autonomous Alignment
TESLA-SHADOW-3222,62.7,54.4,13.5,23.3,0.04,Seamless Autonomous Alignment
TESLA-SHADOW-3223,42.3,21.5,2.7,25.3,1.21,Seamless Autonomous Alignment
TESLA-SHADOW-3224,37.8,11.5,7.3,32.7,0.83,Seamless Autonomous Alignment
TESLA-SHADOW-3225,54.3,23.1,27.3,22.0,3.41,Seamless Autonomous Alignment
TESLA-SHADOW-3226,51.8,3.3,13.7,25.8,2.59,Seamless Autonomous Alignment
TESLA-SHADOW-3227,64.6,67.9,17.7,22.2,2.63,Seamless Autonomous Alignment
TESLA-SHADOW-3228,55.7,29.5,24.3,25.0,4.76,Shadow Disengagement Triggered
TESLA-SHADOW-3229,56.1,87.1,25.1,26.5,6.54,Shadow Disengagement Triggered
TESLA-SHADOW-3230,42.2,27.7,5.8,24.6,2.58,Seamless Autonomous Alignment
TESLA-SHADOW-3231,39.6,18.6,7.0,27.7,0.19,Seamless Autonomous Alignment
TESLA-SHADOW-3232,55.2,5.4,26.2,24.7,2.7,Seamless Autonomous Alignment
TESLA-SHADOW-3233,56.2,84.0,4.2,25.4,1.57,Seamless Autonomous Alignment
TESLA-SHADOW-3234,59.4,51.1,11.1,23.5,2.01,Seamless Autonomous Alignment
TESLA-SHADOW-3235,67.6,56.3,0.5,24.7,0.09,Seamless Autonomous Alignment
TESLA-SHADOW-3236,51.5,62.5,0.1,26.4,0.66,Seamless Autonomous Alignment
TESLA-SHADOW-3237,47.7,27.6,32.6,23.6,1.77,Seamless Autonomous Alignment
TESLA-SHADOW-3238,30.2,50.0,19.8,26.8,5.79,Shadow Disengagement Triggered
TESLA-SHADOW-3239,44.9,57.9,32.0,24.8,1.28,Seamless Autonomous Alignment
TESLA-SHADOW-3240,34.3,33.0,14.5,22.9,2.66,Seamless Autonomous Alignment
TESLA-SHADOW-3241,58.7,65.8,27.1,23.1,0.51,Seamless Autonomous Alignment
TESLA-SHADOW-3242,38.4,41.1,4.7,29.8,2.31,Seamless Autonomous Alignment
TESLA-SHADOW-3243,69.6,9.5,4.0,23.0,1.38,Seamless Autonomous Alignment
TESLA-SHADOW-3244,42.3,65.8,28.6,22.7,2.76,Seamless Autonomous Alignment
TESLA-SHADOW-3245,61.7,2.7,4.2,27.1,1.12,Seamless Autonomous Alignment
TESLA-SHADOW-3246,29.5,60.1,10.8,25.0,1.24,Seamless Autonomous Alignment
TESLA-SHADOW-3247,29.8,0.6,11.8,24.1,2.9,Seamless Autonomous Alignment
TESLA-SHADOW-3248,33.9,11.7,6.6,24.0,0.98,Seamless Autonomous Alignment
TESLA-SHADOW-3249,29.3,81.8,27.5,23.7,4.54,Shadow Disengagement Triggered
TESLA-SHADOW-3250,71.7,31.5,21.0,25.3,0.88,Seamless Autonomous Alignment
TESLA-SHADOW-3251,25.4,52.0,1.3,28.2,5.03,Shadow Disengagement Triggered
TESLA-SHADOW-3252,65.0,43.6,8.5,23.2,1.57,Seamless Autonomous Alignment
TESLA-SHADOW-3253,27.1,25.8,17.5,22.8,2.65,Seamless Autonomous Alignment
TESLA-SHADOW-3254,34.8,8.6,33.6,24.2,0.09,Seamless Autonomous Alignment
TESLA-SHADOW-3255,68.8,7.6,20.5,28.4,2.03,Seamless Autonomous Alignment
TESLA-SHADOW-3256,51.4,12.0,23.3,22.8,2.96,Seamless Autonomous Alignment
TESLA-SHADOW-3257,26.9,61.7,3.6,23.9,1.36,Seamless Autonomous Alignment
TESLA-SHADOW-3258,72.0,13.1,8.7,22.1,1.98,Seamless Autonomous Alignment
TESLA-SHADOW-3259,34.9,89.0,5.1,32.9,1.36,Shadow Disengagement Triggered
TESLA-SHADOW-3260,34.5,13.5,8.6,23.3,0.33,Seamless Autonomous Alignment
TESLA-SHADOW-3261,69.5,64.0,27.7,23.3,0.7,Seamless Autonomous Alignment
TESLA-SHADOW-3262,36.3,0.5,34.1,23.1,1.77,Seamless Autonomous Alignment
TESLA-SHADOW-3263,35.9,61.5,30.6,23.2,2.32,Seamless Autonomous Alignment
TESLA-SHADOW-3264,30.1,38.5,3.8,22.2,3.27,Seamless Autonomous Alignment
TESLA-SHADOW-3265,38.1,68.2,10.9,35.9,0.36,Seamless Autonomous Alignment
TESLA-SHADOW-3266,50.3,29.8,19.6,23.3,0.76,Seamless Autonomous Alignment
TESLA-SHADOW-3267,26.8,15.3,15.2,22.9,2.5,Seamless Autonomous Alignment
TESLA-SHADOW-3268,43.6,6.7,0.8,25.2,0.13,Seamless Autonomous Alignment
TESLA-SHADOW-3269,52.0,70.0,23.9,23.6,3.17,Seamless Autonomous Alignment
TESLA-SHADOW-3270,32.8,53.6,26.8,22.2,1.43,Seamless Autonomous Alignment
TESLA-SHADOW-3271,42.9,48.1,31.9,23.6,2.65,Seamless Autonomous Alignment
TESLA-SHADOW-3272,66.1,51.7,23.5,29.4,3.64,Seamless Autonomous Alignment
TESLA-SHADOW-3273,45.6,38.6,1.9,26.2,0.0,Seamless Autonomous Alignment
TESLA-SHADOW-3274,69.3,26.4,20.7,29.8,0.89,Seamless Autonomous Alignment
TESLA-SHADOW-3275,58.3,38.5,29.7,27.1,2.76,Seamless Autonomous Alignment
TESLA-SHADOW-3276,57.1,19.6,31.4,24.9,1.48,Seamless Autonomous Alignment
TESLA-SHADOW-3277,36.0,50.7,1.5,28.3,1.01,Seamless Autonomous Alignment
TESLA-SHADOW-3278,41.8,81.5,20.1,23.0,0.74,Seamless Autonomous Alignment
TESLA-SHADOW-3279,50.6,5.8,28.7,34.6,3.18,Seamless Autonomous Alignment
TESLA-SHADOW-3280,43.9,60.5,4.6,22.9,0.07,Seamless Autonomous Alignment
TESLA-SHADOW-3281,42.2,19.7,5.9,28.9,0.14,Seamless Autonomous Alignment
TESLA-SHADOW-3282,42.6,26.0,24.5,22.5,2.69,Seamless Autonomous Alignment
TESLA-SHADOW-3283,45.4,63.3,22.5,23.7,4.97,Shadow Disengagement Triggered
TESLA-SHADOW-3284,52.4,30.8,8.6,26.6,2.42,Seamless Autonomous Alignment
TESLA-SHADOW-3285,30.7,12.3,4.3,22.2,1.15,Seamless Autonomous Alignment
TESLA-SHADOW-3286,63.9,86.5,23.5,31.9,6.11,Shadow Disengagement Triggered
TESLA-SHADOW-3287,72.8,89.7,33.9,31.3,3.87,Shadow Disengagement Triggered
TESLA-SHADOW-3288,54.1,87.3,10.6,26.6,0.39,Seamless Autonomous Alignment
TESLA-SHADOW-3289,61.7,43.3,28.0,23.4,0.06,Seamless Autonomous Alignment
TESLA-SHADOW-3290,72.7,3.5,31.5,24.7,1.42,Seamless Autonomous Alignment
TESLA-SHADOW-3291,50.6,0.5,33.3,23.6,4.8,Shadow Disengagement Triggered
TESLA-SHADOW-3292,68.0,81.4,5.0,30.7,3.33,Shadow Disengagement Triggered
TESLA-SHADOW-3293,54.6,44.2,34.5,28.1,4.88,Shadow Disengagement Triggered
TESLA-SHADOW-3294,65.9,68.0,14.5,23.2,2.17,Seamless Autonomous Alignment
TESLA-SHADOW-3295,66.3,42.0,4.0,24.5,3.12,Seamless Autonomous Alignment
TESLA-SHADOW-3296,50.0,5.8,32.9,30.7,4.14,Seamless Autonomous Alignment
TESLA-SHADOW-3297,35.0,78.9,23.3,24.3,2.85,Seamless Autonomous Alignment
TESLA-SHADOW-3298,34.8,15.5,3.0,29.0,2.86,Seamless Autonomous Alignment
TESLA-SHADOW-3299,55.7,55.6,2.1,23.7,2.09,Seamless Autonomous Alignment
TESLA-SHADOW-3300,74.7,41.1,29.9,23.2,2.2,Seamless Autonomous Alignment
TESLA-SHADOW-3301,73.2,64.3,7.2,34.8,3.11,Seamless Autonomous Alignment
TESLA-SHADOW-3302,52.3,79.8,21.9,39.3,3.61,Shadow Disengagement Triggered
TESLA-SHADOW-3303,54.0,5.2,33.1,26.9,2.14,Seamless Autonomous Alignment
TESLA-SHADOW-3304,53.4,55.6,21.9,22.0,3.21,Seamless Autonomous Alignment
TESLA-SHADOW-3305,66.8,20.2,25.2,24.4,1.77,Seamless Autonomous Alignment
TESLA-SHADOW-3306,45.5,74.4,18.4,24.5,1.69,Seamless Autonomous Alignment
TESLA-SHADOW-3307,64.5,2.4,1.5,22.0,0.03,Seamless Autonomous Alignment
TESLA-SHADOW-3308,74.5,39.1,11.7,24.2,1.33,Seamless Autonomous Alignment
TESLA-SHADOW-3309,48.6,82.5,26.1,24.1,3.12,Seamless Autonomous Alignment
TESLA-SHADOW-3310,39.3,37.9,14.3,22.8,2.74,Seamless Autonomous Alignment
TESLA-SHADOW-3311,31.3,34.2,12.0,22.4,1.99,Seamless Autonomous Alignment
TESLA-SHADOW-3312,71.9,70.3,4.0,22.6,1.5,Seamless Autonomous Alignment
TESLA-SHADOW-3313,50.2,60.1,21.5,22.2,2.88,Seamless Autonomous Alignment
TESLA-SHADOW-3314,39.2,79.4,26.1,29.1,0.43,Seamless Autonomous Alignment
TESLA-SHADOW-3315,53.9,50.9,6.7,23.2,1.4,Seamless Autonomous Alignment
TESLA-SHADOW-3316,36.5,69.8,5.9,24.0,0.96,Seamless Autonomous Alignment
TESLA-SHADOW-3317,67.3,54.8,6.2,38.8,0.92,Seamless Autonomous Alignment
TESLA-SHADOW-3318,58.5,65.6,23.4,23.9,2.75,Seamless Autonomous Alignment
TESLA-SHADOW-3319,69.0,86.0,6.9,27.5,3.62,Seamless Autonomous Alignment
TESLA-SHADOW-3320,28.5,70.6,13.3,22.9,0.06,Seamless Autonomous Alignment
TESLA-SHADOW-3321,68.2,48.6,26.2,23.1,4.15,Seamless Autonomous Alignment
TESLA-SHADOW-3322,62.1,50.8,16.8,23.2,0.32,Seamless Autonomous Alignment
TESLA-SHADOW-3323,57.1,0.6,26.6,23.1,3.53,Seamless Autonomous Alignment
TESLA-SHADOW-3324,45.8,21.1,28.7,37.9,4.11,Seamless Autonomous Alignment
TESLA-SHADOW-3325,74.6,63.8,7.9,22.1,0.96,Seamless Autonomous Alignment
TESLA-SHADOW-3326,53.6,22.0,20.9,25.2,0.81,Seamless Autonomous Alignment
TESLA-SHADOW-3327,31.8,82.3,19.0,23.0,5.6,Shadow Disengagement Triggered
TESLA-SHADOW-3328,69.6,46.9,14.9,29.3,2.06,Seamless Autonomous Alignment
TESLA-SHADOW-3329,46.5,67.5,19.0,33.0,2.53,Seamless Autonomous Alignment
TESLA-SHADOW-3330,66.5,37.1,25.3,23.0,1.35,Seamless Autonomous Alignment
TESLA-SHADOW-3331,65.5,16.0,34.9,22.4,2.3,Seamless Autonomous Alignment
TESLA-SHADOW-3332,45.4,28.7,25.3,22.4,0.96,Seamless Autonomous Alignment
TESLA-SHADOW-3333,69.5,47.2,19.3,22.7,2.93,Seamless Autonomous Alignment
TESLA-SHADOW-3334,66.0,84.8,2.6,25.4,4.35,Seamless Autonomous Alignment
TESLA-SHADOW-3335,74.2,26.7,0.2,26.8,3.36,Seamless Autonomous Alignment
TESLA-SHADOW-3336,71.4,31.7,24.9,24.1,3.1,Seamless Autonomous Alignment
TESLA-SHADOW-3337,43.0,0.9,10.6,22.7,2.98,Seamless Autonomous Alignment
TESLA-SHADOW-3338,63.5,1.2,15.9,24.3,1.7,Seamless Autonomous Alignment
TESLA-SHADOW-3339,54.3,55.6,33.9,24.5,4.28,Seamless Autonomous Alignment
TESLA-SHADOW-3340,53.7,74.6,22.6,22.4,2.37,Seamless Autonomous Alignment
TESLA-SHADOW-3341,57.6,64.3,10.4,22.3,3.29,Seamless Autonomous Alignment
TESLA-SHADOW-3342,50.8,57.3,13.1,23.1,4.19,Seamless Autonomous Alignment
TESLA-SHADOW-3343,42.4,35.0,1.3,23.5,3.4,Seamless Autonomous Alignment
TESLA-SHADOW-3344,54.2,40.3,33.9,26.7,5.53,Shadow Disengagement Triggered
TESLA-SHADOW-3345,31.8,69.3,18.0,23.0,0.41,Seamless Autonomous Alignment
TESLA-SHADOW-3346,26.5,72.6,5.7,22.2,3.65,Seamless Autonomous Alignment
TESLA-SHADOW-3347,33.1,5.5,7.7,26.8,0.52,Seamless Autonomous Alignment
TESLA-SHADOW-3348,35.2,41.8,15.1,24.9,2.18,Seamless Autonomous Alignment
TESLA-SHADOW-3349,53.0,49.0,22.0,23.2,0.02,Seamless Autonomous Alignment
TESLA-SHADOW-3350,46.1,14.6,27.0,30.5,0.67,Seamless Autonomous Alignment
TESLA-SHADOW-3351,68.1,63.0,17.6,24.0,1.18,Seamless Autonomous Alignment
TESLA-SHADOW-3352,32.5,30.9,30.2,23.8,0.42,Seamless Autonomous Alignment
TESLA-SHADOW-3353,45.1,48.5,12.5,30.3,1.61,Seamless Autonomous Alignment
TESLA-SHADOW-3354,46.3,88.5,20.7,22.8,2.58,Seamless Autonomous Alignment
TESLA-SHADOW-3355,27.7,40.1,32.5,23.6,2.36,Seamless Autonomous Alignment
TESLA-SHADOW-3356,66.8,56.6,6.3,26.1,2.44,Seamless Autonomous Alignment
TESLA-SHADOW-3357,38.0,18.3,25.5,32.5,0.19,Seamless Autonomous Alignment
TESLA-SHADOW-3358,32.1,44.2,31.6,22.5,0.35,Seamless Autonomous Alignment
TESLA-SHADOW-3359,32.9,22.1,32.1,22.4,2.7,Seamless Autonomous Alignment
TESLA-SHADOW-3360,44.4,7.9,13.5,27.7,2.29,Seamless Autonomous Alignment
TESLA-SHADOW-3361,54.2,81.6,20.8,31.9,5.87,Shadow Disengagement Triggered
TESLA-SHADOW-3362,40.3,53.9,11.6,22.1,0.81,Seamless Autonomous Alignment
TESLA-SHADOW-3363,55.4,64.0,31.6,28.5,7.77,Shadow Disengagement Triggered
TESLA-SHADOW-3364,41.1,74.4,24.4,30.0,3.15,Seamless Autonomous Alignment
TESLA-SHADOW-3365,72.8,81.9,28.1,32.2,0.14,Shadow Disengagement Triggered
TESLA-SHADOW-3366,45.0,86.7,13.8,26.5,0.2,Seamless Autonomous Alignment
TESLA-SHADOW-3367,49.6,3.1,33.5,24.6,0.83,Seamless Autonomous Alignment
TESLA-SHADOW-3368,35.7,17.3,28.2,31.2,3.41,Seamless Autonomous Alignment
TESLA-SHADOW-3369,67.1,42.8,27.5,23.5,4.71,Shadow Disengagement Triggered
TESLA-SHADOW-3370,62.6,39.8,1.8,23.5,0.88,Seamless Autonomous Alignment
TESLA-SHADOW-3371,47.1,37.6,15.0,22.3,2.9,Seamless Autonomous Alignment
TESLA-SHADOW-3372,71.0,54.5,31.7,23.5,4.06,Seamless Autonomous Alignment
TESLA-SHADOW-3373,30.3,69.3,21.9,45.2,3.48,Seamless Autonomous Alignment
TESLA-SHADOW-3374,71.8,61.5,11.6,22.2,2.17,Seamless Autonomous Alignment
TESLA-SHADOW-3375,68.1,14.6,2.0,26.3,0.05,Seamless Autonomous Alignment
TESLA-SHADOW-3376,30.3,72.2,13.0,26.1,3.33,Seamless Autonomous Alignment
TESLA-SHADOW-3377,53.5,20.0,6.0,24.8,0.0,Seamless Autonomous Alignment
TESLA-SHADOW-3378,50.7,33.7,5.4,36.8,2.59,Seamless Autonomous Alignment
TESLA-SHADOW-3379,44.5,31.4,30.7,22.8,0.62,Seamless Autonomous Alignment
TESLA-SHADOW-3380,46.9,1.8,21.0,22.7,1.83,Seamless Autonomous Alignment
TESLA-SHADOW-3381,30.8,46.3,20.4,27.7,2.93,Seamless Autonomous Alignment
TESLA-SHADOW-3382,66.7,52.6,3.2,23.6,3.86,Seamless Autonomous Alignment
TESLA-SHADOW-3383,71.7,24.9,5.6,24.5,0.17,Seamless Autonomous Alignment
TESLA-SHADOW-3384,49.8,35.5,16.6,28.9,2.87,Seamless Autonomous Alignment
TESLA-SHADOW-3385,27.2,4.0,23.1,24.3,3.36,Seamless Autonomous Alignment
TESLA-SHADOW-3386,64.3,4.3,24.3,25.3,1.72,Seamless Autonomous Alignment
TESLA-SHADOW-3387,30.4,34.2,16.8,24.4,0.36,Seamless Autonomous Alignment
TESLA-SHADOW-3388,41.4,9.6,8.7,30.3,4.81,Shadow Disengagement Triggered
TESLA-SHADOW-3389,26.6,76.9,7.2,24.3,4.6,Shadow Disengagement Triggered
TESLA-SHADOW-3390,60.5,72.0,5.1,28.0,1.41,Seamless Autonomous Alignment
TESLA-SHADOW-3391,28.2,73.6,17.6,22.0,1.38,Seamless Autonomous Alignment
TESLA-SHADOW-3392,41.5,37.4,27.0,23.5,0.29,Seamless Autonomous Alignment
TESLA-SHADOW-3393,53.9,75.3,0.9,26.1,0.45,Seamless Autonomous Alignment
TESLA-SHADOW-3394,58.7,70.2,24.8,24.3,3.82,Seamless Autonomous Alignment
TESLA-SHADOW-3395,72.1,14.4,21.0,25.0,1.19,Seamless Autonomous Alignment
TESLA-SHADOW-3396,28.0,13.8,13.7,23.7,1.79,Seamless Autonomous Alignment
TESLA-SHADOW-3397,32.5,25.3,12.8,25.8,2.02,Seamless Autonomous Alignment
TESLA-SHADOW-3398,55.1,54.7,2.4,23.0,0.71,Seamless Autonomous Alignment
TESLA-SHADOW-3399,70.7,30.6,4.9,22.8,3.07,Seamless Autonomous Alignment
TESLA-SHADOW-3400,37.3,55.0,10.5,31.1,0.28,Seamless Autonomous Alignment
TESLA-SHADOW-3401,34.3,65.0,12.7,24.5,2.14,Seamless Autonomous Alignment
TESLA-SHADOW-3402,70.4,43.5,17.4,22.5,1.21,Seamless Autonomous Alignment
TESLA-SHADOW-3403,61.2,74.7,22.9,23.3,3.86,Seamless Autonomous Alignment
TESLA-SHADOW-3404,31.1,69.9,34.5,23.1,2.0,Seamless Autonomous Alignment
TESLA-SHADOW-3405,64.5,63.2,16.9,23.7,0.3,Seamless Autonomous Alignment
TESLA-SHADOW-3406,58.1,74.4,1.2,23.7,1.56,Seamless Autonomous Alignment
TESLA-SHADOW-3407,37.0,88.2,3.7,29.5,3.99,Seamless Autonomous Alignment
TESLA-SHADOW-3408,30.1,65.3,30.2,22.4,3.42,Seamless Autonomous Alignment
TESLA-SHADOW-3409,29.3,59.5,14.1,24.5,1.41,Seamless Autonomous Alignment
TESLA-SHADOW-3410,38.4,5.8,6.3,22.8,0.98,Seamless Autonomous Alignment
TESLA-SHADOW-3411,53.8,72.7,5.7,27.7,2.03,Seamless Autonomous Alignment
TESLA-SHADOW-3412,63.9,75.4,31.7,23.3,1.47,Seamless Autonomous Alignment
TESLA-SHADOW-3413,35.0,84.0,1.9,33.2,0.15,Shadow Disengagement Triggered
TESLA-SHADOW-3414,71.7,4.0,34.4,22.5,3.31,Seamless Autonomous Alignment
TESLA-SHADOW-3415,72.6,74.3,27.6,23.7,1.83,Seamless Autonomous Alignment
TESLA-SHADOW-3416,33.8,5.0,3.3,30.3,2.31,Seamless Autonomous Alignment
TESLA-SHADOW-3417,45.6,19.8,29.6,27.0,0.89,Seamless Autonomous Alignment
TESLA-SHADOW-3418,74.1,49.8,29.4,22.3,4.38,Seamless Autonomous Alignment
TESLA-SHADOW-3419,51.6,11.3,19.1,23.6,1.36,Seamless Autonomous Alignment
TESLA-SHADOW-3420,31.8,71.6,11.9,22.1,3.88,Seamless Autonomous Alignment
TESLA-SHADOW-3421,59.7,8.2,23.6,22.1,1.13,Seamless Autonomous Alignment
TESLA-SHADOW-3422,74.8,49.1,2.3,29.0,0.25,Seamless Autonomous Alignment
TESLA-SHADOW-3423,52.4,32.6,26.3,22.5,4.09,Seamless Autonomous Alignment
TESLA-SHADOW-3424,49.1,70.1,7.2,32.8,3.55,Shadow Disengagement Triggered
TESLA-SHADOW-3425,69.5,88.1,13.8,23.0,5.1,Shadow Disengagement Triggered
TESLA-SHADOW-3426,35.2,85.7,8.3,27.2,1.18,Seamless Autonomous Alignment
TESLA-SHADOW-3427,43.1,45.2,8.0,22.8,0.07,Seamless Autonomous Alignment
TESLA-SHADOW-3428,58.7,86.6,34.7,26.2,1.04,Seamless Autonomous Alignment
TESLA-SHADOW-3429,35.5,16.1,32.3,23.4,1.85,Seamless Autonomous Alignment
TESLA-SHADOW-3430,66.3,54.9,28.3,25.4,1.64,Seamless Autonomous Alignment
TESLA-SHADOW-3431,43.0,31.2,32.0,33.5,1.61,Seamless Autonomous Alignment
TESLA-SHADOW-3432,73.5,48.3,31.7,22.2,1.74,Seamless Autonomous Alignment
TESLA-SHADOW-3433,45.8,24.9,29.5,23.4,0.49,Seamless Autonomous Alignment
TESLA-SHADOW-3434,57.8,34.1,12.7,22.2,1.61,Seamless Autonomous Alignment
TESLA-SHADOW-3435,25.0,78.1,2.7,23.6,0.67,Seamless Autonomous Alignment
TESLA-SHADOW-3436,30.6,0.6,2.3,22.9,1.93,Seamless Autonomous Alignment
TESLA-SHADOW-3437,56.2,23.4,12.3,24.4,0.43,Seamless Autonomous Alignment
TESLA-SHADOW-3438,52.7,63.7,13.8,26.7,3.06,Seamless Autonomous Alignment
TESLA-SHADOW-3439,53.0,64.3,15.2,27.8,2.86,Seamless Autonomous Alignment
TESLA-SHADOW-3440,52.6,43.6,1.3,24.1,1.29,Seamless Autonomous Alignment
TESLA-SHADOW-3441,59.5,19.7,12.1,30.4,2.55,Seamless Autonomous Alignment
TESLA-SHADOW-3442,58.5,62.3,13.2,25.3,2.99,Seamless Autonomous Alignment
TESLA-SHADOW-3443,73.4,25.6,29.2,25.8,1.75,Seamless Autonomous Alignment
TESLA-SHADOW-3444,30.1,44.7,32.3,22.3,1.95,Seamless Autonomous Alignment
TESLA-SHADOW-3445,36.3,89.9,9.4,23.1,2.88,Seamless Autonomous Alignment
TESLA-SHADOW-3446,49.4,70.8,22.7,22.1,1.84,Seamless Autonomous Alignment
TESLA-SHADOW-3447,69.8,6.1,19.0,24.2,1.02,Seamless Autonomous Alignment
TESLA-SHADOW-3448,45.8,53.9,8.0,23.9,0.78,Seamless Autonomous Alignment
TESLA-SHADOW-3449,31.0,56.5,2.8,24.3,2.19,Seamless Autonomous Alignment
TESLA-SHADOW-3450,53.6,26.6,28.2,23.1,1.87,Seamless Autonomous Alignment
TESLA-SHADOW-3451,61.6,89.6,19.0,24.0,2.93,Seamless Autonomous Alignment
TESLA-SHADOW-3452,52.1,17.7,16.3,22.5,2.12,Seamless Autonomous Alignment
TESLA-SHADOW-3453,73.6,0.5,1.5,23.2,2.22,Seamless Autonomous Alignment
TESLA-SHADOW-3454,73.7,50.1,9.2,25.9,2.4,Seamless Autonomous Alignment
TESLA-SHADOW-3455,45.5,17.4,18.2,25.6,2.68,Seamless Autonomous Alignment
TESLA-SHADOW-3456,46.0,61.9,25.3,23.6,2.58,Seamless Autonomous Alignment
TESLA-SHADOW-3457,34.3,80.2,18.1,24.4,2.83,Seamless Autonomous Alignment
TESLA-SHADOW-3458,37.5,75.7,34.3,25.3,1.66,Seamless Autonomous Alignment
TESLA-SHADOW-3459,36.7,54.1,24.8,25.3,1.4,Seamless Autonomous Alignment
TESLA-SHADOW-3460,54.8,75.3,2.8,25.2,5.5,Shadow Disengagement Triggered
TESLA-SHADOW-3461,68.5,32.5,15.2,37.8,0.83,Seamless Autonomous Alignment
TESLA-SHADOW-3462,57.5,31.5,16.3,30.1,1.2,Seamless Autonomous Alignment
TESLA-SHADOW-3463,56.9,12.9,1.4,27.9,0.73,Seamless Autonomous Alignment
TESLA-SHADOW-3464,63.1,9.9,5.1,22.5,0.53,Seamless Autonomous Alignment
TESLA-SHADOW-3465,74.7,34.9,6.4,22.7,0.05,Seamless Autonomous Alignment
TESLA-SHADOW-3466,57.1,71.6,21.2,22.3,1.96,Seamless Autonomous Alignment
TESLA-SHADOW-3467,26.4,50.2,27.1,26.1,4.02,Seamless Autonomous Alignment
TESLA-SHADOW-3468,50.7,84.3,0.1,23.3,3.27,Seamless Autonomous Alignment
TESLA-SHADOW-3469,45.8,60.9,8.9,25.1,0.54,Seamless Autonomous Alignment
TESLA-SHADOW-3470,51.1,60.6,6.6,39.3,2.63,Seamless Autonomous Alignment
TESLA-SHADOW-3471,36.3,68.2,28.9,22.3,2.19,Seamless Autonomous Alignment
TESLA-SHADOW-3472,33.4,81.0,3.8,22.5,0.26,Seamless Autonomous Alignment
TESLA-SHADOW-3473,30.5,40.4,7.3,22.1,0.35,Seamless Autonomous Alignment
TESLA-SHADOW-3474,66.1,77.7,33.2,31.6,4.66,Shadow Disengagement Triggered
TESLA-SHADOW-3475,33.6,61.4,30.7,28.9,3.68,Seamless Autonomous Alignment
TESLA-SHADOW-3476,46.7,3.2,14.5,26.0,2.9,Seamless Autonomous Alignment
TESLA-SHADOW-3477,45.6,19.2,2.3,30.7,0.69,Seamless Autonomous Alignment
TESLA-SHADOW-3478,25.1,53.5,19.9,27.0,1.92,Seamless Autonomous Alignment
TESLA-SHADOW-3479,45.6,88.8,16.2,26.8,1.69,Seamless Autonomous Alignment
TESLA-SHADOW-3480,47.4,73.3,9.5,26.8,2.69,Seamless Autonomous Alignment
TESLA-SHADOW-3481,57.6,52.4,31.6,22.5,4.34,Seamless Autonomous Alignment
TESLA-SHADOW-3482,71.5,46.2,4.7,25.1,3.21,Seamless Autonomous Alignment
TESLA-SHADOW-3483,33.7,26.3,32.2,34.3,1.86,Seamless Autonomous Alignment
TESLA-SHADOW-3484,32.1,84.0,32.9,22.3,2.86,Seamless Autonomous Alignment
TESLA-SHADOW-3485,63.8,68.3,29.1,23.4,3.5,Seamless Autonomous Alignment
TESLA-SHADOW-3486,72.9,78.0,9.8,24.6,0.7,Seamless Autonomous Alignment
TESLA-SHADOW-3487,47.8,9.2,31.4,23.3,3.93,Seamless Autonomous Alignment
TESLA-SHADOW-3488,47.3,25.2,35.0,25.3,1.64,Seamless Autonomous Alignment
TESLA-SHADOW-3489,52.9,61.6,9.6,26.8,3.19,Seamless Autonomous Alignment
TESLA-SHADOW-3490,52.7,30.7,25.7,22.1,1.33,Seamless Autonomous Alignment
TESLA-SHADOW-3491,37.2,37.6,3.7,25.9,0.67,Seamless Autonomous Alignment
TESLA-SHADOW-3492,52.7,28.6,5.9,22.7,0.67,Seamless Autonomous Alignment
TESLA-SHADOW-3493,27.2,66.4,24.7,24.0,2.06,Seamless Autonomous Alignment
TESLA-SHADOW-3494,55.6,60.2,24.4,22.6,2.71,Seamless Autonomous Alignment
TESLA-SHADOW-3495,27.5,14.4,8.4,23.1,2.93,Seamless Autonomous Alignment
TESLA-SHADOW-3496,53.0,85.6,14.8,22.4,6.2,Shadow Disengagement Triggered
TESLA-SHADOW-3497,28.5,11.9,15.1,27.7,1.16,Seamless Autonomous Alignment
TESLA-SHADOW-3498,41.9,32.8,30.6,28.0,3.07,Seamless Autonomous Alignment
TESLA-SHADOW-3499,60.0,75.9,7.8,22.5,0.68,Seamless Autonomous Alignment
TESLA-SHADOW-3500,62.1,83.1,25.3,27.2,2.42,Seamless Autonomous Alignment
TESLA-SHADOW-3501,44.5,17.7,17.9,22.7,1.93,Seamless Autonomous Alignment
TESLA-SHADOW-3502,39.1,64.8,30.0,25.5,1.96,Seamless Autonomous Alignment
TESLA-SHADOW-3503,63.5,6.6,4.6,23.3,0.97,Seamless Autonomous Alignment
TESLA-SHADOW-3504,50.3,4.7,18.1,25.9,0.58,Seamless Autonomous Alignment
TESLA-SHADOW-3505,55.3,26.0,3.3,25.5,1.4,Seamless Autonomous Alignment
TESLA-SHADOW-3506,73.5,45.6,0.8,24.5,2.46,Seamless Autonomous Alignment
TESLA-SHADOW-3507,67.8,10.8,2.9,26.8,1.86,Seamless Autonomous Alignment
TESLA-SHADOW-3508,33.4,32.4,29.5,24.6,4.2,Seamless Autonomous Alignment
TESLA-SHADOW-3509,30.3,74.1,0.2,23.6,3.91,Seamless Autonomous Alignment
TESLA-SHADOW-3510,57.8,88.7,17.5,23.3,0.63,Seamless Autonomous Alignment
TESLA-SHADOW-3511,44.4,11.7,26.0,24.2,0.06,Seamless Autonomous Alignment
TESLA-SHADOW-3512,58.5,23.6,20.6,28.4,0.38,Seamless Autonomous Alignment
TESLA-SHADOW-3513,52.8,88.8,17.7,23.2,4.14,Seamless Autonomous Alignment
TESLA-SHADOW-3514,58.2,36.5,22.2,24.9,1.82,Seamless Autonomous Alignment
TESLA-SHADOW-3515,51.8,41.3,10.4,23.8,1.96,Seamless Autonomous Alignment
TESLA-SHADOW-3516,49.7,72.3,26.6,23.2,1.7,Seamless Autonomous Alignment
TESLA-SHADOW-3517,72.1,9.9,25.7,38.1,1.35,Seamless Autonomous Alignment
TESLA-SHADOW-3518,43.8,70.2,14.9,30.6,1.21,Shadow Disengagement Triggered
TESLA-SHADOW-3519,46.2,18.7,28.3,28.0,4.93,Shadow Disengagement Triggered
TESLA-SHADOW-3520,48.3,22.9,30.3,27.5,2.87,Seamless Autonomous Alignment
TESLA-SHADOW-3521,68.5,44.4,6.8,22.8,4.9,Shadow Disengagement Triggered
TESLA-SHADOW-3522,60.6,61.7,34.8,41.1,1.35,Seamless Autonomous Alignment
TESLA-SHADOW-3523,27.8,2.5,9.0,34.1,0.97,Seamless Autonomous Alignment
TESLA-SHADOW-3524,40.6,77.6,23.4,24.3,0.99,Seamless Autonomous Alignment
TESLA-SHADOW-3525,61.1,46.1,1.5,22.2,1.88,Seamless Autonomous Alignment
TESLA-SHADOW-3526,70.5,3.3,20.8,22.3,0.41,Seamless Autonomous Alignment
TESLA-SHADOW-3527,28.7,21.4,8.4,23.5,3.97,Seamless Autonomous Alignment
TESLA-SHADOW-3528,64.5,56.9,14.1,25.9,2.56,Seamless Autonomous Alignment
TESLA-SHADOW-3529,46.4,25.3,27.5,31.1,1.56,Seamless Autonomous Alignment
TESLA-SHADOW-3530,40.4,42.3,15.6,23.0,1.94,Seamless Autonomous Alignment
TESLA-SHADOW-3531,73.3,23.8,34.3,23.5,2.12,Seamless Autonomous Alignment
TESLA-SHADOW-3532,60.6,12.7,28.1,31.4,0.02,Seamless Autonomous Alignment
TESLA-SHADOW-3533,34.5,23.8,24.7,24.8,0.92,Seamless Autonomous Alignment
TESLA-SHADOW-3534,31.7,71.2,11.5,23.2,2.79,Seamless Autonomous Alignment
TESLA-SHADOW-3535,42.8,80.7,20.2,30.6,7.07,Shadow Disengagement Triggered
TESLA-SHADOW-3536,57.5,39.0,6.0,23.6,1.63,Seamless Autonomous Alignment
TESLA-SHADOW-3537,30.5,63.7,14.9,23.8,4.88,Shadow Disengagement Triggered
TESLA-SHADOW-3538,28.2,71.8,2.8,23.6,1.07,Seamless Autonomous Alignment
TESLA-SHADOW-3539,44.3,33.8,24.3,22.4,0.94,Seamless Autonomous Alignment
TESLA-SHADOW-3540,33.8,64.2,16.0,28.8,3.76,Seamless Autonomous Alignment
TESLA-SHADOW-3541,28.9,64.9,22.8,28.8,4.59,Shadow Disengagement Triggered
TESLA-SHADOW-3542,44.8,76.1,25.2,28.7,4.98,Shadow Disengagement Triggered
TESLA-SHADOW-3543,39.0,37.7,31.2,22.5,0.31,Seamless Autonomous Alignment
TESLA-SHADOW-3544,37.0,36.4,13.5,22.7,0.35,Seamless Autonomous Alignment
TESLA-SHADOW-3545,26.8,55.6,11.7,23.0,3.16,Seamless Autonomous Alignment
TESLA-SHADOW-3546,34.3,34.3,9.9,27.7,4.21,Seamless Autonomous Alignment
TESLA-SHADOW-3547,60.3,18.8,3.7,26.6,0.48,Seamless Autonomous Alignment
TESLA-SHADOW-3548,67.5,85.5,33.0,23.3,4.33,Seamless Autonomous Alignment
TESLA-SHADOW-3549,44.7,84.3,28.9,23.2,2.63,Seamless Autonomous Alignment
TESLA-SHADOW-3550,72.3,51.2,3.7,24.3,1.17,Seamless Autonomous Alignment
TESLA-SHADOW-3551,60.7,73.9,16.2,22.6,7.17,Shadow Disengagement Triggered
TESLA-SHADOW-3552,43.8,69.1,7.9,24.2,1.7,Seamless Autonomous Alignment
TESLA-SHADOW-3553,45.8,54.6,26.3,26.5,3.29,Seamless Autonomous Alignment
TESLA-SHADOW-3554,59.6,62.8,14.0,27.4,1.27,Seamless Autonomous Alignment
TESLA-SHADOW-3555,71.6,53.3,18.0,23.4,3.13,Seamless Autonomous Alignment
TESLA-SHADOW-3556,42.4,54.6,33.9,34.3,5.05,Shadow Disengagement Triggered
TESLA-SHADOW-3557,73.5,69.7,31.4,22.8,3.03,Seamless Autonomous Alignment
TESLA-SHADOW-3558,46.2,74.0,22.9,25.0,2.02,Seamless Autonomous Alignment
TESLA-SHADOW-3559,42.2,70.2,3.0,22.1,1.68,Seamless Autonomous Alignment
TESLA-SHADOW-3560,58.6,27.1,2.0,23.9,2.47,Seamless Autonomous Alignment
TESLA-SHADOW-3561,42.1,82.9,17.1,22.4,1.32,Seamless Autonomous Alignment
TESLA-SHADOW-3562,55.0,28.1,13.4,22.6,0.05,Seamless Autonomous Alignment
TESLA-SHADOW-3563,25.6,43.2,9.2,30.8,0.95,Seamless Autonomous Alignment
TESLA-SHADOW-3564,26.4,54.9,35.0,24.7,2.96,Seamless Autonomous Alignment
TESLA-SHADOW-3565,47.3,20.0,16.8,22.8,2.8,Seamless Autonomous Alignment
TESLA-SHADOW-3566,67.4,34.2,27.6,28.5,2.95,Seamless Autonomous Alignment
TESLA-SHADOW-3567,66.4,29.0,4.0,27.7,1.05,Seamless Autonomous Alignment
TESLA-SHADOW-3568,27.3,11.4,34.8,22.0,1.09,Seamless Autonomous Alignment
TESLA-SHADOW-3569,34.1,39.6,24.5,24.2,3.64,Seamless Autonomous Alignment
TESLA-SHADOW-3570,36.0,47.9,15.4,33.4,2.33,Seamless Autonomous Alignment
TESLA-SHADOW-3571,62.7,26.8,22.1,25.6,3.28,Seamless Autonomous Alignment
TESLA-SHADOW-3572,46.8,35.7,9.8,28.5,4.61,Shadow Disengagement Triggered
TESLA-SHADOW-3573,73.9,54.2,24.6,23.4,2.28,Seamless Autonomous Alignment
TESLA-SHADOW-3574,64.7,32.8,22.7,26.2,3.97,Seamless Autonomous Alignment
TESLA-SHADOW-3575,32.5,24.4,18.8,33.8,3.67,Seamless Autonomous Alignment
TESLA-SHADOW-3576,39.4,45.9,0.9,22.6,1.03,Seamless Autonomous Alignment
TESLA-SHADOW-3577,57.7,23.8,8.6,35.0,0.9,Seamless Autonomous Alignment
TESLA-SHADOW-3578,28.6,4.9,6.9,25.3,0.57,Seamless Autonomous Alignment
TESLA-SHADOW-3579,25.6,52.7,8.2,25.6,2.93,Seamless Autonomous Alignment
TESLA-SHADOW-3580,26.0,22.0,5.5,26.4,2.04,Seamless Autonomous Alignment
TESLA-SHADOW-3581,44.9,67.9,29.7,27.9,2.62,Seamless Autonomous Alignment
TESLA-SHADOW-3582,50.7,4.4,4.4,22.7,1.83,Seamless Autonomous Alignment
TESLA-SHADOW-3583,56.0,87.7,16.7,24.5,4.7,Shadow Disengagement Triggered
TESLA-SHADOW-3584,32.8,49.5,22.5,23.2,5.05,Shadow Disengagement Triggered
TESLA-SHADOW-3585,35.1,56.9,27.9,26.3,0.18,Seamless Autonomous Alignment
TESLA-SHADOW-3586,69.6,77.8,24.4,22.8,4.19,Seamless Autonomous Alignment
TESLA-SHADOW-3587,72.4,0.2,3.1,24.2,0.83,Seamless Autonomous Alignment
TESLA-SHADOW-3588,55.4,67.5,20.3,22.7,3.37,Seamless Autonomous Alignment
TESLA-SHADOW-3589,59.2,32.9,16.0,24.2,3.07,Seamless Autonomous Alignment
TESLA-SHADOW-3590,26.9,59.8,19.1,22.3,2.56,Seamless Autonomous Alignment
TESLA-SHADOW-3591,34.0,48.3,0.6,22.9,0.5,Seamless Autonomous Alignment
TESLA-SHADOW-3592,63.1,87.2,13.7,24.8,2.54,Seamless Autonomous Alignment
TESLA-SHADOW-3593,56.9,55.2,26.4,33.3,3.37,Seamless Autonomous Alignment
TESLA-SHADOW-3594,28.1,8.2,10.3,22.8,3.02,Seamless Autonomous Alignment
TESLA-SHADOW-3595,49.0,67.3,25.9,26.5,3.4,Seamless Autonomous Alignment
TESLA-SHADOW-3596,74.6,5.6,34.2,25.5,2.97,Seamless Autonomous Alignment
TESLA-SHADOW-3597,31.7,33.7,11.8,22.2,1.01,Seamless Autonomous Alignment
TESLA-SHADOW-3598,27.5,8.6,2.8,24.8,3.91,Seamless Autonomous Alignment
TESLA-SHADOW-3599,30.1,55.1,4.8,27.4,0.84,Seamless Autonomous Alignment
TESLA-SHADOW-3600,70.7,2.6,35.0,23.8,1.84,Seamless Autonomous Alignment
TESLA-SHADOW-3601,37.8,10.1,11.2,31.1,1.65,Seamless Autonomous Alignment
TESLA-SHADOW-3602,59.7,31.3,29.8,24.8,2.0,Seamless Autonomous Alignment
TESLA-SHADOW-3603,31.4,2.5,11.6,26.5,0.89,Seamless Autonomous Alignment
TESLA-SHADOW-3604,40.6,83.3,25.0,25.7,6.41,Shadow Disengagement Triggered
TESLA-SHADOW-3605,58.5,54.4,34.2,24.8,2.66,Seamless Autonomous Alignment
TESLA-SHADOW-3606,32.8,76.6,19.3,22.7,3.47,Seamless Autonomous Alignment
TESLA-SHADOW-3607,69.7,57.1,3.9,22.6,2.19,Seamless Autonomous Alignment
TESLA-SHADOW-3608,65.7,37.2,16.4,30.0,0.46,Seamless Autonomous Alignment
TESLA-SHADOW-3609,61.3,43.1,21.6,23.6,0.35,Seamless Autonomous Alignment
TESLA-SHADOW-3610,61.5,58.3,2.6,24.2,0.61,Seamless Autonomous Alignment
TESLA-SHADOW-3611,60.9,30.1,30.4,23.1,1.17,Seamless Autonomous Alignment
TESLA-SHADOW-3612,44.1,14.6,6.1,22.8,3.42,Seamless Autonomous Alignment
TESLA-SHADOW-3613,43.2,29.7,14.8,22.6,0.5,Seamless Autonomous Alignment
TESLA-SHADOW-3614,68.4,70.4,15.5,22.5,1.6,Seamless Autonomous Alignment
TESLA-SHADOW-3615,30.5,88.7,7.4,24.5,1.52,Seamless Autonomous Alignment
TESLA-SHADOW-3616,55.2,46.9,0.1,26.9,0.5,Seamless Autonomous Alignment
TESLA-SHADOW-3617,64.0,1.6,21.0,26.6,2.38,Seamless Autonomous Alignment
TESLA-SHADOW-3618,57.8,29.4,20.3,23.6,2.01,Seamless Autonomous Alignment
TESLA-SHADOW-3619,36.2,76.5,33.8,23.1,4.21,Seamless Autonomous Alignment
TESLA-SHADOW-3620,63.1,32.3,13.8,29.4,0.21,Seamless Autonomous Alignment
TESLA-SHADOW-3621,68.8,54.2,22.2,24.7,0.84,Seamless Autonomous Alignment
TESLA-SHADOW-3622,70.9,36.8,4.1,27.4,3.37,Seamless Autonomous Alignment
TESLA-SHADOW-3623,25.2,69.6,11.3,26.3,3.48,Seamless Autonomous Alignment
TESLA-SHADOW-3624,71.4,82.6,4.1,22.0,2.98,Seamless Autonomous Alignment
TESLA-SHADOW-3625,56.7,80.5,5.0,26.3,5.42,Shadow Disengagement Triggered
TESLA-SHADOW-3626,45.0,27.5,19.4,28.0,0.43,Seamless Autonomous Alignment
TESLA-SHADOW-3627,58.7,9.6,30.2,24.5,1.71,Seamless Autonomous Alignment
TESLA-SHADOW-3628,69.3,6.2,0.7,23.2,3.17,Seamless Autonomous Alignment
TESLA-SHADOW-3629,59.6,42.1,5.1,23.3,2.08,Seamless Autonomous Alignment
TESLA-SHADOW-3630,38.7,71.8,15.9,33.9,1.09,Shadow Disengagement Triggered
TESLA-SHADOW-3631,68.7,64.5,15.3,23.1,3.51,Seamless Autonomous Alignment
TESLA-SHADOW-3632,55.2,51.9,30.3,25.2,1.28,Seamless Autonomous Alignment
TESLA-SHADOW-3633,41.7,50.7,17.3,24.0,6.49,Shadow Disengagement Triggered
TESLA-SHADOW-3634,34.3,54.4,19.6,22.7,1.8,Seamless Autonomous Alignment
TESLA-SHADOW-3635,45.5,64.1,24.1,23.5,3.1,Seamless Autonomous Alignment
TESLA-SHADOW-3636,26.7,78.8,1.8,22.3,0.05,Seamless Autonomous Alignment
TESLA-SHADOW-3637,57.2,29.7,27.9,23.1,2.81,Seamless Autonomous Alignment
TESLA-SHADOW-3638,28.1,28.9,0.6,27.3,0.95,Seamless Autonomous Alignment
TESLA-SHADOW-3639,67.0,61.8,10.6,27.3,2.05,Seamless Autonomous Alignment
TESLA-SHADOW-3640,57.8,2.5,13.9,23.3,6.34,Shadow Disengagement Triggered
TESLA-SHADOW-3641,73.5,31.6,33.4,23.2,2.97,Seamless Autonomous Alignment
TESLA-SHADOW-3642,45.4,32.0,26.4,23.5,3.23,Seamless Autonomous Alignment
TESLA-SHADOW-3643,36.5,60.0,15.8,27.4,1.63,Seamless Autonomous Alignment
TESLA-SHADOW-3644,45.4,45.9,33.8,30.2,3.42,Seamless Autonomous Alignment
TESLA-SHADOW-3645,26.4,5.2,6.7,28.9,1.02,Seamless Autonomous Alignment
TESLA-SHADOW-3646,62.0,36.0,4.1,22.2,2.19,Seamless Autonomous Alignment
TESLA-SHADOW-3647,48.1,24.9,30.5,32.4,3.81,Seamless Autonomous Alignment
TESLA-SHADOW-3648,26.3,79.7,27.1,23.1,2.58,Seamless Autonomous Alignment
TESLA-SHADOW-3649,28.8,39.6,5.1,22.7,2.77,Seamless Autonomous Alignment
TESLA-SHADOW-3650,50.1,35.7,10.0,31.9,1.19,Seamless Autonomous Alignment
TESLA-SHADOW-3651,72.5,1.1,31.2,28.9,2.53,Seamless Autonomous Alignment
TESLA-SHADOW-3652,31.5,21.8,10.7,32.3,0.13,Seamless Autonomous Alignment
TESLA-SHADOW-3653,31.1,49.9,24.5,23.4,2.22,Seamless Autonomous Alignment
TESLA-SHADOW-3654,70.5,43.0,30.0,23.4,0.6,Seamless Autonomous Alignment
TESLA-SHADOW-3655,48.6,3.4,22.5,23.3,0.65,Seamless Autonomous Alignment
TESLA-SHADOW-3656,43.0,58.0,25.8,22.8,3.19,Seamless Autonomous Alignment
TESLA-SHADOW-3657,58.7,36.1,13.4,34.3,5.95,Shadow Disengagement Triggered
TESLA-SHADOW-3658,46.1,70.6,29.8,38.7,4.85,Shadow Disengagement Triggered
TESLA-SHADOW-3659,63.5,3.6,33.2,34.3,0.8,Seamless Autonomous Alignment
TESLA-SHADOW-3660,25.2,77.9,30.4,26.5,2.95,Seamless Autonomous Alignment
TESLA-SHADOW-3661,70.7,42.3,32.9,27.2,3.0,Seamless Autonomous Alignment
TESLA-SHADOW-3662,63.3,63.7,22.5,24.6,1.8,Seamless Autonomous Alignment
TESLA-SHADOW-3663,47.3,9.9,33.5,28.3,1.89,Seamless Autonomous Alignment
TESLA-SHADOW-3664,38.7,78.0,10.2,24.0,1.34,Seamless Autonomous Alignment
TESLA-SHADOW-3665,48.1,78.9,29.5,31.1,0.88,Shadow Disengagement Triggered
TESLA-SHADOW-3666,28.3,47.9,24.0,27.0,4.99,Shadow Disengagement Triggered
TESLA-SHADOW-3667,55.3,82.5,31.8,23.9,1.74,Seamless Autonomous Alignment
TESLA-SHADOW-3668,44.1,68.4,8.3,23.4,3.69,Seamless Autonomous Alignment
TESLA-SHADOW-3669,41.2,86.0,13.3,22.6,5.59,Shadow Disengagement Triggered
TESLA-SHADOW-3670,46.8,22.8,33.3,26.4,2.25,Seamless Autonomous Alignment
TESLA-SHADOW-3671,36.7,80.0,10.8,23.6,5.57,Shadow Disengagement Triggered
TESLA-SHADOW-3672,30.4,23.6,19.7,23.4,5.31,Shadow Disengagement Triggered
TESLA-SHADOW-3673,46.7,9.0,0.3,23.9,1.34,Seamless Autonomous Alignment
TESLA-SHADOW-3674,26.5,47.4,13.8,27.2,3.93,Seamless Autonomous Alignment
TESLA-SHADOW-3675,50.1,40.5,5.4,26.1,1.97,Seamless Autonomous Alignment
TESLA-SHADOW-3676,36.8,86.8,9.8,36.0,0.01,Shadow Disengagement Triggered
TESLA-SHADOW-3677,74.9,56.7,26.4,34.3,2.43,Seamless Autonomous Alignment
TESLA-SHADOW-3678,43.2,44.8,0.3,26.3,1.95,Seamless Autonomous Alignment
TESLA-SHADOW-3679,71.4,13.1,23.2,32.8,2.26,Seamless Autonomous Alignment
TESLA-SHADOW-3680,36.1,17.6,2.8,24.6,1.15,Seamless Autonomous Alignment
TESLA-SHADOW-3681,70.2,89.6,33.6,24.9,2.18,Seamless Autonomous Alignment
TESLA-SHADOW-3682,39.0,32.4,29.1,34.5,1.63,Seamless Autonomous Alignment
TESLA-SHADOW-3683,64.8,20.8,9.5,27.0,1.21,Seamless Autonomous Alignment
TESLA-SHADOW-3684,67.5,42.8,25.9,28.4,0.94,Seamless Autonomous Alignment
TESLA-SHADOW-3685,57.0,73.7,1.9,27.6,1.71,Seamless Autonomous Alignment
TESLA-SHADOW-3686,55.3,46.9,4.9,26.6,1.26,Seamless Autonomous Alignment
TESLA-SHADOW-3687,70.7,86.4,29.6,25.7,4.53,Shadow Disengagement Triggered
TESLA-SHADOW-3688,68.2,37.0,34.8,26.3,5.54,Shadow Disengagement Triggered
TESLA-SHADOW-3689,58.1,80.0,1.7,23.2,1.65,Seamless Autonomous Alignment
TESLA-SHADOW-3690,52.3,25.1,8.2,25.0,1.14,Seamless Autonomous Alignment
TESLA-SHADOW-3691,43.1,87.1,12.6,25.9,0.28,Seamless Autonomous Alignment
TESLA-SHADOW-3692,32.0,17.1,17.0,23.9,0.6,Seamless Autonomous Alignment
TESLA-SHADOW-3693,67.8,50.5,34.5,25.5,1.24,Seamless Autonomous Alignment
TESLA-SHADOW-3694,29.3,35.5,30.7,32.3,1.48,Seamless Autonomous Alignment
TESLA-SHADOW-3695,45.5,49.9,24.1,23.0,2.63,Seamless Autonomous Alignment
TESLA-SHADOW-3696,34.2,82.9,17.5,33.3,1.3,Shadow Disengagement Triggered
TESLA-SHADOW-3697,39.4,69.9,24.2,26.6,2.04,Seamless Autonomous Alignment
TESLA-SHADOW-3698,61.8,0.2,13.5,26.2,1.52,Seamless Autonomous Alignment
TESLA-SHADOW-3699,42.2,53.7,27.3,22.2,3.46,Seamless Autonomous Alignment
TESLA-SHADOW-3700,70.9,39.2,7.8,22.8,0.86,Seamless Autonomous Alignment
TESLA-SHADOW-3701,63.0,24.0,0.5,30.0,0.6,Seamless Autonomous Alignment
TESLA-SHADOW-3702,65.6,19.5,1.8,29.2,2.02,Seamless Autonomous Alignment
TESLA-SHADOW-3703,70.0,79.2,25.2,24.8,3.32,Seamless Autonomous Alignment
TESLA-SHADOW-3704,63.1,49.6,2.9,26.8,0.12,Seamless Autonomous Alignment
TESLA-SHADOW-3705,33.7,40.3,6.1,23.2,1.65,Seamless Autonomous Alignment
TESLA-SHADOW-3706,59.0,76.7,12.3,31.0,1.49,Shadow Disengagement Triggered
TESLA-SHADOW-3707,59.1,7.5,18.5,33.6,3.38,Seamless Autonomous Alignment
TESLA-SHADOW-3708,58.7,39.9,18.0,31.0,0.37,Seamless Autonomous Alignment
TESLA-SHADOW-3709,70.2,70.1,22.7,27.2,3.32,Seamless Autonomous Alignment
TESLA-SHADOW-3710,40.8,85.5,32.0,31.0,4.76,Shadow Disengagement Triggered
TESLA-SHADOW-3711,53.5,81.0,21.9,24.8,5.53,Shadow Disengagement Triggered
TESLA-SHADOW-3712,45.8,10.1,6.7,23.0,3.49,Seamless Autonomous Alignment
TESLA-SHADOW-3713,37.7,75.3,13.7,24.6,2.15,Seamless Autonomous Alignment
TESLA-SHADOW-3714,65.8,32.3,28.6,26.5,3.73,Seamless Autonomous Alignment
TESLA-SHADOW-3715,47.4,76.1,31.7,23.2,3.22,Seamless Autonomous Alignment
TESLA-SHADOW-3716,51.0,31.5,21.4,22.8,5.26,Shadow Disengagement Triggered
TESLA-SHADOW-3717,36.8,45.4,2.6,22.3,0.97,Seamless Autonomous Alignment
TESLA-SHADOW-3718,54.9,63.4,24.2,22.8,2.93,Seamless Autonomous Alignment
TESLA-SHADOW-3719,63.5,46.7,33.4,23.9,3.03,Seamless Autonomous Alignment
TESLA-SHADOW-3720,35.6,75.0,4.8,29.4,2.74,Seamless Autonomous Alignment
TESLA-SHADOW-3721,63.8,41.5,10.4,26.0,1.31,Seamless Autonomous Alignment
TESLA-SHADOW-3722,69.3,7.5,0.6,23.2,0.58,Seamless Autonomous Alignment
TESLA-SHADOW-3723,41.2,76.5,17.7,26.3,2.36,Seamless Autonomous Alignment
TESLA-SHADOW-3724,27.6,17.3,34.2,22.4,1.87,Seamless Autonomous Alignment
TESLA-SHADOW-3725,57.1,9.5,7.9,26.1,0.27,Seamless Autonomous Alignment
TESLA-SHADOW-3726,31.3,60.9,33.7,24.9,3.9,Seamless Autonomous Alignment
TESLA-SHADOW-3727,31.9,31.6,20.5,23.2,4.08,Seamless Autonomous Alignment
TESLA-SHADOW-3728,61.9,80.3,0.8,26.6,1.74,Seamless Autonomous Alignment
TESLA-SHADOW-3729,42.3,10.7,3.0,23.3,1.8,Seamless Autonomous Alignment
TESLA-SHADOW-3730,57.6,27.8,3.4,34.2,0.97,Seamless Autonomous Alignment
TESLA-SHADOW-3731,55.9,6.1,9.0,32.2,3.0,Seamless Autonomous Alignment
TESLA-SHADOW-3732,66.2,71.0,19.6,23.5,4.15,Seamless Autonomous Alignment
TESLA-SHADOW-3733,40.2,60.6,31.0,22.8,2.73,Seamless Autonomous Alignment
TESLA-SHADOW-3734,34.3,27.2,22.6,26.5,3.05,Seamless Autonomous Alignment
TESLA-SHADOW-3735,58.8,30.9,14.2,29.0,4.71,Shadow Disengagement Triggered
TESLA-SHADOW-3736,26.9,45.5,3.9,27.9,1.58,Seamless Autonomous Alignment
TESLA-SHADOW-3737,59.3,23.5,7.3,24.4,3.9,Seamless Autonomous Alignment
TESLA-SHADOW-3738,32.1,55.1,14.2,24.3,2.67,Seamless Autonomous Alignment
TESLA-SHADOW-3739,73.2,59.8,7.9,23.4,4.65,Shadow Disengagement Triggered
TESLA-SHADOW-3740,59.0,86.9,29.0,29.9,4.86,Shadow Disengagement Triggered
TESLA-SHADOW-3741,65.6,11.9,29.5,29.1,0.48,Seamless Autonomous Alignment
TESLA-SHADOW-3742,58.9,67.6,26.4,30.5,1.54,Seamless Autonomous Alignment
TESLA-SHADOW-3743,48.2,13.3,10.9,24.2,1.86,Seamless Autonomous Alignment
TESLA-SHADOW-3744,31.2,34.9,34.6,25.9,1.61,Seamless Autonomous Alignment
TESLA-SHADOW-3745,35.0,74.1,4.7,32.0,0.31,Shadow Disengagement Triggered
TESLA-SHADOW-3746,32.5,58.0,0.0,23.6,2.93,Seamless Autonomous Alignment
TESLA-SHADOW-3747,57.1,65.8,24.3,26.1,2.46,Seamless Autonomous Alignment
TESLA-SHADOW-3748,29.5,38.7,16.0,26.0,1.77,Seamless Autonomous Alignment
TESLA-SHADOW-3749,54.3,39.8,5.1,27.3,0.2,Seamless Autonomous Alignment
TESLA-SHADOW-3750,54.9,38.1,0.3,24.9,2.17,Seamless Autonomous Alignment
TESLA-SHADOW-3751,63.9,20.2,34.1,22.9,1.06,Seamless Autonomous Alignment
TESLA-SHADOW-3752,55.5,66.1,0.2,25.8,3.18,Seamless Autonomous Alignment
TESLA-SHADOW-3753,36.3,75.8,15.2,26.7,3.66,Seamless Autonomous Alignment
TESLA-SHADOW-3754,47.3,33.9,22.3,27.4,2.49,Seamless Autonomous Alignment
TESLA-SHADOW-3755,34.0,21.4,11.5,27.9,1.64,Seamless Autonomous Alignment
TESLA-SHADOW-3756,37.5,3.3,27.1,22.2,1.88,Seamless Autonomous Alignment
TESLA-SHADOW-3757,62.3,50.9,10.9,22.1,1.47,Seamless Autonomous Alignment
TESLA-SHADOW-3758,63.3,78.4,33.1,37.5,5.11,Shadow Disengagement Triggered
TESLA-SHADOW-3759,68.1,88.4,22.0,25.1,5.51,Shadow Disengagement Triggered
TESLA-SHADOW-3760,64.1,3.2,33.1,25.1,1.73,Seamless Autonomous Alignment
TESLA-SHADOW-3761,69.1,10.9,16.1,36.2,2.13,Seamless Autonomous Alignment
TESLA-SHADOW-3762,32.7,20.2,20.3,30.4,0.18,Seamless Autonomous Alignment
TESLA-SHADOW-3763,62.8,38.1,8.3,32.5,1.01,Seamless Autonomous Alignment
TESLA-SHADOW-3764,64.1,64.4,1.8,22.3,3.13,Seamless Autonomous Alignment
TESLA-SHADOW-3765,26.8,56.5,8.7,30.5,2.3,Seamless Autonomous Alignment
TESLA-SHADOW-3766,25.5,43.5,27.0,23.7,2.36,Seamless Autonomous Alignment
TESLA-SHADOW-3767,67.9,47.1,20.1,25.0,3.43,Seamless Autonomous Alignment
TESLA-SHADOW-3768,43.3,36.0,17.9,24.0,1.89,Seamless Autonomous Alignment
TESLA-SHADOW-3769,42.8,1.5,6.7,23.8,0.67,Seamless Autonomous Alignment
TESLA-SHADOW-3770,26.6,70.4,34.3,22.0,4.55,Shadow Disengagement Triggered
TESLA-SHADOW-3771,60.4,83.6,24.5,33.3,1.84,Shadow Disengagement Triggered
TESLA-SHADOW-3772,72.0,54.2,29.4,26.9,7.87,Shadow Disengagement Triggered
TESLA-SHADOW-3773,38.1,45.9,6.8,24.7,2.47,Seamless Autonomous Alignment
TESLA-SHADOW-3774,63.5,84.0,16.4,42.0,6.57,Shadow Disengagement Triggered
TESLA-SHADOW-3775,52.1,65.4,10.3,25.0,2.69,Seamless Autonomous Alignment
TESLA-SHADOW-3776,36.9,12.2,16.1,22.1,1.36,Seamless Autonomous Alignment
TESLA-SHADOW-3777,60.5,44.7,27.8,26.0,3.19,Seamless Autonomous Alignment
TESLA-SHADOW-3778,72.3,20.9,17.6,29.7,1.04,Seamless Autonomous Alignment
TESLA-SHADOW-3779,50.4,65.5,18.9,22.7,3.76,Seamless Autonomous Alignment
TESLA-SHADOW-3780,59.2,19.0,8.8,27.8,0.27,Seamless Autonomous Alignment
TESLA-SHADOW-3781,38.0,61.8,0.3,33.2,4.01,Seamless Autonomous Alignment
TESLA-SHADOW-3782,26.2,82.2,33.2,22.9,5.49,Shadow Disengagement Triggered
TESLA-SHADOW-3783,71.7,25.9,8.2,38.0,0.29,Seamless Autonomous Alignment
TESLA-SHADOW-3784,46.1,66.8,15.1,30.0,0.85,Seamless Autonomous Alignment
TESLA-SHADOW-3785,59.3,51.1,34.7,34.9,5.75,Shadow Disengagement Triggered
TESLA-SHADOW-3786,36.8,89.6,8.8,26.6,1.06,Seamless Autonomous Alignment
TESLA-SHADOW-3787,71.0,56.3,28.2,22.1,3.35,Seamless Autonomous Alignment
TESLA-SHADOW-3788,27.7,29.1,11.6,23.9,1.46,Seamless Autonomous Alignment
TESLA-SHADOW-3789,58.7,13.3,26.7,22.0,1.36,Seamless Autonomous Alignment
TESLA-SHADOW-3790,28.7,18.5,13.1,23.0,1.83,Seamless Autonomous Alignment
TESLA-SHADOW-3791,45.0,51.7,20.1,25.9,3.33,Seamless Autonomous Alignment
TESLA-SHADOW-3792,33.1,85.5,30.6,23.5,6.31,Shadow Disengagement Triggered
TESLA-SHADOW-3793,51.8,48.7,5.8,26.0,0.77,Seamless Autonomous Alignment
TESLA-SHADOW-3794,59.0,35.1,29.3,26.8,0.83,Seamless Autonomous Alignment
TESLA-SHADOW-3795,67.6,68.1,1.0,24.2,3.13,Seamless Autonomous Alignment
TESLA-SHADOW-3796,73.8,28.4,14.2,22.4,1.46,Seamless Autonomous Alignment
TESLA-SHADOW-3797,48.3,3.4,3.8,26.7,3.39,Seamless Autonomous Alignment
TESLA-SHADOW-3798,29.4,31.0,34.9,23.6,0.08,Seamless Autonomous Alignment
TESLA-SHADOW-3799,56.9,49.3,31.0,22.3,5.89,Shadow Disengagement Triggered
