Charging_Session_ID,Ambient_Temp_C,Fast_Charge_C_Rate,Starting_SoC_pct,Anode_Overvoltage_mV,Charge_Duration_min,Plating_Safety_Status
VW-MEB-1000,8.9,1.6,10.7,-65.4,53.1,High Risk (Lithium Plating)
VW-MEB-1001,-4.2,2.42,20.0,-119.7,31.2,High Risk (Lithium Plating)
VW-MEB-1002,-5.1,2.29,19.3,-134.9,36.7,High Risk (Lithium Plating)
VW-MEB-1003,-3.6,3.1,36.5,-153.0,17.1,High Risk (Lithium Plating)
VW-MEB-1004,9.8,2.13,35.7,-105.9,27.0,High Risk (Lithium Plating)
VW-MEB-1005,23.2,3.13,11.9,-88.1,26.0,High Risk (Lithium Plating)
VW-MEB-1006,-0.9,1.36,29.5,-91.2,50.4,High Risk (Lithium Plating)
VW-MEB-1007,4.0,2.49,27.3,-106.5,25.1,High Risk (Lithium Plating)
VW-MEB-1008,15.1,2.6,31.1,-95.7,20.2,High Risk (Lithium Plating)
VW-MEB-1009,30.3,2.35,26.6,-61.6,25.4,High Risk (Lithium Plating)
VW-MEB-1010,6.7,0.93,8.5,-52.9,65.0,High Risk (Lithium Plating)
VW-MEB-1011,32.3,1.83,19.6,-37.0,39.6,High Risk (Lithium Plating)
VW-MEB-1012,4.2,2.3,13.9,-101.2,40.7,High Risk (Lithium Plating)
VW-MEB-1013,24.7,2.94,10.7,-81.3,31.9,High Risk (Lithium Plating)
VW-MEB-1014,21.4,1.47,36.1,-62.8,38.0,High Risk (Lithium Plating)
VW-MEB-1015,31.8,1.47,39.9,-46.8,34.1,High Risk (Lithium Plating)
VW-MEB-1016,-4.5,1.07,23.4,-101.1,65.0,High Risk (Lithium Plating)
VW-MEB-1017,9.8,1.72,35.2,-82.8,30.5,High Risk (Lithium Plating)
VW-MEB-1018,11.0,1.71,22.9,-76.0,39.3,High Risk (Lithium Plating)
VW-MEB-1019,10.9,1.0,30.4,-61.1,65.0,High Risk (Lithium Plating)
VW-MEB-1020,12.3,1.98,32.9,-85.7,33.0,High Risk (Lithium Plating)
VW-MEB-1021,13.9,2.23,12.7,-87.1,37.5,High Risk (Lithium Plating)
VW-MEB-1022,6.9,0.95,31.5,-68.7,63.8,High Risk (Lithium Plating)
VW-MEB-1023,-2.8,1.83,20.9,-105.2,42.0,High Risk (Lithium Plating)
VW-MEB-1024,6.0,1.17,38.4,-83.0,44.2,High Risk (Lithium Plating)
VW-MEB-1025,33.9,3.13,22.6,-77.1,19.1,High Risk (Lithium Plating)
VW-MEB-1026,28.7,1.24,12.4,-26.5,65.0,High Risk (Lithium Plating)
VW-MEB-1027,29.0,1.38,24.5,-33.8,52.7,High Risk (Lithium Plating)
VW-MEB-1028,20.0,1.37,19.8,-47.6,48.6,High Risk (Lithium Plating)
VW-MEB-1029,28.9,3.16,8.6,-84.1,27.2,High Risk (Lithium Plating)
VW-MEB-1030,2.1,2.81,33.1,-126.5,20.3,High Risk (Lithium Plating)
VW-MEB-1031,34.0,3.19,35.0,-75.7,18.4,High Risk (Lithium Plating)
VW-MEB-1032,34.8,1.69,44.5,-42.0,26.6,High Risk (Lithium Plating)
VW-MEB-1033,-2.1,3.13,20.1,-148.5,24.8,High Risk (Lithium Plating)
VW-MEB-1034,-2.8,2.77,5.5,-125.4,35.1,High Risk (Lithium Plating)
VW-MEB-1035,17.9,1.94,27.6,-68.3,36.1,High Risk (Lithium Plating)
VW-MEB-1036,5.6,1.72,29.6,-90.4,36.7,High Risk (Lithium Plating)
VW-MEB-1037,22.5,1.89,45.0,-71.6,24.0,High Risk (Lithium Plating)
VW-MEB-1038,27.5,2.56,16.8,-70.4,30.3,High Risk (Lithium Plating)
VW-MEB-1039,14.7,2.6,40.3,-106.8,19.2,High Risk (Lithium Plating)
VW-MEB-1040,14.7,1.96,17.5,-81.3,41.6,High Risk (Lithium Plating)
VW-MEB-1041,-0.6,1.11,19.3,-77.5,65.0,High Risk (Lithium Plating)
VW-MEB-1042,-6.6,1.81,14.5,-100.7,44.5,High Risk (Lithium Plating)
VW-MEB-1043,-7.3,2.02,10.4,-113.1,36.2,High Risk (Lithium Plating)
VW-MEB-1044,7.0,2.25,24.8,-96.7,30.8,High Risk (Lithium Plating)
VW-MEB-1045,22.4,2.63,23.5,-85.2,30.3,High Risk (Lithium Plating)
VW-MEB-1046,-0.5,1.77,43.6,-98.6,26.3,High Risk (Lithium Plating)
VW-MEB-1047,-6.4,1.32,20.9,-99.6,57.8,High Risk (Lithium Plating)
VW-MEB-1048,8.2,1.82,36.3,-94.5,28.5,High Risk (Lithium Plating)
VW-MEB-1049,5.5,1.55,39.0,-96.3,34.9,High Risk (Lithium Plating)
VW-MEB-1050,7.1,1.97,15.4,-87.4,40.3,High Risk (Lithium Plating)
VW-MEB-1051,13.3,1.12,7.2,-56.3,65.0,High Risk (Lithium Plating)
VW-MEB-1052,18.6,1.89,27.3,-67.1,33.2,High Risk (Lithium Plating)
VW-MEB-1053,29.2,2.7,22.2,-78.1,29.5,High Risk (Lithium Plating)
VW-MEB-1054,10.7,1.34,36.3,-67.2,41.1,High Risk (Lithium Plating)
VW-MEB-1055,4.8,1.06,7.2,-72.6,65.0,High Risk (Lithium Plating)
VW-MEB-1056,-5.0,2.52,24.8,-135.0,24.2,High Risk (Lithium Plating)
VW-MEB-1057,15.2,2.09,13.1,-71.5,40.1,High Risk (Lithium Plating)
VW-MEB-1058,28.6,3.13,34.4,-91.2,19.5,High Risk (Lithium Plating)
VW-MEB-1059,27.1,3.03,17.4,-90.0,30.5,High Risk (Lithium Plating)
VW-MEB-1060,5.7,2.88,33.0,-123.8,21.7,High Risk (Lithium Plating)
VW-MEB-1061,-4.2,2.92,5.1,-131.1,29.4,High Risk (Lithium Plating)
VW-MEB-1062,18.9,1.86,20.0,-76.7,42.0,High Risk (Lithium Plating)
VW-MEB-1063,2.3,2.26,18.8,-105.6,31.6,High Risk (Lithium Plating)
VW-MEB-1064,27.3,1.61,33.6,-53.6,36.6,High Risk (Lithium Plating)
VW-MEB-1065,19.1,1.77,16.3,-65.7,44.2,High Risk (Lithium Plating)
VW-MEB-1066,7.7,1.59,44.7,-86.4,30.9,High Risk (Lithium Plating)
VW-MEB-1067,-2.7,2.56,44.2,-139.3,17.3,High Risk (Lithium Plating)
VW-MEB-1068,4.4,0.8,31.8,-70.1,65.0,High Risk (Lithium Plating)
VW-MEB-1069,3.2,2.32,25.8,-108.3,27.9,High Risk (Lithium Plating)
VW-MEB-1070,-6.0,2.39,21.0,-131.6,29.4,High Risk (Lithium Plating)
VW-MEB-1071,14.0,1.73,18.6,-77.6,41.4,High Risk (Lithium Plating)
VW-MEB-1072,32.6,0.89,34.0,-20.2,62.6,High Risk (Lithium Plating)
VW-MEB-1073,33.2,2.13,16.7,-54.3,37.3,High Risk (Lithium Plating)
VW-MEB-1074,1.4,1.91,39.0,-110.9,27.2,High Risk (Lithium Plating)
VW-MEB-1075,30.4,1.26,7.1,-20.2,65.0,High Risk (Lithium Plating)
VW-MEB-1076,-10.0,2.39,13.4,-131.9,35.8,High Risk (Lithium Plating)
VW-MEB-1077,28.0,1.43,32.6,-35.5,39.0,High Risk (Lithium Plating)
VW-MEB-1078,-8.8,1.25,25.8,-103.5,52.1,High Risk (Lithium Plating)
VW-MEB-1079,-9.5,2.4,22.5,-132.0,31.0,High Risk (Lithium Plating)
VW-MEB-1080,26.2,2.23,13.6,-64.7,39.9,High Risk (Lithium Plating)
VW-MEB-1081,26.8,2.1,17.1,-54.5,36.5,High Risk (Lithium Plating)
VW-MEB-1082,20.4,1.98,31.5,-69.7,30.7,High Risk (Lithium Plating)
VW-MEB-1083,-9.3,3.08,40.7,-159.6,15.9,High Risk (Lithium Plating)
VW-MEB-1084,11.9,2.34,9.9,-89.6,37.5,High Risk (Lithium Plating)
VW-MEB-1085,-5.9,1.15,17.1,-86.1,65.0,High Risk (Lithium Plating)
VW-MEB-1086,19.6,2.43,32.3,-89.7,21.4,High Risk (Lithium Plating)
VW-MEB-1087,-6.6,1.04,10.2,-87.5,65.0,High Risk (Lithium Plating)
VW-MEB-1088,19.8,2.77,18.5,-92.4,31.3,High Risk (Lithium Plating)
VW-MEB-1089,21.3,0.93,19.5,-34.5,65.0,High Risk (Lithium Plating)
VW-MEB-1090,24.5,1.84,32.1,-55.9,33.1,High Risk (Lithium Plating)
VW-MEB-1091,6.1,1.17,42.0,-83.7,41.3,High Risk (Lithium Plating)
VW-MEB-1092,23.6,1.26,22.2,-40.7,54.3,High Risk (Lithium Plating)
VW-MEB-1093,14.3,2.04,23.9,-83.8,31.5,High Risk (Lithium Plating)
VW-MEB-1094,15.4,1.15,37.8,-54.6,43.6,High Risk (Lithium Plating)
VW-MEB-1095,-5.1,0.87,29.3,-85.6,65.0,High Risk (Lithium Plating)
VW-MEB-1096,7.7,1.69,9.0,-69.1,56.1,High Risk (Lithium Plating)
VW-MEB-1097,12.0,2.33,28.7,-91.6,26.6,High Risk (Lithium Plating)
VW-MEB-1098,24.8,1.34,22.1,-40.4,53.7,High Risk (Lithium Plating)
VW-MEB-1099,-9.2,0.88,37.4,-97.7,58.5,High Risk (Lithium Plating)
VW-MEB-1100,21.2,3.0,29.1,-91.2,23.9,High Risk (Lithium Plating)
VW-MEB-1101,35.0,1.08,33.5,-14.3,52.0,High Risk (Lithium Plating)
VW-MEB-1102,33.8,2.22,39.5,-59.2,23.1,High Risk (Lithium Plating)
VW-MEB-1103,21.4,2.29,26.4,-75.4,30.2,High Risk (Lithium Plating)
VW-MEB-1104,21.6,1.16,18.9,-40.2,65.0,High Risk (Lithium Plating)
VW-MEB-1105,10.6,2.66,33.0,-108.0,19.6,High Risk (Lithium Plating)
VW-MEB-1106,3.2,2.56,7.8,-109.5,34.8,High Risk (Lithium Plating)
VW-MEB-1107,23.0,0.95,44.7,-41.6,44.5,High Risk (Lithium Plating)
VW-MEB-1108,27.7,1.18,18.5,-29.5,64.7,High Risk (Lithium Plating)
VW-MEB-1109,30.5,2.66,13.6,-68.1,28.8,High Risk (Lithium Plating)
VW-MEB-1110,26.3,2.87,38.9,-89.4,16.1,High Risk (Lithium Plating)
VW-MEB-1111,29.2,1.85,14.0,-48.4,42.6,High Risk (Lithium Plating)
VW-MEB-1112,-3.5,1.33,43.8,-97.6,36.4,High Risk (Lithium Plating)
VW-MEB-1113,12.0,2.74,26.1,-101.4,23.2,High Risk (Lithium Plating)
VW-MEB-1114,28.3,2.64,32.0,-70.6,22.3,High Risk (Lithium Plating)
VW-MEB-1115,21.9,1.89,29.4,-62.2,29.7,High Risk (Lithium Plating)
VW-MEB-1116,-2.9,1.0,31.3,-86.8,65.0,High Risk (Lithium Plating)
VW-MEB-1117,17.9,2.98,14.9,-99.1,27.2,High Risk (Lithium Plating)
VW-MEB-1118,24.8,2.94,20.9,-88.3,25.6,High Risk (Lithium Plating)
VW-MEB-1119,-1.8,1.62,26.2,-97.8,41.2,High Risk (Lithium Plating)
VW-MEB-1120,24.0,1.2,14.4,-45.0,65.0,High Risk (Lithium Plating)
VW-MEB-1121,-0.9,2.48,28.9,-121.3,24.4,High Risk (Lithium Plating)
VW-MEB-1122,12.3,1.59,43.5,-72.5,29.0,High Risk (Lithium Plating)
VW-MEB-1123,18.6,0.9,18.0,-32.2,65.0,High Risk (Lithium Plating)
VW-MEB-1124,24.3,2.24,11.1,-65.8,38.1,High Risk (Lithium Plating)
VW-MEB-1125,14.3,1.83,15.0,-72.9,46.1,High Risk (Lithium Plating)
VW-MEB-1126,22.5,1.85,27.4,-63.4,37.3,High Risk (Lithium Plating)
VW-MEB-1127,26.2,2.23,5.6,-61.0,40.0,High Risk (Lithium Plating)
VW-MEB-1128,9.0,1.44,19.9,-78.3,51.9,High Risk (Lithium Plating)
VW-MEB-1129,29.4,1.07,7.1,-22.1,65.0,High Risk (Lithium Plating)
VW-MEB-1130,14.9,2.46,27.9,-90.6,26.3,High Risk (Lithium Plating)
VW-MEB-1131,2.0,1.49,20.1,-81.4,51.0,High Risk (Lithium Plating)
VW-MEB-1132,8.0,2.53,6.8,-100.3,35.3,High Risk (Lithium Plating)
VW-MEB-1133,13.2,2.96,43.9,-125.6,14.0,High Risk (Lithium Plating)
VW-MEB-1134,31.7,1.5,25.9,-36.7,44.8,High Risk (Lithium Plating)
VW-MEB-1135,3.0,2.54,6.8,-110.2,33.7,High Risk (Lithium Plating)
VW-MEB-1136,-0.4,2.39,16.6,-108.5,34.6,High Risk (Lithium Plating)
VW-MEB-1137,29.2,2.21,41.6,-67.7,18.6,High Risk (Lithium Plating)
VW-MEB-1138,30.4,2.88,40.8,-85.9,14.2,High Risk (Lithium Plating)
VW-MEB-1139,7.1,2.4,16.7,-101.2,31.7,High Risk (Lithium Plating)
VW-MEB-1140,-5.4,1.1,8.4,-79.7,65.0,High Risk (Lithium Plating)
VW-MEB-1141,-7.5,2.08,20.9,-124.1,33.0,High Risk (Lithium Plating)
VW-MEB-1142,-4.5,2.16,6.3,-111.0,42.8,High Risk (Lithium Plating)
VW-MEB-1143,19.9,1.75,9.6,-49.0,49.3,High Risk (Lithium Plating)
VW-MEB-1144,27.0,0.85,25.0,-27.4,65.0,High Risk (Lithium Plating)
VW-MEB-1145,31.3,2.18,43.5,-59.4,17.7,High Risk (Lithium Plating)
VW-MEB-1146,-0.5,2.4,6.0,-103.9,43.0,High Risk (Lithium Plating)
VW-MEB-1147,23.5,2.85,36.4,-89.7,19.2,High Risk (Lithium Plating)
VW-MEB-1148,2.1,2.23,21.3,-115.0,31.7,High Risk (Lithium Plating)
VW-MEB-1149,7.3,0.88,10.6,-55.6,65.0,High Risk (Lithium Plating)
VW-MEB-1150,23.9,2.05,24.8,-68.5,36.3,High Risk (Lithium Plating)
VW-MEB-1151,2.3,1.07,24.8,-72.5,63.6,High Risk (Lithium Plating)
VW-MEB-1152,4.1,1.67,17.0,-87.1,46.7,High Risk (Lithium Plating)
VW-MEB-1153,24.6,2.04,23.9,-60.3,35.8,High Risk (Lithium Plating)
VW-MEB-1154,0.4,2.55,29.0,-127.6,27.7,High Risk (Lithium Plating)
VW-MEB-1155,-5.3,2.22,11.7,-111.9,37.5,High Risk (Lithium Plating)
VW-MEB-1156,31.9,2.54,27.0,-64.4,22.2,High Risk (Lithium Plating)
VW-MEB-1157,18.8,1.91,37.3,-77.5,31.9,High Risk (Lithium Plating)
VW-MEB-1158,-6.6,1.23,37.8,-101.6,41.8,High Risk (Lithium Plating)
VW-MEB-1159,26.7,2.51,35.8,-76.3,21.1,High Risk (Lithium Plating)
VW-MEB-1160,31.3,2.01,15.1,-41.5,41.6,High Risk (Lithium Plating)
VW-MEB-1161,-10.0,1.71,25.4,-106.5,42.1,High Risk (Lithium Plating)
VW-MEB-1162,31.5,0.84,7.8,-4.7,65.0,High Risk (Lithium Plating)
VW-MEB-1163,20.5,2.42,26.9,-86.7,26.4,High Risk (Lithium Plating)
VW-MEB-1164,25.5,2.73,37.8,-87.3,21.1,High Risk (Lithium Plating)
VW-MEB-1165,-3.3,1.97,27.2,-110.7,34.6,High Risk (Lithium Plating)
VW-MEB-1166,0.5,1.05,42.2,-83.2,46.5,High Risk (Lithium Plating)
VW-MEB-1167,24.5,2.8,13.1,-89.8,34.4,High Risk (Lithium Plating)
VW-MEB-1168,13.5,2.43,20.2,-95.9,31.0,High Risk (Lithium Plating)
VW-MEB-1169,29.2,2.85,14.6,-74.4,27.8,High Risk (Lithium Plating)
VW-MEB-1170,28.4,1.23,16.4,-30.9,65.0,High Risk (Lithium Plating)
VW-MEB-1171,-1.9,2.98,14.4,-136.9,28.1,High Risk (Lithium Plating)
VW-MEB-1172,3.8,2.28,28.1,-107.5,28.4,High Risk (Lithium Plating)
VW-MEB-1173,19.6,2.19,13.5,-66.9,38.9,High Risk (Lithium Plating)
VW-MEB-1174,0.5,2.02,38.8,-113.3,23.5,High Risk (Lithium Plating)
VW-MEB-1175,25.5,2.49,37.7,-80.6,21.4,High Risk (Lithium Plating)
VW-MEB-1176,18.1,2.77,13.7,-93.0,28.5,High Risk (Lithium Plating)
VW-MEB-1177,-9.4,2.99,42.2,-156.9,16.1,High Risk (Lithium Plating)
VW-MEB-1178,33.5,2.29,24.4,-52.7,29.3,High Risk (Lithium Plating)
VW-MEB-1179,17.8,2.45,31.2,-87.8,25.1,High Risk (Lithium Plating)
VW-MEB-1180,-8.2,1.33,39.2,-113.1,39.5,High Risk (Lithium Plating)
VW-MEB-1181,-7.0,1.22,30.1,-97.8,50.0,High Risk (Lithium Plating)
VW-MEB-1182,34.6,2.62,26.0,-53.0,25.3,High Risk (Lithium Plating)
VW-MEB-1183,34.4,2.53,40.5,-70.5,16.2,High Risk (Lithium Plating)
VW-MEB-1184,-5.0,2.32,20.8,-122.8,32.5,High Risk (Lithium Plating)
VW-MEB-1185,-9.3,1.65,38.5,-122.7,33.6,High Risk (Lithium Plating)
VW-MEB-1186,24.2,2.13,29.6,-65.6,28.5,High Risk (Lithium Plating)
VW-MEB-1187,-9.8,1.81,24.9,-114.7,38.3,High Risk (Lithium Plating)
VW-MEB-1188,15.5,2.09,36.6,-81.5,28.5,High Risk (Lithium Plating)
VW-MEB-1189,-5.5,1.28,16.5,-88.3,62.7,High Risk (Lithium Plating)
VW-MEB-1190,24.6,1.92,41.6,-62.2,27.7,High Risk (Lithium Plating)
VW-MEB-1191,31.0,2.51,6.8,-59.3,36.3,High Risk (Lithium Plating)
VW-MEB-1192,18.0,3.19,33.2,-114.3,17.6,High Risk (Lithium Plating)
VW-MEB-1193,30.6,2.18,38.3,-63.8,22.5,High Risk (Lithium Plating)
VW-MEB-1194,8.6,2.12,25.9,-98.6,31.8,High Risk (Lithium Plating)
VW-MEB-1195,25.5,1.81,14.0,-51.1,45.9,High Risk (Lithium Plating)
VW-MEB-1196,19.1,2.48,26.8,-83.8,27.6,High Risk (Lithium Plating)
VW-MEB-1197,31.8,1.57,18.8,-39.3,51.8,High Risk (Lithium Plating)
VW-MEB-1198,2.8,1.11,34.6,-79.9,51.4,High Risk (Lithium Plating)
VW-MEB-1199,4.0,2.96,16.3,-130.9,25.9,High Risk (Lithium Plating)
VW-MEB-1200,16.4,2.54,38.8,-100.8,20.3,High Risk (Lithium Plating)
VW-MEB-1201,-1.8,2.42,29.9,-118.4,26.4,High Risk (Lithium Plating)
VW-MEB-1202,9.2,1.67,32.1,-82.9,34.7,High Risk (Lithium Plating)
VW-MEB-1203,-4.1,2.35,10.2,-115.0,40.1,High Risk (Lithium Plating)
VW-MEB-1204,-3.2,2.43,5.1,-113.4,38.5,High Risk (Lithium Plating)
VW-MEB-1205,14.6,1.41,23.3,-65.2,45.5,High Risk (Lithium Plating)
VW-MEB-1206,26.5,2.12,16.5,-51.9,37.6,High Risk (Lithium Plating)
VW-MEB-1207,19.8,0.9,44.4,-51.1,51.3,High Risk (Lithium Plating)
VW-MEB-1208,22.4,2.37,31.2,-88.2,25.9,High Risk (Lithium Plating)
VW-MEB-1209,33.0,0.83,27.5,-13.8,65.0,High Risk (Lithium Plating)
VW-MEB-1210,34.8,1.02,42.7,-24.7,45.6,High Risk (Lithium Plating)
VW-MEB-1211,4.4,2.54,34.7,-115.1,24.3,High Risk (Lithium Plating)
VW-MEB-1212,10.3,2.53,38.5,-109.5,18.2,High Risk (Lithium Plating)
VW-MEB-1213,29.5,1.28,39.6,-42.9,39.8,High Risk (Lithium Plating)
VW-MEB-1214,6.1,1.61,22.9,-85.1,44.2,High Risk (Lithium Plating)
VW-MEB-1215,34.3,2.7,10.1,-60.5,34.5,High Risk (Lithium Plating)
VW-MEB-1216,31.3,0.96,37.0,-21.9,58.8,High Risk (Lithium Plating)
VW-MEB-1217,0.7,1.91,16.7,-101.1,39.5,High Risk (Lithium Plating)
VW-MEB-1218,26.3,0.94,40.6,-27.8,49.1,High Risk (Lithium Plating)
VW-MEB-1219,23.8,2.82,12.7,-84.2,28.2,High Risk (Lithium Plating)
VW-MEB-1220,9.7,2.33,9.3,-95.1,39.5,High Risk (Lithium Plating)
VW-MEB-1221,5.6,1.28,7.8,-71.1,65.0,High Risk (Lithium Plating)
VW-MEB-1222,2.0,2.93,39.8,-139.7,17.1,High Risk (Lithium Plating)
VW-MEB-1223,-8.0,1.12,35.6,-101.4,53.0,High Risk (Lithium Plating)
VW-MEB-1224,-3.1,2.99,12.0,-137.0,29.5,High Risk (Lithium Plating)
VW-MEB-1225,-7.4,2.97,40.9,-156.1,17.7,High Risk (Lithium Plating)
VW-MEB-1226,-5.5,0.93,17.1,-85.8,65.0,High Risk (Lithium Plating)
VW-MEB-1227,-3.9,1.28,24.2,-85.0,55.1,High Risk (Lithium Plating)
VW-MEB-1228,10.6,2.2,11.5,-89.0,41.6,High Risk (Lithium Plating)
VW-MEB-1229,17.7,1.18,30.7,-50.8,52.8,High Risk (Lithium Plating)
VW-MEB-1230,-0.1,2.83,38.2,-139.0,17.6,High Risk (Lithium Plating)
VW-MEB-1231,10.5,1.98,9.0,-80.0,43.1,High Risk (Lithium Plating)
VW-MEB-1232,19.4,1.83,34.9,-60.6,29.9,High Risk (Lithium Plating)
VW-MEB-1233,14.5,1.88,40.7,-91.6,25.0,High Risk (Lithium Plating)
VW-MEB-1234,23.6,0.93,31.5,-33.6,65.0,High Risk (Lithium Plating)
VW-MEB-1235,16.3,0.99,8.8,-33.3,65.0,High Risk (Lithium Plating)
VW-MEB-1236,5.9,1.47,19.1,-73.9,50.9,High Risk (Lithium Plating)
VW-MEB-1237,30.4,1.5,33.6,-46.1,36.1,High Risk (Lithium Plating)
VW-MEB-1238,-3.2,1.68,26.5,-102.5,40.2,High Risk (Lithium Plating)
VW-MEB-1239,8.1,2.56,18.5,-95.6,31.5,High Risk (Lithium Plating)
VW-MEB-1240,24.7,1.37,12.2,-44.6,64.0,High Risk (Lithium Plating)
VW-MEB-1241,5.3,1.05,32.1,-73.2,54.6,High Risk (Lithium Plating)
VW-MEB-1242,29.2,1.22,37.4,-33.9,44.2,High Risk (Lithium Plating)
VW-MEB-1243,24.5,0.82,17.7,-29.8,65.0,High Risk (Lithium Plating)
VW-MEB-1244,25.6,1.57,23.6,-40.0,43.4,High Risk (Lithium Plating)
VW-MEB-1245,34.0,1.79,37.8,-53.3,25.2,High Risk (Lithium Plating)
VW-MEB-1246,10.1,2.89,26.7,-107.4,22.3,High Risk (Lithium Plating)
VW-MEB-1247,-2.6,1.96,28.2,-110.8,33.3,High Risk (Lithium Plating)
VW-MEB-1248,7.6,1.65,21.7,-79.7,47.2,High Risk (Lithium Plating)
VW-MEB-1249,14.3,1.5,19.8,-68.3,48.4,High Risk (Lithium Plating)
VW-MEB-1250,25.8,2.49,31.5,-68.6,23.5,High Risk (Lithium Plating)
VW-MEB-1251,21.6,2.81,38.8,-97.0,22.9,High Risk (Lithium Plating)
VW-MEB-1252,20.4,1.38,27.6,-60.0,50.1,High Risk (Lithium Plating)
VW-MEB-1253,13.4,1.62,36.3,-79.1,35.8,High Risk (Lithium Plating)
VW-MEB-1254,21.7,3.11,37.1,-104.1,18.8,High Risk (Lithium Plating)
VW-MEB-1255,15.9,0.8,28.9,-41.7,65.0,High Risk (Lithium Plating)
VW-MEB-1256,-1.4,1.74,5.1,-92.2,52.5,High Risk (Lithium Plating)
VW-MEB-1257,24.4,1.54,45.0,-51.1,32.5,High Risk (Lithium Plating)
VW-MEB-1258,24.0,1.44,39.4,-61.5,32.5,High Risk (Lithium Plating)
VW-MEB-1259,-0.9,1.37,36.2,-93.1,42.3,High Risk (Lithium Plating)
VW-MEB-1260,29.2,2.44,28.9,-63.8,25.3,High Risk (Lithium Plating)
VW-MEB-1261,15.3,2.11,17.8,-65.8,37.9,High Risk (Lithium Plating)
VW-MEB-1262,-7.7,1.92,39.4,-125.1,27.2,High Risk (Lithium Plating)
VW-MEB-1263,21.6,1.16,43.0,-55.6,39.8,High Risk (Lithium Plating)
VW-MEB-1264,22.9,3.08,15.2,-96.4,25.8,High Risk (Lithium Plating)
VW-MEB-1265,16.3,2.73,15.4,-92.9,31.8,High Risk (Lithium Plating)
VW-MEB-1266,-8.2,2.34,20.9,-121.4,29.7,High Risk (Lithium Plating)
VW-MEB-1267,-7.8,2.07,27.1,-115.3,32.3,High Risk (Lithium Plating)
VW-MEB-1268,28.0,1.09,8.1,-17.2,65.0,High Risk (Lithium Plating)
VW-MEB-1269,11.8,1.26,35.1,-72.7,44.5,High Risk (Lithium Plating)
VW-MEB-1270,-9.3,3.14,24.0,-148.9,24.1,High Risk (Lithium Plating)
VW-MEB-1271,27.7,0.95,40.3,-29.7,50.6,High Risk (Lithium Plating)
VW-MEB-1272,-4.4,2.17,36.2,-124.1,23.4,High Risk (Lithium Plating)
VW-MEB-1273,21.3,1.7,9.2,-57.6,54.1,High Risk (Lithium Plating)
VW-MEB-1274,-8.8,2.29,44.9,-134.9,18.7,High Risk (Lithium Plating)
VW-MEB-1275,-7.7,1.89,19.8,-116.1,41.2,High Risk (Lithium Plating)
VW-MEB-1276,16.7,1.6,31.1,-71.2,36.8,High Risk (Lithium Plating)
VW-MEB-1277,13.9,1.23,21.3,-53.4,59.0,High Risk (Lithium Plating)
VW-MEB-1278,-9.1,1.87,34.5,-116.7,30.3,High Risk (Lithium Plating)
VW-MEB-1279,-9.6,2.14,42.8,-135.1,25.1,High Risk (Lithium Plating)
VW-MEB-1280,15.0,3.11,6.9,-110.6,29.2,High Risk (Lithium Plating)
VW-MEB-1281,-8.6,2.26,26.2,-134.4,34.1,High Risk (Lithium Plating)
VW-MEB-1282,22.1,1.53,41.3,-57.2,30.9,High Risk (Lithium Plating)
VW-MEB-1283,5.6,2.7,14.7,-109.2,28.3,High Risk (Lithium Plating)
VW-MEB-1284,15.1,1.37,21.3,-55.1,56.8,High Risk (Lithium Plating)
VW-MEB-1285,12.8,1.09,26.6,-55.1,62.1,High Risk (Lithium Plating)
VW-MEB-1286,23.8,1.6,28.8,-53.6,41.9,High Risk (Lithium Plating)
VW-MEB-1287,-8.4,1.0,42.0,-99.0,51.1,High Risk (Lithium Plating)
VW-MEB-1288,0.6,1.7,13.3,-96.5,49.9,High Risk (Lithium Plating)
VW-MEB-1289,29.3,2.45,23.0,-63.3,26.6,High Risk (Lithium Plating)
VW-MEB-1290,3.3,2.49,18.7,-108.5,29.9,High Risk (Lithium Plating)
VW-MEB-1291,29.7,2.04,10.1,-44.9,47.0,High Risk (Lithium Plating)
VW-MEB-1292,30.0,3.12,33.7,-96.0,21.2,High Risk (Lithium Plating)
VW-MEB-1293,25.7,3.07,36.9,-92.8,16.4,High Risk (Lithium Plating)
VW-MEB-1294,10.3,2.81,27.7,-111.2,24.0,High Risk (Lithium Plating)
VW-MEB-1295,7.0,2.33,24.8,-98.3,32.5,High Risk (Lithium Plating)
VW-MEB-1296,7.0,2.97,11.2,-116.0,30.3,High Risk (Lithium Plating)
VW-MEB-1297,22.3,2.14,36.0,-78.9,28.5,High Risk (Lithium Plating)
VW-MEB-1298,26.1,1.2,24.3,-33.1,57.7,High Risk (Lithium Plating)
VW-MEB-1299,8.8,1.56,42.1,-81.6,29.4,High Risk (Lithium Plating)
VW-MEB-1300,-1.4,2.12,40.4,-117.7,25.2,High Risk (Lithium Plating)
VW-MEB-1301,22.0,2.49,14.6,-76.5,30.9,High Risk (Lithium Plating)
VW-MEB-1302,-8.0,1.48,5.3,-102.6,64.7,High Risk (Lithium Plating)
VW-MEB-1303,17.7,0.84,9.5,-32.2,65.0,High Risk (Lithium Plating)
VW-MEB-1304,24.2,0.81,10.7,-18.7,65.0,High Risk (Lithium Plating)
VW-MEB-1305,23.8,2.28,23.2,-74.6,30.6,High Risk (Lithium Plating)
VW-MEB-1306,17.7,0.84,17.1,-33.5,65.0,High Risk (Lithium Plating)
VW-MEB-1307,24.9,1.98,12.8,-61.5,43.9,High Risk (Lithium Plating)
VW-MEB-1308,-8.8,1.85,6.5,-108.0,51.6,High Risk (Lithium Plating)
VW-MEB-1309,30.1,1.32,13.2,-31.9,63.5,High Risk (Lithium Plating)
VW-MEB-1310,34.0,3.19,13.2,-67.3,22.8,High Risk (Lithium Plating)
VW-MEB-1311,8.4,2.89,24.8,-115.6,24.4,High Risk (Lithium Plating)
VW-MEB-1312,-8.5,2.1,6.6,-118.1,45.4,High Risk (Lithium Plating)
VW-MEB-1313,7.5,1.48,43.5,-90.4,27.9,High Risk (Lithium Plating)
VW-MEB-1314,-7.4,1.55,36.0,-113.9,33.3,High Risk (Lithium Plating)
VW-MEB-1315,16.5,1.27,12.2,-49.9,65.0,High Risk (Lithium Plating)
VW-MEB-1316,7.4,1.8,10.9,-92.1,49.6,High Risk (Lithium Plating)
VW-MEB-1317,23.9,1.58,32.4,-55.3,35.1,High Risk (Lithium Plating)
VW-MEB-1318,14.5,2.74,42.9,-111.5,16.4,High Risk (Lithium Plating)
VW-MEB-1319,2.4,2.24,25.0,-101.9,32.4,High Risk (Lithium Plating)
VW-MEB-1320,0.8,1.52,23.0,-92.2,47.1,High Risk (Lithium Plating)
VW-MEB-1321,4.7,1.21,40.9,-87.5,40.4,High Risk (Lithium Plating)
VW-MEB-1322,1.1,3.1,12.7,-137.3,26.8,High Risk (Lithium Plating)
VW-MEB-1323,-0.0,2.38,35.9,-124.8,23.8,High Risk (Lithium Plating)
VW-MEB-1324,32.7,2.91,29.9,-72.4,20.8,High Risk (Lithium Plating)
VW-MEB-1325,27.2,2.89,25.2,-86.7,19.6,High Risk (Lithium Plating)
VW-MEB-1326,10.3,2.83,36.8,-121.2,21.2,High Risk (Lithium Plating)
VW-MEB-1327,10.5,3.14,13.0,-116.6,25.2,High Risk (Lithium Plating)
VW-MEB-1328,-4.5,1.6,14.2,-97.2,51.6,High Risk (Lithium Plating)
VW-MEB-1329,19.2,1.5,40.5,-62.0,33.8,High Risk (Lithium Plating)
VW-MEB-1330,34.8,1.27,35.2,-28.0,40.3,High Risk (Lithium Plating)
VW-MEB-1331,-3.4,3.02,34.9,-143.1,20.2,High Risk (Lithium Plating)
VW-MEB-1332,21.1,2.88,21.1,-88.8,25.4,High Risk (Lithium Plating)
VW-MEB-1333,31.1,0.84,33.5,-20.8,65.0,High Risk (Lithium Plating)
VW-MEB-1334,26.5,2.53,24.4,-72.6,27.1,High Risk (Lithium Plating)
VW-MEB-1335,28.6,2.2,27.1,-59.6,32.1,High Risk (Lithium Plating)
VW-MEB-1336,17.9,1.92,26.8,-70.0,32.0,High Risk (Lithium Plating)
VW-MEB-1337,7.9,1.01,24.5,-72.0,65.0,High Risk (Lithium Plating)
VW-MEB-1338,0.6,1.97,6.3,-90.6,47.4,High Risk (Lithium Plating)
VW-MEB-1339,33.4,1.63,36.7,-38.0,33.4,High Risk (Lithium Plating)
VW-MEB-1340,3.3,2.42,37.5,-108.3,21.6,High Risk (Lithium Plating)
VW-MEB-1341,6.6,1.69,39.9,-102.1,26.2,High Risk (Lithium Plating)
VW-MEB-1342,-5.2,1.09,11.5,-72.6,65.0,High Risk (Lithium Plating)
VW-MEB-1343,13.8,1.21,30.4,-63.9,52.1,High Risk (Lithium Plating)
VW-MEB-1344,-9.6,1.58,18.1,-101.1,48.7,High Risk (Lithium Plating)
VW-MEB-1345,20.5,2.99,41.0,-108.6,15.3,High Risk (Lithium Plating)
VW-MEB-1346,3.2,0.95,7.4,-62.7,65.0,High Risk (Lithium Plating)
VW-MEB-1347,-7.3,2.56,35.6,-124.7,21.5,High Risk (Lithium Plating)
VW-MEB-1348,17.8,2.58,5.1,-87.5,38.4,High Risk (Lithium Plating)
VW-MEB-1349,17.6,1.55,24.7,-54.5,43.5,High Risk (Lithium Plating)
VW-MEB-1350,12.5,3.04,35.1,-118.7,19.6,High Risk (Lithium Plating)
VW-MEB-1351,12.1,2.0,23.6,-88.7,37.0,High Risk (Lithium Plating)
VW-MEB-1352,9.8,3.11,40.0,-131.2,14.3,High Risk (Lithium Plating)
VW-MEB-1353,-3.1,2.78,21.3,-134.9,27.7,High Risk (Lithium Plating)
VW-MEB-1354,20.0,2.56,21.2,-85.2,28.3,High Risk (Lithium Plating)
VW-MEB-1355,-7.3,1.29,43.2,-105.4,36.7,High Risk (Lithium Plating)
VW-MEB-1356,-9.2,1.89,42.2,-123.4,27.4,High Risk (Lithium Plating)
VW-MEB-1357,32.8,2.19,35.2,-58.6,21.2,High Risk (Lithium Plating)
VW-MEB-1358,-6.9,1.33,13.5,-95.6,63.4,High Risk (Lithium Plating)
VW-MEB-1359,-4.4,2.04,36.1,-121.5,27.7,High Risk (Lithium Plating)
VW-MEB-1360,18.3,0.82,17.1,-34.4,65.0,High Risk (Lithium Plating)
VW-MEB-1361,32.0,2.17,44.2,-59.1,22.0,High Risk (Lithium Plating)
VW-MEB-1362,17.4,3.1,39.7,-110.4,14.1,High Risk (Lithium Plating)
VW-MEB-1363,7.1,3.02,37.0,-128.4,19.6,High Risk (Lithium Plating)
VW-MEB-1364,1.4,2.31,40.0,-115.0,22.1,High Risk (Lithium Plating)
VW-MEB-1365,15.5,3.02,20.3,-102.3,27.6,High Risk (Lithium Plating)
VW-MEB-1366,-9.8,1.27,25.0,-103.5,53.8,High Risk (Lithium Plating)
VW-MEB-1367,21.8,2.93,5.7,-86.6,31.9,High Risk (Lithium Plating)
VW-MEB-1368,11.1,1.88,23.4,-77.8,38.3,High Risk (Lithium Plating)
VW-MEB-1369,-5.6,1.79,21.7,-105.4,40.6,High Risk (Lithium Plating)
VW-MEB-1370,-9.2,0.93,5.8,-75.4,65.0,High Risk (Lithium Plating)
VW-MEB-1371,3.5,1.04,33.7,-71.3,55.1,High Risk (Lithium Plating)
VW-MEB-1372,-1.4,2.03,21.3,-110.0,36.4,High Risk (Lithium Plating)
VW-MEB-1373,16.3,2.71,38.8,-101.6,18.0,High Risk (Lithium Plating)
VW-MEB-1374,15.8,2.55,11.3,-82.9,37.2,High Risk (Lithium Plating)
VW-MEB-1375,6.0,1.93,10.5,-84.9,42.0,High Risk (Lithium Plating)
VW-MEB-1376,18.2,1.24,42.1,-58.4,35.4,High Risk (Lithium Plating)
VW-MEB-1377,22.5,1.09,28.5,-32.1,59.0,High Risk (Lithium Plating)
VW-MEB-1378,-1.8,3.2,5.6,-135.2,25.5,High Risk (Lithium Plating)
VW-MEB-1379,-3.0,2.49,43.3,-132.4,21.2,High Risk (Lithium Plating)
VW-MEB-1380,17.4,3.07,40.5,-115.1,16.2,High Risk (Lithium Plating)
VW-MEB-1381,0.5,1.1,18.9,-87.6,65.0,High Risk (Lithium Plating)
VW-MEB-1382,14.5,1.43,24.8,-60.0,52.5,High Risk (Lithium Plating)
VW-MEB-1383,32.0,1.62,18.0,-30.2,48.3,High Risk (Lithium Plating)
VW-MEB-1384,16.6,1.65,39.5,-67.9,27.6,High Risk (Lithium Plating)
VW-MEB-1385,27.4,2.25,15.9,-59.7,32.3,High Risk (Lithium Plating)
VW-MEB-1386,12.1,0.97,5.8,-52.0,65.0,High Risk (Lithium Plating)
VW-MEB-1387,31.5,2.07,15.0,-47.4,40.4,High Risk (Lithium Plating)
VW-MEB-1388,18.9,1.74,26.8,-64.9,38.6,High Risk (Lithium Plating)
VW-MEB-1389,30.2,1.4,11.3,-26.9,61.2,High Risk (Lithium Plating)
VW-MEB-1390,-9.0,2.06,10.8,-119.5,40.4,High Risk (Lithium Plating)
VW-MEB-1391,17.5,2.87,26.7,-104.2,21.8,High Risk (Lithium Plating)
VW-MEB-1392,12.4,2.02,12.9,-79.1,36.9,High Risk (Lithium Plating)
VW-MEB-1393,22.9,1.7,38.0,-61.6,34.3,High Risk (Lithium Plating)
VW-MEB-1394,27.9,3.04,20.6,-96.9,25.7,High Risk (Lithium Plating)
VW-MEB-1395,-5.5,0.86,41.2,-89.3,58.8,High Risk (Lithium Plating)
VW-MEB-1396,26.2,0.9,24.3,-34.3,65.0,High Risk (Lithium Plating)
VW-MEB-1397,31.5,2.58,31.7,-67.8,26.8,High Risk (Lithium Plating)
VW-MEB-1398,30.8,2.9,35.0,-86.1,17.7,High Risk (Lithium Plating)
VW-MEB-1399,2.8,1.36,17.9,-72.9,58.9,High Risk (Lithium Plating)
VW-MEB-1400,-3.9,2.88,23.0,-122.9,24.5,High Risk (Lithium Plating)
VW-MEB-1401,28.8,3.13,21.8,-82.9,22.5,High Risk (Lithium Plating)
VW-MEB-1402,13.2,1.51,28.6,-66.5,42.7,High Risk (Lithium Plating)
VW-MEB-1403,7.1,2.42,8.2,-102.0,38.6,High Risk (Lithium Plating)
VW-MEB-1404,10.4,1.93,21.1,-90.3,39.1,High Risk (Lithium Plating)
VW-MEB-1405,33.6,1.74,35.6,-51.0,31.4,High Risk (Lithium Plating)
VW-MEB-1406,2.9,1.98,35.6,-107.6,29.4,High Risk (Lithium Plating)
VW-MEB-1407,-6.9,1.27,12.1,-97.3,65.0,High Risk (Lithium Plating)
VW-MEB-1408,13.3,1.48,23.2,-73.3,48.7,High Risk (Lithium Plating)
VW-MEB-1409,29.7,2.46,29.6,-64.0,27.7,High Risk (Lithium Plating)
VW-MEB-1410,19.2,1.08,16.9,-44.1,65.0,High Risk (Lithium Plating)
VW-MEB-1411,16.2,2.33,19.9,-85.0,33.7,High Risk (Lithium Plating)
VW-MEB-1412,34.2,2.02,34.7,-50.8,26.7,High Risk (Lithium Plating)
VW-MEB-1413,-1.4,1.79,43.0,-109.2,25.3,High Risk (Lithium Plating)
VW-MEB-1414,-6.9,1.37,18.8,-97.5,54.0,High Risk (Lithium Plating)
VW-MEB-1415,-6.8,1.8,12.4,-109.9,47.1,High Risk (Lithium Plating)
VW-MEB-1416,20.5,2.89,39.7,-101.2,19.5,High Risk (Lithium Plating)
VW-MEB-1417,-8.2,2.64,6.1,-136.1,38.4,High Risk (Lithium Plating)
VW-MEB-1418,21.5,1.09,25.7,-37.1,59.8,High Risk (Lithium Plating)
VW-MEB-1419,17.4,3.01,35.6,-112.7,19.9,High Risk (Lithium Plating)
VW-MEB-1420,19.3,2.4,10.6,-71.3,39.7,High Risk (Lithium Plating)
VW-MEB-1421,-1.1,3.2,35.6,-149.0,19.1,High Risk (Lithium Plating)
VW-MEB-1422,26.5,1.62,23.7,-51.4,46.2,High Risk (Lithium Plating)
VW-MEB-1423,30.1,1.65,38.8,-38.9,30.7,High Risk (Lithium Plating)
VW-MEB-1424,28.6,2.45,36.4,-64.7,20.4,High Risk (Lithium Plating)
VW-MEB-1425,13.1,1.64,36.6,-78.4,33.8,High Risk (Lithium Plating)
VW-MEB-1426,-3.8,2.22,39.4,-124.4,23.6,High Risk (Lithium Plating)
VW-MEB-1427,30.5,2.99,9.0,-79.4,27.8,High Risk (Lithium Plating)
VW-MEB-1428,-3.2,2.54,7.2,-124.8,37.9,High Risk (Lithium Plating)
VW-MEB-1429,18.4,2.4,41.2,-99.2,18.4,High Risk (Lithium Plating)
VW-MEB-1430,10.0,2.28,33.3,-102.7,23.4,High Risk (Lithium Plating)
VW-MEB-1431,32.2,3.01,15.8,-75.4,26.2,High Risk (Lithium Plating)
VW-MEB-1432,30.7,1.01,5.5,-13.7,65.0,High Risk (Lithium Plating)
VW-MEB-1433,0.1,2.83,15.6,-123.3,28.7,High Risk (Lithium Plating)
VW-MEB-1434,15.1,2.74,20.9,-111.2,25.4,High Risk (Lithium Plating)
VW-MEB-1435,24.1,2.47,20.1,-66.1,25.7,High Risk (Lithium Plating)
VW-MEB-1436,-4.0,2.69,17.0,-133.9,31.7,High Risk (Lithium Plating)
VW-MEB-1437,-5.8,1.29,30.1,-101.5,50.7,High Risk (Lithium Plating)
VW-MEB-1438,3.6,0.8,30.4,-69.2,65.0,High Risk (Lithium Plating)
VW-MEB-1439,21.7,1.11,7.9,-38.0,65.0,High Risk (Lithium Plating)
VW-MEB-1440,31.2,2.42,21.4,-62.7,30.1,High Risk (Lithium Plating)
VW-MEB-1441,-8.1,1.68,16.2,-114.8,46.8,High Risk (Lithium Plating)
VW-MEB-1442,27.3,3.19,43.6,-102.8,15.2,High Risk (Lithium Plating)
VW-MEB-1443,12.5,1.47,37.9,-75.0,36.3,High Risk (Lithium Plating)
VW-MEB-1444,12.0,2.26,38.7,-101.0,23.6,High Risk (Lithium Plating)
VW-MEB-1445,-2.9,2.86,30.4,-139.2,19.6,High Risk (Lithium Plating)
VW-MEB-1446,22.3,1.77,24.4,-60.9,40.2,High Risk (Lithium Plating)
VW-MEB-1447,32.1,2.62,34.2,-72.5,19.6,High Risk (Lithium Plating)
VW-MEB-1448,14.6,0.83,33.4,-54.0,65.0,High Risk (Lithium Plating)
VW-MEB-1449,-0.7,2.61,38.0,-132.2,22.0,High Risk (Lithium Plating)
VW-MEB-1450,22.2,3.11,17.9,-96.7,25.7,High Risk (Lithium Plating)
VW-MEB-1451,18.1,0.94,19.4,-45.7,65.0,High Risk (Lithium Plating)
VW-MEB-1452,22.0,0.82,34.5,-40.1,65.0,High Risk (Lithium Plating)
VW-MEB-1453,10.0,0.99,18.2,-47.6,65.0,High Risk (Lithium Plating)
VW-MEB-1454,13.0,2.85,26.3,-99.1,29.0,High Risk (Lithium Plating)
VW-MEB-1455,28.1,1.51,23.2,-36.8,47.8,High Risk (Lithium Plating)
VW-MEB-1456,0.1,0.85,5.3,-62.6,65.0,High Risk (Lithium Plating)
VW-MEB-1457,30.3,0.86,38.1,-33.9,59.5,High Risk (Lithium Plating)
VW-MEB-1458,14.4,3.1,25.6,-111.8,24.3,High Risk (Lithium Plating)
VW-MEB-1459,-0.4,2.12,42.5,-112.5,23.0,High Risk (Lithium Plating)
VW-MEB-1460,-4.3,2.15,24.8,-108.8,34.3,High Risk (Lithium Plating)
VW-MEB-1461,20.4,3.2,35.9,-103.0,17.2,High Risk (Lithium Plating)
VW-MEB-1462,-2.7,3.16,40.7,-139.5,14.0,High Risk (Lithium Plating)
VW-MEB-1463,26.4,2.4,7.9,-56.6,33.4,High Risk (Lithium Plating)
VW-MEB-1464,9.3,0.92,36.4,-64.4,58.9,High Risk (Lithium Plating)
VW-MEB-1465,26.2,1.36,36.6,-45.3,41.5,High Risk (Lithium Plating)
VW-MEB-1466,20.0,1.37,44.4,-61.5,31.0,High Risk (Lithium Plating)
VW-MEB-1467,13.5,2.81,39.4,-106.2,19.3,High Risk (Lithium Plating)
VW-MEB-1468,26.1,2.1,7.0,-50.2,39.6,High Risk (Lithium Plating)
VW-MEB-1469,19.5,2.16,38.3,-77.9,23.2,High Risk (Lithium Plating)
VW-MEB-1470,12.9,1.81,13.7,-79.9,45.8,High Risk (Lithium Plating)
VW-MEB-1471,28.1,2.91,38.2,-88.0,18.0,High Risk (Lithium Plating)
VW-MEB-1472,17.5,2.79,41.1,-105.6,20.0,High Risk (Lithium Plating)
VW-MEB-1473,-5.1,1.5,24.8,-102.7,47.6,High Risk (Lithium Plating)
VW-MEB-1474,8.8,2.95,15.0,-107.5,27.0,High Risk (Lithium Plating)
VW-MEB-1475,26.6,2.28,21.5,-61.6,32.7,High Risk (Lithium Plating)
VW-MEB-1476,24.1,1.51,36.2,-61.5,39.0,High Risk (Lithium Plating)
VW-MEB-1477,10.4,1.04,13.6,-59.5,65.0,High Risk (Lithium Plating)
VW-MEB-1478,33.6,2.78,30.2,-68.5,23.2,High Risk (Lithium Plating)
VW-MEB-1479,18.2,2.07,30.7,-64.5,29.2,High Risk (Lithium Plating)
VW-MEB-1480,19.1,1.5,33.2,-60.8,39.1,High Risk (Lithium Plating)
VW-MEB-1481,-1.1,2.34,34.7,-120.1,26.4,High Risk (Lithium Plating)
VW-MEB-1482,3.2,1.35,35.7,-86.9,39.6,High Risk (Lithium Plating)
VW-MEB-1483,21.1,2.78,45.0,-103.2,15.7,High Risk (Lithium Plating)
VW-MEB-1484,15.4,1.33,44.4,-64.5,34.7,High Risk (Lithium Plating)
VW-MEB-1485,21.6,2.24,19.2,-76.1,29.5,High Risk (Lithium Plating)
VW-MEB-1486,19.2,2.72,36.0,-96.8,19.2,High Risk (Lithium Plating)
VW-MEB-1487,33.2,2.45,10.7,-54.5,38.8,High Risk (Lithium Plating)
VW-MEB-1488,13.0,1.88,16.2,-82.8,41.2,High Risk (Lithium Plating)
VW-MEB-1489,13.0,1.14,37.1,-60.8,48.7,High Risk (Lithium Plating)
VW-MEB-1490,2.0,2.42,43.9,-118.0,15.9,High Risk (Lithium Plating)
VW-MEB-1491,14.0,1.06,22.7,-46.8,65.0,High Risk (Lithium Plating)
VW-MEB-1492,-4.1,3.18,29.4,-145.8,23.4,High Risk (Lithium Plating)
VW-MEB-1493,20.3,2.88,41.7,-99.0,14.5,High Risk (Lithium Plating)
VW-MEB-1494,13.3,2.68,43.6,-117.8,14.8,High Risk (Lithium Plating)
VW-MEB-1495,32.3,3.14,27.2,-76.0,19.8,High Risk (Lithium Plating)
VW-MEB-1496,12.5,1.54,27.3,-62.3,41.0,High Risk (Lithium Plating)
VW-MEB-1497,30.9,1.5,14.2,-31.4,53.4,High Risk (Lithium Plating)
VW-MEB-1498,1.9,2.77,40.0,-122.8,18.1,High Risk (Lithium Plating)
VW-MEB-1499,16.1,2.39,27.4,-92.9,30.5,High Risk (Lithium Plating)
VW-MEB-1500,2.3,0.85,10.2,-62.1,65.0,High Risk (Lithium Plating)
VW-MEB-1501,13.6,2.48,34.8,-103.5,24.1,High Risk (Lithium Plating)
VW-MEB-1502,22.7,1.94,38.3,-62.4,27.8,High Risk (Lithium Plating)
VW-MEB-1503,20.6,1.32,29.5,-59.1,50.3,High Risk (Lithium Plating)
VW-MEB-1504,31.3,2.46,16.2,-56.9,30.0,High Risk (Lithium Plating)
VW-MEB-1505,-4.3,2.1,27.4,-111.8,29.2,High Risk (Lithium Plating)
VW-MEB-1506,4.8,1.82,10.1,-82.2,50.9,High Risk (Lithium Plating)
VW-MEB-1507,15.3,2.45,22.7,-96.3,31.5,High Risk (Lithium Plating)
VW-MEB-1508,6.3,2.58,12.2,-112.2,31.5,High Risk (Lithium Plating)
VW-MEB-1509,11.1,2.95,19.0,-104.4,29.5,High Risk (Lithium Plating)
VW-MEB-1510,4.8,2.01,39.7,-107.5,24.6,High Risk (Lithium Plating)
VW-MEB-1511,4.1,2.61,23.2,-116.3,27.4,High Risk (Lithium Plating)
VW-MEB-1512,-2.9,1.07,24.3,-78.9,62.9,High Risk (Lithium Plating)
VW-MEB-1513,22.6,2.21,28.6,-70.5,29.6,High Risk (Lithium Plating)
VW-MEB-1514,3.2,1.23,20.5,-86.6,64.0,High Risk (Lithium Plating)
VW-MEB-1515,28.1,2.95,6.4,-67.6,29.6,High Risk (Lithium Plating)
VW-MEB-1516,7.1,2.75,35.1,-121.2,22.6,High Risk (Lithium Plating)
VW-MEB-1517,32.2,3.01,37.9,-89.2,20.1,High Risk (Lithium Plating)
VW-MEB-1518,10.3,0.85,36.3,-54.9,63.7,High Risk (Lithium Plating)
VW-MEB-1519,-0.7,2.69,13.0,-116.5,33.2,High Risk (Lithium Plating)
VW-MEB-1520,20.3,1.22,9.1,-43.7,65.0,High Risk (Lithium Plating)
VW-MEB-1521,18.8,1.42,26.3,-62.2,45.3,High Risk (Lithium Plating)
VW-MEB-1522,3.1,0.87,10.8,-62.5,65.0,High Risk (Lithium Plating)
VW-MEB-1523,7.1,2.45,7.4,-107.0,38.2,High Risk (Lithium Plating)
VW-MEB-1524,-4.2,1.92,14.1,-113.3,40.2,High Risk (Lithium Plating)
VW-MEB-1525,20.2,3.18,16.8,-103.7,23.9,High Risk (Lithium Plating)
VW-MEB-1526,23.9,0.84,41.7,-34.0,54.9,High Risk (Lithium Plating)
VW-MEB-1527,-4.6,1.3,20.1,-88.5,54.8,High Risk (Lithium Plating)
VW-MEB-1528,-8.4,2.72,8.6,-134.3,31.6,High Risk (Lithium Plating)
VW-MEB-1529,-10.0,3.01,19.9,-148.5,25.4,High Risk (Lithium Plating)
VW-MEB-1530,17.6,3.0,44.3,-111.3,16.6,High Risk (Lithium Plating)
VW-MEB-1531,8.7,2.04,5.6,-84.4,47.2,High Risk (Lithium Plating)
VW-MEB-1532,11.1,3.18,34.7,-117.8,19.9,High Risk (Lithium Plating)
VW-MEB-1533,17.1,2.88,36.5,-100.6,18.4,High Risk (Lithium Plating)
VW-MEB-1534,23.3,1.85,20.4,-65.7,40.0,High Risk (Lithium Plating)
VW-MEB-1535,16.1,2.11,6.4,-80.8,42.3,High Risk (Lithium Plating)
VW-MEB-1536,9.5,2.99,5.6,-118.5,32.3,High Risk (Lithium Plating)
VW-MEB-1537,26.3,3.17,44.0,-96.5,15.1,High Risk (Lithium Plating)
VW-MEB-1538,25.7,2.52,19.1,-71.2,32.0,High Risk (Lithium Plating)
VW-MEB-1539,13.2,1.54,34.9,-82.8,33.4,High Risk (Lithium Plating)
VW-MEB-1540,21.5,2.03,10.1,-56.1,42.8,High Risk (Lithium Plating)
VW-MEB-1541,34.8,0.93,25.2,-15.5,65.0,High Risk (Lithium Plating)
VW-MEB-1542,8.8,3.17,12.2,-115.9,24.8,High Risk (Lithium Plating)
VW-MEB-1543,11.3,2.69,6.8,-105.2,33.0,High Risk (Lithium Plating)
VW-MEB-1544,3.4,1.74,10.6,-83.8,52.8,High Risk (Lithium Plating)
VW-MEB-1545,-1.8,1.43,18.0,-87.1,56.2,High Risk (Lithium Plating)
VW-MEB-1546,5.4,2.28,28.4,-98.4,30.4,High Risk (Lithium Plating)
VW-MEB-1547,13.9,2.75,27.9,-102.6,21.5,High Risk (Lithium Plating)
VW-MEB-1548,3.0,2.96,32.9,-135.3,19.0,High Risk (Lithium Plating)
VW-MEB-1549,-6.8,1.34,18.8,-107.0,61.9,High Risk (Lithium Plating)
VW-MEB-1550,-2.7,3.18,21.6,-142.4,24.9,High Risk (Lithium Plating)
VW-MEB-1551,0.5,2.93,13.3,-129.2,31.7,High Risk (Lithium Plating)
VW-MEB-1552,16.9,1.71,23.7,-65.8,39.4,High Risk (Lithium Plating)
VW-MEB-1553,6.6,1.1,38.6,-83.3,48.4,High Risk (Lithium Plating)
VW-MEB-1554,24.2,2.81,6.4,-80.7,31.7,High Risk (Lithium Plating)
VW-MEB-1555,-4.0,0.97,43.6,-95.6,46.6,High Risk (Lithium Plating)
VW-MEB-1556,15.7,1.9,33.0,-81.4,34.5,High Risk (Lithium Plating)
VW-MEB-1557,8.3,2.09,21.1,-93.7,36.0,High Risk (Lithium Plating)
VW-MEB-1558,17.8,3.06,23.5,-95.1,23.6,High Risk (Lithium Plating)
VW-MEB-1559,30.7,1.62,38.4,-60.1,33.6,High Risk (Lithium Plating)
VW-MEB-1560,32.6,1.03,30.3,-31.7,60.1,High Risk (Lithium Plating)
VW-MEB-1561,12.4,1.22,43.7,-67.7,41.7,High Risk (Lithium Plating)
VW-MEB-1562,9.7,1.42,22.9,-74.0,49.4,High Risk (Lithium Plating)
VW-MEB-1563,4.8,1.22,43.6,-78.6,40.0,High Risk (Lithium Plating)
VW-MEB-1564,28.4,1.95,21.0,-54.7,35.7,High Risk (Lithium Plating)
VW-MEB-1565,-2.3,3.17,35.7,-146.2,18.8,High Risk (Lithium Plating)
VW-MEB-1566,-6.6,2.8,26.3,-141.4,24.8,High Risk (Lithium Plating)
VW-MEB-1567,5.2,1.71,35.9,-85.1,36.1,High Risk (Lithium Plating)
VW-MEB-1568,24.3,2.84,41.4,-94.1,19.7,High Risk (Lithium Plating)
VW-MEB-1569,-7.9,3.01,13.7,-142.4,27.9,High Risk (Lithium Plating)
VW-MEB-1570,27.4,1.24,10.1,-31.8,65.0,High Risk (Lithium Plating)
VW-MEB-1571,-9.0,2.31,6.6,-118.9,43.1,High Risk (Lithium Plating)
VW-MEB-1572,-5.7,1.44,17.3,-103.6,52.9,High Risk (Lithium Plating)
VW-MEB-1573,31.0,1.44,6.4,-25.5,63.7,High Risk (Lithium Plating)
VW-MEB-1574,34.8,1.88,41.4,-45.4,25.6,High Risk (Lithium Plating)
VW-MEB-1575,-2.4,2.02,21.4,-106.6,35.5,High Risk (Lithium Plating)
VW-MEB-1576,2.4,2.4,29.5,-119.3,28.2,High Risk (Lithium Plating)
VW-MEB-1577,-9.2,1.86,28.2,-117.6,31.8,High Risk (Lithium Plating)
VW-MEB-1578,29.5,2.87,41.6,-87.9,18.2,High Risk (Lithium Plating)
VW-MEB-1579,-8.7,2.37,21.0,-134.1,30.3,High Risk (Lithium Plating)
VW-MEB-1580,30.3,1.41,37.4,-37.0,40.8,High Risk (Lithium Plating)
VW-MEB-1581,-6.6,1.67,44.9,-117.6,26.8,High Risk (Lithium Plating)
VW-MEB-1582,1.0,2.89,11.6,-126.5,28.4,High Risk (Lithium Plating)
VW-MEB-1583,10.7,0.84,33.4,-60.7,65.0,High Risk (Lithium Plating)
VW-MEB-1584,12.3,2.97,26.1,-105.4,22.6,High Risk (Lithium Plating)
VW-MEB-1585,2.2,2.14,33.1,-108.8,27.4,High Risk (Lithium Plating)
VW-MEB-1586,-9.9,2.48,38.4,-141.9,18.5,High Risk (Lithium Plating)
VW-MEB-1587,5.9,2.74,31.2,-109.2,25.4,High Risk (Lithium Plating)
VW-MEB-1588,33.4,2.49,13.8,-38.6,32.6,High Risk (Lithium Plating)
VW-MEB-1589,-8.8,3.03,5.6,-138.3,29.6,High Risk (Lithium Plating)
VW-MEB-1590,-2.0,3.01,36.4,-141.8,19.1,High Risk (Lithium Plating)
VW-MEB-1591,-8.9,1.02,10.0,-93.8,65.0,High Risk (Lithium Plating)
VW-MEB-1592,-8.6,2.18,10.3,-117.2,39.0,High Risk (Lithium Plating)
VW-MEB-1593,-3.9,1.73,37.0,-114.6,34.0,High Risk (Lithium Plating)
VW-MEB-1594,22.7,2.92,20.0,-91.8,23.5,High Risk (Lithium Plating)
VW-MEB-1595,-7.6,2.78,37.0,-141.4,20.1,High Risk (Lithium Plating)
VW-MEB-1596,8.6,1.22,42.3,-78.1,39.0,High Risk (Lithium Plating)
VW-MEB-1597,23.7,0.88,22.5,-30.1,65.0,High Risk (Lithium Plating)
VW-MEB-1598,-1.1,2.17,21.5,-116.2,34.1,High Risk (Lithium Plating)
VW-MEB-1599,13.1,3.15,22.8,-102.3,23.8,High Risk (Lithium Plating)
VW-MEB-1600,13.1,0.92,11.8,-43.0,65.0,High Risk (Lithium Plating)
VW-MEB-1601,8.5,1.4,23.5,-76.6,48.5,High Risk (Lithium Plating)
VW-MEB-1602,34.4,1.9,21.3,-36.8,37.2,High Risk (Lithium Plating)
VW-MEB-1603,6.4,3.17,8.1,-118.8,29.4,High Risk (Lithium Plating)
VW-MEB-1604,12.7,1.7,24.4,-86.4,42.6,High Risk (Lithium Plating)
VW-MEB-1605,6.9,1.45,30.0,-76.2,40.4,High Risk (Lithium Plating)
VW-MEB-1606,27.4,2.28,37.1,-67.6,24.5,High Risk (Lithium Plating)
VW-MEB-1607,30.1,2.96,21.2,-82.5,26.1,High Risk (Lithium Plating)
VW-MEB-1608,-3.2,1.17,43.5,-108.2,40.8,High Risk (Lithium Plating)
VW-MEB-1609,5.4,2.79,33.4,-126.5,21.3,High Risk (Lithium Plating)
VW-MEB-1610,11.6,1.49,30.1,-75.2,42.1,High Risk (Lithium Plating)
VW-MEB-1611,-5.7,1.94,7.1,-102.3,47.0,High Risk (Lithium Plating)
VW-MEB-1612,4.9,2.56,39.5,-114.1,18.9,High Risk (Lithium Plating)
VW-MEB-1613,18.2,2.36,34.2,-91.2,24.2,High Risk (Lithium Plating)
VW-MEB-1614,3.1,1.05,27.4,-74.5,59.0,High Risk (Lithium Plating)
VW-MEB-1615,16.2,2.56,20.8,-95.0,27.6,High Risk (Lithium Plating)
VW-MEB-1616,31.1,2.16,23.5,-48.5,32.2,High Risk (Lithium Plating)
VW-MEB-1617,32.4,2.82,18.7,-62.1,27.7,High Risk (Lithium Plating)
VW-MEB-1618,15.8,2.77,23.1,-96.2,24.7,High Risk (Lithium Plating)
VW-MEB-1619,32.7,2.15,22.7,-56.2,36.2,High Risk (Lithium Plating)
VW-MEB-1620,9.8,1.09,39.6,-66.9,46.7,High Risk (Lithium Plating)
VW-MEB-1621,13.4,1.94,22.2,-81.9,41.7,High Risk (Lithium Plating)
VW-MEB-1622,28.8,0.95,18.2,-23.7,65.0,High Risk (Lithium Plating)
VW-MEB-1623,21.2,2.74,37.9,-93.5,21.7,High Risk (Lithium Plating)
VW-MEB-1624,23.0,0.81,33.7,-32.9,65.0,High Risk (Lithium Plating)
VW-MEB-1625,-0.3,2.76,15.1,-128.7,29.9,High Risk (Lithium Plating)
VW-MEB-1626,33.8,2.05,38.2,-48.8,26.4,High Risk (Lithium Plating)
VW-MEB-1627,24.7,2.59,9.5,-64.7,35.7,High Risk (Lithium Plating)
VW-MEB-1628,-1.3,2.99,16.0,-123.9,26.9,High Risk (Lithium Plating)
VW-MEB-1629,30.7,1.82,43.1,-59.8,27.1,High Risk (Lithium Plating)
VW-MEB-1630,-4.6,1.02,19.7,-86.4,65.0,High Risk (Lithium Plating)
VW-MEB-1631,21.1,1.87,21.9,-57.3,38.4,High Risk (Lithium Plating)
VW-MEB-1632,1.3,0.8,14.4,-65.9,65.0,High Risk (Lithium Plating)
VW-MEB-1633,-7.8,1.06,37.0,-103.5,53.5,High Risk (Lithium Plating)
VW-MEB-1634,0.9,2.37,12.2,-113.9,33.4,High Risk (Lithium Plating)
VW-MEB-1635,-1.5,1.26,40.9,-91.2,37.5,High Risk (Lithium Plating)
VW-MEB-1636,15.7,3.04,16.0,-103.0,25.3,High Risk (Lithium Plating)
VW-MEB-1637,26.0,1.25,38.3,-41.1,40.8,High Risk (Lithium Plating)
VW-MEB-1638,17.0,3.06,6.1,-92.5,30.2,High Risk (Lithium Plating)
VW-MEB-1639,-8.6,2.6,23.8,-135.5,26.3,High Risk (Lithium Plating)
VW-MEB-1640,6.0,1.37,27.3,-77.0,46.9,High Risk (Lithium Plating)
VW-MEB-1641,8.0,1.89,16.3,-83.6,39.6,High Risk (Lithium Plating)
VW-MEB-1642,-5.4,2.92,25.7,-143.7,22.7,High Risk (Lithium Plating)
VW-MEB-1643,-6.7,1.37,39.8,-100.7,35.0,High Risk (Lithium Plating)
VW-MEB-1644,11.4,2.31,33.2,-93.2,24.2,High Risk (Lithium Plating)
VW-MEB-1645,34.0,1.69,5.4,-27.7,53.4,High Risk (Lithium Plating)
VW-MEB-1646,4.2,2.56,7.2,-111.8,34.9,High Risk (Lithium Plating)
VW-MEB-1647,13.9,1.47,15.4,-53.9,55.3,High Risk (Lithium Plating)
VW-MEB-1648,7.2,2.42,12.1,-95.4,33.8,High Risk (Lithium Plating)
VW-MEB-1649,32.1,1.74,18.3,-39.0,43.0,High Risk (Lithium Plating)
VW-MEB-1650,-3.6,1.79,22.9,-104.4,38.9,High Risk (Lithium Plating)
VW-MEB-1651,30.5,1.7,29.3,-40.7,36.3,High Risk (Lithium Plating)
VW-MEB-1652,23.9,2.33,42.8,-85.9,20.1,High Risk (Lithium Plating)
VW-MEB-1653,31.6,1.94,19.6,-44.4,39.1,High Risk (Lithium Plating)
VW-MEB-1654,22.0,2.07,13.1,-53.2,41.2,High Risk (Lithium Plating)
VW-MEB-1655,8.0,2.77,18.4,-111.5,24.1,High Risk (Lithium Plating)
VW-MEB-1656,-0.8,2.01,27.5,-104.6,31.8,High Risk (Lithium Plating)
VW-MEB-1657,-4.6,2.21,14.5,-114.1,31.9,High Risk (Lithium Plating)
VW-MEB-1658,9.7,0.89,31.0,-62.0,65.0,High Risk (Lithium Plating)
VW-MEB-1659,23.9,1.33,23.9,-42.5,49.2,High Risk (Lithium Plating)
VW-MEB-1660,11.0,1.69,24.6,-76.0,41.0,High Risk (Lithium Plating)
VW-MEB-1661,-1.8,2.27,42.0,-120.5,19.4,High Risk (Lithium Plating)
VW-MEB-1662,26.5,0.88,19.4,-33.2,65.0,High Risk (Lithium Plating)
VW-MEB-1663,21.4,1.89,25.6,-68.5,38.3,High Risk (Lithium Plating)
VW-MEB-1664,-1.4,1.02,18.3,-81.6,65.0,High Risk (Lithium Plating)
VW-MEB-1665,12.0,1.16,9.4,-56.9,65.0,High Risk (Lithium Plating)
VW-MEB-1666,26.1,3.15,23.4,-97.3,20.9,High Risk (Lithium Plating)
VW-MEB-1667,20.6,0.94,6.5,-25.3,65.0,High Risk (Lithium Plating)
VW-MEB-1668,29.9,3.07,26.8,-81.6,17.7,High Risk (Lithium Plating)
VW-MEB-1669,9.0,1.9,26.8,-87.6,32.2,High Risk (Lithium Plating)
VW-MEB-1670,16.3,0.87,24.5,-55.9,65.0,High Risk (Lithium Plating)
VW-MEB-1671,12.7,1.84,44.3,-90.6,23.3,High Risk (Lithium Plating)
VW-MEB-1672,20.0,2.26,17.3,-76.8,34.5,High Risk (Lithium Plating)
VW-MEB-1673,-4.6,2.64,12.4,-126.7,31.6,High Risk (Lithium Plating)
VW-MEB-1674,-1.4,1.1,26.3,-81.1,58.8,High Risk (Lithium Plating)
VW-MEB-1675,21.5,1.82,32.2,-67.9,33.1,High Risk (Lithium Plating)
VW-MEB-1676,2.4,3.03,36.3,-131.2,20.1,High Risk (Lithium Plating)
VW-MEB-1677,9.8,0.9,27.7,-56.4,65.0,High Risk (Lithium Plating)
VW-MEB-1678,16.9,1.87,26.2,-73.2,35.5,High Risk (Lithium Plating)
VW-MEB-1679,-3.6,2.21,39.1,-132.6,20.3,High Risk (Lithium Plating)
VW-MEB-1680,21.6,1.01,10.2,-30.8,65.0,High Risk (Lithium Plating)
VW-MEB-1681,26.5,1.61,36.8,-45.6,32.0,High Risk (Lithium Plating)
VW-MEB-1682,14.5,3.15,19.5,-113.2,22.4,High Risk (Lithium Plating)
VW-MEB-1683,31.3,1.62,30.4,-44.3,33.2,High Risk (Lithium Plating)
VW-MEB-1684,16.8,1.74,21.0,-64.1,44.4,High Risk (Lithium Plating)
VW-MEB-1685,-7.5,2.71,32.9,-149.9,21.3,High Risk (Lithium Plating)
VW-MEB-1686,5.5,1.26,33.6,-73.3,45.0,High Risk (Lithium Plating)
VW-MEB-1687,0.0,2.83,11.3,-127.6,30.5,High Risk (Lithium Plating)
VW-MEB-1688,20.8,1.6,39.4,-58.5,29.8,High Risk (Lithium Plating)
VW-MEB-1689,-9.7,1.66,40.0,-115.7,33.4,High Risk (Lithium Plating)
VW-MEB-1690,28.0,3.08,11.8,-76.4,29.1,High Risk (Lithium Plating)
VW-MEB-1691,3.4,1.92,11.7,-91.2,45.3,High Risk (Lithium Plating)
VW-MEB-1692,2.8,2.35,17.5,-108.5,34.5,High Risk (Lithium Plating)
VW-MEB-1693,15.1,1.41,35.5,-58.7,38.7,High Risk (Lithium Plating)
VW-MEB-1694,-0.5,0.86,18.2,-74.8,65.0,High Risk (Lithium Plating)
VW-MEB-1695,10.5,1.31,41.7,-77.0,38.8,High Risk (Lithium Plating)
VW-MEB-1696,0.6,2.82,22.8,-136.4,24.7,High Risk (Lithium Plating)
VW-MEB-1697,26.8,2.18,15.0,-52.6,35.8,High Risk (Lithium Plating)
VW-MEB-1698,12.7,1.37,43.2,-73.4,36.5,High Risk (Lithium Plating)
VW-MEB-1699,1.4,1.42,18.8,-83.7,51.7,High Risk (Lithium Plating)
VW-MEB-1700,24.9,1.85,24.4,-57.8,38.2,High Risk (Lithium Plating)
VW-MEB-1701,15.6,1.55,19.4,-65.6,50.4,High Risk (Lithium Plating)
VW-MEB-1702,14.6,2.49,42.9,-103.6,17.0,High Risk (Lithium Plating)
VW-MEB-1703,3.8,3.03,18.7,-128.1,23.6,High Risk (Lithium Plating)
VW-MEB-1704,-6.0,1.81,28.3,-119.6,36.8,High Risk (Lithium Plating)
VW-MEB-1705,34.9,1.77,32.1,-41.4,35.1,High Risk (Lithium Plating)
VW-MEB-1706,-1.4,2.24,35.7,-121.3,24.3,High Risk (Lithium Plating)
VW-MEB-1707,17.6,2.35,30.3,-85.2,28.8,High Risk (Lithium Plating)
VW-MEB-1708,24.7,1.15,9.8,-29.5,65.0,High Risk (Lithium Plating)
VW-MEB-1709,-8.9,3.12,27.9,-156.8,22.6,High Risk (Lithium Plating)
VW-MEB-1710,31.3,2.72,6.9,-63.3,34.4,High Risk (Lithium Plating)
VW-MEB-1711,22.7,2.42,23.1,-70.6,33.3,High Risk (Lithium Plating)
VW-MEB-1712,-7.3,2.48,23.2,-116.5,28.7,High Risk (Lithium Plating)
VW-MEB-1713,26.9,1.87,40.2,-66.8,26.4,High Risk (Lithium Plating)
VW-MEB-1714,11.2,1.88,6.1,-81.1,49.2,High Risk (Lithium Plating)
VW-MEB-1715,22.4,2.87,7.3,-79.9,31.8,High Risk (Lithium Plating)
VW-MEB-1716,-7.4,0.89,14.1,-92.3,65.0,High Risk (Lithium Plating)
VW-MEB-1717,-7.6,2.84,26.5,-145.9,21.5,High Risk (Lithium Plating)
VW-MEB-1718,28.3,2.4,12.7,-60.3,34.1,High Risk (Lithium Plating)
VW-MEB-1719,26.0,0.91,44.1,-34.0,51.5,High Risk (Lithium Plating)
VW-MEB-1720,23.2,2.11,20.0,-72.0,36.1,High Risk (Lithium Plating)
VW-MEB-1721,29.5,1.66,15.2,-35.0,48.5,High Risk (Lithium Plating)
VW-MEB-1722,29.0,1.59,31.8,-46.0,39.0,High Risk (Lithium Plating)
VW-MEB-1723,18.2,1.0,6.4,-35.0,65.0,High Risk (Lithium Plating)
VW-MEB-1724,3.7,1.82,8.7,-85.8,47.4,High Risk (Lithium Plating)
VW-MEB-1725,11.3,1.27,33.5,-70.2,41.3,High Risk (Lithium Plating)
VW-MEB-1726,32.7,1.55,28.2,-34.8,39.2,High Risk (Lithium Plating)
VW-MEB-1727,-9.9,0.96,9.2,-84.0,65.0,High Risk (Lithium Plating)
VW-MEB-1728,12.0,1.07,23.6,-57.7,65.0,High Risk (Lithium Plating)
VW-MEB-1729,2.9,1.65,33.4,-97.4,32.3,High Risk (Lithium Plating)
VW-MEB-1730,26.5,1.62,7.9,-42.4,58.1,High Risk (Lithium Plating)
VW-MEB-1731,3.3,1.56,14.9,-87.5,53.8,High Risk (Lithium Plating)
VW-MEB-1732,35.0,1.56,38.9,-40.7,33.0,High Risk (Lithium Plating)
VW-MEB-1733,13.7,2.0,7.9,-68.9,43.5,High Risk (Lithium Plating)
VW-MEB-1734,-1.3,1.16,10.3,-79.5,65.0,High Risk (Lithium Plating)
VW-MEB-1735,11.9,1.03,16.3,-54.8,65.0,High Risk (Lithium Plating)
VW-MEB-1736,7.7,3.05,17.5,-121.2,26.3,High Risk (Lithium Plating)
VW-MEB-1737,3.7,2.36,20.8,-114.1,32.4,High Risk (Lithium Plating)
VW-MEB-1738,-9.4,2.59,21.4,-134.3,28.5,High Risk (Lithium Plating)
VW-MEB-1739,29.7,1.98,38.9,-50.5,29.3,High Risk (Lithium Plating)
VW-MEB-1740,17.5,2.77,39.8,-97.7,20.0,High Risk (Lithium Plating)
VW-MEB-1741,29.8,2.08,11.5,-51.4,42.3,High Risk (Lithium Plating)
VW-MEB-1742,-0.4,0.83,15.2,-65.6,65.0,High Risk (Lithium Plating)
VW-MEB-1743,-5.0,2.88,11.3,-135.4,31.4,High Risk (Lithium Plating)
VW-MEB-1744,5.5,2.01,9.3,-90.0,44.5,High Risk (Lithium Plating)
VW-MEB-1745,27.6,2.02,23.3,-61.4,36.2,High Risk (Lithium Plating)
VW-MEB-1746,23.1,3.06,38.6,-104.0,14.0,High Risk (Lithium Plating)
VW-MEB-1747,7.7,1.47,28.7,-77.0,43.4,High Risk (Lithium Plating)
VW-MEB-1748,31.6,1.71,26.7,-43.4,40.2,High Risk (Lithium Plating)
VW-MEB-1749,21.3,2.47,12.7,-68.3,36.1,High Risk (Lithium Plating)
VW-MEB-1750,15.7,2.06,39.7,-91.5,26.2,High Risk (Lithium Plating)
VW-MEB-1751,18.6,3.1,44.3,-114.3,14.0,High Risk (Lithium Plating)
VW-MEB-1752,10.2,2.95,13.2,-106.7,27.2,High Risk (Lithium Plating)
VW-MEB-1753,-0.0,2.49,40.9,-127.6,20.4,High Risk (Lithium Plating)
VW-MEB-1754,25.8,2.6,19.9,-74.5,27.3,High Risk (Lithium Plating)
VW-MEB-1755,1.0,1.71,5.1,-85.4,56.0,High Risk (Lithium Plating)
VW-MEB-1756,13.1,2.25,27.4,-91.7,29.7,High Risk (Lithium Plating)
VW-MEB-1757,32.0,2.81,41.4,-79.9,18.6,High Risk (Lithium Plating)
VW-MEB-1758,-8.8,2.42,25.5,-130.3,33.0,High Risk (Lithium Plating)
VW-MEB-1759,1.9,2.14,22.6,-95.8,28.9,High Risk (Lithium Plating)
VW-MEB-1760,-8.8,0.94,5.2,-83.5,65.0,High Risk (Lithium Plating)
VW-MEB-1761,4.5,2.57,25.9,-112.6,25.4,High Risk (Lithium Plating)
VW-MEB-1762,16.3,3.02,42.7,-105.6,16.5,High Risk (Lithium Plating)
VW-MEB-1763,-8.9,1.5,31.0,-110.8,40.9,High Risk (Lithium Plating)
VW-MEB-1764,27.6,1.19,19.7,-30.1,62.8,High Risk (Lithium Plating)
VW-MEB-1765,-7.4,1.1,44.4,-106.5,41.6,High Risk (Lithium Plating)
VW-MEB-1766,18.1,1.43,29.3,-58.1,46.2,High Risk (Lithium Plating)
VW-MEB-1767,17.0,1.16,6.9,-53.3,65.0,High Risk (Lithium Plating)
VW-MEB-1768,27.2,1.58,41.7,-50.6,29.5,High Risk (Lithium Plating)
VW-MEB-1769,-0.6,2.75,41.1,-137.4,14.0,High Risk (Lithium Plating)
VW-MEB-1770,3.5,0.87,5.7,-56.4,65.0,High Risk (Lithium Plating)
VW-MEB-1771,-3.8,2.9,22.3,-136.5,26.1,High Risk (Lithium Plating)
VW-MEB-1772,1.9,1.56,21.3,-81.7,48.1,High Risk (Lithium Plating)
VW-MEB-1773,3.1,1.82,39.5,-98.0,28.7,High Risk (Lithium Plating)
VW-MEB-1774,-4.0,1.63,6.6,-92.0,59.5,High Risk (Lithium Plating)
VW-MEB-1775,32.5,3.13,10.8,-67.0,27.6,High Risk (Lithium Plating)
VW-MEB-1776,34.4,2.96,18.1,-63.2,23.9,High Risk (Lithium Plating)
VW-MEB-1777,21.1,1.57,43.1,-64.9,31.0,High Risk (Lithium Plating)
VW-MEB-1778,-8.6,1.93,29.8,-117.3,28.4,High Risk (Lithium Plating)
VW-MEB-1779,-3.4,1.79,11.3,-98.9,46.7,High Risk (Lithium Plating)
VW-MEB-1780,17.4,1.58,24.6,-63.7,45.4,High Risk (Lithium Plating)
VW-MEB-1781,30.2,2.8,31.2,-78.0,17.2,High Risk (Lithium Plating)
VW-MEB-1782,5.6,2.77,12.4,-114.9,29.4,High Risk (Lithium Plating)
VW-MEB-1783,-6.7,2.78,8.6,-135.2,32.6,High Risk (Lithium Plating)
VW-MEB-1784,32.4,1.77,27.9,-33.0,38.9,High Risk (Lithium Plating)
VW-MEB-1785,9.1,2.4,9.6,-93.4,35.7,High Risk (Lithium Plating)
VW-MEB-1786,23.6,0.8,12.4,-26.4,65.0,High Risk (Lithium Plating)
VW-MEB-1787,32.9,1.24,44.9,-39.2,36.2,High Risk (Lithium Plating)
VW-MEB-1788,27.3,2.21,34.0,-70.0,22.4,High Risk (Lithium Plating)
VW-MEB-1789,6.1,3.18,33.3,-127.8,21.1,High Risk (Lithium Plating)
VW-MEB-1790,-7.2,2.25,6.3,-113.9,43.1,High Risk (Lithium Plating)
VW-MEB-1791,0.7,1.34,18.3,-75.9,57.1,High Risk (Lithium Plating)
VW-MEB-1792,13.6,2.12,23.8,-83.7,29.3,High Risk (Lithium Plating)
VW-MEB-1793,13.4,2.1,16.2,-79.1,39.0,High Risk (Lithium Plating)
VW-MEB-1794,29.7,1.55,36.8,-48.3,33.0,High Risk (Lithium Plating)
VW-MEB-1795,20.3,2.55,27.3,-83.1,26.1,High Risk (Lithium Plating)
VW-MEB-1796,10.9,0.83,30.4,-50.5,65.0,High Risk (Lithium Plating)
VW-MEB-1797,26.0,3.19,21.1,-90.2,23.8,High Risk (Lithium Plating)
VW-MEB-1798,-3.1,1.14,40.8,-101.1,41.8,High Risk (Lithium Plating)
VW-MEB-1799,-7.4,2.01,20.8,-121.1,35.4,High Risk (Lithium Plating)
VW-MEB-1800,-5.8,2.41,6.0,-126.4,41.1,High Risk (Lithium Plating)
VW-MEB-1801,18.2,2.22,42.1,-84.4,21.3,High Risk (Lithium Plating)
VW-MEB-1802,8.9,0.81,18.8,-50.4,65.0,High Risk (Lithium Plating)
VW-MEB-1803,31.2,1.4,32.9,-35.5,44.1,High Risk (Lithium Plating)
VW-MEB-1804,19.2,3.04,20.9,-108.6,22.8,High Risk (Lithium Plating)
VW-MEB-1805,-3.6,0.98,18.5,-78.6,65.0,High Risk (Lithium Plating)
VW-MEB-1806,15.5,1.0,5.2,-37.1,65.0,High Risk (Lithium Plating)
VW-MEB-1807,34.9,2.37,13.7,-46.3,35.2,High Risk (Lithium Plating)
VW-MEB-1808,-4.0,1.41,40.3,-99.6,34.2,High Risk (Lithium Plating)
VW-MEB-1809,14.5,2.65,36.8,-98.2,21.2,High Risk (Lithium Plating)
VW-MEB-1810,29.7,1.2,28.8,-27.5,54.1,High Risk (Lithium Plating)
VW-MEB-1811,6.7,1.9,10.3,-77.6,43.1,High Risk (Lithium Plating)
VW-MEB-1812,29.5,2.35,17.3,-53.2,33.5,High Risk (Lithium Plating)
VW-MEB-1813,28.4,1.74,13.2,-49.2,48.3,High Risk (Lithium Plating)
VW-MEB-1814,-8.8,2.78,28.8,-146.3,20.1,High Risk (Lithium Plating)
VW-MEB-1815,-7.8,2.09,14.5,-120.1,35.5,High Risk (Lithium Plating)
VW-MEB-1816,17.0,1.85,25.8,-64.3,39.9,High Risk (Lithium Plating)
VW-MEB-1817,34.8,1.76,42.1,-48.2,27.9,High Risk (Lithium Plating)
VW-MEB-1818,-7.7,2.16,39.8,-126.1,21.8,High Risk (Lithium Plating)
VW-MEB-1819,34.1,0.82,33.5,-12.5,65.0,High Risk (Lithium Plating)
VW-MEB-1820,28.6,1.85,7.6,-45.6,50.2,High Risk (Lithium Plating)
VW-MEB-1821,33.9,2.46,34.2,-68.2,26.7,High Risk (Lithium Plating)
VW-MEB-1822,16.9,1.11,43.1,-60.6,39.9,High Risk (Lithium Plating)
VW-MEB-1823,20.1,1.02,32.5,-43.5,58.4,High Risk (Lithium Plating)
VW-MEB-1824,16.4,2.27,26.0,-83.8,28.9,High Risk (Lithium Plating)
VW-MEB-1825,16.4,3.04,9.5,-94.1,27.7,High Risk (Lithium Plating)
VW-MEB-1826,8.2,2.04,13.0,-80.8,38.0,High Risk (Lithium Plating)
VW-MEB-1827,1.1,1.99,13.6,-99.5,41.4,High Risk (Lithium Plating)
VW-MEB-1828,3.9,3.09,36.5,-135.8,17.4,High Risk (Lithium Plating)
VW-MEB-1829,-8.1,1.13,39.3,-109.6,46.0,High Risk (Lithium Plating)
VW-MEB-1830,-3.5,3.14,18.8,-144.8,21.6,High Risk (Lithium Plating)
VW-MEB-1831,0.0,2.16,18.1,-116.2,34.1,High Risk (Lithium Plating)
VW-MEB-1832,-9.8,3.06,31.1,-155.1,20.1,High Risk (Lithium Plating)
VW-MEB-1833,35.0,1.74,42.9,-51.8,21.5,High Risk (Lithium Plating)
VW-MEB-1834,2.1,1.47,36.2,-89.9,40.3,High Risk (Lithium Plating)
VW-MEB-1835,20.1,2.21,20.1,-69.9,31.8,High Risk (Lithium Plating)
VW-MEB-1836,30.4,1.3,21.3,-30.9,55.0,High Risk (Lithium Plating)
VW-MEB-1837,17.2,1.8,25.9,-72.3,41.8,High Risk (Lithium Plating)
VW-MEB-1838,6.5,1.31,20.3,-64.7,58.0,High Risk (Lithium Plating)
VW-MEB-1839,18.8,2.57,13.6,-84.2,30.8,High Risk (Lithium Plating)
VW-MEB-1840,-0.3,1.9,10.5,-86.4,46.5,High Risk (Lithium Plating)
VW-MEB-1841,15.3,0.92,28.7,-56.3,65.0,High Risk (Lithium Plating)
VW-MEB-1842,1.0,1.73,19.9,-95.6,42.8,High Risk (Lithium Plating)
VW-MEB-1843,18.5,2.97,20.6,-94.8,27.0,High Risk (Lithium Plating)
VW-MEB-1844,13.0,1.43,9.1,-57.5,64.0,High Risk (Lithium Plating)
VW-MEB-1845,31.8,1.79,36.4,-47.3,33.7,High Risk (Lithium Plating)
VW-MEB-1846,22.3,1.14,29.8,-46.0,59.9,High Risk (Lithium Plating)
VW-MEB-1847,-9.4,3.06,39.2,-161.7,16.9,High Risk (Lithium Plating)
VW-MEB-1848,26.8,1.91,22.9,-57.8,39.3,High Risk (Lithium Plating)
VW-MEB-1849,-9.1,1.9,20.3,-116.3,39.8,High Risk (Lithium Plating)
VW-MEB-1850,15.2,1.33,30.9,-57.8,45.3,High Risk (Lithium Plating)
VW-MEB-1851,10.4,3.02,13.2,-105.6,27.0,High Risk (Lithium Plating)
VW-MEB-1852,18.8,1.14,43.1,-52.4,38.9,High Risk (Lithium Plating)
VW-MEB-1853,30.2,2.14,7.9,-47.6,42.5,High Risk (Lithium Plating)
VW-MEB-1854,26.8,2.19,33.3,-67.7,25.5,High Risk (Lithium Plating)
VW-MEB-1855,24.5,2.65,32.2,-87.6,23.0,High Risk (Lithium Plating)
VW-MEB-1856,-4.4,2.54,31.1,-132.2,25.2,High Risk (Lithium Plating)
VW-MEB-1857,28.6,1.8,33.8,-61.4,32.0,High Risk (Lithium Plating)
VW-MEB-1858,13.6,1.51,37.3,-71.2,36.1,High Risk (Lithium Plating)
VW-MEB-1859,26.3,3.02,30.0,-89.2,23.9,High Risk (Lithium Plating)
VW-MEB-1860,31.0,1.48,15.3,-28.8,53.2,High Risk (Lithium Plating)
VW-MEB-1861,-4.8,2.74,31.6,-144.0,22.0,High Risk (Lithium Plating)
VW-MEB-1862,28.2,1.86,12.2,-45.8,48.0,High Risk (Lithium Plating)
VW-MEB-1863,-8.7,1.28,19.7,-88.5,56.2,High Risk (Lithium Plating)
VW-MEB-1864,-8.0,2.85,7.1,-127.9,33.6,High Risk (Lithium Plating)
VW-MEB-1865,9.4,0.82,17.7,-57.4,65.0,High Risk (Lithium Plating)
VW-MEB-1866,22.5,1.77,13.9,-58.5,49.3,High Risk (Lithium Plating)
VW-MEB-1867,3.0,2.05,10.6,-94.2,41.9,High Risk (Lithium Plating)
VW-MEB-1868,-4.5,1.07,12.5,-77.7,65.0,High Risk (Lithium Plating)
VW-MEB-1869,15.9,1.66,40.6,-77.4,28.1,High Risk (Lithium Plating)
VW-MEB-1870,2.3,2.87,9.1,-113.4,33.3,High Risk (Lithium Plating)
VW-MEB-1871,17.2,1.93,39.0,-74.0,27.6,High Risk (Lithium Plating)
VW-MEB-1872,26.1,1.46,11.8,-24.4,54.1,High Risk (Lithium Plating)
VW-MEB-1873,27.7,2.2,19.1,-58.7,32.4,High Risk (Lithium Plating)
VW-MEB-1874,23.1,1.63,18.9,-56.4,46.1,High Risk (Lithium Plating)
VW-MEB-1875,23.6,1.37,8.9,-45.9,64.9,High Risk (Lithium Plating)
VW-MEB-1876,11.2,0.99,11.0,-58.0,65.0,High Risk (Lithium Plating)
VW-MEB-1877,-3.3,1.4,12.3,-90.7,60.9,High Risk (Lithium Plating)
VW-MEB-1878,-4.4,3.16,11.4,-145.1,26.1,High Risk (Lithium Plating)
VW-MEB-1879,26.7,2.08,35.7,-66.1,26.6,High Risk (Lithium Plating)
VW-MEB-1880,8.4,2.02,26.6,-89.8,32.6,High Risk (Lithium Plating)
VW-MEB-1881,-6.2,1.19,39.0,-105.2,40.4,High Risk (Lithium Plating)
VW-MEB-1882,17.2,3.11,13.8,-107.9,26.4,High Risk (Lithium Plating)
VW-MEB-1883,2.1,1.95,25.8,-106.5,32.8,High Risk (Lithium Plating)
VW-MEB-1884,-9.6,1.19,8.0,-94.5,65.0,High Risk (Lithium Plating)
VW-MEB-1885,27.3,1.33,32.6,-45.3,44.8,High Risk (Lithium Plating)
VW-MEB-1886,13.3,0.82,26.5,-43.0,65.0,High Risk (Lithium Plating)
VW-MEB-1887,31.9,1.91,29.2,-38.9,32.9,High Risk (Lithium Plating)
VW-MEB-1888,28.9,2.73,30.3,-77.5,24.7,High Risk (Lithium Plating)
VW-MEB-1889,16.9,1.56,19.2,-61.6,47.8,High Risk (Lithium Plating)
VW-MEB-1890,27.2,2.48,8.2,-61.7,36.5,High Risk (Lithium Plating)
VW-MEB-1891,-8.6,1.67,26.8,-109.6,37.5,High Risk (Lithium Plating)
VW-MEB-1892,26.3,2.08,23.1,-58.9,32.6,High Risk (Lithium Plating)
VW-MEB-1893,11.7,1.88,21.4,-70.4,39.9,High Risk (Lithium Plating)
VW-MEB-1894,19.7,2.73,11.4,-85.3,30.4,High Risk (Lithium Plating)
VW-MEB-1895,-8.4,1.32,17.5,-95.2,57.3,High Risk (Lithium Plating)
VW-MEB-1896,30.7,3.1,13.3,-74.5,28.9,High Risk (Lithium Plating)
VW-MEB-1897,-0.7,3.15,8.4,-122.9,28.4,High Risk (Lithium Plating)
VW-MEB-1898,24.1,0.86,42.5,-39.4,53.9,High Risk (Lithium Plating)
VW-MEB-1899,-6.9,0.82,39.8,-86.1,59.6,High Risk (Lithium Plating)
VW-MEB-1900,5.8,3.06,26.3,-127.5,20.1,High Risk (Lithium Plating)
VW-MEB-1901,-3.0,1.3,37.3,-105.5,41.3,High Risk (Lithium Plating)
VW-MEB-1902,29.3,0.88,35.6,-26.3,63.8,High Risk (Lithium Plating)
VW-MEB-1903,-3.0,2.65,10.6,-122.7,32.8,High Risk (Lithium Plating)
VW-MEB-1904,5.9,2.04,26.5,-102.6,30.1,High Risk (Lithium Plating)
VW-MEB-1905,20.6,2.11,22.0,-70.5,37.4,High Risk (Lithium Plating)
VW-MEB-1906,33.4,3.02,15.0,-67.4,27.2,High Risk (Lithium Plating)
VW-MEB-1907,-4.0,2.53,37.5,-135.1,24.2,High Risk (Lithium Plating)
VW-MEB-1908,15.0,1.7,13.9,-64.0,47.5,High Risk (Lithium Plating)
VW-MEB-1909,15.6,1.28,22.1,-59.3,56.7,High Risk (Lithium Plating)
VW-MEB-1910,-9.6,3.05,12.4,-150.8,28.2,High Risk (Lithium Plating)
VW-MEB-1911,28.6,1.48,16.4,-35.8,52.3,High Risk (Lithium Plating)
VW-MEB-1912,-2.7,1.92,28.7,-111.9,36.4,High Risk (Lithium Plating)
VW-MEB-1913,16.2,2.79,38.9,-97.7,20.5,High Risk (Lithium Plating)
VW-MEB-1914,31.1,3.03,38.8,-82.2,17.5,High Risk (Lithium Plating)
VW-MEB-1915,32.1,1.41,21.0,-34.2,50.7,High Risk (Lithium Plating)
VW-MEB-1916,8.4,0.93,42.4,-61.6,52.7,High Risk (Lithium Plating)
VW-MEB-1917,30.2,2.06,27.8,-63.1,28.0,High Risk (Lithium Plating)
VW-MEB-1918,-9.8,1.78,27.6,-118.6,35.8,High Risk (Lithium Plating)
VW-MEB-1919,3.2,0.87,23.5,-71.2,65.0,High Risk (Lithium Plating)
VW-MEB-1920,-1.6,0.97,28.1,-79.7,65.0,High Risk (Lithium Plating)
VW-MEB-1921,7.8,2.87,21.6,-118.8,23.6,High Risk (Lithium Plating)
VW-MEB-1922,-6.1,3.1,41.5,-156.9,14.0,High Risk (Lithium Plating)
VW-MEB-1923,12.8,2.37,35.8,-99.0,20.6,High Risk (Lithium Plating)
VW-MEB-1924,4.7,1.53,19.9,-73.3,51.0,High Risk (Lithium Plating)
VW-MEB-1925,35.0,1.9,43.3,-42.3,27.2,High Risk (Lithium Plating)
VW-MEB-1926,10.8,1.03,21.4,-58.9,65.0,High Risk (Lithium Plating)
VW-MEB-1927,-5.2,1.48,20.8,-96.4,53.5,High Risk (Lithium Plating)
VW-MEB-1928,29.2,1.75,43.8,-47.8,26.3,High Risk (Lithium Plating)
VW-MEB-1929,18.5,2.84,24.4,-94.3,25.4,High Risk (Lithium Plating)
VW-MEB-1930,-10.0,2.55,34.0,-143.3,22.3,High Risk (Lithium Plating)
VW-MEB-1931,7.0,2.73,13.8,-109.5,27.6,High Risk (Lithium Plating)
VW-MEB-1932,35.0,1.13,7.9,-15.3,65.0,High Risk (Lithium Plating)
VW-MEB-1933,-0.9,0.91,8.9,-69.0,65.0,High Risk (Lithium Plating)
VW-MEB-1934,31.7,2.49,35.6,-66.9,20.8,High Risk (Lithium Plating)
VW-MEB-1935,16.1,1.81,20.5,-66.7,42.1,High Risk (Lithium Plating)
VW-MEB-1936,17.6,1.09,28.9,-48.3,58.6,High Risk (Lithium Plating)
VW-MEB-1937,26.1,3.08,16.2,-87.9,20.8,High Risk (Lithium Plating)
VW-MEB-1938,-4.7,2.85,6.9,-136.4,30.5,High Risk (Lithium Plating)
VW-MEB-1939,13.8,1.66,40.0,-74.7,25.9,High Risk (Lithium Plating)
VW-MEB-1940,34.4,1.36,7.4,-13.5,63.6,High Risk (Lithium Plating)
VW-MEB-1941,25.3,2.11,28.2,-65.7,30.0,High Risk (Lithium Plating)
VW-MEB-1942,29.1,3.16,14.1,-76.9,21.8,High Risk (Lithium Plating)
VW-MEB-1943,23.1,1.15,25.0,-39.0,59.5,High Risk (Lithium Plating)
VW-MEB-1944,16.6,2.97,5.2,-94.2,29.9,High Risk (Lithium Plating)
VW-MEB-1945,-8.8,1.47,42.4,-116.2,31.6,High Risk (Lithium Plating)
VW-MEB-1946,24.1,1.58,23.4,-49.4,45.0,High Risk (Lithium Plating)
VW-MEB-1947,0.6,2.66,32.2,-130.7,25.3,High Risk (Lithium Plating)
VW-MEB-1948,-8.9,0.84,12.8,-82.4,65.0,High Risk (Lithium Plating)
VW-MEB-1949,-3.6,2.29,14.1,-113.8,37.6,High Risk (Lithium Plating)
VW-MEB-1950,17.3,2.94,29.3,-104.4,23.5,High Risk (Lithium Plating)
VW-MEB-1951,-6.7,1.66,35.3,-112.5,32.2,High Risk (Lithium Plating)
VW-MEB-1952,8.1,2.4,10.6,-105.1,36.3,High Risk (Lithium Plating)
VW-MEB-1953,21.7,1.57,12.3,-45.1,56.2,High Risk (Lithium Plating)
VW-MEB-1954,-5.5,2.76,7.5,-129.9,32.9,High Risk (Lithium Plating)
VW-MEB-1955,20.5,1.62,39.3,-67.3,26.9,High Risk (Lithium Plating)
VW-MEB-1956,13.1,2.25,9.5,-87.2,36.6,High Risk (Lithium Plating)
VW-MEB-1957,13.6,2.52,9.9,-81.6,34.2,High Risk (Lithium Plating)
VW-MEB-1958,-0.3,1.0,22.3,-71.3,65.0,High Risk (Lithium Plating)
VW-MEB-1959,33.5,2.13,19.5,-50.5,36.0,High Risk (Lithium Plating)
VW-MEB-1960,9.5,0.93,30.3,-63.1,65.0,High Risk (Lithium Plating)
VW-MEB-1961,30.4,1.5,40.6,-45.4,31.8,High Risk (Lithium Plating)
VW-MEB-1962,-7.2,1.61,38.7,-108.3,33.4,High Risk (Lithium Plating)
VW-MEB-1963,32.5,2.9,34.5,-78.5,20.9,High Risk (Lithium Plating)
VW-MEB-1964,0.5,2.12,25.7,-107.8,31.8,High Risk (Lithium Plating)
VW-MEB-1965,32.6,2.72,23.3,-70.4,25.8,High Risk (Lithium Plating)
VW-MEB-1966,-8.9,2.64,42.4,-149.7,18.0,High Risk (Lithium Plating)
VW-MEB-1967,9.4,2.59,8.1,-98.2,37.6,High Risk (Lithium Plating)
VW-MEB-1968,12.9,2.86,38.0,-105.2,18.8,High Risk (Lithium Plating)
VW-MEB-1969,-5.8,2.7,20.4,-144.2,27.7,High Risk (Lithium Plating)
VW-MEB-1970,34.5,2.89,32.3,-72.1,21.6,High Risk (Lithium Plating)
VW-MEB-1971,-8.9,2.53,36.4,-142.1,20.5,High Risk (Lithium Plating)
VW-MEB-1972,3.9,1.26,19.4,-79.7,56.7,High Risk (Lithium Plating)
VW-MEB-1973,-4.5,2.64,37.2,-138.2,19.1,High Risk (Lithium Plating)
VW-MEB-1974,25.5,1.32,7.7,-41.7,65.0,High Risk (Lithium Plating)
VW-MEB-1975,1.1,0.87,10.9,-67.3,65.0,High Risk (Lithium Plating)
VW-MEB-1976,7.7,2.73,23.4,-112.6,26.7,High Risk (Lithium Plating)
VW-MEB-1977,27.2,2.77,10.5,-71.0,28.7,High Risk (Lithium Plating)
VW-MEB-1978,16.8,1.14,6.8,-41.2,65.0,High Risk (Lithium Plating)
VW-MEB-1979,25.5,1.46,8.5,-44.8,59.5,High Risk (Lithium Plating)
VW-MEB-1980,20.5,1.75,7.5,-44.2,52.2,High Risk (Lithium Plating)
VW-MEB-1981,21.7,1.88,9.8,-61.7,50.4,High Risk (Lithium Plating)
VW-MEB-1982,-1.0,2.27,19.6,-115.9,35.6,High Risk (Lithium Plating)
VW-MEB-1983,31.2,0.91,42.1,-26.8,52.3,High Risk (Lithium Plating)
VW-MEB-1984,32.7,2.72,14.1,-65.0,32.1,High Risk (Lithium Plating)
VW-MEB-1985,-5.6,1.48,20.0,-104.8,45.7,High Risk (Lithium Plating)
VW-MEB-1986,14.6,2.1,32.5,-91.4,28.7,High Risk (Lithium Plating)
VW-MEB-1987,-9.9,2.65,25.8,-142.8,25.0,High Risk (Lithium Plating)
VW-MEB-1988,-0.1,1.21,43.5,-94.6,35.7,High Risk (Lithium Plating)
VW-MEB-1989,32.2,2.12,30.7,-49.3,26.6,High Risk (Lithium Plating)
VW-MEB-1990,29.8,1.26,12.2,-28.8,65.0,High Risk (Lithium Plating)
VW-MEB-1991,32.2,1.48,25.9,-37.5,43.7,High Risk (Lithium Plating)
VW-MEB-1992,23.5,1.29,41.3,-53.2,40.8,High Risk (Lithium Plating)
VW-MEB-1993,28.5,1.92,21.3,-56.3,39.8,High Risk (Lithium Plating)
VW-MEB-1994,10.7,1.01,20.5,-58.8,65.0,High Risk (Lithium Plating)
VW-MEB-1995,18.2,1.43,32.6,-55.5,42.0,High Risk (Lithium Plating)
VW-MEB-1996,15.1,1.09,7.3,-39.1,65.0,High Risk (Lithium Plating)
VW-MEB-1997,-1.7,0.88,20.5,-73.8,65.0,High Risk (Lithium Plating)
VW-MEB-1998,13.7,1.22,16.2,-59.2,64.1,High Risk (Lithium Plating)
VW-MEB-1999,-8.4,3.1,23.5,-145.4,22.9,High Risk (Lithium Plating)
VW-MEB-2000,3.1,2.64,15.3,-122.2,32.9,High Risk (Lithium Plating)
VW-MEB-2001,12.8,1.01,11.7,-47.4,65.0,High Risk (Lithium Plating)
VW-MEB-2002,32.2,1.11,15.5,-21.6,65.0,High Risk (Lithium Plating)
VW-MEB-2003,27.2,3.16,31.7,-92.6,19.6,High Risk (Lithium Plating)
VW-MEB-2004,27.1,2.53,36.9,-80.6,23.0,High Risk (Lithium Plating)
VW-MEB-2005,10.0,1.45,43.6,-79.3,31.5,High Risk (Lithium Plating)
VW-MEB-2006,3.5,2.93,26.1,-120.2,23.8,High Risk (Lithium Plating)
VW-MEB-2007,-4.1,2.38,6.0,-115.0,37.1,High Risk (Lithium Plating)
VW-MEB-2008,18.4,1.38,25.6,-45.6,50.3,High Risk (Lithium Plating)
VW-MEB-2009,16.1,2.83,35.6,-102.9,20.3,High Risk (Lithium Plating)
VW-MEB-2010,8.2,1.41,41.7,-81.6,36.4,High Risk (Lithium Plating)
VW-MEB-2011,4.3,1.37,24.7,-73.1,47.7,High Risk (Lithium Plating)
VW-MEB-2012,33.9,0.84,23.4,-6.3,65.0,High Risk (Lithium Plating)
VW-MEB-2013,17.6,1.97,24.4,-74.2,34.4,High Risk (Lithium Plating)
VW-MEB-2014,27.7,2.11,7.4,-51.9,42.2,High Risk (Lithium Plating)
VW-MEB-2015,9.3,1.6,36.3,-85.5,36.5,High Risk (Lithium Plating)
VW-MEB-2016,-2.7,1.2,40.1,-102.2,40.0,High Risk (Lithium Plating)
VW-MEB-2017,-3.5,1.55,41.0,-105.8,29.2,High Risk (Lithium Plating)
VW-MEB-2018,21.9,2.35,41.3,-79.4,22.3,High Risk (Lithium Plating)
VW-MEB-2019,19.6,1.67,10.8,-56.2,53.0,High Risk (Lithium Plating)
VW-MEB-2020,16.4,1.23,17.3,-53.5,62.7,High Risk (Lithium Plating)
VW-MEB-2021,18.8,0.82,8.3,-32.7,65.0,High Risk (Lithium Plating)
VW-MEB-2022,26.6,1.76,14.8,-45.4,49.3,High Risk (Lithium Plating)
VW-MEB-2023,29.1,1.01,37.0,-33.5,53.2,High Risk (Lithium Plating)
VW-MEB-2024,-9.4,2.69,22.6,-140.2,27.1,High Risk (Lithium Plating)
VW-MEB-2025,-5.6,0.84,12.8,-86.1,65.0,High Risk (Lithium Plating)
VW-MEB-2026,30.6,2.01,12.6,-45.1,41.6,High Risk (Lithium Plating)
VW-MEB-2027,17.3,0.81,35.6,-35.5,65.0,High Risk (Lithium Plating)
VW-MEB-2028,6.8,1.72,44.1,-94.6,28.5,High Risk (Lithium Plating)
VW-MEB-2029,11.1,2.54,7.9,-92.6,35.0,High Risk (Lithium Plating)
VW-MEB-2030,34.2,2.03,20.0,-46.6,35.4,High Risk (Lithium Plating)
VW-MEB-2031,32.7,2.12,35.1,-54.0,25.4,High Risk (Lithium Plating)
VW-MEB-2032,11.5,2.01,40.2,-96.9,29.4,High Risk (Lithium Plating)
VW-MEB-2033,32.4,1.42,30.9,-38.7,39.8,High Risk (Lithium Plating)
VW-MEB-2034,18.0,1.63,33.0,-70.1,34.7,High Risk (Lithium Plating)
VW-MEB-2035,29.7,1.87,31.6,-56.0,29.7,High Risk (Lithium Plating)
VW-MEB-2036,29.7,2.82,34.9,-77.0,21.2,High Risk (Lithium Plating)
VW-MEB-2037,0.4,1.93,10.4,-98.6,46.8,High Risk (Lithium Plating)
VW-MEB-2038,1.9,1.23,13.5,-68.1,65.0,High Risk (Lithium Plating)
VW-MEB-2039,-4.3,1.25,38.4,-94.9,41.8,High Risk (Lithium Plating)
VW-MEB-2040,24.9,1.52,8.2,-43.7,62.0,High Risk (Lithium Plating)
VW-MEB-2041,18.5,2.67,34.5,-95.5,20.5,High Risk (Lithium Plating)
VW-MEB-2042,9.0,3.12,24.9,-121.7,21.7,High Risk (Lithium Plating)
VW-MEB-2043,3.1,1.72,35.3,-92.7,33.7,High Risk (Lithium Plating)
VW-MEB-2044,2.1,1.14,34.2,-84.9,52.6,High Risk (Lithium Plating)
VW-MEB-2045,-5.2,1.8,28.5,-105.1,33.9,High Risk (Lithium Plating)
VW-MEB-2046,13.4,3.03,13.3,-103.1,27.9,High Risk (Lithium Plating)
VW-MEB-2047,-5.8,3.07,11.1,-136.3,27.7,High Risk (Lithium Plating)
VW-MEB-2048,8.8,1.43,20.9,-69.5,49.4,High Risk (Lithium Plating)
VW-MEB-2049,-2.3,1.38,23.6,-88.4,50.0,High Risk (Lithium Plating)
VW-MEB-2050,-7.1,1.14,6.0,-76.1,65.0,High Risk (Lithium Plating)
VW-MEB-2051,19.7,1.29,29.0,-55.2,51.5,High Risk (Lithium Plating)
VW-MEB-2052,-8.6,2.54,6.3,-120.7,35.5,High Risk (Lithium Plating)
VW-MEB-2053,8.1,1.52,16.6,-67.5,53.0,High Risk (Lithium Plating)
VW-MEB-2054,22.7,3.05,25.4,-93.8,21.8,High Risk (Lithium Plating)
VW-MEB-2055,-5.4,2.78,44.0,-149.6,14.8,High Risk (Lithium Plating)
VW-MEB-2056,32.6,1.11,37.3,-34.2,48.5,High Risk (Lithium Plating)
VW-MEB-2057,18.7,1.99,40.2,-80.1,19.5,High Risk (Lithium Plating)
VW-MEB-2058,-6.2,3.15,28.0,-152.6,25.0,High Risk (Lithium Plating)
VW-MEB-2059,2.7,1.73,17.7,-90.7,42.7,High Risk (Lithium Plating)
VW-MEB-2060,-9.2,0.92,43.3,-105.4,51.2,High Risk (Lithium Plating)
VW-MEB-2061,6.1,1.88,40.9,-103.2,25.3,High Risk (Lithium Plating)
VW-MEB-2062,33.0,2.64,39.9,-76.7,17.2,High Risk (Lithium Plating)
VW-MEB-2063,12.8,2.9,37.9,-118.1,17.1,High Risk (Lithium Plating)
VW-MEB-2064,28.8,1.85,15.4,-45.0,41.8,High Risk (Lithium Plating)
VW-MEB-2065,2.3,1.52,14.7,-85.7,53.1,High Risk (Lithium Plating)
VW-MEB-2066,34.9,2.69,16.7,-60.1,30.8,High Risk (Lithium Plating)
VW-MEB-2067,3.5,1.45,11.5,-76.6,60.3,High Risk (Lithium Plating)
VW-MEB-2068,4.2,2.39,44.7,-112.5,20.1,High Risk (Lithium Plating)
VW-MEB-2069,4.8,1.69,17.3,-89.4,42.0,High Risk (Lithium Plating)
VW-MEB-2070,10.4,1.3,19.8,-57.3,57.7,High Risk (Lithium Plating)
VW-MEB-2071,18.0,2.66,26.4,-95.5,22.3,High Risk (Lithium Plating)
VW-MEB-2072,16.4,0.93,39.0,-63.7,52.1,High Risk (Lithium Plating)
VW-MEB-2073,29.3,2.18,8.6,-57.8,41.1,High Risk (Lithium Plating)
VW-MEB-2074,4.2,1.48,19.2,-80.1,53.5,High Risk (Lithium Plating)
VW-MEB-2075,13.4,1.38,19.8,-65.6,55.5,High Risk (Lithium Plating)
VW-MEB-2076,-5.4,1.77,9.3,-103.5,49.1,High Risk (Lithium Plating)
VW-MEB-2077,9.2,1.03,25.5,-59.1,65.0,High Risk (Lithium Plating)
VW-MEB-2078,26.1,1.54,16.5,-40.2,50.0,High Risk (Lithium Plating)
VW-MEB-2079,32.4,3.1,19.1,-74.0,24.5,High Risk (Lithium Plating)
VW-MEB-2080,15.7,1.69,28.5,-74.8,41.9,High Risk (Lithium Plating)
VW-MEB-2081,-5.8,3.0,5.7,-139.0,27.5,High Risk (Lithium Plating)
VW-MEB-2082,7.0,2.56,7.8,-106.9,35.2,High Risk (Lithium Plating)
VW-MEB-2083,1.2,1.83,29.5,-104.5,37.8,High Risk (Lithium Plating)
VW-MEB-2084,-2.9,1.69,9.5,-101.7,50.8,High Risk (Lithium Plating)
VW-MEB-2085,19.1,0.86,36.8,-39.4,64.5,High Risk (Lithium Plating)
VW-MEB-2086,3.4,1.49,41.9,-98.4,29.4,High Risk (Lithium Plating)
VW-MEB-2087,5.6,1.35,21.0,-83.6,55.9,High Risk (Lithium Plating)
VW-MEB-2088,-7.5,2.62,34.5,-139.2,21.9,High Risk (Lithium Plating)
VW-MEB-2089,-4.0,1.33,6.7,-89.8,65.0,High Risk (Lithium Plating)
VW-MEB-2090,8.4,0.97,7.8,-60.5,65.0,High Risk (Lithium Plating)
VW-MEB-2091,5.0,2.44,7.6,-101.0,35.6,High Risk (Lithium Plating)
VW-MEB-2092,4.9,2.15,28.1,-102.9,31.8,High Risk (Lithium Plating)
VW-MEB-2093,15.0,1.49,39.5,-68.9,31.3,High Risk (Lithium Plating)
VW-MEB-2094,-2.7,2.54,20.4,-119.6,29.4,High Risk (Lithium Plating)
VW-MEB-2095,29.5,1.05,22.9,-14.0,65.0,High Risk (Lithium Plating)
VW-MEB-2096,0.2,2.89,37.9,-144.2,16.8,High Risk (Lithium Plating)
VW-MEB-2097,2.7,2.89,10.5,-118.5,29.0,High Risk (Lithium Plating)
VW-MEB-2098,6.2,1.31,22.6,-70.5,56.0,High Risk (Lithium Plating)
VW-MEB-2099,17.5,2.67,10.0,-85.1,31.6,High Risk (Lithium Plating)
VW-MEB-2100,-6.4,1.85,10.6,-108.0,49.3,High Risk (Lithium Plating)
VW-MEB-2101,31.9,1.32,7.5,-26.3,65.0,High Risk (Lithium Plating)
VW-MEB-2102,30.3,2.74,10.7,-72.0,33.0,High Risk (Lithium Plating)
VW-MEB-2103,6.2,1.43,40.5,-81.7,35.2,High Risk (Lithium Plating)
VW-MEB-2104,17.5,2.94,14.2,-97.8,29.1,High Risk (Lithium Plating)
VW-MEB-2105,6.9,1.74,41.7,-92.1,25.1,High Risk (Lithium Plating)
VW-MEB-2106,20.2,2.63,21.9,-80.6,28.8,High Risk (Lithium Plating)
VW-MEB-2107,24.3,1.39,37.6,-54.7,42.3,High Risk (Lithium Plating)
VW-MEB-2108,22.6,0.83,37.3,-31.9,64.2,High Risk (Lithium Plating)
VW-MEB-2109,22.4,1.7,34.4,-67.6,34.0,High Risk (Lithium Plating)
VW-MEB-2110,33.4,2.51,42.6,-67.1,17.9,High Risk (Lithium Plating)
VW-MEB-2111,-7.6,2.73,12.8,-134.2,34.8,High Risk (Lithium Plating)
VW-MEB-2112,33.7,2.55,20.6,-62.0,27.9,High Risk (Lithium Plating)
VW-MEB-2113,6.0,1.11,44.4,-80.1,38.7,High Risk (Lithium Plating)
VW-MEB-2114,-1.1,2.94,19.8,-131.0,26.3,High Risk (Lithium Plating)
VW-MEB-2115,-1.1,2.37,34.7,-116.3,21.9,High Risk (Lithium Plating)
VW-MEB-2116,24.0,2.54,44.3,-82.3,19.7,High Risk (Lithium Plating)
VW-MEB-2117,32.2,2.68,26.6,-73.3,25.2,High Risk (Lithium Plating)
VW-MEB-2118,13.4,1.55,35.7,-70.0,33.4,High Risk (Lithium Plating)
VW-MEB-2119,31.0,2.51,9.0,-60.3,33.0,High Risk (Lithium Plating)
VW-MEB-2120,17.9,2.41,30.3,-83.0,24.5,High Risk (Lithium Plating)
VW-MEB-2121,27.4,1.3,33.9,-40.7,42.8,High Risk (Lithium Plating)
VW-MEB-2122,19.8,0.97,30.8,-39.0,61.9,High Risk (Lithium Plating)
VW-MEB-2123,-6.8,1.47,28.1,-105.0,42.4,High Risk (Lithium Plating)
VW-MEB-2124,-1.9,3.14,41.7,-141.2,14.0,High Risk (Lithium Plating)
VW-MEB-2125,15.5,1.4,42.7,-69.5,35.1,High Risk (Lithium Plating)
VW-MEB-2126,18.9,2.38,6.6,-72.0,40.1,High Risk (Lithium Plating)
VW-MEB-2127,-6.5,1.61,29.1,-103.3,36.4,High Risk (Lithium Plating)
VW-MEB-2128,14.1,1.62,23.8,-76.9,45.8,High Risk (Lithium Plating)
VW-MEB-2129,10.4,2.83,34.3,-107.6,20.9,High Risk (Lithium Plating)
VW-MEB-2130,1.8,2.36,20.7,-118.9,31.0,High Risk (Lithium Plating)
VW-MEB-2131,-8.7,1.11,44.6,-101.5,39.3,High Risk (Lithium Plating)
VW-MEB-2132,2.6,2.82,22.3,-120.9,27.7,High Risk (Lithium Plating)
VW-MEB-2133,2.1,1.74,35.4,-102.5,33.2,High Risk (Lithium Plating)
VW-MEB-2134,29.1,2.26,43.5,-69.9,21.2,High Risk (Lithium Plating)
VW-MEB-2135,-8.4,1.96,21.0,-117.5,34.2,High Risk (Lithium Plating)
VW-MEB-2136,26.8,1.58,42.2,-51.6,31.5,High Risk (Lithium Plating)
VW-MEB-2137,3.6,2.78,40.2,-126.8,15.0,High Risk (Lithium Plating)
VW-MEB-2138,12.4,2.6,32.2,-102.6,22.6,High Risk (Lithium Plating)
VW-MEB-2139,5.3,2.9,11.6,-116.1,31.0,High Risk (Lithium Plating)
VW-MEB-2140,16.4,2.96,27.0,-97.0,23.8,High Risk (Lithium Plating)
VW-MEB-2141,-4.5,1.34,33.6,-97.8,37.1,High Risk (Lithium Plating)
VW-MEB-2142,3.6,1.94,6.9,-90.5,47.1,High Risk (Lithium Plating)
VW-MEB-2143,15.2,3.05,18.1,-106.1,25.3,High Risk (Lithium Plating)
VW-MEB-2144,-3.3,2.48,20.1,-124.7,31.6,High Risk (Lithium Plating)
VW-MEB-2145,19.5,1.2,8.0,-34.2,65.0,High Risk (Lithium Plating)
VW-MEB-2146,-6.0,2.85,17.8,-141.3,25.9,High Risk (Lithium Plating)
VW-MEB-2147,33.5,2.94,24.6,-71.2,21.9,High Risk (Lithium Plating)
VW-MEB-2148,7.1,1.2,31.7,-68.8,49.8,High Risk (Lithium Plating)
VW-MEB-2149,-8.9,1.43,11.1,-104.4,60.1,High Risk (Lithium Plating)
VW-MEB-2150,11.3,1.05,20.8,-61.7,65.0,High Risk (Lithium Plating)
VW-MEB-2151,26.5,1.78,24.0,-48.6,40.2,High Risk (Lithium Plating)
VW-MEB-2152,-0.9,1.82,40.5,-107.3,25.2,High Risk (Lithium Plating)
VW-MEB-2153,-7.9,2.26,34.6,-130.6,21.8,High Risk (Lithium Plating)
VW-MEB-2154,4.0,1.1,9.4,-70.1,65.0,High Risk (Lithium Plating)
VW-MEB-2155,31.6,2.1,26.2,-51.2,31.4,High Risk (Lithium Plating)
VW-MEB-2156,7.7,2.57,32.6,-107.8,23.1,High Risk (Lithium Plating)
VW-MEB-2157,18.2,1.24,33.2,-62.7,46.9,High Risk (Lithium Plating)
VW-MEB-2158,-5.7,2.04,40.1,-122.8,25.1,High Risk (Lithium Plating)
VW-MEB-2159,16.1,1.4,22.8,-63.5,53.6,High Risk (Lithium Plating)
VW-MEB-2160,31.6,0.86,18.0,-11.5,65.0,High Risk (Lithium Plating)
VW-MEB-2161,0.6,1.12,41.0,-78.9,41.6,High Risk (Lithium Plating)
VW-MEB-2162,20.0,2.41,43.2,-96.5,21.2,High Risk (Lithium Plating)
VW-MEB-2163,22.5,3.03,30.9,-97.1,21.1,High Risk (Lithium Plating)
VW-MEB-2164,6.8,2.77,6.1,-105.9,36.4,High Risk (Lithium Plating)
VW-MEB-2165,0.5,2.86,26.4,-127.3,18.2,High Risk (Lithium Plating)
VW-MEB-2166,1.6,2.2,17.1,-101.1,33.5,High Risk (Lithium Plating)
VW-MEB-2167,27.6,1.69,8.3,-34.1,55.6,High Risk (Lithium Plating)
VW-MEB-2168,11.3,1.74,26.5,-86.1,34.4,High Risk (Lithium Plating)
VW-MEB-2169,14.4,1.73,8.9,-70.6,48.7,High Risk (Lithium Plating)
VW-MEB-2170,21.9,2.06,11.4,-56.6,42.8,High Risk (Lithium Plating)
VW-MEB-2171,33.6,1.22,45.0,-25.4,33.0,High Risk (Lithium Plating)
VW-MEB-2172,22.8,3.15,15.7,-93.1,23.9,High Risk (Lithium Plating)
VW-MEB-2173,9.8,2.26,23.4,-98.3,30.4,High Risk (Lithium Plating)
VW-MEB-2174,27.8,2.61,37.4,-84.2,21.5,High Risk (Lithium Plating)
VW-MEB-2175,13.9,2.74,24.6,-98.4,25.6,High Risk (Lithium Plating)
VW-MEB-2176,7.3,0.94,34.6,-60.7,57.4,High Risk (Lithium Plating)
VW-MEB-2177,16.5,2.11,13.9,-71.5,37.4,High Risk (Lithium Plating)
VW-MEB-2178,-5.0,2.29,35.0,-128.3,23.5,High Risk (Lithium Plating)
VW-MEB-2179,2.4,1.34,45.0,-91.6,34.3,High Risk (Lithium Plating)
VW-MEB-2180,29.4,1.74,13.7,-30.7,49.2,High Risk (Lithium Plating)
VW-MEB-2181,29.9,0.86,23.7,-16.7,65.0,High Risk (Lithium Plating)
VW-MEB-2182,18.6,1.18,31.7,-50.4,51.4,High Risk (Lithium Plating)
VW-MEB-2183,34.0,1.31,34.6,-38.6,43.9,High Risk (Lithium Plating)
VW-MEB-2184,20.9,1.42,39.2,-57.9,36.6,High Risk (Lithium Plating)
VW-MEB-2185,31.1,2.34,16.7,-56.6,36.6,High Risk (Lithium Plating)
VW-MEB-2186,23.6,2.02,12.2,-59.9,40.8,High Risk (Lithium Plating)
VW-MEB-2187,-7.2,0.89,41.0,-86.9,54.7,High Risk (Lithium Plating)
VW-MEB-2188,-4.1,2.69,8.2,-127.6,32.7,High Risk (Lithium Plating)
VW-MEB-2189,13.6,2.93,16.1,-107.8,28.2,High Risk (Lithium Plating)
VW-MEB-2190,24.5,1.33,19.6,-38.9,53.2,High Risk (Lithium Plating)
VW-MEB-2191,26.2,2.52,37.0,-70.5,20.6,High Risk (Lithium Plating)
VW-MEB-2192,19.1,2.59,39.6,-97.7,19.5,High Risk (Lithium Plating)
VW-MEB-2193,29.8,1.37,27.2,-36.5,45.5,High Risk (Lithium Plating)
VW-MEB-2194,12.8,2.08,20.6,-86.3,35.7,High Risk (Lithium Plating)
VW-MEB-2195,9.9,2.04,31.5,-94.6,31.0,High Risk (Lithium Plating)
VW-MEB-2196,27.1,1.91,10.4,-57.7,48.2,High Risk (Lithium Plating)
VW-MEB-2197,17.7,1.23,13.3,-45.3,65.0,High Risk (Lithium Plating)
VW-MEB-2198,-5.4,3.14,24.7,-152.7,19.0,High Risk (Lithium Plating)
VW-MEB-2199,2.8,1.38,17.1,-71.5,60.9,High Risk (Lithium Plating)
VW-MEB-2200,-0.1,2.82,13.2,-124.3,30.5,High Risk (Lithium Plating)
VW-MEB-2201,4.1,0.8,8.4,-58.5,65.0,High Risk (Lithium Plating)
VW-MEB-2202,26.5,2.28,19.0,-59.9,33.1,High Risk (Lithium Plating)
VW-MEB-2203,29.7,2.9,27.8,-85.0,17.6,High Risk (Lithium Plating)
VW-MEB-2204,-2.5,2.67,6.1,-123.9,35.8,High Risk (Lithium Plating)
VW-MEB-2205,32.2,1.95,33.1,-46.9,28.6,High Risk (Lithium Plating)
VW-MEB-2206,-3.0,2.13,6.3,-109.5,47.9,High Risk (Lithium Plating)
VW-MEB-2207,-0.8,1.48,38.9,-99.7,34.1,High Risk (Lithium Plating)
VW-MEB-2208,25.4,2.14,28.9,-60.0,30.9,High Risk (Lithium Plating)
VW-MEB-2209,31.3,1.13,21.5,-20.0,65.0,High Risk (Lithium Plating)
VW-MEB-2210,25.4,2.96,6.0,-81.6,29.3,High Risk (Lithium Plating)
VW-MEB-2211,16.2,2.3,33.1,-88.3,29.2,High Risk (Lithium Plating)
VW-MEB-2212,2.7,1.16,10.3,-80.9,65.0,High Risk (Lithium Plating)
VW-MEB-2213,14.0,2.66,10.9,-88.8,36.0,High Risk (Lithium Plating)
VW-MEB-2214,26.8,2.62,32.3,-79.9,23.8,High Risk (Lithium Plating)
VW-MEB-2215,20.7,1.7,26.9,-56.3,37.5,High Risk (Lithium Plating)
VW-MEB-2216,30.9,2.47,39.5,-67.0,20.6,High Risk (Lithium Plating)
VW-MEB-2217,34.0,1.38,6.9,-20.1,65.0,High Risk (Lithium Plating)
VW-MEB-2218,23.0,1.8,27.0,-61.9,38.8,High Risk (Lithium Plating)
VW-MEB-2219,11.8,1.58,32.0,-72.6,36.7,High Risk (Lithium Plating)
VW-MEB-2220,23.2,1.39,14.2,-42.3,58.1,High Risk (Lithium Plating)
VW-MEB-2221,28.6,2.97,15.6,-79.3,26.1,High Risk (Lithium Plating)
VW-MEB-2222,22.1,2.35,20.0,-72.9,32.7,High Risk (Lithium Plating)
VW-MEB-2223,-3.2,1.91,23.9,-113.4,36.5,High Risk (Lithium Plating)
VW-MEB-2224,27.3,2.35,9.2,-59.3,37.5,High Risk (Lithium Plating)
VW-MEB-2225,27.6,2.9,40.2,-88.9,17.9,High Risk (Lithium Plating)
VW-MEB-2226,5.9,2.81,6.3,-108.9,31.4,High Risk (Lithium Plating)
VW-MEB-2227,27.4,2.14,36.7,-68.2,24.9,High Risk (Lithium Plating)
VW-MEB-2228,29.0,2.98,38.1,-85.1,20.0,High Risk (Lithium Plating)
VW-MEB-2229,24.3,3.0,41.6,-98.1,14.3,High Risk (Lithium Plating)
VW-MEB-2230,27.3,1.46,8.6,-40.2,63.1,High Risk (Lithium Plating)
VW-MEB-2231,15.5,1.59,35.6,-69.5,36.2,High Risk (Lithium Plating)
VW-MEB-2232,23.2,1.83,19.2,-63.9,40.9,High Risk (Lithium Plating)
VW-MEB-2233,-6.1,3.13,12.9,-141.1,28.8,High Risk (Lithium Plating)
VW-MEB-2234,-5.6,3.17,19.3,-151.3,18.4,High Risk (Lithium Plating)
VW-MEB-2235,-9.6,2.67,17.4,-133.2,29.0,High Risk (Lithium Plating)
VW-MEB-2236,-5.2,1.29,37.0,-103.4,41.7,High Risk (Lithium Plating)
VW-MEB-2237,32.0,1.9,21.0,-43.2,37.4,High Risk (Lithium Plating)
VW-MEB-2238,32.3,3.09,21.9,-75.2,23.1,High Risk (Lithium Plating)
VW-MEB-2239,4.6,2.2,42.0,-117.7,20.5,High Risk (Lithium Plating)
VW-MEB-2240,8.7,2.45,18.8,-97.3,35.0,High Risk (Lithium Plating)
VW-MEB-2241,16.1,2.19,21.6,-89.8,34.9,High Risk (Lithium Plating)
VW-MEB-2242,5.8,1.77,31.4,-83.5,35.4,High Risk (Lithium Plating)
VW-MEB-2243,10.9,2.51,16.4,-100.9,30.3,High Risk (Lithium Plating)
VW-MEB-2244,-4.0,1.93,39.6,-110.2,27.6,High Risk (Lithium Plating)
VW-MEB-2245,25.4,2.23,13.7,-66.4,36.4,High Risk (Lithium Plating)
VW-MEB-2246,26.4,2.06,27.5,-62.0,30.9,High Risk (Lithium Plating)
VW-MEB-2247,7.3,1.11,20.4,-70.1,65.0,High Risk (Lithium Plating)
VW-MEB-2248,23.1,2.55,9.4,-73.8,38.4,High Risk (Lithium Plating)
VW-MEB-2249,26.6,1.8,29.5,-46.9,31.9,High Risk (Lithium Plating)
VW-MEB-2250,6.9,1.87,11.4,-80.2,50.2,High Risk (Lithium Plating)
VW-MEB-2251,27.9,1.67,20.7,-36.3,48.2,High Risk (Lithium Plating)
VW-MEB-2252,25.7,2.67,28.6,-79.0,22.9,High Risk (Lithium Plating)
VW-MEB-2253,6.2,2.23,30.3,-102.0,28.5,High Risk (Lithium Plating)
VW-MEB-2254,-7.3,2.14,23.7,-127.6,36.1,High Risk (Lithium Plating)
VW-MEB-2255,31.3,2.98,43.0,-87.3,14.0,High Risk (Lithium Plating)
VW-MEB-2256,-7.4,2.02,32.3,-124.5,27.4,High Risk (Lithium Plating)
VW-MEB-2257,17.7,2.51,40.2,-96.4,19.8,High Risk (Lithium Plating)
VW-MEB-2258,11.7,2.38,25.6,-98.3,24.4,High Risk (Lithium Plating)
VW-MEB-2259,7.7,2.67,15.2,-104.0,32.5,High Risk (Lithium Plating)
VW-MEB-2260,32.2,2.9,21.5,-80.1,25.4,High Risk (Lithium Plating)
VW-MEB-2261,7.4,1.65,36.4,-80.3,32.5,High Risk (Lithium Plating)
VW-MEB-2262,5.2,1.8,9.8,-85.8,45.9,High Risk (Lithium Plating)
VW-MEB-2263,-9.8,1.43,27.5,-115.5,47.7,High Risk (Lithium Plating)
VW-MEB-2264,13.6,1.32,44.5,-70.1,33.4,High Risk (Lithium Plating)
VW-MEB-2265,33.4,2.79,44.3,-79.3,17.2,High Risk (Lithium Plating)
VW-MEB-2266,2.6,2.63,35.8,-121.8,22.8,High Risk (Lithium Plating)
VW-MEB-2267,29.0,1.89,36.7,-60.6,29.7,High Risk (Lithium Plating)
VW-MEB-2268,23.0,0.95,33.6,-37.4,60.9,High Risk (Lithium Plating)
VW-MEB-2269,22.7,2.87,23.0,-87.0,25.1,High Risk (Lithium Plating)
VW-MEB-2270,-1.5,1.24,29.5,-91.9,51.1,High Risk (Lithium Plating)
VW-MEB-2271,12.6,1.64,37.6,-75.1,30.6,High Risk (Lithium Plating)
VW-MEB-2272,0.7,1.14,29.2,-78.4,54.6,High Risk (Lithium Plating)
VW-MEB-2273,31.9,2.25,44.4,-74.7,19.6,High Risk (Lithium Plating)
VW-MEB-2274,23.4,2.34,42.0,-82.3,20.5,High Risk (Lithium Plating)
VW-MEB-2275,24.4,1.39,35.6,-46.8,43.1,High Risk (Lithium Plating)
VW-MEB-2276,2.0,2.75,39.6,-123.5,17.6,High Risk (Lithium Plating)
VW-MEB-2277,19.4,1.49,5.2,-41.1,63.0,High Risk (Lithium Plating)
VW-MEB-2278,23.8,2.47,39.7,-73.9,20.7,High Risk (Lithium Plating)
VW-MEB-2279,16.2,1.39,5.2,-57.6,65.0,High Risk (Lithium Plating)
VW-MEB-2280,5.5,2.0,36.4,-94.4,25.5,High Risk (Lithium Plating)
VW-MEB-2281,24.7,2.41,11.3,-70.4,35.0,High Risk (Lithium Plating)
VW-MEB-2282,-4.1,3.15,14.5,-143.3,29.0,High Risk (Lithium Plating)
VW-MEB-2283,-6.9,0.84,13.3,-87.1,65.0,High Risk (Lithium Plating)
VW-MEB-2284,23.0,1.16,13.2,-37.6,65.0,High Risk (Lithium Plating)
VW-MEB-2285,13.1,2.8,25.7,-109.9,24.7,High Risk (Lithium Plating)
VW-MEB-2286,-8.7,2.92,21.4,-140.7,25.8,High Risk (Lithium Plating)
VW-MEB-2287,20.8,1.96,44.8,-69.0,21.9,High Risk (Lithium Plating)
VW-MEB-2288,24.6,2.79,44.7,-99.5,17.0,High Risk (Lithium Plating)
VW-MEB-2289,-3.9,2.46,15.5,-131.2,34.1,High Risk (Lithium Plating)
VW-MEB-2290,-9.4,1.36,42.6,-114.9,33.9,High Risk (Lithium Plating)
VW-MEB-2291,-9.1,1.92,15.0,-113.5,42.0,High Risk (Lithium Plating)
VW-MEB-2292,4.4,1.47,16.1,-80.9,55.6,High Risk (Lithium Plating)
VW-MEB-2293,1.2,2.6,10.8,-122.8,33.5,High Risk (Lithium Plating)
VW-MEB-2294,-8.0,2.28,38.4,-124.1,23.8,High Risk (Lithium Plating)
VW-MEB-2295,1.7,2.11,19.0,-102.0,38.0,High Risk (Lithium Plating)
VW-MEB-2296,-3.5,1.27,16.7,-82.2,63.1,High Risk (Lithium Plating)
VW-MEB-2297,-2.9,1.0,13.5,-79.0,65.0,High Risk (Lithium Plating)
VW-MEB-2298,-0.9,0.82,26.1,-80.1,65.0,High Risk (Lithium Plating)
VW-MEB-2299,16.0,3.1,17.6,-106.2,25.3,High Risk (Lithium Plating)
VW-MEB-2300,17.1,1.29,18.6,-53.5,58.0,High Risk (Lithium Plating)
VW-MEB-2301,-3.8,3.09,44.7,-148.5,14.0,High Risk (Lithium Plating)
VW-MEB-2302,22.1,1.53,40.3,-60.3,31.9,High Risk (Lithium Plating)
VW-MEB-2303,22.2,2.36,40.5,-85.6,21.2,High Risk (Lithium Plating)
VW-MEB-2304,0.7,1.23,25.4,-88.9,59.5,High Risk (Lithium Plating)
VW-MEB-2305,5.3,0.84,23.0,-65.0,65.0,High Risk (Lithium Plating)
VW-MEB-2306,22.5,0.94,11.1,-30.3,65.0,High Risk (Lithium Plating)
VW-MEB-2307,8.2,2.45,18.5,-94.7,30.3,High Risk (Lithium Plating)
VW-MEB-2308,19.2,2.61,43.9,-99.7,16.6,High Risk (Lithium Plating)
VW-MEB-2309,6.2,1.04,24.6,-62.6,65.0,High Risk (Lithium Plating)
VW-MEB-2310,20.9,2.16,27.5,-76.5,32.3,High Risk (Lithium Plating)
VW-MEB-2311,24.4,0.89,9.7,-22.7,65.0,High Risk (Lithium Plating)
VW-MEB-2312,13.7,0.8,24.2,-48.5,65.0,High Risk (Lithium Plating)
VW-MEB-2313,26.6,2.82,36.6,-86.9,19.5,High Risk (Lithium Plating)
VW-MEB-2314,0.0,2.54,37.8,-127.2,19.9,High Risk (Lithium Plating)
VW-MEB-2315,5.9,1.58,37.8,-78.0,30.9,High Risk (Lithium Plating)
VW-MEB-2316,15.3,1.81,31.7,-70.1,30.8,High Risk (Lithium Plating)
VW-MEB-2317,17.9,3.07,32.0,-106.2,19.2,High Risk (Lithium Plating)
VW-MEB-2318,30.5,2.99,34.6,-81.3,19.6,High Risk (Lithium Plating)
VW-MEB-2319,-8.8,2.14,44.0,-135.1,22.1,High Risk (Lithium Plating)
VW-MEB-2320,30.3,3.17,40.1,-91.5,14.0,High Risk (Lithium Plating)
VW-MEB-2321,21.0,1.4,29.6,-38.4,47.6,High Risk (Lithium Plating)
VW-MEB-2322,-8.9,0.84,24.2,-90.9,65.0,High Risk (Lithium Plating)
VW-MEB-2323,7.4,0.82,12.4,-45.2,65.0,High Risk (Lithium Plating)
VW-MEB-2324,-9.2,0.91,27.0,-95.9,65.0,High Risk (Lithium Plating)
VW-MEB-2325,-2.0,2.24,7.0,-115.7,37.1,High Risk (Lithium Plating)
VW-MEB-2326,-8.6,2.13,35.9,-121.6,26.4,High Risk (Lithium Plating)
VW-MEB-2327,11.0,1.57,7.9,-66.6,60.1,High Risk (Lithium Plating)
VW-MEB-2328,32.5,1.06,19.4,-22.7,65.0,High Risk (Lithium Plating)
VW-MEB-2329,12.3,1.22,21.4,-62.7,59.8,High Risk (Lithium Plating)
VW-MEB-2330,29.5,1.47,6.8,-29.4,64.9,High Risk (Lithium Plating)
VW-MEB-2331,23.7,2.26,36.4,-75.0,21.8,High Risk (Lithium Plating)
VW-MEB-2332,19.2,2.21,34.5,-85.2,27.3,High Risk (Lithium Plating)
VW-MEB-2333,26.8,2.08,16.7,-57.3,38.8,High Risk (Lithium Plating)
VW-MEB-2334,21.3,2.58,18.0,-80.4,29.7,High Risk (Lithium Plating)
VW-MEB-2335,-7.9,0.99,20.7,-82.3,65.0,High Risk (Lithium Plating)
VW-MEB-2336,13.8,1.41,17.3,-55.2,56.1,High Risk (Lithium Plating)
VW-MEB-2337,8.5,1.02,33.9,-71.7,55.7,High Risk (Lithium Plating)
VW-MEB-2338,24.1,2.94,37.0,-100.4,19.9,High Risk (Lithium Plating)
VW-MEB-2339,17.9,2.15,43.8,-84.8,21.4,High Risk (Lithium Plating)
VW-MEB-2340,19.9,2.21,30.1,-77.0,28.7,High Risk (Lithium Plating)
VW-MEB-2341,4.5,1.33,25.2,-80.7,52.5,High Risk (Lithium Plating)
VW-MEB-2342,16.1,2.72,7.3,-95.3,34.6,High Risk (Lithium Plating)
VW-MEB-2343,14.1,1.54,35.7,-71.6,37.5,High Risk (Lithium Plating)
VW-MEB-2344,-6.7,2.84,6.9,-131.0,33.0,High Risk (Lithium Plating)
VW-MEB-2345,-2.0,1.3,30.7,-91.1,47.5,High Risk (Lithium Plating)
VW-MEB-2346,-5.6,1.25,32.6,-101.1,45.6,High Risk (Lithium Plating)
VW-MEB-2347,12.2,0.88,33.2,-54.7,65.0,High Risk (Lithium Plating)
VW-MEB-2348,32.7,2.94,10.8,-59.1,25.5,High Risk (Lithium Plating)
VW-MEB-2349,-6.7,0.89,6.6,-89.8,65.0,High Risk (Lithium Plating)
VW-MEB-2350,19.1,2.06,25.8,-70.1,32.3,High Risk (Lithium Plating)
VW-MEB-2351,18.4,1.22,26.5,-53.9,55.7,High Risk (Lithium Plating)
VW-MEB-2352,10.5,2.84,30.3,-115.2,21.9,High Risk (Lithium Plating)
VW-MEB-2353,-6.8,1.91,35.0,-118.8,27.7,High Risk (Lithium Plating)
VW-MEB-2354,10.7,1.23,29.2,-72.7,50.6,High Risk (Lithium Plating)
VW-MEB-2355,-6.2,1.65,13.3,-105.3,52.5,High Risk (Lithium Plating)
VW-MEB-2356,-2.6,2.73,5.6,-123.6,34.5,High Risk (Lithium Plating)
VW-MEB-2357,3.8,2.63,22.5,-117.0,29.8,High Risk (Lithium Plating)
VW-MEB-2358,-2.1,1.87,7.3,-99.6,49.8,High Risk (Lithium Plating)
VW-MEB-2359,-1.8,2.24,39.0,-124.6,23.6,High Risk (Lithium Plating)
VW-MEB-2360,27.2,2.93,37.8,-82.7,18.6,High Risk (Lithium Plating)
VW-MEB-2361,1.6,1.24,12.3,-70.0,65.0,High Risk (Lithium Plating)
VW-MEB-2362,-8.7,1.07,38.7,-94.6,47.4,High Risk (Lithium Plating)
VW-MEB-2363,24.8,1.39,21.2,-46.7,49.9,High Risk (Lithium Plating)
VW-MEB-2364,-5.5,2.71,28.6,-139.2,21.5,High Risk (Lithium Plating)
VW-MEB-2365,29.6,2.17,8.3,-52.6,42.6,High Risk (Lithium Plating)
VW-MEB-2366,1.2,1.45,25.5,-83.1,45.5,High Risk (Lithium Plating)
VW-MEB-2367,-0.5,2.3,8.3,-110.5,37.1,High Risk (Lithium Plating)
VW-MEB-2368,34.5,2.4,18.4,-61.0,33.4,High Risk (Lithium Plating)
VW-MEB-2369,23.5,1.24,10.1,-35.8,65.0,High Risk (Lithium Plating)
VW-MEB-2370,-5.7,2.29,31.6,-126.7,27.6,High Risk (Lithium Plating)
VW-MEB-2371,33.0,2.33,22.1,-55.4,28.8,High Risk (Lithium Plating)
VW-MEB-2372,23.5,1.0,26.4,-28.7,65.0,High Risk (Lithium Plating)
VW-MEB-2373,-8.2,2.03,32.2,-134.4,31.1,High Risk (Lithium Plating)
VW-MEB-2374,24.8,1.45,44.7,-55.5,28.2,High Risk (Lithium Plating)
VW-MEB-2375,7.6,2.34,12.1,-98.5,35.0,High Risk (Lithium Plating)
VW-MEB-2376,24.9,3.12,20.1,-90.8,20.2,High Risk (Lithium Plating)
VW-MEB-2377,31.4,1.44,41.1,-37.9,35.8,High Risk (Lithium Plating)
VW-MEB-2378,0.4,2.7,24.2,-132.1,25.5,High Risk (Lithium Plating)
VW-MEB-2379,10.5,1.92,39.2,-86.0,24.9,High Risk (Lithium Plating)
VW-MEB-2380,28.1,2.32,22.3,-60.0,28.4,High Risk (Lithium Plating)
VW-MEB-2381,10.6,2.18,33.9,-96.9,26.7,High Risk (Lithium Plating)
VW-MEB-2382,8.6,2.45,36.5,-104.9,22.8,High Risk (Lithium Plating)
VW-MEB-2383,8.1,3.02,21.8,-118.2,22.1,High Risk (Lithium Plating)
VW-MEB-2384,-4.0,2.42,32.2,-124.1,23.1,High Risk (Lithium Plating)
VW-MEB-2385,18.4,0.86,33.1,-35.6,65.0,High Risk (Lithium Plating)
VW-MEB-2386,-2.8,3.09,27.0,-143.9,22.0,High Risk (Lithium Plating)
VW-MEB-2387,15.0,1.13,43.1,-61.2,37.7,High Risk (Lithium Plating)
VW-MEB-2388,-0.4,2.39,20.4,-115.9,33.6,High Risk (Lithium Plating)
VW-MEB-2389,24.1,2.77,12.1,-68.1,31.1,High Risk (Lithium Plating)
VW-MEB-2390,20.1,1.59,35.2,-68.2,35.5,High Risk (Lithium Plating)
VW-MEB-2391,-2.0,1.66,30.4,-111.9,40.3,High Risk (Lithium Plating)
VW-MEB-2392,-1.7,3.08,36.0,-149.2,17.7,High Risk (Lithium Plating)
VW-MEB-2393,-4.7,1.95,20.2,-110.2,36.3,High Risk (Lithium Plating)
VW-MEB-2394,23.8,2.31,37.8,-76.2,26.2,High Risk (Lithium Plating)
VW-MEB-2395,-8.7,2.67,40.2,-143.9,21.6,High Risk (Lithium Plating)
VW-MEB-2396,18.5,2.74,42.3,-101.4,19.4,High Risk (Lithium Plating)
VW-MEB-2397,12.4,1.19,6.5,-65.3,65.0,High Risk (Lithium Plating)
VW-MEB-2398,2.3,1.16,37.7,-72.6,42.5,High Risk (Lithium Plating)
VW-MEB-2399,25.3,1.01,13.8,-31.8,65.0,High Risk (Lithium Plating)
VW-MEB-2400,-9.6,1.8,39.0,-115.8,27.2,High Risk (Lithium Plating)
VW-MEB-2401,27.1,1.76,43.5,-61.2,26.0,High Risk (Lithium Plating)
VW-MEB-2402,11.5,2.81,15.4,-104.1,31.4,High Risk (Lithium Plating)
VW-MEB-2403,-7.5,2.72,42.5,-139.9,17.5,High Risk (Lithium Plating)
VW-MEB-2404,25.1,1.19,24.8,-39.9,55.1,High Risk (Lithium Plating)
VW-MEB-2405,-7.8,2.43,8.6,-128.2,38.5,High Risk (Lithium Plating)
VW-MEB-2406,26.3,3.11,8.0,-81.5,28.0,High Risk (Lithium Plating)
VW-MEB-2407,17.8,1.3,36.7,-60.9,40.7,High Risk (Lithium Plating)
VW-MEB-2408,-4.5,2.43,26.4,-131.9,28.4,High Risk (Lithium Plating)
VW-MEB-2409,31.2,2.33,44.6,-71.9,16.1,High Risk (Lithium Plating)
VW-MEB-2410,4.1,1.96,30.7,-89.8,31.7,High Risk (Lithium Plating)
VW-MEB-2411,31.9,1.82,37.4,-42.7,32.8,High Risk (Lithium Plating)
VW-MEB-2412,7.6,2.52,42.6,-112.0,19.0,High Risk (Lithium Plating)
VW-MEB-2413,33.8,1.03,11.5,-6.6,65.0,High Risk (Lithium Plating)
VW-MEB-2414,31.3,2.3,22.8,-55.1,30.5,High Risk (Lithium Plating)
VW-MEB-2415,4.5,1.23,11.6,-69.0,65.0,High Risk (Lithium Plating)
VW-MEB-2416,14.1,2.92,23.7,-115.0,25.6,High Risk (Lithium Plating)
VW-MEB-2417,8.6,1.19,28.1,-70.8,55.9,High Risk (Lithium Plating)
VW-MEB-2418,3.2,1.97,25.0,-99.6,33.9,High Risk (Lithium Plating)
VW-MEB-2419,32.5,2.47,41.1,-65.5,22.5,High Risk (Lithium Plating)
VW-MEB-2420,11.7,2.03,39.7,-87.7,20.7,High Risk (Lithium Plating)
VW-MEB-2421,4.9,1.75,25.1,-91.0,41.0,High Risk (Lithium Plating)
VW-MEB-2422,32.7,2.52,19.2,-57.7,28.2,High Risk (Lithium Plating)
VW-MEB-2423,24.6,1.37,26.8,-39.9,49.3,High Risk (Lithium Plating)
VW-MEB-2424,19.9,1.36,11.0,-55.4,61.8,High Risk (Lithium Plating)
VW-MEB-2425,1.2,0.91,36.0,-78.9,63.4,High Risk (Lithium Plating)
VW-MEB-2426,33.6,1.86,27.6,-42.6,36.5,High Risk (Lithium Plating)
VW-MEB-2427,15.3,1.76,25.4,-75.5,41.2,High Risk (Lithium Plating)
VW-MEB-2428,21.1,2.16,42.2,-73.9,22.8,High Risk (Lithium Plating)
VW-MEB-2429,31.5,0.99,44.4,-27.9,44.0,High Risk (Lithium Plating)
VW-MEB-2430,4.0,0.81,28.4,-70.7,65.0,High Risk (Lithium Plating)
VW-MEB-2431,-5.5,2.83,40.5,-137.9,19.4,High Risk (Lithium Plating)
VW-MEB-2432,22.5,1.06,23.1,-45.5,65.0,High Risk (Lithium Plating)
VW-MEB-2433,17.2,1.12,23.8,-47.7,64.9,High Risk (Lithium Plating)
VW-MEB-2434,3.2,2.07,29.9,-106.5,29.5,High Risk (Lithium Plating)
VW-MEB-2435,6.5,2.83,15.9,-117.4,29.8,High Risk (Lithium Plating)
VW-MEB-2436,5.9,1.3,13.8,-64.8,65.0,High Risk (Lithium Plating)
VW-MEB-2437,-6.4,2.93,17.9,-140.5,25.2,High Risk (Lithium Plating)
VW-MEB-2438,10.6,1.6,35.4,-84.5,35.0,High Risk (Lithium Plating)
VW-MEB-2439,30.4,1.08,7.9,-22.4,65.0,High Risk (Lithium Plating)
VW-MEB-2440,23.7,2.43,33.4,-81.9,22.5,High Risk (Lithium Plating)
VW-MEB-2441,27.8,1.25,21.9,-39.8,55.8,High Risk (Lithium Plating)
VW-MEB-2442,24.5,1.04,20.2,-34.6,65.0,High Risk (Lithium Plating)
VW-MEB-2443,3.3,3.0,38.0,-134.6,19.2,High Risk (Lithium Plating)
VW-MEB-2444,6.5,3.14,18.3,-122.2,23.1,High Risk (Lithium Plating)
VW-MEB-2445,29.6,2.58,34.9,-65.7,22.4,High Risk (Lithium Plating)
VW-MEB-2446,20.8,0.94,37.3,-46.0,57.7,High Risk (Lithium Plating)
VW-MEB-2447,21.1,2.23,13.7,-74.2,35.3,High Risk (Lithium Plating)
VW-MEB-2448,28.9,0.85,24.4,-14.5,65.0,High Risk (Lithium Plating)
VW-MEB-2449,12.0,2.61,40.8,-101.5,17.1,High Risk (Lithium Plating)
VW-MEB-2450,-5.0,1.76,36.5,-118.5,29.8,High Risk (Lithium Plating)
VW-MEB-2451,4.2,1.46,13.1,-81.1,59.4,High Risk (Lithium Plating)
VW-MEB-2452,16.8,2.69,23.8,-94.1,28.4,High Risk (Lithium Plating)
VW-MEB-2453,29.7,2.97,27.8,-85.6,25.2,High Risk (Lithium Plating)
VW-MEB-2454,-4.7,2.81,25.4,-135.1,23.8,High Risk (Lithium Plating)
VW-MEB-2455,6.6,1.68,26.9,-87.2,43.1,High Risk (Lithium Plating)
VW-MEB-2456,16.7,1.33,28.4,-63.4,50.3,High Risk (Lithium Plating)
VW-MEB-2457,-5.3,0.88,27.6,-83.5,65.0,High Risk (Lithium Plating)
VW-MEB-2458,30.0,2.93,17.2,-68.8,26.8,High Risk (Lithium Plating)
VW-MEB-2459,-4.3,2.11,27.6,-117.7,32.6,High Risk (Lithium Plating)
VW-MEB-2460,32.6,2.88,35.7,-81.9,22.6,High Risk (Lithium Plating)
VW-MEB-2461,30.9,2.35,21.8,-51.6,32.4,High Risk (Lithium Plating)
VW-MEB-2462,30.4,3.11,23.1,-83.1,20.9,High Risk (Lithium Plating)
VW-MEB-2463,-0.2,3.09,35.8,-140.7,14.0,High Risk (Lithium Plating)
VW-MEB-2464,3.9,2.03,36.4,-99.7,27.0,High Risk (Lithium Plating)
VW-MEB-2465,-1.8,3.11,40.1,-154.8,16.0,High Risk (Lithium Plating)
VW-MEB-2466,5.3,2.73,13.8,-117.3,30.9,High Risk (Lithium Plating)
VW-MEB-2467,-6.2,2.11,41.2,-121.9,25.4,High Risk (Lithium Plating)
VW-MEB-2468,26.3,1.44,12.9,-37.8,54.8,High Risk (Lithium Plating)
VW-MEB-2469,-3.1,3.2,14.5,-143.6,26.5,High Risk (Lithium Plating)
VW-MEB-2470,8.5,2.87,29.6,-114.0,22.5,High Risk (Lithium Plating)
VW-MEB-2471,4.9,1.72,41.7,-100.9,30.9,High Risk (Lithium Plating)
VW-MEB-2472,22.2,1.77,41.6,-70.4,27.8,High Risk (Lithium Plating)
VW-MEB-2473,4.9,1.34,16.5,-80.0,59.0,High Risk (Lithium Plating)
VW-MEB-2474,-7.5,2.96,44.5,-154.2,14.7,High Risk (Lithium Plating)
VW-MEB-2475,34.6,2.86,35.4,-77.3,21.4,High Risk (Lithium Plating)
VW-MEB-2476,30.8,1.93,30.9,-52.1,30.5,High Risk (Lithium Plating)
VW-MEB-2477,28.1,1.32,33.6,-38.7,44.8,High Risk (Lithium Plating)
VW-MEB-2478,-7.3,2.26,5.6,-113.9,41.8,High Risk (Lithium Plating)
VW-MEB-2479,-3.6,0.81,35.3,-86.3,65.0,High Risk (Lithium Plating)
VW-MEB-2480,-7.3,3.11,21.5,-147.0,23.4,High Risk (Lithium Plating)
VW-MEB-2481,-1.2,3.19,34.6,-140.5,16.2,High Risk (Lithium Plating)
VW-MEB-2482,6.7,2.7,41.8,-115.8,16.6,High Risk (Lithium Plating)
VW-MEB-2483,6.7,1.66,34.5,-88.4,30.9,High Risk (Lithium Plating)
VW-MEB-2484,-0.8,2.46,38.1,-131.1,23.7,High Risk (Lithium Plating)
VW-MEB-2485,17.9,1.56,42.8,-70.8,32.9,High Risk (Lithium Plating)
VW-MEB-2486,20.3,3.11,8.5,-92.9,27.2,High Risk (Lithium Plating)
VW-MEB-2487,30.7,1.34,29.4,-32.1,45.8,High Risk (Lithium Plating)
VW-MEB-2488,29.8,2.14,12.3,-50.8,36.4,High Risk (Lithium Plating)
VW-MEB-2489,31.4,2.21,18.7,-46.2,35.2,High Risk (Lithium Plating)
VW-MEB-2490,-8.9,1.19,19.2,-86.6,62.9,High Risk (Lithium Plating)
VW-MEB-2491,18.6,1.27,39.3,-60.1,40.2,High Risk (Lithium Plating)
VW-MEB-2492,21.4,3.03,35.8,-102.0,16.6,High Risk (Lithium Plating)
VW-MEB-2493,-9.4,1.49,38.4,-114.7,35.1,High Risk (Lithium Plating)
VW-MEB-2494,-5.3,2.44,33.2,-131.5,24.2,High Risk (Lithium Plating)
VW-MEB-2495,-3.6,2.28,10.3,-118.6,38.5,High Risk (Lithium Plating)
VW-MEB-2496,1.2,2.06,17.7,-104.3,36.5,High Risk (Lithium Plating)
VW-MEB-2497,-4.8,2.47,32.0,-127.7,22.3,High Risk (Lithium Plating)
VW-MEB-2498,-5.9,2.19,37.8,-118.9,22.0,High Risk (Lithium Plating)
VW-MEB-2499,25.4,1.14,35.4,-39.1,43.9,High Risk (Lithium Plating)
VW-MEB-2500,16.1,1.84,39.4,-74.2,28.7,High Risk (Lithium Plating)
VW-MEB-2501,13.0,1.83,43.9,-77.7,23.1,High Risk (Lithium Plating)
VW-MEB-2502,12.0,2.74,27.8,-102.7,21.3,High Risk (Lithium Plating)
VW-MEB-2503,16.6,2.47,35.9,-92.9,24.0,High Risk (Lithium Plating)
VW-MEB-2504,17.7,0.84,12.6,-32.5,65.0,High Risk (Lithium Plating)
VW-MEB-2505,16.6,2.59,34.9,-101.9,20.8,High Risk (Lithium Plating)
VW-MEB-2506,7.7,2.99,13.6,-115.2,29.6,High Risk (Lithium Plating)
VW-MEB-2507,26.4,0.82,22.8,-31.0,65.0,High Risk (Lithium Plating)
VW-MEB-2508,21.0,1.07,15.3,-41.3,65.0,High Risk (Lithium Plating)
VW-MEB-2509,34.1,2.59,24.8,-61.3,25.0,High Risk (Lithium Plating)
VW-MEB-2510,9.6,2.15,19.0,-96.0,37.6,High Risk (Lithium Plating)
VW-MEB-2511,8.7,2.12,12.5,-90.3,42.9,High Risk (Lithium Plating)
VW-MEB-2512,18.5,2.62,31.5,-95.6,21.6,High Risk (Lithium Plating)
VW-MEB-2513,7.0,1.08,7.1,-53.0,65.0,High Risk (Lithium Plating)
VW-MEB-2514,16.3,1.19,24.6,-54.2,57.9,High Risk (Lithium Plating)
VW-MEB-2515,15.4,3.12,27.2,-114.8,17.7,High Risk (Lithium Plating)
VW-MEB-2516,23.5,1.25,15.5,-38.1,65.0,High Risk (Lithium Plating)
VW-MEB-2517,6.5,1.3,8.2,-68.8,65.0,High Risk (Lithium Plating)
VW-MEB-2518,30.6,1.93,22.0,-49.5,34.1,High Risk (Lithium Plating)
VW-MEB-2519,11.3,2.17,33.9,-90.4,25.7,High Risk (Lithium Plating)
VW-MEB-2520,15.8,3.09,18.9,-108.1,22.3,High Risk (Lithium Plating)
VW-MEB-2521,25.6,3.02,13.2,-84.4,26.6,High Risk (Lithium Plating)
VW-MEB-2522,18.8,1.27,31.9,-53.2,47.7,High Risk (Lithium Plating)
VW-MEB-2523,-1.5,0.98,16.6,-75.5,65.0,High Risk (Lithium Plating)
VW-MEB-2524,34.3,2.53,20.7,-55.3,31.1,High Risk (Lithium Plating)
VW-MEB-2525,20.9,1.78,5.7,-49.0,53.9,High Risk (Lithium Plating)
VW-MEB-2526,-8.9,2.1,36.7,-131.3,26.1,High Risk (Lithium Plating)
VW-MEB-2527,34.7,1.06,44.2,-26.9,41.3,High Risk (Lithium Plating)
VW-MEB-2528,-6.4,1.28,37.0,-97.8,43.2,High Risk (Lithium Plating)
VW-MEB-2529,34.5,2.91,26.5,-64.2,24.1,High Risk (Lithium Plating)
VW-MEB-2530,11.1,2.97,10.2,-111.3,26.2,High Risk (Lithium Plating)
VW-MEB-2531,15.8,1.04,36.8,-59.2,51.3,High Risk (Lithium Plating)
VW-MEB-2532,-4.9,2.77,31.3,-141.1,21.9,High Risk (Lithium Plating)
VW-MEB-2533,24.2,3.1,41.0,-96.5,14.0,High Risk (Lithium Plating)
VW-MEB-2534,8.7,2.03,8.4,-89.3,46.4,High Risk (Lithium Plating)
VW-MEB-2535,18.1,2.94,30.3,-96.2,19.7,High Risk (Lithium Plating)
VW-MEB-2536,0.2,2.33,6.4,-100.0,40.3,High Risk (Lithium Plating)
VW-MEB-2537,20.9,2.17,28.3,-67.0,26.6,High Risk (Lithium Plating)
VW-MEB-2538,-4.0,1.25,12.6,-96.3,65.0,High Risk (Lithium Plating)
VW-MEB-2539,-4.3,0.9,20.7,-82.8,65.0,High Risk (Lithium Plating)
VW-MEB-2540,16.2,1.68,28.7,-70.8,39.8,High Risk (Lithium Plating)
VW-MEB-2541,19.1,2.05,31.1,-74.6,30.9,High Risk (Lithium Plating)
VW-MEB-2542,24.3,1.05,11.6,-24.4,65.0,High Risk (Lithium Plating)
VW-MEB-2543,31.4,2.23,37.6,-57.7,26.3,High Risk (Lithium Plating)
VW-MEB-2544,17.6,1.39,34.8,-64.9,38.2,High Risk (Lithium Plating)
VW-MEB-2545,-4.3,3.13,28.3,-159.2,20.5,High Risk (Lithium Plating)
VW-MEB-2546,0.6,3.0,26.1,-132.0,19.1,High Risk (Lithium Plating)
VW-MEB-2547,-0.4,0.98,9.7,-73.1,65.0,High Risk (Lithium Plating)
VW-MEB-2548,21.9,2.3,32.6,-79.9,23.5,High Risk (Lithium Plating)
VW-MEB-2549,17.1,2.43,8.9,-85.7,36.3,High Risk (Lithium Plating)
VW-MEB-2550,6.8,3.16,17.1,-116.4,24.4,High Risk (Lithium Plating)
VW-MEB-2551,-7.7,1.61,11.4,-107.3,53.8,High Risk (Lithium Plating)
VW-MEB-2552,9.9,1.02,14.2,-54.8,65.0,High Risk (Lithium Plating)
VW-MEB-2553,19.7,0.92,41.8,-47.8,50.6,High Risk (Lithium Plating)
VW-MEB-2554,14.4,2.84,29.2,-106.8,23.5,High Risk (Lithium Plating)
VW-MEB-2555,18.6,2.06,15.1,-69.8,40.7,High Risk (Lithium Plating)
VW-MEB-2556,24.5,3.12,30.9,-95.3,19.5,High Risk (Lithium Plating)
VW-MEB-2557,-7.5,0.96,24.0,-92.2,65.0,High Risk (Lithium Plating)
VW-MEB-2558,34.0,2.46,32.9,-59.9,23.5,High Risk (Lithium Plating)
VW-MEB-2559,19.5,1.68,33.8,-67.9,35.2,High Risk (Lithium Plating)
VW-MEB-2560,-4.1,2.75,12.4,-128.1,34.1,High Risk (Lithium Plating)
VW-MEB-2561,4.3,1.93,19.1,-97.2,39.3,High Risk (Lithium Plating)
VW-MEB-2562,-1.3,2.0,19.8,-104.9,38.3,High Risk (Lithium Plating)
VW-MEB-2563,-6.8,2.74,13.5,-137.9,28.6,High Risk (Lithium Plating)
VW-MEB-2564,-9.2,0.89,22.3,-85.5,65.0,High Risk (Lithium Plating)
VW-MEB-2565,-3.7,2.68,8.6,-122.4,35.4,High Risk (Lithium Plating)
VW-MEB-2566,18.9,3.13,19.0,-106.2,21.8,High Risk (Lithium Plating)
VW-MEB-2567,24.7,2.58,17.1,-76.9,27.4,High Risk (Lithium Plating)
VW-MEB-2568,20.0,1.42,17.1,-56.0,54.5,High Risk (Lithium Plating)
VW-MEB-2569,22.4,1.0,14.5,-30.2,65.0,High Risk (Lithium Plating)
VW-MEB-2570,8.4,3.04,9.6,-112.5,24.6,High Risk (Lithium Plating)
VW-MEB-2571,15.3,1.9,21.1,-86.3,40.3,High Risk (Lithium Plating)
VW-MEB-2572,7.0,1.55,14.2,-83.1,52.9,High Risk (Lithium Plating)
VW-MEB-2573,27.3,1.88,15.7,-40.2,43.7,High Risk (Lithium Plating)
VW-MEB-2574,14.0,2.78,31.7,-93.6,20.3,High Risk (Lithium Plating)
VW-MEB-2575,0.8,2.02,34.5,-106.3,27.1,High Risk (Lithium Plating)
VW-MEB-2576,-1.8,0.82,33.0,-84.2,65.0,High Risk (Lithium Plating)
VW-MEB-2577,-3.2,1.01,28.5,-80.3,64.3,High Risk (Lithium Plating)
VW-MEB-2578,17.5,2.17,43.3,-96.4,20.5,High Risk (Lithium Plating)
VW-MEB-2579,12.0,1.34,36.5,-65.9,41.2,High Risk (Lithium Plating)
VW-MEB-2580,8.5,1.19,17.2,-60.4,65.0,High Risk (Lithium Plating)
VW-MEB-2581,3.3,2.71,18.8,-114.8,30.4,High Risk (Lithium Plating)
VW-MEB-2582,14.9,2.63,16.6,-100.2,34.1,High Risk (Lithium Plating)
VW-MEB-2583,7.4,1.3,31.1,-66.5,45.5,High Risk (Lithium Plating)
VW-MEB-2584,33.9,2.22,22.9,-53.4,31.8,High Risk (Lithium Plating)
VW-MEB-2585,-6.1,1.63,34.9,-114.1,37.5,High Risk (Lithium Plating)
VW-MEB-2586,30.9,1.75,13.2,-34.7,46.7,High Risk (Lithium Plating)
VW-MEB-2587,23.6,1.41,37.2,-51.3,38.3,High Risk (Lithium Plating)
VW-MEB-2588,23.6,0.94,44.8,-44.5,46.3,High Risk (Lithium Plating)
VW-MEB-2589,30.3,2.19,20.8,-52.8,33.4,High Risk (Lithium Plating)
VW-MEB-2590,-3.9,1.02,25.5,-91.2,64.8,High Risk (Lithium Plating)
VW-MEB-2591,15.7,1.63,10.1,-67.3,56.5,High Risk (Lithium Plating)
VW-MEB-2592,34.8,0.86,19.7,-4.7,65.0,High Risk (Lithium Plating)
VW-MEB-2593,-9.5,1.2,24.3,-99.9,58.6,High Risk (Lithium Plating)
VW-MEB-2594,13.5,1.14,12.2,-52.4,65.0,High Risk (Lithium Plating)
VW-MEB-2595,11.9,3.15,19.2,-119.1,23.2,High Risk (Lithium Plating)
VW-MEB-2596,22.3,2.52,33.6,-85.1,21.5,High Risk (Lithium Plating)
VW-MEB-2597,9.4,1.54,30.1,-77.1,38.9,High Risk (Lithium Plating)
VW-MEB-2598,30.7,1.3,21.1,-27.7,52.8,High Risk (Lithium Plating)
VW-MEB-2599,19.4,1.31,5.5,-35.8,65.0,High Risk (Lithium Plating)
VW-MEB-2600,11.9,1.93,8.1,-78.9,47.3,High Risk (Lithium Plating)
VW-MEB-2601,20.6,1.89,14.4,-59.1,44.3,High Risk (Lithium Plating)
VW-MEB-2602,1.5,1.39,28.4,-84.0,47.4,High Risk (Lithium Plating)
VW-MEB-2603,14.6,1.6,26.3,-67.6,43.1,High Risk (Lithium Plating)
VW-MEB-2604,-1.5,3.17,12.3,-138.5,25.8,High Risk (Lithium Plating)
VW-MEB-2605,-1.4,1.98,41.1,-108.5,24.5,High Risk (Lithium Plating)
VW-MEB-2606,8.6,2.43,7.3,-95.4,38.0,High Risk (Lithium Plating)
VW-MEB-2607,30.9,2.98,7.4,-74.3,30.8,High Risk (Lithium Plating)
VW-MEB-2608,19.4,1.06,10.8,-36.9,65.0,High Risk (Lithium Plating)
VW-MEB-2609,13.6,1.28,30.2,-69.6,44.7,High Risk (Lithium Plating)
VW-MEB-2610,29.6,2.27,5.2,-53.2,42.9,High Risk (Lithium Plating)
VW-MEB-2611,-4.0,1.89,6.7,-101.7,51.2,High Risk (Lithium Plating)
VW-MEB-2612,19.8,2.97,35.1,-87.5,19.4,High Risk (Lithium Plating)
VW-MEB-2613,25.5,1.03,39.4,-37.8,52.2,High Risk (Lithium Plating)
VW-MEB-2614,31.3,1.41,43.2,-37.6,32.0,High Risk (Lithium Plating)
VW-MEB-2615,-9.1,0.86,40.5,-101.4,57.9,High Risk (Lithium Plating)
VW-MEB-2616,15.2,1.27,6.8,-50.6,65.0,High Risk (Lithium Plating)
VW-MEB-2617,5.5,1.43,29.7,-81.6,44.1,High Risk (Lithium Plating)
VW-MEB-2618,22.7,2.86,35.3,-95.7,20.3,High Risk (Lithium Plating)
VW-MEB-2619,16.4,0.9,43.0,-59.4,49.1,High Risk (Lithium Plating)
VW-MEB-2620,24.7,1.33,36.7,-49.4,42.6,High Risk (Lithium Plating)
VW-MEB-2621,19.1,2.8,39.5,-93.2,20.0,High Risk (Lithium Plating)
VW-MEB-2622,15.0,1.15,42.2,-66.5,42.0,High Risk (Lithium Plating)
VW-MEB-2623,21.9,2.84,26.3,-95.4,22.7,High Risk (Lithium Plating)
VW-MEB-2624,13.3,2.4,13.6,-92.2,35.6,High Risk (Lithium Plating)
VW-MEB-2625,12.8,1.66,17.9,-71.0,47.5,High Risk (Lithium Plating)
VW-MEB-2626,-4.2,1.33,26.4,-98.9,51.7,High Risk (Lithium Plating)
VW-MEB-2627,6.9,1.21,29.9,-69.1,54.1,High Risk (Lithium Plating)
VW-MEB-2628,24.8,1.08,17.9,-32.1,65.0,High Risk (Lithium Plating)
VW-MEB-2629,8.9,1.1,36.1,-63.3,48.0,High Risk (Lithium Plating)
VW-MEB-2630,28.4,0.83,11.0,-14.5,65.0,High Risk (Lithium Plating)
VW-MEB-2631,-7.8,1.84,16.0,-117.4,42.8,High Risk (Lithium Plating)
VW-MEB-2632,7.6,3.01,31.5,-119.1,21.4,High Risk (Lithium Plating)
VW-MEB-2633,-3.7,3.15,19.4,-143.3,21.3,High Risk (Lithium Plating)
VW-MEB-2634,15.1,1.71,30.8,-67.9,37.4,High Risk (Lithium Plating)
VW-MEB-2635,20.6,2.36,21.7,-74.6,29.2,High Risk (Lithium Plating)
VW-MEB-2636,33.4,2.78,22.1,-69.2,25.8,High Risk (Lithium Plating)
VW-MEB-2637,5.7,2.1,38.3,-107.6,25.4,High Risk (Lithium Plating)
VW-MEB-2638,-5.9,2.25,13.0,-118.7,32.8,High Risk (Lithium Plating)
VW-MEB-2639,7.7,2.89,28.8,-120.5,21.4,High Risk (Lithium Plating)
VW-MEB-2640,-0.6,1.56,34.3,-102.4,35.1,High Risk (Lithium Plating)
VW-MEB-2641,20.7,2.37,32.5,-80.9,22.0,High Risk (Lithium Plating)
VW-MEB-2642,21.7,2.96,36.1,-99.0,20.1,High Risk (Lithium Plating)
VW-MEB-2643,24.9,2.58,25.5,-75.4,26.9,High Risk (Lithium Plating)
VW-MEB-2644,30.7,1.5,18.7,-31.5,51.4,High Risk (Lithium Plating)
VW-MEB-2645,16.3,1.3,14.7,-52.9,65.0,High Risk (Lithium Plating)
VW-MEB-2646,18.0,2.84,8.1,-89.5,32.9,High Risk (Lithium Plating)
VW-MEB-2647,17.5,1.79,44.9,-59.1,23.6,High Risk (Lithium Plating)
VW-MEB-2648,28.1,1.85,20.1,-46.5,39.9,High Risk (Lithium Plating)
VW-MEB-2649,10.5,3.13,29.5,-120.9,19.6,High Risk (Lithium Plating)
VW-MEB-2650,30.8,1.34,17.9,-22.1,55.7,High Risk (Lithium Plating)
VW-MEB-2651,-6.2,1.49,35.2,-101.0,35.8,High Risk (Lithium Plating)
VW-MEB-2652,11.0,0.83,36.6,-58.2,65.0,High Risk (Lithium Plating)
VW-MEB-2653,13.7,2.36,8.3,-83.2,39.1,High Risk (Lithium Plating)
VW-MEB-2654,5.7,1.83,33.5,-97.6,34.8,High Risk (Lithium Plating)
VW-MEB-2655,-7.8,1.23,34.2,-98.5,47.4,High Risk (Lithium Plating)
VW-MEB-2656,16.3,2.09,39.3,-85.4,23.4,High Risk (Lithium Plating)
VW-MEB-2657,21.1,2.28,14.4,-73.0,34.2,High Risk (Lithium Plating)
VW-MEB-2658,18.7,1.34,41.5,-60.1,33.9,High Risk (Lithium Plating)
VW-MEB-2659,32.7,2.76,28.2,-76.4,24.4,High Risk (Lithium Plating)
VW-MEB-2660,13.6,0.98,11.7,-46.6,65.0,High Risk (Lithium Plating)
VW-MEB-2661,-3.5,1.48,22.2,-102.9,48.7,High Risk (Lithium Plating)
VW-MEB-2662,-6.5,1.78,22.3,-109.9,39.4,High Risk (Lithium Plating)
VW-MEB-2663,4.1,1.28,13.5,-78.6,65.0,High Risk (Lithium Plating)
VW-MEB-2664,25.6,1.53,10.1,-38.4,55.8,High Risk (Lithium Plating)
VW-MEB-2665,28.3,2.91,23.3,-87.7,27.2,High Risk (Lithium Plating)
VW-MEB-2666,18.4,1.14,41.9,-56.0,37.5,High Risk (Lithium Plating)
VW-MEB-2667,8.6,3.18,40.1,-130.1,16.6,High Risk (Lithium Plating)
VW-MEB-2668,27.5,2.5,38.3,-62.2,22.4,High Risk (Lithium Plating)
VW-MEB-2669,3.8,2.41,29.1,-113.8,26.6,High Risk (Lithium Plating)
VW-MEB-2670,29.1,0.97,7.2,-24.3,65.0,High Risk (Lithium Plating)
VW-MEB-2671,6.6,1.4,41.5,-85.4,35.7,High Risk (Lithium Plating)
VW-MEB-2672,16.2,2.03,37.6,-86.2,29.2,High Risk (Lithium Plating)
VW-MEB-2673,-5.5,1.95,33.5,-122.1,29.8,High Risk (Lithium Plating)
VW-MEB-2674,5.2,1.95,20.9,-88.4,40.2,High Risk (Lithium Plating)
VW-MEB-2675,10.5,3.14,24.3,-116.3,20.0,High Risk (Lithium Plating)
VW-MEB-2676,27.5,2.64,14.3,-71.2,32.1,High Risk (Lithium Plating)
VW-MEB-2677,-0.7,1.48,6.4,-86.2,63.1,High Risk (Lithium Plating)
VW-MEB-2678,21.0,1.6,26.0,-66.5,43.6,High Risk (Lithium Plating)
VW-MEB-2679,3.8,1.99,21.8,-92.5,38.8,High Risk (Lithium Plating)
VW-MEB-2680,26.1,1.8,14.5,-50.3,45.9,High Risk (Lithium Plating)
VW-MEB-2681,-3.2,2.51,18.2,-129.1,34.3,High Risk (Lithium Plating)
VW-MEB-2682,5.5,1.96,19.6,-90.7,41.7,High Risk (Lithium Plating)
VW-MEB-2683,3.1,1.19,32.9,-72.0,47.2,High Risk (Lithium Plating)
VW-MEB-2684,20.4,1.24,29.3,-57.3,53.6,High Risk (Lithium Plating)
VW-MEB-2685,3.3,2.82,17.9,-121.4,26.0,High Risk (Lithium Plating)
VW-MEB-2686,6.5,0.96,40.9,-70.1,47.9,High Risk (Lithium Plating)
VW-MEB-2687,14.2,2.44,12.4,-87.5,30.5,High Risk (Lithium Plating)
VW-MEB-2688,29.6,2.78,34.5,-81.7,20.8,High Risk (Lithium Plating)
VW-MEB-2689,12.8,1.14,7.6,-49.7,65.0,High Risk (Lithium Plating)
VW-MEB-2690,9.8,1.86,33.8,-79.3,31.2,High Risk (Lithium Plating)
VW-MEB-2691,23.4,1.0,30.2,-39.3,59.8,High Risk (Lithium Plating)
VW-MEB-2692,19.9,1.85,41.7,-76.3,27.4,High Risk (Lithium Plating)
VW-MEB-2693,9.6,2.96,13.9,-109.3,24.5,High Risk (Lithium Plating)
VW-MEB-2694,29.4,0.82,34.3,-27.7,65.0,High Risk (Lithium Plating)
VW-MEB-2695,33.2,2.16,17.4,-47.7,35.6,High Risk (Lithium Plating)
VW-MEB-2696,23.9,2.29,41.7,-77.1,23.2,High Risk (Lithium Plating)
VW-MEB-2697,11.2,1.99,13.2,-83.2,42.3,High Risk (Lithium Plating)
VW-MEB-2698,14.6,1.66,17.5,-68.8,44.1,High Risk (Lithium Plating)
VW-MEB-2699,2.0,2.43,28.5,-117.7,26.3,High Risk (Lithium Plating)
VW-MEB-2700,-2.3,1.44,38.6,-101.5,38.4,High Risk (Lithium Plating)
VW-MEB-2701,10.2,1.94,30.6,-79.7,33.9,High Risk (Lithium Plating)
VW-MEB-2702,4.4,2.86,28.5,-121.5,25.1,High Risk (Lithium Plating)
VW-MEB-2703,26.2,2.58,10.8,-66.3,33.4,High Risk (Lithium Plating)
VW-MEB-2704,29.9,2.27,27.1,-53.6,31.6,High Risk (Lithium Plating)
VW-MEB-2705,32.3,1.33,40.5,-36.0,34.4,High Risk (Lithium Plating)
VW-MEB-2706,-7.5,1.63,27.3,-104.2,41.1,High Risk (Lithium Plating)
VW-MEB-2707,16.2,1.1,6.3,-46.8,65.0,High Risk (Lithium Plating)
VW-MEB-2708,-4.5,1.54,16.0,-106.0,53.1,High Risk (Lithium Plating)
VW-MEB-2709,2.5,1.11,13.5,-73.4,65.0,High Risk (Lithium Plating)
VW-MEB-2710,-2.2,1.93,23.5,-112.3,31.9,High Risk (Lithium Plating)
VW-MEB-2711,-0.9,2.47,5.6,-105.6,37.6,High Risk (Lithium Plating)
VW-MEB-2712,22.5,2.0,15.7,-65.7,41.8,High Risk (Lithium Plating)
VW-MEB-2713,16.5,1.57,26.0,-57.0,45.1,High Risk (Lithium Plating)
VW-MEB-2714,29.5,2.53,27.1,-74.1,25.5,High Risk (Lithium Plating)
VW-MEB-2715,12.5,1.58,44.0,-78.9,25.7,High Risk (Lithium Plating)
VW-MEB-2716,-9.6,1.46,18.6,-108.3,50.4,High Risk (Lithium Plating)
VW-MEB-2717,5.3,1.28,5.2,-67.7,65.0,High Risk (Lithium Plating)
VW-MEB-2718,4.5,0.9,27.2,-67.1,65.0,High Risk (Lithium Plating)
VW-MEB-2719,32.5,1.13,9.0,-22.9,65.0,High Risk (Lithium Plating)
VW-MEB-2720,15.0,2.33,11.2,-85.1,36.8,High Risk (Lithium Plating)
VW-MEB-2721,27.5,1.38,32.3,-40.2,41.6,High Risk (Lithium Plating)
VW-MEB-2722,1.1,2.39,41.0,-121.0,21.3,High Risk (Lithium Plating)
VW-MEB-2723,8.8,1.01,6.1,-46.0,65.0,High Risk (Lithium Plating)
VW-MEB-2724,20.7,1.71,22.9,-61.2,39.8,High Risk (Lithium Plating)
VW-MEB-2725,24.4,2.78,11.5,-72.8,31.9,High Risk (Lithium Plating)
VW-MEB-2726,-3.7,2.05,32.5,-121.7,29.1,High Risk (Lithium Plating)
VW-MEB-2727,-6.3,1.68,18.9,-110.7,45.2,High Risk (Lithium Plating)
VW-MEB-2728,2.1,2.99,24.9,-139.8,24.9,High Risk (Lithium Plating)
VW-MEB-2729,15.3,1.62,19.2,-67.5,47.5,High Risk (Lithium Plating)
VW-MEB-2730,26.3,1.41,22.2,-42.9,51.4,High Risk (Lithium Plating)
VW-MEB-2731,-0.5,2.27,23.6,-109.6,28.7,High Risk (Lithium Plating)
VW-MEB-2732,34.6,1.83,39.5,-39.5,29.2,High Risk (Lithium Plating)
VW-MEB-2733,-9.4,1.23,31.3,-102.8,49.8,High Risk (Lithium Plating)
VW-MEB-2734,15.9,3.04,22.6,-106.6,25.5,High Risk (Lithium Plating)
VW-MEB-2735,32.4,2.32,20.4,-67.2,30.0,High Risk (Lithium Plating)
VW-MEB-2736,15.8,2.42,41.6,-102.7,19.6,High Risk (Lithium Plating)
VW-MEB-2737,14.2,2.83,7.9,-94.5,29.1,High Risk (Lithium Plating)
VW-MEB-2738,17.2,2.12,37.6,-80.1,22.5,High Risk (Lithium Plating)
VW-MEB-2739,8.9,1.03,28.8,-64.6,63.4,High Risk (Lithium Plating)
VW-MEB-2740,7.1,2.62,22.9,-104.0,27.9,High Risk (Lithium Plating)
VW-MEB-2741,21.5,2.59,43.1,-89.8,21.3,High Risk (Lithium Plating)
VW-MEB-2742,25.4,0.92,29.6,-25.9,65.0,High Risk (Lithium Plating)
VW-MEB-2743,-7.7,2.02,36.6,-123.6,25.8,High Risk (Lithium Plating)
VW-MEB-2744,15.6,2.36,6.4,-82.9,45.9,High Risk (Lithium Plating)
VW-MEB-2745,19.4,1.06,19.9,-45.7,65.0,High Risk (Lithium Plating)
VW-MEB-2746,23.9,3.01,30.8,-92.4,19.5,High Risk (Lithium Plating)
VW-MEB-2747,14.7,2.95,31.1,-108.7,19.9,High Risk (Lithium Plating)
VW-MEB-2748,28.1,2.01,31.1,-57.4,31.2,High Risk (Lithium Plating)
VW-MEB-2749,15.8,1.49,18.1,-66.6,53.2,High Risk (Lithium Plating)
VW-MEB-2750,-2.9,1.73,31.2,-101.9,33.6,High Risk (Lithium Plating)
VW-MEB-2751,19.8,2.07,5.6,-58.3,43.4,High Risk (Lithium Plating)
VW-MEB-2752,6.4,2.1,31.5,-106.6,29.6,High Risk (Lithium Plating)
VW-MEB-2753,31.1,1.24,41.8,-35.8,40.1,High Risk (Lithium Plating)
VW-MEB-2754,2.0,2.88,32.9,-130.0,21.5,High Risk (Lithium Plating)
VW-MEB-2755,13.0,1.44,27.6,-69.2,47.9,High Risk (Lithium Plating)
VW-MEB-2756,-9.6,1.79,32.7,-113.5,34.5,High Risk (Lithium Plating)
VW-MEB-2757,0.7,1.52,16.0,-87.8,52.2,High Risk (Lithium Plating)
VW-MEB-2758,34.4,2.68,17.8,-61.9,29.0,High Risk (Lithium Plating)
VW-MEB-2759,-8.0,2.1,22.6,-121.1,31.8,High Risk (Lithium Plating)
VW-MEB-2760,4.1,1.62,23.4,-90.7,39.6,High Risk (Lithium Plating)
VW-MEB-2761,21.8,1.22,31.2,-44.2,47.1,High Risk (Lithium Plating)
VW-MEB-2762,32.8,1.68,38.1,-48.5,29.2,High Risk (Lithium Plating)
VW-MEB-2763,16.0,0.82,7.4,-37.9,65.0,High Risk (Lithium Plating)
VW-MEB-2764,10.4,2.44,34.1,-104.9,21.8,High Risk (Lithium Plating)
VW-MEB-2765,15.3,1.38,6.3,-59.8,65.0,High Risk (Lithium Plating)
VW-MEB-2766,20.7,1.24,10.0,-46.3,65.0,High Risk (Lithium Plating)
VW-MEB-2767,1.5,2.32,43.1,-112.7,23.4,High Risk (Lithium Plating)
VW-MEB-2768,19.4,2.87,6.0,-79.2,33.6,High Risk (Lithium Plating)
VW-MEB-2769,14.7,2.6,16.9,-91.4,31.7,High Risk (Lithium Plating)
VW-MEB-2770,-1.4,1.55,44.7,-101.7,30.0,High Risk (Lithium Plating)
VW-MEB-2771,0.1,3.19,41.5,-152.2,16.2,High Risk (Lithium Plating)
VW-MEB-2772,8.1,1.91,35.8,-89.1,31.4,High Risk (Lithium Plating)
VW-MEB-2773,-6.0,2.88,40.8,-151.5,15.3,High Risk (Lithium Plating)
VW-MEB-2774,-5.7,2.36,21.1,-117.3,26.0,High Risk (Lithium Plating)
VW-MEB-2775,3.3,1.4,39.8,-90.7,35.3,High Risk (Lithium Plating)
VW-MEB-2776,21.1,1.13,44.1,-58.6,39.7,High Risk (Lithium Plating)
VW-MEB-2777,-5.1,2.66,12.9,-129.0,30.9,High Risk (Lithium Plating)
VW-MEB-2778,24.6,1.48,7.6,-43.3,60.8,High Risk (Lithium Plating)
VW-MEB-2779,12.8,2.48,31.9,-93.0,24.5,High Risk (Lithium Plating)
VW-MEB-2780,19.0,2.55,33.1,-91.2,20.6,High Risk (Lithium Plating)
VW-MEB-2781,-6.9,1.8,28.5,-111.4,35.6,High Risk (Lithium Plating)
VW-MEB-2782,2.0,2.68,36.3,-121.1,17.4,High Risk (Lithium Plating)
VW-MEB-2783,28.9,2.44,34.6,-69.5,18.6,High Risk (Lithium Plating)
VW-MEB-2784,-7.6,0.87,36.5,-94.5,61.0,High Risk (Lithium Plating)
VW-MEB-2785,18.7,1.16,17.4,-54.9,65.0,High Risk (Lithium Plating)
VW-MEB-2786,0.8,3.19,42.9,-143.9,17.3,High Risk (Lithium Plating)
VW-MEB-2787,33.0,2.43,12.7,-52.0,35.5,High Risk (Lithium Plating)
VW-MEB-2788,9.2,2.16,12.0,-90.9,39.9,High Risk (Lithium Plating)
VW-MEB-2789,-7.6,2.23,37.8,-133.3,23.3,High Risk (Lithium Plating)
VW-MEB-2790,8.9,1.96,22.5,-83.0,38.1,High Risk (Lithium Plating)
VW-MEB-2791,20.4,1.56,20.6,-48.6,47.5,High Risk (Lithium Plating)
VW-MEB-2792,7.8,1.65,43.2,-81.8,30.3,High Risk (Lithium Plating)
VW-MEB-2793,22.8,2.59,26.2,-73.5,23.1,High Risk (Lithium Plating)
VW-MEB-2794,-5.6,2.73,31.6,-141.6,22.1,High Risk (Lithium Plating)
VW-MEB-2795,15.5,1.14,17.6,-45.1,65.0,High Risk (Lithium Plating)
VW-MEB-2796,32.0,2.93,22.9,-74.8,25.2,High Risk (Lithium Plating)
VW-MEB-2797,4.4,2.71,32.4,-124.3,21.1,High Risk (Lithium Plating)
VW-MEB-2798,-2.2,2.61,22.4,-131.8,27.4,High Risk (Lithium Plating)
VW-MEB-2799,9.0,1.67,20.9,-82.3,43.9,High Risk (Lithium Plating)
VW-MEB-2800,14.9,1.61,37.7,-80.7,34.2,High Risk (Lithium Plating)
VW-MEB-2801,4.3,1.0,13.2,-64.9,65.0,High Risk (Lithium Plating)
VW-MEB-2802,3.1,3.04,26.0,-129.6,21.8,High Risk (Lithium Plating)
VW-MEB-2803,9.4,0.83,39.6,-62.9,61.5,High Risk (Lithium Plating)
VW-MEB-2804,25.9,2.04,7.6,-56.4,45.1,High Risk (Lithium Plating)
VW-MEB-2805,9.0,1.25,24.8,-68.1,53.0,High Risk (Lithium Plating)
VW-MEB-2806,-3.1,2.35,22.1,-115.8,29.8,High Risk (Lithium Plating)
VW-MEB-2807,29.2,2.68,44.1,-76.7,14.0,High Risk (Lithium Plating)
VW-MEB-2808,7.4,3.02,35.0,-127.7,19.6,High Risk (Lithium Plating)
VW-MEB-2809,8.6,3.05,7.0,-112.6,31.2,High Risk (Lithium Plating)
VW-MEB-2810,-9.0,2.67,32.7,-135.4,23.1,High Risk (Lithium Plating)
VW-MEB-2811,28.0,3.0,24.4,-86.9,22.9,High Risk (Lithium Plating)
VW-MEB-2812,29.3,1.09,11.1,-21.8,65.0,High Risk (Lithium Plating)
VW-MEB-2813,-0.9,2.07,39.9,-117.3,28.0,High Risk (Lithium Plating)
VW-MEB-2814,22.6,1.05,19.7,-39.2,65.0,High Risk (Lithium Plating)
VW-MEB-2815,24.4,2.58,31.9,-81.4,22.7,High Risk (Lithium Plating)
VW-MEB-2816,22.7,1.43,33.4,-60.4,41.0,High Risk (Lithium Plating)
VW-MEB-2817,15.7,1.13,23.1,-52.1,62.1,High Risk (Lithium Plating)
VW-MEB-2818,22.5,2.12,26.9,-73.7,34.0,High Risk (Lithium Plating)
VW-MEB-2819,8.5,2.54,12.7,-106.9,33.3,High Risk (Lithium Plating)
VW-MEB-2820,-7.4,2.68,42.3,-150.9,19.9,High Risk (Lithium Plating)
VW-MEB-2821,22.2,2.36,41.4,-83.1,21.0,High Risk (Lithium Plating)
VW-MEB-2822,7.6,1.87,16.1,-87.2,44.4,High Risk (Lithium Plating)
VW-MEB-2823,17.1,1.05,41.0,-56.4,46.8,High Risk (Lithium Plating)
VW-MEB-2824,24.1,1.85,9.0,-51.0,48.3,High Risk (Lithium Plating)
VW-MEB-2825,27.4,2.16,41.1,-66.2,21.6,High Risk (Lithium Plating)
VW-MEB-2826,1.2,2.79,40.4,-131.0,16.3,High Risk (Lithium Plating)
VW-MEB-2827,30.6,3.19,35.5,-88.5,14.9,High Risk (Lithium Plating)
VW-MEB-2828,4.7,1.75,32.6,-89.9,33.4,High Risk (Lithium Plating)
VW-MEB-2829,3.0,2.92,32.2,-129.2,21.7,High Risk (Lithium Plating)
VW-MEB-2830,16.0,1.8,22.4,-76.0,39.1,High Risk (Lithium Plating)
VW-MEB-2831,-1.3,2.74,38.8,-131.8,20.0,High Risk (Lithium Plating)
VW-MEB-2832,20.3,2.27,33.5,-80.1,23.6,High Risk (Lithium Plating)
VW-MEB-2833,-4.2,1.01,12.2,-80.2,65.0,High Risk (Lithium Plating)
VW-MEB-2834,-5.4,0.8,25.9,-83.5,65.0,High Risk (Lithium Plating)
VW-MEB-2835,23.4,1.74,39.4,-63.5,26.4,High Risk (Lithium Plating)
VW-MEB-2836,18.7,0.94,39.0,-44.2,55.3,High Risk (Lithium Plating)
VW-MEB-2837,13.8,0.95,9.1,-47.2,65.0,High Risk (Lithium Plating)
VW-MEB-2838,29.4,1.02,44.8,-31.2,44.8,High Risk (Lithium Plating)
VW-MEB-2839,-4.9,1.8,30.6,-106.4,30.9,High Risk (Lithium Plating)
VW-MEB-2840,14.5,1.72,11.5,-67.2,46.7,High Risk (Lithium Plating)
VW-MEB-2841,29.0,1.04,24.8,-23.0,63.8,High Risk (Lithium Plating)
VW-MEB-2842,13.2,2.54,24.3,-110.2,28.3,High Risk (Lithium Plating)
VW-MEB-2843,22.1,1.15,34.3,-50.7,50.4,High Risk (Lithium Plating)
VW-MEB-2844,7.3,1.05,22.8,-62.1,65.0,High Risk (Lithium Plating)
VW-MEB-2845,4.3,2.59,20.0,-105.0,27.5,High Risk (Lithium Plating)
VW-MEB-2846,6.9,2.7,22.2,-113.5,28.6,High Risk (Lithium Plating)
VW-MEB-2847,16.8,2.63,43.7,-98.8,16.5,High Risk (Lithium Plating)
VW-MEB-2848,8.3,2.39,17.7,-96.5,34.5,High Risk (Lithium Plating)
VW-MEB-2849,22.6,0.83,16.5,-37.2,65.0,High Risk (Lithium Plating)
VW-MEB-2850,31.9,2.21,10.0,-44.0,37.0,High Risk (Lithium Plating)
VW-MEB-2851,-0.2,2.84,31.1,-132.0,20.4,High Risk (Lithium Plating)
VW-MEB-2852,-8.9,2.84,18.7,-146.3,24.4,High Risk (Lithium Plating)
VW-MEB-2853,25.4,2.65,34.5,-82.4,20.3,High Risk (Lithium Plating)
VW-MEB-2854,-9.6,1.8,43.5,-120.6,25.1,High Risk (Lithium Plating)
VW-MEB-2855,30.3,3.01,30.8,-78.9,26.0,High Risk (Lithium Plating)
VW-MEB-2856,-1.4,2.67,15.8,-128.0,34.4,High Risk (Lithium Plating)
VW-MEB-2857,23.3,2.8,20.7,-82.9,26.5,High Risk (Lithium Plating)
VW-MEB-2858,9.0,2.3,36.5,-104.1,22.6,High Risk (Lithium Plating)
VW-MEB-2859,-4.2,1.11,30.2,-88.7,57.3,High Risk (Lithium Plating)
VW-MEB-2860,2.4,1.88,8.8,-94.9,50.6,High Risk (Lithium Plating)
VW-MEB-2861,32.1,2.83,22.2,-70.3,25.6,High Risk (Lithium Plating)
VW-MEB-2862,-9.4,2.84,22.1,-145.4,23.9,High Risk (Lithium Plating)
VW-MEB-2863,22.9,1.36,29.0,-45.0,46.5,High Risk (Lithium Plating)
VW-MEB-2864,-8.5,1.69,22.6,-111.9,45.1,High Risk (Lithium Plating)
VW-MEB-2865,-2.2,3.07,25.3,-151.8,20.7,High Risk (Lithium Plating)
VW-MEB-2866,1.0,2.74,14.1,-127.9,30.9,High Risk (Lithium Plating)
VW-MEB-2867,29.8,1.02,43.7,-34.1,44.7,High Risk (Lithium Plating)
VW-MEB-2868,7.3,1.06,19.5,-61.8,65.0,High Risk (Lithium Plating)
VW-MEB-2869,2.4,3.18,12.6,-122.2,24.5,High Risk (Lithium Plating)
VW-MEB-2870,23.8,1.69,8.8,-49.6,53.3,High Risk (Lithium Plating)
VW-MEB-2871,27.4,2.36,34.4,-76.0,22.0,High Risk (Lithium Plating)
VW-MEB-2872,15.1,2.82,21.2,-99.0,26.4,High Risk (Lithium Plating)
VW-MEB-2873,23.1,0.94,38.4,-36.4,58.1,High Risk (Lithium Plating)
VW-MEB-2874,24.8,3.09,7.0,-82.1,27.9,High Risk (Lithium Plating)
VW-MEB-2875,13.8,1.72,34.1,-77.8,29.4,High Risk (Lithium Plating)
VW-MEB-2876,11.6,1.26,32.9,-62.6,49.1,High Risk (Lithium Plating)
VW-MEB-2877,-7.8,1.92,30.7,-119.9,31.3,High Risk (Lithium Plating)
VW-MEB-2878,17.9,2.47,32.1,-99.6,24.4,High Risk (Lithium Plating)
VW-MEB-2879,25.2,3.06,16.7,-88.6,27.9,High Risk (Lithium Plating)
VW-MEB-2880,29.3,1.39,37.8,-37.2,36.1,High Risk (Lithium Plating)
VW-MEB-2881,26.1,1.28,39.2,-54.4,38.4,High Risk (Lithium Plating)
VW-MEB-2882,-2.6,2.41,12.6,-121.4,33.3,High Risk (Lithium Plating)
VW-MEB-2883,16.0,2.64,41.5,-100.9,16.5,High Risk (Lithium Plating)
VW-MEB-2884,28.1,2.58,12.5,-60.3,32.0,High Risk (Lithium Plating)
VW-MEB-2885,10.0,3.16,12.8,-119.8,27.4,High Risk (Lithium Plating)
VW-MEB-2886,-4.6,0.87,37.3,-90.3,65.0,High Risk (Lithium Plating)
VW-MEB-2887,20.2,2.58,18.5,-76.2,29.7,High Risk (Lithium Plating)
VW-MEB-2888,5.5,2.34,7.8,-95.9,37.1,High Risk (Lithium Plating)
VW-MEB-2889,8.9,2.88,5.0,-104.9,34.5,High Risk (Lithium Plating)
VW-MEB-2890,15.4,2.98,19.6,-104.8,25.1,High Risk (Lithium Plating)
VW-MEB-2891,5.5,2.12,9.8,-95.5,39.9,High Risk (Lithium Plating)
VW-MEB-2892,-3.7,1.78,20.0,-108.4,39.6,High Risk (Lithium Plating)
VW-MEB-2893,16.5,1.11,11.1,-51.2,65.0,High Risk (Lithium Plating)
VW-MEB-2894,30.8,2.43,13.4,-60.4,35.2,High Risk (Lithium Plating)
VW-MEB-2895,17.3,0.91,38.7,-47.8,55.6,High Risk (Lithium Plating)
VW-MEB-2896,32.8,1.81,38.4,-53.3,27.1,High Risk (Lithium Plating)
VW-MEB-2897,8.2,1.74,20.3,-83.5,44.4,High Risk (Lithium Plating)
VW-MEB-2898,32.1,2.48,21.5,-59.3,30.3,High Risk (Lithium Plating)
VW-MEB-2899,23.9,2.92,12.0,-78.0,29.5,High Risk (Lithium Plating)
VW-MEB-2900,32.6,2.51,23.9,-63.4,31.6,High Risk (Lithium Plating)
VW-MEB-2901,8.3,2.77,10.9,-108.9,29.8,High Risk (Lithium Plating)
VW-MEB-2902,31.7,2.79,13.7,-60.7,30.1,High Risk (Lithium Plating)
VW-MEB-2903,35.0,1.72,9.3,-24.6,47.4,High Risk (Lithium Plating)
VW-MEB-2904,10.1,1.89,36.6,-91.2,28.9,High Risk (Lithium Plating)
VW-MEB-2905,8.2,1.74,12.2,-78.9,50.9,High Risk (Lithium Plating)
VW-MEB-2906,-8.1,2.2,8.1,-123.1,38.9,High Risk (Lithium Plating)
VW-MEB-2907,13.7,1.35,17.9,-63.9,55.4,High Risk (Lithium Plating)
VW-MEB-2908,-7.7,0.88,18.4,-86.6,65.0,High Risk (Lithium Plating)
VW-MEB-2909,25.0,2.22,22.0,-64.8,31.3,High Risk (Lithium Plating)
VW-MEB-2910,-3.4,1.58,27.5,-102.3,42.9,High Risk (Lithium Plating)
VW-MEB-2911,-8.6,1.15,32.6,-103.9,51.1,High Risk (Lithium Plating)
VW-MEB-2912,1.0,1.42,39.0,-97.1,34.1,High Risk (Lithium Plating)
VW-MEB-2913,23.9,2.61,19.8,-74.8,32.7,High Risk (Lithium Plating)
VW-MEB-2914,12.3,2.71,31.8,-109.4,19.4,High Risk (Lithium Plating)
VW-MEB-2915,-5.8,2.04,34.8,-124.0,28.7,High Risk (Lithium Plating)
VW-MEB-2916,1.9,0.93,42.7,-82.2,46.7,High Risk (Lithium Plating)
VW-MEB-2917,-0.5,2.83,19.1,-126.4,26.3,High Risk (Lithium Plating)
VW-MEB-2918,-0.1,1.29,27.1,-89.4,51.0,High Risk (Lithium Plating)
VW-MEB-2919,20.2,3.19,5.5,-99.6,32.5,High Risk (Lithium Plating)
VW-MEB-2920,9.3,2.31,30.6,-104.9,27.8,High Risk (Lithium Plating)
VW-MEB-2921,3.7,1.84,8.3,-90.2,48.2,High Risk (Lithium Plating)
VW-MEB-2922,-5.1,3.14,8.6,-144.5,29.9,High Risk (Lithium Plating)
VW-MEB-2923,3.7,1.24,26.8,-80.5,49.5,High Risk (Lithium Plating)
VW-MEB-2924,13.9,3.13,8.5,-102.1,27.7,High Risk (Lithium Plating)
VW-MEB-2925,19.6,2.69,29.5,-97.6,25.1,High Risk (Lithium Plating)
VW-MEB-2926,30.9,1.13,35.5,-28.7,48.3,High Risk (Lithium Plating)
VW-MEB-2927,31.6,1.86,43.0,-52.6,22.5,High Risk (Lithium Plating)
VW-MEB-2928,27.6,1.77,8.9,-45.4,51.7,High Risk (Lithium Plating)
VW-MEB-2929,26.4,3.09,18.8,-87.7,25.6,High Risk (Lithium Plating)
VW-MEB-2930,17.0,0.84,21.5,-38.4,65.0,High Risk (Lithium Plating)
VW-MEB-2931,17.9,1.34,25.6,-51.4,50.7,High Risk (Lithium Plating)
VW-MEB-2932,34.0,3.1,36.4,-77.7,20.3,High Risk (Lithium Plating)
VW-MEB-2933,16.9,2.3,27.7,-80.8,30.3,High Risk (Lithium Plating)
VW-MEB-2934,20.5,1.05,9.0,-32.8,65.0,High Risk (Lithium Plating)
VW-MEB-2935,12.4,2.9,17.0,-107.8,26.3,High Risk (Lithium Plating)
VW-MEB-2936,4.8,1.06,22.6,-76.9,65.0,High Risk (Lithium Plating)
VW-MEB-2937,14.7,0.97,32.1,-49.3,61.6,High Risk (Lithium Plating)
VW-MEB-2938,10.7,2.13,40.4,-96.2,19.7,High Risk (Lithium Plating)
VW-MEB-2939,7.7,1.01,41.6,-76.3,49.4,High Risk (Lithium Plating)
VW-MEB-2940,20.9,2.99,18.6,-99.9,22.6,High Risk (Lithium Plating)
VW-MEB-2941,16.1,0.87,23.4,-43.6,65.0,High Risk (Lithium Plating)
VW-MEB-2942,-7.4,3.07,27.5,-150.2,21.4,High Risk (Lithium Plating)
VW-MEB-2943,27.8,2.1,12.9,-57.3,42.9,High Risk (Lithium Plating)
VW-MEB-2944,-8.8,0.88,27.6,-104.2,65.0,High Risk (Lithium Plating)
VW-MEB-2945,24.5,2.42,40.4,-84.0,20.0,High Risk (Lithium Plating)
VW-MEB-2946,-3.1,2.48,28.7,-129.4,23.7,High Risk (Lithium Plating)
VW-MEB-2947,26.2,2.63,6.1,-76.8,37.0,High Risk (Lithium Plating)
VW-MEB-2948,-5.6,2.72,5.7,-131.4,32.1,High Risk (Lithium Plating)
VW-MEB-2949,0.6,1.2,12.6,-79.9,65.0,High Risk (Lithium Plating)
VW-MEB-2950,24.0,1.81,33.1,-61.1,32.6,High Risk (Lithium Plating)
VW-MEB-2951,20.8,1.78,18.7,-59.1,44.0,High Risk (Lithium Plating)
VW-MEB-2952,-5.1,1.04,37.7,-86.6,47.7,High Risk (Lithium Plating)
VW-MEB-2953,5.3,2.08,31.5,-107.5,28.9,High Risk (Lithium Plating)
VW-MEB-2954,0.9,1.29,6.5,-78.9,65.0,High Risk (Lithium Plating)
VW-MEB-2955,-8.7,0.96,34.2,-95.6,57.9,High Risk (Lithium Plating)
VW-MEB-2956,0.9,0.93,25.1,-71.7,65.0,High Risk (Lithium Plating)
VW-MEB-2957,-8.9,1.34,21.9,-104.3,53.1,High Risk (Lithium Plating)
VW-MEB-2958,-1.2,1.78,32.7,-100.7,31.5,High Risk (Lithium Plating)
VW-MEB-2959,-5.0,2.64,35.5,-137.8,24.6,High Risk (Lithium Plating)
VW-MEB-2960,31.5,1.26,37.3,-26.9,42.2,High Risk (Lithium Plating)
VW-MEB-2961,31.3,2.88,39.5,-76.7,16.3,High Risk (Lithium Plating)
VW-MEB-2962,9.6,2.41,26.3,-101.4,29.8,High Risk (Lithium Plating)
VW-MEB-2963,-8.2,3.12,22.8,-148.7,24.5,High Risk (Lithium Plating)
VW-MEB-2964,7.1,1.1,31.6,-70.3,53.6,High Risk (Lithium Plating)
VW-MEB-2965,31.5,1.12,44.0,-34.0,41.2,High Risk (Lithium Plating)
VW-MEB-2966,33.1,2.18,39.0,-65.1,21.2,High Risk (Lithium Plating)
VW-MEB-2967,-9.4,1.74,25.5,-116.6,39.4,High Risk (Lithium Plating)
VW-MEB-2968,7.7,2.16,42.0,-109.7,27.7,High Risk (Lithium Plating)
VW-MEB-2969,-2.2,2.46,28.8,-121.4,27.9,High Risk (Lithium Plating)
VW-MEB-2970,4.0,3.05,34.8,-137.0,15.3,High Risk (Lithium Plating)
VW-MEB-2971,10.5,1.33,31.2,-78.3,41.5,High Risk (Lithium Plating)
VW-MEB-2972,6.0,3.19,28.0,-139.0,22.7,High Risk (Lithium Plating)
VW-MEB-2973,-8.3,1.54,36.2,-107.4,37.4,High Risk (Lithium Plating)
VW-MEB-2974,1.8,1.95,39.0,-108.4,23.7,High Risk (Lithium Plating)
VW-MEB-2975,6.4,1.27,35.8,-73.6,45.6,High Risk (Lithium Plating)
VW-MEB-2976,19.4,1.01,33.7,-46.2,52.4,High Risk (Lithium Plating)
VW-MEB-2977,0.8,1.75,5.3,-92.4,54.5,High Risk (Lithium Plating)
VW-MEB-2978,3.3,1.69,31.3,-85.9,36.7,High Risk (Lithium Plating)
VW-MEB-2979,-1.5,1.61,15.3,-101.5,53.1,High Risk (Lithium Plating)
VW-MEB-2980,9.0,2.02,25.5,-93.1,33.0,High Risk (Lithium Plating)
VW-MEB-2981,25.9,2.15,32.5,-62.2,24.4,High Risk (Lithium Plating)
VW-MEB-2982,-3.4,1.69,8.3,-98.4,58.1,High Risk (Lithium Plating)
VW-MEB-2983,-7.6,1.64,11.2,-110.0,50.4,High Risk (Lithium Plating)
VW-MEB-2984,9.9,1.06,32.6,-65.1,58.3,High Risk (Lithium Plating)
VW-MEB-2985,11.7,2.01,22.6,-82.7,37.8,High Risk (Lithium Plating)
VW-MEB-2986,5.9,2.64,28.4,-110.9,25.1,High Risk (Lithium Plating)
VW-MEB-2987,15.3,2.93,38.0,-112.7,19.6,High Risk (Lithium Plating)
VW-MEB-2988,-6.2,2.93,5.7,-120.7,33.6,High Risk (Lithium Plating)
VW-MEB-2989,21.3,1.56,14.2,-48.3,51.2,High Risk (Lithium Plating)
VW-MEB-2990,30.7,2.08,40.6,-63.5,25.3,High Risk (Lithium Plating)
VW-MEB-2991,-5.3,1.1,12.7,-94.2,65.0,High Risk (Lithium Plating)
VW-MEB-2992,-6.6,2.84,10.9,-133.4,30.2,High Risk (Lithium Plating)
VW-MEB-2993,26.0,1.29,17.9,-37.3,59.7,High Risk (Lithium Plating)
VW-MEB-2994,-5.9,3.15,44.8,-159.1,14.0,High Risk (Lithium Plating)
VW-MEB-2995,-2.2,1.88,35.4,-112.6,29.2,High Risk (Lithium Plating)
VW-MEB-2996,0.5,2.16,5.9,-99.8,43.4,High Risk (Lithium Plating)
VW-MEB-2997,-1.3,2.81,6.9,-122.5,30.8,High Risk (Lithium Plating)
VW-MEB-2998,15.0,2.49,11.5,-94.6,33.8,High Risk (Lithium Plating)
VW-MEB-2999,28.0,1.07,20.0,-21.5,65.0,High Risk (Lithium Plating)
VW-MEB-3000,13.5,1.29,32.4,-54.1,46.1,High Risk (Lithium Plating)
VW-MEB-3001,2.2,2.1,24.1,-108.3,34.5,High Risk (Lithium Plating)
VW-MEB-3002,22.9,0.97,39.3,-40.1,51.0,High Risk (Lithium Plating)
VW-MEB-3003,15.2,1.35,19.7,-60.4,51.6,High Risk (Lithium Plating)
VW-MEB-3004,16.2,3.08,31.3,-116.4,19.6,High Risk (Lithium Plating)
VW-MEB-3005,30.0,2.78,39.8,-75.2,17.4,High Risk (Lithium Plating)
VW-MEB-3006,2.5,0.99,17.3,-66.8,65.0,High Risk (Lithium Plating)
VW-MEB-3007,-8.1,2.57,18.0,-131.4,26.5,High Risk (Lithium Plating)
VW-MEB-3008,8.3,2.25,24.0,-97.7,31.6,High Risk (Lithium Plating)
VW-MEB-3009,3.7,2.51,39.8,-116.5,20.5,High Risk (Lithium Plating)
VW-MEB-3010,-9.9,0.8,20.0,-92.9,65.0,High Risk (Lithium Plating)
VW-MEB-3011,12.9,3.03,13.6,-112.2,22.8,High Risk (Lithium Plating)
VW-MEB-3012,2.4,1.79,15.7,-91.9,45.4,High Risk (Lithium Plating)
VW-MEB-3013,24.6,1.8,14.7,-58.5,46.0,High Risk (Lithium Plating)
VW-MEB-3014,2.8,2.74,21.4,-121.3,27.0,High Risk (Lithium Plating)
VW-MEB-3015,8.4,1.78,7.9,-76.9,52.2,High Risk (Lithium Plating)
VW-MEB-3016,-6.7,2.53,20.3,-131.6,29.0,High Risk (Lithium Plating)
VW-MEB-3017,1.4,1.1,18.9,-73.8,65.0,High Risk (Lithium Plating)
VW-MEB-3018,-6.6,1.92,16.4,-111.8,42.3,High Risk (Lithium Plating)
VW-MEB-3019,9.6,1.97,20.5,-86.9,35.5,High Risk (Lithium Plating)
VW-MEB-3020,15.6,1.67,13.9,-66.7,49.2,High Risk (Lithium Plating)
VW-MEB-3021,9.7,1.26,35.2,-67.4,43.7,High Risk (Lithium Plating)
VW-MEB-3022,22.3,3.04,27.9,-95.3,20.4,High Risk (Lithium Plating)
VW-MEB-3023,26.6,2.67,9.3,-70.9,32.4,High Risk (Lithium Plating)
VW-MEB-3024,12.1,2.61,12.2,-97.3,32.1,High Risk (Lithium Plating)
VW-MEB-3025,9.8,1.21,34.9,-69.6,47.9,High Risk (Lithium Plating)
VW-MEB-3026,3.0,1.08,42.5,-85.1,45.7,High Risk (Lithium Plating)
VW-MEB-3027,14.6,2.78,37.4,-101.3,18.3,High Risk (Lithium Plating)
VW-MEB-3028,3.5,1.74,22.2,-93.2,39.8,High Risk (Lithium Plating)
VW-MEB-3029,1.7,1.28,34.4,-74.5,45.7,High Risk (Lithium Plating)
VW-MEB-3030,24.8,2.14,21.5,-66.8,31.2,High Risk (Lithium Plating)
VW-MEB-3031,-3.4,1.44,13.6,-85.0,54.5,High Risk (Lithium Plating)
VW-MEB-3032,0.2,3.04,26.4,-135.1,26.2,High Risk (Lithium Plating)
VW-MEB-3033,28.0,0.92,26.5,-24.3,65.0,High Risk (Lithium Plating)
VW-MEB-3034,-0.4,1.52,21.9,-91.4,46.8,High Risk (Lithium Plating)
VW-MEB-3035,23.9,2.03,14.2,-52.5,40.5,High Risk (Lithium Plating)
VW-MEB-3036,27.4,0.95,7.0,-21.6,65.0,High Risk (Lithium Plating)
VW-MEB-3037,17.8,2.61,14.9,-85.6,32.6,High Risk (Lithium Plating)
VW-MEB-3038,26.6,1.52,31.9,-45.8,42.9,High Risk (Lithium Plating)
VW-MEB-3039,0.2,1.77,22.5,-99.3,39.6,High Risk (Lithium Plating)
VW-MEB-3040,10.4,2.47,40.9,-113.7,19.5,High Risk (Lithium Plating)
VW-MEB-3041,11.2,1.93,21.9,-84.4,36.9,High Risk (Lithium Plating)
VW-MEB-3042,10.4,0.94,34.0,-63.3,63.1,High Risk (Lithium Plating)
VW-MEB-3043,-0.1,1.86,12.9,-97.8,47.8,High Risk (Lithium Plating)
VW-MEB-3044,14.5,2.95,35.8,-118.8,21.3,High Risk (Lithium Plating)
VW-MEB-3045,16.1,1.24,40.7,-64.7,38.8,High Risk (Lithium Plating)
VW-MEB-3046,1.0,1.85,40.7,-109.7,24.6,High Risk (Lithium Plating)
VW-MEB-3047,-2.5,1.02,8.3,-78.7,65.0,High Risk (Lithium Plating)
VW-MEB-3048,30.7,2.49,30.5,-59.8,24.6,High Risk (Lithium Plating)
VW-MEB-3049,29.2,1.26,10.6,-28.6,65.0,High Risk (Lithium Plating)
VW-MEB-3050,16.1,2.08,10.6,-66.6,42.7,High Risk (Lithium Plating)
VW-MEB-3051,-4.3,2.57,24.1,-125.0,31.0,High Risk (Lithium Plating)
VW-MEB-3052,22.2,1.6,30.0,-60.1,37.3,High Risk (Lithium Plating)
VW-MEB-3053,2.5,2.52,21.6,-117.2,28.7,High Risk (Lithium Plating)
VW-MEB-3054,33.4,2.63,13.5,-53.4,33.7,High Risk (Lithium Plating)
VW-MEB-3055,12.5,2.61,18.6,-104.1,30.0,High Risk (Lithium Plating)
VW-MEB-3056,17.8,2.2,39.5,-86.8,25.9,High Risk (Lithium Plating)
VW-MEB-3057,6.2,2.49,21.2,-110.3,29.2,High Risk (Lithium Plating)
VW-MEB-3058,24.5,2.05,30.5,-58.3,27.9,High Risk (Lithium Plating)
VW-MEB-3059,22.4,2.56,11.3,-73.6,33.2,High Risk (Lithium Plating)
VW-MEB-3060,16.1,0.93,9.7,-47.8,65.0,High Risk (Lithium Plating)
VW-MEB-3061,1.4,1.12,8.0,-69.9,65.0,High Risk (Lithium Plating)
VW-MEB-3062,8.4,3.13,10.3,-120.7,32.9,High Risk (Lithium Plating)
VW-MEB-3063,17.6,3.07,5.1,-90.6,28.5,High Risk (Lithium Plating)
VW-MEB-3064,-5.8,1.33,35.4,-114.5,38.9,High Risk (Lithium Plating)
VW-MEB-3065,-3.6,2.88,34.3,-141.5,15.5,High Risk (Lithium Plating)
VW-MEB-3066,10.5,1.33,39.2,-76.9,38.7,High Risk (Lithium Plating)
VW-MEB-3067,6.5,1.46,45.0,-86.2,31.1,High Risk (Lithium Plating)
VW-MEB-3068,-1.0,1.02,43.2,-90.0,46.0,High Risk (Lithium Plating)
VW-MEB-3069,9.1,2.07,5.4,-79.7,43.9,High Risk (Lithium Plating)
VW-MEB-3070,9.6,1.84,12.1,-78.0,45.7,High Risk (Lithium Plating)
VW-MEB-3071,-5.6,1.27,16.2,-89.6,65.0,High Risk (Lithium Plating)
VW-MEB-3072,20.0,2.39,16.4,-74.5,31.0,High Risk (Lithium Plating)
VW-MEB-3073,13.5,2.79,33.2,-113.6,18.2,High Risk (Lithium Plating)
VW-MEB-3074,-2.4,0.81,16.0,-79.3,65.0,High Risk (Lithium Plating)
VW-MEB-3075,29.9,1.66,29.6,-40.9,41.9,High Risk (Lithium Plating)
VW-MEB-3076,-8.6,2.81,39.9,-146.8,15.5,High Risk (Lithium Plating)
VW-MEB-3077,15.4,2.78,8.7,-95.4,31.7,High Risk (Lithium Plating)
VW-MEB-3078,11.0,1.86,19.7,-82.3,39.1,High Risk (Lithium Plating)
VW-MEB-3079,24.5,2.04,38.0,-68.4,26.5,High Risk (Lithium Plating)
VW-MEB-3080,-5.5,1.06,18.6,-77.6,65.0,High Risk (Lithium Plating)
VW-MEB-3081,-7.4,2.99,31.4,-146.9,21.3,High Risk (Lithium Plating)
VW-MEB-3082,-9.9,2.15,22.2,-129.2,36.4,High Risk (Lithium Plating)
VW-MEB-3083,0.4,2.89,29.3,-127.2,24.6,High Risk (Lithium Plating)
VW-MEB-3084,17.0,0.81,16.7,-38.4,65.0,High Risk (Lithium Plating)
VW-MEB-3085,20.7,2.42,39.9,-85.1,15.9,High Risk (Lithium Plating)
VW-MEB-3086,-8.6,3.12,11.9,-147.5,25.1,High Risk (Lithium Plating)
VW-MEB-3087,-3.7,2.2,37.7,-121.2,21.9,High Risk (Lithium Plating)
VW-MEB-3088,-6.5,2.39,6.2,-126.7,38.3,High Risk (Lithium Plating)
VW-MEB-3089,-6.0,2.42,40.4,-136.7,19.6,High Risk (Lithium Plating)
VW-MEB-3090,-4.6,1.66,10.3,-100.0,51.5,High Risk (Lithium Plating)
VW-MEB-3091,7.0,2.8,25.5,-115.4,23.0,High Risk (Lithium Plating)
VW-MEB-3092,-7.2,2.45,41.9,-130.0,21.2,High Risk (Lithium Plating)
VW-MEB-3093,10.1,3.14,31.0,-122.7,19.4,High Risk (Lithium Plating)
VW-MEB-3094,6.7,1.31,29.8,-70.2,45.5,High Risk (Lithium Plating)
VW-MEB-3095,4.7,1.92,13.3,-87.2,44.0,High Risk (Lithium Plating)
VW-MEB-3096,-4.1,1.1,43.7,-89.4,40.0,High Risk (Lithium Plating)
VW-MEB-3097,15.2,2.19,43.1,-99.0,21.2,High Risk (Lithium Plating)
VW-MEB-3098,14.4,2.68,20.4,-94.1,26.7,High Risk (Lithium Plating)
VW-MEB-3099,24.0,2.57,19.7,-82.0,30.4,High Risk (Lithium Plating)
VW-MEB-3100,-5.9,1.45,13.0,-94.7,57.4,High Risk (Lithium Plating)
VW-MEB-3101,26.3,0.98,28.8,-33.3,65.0,High Risk (Lithium Plating)
VW-MEB-3102,10.5,2.86,12.6,-105.9,31.3,High Risk (Lithium Plating)
VW-MEB-3103,29.9,2.89,19.0,-78.5,27.0,High Risk (Lithium Plating)
VW-MEB-3104,18.8,2.55,9.4,-82.0,35.3,High Risk (Lithium Plating)
VW-MEB-3105,20.5,1.03,42.1,-53.5,47.0,High Risk (Lithium Plating)
VW-MEB-3106,5.0,3.06,28.8,-130.4,20.2,High Risk (Lithium Plating)
VW-MEB-3107,12.7,0.92,17.8,-47.5,65.0,High Risk (Lithium Plating)
VW-MEB-3108,19.0,0.94,11.7,-34.0,65.0,High Risk (Lithium Plating)
VW-MEB-3109,20.9,3.16,6.1,-89.4,29.6,High Risk (Lithium Plating)
VW-MEB-3110,28.8,2.38,29.8,-56.8,25.8,High Risk (Lithium Plating)
VW-MEB-3111,-2.8,1.49,26.7,-97.0,46.7,High Risk (Lithium Plating)
VW-MEB-3112,8.0,2.3,7.3,-92.5,38.5,High Risk (Lithium Plating)
VW-MEB-3113,30.1,1.14,33.1,-29.5,49.6,High Risk (Lithium Plating)
VW-MEB-3114,16.9,1.98,20.7,-68.8,36.1,High Risk (Lithium Plating)
VW-MEB-3115,-7.8,1.1,17.9,-90.8,65.0,High Risk (Lithium Plating)
VW-MEB-3116,28.3,2.88,18.6,-70.0,28.6,High Risk (Lithium Plating)
VW-MEB-3117,-2.6,0.96,10.4,-81.1,65.0,High Risk (Lithium Plating)
VW-MEB-3118,-8.6,0.88,21.0,-87.2,65.0,High Risk (Lithium Plating)
VW-MEB-3119,13.9,1.79,12.1,-70.7,47.8,High Risk (Lithium Plating)
VW-MEB-3120,25.7,1.91,25.1,-60.6,35.1,High Risk (Lithium Plating)
VW-MEB-3121,5.1,1.0,18.8,-72.2,65.0,High Risk (Lithium Plating)
VW-MEB-3122,14.8,1.54,10.4,-61.2,57.7,High Risk (Lithium Plating)
VW-MEB-3123,32.1,2.49,37.7,-73.3,21.5,High Risk (Lithium Plating)
VW-MEB-3124,19.4,1.76,14.5,-62.9,44.8,High Risk (Lithium Plating)
VW-MEB-3125,16.0,1.61,5.4,-56.9,56.6,High Risk (Lithium Plating)
VW-MEB-3126,16.7,2.82,23.0,-94.6,22.9,High Risk (Lithium Plating)
VW-MEB-3127,32.0,2.36,26.3,-59.5,32.2,High Risk (Lithium Plating)
VW-MEB-3128,33.9,0.83,38.4,-19.6,64.1,High Risk (Lithium Plating)
VW-MEB-3129,31.6,1.92,21.2,-41.0,38.2,High Risk (Lithium Plating)
VW-MEB-3130,15.7,1.87,42.1,-81.5,26.6,High Risk (Lithium Plating)
VW-MEB-3131,26.8,2.46,32.2,-71.2,22.9,High Risk (Lithium Plating)
VW-MEB-3132,14.3,2.01,12.2,-81.0,41.4,High Risk (Lithium Plating)
VW-MEB-3133,-7.1,1.37,31.5,-103.6,41.6,High Risk (Lithium Plating)
VW-MEB-3134,-1.7,2.43,6.2,-106.0,38.0,High Risk (Lithium Plating)
VW-MEB-3135,32.6,2.19,12.7,-52.1,37.8,High Risk (Lithium Plating)
VW-MEB-3136,21.1,2.28,31.3,-74.6,25.1,High Risk (Lithium Plating)
VW-MEB-3137,24.5,2.97,35.2,-94.2,17.9,High Risk (Lithium Plating)
VW-MEB-3138,30.1,1.89,9.5,-42.4,45.2,High Risk (Lithium Plating)
VW-MEB-3139,-6.4,0.93,15.7,-94.9,65.0,High Risk (Lithium Plating)
VW-MEB-3140,22.3,1.2,28.5,-44.7,54.4,High Risk (Lithium Plating)
VW-MEB-3141,5.2,1.81,22.9,-82.5,39.2,High Risk (Lithium Plating)
VW-MEB-3142,17.3,3.08,30.9,-102.5,20.6,High Risk (Lithium Plating)
VW-MEB-3143,1.3,2.46,44.7,-125.8,15.0,High Risk (Lithium Plating)
VW-MEB-3144,32.9,1.48,20.6,-43.4,48.6,High Risk (Lithium Plating)
VW-MEB-3145,-4.7,1.4,21.7,-93.2,53.3,High Risk (Lithium Plating)
VW-MEB-3146,5.4,2.98,34.0,-133.1,17.1,High Risk (Lithium Plating)
VW-MEB-3147,29.9,0.87,22.9,-24.8,65.0,High Risk (Lithium Plating)
VW-MEB-3148,18.6,1.8,12.6,-63.6,44.8,High Risk (Lithium Plating)
VW-MEB-3149,-8.2,1.46,34.1,-104.9,43.3,High Risk (Lithium Plating)
VW-MEB-3150,22.9,1.17,30.3,-42.3,52.9,High Risk (Lithium Plating)
VW-MEB-3151,1.2,0.86,16.6,-67.4,65.0,High Risk (Lithium Plating)
VW-MEB-3152,26.8,2.47,27.9,-66.2,29.7,High Risk (Lithium Plating)
VW-MEB-3153,-5.2,2.23,42.9,-132.5,20.6,High Risk (Lithium Plating)
VW-MEB-3154,20.1,2.46,32.7,-91.7,26.9,High Risk (Lithium Plating)
VW-MEB-3155,17.5,1.61,25.4,-58.3,43.7,High Risk (Lithium Plating)
VW-MEB-3156,19.7,0.97,9.5,-36.7,65.0,High Risk (Lithium Plating)
VW-MEB-3157,-2.3,2.46,27.8,-132.1,30.8,High Risk (Lithium Plating)
VW-MEB-3158,9.3,2.61,9.3,-95.7,31.7,High Risk (Lithium Plating)
VW-MEB-3159,11.6,1.77,15.2,-73.9,48.6,High Risk (Lithium Plating)
VW-MEB-3160,22.9,1.27,41.0,-57.1,39.4,High Risk (Lithium Plating)
VW-MEB-3161,-0.2,1.98,27.9,-111.0,34.4,High Risk (Lithium Plating)
VW-MEB-3162,33.7,2.58,8.4,-52.9,33.7,High Risk (Lithium Plating)
VW-MEB-3163,-7.1,1.67,41.5,-116.7,31.2,High Risk (Lithium Plating)
VW-MEB-3164,-7.4,2.1,23.1,-121.8,33.0,High Risk (Lithium Plating)
VW-MEB-3165,-3.7,0.94,17.8,-77.3,65.0,High Risk (Lithium Plating)
VW-MEB-3166,19.7,2.34,12.5,-76.2,39.3,High Risk (Lithium Plating)
VW-MEB-3167,24.7,2.0,14.2,-61.1,43.2,High Risk (Lithium Plating)
VW-MEB-3168,22.8,1.88,39.7,-63.2,30.0,High Risk (Lithium Plating)
VW-MEB-3169,-8.4,1.28,24.1,-96.4,53.5,High Risk (Lithium Plating)
VW-MEB-3170,6.3,1.75,22.8,-88.5,42.1,High Risk (Lithium Plating)
VW-MEB-3171,2.1,1.58,16.5,-78.0,48.2,High Risk (Lithium Plating)
VW-MEB-3172,32.6,1.78,25.7,-41.7,36.8,High Risk (Lithium Plating)
VW-MEB-3173,4.6,2.66,13.5,-116.0,32.0,High Risk (Lithium Plating)
VW-MEB-3174,1.8,3.2,22.0,-130.1,21.4,High Risk (Lithium Plating)
VW-MEB-3175,27.7,1.48,12.9,-35.4,57.0,High Risk (Lithium Plating)
VW-MEB-3176,4.7,1.01,39.7,-81.1,49.7,High Risk (Lithium Plating)
VW-MEB-3177,-3.7,2.11,27.4,-113.9,29.1,High Risk (Lithium Plating)
VW-MEB-3178,32.7,2.6,30.4,-63.3,23.5,High Risk (Lithium Plating)
VW-MEB-3179,8.2,0.93,42.2,-70.1,53.5,High Risk (Lithium Plating)
VW-MEB-3180,5.0,2.19,39.7,-119.2,19.1,High Risk (Lithium Plating)
VW-MEB-3181,17.5,1.57,32.1,-68.7,36.3,High Risk (Lithium Plating)
VW-MEB-3182,9.1,2.16,13.5,-83.3,38.8,High Risk (Lithium Plating)
VW-MEB-3183,-1.0,0.8,21.5,-70.6,65.0,High Risk (Lithium Plating)
VW-MEB-3184,14.2,2.4,14.8,-83.6,36.0,High Risk (Lithium Plating)
VW-MEB-3185,24.6,1.86,21.7,-47.7,42.0,High Risk (Lithium Plating)
VW-MEB-3186,28.4,2.65,40.2,-81.4,17.9,High Risk (Lithium Plating)
VW-MEB-3187,28.7,3.2,13.1,-91.2,28.9,High Risk (Lithium Plating)
VW-MEB-3188,13.9,2.97,41.9,-120.6,19.5,High Risk (Lithium Plating)
VW-MEB-3189,19.3,2.94,40.6,-105.7,18.3,High Risk (Lithium Plating)
VW-MEB-3190,28.5,1.23,24.4,-36.4,57.8,High Risk (Lithium Plating)
VW-MEB-3191,6.8,2.36,43.5,-109.4,15.8,High Risk (Lithium Plating)
VW-MEB-3192,20.4,0.83,19.7,-31.4,65.0,High Risk (Lithium Plating)
VW-MEB-3193,-4.4,1.82,12.7,-102.4,45.7,High Risk (Lithium Plating)
VW-MEB-3194,5.3,2.56,35.3,-112.6,17.2,High Risk (Lithium Plating)
VW-MEB-3195,5.1,1.87,19.7,-92.8,39.5,High Risk (Lithium Plating)
VW-MEB-3196,3.8,1.78,39.8,-97.5,28.3,High Risk (Lithium Plating)
VW-MEB-3197,-9.0,1.82,19.2,-112.0,39.9,High Risk (Lithium Plating)
VW-MEB-3198,1.8,1.7,32.5,-94.8,32.8,High Risk (Lithium Plating)
VW-MEB-3199,24.3,2.17,10.4,-57.0,38.2,High Risk (Lithium Plating)
VW-MEB-3200,18.0,1.88,15.1,-65.2,43.8,High Risk (Lithium Plating)
VW-MEB-3201,15.8,1.87,12.0,-69.7,43.8,High Risk (Lithium Plating)
VW-MEB-3202,3.8,2.12,19.4,-104.9,35.9,High Risk (Lithium Plating)
VW-MEB-3203,0.6,2.38,30.2,-122.7,24.7,High Risk (Lithium Plating)
VW-MEB-3204,33.0,1.87,25.9,-37.8,32.8,High Risk (Lithium Plating)
VW-MEB-3205,13.9,1.06,7.8,-47.5,65.0,High Risk (Lithium Plating)
VW-MEB-3206,-4.2,1.24,25.4,-102.5,54.1,High Risk (Lithium Plating)
VW-MEB-3207,-5.4,1.76,37.6,-109.0,28.9,High Risk (Lithium Plating)
VW-MEB-3208,34.5,2.48,20.8,-55.2,28.0,High Risk (Lithium Plating)
VW-MEB-3209,20.4,2.72,43.9,-98.6,14.6,High Risk (Lithium Plating)
VW-MEB-3210,29.3,2.32,39.6,-71.4,23.7,High Risk (Lithium Plating)
VW-MEB-3211,-4.9,1.91,26.3,-104.9,36.6,High Risk (Lithium Plating)
VW-MEB-3212,22.2,1.75,26.9,-60.6,39.0,High Risk (Lithium Plating)
VW-MEB-3213,12.3,0.95,33.3,-62.4,60.8,High Risk (Lithium Plating)
VW-MEB-3214,13.1,2.2,11.5,-83.7,39.1,High Risk (Lithium Plating)
VW-MEB-3215,17.3,2.4,15.5,-82.7,35.8,High Risk (Lithium Plating)
VW-MEB-3216,5.3,0.86,18.7,-64.7,65.0,High Risk (Lithium Plating)
VW-MEB-3217,25.5,3.08,30.2,-93.3,17.8,High Risk (Lithium Plating)
VW-MEB-3218,-0.9,1.41,34.5,-97.3,39.2,High Risk (Lithium Plating)
VW-MEB-3219,-5.2,1.1,28.8,-92.0,57.3,High Risk (Lithium Plating)
VW-MEB-3220,11.6,3.18,39.8,-125.9,19.1,High Risk (Lithium Plating)
VW-MEB-3221,10.5,2.44,25.0,-103.8,28.7,High Risk (Lithium Plating)
VW-MEB-3222,-1.1,1.63,17.2,-96.3,47.3,High Risk (Lithium Plating)
VW-MEB-3223,27.7,1.96,9.2,-48.4,45.2,High Risk (Lithium Plating)
VW-MEB-3224,3.0,2.68,42.9,-134.8,16.7,High Risk (Lithium Plating)
VW-MEB-3225,13.3,2.68,33.1,-104.9,21.6,High Risk (Lithium Plating)
VW-MEB-3226,12.8,1.84,31.5,-82.5,34.5,High Risk (Lithium Plating)
VW-MEB-3227,19.5,1.4,21.3,-60.8,50.2,High Risk (Lithium Plating)
VW-MEB-3228,5.5,1.9,25.8,-99.6,33.7,High Risk (Lithium Plating)
VW-MEB-3229,24.4,1.6,38.2,-60.9,27.7,High Risk (Lithium Plating)
VW-MEB-3230,1.4,1.29,5.0,-73.6,65.0,High Risk (Lithium Plating)
VW-MEB-3231,34.2,2.63,22.5,-56.7,26.6,High Risk (Lithium Plating)
VW-MEB-3232,31.6,2.79,17.5,-60.5,28.9,High Risk (Lithium Plating)
VW-MEB-3233,16.5,2.16,20.8,-79.8,33.0,High Risk (Lithium Plating)
VW-MEB-3234,7.3,2.5,6.0,-97.6,35.6,High Risk (Lithium Plating)
VW-MEB-3235,18.6,1.09,43.3,-58.3,42.8,High Risk (Lithium Plating)
VW-MEB-3236,2.2,3.11,39.1,-138.9,15.0,High Risk (Lithium Plating)
VW-MEB-3237,16.8,2.42,28.1,-88.1,24.6,High Risk (Lithium Plating)
VW-MEB-3238,24.8,3.13,5.1,-81.5,30.1,High Risk (Lithium Plating)
VW-MEB-3239,-5.0,1.81,15.3,-100.6,45.9,High Risk (Lithium Plating)
VW-MEB-3240,32.3,0.98,32.9,-22.6,61.3,High Risk (Lithium Plating)
VW-MEB-3241,31.5,1.53,6.1,-22.9,63.6,High Risk (Lithium Plating)
VW-MEB-3242,4.3,1.45,25.3,-76.7,46.9,High Risk (Lithium Plating)
VW-MEB-3243,-0.8,1.33,35.0,-95.5,40.8,High Risk (Lithium Plating)
VW-MEB-3244,8.8,1.26,31.8,-63.9,47.8,High Risk (Lithium Plating)
VW-MEB-3245,-6.3,2.41,27.1,-123.9,27.4,High Risk (Lithium Plating)
VW-MEB-3246,21.7,1.3,39.8,-50.8,39.4,High Risk (Lithium Plating)
VW-MEB-3247,-2.1,1.71,28.9,-101.9,38.0,High Risk (Lithium Plating)
VW-MEB-3248,11.7,1.83,40.0,-81.7,30.3,High Risk (Lithium Plating)
VW-MEB-3249,20.4,1.43,37.7,-58.8,34.3,High Risk (Lithium Plating)
VW-MEB-3250,0.8,1.13,40.0,-84.5,45.1,High Risk (Lithium Plating)
VW-MEB-3251,32.0,1.86,12.7,-46.7,48.0,High Risk (Lithium Plating)
VW-MEB-3252,26.6,2.02,22.1,-56.1,38.1,High Risk (Lithium Plating)
VW-MEB-3253,-7.6,2.63,39.4,-149.8,20.0,High Risk (Lithium Plating)
VW-MEB-3254,33.0,3.1,32.8,-75.2,16.9,High Risk (Lithium Plating)
VW-MEB-3255,11.7,1.57,40.7,-81.2,30.1,High Risk (Lithium Plating)
VW-MEB-3256,0.3,1.98,32.6,-108.6,33.9,High Risk (Lithium Plating)
VW-MEB-3257,3.1,2.39,8.3,-100.9,38.6,High Risk (Lithium Plating)
VW-MEB-3258,28.5,1.03,21.9,-24.7,65.0,High Risk (Lithium Plating)
VW-MEB-3259,-4.3,1.83,20.3,-106.1,41.0,High Risk (Lithium Plating)
VW-MEB-3260,14.9,2.36,16.3,-84.8,34.1,High Risk (Lithium Plating)
VW-MEB-3261,12.7,1.52,18.8,-66.9,52.1,High Risk (Lithium Plating)
VW-MEB-3262,31.0,2.6,19.6,-60.8,31.2,High Risk (Lithium Plating)
VW-MEB-3263,30.0,2.84,22.9,-79.8,21.0,High Risk (Lithium Plating)
VW-MEB-3264,0.2,2.54,22.5,-122.2,27.8,High Risk (Lithium Plating)
VW-MEB-3265,18.8,2.57,24.0,-90.6,26.5,High Risk (Lithium Plating)
VW-MEB-3266,-0.9,2.24,27.5,-106.1,28.7,High Risk (Lithium Plating)
VW-MEB-3267,3.5,2.58,24.2,-117.9,26.4,High Risk (Lithium Plating)
VW-MEB-3268,29.4,1.08,23.4,-29.7,64.1,High Risk (Lithium Plating)
VW-MEB-3269,26.5,2.0,15.0,-50.5,42.0,High Risk (Lithium Plating)
VW-MEB-3270,8.4,2.56,12.8,-108.5,35.0,High Risk (Lithium Plating)
VW-MEB-3271,23.6,1.4,43.8,-47.5,31.0,High Risk (Lithium Plating)
VW-MEB-3272,10.5,2.99,34.7,-123.1,15.4,High Risk (Lithium Plating)
VW-MEB-3273,21.3,1.13,29.8,-45.7,56.8,High Risk (Lithium Plating)
VW-MEB-3274,7.8,1.09,23.1,-69.6,65.0,High Risk (Lithium Plating)
VW-MEB-3275,3.6,2.6,16.8,-113.3,32.4,High Risk (Lithium Plating)
VW-MEB-3276,12.4,2.59,34.4,-108.8,20.9,High Risk (Lithium Plating)
VW-MEB-3277,-9.6,2.51,29.8,-143.4,25.1,High Risk (Lithium Plating)
VW-MEB-3278,23.0,2.38,23.6,-74.6,31.6,High Risk (Lithium Plating)
VW-MEB-3279,18.3,1.16,26.8,-51.3,57.7,High Risk (Lithium Plating)
VW-MEB-3280,24.1,1.51,37.6,-46.4,34.5,High Risk (Lithium Plating)
VW-MEB-3281,-6.5,2.28,40.1,-128.8,22.4,High Risk (Lithium Plating)
VW-MEB-3282,1.8,1.3,6.3,-89.9,65.0,High Risk (Lithium Plating)
VW-MEB-3283,11.4,1.52,8.2,-64.1,58.3,High Risk (Lithium Plating)
VW-MEB-3284,21.4,2.66,9.4,-81.8,34.1,High Risk (Lithium Plating)
VW-MEB-3285,-5.0,3.03,18.3,-148.4,27.3,High Risk (Lithium Plating)
VW-MEB-3286,9.3,1.35,35.2,-67.6,40.5,High Risk (Lithium Plating)
VW-MEB-3287,0.2,2.61,29.5,-125.5,22.9,High Risk (Lithium Plating)
VW-MEB-3288,15.3,2.5,22.2,-91.0,31.3,High Risk (Lithium Plating)
VW-MEB-3289,16.5,1.33,44.7,-65.8,31.9,High Risk (Lithium Plating)
VW-MEB-3290,20.7,0.99,37.2,-49.2,55.1,High Risk (Lithium Plating)
VW-MEB-3291,10.8,1.62,24.6,-80.6,40.0,High Risk (Lithium Plating)
VW-MEB-3292,31.9,1.81,5.0,-38.4,48.4,High Risk (Lithium Plating)
VW-MEB-3293,17.4,2.96,21.4,-95.1,26.4,High Risk (Lithium Plating)
VW-MEB-3294,-1.2,2.07,32.9,-110.2,23.5,High Risk (Lithium Plating)
VW-MEB-3295,18.7,1.77,43.6,-67.0,25.7,High Risk (Lithium Plating)
VW-MEB-3296,5.8,2.03,23.7,-97.3,35.7,High Risk (Lithium Plating)
VW-MEB-3297,1.4,2.49,21.9,-113.8,28.7,High Risk (Lithium Plating)
VW-MEB-3298,31.2,0.85,40.5,-20.6,58.0,High Risk (Lithium Plating)
VW-MEB-3299,12.5,1.74,29.4,-70.2,35.3,High Risk (Lithium Plating)
VW-MEB-3300,33.0,0.91,19.3,-15.7,65.0,High Risk (Lithium Plating)
VW-MEB-3301,-2.8,2.63,5.0,-114.3,38.8,High Risk (Lithium Plating)
VW-MEB-3302,10.4,1.45,30.3,-74.2,49.0,High Risk (Lithium Plating)
VW-MEB-3303,2.4,2.79,17.6,-120.5,27.3,High Risk (Lithium Plating)
VW-MEB-3304,14.1,1.31,27.4,-62.3,49.9,High Risk (Lithium Plating)
VW-MEB-3305,11.9,1.12,19.9,-56.3,65.0,High Risk (Lithium Plating)
VW-MEB-3306,5.7,2.57,12.7,-104.6,33.2,High Risk (Lithium Plating)
VW-MEB-3307,-7.8,1.43,28.7,-106.4,44.3,High Risk (Lithium Plating)
VW-MEB-3308,29.9,1.87,21.8,-41.3,39.5,High Risk (Lithium Plating)
VW-MEB-3309,34.5,2.74,5.7,-59.1,30.2,High Risk (Lithium Plating)
VW-MEB-3310,-5.7,2.21,8.1,-120.0,41.9,High Risk (Lithium Plating)
VW-MEB-3311,6.7,3.12,6.0,-115.5,28.7,High Risk (Lithium Plating)
VW-MEB-3312,-1.7,1.1,34.6,-95.8,54.0,High Risk (Lithium Plating)
VW-MEB-3313,17.5,2.54,36.6,-97.3,21.4,High Risk (Lithium Plating)
VW-MEB-3314,31.1,1.32,28.6,-30.2,49.2,High Risk (Lithium Plating)
VW-MEB-3315,25.0,1.34,36.2,-47.2,37.1,High Risk (Lithium Plating)
VW-MEB-3316,21.7,2.7,7.5,-73.7,32.8,High Risk (Lithium Plating)
VW-MEB-3317,17.3,1.53,15.4,-70.8,51.1,High Risk (Lithium Plating)
VW-MEB-3318,24.5,0.98,14.9,-40.0,65.0,High Risk (Lithium Plating)
VW-MEB-3319,30.7,2.12,26.7,-54.6,33.9,High Risk (Lithium Plating)
VW-MEB-3320,31.4,2.03,44.6,-57.0,18.2,High Risk (Lithium Plating)
VW-MEB-3321,9.8,2.66,33.0,-105.5,25.7,High Risk (Lithium Plating)
VW-MEB-3322,23.9,2.43,28.3,-72.2,29.0,High Risk (Lithium Plating)
VW-MEB-3323,-9.3,1.49,31.6,-103.4,39.5,High Risk (Lithium Plating)
VW-MEB-3324,17.2,1.17,44.3,-64.0,42.9,High Risk (Lithium Plating)
VW-MEB-3325,21.7,2.37,15.5,-74.6,36.9,High Risk (Lithium Plating)
VW-MEB-3326,32.3,1.23,27.7,-22.9,56.2,High Risk (Lithium Plating)
VW-MEB-3327,-9.2,2.57,22.2,-134.4,27.4,High Risk (Lithium Plating)
VW-MEB-3328,-6.7,2.4,7.4,-126.4,38.4,High Risk (Lithium Plating)
VW-MEB-3329,5.5,1.09,40.7,-71.5,43.8,High Risk (Lithium Plating)
VW-MEB-3330,-7.7,1.87,17.9,-114.3,38.4,High Risk (Lithium Plating)
VW-MEB-3331,15.5,2.28,28.6,-86.6,30.8,High Risk (Lithium Plating)
VW-MEB-3332,17.6,2.25,32.4,-84.5,26.1,High Risk (Lithium Plating)
VW-MEB-3333,1.4,1.91,16.6,-97.3,40.9,High Risk (Lithium Plating)
VW-MEB-3334,32.8,1.5,5.9,-22.2,64.3,High Risk (Lithium Plating)
VW-MEB-3335,25.4,1.52,10.6,-34.6,56.9,High Risk (Lithium Plating)
VW-MEB-3336,28.3,1.38,36.3,-47.8,41.8,High Risk (Lithium Plating)
VW-MEB-3337,3.2,2.9,33.6,-125.0,21.4,High Risk (Lithium Plating)
VW-MEB-3338,-2.3,2.39,37.0,-127.7,23.9,High Risk (Lithium Plating)
VW-MEB-3339,-0.2,1.13,23.1,-79.6,62.3,High Risk (Lithium Plating)
VW-MEB-3340,6.6,1.82,19.7,-78.6,37.7,High Risk (Lithium Plating)
VW-MEB-3341,15.3,1.54,38.3,-63.9,33.9,High Risk (Lithium Plating)
VW-MEB-3342,22.4,1.58,31.5,-47.5,38.9,High Risk (Lithium Plating)
VW-MEB-3343,20.2,1.87,27.9,-70.9,36.3,High Risk (Lithium Plating)
VW-MEB-3344,0.3,3.09,21.0,-145.2,24.7,High Risk (Lithium Plating)
VW-MEB-3345,-7.5,2.64,36.3,-148.5,21.6,High Risk (Lithium Plating)
VW-MEB-3346,11.6,2.73,18.7,-104.7,30.9,High Risk (Lithium Plating)
VW-MEB-3347,20.7,1.15,22.7,-46.8,61.8,High Risk (Lithium Plating)
VW-MEB-3348,25.0,1.82,38.4,-60.1,28.2,High Risk (Lithium Plating)
VW-MEB-3349,11.3,2.37,19.3,-90.3,28.2,High Risk (Lithium Plating)
VW-MEB-3350,8.7,1.6,38.6,-93.9,31.9,High Risk (Lithium Plating)
VW-MEB-3351,23.6,1.28,12.1,-30.1,64.1,High Risk (Lithium Plating)
VW-MEB-3352,23.3,1.32,21.0,-38.8,52.9,High Risk (Lithium Plating)
VW-MEB-3353,18.0,1.52,34.0,-66.4,38.6,High Risk (Lithium Plating)
VW-MEB-3354,22.9,1.32,41.6,-46.6,37.3,High Risk (Lithium Plating)
VW-MEB-3355,2.9,2.47,6.4,-104.3,40.1,High Risk (Lithium Plating)
VW-MEB-3356,34.1,1.7,16.6,-38.9,49.0,High Risk (Lithium Plating)
VW-MEB-3357,22.6,1.9,37.2,-67.2,27.6,High Risk (Lithium Plating)
VW-MEB-3358,20.5,1.89,28.6,-68.9,37.8,High Risk (Lithium Plating)
VW-MEB-3359,-4.7,0.87,40.7,-84.7,58.9,High Risk (Lithium Plating)
VW-MEB-3360,8.4,2.02,7.4,-81.7,45.7,High Risk (Lithium Plating)
VW-MEB-3361,0.3,2.04,18.8,-100.8,40.5,High Risk (Lithium Plating)
VW-MEB-3362,25.3,1.93,11.5,-56.8,44.6,High Risk (Lithium Plating)
VW-MEB-3363,16.2,1.51,37.2,-66.4,37.1,High Risk (Lithium Plating)
VW-MEB-3364,15.4,1.4,13.6,-56.9,57.4,High Risk (Lithium Plating)
VW-MEB-3365,0.7,1.96,26.6,-100.6,34.7,High Risk (Lithium Plating)
VW-MEB-3366,3.2,1.52,39.3,-91.0,36.2,High Risk (Lithium Plating)
VW-MEB-3367,25.4,1.24,24.3,-39.2,53.1,High Risk (Lithium Plating)
VW-MEB-3368,-2.6,1.55,9.8,-87.4,56.5,High Risk (Lithium Plating)
VW-MEB-3369,31.3,1.86,7.7,-29.7,52.3,High Risk (Lithium Plating)
VW-MEB-3370,-2.2,2.23,6.2,-109.5,41.4,High Risk (Lithium Plating)
VW-MEB-3371,22.6,1.39,29.5,-46.1,44.8,High Risk (Lithium Plating)
VW-MEB-3372,23.5,1.25,31.1,-48.7,47.1,High Risk (Lithium Plating)
VW-MEB-3373,14.5,2.81,42.5,-104.2,16.6,High Risk (Lithium Plating)
VW-MEB-3374,30.5,2.62,12.7,-70.7,30.0,High Risk (Lithium Plating)
VW-MEB-3375,-3.4,2.44,39.8,-129.9,19.2,High Risk (Lithium Plating)
VW-MEB-3376,23.3,1.78,43.8,-72.6,26.0,High Risk (Lithium Plating)
VW-MEB-3377,32.5,1.46,28.7,-34.2,44.0,High Risk (Lithium Plating)
VW-MEB-3378,20.4,3.13,20.2,-102.4,23.7,High Risk (Lithium Plating)
VW-MEB-3379,34.1,0.83,40.4,-24.2,57.0,High Risk (Lithium Plating)
VW-MEB-3380,23.0,1.2,13.4,-35.1,65.0,High Risk (Lithium Plating)
VW-MEB-3381,5.2,0.97,25.7,-63.1,65.0,High Risk (Lithium Plating)
VW-MEB-3382,32.9,2.08,8.5,-40.2,43.0,High Risk (Lithium Plating)
VW-MEB-3383,-2.6,1.31,7.2,-80.6,65.0,High Risk (Lithium Plating)
VW-MEB-3384,4.9,3.04,29.4,-133.4,21.5,High Risk (Lithium Plating)
VW-MEB-3385,19.5,0.85,43.9,-46.9,55.1,High Risk (Lithium Plating)
VW-MEB-3386,25.9,1.07,19.6,-28.4,65.0,High Risk (Lithium Plating)
VW-MEB-3387,20.9,2.97,12.8,-82.3,27.3,High Risk (Lithium Plating)
VW-MEB-3388,10.6,1.73,36.8,-83.0,30.5,High Risk (Lithium Plating)
VW-MEB-3389,5.5,2.52,17.9,-106.2,33.3,High Risk (Lithium Plating)
VW-MEB-3390,21.0,2.77,38.0,-90.3,20.5,High Risk (Lithium Plating)
VW-MEB-3391,11.2,1.14,38.6,-65.9,48.3,High Risk (Lithium Plating)
VW-MEB-3392,-7.8,2.26,38.8,-137.3,22.7,High Risk (Lithium Plating)
VW-MEB-3393,4.9,1.77,38.9,-88.6,30.0,High Risk (Lithium Plating)
VW-MEB-3394,31.4,2.49,6.4,-58.5,35.4,High Risk (Lithium Plating)
VW-MEB-3395,21.4,2.83,39.0,-101.2,18.9,High Risk (Lithium Plating)
VW-MEB-3396,27.7,0.86,16.3,-17.5,65.0,High Risk (Lithium Plating)
VW-MEB-3397,-4.7,2.92,33.3,-142.4,21.6,High Risk (Lithium Plating)
VW-MEB-3398,3.7,2.63,18.3,-116.7,28.9,High Risk (Lithium Plating)
VW-MEB-3399,14.8,3.15,11.8,-106.7,24.6,High Risk (Lithium Plating)
VW-MEB-3400,-1.7,1.68,20.5,-90.2,43.5,High Risk (Lithium Plating)
VW-MEB-3401,-7.7,1.04,19.3,-94.4,65.0,High Risk (Lithium Plating)
VW-MEB-3402,17.2,2.9,38.1,-105.8,16.4,High Risk (Lithium Plating)
VW-MEB-3403,28.6,2.38,27.9,-61.9,25.1,High Risk (Lithium Plating)
VW-MEB-3404,-3.6,1.5,7.9,-87.4,60.1,High Risk (Lithium Plating)
VW-MEB-3405,18.1,1.27,33.3,-58.6,47.4,High Risk (Lithium Plating)
VW-MEB-3406,29.7,1.48,34.1,-41.1,40.4,High Risk (Lithium Plating)
VW-MEB-3407,-0.4,2.86,28.3,-134.8,19.5,High Risk (Lithium Plating)
VW-MEB-3408,23.6,2.85,30.9,-102.0,20.2,High Risk (Lithium Plating)
VW-MEB-3409,7.0,1.72,37.4,-91.0,30.8,High Risk (Lithium Plating)
VW-MEB-3410,17.2,1.98,5.7,-73.3,44.4,High Risk (Lithium Plating)
VW-MEB-3411,10.9,3.09,11.2,-118.8,28.9,High Risk (Lithium Plating)
VW-MEB-3412,15.7,1.8,11.2,-69.4,48.6,High Risk (Lithium Plating)
VW-MEB-3413,12.8,2.55,25.1,-92.7,24.4,High Risk (Lithium Plating)
VW-MEB-3414,-2.8,2.46,6.4,-113.0,34.2,High Risk (Lithium Plating)
VW-MEB-3415,13.2,2.96,12.1,-105.0,27.5,High Risk (Lithium Plating)
VW-MEB-3416,-0.3,0.9,19.5,-79.2,65.0,High Risk (Lithium Plating)
VW-MEB-3417,10.2,1.54,34.3,-83.9,35.4,High Risk (Lithium Plating)
VW-MEB-3418,25.6,1.94,23.5,-62.5,36.5,High Risk (Lithium Plating)
VW-MEB-3419,-8.2,1.45,15.8,-103.0,55.3,High Risk (Lithium Plating)
VW-MEB-3420,19.4,1.32,34.8,-51.3,42.8,High Risk (Lithium Plating)
VW-MEB-3421,7.2,1.78,39.8,-93.0,25.5,High Risk (Lithium Plating)
VW-MEB-3422,5.1,2.45,9.2,-99.7,35.7,High Risk (Lithium Plating)
VW-MEB-3423,21.5,1.35,23.0,-47.6,51.2,High Risk (Lithium Plating)
VW-MEB-3424,-9.9,2.07,39.1,-138.0,22.7,High Risk (Lithium Plating)
VW-MEB-3425,-8.5,1.02,15.0,-89.8,65.0,High Risk (Lithium Plating)
VW-MEB-3426,33.3,1.45,21.4,-27.4,50.6,High Risk (Lithium Plating)
VW-MEB-3427,20.9,1.12,18.8,-42.3,65.0,High Risk (Lithium Plating)
VW-MEB-3428,-4.8,2.81,40.8,-143.2,16.3,High Risk (Lithium Plating)
VW-MEB-3429,-10.0,1.3,6.0,-94.4,65.0,High Risk (Lithium Plating)
VW-MEB-3430,20.7,3.18,38.9,-106.8,18.0,High Risk (Lithium Plating)
VW-MEB-3431,28.3,3.01,26.0,-83.9,25.8,High Risk (Lithium Plating)
VW-MEB-3432,13.2,1.3,18.2,-58.8,58.4,High Risk (Lithium Plating)
VW-MEB-3433,-9.6,2.82,5.5,-124.6,36.4,High Risk (Lithium Plating)
VW-MEB-3434,6.4,1.84,40.0,-90.0,28.4,High Risk (Lithium Plating)
VW-MEB-3435,-2.8,2.68,19.5,-131.8,29.8,High Risk (Lithium Plating)
VW-MEB-3436,6.9,1.58,29.8,-81.6,44.2,High Risk (Lithium Plating)
VW-MEB-3437,-9.2,2.98,35.0,-154.0,22.6,High Risk (Lithium Plating)
VW-MEB-3438,29.0,2.97,11.2,-77.8,29.0,High Risk (Lithium Plating)
VW-MEB-3439,10.0,1.61,38.4,-73.3,31.7,High Risk (Lithium Plating)
VW-MEB-3440,31.5,2.47,11.9,-56.1,29.4,High Risk (Lithium Plating)
VW-MEB-3441,1.5,2.47,37.8,-127.1,25.1,High Risk (Lithium Plating)
VW-MEB-3442,18.5,2.23,22.1,-77.5,33.4,High Risk (Lithium Plating)
VW-MEB-3443,-1.8,1.36,8.1,-83.8,65.0,High Risk (Lithium Plating)
VW-MEB-3444,-7.0,2.92,39.1,-155.0,14.6,High Risk (Lithium Plating)
VW-MEB-3445,5.6,2.3,12.2,-102.7,38.0,High Risk (Lithium Plating)
VW-MEB-3446,12.0,2.56,34.4,-97.2,23.9,High Risk (Lithium Plating)
VW-MEB-3447,12.1,2.85,13.6,-102.7,26.7,High Risk (Lithium Plating)
VW-MEB-3448,32.9,2.93,14.1,-70.9,25.9,High Risk (Lithium Plating)
VW-MEB-3449,10.8,3.02,31.3,-116.2,19.3,High Risk (Lithium Plating)
VW-MEB-3450,8.9,3.08,15.4,-120.5,29.8,High Risk (Lithium Plating)
VW-MEB-3451,24.9,2.59,22.1,-73.1,29.2,High Risk (Lithium Plating)
VW-MEB-3452,3.5,2.7,39.3,-118.7,17.2,High Risk (Lithium Plating)
VW-MEB-3453,-4.0,1.99,28.1,-115.8,32.2,High Risk (Lithium Plating)
VW-MEB-3454,-9.2,0.94,6.3,-76.8,65.0,High Risk (Lithium Plating)
VW-MEB-3455,-6.0,1.77,34.0,-122.0,35.6,High Risk (Lithium Plating)
VW-MEB-3456,-2.8,2.56,38.5,-125.9,21.8,High Risk (Lithium Plating)
VW-MEB-3457,-4.3,1.65,15.7,-97.4,50.9,High Risk (Lithium Plating)
VW-MEB-3458,6.4,1.09,31.9,-60.5,56.9,High Risk (Lithium Plating)
VW-MEB-3459,4.6,3.01,31.2,-121.2,19.2,High Risk (Lithium Plating)
VW-MEB-3460,-5.4,2.56,18.4,-122.5,29.4,High Risk (Lithium Plating)
VW-MEB-3461,15.5,2.08,35.6,-83.6,28.3,High Risk (Lithium Plating)
VW-MEB-3462,7.5,1.48,6.6,-63.4,60.8,High Risk (Lithium Plating)
VW-MEB-3463,0.0,1.11,5.0,-68.8,65.0,High Risk (Lithium Plating)
VW-MEB-3464,-4.9,2.52,35.9,-141.4,22.5,High Risk (Lithium Plating)
VW-MEB-3465,25.4,2.25,12.4,-68.2,37.2,High Risk (Lithium Plating)
VW-MEB-3466,3.5,1.64,8.2,-82.5,56.7,High Risk (Lithium Plating)
VW-MEB-3467,10.7,0.98,32.4,-64.1,59.7,High Risk (Lithium Plating)
VW-MEB-3468,21.4,2.79,9.8,-82.6,30.5,High Risk (Lithium Plating)
VW-MEB-3469,25.0,2.83,28.0,-89.7,22.8,High Risk (Lithium Plating)
VW-MEB-3470,12.1,2.66,17.7,-99.4,28.6,High Risk (Lithium Plating)
VW-MEB-3471,22.9,1.49,35.6,-59.9,37.0,High Risk (Lithium Plating)
VW-MEB-3472,27.5,1.23,10.2,-26.3,65.0,High Risk (Lithium Plating)
VW-MEB-3473,-1.5,0.85,22.3,-75.3,65.0,High Risk (Lithium Plating)
VW-MEB-3474,12.6,2.1,19.1,-87.1,37.3,High Risk (Lithium Plating)
VW-MEB-3475,1.8,0.96,20.0,-65.5,65.0,High Risk (Lithium Plating)
VW-MEB-3476,25.9,1.42,37.2,-47.0,38.0,High Risk (Lithium Plating)
VW-MEB-3477,6.2,1.5,32.5,-85.8,38.5,High Risk (Lithium Plating)
VW-MEB-3478,15.4,2.53,6.0,-80.0,34.2,High Risk (Lithium Plating)
VW-MEB-3479,21.7,2.2,28.7,-73.4,31.6,High Risk (Lithium Plating)
VW-MEB-3480,1.2,1.39,37.4,-97.3,36.3,High Risk (Lithium Plating)
VW-MEB-3481,18.0,3.12,6.5,-98.3,30.5,High Risk (Lithium Plating)
VW-MEB-3482,5.2,2.21,33.0,-106.2,25.2,High Risk (Lithium Plating)
VW-MEB-3483,0.8,1.72,6.5,-87.3,50.5,High Risk (Lithium Plating)
VW-MEB-3484,0.9,1.77,39.7,-97.3,27.7,High Risk (Lithium Plating)
VW-MEB-3485,24.8,1.26,22.6,-39.5,56.8,High Risk (Lithium Plating)
VW-MEB-3486,31.2,2.77,17.9,-69.2,27.8,High Risk (Lithium Plating)
VW-MEB-3487,-7.9,3.17,6.8,-143.3,29.2,High Risk (Lithium Plating)
VW-MEB-3488,-2.3,1.61,18.2,-99.8,49.2,High Risk (Lithium Plating)
VW-MEB-3489,28.9,2.58,39.4,-74.9,17.9,High Risk (Lithium Plating)
VW-MEB-3490,12.7,1.06,13.6,-46.0,65.0,High Risk (Lithium Plating)
VW-MEB-3491,-4.8,2.28,42.5,-132.5,17.0,High Risk (Lithium Plating)
VW-MEB-3492,7.5,2.05,42.9,-102.8,23.8,High Risk (Lithium Plating)
VW-MEB-3493,-0.8,2.07,7.6,-105.6,40.6,High Risk (Lithium Plating)
VW-MEB-3494,-3.3,1.38,8.1,-94.8,62.6,High Risk (Lithium Plating)
VW-MEB-3495,11.3,0.85,31.0,-53.7,65.0,High Risk (Lithium Plating)
VW-MEB-3496,23.0,1.82,11.6,-48.6,44.3,High Risk (Lithium Plating)
VW-MEB-3497,8.8,0.86,43.0,-63.1,51.8,High Risk (Lithium Plating)
VW-MEB-3498,12.1,2.5,41.1,-105.7,20.5,High Risk (Lithium Plating)
VW-MEB-3499,15.7,2.05,32.4,-76.7,30.5,High Risk (Lithium Plating)
