V2G_Event_ID,Utility_Voltage_V,Power_Export_kW,Total_Harmonic_Distortion_pct,Phase_Angle_Jitter_deg,Grid_Synchronization
FORD-PRO-1000,235.5,7.15,2.35,0.04,Clean Utility Grid Sync (<3% THD)
FORD-PRO-1001,240.0,9.41,2.64,1.24,Clean Utility Grid Sync (<3% THD)
FORD-PRO-1002,242.8,8.18,2.71,1.18,Clean Utility Grid Sync (<3% THD)
FORD-PRO-1003,220.6,5.09,2.26,0.82,Clean Utility Grid Sync (<3% THD)
FORD-PRO-1004,243.5,6.33,2.41,0.14,Clean Utility Grid Sync (<3% THD)
FORD-PRO-1005,238.8,6.74,2.46,0.37,Clean Utility Grid Sync (<3% THD)
FORD-PRO-1006,225.8,9.57,3.03,0.37,Clean Utility Grid Sync (<3% THD)
FORD-PRO-1007,236.6,6.6,1.95,0.09,Clean Utility Grid Sync (<3% THD)
FORD-PRO-1008,241.5,7.91,2.99,0.88,Clean Utility Grid Sync (<3% THD)
FORD-PRO-1009,232.2,5.01,2.16,0.09,Clean Utility Grid Sync (<3% THD)
FORD-PRO-1010,228.5,7.12,2.53,0.37,Clean Utility Grid Sync (<3% THD)
FORD-PRO-1011,227.7,4.89,2.21,0.63,Clean Utility Grid Sync (<3% THD)
FORD-PRO-1012,239.5,6.03,2.59,1.01,Clean Utility Grid Sync (<3% THD)
FORD-PRO-1013,237.5,3.09,1.78,0.71,Clean Utility Grid Sync (<3% THD)
FORD-PRO-1014,230.7,7.1,2.54,1.41,Clean Utility Grid Sync (<3% THD)
FORD-PRO-1015,238.7,8.14,2.76,0.61,Clean Utility Grid Sync (<3% THD)
FORD-PRO-1016,236.5,6.88,2.5,0.65,Clean Utility Grid Sync (<3% THD)
FORD-PRO-1017,237.4,8.77,3.14,0.72,Clean Utility Grid Sync (<3% THD)
FORD-PRO-1018,221.0,8.26,2.35,0.94,Clean Utility Grid Sync (<3% THD)
FORD-PRO-1019,232.9,8.96,2.87,0.09,Clean Utility Grid Sync (<3% THD)
FORD-PRO-1020,246.5,2.7,1.64,0.29,Clean Utility Grid Sync (<3% THD)
FORD-PRO-1021,245.5,9.09,2.58,0.42,Clean Utility Grid Sync (<3% THD)
FORD-PRO-1022,239.1,2.65,1.69,0.07,Clean Utility Grid Sync (<3% THD)
FORD-PRO-1023,223.7,4.17,2.13,0.23,Clean Utility Grid Sync (<3% THD)
FORD-PRO-1024,246.5,9.43,2.73,1.27,Clean Utility Grid Sync (<3% THD)
FORD-PRO-1025,223.0,3.27,2.28,0.28,Clean Utility Grid Sync (<3% THD)
FORD-PRO-1026,226.7,8.75,2.96,0.79,Clean Utility Grid Sync (<3% THD)
FORD-PRO-1027,243.3,9.3,3.16,0.8,Clean Utility Grid Sync (<3% THD)
FORD-PRO-1028,227.5,6.4,2.76,0.39,Clean Utility Grid Sync (<3% THD)
FORD-PRO-1029,225.1,2.62,1.62,0.52,Clean Utility Grid Sync (<3% THD)
FORD-PRO-1030,230.5,7.51,2.68,0.78,Clean Utility Grid Sync (<3% THD)
FORD-PRO-1031,245.0,8.45,2.93,0.16,Clean Utility Grid Sync (<3% THD)
FORD-PRO-1032,242.1,4.63,2.24,0.11,Clean Utility Grid Sync (<3% THD)
FORD-PRO-1033,244.8,8.14,2.48,0.4,Clean Utility Grid Sync (<3% THD)
FORD-PRO-1034,234.5,3.1,2.19,0.2,Clean Utility Grid Sync (<3% THD)
FORD-PRO-1035,245.9,5.91,2.91,0.64,Clean Utility Grid Sync (<3% THD)
FORD-PRO-1036,231.6,3.44,1.48,0.19,Clean Utility Grid Sync (<3% THD)
FORD-PRO-1037,235.1,8.22,2.94,0.01,Clean Utility Grid Sync (<3% THD)
FORD-PRO-1038,222.4,3.06,1.78,0.35,Clean Utility Grid Sync (<3% THD)
FORD-PRO-1039,244.3,2.48,2.17,0.16,Clean Utility Grid Sync (<3% THD)
FORD-PRO-1040,227.9,3.44,1.78,0.29,Clean Utility Grid Sync (<3% THD)
FORD-PRO-1041,238.1,6.86,2.19,0.06,Clean Utility Grid Sync (<3% THD)
FORD-PRO-1042,237.5,6.59,2.17,0.58,Clean Utility Grid Sync (<3% THD)
FORD-PRO-1043,222.0,3.65,1.98,0.15,Clean Utility Grid Sync (<3% THD)
FORD-PRO-1044,228.0,9.53,2.83,0.5,Clean Utility Grid Sync (<3% THD)
FORD-PRO-1045,224.9,3.29,2.26,0.32,Clean Utility Grid Sync (<3% THD)
FORD-PRO-1046,225.8,6.43,1.99,0.59,Clean Utility Grid Sync (<3% THD)
FORD-PRO-1047,236.3,3.13,1.89,0.19,Clean Utility Grid Sync (<3% THD)
FORD-PRO-1048,240.1,8.36,2.72,0.12,Clean Utility Grid Sync (<3% THD)
FORD-PRO-1049,226.7,5.19,1.99,1.11,Clean Utility Grid Sync (<3% THD)
FORD-PRO-1050,242.7,4.02,2.43,0.72,Clean Utility Grid Sync (<3% THD)
FORD-PRO-1051,234.9,3.95,1.93,0.15,Clean Utility Grid Sync (<3% THD)
FORD-PRO-1052,232.6,6.34,1.69,0.27,Clean Utility Grid Sync (<3% THD)
FORD-PRO-1053,247.2,6.39,2.31,0.41,Clean Utility Grid Sync (<3% THD)
FORD-PRO-1054,240.7,6.89,2.72,0.3,Clean Utility Grid Sync (<3% THD)
FORD-PRO-1055,242.7,3.44,1.8,0.33,Clean Utility Grid Sync (<3% THD)
FORD-PRO-1056,228.8,4.33,1.79,0.62,Clean Utility Grid Sync (<3% THD)
FORD-PRO-1057,242.8,4.77,1.91,0.05,Clean Utility Grid Sync (<3% THD)
FORD-PRO-1058,247.7,3.99,1.96,0.13,Clean Utility Grid Sync (<3% THD)
FORD-PRO-1059,222.3,6.64,2.1,0.27,Clean Utility Grid Sync (<3% THD)
FORD-PRO-1060,228.4,4.76,2.57,0.41,Clean Utility Grid Sync (<3% THD)
FORD-PRO-1061,245.0,8.33,2.65,0.26,Clean Utility Grid Sync (<3% THD)
FORD-PRO-1062,245.4,6.32,2.1,0.99,Clean Utility Grid Sync (<3% THD)
FORD-PRO-1063,227.2,7.91,2.59,0.65,Clean Utility Grid Sync (<3% THD)
FORD-PRO-1064,231.9,4.27,1.87,0.31,Clean Utility Grid Sync (<3% THD)
FORD-PRO-1065,243.6,5.99,2.27,0.37,Clean Utility Grid Sync (<3% THD)
FORD-PRO-1066,239.7,8.15,2.57,0.46,Clean Utility Grid Sync (<3% THD)
FORD-PRO-1067,228.3,4.11,2.39,0.61,Clean Utility Grid Sync (<3% THD)
FORD-PRO-1068,229.3,4.44,1.75,0.32,Clean Utility Grid Sync (<3% THD)
FORD-PRO-1069,245.3,7.2,2.14,0.18,Clean Utility Grid Sync (<3% THD)
FORD-PRO-1070,223.3,3.01,1.87,0.8,Clean Utility Grid Sync (<3% THD)
FORD-PRO-1071,247.6,7.82,2.19,0.98,Clean Utility Grid Sync (<3% THD)
FORD-PRO-1072,233.2,6.29,2.59,0.16,Clean Utility Grid Sync (<3% THD)
FORD-PRO-1073,239.7,5.11,1.99,0.11,Clean Utility Grid Sync (<3% THD)
FORD-PRO-1074,225.5,8.61,2.84,1.45,Clean Utility Grid Sync (<3% THD)
FORD-PRO-1075,239.4,8.39,2.76,0.76,Clean Utility Grid Sync (<3% THD)
FORD-PRO-1076,237.3,6.18,2.21,0.35,Clean Utility Grid Sync (<3% THD)
FORD-PRO-1077,232.7,8.49,2.95,0.68,Clean Utility Grid Sync (<3% THD)
FORD-PRO-1078,222.0,5.59,1.93,0.46,Clean Utility Grid Sync (<3% THD)
FORD-PRO-1079,247.1,7.09,2.85,0.38,Clean Utility Grid Sync (<3% THD)
FORD-PRO-1080,221.0,6.96,2.67,0.18,Clean Utility Grid Sync (<3% THD)
FORD-PRO-1081,243.8,7.08,2.47,0.42,Clean Utility Grid Sync (<3% THD)
FORD-PRO-1082,231.5,3.6,1.4,1.33,Clean Utility Grid Sync (<3% THD)
FORD-PRO-1083,234.5,3.11,1.73,0.76,Clean Utility Grid Sync (<3% THD)
FORD-PRO-1084,232.9,6.64,2.26,0.99,Clean Utility Grid Sync (<3% THD)
FORD-PRO-1085,230.7,8.17,2.51,1.76,Clean Utility Grid Sync (<3% THD)
FORD-PRO-1086,246.9,8.14,2.93,0.58,Clean Utility Grid Sync (<3% THD)
FORD-PRO-1087,234.9,4.37,1.52,0.64,Clean Utility Grid Sync (<3% THD)
FORD-PRO-1088,233.6,3.23,1.68,0.71,Clean Utility Grid Sync (<3% THD)
FORD-PRO-1089,221.9,9.48,3.76,0.18,Clean Utility Grid Sync (<3% THD)
FORD-PRO-1090,246.3,8.64,3.46,1.06,Clean Utility Grid Sync (<3% THD)
FORD-PRO-1091,237.7,4.75,2.99,0.7,Clean Utility Grid Sync (<3% THD)
FORD-PRO-1092,232.1,5.45,2.01,0.15,Clean Utility Grid Sync (<3% THD)
FORD-PRO-1093,224.2,6.5,2.35,0.45,Clean Utility Grid Sync (<3% THD)
FORD-PRO-1094,240.9,3.21,2.68,0.48,Clean Utility Grid Sync (<3% THD)
FORD-PRO-1095,244.1,7.24,2.47,1.25,Clean Utility Grid Sync (<3% THD)
FORD-PRO-1096,221.6,5.12,2.05,0.3,Clean Utility Grid Sync (<3% THD)
FORD-PRO-1097,241.5,6.04,3.08,0.97,Clean Utility Grid Sync (<3% THD)
FORD-PRO-1098,232.8,3.75,2.11,0.51,Clean Utility Grid Sync (<3% THD)
FORD-PRO-1099,223.7,8.47,2.79,0.72,Clean Utility Grid Sync (<3% THD)
FORD-PRO-1100,235.2,9.22,2.7,0.54,Clean Utility Grid Sync (<3% THD)
FORD-PRO-1101,238.9,7.34,2.88,1.52,Clean Utility Grid Sync (<3% THD)
FORD-PRO-1102,228.2,4.71,2.01,0.42,Clean Utility Grid Sync (<3% THD)
FORD-PRO-1103,225.3,2.96,1.89,0.12,Clean Utility Grid Sync (<3% THD)
FORD-PRO-1104,246.5,8.57,3.09,0.87,Clean Utility Grid Sync (<3% THD)
FORD-PRO-1105,235.3,3.97,1.51,0.12,Clean Utility Grid Sync (<3% THD)
FORD-PRO-1106,246.4,5.59,2.46,0.79,Clean Utility Grid Sync (<3% THD)
FORD-PRO-1107,244.8,4.19,1.82,0.15,Clean Utility Grid Sync (<3% THD)
FORD-PRO-1108,242.3,3.52,1.9,0.76,Clean Utility Grid Sync (<3% THD)
FORD-PRO-1109,236.6,4.64,2.32,0.78,Clean Utility Grid Sync (<3% THD)
FORD-PRO-1110,245.3,5.88,1.77,0.61,Clean Utility Grid Sync (<3% THD)
FORD-PRO-1111,232.2,6.39,2.35,0.42,Clean Utility Grid Sync (<3% THD)
FORD-PRO-1112,226.5,3.84,1.87,0.08,Clean Utility Grid Sync (<3% THD)
FORD-PRO-1113,237.6,3.44,1.84,0.13,Clean Utility Grid Sync (<3% THD)
FORD-PRO-1114,236.0,6.53,2.16,1.29,Clean Utility Grid Sync (<3% THD)
FORD-PRO-1115,223.1,4.77,2.19,2.07,Harmonic Filter Compensation Active
FORD-PRO-1116,246.8,7.82,2.51,1.25,Clean Utility Grid Sync (<3% THD)
FORD-PRO-1117,229.0,4.32,1.83,1.1,Clean Utility Grid Sync (<3% THD)
FORD-PRO-1118,245.1,8.04,2.82,0.78,Clean Utility Grid Sync (<3% THD)
FORD-PRO-1119,240.6,8.98,2.9,0.21,Clean Utility Grid Sync (<3% THD)
FORD-PRO-1120,245.7,7.65,2.9,0.05,Clean Utility Grid Sync (<3% THD)
FORD-PRO-1121,239.8,6.09,2.33,0.46,Clean Utility Grid Sync (<3% THD)
FORD-PRO-1122,246.9,2.43,1.84,0.43,Clean Utility Grid Sync (<3% THD)
FORD-PRO-1123,221.2,8.73,2.79,0.06,Clean Utility Grid Sync (<3% THD)
FORD-PRO-1124,243.0,8.87,2.93,0.87,Clean Utility Grid Sync (<3% THD)
FORD-PRO-1125,227.7,7.7,2.73,1.39,Clean Utility Grid Sync (<3% THD)
FORD-PRO-1126,221.4,8.55,2.49,0.71,Clean Utility Grid Sync (<3% THD)
FORD-PRO-1127,245.0,8.82,3.0,0.2,Clean Utility Grid Sync (<3% THD)
FORD-PRO-1128,220.4,5.98,2.24,1.05,Clean Utility Grid Sync (<3% THD)
FORD-PRO-1129,239.6,5.98,2.45,0.67,Clean Utility Grid Sync (<3% THD)
FORD-PRO-1130,232.0,9.43,3.02,0.69,Clean Utility Grid Sync (<3% THD)
FORD-PRO-1131,244.0,9.55,2.78,0.76,Clean Utility Grid Sync (<3% THD)
FORD-PRO-1132,228.1,7.35,2.65,1.06,Clean Utility Grid Sync (<3% THD)
FORD-PRO-1133,235.5,5.94,2.35,0.2,Clean Utility Grid Sync (<3% THD)
FORD-PRO-1134,243.6,3.32,1.96,0.81,Clean Utility Grid Sync (<3% THD)
FORD-PRO-1135,228.2,4.99,1.85,0.0,Clean Utility Grid Sync (<3% THD)
FORD-PRO-1136,243.5,4.21,2.1,0.07,Clean Utility Grid Sync (<3% THD)
FORD-PRO-1137,230.5,4.71,1.91,0.16,Clean Utility Grid Sync (<3% THD)
FORD-PRO-1138,223.7,9.07,2.53,0.06,Clean Utility Grid Sync (<3% THD)
FORD-PRO-1139,246.0,5.48,1.9,0.44,Clean Utility Grid Sync (<3% THD)
FORD-PRO-1140,225.5,9.19,2.69,0.61,Clean Utility Grid Sync (<3% THD)
FORD-PRO-1141,220.3,4.37,2.27,0.44,Clean Utility Grid Sync (<3% THD)
FORD-PRO-1142,236.5,7.18,2.34,0.58,Clean Utility Grid Sync (<3% THD)
FORD-PRO-1143,243.8,3.93,1.66,0.94,Clean Utility Grid Sync (<3% THD)
FORD-PRO-1144,232.8,5.45,2.42,0.93,Clean Utility Grid Sync (<3% THD)
FORD-PRO-1145,228.5,9.24,2.73,0.57,Clean Utility Grid Sync (<3% THD)
FORD-PRO-1146,236.1,8.96,3.06,0.25,Clean Utility Grid Sync (<3% THD)
FORD-PRO-1147,230.4,9.46,3.21,0.37,Clean Utility Grid Sync (<3% THD)
FORD-PRO-1148,229.4,7.3,2.92,1.1,Clean Utility Grid Sync (<3% THD)
FORD-PRO-1149,226.4,4.1,1.79,0.3,Clean Utility Grid Sync (<3% THD)
FORD-PRO-1150,236.1,7.0,2.45,0.31,Clean Utility Grid Sync (<3% THD)
FORD-PRO-1151,228.7,8.21,2.8,0.1,Clean Utility Grid Sync (<3% THD)
FORD-PRO-1152,229.9,6.18,2.89,0.48,Clean Utility Grid Sync (<3% THD)
FORD-PRO-1153,235.3,8.98,2.35,0.31,Clean Utility Grid Sync (<3% THD)
FORD-PRO-1154,225.9,9.24,3.32,0.56,Clean Utility Grid Sync (<3% THD)
FORD-PRO-1155,225.6,4.48,1.71,0.09,Clean Utility Grid Sync (<3% THD)
FORD-PRO-1156,235.8,3.24,2.21,0.37,Clean Utility Grid Sync (<3% THD)
FORD-PRO-1157,230.4,7.17,2.05,1.16,Clean Utility Grid Sync (<3% THD)
FORD-PRO-1158,245.0,2.97,1.94,0.58,Clean Utility Grid Sync (<3% THD)
FORD-PRO-1159,229.2,4.92,2.16,0.69,Clean Utility Grid Sync (<3% THD)
FORD-PRO-1160,228.2,5.55,2.26,0.2,Clean Utility Grid Sync (<3% THD)
FORD-PRO-1161,235.5,2.71,1.87,0.57,Clean Utility Grid Sync (<3% THD)
FORD-PRO-1162,243.5,3.18,1.9,0.95,Clean Utility Grid Sync (<3% THD)
FORD-PRO-1163,246.3,8.16,3.04,0.57,Clean Utility Grid Sync (<3% THD)
FORD-PRO-1164,234.9,2.47,1.62,0.07,Clean Utility Grid Sync (<3% THD)
FORD-PRO-1165,247.6,9.42,3.29,1.1,Clean Utility Grid Sync (<3% THD)
FORD-PRO-1166,223.5,7.23,3.09,1.13,Clean Utility Grid Sync (<3% THD)
FORD-PRO-1167,227.3,8.99,2.85,0.55,Clean Utility Grid Sync (<3% THD)
FORD-PRO-1168,233.3,3.1,1.87,0.09,Clean Utility Grid Sync (<3% THD)
FORD-PRO-1169,246.8,3.29,1.58,0.01,Clean Utility Grid Sync (<3% THD)
FORD-PRO-1170,235.8,2.92,1.95,0.9,Clean Utility Grid Sync (<3% THD)
FORD-PRO-1171,231.7,5.58,2.51,0.37,Clean Utility Grid Sync (<3% THD)
FORD-PRO-1172,236.2,4.96,2.03,0.39,Clean Utility Grid Sync (<3% THD)
FORD-PRO-1173,230.3,5.16,2.29,0.01,Clean Utility Grid Sync (<3% THD)
FORD-PRO-1174,245.6,3.56,1.85,0.42,Clean Utility Grid Sync (<3% THD)
FORD-PRO-1175,237.7,8.32,2.72,0.05,Clean Utility Grid Sync (<3% THD)
FORD-PRO-1176,242.6,7.15,3.04,0.59,Clean Utility Grid Sync (<3% THD)
FORD-PRO-1177,236.0,7.75,2.17,0.28,Clean Utility Grid Sync (<3% THD)
FORD-PRO-1178,246.4,9.36,3.09,0.08,Clean Utility Grid Sync (<3% THD)
FORD-PRO-1179,245.8,7.02,2.05,1.21,Clean Utility Grid Sync (<3% THD)
FORD-PRO-1180,222.9,9.19,3.24,0.72,Clean Utility Grid Sync (<3% THD)
FORD-PRO-1181,233.5,7.95,2.97,0.63,Clean Utility Grid Sync (<3% THD)
FORD-PRO-1182,235.5,4.46,1.71,0.43,Clean Utility Grid Sync (<3% THD)
FORD-PRO-1183,239.2,3.92,2.75,0.11,Clean Utility Grid Sync (<3% THD)
FORD-PRO-1184,241.9,5.5,2.15,0.25,Clean Utility Grid Sync (<3% THD)
FORD-PRO-1185,220.5,4.41,2.16,0.18,Clean Utility Grid Sync (<3% THD)
FORD-PRO-1186,239.8,6.12,2.24,0.05,Clean Utility Grid Sync (<3% THD)
FORD-PRO-1187,233.9,2.68,1.45,0.03,Clean Utility Grid Sync (<3% THD)
FORD-PRO-1188,220.0,8.88,2.5,0.66,Clean Utility Grid Sync (<3% THD)
FORD-PRO-1189,247.0,4.6,1.98,0.93,Clean Utility Grid Sync (<3% THD)
FORD-PRO-1190,243.4,7.45,2.97,0.67,Clean Utility Grid Sync (<3% THD)
FORD-PRO-1191,226.1,9.47,3.03,0.81,Clean Utility Grid Sync (<3% THD)
FORD-PRO-1192,247.7,5.7,2.03,0.05,Clean Utility Grid Sync (<3% THD)
FORD-PRO-1193,226.7,7.03,2.73,0.18,Clean Utility Grid Sync (<3% THD)
FORD-PRO-1194,228.4,7.45,2.71,0.68,Clean Utility Grid Sync (<3% THD)
FORD-PRO-1195,245.0,8.97,2.87,0.27,Clean Utility Grid Sync (<3% THD)
FORD-PRO-1196,241.5,4.14,1.95,0.39,Clean Utility Grid Sync (<3% THD)
FORD-PRO-1197,235.3,8.94,3.01,0.08,Clean Utility Grid Sync (<3% THD)
FORD-PRO-1198,241.1,2.99,1.82,0.22,Clean Utility Grid Sync (<3% THD)
FORD-PRO-1199,223.3,8.32,3.38,0.49,Clean Utility Grid Sync (<3% THD)
FORD-PRO-1200,233.1,4.67,2.32,0.81,Clean Utility Grid Sync (<3% THD)
FORD-PRO-1201,223.0,8.25,2.99,0.51,Clean Utility Grid Sync (<3% THD)
FORD-PRO-1202,229.5,4.89,2.25,0.46,Clean Utility Grid Sync (<3% THD)
FORD-PRO-1203,221.3,4.42,1.41,0.55,Clean Utility Grid Sync (<3% THD)
FORD-PRO-1204,247.8,9.12,3.16,0.02,Clean Utility Grid Sync (<3% THD)
FORD-PRO-1205,229.1,5.53,2.41,1.08,Clean Utility Grid Sync (<3% THD)
FORD-PRO-1206,227.3,7.82,2.81,0.46,Clean Utility Grid Sync (<3% THD)
FORD-PRO-1207,235.2,2.84,1.71,0.72,Clean Utility Grid Sync (<3% THD)
FORD-PRO-1208,230.3,7.09,2.37,0.25,Clean Utility Grid Sync (<3% THD)
FORD-PRO-1209,225.7,6.17,2.33,1.19,Clean Utility Grid Sync (<3% THD)
FORD-PRO-1210,223.5,2.81,1.92,0.41,Clean Utility Grid Sync (<3% THD)
FORD-PRO-1211,228.2,7.61,2.62,0.64,Clean Utility Grid Sync (<3% THD)
FORD-PRO-1212,229.6,7.39,2.49,0.07,Clean Utility Grid Sync (<3% THD)
FORD-PRO-1213,244.4,3.95,1.84,0.82,Clean Utility Grid Sync (<3% THD)
FORD-PRO-1214,226.7,9.26,3.24,1.3,Clean Utility Grid Sync (<3% THD)
FORD-PRO-1215,238.7,4.64,2.02,0.85,Clean Utility Grid Sync (<3% THD)
FORD-PRO-1216,247.6,9.51,2.58,0.39,Clean Utility Grid Sync (<3% THD)
FORD-PRO-1217,228.4,9.12,2.84,0.33,Clean Utility Grid Sync (<3% THD)
FORD-PRO-1218,236.5,8.65,2.97,0.27,Clean Utility Grid Sync (<3% THD)
FORD-PRO-1219,247.9,7.17,2.53,0.21,Clean Utility Grid Sync (<3% THD)
FORD-PRO-1220,226.7,8.2,2.62,0.33,Clean Utility Grid Sync (<3% THD)
FORD-PRO-1221,240.0,5.95,2.7,0.27,Clean Utility Grid Sync (<3% THD)
FORD-PRO-1222,239.2,8.7,2.88,1.25,Clean Utility Grid Sync (<3% THD)
FORD-PRO-1223,224.7,6.49,2.24,0.46,Clean Utility Grid Sync (<3% THD)
FORD-PRO-1224,227.6,5.66,2.48,0.75,Clean Utility Grid Sync (<3% THD)
FORD-PRO-1225,243.8,3.05,1.86,0.47,Clean Utility Grid Sync (<3% THD)
FORD-PRO-1226,236.8,7.44,2.54,0.58,Clean Utility Grid Sync (<3% THD)
FORD-PRO-1227,231.1,9.0,2.77,1.1,Clean Utility Grid Sync (<3% THD)
FORD-PRO-1228,225.8,7.01,2.51,0.61,Clean Utility Grid Sync (<3% THD)
FORD-PRO-1229,238.5,4.74,1.9,0.32,Clean Utility Grid Sync (<3% THD)
FORD-PRO-1230,220.6,7.52,2.73,0.41,Clean Utility Grid Sync (<3% THD)
FORD-PRO-1231,236.6,2.64,2.2,0.79,Clean Utility Grid Sync (<3% THD)
FORD-PRO-1232,230.4,4.21,1.81,0.63,Clean Utility Grid Sync (<3% THD)
FORD-PRO-1233,245.4,7.19,3.12,0.94,Clean Utility Grid Sync (<3% THD)
FORD-PRO-1234,243.1,6.56,2.4,0.47,Clean Utility Grid Sync (<3% THD)
FORD-PRO-1235,233.0,3.43,1.79,0.3,Clean Utility Grid Sync (<3% THD)
FORD-PRO-1236,230.2,3.02,1.67,0.16,Clean Utility Grid Sync (<3% THD)
FORD-PRO-1237,242.7,5.34,1.59,1.06,Clean Utility Grid Sync (<3% THD)
FORD-PRO-1238,232.6,4.38,2.02,0.82,Clean Utility Grid Sync (<3% THD)
FORD-PRO-1239,220.8,9.24,2.49,1.08,Clean Utility Grid Sync (<3% THD)
FORD-PRO-1240,230.9,5.69,1.86,0.03,Clean Utility Grid Sync (<3% THD)
FORD-PRO-1241,247.8,6.02,2.43,0.53,Clean Utility Grid Sync (<3% THD)
FORD-PRO-1242,224.7,7.83,2.8,0.68,Clean Utility Grid Sync (<3% THD)
FORD-PRO-1243,246.6,6.57,2.44,0.8,Clean Utility Grid Sync (<3% THD)
FORD-PRO-1244,224.6,4.73,2.02,0.42,Clean Utility Grid Sync (<3% THD)
FORD-PRO-1245,222.9,5.43,2.11,1.03,Clean Utility Grid Sync (<3% THD)
FORD-PRO-1246,221.5,4.39,1.52,0.75,Clean Utility Grid Sync (<3% THD)
FORD-PRO-1247,223.7,9.22,2.57,0.68,Clean Utility Grid Sync (<3% THD)
FORD-PRO-1248,243.0,6.8,2.54,0.14,Clean Utility Grid Sync (<3% THD)
FORD-PRO-1249,228.9,4.57,1.7,0.26,Clean Utility Grid Sync (<3% THD)
FORD-PRO-1250,221.7,7.73,2.68,0.22,Clean Utility Grid Sync (<3% THD)
FORD-PRO-1251,236.3,4.41,2.62,0.87,Clean Utility Grid Sync (<3% THD)
FORD-PRO-1252,226.8,8.33,2.71,0.33,Clean Utility Grid Sync (<3% THD)
FORD-PRO-1253,225.1,3.21,1.19,0.1,Clean Utility Grid Sync (<3% THD)
FORD-PRO-1254,235.5,5.0,2.28,0.63,Clean Utility Grid Sync (<3% THD)
FORD-PRO-1255,227.0,2.78,1.63,0.33,Clean Utility Grid Sync (<3% THD)
FORD-PRO-1256,232.0,8.96,2.88,0.53,Clean Utility Grid Sync (<3% THD)
FORD-PRO-1257,229.5,9.41,2.66,0.3,Clean Utility Grid Sync (<3% THD)
FORD-PRO-1258,224.2,4.79,1.97,0.75,Clean Utility Grid Sync (<3% THD)
FORD-PRO-1259,228.2,3.77,1.47,0.73,Clean Utility Grid Sync (<3% THD)
FORD-PRO-1260,247.6,3.87,1.87,0.93,Clean Utility Grid Sync (<3% THD)
FORD-PRO-1261,220.0,6.29,1.97,1.24,Clean Utility Grid Sync (<3% THD)
FORD-PRO-1262,233.6,3.52,1.84,0.38,Clean Utility Grid Sync (<3% THD)
FORD-PRO-1263,221.6,8.97,3.16,1.01,Clean Utility Grid Sync (<3% THD)
FORD-PRO-1264,221.1,8.49,2.86,0.1,Clean Utility Grid Sync (<3% THD)
FORD-PRO-1265,227.8,2.96,2.2,0.14,Clean Utility Grid Sync (<3% THD)
FORD-PRO-1266,238.9,6.76,2.04,1.33,Clean Utility Grid Sync (<3% THD)
FORD-PRO-1267,235.9,4.33,2.25,0.14,Clean Utility Grid Sync (<3% THD)
FORD-PRO-1268,243.8,8.15,2.75,0.64,Clean Utility Grid Sync (<3% THD)
FORD-PRO-1269,230.9,5.72,2.29,0.89,Clean Utility Grid Sync (<3% THD)
FORD-PRO-1270,238.3,4.27,1.99,1.35,Clean Utility Grid Sync (<3% THD)
FORD-PRO-1271,244.0,9.44,2.79,0.04,Clean Utility Grid Sync (<3% THD)
FORD-PRO-1272,237.6,9.55,3.13,0.19,Clean Utility Grid Sync (<3% THD)
FORD-PRO-1273,235.4,2.88,1.68,1.02,Clean Utility Grid Sync (<3% THD)
FORD-PRO-1274,220.0,2.86,1.3,0.65,Clean Utility Grid Sync (<3% THD)
FORD-PRO-1275,233.5,3.33,1.74,0.23,Clean Utility Grid Sync (<3% THD)
FORD-PRO-1276,220.8,4.26,1.58,0.69,Clean Utility Grid Sync (<3% THD)
FORD-PRO-1277,235.7,9.2,2.57,0.51,Clean Utility Grid Sync (<3% THD)
FORD-PRO-1278,248.0,9.23,3.21,0.49,Clean Utility Grid Sync (<3% THD)
FORD-PRO-1279,236.5,3.3,2.07,0.25,Clean Utility Grid Sync (<3% THD)
FORD-PRO-1280,244.4,2.79,1.56,1.13,Clean Utility Grid Sync (<3% THD)
FORD-PRO-1281,224.7,2.62,1.61,0.08,Clean Utility Grid Sync (<3% THD)
FORD-PRO-1282,246.6,4.6,1.78,0.34,Clean Utility Grid Sync (<3% THD)
FORD-PRO-1283,246.2,4.21,2.04,0.15,Clean Utility Grid Sync (<3% THD)
FORD-PRO-1284,224.0,2.89,1.16,0.63,Clean Utility Grid Sync (<3% THD)
FORD-PRO-1285,225.7,7.87,2.72,0.13,Clean Utility Grid Sync (<3% THD)
FORD-PRO-1286,239.2,6.2,2.9,1.52,Clean Utility Grid Sync (<3% THD)
FORD-PRO-1287,247.2,2.57,1.2,0.53,Clean Utility Grid Sync (<3% THD)
FORD-PRO-1288,225.5,2.51,1.22,0.6,Clean Utility Grid Sync (<3% THD)
FORD-PRO-1289,226.6,4.63,1.54,0.99,Clean Utility Grid Sync (<3% THD)
FORD-PRO-1290,238.7,7.22,2.37,0.56,Clean Utility Grid Sync (<3% THD)
FORD-PRO-1291,244.4,7.67,2.8,0.3,Clean Utility Grid Sync (<3% THD)
FORD-PRO-1292,233.0,4.19,1.61,1.03,Clean Utility Grid Sync (<3% THD)
FORD-PRO-1293,246.5,3.81,2.13,0.22,Clean Utility Grid Sync (<3% THD)
FORD-PRO-1294,243.6,7.28,2.7,0.03,Clean Utility Grid Sync (<3% THD)
FORD-PRO-1295,225.4,3.98,1.88,0.08,Clean Utility Grid Sync (<3% THD)
FORD-PRO-1296,236.0,4.05,1.95,0.19,Clean Utility Grid Sync (<3% THD)
FORD-PRO-1297,244.9,6.26,2.74,0.0,Clean Utility Grid Sync (<3% THD)
FORD-PRO-1298,241.1,3.84,2.01,0.52,Clean Utility Grid Sync (<3% THD)
FORD-PRO-1299,230.6,8.53,3.39,0.33,Clean Utility Grid Sync (<3% THD)
FORD-PRO-1300,240.2,4.36,1.52,0.32,Clean Utility Grid Sync (<3% THD)
FORD-PRO-1301,240.4,4.36,1.56,1.2,Clean Utility Grid Sync (<3% THD)
FORD-PRO-1302,239.1,7.7,2.66,0.59,Clean Utility Grid Sync (<3% THD)
FORD-PRO-1303,225.5,4.76,2.23,0.33,Clean Utility Grid Sync (<3% THD)
FORD-PRO-1304,230.7,4.61,2.22,0.14,Clean Utility Grid Sync (<3% THD)
FORD-PRO-1305,228.3,9.05,3.44,0.91,Clean Utility Grid Sync (<3% THD)
FORD-PRO-1306,220.1,4.19,2.12,0.17,Clean Utility Grid Sync (<3% THD)
FORD-PRO-1307,224.5,6.96,2.42,0.9,Clean Utility Grid Sync (<3% THD)
FORD-PRO-1308,245.9,6.57,2.81,0.81,Clean Utility Grid Sync (<3% THD)
FORD-PRO-1309,239.8,6.45,2.67,0.14,Clean Utility Grid Sync (<3% THD)
FORD-PRO-1310,246.5,7.59,2.58,0.84,Clean Utility Grid Sync (<3% THD)
FORD-PRO-1311,235.3,2.44,1.38,0.62,Clean Utility Grid Sync (<3% THD)
FORD-PRO-1312,220.0,6.32,2.22,0.62,Clean Utility Grid Sync (<3% THD)
FORD-PRO-1313,246.6,7.05,2.22,0.43,Clean Utility Grid Sync (<3% THD)
FORD-PRO-1314,232.2,6.32,2.4,0.26,Clean Utility Grid Sync (<3% THD)
FORD-PRO-1315,242.5,2.45,1.33,1.39,Clean Utility Grid Sync (<3% THD)
FORD-PRO-1316,233.6,8.77,2.72,1.07,Clean Utility Grid Sync (<3% THD)
FORD-PRO-1317,245.0,5.46,2.03,1.12,Clean Utility Grid Sync (<3% THD)
FORD-PRO-1318,231.2,4.88,2.63,0.2,Clean Utility Grid Sync (<3% THD)
FORD-PRO-1319,222.1,7.7,2.75,1.05,Clean Utility Grid Sync (<3% THD)
FORD-PRO-1320,231.2,8.8,3.08,0.48,Clean Utility Grid Sync (<3% THD)
FORD-PRO-1321,234.0,5.52,2.26,0.17,Clean Utility Grid Sync (<3% THD)
FORD-PRO-1322,235.3,9.35,2.92,0.97,Clean Utility Grid Sync (<3% THD)
FORD-PRO-1323,230.0,5.29,2.61,0.94,Clean Utility Grid Sync (<3% THD)
FORD-PRO-1324,232.8,9.58,3.03,0.17,Clean Utility Grid Sync (<3% THD)
FORD-PRO-1325,226.1,7.06,2.55,0.03,Clean Utility Grid Sync (<3% THD)
FORD-PRO-1326,242.1,7.91,3.0,1.37,Clean Utility Grid Sync (<3% THD)
FORD-PRO-1327,233.9,9.3,2.91,0.49,Clean Utility Grid Sync (<3% THD)
FORD-PRO-1328,229.2,4.48,2.09,1.07,Clean Utility Grid Sync (<3% THD)
FORD-PRO-1329,235.3,8.8,2.84,0.39,Clean Utility Grid Sync (<3% THD)
FORD-PRO-1330,237.7,7.22,2.33,0.04,Clean Utility Grid Sync (<3% THD)
FORD-PRO-1331,237.0,7.6,2.9,1.05,Clean Utility Grid Sync (<3% THD)
FORD-PRO-1332,229.1,9.33,3.31,0.58,Clean Utility Grid Sync (<3% THD)
FORD-PRO-1333,243.9,9.3,2.9,0.36,Clean Utility Grid Sync (<3% THD)
FORD-PRO-1334,239.4,2.5,1.78,0.01,Clean Utility Grid Sync (<3% THD)
FORD-PRO-1335,228.5,5.19,2.38,0.76,Clean Utility Grid Sync (<3% THD)
FORD-PRO-1336,236.0,8.63,2.5,0.54,Clean Utility Grid Sync (<3% THD)
FORD-PRO-1337,241.5,4.56,1.5,0.1,Clean Utility Grid Sync (<3% THD)
FORD-PRO-1338,234.5,5.5,2.2,0.11,Clean Utility Grid Sync (<3% THD)
FORD-PRO-1339,236.5,5.11,2.76,0.71,Clean Utility Grid Sync (<3% THD)
FORD-PRO-1340,240.3,4.81,2.35,0.21,Clean Utility Grid Sync (<3% THD)
FORD-PRO-1341,235.6,5.58,2.34,0.24,Clean Utility Grid Sync (<3% THD)
FORD-PRO-1342,245.0,5.5,2.9,0.73,Clean Utility Grid Sync (<3% THD)
FORD-PRO-1343,228.9,8.39,2.67,0.21,Clean Utility Grid Sync (<3% THD)
FORD-PRO-1344,230.4,3.41,1.86,0.4,Clean Utility Grid Sync (<3% THD)
FORD-PRO-1345,221.4,8.74,3.11,0.86,Clean Utility Grid Sync (<3% THD)
FORD-PRO-1346,241.6,5.79,2.35,0.81,Clean Utility Grid Sync (<3% THD)
FORD-PRO-1347,226.7,8.51,3.26,0.6,Clean Utility Grid Sync (<3% THD)
FORD-PRO-1348,223.7,6.24,1.86,0.03,Clean Utility Grid Sync (<3% THD)
FORD-PRO-1349,233.1,8.69,2.43,0.85,Clean Utility Grid Sync (<3% THD)
FORD-PRO-1350,238.0,8.54,3.23,1.02,Clean Utility Grid Sync (<3% THD)
FORD-PRO-1351,240.0,9.54,3.36,0.75,Clean Utility Grid Sync (<3% THD)
FORD-PRO-1352,229.7,4.97,2.77,0.01,Clean Utility Grid Sync (<3% THD)
FORD-PRO-1353,222.4,9.16,2.68,0.13,Clean Utility Grid Sync (<3% THD)
FORD-PRO-1354,226.8,8.74,2.55,0.64,Clean Utility Grid Sync (<3% THD)
FORD-PRO-1355,242.9,3.8,2.14,0.59,Clean Utility Grid Sync (<3% THD)
FORD-PRO-1356,225.2,5.43,1.79,1.22,Clean Utility Grid Sync (<3% THD)
FORD-PRO-1357,226.5,9.0,2.92,0.79,Clean Utility Grid Sync (<3% THD)
FORD-PRO-1358,239.7,3.96,1.79,0.68,Clean Utility Grid Sync (<3% THD)
FORD-PRO-1359,237.3,8.75,3.16,0.01,Clean Utility Grid Sync (<3% THD)
FORD-PRO-1360,221.0,8.81,3.01,0.66,Clean Utility Grid Sync (<3% THD)
FORD-PRO-1361,232.8,5.84,2.27,0.38,Clean Utility Grid Sync (<3% THD)
FORD-PRO-1362,246.0,7.96,2.31,0.24,Clean Utility Grid Sync (<3% THD)
FORD-PRO-1363,224.6,4.37,2.66,0.59,Clean Utility Grid Sync (<3% THD)
FORD-PRO-1364,237.0,5.83,2.94,1.05,Clean Utility Grid Sync (<3% THD)
FORD-PRO-1365,247.3,3.83,2.33,0.27,Clean Utility Grid Sync (<3% THD)
FORD-PRO-1366,234.0,4.71,2.08,0.26,Clean Utility Grid Sync (<3% THD)
FORD-PRO-1367,220.2,8.11,2.76,1.66,Clean Utility Grid Sync (<3% THD)
FORD-PRO-1368,229.9,2.93,1.58,0.0,Clean Utility Grid Sync (<3% THD)
FORD-PRO-1369,245.4,9.02,2.8,0.3,Clean Utility Grid Sync (<3% THD)
FORD-PRO-1370,228.4,8.97,2.75,0.55,Clean Utility Grid Sync (<3% THD)
FORD-PRO-1371,230.2,7.81,2.08,0.19,Clean Utility Grid Sync (<3% THD)
FORD-PRO-1372,243.9,6.42,3.01,0.3,Clean Utility Grid Sync (<3% THD)
FORD-PRO-1373,238.6,3.07,1.73,0.97,Clean Utility Grid Sync (<3% THD)
FORD-PRO-1374,226.2,3.45,1.95,0.32,Clean Utility Grid Sync (<3% THD)
FORD-PRO-1375,240.5,6.29,2.57,0.94,Clean Utility Grid Sync (<3% THD)
FORD-PRO-1376,225.9,8.28,3.18,0.84,Clean Utility Grid Sync (<3% THD)
FORD-PRO-1377,220.1,5.73,2.3,0.14,Clean Utility Grid Sync (<3% THD)
FORD-PRO-1378,242.3,6.14,2.94,0.07,Clean Utility Grid Sync (<3% THD)
FORD-PRO-1379,241.3,2.53,1.66,0.34,Clean Utility Grid Sync (<3% THD)
FORD-PRO-1380,238.6,4.28,1.9,0.16,Clean Utility Grid Sync (<3% THD)
FORD-PRO-1381,247.4,4.84,2.71,0.23,Clean Utility Grid Sync (<3% THD)
FORD-PRO-1382,224.8,4.85,1.91,0.29,Clean Utility Grid Sync (<3% THD)
FORD-PRO-1383,234.6,3.05,1.42,0.24,Clean Utility Grid Sync (<3% THD)
FORD-PRO-1384,220.4,9.07,2.93,0.11,Clean Utility Grid Sync (<3% THD)
FORD-PRO-1385,247.6,6.52,2.87,1.74,Clean Utility Grid Sync (<3% THD)
FORD-PRO-1386,246.1,5.84,2.63,0.01,Clean Utility Grid Sync (<3% THD)
FORD-PRO-1387,221.8,4.24,2.25,0.77,Clean Utility Grid Sync (<3% THD)
FORD-PRO-1388,244.4,5.9,2.02,1.83,Harmonic Filter Compensation Active
FORD-PRO-1389,239.0,6.71,2.65,0.09,Clean Utility Grid Sync (<3% THD)
FORD-PRO-1390,227.5,4.17,1.77,0.17,Clean Utility Grid Sync (<3% THD)
FORD-PRO-1391,222.2,4.99,2.16,0.69,Clean Utility Grid Sync (<3% THD)
FORD-PRO-1392,243.0,7.13,2.55,0.45,Clean Utility Grid Sync (<3% THD)
FORD-PRO-1393,223.5,6.43,2.71,0.09,Clean Utility Grid Sync (<3% THD)
FORD-PRO-1394,242.4,6.51,2.2,0.87,Clean Utility Grid Sync (<3% THD)
FORD-PRO-1395,239.3,9.45,2.64,0.39,Clean Utility Grid Sync (<3% THD)
FORD-PRO-1396,245.2,9.43,3.29,0.18,Clean Utility Grid Sync (<3% THD)
FORD-PRO-1397,229.7,6.28,2.72,0.31,Clean Utility Grid Sync (<3% THD)
FORD-PRO-1398,238.0,4.09,1.63,0.65,Clean Utility Grid Sync (<3% THD)
FORD-PRO-1399,236.1,7.06,2.47,0.47,Clean Utility Grid Sync (<3% THD)
FORD-PRO-1400,236.0,6.99,3.18,0.76,Clean Utility Grid Sync (<3% THD)
FORD-PRO-1401,232.6,3.37,1.38,0.24,Clean Utility Grid Sync (<3% THD)
FORD-PRO-1402,225.8,5.73,2.3,0.55,Clean Utility Grid Sync (<3% THD)
FORD-PRO-1403,243.2,5.17,2.12,0.0,Clean Utility Grid Sync (<3% THD)
FORD-PRO-1404,243.5,8.13,2.99,0.88,Clean Utility Grid Sync (<3% THD)
FORD-PRO-1405,240.2,3.24,1.62,0.58,Clean Utility Grid Sync (<3% THD)
FORD-PRO-1406,239.3,3.74,1.95,0.09,Clean Utility Grid Sync (<3% THD)
FORD-PRO-1407,229.8,7.91,2.36,0.78,Clean Utility Grid Sync (<3% THD)
FORD-PRO-1408,242.5,6.57,2.27,0.02,Clean Utility Grid Sync (<3% THD)
FORD-PRO-1409,229.0,7.98,2.49,1.01,Clean Utility Grid Sync (<3% THD)
FORD-PRO-1410,247.6,8.08,2.68,0.5,Clean Utility Grid Sync (<3% THD)
FORD-PRO-1411,235.2,5.89,2.13,0.56,Clean Utility Grid Sync (<3% THD)
FORD-PRO-1412,246.4,9.39,2.39,0.5,Clean Utility Grid Sync (<3% THD)
FORD-PRO-1413,233.7,4.79,2.25,0.92,Clean Utility Grid Sync (<3% THD)
FORD-PRO-1414,245.4,8.58,2.6,0.33,Clean Utility Grid Sync (<3% THD)
FORD-PRO-1415,237.5,7.35,2.8,0.31,Clean Utility Grid Sync (<3% THD)
FORD-PRO-1416,222.5,8.37,2.48,0.08,Clean Utility Grid Sync (<3% THD)
FORD-PRO-1417,232.6,5.21,2.32,0.63,Clean Utility Grid Sync (<3% THD)
FORD-PRO-1418,226.8,6.62,1.78,0.25,Clean Utility Grid Sync (<3% THD)
FORD-PRO-1419,224.4,4.29,1.95,0.58,Clean Utility Grid Sync (<3% THD)
FORD-PRO-1420,230.7,7.68,2.6,0.54,Clean Utility Grid Sync (<3% THD)
FORD-PRO-1421,220.3,7.25,2.79,0.4,Clean Utility Grid Sync (<3% THD)
FORD-PRO-1422,229.6,8.54,2.07,0.97,Clean Utility Grid Sync (<3% THD)
FORD-PRO-1423,223.4,3.98,1.81,0.27,Clean Utility Grid Sync (<3% THD)
FORD-PRO-1424,242.9,8.11,2.91,0.11,Clean Utility Grid Sync (<3% THD)
FORD-PRO-1425,245.5,3.49,2.52,0.5,Clean Utility Grid Sync (<3% THD)
FORD-PRO-1426,227.4,6.17,2.62,0.7,Clean Utility Grid Sync (<3% THD)
FORD-PRO-1427,233.6,6.66,2.86,0.05,Clean Utility Grid Sync (<3% THD)
FORD-PRO-1428,225.2,4.27,2.29,0.48,Clean Utility Grid Sync (<3% THD)
FORD-PRO-1429,233.3,9.18,2.87,0.29,Clean Utility Grid Sync (<3% THD)
FORD-PRO-1430,244.4,7.0,2.63,0.35,Clean Utility Grid Sync (<3% THD)
FORD-PRO-1431,235.8,5.04,2.07,0.65,Clean Utility Grid Sync (<3% THD)
FORD-PRO-1432,225.9,7.15,2.42,1.18,Clean Utility Grid Sync (<3% THD)
FORD-PRO-1433,226.2,9.16,3.02,1.51,Clean Utility Grid Sync (<3% THD)
FORD-PRO-1434,226.7,4.44,1.77,0.46,Clean Utility Grid Sync (<3% THD)
FORD-PRO-1435,231.4,8.97,2.77,0.09,Clean Utility Grid Sync (<3% THD)
FORD-PRO-1436,225.9,3.73,1.9,0.91,Clean Utility Grid Sync (<3% THD)
FORD-PRO-1437,223.9,7.08,2.47,0.11,Clean Utility Grid Sync (<3% THD)
FORD-PRO-1438,225.2,4.37,1.97,0.61,Clean Utility Grid Sync (<3% THD)
FORD-PRO-1439,244.4,7.06,2.86,0.37,Clean Utility Grid Sync (<3% THD)
FORD-PRO-1440,241.2,3.7,1.4,0.79,Clean Utility Grid Sync (<3% THD)
FORD-PRO-1441,231.4,2.52,1.24,0.74,Clean Utility Grid Sync (<3% THD)
FORD-PRO-1442,245.7,9.56,3.31,0.51,Clean Utility Grid Sync (<3% THD)
FORD-PRO-1443,246.1,8.33,2.54,0.73,Clean Utility Grid Sync (<3% THD)
FORD-PRO-1444,237.1,7.15,2.67,1.09,Clean Utility Grid Sync (<3% THD)
FORD-PRO-1445,247.6,9.09,2.31,0.99,Clean Utility Grid Sync (<3% THD)
FORD-PRO-1446,235.7,5.33,1.72,0.24,Clean Utility Grid Sync (<3% THD)
FORD-PRO-1447,235.6,4.86,1.81,0.47,Clean Utility Grid Sync (<3% THD)
FORD-PRO-1448,235.4,6.57,2.17,0.54,Clean Utility Grid Sync (<3% THD)
FORD-PRO-1449,236.4,3.06,1.93,0.13,Clean Utility Grid Sync (<3% THD)
FORD-PRO-1450,241.4,9.55,2.93,0.63,Clean Utility Grid Sync (<3% THD)
FORD-PRO-1451,239.4,5.64,2.38,0.52,Clean Utility Grid Sync (<3% THD)
FORD-PRO-1452,226.8,4.73,1.86,0.48,Clean Utility Grid Sync (<3% THD)
FORD-PRO-1453,226.6,3.91,2.5,1.11,Clean Utility Grid Sync (<3% THD)
FORD-PRO-1454,231.5,4.91,2.43,0.15,Clean Utility Grid Sync (<3% THD)
FORD-PRO-1455,239.3,6.9,2.41,0.86,Clean Utility Grid Sync (<3% THD)
FORD-PRO-1456,225.1,3.23,1.91,0.41,Clean Utility Grid Sync (<3% THD)
FORD-PRO-1457,236.0,2.43,2.24,0.4,Clean Utility Grid Sync (<3% THD)
FORD-PRO-1458,225.9,6.53,2.51,0.31,Clean Utility Grid Sync (<3% THD)
FORD-PRO-1459,228.9,8.76,2.83,0.13,Clean Utility Grid Sync (<3% THD)
FORD-PRO-1460,231.4,7.38,3.3,0.87,Clean Utility Grid Sync (<3% THD)
FORD-PRO-1461,231.9,6.26,3.18,0.3,Clean Utility Grid Sync (<3% THD)
FORD-PRO-1462,236.6,6.09,2.4,0.16,Clean Utility Grid Sync (<3% THD)
FORD-PRO-1463,225.7,4.6,3.08,0.69,Clean Utility Grid Sync (<3% THD)
FORD-PRO-1464,228.6,3.28,1.7,0.01,Clean Utility Grid Sync (<3% THD)
FORD-PRO-1465,222.1,8.23,2.33,0.56,Clean Utility Grid Sync (<3% THD)
FORD-PRO-1466,236.6,8.59,2.99,0.12,Clean Utility Grid Sync (<3% THD)
FORD-PRO-1467,233.1,4.9,2.08,0.01,Clean Utility Grid Sync (<3% THD)
FORD-PRO-1468,231.6,6.84,2.96,0.16,Clean Utility Grid Sync (<3% THD)
FORD-PRO-1469,222.3,4.55,2.05,0.49,Clean Utility Grid Sync (<3% THD)
FORD-PRO-1470,236.0,6.23,1.82,0.29,Clean Utility Grid Sync (<3% THD)
FORD-PRO-1471,226.1,9.06,2.88,0.14,Clean Utility Grid Sync (<3% THD)
FORD-PRO-1472,221.7,7.24,2.18,0.15,Clean Utility Grid Sync (<3% THD)
FORD-PRO-1473,229.5,5.9,2.79,1.96,Harmonic Filter Compensation Active
FORD-PRO-1474,229.6,8.69,2.76,0.23,Clean Utility Grid Sync (<3% THD)
FORD-PRO-1475,222.0,8.73,2.71,0.01,Clean Utility Grid Sync (<3% THD)
FORD-PRO-1476,242.9,3.55,1.52,2.13,Harmonic Filter Compensation Active
FORD-PRO-1477,231.3,3.6,1.67,0.4,Clean Utility Grid Sync (<3% THD)
FORD-PRO-1478,239.2,7.95,2.65,0.82,Clean Utility Grid Sync (<3% THD)
FORD-PRO-1479,230.4,7.75,2.63,0.19,Clean Utility Grid Sync (<3% THD)
FORD-PRO-1480,241.2,5.07,1.62,0.67,Clean Utility Grid Sync (<3% THD)
FORD-PRO-1481,232.4,4.86,2.19,0.19,Clean Utility Grid Sync (<3% THD)
FORD-PRO-1482,247.7,7.31,2.43,0.14,Clean Utility Grid Sync (<3% THD)
FORD-PRO-1483,235.0,3.52,1.53,0.91,Clean Utility Grid Sync (<3% THD)
FORD-PRO-1484,244.7,5.54,1.86,0.28,Clean Utility Grid Sync (<3% THD)
FORD-PRO-1485,247.2,5.05,2.34,0.64,Clean Utility Grid Sync (<3% THD)
FORD-PRO-1486,241.8,7.61,2.85,0.27,Clean Utility Grid Sync (<3% THD)
FORD-PRO-1487,235.1,5.22,1.98,0.06,Clean Utility Grid Sync (<3% THD)
FORD-PRO-1488,233.8,7.58,2.66,0.55,Clean Utility Grid Sync (<3% THD)
FORD-PRO-1489,232.9,7.2,2.56,0.08,Clean Utility Grid Sync (<3% THD)
FORD-PRO-1490,221.6,7.75,2.13,0.79,Clean Utility Grid Sync (<3% THD)
FORD-PRO-1491,238.1,2.43,2.16,1.17,Clean Utility Grid Sync (<3% THD)
FORD-PRO-1492,241.5,3.09,1.69,0.1,Clean Utility Grid Sync (<3% THD)
FORD-PRO-1493,238.1,3.66,1.97,0.31,Clean Utility Grid Sync (<3% THD)
FORD-PRO-1494,234.8,4.37,2.05,1.71,Clean Utility Grid Sync (<3% THD)
FORD-PRO-1495,220.4,6.1,2.21,0.09,Clean Utility Grid Sync (<3% THD)
FORD-PRO-1496,227.1,3.99,1.96,0.93,Clean Utility Grid Sync (<3% THD)
FORD-PRO-1497,220.0,4.55,2.04,0.33,Clean Utility Grid Sync (<3% THD)
FORD-PRO-1498,227.9,6.8,3.19,0.89,Clean Utility Grid Sync (<3% THD)
FORD-PRO-1499,220.8,7.97,2.87,0.16,Clean Utility Grid Sync (<3% THD)
FORD-PRO-1500,245.2,4.95,2.09,1.18,Clean Utility Grid Sync (<3% THD)
FORD-PRO-1501,240.1,8.5,2.47,0.64,Clean Utility Grid Sync (<3% THD)
FORD-PRO-1502,246.9,6.68,2.05,0.02,Clean Utility Grid Sync (<3% THD)
FORD-PRO-1503,240.4,8.34,2.44,0.9,Clean Utility Grid Sync (<3% THD)
FORD-PRO-1504,231.2,7.4,2.7,0.67,Clean Utility Grid Sync (<3% THD)
FORD-PRO-1505,232.0,7.55,2.33,0.04,Clean Utility Grid Sync (<3% THD)
FORD-PRO-1506,225.2,3.87,1.93,0.05,Clean Utility Grid Sync (<3% THD)
FORD-PRO-1507,239.4,7.02,1.92,0.19,Clean Utility Grid Sync (<3% THD)
FORD-PRO-1508,244.1,9.06,2.98,0.35,Clean Utility Grid Sync (<3% THD)
FORD-PRO-1509,233.7,5.48,2.04,0.27,Clean Utility Grid Sync (<3% THD)
FORD-PRO-1510,239.3,5.17,1.91,0.41,Clean Utility Grid Sync (<3% THD)
FORD-PRO-1511,234.3,6.83,3.21,0.86,Clean Utility Grid Sync (<3% THD)
FORD-PRO-1512,233.0,7.85,2.34,0.83,Clean Utility Grid Sync (<3% THD)
FORD-PRO-1513,234.9,6.41,2.35,0.1,Clean Utility Grid Sync (<3% THD)
FORD-PRO-1514,235.5,8.97,2.99,0.71,Clean Utility Grid Sync (<3% THD)
FORD-PRO-1515,232.9,2.64,1.83,0.52,Clean Utility Grid Sync (<3% THD)
FORD-PRO-1516,241.7,8.82,2.79,0.88,Clean Utility Grid Sync (<3% THD)
FORD-PRO-1517,228.0,8.73,2.87,0.53,Clean Utility Grid Sync (<3% THD)
FORD-PRO-1518,232.8,8.31,2.58,0.9,Clean Utility Grid Sync (<3% THD)
FORD-PRO-1519,223.3,4.23,1.56,0.59,Clean Utility Grid Sync (<3% THD)
FORD-PRO-1520,223.5,3.94,2.41,0.22,Clean Utility Grid Sync (<3% THD)
FORD-PRO-1521,232.6,3.71,2.14,1.14,Clean Utility Grid Sync (<3% THD)
FORD-PRO-1522,223.8,5.33,1.81,0.15,Clean Utility Grid Sync (<3% THD)
FORD-PRO-1523,244.6,5.8,2.51,0.53,Clean Utility Grid Sync (<3% THD)
FORD-PRO-1524,229.8,9.07,2.79,0.87,Clean Utility Grid Sync (<3% THD)
FORD-PRO-1525,245.9,3.8,1.94,0.84,Clean Utility Grid Sync (<3% THD)
FORD-PRO-1526,231.5,4.2,2.19,0.03,Clean Utility Grid Sync (<3% THD)
FORD-PRO-1527,241.8,8.96,2.66,0.41,Clean Utility Grid Sync (<3% THD)
FORD-PRO-1528,222.7,4.38,1.73,0.8,Clean Utility Grid Sync (<3% THD)
FORD-PRO-1529,238.3,8.96,2.81,0.24,Clean Utility Grid Sync (<3% THD)
FORD-PRO-1530,240.2,6.36,2.44,0.75,Clean Utility Grid Sync (<3% THD)
FORD-PRO-1531,225.9,7.53,2.54,1.07,Clean Utility Grid Sync (<3% THD)
FORD-PRO-1532,224.8,6.61,2.28,0.63,Clean Utility Grid Sync (<3% THD)
FORD-PRO-1533,242.3,7.75,3.0,0.81,Clean Utility Grid Sync (<3% THD)
FORD-PRO-1534,229.6,4.0,2.07,0.36,Clean Utility Grid Sync (<3% THD)
FORD-PRO-1535,238.0,8.23,2.37,0.62,Clean Utility Grid Sync (<3% THD)
FORD-PRO-1536,239.4,7.27,2.86,0.13,Clean Utility Grid Sync (<3% THD)
FORD-PRO-1537,240.8,4.42,2.69,0.05,Clean Utility Grid Sync (<3% THD)
FORD-PRO-1538,237.2,7.45,2.77,0.13,Clean Utility Grid Sync (<3% THD)
FORD-PRO-1539,235.7,3.3,1.69,0.2,Clean Utility Grid Sync (<3% THD)
FORD-PRO-1540,227.0,2.55,1.99,0.15,Clean Utility Grid Sync (<3% THD)
FORD-PRO-1541,231.3,5.71,2.3,0.78,Clean Utility Grid Sync (<3% THD)
FORD-PRO-1542,229.2,6.43,2.45,0.17,Clean Utility Grid Sync (<3% THD)
FORD-PRO-1543,238.3,5.39,2.35,0.17,Clean Utility Grid Sync (<3% THD)
FORD-PRO-1544,223.1,9.05,3.43,0.68,Clean Utility Grid Sync (<3% THD)
FORD-PRO-1545,221.6,6.32,2.81,1.11,Clean Utility Grid Sync (<3% THD)
FORD-PRO-1546,242.1,5.74,2.46,0.65,Clean Utility Grid Sync (<3% THD)
FORD-PRO-1547,245.7,3.48,1.56,1.18,Clean Utility Grid Sync (<3% THD)
FORD-PRO-1548,233.5,3.07,1.55,0.1,Clean Utility Grid Sync (<3% THD)
FORD-PRO-1549,222.8,5.31,2.55,0.18,Clean Utility Grid Sync (<3% THD)
FORD-PRO-1550,230.7,7.01,1.8,0.22,Clean Utility Grid Sync (<3% THD)
FORD-PRO-1551,245.0,7.48,2.71,0.61,Clean Utility Grid Sync (<3% THD)
FORD-PRO-1552,235.7,7.15,2.78,0.91,Clean Utility Grid Sync (<3% THD)
FORD-PRO-1553,236.1,3.54,1.89,0.12,Clean Utility Grid Sync (<3% THD)
FORD-PRO-1554,228.1,8.75,3.09,1.23,Clean Utility Grid Sync (<3% THD)
FORD-PRO-1555,228.6,4.41,1.91,0.73,Clean Utility Grid Sync (<3% THD)
FORD-PRO-1556,235.9,8.04,3.25,0.2,Clean Utility Grid Sync (<3% THD)
FORD-PRO-1557,244.0,5.28,2.05,0.46,Clean Utility Grid Sync (<3% THD)
FORD-PRO-1558,225.7,8.43,2.58,0.85,Clean Utility Grid Sync (<3% THD)
FORD-PRO-1559,222.0,4.29,1.49,0.21,Clean Utility Grid Sync (<3% THD)
FORD-PRO-1560,242.1,5.13,1.7,0.34,Clean Utility Grid Sync (<3% THD)
FORD-PRO-1561,247.9,5.7,2.44,0.69,Clean Utility Grid Sync (<3% THD)
FORD-PRO-1562,228.9,7.3,2.89,0.61,Clean Utility Grid Sync (<3% THD)
FORD-PRO-1563,229.8,8.06,2.61,0.17,Clean Utility Grid Sync (<3% THD)
FORD-PRO-1564,229.6,6.35,2.61,0.27,Clean Utility Grid Sync (<3% THD)
FORD-PRO-1565,236.9,6.29,2.3,0.18,Clean Utility Grid Sync (<3% THD)
FORD-PRO-1566,225.4,5.05,2.17,0.3,Clean Utility Grid Sync (<3% THD)
FORD-PRO-1567,224.7,3.97,2.01,0.16,Clean Utility Grid Sync (<3% THD)
FORD-PRO-1568,224.4,6.06,2.49,0.89,Clean Utility Grid Sync (<3% THD)
FORD-PRO-1569,221.0,8.88,3.11,1.04,Clean Utility Grid Sync (<3% THD)
FORD-PRO-1570,237.5,8.59,3.05,0.59,Clean Utility Grid Sync (<3% THD)
FORD-PRO-1571,233.9,9.42,2.88,0.28,Clean Utility Grid Sync (<3% THD)
FORD-PRO-1572,225.2,8.53,2.87,0.37,Clean Utility Grid Sync (<3% THD)
FORD-PRO-1573,246.4,7.63,2.5,1.06,Clean Utility Grid Sync (<3% THD)
FORD-PRO-1574,241.0,3.44,1.64,0.52,Clean Utility Grid Sync (<3% THD)
FORD-PRO-1575,220.7,8.2,2.56,0.3,Clean Utility Grid Sync (<3% THD)
FORD-PRO-1576,245.5,5.24,2.49,0.2,Clean Utility Grid Sync (<3% THD)
FORD-PRO-1577,235.9,8.38,2.59,0.88,Clean Utility Grid Sync (<3% THD)
FORD-PRO-1578,245.6,8.54,2.79,0.59,Clean Utility Grid Sync (<3% THD)
FORD-PRO-1579,224.8,5.98,2.13,0.17,Clean Utility Grid Sync (<3% THD)
FORD-PRO-1580,226.8,9.38,2.9,0.45,Clean Utility Grid Sync (<3% THD)
FORD-PRO-1581,221.5,8.67,2.48,0.25,Clean Utility Grid Sync (<3% THD)
FORD-PRO-1582,236.6,9.34,2.67,0.41,Clean Utility Grid Sync (<3% THD)
FORD-PRO-1583,240.9,8.98,2.45,0.31,Clean Utility Grid Sync (<3% THD)
FORD-PRO-1584,240.4,5.86,2.29,0.2,Clean Utility Grid Sync (<3% THD)
FORD-PRO-1585,241.9,2.92,2.16,0.29,Clean Utility Grid Sync (<3% THD)
FORD-PRO-1586,229.2,2.91,1.76,0.18,Clean Utility Grid Sync (<3% THD)
FORD-PRO-1587,227.6,3.88,1.84,0.35,Clean Utility Grid Sync (<3% THD)
FORD-PRO-1588,245.7,3.45,2.57,0.73,Clean Utility Grid Sync (<3% THD)
FORD-PRO-1589,245.3,3.17,1.47,0.28,Clean Utility Grid Sync (<3% THD)
FORD-PRO-1590,246.5,9.47,3.31,0.15,Clean Utility Grid Sync (<3% THD)
FORD-PRO-1591,240.4,5.05,1.5,0.68,Clean Utility Grid Sync (<3% THD)
FORD-PRO-1592,229.2,2.65,1.76,0.01,Clean Utility Grid Sync (<3% THD)
FORD-PRO-1593,229.2,7.79,2.79,0.52,Clean Utility Grid Sync (<3% THD)
FORD-PRO-1594,225.6,7.3,2.32,0.21,Clean Utility Grid Sync (<3% THD)
FORD-PRO-1595,236.0,9.45,2.71,0.23,Clean Utility Grid Sync (<3% THD)
FORD-PRO-1596,234.3,7.57,2.44,0.7,Clean Utility Grid Sync (<3% THD)
FORD-PRO-1597,233.2,3.7,1.6,1.45,Clean Utility Grid Sync (<3% THD)
FORD-PRO-1598,232.9,4.22,1.5,0.86,Clean Utility Grid Sync (<3% THD)
FORD-PRO-1599,228.5,4.59,1.84,1.36,Clean Utility Grid Sync (<3% THD)
FORD-PRO-1600,223.1,9.45,2.68,0.22,Clean Utility Grid Sync (<3% THD)
FORD-PRO-1601,228.8,2.54,1.39,0.62,Clean Utility Grid Sync (<3% THD)
FORD-PRO-1602,243.2,4.34,1.99,0.69,Clean Utility Grid Sync (<3% THD)
FORD-PRO-1603,223.2,2.71,1.95,0.82,Clean Utility Grid Sync (<3% THD)
FORD-PRO-1604,236.5,2.68,1.94,0.34,Clean Utility Grid Sync (<3% THD)
FORD-PRO-1605,246.0,7.26,3.22,0.16,Clean Utility Grid Sync (<3% THD)
FORD-PRO-1606,238.4,8.56,3.35,0.82,Clean Utility Grid Sync (<3% THD)
FORD-PRO-1607,239.5,3.66,2.41,0.32,Clean Utility Grid Sync (<3% THD)
FORD-PRO-1608,232.7,3.84,2.16,0.46,Clean Utility Grid Sync (<3% THD)
FORD-PRO-1609,238.8,7.24,2.49,1.2,Clean Utility Grid Sync (<3% THD)
FORD-PRO-1610,221.4,8.67,2.71,0.0,Clean Utility Grid Sync (<3% THD)
FORD-PRO-1611,236.4,5.74,2.34,0.65,Clean Utility Grid Sync (<3% THD)
FORD-PRO-1612,227.7,8.48,3.0,0.23,Clean Utility Grid Sync (<3% THD)
FORD-PRO-1613,241.0,7.99,2.52,0.62,Clean Utility Grid Sync (<3% THD)
FORD-PRO-1614,230.6,2.79,1.11,1.25,Clean Utility Grid Sync (<3% THD)
FORD-PRO-1615,241.3,9.28,2.64,0.27,Clean Utility Grid Sync (<3% THD)
FORD-PRO-1616,241.7,2.52,1.8,0.28,Clean Utility Grid Sync (<3% THD)
FORD-PRO-1617,226.7,5.43,2.81,0.31,Clean Utility Grid Sync (<3% THD)
FORD-PRO-1618,244.6,4.47,2.03,0.57,Clean Utility Grid Sync (<3% THD)
FORD-PRO-1619,240.4,6.11,2.21,0.37,Clean Utility Grid Sync (<3% THD)
FORD-PRO-1620,245.8,8.0,2.6,0.2,Clean Utility Grid Sync (<3% THD)
FORD-PRO-1621,246.2,5.3,2.41,1.67,Clean Utility Grid Sync (<3% THD)
FORD-PRO-1622,223.8,2.78,1.66,0.78,Clean Utility Grid Sync (<3% THD)
FORD-PRO-1623,226.0,5.12,2.04,0.2,Clean Utility Grid Sync (<3% THD)
FORD-PRO-1624,221.5,8.68,2.83,0.84,Clean Utility Grid Sync (<3% THD)
FORD-PRO-1625,246.0,8.17,2.71,0.01,Clean Utility Grid Sync (<3% THD)
FORD-PRO-1626,236.9,6.36,2.37,1.34,Clean Utility Grid Sync (<3% THD)
FORD-PRO-1627,242.2,6.87,2.66,0.86,Clean Utility Grid Sync (<3% THD)
FORD-PRO-1628,227.3,5.2,2.18,0.47,Clean Utility Grid Sync (<3% THD)
FORD-PRO-1629,231.6,8.02,2.59,1.16,Clean Utility Grid Sync (<3% THD)
FORD-PRO-1630,241.8,8.23,3.0,0.56,Clean Utility Grid Sync (<3% THD)
FORD-PRO-1631,225.9,7.85,2.51,0.39,Clean Utility Grid Sync (<3% THD)
FORD-PRO-1632,241.7,5.41,2.4,0.08,Clean Utility Grid Sync (<3% THD)
FORD-PRO-1633,240.8,6.8,1.81,0.35,Clean Utility Grid Sync (<3% THD)
FORD-PRO-1634,241.1,2.56,1.44,1.08,Clean Utility Grid Sync (<3% THD)
FORD-PRO-1635,225.4,7.17,2.13,0.74,Clean Utility Grid Sync (<3% THD)
FORD-PRO-1636,245.4,3.86,1.8,0.37,Clean Utility Grid Sync (<3% THD)
FORD-PRO-1637,244.2,5.38,2.23,0.71,Clean Utility Grid Sync (<3% THD)
FORD-PRO-1638,242.8,3.84,1.69,0.28,Clean Utility Grid Sync (<3% THD)
FORD-PRO-1639,237.4,4.3,1.66,0.18,Clean Utility Grid Sync (<3% THD)
FORD-PRO-1640,247.8,6.45,2.44,0.48,Clean Utility Grid Sync (<3% THD)
FORD-PRO-1641,239.9,5.84,2.41,0.52,Clean Utility Grid Sync (<3% THD)
FORD-PRO-1642,247.0,7.06,2.33,0.21,Clean Utility Grid Sync (<3% THD)
FORD-PRO-1643,229.4,3.34,1.42,0.39,Clean Utility Grid Sync (<3% THD)
FORD-PRO-1644,228.2,7.97,2.95,0.33,Clean Utility Grid Sync (<3% THD)
FORD-PRO-1645,236.2,9.21,3.07,0.03,Clean Utility Grid Sync (<3% THD)
FORD-PRO-1646,224.3,9.15,3.83,0.54,Harmonic Filter Compensation Active
FORD-PRO-1647,246.0,8.64,2.76,0.53,Clean Utility Grid Sync (<3% THD)
FORD-PRO-1648,237.6,4.31,1.65,0.41,Clean Utility Grid Sync (<3% THD)
FORD-PRO-1649,243.4,7.15,2.55,1.23,Clean Utility Grid Sync (<3% THD)
FORD-PRO-1650,221.9,8.34,2.74,1.04,Clean Utility Grid Sync (<3% THD)
FORD-PRO-1651,246.9,5.07,2.37,0.26,Clean Utility Grid Sync (<3% THD)
FORD-PRO-1652,247.1,2.41,2.07,0.23,Clean Utility Grid Sync (<3% THD)
FORD-PRO-1653,223.8,3.21,1.08,0.74,Clean Utility Grid Sync (<3% THD)
FORD-PRO-1654,233.0,2.52,1.68,0.26,Clean Utility Grid Sync (<3% THD)
FORD-PRO-1655,234.7,8.51,3.15,0.23,Clean Utility Grid Sync (<3% THD)
FORD-PRO-1656,229.6,4.94,2.19,0.01,Clean Utility Grid Sync (<3% THD)
FORD-PRO-1657,232.5,4.95,1.94,0.38,Clean Utility Grid Sync (<3% THD)
FORD-PRO-1658,237.5,6.94,2.81,0.06,Clean Utility Grid Sync (<3% THD)
FORD-PRO-1659,230.8,5.24,2.38,0.11,Clean Utility Grid Sync (<3% THD)
FORD-PRO-1660,239.8,7.04,1.73,0.03,Clean Utility Grid Sync (<3% THD)
FORD-PRO-1661,228.3,7.34,2.36,0.36,Clean Utility Grid Sync (<3% THD)
FORD-PRO-1662,236.4,3.38,1.68,0.3,Clean Utility Grid Sync (<3% THD)
FORD-PRO-1663,221.8,3.56,2.05,1.28,Clean Utility Grid Sync (<3% THD)
FORD-PRO-1664,221.7,3.16,1.58,0.17,Clean Utility Grid Sync (<3% THD)
FORD-PRO-1665,220.8,3.29,2.11,0.73,Clean Utility Grid Sync (<3% THD)
FORD-PRO-1666,245.2,3.8,1.88,1.14,Clean Utility Grid Sync (<3% THD)
FORD-PRO-1667,237.3,7.02,2.38,0.77,Clean Utility Grid Sync (<3% THD)
FORD-PRO-1668,223.2,3.58,1.42,0.07,Clean Utility Grid Sync (<3% THD)
FORD-PRO-1669,235.2,6.83,2.59,1.34,Clean Utility Grid Sync (<3% THD)
FORD-PRO-1670,229.1,8.93,2.69,0.7,Clean Utility Grid Sync (<3% THD)
FORD-PRO-1671,231.1,9.15,3.41,0.44,Clean Utility Grid Sync (<3% THD)
FORD-PRO-1672,238.2,3.53,1.58,0.18,Clean Utility Grid Sync (<3% THD)
FORD-PRO-1673,241.5,5.66,2.47,0.27,Clean Utility Grid Sync (<3% THD)
FORD-PRO-1674,246.3,3.12,2.07,0.36,Clean Utility Grid Sync (<3% THD)
FORD-PRO-1675,235.9,3.6,2.03,0.15,Clean Utility Grid Sync (<3% THD)
FORD-PRO-1676,233.8,3.04,1.82,0.26,Clean Utility Grid Sync (<3% THD)
FORD-PRO-1677,230.3,4.24,2.16,0.74,Clean Utility Grid Sync (<3% THD)
FORD-PRO-1678,225.4,3.64,2.36,0.29,Clean Utility Grid Sync (<3% THD)
FORD-PRO-1679,222.2,5.86,2.14,0.01,Clean Utility Grid Sync (<3% THD)
FORD-PRO-1680,225.1,6.37,2.35,0.35,Clean Utility Grid Sync (<3% THD)
FORD-PRO-1681,228.6,6.22,2.32,0.66,Clean Utility Grid Sync (<3% THD)
FORD-PRO-1682,242.5,4.4,2.44,0.04,Clean Utility Grid Sync (<3% THD)
FORD-PRO-1683,237.7,7.72,2.86,0.01,Clean Utility Grid Sync (<3% THD)
FORD-PRO-1684,224.4,5.03,2.15,0.12,Clean Utility Grid Sync (<3% THD)
FORD-PRO-1685,223.1,6.81,2.63,1.28,Clean Utility Grid Sync (<3% THD)
FORD-PRO-1686,239.9,2.6,0.87,0.92,Clean Utility Grid Sync (<3% THD)
FORD-PRO-1687,239.7,3.56,1.21,0.66,Clean Utility Grid Sync (<3% THD)
FORD-PRO-1688,236.9,6.02,2.2,0.3,Clean Utility Grid Sync (<3% THD)
FORD-PRO-1689,240.5,7.7,2.84,0.17,Clean Utility Grid Sync (<3% THD)
FORD-PRO-1690,229.6,3.06,2.31,0.72,Clean Utility Grid Sync (<3% THD)
FORD-PRO-1691,233.0,6.83,2.71,0.86,Clean Utility Grid Sync (<3% THD)
FORD-PRO-1692,234.7,3.92,1.97,0.53,Clean Utility Grid Sync (<3% THD)
FORD-PRO-1693,237.5,5.83,2.27,0.5,Clean Utility Grid Sync (<3% THD)
FORD-PRO-1694,238.8,4.6,1.89,0.5,Clean Utility Grid Sync (<3% THD)
FORD-PRO-1695,232.3,9.38,2.38,0.37,Clean Utility Grid Sync (<3% THD)
FORD-PRO-1696,228.5,7.66,2.91,1.96,Harmonic Filter Compensation Active
FORD-PRO-1697,240.4,8.33,2.73,0.17,Clean Utility Grid Sync (<3% THD)
FORD-PRO-1698,232.5,3.11,1.54,0.83,Clean Utility Grid Sync (<3% THD)
FORD-PRO-1699,234.0,8.38,3.38,1.46,Clean Utility Grid Sync (<3% THD)
FORD-PRO-1700,239.8,7.68,2.88,0.16,Clean Utility Grid Sync (<3% THD)
FORD-PRO-1701,232.0,6.64,2.54,0.51,Clean Utility Grid Sync (<3% THD)
FORD-PRO-1702,240.1,6.47,2.71,0.51,Clean Utility Grid Sync (<3% THD)
FORD-PRO-1703,221.1,3.48,2.49,0.81,Clean Utility Grid Sync (<3% THD)
FORD-PRO-1704,229.0,5.03,2.57,0.49,Clean Utility Grid Sync (<3% THD)
FORD-PRO-1705,239.5,2.61,1.48,0.4,Clean Utility Grid Sync (<3% THD)
FORD-PRO-1706,226.1,2.72,1.0,0.58,Clean Utility Grid Sync (<3% THD)
FORD-PRO-1707,221.1,8.17,2.51,0.79,Clean Utility Grid Sync (<3% THD)
FORD-PRO-1708,222.6,2.93,1.61,0.16,Clean Utility Grid Sync (<3% THD)
FORD-PRO-1709,221.1,2.77,1.73,0.88,Clean Utility Grid Sync (<3% THD)
FORD-PRO-1710,223.9,2.82,1.79,1.96,Harmonic Filter Compensation Active
FORD-PRO-1711,238.0,6.08,2.62,0.36,Clean Utility Grid Sync (<3% THD)
FORD-PRO-1712,245.6,7.16,2.61,0.71,Clean Utility Grid Sync (<3% THD)
FORD-PRO-1713,230.9,2.45,1.58,0.01,Clean Utility Grid Sync (<3% THD)
FORD-PRO-1714,242.7,5.02,2.2,0.24,Clean Utility Grid Sync (<3% THD)
FORD-PRO-1715,238.5,9.11,3.18,0.11,Clean Utility Grid Sync (<3% THD)
FORD-PRO-1716,234.5,5.9,2.53,0.21,Clean Utility Grid Sync (<3% THD)
FORD-PRO-1717,240.7,8.56,3.16,1.1,Clean Utility Grid Sync (<3% THD)
FORD-PRO-1718,235.2,5.64,2.16,0.07,Clean Utility Grid Sync (<3% THD)
FORD-PRO-1719,241.2,6.41,2.47,0.75,Clean Utility Grid Sync (<3% THD)
FORD-PRO-1720,235.6,3.65,1.55,0.45,Clean Utility Grid Sync (<3% THD)
FORD-PRO-1721,244.0,7.52,2.22,0.24,Clean Utility Grid Sync (<3% THD)
FORD-PRO-1722,227.3,8.37,2.31,0.27,Clean Utility Grid Sync (<3% THD)
FORD-PRO-1723,239.0,6.03,2.24,0.17,Clean Utility Grid Sync (<3% THD)
FORD-PRO-1724,237.4,8.57,2.33,0.48,Clean Utility Grid Sync (<3% THD)
FORD-PRO-1725,247.0,4.46,2.43,0.54,Clean Utility Grid Sync (<3% THD)
FORD-PRO-1726,222.7,3.74,1.52,1.55,Clean Utility Grid Sync (<3% THD)
FORD-PRO-1727,227.5,5.26,1.83,0.42,Clean Utility Grid Sync (<3% THD)
FORD-PRO-1728,244.1,6.64,1.71,0.28,Clean Utility Grid Sync (<3% THD)
FORD-PRO-1729,223.2,6.18,2.37,0.07,Clean Utility Grid Sync (<3% THD)
FORD-PRO-1730,234.0,2.83,2.02,0.82,Clean Utility Grid Sync (<3% THD)
FORD-PRO-1731,247.0,5.26,2.27,0.8,Clean Utility Grid Sync (<3% THD)
FORD-PRO-1732,247.8,3.0,1.44,0.12,Clean Utility Grid Sync (<3% THD)
FORD-PRO-1733,238.8,6.24,2.79,0.45,Clean Utility Grid Sync (<3% THD)
FORD-PRO-1734,234.8,6.83,2.0,0.22,Clean Utility Grid Sync (<3% THD)
FORD-PRO-1735,244.9,5.42,2.55,0.51,Clean Utility Grid Sync (<3% THD)
FORD-PRO-1736,242.5,7.19,2.32,0.64,Clean Utility Grid Sync (<3% THD)
FORD-PRO-1737,239.0,2.92,1.17,0.61,Clean Utility Grid Sync (<3% THD)
FORD-PRO-1738,220.7,5.18,2.32,0.42,Clean Utility Grid Sync (<3% THD)
FORD-PRO-1739,230.0,7.73,2.43,1.56,Clean Utility Grid Sync (<3% THD)
FORD-PRO-1740,225.1,9.07,2.92,0.43,Clean Utility Grid Sync (<3% THD)
FORD-PRO-1741,220.9,7.58,2.39,0.46,Clean Utility Grid Sync (<3% THD)
FORD-PRO-1742,235.5,4.92,2.46,0.67,Clean Utility Grid Sync (<3% THD)
FORD-PRO-1743,230.4,7.81,2.58,1.19,Clean Utility Grid Sync (<3% THD)
FORD-PRO-1744,238.7,5.34,2.38,0.28,Clean Utility Grid Sync (<3% THD)
FORD-PRO-1745,225.6,9.56,3.73,2.31,Harmonic Filter Compensation Active
FORD-PRO-1746,242.1,6.62,2.21,0.04,Clean Utility Grid Sync (<3% THD)
FORD-PRO-1747,245.5,2.88,1.29,0.87,Clean Utility Grid Sync (<3% THD)
FORD-PRO-1748,244.1,4.36,2.05,0.73,Clean Utility Grid Sync (<3% THD)
FORD-PRO-1749,247.0,2.98,1.68,0.07,Clean Utility Grid Sync (<3% THD)
FORD-PRO-1750,247.2,2.42,1.28,0.37,Clean Utility Grid Sync (<3% THD)
FORD-PRO-1751,243.2,4.94,1.63,0.18,Clean Utility Grid Sync (<3% THD)
FORD-PRO-1752,232.9,4.02,1.49,0.1,Clean Utility Grid Sync (<3% THD)
FORD-PRO-1753,234.5,5.73,2.35,0.3,Clean Utility Grid Sync (<3% THD)
FORD-PRO-1754,246.2,2.47,2.08,0.29,Clean Utility Grid Sync (<3% THD)
FORD-PRO-1755,243.7,8.31,2.12,0.01,Clean Utility Grid Sync (<3% THD)
FORD-PRO-1756,229.9,4.91,2.12,0.02,Clean Utility Grid Sync (<3% THD)
FORD-PRO-1757,221.5,6.49,2.48,0.45,Clean Utility Grid Sync (<3% THD)
FORD-PRO-1758,227.1,4.12,1.99,0.13,Clean Utility Grid Sync (<3% THD)
FORD-PRO-1759,238.6,8.42,2.46,0.08,Clean Utility Grid Sync (<3% THD)
FORD-PRO-1760,238.7,2.43,1.84,2.08,Harmonic Filter Compensation Active
FORD-PRO-1761,247.7,4.51,2.78,0.38,Clean Utility Grid Sync (<3% THD)
FORD-PRO-1762,240.1,7.61,2.64,0.82,Clean Utility Grid Sync (<3% THD)
FORD-PRO-1763,241.0,5.91,1.86,0.49,Clean Utility Grid Sync (<3% THD)
FORD-PRO-1764,244.6,9.34,3.2,1.1,Clean Utility Grid Sync (<3% THD)
FORD-PRO-1765,220.9,7.14,3.62,0.65,Clean Utility Grid Sync (<3% THD)
FORD-PRO-1766,229.3,3.5,1.8,1.0,Clean Utility Grid Sync (<3% THD)
FORD-PRO-1767,221.1,8.64,2.69,0.94,Clean Utility Grid Sync (<3% THD)
FORD-PRO-1768,228.5,2.99,1.87,0.26,Clean Utility Grid Sync (<3% THD)
FORD-PRO-1769,236.7,8.4,2.81,0.62,Clean Utility Grid Sync (<3% THD)
FORD-PRO-1770,226.5,5.98,1.85,0.83,Clean Utility Grid Sync (<3% THD)
FORD-PRO-1771,245.5,6.65,2.44,0.86,Clean Utility Grid Sync (<3% THD)
FORD-PRO-1772,228.6,2.89,2.1,0.0,Clean Utility Grid Sync (<3% THD)
FORD-PRO-1773,226.5,3.55,1.9,0.6,Clean Utility Grid Sync (<3% THD)
FORD-PRO-1774,220.7,9.25,2.54,1.01,Clean Utility Grid Sync (<3% THD)
FORD-PRO-1775,221.6,9.36,3.06,0.59,Clean Utility Grid Sync (<3% THD)
FORD-PRO-1776,230.5,2.61,1.9,0.21,Clean Utility Grid Sync (<3% THD)
FORD-PRO-1777,223.9,6.64,2.75,0.03,Clean Utility Grid Sync (<3% THD)
FORD-PRO-1778,227.5,6.92,2.73,0.09,Clean Utility Grid Sync (<3% THD)
FORD-PRO-1779,230.6,5.57,2.53,0.77,Clean Utility Grid Sync (<3% THD)
FORD-PRO-1780,237.2,7.96,2.41,0.65,Clean Utility Grid Sync (<3% THD)
FORD-PRO-1781,230.4,3.2,1.87,0.09,Clean Utility Grid Sync (<3% THD)
FORD-PRO-1782,243.1,3.96,2.41,0.18,Clean Utility Grid Sync (<3% THD)
FORD-PRO-1783,243.3,5.11,2.02,0.7,Clean Utility Grid Sync (<3% THD)
FORD-PRO-1784,239.1,4.78,1.63,0.28,Clean Utility Grid Sync (<3% THD)
FORD-PRO-1785,231.5,8.23,3.02,0.32,Clean Utility Grid Sync (<3% THD)
FORD-PRO-1786,240.1,6.81,2.11,0.25,Clean Utility Grid Sync (<3% THD)
FORD-PRO-1787,224.2,5.42,1.42,0.18,Clean Utility Grid Sync (<3% THD)
FORD-PRO-1788,238.9,7.51,2.4,0.18,Clean Utility Grid Sync (<3% THD)
FORD-PRO-1789,222.0,8.66,2.69,0.76,Clean Utility Grid Sync (<3% THD)
FORD-PRO-1790,242.9,6.0,2.49,0.05,Clean Utility Grid Sync (<3% THD)
FORD-PRO-1791,226.6,7.83,2.8,0.73,Clean Utility Grid Sync (<3% THD)
FORD-PRO-1792,232.2,4.1,1.57,0.96,Clean Utility Grid Sync (<3% THD)
FORD-PRO-1793,239.9,3.16,1.73,0.94,Clean Utility Grid Sync (<3% THD)
FORD-PRO-1794,232.7,9.43,2.46,0.39,Clean Utility Grid Sync (<3% THD)
FORD-PRO-1795,232.6,9.05,3.38,0.61,Clean Utility Grid Sync (<3% THD)
FORD-PRO-1796,237.1,4.0,2.18,1.13,Clean Utility Grid Sync (<3% THD)
FORD-PRO-1797,222.9,7.76,2.17,0.81,Clean Utility Grid Sync (<3% THD)
FORD-PRO-1798,223.6,4.68,1.71,0.29,Clean Utility Grid Sync (<3% THD)
FORD-PRO-1799,221.7,7.18,2.15,0.38,Clean Utility Grid Sync (<3% THD)
FORD-PRO-1800,221.2,5.94,2.2,1.58,Clean Utility Grid Sync (<3% THD)
FORD-PRO-1801,226.6,7.52,3.26,0.44,Clean Utility Grid Sync (<3% THD)
FORD-PRO-1802,236.0,9.02,3.17,1.59,Clean Utility Grid Sync (<3% THD)
FORD-PRO-1803,221.8,8.26,2.99,0.37,Clean Utility Grid Sync (<3% THD)
FORD-PRO-1804,225.5,4.98,1.89,0.76,Clean Utility Grid Sync (<3% THD)
FORD-PRO-1805,224.7,2.89,1.63,0.28,Clean Utility Grid Sync (<3% THD)
FORD-PRO-1806,247.2,9.48,3.08,0.31,Clean Utility Grid Sync (<3% THD)
FORD-PRO-1807,242.6,8.62,2.73,0.74,Clean Utility Grid Sync (<3% THD)
FORD-PRO-1808,234.6,5.79,2.82,0.96,Clean Utility Grid Sync (<3% THD)
FORD-PRO-1809,233.4,9.15,2.79,0.22,Clean Utility Grid Sync (<3% THD)
FORD-PRO-1810,224.9,4.63,2.38,0.51,Clean Utility Grid Sync (<3% THD)
FORD-PRO-1811,229.7,2.41,1.76,0.04,Clean Utility Grid Sync (<3% THD)
FORD-PRO-1812,234.5,8.91,2.48,1.8,Clean Utility Grid Sync (<3% THD)
FORD-PRO-1813,231.8,7.93,2.67,0.33,Clean Utility Grid Sync (<3% THD)
FORD-PRO-1814,232.8,8.05,2.82,0.55,Clean Utility Grid Sync (<3% THD)
FORD-PRO-1815,228.7,9.45,2.96,0.18,Clean Utility Grid Sync (<3% THD)
FORD-PRO-1816,239.7,4.43,1.89,0.1,Clean Utility Grid Sync (<3% THD)
FORD-PRO-1817,235.5,7.39,2.88,0.13,Clean Utility Grid Sync (<3% THD)
FORD-PRO-1818,224.5,9.48,2.86,0.76,Clean Utility Grid Sync (<3% THD)
FORD-PRO-1819,238.3,7.7,2.63,1.61,Clean Utility Grid Sync (<3% THD)
FORD-PRO-1820,233.3,7.18,2.44,1.06,Clean Utility Grid Sync (<3% THD)
FORD-PRO-1821,236.2,4.13,1.72,0.35,Clean Utility Grid Sync (<3% THD)
FORD-PRO-1822,242.4,7.75,2.73,1.38,Clean Utility Grid Sync (<3% THD)
FORD-PRO-1823,227.7,8.18,2.58,0.73,Clean Utility Grid Sync (<3% THD)
FORD-PRO-1824,243.2,5.0,2.06,0.54,Clean Utility Grid Sync (<3% THD)
FORD-PRO-1825,220.9,7.79,2.95,0.27,Clean Utility Grid Sync (<3% THD)
FORD-PRO-1826,225.0,5.57,2.51,0.08,Clean Utility Grid Sync (<3% THD)
FORD-PRO-1827,229.9,3.27,1.51,0.24,Clean Utility Grid Sync (<3% THD)
FORD-PRO-1828,230.0,6.09,2.19,0.31,Clean Utility Grid Sync (<3% THD)
FORD-PRO-1829,221.5,2.65,1.8,0.53,Clean Utility Grid Sync (<3% THD)
FORD-PRO-1830,222.2,9.14,2.74,0.24,Clean Utility Grid Sync (<3% THD)
FORD-PRO-1831,223.2,8.18,2.92,0.25,Clean Utility Grid Sync (<3% THD)
FORD-PRO-1832,230.0,6.08,2.08,0.89,Clean Utility Grid Sync (<3% THD)
FORD-PRO-1833,241.3,2.91,1.48,1.54,Clean Utility Grid Sync (<3% THD)
FORD-PRO-1834,235.0,2.53,2.17,0.05,Clean Utility Grid Sync (<3% THD)
FORD-PRO-1835,237.3,6.49,1.64,0.33,Clean Utility Grid Sync (<3% THD)
FORD-PRO-1836,238.4,2.8,1.83,0.34,Clean Utility Grid Sync (<3% THD)
FORD-PRO-1837,238.0,3.54,1.95,1.78,Clean Utility Grid Sync (<3% THD)
FORD-PRO-1838,220.3,9.15,2.4,0.53,Clean Utility Grid Sync (<3% THD)
FORD-PRO-1839,227.5,8.1,3.07,0.41,Clean Utility Grid Sync (<3% THD)
FORD-PRO-1840,226.7,2.51,1.64,0.04,Clean Utility Grid Sync (<3% THD)
FORD-PRO-1841,232.4,8.72,2.84,1.66,Clean Utility Grid Sync (<3% THD)
FORD-PRO-1842,245.1,9.59,2.61,0.1,Clean Utility Grid Sync (<3% THD)
FORD-PRO-1843,229.3,6.64,2.7,0.45,Clean Utility Grid Sync (<3% THD)
FORD-PRO-1844,242.6,6.66,2.12,1.45,Clean Utility Grid Sync (<3% THD)
FORD-PRO-1845,243.5,7.25,2.54,0.08,Clean Utility Grid Sync (<3% THD)
FORD-PRO-1846,246.2,4.58,1.83,0.98,Clean Utility Grid Sync (<3% THD)
FORD-PRO-1847,220.9,9.17,2.92,1.55,Clean Utility Grid Sync (<3% THD)
FORD-PRO-1848,239.4,3.97,2.14,0.0,Clean Utility Grid Sync (<3% THD)
FORD-PRO-1849,222.3,5.05,1.75,0.37,Clean Utility Grid Sync (<3% THD)
FORD-PRO-1850,231.9,9.41,3.24,0.96,Clean Utility Grid Sync (<3% THD)
FORD-PRO-1851,232.1,6.81,2.69,1.42,Clean Utility Grid Sync (<3% THD)
FORD-PRO-1852,242.7,8.49,2.55,0.08,Clean Utility Grid Sync (<3% THD)
FORD-PRO-1853,227.6,4.55,2.5,0.8,Clean Utility Grid Sync (<3% THD)
FORD-PRO-1854,229.1,7.71,2.16,0.79,Clean Utility Grid Sync (<3% THD)
FORD-PRO-1855,247.0,4.19,2.34,0.71,Clean Utility Grid Sync (<3% THD)
FORD-PRO-1856,235.3,7.99,2.98,0.16,Clean Utility Grid Sync (<3% THD)
FORD-PRO-1857,238.0,9.02,2.77,1.83,Harmonic Filter Compensation Active
FORD-PRO-1858,246.1,7.37,2.11,1.14,Clean Utility Grid Sync (<3% THD)
FORD-PRO-1859,242.6,5.45,2.15,0.15,Clean Utility Grid Sync (<3% THD)
FORD-PRO-1860,243.0,9.35,2.98,0.76,Clean Utility Grid Sync (<3% THD)
FORD-PRO-1861,243.1,9.58,3.03,0.68,Clean Utility Grid Sync (<3% THD)
FORD-PRO-1862,242.1,8.12,2.27,0.38,Clean Utility Grid Sync (<3% THD)
FORD-PRO-1863,226.4,9.18,2.62,0.03,Clean Utility Grid Sync (<3% THD)
FORD-PRO-1864,238.5,5.75,2.0,0.17,Clean Utility Grid Sync (<3% THD)
FORD-PRO-1865,229.5,7.97,2.92,1.28,Clean Utility Grid Sync (<3% THD)
FORD-PRO-1866,242.5,4.86,2.11,0.41,Clean Utility Grid Sync (<3% THD)
FORD-PRO-1867,243.8,4.19,2.55,1.44,Clean Utility Grid Sync (<3% THD)
FORD-PRO-1868,228.8,8.23,2.71,0.34,Clean Utility Grid Sync (<3% THD)
FORD-PRO-1869,242.8,9.22,2.52,1.65,Clean Utility Grid Sync (<3% THD)
FORD-PRO-1870,225.6,8.12,2.96,0.76,Clean Utility Grid Sync (<3% THD)
FORD-PRO-1871,247.8,4.6,1.97,0.23,Clean Utility Grid Sync (<3% THD)
FORD-PRO-1872,242.4,5.92,2.24,0.31,Clean Utility Grid Sync (<3% THD)
FORD-PRO-1873,239.9,6.61,2.37,0.39,Clean Utility Grid Sync (<3% THD)
FORD-PRO-1874,247.8,3.37,1.56,0.43,Clean Utility Grid Sync (<3% THD)
FORD-PRO-1875,224.1,7.71,2.99,0.84,Clean Utility Grid Sync (<3% THD)
FORD-PRO-1876,247.1,3.5,1.57,0.02,Clean Utility Grid Sync (<3% THD)
FORD-PRO-1877,235.5,6.77,2.75,0.73,Clean Utility Grid Sync (<3% THD)
FORD-PRO-1878,223.3,6.25,1.99,0.19,Clean Utility Grid Sync (<3% THD)
FORD-PRO-1879,241.0,8.8,3.34,0.98,Clean Utility Grid Sync (<3% THD)
FORD-PRO-1880,240.1,4.61,2.62,0.35,Clean Utility Grid Sync (<3% THD)
FORD-PRO-1881,234.8,6.42,1.72,0.05,Clean Utility Grid Sync (<3% THD)
FORD-PRO-1882,225.1,8.86,2.82,0.69,Clean Utility Grid Sync (<3% THD)
FORD-PRO-1883,223.8,7.92,2.61,0.41,Clean Utility Grid Sync (<3% THD)
FORD-PRO-1884,232.0,6.48,2.12,0.3,Clean Utility Grid Sync (<3% THD)
FORD-PRO-1885,235.4,2.81,1.45,1.09,Clean Utility Grid Sync (<3% THD)
FORD-PRO-1886,237.4,5.63,2.13,1.21,Clean Utility Grid Sync (<3% THD)
FORD-PRO-1887,236.2,6.51,2.68,1.02,Clean Utility Grid Sync (<3% THD)
FORD-PRO-1888,224.7,3.02,1.84,0.39,Clean Utility Grid Sync (<3% THD)
FORD-PRO-1889,232.7,9.14,3.68,1.04,Clean Utility Grid Sync (<3% THD)
FORD-PRO-1890,240.0,4.34,1.6,0.68,Clean Utility Grid Sync (<3% THD)
FORD-PRO-1891,242.3,5.95,2.42,0.87,Clean Utility Grid Sync (<3% THD)
FORD-PRO-1892,220.8,8.65,2.57,0.1,Clean Utility Grid Sync (<3% THD)
FORD-PRO-1893,239.4,7.82,3.05,0.09,Clean Utility Grid Sync (<3% THD)
FORD-PRO-1894,247.2,6.84,2.77,0.39,Clean Utility Grid Sync (<3% THD)
FORD-PRO-1895,223.9,4.07,2.23,0.77,Clean Utility Grid Sync (<3% THD)
FORD-PRO-1896,231.5,9.03,2.78,0.48,Clean Utility Grid Sync (<3% THD)
FORD-PRO-1897,245.8,7.77,3.09,0.49,Clean Utility Grid Sync (<3% THD)
FORD-PRO-1898,228.7,8.69,3.24,0.4,Clean Utility Grid Sync (<3% THD)
FORD-PRO-1899,233.6,7.98,2.82,0.03,Clean Utility Grid Sync (<3% THD)
FORD-PRO-1900,242.5,4.5,2.2,0.55,Clean Utility Grid Sync (<3% THD)
FORD-PRO-1901,220.3,8.28,2.96,0.78,Clean Utility Grid Sync (<3% THD)
FORD-PRO-1902,226.3,3.85,2.0,0.39,Clean Utility Grid Sync (<3% THD)
FORD-PRO-1903,224.0,8.91,2.92,0.01,Clean Utility Grid Sync (<3% THD)
FORD-PRO-1904,225.1,7.13,2.28,0.2,Clean Utility Grid Sync (<3% THD)
FORD-PRO-1905,231.7,2.67,1.42,0.18,Clean Utility Grid Sync (<3% THD)
FORD-PRO-1906,226.4,8.96,2.67,1.01,Clean Utility Grid Sync (<3% THD)
FORD-PRO-1907,220.6,9.03,3.08,0.45,Clean Utility Grid Sync (<3% THD)
FORD-PRO-1908,241.6,8.28,2.8,0.72,Clean Utility Grid Sync (<3% THD)
FORD-PRO-1909,243.4,3.01,1.44,0.14,Clean Utility Grid Sync (<3% THD)
FORD-PRO-1910,236.1,7.57,2.8,0.64,Clean Utility Grid Sync (<3% THD)
FORD-PRO-1911,236.8,7.41,2.32,0.33,Clean Utility Grid Sync (<3% THD)
FORD-PRO-1912,240.2,6.99,2.41,0.11,Clean Utility Grid Sync (<3% THD)
FORD-PRO-1913,220.0,7.4,2.33,1.23,Clean Utility Grid Sync (<3% THD)
FORD-PRO-1914,241.1,8.07,2.53,0.64,Clean Utility Grid Sync (<3% THD)
FORD-PRO-1915,221.9,2.57,1.76,1.12,Clean Utility Grid Sync (<3% THD)
FORD-PRO-1916,221.9,7.91,2.72,0.93,Clean Utility Grid Sync (<3% THD)
FORD-PRO-1917,232.9,3.01,1.58,0.13,Clean Utility Grid Sync (<3% THD)
FORD-PRO-1918,244.6,7.0,2.3,0.13,Clean Utility Grid Sync (<3% THD)
FORD-PRO-1919,232.2,5.33,1.88,0.51,Clean Utility Grid Sync (<3% THD)
FORD-PRO-1920,236.6,8.04,2.82,0.3,Clean Utility Grid Sync (<3% THD)
FORD-PRO-1921,230.0,5.53,1.57,1.29,Clean Utility Grid Sync (<3% THD)
FORD-PRO-1922,246.1,6.9,2.24,0.07,Clean Utility Grid Sync (<3% THD)
FORD-PRO-1923,231.7,8.34,2.74,0.76,Clean Utility Grid Sync (<3% THD)
FORD-PRO-1924,235.4,3.43,1.83,0.39,Clean Utility Grid Sync (<3% THD)
FORD-PRO-1925,238.8,7.54,2.85,0.9,Clean Utility Grid Sync (<3% THD)
FORD-PRO-1926,237.8,9.57,2.52,0.88,Clean Utility Grid Sync (<3% THD)
FORD-PRO-1927,244.3,5.56,1.91,0.86,Clean Utility Grid Sync (<3% THD)
FORD-PRO-1928,244.7,9.32,2.28,0.32,Clean Utility Grid Sync (<3% THD)
FORD-PRO-1929,223.9,4.61,1.55,0.22,Clean Utility Grid Sync (<3% THD)
FORD-PRO-1930,220.7,2.48,1.51,0.83,Clean Utility Grid Sync (<3% THD)
FORD-PRO-1931,222.5,9.15,3.13,0.27,Clean Utility Grid Sync (<3% THD)
FORD-PRO-1932,241.1,4.54,2.47,0.39,Clean Utility Grid Sync (<3% THD)
FORD-PRO-1933,221.1,4.54,1.92,0.27,Clean Utility Grid Sync (<3% THD)
FORD-PRO-1934,225.9,3.31,1.92,0.17,Clean Utility Grid Sync (<3% THD)
FORD-PRO-1935,234.0,4.31,2.04,0.27,Clean Utility Grid Sync (<3% THD)
FORD-PRO-1936,236.6,7.59,2.67,0.26,Clean Utility Grid Sync (<3% THD)
FORD-PRO-1937,242.8,5.72,2.61,0.46,Clean Utility Grid Sync (<3% THD)
FORD-PRO-1938,245.6,9.53,2.73,0.3,Clean Utility Grid Sync (<3% THD)
FORD-PRO-1939,235.5,4.55,1.59,0.7,Clean Utility Grid Sync (<3% THD)
FORD-PRO-1940,220.2,5.24,2.18,0.08,Clean Utility Grid Sync (<3% THD)
FORD-PRO-1941,221.4,4.21,1.88,0.27,Clean Utility Grid Sync (<3% THD)
FORD-PRO-1942,248.0,3.48,1.8,0.8,Clean Utility Grid Sync (<3% THD)
FORD-PRO-1943,231.4,4.85,2.17,0.43,Clean Utility Grid Sync (<3% THD)
FORD-PRO-1944,229.4,8.6,2.72,0.66,Clean Utility Grid Sync (<3% THD)
FORD-PRO-1945,237.7,9.42,2.57,0.51,Clean Utility Grid Sync (<3% THD)
FORD-PRO-1946,235.6,4.63,2.4,0.2,Clean Utility Grid Sync (<3% THD)
FORD-PRO-1947,224.3,4.86,2.26,0.13,Clean Utility Grid Sync (<3% THD)
FORD-PRO-1948,241.6,9.57,2.71,0.44,Clean Utility Grid Sync (<3% THD)
FORD-PRO-1949,220.3,4.77,2.08,0.43,Clean Utility Grid Sync (<3% THD)
FORD-PRO-1950,244.5,9.26,2.8,0.09,Clean Utility Grid Sync (<3% THD)
FORD-PRO-1951,236.5,3.68,1.87,0.6,Clean Utility Grid Sync (<3% THD)
FORD-PRO-1952,245.5,9.47,2.76,0.37,Clean Utility Grid Sync (<3% THD)
FORD-PRO-1953,245.8,5.27,2.48,0.45,Clean Utility Grid Sync (<3% THD)
FORD-PRO-1954,227.1,7.68,2.51,0.91,Clean Utility Grid Sync (<3% THD)
FORD-PRO-1955,244.1,4.42,2.05,0.31,Clean Utility Grid Sync (<3% THD)
FORD-PRO-1956,243.1,7.44,2.33,0.9,Clean Utility Grid Sync (<3% THD)
FORD-PRO-1957,220.8,3.2,1.99,0.48,Clean Utility Grid Sync (<3% THD)
FORD-PRO-1958,244.7,3.46,2.09,0.2,Clean Utility Grid Sync (<3% THD)
FORD-PRO-1959,224.9,8.77,2.74,0.78,Clean Utility Grid Sync (<3% THD)
FORD-PRO-1960,234.1,3.13,1.51,0.3,Clean Utility Grid Sync (<3% THD)
FORD-PRO-1961,225.2,9.56,2.96,0.55,Clean Utility Grid Sync (<3% THD)
FORD-PRO-1962,242.4,5.34,1.9,1.52,Clean Utility Grid Sync (<3% THD)
FORD-PRO-1963,230.1,3.13,1.63,1.24,Clean Utility Grid Sync (<3% THD)
FORD-PRO-1964,241.0,9.08,2.8,0.81,Clean Utility Grid Sync (<3% THD)
FORD-PRO-1965,237.2,5.01,1.75,0.1,Clean Utility Grid Sync (<3% THD)
FORD-PRO-1966,235.4,5.99,2.19,1.3,Clean Utility Grid Sync (<3% THD)
FORD-PRO-1967,242.1,4.56,1.92,0.35,Clean Utility Grid Sync (<3% THD)
FORD-PRO-1968,231.9,7.61,2.8,0.22,Clean Utility Grid Sync (<3% THD)
FORD-PRO-1969,228.2,6.77,2.32,0.42,Clean Utility Grid Sync (<3% THD)
FORD-PRO-1970,224.1,7.07,2.79,0.78,Clean Utility Grid Sync (<3% THD)
FORD-PRO-1971,230.7,8.31,2.27,0.5,Clean Utility Grid Sync (<3% THD)
FORD-PRO-1972,226.5,5.92,2.61,0.57,Clean Utility Grid Sync (<3% THD)
FORD-PRO-1973,234.6,2.65,1.47,0.95,Clean Utility Grid Sync (<3% THD)
FORD-PRO-1974,222.2,5.51,2.27,0.04,Clean Utility Grid Sync (<3% THD)
FORD-PRO-1975,239.5,8.48,2.34,1.02,Clean Utility Grid Sync (<3% THD)
FORD-PRO-1976,233.6,8.89,3.29,0.48,Clean Utility Grid Sync (<3% THD)
FORD-PRO-1977,227.1,3.56,1.83,0.29,Clean Utility Grid Sync (<3% THD)
FORD-PRO-1978,236.7,7.76,2.79,0.0,Clean Utility Grid Sync (<3% THD)
FORD-PRO-1979,238.0,3.28,1.32,0.03,Clean Utility Grid Sync (<3% THD)
FORD-PRO-1980,242.8,7.55,2.69,0.53,Clean Utility Grid Sync (<3% THD)
FORD-PRO-1981,235.3,5.14,1.64,1.24,Clean Utility Grid Sync (<3% THD)
FORD-PRO-1982,233.8,3.98,1.83,0.47,Clean Utility Grid Sync (<3% THD)
FORD-PRO-1983,221.3,9.18,2.89,0.52,Clean Utility Grid Sync (<3% THD)
FORD-PRO-1984,223.6,3.0,2.33,0.87,Clean Utility Grid Sync (<3% THD)
FORD-PRO-1985,220.1,8.6,2.51,0.82,Clean Utility Grid Sync (<3% THD)
FORD-PRO-1986,245.0,5.56,2.15,0.37,Clean Utility Grid Sync (<3% THD)
FORD-PRO-1987,226.0,9.37,3.11,0.11,Clean Utility Grid Sync (<3% THD)
FORD-PRO-1988,247.0,9.27,3.21,1.49,Clean Utility Grid Sync (<3% THD)
FORD-PRO-1989,221.7,7.84,3.36,0.66,Clean Utility Grid Sync (<3% THD)
FORD-PRO-1990,227.4,8.71,2.75,0.32,Clean Utility Grid Sync (<3% THD)
FORD-PRO-1991,246.4,8.16,2.6,0.26,Clean Utility Grid Sync (<3% THD)
FORD-PRO-1992,221.5,9.31,2.79,0.09,Clean Utility Grid Sync (<3% THD)
FORD-PRO-1993,236.3,8.95,2.55,0.13,Clean Utility Grid Sync (<3% THD)
FORD-PRO-1994,243.7,9.53,2.88,0.09,Clean Utility Grid Sync (<3% THD)
FORD-PRO-1995,240.5,5.12,2.01,0.59,Clean Utility Grid Sync (<3% THD)
FORD-PRO-1996,226.8,3.01,1.92,0.14,Clean Utility Grid Sync (<3% THD)
FORD-PRO-1997,246.8,8.14,2.49,0.35,Clean Utility Grid Sync (<3% THD)
FORD-PRO-1998,234.1,2.63,2.19,1.06,Clean Utility Grid Sync (<3% THD)
FORD-PRO-1999,236.2,6.35,2.07,0.44,Clean Utility Grid Sync (<3% THD)
FORD-PRO-2000,247.1,5.91,2.56,0.37,Clean Utility Grid Sync (<3% THD)
FORD-PRO-2001,227.8,4.02,1.57,0.35,Clean Utility Grid Sync (<3% THD)
FORD-PRO-2002,247.8,7.14,2.43,0.33,Clean Utility Grid Sync (<3% THD)
FORD-PRO-2003,224.2,8.87,2.89,0.4,Clean Utility Grid Sync (<3% THD)
FORD-PRO-2004,238.8,4.09,1.8,0.0,Clean Utility Grid Sync (<3% THD)
FORD-PRO-2005,220.3,3.45,1.68,0.06,Clean Utility Grid Sync (<3% THD)
FORD-PRO-2006,233.6,5.65,2.58,0.02,Clean Utility Grid Sync (<3% THD)
FORD-PRO-2007,237.4,2.98,1.73,1.14,Clean Utility Grid Sync (<3% THD)
FORD-PRO-2008,246.8,6.76,2.55,0.74,Clean Utility Grid Sync (<3% THD)
FORD-PRO-2009,225.5,8.51,2.71,0.99,Clean Utility Grid Sync (<3% THD)
FORD-PRO-2010,239.6,7.71,2.9,0.42,Clean Utility Grid Sync (<3% THD)
FORD-PRO-2011,225.6,2.76,2.02,0.45,Clean Utility Grid Sync (<3% THD)
FORD-PRO-2012,226.1,8.72,2.3,0.27,Clean Utility Grid Sync (<3% THD)
FORD-PRO-2013,241.0,6.32,3.17,0.44,Clean Utility Grid Sync (<3% THD)
FORD-PRO-2014,244.9,6.39,2.29,0.91,Clean Utility Grid Sync (<3% THD)
FORD-PRO-2015,233.3,7.75,2.87,0.09,Clean Utility Grid Sync (<3% THD)
FORD-PRO-2016,222.1,6.81,2.46,0.45,Clean Utility Grid Sync (<3% THD)
FORD-PRO-2017,233.9,2.46,1.57,0.25,Clean Utility Grid Sync (<3% THD)
FORD-PRO-2018,239.8,5.86,2.26,0.44,Clean Utility Grid Sync (<3% THD)
FORD-PRO-2019,221.8,3.25,1.79,0.79,Clean Utility Grid Sync (<3% THD)
FORD-PRO-2020,235.4,3.62,1.72,0.34,Clean Utility Grid Sync (<3% THD)
FORD-PRO-2021,221.7,8.68,3.31,0.88,Clean Utility Grid Sync (<3% THD)
FORD-PRO-2022,222.0,8.54,2.99,0.6,Clean Utility Grid Sync (<3% THD)
FORD-PRO-2023,225.8,8.0,3.31,0.2,Clean Utility Grid Sync (<3% THD)
FORD-PRO-2024,232.8,5.75,2.15,0.59,Clean Utility Grid Sync (<3% THD)
FORD-PRO-2025,235.0,4.73,1.77,0.22,Clean Utility Grid Sync (<3% THD)
FORD-PRO-2026,244.4,4.81,2.33,0.15,Clean Utility Grid Sync (<3% THD)
FORD-PRO-2027,229.0,4.11,1.65,0.94,Clean Utility Grid Sync (<3% THD)
FORD-PRO-2028,232.8,9.24,3.0,1.39,Clean Utility Grid Sync (<3% THD)
FORD-PRO-2029,224.5,5.95,2.16,0.27,Clean Utility Grid Sync (<3% THD)
FORD-PRO-2030,232.0,8.06,2.63,0.07,Clean Utility Grid Sync (<3% THD)
FORD-PRO-2031,239.7,5.17,2.77,0.28,Clean Utility Grid Sync (<3% THD)
FORD-PRO-2032,247.8,6.63,2.23,1.04,Clean Utility Grid Sync (<3% THD)
FORD-PRO-2033,231.0,2.87,1.8,0.17,Clean Utility Grid Sync (<3% THD)
FORD-PRO-2034,228.0,2.57,2.22,0.18,Clean Utility Grid Sync (<3% THD)
FORD-PRO-2035,234.6,7.29,3.05,0.11,Clean Utility Grid Sync (<3% THD)
FORD-PRO-2036,242.7,4.65,1.83,0.26,Clean Utility Grid Sync (<3% THD)
FORD-PRO-2037,232.8,8.82,2.69,0.52,Clean Utility Grid Sync (<3% THD)
FORD-PRO-2038,243.8,3.21,1.61,1.03,Clean Utility Grid Sync (<3% THD)
FORD-PRO-2039,231.6,3.78,2.15,1.1,Clean Utility Grid Sync (<3% THD)
FORD-PRO-2040,240.0,6.95,2.26,0.29,Clean Utility Grid Sync (<3% THD)
FORD-PRO-2041,241.3,5.4,2.13,0.02,Clean Utility Grid Sync (<3% THD)
FORD-PRO-2042,247.2,7.79,2.87,0.93,Clean Utility Grid Sync (<3% THD)
FORD-PRO-2043,228.0,6.51,2.31,0.35,Clean Utility Grid Sync (<3% THD)
FORD-PRO-2044,245.1,5.44,2.17,0.63,Clean Utility Grid Sync (<3% THD)
FORD-PRO-2045,241.9,5.12,2.29,0.5,Clean Utility Grid Sync (<3% THD)
FORD-PRO-2046,231.0,7.11,2.94,0.11,Clean Utility Grid Sync (<3% THD)
FORD-PRO-2047,223.5,3.41,1.84,1.03,Clean Utility Grid Sync (<3% THD)
FORD-PRO-2048,221.5,8.02,2.73,0.29,Clean Utility Grid Sync (<3% THD)
FORD-PRO-2049,244.8,8.9,2.97,0.4,Clean Utility Grid Sync (<3% THD)
FORD-PRO-2050,227.3,9.04,2.78,0.56,Clean Utility Grid Sync (<3% THD)
FORD-PRO-2051,247.0,7.76,2.98,0.77,Clean Utility Grid Sync (<3% THD)
FORD-PRO-2052,240.6,9.15,2.61,0.67,Clean Utility Grid Sync (<3% THD)
FORD-PRO-2053,246.7,5.31,2.25,0.45,Clean Utility Grid Sync (<3% THD)
FORD-PRO-2054,237.7,5.15,2.37,0.09,Clean Utility Grid Sync (<3% THD)
FORD-PRO-2055,228.0,8.01,2.81,0.84,Clean Utility Grid Sync (<3% THD)
FORD-PRO-2056,237.2,7.95,2.96,0.73,Clean Utility Grid Sync (<3% THD)
FORD-PRO-2057,239.9,2.56,1.65,0.2,Clean Utility Grid Sync (<3% THD)
FORD-PRO-2058,228.4,6.82,2.21,0.73,Clean Utility Grid Sync (<3% THD)
FORD-PRO-2059,244.1,8.92,3.24,0.48,Clean Utility Grid Sync (<3% THD)
FORD-PRO-2060,224.2,8.76,3.05,0.48,Clean Utility Grid Sync (<3% THD)
FORD-PRO-2061,235.5,6.75,2.62,0.4,Clean Utility Grid Sync (<3% THD)
FORD-PRO-2062,237.0,9.24,3.08,0.15,Clean Utility Grid Sync (<3% THD)
FORD-PRO-2063,244.4,5.91,2.68,0.2,Clean Utility Grid Sync (<3% THD)
FORD-PRO-2064,234.7,4.3,1.67,0.5,Clean Utility Grid Sync (<3% THD)
FORD-PRO-2065,224.7,4.34,2.26,0.19,Clean Utility Grid Sync (<3% THD)
FORD-PRO-2066,229.8,9.16,2.82,0.97,Clean Utility Grid Sync (<3% THD)
FORD-PRO-2067,220.1,9.2,2.94,0.34,Clean Utility Grid Sync (<3% THD)
FORD-PRO-2068,220.1,8.38,3.02,0.15,Clean Utility Grid Sync (<3% THD)
FORD-PRO-2069,236.1,7.68,2.47,0.21,Clean Utility Grid Sync (<3% THD)
FORD-PRO-2070,233.7,9.02,3.12,0.52,Clean Utility Grid Sync (<3% THD)
FORD-PRO-2071,244.4,2.52,1.82,1.15,Clean Utility Grid Sync (<3% THD)
FORD-PRO-2072,237.2,9.19,2.46,0.03,Clean Utility Grid Sync (<3% THD)
FORD-PRO-2073,225.1,3.64,2.31,0.38,Clean Utility Grid Sync (<3% THD)
FORD-PRO-2074,241.2,7.57,2.22,1.52,Clean Utility Grid Sync (<3% THD)
FORD-PRO-2075,224.5,9.41,3.01,1.05,Clean Utility Grid Sync (<3% THD)
FORD-PRO-2076,236.7,4.49,2.09,0.23,Clean Utility Grid Sync (<3% THD)
FORD-PRO-2077,236.4,7.23,2.27,0.33,Clean Utility Grid Sync (<3% THD)
FORD-PRO-2078,247.9,3.71,2.37,0.38,Clean Utility Grid Sync (<3% THD)
FORD-PRO-2079,225.6,8.87,2.76,0.67,Clean Utility Grid Sync (<3% THD)
FORD-PRO-2080,240.7,9.33,2.82,0.44,Clean Utility Grid Sync (<3% THD)
FORD-PRO-2081,228.5,4.84,2.7,0.56,Clean Utility Grid Sync (<3% THD)
FORD-PRO-2082,235.0,4.31,2.27,0.0,Clean Utility Grid Sync (<3% THD)
FORD-PRO-2083,233.2,5.46,2.04,0.5,Clean Utility Grid Sync (<3% THD)
FORD-PRO-2084,241.4,4.58,2.25,0.05,Clean Utility Grid Sync (<3% THD)
FORD-PRO-2085,234.6,7.12,2.82,0.72,Clean Utility Grid Sync (<3% THD)
FORD-PRO-2086,238.2,7.77,2.5,0.58,Clean Utility Grid Sync (<3% THD)
FORD-PRO-2087,235.2,4.59,1.64,1.51,Clean Utility Grid Sync (<3% THD)
FORD-PRO-2088,238.1,6.9,2.5,0.15,Clean Utility Grid Sync (<3% THD)
FORD-PRO-2089,243.1,2.49,1.5,0.62,Clean Utility Grid Sync (<3% THD)
FORD-PRO-2090,233.5,4.83,2.2,0.03,Clean Utility Grid Sync (<3% THD)
FORD-PRO-2091,234.7,3.2,1.97,0.77,Clean Utility Grid Sync (<3% THD)
FORD-PRO-2092,225.3,5.3,2.54,0.56,Clean Utility Grid Sync (<3% THD)
FORD-PRO-2093,237.1,9.28,2.69,1.03,Clean Utility Grid Sync (<3% THD)
FORD-PRO-2094,232.1,9.25,3.68,0.63,Clean Utility Grid Sync (<3% THD)
FORD-PRO-2095,227.2,9.25,2.65,0.51,Clean Utility Grid Sync (<3% THD)
FORD-PRO-2096,239.9,4.24,1.95,0.64,Clean Utility Grid Sync (<3% THD)
FORD-PRO-2097,227.2,7.41,2.47,0.34,Clean Utility Grid Sync (<3% THD)
FORD-PRO-2098,247.9,7.97,2.7,1.02,Clean Utility Grid Sync (<3% THD)
FORD-PRO-2099,221.1,9.49,2.87,0.62,Clean Utility Grid Sync (<3% THD)
FORD-PRO-2100,223.8,2.74,1.57,0.36,Clean Utility Grid Sync (<3% THD)
FORD-PRO-2101,234.5,6.97,3.04,0.43,Clean Utility Grid Sync (<3% THD)
FORD-PRO-2102,233.1,8.24,2.45,0.94,Clean Utility Grid Sync (<3% THD)
FORD-PRO-2103,227.4,3.71,2.33,0.29,Clean Utility Grid Sync (<3% THD)
FORD-PRO-2104,246.9,2.52,1.0,0.97,Clean Utility Grid Sync (<3% THD)
FORD-PRO-2105,230.8,8.59,3.42,0.49,Clean Utility Grid Sync (<3% THD)
FORD-PRO-2106,226.6,7.71,2.21,0.17,Clean Utility Grid Sync (<3% THD)
FORD-PRO-2107,232.0,7.94,2.71,0.98,Clean Utility Grid Sync (<3% THD)
FORD-PRO-2108,239.1,3.58,1.65,0.82,Clean Utility Grid Sync (<3% THD)
FORD-PRO-2109,225.7,3.41,0.83,1.22,Clean Utility Grid Sync (<3% THD)
FORD-PRO-2110,238.2,9.1,2.63,0.43,Clean Utility Grid Sync (<3% THD)
FORD-PRO-2111,224.6,3.13,1.43,0.05,Clean Utility Grid Sync (<3% THD)
FORD-PRO-2112,234.2,4.76,2.29,0.75,Clean Utility Grid Sync (<3% THD)
FORD-PRO-2113,244.5,6.41,2.14,0.22,Clean Utility Grid Sync (<3% THD)
FORD-PRO-2114,245.2,6.4,2.85,0.16,Clean Utility Grid Sync (<3% THD)
FORD-PRO-2115,241.8,2.99,1.88,0.73,Clean Utility Grid Sync (<3% THD)
FORD-PRO-2116,223.6,4.36,1.49,0.22,Clean Utility Grid Sync (<3% THD)
FORD-PRO-2117,222.4,4.31,2.1,0.16,Clean Utility Grid Sync (<3% THD)
FORD-PRO-2118,225.9,3.42,1.9,0.15,Clean Utility Grid Sync (<3% THD)
FORD-PRO-2119,233.3,7.62,2.86,0.25,Clean Utility Grid Sync (<3% THD)
FORD-PRO-2120,228.3,6.1,2.21,0.42,Clean Utility Grid Sync (<3% THD)
FORD-PRO-2121,243.2,3.07,1.74,0.03,Clean Utility Grid Sync (<3% THD)
FORD-PRO-2122,235.9,3.76,2.37,0.15,Clean Utility Grid Sync (<3% THD)
FORD-PRO-2123,229.2,2.74,1.77,0.27,Clean Utility Grid Sync (<3% THD)
FORD-PRO-2124,244.1,6.27,2.66,0.63,Clean Utility Grid Sync (<3% THD)
FORD-PRO-2125,242.1,8.78,3.0,1.24,Clean Utility Grid Sync (<3% THD)
FORD-PRO-2126,234.4,7.97,2.61,0.73,Clean Utility Grid Sync (<3% THD)
FORD-PRO-2127,234.8,5.78,2.19,0.22,Clean Utility Grid Sync (<3% THD)
FORD-PRO-2128,240.0,7.23,2.36,1.16,Clean Utility Grid Sync (<3% THD)
FORD-PRO-2129,247.3,7.04,2.34,0.03,Clean Utility Grid Sync (<3% THD)
FORD-PRO-2130,239.6,9.45,3.34,0.47,Clean Utility Grid Sync (<3% THD)
FORD-PRO-2131,234.9,6.64,2.26,0.63,Clean Utility Grid Sync (<3% THD)
FORD-PRO-2132,235.1,8.31,3.0,0.59,Clean Utility Grid Sync (<3% THD)
FORD-PRO-2133,232.1,6.64,2.65,0.34,Clean Utility Grid Sync (<3% THD)
FORD-PRO-2134,234.7,4.96,2.17,0.24,Clean Utility Grid Sync (<3% THD)
FORD-PRO-2135,239.8,3.34,2.62,1.17,Clean Utility Grid Sync (<3% THD)
FORD-PRO-2136,229.8,7.71,2.85,0.11,Clean Utility Grid Sync (<3% THD)
FORD-PRO-2137,243.1,4.82,2.68,0.39,Clean Utility Grid Sync (<3% THD)
FORD-PRO-2138,222.5,6.22,2.74,0.17,Clean Utility Grid Sync (<3% THD)
FORD-PRO-2139,231.9,7.88,2.55,0.03,Clean Utility Grid Sync (<3% THD)
FORD-PRO-2140,232.1,4.31,1.74,0.66,Clean Utility Grid Sync (<3% THD)
FORD-PRO-2141,224.9,2.73,1.32,0.56,Clean Utility Grid Sync (<3% THD)
FORD-PRO-2142,245.6,7.53,2.4,0.09,Clean Utility Grid Sync (<3% THD)
FORD-PRO-2143,241.1,8.23,2.59,1.59,Clean Utility Grid Sync (<3% THD)
FORD-PRO-2144,234.1,8.78,3.25,0.1,Clean Utility Grid Sync (<3% THD)
FORD-PRO-2145,239.0,4.62,1.81,0.49,Clean Utility Grid Sync (<3% THD)
FORD-PRO-2146,229.1,5.61,2.54,0.81,Clean Utility Grid Sync (<3% THD)
FORD-PRO-2147,230.2,5.63,2.18,0.31,Clean Utility Grid Sync (<3% THD)
FORD-PRO-2148,234.0,4.53,1.66,0.76,Clean Utility Grid Sync (<3% THD)
FORD-PRO-2149,234.7,8.62,3.04,0.14,Clean Utility Grid Sync (<3% THD)
FORD-PRO-2150,235.8,8.75,2.72,0.86,Clean Utility Grid Sync (<3% THD)
FORD-PRO-2151,237.9,3.37,2.0,0.24,Clean Utility Grid Sync (<3% THD)
FORD-PRO-2152,246.5,2.79,2.05,1.03,Clean Utility Grid Sync (<3% THD)
FORD-PRO-2153,225.7,3.83,2.2,0.93,Clean Utility Grid Sync (<3% THD)
FORD-PRO-2154,234.0,3.87,1.78,0.72,Clean Utility Grid Sync (<3% THD)
FORD-PRO-2155,226.2,7.71,2.56,0.01,Clean Utility Grid Sync (<3% THD)
FORD-PRO-2156,227.5,5.8,2.15,0.47,Clean Utility Grid Sync (<3% THD)
FORD-PRO-2157,241.9,6.27,2.67,0.8,Clean Utility Grid Sync (<3% THD)
FORD-PRO-2158,246.7,6.97,2.31,1.24,Clean Utility Grid Sync (<3% THD)
FORD-PRO-2159,247.4,2.46,1.55,0.63,Clean Utility Grid Sync (<3% THD)
FORD-PRO-2160,226.7,8.81,2.77,1.1,Clean Utility Grid Sync (<3% THD)
FORD-PRO-2161,244.8,7.42,2.58,0.63,Clean Utility Grid Sync (<3% THD)
FORD-PRO-2162,235.5,6.57,2.43,0.53,Clean Utility Grid Sync (<3% THD)
FORD-PRO-2163,231.2,8.18,2.43,0.38,Clean Utility Grid Sync (<3% THD)
FORD-PRO-2164,241.1,6.72,2.9,1.12,Clean Utility Grid Sync (<3% THD)
FORD-PRO-2165,231.7,9.03,2.95,0.74,Clean Utility Grid Sync (<3% THD)
FORD-PRO-2166,235.1,5.58,2.47,1.01,Clean Utility Grid Sync (<3% THD)
FORD-PRO-2167,243.1,6.34,2.78,0.59,Clean Utility Grid Sync (<3% THD)
FORD-PRO-2168,220.2,8.45,2.5,0.82,Clean Utility Grid Sync (<3% THD)
FORD-PRO-2169,232.7,2.78,1.56,0.48,Clean Utility Grid Sync (<3% THD)
FORD-PRO-2170,239.3,5.44,2.15,1.25,Clean Utility Grid Sync (<3% THD)
FORD-PRO-2171,231.5,4.91,1.53,0.44,Clean Utility Grid Sync (<3% THD)
FORD-PRO-2172,222.1,4.16,2.31,0.74,Clean Utility Grid Sync (<3% THD)
FORD-PRO-2173,238.1,9.09,3.06,1.64,Clean Utility Grid Sync (<3% THD)
FORD-PRO-2174,222.4,3.96,1.89,0.82,Clean Utility Grid Sync (<3% THD)
FORD-PRO-2175,237.6,5.54,2.43,0.74,Clean Utility Grid Sync (<3% THD)
FORD-PRO-2176,238.0,7.23,2.19,0.77,Clean Utility Grid Sync (<3% THD)
FORD-PRO-2177,225.2,3.12,1.95,0.42,Clean Utility Grid Sync (<3% THD)
FORD-PRO-2178,233.5,6.86,2.51,0.56,Clean Utility Grid Sync (<3% THD)
FORD-PRO-2179,240.5,6.86,2.54,0.03,Clean Utility Grid Sync (<3% THD)
FORD-PRO-2180,224.2,8.66,2.86,0.11,Clean Utility Grid Sync (<3% THD)
FORD-PRO-2181,243.4,4.1,2.09,1.34,Clean Utility Grid Sync (<3% THD)
FORD-PRO-2182,238.7,5.42,1.82,0.72,Clean Utility Grid Sync (<3% THD)
FORD-PRO-2183,235.0,9.04,3.34,0.19,Clean Utility Grid Sync (<3% THD)
FORD-PRO-2184,245.7,4.44,2.1,0.18,Clean Utility Grid Sync (<3% THD)
FORD-PRO-2185,227.2,3.0,1.91,0.64,Clean Utility Grid Sync (<3% THD)
FORD-PRO-2186,230.5,7.53,2.74,0.5,Clean Utility Grid Sync (<3% THD)
FORD-PRO-2187,221.2,2.79,1.82,1.16,Clean Utility Grid Sync (<3% THD)
FORD-PRO-2188,220.0,2.85,2.31,0.31,Clean Utility Grid Sync (<3% THD)
FORD-PRO-2189,230.3,3.61,2.32,0.18,Clean Utility Grid Sync (<3% THD)
FORD-PRO-2190,231.1,7.12,2.47,0.3,Clean Utility Grid Sync (<3% THD)
FORD-PRO-2191,242.5,2.92,1.17,0.15,Clean Utility Grid Sync (<3% THD)
FORD-PRO-2192,234.9,3.18,1.49,0.27,Clean Utility Grid Sync (<3% THD)
FORD-PRO-2193,238.4,7.99,2.54,0.77,Clean Utility Grid Sync (<3% THD)
FORD-PRO-2194,247.4,8.94,2.76,0.34,Clean Utility Grid Sync (<3% THD)
FORD-PRO-2195,233.2,9.6,2.98,0.98,Clean Utility Grid Sync (<3% THD)
FORD-PRO-2196,245.7,8.77,2.28,0.21,Clean Utility Grid Sync (<3% THD)
FORD-PRO-2197,233.3,5.19,1.95,0.12,Clean Utility Grid Sync (<3% THD)
FORD-PRO-2198,235.8,7.87,2.64,0.06,Clean Utility Grid Sync (<3% THD)
FORD-PRO-2199,242.9,7.29,2.82,0.18,Clean Utility Grid Sync (<3% THD)
FORD-PRO-2200,241.2,6.7,2.73,0.56,Clean Utility Grid Sync (<3% THD)
FORD-PRO-2201,227.6,4.46,2.45,0.03,Clean Utility Grid Sync (<3% THD)
FORD-PRO-2202,221.9,4.06,2.17,0.2,Clean Utility Grid Sync (<3% THD)
FORD-PRO-2203,224.8,8.46,2.93,0.38,Clean Utility Grid Sync (<3% THD)
FORD-PRO-2204,229.8,2.85,2.1,0.08,Clean Utility Grid Sync (<3% THD)
FORD-PRO-2205,227.0,5.23,2.39,0.8,Clean Utility Grid Sync (<3% THD)
FORD-PRO-2206,228.1,5.79,2.04,0.56,Clean Utility Grid Sync (<3% THD)
FORD-PRO-2207,229.3,5.45,2.35,0.33,Clean Utility Grid Sync (<3% THD)
FORD-PRO-2208,236.8,8.65,2.57,0.04,Clean Utility Grid Sync (<3% THD)
FORD-PRO-2209,223.5,7.87,2.32,1.01,Clean Utility Grid Sync (<3% THD)
FORD-PRO-2210,221.3,4.29,1.86,0.51,Clean Utility Grid Sync (<3% THD)
FORD-PRO-2211,234.6,7.24,2.74,1.2,Clean Utility Grid Sync (<3% THD)
FORD-PRO-2212,225.0,3.5,1.99,0.07,Clean Utility Grid Sync (<3% THD)
FORD-PRO-2213,234.3,5.65,2.26,1.33,Clean Utility Grid Sync (<3% THD)
FORD-PRO-2214,242.9,2.76,1.57,0.26,Clean Utility Grid Sync (<3% THD)
FORD-PRO-2215,241.3,5.71,2.76,0.18,Clean Utility Grid Sync (<3% THD)
FORD-PRO-2216,246.3,7.82,2.41,0.28,Clean Utility Grid Sync (<3% THD)
FORD-PRO-2217,235.5,8.27,2.45,0.18,Clean Utility Grid Sync (<3% THD)
FORD-PRO-2218,244.2,5.7,2.6,0.31,Clean Utility Grid Sync (<3% THD)
FORD-PRO-2219,224.3,5.71,2.84,0.76,Clean Utility Grid Sync (<3% THD)
FORD-PRO-2220,224.4,4.61,2.08,0.79,Clean Utility Grid Sync (<3% THD)
FORD-PRO-2221,224.3,3.31,1.54,0.24,Clean Utility Grid Sync (<3% THD)
FORD-PRO-2222,224.0,7.23,2.53,0.36,Clean Utility Grid Sync (<3% THD)
FORD-PRO-2223,224.3,6.69,3.17,0.7,Clean Utility Grid Sync (<3% THD)
FORD-PRO-2224,230.2,4.07,2.48,0.75,Clean Utility Grid Sync (<3% THD)
FORD-PRO-2225,242.2,6.71,1.89,1.58,Clean Utility Grid Sync (<3% THD)
FORD-PRO-2226,221.1,3.4,2.09,0.75,Clean Utility Grid Sync (<3% THD)
FORD-PRO-2227,227.6,6.52,2.44,0.97,Clean Utility Grid Sync (<3% THD)
FORD-PRO-2228,244.4,2.53,1.12,0.14,Clean Utility Grid Sync (<3% THD)
FORD-PRO-2229,236.2,9.52,3.11,0.56,Clean Utility Grid Sync (<3% THD)
FORD-PRO-2230,223.5,5.92,2.21,0.5,Clean Utility Grid Sync (<3% THD)
FORD-PRO-2231,241.5,5.43,2.07,0.11,Clean Utility Grid Sync (<3% THD)
FORD-PRO-2232,238.6,2.58,1.61,1.64,Clean Utility Grid Sync (<3% THD)
FORD-PRO-2233,235.8,5.26,2.12,0.63,Clean Utility Grid Sync (<3% THD)
FORD-PRO-2234,228.7,8.24,2.76,0.57,Clean Utility Grid Sync (<3% THD)
FORD-PRO-2235,242.9,3.56,1.66,0.05,Clean Utility Grid Sync (<3% THD)
FORD-PRO-2236,232.9,5.04,1.93,0.0,Clean Utility Grid Sync (<3% THD)
FORD-PRO-2237,235.7,8.36,3.04,0.75,Clean Utility Grid Sync (<3% THD)
FORD-PRO-2238,220.8,8.19,2.44,0.71,Clean Utility Grid Sync (<3% THD)
FORD-PRO-2239,239.6,8.41,2.61,0.12,Clean Utility Grid Sync (<3% THD)
FORD-PRO-2240,245.7,4.51,1.99,1.24,Clean Utility Grid Sync (<3% THD)
FORD-PRO-2241,225.7,7.15,2.73,0.84,Clean Utility Grid Sync (<3% THD)
FORD-PRO-2242,223.6,4.65,2.34,0.75,Clean Utility Grid Sync (<3% THD)
FORD-PRO-2243,223.9,3.74,2.36,0.4,Clean Utility Grid Sync (<3% THD)
FORD-PRO-2244,236.8,3.67,2.38,0.39,Clean Utility Grid Sync (<3% THD)
FORD-PRO-2245,220.1,5.91,1.71,0.6,Clean Utility Grid Sync (<3% THD)
FORD-PRO-2246,237.1,4.71,1.94,1.37,Clean Utility Grid Sync (<3% THD)
FORD-PRO-2247,233.0,7.58,2.91,0.13,Clean Utility Grid Sync (<3% THD)
FORD-PRO-2248,222.9,3.05,1.5,0.39,Clean Utility Grid Sync (<3% THD)
FORD-PRO-2249,244.6,9.59,3.12,0.78,Clean Utility Grid Sync (<3% THD)
FORD-PRO-2250,236.7,4.95,1.62,0.25,Clean Utility Grid Sync (<3% THD)
FORD-PRO-2251,221.3,8.94,2.73,0.1,Clean Utility Grid Sync (<3% THD)
FORD-PRO-2252,235.8,7.25,2.76,0.61,Clean Utility Grid Sync (<3% THD)
FORD-PRO-2253,230.1,4.31,1.89,0.21,Clean Utility Grid Sync (<3% THD)
FORD-PRO-2254,227.3,3.68,1.71,0.6,Clean Utility Grid Sync (<3% THD)
FORD-PRO-2255,235.2,3.32,1.88,0.84,Clean Utility Grid Sync (<3% THD)
FORD-PRO-2256,242.0,5.04,1.69,0.45,Clean Utility Grid Sync (<3% THD)
FORD-PRO-2257,224.4,8.71,2.99,0.07,Clean Utility Grid Sync (<3% THD)
FORD-PRO-2258,243.8,4.77,2.01,0.45,Clean Utility Grid Sync (<3% THD)
FORD-PRO-2259,234.5,4.83,2.13,0.0,Clean Utility Grid Sync (<3% THD)
FORD-PRO-2260,247.9,3.47,1.56,0.05,Clean Utility Grid Sync (<3% THD)
FORD-PRO-2261,231.2,5.6,1.79,0.55,Clean Utility Grid Sync (<3% THD)
FORD-PRO-2262,224.8,9.29,2.87,0.02,Clean Utility Grid Sync (<3% THD)
FORD-PRO-2263,247.1,5.39,2.06,0.29,Clean Utility Grid Sync (<3% THD)
FORD-PRO-2264,223.6,7.61,2.64,0.62,Clean Utility Grid Sync (<3% THD)
FORD-PRO-2265,227.8,7.26,2.75,0.79,Clean Utility Grid Sync (<3% THD)
FORD-PRO-2266,243.8,5.26,2.29,1.23,Clean Utility Grid Sync (<3% THD)
FORD-PRO-2267,234.6,6.29,2.22,0.5,Clean Utility Grid Sync (<3% THD)
FORD-PRO-2268,240.1,5.66,1.9,0.52,Clean Utility Grid Sync (<3% THD)
FORD-PRO-2269,244.9,2.8,2.12,0.62,Clean Utility Grid Sync (<3% THD)
FORD-PRO-2270,229.4,5.16,2.55,0.29,Clean Utility Grid Sync (<3% THD)
FORD-PRO-2271,224.2,6.59,2.29,1.25,Clean Utility Grid Sync (<3% THD)
FORD-PRO-2272,233.9,4.2,2.37,0.67,Clean Utility Grid Sync (<3% THD)
FORD-PRO-2273,228.5,7.57,3.1,0.04,Clean Utility Grid Sync (<3% THD)
FORD-PRO-2274,238.0,2.8,1.86,0.45,Clean Utility Grid Sync (<3% THD)
FORD-PRO-2275,241.4,6.72,2.33,0.13,Clean Utility Grid Sync (<3% THD)
FORD-PRO-2276,244.0,4.21,2.02,0.25,Clean Utility Grid Sync (<3% THD)
FORD-PRO-2277,236.0,9.41,3.37,1.19,Clean Utility Grid Sync (<3% THD)
FORD-PRO-2278,235.2,4.68,2.16,0.52,Clean Utility Grid Sync (<3% THD)
FORD-PRO-2279,224.2,2.63,1.33,0.15,Clean Utility Grid Sync (<3% THD)
FORD-PRO-2280,245.5,4.94,2.21,0.65,Clean Utility Grid Sync (<3% THD)
FORD-PRO-2281,236.5,2.46,1.33,0.77,Clean Utility Grid Sync (<3% THD)
FORD-PRO-2282,227.5,4.71,2.67,0.18,Clean Utility Grid Sync (<3% THD)
FORD-PRO-2283,241.6,3.78,2.49,0.46,Clean Utility Grid Sync (<3% THD)
FORD-PRO-2284,229.4,7.52,2.74,0.5,Clean Utility Grid Sync (<3% THD)
FORD-PRO-2285,223.6,3.01,1.84,0.95,Clean Utility Grid Sync (<3% THD)
FORD-PRO-2286,242.1,6.58,2.2,1.1,Clean Utility Grid Sync (<3% THD)
FORD-PRO-2287,224.5,8.05,2.85,0.04,Clean Utility Grid Sync (<3% THD)
FORD-PRO-2288,246.6,7.35,2.66,0.89,Clean Utility Grid Sync (<3% THD)
FORD-PRO-2289,229.6,6.95,2.29,0.81,Clean Utility Grid Sync (<3% THD)
FORD-PRO-2290,228.4,2.49,2.67,0.2,Clean Utility Grid Sync (<3% THD)
FORD-PRO-2291,226.9,9.16,2.5,0.02,Clean Utility Grid Sync (<3% THD)
FORD-PRO-2292,224.9,6.26,2.57,1.2,Clean Utility Grid Sync (<3% THD)
FORD-PRO-2293,221.6,9.33,2.41,1.03,Clean Utility Grid Sync (<3% THD)
FORD-PRO-2294,233.9,3.1,2.59,0.47,Clean Utility Grid Sync (<3% THD)
FORD-PRO-2295,223.4,6.83,2.05,0.68,Clean Utility Grid Sync (<3% THD)
FORD-PRO-2296,222.5,3.33,1.9,0.3,Clean Utility Grid Sync (<3% THD)
FORD-PRO-2297,244.0,6.15,2.58,0.58,Clean Utility Grid Sync (<3% THD)
FORD-PRO-2298,224.0,2.83,1.9,0.57,Clean Utility Grid Sync (<3% THD)
FORD-PRO-2299,247.6,4.31,2.02,0.23,Clean Utility Grid Sync (<3% THD)
FORD-PRO-2300,232.0,2.79,1.12,1.13,Clean Utility Grid Sync (<3% THD)
FORD-PRO-2301,236.1,7.24,2.77,0.21,Clean Utility Grid Sync (<3% THD)
FORD-PRO-2302,227.2,4.39,2.16,0.27,Clean Utility Grid Sync (<3% THD)
FORD-PRO-2303,239.1,9.5,3.71,0.59,Clean Utility Grid Sync (<3% THD)
FORD-PRO-2304,241.9,5.24,2.11,0.8,Clean Utility Grid Sync (<3% THD)
FORD-PRO-2305,240.8,3.63,1.94,0.39,Clean Utility Grid Sync (<3% THD)
FORD-PRO-2306,241.6,5.62,2.25,0.9,Clean Utility Grid Sync (<3% THD)
FORD-PRO-2307,241.0,6.57,2.48,1.3,Clean Utility Grid Sync (<3% THD)
FORD-PRO-2308,223.8,5.78,2.49,0.34,Clean Utility Grid Sync (<3% THD)
FORD-PRO-2309,222.0,7.62,2.35,0.25,Clean Utility Grid Sync (<3% THD)
FORD-PRO-2310,241.0,6.49,2.6,0.8,Clean Utility Grid Sync (<3% THD)
FORD-PRO-2311,235.1,7.05,2.35,1.44,Clean Utility Grid Sync (<3% THD)
FORD-PRO-2312,243.2,6.54,2.57,0.92,Clean Utility Grid Sync (<3% THD)
FORD-PRO-2313,243.7,8.69,2.18,1.24,Clean Utility Grid Sync (<3% THD)
FORD-PRO-2314,238.6,5.53,2.48,0.13,Clean Utility Grid Sync (<3% THD)
FORD-PRO-2315,225.0,6.17,2.38,0.99,Clean Utility Grid Sync (<3% THD)
FORD-PRO-2316,229.4,7.79,2.79,0.51,Clean Utility Grid Sync (<3% THD)
FORD-PRO-2317,247.7,6.01,2.15,0.67,Clean Utility Grid Sync (<3% THD)
FORD-PRO-2318,226.3,7.36,2.63,0.49,Clean Utility Grid Sync (<3% THD)
FORD-PRO-2319,242.2,8.12,2.56,0.77,Clean Utility Grid Sync (<3% THD)
FORD-PRO-2320,233.9,5.15,2.11,0.67,Clean Utility Grid Sync (<3% THD)
FORD-PRO-2321,221.1,7.06,2.34,0.17,Clean Utility Grid Sync (<3% THD)
FORD-PRO-2322,237.7,7.47,2.84,0.1,Clean Utility Grid Sync (<3% THD)
FORD-PRO-2323,224.2,5.64,2.55,1.5,Clean Utility Grid Sync (<3% THD)
FORD-PRO-2324,228.7,8.84,2.69,0.11,Clean Utility Grid Sync (<3% THD)
FORD-PRO-2325,227.2,5.38,2.19,0.48,Clean Utility Grid Sync (<3% THD)
FORD-PRO-2326,232.9,6.3,2.47,0.57,Clean Utility Grid Sync (<3% THD)
FORD-PRO-2327,240.7,6.17,2.83,0.63,Clean Utility Grid Sync (<3% THD)
FORD-PRO-2328,244.0,8.95,3.04,1.22,Clean Utility Grid Sync (<3% THD)
FORD-PRO-2329,224.6,2.5,1.6,0.49,Clean Utility Grid Sync (<3% THD)
FORD-PRO-2330,245.1,8.71,3.19,1.57,Clean Utility Grid Sync (<3% THD)
FORD-PRO-2331,229.9,8.1,3.12,0.26,Clean Utility Grid Sync (<3% THD)
FORD-PRO-2332,237.1,9.12,3.44,0.33,Clean Utility Grid Sync (<3% THD)
FORD-PRO-2333,240.9,8.86,3.32,0.35,Clean Utility Grid Sync (<3% THD)
FORD-PRO-2334,240.8,6.68,2.41,0.07,Clean Utility Grid Sync (<3% THD)
FORD-PRO-2335,244.6,7.84,2.94,0.83,Clean Utility Grid Sync (<3% THD)
FORD-PRO-2336,228.2,2.66,1.77,0.11,Clean Utility Grid Sync (<3% THD)
FORD-PRO-2337,247.9,4.79,2.11,0.02,Clean Utility Grid Sync (<3% THD)
FORD-PRO-2338,235.7,8.3,2.96,0.8,Clean Utility Grid Sync (<3% THD)
FORD-PRO-2339,227.2,3.8,1.46,0.54,Clean Utility Grid Sync (<3% THD)
FORD-PRO-2340,220.9,7.12,2.72,0.12,Clean Utility Grid Sync (<3% THD)
FORD-PRO-2341,237.1,6.39,2.07,1.2,Clean Utility Grid Sync (<3% THD)
FORD-PRO-2342,235.2,6.75,2.85,1.76,Clean Utility Grid Sync (<3% THD)
FORD-PRO-2343,226.6,7.86,2.85,0.74,Clean Utility Grid Sync (<3% THD)
FORD-PRO-2344,243.8,3.15,2.26,1.19,Clean Utility Grid Sync (<3% THD)
FORD-PRO-2345,227.3,6.54,2.48,0.85,Clean Utility Grid Sync (<3% THD)
FORD-PRO-2346,221.0,5.46,2.36,0.53,Clean Utility Grid Sync (<3% THD)
FORD-PRO-2347,241.5,9.01,2.7,0.57,Clean Utility Grid Sync (<3% THD)
FORD-PRO-2348,223.9,3.82,1.49,0.83,Clean Utility Grid Sync (<3% THD)
FORD-PRO-2349,234.0,7.99,2.53,0.82,Clean Utility Grid Sync (<3% THD)
FORD-PRO-2350,248.0,7.01,2.52,0.19,Clean Utility Grid Sync (<3% THD)
FORD-PRO-2351,244.5,8.4,2.63,0.14,Clean Utility Grid Sync (<3% THD)
FORD-PRO-2352,223.5,8.38,3.03,0.19,Clean Utility Grid Sync (<3% THD)
FORD-PRO-2353,224.5,8.37,3.03,1.97,Harmonic Filter Compensation Active
FORD-PRO-2354,230.3,4.78,2.24,0.19,Clean Utility Grid Sync (<3% THD)
FORD-PRO-2355,246.8,8.02,2.54,0.9,Clean Utility Grid Sync (<3% THD)
FORD-PRO-2356,230.0,6.89,2.3,0.6,Clean Utility Grid Sync (<3% THD)
FORD-PRO-2357,220.6,2.73,2.02,0.81,Clean Utility Grid Sync (<3% THD)
FORD-PRO-2358,227.1,2.46,1.73,0.07,Clean Utility Grid Sync (<3% THD)
FORD-PRO-2359,239.3,4.56,1.94,0.5,Clean Utility Grid Sync (<3% THD)
FORD-PRO-2360,247.0,8.17,2.73,0.09,Clean Utility Grid Sync (<3% THD)
FORD-PRO-2361,245.8,4.54,2.72,0.09,Clean Utility Grid Sync (<3% THD)
FORD-PRO-2362,232.4,6.37,2.56,0.26,Clean Utility Grid Sync (<3% THD)
FORD-PRO-2363,238.6,8.67,3.09,0.02,Clean Utility Grid Sync (<3% THD)
FORD-PRO-2364,222.1,3.36,1.54,0.14,Clean Utility Grid Sync (<3% THD)
FORD-PRO-2365,226.6,9.49,2.38,0.84,Clean Utility Grid Sync (<3% THD)
FORD-PRO-2366,236.9,3.97,2.02,0.57,Clean Utility Grid Sync (<3% THD)
FORD-PRO-2367,235.4,9.41,3.09,0.88,Clean Utility Grid Sync (<3% THD)
FORD-PRO-2368,242.1,3.44,2.07,0.25,Clean Utility Grid Sync (<3% THD)
FORD-PRO-2369,224.9,4.81,2.2,0.2,Clean Utility Grid Sync (<3% THD)
FORD-PRO-2370,230.9,3.29,1.93,0.02,Clean Utility Grid Sync (<3% THD)
FORD-PRO-2371,242.9,5.68,2.66,0.18,Clean Utility Grid Sync (<3% THD)
FORD-PRO-2372,247.8,4.78,2.42,0.72,Clean Utility Grid Sync (<3% THD)
FORD-PRO-2373,229.3,6.96,1.82,0.01,Clean Utility Grid Sync (<3% THD)
FORD-PRO-2374,242.7,3.23,2.37,0.73,Clean Utility Grid Sync (<3% THD)
FORD-PRO-2375,245.6,3.15,1.98,1.19,Clean Utility Grid Sync (<3% THD)
FORD-PRO-2376,229.1,7.66,2.51,0.71,Clean Utility Grid Sync (<3% THD)
FORD-PRO-2377,225.6,6.23,2.72,1.11,Clean Utility Grid Sync (<3% THD)
FORD-PRO-2378,235.4,7.19,3.07,0.56,Clean Utility Grid Sync (<3% THD)
FORD-PRO-2379,244.8,6.14,1.86,0.82,Clean Utility Grid Sync (<3% THD)
FORD-PRO-2380,246.9,5.24,2.1,0.75,Clean Utility Grid Sync (<3% THD)
FORD-PRO-2381,223.0,3.27,1.72,0.31,Clean Utility Grid Sync (<3% THD)
FORD-PRO-2382,222.7,8.49,2.73,0.28,Clean Utility Grid Sync (<3% THD)
FORD-PRO-2383,237.9,3.8,1.47,0.08,Clean Utility Grid Sync (<3% THD)
FORD-PRO-2384,223.4,8.03,3.29,0.36,Clean Utility Grid Sync (<3% THD)
FORD-PRO-2385,245.9,3.97,1.5,0.81,Clean Utility Grid Sync (<3% THD)
FORD-PRO-2386,221.0,4.81,2.24,0.18,Clean Utility Grid Sync (<3% THD)
FORD-PRO-2387,224.1,4.71,2.36,0.98,Clean Utility Grid Sync (<3% THD)
FORD-PRO-2388,241.3,6.46,2.63,0.85,Clean Utility Grid Sync (<3% THD)
FORD-PRO-2389,228.8,6.68,2.01,0.44,Clean Utility Grid Sync (<3% THD)
FORD-PRO-2390,241.5,3.69,1.79,0.37,Clean Utility Grid Sync (<3% THD)
FORD-PRO-2391,233.9,5.65,2.08,1.12,Clean Utility Grid Sync (<3% THD)
FORD-PRO-2392,231.8,3.44,2.18,0.13,Clean Utility Grid Sync (<3% THD)
FORD-PRO-2393,247.7,6.44,2.21,0.35,Clean Utility Grid Sync (<3% THD)
FORD-PRO-2394,224.2,3.73,1.49,0.05,Clean Utility Grid Sync (<3% THD)
FORD-PRO-2395,240.6,7.71,2.51,0.16,Clean Utility Grid Sync (<3% THD)
FORD-PRO-2396,240.0,7.33,2.72,0.09,Clean Utility Grid Sync (<3% THD)
FORD-PRO-2397,234.0,9.58,2.73,0.18,Clean Utility Grid Sync (<3% THD)
FORD-PRO-2398,222.8,7.6,2.59,0.88,Clean Utility Grid Sync (<3% THD)
FORD-PRO-2399,229.8,7.16,3.09,0.35,Clean Utility Grid Sync (<3% THD)
FORD-PRO-2400,232.7,4.27,2.03,0.4,Clean Utility Grid Sync (<3% THD)
FORD-PRO-2401,225.8,5.71,1.95,0.42,Clean Utility Grid Sync (<3% THD)
FORD-PRO-2402,247.7,7.63,2.63,0.19,Clean Utility Grid Sync (<3% THD)
FORD-PRO-2403,247.4,8.51,2.68,0.2,Clean Utility Grid Sync (<3% THD)
FORD-PRO-2404,225.9,4.23,2.34,0.59,Clean Utility Grid Sync (<3% THD)
FORD-PRO-2405,232.3,6.38,2.16,0.23,Clean Utility Grid Sync (<3% THD)
FORD-PRO-2406,244.1,2.74,1.82,0.13,Clean Utility Grid Sync (<3% THD)
FORD-PRO-2407,223.1,7.3,2.43,0.95,Clean Utility Grid Sync (<3% THD)
FORD-PRO-2408,225.6,5.86,2.17,0.09,Clean Utility Grid Sync (<3% THD)
FORD-PRO-2409,220.5,4.93,2.37,0.25,Clean Utility Grid Sync (<3% THD)
FORD-PRO-2410,225.1,3.53,1.83,1.14,Clean Utility Grid Sync (<3% THD)
FORD-PRO-2411,238.1,8.43,3.27,2.13,Harmonic Filter Compensation Active
FORD-PRO-2412,234.5,3.35,1.98,0.13,Clean Utility Grid Sync (<3% THD)
FORD-PRO-2413,246.7,6.98,2.29,0.61,Clean Utility Grid Sync (<3% THD)
FORD-PRO-2414,235.8,6.99,2.34,0.14,Clean Utility Grid Sync (<3% THD)
FORD-PRO-2415,232.1,2.9,2.08,1.01,Clean Utility Grid Sync (<3% THD)
FORD-PRO-2416,230.3,8.1,3.3,0.47,Clean Utility Grid Sync (<3% THD)
FORD-PRO-2417,229.4,4.62,2.77,1.31,Clean Utility Grid Sync (<3% THD)
FORD-PRO-2418,237.1,2.5,1.98,0.89,Clean Utility Grid Sync (<3% THD)
FORD-PRO-2419,245.7,6.28,2.64,0.46,Clean Utility Grid Sync (<3% THD)
FORD-PRO-2420,234.9,4.82,1.71,1.91,Harmonic Filter Compensation Active
FORD-PRO-2421,244.1,5.11,2.41,0.67,Clean Utility Grid Sync (<3% THD)
FORD-PRO-2422,237.5,7.81,2.2,0.38,Clean Utility Grid Sync (<3% THD)
FORD-PRO-2423,244.6,5.21,1.94,0.41,Clean Utility Grid Sync (<3% THD)
FORD-PRO-2424,234.5,7.16,2.92,1.04,Clean Utility Grid Sync (<3% THD)
FORD-PRO-2425,221.3,4.12,2.02,0.0,Clean Utility Grid Sync (<3% THD)
FORD-PRO-2426,228.9,8.57,3.15,0.41,Clean Utility Grid Sync (<3% THD)
FORD-PRO-2427,247.6,5.71,2.36,0.09,Clean Utility Grid Sync (<3% THD)
FORD-PRO-2428,225.5,3.47,1.63,0.53,Clean Utility Grid Sync (<3% THD)
FORD-PRO-2429,245.5,3.29,1.05,0.1,Clean Utility Grid Sync (<3% THD)
FORD-PRO-2430,222.9,6.13,2.76,0.28,Clean Utility Grid Sync (<3% THD)
FORD-PRO-2431,236.5,2.89,1.35,0.76,Clean Utility Grid Sync (<3% THD)
FORD-PRO-2432,240.4,4.43,2.46,0.8,Clean Utility Grid Sync (<3% THD)
FORD-PRO-2433,245.4,7.75,2.8,0.05,Clean Utility Grid Sync (<3% THD)
FORD-PRO-2434,236.9,8.11,2.78,1.09,Clean Utility Grid Sync (<3% THD)
FORD-PRO-2435,240.5,4.89,2.41,0.06,Clean Utility Grid Sync (<3% THD)
FORD-PRO-2436,224.0,8.5,2.79,0.12,Clean Utility Grid Sync (<3% THD)
FORD-PRO-2437,221.5,3.7,2.03,0.47,Clean Utility Grid Sync (<3% THD)
FORD-PRO-2438,230.8,4.86,2.4,0.37,Clean Utility Grid Sync (<3% THD)
FORD-PRO-2439,237.7,4.8,1.97,1.2,Clean Utility Grid Sync (<3% THD)
FORD-PRO-2440,233.8,5.86,2.05,0.66,Clean Utility Grid Sync (<3% THD)
FORD-PRO-2441,244.7,3.07,1.52,1.42,Clean Utility Grid Sync (<3% THD)
FORD-PRO-2442,228.4,8.7,2.92,0.18,Clean Utility Grid Sync (<3% THD)
FORD-PRO-2443,232.5,2.97,1.58,0.45,Clean Utility Grid Sync (<3% THD)
FORD-PRO-2444,232.0,2.78,1.8,0.23,Clean Utility Grid Sync (<3% THD)
FORD-PRO-2445,235.9,3.44,2.33,0.21,Clean Utility Grid Sync (<3% THD)
FORD-PRO-2446,233.6,8.92,2.95,0.8,Clean Utility Grid Sync (<3% THD)
FORD-PRO-2447,243.8,7.15,2.4,0.05,Clean Utility Grid Sync (<3% THD)
FORD-PRO-2448,225.8,7.75,2.47,0.23,Clean Utility Grid Sync (<3% THD)
FORD-PRO-2449,247.5,7.0,2.7,1.98,Harmonic Filter Compensation Active
FORD-PRO-2450,246.9,2.68,1.58,0.81,Clean Utility Grid Sync (<3% THD)
FORD-PRO-2451,220.9,5.38,2.74,0.2,Clean Utility Grid Sync (<3% THD)
FORD-PRO-2452,232.0,8.19,2.76,0.69,Clean Utility Grid Sync (<3% THD)
FORD-PRO-2453,220.9,5.94,2.49,0.28,Clean Utility Grid Sync (<3% THD)
FORD-PRO-2454,238.5,7.58,2.46,0.38,Clean Utility Grid Sync (<3% THD)
FORD-PRO-2455,221.7,4.66,1.91,0.78,Clean Utility Grid Sync (<3% THD)
FORD-PRO-2456,227.5,3.32,2.06,0.34,Clean Utility Grid Sync (<3% THD)
FORD-PRO-2457,245.4,9.5,2.65,1.06,Clean Utility Grid Sync (<3% THD)
FORD-PRO-2458,225.4,5.54,2.57,0.3,Clean Utility Grid Sync (<3% THD)
FORD-PRO-2459,237.8,8.17,2.74,0.96,Clean Utility Grid Sync (<3% THD)
FORD-PRO-2460,230.0,4.91,2.41,1.07,Clean Utility Grid Sync (<3% THD)
FORD-PRO-2461,241.6,6.27,2.2,1.51,Clean Utility Grid Sync (<3% THD)
FORD-PRO-2462,223.6,9.59,2.7,0.42,Clean Utility Grid Sync (<3% THD)
FORD-PRO-2463,221.9,6.26,2.36,0.61,Clean Utility Grid Sync (<3% THD)
FORD-PRO-2464,237.1,4.9,2.54,0.69,Clean Utility Grid Sync (<3% THD)
FORD-PRO-2465,225.5,5.64,2.36,0.5,Clean Utility Grid Sync (<3% THD)
FORD-PRO-2466,232.6,5.29,2.15,0.88,Clean Utility Grid Sync (<3% THD)
FORD-PRO-2467,244.4,8.72,2.52,0.13,Clean Utility Grid Sync (<3% THD)
FORD-PRO-2468,248.0,9.04,2.53,0.11,Clean Utility Grid Sync (<3% THD)
FORD-PRO-2469,241.7,8.95,2.71,0.83,Clean Utility Grid Sync (<3% THD)
FORD-PRO-2470,232.8,4.01,2.07,0.86,Clean Utility Grid Sync (<3% THD)
FORD-PRO-2471,230.6,5.2,2.55,0.02,Clean Utility Grid Sync (<3% THD)
FORD-PRO-2472,229.6,9.12,3.16,0.0,Clean Utility Grid Sync (<3% THD)
FORD-PRO-2473,247.0,2.69,1.44,0.58,Clean Utility Grid Sync (<3% THD)
FORD-PRO-2474,224.1,5.99,2.71,0.06,Clean Utility Grid Sync (<3% THD)
FORD-PRO-2475,227.4,4.43,1.87,0.03,Clean Utility Grid Sync (<3% THD)
FORD-PRO-2476,222.5,4.37,1.99,0.7,Clean Utility Grid Sync (<3% THD)
FORD-PRO-2477,241.0,6.97,2.33,0.16,Clean Utility Grid Sync (<3% THD)
FORD-PRO-2478,224.2,4.37,2.43,1.32,Clean Utility Grid Sync (<3% THD)
FORD-PRO-2479,232.2,6.51,2.36,0.81,Clean Utility Grid Sync (<3% THD)
FORD-PRO-2480,222.9,6.86,2.38,0.26,Clean Utility Grid Sync (<3% THD)
FORD-PRO-2481,236.8,5.39,2.17,0.19,Clean Utility Grid Sync (<3% THD)
FORD-PRO-2482,222.7,8.23,3.0,0.33,Clean Utility Grid Sync (<3% THD)
FORD-PRO-2483,244.5,8.87,2.76,0.07,Clean Utility Grid Sync (<3% THD)
FORD-PRO-2484,247.1,5.54,2.6,0.09,Clean Utility Grid Sync (<3% THD)
FORD-PRO-2485,240.3,4.94,2.83,0.07,Clean Utility Grid Sync (<3% THD)
FORD-PRO-2486,224.0,7.79,2.31,0.59,Clean Utility Grid Sync (<3% THD)
FORD-PRO-2487,226.1,3.39,1.96,0.87,Clean Utility Grid Sync (<3% THD)
FORD-PRO-2488,224.9,8.67,2.7,0.44,Clean Utility Grid Sync (<3% THD)
FORD-PRO-2489,235.4,5.94,2.46,0.76,Clean Utility Grid Sync (<3% THD)
FORD-PRO-2490,237.7,8.78,2.69,0.81,Clean Utility Grid Sync (<3% THD)
FORD-PRO-2491,227.3,8.6,3.5,0.03,Clean Utility Grid Sync (<3% THD)
FORD-PRO-2492,238.3,6.19,2.74,0.06,Clean Utility Grid Sync (<3% THD)
FORD-PRO-2493,247.6,4.03,1.73,0.16,Clean Utility Grid Sync (<3% THD)
FORD-PRO-2494,224.7,4.68,1.72,0.05,Clean Utility Grid Sync (<3% THD)
FORD-PRO-2495,240.3,7.74,3.03,0.27,Clean Utility Grid Sync (<3% THD)
FORD-PRO-2496,235.6,6.27,1.96,0.12,Clean Utility Grid Sync (<3% THD)
FORD-PRO-2497,224.1,3.42,1.89,0.88,Clean Utility Grid Sync (<3% THD)
FORD-PRO-2498,243.3,8.26,2.92,0.78,Clean Utility Grid Sync (<3% THD)
FORD-PRO-2499,247.4,8.41,2.36,0.57,Clean Utility Grid Sync (<3% THD)
FORD-PRO-2500,241.9,5.84,2.31,0.72,Clean Utility Grid Sync (<3% THD)
FORD-PRO-2501,243.3,5.04,2.13,1.36,Clean Utility Grid Sync (<3% THD)
FORD-PRO-2502,237.3,7.97,3.25,0.31,Clean Utility Grid Sync (<3% THD)
FORD-PRO-2503,238.2,5.65,1.87,0.37,Clean Utility Grid Sync (<3% THD)
FORD-PRO-2504,224.8,3.09,1.11,0.08,Clean Utility Grid Sync (<3% THD)
FORD-PRO-2505,244.7,6.97,2.66,0.61,Clean Utility Grid Sync (<3% THD)
FORD-PRO-2506,222.2,7.85,2.43,0.02,Clean Utility Grid Sync (<3% THD)
FORD-PRO-2507,234.1,6.89,2.55,0.06,Clean Utility Grid Sync (<3% THD)
FORD-PRO-2508,235.8,6.23,2.49,1.07,Clean Utility Grid Sync (<3% THD)
FORD-PRO-2509,240.6,7.54,2.52,0.39,Clean Utility Grid Sync (<3% THD)
FORD-PRO-2510,246.4,8.95,2.78,1.32,Clean Utility Grid Sync (<3% THD)
FORD-PRO-2511,240.2,6.07,2.15,0.14,Clean Utility Grid Sync (<3% THD)
FORD-PRO-2512,234.0,7.7,2.38,1.52,Clean Utility Grid Sync (<3% THD)
FORD-PRO-2513,242.2,4.66,1.75,0.75,Clean Utility Grid Sync (<3% THD)
FORD-PRO-2514,228.7,5.56,2.64,1.42,Clean Utility Grid Sync (<3% THD)
FORD-PRO-2515,246.5,4.04,2.56,0.62,Clean Utility Grid Sync (<3% THD)
FORD-PRO-2516,241.9,8.89,2.74,1.12,Clean Utility Grid Sync (<3% THD)
FORD-PRO-2517,240.9,4.94,2.58,1.09,Clean Utility Grid Sync (<3% THD)
FORD-PRO-2518,232.0,4.95,1.63,0.31,Clean Utility Grid Sync (<3% THD)
FORD-PRO-2519,232.9,3.56,2.52,0.57,Clean Utility Grid Sync (<3% THD)
FORD-PRO-2520,246.3,3.94,2.01,0.74,Clean Utility Grid Sync (<3% THD)
FORD-PRO-2521,245.6,9.25,2.5,0.29,Clean Utility Grid Sync (<3% THD)
FORD-PRO-2522,240.0,5.02,1.77,0.59,Clean Utility Grid Sync (<3% THD)
FORD-PRO-2523,246.5,3.9,2.0,0.39,Clean Utility Grid Sync (<3% THD)
FORD-PRO-2524,220.8,5.43,1.89,0.23,Clean Utility Grid Sync (<3% THD)
FORD-PRO-2525,229.2,7.38,2.88,0.64,Clean Utility Grid Sync (<3% THD)
FORD-PRO-2526,222.2,3.58,1.71,0.44,Clean Utility Grid Sync (<3% THD)
FORD-PRO-2527,231.8,6.49,2.31,0.24,Clean Utility Grid Sync (<3% THD)
FORD-PRO-2528,245.8,2.92,1.94,1.04,Clean Utility Grid Sync (<3% THD)
FORD-PRO-2529,227.9,6.0,2.27,0.27,Clean Utility Grid Sync (<3% THD)
FORD-PRO-2530,228.2,8.71,2.84,0.8,Clean Utility Grid Sync (<3% THD)
FORD-PRO-2531,225.0,7.47,2.75,0.1,Clean Utility Grid Sync (<3% THD)
FORD-PRO-2532,228.8,4.96,2.0,0.14,Clean Utility Grid Sync (<3% THD)
FORD-PRO-2533,241.6,5.59,2.56,0.85,Clean Utility Grid Sync (<3% THD)
FORD-PRO-2534,228.6,6.26,2.74,0.71,Clean Utility Grid Sync (<3% THD)
FORD-PRO-2535,232.6,8.52,2.89,1.34,Clean Utility Grid Sync (<3% THD)
FORD-PRO-2536,230.5,3.79,2.13,1.49,Clean Utility Grid Sync (<3% THD)
FORD-PRO-2537,244.1,4.64,2.21,0.16,Clean Utility Grid Sync (<3% THD)
FORD-PRO-2538,235.4,9.53,2.99,1.03,Clean Utility Grid Sync (<3% THD)
FORD-PRO-2539,224.0,7.39,2.82,0.08,Clean Utility Grid Sync (<3% THD)
FORD-PRO-2540,235.2,5.11,2.95,0.36,Clean Utility Grid Sync (<3% THD)
FORD-PRO-2541,233.1,9.46,3.25,0.17,Clean Utility Grid Sync (<3% THD)
FORD-PRO-2542,245.1,3.52,1.6,1.3,Clean Utility Grid Sync (<3% THD)
FORD-PRO-2543,241.4,2.54,1.91,0.24,Clean Utility Grid Sync (<3% THD)
FORD-PRO-2544,245.9,8.06,2.73,0.53,Clean Utility Grid Sync (<3% THD)
FORD-PRO-2545,234.1,8.37,3.0,0.45,Clean Utility Grid Sync (<3% THD)
FORD-PRO-2546,222.4,5.09,2.81,0.91,Clean Utility Grid Sync (<3% THD)
FORD-PRO-2547,226.4,8.81,2.75,0.12,Clean Utility Grid Sync (<3% THD)
FORD-PRO-2548,244.4,8.91,2.7,1.82,Harmonic Filter Compensation Active
FORD-PRO-2549,242.3,9.33,2.63,0.03,Clean Utility Grid Sync (<3% THD)
FORD-PRO-2550,238.1,3.01,1.61,0.45,Clean Utility Grid Sync (<3% THD)
FORD-PRO-2551,232.5,2.54,1.9,0.57,Clean Utility Grid Sync (<3% THD)
FORD-PRO-2552,234.4,5.15,1.8,0.16,Clean Utility Grid Sync (<3% THD)
FORD-PRO-2553,231.3,6.24,2.03,0.32,Clean Utility Grid Sync (<3% THD)
FORD-PRO-2554,243.4,5.07,2.04,0.71,Clean Utility Grid Sync (<3% THD)
FORD-PRO-2555,233.6,5.62,2.13,0.26,Clean Utility Grid Sync (<3% THD)
FORD-PRO-2556,228.9,5.38,2.57,0.4,Clean Utility Grid Sync (<3% THD)
FORD-PRO-2557,228.0,3.51,1.65,0.63,Clean Utility Grid Sync (<3% THD)
FORD-PRO-2558,237.9,8.65,3.03,0.5,Clean Utility Grid Sync (<3% THD)
FORD-PRO-2559,235.7,4.87,2.14,0.21,Clean Utility Grid Sync (<3% THD)
FORD-PRO-2560,246.6,8.54,2.7,0.9,Clean Utility Grid Sync (<3% THD)
FORD-PRO-2561,234.8,7.02,2.22,0.23,Clean Utility Grid Sync (<3% THD)
FORD-PRO-2562,226.6,6.44,2.21,0.2,Clean Utility Grid Sync (<3% THD)
FORD-PRO-2563,230.9,8.1,2.83,0.19,Clean Utility Grid Sync (<3% THD)
FORD-PRO-2564,240.6,9.48,3.21,0.52,Clean Utility Grid Sync (<3% THD)
FORD-PRO-2565,225.1,4.33,2.17,1.05,Clean Utility Grid Sync (<3% THD)
FORD-PRO-2566,243.3,8.18,2.35,1.23,Clean Utility Grid Sync (<3% THD)
FORD-PRO-2567,240.2,4.21,2.24,0.15,Clean Utility Grid Sync (<3% THD)
FORD-PRO-2568,243.2,6.81,2.52,0.23,Clean Utility Grid Sync (<3% THD)
FORD-PRO-2569,220.3,4.5,2.09,0.2,Clean Utility Grid Sync (<3% THD)
FORD-PRO-2570,236.2,3.95,1.64,0.54,Clean Utility Grid Sync (<3% THD)
FORD-PRO-2571,244.9,4.69,1.83,0.31,Clean Utility Grid Sync (<3% THD)
FORD-PRO-2572,243.2,2.49,1.71,0.02,Clean Utility Grid Sync (<3% THD)
FORD-PRO-2573,244.3,6.09,1.96,0.1,Clean Utility Grid Sync (<3% THD)
FORD-PRO-2574,237.1,3.01,1.95,1.27,Clean Utility Grid Sync (<3% THD)
FORD-PRO-2575,220.9,4.59,1.95,0.42,Clean Utility Grid Sync (<3% THD)
FORD-PRO-2576,230.4,8.76,2.85,0.32,Clean Utility Grid Sync (<3% THD)
FORD-PRO-2577,230.4,9.33,2.96,0.46,Clean Utility Grid Sync (<3% THD)
FORD-PRO-2578,225.7,2.53,1.37,0.31,Clean Utility Grid Sync (<3% THD)
FORD-PRO-2579,232.0,7.95,3.02,0.72,Clean Utility Grid Sync (<3% THD)
FORD-PRO-2580,238.4,7.31,2.72,0.93,Clean Utility Grid Sync (<3% THD)
FORD-PRO-2581,232.2,3.81,2.01,0.04,Clean Utility Grid Sync (<3% THD)
FORD-PRO-2582,239.4,5.49,2.14,0.48,Clean Utility Grid Sync (<3% THD)
FORD-PRO-2583,242.8,8.47,2.91,0.63,Clean Utility Grid Sync (<3% THD)
FORD-PRO-2584,224.5,8.58,2.0,0.69,Clean Utility Grid Sync (<3% THD)
FORD-PRO-2585,232.8,5.91,2.16,0.77,Clean Utility Grid Sync (<3% THD)
FORD-PRO-2586,224.7,4.57,1.99,0.71,Clean Utility Grid Sync (<3% THD)
FORD-PRO-2587,244.4,7.09,2.72,0.22,Clean Utility Grid Sync (<3% THD)
FORD-PRO-2588,245.7,6.46,2.65,0.34,Clean Utility Grid Sync (<3% THD)
FORD-PRO-2589,238.3,4.24,1.41,0.3,Clean Utility Grid Sync (<3% THD)
FORD-PRO-2590,235.5,7.76,2.56,0.77,Clean Utility Grid Sync (<3% THD)
FORD-PRO-2591,229.2,5.78,2.38,0.98,Clean Utility Grid Sync (<3% THD)
FORD-PRO-2592,233.4,2.91,1.75,0.35,Clean Utility Grid Sync (<3% THD)
FORD-PRO-2593,246.4,5.32,2.5,0.2,Clean Utility Grid Sync (<3% THD)
FORD-PRO-2594,240.0,8.32,2.95,0.27,Clean Utility Grid Sync (<3% THD)
FORD-PRO-2595,221.7,3.08,1.75,0.64,Clean Utility Grid Sync (<3% THD)
FORD-PRO-2596,240.7,2.42,1.33,0.53,Clean Utility Grid Sync (<3% THD)
FORD-PRO-2597,227.1,5.05,2.04,0.53,Clean Utility Grid Sync (<3% THD)
FORD-PRO-2598,240.7,3.25,2.15,0.84,Clean Utility Grid Sync (<3% THD)
FORD-PRO-2599,229.3,9.1,2.58,0.34,Clean Utility Grid Sync (<3% THD)
FORD-PRO-2600,239.0,7.09,2.31,0.63,Clean Utility Grid Sync (<3% THD)
FORD-PRO-2601,232.6,8.97,3.16,0.69,Clean Utility Grid Sync (<3% THD)
FORD-PRO-2602,220.7,8.49,2.88,0.52,Clean Utility Grid Sync (<3% THD)
FORD-PRO-2603,228.4,6.69,2.17,1.2,Clean Utility Grid Sync (<3% THD)
FORD-PRO-2604,232.6,8.67,3.25,0.66,Clean Utility Grid Sync (<3% THD)
FORD-PRO-2605,226.6,7.51,2.14,0.01,Clean Utility Grid Sync (<3% THD)
FORD-PRO-2606,247.7,5.07,2.22,1.14,Clean Utility Grid Sync (<3% THD)
FORD-PRO-2607,243.4,2.97,1.45,0.57,Clean Utility Grid Sync (<3% THD)
FORD-PRO-2608,244.6,4.3,2.12,0.08,Clean Utility Grid Sync (<3% THD)
FORD-PRO-2609,242.3,5.67,1.88,1.24,Clean Utility Grid Sync (<3% THD)
FORD-PRO-2610,227.1,8.91,3.19,1.48,Clean Utility Grid Sync (<3% THD)
FORD-PRO-2611,220.7,4.38,2.55,0.34,Clean Utility Grid Sync (<3% THD)
FORD-PRO-2612,240.2,6.15,1.91,0.24,Clean Utility Grid Sync (<3% THD)
FORD-PRO-2613,225.3,5.66,1.97,1.09,Clean Utility Grid Sync (<3% THD)
FORD-PRO-2614,224.9,8.65,2.98,1.11,Clean Utility Grid Sync (<3% THD)
FORD-PRO-2615,227.6,6.16,2.41,0.39,Clean Utility Grid Sync (<3% THD)
FORD-PRO-2616,245.9,8.27,2.96,0.6,Clean Utility Grid Sync (<3% THD)
FORD-PRO-2617,246.1,7.49,2.23,0.52,Clean Utility Grid Sync (<3% THD)
FORD-PRO-2618,240.9,8.95,3.24,0.13,Clean Utility Grid Sync (<3% THD)
FORD-PRO-2619,241.2,5.08,1.87,0.2,Clean Utility Grid Sync (<3% THD)
FORD-PRO-2620,229.7,3.32,1.75,0.08,Clean Utility Grid Sync (<3% THD)
FORD-PRO-2621,230.7,4.71,1.77,0.55,Clean Utility Grid Sync (<3% THD)
FORD-PRO-2622,232.6,7.14,2.78,1.12,Clean Utility Grid Sync (<3% THD)
FORD-PRO-2623,245.7,6.09,2.37,0.43,Clean Utility Grid Sync (<3% THD)
FORD-PRO-2624,239.2,2.91,1.63,0.11,Clean Utility Grid Sync (<3% THD)
FORD-PRO-2625,241.9,2.49,1.37,0.02,Clean Utility Grid Sync (<3% THD)
FORD-PRO-2626,225.5,8.2,2.56,0.1,Clean Utility Grid Sync (<3% THD)
FORD-PRO-2627,239.3,9.4,2.61,0.49,Clean Utility Grid Sync (<3% THD)
FORD-PRO-2628,244.4,2.46,1.68,0.24,Clean Utility Grid Sync (<3% THD)
FORD-PRO-2629,225.3,3.46,1.97,0.78,Clean Utility Grid Sync (<3% THD)
FORD-PRO-2630,231.6,5.09,2.06,0.22,Clean Utility Grid Sync (<3% THD)
FORD-PRO-2631,231.6,4.71,2.28,0.35,Clean Utility Grid Sync (<3% THD)
FORD-PRO-2632,225.8,2.68,1.78,0.39,Clean Utility Grid Sync (<3% THD)
FORD-PRO-2633,232.3,6.8,2.27,0.26,Clean Utility Grid Sync (<3% THD)
FORD-PRO-2634,229.0,4.23,2.31,0.39,Clean Utility Grid Sync (<3% THD)
FORD-PRO-2635,226.5,9.43,2.84,0.12,Clean Utility Grid Sync (<3% THD)
FORD-PRO-2636,233.2,9.43,3.02,0.13,Clean Utility Grid Sync (<3% THD)
FORD-PRO-2637,238.2,8.02,2.78,0.28,Clean Utility Grid Sync (<3% THD)
FORD-PRO-2638,245.5,6.48,1.56,0.27,Clean Utility Grid Sync (<3% THD)
FORD-PRO-2639,233.5,6.79,2.61,0.65,Clean Utility Grid Sync (<3% THD)
FORD-PRO-2640,225.0,4.98,1.89,0.14,Clean Utility Grid Sync (<3% THD)
FORD-PRO-2641,228.2,4.22,2.07,0.75,Clean Utility Grid Sync (<3% THD)
FORD-PRO-2642,240.9,7.85,2.75,0.15,Clean Utility Grid Sync (<3% THD)
FORD-PRO-2643,235.6,3.1,1.59,0.22,Clean Utility Grid Sync (<3% THD)
FORD-PRO-2644,245.1,5.62,2.74,0.58,Clean Utility Grid Sync (<3% THD)
FORD-PRO-2645,237.6,2.91,1.73,0.47,Clean Utility Grid Sync (<3% THD)
FORD-PRO-2646,227.1,3.76,2.08,0.04,Clean Utility Grid Sync (<3% THD)
FORD-PRO-2647,238.6,7.08,1.82,0.18,Clean Utility Grid Sync (<3% THD)
FORD-PRO-2648,225.5,3.91,1.57,0.47,Clean Utility Grid Sync (<3% THD)
FORD-PRO-2649,227.2,2.9,1.79,0.08,Clean Utility Grid Sync (<3% THD)
FORD-PRO-2650,241.5,6.16,2.19,0.39,Clean Utility Grid Sync (<3% THD)
FORD-PRO-2651,220.2,5.71,2.19,0.18,Clean Utility Grid Sync (<3% THD)
FORD-PRO-2652,226.6,8.39,3.63,1.56,Clean Utility Grid Sync (<3% THD)
FORD-PRO-2653,235.9,7.8,2.39,0.24,Clean Utility Grid Sync (<3% THD)
FORD-PRO-2654,244.3,7.41,2.12,0.03,Clean Utility Grid Sync (<3% THD)
FORD-PRO-2655,242.0,5.46,2.1,0.07,Clean Utility Grid Sync (<3% THD)
FORD-PRO-2656,246.0,7.94,3.0,0.26,Clean Utility Grid Sync (<3% THD)
FORD-PRO-2657,225.5,2.81,1.6,0.63,Clean Utility Grid Sync (<3% THD)
FORD-PRO-2658,228.6,6.03,2.5,0.37,Clean Utility Grid Sync (<3% THD)
FORD-PRO-2659,222.9,3.56,1.89,0.17,Clean Utility Grid Sync (<3% THD)
FORD-PRO-2660,234.6,3.69,2.08,0.17,Clean Utility Grid Sync (<3% THD)
FORD-PRO-2661,222.2,5.27,2.1,0.32,Clean Utility Grid Sync (<3% THD)
FORD-PRO-2662,238.0,6.84,2.69,0.61,Clean Utility Grid Sync (<3% THD)
FORD-PRO-2663,223.6,9.17,3.01,0.44,Clean Utility Grid Sync (<3% THD)
FORD-PRO-2664,222.9,8.46,2.2,0.84,Clean Utility Grid Sync (<3% THD)
FORD-PRO-2665,231.0,5.0,2.06,0.49,Clean Utility Grid Sync (<3% THD)
FORD-PRO-2666,247.4,4.45,2.21,1.12,Clean Utility Grid Sync (<3% THD)
FORD-PRO-2667,246.1,2.82,1.8,1.0,Clean Utility Grid Sync (<3% THD)
FORD-PRO-2668,235.2,5.01,2.23,0.45,Clean Utility Grid Sync (<3% THD)
FORD-PRO-2669,235.3,6.29,2.25,0.03,Clean Utility Grid Sync (<3% THD)
FORD-PRO-2670,229.1,3.39,1.8,0.1,Clean Utility Grid Sync (<3% THD)
FORD-PRO-2671,221.1,5.69,2.07,0.53,Clean Utility Grid Sync (<3% THD)
FORD-PRO-2672,229.4,5.3,1.83,0.45,Clean Utility Grid Sync (<3% THD)
FORD-PRO-2673,238.9,5.06,2.44,0.52,Clean Utility Grid Sync (<3% THD)
FORD-PRO-2674,222.5,2.47,1.55,0.37,Clean Utility Grid Sync (<3% THD)
FORD-PRO-2675,222.1,7.75,2.6,0.2,Clean Utility Grid Sync (<3% THD)
FORD-PRO-2676,232.0,4.97,2.55,0.57,Clean Utility Grid Sync (<3% THD)
FORD-PRO-2677,221.0,7.02,2.42,0.21,Clean Utility Grid Sync (<3% THD)
FORD-PRO-2678,233.4,7.81,2.56,0.58,Clean Utility Grid Sync (<3% THD)
FORD-PRO-2679,247.7,2.42,1.44,0.25,Clean Utility Grid Sync (<3% THD)
FORD-PRO-2680,246.0,4.45,2.94,0.24,Clean Utility Grid Sync (<3% THD)
FORD-PRO-2681,244.2,4.47,2.01,0.86,Clean Utility Grid Sync (<3% THD)
FORD-PRO-2682,224.1,9.01,2.8,0.84,Clean Utility Grid Sync (<3% THD)
FORD-PRO-2683,239.8,3.27,1.5,0.53,Clean Utility Grid Sync (<3% THD)
FORD-PRO-2684,226.4,5.85,2.66,0.98,Clean Utility Grid Sync (<3% THD)
FORD-PRO-2685,225.6,6.76,2.43,0.86,Clean Utility Grid Sync (<3% THD)
FORD-PRO-2686,246.6,4.95,2.4,1.01,Clean Utility Grid Sync (<3% THD)
FORD-PRO-2687,237.8,2.79,2.25,1.07,Clean Utility Grid Sync (<3% THD)
FORD-PRO-2688,226.3,2.43,1.95,0.52,Clean Utility Grid Sync (<3% THD)
FORD-PRO-2689,241.5,7.34,2.96,1.25,Clean Utility Grid Sync (<3% THD)
FORD-PRO-2690,231.5,4.35,2.05,0.47,Clean Utility Grid Sync (<3% THD)
FORD-PRO-2691,220.8,7.06,2.34,0.16,Clean Utility Grid Sync (<3% THD)
FORD-PRO-2692,232.9,2.95,2.12,0.47,Clean Utility Grid Sync (<3% THD)
FORD-PRO-2693,224.0,9.31,2.94,1.19,Clean Utility Grid Sync (<3% THD)
FORD-PRO-2694,241.4,6.67,2.11,0.41,Clean Utility Grid Sync (<3% THD)
FORD-PRO-2695,226.1,6.9,2.52,0.52,Clean Utility Grid Sync (<3% THD)
FORD-PRO-2696,237.3,4.57,1.66,0.46,Clean Utility Grid Sync (<3% THD)
FORD-PRO-2697,240.6,8.02,2.89,0.37,Clean Utility Grid Sync (<3% THD)
FORD-PRO-2698,242.9,4.37,2.45,0.79,Clean Utility Grid Sync (<3% THD)
FORD-PRO-2699,231.9,3.75,2.21,0.05,Clean Utility Grid Sync (<3% THD)
FORD-PRO-2700,228.5,3.45,1.89,0.22,Clean Utility Grid Sync (<3% THD)
FORD-PRO-2701,232.9,6.19,2.3,0.09,Clean Utility Grid Sync (<3% THD)
FORD-PRO-2702,220.6,7.68,3.29,0.36,Clean Utility Grid Sync (<3% THD)
FORD-PRO-2703,220.3,4.41,1.68,0.24,Clean Utility Grid Sync (<3% THD)
FORD-PRO-2704,239.1,8.67,3.07,0.0,Clean Utility Grid Sync (<3% THD)
FORD-PRO-2705,228.1,2.86,1.87,1.01,Clean Utility Grid Sync (<3% THD)
FORD-PRO-2706,232.2,6.08,2.19,0.19,Clean Utility Grid Sync (<3% THD)
FORD-PRO-2707,243.3,8.47,2.55,0.2,Clean Utility Grid Sync (<3% THD)
FORD-PRO-2708,237.2,7.06,2.15,0.02,Clean Utility Grid Sync (<3% THD)
FORD-PRO-2709,237.3,3.28,1.91,0.6,Clean Utility Grid Sync (<3% THD)
FORD-PRO-2710,235.6,3.67,1.99,0.28,Clean Utility Grid Sync (<3% THD)
FORD-PRO-2711,240.3,4.33,2.66,0.45,Clean Utility Grid Sync (<3% THD)
FORD-PRO-2712,223.2,4.93,2.44,0.22,Clean Utility Grid Sync (<3% THD)
FORD-PRO-2713,228.6,4.15,1.85,0.42,Clean Utility Grid Sync (<3% THD)
FORD-PRO-2714,228.0,5.48,2.38,0.33,Clean Utility Grid Sync (<3% THD)
FORD-PRO-2715,228.6,5.92,2.02,0.55,Clean Utility Grid Sync (<3% THD)
FORD-PRO-2716,222.7,8.77,3.03,0.8,Clean Utility Grid Sync (<3% THD)
FORD-PRO-2717,247.5,6.25,2.34,0.2,Clean Utility Grid Sync (<3% THD)
FORD-PRO-2718,224.3,8.17,3.34,0.43,Clean Utility Grid Sync (<3% THD)
FORD-PRO-2719,222.0,5.44,2.57,0.16,Clean Utility Grid Sync (<3% THD)
FORD-PRO-2720,230.7,7.93,2.61,0.46,Clean Utility Grid Sync (<3% THD)
FORD-PRO-2721,227.9,8.6,3.1,0.53,Clean Utility Grid Sync (<3% THD)
FORD-PRO-2722,240.3,7.37,2.69,0.28,Clean Utility Grid Sync (<3% THD)
FORD-PRO-2723,227.3,8.3,3.04,1.07,Clean Utility Grid Sync (<3% THD)
FORD-PRO-2724,226.7,6.98,2.11,1.33,Clean Utility Grid Sync (<3% THD)
FORD-PRO-2725,243.2,5.72,2.55,0.25,Clean Utility Grid Sync (<3% THD)
FORD-PRO-2726,241.1,7.74,2.62,0.44,Clean Utility Grid Sync (<3% THD)
FORD-PRO-2727,243.9,5.72,1.49,1.2,Clean Utility Grid Sync (<3% THD)
FORD-PRO-2728,238.1,7.79,2.63,0.36,Clean Utility Grid Sync (<3% THD)
FORD-PRO-2729,226.1,7.56,3.05,0.21,Clean Utility Grid Sync (<3% THD)
FORD-PRO-2730,237.8,6.94,2.54,0.17,Clean Utility Grid Sync (<3% THD)
FORD-PRO-2731,232.5,8.53,2.89,0.36,Clean Utility Grid Sync (<3% THD)
FORD-PRO-2732,220.6,3.52,1.57,0.02,Clean Utility Grid Sync (<3% THD)
FORD-PRO-2733,226.7,7.76,2.79,0.01,Clean Utility Grid Sync (<3% THD)
FORD-PRO-2734,240.8,5.25,1.74,0.28,Clean Utility Grid Sync (<3% THD)
FORD-PRO-2735,245.7,2.48,2.12,0.62,Clean Utility Grid Sync (<3% THD)
FORD-PRO-2736,223.6,7.13,3.27,0.43,Clean Utility Grid Sync (<3% THD)
FORD-PRO-2737,240.7,3.89,1.38,0.77,Clean Utility Grid Sync (<3% THD)
FORD-PRO-2738,236.3,3.85,2.3,0.05,Clean Utility Grid Sync (<3% THD)
FORD-PRO-2739,243.8,5.31,2.15,0.14,Clean Utility Grid Sync (<3% THD)
FORD-PRO-2740,225.0,3.02,1.74,0.47,Clean Utility Grid Sync (<3% THD)
FORD-PRO-2741,226.7,2.97,2.12,0.65,Clean Utility Grid Sync (<3% THD)
FORD-PRO-2742,221.8,2.71,1.32,0.32,Clean Utility Grid Sync (<3% THD)
FORD-PRO-2743,220.1,5.89,2.01,0.04,Clean Utility Grid Sync (<3% THD)
FORD-PRO-2744,226.4,6.42,2.28,0.58,Clean Utility Grid Sync (<3% THD)
FORD-PRO-2745,238.1,5.34,1.93,0.4,Clean Utility Grid Sync (<3% THD)
FORD-PRO-2746,238.3,4.91,2.21,0.92,Clean Utility Grid Sync (<3% THD)
FORD-PRO-2747,238.5,8.83,2.96,0.04,Clean Utility Grid Sync (<3% THD)
FORD-PRO-2748,232.8,7.22,2.61,0.22,Clean Utility Grid Sync (<3% THD)
FORD-PRO-2749,246.7,4.73,2.29,0.11,Clean Utility Grid Sync (<3% THD)
FORD-PRO-2750,222.6,8.84,3.25,0.02,Clean Utility Grid Sync (<3% THD)
FORD-PRO-2751,246.7,3.39,2.12,0.39,Clean Utility Grid Sync (<3% THD)
FORD-PRO-2752,233.9,5.92,1.85,0.11,Clean Utility Grid Sync (<3% THD)
FORD-PRO-2753,222.6,5.22,1.81,0.58,Clean Utility Grid Sync (<3% THD)
FORD-PRO-2754,245.9,3.59,1.92,0.7,Clean Utility Grid Sync (<3% THD)
FORD-PRO-2755,235.2,2.56,1.71,0.03,Clean Utility Grid Sync (<3% THD)
FORD-PRO-2756,234.9,5.23,2.55,0.11,Clean Utility Grid Sync (<3% THD)
FORD-PRO-2757,225.5,6.76,2.17,0.22,Clean Utility Grid Sync (<3% THD)
FORD-PRO-2758,239.0,4.72,2.77,0.58,Clean Utility Grid Sync (<3% THD)
FORD-PRO-2759,229.0,4.79,1.67,0.44,Clean Utility Grid Sync (<3% THD)
FORD-PRO-2760,220.5,5.38,2.44,0.11,Clean Utility Grid Sync (<3% THD)
FORD-PRO-2761,238.7,5.5,2.22,0.28,Clean Utility Grid Sync (<3% THD)
FORD-PRO-2762,244.8,5.35,2.29,0.05,Clean Utility Grid Sync (<3% THD)
FORD-PRO-2763,235.0,7.91,1.61,1.61,Clean Utility Grid Sync (<3% THD)
FORD-PRO-2764,234.1,9.11,2.57,0.09,Clean Utility Grid Sync (<3% THD)
FORD-PRO-2765,232.2,2.81,1.19,0.15,Clean Utility Grid Sync (<3% THD)
FORD-PRO-2766,231.4,8.22,3.07,0.93,Clean Utility Grid Sync (<3% THD)
FORD-PRO-2767,221.1,8.35,2.42,1.57,Clean Utility Grid Sync (<3% THD)
FORD-PRO-2768,227.2,8.91,2.44,1.08,Clean Utility Grid Sync (<3% THD)
FORD-PRO-2769,236.0,9.46,2.87,1.37,Clean Utility Grid Sync (<3% THD)
FORD-PRO-2770,245.0,3.6,1.56,0.06,Clean Utility Grid Sync (<3% THD)
FORD-PRO-2771,229.3,8.14,2.48,0.17,Clean Utility Grid Sync (<3% THD)
FORD-PRO-2772,220.3,7.8,2.9,0.67,Clean Utility Grid Sync (<3% THD)
FORD-PRO-2773,242.3,5.3,2.44,0.41,Clean Utility Grid Sync (<3% THD)
FORD-PRO-2774,246.2,7.11,3.08,0.37,Clean Utility Grid Sync (<3% THD)
FORD-PRO-2775,224.8,2.46,1.69,0.32,Clean Utility Grid Sync (<3% THD)
FORD-PRO-2776,229.5,7.74,2.63,0.19,Clean Utility Grid Sync (<3% THD)
FORD-PRO-2777,221.1,7.47,2.45,0.05,Clean Utility Grid Sync (<3% THD)
FORD-PRO-2778,236.6,5.56,2.31,0.56,Clean Utility Grid Sync (<3% THD)
FORD-PRO-2779,228.8,6.71,2.44,1.61,Clean Utility Grid Sync (<3% THD)
FORD-PRO-2780,224.2,4.59,2.37,0.09,Clean Utility Grid Sync (<3% THD)
FORD-PRO-2781,231.3,2.95,2.23,0.38,Clean Utility Grid Sync (<3% THD)
FORD-PRO-2782,237.6,8.25,2.72,0.19,Clean Utility Grid Sync (<3% THD)
FORD-PRO-2783,232.2,5.4,2.41,0.99,Clean Utility Grid Sync (<3% THD)
FORD-PRO-2784,230.4,9.57,3.5,0.09,Clean Utility Grid Sync (<3% THD)
FORD-PRO-2785,247.4,2.83,1.34,0.44,Clean Utility Grid Sync (<3% THD)
FORD-PRO-2786,236.6,5.22,1.73,0.25,Clean Utility Grid Sync (<3% THD)
FORD-PRO-2787,225.4,2.41,1.5,0.44,Clean Utility Grid Sync (<3% THD)
FORD-PRO-2788,247.5,5.68,2.1,0.05,Clean Utility Grid Sync (<3% THD)
FORD-PRO-2789,245.4,4.66,2.26,0.99,Clean Utility Grid Sync (<3% THD)
FORD-PRO-2790,237.2,5.06,1.72,0.24,Clean Utility Grid Sync (<3% THD)
FORD-PRO-2791,232.7,7.19,2.86,0.95,Clean Utility Grid Sync (<3% THD)
FORD-PRO-2792,231.2,4.64,2.3,0.46,Clean Utility Grid Sync (<3% THD)
FORD-PRO-2793,246.6,3.65,1.52,1.08,Clean Utility Grid Sync (<3% THD)
FORD-PRO-2794,239.8,8.29,2.87,1.19,Clean Utility Grid Sync (<3% THD)
FORD-PRO-2795,246.8,9.38,2.68,0.33,Clean Utility Grid Sync (<3% THD)
FORD-PRO-2796,247.7,7.33,2.54,0.71,Clean Utility Grid Sync (<3% THD)
FORD-PRO-2797,229.9,5.1,2.25,0.89,Clean Utility Grid Sync (<3% THD)
FORD-PRO-2798,247.7,5.02,2.24,0.96,Clean Utility Grid Sync (<3% THD)
FORD-PRO-2799,227.3,7.03,2.2,0.08,Clean Utility Grid Sync (<3% THD)
FORD-PRO-2800,232.1,5.21,1.87,0.03,Clean Utility Grid Sync (<3% THD)
FORD-PRO-2801,230.4,3.2,2.1,0.58,Clean Utility Grid Sync (<3% THD)
FORD-PRO-2802,226.2,3.13,1.87,0.04,Clean Utility Grid Sync (<3% THD)
FORD-PRO-2803,234.8,3.73,2.06,0.71,Clean Utility Grid Sync (<3% THD)
FORD-PRO-2804,220.2,6.63,2.39,1.03,Clean Utility Grid Sync (<3% THD)
FORD-PRO-2805,225.8,4.35,2.32,0.45,Clean Utility Grid Sync (<3% THD)
FORD-PRO-2806,224.7,3.35,2.22,0.05,Clean Utility Grid Sync (<3% THD)
FORD-PRO-2807,222.3,2.91,1.88,0.09,Clean Utility Grid Sync (<3% THD)
FORD-PRO-2808,233.5,9.52,2.23,0.28,Clean Utility Grid Sync (<3% THD)
FORD-PRO-2809,245.7,8.6,2.09,0.11,Clean Utility Grid Sync (<3% THD)
FORD-PRO-2810,233.2,7.11,2.95,0.2,Clean Utility Grid Sync (<3% THD)
FORD-PRO-2811,227.6,3.89,1.9,2.19,Harmonic Filter Compensation Active
FORD-PRO-2812,244.1,3.38,1.85,0.36,Clean Utility Grid Sync (<3% THD)
FORD-PRO-2813,221.6,7.78,2.68,0.5,Clean Utility Grid Sync (<3% THD)
FORD-PRO-2814,239.4,5.23,2.69,0.1,Clean Utility Grid Sync (<3% THD)
FORD-PRO-2815,234.7,2.84,1.76,0.02,Clean Utility Grid Sync (<3% THD)
FORD-PRO-2816,225.3,3.02,1.9,0.07,Clean Utility Grid Sync (<3% THD)
FORD-PRO-2817,232.8,9.39,3.17,0.82,Clean Utility Grid Sync (<3% THD)
FORD-PRO-2818,238.8,8.16,3.31,0.78,Clean Utility Grid Sync (<3% THD)
FORD-PRO-2819,238.9,3.94,1.54,0.31,Clean Utility Grid Sync (<3% THD)
FORD-PRO-2820,221.3,4.12,1.57,0.25,Clean Utility Grid Sync (<3% THD)
FORD-PRO-2821,221.9,8.12,2.89,0.06,Clean Utility Grid Sync (<3% THD)
FORD-PRO-2822,239.3,5.19,2.21,0.27,Clean Utility Grid Sync (<3% THD)
FORD-PRO-2823,225.0,5.63,2.24,0.08,Clean Utility Grid Sync (<3% THD)
FORD-PRO-2824,222.2,5.42,1.63,0.18,Clean Utility Grid Sync (<3% THD)
FORD-PRO-2825,222.7,6.3,1.75,0.52,Clean Utility Grid Sync (<3% THD)
FORD-PRO-2826,221.5,4.29,1.73,0.92,Clean Utility Grid Sync (<3% THD)
FORD-PRO-2827,242.1,5.75,2.42,0.03,Clean Utility Grid Sync (<3% THD)
FORD-PRO-2828,241.3,5.42,2.71,0.31,Clean Utility Grid Sync (<3% THD)
FORD-PRO-2829,233.9,7.66,2.92,0.23,Clean Utility Grid Sync (<3% THD)
FORD-PRO-2830,227.2,9.14,2.82,0.56,Clean Utility Grid Sync (<3% THD)
FORD-PRO-2831,226.3,8.15,2.51,0.24,Clean Utility Grid Sync (<3% THD)
FORD-PRO-2832,243.8,9.53,2.96,0.05,Clean Utility Grid Sync (<3% THD)
FORD-PRO-2833,224.3,5.64,2.37,0.11,Clean Utility Grid Sync (<3% THD)
FORD-PRO-2834,245.5,4.57,1.42,0.46,Clean Utility Grid Sync (<3% THD)
FORD-PRO-2835,231.1,4.72,1.76,0.75,Clean Utility Grid Sync (<3% THD)
FORD-PRO-2836,243.8,5.68,2.29,1.05,Clean Utility Grid Sync (<3% THD)
FORD-PRO-2837,237.8,6.28,2.42,0.22,Clean Utility Grid Sync (<3% THD)
FORD-PRO-2838,233.5,7.21,2.43,0.06,Clean Utility Grid Sync (<3% THD)
FORD-PRO-2839,228.6,4.78,2.04,0.74,Clean Utility Grid Sync (<3% THD)
FORD-PRO-2840,242.4,2.79,1.11,0.18,Clean Utility Grid Sync (<3% THD)
FORD-PRO-2841,231.7,8.32,3.1,0.45,Clean Utility Grid Sync (<3% THD)
FORD-PRO-2842,244.6,4.84,2.06,0.55,Clean Utility Grid Sync (<3% THD)
FORD-PRO-2843,220.4,5.71,3.08,0.96,Clean Utility Grid Sync (<3% THD)
FORD-PRO-2844,224.5,3.94,2.09,1.19,Clean Utility Grid Sync (<3% THD)
FORD-PRO-2845,227.9,5.5,1.63,0.52,Clean Utility Grid Sync (<3% THD)
FORD-PRO-2846,235.1,5.17,2.29,1.21,Clean Utility Grid Sync (<3% THD)
FORD-PRO-2847,237.2,4.09,1.85,0.24,Clean Utility Grid Sync (<3% THD)
FORD-PRO-2848,224.8,7.5,2.37,0.7,Clean Utility Grid Sync (<3% THD)
FORD-PRO-2849,221.2,7.51,2.6,0.59,Clean Utility Grid Sync (<3% THD)
FORD-PRO-2850,220.1,8.24,3.1,0.98,Clean Utility Grid Sync (<3% THD)
FORD-PRO-2851,244.2,9.54,3.28,0.2,Clean Utility Grid Sync (<3% THD)
FORD-PRO-2852,244.4,4.34,2.03,0.36,Clean Utility Grid Sync (<3% THD)
FORD-PRO-2853,231.5,4.01,1.91,0.02,Clean Utility Grid Sync (<3% THD)
FORD-PRO-2854,235.2,8.78,2.84,0.61,Clean Utility Grid Sync (<3% THD)
FORD-PRO-2855,241.8,4.19,2.23,0.0,Clean Utility Grid Sync (<3% THD)
FORD-PRO-2856,228.8,4.65,2.11,0.81,Clean Utility Grid Sync (<3% THD)
FORD-PRO-2857,243.4,5.32,1.97,0.19,Clean Utility Grid Sync (<3% THD)
FORD-PRO-2858,236.1,8.15,2.79,0.32,Clean Utility Grid Sync (<3% THD)
FORD-PRO-2859,229.0,3.1,1.81,0.15,Clean Utility Grid Sync (<3% THD)
FORD-PRO-2860,225.5,6.06,2.43,0.0,Clean Utility Grid Sync (<3% THD)
FORD-PRO-2861,242.9,6.87,2.7,0.36,Clean Utility Grid Sync (<3% THD)
FORD-PRO-2862,224.5,3.38,1.47,0.12,Clean Utility Grid Sync (<3% THD)
FORD-PRO-2863,228.6,8.89,2.99,1.23,Clean Utility Grid Sync (<3% THD)
FORD-PRO-2864,243.6,3.31,1.32,0.99,Clean Utility Grid Sync (<3% THD)
FORD-PRO-2865,238.5,5.87,2.94,0.03,Clean Utility Grid Sync (<3% THD)
FORD-PRO-2866,236.2,4.73,2.22,0.33,Clean Utility Grid Sync (<3% THD)
FORD-PRO-2867,247.7,6.28,2.21,0.76,Clean Utility Grid Sync (<3% THD)
FORD-PRO-2868,245.8,3.93,1.42,0.4,Clean Utility Grid Sync (<3% THD)
FORD-PRO-2869,224.8,4.71,2.73,0.53,Clean Utility Grid Sync (<3% THD)
FORD-PRO-2870,247.9,6.32,2.51,0.43,Clean Utility Grid Sync (<3% THD)
FORD-PRO-2871,225.1,9.5,3.15,1.66,Clean Utility Grid Sync (<3% THD)
FORD-PRO-2872,228.1,5.84,2.2,0.71,Clean Utility Grid Sync (<3% THD)
FORD-PRO-2873,242.1,5.22,1.75,0.62,Clean Utility Grid Sync (<3% THD)
FORD-PRO-2874,234.3,5.4,1.81,2.04,Harmonic Filter Compensation Active
FORD-PRO-2875,244.3,2.98,1.59,0.12,Clean Utility Grid Sync (<3% THD)
FORD-PRO-2876,232.2,5.51,1.9,0.79,Clean Utility Grid Sync (<3% THD)
FORD-PRO-2877,242.0,6.11,2.67,0.03,Clean Utility Grid Sync (<3% THD)
FORD-PRO-2878,238.3,4.56,2.24,0.16,Clean Utility Grid Sync (<3% THD)
FORD-PRO-2879,245.4,7.64,2.49,0.07,Clean Utility Grid Sync (<3% THD)
FORD-PRO-2880,221.2,3.32,1.71,0.46,Clean Utility Grid Sync (<3% THD)
FORD-PRO-2881,234.5,4.41,1.77,0.07,Clean Utility Grid Sync (<3% THD)
FORD-PRO-2882,228.0,2.43,1.48,0.06,Clean Utility Grid Sync (<3% THD)
FORD-PRO-2883,243.0,5.17,2.09,0.74,Clean Utility Grid Sync (<3% THD)
FORD-PRO-2884,246.6,7.24,2.33,0.34,Clean Utility Grid Sync (<3% THD)
FORD-PRO-2885,240.9,5.1,2.03,0.12,Clean Utility Grid Sync (<3% THD)
FORD-PRO-2886,229.2,9.47,3.74,0.27,Clean Utility Grid Sync (<3% THD)
FORD-PRO-2887,247.8,6.09,2.63,0.56,Clean Utility Grid Sync (<3% THD)
FORD-PRO-2888,232.9,8.84,2.62,0.69,Clean Utility Grid Sync (<3% THD)
FORD-PRO-2889,233.6,5.59,2.21,0.19,Clean Utility Grid Sync (<3% THD)
FORD-PRO-2890,234.6,9.12,2.83,0.73,Clean Utility Grid Sync (<3% THD)
FORD-PRO-2891,232.3,7.37,2.56,0.18,Clean Utility Grid Sync (<3% THD)
FORD-PRO-2892,221.5,2.61,1.94,0.19,Clean Utility Grid Sync (<3% THD)
FORD-PRO-2893,220.8,9.29,2.88,1.3,Clean Utility Grid Sync (<3% THD)
FORD-PRO-2894,243.4,2.59,2.14,0.35,Clean Utility Grid Sync (<3% THD)
FORD-PRO-2895,220.4,9.58,2.91,0.42,Clean Utility Grid Sync (<3% THD)
FORD-PRO-2896,228.7,2.55,1.28,0.97,Clean Utility Grid Sync (<3% THD)
FORD-PRO-2897,237.1,6.66,2.18,1.48,Clean Utility Grid Sync (<3% THD)
FORD-PRO-2898,230.8,9.16,2.73,1.9,Harmonic Filter Compensation Active
FORD-PRO-2899,244.6,2.5,1.76,0.11,Clean Utility Grid Sync (<3% THD)
FORD-PRO-2900,238.3,5.67,2.17,1.01,Clean Utility Grid Sync (<3% THD)
FORD-PRO-2901,235.5,5.9,2.55,0.34,Clean Utility Grid Sync (<3% THD)
FORD-PRO-2902,221.5,8.6,2.84,0.54,Clean Utility Grid Sync (<3% THD)
FORD-PRO-2903,228.7,3.35,1.96,0.69,Clean Utility Grid Sync (<3% THD)
FORD-PRO-2904,230.7,7.56,2.67,0.04,Clean Utility Grid Sync (<3% THD)
FORD-PRO-2905,238.3,3.89,2.16,0.14,Clean Utility Grid Sync (<3% THD)
FORD-PRO-2906,222.1,7.24,2.36,0.76,Clean Utility Grid Sync (<3% THD)
FORD-PRO-2907,236.8,6.13,2.48,0.28,Clean Utility Grid Sync (<3% THD)
FORD-PRO-2908,221.8,3.6,1.93,0.72,Clean Utility Grid Sync (<3% THD)
FORD-PRO-2909,221.3,4.84,2.58,0.24,Clean Utility Grid Sync (<3% THD)
FORD-PRO-2910,229.9,5.2,2.82,0.46,Clean Utility Grid Sync (<3% THD)
FORD-PRO-2911,230.8,6.18,2.71,0.06,Clean Utility Grid Sync (<3% THD)
FORD-PRO-2912,245.8,9.11,2.71,2.83,Harmonic Filter Compensation Active
FORD-PRO-2913,244.7,8.3,2.53,0.51,Clean Utility Grid Sync (<3% THD)
FORD-PRO-2914,244.0,7.85,2.6,0.0,Clean Utility Grid Sync (<3% THD)
FORD-PRO-2915,246.6,4.22,2.27,0.37,Clean Utility Grid Sync (<3% THD)
FORD-PRO-2916,243.1,2.99,1.93,0.77,Clean Utility Grid Sync (<3% THD)
FORD-PRO-2917,225.9,7.68,2.5,1.0,Clean Utility Grid Sync (<3% THD)
FORD-PRO-2918,245.4,7.49,2.54,0.19,Clean Utility Grid Sync (<3% THD)
FORD-PRO-2919,223.3,2.57,2.15,0.03,Clean Utility Grid Sync (<3% THD)
FORD-PRO-2920,243.5,7.01,2.16,0.61,Clean Utility Grid Sync (<3% THD)
FORD-PRO-2921,228.8,7.77,2.23,0.11,Clean Utility Grid Sync (<3% THD)
FORD-PRO-2922,231.5,9.18,2.79,0.62,Clean Utility Grid Sync (<3% THD)
FORD-PRO-2923,223.9,7.68,2.17,1.13,Clean Utility Grid Sync (<3% THD)
FORD-PRO-2924,245.5,7.32,2.24,0.26,Clean Utility Grid Sync (<3% THD)
FORD-PRO-2925,225.5,5.43,2.22,0.46,Clean Utility Grid Sync (<3% THD)
FORD-PRO-2926,233.0,2.73,1.87,0.22,Clean Utility Grid Sync (<3% THD)
FORD-PRO-2927,220.9,8.42,2.77,0.5,Clean Utility Grid Sync (<3% THD)
FORD-PRO-2928,239.3,2.55,2.33,0.1,Clean Utility Grid Sync (<3% THD)
FORD-PRO-2929,224.0,5.77,2.46,0.54,Clean Utility Grid Sync (<3% THD)
FORD-PRO-2930,232.1,3.87,2.23,0.07,Clean Utility Grid Sync (<3% THD)
FORD-PRO-2931,243.8,2.43,1.96,0.21,Clean Utility Grid Sync (<3% THD)
FORD-PRO-2932,246.1,7.62,2.64,0.24,Clean Utility Grid Sync (<3% THD)
FORD-PRO-2933,240.9,3.66,1.2,0.09,Clean Utility Grid Sync (<3% THD)
FORD-PRO-2934,224.4,7.62,2.39,0.21,Clean Utility Grid Sync (<3% THD)
FORD-PRO-2935,238.3,3.4,1.95,0.18,Clean Utility Grid Sync (<3% THD)
FORD-PRO-2936,246.5,3.03,2.1,0.45,Clean Utility Grid Sync (<3% THD)
FORD-PRO-2937,240.8,2.65,1.91,0.02,Clean Utility Grid Sync (<3% THD)
FORD-PRO-2938,237.9,9.1,3.41,0.13,Clean Utility Grid Sync (<3% THD)
FORD-PRO-2939,234.9,3.07,1.52,0.89,Clean Utility Grid Sync (<3% THD)
FORD-PRO-2940,235.6,4.87,2.11,0.22,Clean Utility Grid Sync (<3% THD)
FORD-PRO-2941,231.3,5.98,2.5,0.15,Clean Utility Grid Sync (<3% THD)
FORD-PRO-2942,238.8,4.41,2.43,0.35,Clean Utility Grid Sync (<3% THD)
FORD-PRO-2943,236.6,4.33,2.44,0.17,Clean Utility Grid Sync (<3% THD)
FORD-PRO-2944,239.7,5.79,2.19,1.07,Clean Utility Grid Sync (<3% THD)
FORD-PRO-2945,222.4,9.35,3.03,0.07,Clean Utility Grid Sync (<3% THD)
FORD-PRO-2946,239.8,9.0,3.1,1.01,Clean Utility Grid Sync (<3% THD)
FORD-PRO-2947,244.5,9.55,2.97,0.12,Clean Utility Grid Sync (<3% THD)
FORD-PRO-2948,222.1,3.45,2.14,0.04,Clean Utility Grid Sync (<3% THD)
FORD-PRO-2949,242.0,7.19,2.81,0.05,Clean Utility Grid Sync (<3% THD)
FORD-PRO-2950,223.2,5.67,2.26,0.01,Clean Utility Grid Sync (<3% THD)
FORD-PRO-2951,236.7,7.67,2.47,0.22,Clean Utility Grid Sync (<3% THD)
FORD-PRO-2952,235.1,7.71,2.39,1.16,Clean Utility Grid Sync (<3% THD)
FORD-PRO-2953,227.2,7.36,2.31,0.11,Clean Utility Grid Sync (<3% THD)
FORD-PRO-2954,225.5,5.98,1.71,0.14,Clean Utility Grid Sync (<3% THD)
FORD-PRO-2955,222.2,8.79,2.04,0.69,Clean Utility Grid Sync (<3% THD)
FORD-PRO-2956,237.8,7.04,3.12,0.14,Clean Utility Grid Sync (<3% THD)
FORD-PRO-2957,227.1,8.98,2.74,0.11,Clean Utility Grid Sync (<3% THD)
FORD-PRO-2958,240.9,7.85,2.47,0.87,Clean Utility Grid Sync (<3% THD)
FORD-PRO-2959,238.7,3.33,2.48,0.06,Clean Utility Grid Sync (<3% THD)
FORD-PRO-2960,247.7,8.56,2.58,0.21,Clean Utility Grid Sync (<3% THD)
FORD-PRO-2961,241.4,8.24,2.66,0.87,Clean Utility Grid Sync (<3% THD)
FORD-PRO-2962,245.7,8.97,3.01,1.21,Clean Utility Grid Sync (<3% THD)
FORD-PRO-2963,227.5,5.67,1.95,1.34,Clean Utility Grid Sync (<3% THD)
FORD-PRO-2964,220.4,4.62,1.99,0.18,Clean Utility Grid Sync (<3% THD)
FORD-PRO-2965,239.7,5.49,2.14,0.62,Clean Utility Grid Sync (<3% THD)
FORD-PRO-2966,230.2,7.44,2.58,0.05,Clean Utility Grid Sync (<3% THD)
FORD-PRO-2967,231.5,6.14,2.37,0.19,Clean Utility Grid Sync (<3% THD)
FORD-PRO-2968,243.8,4.05,2.16,0.28,Clean Utility Grid Sync (<3% THD)
FORD-PRO-2969,237.0,2.54,1.94,0.1,Clean Utility Grid Sync (<3% THD)
FORD-PRO-2970,223.2,7.12,2.45,0.0,Clean Utility Grid Sync (<3% THD)
FORD-PRO-2971,237.7,3.39,1.82,0.09,Clean Utility Grid Sync (<3% THD)
FORD-PRO-2972,241.0,8.35,2.72,0.19,Clean Utility Grid Sync (<3% THD)
FORD-PRO-2973,246.7,6.5,2.81,0.42,Clean Utility Grid Sync (<3% THD)
FORD-PRO-2974,240.2,3.47,2.61,0.06,Clean Utility Grid Sync (<3% THD)
FORD-PRO-2975,233.8,7.97,2.56,1.05,Clean Utility Grid Sync (<3% THD)
FORD-PRO-2976,228.9,6.89,2.82,0.51,Clean Utility Grid Sync (<3% THD)
FORD-PRO-2977,227.8,8.82,2.62,0.13,Clean Utility Grid Sync (<3% THD)
FORD-PRO-2978,228.4,3.22,2.11,0.53,Clean Utility Grid Sync (<3% THD)
FORD-PRO-2979,229.7,3.54,1.96,0.34,Clean Utility Grid Sync (<3% THD)
FORD-PRO-2980,235.9,6.71,2.38,0.39,Clean Utility Grid Sync (<3% THD)
FORD-PRO-2981,230.9,2.71,2.12,0.85,Clean Utility Grid Sync (<3% THD)
FORD-PRO-2982,240.4,4.99,2.16,0.64,Clean Utility Grid Sync (<3% THD)
FORD-PRO-2983,238.1,3.09,1.91,0.06,Clean Utility Grid Sync (<3% THD)
FORD-PRO-2984,220.1,5.0,1.91,1.13,Clean Utility Grid Sync (<3% THD)
FORD-PRO-2985,245.9,9.35,2.97,1.45,Clean Utility Grid Sync (<3% THD)
FORD-PRO-2986,222.3,3.39,1.73,0.83,Clean Utility Grid Sync (<3% THD)
FORD-PRO-2987,221.3,9.04,2.68,0.38,Clean Utility Grid Sync (<3% THD)
FORD-PRO-2988,220.8,2.57,1.49,0.18,Clean Utility Grid Sync (<3% THD)
FORD-PRO-2989,245.2,7.24,2.35,0.16,Clean Utility Grid Sync (<3% THD)
FORD-PRO-2990,225.8,5.14,2.61,0.22,Clean Utility Grid Sync (<3% THD)
FORD-PRO-2991,230.1,8.11,2.52,0.01,Clean Utility Grid Sync (<3% THD)
FORD-PRO-2992,244.2,7.14,2.28,0.2,Clean Utility Grid Sync (<3% THD)
FORD-PRO-2993,230.9,4.51,1.71,0.44,Clean Utility Grid Sync (<3% THD)
FORD-PRO-2994,225.6,8.06,2.79,0.88,Clean Utility Grid Sync (<3% THD)
FORD-PRO-2995,244.1,9.52,2.28,0.13,Clean Utility Grid Sync (<3% THD)
FORD-PRO-2996,222.9,9.34,2.99,0.36,Clean Utility Grid Sync (<3% THD)
FORD-PRO-2997,230.6,3.21,1.25,0.16,Clean Utility Grid Sync (<3% THD)
FORD-PRO-2998,229.7,4.8,2.7,1.1,Clean Utility Grid Sync (<3% THD)
FORD-PRO-2999,239.0,4.2,2.05,0.54,Clean Utility Grid Sync (<3% THD)
FORD-PRO-3000,231.0,4.27,2.05,0.77,Clean Utility Grid Sync (<3% THD)
FORD-PRO-3001,239.6,4.81,2.37,0.59,Clean Utility Grid Sync (<3% THD)
FORD-PRO-3002,239.1,5.79,2.43,0.13,Clean Utility Grid Sync (<3% THD)
FORD-PRO-3003,234.3,2.69,1.99,1.65,Clean Utility Grid Sync (<3% THD)
FORD-PRO-3004,245.4,8.62,3.27,0.59,Clean Utility Grid Sync (<3% THD)
FORD-PRO-3005,232.1,9.25,2.78,0.43,Clean Utility Grid Sync (<3% THD)
FORD-PRO-3006,245.3,9.0,2.93,0.92,Clean Utility Grid Sync (<3% THD)
FORD-PRO-3007,242.6,4.97,2.46,1.18,Clean Utility Grid Sync (<3% THD)
FORD-PRO-3008,242.4,7.95,2.55,0.82,Clean Utility Grid Sync (<3% THD)
FORD-PRO-3009,231.1,9.04,2.62,0.91,Clean Utility Grid Sync (<3% THD)
FORD-PRO-3010,237.8,5.19,1.9,0.07,Clean Utility Grid Sync (<3% THD)
FORD-PRO-3011,234.4,4.37,1.91,0.8,Clean Utility Grid Sync (<3% THD)
FORD-PRO-3012,224.4,4.37,2.61,0.34,Clean Utility Grid Sync (<3% THD)
FORD-PRO-3013,228.1,6.15,2.6,0.38,Clean Utility Grid Sync (<3% THD)
FORD-PRO-3014,225.8,8.11,2.81,0.11,Clean Utility Grid Sync (<3% THD)
FORD-PRO-3015,228.8,9.18,3.05,0.35,Clean Utility Grid Sync (<3% THD)
FORD-PRO-3016,222.8,4.14,2.0,0.32,Clean Utility Grid Sync (<3% THD)
FORD-PRO-3017,239.3,5.26,2.24,1.57,Clean Utility Grid Sync (<3% THD)
FORD-PRO-3018,243.7,7.39,2.52,0.03,Clean Utility Grid Sync (<3% THD)
FORD-PRO-3019,231.3,8.18,2.25,1.15,Clean Utility Grid Sync (<3% THD)
FORD-PRO-3020,239.5,8.65,2.62,0.1,Clean Utility Grid Sync (<3% THD)
FORD-PRO-3021,226.1,3.95,2.31,0.1,Clean Utility Grid Sync (<3% THD)
FORD-PRO-3022,236.7,5.99,1.85,1.33,Clean Utility Grid Sync (<3% THD)
FORD-PRO-3023,222.7,5.86,2.51,0.72,Clean Utility Grid Sync (<3% THD)
FORD-PRO-3024,226.2,2.76,2.24,0.13,Clean Utility Grid Sync (<3% THD)
FORD-PRO-3025,238.1,7.92,2.71,1.03,Clean Utility Grid Sync (<3% THD)
FORD-PRO-3026,236.2,3.83,1.59,0.96,Clean Utility Grid Sync (<3% THD)
FORD-PRO-3027,230.8,7.57,2.26,0.87,Clean Utility Grid Sync (<3% THD)
FORD-PRO-3028,229.1,9.51,2.35,0.16,Clean Utility Grid Sync (<3% THD)
FORD-PRO-3029,228.8,9.54,2.88,0.4,Clean Utility Grid Sync (<3% THD)
FORD-PRO-3030,222.3,4.09,2.13,0.54,Clean Utility Grid Sync (<3% THD)
FORD-PRO-3031,234.4,4.27,2.02,0.09,Clean Utility Grid Sync (<3% THD)
FORD-PRO-3032,224.4,3.56,1.62,0.39,Clean Utility Grid Sync (<3% THD)
FORD-PRO-3033,236.7,7.87,2.64,0.73,Clean Utility Grid Sync (<3% THD)
FORD-PRO-3034,238.5,8.48,2.66,0.36,Clean Utility Grid Sync (<3% THD)
FORD-PRO-3035,242.7,6.6,2.54,0.99,Clean Utility Grid Sync (<3% THD)
FORD-PRO-3036,222.7,8.35,2.47,0.14,Clean Utility Grid Sync (<3% THD)
FORD-PRO-3037,238.3,4.92,2.16,1.08,Clean Utility Grid Sync (<3% THD)
FORD-PRO-3038,237.5,5.59,2.35,0.2,Clean Utility Grid Sync (<3% THD)
FORD-PRO-3039,229.9,4.69,2.11,0.76,Clean Utility Grid Sync (<3% THD)
FORD-PRO-3040,236.7,7.22,2.13,0.51,Clean Utility Grid Sync (<3% THD)
FORD-PRO-3041,243.7,6.13,1.81,0.85,Clean Utility Grid Sync (<3% THD)
FORD-PRO-3042,248.0,7.11,3.07,0.14,Clean Utility Grid Sync (<3% THD)
FORD-PRO-3043,225.8,5.92,2.58,2.22,Harmonic Filter Compensation Active
FORD-PRO-3044,225.3,3.13,2.01,0.27,Clean Utility Grid Sync (<3% THD)
FORD-PRO-3045,222.0,2.92,1.88,0.75,Clean Utility Grid Sync (<3% THD)
FORD-PRO-3046,242.2,6.81,2.73,0.08,Clean Utility Grid Sync (<3% THD)
FORD-PRO-3047,246.0,5.63,1.83,0.02,Clean Utility Grid Sync (<3% THD)
FORD-PRO-3048,240.6,7.63,3.0,0.16,Clean Utility Grid Sync (<3% THD)
FORD-PRO-3049,233.0,7.4,2.71,0.39,Clean Utility Grid Sync (<3% THD)
FORD-PRO-3050,233.0,7.12,2.66,0.36,Clean Utility Grid Sync (<3% THD)
FORD-PRO-3051,235.7,5.76,1.93,0.8,Clean Utility Grid Sync (<3% THD)
FORD-PRO-3052,223.6,3.78,1.58,1.14,Clean Utility Grid Sync (<3% THD)
FORD-PRO-3053,226.6,9.48,3.04,0.13,Clean Utility Grid Sync (<3% THD)
FORD-PRO-3054,221.5,5.32,2.27,0.49,Clean Utility Grid Sync (<3% THD)
FORD-PRO-3055,221.9,3.04,1.69,0.42,Clean Utility Grid Sync (<3% THD)
FORD-PRO-3056,220.5,6.74,1.95,0.04,Clean Utility Grid Sync (<3% THD)
FORD-PRO-3057,223.7,6.52,2.65,0.29,Clean Utility Grid Sync (<3% THD)
FORD-PRO-3058,235.3,4.24,1.97,0.46,Clean Utility Grid Sync (<3% THD)
FORD-PRO-3059,239.1,7.18,2.36,0.62,Clean Utility Grid Sync (<3% THD)
FORD-PRO-3060,221.8,9.25,3.26,0.79,Clean Utility Grid Sync (<3% THD)
FORD-PRO-3061,243.5,6.43,2.97,0.1,Clean Utility Grid Sync (<3% THD)
FORD-PRO-3062,230.2,5.47,1.93,0.26,Clean Utility Grid Sync (<3% THD)
FORD-PRO-3063,236.9,5.14,2.26,0.18,Clean Utility Grid Sync (<3% THD)
FORD-PRO-3064,246.1,6.97,3.01,0.81,Clean Utility Grid Sync (<3% THD)
FORD-PRO-3065,242.9,4.46,1.71,0.2,Clean Utility Grid Sync (<3% THD)
FORD-PRO-3066,239.5,4.46,1.78,0.25,Clean Utility Grid Sync (<3% THD)
FORD-PRO-3067,236.2,6.18,2.54,0.54,Clean Utility Grid Sync (<3% THD)
FORD-PRO-3068,242.7,7.4,2.83,0.58,Clean Utility Grid Sync (<3% THD)
FORD-PRO-3069,239.5,5.14,1.79,1.78,Clean Utility Grid Sync (<3% THD)
FORD-PRO-3070,246.3,4.16,1.93,0.22,Clean Utility Grid Sync (<3% THD)
FORD-PRO-3071,233.8,5.1,2.52,0.3,Clean Utility Grid Sync (<3% THD)
FORD-PRO-3072,225.5,6.11,1.78,1.37,Clean Utility Grid Sync (<3% THD)
FORD-PRO-3073,239.6,2.78,1.56,0.16,Clean Utility Grid Sync (<3% THD)
FORD-PRO-3074,228.4,6.17,2.33,0.01,Clean Utility Grid Sync (<3% THD)
FORD-PRO-3075,239.1,2.82,2.07,0.12,Clean Utility Grid Sync (<3% THD)
FORD-PRO-3076,228.2,4.6,1.26,1.04,Clean Utility Grid Sync (<3% THD)
FORD-PRO-3077,238.8,8.05,2.88,0.09,Clean Utility Grid Sync (<3% THD)
FORD-PRO-3078,228.0,6.48,2.05,0.89,Clean Utility Grid Sync (<3% THD)
FORD-PRO-3079,239.5,7.48,2.58,0.46,Clean Utility Grid Sync (<3% THD)
FORD-PRO-3080,220.0,3.22,2.26,0.69,Clean Utility Grid Sync (<3% THD)
FORD-PRO-3081,245.0,8.26,2.67,0.85,Clean Utility Grid Sync (<3% THD)
FORD-PRO-3082,228.9,8.69,2.88,0.15,Clean Utility Grid Sync (<3% THD)
FORD-PRO-3083,240.5,4.98,2.25,0.35,Clean Utility Grid Sync (<3% THD)
FORD-PRO-3084,241.3,7.65,2.48,1.07,Clean Utility Grid Sync (<3% THD)
FORD-PRO-3085,225.3,4.3,2.27,0.02,Clean Utility Grid Sync (<3% THD)
FORD-PRO-3086,224.8,7.86,2.33,0.46,Clean Utility Grid Sync (<3% THD)
FORD-PRO-3087,231.3,7.84,2.79,0.3,Clean Utility Grid Sync (<3% THD)
FORD-PRO-3088,226.9,6.87,2.08,0.37,Clean Utility Grid Sync (<3% THD)
FORD-PRO-3089,234.1,5.47,2.2,0.81,Clean Utility Grid Sync (<3% THD)
FORD-PRO-3090,231.6,2.51,1.86,0.03,Clean Utility Grid Sync (<3% THD)
FORD-PRO-3091,246.8,3.86,2.26,0.61,Clean Utility Grid Sync (<3% THD)
FORD-PRO-3092,227.8,8.35,2.29,0.21,Clean Utility Grid Sync (<3% THD)
FORD-PRO-3093,237.5,9.56,2.99,0.37,Clean Utility Grid Sync (<3% THD)
FORD-PRO-3094,235.5,9.32,3.87,0.62,Harmonic Filter Compensation Active
FORD-PRO-3095,228.7,4.07,1.83,0.22,Clean Utility Grid Sync (<3% THD)
FORD-PRO-3096,236.8,8.67,2.79,0.05,Clean Utility Grid Sync (<3% THD)
FORD-PRO-3097,229.1,5.81,2.41,0.24,Clean Utility Grid Sync (<3% THD)
FORD-PRO-3098,238.0,2.94,1.7,0.46,Clean Utility Grid Sync (<3% THD)
FORD-PRO-3099,220.3,7.8,2.37,0.07,Clean Utility Grid Sync (<3% THD)
FORD-PRO-3100,233.4,5.92,2.48,0.29,Clean Utility Grid Sync (<3% THD)
FORD-PRO-3101,242.1,2.81,1.23,0.57,Clean Utility Grid Sync (<3% THD)
FORD-PRO-3102,243.2,7.98,2.65,1.26,Clean Utility Grid Sync (<3% THD)
FORD-PRO-3103,245.6,6.61,2.23,0.19,Clean Utility Grid Sync (<3% THD)
FORD-PRO-3104,224.0,4.72,2.34,0.28,Clean Utility Grid Sync (<3% THD)
FORD-PRO-3105,234.9,5.61,2.59,0.14,Clean Utility Grid Sync (<3% THD)
FORD-PRO-3106,224.5,4.46,2.63,0.58,Clean Utility Grid Sync (<3% THD)
FORD-PRO-3107,236.2,7.84,2.35,0.39,Clean Utility Grid Sync (<3% THD)
FORD-PRO-3108,225.3,9.32,2.98,0.26,Clean Utility Grid Sync (<3% THD)
FORD-PRO-3109,235.7,9.1,2.65,0.62,Clean Utility Grid Sync (<3% THD)
FORD-PRO-3110,245.9,4.2,2.08,0.3,Clean Utility Grid Sync (<3% THD)
FORD-PRO-3111,229.7,5.7,3.11,0.37,Clean Utility Grid Sync (<3% THD)
FORD-PRO-3112,231.5,9.26,2.73,1.7,Clean Utility Grid Sync (<3% THD)
FORD-PRO-3113,239.4,7.95,2.77,0.22,Clean Utility Grid Sync (<3% THD)
FORD-PRO-3114,238.9,3.56,1.53,0.4,Clean Utility Grid Sync (<3% THD)
FORD-PRO-3115,232.7,4.67,2.19,0.5,Clean Utility Grid Sync (<3% THD)
FORD-PRO-3116,223.6,9.05,2.86,0.09,Clean Utility Grid Sync (<3% THD)
FORD-PRO-3117,246.6,5.19,1.72,0.67,Clean Utility Grid Sync (<3% THD)
FORD-PRO-3118,235.1,8.38,2.5,0.13,Clean Utility Grid Sync (<3% THD)
FORD-PRO-3119,233.6,4.49,1.84,0.24,Clean Utility Grid Sync (<3% THD)
FORD-PRO-3120,238.6,9.4,2.91,0.01,Clean Utility Grid Sync (<3% THD)
FORD-PRO-3121,244.4,8.87,2.24,0.61,Clean Utility Grid Sync (<3% THD)
FORD-PRO-3122,228.1,3.83,1.67,0.52,Clean Utility Grid Sync (<3% THD)
FORD-PRO-3123,247.4,3.67,2.34,0.13,Clean Utility Grid Sync (<3% THD)
FORD-PRO-3124,225.5,6.43,2.15,1.3,Clean Utility Grid Sync (<3% THD)
FORD-PRO-3125,220.5,6.56,2.38,0.49,Clean Utility Grid Sync (<3% THD)
FORD-PRO-3126,225.2,5.38,2.5,0.05,Clean Utility Grid Sync (<3% THD)
FORD-PRO-3127,247.6,8.21,2.9,0.29,Clean Utility Grid Sync (<3% THD)
FORD-PRO-3128,243.8,4.81,1.67,0.61,Clean Utility Grid Sync (<3% THD)
FORD-PRO-3129,224.3,9.24,2.19,0.22,Clean Utility Grid Sync (<3% THD)
FORD-PRO-3130,237.6,9.16,3.3,0.7,Clean Utility Grid Sync (<3% THD)
FORD-PRO-3131,225.2,9.24,3.09,0.33,Clean Utility Grid Sync (<3% THD)
FORD-PRO-3132,242.1,8.33,2.73,0.28,Clean Utility Grid Sync (<3% THD)
FORD-PRO-3133,238.8,6.43,2.3,0.46,Clean Utility Grid Sync (<3% THD)
FORD-PRO-3134,246.5,2.59,2.07,0.63,Clean Utility Grid Sync (<3% THD)
FORD-PRO-3135,222.6,6.61,1.82,2.27,Harmonic Filter Compensation Active
FORD-PRO-3136,243.8,5.59,2.27,0.43,Clean Utility Grid Sync (<3% THD)
FORD-PRO-3137,227.4,5.01,2.2,1.4,Clean Utility Grid Sync (<3% THD)
FORD-PRO-3138,230.2,3.79,2.2,0.4,Clean Utility Grid Sync (<3% THD)
FORD-PRO-3139,228.2,7.46,2.85,0.44,Clean Utility Grid Sync (<3% THD)
FORD-PRO-3140,221.9,2.87,2.2,0.66,Clean Utility Grid Sync (<3% THD)
FORD-PRO-3141,243.6,3.75,1.34,0.02,Clean Utility Grid Sync (<3% THD)
FORD-PRO-3142,243.7,4.99,2.01,0.83,Clean Utility Grid Sync (<3% THD)
FORD-PRO-3143,247.5,5.08,2.54,0.69,Clean Utility Grid Sync (<3% THD)
FORD-PRO-3144,233.3,2.57,2.14,0.43,Clean Utility Grid Sync (<3% THD)
FORD-PRO-3145,247.8,8.57,2.76,0.55,Clean Utility Grid Sync (<3% THD)
FORD-PRO-3146,225.4,3.42,2.07,0.81,Clean Utility Grid Sync (<3% THD)
FORD-PRO-3147,238.4,4.48,2.19,0.25,Clean Utility Grid Sync (<3% THD)
FORD-PRO-3148,229.9,7.37,2.52,0.01,Clean Utility Grid Sync (<3% THD)
FORD-PRO-3149,244.3,7.92,3.1,1.13,Clean Utility Grid Sync (<3% THD)
FORD-PRO-3150,235.9,3.32,1.69,0.46,Clean Utility Grid Sync (<3% THD)
FORD-PRO-3151,240.2,6.85,2.25,0.77,Clean Utility Grid Sync (<3% THD)
FORD-PRO-3152,228.1,3.84,2.02,0.41,Clean Utility Grid Sync (<3% THD)
FORD-PRO-3153,233.5,4.89,1.8,0.27,Clean Utility Grid Sync (<3% THD)
FORD-PRO-3154,233.3,4.24,2.37,0.89,Clean Utility Grid Sync (<3% THD)
FORD-PRO-3155,242.5,3.89,2.44,0.14,Clean Utility Grid Sync (<3% THD)
FORD-PRO-3156,225.0,4.32,2.0,1.06,Clean Utility Grid Sync (<3% THD)
FORD-PRO-3157,233.5,7.29,2.55,0.21,Clean Utility Grid Sync (<3% THD)
FORD-PRO-3158,236.4,7.66,2.16,0.51,Clean Utility Grid Sync (<3% THD)
FORD-PRO-3159,239.7,5.31,2.19,0.35,Clean Utility Grid Sync (<3% THD)
FORD-PRO-3160,240.3,4.12,1.7,0.33,Clean Utility Grid Sync (<3% THD)
FORD-PRO-3161,227.9,2.89,1.85,0.65,Clean Utility Grid Sync (<3% THD)
FORD-PRO-3162,236.7,9.53,2.84,0.24,Clean Utility Grid Sync (<3% THD)
FORD-PRO-3163,245.6,9.08,2.42,0.29,Clean Utility Grid Sync (<3% THD)
FORD-PRO-3164,245.4,4.07,1.91,0.27,Clean Utility Grid Sync (<3% THD)
FORD-PRO-3165,220.8,7.06,2.33,0.05,Clean Utility Grid Sync (<3% THD)
FORD-PRO-3166,234.5,8.14,2.72,0.55,Clean Utility Grid Sync (<3% THD)
FORD-PRO-3167,231.8,9.49,2.58,1.11,Clean Utility Grid Sync (<3% THD)
FORD-PRO-3168,223.0,8.6,2.76,0.19,Clean Utility Grid Sync (<3% THD)
FORD-PRO-3169,248.0,7.15,2.44,0.24,Clean Utility Grid Sync (<3% THD)
FORD-PRO-3170,223.3,7.13,2.61,0.14,Clean Utility Grid Sync (<3% THD)
FORD-PRO-3171,223.9,2.62,1.59,0.58,Clean Utility Grid Sync (<3% THD)
FORD-PRO-3172,240.7,2.64,1.39,0.13,Clean Utility Grid Sync (<3% THD)
FORD-PRO-3173,230.4,4.92,2.19,1.16,Clean Utility Grid Sync (<3% THD)
FORD-PRO-3174,229.2,9.13,3.45,0.64,Clean Utility Grid Sync (<3% THD)
FORD-PRO-3175,233.4,3.21,1.75,0.69,Clean Utility Grid Sync (<3% THD)
FORD-PRO-3176,222.0,3.2,1.9,0.93,Clean Utility Grid Sync (<3% THD)
FORD-PRO-3177,231.7,6.04,2.38,0.97,Clean Utility Grid Sync (<3% THD)
FORD-PRO-3178,247.8,2.89,2.04,0.36,Clean Utility Grid Sync (<3% THD)
FORD-PRO-3179,231.0,5.83,2.38,0.59,Clean Utility Grid Sync (<3% THD)
FORD-PRO-3180,231.4,3.62,2.1,0.06,Clean Utility Grid Sync (<3% THD)
FORD-PRO-3181,237.1,3.22,1.75,0.23,Clean Utility Grid Sync (<3% THD)
FORD-PRO-3182,227.6,7.52,2.5,0.43,Clean Utility Grid Sync (<3% THD)
FORD-PRO-3183,228.9,8.0,2.62,0.09,Clean Utility Grid Sync (<3% THD)
FORD-PRO-3184,228.6,4.1,1.65,0.22,Clean Utility Grid Sync (<3% THD)
FORD-PRO-3185,236.0,3.66,1.29,0.92,Clean Utility Grid Sync (<3% THD)
FORD-PRO-3186,243.8,3.26,1.96,0.59,Clean Utility Grid Sync (<3% THD)
FORD-PRO-3187,239.9,5.69,2.38,0.44,Clean Utility Grid Sync (<3% THD)
FORD-PRO-3188,240.2,7.17,2.4,0.11,Clean Utility Grid Sync (<3% THD)
FORD-PRO-3189,227.9,6.61,2.37,0.71,Clean Utility Grid Sync (<3% THD)
FORD-PRO-3190,237.2,6.61,2.11,0.5,Clean Utility Grid Sync (<3% THD)
FORD-PRO-3191,226.7,3.41,1.83,0.04,Clean Utility Grid Sync (<3% THD)
FORD-PRO-3192,220.0,5.73,2.12,0.36,Clean Utility Grid Sync (<3% THD)
FORD-PRO-3193,244.5,3.25,2.26,0.6,Clean Utility Grid Sync (<3% THD)
FORD-PRO-3194,233.3,2.66,1.71,0.28,Clean Utility Grid Sync (<3% THD)
FORD-PRO-3195,226.6,3.25,2.1,0.89,Clean Utility Grid Sync (<3% THD)
FORD-PRO-3196,243.3,9.0,2.63,0.09,Clean Utility Grid Sync (<3% THD)
FORD-PRO-3197,225.4,6.6,2.67,1.02,Clean Utility Grid Sync (<3% THD)
FORD-PRO-3198,230.4,7.18,2.21,0.11,Clean Utility Grid Sync (<3% THD)
FORD-PRO-3199,234.8,9.39,2.84,0.56,Clean Utility Grid Sync (<3% THD)
FORD-PRO-3200,232.6,7.08,1.94,0.79,Clean Utility Grid Sync (<3% THD)
FORD-PRO-3201,234.8,7.38,2.4,0.06,Clean Utility Grid Sync (<3% THD)
FORD-PRO-3202,232.7,5.47,2.15,0.29,Clean Utility Grid Sync (<3% THD)
FORD-PRO-3203,243.5,5.4,1.99,0.36,Clean Utility Grid Sync (<3% THD)
FORD-PRO-3204,244.9,3.67,1.97,0.02,Clean Utility Grid Sync (<3% THD)
FORD-PRO-3205,243.7,3.88,2.41,0.03,Clean Utility Grid Sync (<3% THD)
FORD-PRO-3206,247.6,3.29,1.87,0.97,Clean Utility Grid Sync (<3% THD)
FORD-PRO-3207,245.2,6.84,2.34,0.64,Clean Utility Grid Sync (<3% THD)
FORD-PRO-3208,238.3,9.02,2.52,1.63,Clean Utility Grid Sync (<3% THD)
FORD-PRO-3209,221.6,9.45,3.03,0.34,Clean Utility Grid Sync (<3% THD)
FORD-PRO-3210,229.1,8.32,3.28,0.24,Clean Utility Grid Sync (<3% THD)
FORD-PRO-3211,223.7,6.09,1.97,1.35,Clean Utility Grid Sync (<3% THD)
FORD-PRO-3212,234.1,6.57,2.55,0.57,Clean Utility Grid Sync (<3% THD)
FORD-PRO-3213,223.5,6.47,2.04,0.89,Clean Utility Grid Sync (<3% THD)
FORD-PRO-3214,238.9,3.46,2.22,1.52,Clean Utility Grid Sync (<3% THD)
FORD-PRO-3215,229.2,4.0,2.0,1.03,Clean Utility Grid Sync (<3% THD)
FORD-PRO-3216,236.3,3.72,1.95,0.64,Clean Utility Grid Sync (<3% THD)
FORD-PRO-3217,224.9,3.79,1.93,0.05,Clean Utility Grid Sync (<3% THD)
FORD-PRO-3218,247.7,5.31,2.0,0.24,Clean Utility Grid Sync (<3% THD)
FORD-PRO-3219,221.7,6.46,2.46,0.28,Clean Utility Grid Sync (<3% THD)
FORD-PRO-3220,229.3,5.77,2.17,0.72,Clean Utility Grid Sync (<3% THD)
FORD-PRO-3221,238.8,6.34,2.51,0.14,Clean Utility Grid Sync (<3% THD)
FORD-PRO-3222,236.5,6.24,2.84,0.64,Clean Utility Grid Sync (<3% THD)
FORD-PRO-3223,234.6,7.32,2.87,0.39,Clean Utility Grid Sync (<3% THD)
FORD-PRO-3224,227.7,5.36,2.05,0.23,Clean Utility Grid Sync (<3% THD)
FORD-PRO-3225,221.1,5.03,2.54,1.5,Clean Utility Grid Sync (<3% THD)
FORD-PRO-3226,245.5,5.55,2.19,0.11,Clean Utility Grid Sync (<3% THD)
FORD-PRO-3227,241.4,7.06,2.72,0.73,Clean Utility Grid Sync (<3% THD)
FORD-PRO-3228,232.5,8.59,2.47,0.53,Clean Utility Grid Sync (<3% THD)
FORD-PRO-3229,243.2,7.02,2.3,0.29,Clean Utility Grid Sync (<3% THD)
FORD-PRO-3230,245.7,2.56,1.44,0.08,Clean Utility Grid Sync (<3% THD)
FORD-PRO-3231,243.0,7.26,2.67,0.58,Clean Utility Grid Sync (<3% THD)
FORD-PRO-3232,226.8,7.82,2.41,0.03,Clean Utility Grid Sync (<3% THD)
FORD-PRO-3233,234.7,6.82,3.16,0.26,Clean Utility Grid Sync (<3% THD)
FORD-PRO-3234,235.2,8.66,2.9,0.09,Clean Utility Grid Sync (<3% THD)
FORD-PRO-3235,225.4,7.98,2.88,0.02,Clean Utility Grid Sync (<3% THD)
FORD-PRO-3236,237.5,6.32,1.84,0.02,Clean Utility Grid Sync (<3% THD)
FORD-PRO-3237,241.1,3.77,1.99,0.04,Clean Utility Grid Sync (<3% THD)
FORD-PRO-3238,231.6,3.0,1.66,0.3,Clean Utility Grid Sync (<3% THD)
FORD-PRO-3239,234.3,6.17,2.51,0.68,Clean Utility Grid Sync (<3% THD)
FORD-PRO-3240,223.4,4.68,1.79,0.41,Clean Utility Grid Sync (<3% THD)
FORD-PRO-3241,225.1,8.36,2.33,0.51,Clean Utility Grid Sync (<3% THD)
FORD-PRO-3242,221.0,3.69,1.37,0.15,Clean Utility Grid Sync (<3% THD)
FORD-PRO-3243,243.6,3.7,1.94,0.61,Clean Utility Grid Sync (<3% THD)
FORD-PRO-3244,223.9,2.95,1.64,0.1,Clean Utility Grid Sync (<3% THD)
FORD-PRO-3245,230.8,2.68,1.47,0.09,Clean Utility Grid Sync (<3% THD)
FORD-PRO-3246,244.6,9.28,3.33,1.09,Clean Utility Grid Sync (<3% THD)
FORD-PRO-3247,240.5,6.19,2.02,0.68,Clean Utility Grid Sync (<3% THD)
FORD-PRO-3248,243.6,9.26,2.93,0.39,Clean Utility Grid Sync (<3% THD)
FORD-PRO-3249,227.3,4.73,2.09,0.36,Clean Utility Grid Sync (<3% THD)
FORD-PRO-3250,220.3,7.41,2.22,0.24,Clean Utility Grid Sync (<3% THD)
FORD-PRO-3251,235.0,6.04,2.6,0.1,Clean Utility Grid Sync (<3% THD)
FORD-PRO-3252,226.6,7.97,2.7,0.03,Clean Utility Grid Sync (<3% THD)
FORD-PRO-3253,232.6,2.8,1.56,0.83,Clean Utility Grid Sync (<3% THD)
FORD-PRO-3254,245.4,9.13,3.34,0.07,Clean Utility Grid Sync (<3% THD)
FORD-PRO-3255,233.1,3.13,2.22,0.16,Clean Utility Grid Sync (<3% THD)
FORD-PRO-3256,245.5,5.16,2.22,0.08,Clean Utility Grid Sync (<3% THD)
FORD-PRO-3257,220.6,8.59,3.19,0.44,Clean Utility Grid Sync (<3% THD)
FORD-PRO-3258,226.0,8.76,2.79,0.84,Clean Utility Grid Sync (<3% THD)
FORD-PRO-3259,234.7,7.02,2.48,0.29,Clean Utility Grid Sync (<3% THD)
FORD-PRO-3260,231.5,7.98,3.11,0.71,Clean Utility Grid Sync (<3% THD)
FORD-PRO-3261,230.1,2.89,1.4,0.89,Clean Utility Grid Sync (<3% THD)
FORD-PRO-3262,233.9,4.36,2.0,0.53,Clean Utility Grid Sync (<3% THD)
FORD-PRO-3263,233.5,3.22,1.9,0.19,Clean Utility Grid Sync (<3% THD)
FORD-PRO-3264,239.1,4.67,2.0,1.29,Clean Utility Grid Sync (<3% THD)
FORD-PRO-3265,243.5,7.89,2.89,0.93,Clean Utility Grid Sync (<3% THD)
FORD-PRO-3266,231.5,9.58,3.07,0.37,Clean Utility Grid Sync (<3% THD)
FORD-PRO-3267,226.1,6.1,2.18,0.03,Clean Utility Grid Sync (<3% THD)
FORD-PRO-3268,225.4,5.15,1.97,0.29,Clean Utility Grid Sync (<3% THD)
FORD-PRO-3269,227.6,3.95,2.15,0.15,Clean Utility Grid Sync (<3% THD)
FORD-PRO-3270,244.3,7.3,2.57,0.5,Clean Utility Grid Sync (<3% THD)
FORD-PRO-3271,235.7,3.55,1.54,0.06,Clean Utility Grid Sync (<3% THD)
FORD-PRO-3272,236.6,4.36,2.23,1.55,Clean Utility Grid Sync (<3% THD)
FORD-PRO-3273,243.6,8.69,2.66,0.35,Clean Utility Grid Sync (<3% THD)
FORD-PRO-3274,246.6,9.53,3.2,0.39,Clean Utility Grid Sync (<3% THD)
FORD-PRO-3275,241.4,4.93,2.53,0.47,Clean Utility Grid Sync (<3% THD)
FORD-PRO-3276,225.7,3.14,1.99,0.23,Clean Utility Grid Sync (<3% THD)
FORD-PRO-3277,235.2,6.69,2.59,0.38,Clean Utility Grid Sync (<3% THD)
FORD-PRO-3278,233.7,9.45,2.58,0.68,Clean Utility Grid Sync (<3% THD)
FORD-PRO-3279,241.3,6.2,2.51,0.34,Clean Utility Grid Sync (<3% THD)
FORD-PRO-3280,220.4,5.22,2.28,0.34,Clean Utility Grid Sync (<3% THD)
FORD-PRO-3281,232.0,6.11,2.06,0.69,Clean Utility Grid Sync (<3% THD)
FORD-PRO-3282,227.7,7.19,3.25,0.23,Clean Utility Grid Sync (<3% THD)
FORD-PRO-3283,228.4,3.43,1.84,0.48,Clean Utility Grid Sync (<3% THD)
FORD-PRO-3284,246.9,6.93,2.55,0.44,Clean Utility Grid Sync (<3% THD)
FORD-PRO-3285,247.5,3.4,1.99,0.05,Clean Utility Grid Sync (<3% THD)
FORD-PRO-3286,223.9,5.89,2.62,0.28,Clean Utility Grid Sync (<3% THD)
FORD-PRO-3287,228.0,4.58,1.87,0.59,Clean Utility Grid Sync (<3% THD)
FORD-PRO-3288,220.9,4.96,2.16,0.59,Clean Utility Grid Sync (<3% THD)
FORD-PRO-3289,237.0,4.28,2.15,0.99,Clean Utility Grid Sync (<3% THD)
FORD-PRO-3290,223.9,8.18,2.77,0.44,Clean Utility Grid Sync (<3% THD)
FORD-PRO-3291,228.6,5.67,1.92,1.29,Clean Utility Grid Sync (<3% THD)
FORD-PRO-3292,242.0,5.51,2.42,0.25,Clean Utility Grid Sync (<3% THD)
FORD-PRO-3293,225.5,4.93,2.23,1.04,Clean Utility Grid Sync (<3% THD)
FORD-PRO-3294,221.2,5.47,2.32,0.26,Clean Utility Grid Sync (<3% THD)
FORD-PRO-3295,246.2,3.98,1.9,0.15,Clean Utility Grid Sync (<3% THD)
FORD-PRO-3296,240.1,6.63,2.19,1.56,Clean Utility Grid Sync (<3% THD)
FORD-PRO-3297,222.1,8.68,2.95,0.66,Clean Utility Grid Sync (<3% THD)
FORD-PRO-3298,226.0,3.92,1.73,0.16,Clean Utility Grid Sync (<3% THD)
FORD-PRO-3299,246.3,2.89,1.73,0.73,Clean Utility Grid Sync (<3% THD)
FORD-PRO-3300,228.5,9.03,2.98,0.36,Clean Utility Grid Sync (<3% THD)
FORD-PRO-3301,236.7,6.83,2.32,0.28,Clean Utility Grid Sync (<3% THD)
FORD-PRO-3302,244.1,8.17,2.57,0.24,Clean Utility Grid Sync (<3% THD)
FORD-PRO-3303,243.2,8.7,2.89,0.38,Clean Utility Grid Sync (<3% THD)
FORD-PRO-3304,234.9,5.72,2.24,0.27,Clean Utility Grid Sync (<3% THD)
FORD-PRO-3305,238.3,8.94,2.73,0.17,Clean Utility Grid Sync (<3% THD)
FORD-PRO-3306,232.9,5.43,1.87,0.88,Clean Utility Grid Sync (<3% THD)
FORD-PRO-3307,226.1,6.56,2.46,0.6,Clean Utility Grid Sync (<3% THD)
FORD-PRO-3308,220.4,2.64,1.71,0.9,Clean Utility Grid Sync (<3% THD)
FORD-PRO-3309,230.7,8.96,2.83,1.05,Clean Utility Grid Sync (<3% THD)
FORD-PRO-3310,242.7,4.68,1.85,0.22,Clean Utility Grid Sync (<3% THD)
FORD-PRO-3311,238.9,2.72,1.47,0.46,Clean Utility Grid Sync (<3% THD)
FORD-PRO-3312,245.5,8.03,2.79,0.27,Clean Utility Grid Sync (<3% THD)
FORD-PRO-3313,244.0,3.19,1.93,0.05,Clean Utility Grid Sync (<3% THD)
FORD-PRO-3314,222.6,4.13,1.53,0.13,Clean Utility Grid Sync (<3% THD)
FORD-PRO-3315,227.4,6.91,2.28,0.41,Clean Utility Grid Sync (<3% THD)
FORD-PRO-3316,228.5,3.65,1.26,0.24,Clean Utility Grid Sync (<3% THD)
FORD-PRO-3317,233.3,8.19,2.88,0.07,Clean Utility Grid Sync (<3% THD)
FORD-PRO-3318,237.8,3.69,1.61,0.71,Clean Utility Grid Sync (<3% THD)
FORD-PRO-3319,244.4,4.2,1.69,0.25,Clean Utility Grid Sync (<3% THD)
FORD-PRO-3320,242.1,8.04,2.67,1.05,Clean Utility Grid Sync (<3% THD)
FORD-PRO-3321,233.4,4.44,2.33,0.45,Clean Utility Grid Sync (<3% THD)
FORD-PRO-3322,228.4,6.27,2.71,0.36,Clean Utility Grid Sync (<3% THD)
FORD-PRO-3323,245.9,6.79,2.2,0.58,Clean Utility Grid Sync (<3% THD)
FORD-PRO-3324,247.1,6.88,2.59,0.18,Clean Utility Grid Sync (<3% THD)
FORD-PRO-3325,238.6,4.9,2.54,0.45,Clean Utility Grid Sync (<3% THD)
FORD-PRO-3326,235.3,8.25,2.47,0.49,Clean Utility Grid Sync (<3% THD)
FORD-PRO-3327,239.3,8.27,2.38,0.35,Clean Utility Grid Sync (<3% THD)
FORD-PRO-3328,246.5,5.96,1.95,0.02,Clean Utility Grid Sync (<3% THD)
FORD-PRO-3329,247.1,3.27,1.94,0.88,Clean Utility Grid Sync (<3% THD)
FORD-PRO-3330,233.6,5.19,2.77,0.6,Clean Utility Grid Sync (<3% THD)
FORD-PRO-3331,244.5,4.43,2.05,0.54,Clean Utility Grid Sync (<3% THD)
FORD-PRO-3332,234.3,6.98,2.45,0.09,Clean Utility Grid Sync (<3% THD)
FORD-PRO-3333,245.4,9.04,2.95,0.9,Clean Utility Grid Sync (<3% THD)
FORD-PRO-3334,238.7,9.12,3.31,0.71,Clean Utility Grid Sync (<3% THD)
FORD-PRO-3335,243.9,2.98,1.7,0.25,Clean Utility Grid Sync (<3% THD)
FORD-PRO-3336,229.6,8.73,2.43,0.45,Clean Utility Grid Sync (<3% THD)
FORD-PRO-3337,224.2,8.31,2.26,0.55,Clean Utility Grid Sync (<3% THD)
FORD-PRO-3338,246.3,2.54,1.85,0.09,Clean Utility Grid Sync (<3% THD)
FORD-PRO-3339,222.6,2.63,1.31,0.35,Clean Utility Grid Sync (<3% THD)
FORD-PRO-3340,223.5,2.99,1.76,0.31,Clean Utility Grid Sync (<3% THD)
FORD-PRO-3341,226.2,3.64,1.42,0.25,Clean Utility Grid Sync (<3% THD)
FORD-PRO-3342,241.1,8.46,2.88,0.46,Clean Utility Grid Sync (<3% THD)
FORD-PRO-3343,225.5,7.76,2.43,0.3,Clean Utility Grid Sync (<3% THD)
FORD-PRO-3344,236.0,3.44,2.0,0.42,Clean Utility Grid Sync (<3% THD)
FORD-PRO-3345,245.8,6.12,2.16,0.22,Clean Utility Grid Sync (<3% THD)
FORD-PRO-3346,232.3,3.75,2.11,0.06,Clean Utility Grid Sync (<3% THD)
FORD-PRO-3347,245.6,8.1,3.09,0.43,Clean Utility Grid Sync (<3% THD)
FORD-PRO-3348,245.6,6.38,2.61,0.91,Clean Utility Grid Sync (<3% THD)
FORD-PRO-3349,226.3,7.75,2.3,0.18,Clean Utility Grid Sync (<3% THD)
FORD-PRO-3350,246.9,3.21,1.76,0.21,Clean Utility Grid Sync (<3% THD)
FORD-PRO-3351,229.9,8.26,2.52,0.26,Clean Utility Grid Sync (<3% THD)
FORD-PRO-3352,246.2,7.96,2.48,1.25,Clean Utility Grid Sync (<3% THD)
FORD-PRO-3353,237.2,2.85,1.77,0.62,Clean Utility Grid Sync (<3% THD)
FORD-PRO-3354,244.5,3.55,2.0,0.06,Clean Utility Grid Sync (<3% THD)
FORD-PRO-3355,241.2,3.7,1.82,0.02,Clean Utility Grid Sync (<3% THD)
FORD-PRO-3356,244.6,3.25,1.81,1.51,Clean Utility Grid Sync (<3% THD)
FORD-PRO-3357,235.6,7.46,2.76,0.91,Clean Utility Grid Sync (<3% THD)
FORD-PRO-3358,238.9,3.37,1.77,0.47,Clean Utility Grid Sync (<3% THD)
FORD-PRO-3359,223.3,3.11,1.46,0.03,Clean Utility Grid Sync (<3% THD)
FORD-PRO-3360,237.8,5.14,2.53,0.3,Clean Utility Grid Sync (<3% THD)
FORD-PRO-3361,223.2,7.36,3.22,0.86,Clean Utility Grid Sync (<3% THD)
FORD-PRO-3362,235.7,8.71,3.17,0.35,Clean Utility Grid Sync (<3% THD)
FORD-PRO-3363,225.9,4.64,2.24,0.97,Clean Utility Grid Sync (<3% THD)
FORD-PRO-3364,237.7,6.96,2.38,0.62,Clean Utility Grid Sync (<3% THD)
FORD-PRO-3365,241.9,6.98,2.94,0.06,Clean Utility Grid Sync (<3% THD)
FORD-PRO-3366,229.1,8.24,2.95,0.32,Clean Utility Grid Sync (<3% THD)
FORD-PRO-3367,247.9,3.35,2.03,0.59,Clean Utility Grid Sync (<3% THD)
FORD-PRO-3368,243.6,5.04,2.16,1.17,Clean Utility Grid Sync (<3% THD)
FORD-PRO-3369,225.7,8.12,2.45,0.66,Clean Utility Grid Sync (<3% THD)
FORD-PRO-3370,244.3,7.82,2.9,0.39,Clean Utility Grid Sync (<3% THD)
FORD-PRO-3371,222.0,7.83,2.96,0.88,Clean Utility Grid Sync (<3% THD)
FORD-PRO-3372,220.8,5.86,2.45,0.53,Clean Utility Grid Sync (<3% THD)
FORD-PRO-3373,224.6,9.16,3.19,0.99,Clean Utility Grid Sync (<3% THD)
FORD-PRO-3374,240.4,7.3,2.74,0.03,Clean Utility Grid Sync (<3% THD)
FORD-PRO-3375,232.8,8.81,2.6,0.34,Clean Utility Grid Sync (<3% THD)
FORD-PRO-3376,222.1,4.11,2.42,1.25,Clean Utility Grid Sync (<3% THD)
FORD-PRO-3377,230.5,2.75,1.65,1.18,Clean Utility Grid Sync (<3% THD)
FORD-PRO-3378,227.9,3.93,2.0,0.61,Clean Utility Grid Sync (<3% THD)
FORD-PRO-3379,242.4,4.32,1.73,0.17,Clean Utility Grid Sync (<3% THD)
FORD-PRO-3380,242.0,5.17,2.22,1.1,Clean Utility Grid Sync (<3% THD)
FORD-PRO-3381,247.9,8.97,3.05,0.27,Clean Utility Grid Sync (<3% THD)
FORD-PRO-3382,245.3,5.85,2.57,0.16,Clean Utility Grid Sync (<3% THD)
FORD-PRO-3383,233.3,8.17,2.55,0.91,Clean Utility Grid Sync (<3% THD)
FORD-PRO-3384,224.3,3.98,2.1,0.63,Clean Utility Grid Sync (<3% THD)
FORD-PRO-3385,227.2,7.91,2.8,0.54,Clean Utility Grid Sync (<3% THD)
FORD-PRO-3386,241.3,8.26,2.77,0.47,Clean Utility Grid Sync (<3% THD)
FORD-PRO-3387,246.7,3.64,2.11,0.18,Clean Utility Grid Sync (<3% THD)
FORD-PRO-3388,223.0,3.01,1.73,0.63,Clean Utility Grid Sync (<3% THD)
FORD-PRO-3389,233.4,9.43,3.01,0.58,Clean Utility Grid Sync (<3% THD)
FORD-PRO-3390,240.5,3.05,1.62,0.14,Clean Utility Grid Sync (<3% THD)
FORD-PRO-3391,242.1,7.8,2.42,1.29,Clean Utility Grid Sync (<3% THD)
FORD-PRO-3392,233.2,5.42,1.89,0.69,Clean Utility Grid Sync (<3% THD)
FORD-PRO-3393,227.1,2.46,1.12,0.17,Clean Utility Grid Sync (<3% THD)
FORD-PRO-3394,237.6,6.48,1.84,0.59,Clean Utility Grid Sync (<3% THD)
FORD-PRO-3395,237.7,6.72,2.6,0.5,Clean Utility Grid Sync (<3% THD)
FORD-PRO-3396,225.8,5.49,2.45,0.72,Clean Utility Grid Sync (<3% THD)
FORD-PRO-3397,246.7,6.28,2.45,0.89,Clean Utility Grid Sync (<3% THD)
FORD-PRO-3398,222.6,7.35,3.11,0.3,Clean Utility Grid Sync (<3% THD)
FORD-PRO-3399,230.5,4.58,2.11,0.62,Clean Utility Grid Sync (<3% THD)
FORD-PRO-3400,232.5,3.31,2.14,0.26,Clean Utility Grid Sync (<3% THD)
FORD-PRO-3401,241.5,9.12,2.85,1.43,Clean Utility Grid Sync (<3% THD)
FORD-PRO-3402,230.4,8.49,2.7,0.18,Clean Utility Grid Sync (<3% THD)
FORD-PRO-3403,234.0,3.1,1.51,0.39,Clean Utility Grid Sync (<3% THD)
FORD-PRO-3404,226.9,3.18,2.03,0.14,Clean Utility Grid Sync (<3% THD)
FORD-PRO-3405,243.4,8.4,2.61,0.45,Clean Utility Grid Sync (<3% THD)
FORD-PRO-3406,241.8,7.95,2.61,1.26,Clean Utility Grid Sync (<3% THD)
FORD-PRO-3407,229.0,6.96,2.51,0.45,Clean Utility Grid Sync (<3% THD)
FORD-PRO-3408,226.9,8.42,2.38,0.04,Clean Utility Grid Sync (<3% THD)
FORD-PRO-3409,234.9,9.17,2.38,0.0,Clean Utility Grid Sync (<3% THD)
FORD-PRO-3410,224.9,8.74,2.68,0.23,Clean Utility Grid Sync (<3% THD)
FORD-PRO-3411,234.4,8.74,2.58,0.07,Clean Utility Grid Sync (<3% THD)
FORD-PRO-3412,222.4,9.48,2.65,0.81,Clean Utility Grid Sync (<3% THD)
FORD-PRO-3413,230.6,8.95,2.6,0.14,Clean Utility Grid Sync (<3% THD)
FORD-PRO-3414,224.5,9.28,3.14,0.16,Clean Utility Grid Sync (<3% THD)
FORD-PRO-3415,232.5,7.8,2.51,0.83,Clean Utility Grid Sync (<3% THD)
FORD-PRO-3416,241.6,8.69,2.33,0.81,Clean Utility Grid Sync (<3% THD)
FORD-PRO-3417,240.6,4.5,2.1,0.32,Clean Utility Grid Sync (<3% THD)
FORD-PRO-3418,225.6,8.97,2.86,1.56,Clean Utility Grid Sync (<3% THD)
FORD-PRO-3419,230.8,5.41,2.17,0.83,Clean Utility Grid Sync (<3% THD)
FORD-PRO-3420,238.0,8.46,2.33,0.18,Clean Utility Grid Sync (<3% THD)
FORD-PRO-3421,235.8,6.76,2.5,0.52,Clean Utility Grid Sync (<3% THD)
FORD-PRO-3422,243.3,3.92,2.32,0.91,Clean Utility Grid Sync (<3% THD)
FORD-PRO-3423,246.2,7.38,2.69,0.32,Clean Utility Grid Sync (<3% THD)
FORD-PRO-3424,226.0,7.98,2.74,0.36,Clean Utility Grid Sync (<3% THD)
FORD-PRO-3425,222.5,7.84,3.27,1.11,Clean Utility Grid Sync (<3% THD)
FORD-PRO-3426,240.5,9.12,2.38,0.78,Clean Utility Grid Sync (<3% THD)
FORD-PRO-3427,239.9,8.27,2.79,0.73,Clean Utility Grid Sync (<3% THD)
FORD-PRO-3428,247.7,7.57,2.73,0.41,Clean Utility Grid Sync (<3% THD)
FORD-PRO-3429,220.1,4.66,2.05,0.13,Clean Utility Grid Sync (<3% THD)
FORD-PRO-3430,221.3,4.82,2.57,0.3,Clean Utility Grid Sync (<3% THD)
FORD-PRO-3431,237.5,7.99,2.5,0.13,Clean Utility Grid Sync (<3% THD)
FORD-PRO-3432,229.0,3.97,2.34,0.13,Clean Utility Grid Sync (<3% THD)
FORD-PRO-3433,228.5,3.14,2.09,0.45,Clean Utility Grid Sync (<3% THD)
FORD-PRO-3434,239.6,5.75,2.41,0.72,Clean Utility Grid Sync (<3% THD)
FORD-PRO-3435,235.9,7.42,2.52,0.63,Clean Utility Grid Sync (<3% THD)
FORD-PRO-3436,225.7,4.43,1.67,0.03,Clean Utility Grid Sync (<3% THD)
FORD-PRO-3437,224.9,4.23,1.96,0.4,Clean Utility Grid Sync (<3% THD)
FORD-PRO-3438,240.4,8.34,3.12,0.05,Clean Utility Grid Sync (<3% THD)
FORD-PRO-3439,243.1,8.15,2.4,0.71,Clean Utility Grid Sync (<3% THD)
FORD-PRO-3440,241.3,8.34,2.8,0.51,Clean Utility Grid Sync (<3% THD)
FORD-PRO-3441,233.8,6.77,2.78,0.33,Clean Utility Grid Sync (<3% THD)
FORD-PRO-3442,232.8,4.23,1.96,0.6,Clean Utility Grid Sync (<3% THD)
FORD-PRO-3443,225.3,5.69,2.77,1.15,Clean Utility Grid Sync (<3% THD)
FORD-PRO-3444,231.1,3.71,1.8,0.7,Clean Utility Grid Sync (<3% THD)
FORD-PRO-3445,220.5,9.0,2.37,0.65,Clean Utility Grid Sync (<3% THD)
FORD-PRO-3446,224.8,3.01,2.07,0.04,Clean Utility Grid Sync (<3% THD)
FORD-PRO-3447,224.6,7.24,2.16,0.77,Clean Utility Grid Sync (<3% THD)
FORD-PRO-3448,235.2,9.04,3.02,0.01,Clean Utility Grid Sync (<3% THD)
FORD-PRO-3449,223.6,2.43,1.34,0.07,Clean Utility Grid Sync (<3% THD)
FORD-PRO-3450,240.7,7.63,2.71,0.97,Clean Utility Grid Sync (<3% THD)
FORD-PRO-3451,230.7,4.47,2.45,0.82,Clean Utility Grid Sync (<3% THD)
FORD-PRO-3452,227.9,4.29,1.46,0.12,Clean Utility Grid Sync (<3% THD)
FORD-PRO-3453,237.2,5.86,2.21,0.33,Clean Utility Grid Sync (<3% THD)
FORD-PRO-3454,235.2,6.97,2.7,0.63,Clean Utility Grid Sync (<3% THD)
FORD-PRO-3455,245.1,8.13,3.17,0.9,Clean Utility Grid Sync (<3% THD)
FORD-PRO-3456,236.4,4.22,2.28,0.09,Clean Utility Grid Sync (<3% THD)
FORD-PRO-3457,223.4,2.68,1.43,0.57,Clean Utility Grid Sync (<3% THD)
FORD-PRO-3458,221.9,7.76,2.53,0.06,Clean Utility Grid Sync (<3% THD)
FORD-PRO-3459,227.1,9.16,3.24,0.7,Clean Utility Grid Sync (<3% THD)
FORD-PRO-3460,226.7,6.2,2.03,0.5,Clean Utility Grid Sync (<3% THD)
FORD-PRO-3461,220.1,6.25,2.3,0.04,Clean Utility Grid Sync (<3% THD)
FORD-PRO-3462,242.6,3.24,1.48,0.11,Clean Utility Grid Sync (<3% THD)
FORD-PRO-3463,241.5,4.52,2.51,0.4,Clean Utility Grid Sync (<3% THD)
FORD-PRO-3464,229.4,2.94,1.55,0.96,Clean Utility Grid Sync (<3% THD)
FORD-PRO-3465,234.2,7.49,2.79,0.3,Clean Utility Grid Sync (<3% THD)
FORD-PRO-3466,232.2,9.45,2.55,0.82,Clean Utility Grid Sync (<3% THD)
FORD-PRO-3467,225.9,9.22,2.47,1.23,Clean Utility Grid Sync (<3% THD)
FORD-PRO-3468,223.9,2.9,1.66,0.87,Clean Utility Grid Sync (<3% THD)
FORD-PRO-3469,236.4,6.23,2.67,0.24,Clean Utility Grid Sync (<3% THD)
FORD-PRO-3470,233.7,2.63,1.31,0.43,Clean Utility Grid Sync (<3% THD)
FORD-PRO-3471,245.9,8.65,3.1,0.28,Clean Utility Grid Sync (<3% THD)
FORD-PRO-3472,232.8,8.39,2.79,0.67,Clean Utility Grid Sync (<3% THD)
FORD-PRO-3473,244.1,4.71,2.34,0.27,Clean Utility Grid Sync (<3% THD)
FORD-PRO-3474,247.2,9.21,3.27,1.44,Clean Utility Grid Sync (<3% THD)
FORD-PRO-3475,221.3,7.49,2.56,0.15,Clean Utility Grid Sync (<3% THD)
FORD-PRO-3476,223.4,6.45,2.4,0.59,Clean Utility Grid Sync (<3% THD)
FORD-PRO-3477,223.5,9.36,2.89,0.36,Clean Utility Grid Sync (<3% THD)
FORD-PRO-3478,244.9,3.88,1.81,0.88,Clean Utility Grid Sync (<3% THD)
FORD-PRO-3479,247.3,5.61,1.98,0.63,Clean Utility Grid Sync (<3% THD)
FORD-PRO-3480,231.2,7.73,2.82,1.02,Clean Utility Grid Sync (<3% THD)
FORD-PRO-3481,231.2,3.88,2.21,0.07,Clean Utility Grid Sync (<3% THD)
FORD-PRO-3482,238.8,7.24,2.99,1.41,Clean Utility Grid Sync (<3% THD)
FORD-PRO-3483,244.3,6.19,2.9,0.47,Clean Utility Grid Sync (<3% THD)
FORD-PRO-3484,242.9,8.37,2.64,0.06,Clean Utility Grid Sync (<3% THD)
FORD-PRO-3485,236.9,8.64,3.14,0.39,Clean Utility Grid Sync (<3% THD)
FORD-PRO-3486,242.9,7.14,2.73,0.37,Clean Utility Grid Sync (<3% THD)
FORD-PRO-3487,247.4,5.63,2.36,1.0,Clean Utility Grid Sync (<3% THD)
FORD-PRO-3488,233.0,3.74,1.88,1.38,Clean Utility Grid Sync (<3% THD)
FORD-PRO-3489,230.9,2.42,1.78,0.69,Clean Utility Grid Sync (<3% THD)
FORD-PRO-3490,220.1,8.04,2.28,0.18,Clean Utility Grid Sync (<3% THD)
FORD-PRO-3491,232.4,3.01,1.67,0.62,Clean Utility Grid Sync (<3% THD)
FORD-PRO-3492,220.4,9.45,3.05,0.69,Clean Utility Grid Sync (<3% THD)
FORD-PRO-3493,222.1,4.93,1.37,0.04,Clean Utility Grid Sync (<3% THD)
FORD-PRO-3494,247.9,5.98,2.24,0.35,Clean Utility Grid Sync (<3% THD)
FORD-PRO-3495,227.5,3.55,2.26,0.56,Clean Utility Grid Sync (<3% THD)
FORD-PRO-3496,240.5,7.9,2.58,0.39,Clean Utility Grid Sync (<3% THD)
FORD-PRO-3497,236.7,6.4,2.2,0.27,Clean Utility Grid Sync (<3% THD)
FORD-PRO-3498,222.4,3.46,2.01,0.2,Clean Utility Grid Sync (<3% THD)
FORD-PRO-3499,226.2,3.26,2.19,0.7,Clean Utility Grid Sync (<3% THD)
FORD-PRO-3500,241.0,8.79,2.6,0.95,Clean Utility Grid Sync (<3% THD)
FORD-PRO-3501,238.5,4.42,1.3,0.7,Clean Utility Grid Sync (<3% THD)
FORD-PRO-3502,225.3,5.18,1.76,0.1,Clean Utility Grid Sync (<3% THD)
FORD-PRO-3503,223.6,4.65,2.03,1.38,Clean Utility Grid Sync (<3% THD)
FORD-PRO-3504,222.4,3.91,1.89,1.05,Clean Utility Grid Sync (<3% THD)
FORD-PRO-3505,235.6,5.85,2.18,0.84,Clean Utility Grid Sync (<3% THD)
FORD-PRO-3506,230.9,5.3,1.83,0.75,Clean Utility Grid Sync (<3% THD)
FORD-PRO-3507,241.2,6.89,2.29,1.21,Clean Utility Grid Sync (<3% THD)
FORD-PRO-3508,244.4,9.03,2.97,0.14,Clean Utility Grid Sync (<3% THD)
FORD-PRO-3509,223.2,8.23,2.24,0.64,Clean Utility Grid Sync (<3% THD)
FORD-PRO-3510,233.6,5.33,2.0,1.46,Clean Utility Grid Sync (<3% THD)
FORD-PRO-3511,247.3,9.0,3.07,0.85,Clean Utility Grid Sync (<3% THD)
FORD-PRO-3512,245.6,9.39,2.98,0.47,Clean Utility Grid Sync (<3% THD)
FORD-PRO-3513,238.1,7.29,2.72,0.64,Clean Utility Grid Sync (<3% THD)
FORD-PRO-3514,225.3,3.65,1.62,0.26,Clean Utility Grid Sync (<3% THD)
FORD-PRO-3515,238.4,5.61,2.46,0.45,Clean Utility Grid Sync (<3% THD)
FORD-PRO-3516,245.8,4.11,1.95,0.88,Clean Utility Grid Sync (<3% THD)
FORD-PRO-3517,224.3,4.93,2.09,0.16,Clean Utility Grid Sync (<3% THD)
FORD-PRO-3518,232.2,3.34,1.9,1.85,Harmonic Filter Compensation Active
FORD-PRO-3519,239.9,4.22,2.23,0.1,Clean Utility Grid Sync (<3% THD)
FORD-PRO-3520,227.3,6.4,2.95,1.16,Clean Utility Grid Sync (<3% THD)
FORD-PRO-3521,246.5,2.47,1.39,0.17,Clean Utility Grid Sync (<3% THD)
FORD-PRO-3522,233.6,3.48,1.86,0.92,Clean Utility Grid Sync (<3% THD)
FORD-PRO-3523,223.0,6.95,2.29,0.12,Clean Utility Grid Sync (<3% THD)
FORD-PRO-3524,231.0,2.59,1.4,0.24,Clean Utility Grid Sync (<3% THD)
FORD-PRO-3525,221.9,5.4,1.83,0.54,Clean Utility Grid Sync (<3% THD)
FORD-PRO-3526,237.2,8.28,2.51,0.85,Clean Utility Grid Sync (<3% THD)
FORD-PRO-3527,245.3,3.73,1.7,0.58,Clean Utility Grid Sync (<3% THD)
FORD-PRO-3528,233.1,3.91,2.02,0.15,Clean Utility Grid Sync (<3% THD)
FORD-PRO-3529,234.3,4.52,2.35,0.01,Clean Utility Grid Sync (<3% THD)
FORD-PRO-3530,246.7,5.97,2.13,0.23,Clean Utility Grid Sync (<3% THD)
FORD-PRO-3531,239.7,6.09,2.14,0.9,Clean Utility Grid Sync (<3% THD)
FORD-PRO-3532,232.6,2.41,1.55,0.81,Clean Utility Grid Sync (<3% THD)
FORD-PRO-3533,221.2,6.77,1.78,0.48,Clean Utility Grid Sync (<3% THD)
FORD-PRO-3534,246.0,4.85,2.67,0.0,Clean Utility Grid Sync (<3% THD)
FORD-PRO-3535,222.8,6.71,2.12,1.08,Clean Utility Grid Sync (<3% THD)
FORD-PRO-3536,222.6,3.99,1.9,1.0,Clean Utility Grid Sync (<3% THD)
FORD-PRO-3537,228.7,5.38,2.19,0.51,Clean Utility Grid Sync (<3% THD)
FORD-PRO-3538,242.0,2.48,1.69,0.5,Clean Utility Grid Sync (<3% THD)
FORD-PRO-3539,233.2,7.98,3.18,0.15,Clean Utility Grid Sync (<3% THD)
FORD-PRO-3540,247.1,5.94,2.15,0.27,Clean Utility Grid Sync (<3% THD)
FORD-PRO-3541,223.9,4.44,1.77,0.26,Clean Utility Grid Sync (<3% THD)
FORD-PRO-3542,234.2,6.92,2.56,0.36,Clean Utility Grid Sync (<3% THD)
FORD-PRO-3543,220.3,3.65,2.05,0.03,Clean Utility Grid Sync (<3% THD)
FORD-PRO-3544,222.3,9.55,2.75,0.47,Clean Utility Grid Sync (<3% THD)
FORD-PRO-3545,227.5,8.48,3.13,0.01,Clean Utility Grid Sync (<3% THD)
FORD-PRO-3546,245.6,6.87,2.67,0.43,Clean Utility Grid Sync (<3% THD)
FORD-PRO-3547,245.8,9.28,3.4,0.57,Clean Utility Grid Sync (<3% THD)
FORD-PRO-3548,231.5,8.24,3.2,0.04,Clean Utility Grid Sync (<3% THD)
FORD-PRO-3549,241.4,3.02,1.75,0.15,Clean Utility Grid Sync (<3% THD)
FORD-PRO-3550,246.0,7.78,2.52,0.24,Clean Utility Grid Sync (<3% THD)
FORD-PRO-3551,228.3,8.83,2.98,0.01,Clean Utility Grid Sync (<3% THD)
FORD-PRO-3552,246.6,5.28,1.88,0.57,Clean Utility Grid Sync (<3% THD)
FORD-PRO-3553,245.0,7.33,1.79,1.12,Clean Utility Grid Sync (<3% THD)
FORD-PRO-3554,244.7,4.4,1.75,0.39,Clean Utility Grid Sync (<3% THD)
FORD-PRO-3555,231.5,2.77,1.95,0.4,Clean Utility Grid Sync (<3% THD)
FORD-PRO-3556,238.4,8.33,3.0,0.22,Clean Utility Grid Sync (<3% THD)
FORD-PRO-3557,245.3,4.37,1.95,0.55,Clean Utility Grid Sync (<3% THD)
FORD-PRO-3558,222.6,5.73,2.18,0.0,Clean Utility Grid Sync (<3% THD)
FORD-PRO-3559,221.2,3.73,2.27,0.43,Clean Utility Grid Sync (<3% THD)
FORD-PRO-3560,245.9,6.88,2.41,0.65,Clean Utility Grid Sync (<3% THD)
FORD-PRO-3561,225.0,6.6,2.68,0.16,Clean Utility Grid Sync (<3% THD)
FORD-PRO-3562,227.0,4.84,2.09,0.17,Clean Utility Grid Sync (<3% THD)
FORD-PRO-3563,247.9,4.98,2.37,0.29,Clean Utility Grid Sync (<3% THD)
FORD-PRO-3564,221.8,9.54,2.99,0.44,Clean Utility Grid Sync (<3% THD)
FORD-PRO-3565,241.5,4.58,2.68,0.0,Clean Utility Grid Sync (<3% THD)
FORD-PRO-3566,238.9,7.96,2.08,0.76,Clean Utility Grid Sync (<3% THD)
FORD-PRO-3567,237.4,8.52,2.88,0.61,Clean Utility Grid Sync (<3% THD)
FORD-PRO-3568,238.9,2.96,1.34,1.74,Clean Utility Grid Sync (<3% THD)
FORD-PRO-3569,240.7,7.68,2.14,0.09,Clean Utility Grid Sync (<3% THD)
FORD-PRO-3570,244.6,6.35,2.78,0.07,Clean Utility Grid Sync (<3% THD)
FORD-PRO-3571,227.7,5.0,2.52,0.66,Clean Utility Grid Sync (<3% THD)
FORD-PRO-3572,221.6,3.55,1.8,0.63,Clean Utility Grid Sync (<3% THD)
FORD-PRO-3573,231.9,7.48,2.43,0.33,Clean Utility Grid Sync (<3% THD)
FORD-PRO-3574,233.6,8.43,2.36,0.27,Clean Utility Grid Sync (<3% THD)
FORD-PRO-3575,234.8,2.89,1.35,0.45,Clean Utility Grid Sync (<3% THD)
FORD-PRO-3576,237.7,2.7,1.69,0.06,Clean Utility Grid Sync (<3% THD)
FORD-PRO-3577,220.1,5.01,2.45,0.14,Clean Utility Grid Sync (<3% THD)
FORD-PRO-3578,242.8,5.94,2.18,0.35,Clean Utility Grid Sync (<3% THD)
FORD-PRO-3579,244.4,3.04,1.42,0.09,Clean Utility Grid Sync (<3% THD)
FORD-PRO-3580,226.9,5.78,2.25,0.03,Clean Utility Grid Sync (<3% THD)
FORD-PRO-3581,225.8,2.97,1.61,0.49,Clean Utility Grid Sync (<3% THD)
FORD-PRO-3582,232.9,2.87,1.51,0.72,Clean Utility Grid Sync (<3% THD)
FORD-PRO-3583,230.6,3.06,2.0,0.62,Clean Utility Grid Sync (<3% THD)
FORD-PRO-3584,232.0,9.49,2.81,0.51,Clean Utility Grid Sync (<3% THD)
FORD-PRO-3585,226.6,9.07,2.88,0.24,Clean Utility Grid Sync (<3% THD)
FORD-PRO-3586,230.5,5.71,1.99,0.56,Clean Utility Grid Sync (<3% THD)
FORD-PRO-3587,231.1,7.89,3.02,0.16,Clean Utility Grid Sync (<3% THD)
FORD-PRO-3588,224.5,3.85,2.34,0.27,Clean Utility Grid Sync (<3% THD)
FORD-PRO-3589,235.5,3.25,1.62,0.52,Clean Utility Grid Sync (<3% THD)
FORD-PRO-3590,226.3,3.6,1.62,0.03,Clean Utility Grid Sync (<3% THD)
FORD-PRO-3591,222.0,3.44,1.82,0.98,Clean Utility Grid Sync (<3% THD)
FORD-PRO-3592,232.1,9.09,3.07,0.87,Clean Utility Grid Sync (<3% THD)
FORD-PRO-3593,239.6,7.92,2.89,1.27,Clean Utility Grid Sync (<3% THD)
FORD-PRO-3594,243.4,9.14,3.13,0.55,Clean Utility Grid Sync (<3% THD)
FORD-PRO-3595,246.4,6.49,2.64,0.47,Clean Utility Grid Sync (<3% THD)
FORD-PRO-3596,229.0,3.23,1.96,0.07,Clean Utility Grid Sync (<3% THD)
FORD-PRO-3597,222.3,8.16,3.34,1.58,Clean Utility Grid Sync (<3% THD)
FORD-PRO-3598,226.5,3.9,1.82,0.5,Clean Utility Grid Sync (<3% THD)
FORD-PRO-3599,221.6,3.63,2.45,0.14,Clean Utility Grid Sync (<3% THD)
FORD-PRO-3600,222.4,5.83,2.8,0.22,Clean Utility Grid Sync (<3% THD)
FORD-PRO-3601,241.0,5.06,2.29,0.43,Clean Utility Grid Sync (<3% THD)
FORD-PRO-3602,225.5,3.89,2.15,0.77,Clean Utility Grid Sync (<3% THD)
FORD-PRO-3603,234.2,6.7,2.52,0.26,Clean Utility Grid Sync (<3% THD)
FORD-PRO-3604,230.5,5.04,1.54,0.75,Clean Utility Grid Sync (<3% THD)
FORD-PRO-3605,233.8,3.17,1.58,0.21,Clean Utility Grid Sync (<3% THD)
FORD-PRO-3606,241.6,6.72,2.54,0.65,Clean Utility Grid Sync (<3% THD)
FORD-PRO-3607,240.9,8.92,2.9,0.25,Clean Utility Grid Sync (<3% THD)
FORD-PRO-3608,233.6,6.6,2.38,1.14,Clean Utility Grid Sync (<3% THD)
FORD-PRO-3609,239.8,8.5,2.94,0.69,Clean Utility Grid Sync (<3% THD)
FORD-PRO-3610,242.9,6.54,2.68,0.46,Clean Utility Grid Sync (<3% THD)
FORD-PRO-3611,230.5,6.8,2.49,0.83,Clean Utility Grid Sync (<3% THD)
FORD-PRO-3612,228.3,4.2,2.01,0.56,Clean Utility Grid Sync (<3% THD)
FORD-PRO-3613,236.4,3.16,1.8,0.64,Clean Utility Grid Sync (<3% THD)
FORD-PRO-3614,241.4,2.46,0.89,0.36,Clean Utility Grid Sync (<3% THD)
FORD-PRO-3615,224.9,8.55,2.54,0.28,Clean Utility Grid Sync (<3% THD)
FORD-PRO-3616,225.3,5.51,1.88,0.44,Clean Utility Grid Sync (<3% THD)
FORD-PRO-3617,231.1,7.46,2.61,0.54,Clean Utility Grid Sync (<3% THD)
FORD-PRO-3618,235.3,7.93,2.3,0.19,Clean Utility Grid Sync (<3% THD)
FORD-PRO-3619,239.7,2.54,1.63,0.24,Clean Utility Grid Sync (<3% THD)
FORD-PRO-3620,235.5,8.44,3.21,0.38,Clean Utility Grid Sync (<3% THD)
FORD-PRO-3621,245.5,6.43,2.67,0.85,Clean Utility Grid Sync (<3% THD)
FORD-PRO-3622,244.8,7.48,3.21,0.77,Clean Utility Grid Sync (<3% THD)
FORD-PRO-3623,237.4,4.52,2.22,0.78,Clean Utility Grid Sync (<3% THD)
FORD-PRO-3624,242.7,3.18,1.95,0.9,Clean Utility Grid Sync (<3% THD)
FORD-PRO-3625,228.7,8.96,2.91,0.56,Clean Utility Grid Sync (<3% THD)
FORD-PRO-3626,232.5,6.84,2.6,0.25,Clean Utility Grid Sync (<3% THD)
FORD-PRO-3627,246.3,6.29,2.49,0.53,Clean Utility Grid Sync (<3% THD)
FORD-PRO-3628,247.2,3.56,2.13,0.22,Clean Utility Grid Sync (<3% THD)
FORD-PRO-3629,223.2,2.4,2.12,0.93,Clean Utility Grid Sync (<3% THD)
FORD-PRO-3630,229.7,5.19,2.74,0.91,Clean Utility Grid Sync (<3% THD)
FORD-PRO-3631,232.7,7.19,2.37,0.67,Clean Utility Grid Sync (<3% THD)
FORD-PRO-3632,239.5,5.29,2.42,0.48,Clean Utility Grid Sync (<3% THD)
FORD-PRO-3633,240.9,6.81,2.18,0.43,Clean Utility Grid Sync (<3% THD)
FORD-PRO-3634,239.7,6.31,2.5,0.18,Clean Utility Grid Sync (<3% THD)
FORD-PRO-3635,228.4,8.08,2.78,0.33,Clean Utility Grid Sync (<3% THD)
FORD-PRO-3636,225.5,2.88,1.86,0.55,Clean Utility Grid Sync (<3% THD)
FORD-PRO-3637,231.1,6.88,2.65,1.15,Clean Utility Grid Sync (<3% THD)
FORD-PRO-3638,237.3,8.63,2.9,0.37,Clean Utility Grid Sync (<3% THD)
FORD-PRO-3639,234.1,2.69,1.86,0.52,Clean Utility Grid Sync (<3% THD)
FORD-PRO-3640,225.2,6.69,2.47,0.01,Clean Utility Grid Sync (<3% THD)
FORD-PRO-3641,225.1,6.8,2.77,0.03,Clean Utility Grid Sync (<3% THD)
FORD-PRO-3642,247.8,2.87,1.94,0.18,Clean Utility Grid Sync (<3% THD)
FORD-PRO-3643,226.8,3.97,1.95,0.85,Clean Utility Grid Sync (<3% THD)
FORD-PRO-3644,241.8,6.02,2.58,0.94,Clean Utility Grid Sync (<3% THD)
FORD-PRO-3645,245.9,4.47,1.96,0.57,Clean Utility Grid Sync (<3% THD)
FORD-PRO-3646,224.9,8.45,3.17,1.25,Clean Utility Grid Sync (<3% THD)
FORD-PRO-3647,230.3,4.35,1.49,0.17,Clean Utility Grid Sync (<3% THD)
FORD-PRO-3648,236.3,3.53,1.43,0.4,Clean Utility Grid Sync (<3% THD)
FORD-PRO-3649,237.5,7.45,2.82,1.44,Clean Utility Grid Sync (<3% THD)
FORD-PRO-3650,230.5,9.48,3.17,0.41,Clean Utility Grid Sync (<3% THD)
FORD-PRO-3651,229.6,8.12,3.01,0.95,Clean Utility Grid Sync (<3% THD)
FORD-PRO-3652,226.5,7.49,2.99,0.27,Clean Utility Grid Sync (<3% THD)
FORD-PRO-3653,232.8,5.68,1.66,1.02,Clean Utility Grid Sync (<3% THD)
FORD-PRO-3654,224.3,7.19,1.69,0.81,Clean Utility Grid Sync (<3% THD)
FORD-PRO-3655,245.0,5.92,3.25,0.41,Clean Utility Grid Sync (<3% THD)
FORD-PRO-3656,233.7,9.39,2.81,0.53,Clean Utility Grid Sync (<3% THD)
FORD-PRO-3657,221.7,8.86,2.95,0.12,Clean Utility Grid Sync (<3% THD)
FORD-PRO-3658,241.9,3.08,1.67,0.14,Clean Utility Grid Sync (<3% THD)
FORD-PRO-3659,245.3,8.72,2.99,1.25,Clean Utility Grid Sync (<3% THD)
FORD-PRO-3660,232.2,5.39,1.82,0.71,Clean Utility Grid Sync (<3% THD)
FORD-PRO-3661,244.7,6.33,2.12,0.11,Clean Utility Grid Sync (<3% THD)
FORD-PRO-3662,223.2,5.13,1.87,0.12,Clean Utility Grid Sync (<3% THD)
FORD-PRO-3663,241.4,3.31,2.47,0.54,Clean Utility Grid Sync (<3% THD)
FORD-PRO-3664,239.5,6.9,2.26,0.57,Clean Utility Grid Sync (<3% THD)
FORD-PRO-3665,243.4,7.87,2.57,0.54,Clean Utility Grid Sync (<3% THD)
FORD-PRO-3666,224.4,6.76,2.64,1.09,Clean Utility Grid Sync (<3% THD)
FORD-PRO-3667,240.7,2.94,2.05,0.38,Clean Utility Grid Sync (<3% THD)
FORD-PRO-3668,233.0,5.26,1.97,0.22,Clean Utility Grid Sync (<3% THD)
FORD-PRO-3669,229.4,3.28,1.9,0.06,Clean Utility Grid Sync (<3% THD)
FORD-PRO-3670,246.4,8.06,3.11,0.76,Clean Utility Grid Sync (<3% THD)
FORD-PRO-3671,247.3,4.65,1.93,0.61,Clean Utility Grid Sync (<3% THD)
FORD-PRO-3672,226.7,7.55,2.7,0.6,Clean Utility Grid Sync (<3% THD)
FORD-PRO-3673,229.1,4.14,1.97,1.42,Clean Utility Grid Sync (<3% THD)
FORD-PRO-3674,231.4,6.67,2.37,0.39,Clean Utility Grid Sync (<3% THD)
FORD-PRO-3675,244.6,4.89,1.6,0.37,Clean Utility Grid Sync (<3% THD)
FORD-PRO-3676,232.3,3.65,1.76,0.15,Clean Utility Grid Sync (<3% THD)
FORD-PRO-3677,238.1,4.05,2.19,0.71,Clean Utility Grid Sync (<3% THD)
FORD-PRO-3678,232.0,7.05,2.73,0.94,Clean Utility Grid Sync (<3% THD)
FORD-PRO-3679,232.6,7.53,2.78,0.0,Clean Utility Grid Sync (<3% THD)
FORD-PRO-3680,231.4,4.79,1.76,0.6,Clean Utility Grid Sync (<3% THD)
FORD-PRO-3681,243.0,8.02,2.99,0.7,Clean Utility Grid Sync (<3% THD)
FORD-PRO-3682,243.6,8.21,3.06,0.85,Clean Utility Grid Sync (<3% THD)
FORD-PRO-3683,229.0,2.69,1.19,0.0,Clean Utility Grid Sync (<3% THD)
FORD-PRO-3684,221.7,7.94,2.76,0.37,Clean Utility Grid Sync (<3% THD)
FORD-PRO-3685,220.8,5.57,1.83,1.27,Clean Utility Grid Sync (<3% THD)
FORD-PRO-3686,232.8,7.1,2.61,0.03,Clean Utility Grid Sync (<3% THD)
FORD-PRO-3687,239.6,7.0,2.69,0.06,Clean Utility Grid Sync (<3% THD)
FORD-PRO-3688,223.7,6.42,2.27,0.6,Clean Utility Grid Sync (<3% THD)
FORD-PRO-3689,223.5,8.44,2.78,0.42,Clean Utility Grid Sync (<3% THD)
FORD-PRO-3690,244.3,6.53,1.97,0.03,Clean Utility Grid Sync (<3% THD)
FORD-PRO-3691,228.8,8.28,3.42,0.95,Clean Utility Grid Sync (<3% THD)
FORD-PRO-3692,227.8,9.56,3.07,0.84,Clean Utility Grid Sync (<3% THD)
FORD-PRO-3693,243.8,5.7,2.28,0.16,Clean Utility Grid Sync (<3% THD)
FORD-PRO-3694,241.4,2.96,2.17,0.33,Clean Utility Grid Sync (<3% THD)
FORD-PRO-3695,221.7,4.12,1.85,0.23,Clean Utility Grid Sync (<3% THD)
FORD-PRO-3696,223.2,2.61,1.63,0.61,Clean Utility Grid Sync (<3% THD)
FORD-PRO-3697,231.1,3.54,2.24,0.42,Clean Utility Grid Sync (<3% THD)
FORD-PRO-3698,240.9,6.25,2.04,0.41,Clean Utility Grid Sync (<3% THD)
FORD-PRO-3699,243.3,9.01,2.9,0.24,Clean Utility Grid Sync (<3% THD)
FORD-PRO-3700,224.9,3.68,1.97,0.17,Clean Utility Grid Sync (<3% THD)
FORD-PRO-3701,237.7,4.74,2.36,0.47,Clean Utility Grid Sync (<3% THD)
FORD-PRO-3702,245.4,2.46,1.74,0.8,Clean Utility Grid Sync (<3% THD)
FORD-PRO-3703,242.0,8.49,2.62,0.25,Clean Utility Grid Sync (<3% THD)
FORD-PRO-3704,227.7,4.47,2.09,0.66,Clean Utility Grid Sync (<3% THD)
FORD-PRO-3705,244.5,2.81,1.9,0.53,Clean Utility Grid Sync (<3% THD)
FORD-PRO-3706,231.0,8.5,3.14,0.72,Clean Utility Grid Sync (<3% THD)
FORD-PRO-3707,222.4,6.63,3.02,0.37,Clean Utility Grid Sync (<3% THD)
FORD-PRO-3708,238.5,2.6,1.88,0.3,Clean Utility Grid Sync (<3% THD)
FORD-PRO-3709,238.9,8.27,3.13,0.4,Clean Utility Grid Sync (<3% THD)
FORD-PRO-3710,228.4,6.65,2.31,0.23,Clean Utility Grid Sync (<3% THD)
FORD-PRO-3711,220.9,3.8,2.23,0.63,Clean Utility Grid Sync (<3% THD)
FORD-PRO-3712,221.2,4.11,1.91,1.09,Clean Utility Grid Sync (<3% THD)
FORD-PRO-3713,235.1,5.8,2.28,0.34,Clean Utility Grid Sync (<3% THD)
FORD-PRO-3714,221.5,8.26,2.85,1.52,Clean Utility Grid Sync (<3% THD)
FORD-PRO-3715,245.3,5.89,1.74,0.03,Clean Utility Grid Sync (<3% THD)
FORD-PRO-3716,227.6,3.03,1.4,0.02,Clean Utility Grid Sync (<3% THD)
FORD-PRO-3717,234.6,5.8,2.69,0.32,Clean Utility Grid Sync (<3% THD)
FORD-PRO-3718,225.3,8.9,3.08,1.02,Clean Utility Grid Sync (<3% THD)
FORD-PRO-3719,245.3,6.92,2.19,0.57,Clean Utility Grid Sync (<3% THD)
FORD-PRO-3720,224.3,3.35,1.84,0.53,Clean Utility Grid Sync (<3% THD)
FORD-PRO-3721,225.8,6.5,2.51,0.2,Clean Utility Grid Sync (<3% THD)
FORD-PRO-3722,220.2,8.67,2.8,0.82,Clean Utility Grid Sync (<3% THD)
FORD-PRO-3723,226.2,8.9,3.07,0.05,Clean Utility Grid Sync (<3% THD)
FORD-PRO-3724,242.5,5.67,1.84,0.08,Clean Utility Grid Sync (<3% THD)
FORD-PRO-3725,225.0,9.04,2.95,0.68,Clean Utility Grid Sync (<3% THD)
FORD-PRO-3726,237.7,8.57,2.62,1.4,Clean Utility Grid Sync (<3% THD)
FORD-PRO-3727,228.9,2.7,1.75,0.47,Clean Utility Grid Sync (<3% THD)
FORD-PRO-3728,227.9,3.26,1.69,0.79,Clean Utility Grid Sync (<3% THD)
FORD-PRO-3729,224.0,5.69,1.57,0.24,Clean Utility Grid Sync (<3% THD)
FORD-PRO-3730,225.6,3.13,1.99,0.12,Clean Utility Grid Sync (<3% THD)
FORD-PRO-3731,241.6,3.31,1.81,0.62,Clean Utility Grid Sync (<3% THD)
FORD-PRO-3732,247.9,4.24,2.13,0.23,Clean Utility Grid Sync (<3% THD)
FORD-PRO-3733,242.9,6.55,2.52,0.03,Clean Utility Grid Sync (<3% THD)
FORD-PRO-3734,221.4,5.11,2.4,0.41,Clean Utility Grid Sync (<3% THD)
FORD-PRO-3735,223.5,8.85,2.59,0.11,Clean Utility Grid Sync (<3% THD)
FORD-PRO-3736,225.9,8.63,2.26,0.07,Clean Utility Grid Sync (<3% THD)
FORD-PRO-3737,242.7,7.18,2.56,0.27,Clean Utility Grid Sync (<3% THD)
FORD-PRO-3738,224.3,8.95,2.75,1.1,Clean Utility Grid Sync (<3% THD)
FORD-PRO-3739,224.8,8.75,3.26,0.04,Clean Utility Grid Sync (<3% THD)
FORD-PRO-3740,241.8,5.42,1.93,0.34,Clean Utility Grid Sync (<3% THD)
FORD-PRO-3741,240.7,7.32,2.67,0.61,Clean Utility Grid Sync (<3% THD)
FORD-PRO-3742,239.4,2.63,1.66,0.77,Clean Utility Grid Sync (<3% THD)
FORD-PRO-3743,220.0,8.63,2.61,1.13,Clean Utility Grid Sync (<3% THD)
FORD-PRO-3744,237.7,3.61,1.97,1.36,Clean Utility Grid Sync (<3% THD)
FORD-PRO-3745,224.6,4.7,2.08,0.9,Clean Utility Grid Sync (<3% THD)
FORD-PRO-3746,223.8,5.08,1.93,1.17,Clean Utility Grid Sync (<3% THD)
FORD-PRO-3747,223.0,8.93,3.22,0.49,Clean Utility Grid Sync (<3% THD)
FORD-PRO-3748,221.6,5.83,2.47,0.57,Clean Utility Grid Sync (<3% THD)
FORD-PRO-3749,220.3,8.99,3.07,0.13,Clean Utility Grid Sync (<3% THD)
FORD-PRO-3750,242.7,7.71,2.89,0.24,Clean Utility Grid Sync (<3% THD)
FORD-PRO-3751,233.4,9.37,2.84,0.07,Clean Utility Grid Sync (<3% THD)
FORD-PRO-3752,220.5,9.59,3.18,0.92,Clean Utility Grid Sync (<3% THD)
FORD-PRO-3753,241.7,5.08,1.8,0.61,Clean Utility Grid Sync (<3% THD)
FORD-PRO-3754,222.1,7.74,2.63,0.86,Clean Utility Grid Sync (<3% THD)
FORD-PRO-3755,228.8,2.99,2.12,0.22,Clean Utility Grid Sync (<3% THD)
FORD-PRO-3756,243.7,8.48,2.93,0.5,Clean Utility Grid Sync (<3% THD)
FORD-PRO-3757,232.7,6.74,2.17,0.26,Clean Utility Grid Sync (<3% THD)
FORD-PRO-3758,238.1,7.68,2.62,0.67,Clean Utility Grid Sync (<3% THD)
FORD-PRO-3759,247.4,3.04,1.98,0.44,Clean Utility Grid Sync (<3% THD)
FORD-PRO-3760,240.1,7.53,2.83,0.64,Clean Utility Grid Sync (<3% THD)
FORD-PRO-3761,230.0,7.37,2.34,1.11,Clean Utility Grid Sync (<3% THD)
FORD-PRO-3762,225.4,5.74,2.86,0.56,Clean Utility Grid Sync (<3% THD)
FORD-PRO-3763,240.4,4.09,1.72,0.74,Clean Utility Grid Sync (<3% THD)
FORD-PRO-3764,241.6,4.74,2.4,1.0,Clean Utility Grid Sync (<3% THD)
FORD-PRO-3765,235.9,8.14,3.0,0.11,Clean Utility Grid Sync (<3% THD)
FORD-PRO-3766,235.6,4.18,2.04,0.87,Clean Utility Grid Sync (<3% THD)
FORD-PRO-3767,242.0,3.07,1.37,0.26,Clean Utility Grid Sync (<3% THD)
FORD-PRO-3768,221.9,3.45,2.11,0.16,Clean Utility Grid Sync (<3% THD)
FORD-PRO-3769,227.5,7.69,2.89,0.16,Clean Utility Grid Sync (<3% THD)
FORD-PRO-3770,246.8,3.26,2.49,1.21,Clean Utility Grid Sync (<3% THD)
FORD-PRO-3771,239.8,6.67,2.15,0.45,Clean Utility Grid Sync (<3% THD)
FORD-PRO-3772,225.6,6.12,2.66,0.69,Clean Utility Grid Sync (<3% THD)
FORD-PRO-3773,241.2,6.94,2.74,0.36,Clean Utility Grid Sync (<3% THD)
FORD-PRO-3774,220.6,9.21,2.97,0.27,Clean Utility Grid Sync (<3% THD)
FORD-PRO-3775,241.7,3.71,1.73,0.28,Clean Utility Grid Sync (<3% THD)
FORD-PRO-3776,226.1,2.85,1.25,1.12,Clean Utility Grid Sync (<3% THD)
FORD-PRO-3777,222.5,8.55,3.08,0.34,Clean Utility Grid Sync (<3% THD)
FORD-PRO-3778,222.2,6.56,2.56,0.5,Clean Utility Grid Sync (<3% THD)
FORD-PRO-3779,221.4,6.34,2.43,0.28,Clean Utility Grid Sync (<3% THD)
FORD-PRO-3780,241.6,8.16,2.2,0.54,Clean Utility Grid Sync (<3% THD)
FORD-PRO-3781,230.5,5.31,2.16,0.57,Clean Utility Grid Sync (<3% THD)
FORD-PRO-3782,226.7,3.13,1.37,1.56,Clean Utility Grid Sync (<3% THD)
FORD-PRO-3783,221.3,6.47,2.26,0.25,Clean Utility Grid Sync (<3% THD)
FORD-PRO-3784,227.2,8.68,2.48,0.34,Clean Utility Grid Sync (<3% THD)
FORD-PRO-3785,222.3,3.53,1.86,0.28,Clean Utility Grid Sync (<3% THD)
FORD-PRO-3786,243.4,7.01,2.52,0.71,Clean Utility Grid Sync (<3% THD)
FORD-PRO-3787,231.6,6.31,2.27,1.09,Clean Utility Grid Sync (<3% THD)
FORD-PRO-3788,238.2,4.1,1.9,1.28,Clean Utility Grid Sync (<3% THD)
FORD-PRO-3789,225.6,5.87,2.14,0.47,Clean Utility Grid Sync (<3% THD)
FORD-PRO-3790,232.3,3.0,1.47,1.35,Clean Utility Grid Sync (<3% THD)
FORD-PRO-3791,244.7,9.07,2.35,1.09,Clean Utility Grid Sync (<3% THD)
FORD-PRO-3792,221.9,7.67,2.55,0.19,Clean Utility Grid Sync (<3% THD)
FORD-PRO-3793,226.1,3.92,1.78,1.44,Clean Utility Grid Sync (<3% THD)
FORD-PRO-3794,222.0,4.55,2.23,0.54,Clean Utility Grid Sync (<3% THD)
FORD-PRO-3795,242.2,8.68,2.87,0.73,Clean Utility Grid Sync (<3% THD)
FORD-PRO-3796,226.6,5.25,2.13,0.34,Clean Utility Grid Sync (<3% THD)
FORD-PRO-3797,245.8,6.91,2.5,0.86,Clean Utility Grid Sync (<3% THD)
FORD-PRO-3798,242.3,7.86,2.59,0.2,Clean Utility Grid Sync (<3% THD)
FORD-PRO-3799,242.1,3.0,1.8,0.22,Clean Utility Grid Sync (<3% THD)
