Detection_Event_ID,Road_User_Type,Distance_to_Vehicle_m,Crossing_Speed_m_s,Time_to_Collision_s,Safety_Intervention
VOLVO-VRU-1000,Pedestrian Running,21.3,5.1,1.92,Warning Prompt in Driver Display
VOLVO-VRU-1001,Cyclist Fast,21.2,5.6,1.62,Automatic Emergency Braking (AEB)
VOLVO-VRU-1002,Pedestrian Walking,11.7,4.7,1.03,Automatic Emergency Braking (AEB)
VOLVO-VRU-1003,Pedestrian Walking,7.9,3.1,0.61,Automatic Emergency Braking (AEB)
VOLVO-VRU-1004,Pedestrian Walking,23.0,6.9,1.59,Automatic Emergency Braking (AEB)
VOLVO-VRU-1005,Pedestrian Running,43.8,6.1,3.03,Warning Prompt in Driver Display
VOLVO-VRU-1006,Pedestrian Running,37.1,3.7,3.13,Warning Prompt in Driver Display
VOLVO-VRU-1007,Pedestrian Walking,35.2,3.7,2.97,Warning Prompt in Driver Display
VOLVO-VRU-1008,Cyclist Fast,34.5,5.3,2.81,Warning Prompt in Driver Display
VOLVO-VRU-1009,Pedestrian Walking,37.6,2.5,3.33,Warning Prompt in Driver Display
VOLVO-VRU-1010,Cyclist Fast,39.7,2.2,3.83,Warning Prompt in Driver Display
VOLVO-VRU-1011,Pedestrian Running,31.1,5.3,2.03,Warning Prompt in Driver Display
VOLVO-VRU-1012,Cyclist Fast,24.2,3.1,2.17,Warning Prompt in Driver Display
VOLVO-VRU-1013,Cyclist Fast,26.6,2.5,2.49,Warning Prompt in Driver Display
VOLVO-VRU-1014,Pedestrian Walking,25.6,3.4,2.34,Warning Prompt in Driver Display
VOLVO-VRU-1015,Pedestrian Walking,38.2,2.8,3.3,Warning Prompt in Driver Display
VOLVO-VRU-1016,Pedestrian Running,21.3,7.3,1.05,Automatic Emergency Braking (AEB)
VOLVO-VRU-1017,Pedestrian Running,14.2,4.5,1.08,Automatic Emergency Braking (AEB)
VOLVO-VRU-1018,Pedestrian Walking,7.2,3.9,0.7,Automatic Emergency Braking (AEB)
VOLVO-VRU-1019,Cyclist Fast,43.0,1.6,4.13,Warning Prompt in Driver Display
VOLVO-VRU-1020,Pedestrian Running,28.1,2.0,2.65,Warning Prompt in Driver Display
VOLVO-VRU-1021,E-Scooter Commuter,39.5,6.7,2.57,Warning Prompt in Driver Display
VOLVO-VRU-1022,E-Scooter Commuter,17.1,1.8,1.93,Warning Prompt in Driver Display
VOLVO-VRU-1023,Pedestrian Running,37.5,1.3,3.88,Warning Prompt in Driver Display
VOLVO-VRU-1024,E-Scooter Commuter,7.1,2.0,0.71,Automatic Emergency Braking (AEB)
VOLVO-VRU-1025,E-Scooter Commuter,41.8,5.7,2.96,Warning Prompt in Driver Display
VOLVO-VRU-1026,Pedestrian Walking,24.2,2.8,2.23,Warning Prompt in Driver Display
VOLVO-VRU-1027,Pedestrian Running,36.0,7.0,2.54,Warning Prompt in Driver Display
VOLVO-VRU-1028,Pedestrian Walking,42.6,6.1,2.67,Warning Prompt in Driver Display
VOLVO-VRU-1029,Cyclist Fast,10.4,5.5,0.85,Automatic Emergency Braking (AEB)
VOLVO-VRU-1030,E-Scooter Commuter,25.3,2.6,2.33,Warning Prompt in Driver Display
VOLVO-VRU-1031,E-Scooter Commuter,17.3,3.9,1.8,Warning Prompt in Driver Display
VOLVO-VRU-1032,Cyclist Fast,18.9,2.9,1.51,Automatic Emergency Braking (AEB)
VOLVO-VRU-1033,Cyclist Fast,40.7,2.2,3.86,Warning Prompt in Driver Display
VOLVO-VRU-1034,Pedestrian Walking,30.0,4.5,2.5,Warning Prompt in Driver Display
VOLVO-VRU-1035,Pedestrian Walking,28.6,6.4,1.94,Warning Prompt in Driver Display
VOLVO-VRU-1036,Pedestrian Running,36.6,5.1,2.47,Warning Prompt in Driver Display
VOLVO-VRU-1037,Pedestrian Walking,19.5,1.3,2.07,Warning Prompt in Driver Display
VOLVO-VRU-1038,E-Scooter Commuter,20.0,2.5,1.99,Warning Prompt in Driver Display
VOLVO-VRU-1039,Pedestrian Running,25.9,6.8,2.06,Warning Prompt in Driver Display
VOLVO-VRU-1040,Pedestrian Walking,38.3,2.9,3.47,Warning Prompt in Driver Display
VOLVO-VRU-1041,Pedestrian Walking,6.1,1.5,0.61,Automatic Emergency Braking (AEB)
VOLVO-VRU-1042,Pedestrian Running,18.8,2.1,2.04,Warning Prompt in Driver Display
VOLVO-VRU-1043,E-Scooter Commuter,28.2,2.6,2.07,Warning Prompt in Driver Display
VOLVO-VRU-1044,E-Scooter Commuter,36.4,1.9,3.43,Warning Prompt in Driver Display
VOLVO-VRU-1045,Pedestrian Running,39.3,4.6,2.99,Warning Prompt in Driver Display
VOLVO-VRU-1046,Child Crossing,7.8,3.9,0.6,Automatic Emergency Braking (AEB)
VOLVO-VRU-1047,Pedestrian Running,29.6,3.2,2.17,Warning Prompt in Driver Display
VOLVO-VRU-1048,Cyclist Fast,41.3,6.7,2.67,Warning Prompt in Driver Display
VOLVO-VRU-1049,E-Scooter Commuter,23.1,2.6,2.28,Warning Prompt in Driver Display
VOLVO-VRU-1050,Cyclist Fast,6.6,5.3,0.6,Automatic Emergency Braking (AEB)
VOLVO-VRU-1051,Pedestrian Running,12.7,5.1,0.79,Automatic Emergency Braking (AEB)
VOLVO-VRU-1052,Pedestrian Walking,9.9,5.8,0.61,Automatic Emergency Braking (AEB)
VOLVO-VRU-1053,Pedestrian Walking,40.1,5.3,2.74,Warning Prompt in Driver Display
VOLVO-VRU-1054,Pedestrian Running,28.6,7.1,1.87,Warning Prompt in Driver Display
VOLVO-VRU-1055,E-Scooter Commuter,43.9,2.5,3.96,Warning Prompt in Driver Display
VOLVO-VRU-1056,Pedestrian Running,44.8,3.6,3.71,Warning Prompt in Driver Display
VOLVO-VRU-1057,Pedestrian Walking,11.1,1.3,1.1,Automatic Emergency Braking (AEB)
VOLVO-VRU-1058,Pedestrian Walking,18.5,1.5,1.67,Automatic Emergency Braking (AEB)
VOLVO-VRU-1059,E-Scooter Commuter,20.2,4.4,1.75,Automatic Emergency Braking (AEB)
VOLVO-VRU-1060,Cyclist Fast,40.7,4.0,3.41,Warning Prompt in Driver Display
VOLVO-VRU-1061,Pedestrian Running,27.9,5.4,1.79,Automatic Emergency Braking (AEB)
VOLVO-VRU-1062,Pedestrian Running,38.7,4.6,3.01,Warning Prompt in Driver Display
VOLVO-VRU-1063,Child Crossing,7.4,4.3,0.6,Automatic Emergency Braking (AEB)
VOLVO-VRU-1064,Pedestrian Running,23.2,7.2,1.83,Warning Prompt in Driver Display
VOLVO-VRU-1065,Pedestrian Walking,14.4,5.4,1.05,Automatic Emergency Braking (AEB)
VOLVO-VRU-1066,Pedestrian Walking,33.8,6.4,2.1,Warning Prompt in Driver Display
VOLVO-VRU-1067,E-Scooter Commuter,34.7,3.0,3.44,Warning Prompt in Driver Display
VOLVO-VRU-1068,Cyclist Fast,22.6,2.6,1.77,Automatic Emergency Braking (AEB)
VOLVO-VRU-1069,Pedestrian Walking,31.3,1.4,3.01,Warning Prompt in Driver Display
VOLVO-VRU-1070,Pedestrian Walking,13.2,3.0,1.29,Automatic Emergency Braking (AEB)
VOLVO-VRU-1071,Pedestrian Walking,6.6,1.6,0.72,Automatic Emergency Braking (AEB)
VOLVO-VRU-1072,Pedestrian Running,11.0,1.3,0.96,Automatic Emergency Braking (AEB)
VOLVO-VRU-1073,Pedestrian Walking,37.0,1.7,3.94,Warning Prompt in Driver Display
VOLVO-VRU-1074,Pedestrian Walking,38.2,2.9,3.05,Warning Prompt in Driver Display
VOLVO-VRU-1075,Cyclist Fast,35.1,6.9,2.14,Warning Prompt in Driver Display
VOLVO-VRU-1076,E-Scooter Commuter,21.4,5.8,1.19,Automatic Emergency Braking (AEB)
VOLVO-VRU-1077,Pedestrian Running,9.3,7.2,0.63,Automatic Emergency Braking (AEB)
VOLVO-VRU-1078,Child Crossing,41.3,2.8,3.7,Warning Prompt in Driver Display
VOLVO-VRU-1079,E-Scooter Commuter,36.9,7.3,2.44,Warning Prompt in Driver Display
VOLVO-VRU-1080,Pedestrian Walking,35.3,2.8,3.03,Warning Prompt in Driver Display
VOLVO-VRU-1081,Pedestrian Walking,34.7,5.3,2.54,Warning Prompt in Driver Display
VOLVO-VRU-1082,E-Scooter Commuter,8.0,5.5,0.6,Automatic Emergency Braking (AEB)
VOLVO-VRU-1083,Pedestrian Running,16.6,5.2,1.12,Automatic Emergency Braking (AEB)
VOLVO-VRU-1084,Pedestrian Running,38.2,6.7,2.52,Warning Prompt in Driver Display
VOLVO-VRU-1085,E-Scooter Commuter,39.5,6.9,2.86,Warning Prompt in Driver Display
VOLVO-VRU-1086,E-Scooter Commuter,18.5,6.3,1.18,Automatic Emergency Braking (AEB)
VOLVO-VRU-1087,Cyclist Fast,10.9,1.4,0.95,Automatic Emergency Braking (AEB)
VOLVO-VRU-1088,Pedestrian Running,35.9,4.3,2.68,Warning Prompt in Driver Display
VOLVO-VRU-1089,E-Scooter Commuter,24.4,5.9,1.17,Automatic Emergency Braking (AEB)
VOLVO-VRU-1090,Pedestrian Walking,6.1,6.2,0.6,Automatic Emergency Braking (AEB)
VOLVO-VRU-1091,Pedestrian Walking,26.9,6.8,1.46,Automatic Emergency Braking (AEB)
VOLVO-VRU-1092,Pedestrian Running,42.9,7.1,2.78,Warning Prompt in Driver Display
VOLVO-VRU-1093,Pedestrian Walking,16.7,3.0,1.44,Automatic Emergency Braking (AEB)
VOLVO-VRU-1094,Pedestrian Walking,38.7,3.0,3.41,Warning Prompt in Driver Display
VOLVO-VRU-1095,Pedestrian Walking,13.2,2.0,1.32,Automatic Emergency Braking (AEB)
VOLVO-VRU-1096,E-Scooter Commuter,31.4,1.6,3.18,Warning Prompt in Driver Display
VOLVO-VRU-1097,Pedestrian Walking,13.7,1.3,1.4,Automatic Emergency Braking (AEB)
VOLVO-VRU-1098,Pedestrian Walking,13.4,5.0,0.6,Automatic Emergency Braking (AEB)
VOLVO-VRU-1099,Pedestrian Walking,13.0,5.6,0.84,Automatic Emergency Braking (AEB)
VOLVO-VRU-1100,Pedestrian Walking,24.2,5.2,1.8,Warning Prompt in Driver Display
VOLVO-VRU-1101,Pedestrian Walking,24.9,3.5,2.18,Warning Prompt in Driver Display
VOLVO-VRU-1102,Cyclist Fast,34.4,2.3,3.56,Warning Prompt in Driver Display
VOLVO-VRU-1103,Pedestrian Walking,37.4,6.8,1.99,Warning Prompt in Driver Display
VOLVO-VRU-1104,Pedestrian Walking,21.0,7.1,1.37,Automatic Emergency Braking (AEB)
VOLVO-VRU-1105,E-Scooter Commuter,20.4,1.7,2.27,Warning Prompt in Driver Display
VOLVO-VRU-1106,E-Scooter Commuter,43.5,2.3,3.67,Warning Prompt in Driver Display
VOLVO-VRU-1107,Pedestrian Running,38.2,3.1,3.42,Warning Prompt in Driver Display
VOLVO-VRU-1108,E-Scooter Commuter,19.6,5.3,1.28,Automatic Emergency Braking (AEB)
VOLVO-VRU-1109,Pedestrian Walking,9.2,2.6,0.78,Automatic Emergency Braking (AEB)
VOLVO-VRU-1110,Cyclist Fast,23.5,3.8,1.92,Warning Prompt in Driver Display
VOLVO-VRU-1111,Pedestrian Walking,15.7,2.8,1.18,Automatic Emergency Braking (AEB)
VOLVO-VRU-1112,Pedestrian Walking,40.2,1.6,3.6,Warning Prompt in Driver Display
VOLVO-VRU-1113,Pedestrian Walking,35.0,1.5,3.43,Warning Prompt in Driver Display
VOLVO-VRU-1114,Pedestrian Walking,17.7,3.2,1.67,Automatic Emergency Braking (AEB)
VOLVO-VRU-1115,Pedestrian Walking,17.5,4.6,1.38,Automatic Emergency Braking (AEB)
VOLVO-VRU-1116,Pedestrian Running,8.3,3.6,0.78,Automatic Emergency Braking (AEB)
VOLVO-VRU-1117,Pedestrian Walking,22.5,1.4,2.45,Warning Prompt in Driver Display
VOLVO-VRU-1118,Pedestrian Walking,8.8,5.5,1.06,Automatic Emergency Braking (AEB)
VOLVO-VRU-1119,Cyclist Fast,15.6,4.0,1.42,Automatic Emergency Braking (AEB)
VOLVO-VRU-1120,E-Scooter Commuter,22.3,5.1,1.94,Warning Prompt in Driver Display
VOLVO-VRU-1121,Cyclist Fast,25.8,7.2,1.28,Automatic Emergency Braking (AEB)
VOLVO-VRU-1122,Pedestrian Walking,37.6,7.0,2.56,Warning Prompt in Driver Display
VOLVO-VRU-1123,Pedestrian Running,24.1,4.4,1.53,Automatic Emergency Braking (AEB)
VOLVO-VRU-1124,Cyclist Fast,14.2,6.2,0.94,Automatic Emergency Braking (AEB)
VOLVO-VRU-1125,Pedestrian Running,7.7,6.9,0.84,Automatic Emergency Braking (AEB)
VOLVO-VRU-1126,Cyclist Fast,11.4,1.5,0.98,Automatic Emergency Braking (AEB)
VOLVO-VRU-1127,Pedestrian Walking,26.8,2.1,2.58,Warning Prompt in Driver Display
VOLVO-VRU-1128,Pedestrian Running,33.5,2.2,3.07,Warning Prompt in Driver Display
VOLVO-VRU-1129,Pedestrian Walking,5.3,1.6,0.6,Automatic Emergency Braking (AEB)
VOLVO-VRU-1130,Pedestrian Walking,5.5,5.7,0.6,Automatic Emergency Braking (AEB)
VOLVO-VRU-1131,Child Crossing,11.6,2.3,1.0,Automatic Emergency Braking (AEB)
VOLVO-VRU-1132,Cyclist Fast,23.3,5.1,2.2,Warning Prompt in Driver Display
VOLVO-VRU-1133,Cyclist Fast,11.2,1.1,1.45,Automatic Emergency Braking (AEB)
VOLVO-VRU-1134,Pedestrian Walking,38.2,1.2,4.05,Warning Prompt in Driver Display
VOLVO-VRU-1135,Pedestrian Running,40.0,7.5,2.55,Warning Prompt in Driver Display
VOLVO-VRU-1136,Pedestrian Walking,12.6,6.5,0.98,Automatic Emergency Braking (AEB)
VOLVO-VRU-1137,E-Scooter Commuter,29.8,3.8,2.84,Warning Prompt in Driver Display
VOLVO-VRU-1138,E-Scooter Commuter,40.8,4.2,3.35,Warning Prompt in Driver Display
VOLVO-VRU-1139,Pedestrian Running,9.0,3.5,0.77,Automatic Emergency Braking (AEB)
VOLVO-VRU-1140,Cyclist Fast,27.0,5.1,1.65,Automatic Emergency Braking (AEB)
VOLVO-VRU-1141,Pedestrian Running,6.5,1.6,0.83,Automatic Emergency Braking (AEB)
VOLVO-VRU-1142,Pedestrian Walking,17.7,3.2,1.4,Automatic Emergency Braking (AEB)
VOLVO-VRU-1143,Pedestrian Running,44.7,7.0,2.93,Warning Prompt in Driver Display
VOLVO-VRU-1144,Pedestrian Walking,33.6,3.7,2.97,Warning Prompt in Driver Display
VOLVO-VRU-1145,Cyclist Fast,27.3,6.0,2.01,Warning Prompt in Driver Display
VOLVO-VRU-1146,Pedestrian Walking,15.2,4.0,0.91,Automatic Emergency Braking (AEB)
VOLVO-VRU-1147,Cyclist Fast,44.1,4.1,3.66,Warning Prompt in Driver Display
VOLVO-VRU-1148,Pedestrian Walking,14.8,5.5,1.22,Automatic Emergency Braking (AEB)
VOLVO-VRU-1149,E-Scooter Commuter,5.5,5.2,0.6,Automatic Emergency Braking (AEB)
VOLVO-VRU-1150,Pedestrian Walking,12.9,1.3,1.52,Automatic Emergency Braking (AEB)
VOLVO-VRU-1151,Pedestrian Running,44.3,3.7,3.54,Warning Prompt in Driver Display
VOLVO-VRU-1152,Pedestrian Walking,42.2,4.1,3.53,Warning Prompt in Driver Display
VOLVO-VRU-1153,Pedestrian Walking,9.0,6.7,0.6,Automatic Emergency Braking (AEB)
VOLVO-VRU-1154,Pedestrian Walking,25.6,3.4,1.97,Warning Prompt in Driver Display
VOLVO-VRU-1155,Pedestrian Walking,26.6,6.9,1.81,Warning Prompt in Driver Display
VOLVO-VRU-1156,Pedestrian Walking,22.9,2.5,1.93,Warning Prompt in Driver Display
VOLVO-VRU-1157,Pedestrian Running,12.0,5.4,1.1,Automatic Emergency Braking (AEB)
VOLVO-VRU-1158,Pedestrian Walking,38.1,4.8,2.94,Warning Prompt in Driver Display
VOLVO-VRU-1159,Cyclist Fast,19.8,6.7,1.41,Automatic Emergency Braking (AEB)
VOLVO-VRU-1160,Pedestrian Walking,10.2,4.0,1.02,Automatic Emergency Braking (AEB)
VOLVO-VRU-1161,Pedestrian Walking,15.4,2.9,1.16,Automatic Emergency Braking (AEB)
VOLVO-VRU-1162,Cyclist Fast,27.8,1.5,2.66,Warning Prompt in Driver Display
VOLVO-VRU-1163,Pedestrian Walking,6.0,3.9,0.6,Automatic Emergency Braking (AEB)
VOLVO-VRU-1164,Cyclist Fast,36.7,3.3,3.08,Warning Prompt in Driver Display
VOLVO-VRU-1165,Pedestrian Walking,38.8,6.2,2.62,Warning Prompt in Driver Display
VOLVO-VRU-1166,Pedestrian Running,10.4,1.6,0.84,Automatic Emergency Braking (AEB)
VOLVO-VRU-1167,Pedestrian Walking,30.9,6.2,1.8,Warning Prompt in Driver Display
VOLVO-VRU-1168,Pedestrian Walking,26.6,6.6,2.02,Warning Prompt in Driver Display
VOLVO-VRU-1169,E-Scooter Commuter,16.1,4.5,1.13,Automatic Emergency Braking (AEB)
VOLVO-VRU-1170,Pedestrian Walking,42.1,3.1,3.37,Warning Prompt in Driver Display
VOLVO-VRU-1171,Cyclist Fast,26.0,3.3,2.2,Warning Prompt in Driver Display
VOLVO-VRU-1172,Pedestrian Walking,33.1,4.3,2.58,Warning Prompt in Driver Display
VOLVO-VRU-1173,Pedestrian Running,30.2,1.9,2.87,Warning Prompt in Driver Display
VOLVO-VRU-1174,Pedestrian Walking,29.1,7.2,1.92,Warning Prompt in Driver Display
VOLVO-VRU-1175,Cyclist Fast,17.2,2.0,1.49,Automatic Emergency Braking (AEB)
VOLVO-VRU-1176,Cyclist Fast,25.2,5.1,1.91,Warning Prompt in Driver Display
VOLVO-VRU-1177,Child Crossing,9.3,1.2,1.06,Automatic Emergency Braking (AEB)
VOLVO-VRU-1178,Pedestrian Walking,18.3,1.1,1.78,Automatic Emergency Braking (AEB)
VOLVO-VRU-1179,Cyclist Fast,21.8,5.2,1.67,Automatic Emergency Braking (AEB)
VOLVO-VRU-1180,Cyclist Fast,23.8,5.1,2.1,Warning Prompt in Driver Display
VOLVO-VRU-1181,Pedestrian Running,10.0,5.1,0.6,Automatic Emergency Braking (AEB)
VOLVO-VRU-1182,Pedestrian Walking,22.3,4.0,1.93,Warning Prompt in Driver Display
VOLVO-VRU-1183,Pedestrian Walking,24.6,3.4,2.3,Warning Prompt in Driver Display
VOLVO-VRU-1184,Pedestrian Walking,24.4,4.8,1.95,Warning Prompt in Driver Display
VOLVO-VRU-1185,Pedestrian Walking,15.9,6.4,1.06,Automatic Emergency Braking (AEB)
VOLVO-VRU-1186,Pedestrian Walking,14.0,6.9,1.1,Automatic Emergency Braking (AEB)
VOLVO-VRU-1187,Cyclist Fast,16.7,5.7,0.98,Automatic Emergency Braking (AEB)
VOLVO-VRU-1188,Pedestrian Running,43.3,6.9,2.73,Warning Prompt in Driver Display
VOLVO-VRU-1189,Cyclist Fast,5.8,2.8,0.6,Automatic Emergency Braking (AEB)
VOLVO-VRU-1190,Pedestrian Walking,38.5,6.5,2.61,Warning Prompt in Driver Display
VOLVO-VRU-1191,Pedestrian Walking,17.5,2.1,1.64,Automatic Emergency Braking (AEB)
VOLVO-VRU-1192,E-Scooter Commuter,25.7,4.3,2.1,Warning Prompt in Driver Display
VOLVO-VRU-1193,Pedestrian Walking,6.9,1.8,0.6,Automatic Emergency Braking (AEB)
VOLVO-VRU-1194,Pedestrian Walking,30.4,4.7,2.29,Warning Prompt in Driver Display
VOLVO-VRU-1195,Pedestrian Walking,27.7,3.0,2.54,Warning Prompt in Driver Display
VOLVO-VRU-1196,E-Scooter Commuter,13.2,5.6,0.96,Automatic Emergency Braking (AEB)
VOLVO-VRU-1197,Cyclist Fast,33.6,5.8,2.21,Warning Prompt in Driver Display
VOLVO-VRU-1198,Pedestrian Running,32.2,4.6,2.62,Warning Prompt in Driver Display
VOLVO-VRU-1199,Pedestrian Walking,27.5,3.3,2.12,Warning Prompt in Driver Display
VOLVO-VRU-1200,Pedestrian Walking,30.3,3.3,2.64,Warning Prompt in Driver Display
VOLVO-VRU-1201,Child Crossing,8.5,1.7,0.87,Automatic Emergency Braking (AEB)
VOLVO-VRU-1202,Pedestrian Walking,10.7,2.2,1.16,Automatic Emergency Braking (AEB)
VOLVO-VRU-1203,Pedestrian Walking,7.2,3.0,0.87,Automatic Emergency Braking (AEB)
VOLVO-VRU-1204,Pedestrian Walking,22.4,3.6,1.97,Warning Prompt in Driver Display
VOLVO-VRU-1205,Pedestrian Walking,25.3,4.8,1.68,Automatic Emergency Braking (AEB)
VOLVO-VRU-1206,Pedestrian Walking,23.9,4.1,1.82,Warning Prompt in Driver Display
VOLVO-VRU-1207,Pedestrian Running,22.2,2.7,2.3,Warning Prompt in Driver Display
VOLVO-VRU-1208,Pedestrian Walking,10.6,2.9,0.83,Automatic Emergency Braking (AEB)
VOLVO-VRU-1209,Cyclist Fast,31.0,2.6,3.12,Warning Prompt in Driver Display
VOLVO-VRU-1210,Pedestrian Running,6.5,5.5,0.6,Automatic Emergency Braking (AEB)
VOLVO-VRU-1211,Child Crossing,29.1,1.3,2.9,Warning Prompt in Driver Display
VOLVO-VRU-1212,Pedestrian Walking,38.0,6.6,2.48,Warning Prompt in Driver Display
VOLVO-VRU-1213,Pedestrian Running,27.3,5.5,1.92,Warning Prompt in Driver Display
VOLVO-VRU-1214,Cyclist Fast,8.4,7.2,0.6,Automatic Emergency Braking (AEB)
VOLVO-VRU-1215,Cyclist Fast,16.5,4.5,1.39,Automatic Emergency Braking (AEB)
VOLVO-VRU-1216,Pedestrian Walking,41.5,1.3,4.17,Warning Prompt in Driver Display
VOLVO-VRU-1217,Pedestrian Walking,23.0,4.0,2.05,Warning Prompt in Driver Display
VOLVO-VRU-1218,Child Crossing,34.6,2.3,3.0,Warning Prompt in Driver Display
VOLVO-VRU-1219,Cyclist Fast,42.3,4.4,3.24,Warning Prompt in Driver Display
VOLVO-VRU-1220,Pedestrian Walking,24.8,7.3,1.65,Automatic Emergency Braking (AEB)
VOLVO-VRU-1221,Pedestrian Walking,9.9,3.6,0.72,Automatic Emergency Braking (AEB)
VOLVO-VRU-1222,Child Crossing,16.8,6.2,1.19,Automatic Emergency Braking (AEB)
VOLVO-VRU-1223,Pedestrian Walking,23.9,1.4,2.62,Warning Prompt in Driver Display
VOLVO-VRU-1224,Pedestrian Walking,43.2,5.2,3.15,Warning Prompt in Driver Display
VOLVO-VRU-1225,Pedestrian Walking,24.7,5.7,1.81,Warning Prompt in Driver Display
VOLVO-VRU-1226,Pedestrian Walking,15.7,1.5,1.77,Automatic Emergency Braking (AEB)
VOLVO-VRU-1227,Child Crossing,21.4,3.4,1.41,Automatic Emergency Braking (AEB)
VOLVO-VRU-1228,E-Scooter Commuter,9.9,5.0,0.71,Automatic Emergency Braking (AEB)
VOLVO-VRU-1229,Pedestrian Running,21.3,5.9,1.55,Automatic Emergency Braking (AEB)
VOLVO-VRU-1230,Pedestrian Walking,17.5,6.6,0.81,Automatic Emergency Braking (AEB)
VOLVO-VRU-1231,Pedestrian Running,6.1,6.6,0.6,Automatic Emergency Braking (AEB)
VOLVO-VRU-1232,Pedestrian Walking,17.0,1.7,1.62,Automatic Emergency Braking (AEB)
VOLVO-VRU-1233,Pedestrian Walking,7.9,6.9,0.6,Automatic Emergency Braking (AEB)
VOLVO-VRU-1234,Pedestrian Walking,35.4,1.7,3.25,Warning Prompt in Driver Display
VOLVO-VRU-1235,Child Crossing,8.2,1.4,1.09,Automatic Emergency Braking (AEB)
VOLVO-VRU-1236,Cyclist Fast,38.5,5.4,2.66,Warning Prompt in Driver Display
VOLVO-VRU-1237,Pedestrian Walking,30.7,4.0,2.19,Warning Prompt in Driver Display
VOLVO-VRU-1238,Pedestrian Walking,20.9,7.4,1.11,Automatic Emergency Braking (AEB)
VOLVO-VRU-1239,Cyclist Fast,7.2,5.2,0.6,Automatic Emergency Braking (AEB)
VOLVO-VRU-1240,Pedestrian Running,37.2,3.1,2.72,Warning Prompt in Driver Display
VOLVO-VRU-1241,Pedestrian Walking,38.8,2.6,3.44,Warning Prompt in Driver Display
VOLVO-VRU-1242,Pedestrian Walking,41.0,7.3,2.99,Warning Prompt in Driver Display
VOLVO-VRU-1243,E-Scooter Commuter,22.1,3.8,1.56,Automatic Emergency Braking (AEB)
VOLVO-VRU-1244,Child Crossing,40.1,1.8,3.89,Warning Prompt in Driver Display
VOLVO-VRU-1245,Pedestrian Walking,33.4,1.3,3.42,Warning Prompt in Driver Display
VOLVO-VRU-1246,E-Scooter Commuter,25.3,1.9,2.57,Warning Prompt in Driver Display
VOLVO-VRU-1247,Pedestrian Walking,25.3,2.6,2.5,Warning Prompt in Driver Display
VOLVO-VRU-1248,Pedestrian Running,26.9,1.3,2.72,Warning Prompt in Driver Display
VOLVO-VRU-1249,Pedestrian Walking,18.9,6.5,0.9,Automatic Emergency Braking (AEB)
VOLVO-VRU-1250,Pedestrian Walking,20.5,2.2,2.18,Warning Prompt in Driver Display
VOLVO-VRU-1251,Pedestrian Walking,9.8,5.3,0.6,Automatic Emergency Braking (AEB)
VOLVO-VRU-1252,E-Scooter Commuter,22.9,4.6,2.12,Warning Prompt in Driver Display
VOLVO-VRU-1253,Child Crossing,28.2,7.5,1.5,Automatic Emergency Braking (AEB)
VOLVO-VRU-1254,Pedestrian Walking,21.5,6.2,1.49,Automatic Emergency Braking (AEB)
VOLVO-VRU-1255,Pedestrian Running,30.4,5.9,2.12,Warning Prompt in Driver Display
VOLVO-VRU-1256,E-Scooter Commuter,45.0,4.2,3.65,Warning Prompt in Driver Display
VOLVO-VRU-1257,Pedestrian Walking,8.3,6.3,0.6,Automatic Emergency Braking (AEB)
VOLVO-VRU-1258,E-Scooter Commuter,39.2,1.2,4.14,Warning Prompt in Driver Display
VOLVO-VRU-1259,Pedestrian Walking,13.2,3.6,1.24,Automatic Emergency Braking (AEB)
VOLVO-VRU-1260,Pedestrian Walking,44.1,4.7,3.29,Warning Prompt in Driver Display
VOLVO-VRU-1261,Pedestrian Running,35.9,3.0,2.95,Warning Prompt in Driver Display
VOLVO-VRU-1262,Pedestrian Running,39.5,4.5,2.75,Warning Prompt in Driver Display
VOLVO-VRU-1263,Pedestrian Walking,31.1,6.1,2.32,Warning Prompt in Driver Display
VOLVO-VRU-1264,Child Crossing,5.8,5.2,0.6,Automatic Emergency Braking (AEB)
VOLVO-VRU-1265,Pedestrian Running,26.8,6.6,1.95,Warning Prompt in Driver Display
VOLVO-VRU-1266,Child Crossing,19.6,4.6,1.64,Automatic Emergency Braking (AEB)
VOLVO-VRU-1267,Pedestrian Walking,9.1,5.3,0.75,Automatic Emergency Braking (AEB)
VOLVO-VRU-1268,Pedestrian Running,16.3,1.4,1.47,Automatic Emergency Braking (AEB)
VOLVO-VRU-1269,Pedestrian Walking,10.3,5.5,0.6,Automatic Emergency Braking (AEB)
VOLVO-VRU-1270,Child Crossing,36.2,5.9,2.76,Warning Prompt in Driver Display
VOLVO-VRU-1271,Pedestrian Walking,35.4,2.3,3.29,Warning Prompt in Driver Display
VOLVO-VRU-1272,Pedestrian Walking,25.9,1.6,2.59,Warning Prompt in Driver Display
VOLVO-VRU-1273,Pedestrian Walking,36.9,6.7,2.83,Warning Prompt in Driver Display
VOLVO-VRU-1274,Pedestrian Walking,9.2,4.4,0.96,Automatic Emergency Braking (AEB)
VOLVO-VRU-1275,Pedestrian Walking,33.7,2.0,2.95,Warning Prompt in Driver Display
VOLVO-VRU-1276,E-Scooter Commuter,8.5,6.5,0.6,Automatic Emergency Braking (AEB)
VOLVO-VRU-1277,Pedestrian Running,42.5,1.8,3.69,Warning Prompt in Driver Display
VOLVO-VRU-1278,Cyclist Fast,30.4,1.7,2.89,Warning Prompt in Driver Display
VOLVO-VRU-1279,Cyclist Fast,20.4,6.2,1.53,Automatic Emergency Braking (AEB)
VOLVO-VRU-1280,Pedestrian Walking,41.8,2.4,3.88,Warning Prompt in Driver Display
VOLVO-VRU-1281,Pedestrian Walking,25.8,4.0,2.12,Warning Prompt in Driver Display
VOLVO-VRU-1282,Pedestrian Running,32.0,5.3,2.45,Warning Prompt in Driver Display
VOLVO-VRU-1283,Child Crossing,41.6,1.4,3.98,Warning Prompt in Driver Display
VOLVO-VRU-1284,Pedestrian Walking,17.4,7.2,1.24,Automatic Emergency Braking (AEB)
VOLVO-VRU-1285,Cyclist Fast,38.3,7.5,2.4,Warning Prompt in Driver Display
VOLVO-VRU-1286,Cyclist Fast,7.9,6.5,0.6,Automatic Emergency Braking (AEB)
VOLVO-VRU-1287,Pedestrian Walking,38.3,3.8,3.13,Warning Prompt in Driver Display
VOLVO-VRU-1288,Pedestrian Walking,31.3,2.7,2.92,Warning Prompt in Driver Display
VOLVO-VRU-1289,Pedestrian Walking,27.5,3.5,2.39,Warning Prompt in Driver Display
VOLVO-VRU-1290,Cyclist Fast,17.0,4.2,1.22,Automatic Emergency Braking (AEB)
VOLVO-VRU-1291,Pedestrian Running,34.7,2.7,3.28,Warning Prompt in Driver Display
VOLVO-VRU-1292,Pedestrian Walking,35.7,2.9,3.26,Warning Prompt in Driver Display
VOLVO-VRU-1293,Pedestrian Walking,17.6,4.1,1.18,Automatic Emergency Braking (AEB)
VOLVO-VRU-1294,Cyclist Fast,9.0,5.5,0.78,Automatic Emergency Braking (AEB)
VOLVO-VRU-1295,Child Crossing,34.8,6.9,2.74,Warning Prompt in Driver Display
VOLVO-VRU-1296,Cyclist Fast,38.3,3.9,3.13,Warning Prompt in Driver Display
VOLVO-VRU-1297,Pedestrian Walking,22.7,4.7,2.02,Warning Prompt in Driver Display
VOLVO-VRU-1298,Pedestrian Walking,14.3,1.6,1.01,Automatic Emergency Braking (AEB)
VOLVO-VRU-1299,Pedestrian Walking,19.6,5.7,1.14,Automatic Emergency Braking (AEB)
VOLVO-VRU-1300,Pedestrian Running,5.8,5.9,0.6,Automatic Emergency Braking (AEB)
VOLVO-VRU-1301,E-Scooter Commuter,34.7,2.9,2.98,Warning Prompt in Driver Display
VOLVO-VRU-1302,Pedestrian Walking,8.3,4.8,0.87,Automatic Emergency Braking (AEB)
VOLVO-VRU-1303,Pedestrian Walking,11.3,2.2,1.47,Automatic Emergency Braking (AEB)
VOLVO-VRU-1304,Pedestrian Running,32.0,6.2,2.18,Warning Prompt in Driver Display
VOLVO-VRU-1305,Pedestrian Walking,32.1,3.8,2.57,Warning Prompt in Driver Display
VOLVO-VRU-1306,E-Scooter Commuter,9.3,6.6,0.76,Automatic Emergency Braking (AEB)
VOLVO-VRU-1307,E-Scooter Commuter,35.8,6.8,2.33,Warning Prompt in Driver Display
VOLVO-VRU-1308,Pedestrian Walking,7.1,2.2,0.6,Automatic Emergency Braking (AEB)
VOLVO-VRU-1309,Cyclist Fast,36.2,5.9,2.53,Warning Prompt in Driver Display
VOLVO-VRU-1310,E-Scooter Commuter,39.2,4.7,3.08,Warning Prompt in Driver Display
VOLVO-VRU-1311,Pedestrian Walking,25.8,7.1,1.67,Automatic Emergency Braking (AEB)
VOLVO-VRU-1312,Pedestrian Walking,14.0,3.5,1.19,Automatic Emergency Braking (AEB)
VOLVO-VRU-1313,Pedestrian Walking,30.0,4.3,2.21,Warning Prompt in Driver Display
VOLVO-VRU-1314,Pedestrian Running,27.7,2.1,2.68,Warning Prompt in Driver Display
VOLVO-VRU-1315,E-Scooter Commuter,41.9,1.8,4.12,Warning Prompt in Driver Display
VOLVO-VRU-1316,Pedestrian Running,20.8,3.8,1.65,Automatic Emergency Braking (AEB)
VOLVO-VRU-1317,E-Scooter Commuter,22.6,1.4,2.53,Warning Prompt in Driver Display
VOLVO-VRU-1318,Cyclist Fast,41.4,2.5,3.84,Warning Prompt in Driver Display
VOLVO-VRU-1319,Pedestrian Walking,41.3,2.1,4.13,Warning Prompt in Driver Display
VOLVO-VRU-1320,Pedestrian Walking,16.0,2.4,1.41,Automatic Emergency Braking (AEB)
VOLVO-VRU-1321,Cyclist Fast,30.4,6.9,1.87,Warning Prompt in Driver Display
VOLVO-VRU-1322,E-Scooter Commuter,25.0,1.7,2.61,Warning Prompt in Driver Display
VOLVO-VRU-1323,Pedestrian Running,42.6,6.3,2.96,Warning Prompt in Driver Display
VOLVO-VRU-1324,Pedestrian Walking,6.9,4.2,0.76,Automatic Emergency Braking (AEB)
VOLVO-VRU-1325,Pedestrian Walking,20.7,2.6,1.91,Warning Prompt in Driver Display
VOLVO-VRU-1326,Pedestrian Walking,11.7,1.1,1.25,Automatic Emergency Braking (AEB)
VOLVO-VRU-1327,Child Crossing,32.7,4.6,2.27,Warning Prompt in Driver Display
VOLVO-VRU-1328,Pedestrian Walking,6.0,7.0,0.6,Automatic Emergency Braking (AEB)
VOLVO-VRU-1329,Child Crossing,10.9,6.4,0.6,Automatic Emergency Braking (AEB)
VOLVO-VRU-1330,Cyclist Fast,34.2,3.2,3.2,Warning Prompt in Driver Display
VOLVO-VRU-1331,Pedestrian Walking,23.3,6.3,1.72,Automatic Emergency Braking (AEB)
VOLVO-VRU-1332,Cyclist Fast,18.6,3.5,1.97,Warning Prompt in Driver Display
VOLVO-VRU-1333,Pedestrian Running,27.0,7.1,1.66,Automatic Emergency Braking (AEB)
VOLVO-VRU-1334,Pedestrian Walking,20.8,5.6,1.38,Automatic Emergency Braking (AEB)
VOLVO-VRU-1335,Cyclist Fast,24.8,5.0,1.92,Warning Prompt in Driver Display
VOLVO-VRU-1336,Pedestrian Walking,23.1,2.8,1.8,Warning Prompt in Driver Display
VOLVO-VRU-1337,Pedestrian Walking,21.7,6.3,1.47,Automatic Emergency Braking (AEB)
VOLVO-VRU-1338,Pedestrian Walking,37.1,4.5,2.93,Warning Prompt in Driver Display
VOLVO-VRU-1339,Pedestrian Running,26.2,5.2,2.04,Warning Prompt in Driver Display
VOLVO-VRU-1340,Cyclist Fast,26.6,2.1,2.31,Warning Prompt in Driver Display
VOLVO-VRU-1341,Cyclist Fast,29.5,3.7,2.8,Warning Prompt in Driver Display
VOLVO-VRU-1342,Pedestrian Walking,9.2,1.6,0.84,Automatic Emergency Braking (AEB)
VOLVO-VRU-1343,Pedestrian Running,38.3,5.9,2.56,Warning Prompt in Driver Display
VOLVO-VRU-1344,Pedestrian Walking,35.4,2.2,3.61,Warning Prompt in Driver Display
VOLVO-VRU-1345,Pedestrian Walking,7.3,4.3,0.68,Automatic Emergency Braking (AEB)
VOLVO-VRU-1346,E-Scooter Commuter,31.2,1.7,2.93,Warning Prompt in Driver Display
VOLVO-VRU-1347,Pedestrian Walking,8.3,1.1,1.23,Automatic Emergency Braking (AEB)
VOLVO-VRU-1348,E-Scooter Commuter,23.2,5.9,1.37,Automatic Emergency Braking (AEB)
VOLVO-VRU-1349,Pedestrian Walking,5.5,2.1,0.64,Automatic Emergency Braking (AEB)
VOLVO-VRU-1350,Cyclist Fast,8.8,5.7,0.6,Automatic Emergency Braking (AEB)
VOLVO-VRU-1351,Pedestrian Walking,42.2,7.0,2.42,Warning Prompt in Driver Display
VOLVO-VRU-1352,Pedestrian Walking,27.1,5.5,1.99,Warning Prompt in Driver Display
VOLVO-VRU-1353,E-Scooter Commuter,8.5,4.8,0.75,Automatic Emergency Braking (AEB)
VOLVO-VRU-1354,Pedestrian Walking,27.6,7.1,1.81,Warning Prompt in Driver Display
VOLVO-VRU-1355,Pedestrian Walking,35.8,7.3,2.46,Warning Prompt in Driver Display
VOLVO-VRU-1356,Cyclist Fast,35.6,4.5,2.78,Warning Prompt in Driver Display
VOLVO-VRU-1357,Cyclist Fast,31.4,4.0,2.49,Warning Prompt in Driver Display
VOLVO-VRU-1358,Pedestrian Walking,38.6,3.2,3.22,Warning Prompt in Driver Display
VOLVO-VRU-1359,E-Scooter Commuter,32.3,4.6,2.28,Warning Prompt in Driver Display
VOLVO-VRU-1360,Child Crossing,33.2,5.3,2.16,Warning Prompt in Driver Display
VOLVO-VRU-1361,Pedestrian Walking,34.8,4.1,2.89,Warning Prompt in Driver Display
VOLVO-VRU-1362,Pedestrian Walking,43.8,5.4,3.16,Warning Prompt in Driver Display
VOLVO-VRU-1363,Pedestrian Walking,28.4,4.0,2.17,Warning Prompt in Driver Display
VOLVO-VRU-1364,Cyclist Fast,11.3,1.8,1.39,Automatic Emergency Braking (AEB)
VOLVO-VRU-1365,E-Scooter Commuter,13.7,2.0,1.3,Automatic Emergency Braking (AEB)
VOLVO-VRU-1366,Child Crossing,11.7,3.8,1.14,Automatic Emergency Braking (AEB)
VOLVO-VRU-1367,Pedestrian Walking,7.7,2.8,0.7,Automatic Emergency Braking (AEB)
VOLVO-VRU-1368,Cyclist Fast,18.3,5.6,1.28,Automatic Emergency Braking (AEB)
VOLVO-VRU-1369,Pedestrian Running,33.6,3.1,2.94,Warning Prompt in Driver Display
VOLVO-VRU-1370,Cyclist Fast,18.8,5.6,1.27,Automatic Emergency Braking (AEB)
VOLVO-VRU-1371,Pedestrian Walking,24.4,2.4,2.03,Warning Prompt in Driver Display
VOLVO-VRU-1372,Pedestrian Running,28.6,2.7,2.89,Warning Prompt in Driver Display
VOLVO-VRU-1373,E-Scooter Commuter,8.5,2.9,0.76,Automatic Emergency Braking (AEB)
VOLVO-VRU-1374,Cyclist Fast,34.4,3.7,2.89,Warning Prompt in Driver Display
VOLVO-VRU-1375,Cyclist Fast,26.3,2.3,2.37,Warning Prompt in Driver Display
VOLVO-VRU-1376,Pedestrian Walking,39.9,4.7,2.91,Warning Prompt in Driver Display
VOLVO-VRU-1377,Pedestrian Walking,38.6,1.4,4.09,Warning Prompt in Driver Display
VOLVO-VRU-1378,E-Scooter Commuter,25.9,1.9,2.38,Warning Prompt in Driver Display
VOLVO-VRU-1379,Pedestrian Walking,23.5,3.0,2.01,Warning Prompt in Driver Display
VOLVO-VRU-1380,Pedestrian Walking,5.3,7.4,0.6,Automatic Emergency Braking (AEB)
VOLVO-VRU-1381,Pedestrian Walking,31.6,2.4,2.9,Warning Prompt in Driver Display
VOLVO-VRU-1382,Pedestrian Walking,18.5,1.2,1.75,Automatic Emergency Braking (AEB)
VOLVO-VRU-1383,Pedestrian Walking,32.5,3.8,2.45,Warning Prompt in Driver Display
VOLVO-VRU-1384,Pedestrian Walking,37.7,5.5,2.79,Warning Prompt in Driver Display
VOLVO-VRU-1385,Pedestrian Walking,42.0,2.0,3.97,Warning Prompt in Driver Display
VOLVO-VRU-1386,Cyclist Fast,23.0,1.4,2.39,Warning Prompt in Driver Display
VOLVO-VRU-1387,Pedestrian Walking,11.4,3.4,0.9,Automatic Emergency Braking (AEB)
VOLVO-VRU-1388,Cyclist Fast,25.8,7.2,1.85,Warning Prompt in Driver Display
VOLVO-VRU-1389,Pedestrian Walking,43.6,5.9,3.1,Warning Prompt in Driver Display
VOLVO-VRU-1390,Pedestrian Walking,18.8,7.1,1.1,Automatic Emergency Braking (AEB)
VOLVO-VRU-1391,Pedestrian Walking,21.4,4.4,1.76,Automatic Emergency Braking (AEB)
VOLVO-VRU-1392,Pedestrian Walking,43.5,3.6,3.87,Warning Prompt in Driver Display
VOLVO-VRU-1393,Cyclist Fast,6.4,5.1,0.84,Automatic Emergency Braking (AEB)
VOLVO-VRU-1394,Pedestrian Walking,39.0,1.6,3.79,Warning Prompt in Driver Display
VOLVO-VRU-1395,E-Scooter Commuter,32.2,4.1,2.69,Warning Prompt in Driver Display
VOLVO-VRU-1396,Pedestrian Walking,37.1,1.6,3.64,Warning Prompt in Driver Display
VOLVO-VRU-1397,Pedestrian Walking,42.6,5.3,3.14,Warning Prompt in Driver Display
VOLVO-VRU-1398,Child Crossing,27.7,4.9,1.88,Warning Prompt in Driver Display
VOLVO-VRU-1399,Pedestrian Running,31.6,3.3,2.66,Warning Prompt in Driver Display
VOLVO-VRU-1400,Pedestrian Walking,32.1,3.7,2.68,Warning Prompt in Driver Display
VOLVO-VRU-1401,Cyclist Fast,27.6,1.2,3.0,Warning Prompt in Driver Display
VOLVO-VRU-1402,Pedestrian Walking,38.0,6.9,2.79,Warning Prompt in Driver Display
VOLVO-VRU-1403,Pedestrian Walking,44.5,3.9,3.85,Warning Prompt in Driver Display
VOLVO-VRU-1404,Pedestrian Running,29.3,5.5,1.98,Warning Prompt in Driver Display
VOLVO-VRU-1405,E-Scooter Commuter,30.9,7.0,1.85,Warning Prompt in Driver Display
VOLVO-VRU-1406,Pedestrian Walking,8.7,7.4,0.6,Automatic Emergency Braking (AEB)
VOLVO-VRU-1407,Pedestrian Walking,34.7,5.4,2.66,Warning Prompt in Driver Display
VOLVO-VRU-1408,Cyclist Fast,31.7,1.9,3.02,Warning Prompt in Driver Display
VOLVO-VRU-1409,E-Scooter Commuter,23.7,7.1,1.46,Automatic Emergency Braking (AEB)
VOLVO-VRU-1410,Pedestrian Running,13.3,3.6,0.98,Automatic Emergency Braking (AEB)
VOLVO-VRU-1411,Pedestrian Walking,11.1,3.5,0.94,Automatic Emergency Braking (AEB)
VOLVO-VRU-1412,E-Scooter Commuter,8.7,4.1,0.69,Automatic Emergency Braking (AEB)
VOLVO-VRU-1413,Pedestrian Walking,15.5,2.2,1.68,Automatic Emergency Braking (AEB)
VOLVO-VRU-1414,Pedestrian Walking,6.5,4.9,0.6,Automatic Emergency Braking (AEB)
VOLVO-VRU-1415,Pedestrian Walking,27.3,3.0,2.16,Warning Prompt in Driver Display
VOLVO-VRU-1416,Pedestrian Walking,26.1,3.2,1.87,Warning Prompt in Driver Display
VOLVO-VRU-1417,Pedestrian Running,21.1,3.4,1.99,Warning Prompt in Driver Display
VOLVO-VRU-1418,Cyclist Fast,15.8,4.3,1.09,Automatic Emergency Braking (AEB)
VOLVO-VRU-1419,Cyclist Fast,9.3,4.1,0.87,Automatic Emergency Braking (AEB)
VOLVO-VRU-1420,Pedestrian Walking,11.5,1.2,0.96,Automatic Emergency Braking (AEB)
VOLVO-VRU-1421,E-Scooter Commuter,8.7,2.0,0.94,Automatic Emergency Braking (AEB)
VOLVO-VRU-1422,Pedestrian Walking,29.4,7.1,1.99,Warning Prompt in Driver Display
VOLVO-VRU-1423,Child Crossing,6.7,5.6,0.6,Automatic Emergency Braking (AEB)
VOLVO-VRU-1424,Pedestrian Walking,36.7,3.9,3.2,Warning Prompt in Driver Display
VOLVO-VRU-1425,Cyclist Fast,26.6,6.6,1.72,Automatic Emergency Braking (AEB)
VOLVO-VRU-1426,Pedestrian Walking,12.6,4.1,1.13,Automatic Emergency Braking (AEB)
VOLVO-VRU-1427,Pedestrian Walking,39.9,6.9,2.67,Warning Prompt in Driver Display
VOLVO-VRU-1428,Cyclist Fast,13.9,1.6,1.51,Automatic Emergency Braking (AEB)
VOLVO-VRU-1429,Child Crossing,39.2,5.2,2.74,Warning Prompt in Driver Display
VOLVO-VRU-1430,Pedestrian Walking,14.9,3.6,1.64,Automatic Emergency Braking (AEB)
VOLVO-VRU-1431,Cyclist Fast,27.1,4.2,2.26,Warning Prompt in Driver Display
VOLVO-VRU-1432,Pedestrian Walking,9.8,2.9,0.78,Automatic Emergency Braking (AEB)
VOLVO-VRU-1433,Pedestrian Running,8.7,5.1,0.79,Automatic Emergency Braking (AEB)
VOLVO-VRU-1434,Pedestrian Walking,6.2,4.6,0.6,Automatic Emergency Braking (AEB)
VOLVO-VRU-1435,Pedestrian Walking,20.8,6.4,1.34,Automatic Emergency Braking (AEB)
VOLVO-VRU-1436,Pedestrian Running,26.2,1.6,2.73,Warning Prompt in Driver Display
VOLVO-VRU-1437,Pedestrian Walking,16.5,1.5,1.76,Automatic Emergency Braking (AEB)
VOLVO-VRU-1438,Pedestrian Walking,32.7,6.7,2.32,Warning Prompt in Driver Display
VOLVO-VRU-1439,E-Scooter Commuter,37.9,2.5,3.59,Warning Prompt in Driver Display
VOLVO-VRU-1440,Pedestrian Running,26.9,2.0,2.5,Warning Prompt in Driver Display
VOLVO-VRU-1441,Pedestrian Walking,12.0,7.4,0.73,Automatic Emergency Braking (AEB)
VOLVO-VRU-1442,Child Crossing,27.7,5.2,2.11,Warning Prompt in Driver Display
VOLVO-VRU-1443,Pedestrian Walking,18.9,5.3,1.14,Automatic Emergency Braking (AEB)
VOLVO-VRU-1444,Pedestrian Walking,28.4,6.8,1.89,Warning Prompt in Driver Display
VOLVO-VRU-1445,Pedestrian Walking,11.4,7.3,0.6,Automatic Emergency Braking (AEB)
VOLVO-VRU-1446,E-Scooter Commuter,18.6,5.9,1.12,Automatic Emergency Braking (AEB)
VOLVO-VRU-1447,Cyclist Fast,26.9,7.5,1.32,Automatic Emergency Braking (AEB)
VOLVO-VRU-1448,Pedestrian Walking,28.6,1.6,3.03,Warning Prompt in Driver Display
VOLVO-VRU-1449,Cyclist Fast,23.2,5.1,1.78,Automatic Emergency Braking (AEB)
VOLVO-VRU-1450,Pedestrian Walking,13.0,1.4,1.51,Automatic Emergency Braking (AEB)
VOLVO-VRU-1451,Pedestrian Running,33.2,2.5,2.91,Warning Prompt in Driver Display
VOLVO-VRU-1452,Child Crossing,11.1,4.5,0.7,Automatic Emergency Braking (AEB)
VOLVO-VRU-1453,Child Crossing,21.2,4.5,1.42,Automatic Emergency Braking (AEB)
VOLVO-VRU-1454,Cyclist Fast,25.6,1.4,2.93,Warning Prompt in Driver Display
VOLVO-VRU-1455,E-Scooter Commuter,14.1,3.6,1.34,Automatic Emergency Braking (AEB)
VOLVO-VRU-1456,Pedestrian Walking,11.0,4.2,0.99,Automatic Emergency Braking (AEB)
VOLVO-VRU-1457,Pedestrian Walking,33.8,3.1,2.84,Warning Prompt in Driver Display
VOLVO-VRU-1458,Cyclist Fast,27.0,2.2,2.85,Warning Prompt in Driver Display
VOLVO-VRU-1459,Pedestrian Walking,22.7,7.5,1.35,Automatic Emergency Braking (AEB)
VOLVO-VRU-1460,Pedestrian Running,40.3,1.9,4.01,Warning Prompt in Driver Display
VOLVO-VRU-1461,E-Scooter Commuter,25.5,4.1,2.03,Warning Prompt in Driver Display
VOLVO-VRU-1462,E-Scooter Commuter,44.7,1.9,4.15,Warning Prompt in Driver Display
VOLVO-VRU-1463,Cyclist Fast,16.5,2.1,1.57,Automatic Emergency Braking (AEB)
VOLVO-VRU-1464,E-Scooter Commuter,5.2,7.1,0.6,Automatic Emergency Braking (AEB)
VOLVO-VRU-1465,Pedestrian Running,7.8,2.7,0.63,Automatic Emergency Braking (AEB)
VOLVO-VRU-1466,Cyclist Fast,6.5,5.3,0.6,Automatic Emergency Braking (AEB)
VOLVO-VRU-1467,E-Scooter Commuter,7.4,1.2,0.73,Automatic Emergency Braking (AEB)
VOLVO-VRU-1468,Pedestrian Walking,41.8,1.4,4.41,Warning Prompt in Driver Display
VOLVO-VRU-1469,Child Crossing,17.8,2.0,1.7,Automatic Emergency Braking (AEB)
VOLVO-VRU-1470,Child Crossing,6.6,2.9,0.6,Automatic Emergency Braking (AEB)
VOLVO-VRU-1471,Pedestrian Walking,8.0,4.5,0.6,Automatic Emergency Braking (AEB)
VOLVO-VRU-1472,Child Crossing,7.1,6.9,1.11,Automatic Emergency Braking (AEB)
VOLVO-VRU-1473,Pedestrian Walking,12.0,6.1,0.92,Automatic Emergency Braking (AEB)
VOLVO-VRU-1474,Pedestrian Walking,5.5,5.1,0.6,Automatic Emergency Braking (AEB)
VOLVO-VRU-1475,Pedestrian Running,42.7,5.7,2.99,Warning Prompt in Driver Display
VOLVO-VRU-1476,Pedestrian Running,27.5,2.1,2.78,Warning Prompt in Driver Display
VOLVO-VRU-1477,Pedestrian Walking,38.0,6.5,2.51,Warning Prompt in Driver Display
VOLVO-VRU-1478,Child Crossing,43.9,5.3,3.04,Warning Prompt in Driver Display
VOLVO-VRU-1479,Pedestrian Walking,17.3,6.3,1.71,Automatic Emergency Braking (AEB)
VOLVO-VRU-1480,Pedestrian Walking,22.0,6.7,1.67,Automatic Emergency Braking (AEB)
VOLVO-VRU-1481,Pedestrian Walking,15.3,6.1,0.9,Automatic Emergency Braking (AEB)
VOLVO-VRU-1482,Pedestrian Running,10.2,3.1,0.6,Automatic Emergency Braking (AEB)
VOLVO-VRU-1483,Cyclist Fast,14.1,4.5,1.25,Automatic Emergency Braking (AEB)
VOLVO-VRU-1484,Pedestrian Walking,16.8,7.2,1.14,Automatic Emergency Braking (AEB)
VOLVO-VRU-1485,Pedestrian Walking,21.8,4.9,1.87,Warning Prompt in Driver Display
VOLVO-VRU-1486,Cyclist Fast,9.0,3.5,1.26,Automatic Emergency Braking (AEB)
VOLVO-VRU-1487,Cyclist Fast,44.5,3.5,3.71,Warning Prompt in Driver Display
VOLVO-VRU-1488,Pedestrian Walking,7.7,2.1,0.92,Automatic Emergency Braking (AEB)
VOLVO-VRU-1489,Cyclist Fast,19.1,4.7,1.5,Automatic Emergency Braking (AEB)
VOLVO-VRU-1490,Pedestrian Walking,19.1,1.8,1.91,Warning Prompt in Driver Display
VOLVO-VRU-1491,Pedestrian Walking,14.4,7.3,0.99,Automatic Emergency Braking (AEB)
VOLVO-VRU-1492,Pedestrian Running,5.8,1.8,0.66,Automatic Emergency Braking (AEB)
VOLVO-VRU-1493,Child Crossing,27.4,3.7,2.46,Warning Prompt in Driver Display
VOLVO-VRU-1494,Pedestrian Running,6.7,5.3,0.6,Automatic Emergency Braking (AEB)
VOLVO-VRU-1495,Pedestrian Running,44.2,7.1,2.99,Warning Prompt in Driver Display
VOLVO-VRU-1496,Pedestrian Walking,34.2,3.2,2.85,Warning Prompt in Driver Display
VOLVO-VRU-1497,Pedestrian Walking,43.2,2.7,4.04,Warning Prompt in Driver Display
VOLVO-VRU-1498,Pedestrian Running,33.1,2.5,2.78,Warning Prompt in Driver Display
VOLVO-VRU-1499,Pedestrian Walking,14.7,2.1,1.16,Automatic Emergency Braking (AEB)
VOLVO-VRU-1500,Child Crossing,31.4,2.5,2.78,Warning Prompt in Driver Display
VOLVO-VRU-1501,Pedestrian Walking,38.7,4.8,2.68,Warning Prompt in Driver Display
VOLVO-VRU-1502,Pedestrian Walking,16.9,4.6,1.39,Automatic Emergency Braking (AEB)
VOLVO-VRU-1503,Pedestrian Walking,31.8,5.6,2.24,Warning Prompt in Driver Display
VOLVO-VRU-1504,E-Scooter Commuter,26.1,3.7,2.28,Warning Prompt in Driver Display
VOLVO-VRU-1505,Cyclist Fast,11.1,1.6,0.96,Automatic Emergency Braking (AEB)
VOLVO-VRU-1506,Pedestrian Walking,42.4,4.6,3.04,Warning Prompt in Driver Display
VOLVO-VRU-1507,Pedestrian Walking,21.2,4.2,1.68,Automatic Emergency Braking (AEB)
VOLVO-VRU-1508,Child Crossing,29.1,5.7,2.08,Warning Prompt in Driver Display
VOLVO-VRU-1509,Pedestrian Walking,32.1,1.4,3.38,Warning Prompt in Driver Display
VOLVO-VRU-1510,Pedestrian Walking,11.6,6.6,0.65,Automatic Emergency Braking (AEB)
VOLVO-VRU-1511,Pedestrian Running,27.7,4.8,1.95,Warning Prompt in Driver Display
VOLVO-VRU-1512,Pedestrian Walking,10.2,4.4,0.82,Automatic Emergency Braking (AEB)
VOLVO-VRU-1513,E-Scooter Commuter,18.0,2.8,1.41,Automatic Emergency Braking (AEB)
VOLVO-VRU-1514,Pedestrian Walking,6.3,1.9,0.6,Automatic Emergency Braking (AEB)
VOLVO-VRU-1515,Pedestrian Running,23.6,4.5,1.74,Automatic Emergency Braking (AEB)
VOLVO-VRU-1516,Cyclist Fast,11.1,6.0,0.71,Automatic Emergency Braking (AEB)
VOLVO-VRU-1517,Pedestrian Walking,5.1,6.5,0.6,Automatic Emergency Braking (AEB)
VOLVO-VRU-1518,Pedestrian Walking,28.5,5.5,2.29,Warning Prompt in Driver Display
VOLVO-VRU-1519,Pedestrian Running,22.6,5.7,1.71,Automatic Emergency Braking (AEB)
VOLVO-VRU-1520,Child Crossing,32.9,4.2,2.67,Warning Prompt in Driver Display
VOLVO-VRU-1521,Cyclist Fast,38.2,2.2,3.72,Warning Prompt in Driver Display
VOLVO-VRU-1522,Pedestrian Walking,5.9,2.5,0.6,Automatic Emergency Braking (AEB)
VOLVO-VRU-1523,E-Scooter Commuter,27.5,7.2,1.87,Warning Prompt in Driver Display
VOLVO-VRU-1524,Pedestrian Walking,9.9,5.2,0.6,Automatic Emergency Braking (AEB)
VOLVO-VRU-1525,Pedestrian Walking,15.7,4.4,1.81,Warning Prompt in Driver Display
VOLVO-VRU-1526,Pedestrian Running,8.4,3.1,0.64,Automatic Emergency Braking (AEB)
VOLVO-VRU-1527,Cyclist Fast,19.0,7.4,1.14,Automatic Emergency Braking (AEB)
VOLVO-VRU-1528,E-Scooter Commuter,22.5,3.6,1.66,Automatic Emergency Braking (AEB)
VOLVO-VRU-1529,Cyclist Fast,36.3,6.1,2.37,Warning Prompt in Driver Display
VOLVO-VRU-1530,Cyclist Fast,30.5,1.3,3.54,Warning Prompt in Driver Display
VOLVO-VRU-1531,Pedestrian Walking,28.7,7.0,1.85,Warning Prompt in Driver Display
VOLVO-VRU-1532,Pedestrian Walking,32.1,6.3,2.09,Warning Prompt in Driver Display
VOLVO-VRU-1533,Cyclist Fast,17.6,1.4,1.98,Warning Prompt in Driver Display
VOLVO-VRU-1534,Pedestrian Walking,26.0,7.3,1.62,Automatic Emergency Braking (AEB)
VOLVO-VRU-1535,E-Scooter Commuter,5.9,3.9,0.6,Automatic Emergency Braking (AEB)
VOLVO-VRU-1536,Pedestrian Running,15.4,4.2,0.88,Automatic Emergency Braking (AEB)
VOLVO-VRU-1537,Pedestrian Walking,42.6,6.3,2.77,Warning Prompt in Driver Display
VOLVO-VRU-1538,Cyclist Fast,44.8,3.5,3.78,Warning Prompt in Driver Display
VOLVO-VRU-1539,Pedestrian Walking,19.4,6.6,0.99,Automatic Emergency Braking (AEB)
VOLVO-VRU-1540,E-Scooter Commuter,13.8,6.4,1.11,Automatic Emergency Braking (AEB)
VOLVO-VRU-1541,Cyclist Fast,39.0,4.3,3.28,Warning Prompt in Driver Display
VOLVO-VRU-1542,Pedestrian Walking,35.5,4.4,2.44,Warning Prompt in Driver Display
VOLVO-VRU-1543,Cyclist Fast,37.8,3.1,3.32,Warning Prompt in Driver Display
VOLVO-VRU-1544,Cyclist Fast,32.0,2.0,3.14,Warning Prompt in Driver Display
VOLVO-VRU-1545,E-Scooter Commuter,35.7,3.2,3.01,Warning Prompt in Driver Display
VOLVO-VRU-1546,Cyclist Fast,16.4,1.9,1.23,Automatic Emergency Braking (AEB)
VOLVO-VRU-1547,Pedestrian Walking,5.7,6.1,0.85,Automatic Emergency Braking (AEB)
VOLVO-VRU-1548,Pedestrian Walking,41.5,5.9,2.64,Warning Prompt in Driver Display
VOLVO-VRU-1549,Pedestrian Walking,14.7,6.0,1.25,Automatic Emergency Braking (AEB)
VOLVO-VRU-1550,Pedestrian Walking,22.8,3.2,1.78,Automatic Emergency Braking (AEB)
VOLVO-VRU-1551,Pedestrian Walking,25.2,4.6,1.89,Warning Prompt in Driver Display
VOLVO-VRU-1552,Pedestrian Running,6.5,2.4,0.6,Automatic Emergency Braking (AEB)
VOLVO-VRU-1553,E-Scooter Commuter,31.7,5.7,2.21,Warning Prompt in Driver Display
VOLVO-VRU-1554,Pedestrian Walking,28.2,3.7,2.36,Warning Prompt in Driver Display
VOLVO-VRU-1555,Pedestrian Running,41.9,2.8,3.48,Warning Prompt in Driver Display
VOLVO-VRU-1556,Cyclist Fast,28.1,5.6,1.96,Warning Prompt in Driver Display
VOLVO-VRU-1557,Pedestrian Walking,39.7,6.1,2.86,Warning Prompt in Driver Display
VOLVO-VRU-1558,Child Crossing,5.5,6.4,0.6,Automatic Emergency Braking (AEB)
VOLVO-VRU-1559,Child Crossing,14.8,6.6,0.92,Automatic Emergency Braking (AEB)
VOLVO-VRU-1560,Pedestrian Walking,36.9,6.0,2.66,Warning Prompt in Driver Display
VOLVO-VRU-1561,Pedestrian Walking,34.4,2.8,3.21,Warning Prompt in Driver Display
VOLVO-VRU-1562,Pedestrian Walking,39.4,6.5,2.85,Warning Prompt in Driver Display
VOLVO-VRU-1563,Pedestrian Walking,15.8,5.0,1.1,Automatic Emergency Braking (AEB)
VOLVO-VRU-1564,Pedestrian Walking,29.1,3.8,2.47,Warning Prompt in Driver Display
VOLVO-VRU-1565,Pedestrian Walking,33.4,2.7,3.07,Warning Prompt in Driver Display
VOLVO-VRU-1566,Cyclist Fast,27.4,2.0,2.61,Warning Prompt in Driver Display
VOLVO-VRU-1567,Cyclist Fast,15.2,7.2,1.47,Automatic Emergency Braking (AEB)
VOLVO-VRU-1568,Pedestrian Running,13.4,3.5,0.63,Automatic Emergency Braking (AEB)
VOLVO-VRU-1569,Pedestrian Walking,17.2,1.4,1.88,Warning Prompt in Driver Display
VOLVO-VRU-1570,Pedestrian Walking,6.4,2.5,0.6,Automatic Emergency Braking (AEB)
VOLVO-VRU-1571,Pedestrian Walking,9.1,3.1,0.79,Automatic Emergency Braking (AEB)
VOLVO-VRU-1572,Pedestrian Running,13.8,5.0,1.01,Automatic Emergency Braking (AEB)
VOLVO-VRU-1573,Pedestrian Walking,41.6,2.7,3.74,Warning Prompt in Driver Display
VOLVO-VRU-1574,Pedestrian Running,21.6,3.1,2.12,Warning Prompt in Driver Display
VOLVO-VRU-1575,Pedestrian Walking,34.2,6.7,2.35,Warning Prompt in Driver Display
VOLVO-VRU-1576,Cyclist Fast,39.6,6.6,2.41,Warning Prompt in Driver Display
VOLVO-VRU-1577,Pedestrian Running,23.8,6.0,1.99,Warning Prompt in Driver Display
VOLVO-VRU-1578,Pedestrian Walking,44.4,5.9,3.03,Warning Prompt in Driver Display
VOLVO-VRU-1579,Pedestrian Running,19.5,6.9,1.37,Automatic Emergency Braking (AEB)
VOLVO-VRU-1580,Cyclist Fast,38.7,4.5,2.75,Warning Prompt in Driver Display
VOLVO-VRU-1581,Child Crossing,36.6,3.7,2.99,Warning Prompt in Driver Display
VOLVO-VRU-1582,Pedestrian Walking,25.7,2.6,2.35,Warning Prompt in Driver Display
VOLVO-VRU-1583,Pedestrian Running,22.0,3.6,1.95,Warning Prompt in Driver Display
VOLVO-VRU-1584,Pedestrian Walking,14.3,2.6,1.14,Automatic Emergency Braking (AEB)
VOLVO-VRU-1585,Pedestrian Running,18.2,1.6,2.1,Warning Prompt in Driver Display
VOLVO-VRU-1586,Pedestrian Walking,33.9,1.5,3.34,Warning Prompt in Driver Display
VOLVO-VRU-1587,Pedestrian Walking,21.6,2.9,1.62,Automatic Emergency Braking (AEB)
VOLVO-VRU-1588,Cyclist Fast,10.4,5.3,0.9,Automatic Emergency Braking (AEB)
VOLVO-VRU-1589,Child Crossing,39.0,2.1,4.01,Warning Prompt in Driver Display
VOLVO-VRU-1590,Child Crossing,14.3,4.6,1.2,Automatic Emergency Braking (AEB)
VOLVO-VRU-1591,Cyclist Fast,29.4,3.1,2.69,Warning Prompt in Driver Display
VOLVO-VRU-1592,E-Scooter Commuter,35.6,7.3,2.39,Warning Prompt in Driver Display
VOLVO-VRU-1593,Pedestrian Running,24.3,5.6,1.96,Warning Prompt in Driver Display
VOLVO-VRU-1594,Pedestrian Walking,44.4,3.7,3.99,Warning Prompt in Driver Display
VOLVO-VRU-1595,Child Crossing,22.1,4.1,1.55,Automatic Emergency Braking (AEB)
VOLVO-VRU-1596,E-Scooter Commuter,34.8,3.6,2.77,Warning Prompt in Driver Display
VOLVO-VRU-1597,E-Scooter Commuter,20.1,6.4,1.31,Automatic Emergency Braking (AEB)
VOLVO-VRU-1598,Cyclist Fast,44.4,2.9,3.95,Warning Prompt in Driver Display
VOLVO-VRU-1599,Pedestrian Walking,26.0,3.1,2.09,Warning Prompt in Driver Display
VOLVO-VRU-1600,E-Scooter Commuter,23.4,7.3,0.97,Automatic Emergency Braking (AEB)
VOLVO-VRU-1601,Pedestrian Walking,41.1,2.2,4.08,Warning Prompt in Driver Display
VOLVO-VRU-1602,Pedestrian Walking,6.2,2.7,0.69,Automatic Emergency Braking (AEB)
VOLVO-VRU-1603,Pedestrian Walking,35.6,3.9,2.74,Warning Prompt in Driver Display
VOLVO-VRU-1604,Pedestrian Walking,35.5,2.5,3.09,Warning Prompt in Driver Display
VOLVO-VRU-1605,Cyclist Fast,7.7,1.7,0.64,Automatic Emergency Braking (AEB)
VOLVO-VRU-1606,Cyclist Fast,5.9,4.7,0.6,Automatic Emergency Braking (AEB)
VOLVO-VRU-1607,Pedestrian Running,27.0,6.6,1.82,Warning Prompt in Driver Display
VOLVO-VRU-1608,Pedestrian Walking,31.0,5.5,2.56,Warning Prompt in Driver Display
VOLVO-VRU-1609,Pedestrian Running,11.3,2.9,1.07,Automatic Emergency Braking (AEB)
VOLVO-VRU-1610,Pedestrian Walking,17.5,5.0,1.38,Automatic Emergency Braking (AEB)
VOLVO-VRU-1611,Cyclist Fast,37.9,4.7,2.9,Warning Prompt in Driver Display
VOLVO-VRU-1612,Pedestrian Walking,8.3,4.1,0.6,Automatic Emergency Braking (AEB)
VOLVO-VRU-1613,Pedestrian Walking,19.8,5.9,1.28,Automatic Emergency Braking (AEB)
VOLVO-VRU-1614,Pedestrian Walking,12.1,4.5,0.84,Automatic Emergency Braking (AEB)
VOLVO-VRU-1615,Pedestrian Walking,13.6,2.1,1.4,Automatic Emergency Braking (AEB)
VOLVO-VRU-1616,Pedestrian Walking,22.4,4.7,1.64,Automatic Emergency Braking (AEB)
VOLVO-VRU-1617,Cyclist Fast,15.6,5.9,1.36,Automatic Emergency Braking (AEB)
VOLVO-VRU-1618,Cyclist Fast,26.8,6.9,1.56,Automatic Emergency Braking (AEB)
VOLVO-VRU-1619,Pedestrian Walking,14.1,6.8,0.9,Automatic Emergency Braking (AEB)
VOLVO-VRU-1620,Pedestrian Walking,21.8,3.1,2.27,Warning Prompt in Driver Display
VOLVO-VRU-1621,Pedestrian Walking,27.2,7.3,1.59,Automatic Emergency Braking (AEB)
VOLVO-VRU-1622,Pedestrian Walking,12.9,6.9,0.6,Automatic Emergency Braking (AEB)
VOLVO-VRU-1623,Pedestrian Walking,44.8,3.9,3.82,Warning Prompt in Driver Display
VOLVO-VRU-1624,Pedestrian Walking,20.4,6.0,0.9,Automatic Emergency Braking (AEB)
VOLVO-VRU-1625,E-Scooter Commuter,9.6,3.4,0.87,Automatic Emergency Braking (AEB)
VOLVO-VRU-1626,Pedestrian Walking,5.8,3.1,0.6,Automatic Emergency Braking (AEB)
VOLVO-VRU-1627,Cyclist Fast,16.6,6.4,1.37,Automatic Emergency Braking (AEB)
VOLVO-VRU-1628,Pedestrian Running,24.7,1.9,2.53,Warning Prompt in Driver Display
VOLVO-VRU-1629,Cyclist Fast,41.6,4.1,3.37,Warning Prompt in Driver Display
VOLVO-VRU-1630,Pedestrian Walking,39.7,2.2,3.67,Warning Prompt in Driver Display
VOLVO-VRU-1631,Pedestrian Walking,18.5,3.5,1.33,Automatic Emergency Braking (AEB)
VOLVO-VRU-1632,Pedestrian Running,18.7,3.4,1.34,Automatic Emergency Braking (AEB)
VOLVO-VRU-1633,E-Scooter Commuter,30.0,5.4,1.74,Automatic Emergency Braking (AEB)
VOLVO-VRU-1634,Pedestrian Running,33.9,3.8,2.84,Warning Prompt in Driver Display
VOLVO-VRU-1635,E-Scooter Commuter,26.5,2.3,2.05,Warning Prompt in Driver Display
VOLVO-VRU-1636,Pedestrian Walking,44.5,1.3,4.5,Warning Prompt in Driver Display
VOLVO-VRU-1637,Pedestrian Walking,38.6,2.9,3.39,Warning Prompt in Driver Display
VOLVO-VRU-1638,Pedestrian Running,16.1,6.3,1.31,Automatic Emergency Braking (AEB)
VOLVO-VRU-1639,Cyclist Fast,12.5,3.6,0.83,Automatic Emergency Braking (AEB)
VOLVO-VRU-1640,Cyclist Fast,31.3,1.4,3.5,Warning Prompt in Driver Display
VOLVO-VRU-1641,Cyclist Fast,8.7,4.1,0.6,Automatic Emergency Braking (AEB)
VOLVO-VRU-1642,Pedestrian Walking,33.6,5.2,2.6,Warning Prompt in Driver Display
VOLVO-VRU-1643,Pedestrian Walking,15.4,6.9,1.11,Automatic Emergency Braking (AEB)
VOLVO-VRU-1644,Cyclist Fast,39.4,5.5,2.89,Warning Prompt in Driver Display
VOLVO-VRU-1645,Pedestrian Walking,13.6,2.5,1.03,Automatic Emergency Braking (AEB)
VOLVO-VRU-1646,Pedestrian Running,21.0,4.6,1.76,Automatic Emergency Braking (AEB)
VOLVO-VRU-1647,Pedestrian Walking,44.0,3.9,3.59,Warning Prompt in Driver Display
VOLVO-VRU-1648,Pedestrian Walking,18.8,4.8,1.69,Automatic Emergency Braking (AEB)
VOLVO-VRU-1649,Pedestrian Walking,39.6,1.8,4.05,Warning Prompt in Driver Display
VOLVO-VRU-1650,Pedestrian Running,21.7,3.8,1.69,Automatic Emergency Braking (AEB)
VOLVO-VRU-1651,Pedestrian Walking,32.4,4.5,2.45,Warning Prompt in Driver Display
VOLVO-VRU-1652,Pedestrian Running,6.1,2.7,0.6,Automatic Emergency Braking (AEB)
VOLVO-VRU-1653,Pedestrian Walking,26.6,7.0,1.74,Automatic Emergency Braking (AEB)
VOLVO-VRU-1654,Pedestrian Running,42.7,6.6,2.73,Warning Prompt in Driver Display
VOLVO-VRU-1655,Pedestrian Walking,9.9,4.1,0.99,Automatic Emergency Braking (AEB)
VOLVO-VRU-1656,Pedestrian Walking,33.7,4.3,2.51,Warning Prompt in Driver Display
VOLVO-VRU-1657,Pedestrian Walking,30.4,3.5,2.63,Warning Prompt in Driver Display
VOLVO-VRU-1658,Pedestrian Walking,8.0,6.5,0.6,Automatic Emergency Braking (AEB)
VOLVO-VRU-1659,E-Scooter Commuter,32.1,5.4,2.49,Warning Prompt in Driver Display
VOLVO-VRU-1660,Cyclist Fast,37.2,3.3,3.21,Warning Prompt in Driver Display
VOLVO-VRU-1661,Pedestrian Running,36.7,5.7,2.76,Warning Prompt in Driver Display
VOLVO-VRU-1662,Pedestrian Walking,33.2,4.0,2.83,Warning Prompt in Driver Display
VOLVO-VRU-1663,Pedestrian Walking,31.8,1.7,3.04,Warning Prompt in Driver Display
VOLVO-VRU-1664,Pedestrian Running,25.0,2.3,2.5,Warning Prompt in Driver Display
VOLVO-VRU-1665,Pedestrian Walking,23.2,1.4,2.23,Warning Prompt in Driver Display
VOLVO-VRU-1666,Cyclist Fast,20.2,5.8,1.52,Automatic Emergency Braking (AEB)
VOLVO-VRU-1667,Pedestrian Running,40.3,6.5,2.73,Warning Prompt in Driver Display
VOLVO-VRU-1668,E-Scooter Commuter,41.4,5.3,2.73,Warning Prompt in Driver Display
VOLVO-VRU-1669,E-Scooter Commuter,38.6,3.6,2.85,Warning Prompt in Driver Display
VOLVO-VRU-1670,Pedestrian Running,31.6,5.1,2.23,Warning Prompt in Driver Display
VOLVO-VRU-1671,Pedestrian Walking,22.9,5.7,1.42,Automatic Emergency Braking (AEB)
VOLVO-VRU-1672,Pedestrian Walking,33.3,5.6,2.17,Warning Prompt in Driver Display
VOLVO-VRU-1673,Pedestrian Running,35.5,2.5,3.16,Warning Prompt in Driver Display
VOLVO-VRU-1674,Pedestrian Walking,21.2,5.4,1.37,Automatic Emergency Braking (AEB)
VOLVO-VRU-1675,Pedestrian Walking,18.2,2.9,1.22,Automatic Emergency Braking (AEB)
VOLVO-VRU-1676,Pedestrian Running,18.1,3.7,1.29,Automatic Emergency Braking (AEB)
VOLVO-VRU-1677,Child Crossing,35.5,1.7,3.44,Warning Prompt in Driver Display
VOLVO-VRU-1678,Pedestrian Walking,17.8,4.9,1.36,Automatic Emergency Braking (AEB)
VOLVO-VRU-1679,E-Scooter Commuter,32.5,3.4,2.64,Warning Prompt in Driver Display
VOLVO-VRU-1680,E-Scooter Commuter,39.6,2.2,3.56,Warning Prompt in Driver Display
VOLVO-VRU-1681,Cyclist Fast,8.4,2.3,0.74,Automatic Emergency Braking (AEB)
VOLVO-VRU-1682,Cyclist Fast,6.6,7.4,0.6,Automatic Emergency Braking (AEB)
VOLVO-VRU-1683,Pedestrian Running,25.5,1.1,2.47,Warning Prompt in Driver Display
VOLVO-VRU-1684,E-Scooter Commuter,28.8,2.8,2.36,Warning Prompt in Driver Display
VOLVO-VRU-1685,E-Scooter Commuter,44.2,2.1,4.5,Warning Prompt in Driver Display
VOLVO-VRU-1686,Cyclist Fast,20.3,5.4,1.21,Automatic Emergency Braking (AEB)
VOLVO-VRU-1687,Pedestrian Walking,26.8,1.9,2.62,Warning Prompt in Driver Display
VOLVO-VRU-1688,Pedestrian Running,22.7,2.0,2.19,Warning Prompt in Driver Display
VOLVO-VRU-1689,Pedestrian Walking,28.9,2.0,2.59,Warning Prompt in Driver Display
VOLVO-VRU-1690,Child Crossing,41.5,5.2,3.01,Warning Prompt in Driver Display
VOLVO-VRU-1691,Child Crossing,5.2,5.4,0.6,Automatic Emergency Braking (AEB)
VOLVO-VRU-1692,Cyclist Fast,28.7,7.4,2.17,Warning Prompt in Driver Display
VOLVO-VRU-1693,Child Crossing,17.3,6.8,0.82,Automatic Emergency Braking (AEB)
VOLVO-VRU-1694,Pedestrian Walking,33.5,1.5,3.54,Warning Prompt in Driver Display
VOLVO-VRU-1695,Pedestrian Walking,9.9,6.7,0.6,Automatic Emergency Braking (AEB)
VOLVO-VRU-1696,Cyclist Fast,20.9,5.7,1.73,Automatic Emergency Braking (AEB)
VOLVO-VRU-1697,Pedestrian Running,7.9,3.8,0.6,Automatic Emergency Braking (AEB)
VOLVO-VRU-1698,Pedestrian Running,38.8,3.2,3.24,Warning Prompt in Driver Display
VOLVO-VRU-1699,Pedestrian Walking,13.6,1.2,1.54,Automatic Emergency Braking (AEB)
VOLVO-VRU-1700,E-Scooter Commuter,30.2,6.8,1.84,Warning Prompt in Driver Display
VOLVO-VRU-1701,Pedestrian Walking,41.6,5.3,3.15,Warning Prompt in Driver Display
VOLVO-VRU-1702,Pedestrian Walking,6.1,3.7,0.6,Automatic Emergency Braking (AEB)
VOLVO-VRU-1703,Pedestrian Walking,20.3,4.2,1.94,Warning Prompt in Driver Display
VOLVO-VRU-1704,Cyclist Fast,34.8,2.5,3.43,Warning Prompt in Driver Display
VOLVO-VRU-1705,Cyclist Fast,42.2,5.2,3.31,Warning Prompt in Driver Display
VOLVO-VRU-1706,Pedestrian Walking,19.4,6.9,1.16,Automatic Emergency Braking (AEB)
VOLVO-VRU-1707,Child Crossing,40.5,4.4,3.5,Warning Prompt in Driver Display
VOLVO-VRU-1708,Pedestrian Walking,11.6,5.6,0.61,Automatic Emergency Braking (AEB)
VOLVO-VRU-1709,Pedestrian Walking,17.7,3.0,1.46,Automatic Emergency Braking (AEB)
VOLVO-VRU-1710,Pedestrian Walking,34.6,5.1,2.6,Warning Prompt in Driver Display
VOLVO-VRU-1711,Child Crossing,37.4,5.9,2.4,Warning Prompt in Driver Display
VOLVO-VRU-1712,Pedestrian Walking,22.2,3.0,1.95,Warning Prompt in Driver Display
VOLVO-VRU-1713,E-Scooter Commuter,14.1,5.0,0.98,Automatic Emergency Braking (AEB)
VOLVO-VRU-1714,Pedestrian Walking,10.5,3.4,1.06,Automatic Emergency Braking (AEB)
VOLVO-VRU-1715,Pedestrian Walking,8.3,3.4,0.6,Automatic Emergency Braking (AEB)
VOLVO-VRU-1716,Cyclist Fast,37.3,2.5,3.21,Warning Prompt in Driver Display
VOLVO-VRU-1717,Pedestrian Walking,37.8,2.5,3.54,Warning Prompt in Driver Display
VOLVO-VRU-1718,Pedestrian Walking,19.6,4.2,1.92,Warning Prompt in Driver Display
VOLVO-VRU-1719,Pedestrian Walking,40.6,5.8,2.59,Warning Prompt in Driver Display
VOLVO-VRU-1720,Pedestrian Running,36.4,5.9,2.19,Warning Prompt in Driver Display
VOLVO-VRU-1721,Pedestrian Walking,41.8,2.0,4.08,Warning Prompt in Driver Display
VOLVO-VRU-1722,Pedestrian Walking,33.7,2.8,3.0,Warning Prompt in Driver Display
VOLVO-VRU-1723,Pedestrian Walking,31.1,7.4,2.16,Warning Prompt in Driver Display
VOLVO-VRU-1724,Cyclist Fast,16.4,6.5,1.27,Automatic Emergency Braking (AEB)
VOLVO-VRU-1725,Pedestrian Walking,37.5,7.4,2.1,Warning Prompt in Driver Display
VOLVO-VRU-1726,Pedestrian Walking,23.2,2.8,2.0,Warning Prompt in Driver Display
VOLVO-VRU-1727,Pedestrian Walking,23.9,4.8,1.71,Automatic Emergency Braking (AEB)
VOLVO-VRU-1728,Pedestrian Walking,38.3,3.8,3.19,Warning Prompt in Driver Display
VOLVO-VRU-1729,Pedestrian Walking,42.2,5.4,3.09,Warning Prompt in Driver Display
VOLVO-VRU-1730,Cyclist Fast,25.9,1.5,2.51,Warning Prompt in Driver Display
VOLVO-VRU-1731,Pedestrian Running,34.5,5.9,2.68,Warning Prompt in Driver Display
VOLVO-VRU-1732,Cyclist Fast,20.6,4.9,1.39,Automatic Emergency Braking (AEB)
VOLVO-VRU-1733,Pedestrian Walking,32.2,7.0,2.05,Warning Prompt in Driver Display
VOLVO-VRU-1734,E-Scooter Commuter,22.4,2.2,1.99,Warning Prompt in Driver Display
VOLVO-VRU-1735,Cyclist Fast,35.7,1.8,3.74,Warning Prompt in Driver Display
VOLVO-VRU-1736,Pedestrian Walking,16.2,5.4,0.95,Automatic Emergency Braking (AEB)
VOLVO-VRU-1737,E-Scooter Commuter,22.2,1.1,2.67,Warning Prompt in Driver Display
VOLVO-VRU-1738,E-Scooter Commuter,42.2,5.0,3.42,Warning Prompt in Driver Display
VOLVO-VRU-1739,Cyclist Fast,35.8,2.4,3.42,Warning Prompt in Driver Display
VOLVO-VRU-1740,Pedestrian Running,10.5,4.2,1.05,Automatic Emergency Braking (AEB)
VOLVO-VRU-1741,Pedestrian Walking,15.4,6.4,0.72,Automatic Emergency Braking (AEB)
VOLVO-VRU-1742,Pedestrian Walking,42.6,1.8,3.91,Warning Prompt in Driver Display
VOLVO-VRU-1743,Cyclist Fast,16.0,4.7,1.2,Automatic Emergency Braking (AEB)
VOLVO-VRU-1744,Cyclist Fast,11.6,4.5,0.81,Automatic Emergency Braking (AEB)
VOLVO-VRU-1745,Pedestrian Running,43.8,6.7,2.99,Warning Prompt in Driver Display
VOLVO-VRU-1746,Pedestrian Running,31.4,3.3,2.55,Warning Prompt in Driver Display
VOLVO-VRU-1747,Cyclist Fast,11.6,3.1,1.02,Automatic Emergency Braking (AEB)
VOLVO-VRU-1748,Cyclist Fast,41.4,7.5,2.37,Warning Prompt in Driver Display
VOLVO-VRU-1749,Pedestrian Walking,18.3,3.6,1.8,Warning Prompt in Driver Display
VOLVO-VRU-1750,Pedestrian Walking,11.6,6.1,0.83,Automatic Emergency Braking (AEB)
VOLVO-VRU-1751,Pedestrian Walking,38.3,2.9,3.07,Warning Prompt in Driver Display
VOLVO-VRU-1752,Pedestrian Walking,33.1,5.9,2.1,Warning Prompt in Driver Display
VOLVO-VRU-1753,Pedestrian Running,11.6,2.8,1.19,Automatic Emergency Braking (AEB)
VOLVO-VRU-1754,Cyclist Fast,11.4,6.0,0.6,Automatic Emergency Braking (AEB)
VOLVO-VRU-1755,Pedestrian Walking,44.4,1.8,4.5,Warning Prompt in Driver Display
VOLVO-VRU-1756,Pedestrian Running,8.6,6.9,0.73,Automatic Emergency Braking (AEB)
VOLVO-VRU-1757,Pedestrian Walking,26.9,4.1,2.42,Warning Prompt in Driver Display
VOLVO-VRU-1758,Cyclist Fast,28.3,7.3,2.14,Warning Prompt in Driver Display
VOLVO-VRU-1759,Cyclist Fast,23.1,5.0,1.47,Automatic Emergency Braking (AEB)
VOLVO-VRU-1760,Pedestrian Walking,44.7,7.0,2.7,Warning Prompt in Driver Display
VOLVO-VRU-1761,Pedestrian Walking,29.4,4.1,2.5,Warning Prompt in Driver Display
VOLVO-VRU-1762,E-Scooter Commuter,30.1,3.2,2.28,Warning Prompt in Driver Display
VOLVO-VRU-1763,Pedestrian Running,40.0,4.5,3.29,Warning Prompt in Driver Display
VOLVO-VRU-1764,Pedestrian Running,35.4,1.5,3.92,Warning Prompt in Driver Display
VOLVO-VRU-1765,Pedestrian Walking,33.5,5.2,2.56,Warning Prompt in Driver Display
VOLVO-VRU-1766,Pedestrian Running,11.2,5.7,0.83,Automatic Emergency Braking (AEB)
VOLVO-VRU-1767,Pedestrian Walking,45.0,1.6,4.34,Warning Prompt in Driver Display
VOLVO-VRU-1768,Pedestrian Walking,27.8,4.6,2.18,Warning Prompt in Driver Display
VOLVO-VRU-1769,Pedestrian Walking,17.4,2.1,1.65,Automatic Emergency Braking (AEB)
VOLVO-VRU-1770,Pedestrian Walking,28.8,3.1,2.49,Warning Prompt in Driver Display
VOLVO-VRU-1771,Pedestrian Walking,41.3,4.7,3.27,Warning Prompt in Driver Display
VOLVO-VRU-1772,Pedestrian Walking,6.4,1.9,1.01,Automatic Emergency Braking (AEB)
VOLVO-VRU-1773,Pedestrian Walking,38.4,3.3,3.05,Warning Prompt in Driver Display
VOLVO-VRU-1774,Pedestrian Walking,18.2,1.4,1.92,Warning Prompt in Driver Display
VOLVO-VRU-1775,Cyclist Fast,22.2,4.8,1.58,Automatic Emergency Braking (AEB)
VOLVO-VRU-1776,E-Scooter Commuter,24.8,5.6,1.72,Automatic Emergency Braking (AEB)
VOLVO-VRU-1777,Cyclist Fast,40.0,2.6,3.65,Warning Prompt in Driver Display
VOLVO-VRU-1778,Pedestrian Walking,35.2,6.4,2.02,Warning Prompt in Driver Display
VOLVO-VRU-1779,Pedestrian Walking,10.7,3.0,0.89,Automatic Emergency Braking (AEB)
VOLVO-VRU-1780,Pedestrian Walking,34.1,2.2,2.93,Warning Prompt in Driver Display
VOLVO-VRU-1781,Pedestrian Walking,14.6,6.2,0.91,Automatic Emergency Braking (AEB)
VOLVO-VRU-1782,Pedestrian Walking,19.9,6.3,1.61,Automatic Emergency Braking (AEB)
VOLVO-VRU-1783,Pedestrian Running,13.1,6.2,0.84,Automatic Emergency Braking (AEB)
VOLVO-VRU-1784,Cyclist Fast,42.7,3.4,3.6,Warning Prompt in Driver Display
VOLVO-VRU-1785,Pedestrian Walking,42.6,7.3,2.92,Warning Prompt in Driver Display
VOLVO-VRU-1786,Pedestrian Walking,44.2,7.1,2.39,Warning Prompt in Driver Display
VOLVO-VRU-1787,E-Scooter Commuter,12.6,1.5,1.26,Automatic Emergency Braking (AEB)
VOLVO-VRU-1788,Pedestrian Running,19.2,3.7,1.77,Automatic Emergency Braking (AEB)
VOLVO-VRU-1789,Pedestrian Walking,17.8,1.7,2.05,Warning Prompt in Driver Display
VOLVO-VRU-1790,Pedestrian Running,43.3,1.9,4.16,Warning Prompt in Driver Display
VOLVO-VRU-1791,E-Scooter Commuter,30.2,4.7,2.48,Warning Prompt in Driver Display
VOLVO-VRU-1792,Cyclist Fast,44.5,6.9,3.0,Warning Prompt in Driver Display
VOLVO-VRU-1793,Pedestrian Running,42.9,2.3,3.99,Warning Prompt in Driver Display
VOLVO-VRU-1794,Cyclist Fast,16.2,1.9,1.8,Warning Prompt in Driver Display
VOLVO-VRU-1795,Cyclist Fast,32.9,3.4,2.79,Warning Prompt in Driver Display
VOLVO-VRU-1796,Pedestrian Walking,40.6,6.5,2.72,Warning Prompt in Driver Display
VOLVO-VRU-1797,Pedestrian Walking,33.2,2.6,3.11,Warning Prompt in Driver Display
VOLVO-VRU-1798,Pedestrian Running,15.4,3.7,1.21,Automatic Emergency Braking (AEB)
VOLVO-VRU-1799,Cyclist Fast,20.2,7.4,1.1,Automatic Emergency Braking (AEB)
VOLVO-VRU-1800,Child Crossing,43.7,3.8,3.44,Warning Prompt in Driver Display
VOLVO-VRU-1801,Cyclist Fast,16.2,5.9,0.95,Automatic Emergency Braking (AEB)
VOLVO-VRU-1802,Pedestrian Walking,6.4,5.0,0.78,Automatic Emergency Braking (AEB)
VOLVO-VRU-1803,Pedestrian Walking,23.3,2.5,2.04,Warning Prompt in Driver Display
VOLVO-VRU-1804,E-Scooter Commuter,27.9,6.2,1.62,Automatic Emergency Braking (AEB)
VOLVO-VRU-1805,Pedestrian Walking,13.4,7.3,0.84,Automatic Emergency Braking (AEB)
VOLVO-VRU-1806,Pedestrian Walking,14.6,4.7,0.92,Automatic Emergency Braking (AEB)
VOLVO-VRU-1807,Pedestrian Running,11.4,3.9,0.88,Automatic Emergency Braking (AEB)
VOLVO-VRU-1808,Cyclist Fast,6.4,3.7,0.6,Automatic Emergency Braking (AEB)
VOLVO-VRU-1809,Pedestrian Walking,29.5,4.6,2.24,Warning Prompt in Driver Display
VOLVO-VRU-1810,Pedestrian Running,36.8,4.3,3.33,Warning Prompt in Driver Display
VOLVO-VRU-1811,Cyclist Fast,37.5,6.1,2.55,Warning Prompt in Driver Display
VOLVO-VRU-1812,E-Scooter Commuter,37.8,7.4,2.55,Warning Prompt in Driver Display
VOLVO-VRU-1813,Pedestrian Walking,8.3,2.1,0.86,Automatic Emergency Braking (AEB)
VOLVO-VRU-1814,Cyclist Fast,39.4,2.2,3.93,Warning Prompt in Driver Display
VOLVO-VRU-1815,E-Scooter Commuter,27.0,5.2,2.09,Warning Prompt in Driver Display
VOLVO-VRU-1816,Pedestrian Walking,37.4,2.1,3.65,Warning Prompt in Driver Display
VOLVO-VRU-1817,E-Scooter Commuter,30.6,4.2,2.56,Warning Prompt in Driver Display
VOLVO-VRU-1818,E-Scooter Commuter,19.3,2.8,2.01,Warning Prompt in Driver Display
VOLVO-VRU-1819,Cyclist Fast,14.8,6.1,1.0,Automatic Emergency Braking (AEB)
VOLVO-VRU-1820,Cyclist Fast,11.9,5.7,0.6,Automatic Emergency Braking (AEB)
VOLVO-VRU-1821,Pedestrian Walking,38.3,2.3,3.56,Warning Prompt in Driver Display
VOLVO-VRU-1822,Cyclist Fast,5.5,5.5,0.6,Automatic Emergency Braking (AEB)
VOLVO-VRU-1823,Pedestrian Running,6.9,3.6,0.63,Automatic Emergency Braking (AEB)
VOLVO-VRU-1824,E-Scooter Commuter,31.8,6.7,2.15,Warning Prompt in Driver Display
VOLVO-VRU-1825,Pedestrian Running,18.9,3.1,1.36,Automatic Emergency Braking (AEB)
VOLVO-VRU-1826,Pedestrian Walking,37.2,6.1,2.38,Warning Prompt in Driver Display
VOLVO-VRU-1827,Cyclist Fast,31.8,6.9,2.14,Warning Prompt in Driver Display
VOLVO-VRU-1828,Pedestrian Running,16.3,1.4,1.83,Warning Prompt in Driver Display
VOLVO-VRU-1829,Pedestrian Running,8.0,6.5,0.6,Automatic Emergency Braking (AEB)
VOLVO-VRU-1830,Pedestrian Running,42.0,3.7,3.42,Warning Prompt in Driver Display
VOLVO-VRU-1831,Pedestrian Walking,18.3,6.3,1.23,Automatic Emergency Braking (AEB)
VOLVO-VRU-1832,Pedestrian Walking,39.7,5.4,3.12,Warning Prompt in Driver Display
VOLVO-VRU-1833,Pedestrian Running,29.4,7.5,1.57,Automatic Emergency Braking (AEB)
VOLVO-VRU-1834,Pedestrian Walking,41.5,6.5,2.49,Warning Prompt in Driver Display
VOLVO-VRU-1835,Pedestrian Walking,20.6,2.5,1.52,Automatic Emergency Braking (AEB)
VOLVO-VRU-1836,E-Scooter Commuter,9.1,6.6,0.69,Automatic Emergency Braking (AEB)
VOLVO-VRU-1837,Pedestrian Walking,42.4,2.0,3.88,Warning Prompt in Driver Display
VOLVO-VRU-1838,Pedestrian Walking,44.9,3.7,3.67,Warning Prompt in Driver Display
VOLVO-VRU-1839,Pedestrian Walking,21.5,5.9,1.52,Automatic Emergency Braking (AEB)
VOLVO-VRU-1840,Pedestrian Walking,32.8,5.1,2.33,Warning Prompt in Driver Display
VOLVO-VRU-1841,Cyclist Fast,40.7,4.7,2.98,Warning Prompt in Driver Display
VOLVO-VRU-1842,Child Crossing,10.8,3.3,0.84,Automatic Emergency Braking (AEB)
VOLVO-VRU-1843,Pedestrian Walking,17.3,1.8,1.86,Warning Prompt in Driver Display
VOLVO-VRU-1844,Pedestrian Walking,25.8,4.6,2.06,Warning Prompt in Driver Display
VOLVO-VRU-1845,Pedestrian Walking,39.4,6.6,2.41,Warning Prompt in Driver Display
VOLVO-VRU-1846,E-Scooter Commuter,6.5,1.8,0.63,Automatic Emergency Braking (AEB)
VOLVO-VRU-1847,Cyclist Fast,19.9,4.7,1.88,Warning Prompt in Driver Display
VOLVO-VRU-1848,Pedestrian Walking,43.7,1.2,4.5,Warning Prompt in Driver Display
VOLVO-VRU-1849,Pedestrian Running,23.0,6.1,1.79,Automatic Emergency Braking (AEB)
VOLVO-VRU-1850,Pedestrian Running,36.0,6.3,2.17,Warning Prompt in Driver Display
VOLVO-VRU-1851,Pedestrian Running,37.2,4.2,3.17,Warning Prompt in Driver Display
VOLVO-VRU-1852,Pedestrian Walking,15.7,3.6,1.46,Automatic Emergency Braking (AEB)
VOLVO-VRU-1853,Cyclist Fast,34.4,1.7,3.51,Warning Prompt in Driver Display
VOLVO-VRU-1854,Pedestrian Running,7.0,6.8,0.6,Automatic Emergency Braking (AEB)
VOLVO-VRU-1855,Pedestrian Walking,14.0,2.5,1.6,Automatic Emergency Braking (AEB)
VOLVO-VRU-1856,Pedestrian Walking,31.1,4.2,2.41,Warning Prompt in Driver Display
VOLVO-VRU-1857,Pedestrian Walking,20.2,6.5,1.42,Automatic Emergency Braking (AEB)
VOLVO-VRU-1858,Pedestrian Running,15.7,2.4,1.53,Automatic Emergency Braking (AEB)
VOLVO-VRU-1859,Pedestrian Running,40.4,3.6,3.4,Warning Prompt in Driver Display
VOLVO-VRU-1860,Pedestrian Walking,10.8,1.8,1.6,Automatic Emergency Braking (AEB)
VOLVO-VRU-1861,Pedestrian Walking,39.0,2.8,3.2,Warning Prompt in Driver Display
VOLVO-VRU-1862,Pedestrian Running,43.3,4.5,3.18,Warning Prompt in Driver Display
VOLVO-VRU-1863,Pedestrian Walking,12.9,4.1,1.09,Automatic Emergency Braking (AEB)
VOLVO-VRU-1864,Pedestrian Walking,38.9,2.4,3.9,Warning Prompt in Driver Display
VOLVO-VRU-1865,Pedestrian Walking,39.4,1.4,3.79,Warning Prompt in Driver Display
VOLVO-VRU-1866,Pedestrian Walking,5.2,2.0,0.62,Automatic Emergency Braking (AEB)
VOLVO-VRU-1867,Child Crossing,16.8,4.0,1.34,Automatic Emergency Braking (AEB)
VOLVO-VRU-1868,Pedestrian Walking,20.7,3.5,1.72,Automatic Emergency Braking (AEB)
VOLVO-VRU-1869,Pedestrian Walking,42.0,4.5,2.85,Warning Prompt in Driver Display
VOLVO-VRU-1870,Pedestrian Walking,5.5,4.1,0.6,Automatic Emergency Braking (AEB)
VOLVO-VRU-1871,Cyclist Fast,32.2,6.4,2.41,Warning Prompt in Driver Display
VOLVO-VRU-1872,E-Scooter Commuter,9.6,6.9,0.68,Automatic Emergency Braking (AEB)
VOLVO-VRU-1873,Cyclist Fast,33.8,3.0,2.96,Warning Prompt in Driver Display
VOLVO-VRU-1874,Pedestrian Walking,35.6,5.9,2.65,Warning Prompt in Driver Display
VOLVO-VRU-1875,Pedestrian Walking,7.2,2.5,0.75,Automatic Emergency Braking (AEB)
VOLVO-VRU-1876,Pedestrian Walking,27.1,4.5,2.13,Warning Prompt in Driver Display
VOLVO-VRU-1877,Cyclist Fast,29.7,3.2,2.83,Warning Prompt in Driver Display
VOLVO-VRU-1878,E-Scooter Commuter,32.1,6.6,2.15,Warning Prompt in Driver Display
VOLVO-VRU-1879,Cyclist Fast,21.4,2.3,1.88,Warning Prompt in Driver Display
VOLVO-VRU-1880,Pedestrian Running,9.8,7.0,0.6,Automatic Emergency Braking (AEB)
VOLVO-VRU-1881,Pedestrian Walking,17.5,5.5,1.42,Automatic Emergency Braking (AEB)
VOLVO-VRU-1882,Pedestrian Walking,28.7,2.2,2.39,Warning Prompt in Driver Display
VOLVO-VRU-1883,Pedestrian Walking,33.4,3.4,2.43,Warning Prompt in Driver Display
VOLVO-VRU-1884,Pedestrian Running,34.1,2.4,3.04,Warning Prompt in Driver Display
VOLVO-VRU-1885,Pedestrian Running,42.8,3.1,3.66,Warning Prompt in Driver Display
VOLVO-VRU-1886,Pedestrian Running,14.5,6.0,1.1,Automatic Emergency Braking (AEB)
VOLVO-VRU-1887,Pedestrian Walking,28.0,2.2,2.72,Warning Prompt in Driver Display
VOLVO-VRU-1888,Pedestrian Walking,26.4,6.9,1.54,Automatic Emergency Braking (AEB)
VOLVO-VRU-1889,Pedestrian Walking,23.2,1.4,2.53,Warning Prompt in Driver Display
VOLVO-VRU-1890,Pedestrian Walking,39.7,1.8,3.83,Warning Prompt in Driver Display
VOLVO-VRU-1891,Pedestrian Running,18.9,5.9,1.49,Automatic Emergency Braking (AEB)
VOLVO-VRU-1892,Pedestrian Running,37.6,6.3,2.06,Warning Prompt in Driver Display
VOLVO-VRU-1893,Pedestrian Walking,21.1,1.7,2.33,Warning Prompt in Driver Display
VOLVO-VRU-1894,Pedestrian Walking,9.7,2.3,0.6,Automatic Emergency Braking (AEB)
VOLVO-VRU-1895,Pedestrian Walking,13.5,7.2,0.93,Automatic Emergency Braking (AEB)
VOLVO-VRU-1896,Cyclist Fast,37.4,4.6,3.0,Warning Prompt in Driver Display
VOLVO-VRU-1897,Pedestrian Running,20.4,7.0,1.8,Warning Prompt in Driver Display
VOLVO-VRU-1898,Pedestrian Walking,7.7,4.4,0.62,Automatic Emergency Braking (AEB)
VOLVO-VRU-1899,Pedestrian Walking,12.0,2.2,1.1,Automatic Emergency Braking (AEB)
VOLVO-VRU-1900,Pedestrian Walking,31.3,6.1,2.05,Warning Prompt in Driver Display
VOLVO-VRU-1901,Pedestrian Running,43.4,4.3,3.28,Warning Prompt in Driver Display
VOLVO-VRU-1902,Cyclist Fast,26.1,3.9,2.27,Warning Prompt in Driver Display
VOLVO-VRU-1903,Pedestrian Running,20.2,3.4,1.74,Automatic Emergency Braking (AEB)
VOLVO-VRU-1904,Pedestrian Running,13.2,5.8,0.6,Automatic Emergency Braking (AEB)
VOLVO-VRU-1905,Child Crossing,11.7,7.4,0.6,Automatic Emergency Braking (AEB)
VOLVO-VRU-1906,Child Crossing,12.7,7.3,0.71,Automatic Emergency Braking (AEB)
VOLVO-VRU-1907,Pedestrian Walking,37.3,2.6,3.75,Warning Prompt in Driver Display
VOLVO-VRU-1908,Pedestrian Walking,22.0,3.3,1.8,Warning Prompt in Driver Display
VOLVO-VRU-1909,Pedestrian Running,30.6,3.8,2.5,Warning Prompt in Driver Display
VOLVO-VRU-1910,Pedestrian Walking,42.6,3.0,3.99,Warning Prompt in Driver Display
VOLVO-VRU-1911,E-Scooter Commuter,16.6,3.8,1.34,Automatic Emergency Braking (AEB)
VOLVO-VRU-1912,Cyclist Fast,7.8,2.0,0.65,Automatic Emergency Braking (AEB)
VOLVO-VRU-1913,Pedestrian Walking,14.4,3.6,1.07,Automatic Emergency Braking (AEB)
VOLVO-VRU-1914,Pedestrian Walking,14.5,2.2,1.4,Automatic Emergency Braking (AEB)
VOLVO-VRU-1915,Pedestrian Walking,43.6,5.7,3.31,Warning Prompt in Driver Display
VOLVO-VRU-1916,Pedestrian Walking,15.0,6.3,1.22,Automatic Emergency Braking (AEB)
VOLVO-VRU-1917,Pedestrian Walking,26.8,5.0,2.03,Warning Prompt in Driver Display
VOLVO-VRU-1918,Pedestrian Walking,31.3,5.1,2.44,Warning Prompt in Driver Display
VOLVO-VRU-1919,Pedestrian Running,40.7,3.3,3.72,Warning Prompt in Driver Display
VOLVO-VRU-1920,Pedestrian Walking,19.1,3.2,1.54,Automatic Emergency Braking (AEB)
VOLVO-VRU-1921,Pedestrian Running,7.6,2.2,0.89,Automatic Emergency Braking (AEB)
VOLVO-VRU-1922,Pedestrian Walking,23.3,1.6,2.37,Warning Prompt in Driver Display
VOLVO-VRU-1923,Pedestrian Running,23.2,3.8,1.61,Automatic Emergency Braking (AEB)
VOLVO-VRU-1924,Pedestrian Walking,31.7,2.7,3.18,Warning Prompt in Driver Display
VOLVO-VRU-1925,Pedestrian Walking,27.9,1.4,2.79,Warning Prompt in Driver Display
VOLVO-VRU-1926,Pedestrian Walking,7.1,6.5,0.6,Automatic Emergency Braking (AEB)
VOLVO-VRU-1927,Cyclist Fast,7.4,5.0,1.07,Automatic Emergency Braking (AEB)
VOLVO-VRU-1928,Pedestrian Walking,19.1,2.0,1.94,Warning Prompt in Driver Display
VOLVO-VRU-1929,Cyclist Fast,40.0,2.2,3.53,Warning Prompt in Driver Display
VOLVO-VRU-1930,Pedestrian Walking,25.4,2.3,2.54,Warning Prompt in Driver Display
VOLVO-VRU-1931,Pedestrian Walking,38.2,2.4,3.58,Warning Prompt in Driver Display
VOLVO-VRU-1932,Cyclist Fast,26.8,4.9,1.67,Automatic Emergency Braking (AEB)
VOLVO-VRU-1933,Pedestrian Walking,36.2,2.3,3.3,Warning Prompt in Driver Display
VOLVO-VRU-1934,Pedestrian Walking,26.2,3.4,1.89,Warning Prompt in Driver Display
VOLVO-VRU-1935,Pedestrian Walking,12.0,7.4,0.87,Automatic Emergency Braking (AEB)
VOLVO-VRU-1936,Pedestrian Walking,41.9,7.1,2.46,Warning Prompt in Driver Display
VOLVO-VRU-1937,Pedestrian Walking,17.5,5.5,1.02,Automatic Emergency Braking (AEB)
VOLVO-VRU-1938,Pedestrian Running,15.3,4.0,1.07,Automatic Emergency Braking (AEB)
VOLVO-VRU-1939,Pedestrian Walking,14.2,6.0,0.94,Automatic Emergency Braking (AEB)
VOLVO-VRU-1940,Pedestrian Walking,17.0,7.1,1.33,Automatic Emergency Braking (AEB)
VOLVO-VRU-1941,Cyclist Fast,20.5,2.7,2.19,Warning Prompt in Driver Display
VOLVO-VRU-1942,Pedestrian Walking,37.8,1.2,3.59,Warning Prompt in Driver Display
VOLVO-VRU-1943,Cyclist Fast,22.7,6.0,2.03,Warning Prompt in Driver Display
VOLVO-VRU-1944,Pedestrian Walking,31.2,1.4,2.83,Warning Prompt in Driver Display
VOLVO-VRU-1945,Pedestrian Walking,17.3,2.7,1.57,Automatic Emergency Braking (AEB)
VOLVO-VRU-1946,Cyclist Fast,13.3,6.9,1.1,Automatic Emergency Braking (AEB)
VOLVO-VRU-1947,Child Crossing,6.0,2.9,0.6,Automatic Emergency Braking (AEB)
VOLVO-VRU-1948,Pedestrian Walking,6.6,4.6,0.6,Automatic Emergency Braking (AEB)
VOLVO-VRU-1949,Child Crossing,41.1,7.2,2.43,Warning Prompt in Driver Display
VOLVO-VRU-1950,Child Crossing,12.1,1.1,1.71,Automatic Emergency Braking (AEB)
VOLVO-VRU-1951,Pedestrian Walking,5.4,2.1,0.61,Automatic Emergency Braking (AEB)
VOLVO-VRU-1952,Pedestrian Walking,38.1,5.4,2.88,Warning Prompt in Driver Display
VOLVO-VRU-1953,Cyclist Fast,33.4,4.6,2.78,Warning Prompt in Driver Display
VOLVO-VRU-1954,Pedestrian Walking,13.7,4.8,1.05,Automatic Emergency Braking (AEB)
VOLVO-VRU-1955,Cyclist Fast,7.3,6.9,0.6,Automatic Emergency Braking (AEB)
VOLVO-VRU-1956,Pedestrian Walking,27.4,2.8,2.17,Warning Prompt in Driver Display
VOLVO-VRU-1957,Cyclist Fast,6.9,3.3,1.07,Automatic Emergency Braking (AEB)
VOLVO-VRU-1958,Pedestrian Running,16.4,1.8,1.51,Automatic Emergency Braking (AEB)
VOLVO-VRU-1959,Cyclist Fast,44.6,6.4,2.99,Warning Prompt in Driver Display
VOLVO-VRU-1960,Pedestrian Walking,25.0,7.2,1.93,Warning Prompt in Driver Display
VOLVO-VRU-1961,Child Crossing,19.9,1.2,1.85,Warning Prompt in Driver Display
VOLVO-VRU-1962,Cyclist Fast,32.0,6.3,2.03,Warning Prompt in Driver Display
VOLVO-VRU-1963,Child Crossing,33.0,3.3,2.8,Warning Prompt in Driver Display
VOLVO-VRU-1964,Pedestrian Running,39.0,1.4,3.86,Warning Prompt in Driver Display
VOLVO-VRU-1965,Pedestrian Walking,37.1,7.3,2.33,Warning Prompt in Driver Display
VOLVO-VRU-1966,Pedestrian Walking,41.2,4.5,3.18,Warning Prompt in Driver Display
VOLVO-VRU-1967,Cyclist Fast,27.5,7.5,1.54,Automatic Emergency Braking (AEB)
VOLVO-VRU-1968,Cyclist Fast,11.0,5.8,0.85,Automatic Emergency Braking (AEB)
VOLVO-VRU-1969,Pedestrian Running,41.0,7.3,2.31,Warning Prompt in Driver Display
VOLVO-VRU-1970,Cyclist Fast,40.4,3.1,3.61,Warning Prompt in Driver Display
VOLVO-VRU-1971,Cyclist Fast,20.6,3.1,1.59,Automatic Emergency Braking (AEB)
VOLVO-VRU-1972,Cyclist Fast,30.9,5.9,2.27,Warning Prompt in Driver Display
VOLVO-VRU-1973,Pedestrian Walking,42.6,5.0,3.22,Warning Prompt in Driver Display
VOLVO-VRU-1974,Cyclist Fast,26.3,6.9,2.12,Warning Prompt in Driver Display
VOLVO-VRU-1975,Cyclist Fast,33.8,5.0,2.62,Warning Prompt in Driver Display
VOLVO-VRU-1976,Cyclist Fast,33.9,3.5,2.72,Warning Prompt in Driver Display
VOLVO-VRU-1977,E-Scooter Commuter,11.5,3.1,1.0,Automatic Emergency Braking (AEB)
VOLVO-VRU-1978,Pedestrian Walking,42.6,5.9,2.62,Warning Prompt in Driver Display
VOLVO-VRU-1979,E-Scooter Commuter,9.1,3.7,0.6,Automatic Emergency Braking (AEB)
VOLVO-VRU-1980,Cyclist Fast,16.0,5.3,0.92,Automatic Emergency Braking (AEB)
VOLVO-VRU-1981,Pedestrian Walking,44.6,2.5,4.07,Warning Prompt in Driver Display
VOLVO-VRU-1982,E-Scooter Commuter,17.4,6.1,1.2,Automatic Emergency Braking (AEB)
VOLVO-VRU-1983,Pedestrian Running,9.8,3.4,0.69,Automatic Emergency Braking (AEB)
VOLVO-VRU-1984,Cyclist Fast,37.5,7.0,2.37,Warning Prompt in Driver Display
VOLVO-VRU-1985,Pedestrian Walking,32.9,7.3,2.47,Warning Prompt in Driver Display
VOLVO-VRU-1986,Cyclist Fast,39.4,7.5,2.33,Warning Prompt in Driver Display
VOLVO-VRU-1987,Pedestrian Walking,8.0,4.6,0.6,Automatic Emergency Braking (AEB)
VOLVO-VRU-1988,Child Crossing,22.4,2.1,2.1,Warning Prompt in Driver Display
VOLVO-VRU-1989,Pedestrian Running,41.4,4.6,3.47,Warning Prompt in Driver Display
VOLVO-VRU-1990,Cyclist Fast,30.7,4.6,2.53,Warning Prompt in Driver Display
VOLVO-VRU-1991,Pedestrian Walking,33.4,2.7,3.08,Warning Prompt in Driver Display
VOLVO-VRU-1992,Cyclist Fast,8.8,6.2,0.6,Automatic Emergency Braking (AEB)
VOLVO-VRU-1993,Pedestrian Walking,22.4,5.5,1.74,Automatic Emergency Braking (AEB)
VOLVO-VRU-1994,Pedestrian Walking,23.5,7.2,1.43,Automatic Emergency Braking (AEB)
VOLVO-VRU-1995,Pedestrian Walking,35.9,6.3,2.31,Warning Prompt in Driver Display
VOLVO-VRU-1996,E-Scooter Commuter,15.2,6.5,1.13,Automatic Emergency Braking (AEB)
VOLVO-VRU-1997,Cyclist Fast,26.6,4.8,2.01,Warning Prompt in Driver Display
VOLVO-VRU-1998,Cyclist Fast,25.6,5.1,2.09,Warning Prompt in Driver Display
VOLVO-VRU-1999,E-Scooter Commuter,19.6,1.8,2.09,Warning Prompt in Driver Display
VOLVO-VRU-2000,Pedestrian Running,5.7,3.1,0.6,Automatic Emergency Braking (AEB)
VOLVO-VRU-2001,Pedestrian Walking,33.8,6.2,1.95,Warning Prompt in Driver Display
VOLVO-VRU-2002,E-Scooter Commuter,32.6,6.0,2.31,Warning Prompt in Driver Display
VOLVO-VRU-2003,Pedestrian Walking,29.2,3.4,2.85,Warning Prompt in Driver Display
VOLVO-VRU-2004,E-Scooter Commuter,33.8,3.6,2.47,Warning Prompt in Driver Display
VOLVO-VRU-2005,Pedestrian Walking,26.3,3.2,2.52,Warning Prompt in Driver Display
VOLVO-VRU-2006,Pedestrian Walking,9.7,6.1,0.6,Automatic Emergency Braking (AEB)
VOLVO-VRU-2007,Pedestrian Walking,11.2,2.2,1.04,Automatic Emergency Braking (AEB)
VOLVO-VRU-2008,Pedestrian Walking,29.3,5.8,1.87,Warning Prompt in Driver Display
VOLVO-VRU-2009,Pedestrian Running,17.0,5.1,1.25,Automatic Emergency Braking (AEB)
VOLVO-VRU-2010,Cyclist Fast,35.4,1.2,3.66,Warning Prompt in Driver Display
VOLVO-VRU-2011,E-Scooter Commuter,16.7,1.4,1.6,Automatic Emergency Braking (AEB)
VOLVO-VRU-2012,E-Scooter Commuter,33.0,5.3,2.15,Warning Prompt in Driver Display
VOLVO-VRU-2013,Cyclist Fast,44.5,7.3,2.86,Warning Prompt in Driver Display
VOLVO-VRU-2014,Pedestrian Walking,34.8,2.6,3.26,Warning Prompt in Driver Display
VOLVO-VRU-2015,Pedestrian Walking,24.8,5.2,1.93,Warning Prompt in Driver Display
VOLVO-VRU-2016,Child Crossing,31.8,3.4,2.79,Warning Prompt in Driver Display
VOLVO-VRU-2017,Pedestrian Running,20.0,2.9,1.49,Automatic Emergency Braking (AEB)
VOLVO-VRU-2018,Child Crossing,8.6,6.7,0.6,Automatic Emergency Braking (AEB)
VOLVO-VRU-2019,Pedestrian Walking,24.5,7.2,1.65,Automatic Emergency Braking (AEB)
VOLVO-VRU-2020,E-Scooter Commuter,15.6,6.3,0.99,Automatic Emergency Braking (AEB)
VOLVO-VRU-2021,Pedestrian Walking,24.7,5.7,1.75,Automatic Emergency Braking (AEB)
VOLVO-VRU-2022,Cyclist Fast,22.3,3.0,1.83,Warning Prompt in Driver Display
VOLVO-VRU-2023,Pedestrian Walking,12.6,3.3,1.16,Automatic Emergency Braking (AEB)
VOLVO-VRU-2024,E-Scooter Commuter,33.2,2.8,2.88,Warning Prompt in Driver Display
VOLVO-VRU-2025,Pedestrian Running,13.2,3.4,1.05,Automatic Emergency Braking (AEB)
VOLVO-VRU-2026,Pedestrian Running,44.1,4.1,3.17,Warning Prompt in Driver Display
VOLVO-VRU-2027,Pedestrian Walking,9.2,4.6,0.6,Automatic Emergency Braking (AEB)
VOLVO-VRU-2028,Pedestrian Walking,14.4,3.1,1.29,Automatic Emergency Braking (AEB)
VOLVO-VRU-2029,Pedestrian Walking,13.3,4.4,1.16,Automatic Emergency Braking (AEB)
VOLVO-VRU-2030,Pedestrian Running,19.2,4.0,1.92,Warning Prompt in Driver Display
VOLVO-VRU-2031,Pedestrian Walking,24.0,2.0,1.96,Warning Prompt in Driver Display
VOLVO-VRU-2032,Pedestrian Walking,17.4,6.5,1.37,Automatic Emergency Braking (AEB)
VOLVO-VRU-2033,Pedestrian Walking,25.1,4.8,1.91,Warning Prompt in Driver Display
VOLVO-VRU-2034,Cyclist Fast,40.1,6.0,2.77,Warning Prompt in Driver Display
VOLVO-VRU-2035,E-Scooter Commuter,14.5,3.5,1.53,Automatic Emergency Braking (AEB)
VOLVO-VRU-2036,Pedestrian Walking,24.8,4.5,1.88,Warning Prompt in Driver Display
VOLVO-VRU-2037,Pedestrian Walking,42.1,3.5,3.53,Warning Prompt in Driver Display
VOLVO-VRU-2038,Cyclist Fast,30.6,2.4,2.77,Warning Prompt in Driver Display
VOLVO-VRU-2039,Cyclist Fast,37.1,1.2,4.0,Warning Prompt in Driver Display
VOLVO-VRU-2040,Pedestrian Walking,44.2,4.3,3.39,Warning Prompt in Driver Display
VOLVO-VRU-2041,Pedestrian Walking,37.3,5.8,2.87,Warning Prompt in Driver Display
VOLVO-VRU-2042,Pedestrian Walking,43.5,4.9,3.16,Warning Prompt in Driver Display
VOLVO-VRU-2043,Pedestrian Walking,36.2,2.7,3.36,Warning Prompt in Driver Display
VOLVO-VRU-2044,Cyclist Fast,43.7,3.9,3.35,Warning Prompt in Driver Display
VOLVO-VRU-2045,Pedestrian Walking,43.7,2.2,3.77,Warning Prompt in Driver Display
VOLVO-VRU-2046,Cyclist Fast,39.1,3.7,3.02,Warning Prompt in Driver Display
VOLVO-VRU-2047,Pedestrian Walking,40.4,5.5,3.15,Warning Prompt in Driver Display
VOLVO-VRU-2048,Pedestrian Walking,16.7,4.6,1.26,Automatic Emergency Braking (AEB)
VOLVO-VRU-2049,Cyclist Fast,41.8,1.4,4.08,Warning Prompt in Driver Display
VOLVO-VRU-2050,Pedestrian Walking,39.9,6.4,2.77,Warning Prompt in Driver Display
VOLVO-VRU-2051,E-Scooter Commuter,36.1,6.3,2.6,Warning Prompt in Driver Display
VOLVO-VRU-2052,Pedestrian Walking,25.5,2.8,2.35,Warning Prompt in Driver Display
VOLVO-VRU-2053,Cyclist Fast,24.6,2.7,2.38,Warning Prompt in Driver Display
VOLVO-VRU-2054,E-Scooter Commuter,28.9,4.9,2.08,Warning Prompt in Driver Display
VOLVO-VRU-2055,E-Scooter Commuter,38.3,3.2,3.14,Warning Prompt in Driver Display
VOLVO-VRU-2056,Cyclist Fast,12.0,4.9,0.92,Automatic Emergency Braking (AEB)
VOLVO-VRU-2057,Cyclist Fast,32.9,4.3,2.68,Warning Prompt in Driver Display
VOLVO-VRU-2058,Cyclist Fast,37.4,6.4,2.26,Warning Prompt in Driver Display
VOLVO-VRU-2059,Pedestrian Walking,32.6,6.1,2.47,Warning Prompt in Driver Display
VOLVO-VRU-2060,Pedestrian Walking,7.0,1.3,0.8,Automatic Emergency Braking (AEB)
VOLVO-VRU-2061,Pedestrian Walking,11.0,5.8,0.73,Automatic Emergency Braking (AEB)
VOLVO-VRU-2062,Pedestrian Running,11.3,4.9,0.98,Automatic Emergency Braking (AEB)
VOLVO-VRU-2063,E-Scooter Commuter,20.9,3.3,1.84,Warning Prompt in Driver Display
VOLVO-VRU-2064,Child Crossing,29.8,2.7,2.65,Warning Prompt in Driver Display
VOLVO-VRU-2065,Pedestrian Walking,15.3,2.1,1.03,Automatic Emergency Braking (AEB)
VOLVO-VRU-2066,Pedestrian Walking,22.9,6.1,1.34,Automatic Emergency Braking (AEB)
VOLVO-VRU-2067,Pedestrian Walking,23.8,5.9,1.21,Automatic Emergency Braking (AEB)
VOLVO-VRU-2068,Pedestrian Walking,18.9,7.3,1.41,Automatic Emergency Braking (AEB)
VOLVO-VRU-2069,Cyclist Fast,20.3,6.0,1.36,Automatic Emergency Braking (AEB)
VOLVO-VRU-2070,Pedestrian Walking,37.6,6.0,2.46,Warning Prompt in Driver Display
VOLVO-VRU-2071,E-Scooter Commuter,14.3,4.9,0.9,Automatic Emergency Braking (AEB)
VOLVO-VRU-2072,Pedestrian Walking,30.0,6.2,2.39,Warning Prompt in Driver Display
VOLVO-VRU-2073,Pedestrian Walking,29.2,7.1,1.85,Warning Prompt in Driver Display
VOLVO-VRU-2074,Pedestrian Walking,24.5,5.9,1.85,Warning Prompt in Driver Display
VOLVO-VRU-2075,Cyclist Fast,31.1,2.3,2.58,Warning Prompt in Driver Display
VOLVO-VRU-2076,Pedestrian Walking,8.9,2.0,0.9,Automatic Emergency Braking (AEB)
VOLVO-VRU-2077,Pedestrian Walking,17.4,6.0,1.05,Automatic Emergency Braking (AEB)
VOLVO-VRU-2078,Pedestrian Running,12.5,6.4,0.6,Automatic Emergency Braking (AEB)
VOLVO-VRU-2079,Child Crossing,23.7,2.1,2.07,Warning Prompt in Driver Display
VOLVO-VRU-2080,E-Scooter Commuter,11.7,5.5,0.87,Automatic Emergency Braking (AEB)
VOLVO-VRU-2081,Pedestrian Walking,32.5,7.4,2.48,Warning Prompt in Driver Display
VOLVO-VRU-2082,Pedestrian Walking,33.7,1.8,3.28,Warning Prompt in Driver Display
VOLVO-VRU-2083,Cyclist Fast,42.0,5.4,2.99,Warning Prompt in Driver Display
VOLVO-VRU-2084,Pedestrian Running,20.7,6.3,1.67,Automatic Emergency Braking (AEB)
VOLVO-VRU-2085,Pedestrian Walking,36.1,1.7,3.38,Warning Prompt in Driver Display
VOLVO-VRU-2086,Pedestrian Running,13.3,4.8,0.78,Automatic Emergency Braking (AEB)
VOLVO-VRU-2087,E-Scooter Commuter,41.1,1.5,4.24,Warning Prompt in Driver Display
VOLVO-VRU-2088,E-Scooter Commuter,32.3,1.9,2.9,Warning Prompt in Driver Display
VOLVO-VRU-2089,Pedestrian Running,17.4,4.9,1.02,Automatic Emergency Braking (AEB)
VOLVO-VRU-2090,Pedestrian Walking,29.6,2.7,2.56,Warning Prompt in Driver Display
VOLVO-VRU-2091,Cyclist Fast,25.1,4.9,1.97,Warning Prompt in Driver Display
VOLVO-VRU-2092,Pedestrian Walking,14.4,6.1,1.13,Automatic Emergency Braking (AEB)
VOLVO-VRU-2093,Pedestrian Walking,44.8,5.6,3.04,Warning Prompt in Driver Display
VOLVO-VRU-2094,Pedestrian Running,22.2,4.4,1.84,Warning Prompt in Driver Display
VOLVO-VRU-2095,Pedestrian Walking,29.5,1.9,2.85,Warning Prompt in Driver Display
VOLVO-VRU-2096,Pedestrian Running,22.0,1.8,2.36,Warning Prompt in Driver Display
VOLVO-VRU-2097,Pedestrian Walking,27.4,7.0,1.57,Automatic Emergency Braking (AEB)
VOLVO-VRU-2098,Cyclist Fast,36.0,6.6,2.56,Warning Prompt in Driver Display
VOLVO-VRU-2099,Pedestrian Walking,38.4,4.8,2.7,Warning Prompt in Driver Display
VOLVO-VRU-2100,Pedestrian Walking,5.4,6.0,0.6,Automatic Emergency Braking (AEB)
VOLVO-VRU-2101,E-Scooter Commuter,33.4,2.7,3.21,Warning Prompt in Driver Display
VOLVO-VRU-2102,Pedestrian Running,14.8,3.0,1.25,Automatic Emergency Braking (AEB)
VOLVO-VRU-2103,Cyclist Fast,15.5,6.0,1.1,Automatic Emergency Braking (AEB)
VOLVO-VRU-2104,Pedestrian Walking,26.2,1.2,3.0,Warning Prompt in Driver Display
VOLVO-VRU-2105,Pedestrian Running,40.1,2.4,3.43,Warning Prompt in Driver Display
VOLVO-VRU-2106,Cyclist Fast,23.3,6.7,1.64,Automatic Emergency Braking (AEB)
VOLVO-VRU-2107,Pedestrian Walking,12.2,6.6,0.8,Automatic Emergency Braking (AEB)
VOLVO-VRU-2108,Pedestrian Walking,15.2,6.3,0.78,Automatic Emergency Braking (AEB)
VOLVO-VRU-2109,Pedestrian Running,27.6,7.1,1.86,Warning Prompt in Driver Display
VOLVO-VRU-2110,Pedestrian Walking,30.0,2.9,2.86,Warning Prompt in Driver Display
VOLVO-VRU-2111,Pedestrian Walking,25.1,3.9,1.61,Automatic Emergency Braking (AEB)
VOLVO-VRU-2112,E-Scooter Commuter,32.6,2.3,2.74,Warning Prompt in Driver Display
VOLVO-VRU-2113,Pedestrian Running,25.5,3.1,2.43,Warning Prompt in Driver Display
VOLVO-VRU-2114,Pedestrian Walking,34.4,1.4,3.44,Warning Prompt in Driver Display
VOLVO-VRU-2115,Pedestrian Walking,22.4,6.0,1.68,Automatic Emergency Braking (AEB)
VOLVO-VRU-2116,Pedestrian Running,33.2,3.6,2.74,Warning Prompt in Driver Display
VOLVO-VRU-2117,Pedestrian Running,40.9,5.6,3.22,Warning Prompt in Driver Display
VOLVO-VRU-2118,E-Scooter Commuter,13.5,2.6,1.52,Automatic Emergency Braking (AEB)
VOLVO-VRU-2119,Pedestrian Walking,43.3,5.3,3.02,Warning Prompt in Driver Display
VOLVO-VRU-2120,Pedestrian Walking,12.3,6.1,1.02,Automatic Emergency Braking (AEB)
VOLVO-VRU-2121,Cyclist Fast,23.5,2.9,1.88,Warning Prompt in Driver Display
VOLVO-VRU-2122,Pedestrian Walking,28.5,6.8,1.99,Warning Prompt in Driver Display
VOLVO-VRU-2123,Pedestrian Running,24.9,6.7,1.91,Warning Prompt in Driver Display
VOLVO-VRU-2124,Child Crossing,12.0,4.5,0.87,Automatic Emergency Braking (AEB)
VOLVO-VRU-2125,Pedestrian Walking,21.1,3.5,1.84,Warning Prompt in Driver Display
VOLVO-VRU-2126,Cyclist Fast,43.2,5.3,2.75,Warning Prompt in Driver Display
VOLVO-VRU-2127,E-Scooter Commuter,40.0,2.8,3.48,Warning Prompt in Driver Display
VOLVO-VRU-2128,Pedestrian Walking,31.4,6.4,2.36,Warning Prompt in Driver Display
VOLVO-VRU-2129,Pedestrian Walking,15.8,2.3,1.25,Automatic Emergency Braking (AEB)
VOLVO-VRU-2130,Child Crossing,15.8,5.0,0.8,Automatic Emergency Braking (AEB)
VOLVO-VRU-2131,Pedestrian Walking,10.8,2.1,1.11,Automatic Emergency Braking (AEB)
VOLVO-VRU-2132,Pedestrian Running,42.2,4.6,3.37,Warning Prompt in Driver Display
VOLVO-VRU-2133,Cyclist Fast,22.0,5.5,1.46,Automatic Emergency Braking (AEB)
VOLVO-VRU-2134,Pedestrian Running,5.6,5.9,0.6,Automatic Emergency Braking (AEB)
VOLVO-VRU-2135,Pedestrian Running,29.9,6.2,2.1,Warning Prompt in Driver Display
VOLVO-VRU-2136,Pedestrian Walking,43.1,3.2,3.51,Warning Prompt in Driver Display
VOLVO-VRU-2137,Pedestrian Running,31.7,1.5,3.19,Warning Prompt in Driver Display
VOLVO-VRU-2138,E-Scooter Commuter,30.1,5.3,2.13,Warning Prompt in Driver Display
VOLVO-VRU-2139,Child Crossing,6.8,5.0,0.6,Automatic Emergency Braking (AEB)
VOLVO-VRU-2140,Pedestrian Running,21.3,6.8,0.89,Automatic Emergency Braking (AEB)
VOLVO-VRU-2141,Cyclist Fast,31.8,2.1,2.83,Warning Prompt in Driver Display
VOLVO-VRU-2142,Pedestrian Walking,11.2,3.6,0.66,Automatic Emergency Braking (AEB)
VOLVO-VRU-2143,Pedestrian Walking,6.2,2.7,0.6,Automatic Emergency Braking (AEB)
VOLVO-VRU-2144,E-Scooter Commuter,5.5,1.4,0.64,Automatic Emergency Braking (AEB)
VOLVO-VRU-2145,Cyclist Fast,27.2,3.2,2.1,Warning Prompt in Driver Display
VOLVO-VRU-2146,Pedestrian Walking,24.5,5.8,1.66,Automatic Emergency Braking (AEB)
VOLVO-VRU-2147,Pedestrian Walking,12.7,2.9,1.21,Automatic Emergency Braking (AEB)
VOLVO-VRU-2148,E-Scooter Commuter,12.5,1.9,1.09,Automatic Emergency Braking (AEB)
VOLVO-VRU-2149,Cyclist Fast,16.5,5.9,1.08,Automatic Emergency Braking (AEB)
VOLVO-VRU-2150,Pedestrian Walking,27.5,1.1,2.74,Warning Prompt in Driver Display
VOLVO-VRU-2151,Pedestrian Walking,42.9,7.5,2.58,Warning Prompt in Driver Display
VOLVO-VRU-2152,Cyclist Fast,25.4,4.2,2.35,Warning Prompt in Driver Display
VOLVO-VRU-2153,Cyclist Fast,30.0,3.6,2.62,Warning Prompt in Driver Display
VOLVO-VRU-2154,Pedestrian Running,33.5,5.1,2.41,Warning Prompt in Driver Display
VOLVO-VRU-2155,Pedestrian Walking,21.1,2.2,1.49,Automatic Emergency Braking (AEB)
VOLVO-VRU-2156,Pedestrian Running,37.9,2.6,3.26,Warning Prompt in Driver Display
VOLVO-VRU-2157,Pedestrian Walking,31.0,5.0,2.53,Warning Prompt in Driver Display
VOLVO-VRU-2158,Cyclist Fast,24.0,3.9,2.13,Warning Prompt in Driver Display
VOLVO-VRU-2159,Cyclist Fast,30.2,6.5,1.79,Automatic Emergency Braking (AEB)
VOLVO-VRU-2160,Child Crossing,38.4,4.0,3.06,Warning Prompt in Driver Display
VOLVO-VRU-2161,Pedestrian Walking,42.9,2.3,3.49,Warning Prompt in Driver Display
VOLVO-VRU-2162,Pedestrian Walking,27.0,2.0,2.01,Warning Prompt in Driver Display
VOLVO-VRU-2163,E-Scooter Commuter,41.7,4.5,3.2,Warning Prompt in Driver Display
VOLVO-VRU-2164,Cyclist Fast,34.0,4.1,2.44,Warning Prompt in Driver Display
VOLVO-VRU-2165,Pedestrian Walking,21.9,3.6,2.01,Warning Prompt in Driver Display
VOLVO-VRU-2166,Pedestrian Running,12.5,3.4,0.69,Automatic Emergency Braking (AEB)
VOLVO-VRU-2167,Cyclist Fast,10.9,4.7,0.71,Automatic Emergency Braking (AEB)
VOLVO-VRU-2168,Pedestrian Walking,12.9,3.1,1.2,Automatic Emergency Braking (AEB)
VOLVO-VRU-2169,Pedestrian Walking,38.7,1.4,3.77,Warning Prompt in Driver Display
VOLVO-VRU-2170,Pedestrian Walking,33.0,1.3,2.84,Warning Prompt in Driver Display
VOLVO-VRU-2171,Pedestrian Walking,44.4,4.7,3.22,Warning Prompt in Driver Display
VOLVO-VRU-2172,Child Crossing,41.2,5.3,2.76,Warning Prompt in Driver Display
VOLVO-VRU-2173,Cyclist Fast,20.0,1.1,2.13,Warning Prompt in Driver Display
VOLVO-VRU-2174,Pedestrian Running,16.7,4.2,1.3,Automatic Emergency Braking (AEB)
VOLVO-VRU-2175,Pedestrian Running,11.2,6.6,0.64,Automatic Emergency Braking (AEB)
VOLVO-VRU-2176,Pedestrian Running,19.5,6.2,1.26,Automatic Emergency Braking (AEB)
VOLVO-VRU-2177,Child Crossing,23.4,6.2,1.2,Automatic Emergency Braking (AEB)
VOLVO-VRU-2178,Pedestrian Walking,24.7,6.8,1.35,Automatic Emergency Braking (AEB)
VOLVO-VRU-2179,E-Scooter Commuter,29.0,6.2,2.07,Warning Prompt in Driver Display
VOLVO-VRU-2180,Pedestrian Walking,38.1,4.1,2.85,Warning Prompt in Driver Display
VOLVO-VRU-2181,Pedestrian Walking,18.3,6.6,1.66,Automatic Emergency Braking (AEB)
VOLVO-VRU-2182,Pedestrian Walking,33.6,5.7,2.55,Warning Prompt in Driver Display
VOLVO-VRU-2183,Cyclist Fast,23.1,6.5,1.38,Automatic Emergency Braking (AEB)
VOLVO-VRU-2184,Pedestrian Walking,21.9,3.7,1.82,Warning Prompt in Driver Display
VOLVO-VRU-2185,Cyclist Fast,20.9,5.4,1.54,Automatic Emergency Braking (AEB)
VOLVO-VRU-2186,Cyclist Fast,27.6,5.7,1.9,Warning Prompt in Driver Display
VOLVO-VRU-2187,Pedestrian Walking,28.6,1.9,2.56,Warning Prompt in Driver Display
VOLVO-VRU-2188,Pedestrian Walking,12.5,5.6,0.61,Automatic Emergency Braking (AEB)
VOLVO-VRU-2189,Pedestrian Running,10.7,5.9,0.92,Automatic Emergency Braking (AEB)
VOLVO-VRU-2190,Cyclist Fast,24.5,6.4,1.59,Automatic Emergency Braking (AEB)
VOLVO-VRU-2191,Child Crossing,12.8,6.0,1.18,Automatic Emergency Braking (AEB)
VOLVO-VRU-2192,Cyclist Fast,5.3,4.9,0.62,Automatic Emergency Braking (AEB)
VOLVO-VRU-2193,Pedestrian Running,37.5,4.7,3.34,Warning Prompt in Driver Display
VOLVO-VRU-2194,Pedestrian Walking,16.0,3.0,0.87,Automatic Emergency Braking (AEB)
VOLVO-VRU-2195,Pedestrian Walking,40.9,1.8,4.02,Warning Prompt in Driver Display
VOLVO-VRU-2196,Pedestrian Walking,16.7,5.9,0.63,Automatic Emergency Braking (AEB)
VOLVO-VRU-2197,Cyclist Fast,7.3,4.4,0.6,Automatic Emergency Braking (AEB)
VOLVO-VRU-2198,E-Scooter Commuter,44.4,3.1,3.97,Warning Prompt in Driver Display
VOLVO-VRU-2199,Cyclist Fast,31.4,4.8,2.35,Warning Prompt in Driver Display
VOLVO-VRU-2200,Cyclist Fast,8.1,4.3,0.8,Automatic Emergency Braking (AEB)
VOLVO-VRU-2201,E-Scooter Commuter,26.3,1.2,2.65,Warning Prompt in Driver Display
VOLVO-VRU-2202,Pedestrian Walking,42.0,4.2,3.62,Warning Prompt in Driver Display
VOLVO-VRU-2203,Pedestrian Walking,24.9,1.9,2.25,Warning Prompt in Driver Display
VOLVO-VRU-2204,Pedestrian Running,27.2,1.3,2.73,Warning Prompt in Driver Display
VOLVO-VRU-2205,Pedestrian Walking,31.4,1.6,2.83,Warning Prompt in Driver Display
VOLVO-VRU-2206,Pedestrian Running,13.3,6.0,1.14,Automatic Emergency Braking (AEB)
VOLVO-VRU-2207,Pedestrian Walking,26.8,6.5,1.69,Automatic Emergency Braking (AEB)
VOLVO-VRU-2208,Pedestrian Walking,12.0,1.1,1.14,Automatic Emergency Braking (AEB)
VOLVO-VRU-2209,Pedestrian Running,15.0,3.6,1.15,Automatic Emergency Braking (AEB)
VOLVO-VRU-2210,Pedestrian Running,24.5,5.3,2.18,Warning Prompt in Driver Display
VOLVO-VRU-2211,E-Scooter Commuter,17.3,6.8,1.19,Automatic Emergency Braking (AEB)
VOLVO-VRU-2212,Pedestrian Running,32.9,5.2,2.3,Warning Prompt in Driver Display
VOLVO-VRU-2213,Pedestrian Walking,22.4,2.8,2.2,Warning Prompt in Driver Display
VOLVO-VRU-2214,Pedestrian Walking,24.9,7.4,1.52,Automatic Emergency Braking (AEB)
VOLVO-VRU-2215,E-Scooter Commuter,25.6,4.1,1.78,Automatic Emergency Braking (AEB)
VOLVO-VRU-2216,Cyclist Fast,16.2,5.6,0.98,Automatic Emergency Braking (AEB)
VOLVO-VRU-2217,Cyclist Fast,18.7,5.2,1.04,Automatic Emergency Braking (AEB)
VOLVO-VRU-2218,Pedestrian Walking,35.0,3.9,2.61,Warning Prompt in Driver Display
VOLVO-VRU-2219,Cyclist Fast,26.3,2.0,2.77,Warning Prompt in Driver Display
VOLVO-VRU-2220,E-Scooter Commuter,32.1,4.7,2.32,Warning Prompt in Driver Display
VOLVO-VRU-2221,Cyclist Fast,36.5,5.6,2.31,Warning Prompt in Driver Display
VOLVO-VRU-2222,Pedestrian Walking,43.8,5.6,2.97,Warning Prompt in Driver Display
VOLVO-VRU-2223,Pedestrian Running,7.5,5.1,0.6,Automatic Emergency Braking (AEB)
VOLVO-VRU-2224,Pedestrian Walking,33.2,3.3,2.69,Warning Prompt in Driver Display
VOLVO-VRU-2225,Pedestrian Walking,7.5,3.2,0.91,Automatic Emergency Braking (AEB)
VOLVO-VRU-2226,Cyclist Fast,27.4,7.1,1.7,Automatic Emergency Braking (AEB)
VOLVO-VRU-2227,Pedestrian Walking,20.0,5.2,1.3,Automatic Emergency Braking (AEB)
VOLVO-VRU-2228,Pedestrian Walking,30.9,4.9,2.04,Warning Prompt in Driver Display
VOLVO-VRU-2229,Pedestrian Walking,16.4,5.2,1.57,Automatic Emergency Braking (AEB)
VOLVO-VRU-2230,Pedestrian Walking,19.5,3.4,1.59,Automatic Emergency Braking (AEB)
VOLVO-VRU-2231,Cyclist Fast,12.0,5.9,1.18,Automatic Emergency Braking (AEB)
VOLVO-VRU-2232,Pedestrian Walking,20.1,5.9,1.45,Automatic Emergency Braking (AEB)
VOLVO-VRU-2233,Child Crossing,14.1,4.1,1.09,Automatic Emergency Braking (AEB)
VOLVO-VRU-2234,Cyclist Fast,8.8,3.0,0.6,Automatic Emergency Braking (AEB)
VOLVO-VRU-2235,Cyclist Fast,18.6,6.6,0.89,Automatic Emergency Braking (AEB)
VOLVO-VRU-2236,Pedestrian Running,34.3,2.4,3.12,Warning Prompt in Driver Display
VOLVO-VRU-2237,Pedestrian Walking,36.7,7.5,2.42,Warning Prompt in Driver Display
VOLVO-VRU-2238,Cyclist Fast,35.8,3.0,3.19,Warning Prompt in Driver Display
VOLVO-VRU-2239,Pedestrian Walking,44.6,2.7,3.92,Warning Prompt in Driver Display
VOLVO-VRU-2240,Pedestrian Walking,33.3,4.8,2.47,Warning Prompt in Driver Display
VOLVO-VRU-2241,Cyclist Fast,16.6,2.5,1.45,Automatic Emergency Braking (AEB)
VOLVO-VRU-2242,E-Scooter Commuter,18.6,4.9,1.3,Automatic Emergency Braking (AEB)
VOLVO-VRU-2243,Pedestrian Walking,24.3,4.4,2.1,Warning Prompt in Driver Display
VOLVO-VRU-2244,Pedestrian Walking,38.8,1.3,4.15,Warning Prompt in Driver Display
VOLVO-VRU-2245,Cyclist Fast,36.8,5.0,3.09,Warning Prompt in Driver Display
VOLVO-VRU-2246,Pedestrian Walking,35.5,3.8,3.06,Warning Prompt in Driver Display
VOLVO-VRU-2247,Cyclist Fast,10.1,4.6,1.0,Automatic Emergency Braking (AEB)
VOLVO-VRU-2248,Pedestrian Walking,8.4,3.9,0.81,Automatic Emergency Braking (AEB)
VOLVO-VRU-2249,Pedestrian Walking,18.1,6.0,1.31,Automatic Emergency Braking (AEB)
VOLVO-VRU-2250,E-Scooter Commuter,36.4,2.1,3.82,Warning Prompt in Driver Display
VOLVO-VRU-2251,Pedestrian Walking,41.6,4.9,3.43,Warning Prompt in Driver Display
VOLVO-VRU-2252,Pedestrian Walking,25.1,1.6,2.3,Warning Prompt in Driver Display
VOLVO-VRU-2253,Cyclist Fast,33.8,4.1,2.62,Warning Prompt in Driver Display
VOLVO-VRU-2254,Cyclist Fast,24.9,2.1,2.12,Warning Prompt in Driver Display
VOLVO-VRU-2255,Pedestrian Walking,5.5,4.2,0.6,Automatic Emergency Braking (AEB)
VOLVO-VRU-2256,Pedestrian Running,32.6,1.4,3.53,Warning Prompt in Driver Display
VOLVO-VRU-2257,Pedestrian Walking,32.8,4.6,1.9,Warning Prompt in Driver Display
VOLVO-VRU-2258,Pedestrian Running,8.4,6.0,0.6,Automatic Emergency Braking (AEB)
VOLVO-VRU-2259,Pedestrian Walking,26.1,5.0,2.14,Warning Prompt in Driver Display
VOLVO-VRU-2260,Cyclist Fast,19.5,4.9,1.41,Automatic Emergency Braking (AEB)
VOLVO-VRU-2261,Pedestrian Walking,16.2,3.8,0.91,Automatic Emergency Braking (AEB)
VOLVO-VRU-2262,Pedestrian Walking,26.1,3.6,2.3,Warning Prompt in Driver Display
VOLVO-VRU-2263,Pedestrian Walking,35.1,3.7,2.7,Warning Prompt in Driver Display
VOLVO-VRU-2264,Pedestrian Walking,40.6,6.1,2.66,Warning Prompt in Driver Display
VOLVO-VRU-2265,Pedestrian Running,7.5,5.9,0.6,Automatic Emergency Braking (AEB)
VOLVO-VRU-2266,Pedestrian Running,43.5,5.5,3.08,Warning Prompt in Driver Display
VOLVO-VRU-2267,Pedestrian Walking,25.8,4.5,2.16,Warning Prompt in Driver Display
VOLVO-VRU-2268,Cyclist Fast,5.8,6.2,0.6,Automatic Emergency Braking (AEB)
VOLVO-VRU-2269,E-Scooter Commuter,29.4,1.6,3.09,Warning Prompt in Driver Display
VOLVO-VRU-2270,Pedestrian Running,41.6,4.0,3.37,Warning Prompt in Driver Display
VOLVO-VRU-2271,Pedestrian Walking,28.4,3.8,2.37,Warning Prompt in Driver Display
VOLVO-VRU-2272,Pedestrian Walking,10.4,5.4,0.72,Automatic Emergency Braking (AEB)
VOLVO-VRU-2273,E-Scooter Commuter,31.1,3.5,2.67,Warning Prompt in Driver Display
VOLVO-VRU-2274,Pedestrian Walking,16.4,5.4,1.26,Automatic Emergency Braking (AEB)
VOLVO-VRU-2275,Pedestrian Running,36.6,4.2,2.74,Warning Prompt in Driver Display
VOLVO-VRU-2276,Child Crossing,23.0,5.2,1.88,Warning Prompt in Driver Display
VOLVO-VRU-2277,Cyclist Fast,21.1,3.1,2.06,Warning Prompt in Driver Display
VOLVO-VRU-2278,Cyclist Fast,36.8,4.9,2.7,Warning Prompt in Driver Display
VOLVO-VRU-2279,Pedestrian Walking,27.9,6.5,2.04,Warning Prompt in Driver Display
VOLVO-VRU-2280,Cyclist Fast,21.3,6.0,1.09,Automatic Emergency Braking (AEB)
VOLVO-VRU-2281,Pedestrian Walking,12.1,4.4,0.72,Automatic Emergency Braking (AEB)
VOLVO-VRU-2282,Pedestrian Walking,17.1,6.7,1.14,Automatic Emergency Braking (AEB)
VOLVO-VRU-2283,Pedestrian Walking,10.3,2.0,0.97,Automatic Emergency Braking (AEB)
VOLVO-VRU-2284,Pedestrian Walking,8.1,5.7,0.6,Automatic Emergency Braking (AEB)
VOLVO-VRU-2285,E-Scooter Commuter,10.1,3.0,1.01,Automatic Emergency Braking (AEB)
VOLVO-VRU-2286,Cyclist Fast,25.8,7.1,1.76,Automatic Emergency Braking (AEB)
VOLVO-VRU-2287,Pedestrian Walking,7.8,3.6,0.99,Automatic Emergency Braking (AEB)
VOLVO-VRU-2288,Cyclist Fast,26.1,3.8,2.28,Warning Prompt in Driver Display
VOLVO-VRU-2289,Pedestrian Running,32.3,3.5,2.74,Warning Prompt in Driver Display
VOLVO-VRU-2290,Child Crossing,12.1,2.0,1.29,Automatic Emergency Braking (AEB)
VOLVO-VRU-2291,Pedestrian Walking,21.6,4.6,1.7,Automatic Emergency Braking (AEB)
VOLVO-VRU-2292,Pedestrian Walking,8.1,4.9,0.6,Automatic Emergency Braking (AEB)
VOLVO-VRU-2293,E-Scooter Commuter,21.6,1.9,2.24,Warning Prompt in Driver Display
VOLVO-VRU-2294,Pedestrian Walking,35.5,6.1,2.01,Warning Prompt in Driver Display
VOLVO-VRU-2295,Pedestrian Walking,33.2,1.1,3.23,Warning Prompt in Driver Display
VOLVO-VRU-2296,E-Scooter Commuter,39.2,4.3,2.99,Warning Prompt in Driver Display
VOLVO-VRU-2297,Cyclist Fast,11.5,7.0,0.78,Automatic Emergency Braking (AEB)
VOLVO-VRU-2298,Cyclist Fast,30.2,1.8,3.03,Warning Prompt in Driver Display
VOLVO-VRU-2299,Pedestrian Walking,36.9,1.6,3.56,Warning Prompt in Driver Display
VOLVO-VRU-2300,Pedestrian Running,17.9,5.7,0.96,Automatic Emergency Braking (AEB)
VOLVO-VRU-2301,Cyclist Fast,16.9,6.8,0.89,Automatic Emergency Braking (AEB)
VOLVO-VRU-2302,Pedestrian Walking,36.6,7.2,2.3,Warning Prompt in Driver Display
VOLVO-VRU-2303,Pedestrian Walking,37.8,7.2,2.38,Warning Prompt in Driver Display
VOLVO-VRU-2304,Pedestrian Running,21.8,1.7,2.12,Warning Prompt in Driver Display
VOLVO-VRU-2305,Pedestrian Walking,37.6,1.3,4.0,Warning Prompt in Driver Display
VOLVO-VRU-2306,Pedestrian Running,11.5,2.7,0.65,Automatic Emergency Braking (AEB)
VOLVO-VRU-2307,Pedestrian Running,33.3,1.3,3.12,Warning Prompt in Driver Display
VOLVO-VRU-2308,Pedestrian Walking,12.5,5.7,0.78,Automatic Emergency Braking (AEB)
VOLVO-VRU-2309,Pedestrian Running,37.9,5.3,2.65,Warning Prompt in Driver Display
VOLVO-VRU-2310,Pedestrian Walking,8.1,3.0,0.83,Automatic Emergency Braking (AEB)
VOLVO-VRU-2311,Pedestrian Walking,7.2,2.2,0.74,Automatic Emergency Braking (AEB)
VOLVO-VRU-2312,Pedestrian Walking,10.2,4.5,0.68,Automatic Emergency Braking (AEB)
VOLVO-VRU-2313,Pedestrian Running,33.3,4.0,2.79,Warning Prompt in Driver Display
VOLVO-VRU-2314,Pedestrian Walking,44.2,5.0,3.46,Warning Prompt in Driver Display
VOLVO-VRU-2315,Pedestrian Walking,29.0,4.0,2.18,Warning Prompt in Driver Display
VOLVO-VRU-2316,Cyclist Fast,9.1,1.5,0.88,Automatic Emergency Braking (AEB)
VOLVO-VRU-2317,Pedestrian Walking,36.7,3.7,2.88,Warning Prompt in Driver Display
VOLVO-VRU-2318,Pedestrian Walking,27.3,1.9,2.57,Warning Prompt in Driver Display
VOLVO-VRU-2319,Child Crossing,8.2,7.1,0.6,Automatic Emergency Braking (AEB)
VOLVO-VRU-2320,E-Scooter Commuter,12.8,7.2,0.65,Automatic Emergency Braking (AEB)
VOLVO-VRU-2321,Pedestrian Walking,30.0,6.5,2.06,Warning Prompt in Driver Display
VOLVO-VRU-2322,Pedestrian Walking,23.1,6.5,0.97,Automatic Emergency Braking (AEB)
VOLVO-VRU-2323,Cyclist Fast,39.8,1.7,4.45,Warning Prompt in Driver Display
VOLVO-VRU-2324,Pedestrian Walking,44.7,2.7,3.79,Warning Prompt in Driver Display
VOLVO-VRU-2325,Cyclist Fast,19.1,7.0,1.09,Automatic Emergency Braking (AEB)
VOLVO-VRU-2326,E-Scooter Commuter,21.2,5.5,1.72,Automatic Emergency Braking (AEB)
VOLVO-VRU-2327,Pedestrian Running,5.0,1.8,0.6,Automatic Emergency Braking (AEB)
VOLVO-VRU-2328,Pedestrian Walking,6.4,5.7,0.6,Automatic Emergency Braking (AEB)
VOLVO-VRU-2329,Pedestrian Walking,6.3,1.3,0.87,Automatic Emergency Braking (AEB)
VOLVO-VRU-2330,Cyclist Fast,16.9,2.6,1.57,Automatic Emergency Braking (AEB)
VOLVO-VRU-2331,Pedestrian Walking,32.9,1.5,3.49,Warning Prompt in Driver Display
VOLVO-VRU-2332,Child Crossing,14.8,2.3,1.29,Automatic Emergency Braking (AEB)
VOLVO-VRU-2333,Pedestrian Walking,16.5,4.1,1.14,Automatic Emergency Braking (AEB)
VOLVO-VRU-2334,Pedestrian Walking,39.7,5.3,3.06,Warning Prompt in Driver Display
VOLVO-VRU-2335,Cyclist Fast,11.7,2.4,1.04,Automatic Emergency Braking (AEB)
VOLVO-VRU-2336,E-Scooter Commuter,13.2,7.4,1.2,Automatic Emergency Braking (AEB)
VOLVO-VRU-2337,Pedestrian Walking,38.6,5.7,2.25,Warning Prompt in Driver Display
VOLVO-VRU-2338,Pedestrian Walking,19.2,7.1,1.24,Automatic Emergency Braking (AEB)
VOLVO-VRU-2339,Cyclist Fast,5.9,6.7,0.6,Automatic Emergency Braking (AEB)
VOLVO-VRU-2340,Pedestrian Running,37.7,2.3,3.45,Warning Prompt in Driver Display
VOLVO-VRU-2341,Pedestrian Walking,13.2,5.8,1.1,Automatic Emergency Braking (AEB)
VOLVO-VRU-2342,Pedestrian Walking,38.5,4.0,3.28,Warning Prompt in Driver Display
VOLVO-VRU-2343,E-Scooter Commuter,26.5,4.3,1.89,Warning Prompt in Driver Display
VOLVO-VRU-2344,Pedestrian Running,28.9,5.3,1.65,Automatic Emergency Braking (AEB)
VOLVO-VRU-2345,Cyclist Fast,37.3,6.2,2.45,Warning Prompt in Driver Display
VOLVO-VRU-2346,Pedestrian Walking,32.0,1.3,2.95,Warning Prompt in Driver Display
VOLVO-VRU-2347,Pedestrian Running,10.0,2.3,1.11,Automatic Emergency Braking (AEB)
VOLVO-VRU-2348,Pedestrian Walking,44.0,7.1,2.83,Warning Prompt in Driver Display
VOLVO-VRU-2349,Pedestrian Walking,28.0,1.5,2.61,Warning Prompt in Driver Display
VOLVO-VRU-2350,Pedestrian Walking,9.9,6.2,0.73,Automatic Emergency Braking (AEB)
VOLVO-VRU-2351,Pedestrian Running,18.0,5.5,1.28,Automatic Emergency Braking (AEB)
VOLVO-VRU-2352,E-Scooter Commuter,42.2,4.5,3.56,Warning Prompt in Driver Display
VOLVO-VRU-2353,E-Scooter Commuter,33.6,7.2,1.98,Warning Prompt in Driver Display
VOLVO-VRU-2354,Pedestrian Running,16.5,1.7,1.4,Automatic Emergency Braking (AEB)
VOLVO-VRU-2355,Pedestrian Walking,30.0,4.6,2.22,Warning Prompt in Driver Display
VOLVO-VRU-2356,Pedestrian Running,11.7,5.6,0.82,Automatic Emergency Braking (AEB)
VOLVO-VRU-2357,Pedestrian Walking,38.8,1.5,3.69,Warning Prompt in Driver Display
VOLVO-VRU-2358,Child Crossing,43.0,4.9,2.94,Warning Prompt in Driver Display
VOLVO-VRU-2359,Pedestrian Running,40.8,7.2,2.55,Warning Prompt in Driver Display
VOLVO-VRU-2360,Pedestrian Walking,19.3,1.6,2.16,Warning Prompt in Driver Display
VOLVO-VRU-2361,E-Scooter Commuter,29.0,4.4,2.53,Warning Prompt in Driver Display
VOLVO-VRU-2362,Pedestrian Running,38.9,1.8,3.97,Warning Prompt in Driver Display
VOLVO-VRU-2363,Pedestrian Running,18.5,1.2,1.71,Automatic Emergency Braking (AEB)
VOLVO-VRU-2364,Cyclist Fast,25.8,6.8,1.75,Automatic Emergency Braking (AEB)
VOLVO-VRU-2365,Cyclist Fast,24.8,1.1,2.65,Warning Prompt in Driver Display
VOLVO-VRU-2366,E-Scooter Commuter,43.0,7.1,2.97,Warning Prompt in Driver Display
VOLVO-VRU-2367,Cyclist Fast,14.5,3.2,1.52,Automatic Emergency Braking (AEB)
VOLVO-VRU-2368,Pedestrian Running,11.2,5.2,0.94,Automatic Emergency Braking (AEB)
VOLVO-VRU-2369,Pedestrian Running,18.1,5.1,1.42,Automatic Emergency Braking (AEB)
VOLVO-VRU-2370,Pedestrian Running,26.0,3.7,1.88,Warning Prompt in Driver Display
VOLVO-VRU-2371,Pedestrian Walking,15.9,6.8,1.07,Automatic Emergency Braking (AEB)
VOLVO-VRU-2372,Cyclist Fast,13.2,6.9,0.72,Automatic Emergency Braking (AEB)
VOLVO-VRU-2373,Pedestrian Walking,5.4,4.4,0.6,Automatic Emergency Braking (AEB)
VOLVO-VRU-2374,Pedestrian Walking,9.4,7.3,0.6,Automatic Emergency Braking (AEB)
VOLVO-VRU-2375,Pedestrian Running,35.4,4.5,2.73,Warning Prompt in Driver Display
VOLVO-VRU-2376,E-Scooter Commuter,15.5,2.6,1.35,Automatic Emergency Braking (AEB)
VOLVO-VRU-2377,Child Crossing,36.5,1.6,3.72,Warning Prompt in Driver Display
VOLVO-VRU-2378,Pedestrian Running,40.6,4.6,3.14,Warning Prompt in Driver Display
VOLVO-VRU-2379,E-Scooter Commuter,24.0,2.5,2.06,Warning Prompt in Driver Display
VOLVO-VRU-2380,Pedestrian Walking,39.3,4.6,3.21,Warning Prompt in Driver Display
VOLVO-VRU-2381,Child Crossing,12.6,2.7,0.94,Automatic Emergency Braking (AEB)
VOLVO-VRU-2382,Pedestrian Walking,43.0,4.9,3.27,Warning Prompt in Driver Display
VOLVO-VRU-2383,Pedestrian Walking,11.6,6.1,0.6,Automatic Emergency Braking (AEB)
VOLVO-VRU-2384,Pedestrian Running,19.3,4.5,1.71,Automatic Emergency Braking (AEB)
VOLVO-VRU-2385,Pedestrian Walking,15.1,5.1,0.96,Automatic Emergency Braking (AEB)
VOLVO-VRU-2386,Pedestrian Walking,17.9,4.5,1.69,Automatic Emergency Braking (AEB)
VOLVO-VRU-2387,Pedestrian Walking,44.6,1.3,4.43,Warning Prompt in Driver Display
VOLVO-VRU-2388,E-Scooter Commuter,17.0,6.0,1.18,Automatic Emergency Braking (AEB)
VOLVO-VRU-2389,Pedestrian Walking,34.7,2.9,3.07,Warning Prompt in Driver Display
VOLVO-VRU-2390,Pedestrian Walking,36.8,2.7,3.32,Warning Prompt in Driver Display
VOLVO-VRU-2391,Cyclist Fast,29.8,2.3,2.56,Warning Prompt in Driver Display
VOLVO-VRU-2392,Cyclist Fast,7.4,7.5,0.6,Automatic Emergency Braking (AEB)
VOLVO-VRU-2393,Cyclist Fast,43.0,4.5,2.81,Warning Prompt in Driver Display
VOLVO-VRU-2394,Pedestrian Walking,33.2,6.7,2.14,Warning Prompt in Driver Display
VOLVO-VRU-2395,Pedestrian Running,43.1,6.0,2.95,Warning Prompt in Driver Display
VOLVO-VRU-2396,Pedestrian Walking,8.6,5.6,0.6,Automatic Emergency Braking (AEB)
VOLVO-VRU-2397,Pedestrian Running,15.5,5.3,1.1,Automatic Emergency Braking (AEB)
VOLVO-VRU-2398,Pedestrian Running,32.4,1.3,3.61,Warning Prompt in Driver Display
VOLVO-VRU-2399,E-Scooter Commuter,8.2,2.6,0.83,Automatic Emergency Braking (AEB)
VOLVO-VRU-2400,Pedestrian Walking,38.3,1.2,3.85,Warning Prompt in Driver Display
VOLVO-VRU-2401,Pedestrian Running,33.9,4.2,2.48,Warning Prompt in Driver Display
VOLVO-VRU-2402,Pedestrian Walking,13.0,3.9,1.07,Automatic Emergency Braking (AEB)
VOLVO-VRU-2403,Pedestrian Walking,17.7,5.8,0.72,Automatic Emergency Braking (AEB)
VOLVO-VRU-2404,Pedestrian Walking,6.4,3.2,0.6,Automatic Emergency Braking (AEB)
VOLVO-VRU-2405,Pedestrian Running,41.6,6.1,2.92,Warning Prompt in Driver Display
VOLVO-VRU-2406,Pedestrian Walking,28.5,2.2,2.75,Warning Prompt in Driver Display
VOLVO-VRU-2407,E-Scooter Commuter,13.6,6.1,1.28,Automatic Emergency Braking (AEB)
VOLVO-VRU-2408,Cyclist Fast,17.0,1.5,1.69,Automatic Emergency Braking (AEB)
VOLVO-VRU-2409,Cyclist Fast,32.6,4.3,2.67,Warning Prompt in Driver Display
VOLVO-VRU-2410,Child Crossing,10.4,6.4,0.6,Automatic Emergency Braking (AEB)
VOLVO-VRU-2411,Cyclist Fast,27.1,4.0,2.37,Warning Prompt in Driver Display
VOLVO-VRU-2412,Cyclist Fast,7.2,3.3,0.72,Automatic Emergency Braking (AEB)
VOLVO-VRU-2413,Pedestrian Running,8.8,6.4,0.6,Automatic Emergency Braking (AEB)
VOLVO-VRU-2414,Pedestrian Walking,21.5,4.1,1.36,Automatic Emergency Braking (AEB)
VOLVO-VRU-2415,Pedestrian Running,36.7,2.9,3.15,Warning Prompt in Driver Display
VOLVO-VRU-2416,Pedestrian Running,23.2,4.6,1.96,Warning Prompt in Driver Display
VOLVO-VRU-2417,Pedestrian Walking,31.0,1.8,2.68,Warning Prompt in Driver Display
VOLVO-VRU-2418,Pedestrian Walking,6.6,1.7,0.63,Automatic Emergency Braking (AEB)
VOLVO-VRU-2419,Pedestrian Running,9.8,3.9,0.69,Automatic Emergency Braking (AEB)
VOLVO-VRU-2420,Pedestrian Walking,16.1,4.2,1.64,Automatic Emergency Braking (AEB)
VOLVO-VRU-2421,Pedestrian Walking,6.0,4.3,0.77,Automatic Emergency Braking (AEB)
VOLVO-VRU-2422,Cyclist Fast,14.1,3.8,1.38,Automatic Emergency Braking (AEB)
VOLVO-VRU-2423,Cyclist Fast,25.9,5.5,1.8,Warning Prompt in Driver Display
VOLVO-VRU-2424,Pedestrian Walking,24.2,7.1,1.47,Automatic Emergency Braking (AEB)
VOLVO-VRU-2425,Pedestrian Running,33.6,5.2,2.54,Warning Prompt in Driver Display
VOLVO-VRU-2426,E-Scooter Commuter,5.5,2.9,0.6,Automatic Emergency Braking (AEB)
VOLVO-VRU-2427,Cyclist Fast,23.9,5.7,1.86,Warning Prompt in Driver Display
VOLVO-VRU-2428,Pedestrian Running,43.1,4.1,3.53,Warning Prompt in Driver Display
VOLVO-VRU-2429,Pedestrian Running,15.8,1.9,1.32,Automatic Emergency Braking (AEB)
VOLVO-VRU-2430,Child Crossing,36.5,3.6,3.02,Warning Prompt in Driver Display
VOLVO-VRU-2431,Cyclist Fast,38.6,6.4,2.69,Warning Prompt in Driver Display
VOLVO-VRU-2432,Pedestrian Walking,16.4,4.6,1.5,Automatic Emergency Braking (AEB)
VOLVO-VRU-2433,Pedestrian Walking,13.5,6.1,1.37,Automatic Emergency Braking (AEB)
VOLVO-VRU-2434,Pedestrian Walking,11.7,6.0,0.67,Automatic Emergency Braking (AEB)
VOLVO-VRU-2435,Pedestrian Walking,27.3,5.8,2.08,Warning Prompt in Driver Display
VOLVO-VRU-2436,Pedestrian Walking,23.5,7.3,1.49,Automatic Emergency Braking (AEB)
VOLVO-VRU-2437,Pedestrian Walking,22.8,3.6,1.89,Warning Prompt in Driver Display
VOLVO-VRU-2438,Child Crossing,19.2,2.6,1.51,Automatic Emergency Braking (AEB)
VOLVO-VRU-2439,Pedestrian Walking,35.6,3.3,2.92,Warning Prompt in Driver Display
VOLVO-VRU-2440,Pedestrian Walking,23.5,6.7,1.81,Warning Prompt in Driver Display
VOLVO-VRU-2441,E-Scooter Commuter,39.8,6.8,2.49,Warning Prompt in Driver Display
VOLVO-VRU-2442,Cyclist Fast,31.2,6.3,2.12,Warning Prompt in Driver Display
VOLVO-VRU-2443,Cyclist Fast,28.1,6.5,2.05,Warning Prompt in Driver Display
VOLVO-VRU-2444,Pedestrian Walking,41.3,3.1,3.36,Warning Prompt in Driver Display
VOLVO-VRU-2445,Pedestrian Walking,32.5,4.9,2.62,Warning Prompt in Driver Display
VOLVO-VRU-2446,Pedestrian Running,26.7,2.6,2.25,Warning Prompt in Driver Display
VOLVO-VRU-2447,Pedestrian Walking,13.1,1.6,1.22,Automatic Emergency Braking (AEB)
VOLVO-VRU-2448,Pedestrian Walking,44.7,6.9,2.8,Warning Prompt in Driver Display
VOLVO-VRU-2449,Pedestrian Walking,20.2,4.7,1.56,Automatic Emergency Braking (AEB)
VOLVO-VRU-2450,Pedestrian Walking,36.1,2.3,3.29,Warning Prompt in Driver Display
VOLVO-VRU-2451,Pedestrian Walking,26.8,2.4,2.81,Warning Prompt in Driver Display
VOLVO-VRU-2452,Pedestrian Walking,40.2,6.9,2.73,Warning Prompt in Driver Display
VOLVO-VRU-2453,Cyclist Fast,13.8,1.2,1.54,Automatic Emergency Braking (AEB)
VOLVO-VRU-2454,Pedestrian Walking,21.9,4.9,1.76,Automatic Emergency Braking (AEB)
VOLVO-VRU-2455,Pedestrian Walking,43.7,1.7,4.4,Warning Prompt in Driver Display
VOLVO-VRU-2456,Pedestrian Walking,24.9,3.4,2.07,Warning Prompt in Driver Display
VOLVO-VRU-2457,E-Scooter Commuter,38.7,1.3,4.04,Warning Prompt in Driver Display
VOLVO-VRU-2458,Pedestrian Walking,9.4,6.5,1.05,Automatic Emergency Braking (AEB)
VOLVO-VRU-2459,Pedestrian Running,9.2,7.4,0.6,Automatic Emergency Braking (AEB)
VOLVO-VRU-2460,Cyclist Fast,42.8,7.3,2.35,Warning Prompt in Driver Display
VOLVO-VRU-2461,E-Scooter Commuter,6.7,4.8,0.6,Automatic Emergency Braking (AEB)
VOLVO-VRU-2462,Cyclist Fast,17.8,6.8,1.04,Automatic Emergency Braking (AEB)
VOLVO-VRU-2463,Pedestrian Walking,12.7,6.1,0.79,Automatic Emergency Braking (AEB)
VOLVO-VRU-2464,Pedestrian Walking,14.8,1.4,1.7,Automatic Emergency Braking (AEB)
VOLVO-VRU-2465,E-Scooter Commuter,39.6,4.4,3.12,Warning Prompt in Driver Display
VOLVO-VRU-2466,Pedestrian Running,9.9,4.3,0.96,Automatic Emergency Braking (AEB)
VOLVO-VRU-2467,Pedestrian Running,13.2,2.3,1.08,Automatic Emergency Braking (AEB)
VOLVO-VRU-2468,Cyclist Fast,27.4,4.5,2.02,Warning Prompt in Driver Display
VOLVO-VRU-2469,Cyclist Fast,36.8,1.3,3.69,Warning Prompt in Driver Display
VOLVO-VRU-2470,Pedestrian Running,43.7,1.4,4.5,Warning Prompt in Driver Display
VOLVO-VRU-2471,Pedestrian Walking,17.2,6.5,0.89,Automatic Emergency Braking (AEB)
VOLVO-VRU-2472,Pedestrian Walking,29.6,5.0,2.28,Warning Prompt in Driver Display
VOLVO-VRU-2473,Cyclist Fast,24.3,6.0,2.06,Warning Prompt in Driver Display
VOLVO-VRU-2474,Pedestrian Walking,43.9,5.6,3.24,Warning Prompt in Driver Display
VOLVO-VRU-2475,Cyclist Fast,25.6,5.9,1.69,Automatic Emergency Braking (AEB)
VOLVO-VRU-2476,Pedestrian Walking,8.5,3.7,0.75,Automatic Emergency Braking (AEB)
VOLVO-VRU-2477,Pedestrian Walking,14.1,5.8,1.11,Automatic Emergency Braking (AEB)
VOLVO-VRU-2478,Cyclist Fast,35.7,6.0,2.24,Warning Prompt in Driver Display
VOLVO-VRU-2479,Pedestrian Walking,37.7,3.9,3.26,Warning Prompt in Driver Display
VOLVO-VRU-2480,E-Scooter Commuter,19.6,2.1,1.98,Warning Prompt in Driver Display
VOLVO-VRU-2481,Cyclist Fast,24.2,4.7,1.67,Automatic Emergency Braking (AEB)
VOLVO-VRU-2482,Cyclist Fast,13.1,2.7,0.87,Automatic Emergency Braking (AEB)
VOLVO-VRU-2483,Pedestrian Walking,32.3,5.8,2.41,Warning Prompt in Driver Display
VOLVO-VRU-2484,Pedestrian Walking,10.3,3.5,0.69,Automatic Emergency Braking (AEB)
VOLVO-VRU-2485,E-Scooter Commuter,22.5,1.3,2.34,Warning Prompt in Driver Display
VOLVO-VRU-2486,Cyclist Fast,42.4,4.6,3.21,Warning Prompt in Driver Display
VOLVO-VRU-2487,Pedestrian Running,11.0,5.4,0.77,Automatic Emergency Braking (AEB)
VOLVO-VRU-2488,E-Scooter Commuter,33.7,1.5,3.71,Warning Prompt in Driver Display
VOLVO-VRU-2489,Pedestrian Walking,10.3,2.9,0.73,Automatic Emergency Braking (AEB)
VOLVO-VRU-2490,Pedestrian Walking,42.8,6.5,2.87,Warning Prompt in Driver Display
VOLVO-VRU-2491,Child Crossing,29.6,5.2,1.95,Warning Prompt in Driver Display
VOLVO-VRU-2492,Pedestrian Running,40.0,6.7,2.66,Warning Prompt in Driver Display
VOLVO-VRU-2493,Cyclist Fast,9.9,1.5,1.22,Automatic Emergency Braking (AEB)
VOLVO-VRU-2494,Pedestrian Running,34.4,6.1,2.5,Warning Prompt in Driver Display
VOLVO-VRU-2495,E-Scooter Commuter,30.1,1.4,2.79,Warning Prompt in Driver Display
VOLVO-VRU-2496,Pedestrian Walking,22.1,1.1,1.99,Warning Prompt in Driver Display
VOLVO-VRU-2497,Pedestrian Walking,33.5,5.0,2.23,Warning Prompt in Driver Display
VOLVO-VRU-2498,E-Scooter Commuter,18.0,2.6,2.17,Warning Prompt in Driver Display
VOLVO-VRU-2499,Pedestrian Walking,6.8,1.8,0.68,Automatic Emergency Braking (AEB)
VOLVO-VRU-2500,Pedestrian Walking,13.2,4.2,1.15,Automatic Emergency Braking (AEB)
VOLVO-VRU-2501,Pedestrian Running,36.5,6.2,2.73,Warning Prompt in Driver Display
VOLVO-VRU-2502,Pedestrian Walking,36.3,2.6,3.55,Warning Prompt in Driver Display
VOLVO-VRU-2503,Pedestrian Walking,15.9,7.2,0.86,Automatic Emergency Braking (AEB)
VOLVO-VRU-2504,Pedestrian Walking,29.5,7.5,1.69,Automatic Emergency Braking (AEB)
VOLVO-VRU-2505,Child Crossing,20.5,3.0,1.57,Automatic Emergency Braking (AEB)
VOLVO-VRU-2506,Cyclist Fast,27.3,6.1,1.69,Automatic Emergency Braking (AEB)
VOLVO-VRU-2507,Pedestrian Walking,23.1,3.7,1.97,Warning Prompt in Driver Display
VOLVO-VRU-2508,Pedestrian Running,11.4,7.0,0.6,Automatic Emergency Braking (AEB)
VOLVO-VRU-2509,Pedestrian Running,28.9,6.9,2.15,Warning Prompt in Driver Display
VOLVO-VRU-2510,Cyclist Fast,26.6,1.6,2.3,Warning Prompt in Driver Display
VOLVO-VRU-2511,Pedestrian Running,32.8,1.9,3.04,Warning Prompt in Driver Display
VOLVO-VRU-2512,Pedestrian Walking,41.8,6.0,3.01,Warning Prompt in Driver Display
VOLVO-VRU-2513,Child Crossing,14.8,1.6,1.38,Automatic Emergency Braking (AEB)
VOLVO-VRU-2514,Cyclist Fast,19.1,6.6,1.43,Automatic Emergency Braking (AEB)
VOLVO-VRU-2515,Pedestrian Walking,41.9,6.2,2.76,Warning Prompt in Driver Display
VOLVO-VRU-2516,Pedestrian Walking,44.9,5.5,3.12,Warning Prompt in Driver Display
VOLVO-VRU-2517,Pedestrian Walking,8.6,5.4,0.6,Automatic Emergency Braking (AEB)
VOLVO-VRU-2518,E-Scooter Commuter,33.8,4.5,2.7,Warning Prompt in Driver Display
VOLVO-VRU-2519,Cyclist Fast,27.7,4.0,2.4,Warning Prompt in Driver Display
VOLVO-VRU-2520,Pedestrian Walking,10.7,1.2,1.12,Automatic Emergency Braking (AEB)
VOLVO-VRU-2521,Pedestrian Walking,13.8,3.1,1.16,Automatic Emergency Braking (AEB)
VOLVO-VRU-2522,Cyclist Fast,7.3,1.9,0.86,Automatic Emergency Braking (AEB)
VOLVO-VRU-2523,Cyclist Fast,14.6,1.4,1.29,Automatic Emergency Braking (AEB)
VOLVO-VRU-2524,Cyclist Fast,35.4,3.5,2.86,Warning Prompt in Driver Display
VOLVO-VRU-2525,E-Scooter Commuter,39.2,3.0,3.59,Warning Prompt in Driver Display
VOLVO-VRU-2526,Child Crossing,27.9,3.4,2.37,Warning Prompt in Driver Display
VOLVO-VRU-2527,Pedestrian Running,17.5,6.3,1.19,Automatic Emergency Braking (AEB)
VOLVO-VRU-2528,Pedestrian Running,39.6,5.4,2.8,Warning Prompt in Driver Display
VOLVO-VRU-2529,Pedestrian Walking,25.7,4.9,2.02,Warning Prompt in Driver Display
VOLVO-VRU-2530,Cyclist Fast,36.6,3.6,3.18,Warning Prompt in Driver Display
VOLVO-VRU-2531,Pedestrian Running,33.6,3.6,2.83,Warning Prompt in Driver Display
VOLVO-VRU-2532,Pedestrian Walking,43.0,4.2,3.6,Warning Prompt in Driver Display
VOLVO-VRU-2533,Cyclist Fast,20.4,3.8,1.53,Automatic Emergency Braking (AEB)
VOLVO-VRU-2534,Cyclist Fast,21.4,1.1,1.81,Warning Prompt in Driver Display
VOLVO-VRU-2535,E-Scooter Commuter,13.2,4.8,0.77,Automatic Emergency Braking (AEB)
VOLVO-VRU-2536,Pedestrian Running,11.4,5.5,0.6,Automatic Emergency Braking (AEB)
VOLVO-VRU-2537,Pedestrian Running,27.6,5.8,2.11,Warning Prompt in Driver Display
VOLVO-VRU-2538,Pedestrian Running,41.1,6.0,2.91,Warning Prompt in Driver Display
VOLVO-VRU-2539,Pedestrian Walking,16.8,1.6,1.63,Automatic Emergency Braking (AEB)
VOLVO-VRU-2540,Pedestrian Walking,15.3,7.5,0.87,Automatic Emergency Braking (AEB)
VOLVO-VRU-2541,Pedestrian Running,39.3,4.7,2.71,Warning Prompt in Driver Display
VOLVO-VRU-2542,Pedestrian Running,21.1,6.1,1.2,Automatic Emergency Braking (AEB)
VOLVO-VRU-2543,Pedestrian Walking,34.8,7.1,2.07,Warning Prompt in Driver Display
VOLVO-VRU-2544,E-Scooter Commuter,13.9,5.2,1.39,Automatic Emergency Braking (AEB)
VOLVO-VRU-2545,Cyclist Fast,26.2,4.1,2.01,Warning Prompt in Driver Display
VOLVO-VRU-2546,Pedestrian Running,38.4,2.4,3.43,Warning Prompt in Driver Display
VOLVO-VRU-2547,Pedestrian Running,6.9,3.3,0.6,Automatic Emergency Braking (AEB)
VOLVO-VRU-2548,Pedestrian Walking,14.2,7.4,1.21,Automatic Emergency Braking (AEB)
VOLVO-VRU-2549,Cyclist Fast,29.1,2.9,2.44,Warning Prompt in Driver Display
VOLVO-VRU-2550,E-Scooter Commuter,38.8,2.8,3.63,Warning Prompt in Driver Display
VOLVO-VRU-2551,Pedestrian Walking,16.2,6.7,1.06,Automatic Emergency Braking (AEB)
VOLVO-VRU-2552,Pedestrian Walking,6.0,2.3,0.66,Automatic Emergency Braking (AEB)
VOLVO-VRU-2553,Pedestrian Walking,30.2,3.5,2.51,Warning Prompt in Driver Display
VOLVO-VRU-2554,Pedestrian Walking,14.1,1.1,1.38,Automatic Emergency Braking (AEB)
VOLVO-VRU-2555,Cyclist Fast,26.6,7.4,1.9,Warning Prompt in Driver Display
VOLVO-VRU-2556,Pedestrian Running,43.7,3.6,3.53,Warning Prompt in Driver Display
VOLVO-VRU-2557,Pedestrian Running,44.6,5.7,3.13,Warning Prompt in Driver Display
VOLVO-VRU-2558,Child Crossing,21.7,3.3,1.63,Automatic Emergency Braking (AEB)
VOLVO-VRU-2559,Pedestrian Walking,36.4,6.3,2.51,Warning Prompt in Driver Display
VOLVO-VRU-2560,Cyclist Fast,37.9,7.4,2.56,Warning Prompt in Driver Display
VOLVO-VRU-2561,Pedestrian Walking,19.3,3.1,1.75,Automatic Emergency Braking (AEB)
VOLVO-VRU-2562,Cyclist Fast,9.4,2.6,0.72,Automatic Emergency Braking (AEB)
VOLVO-VRU-2563,E-Scooter Commuter,41.3,4.6,2.99,Warning Prompt in Driver Display
VOLVO-VRU-2564,Cyclist Fast,8.5,5.8,0.6,Automatic Emergency Braking (AEB)
VOLVO-VRU-2565,Pedestrian Walking,34.5,4.4,2.6,Warning Prompt in Driver Display
VOLVO-VRU-2566,E-Scooter Commuter,6.3,7.0,0.6,Automatic Emergency Braking (AEB)
VOLVO-VRU-2567,Pedestrian Walking,13.2,3.9,0.72,Automatic Emergency Braking (AEB)
VOLVO-VRU-2568,Cyclist Fast,30.0,6.7,2.19,Warning Prompt in Driver Display
VOLVO-VRU-2569,Child Crossing,23.3,4.2,1.62,Automatic Emergency Braking (AEB)
VOLVO-VRU-2570,Pedestrian Walking,28.9,4.9,2.1,Warning Prompt in Driver Display
VOLVO-VRU-2571,Pedestrian Walking,25.0,4.3,1.95,Warning Prompt in Driver Display
VOLVO-VRU-2572,Pedestrian Running,6.0,1.9,0.6,Automatic Emergency Braking (AEB)
VOLVO-VRU-2573,E-Scooter Commuter,26.0,6.5,1.68,Automatic Emergency Braking (AEB)
VOLVO-VRU-2574,Pedestrian Walking,32.9,6.1,2.18,Warning Prompt in Driver Display
VOLVO-VRU-2575,Pedestrian Walking,41.3,2.4,3.96,Warning Prompt in Driver Display
VOLVO-VRU-2576,Cyclist Fast,20.6,3.9,1.5,Automatic Emergency Braking (AEB)
VOLVO-VRU-2577,Pedestrian Walking,24.5,2.3,2.34,Warning Prompt in Driver Display
VOLVO-VRU-2578,Pedestrian Running,27.0,3.9,2.39,Warning Prompt in Driver Display
VOLVO-VRU-2579,Pedestrian Walking,8.3,2.4,0.75,Automatic Emergency Braking (AEB)
VOLVO-VRU-2580,Pedestrian Walking,30.3,6.2,2.27,Warning Prompt in Driver Display
VOLVO-VRU-2581,Pedestrian Running,44.0,5.1,3.41,Warning Prompt in Driver Display
VOLVO-VRU-2582,Pedestrian Walking,5.2,3.9,0.6,Automatic Emergency Braking (AEB)
VOLVO-VRU-2583,Child Crossing,29.8,4.3,2.47,Warning Prompt in Driver Display
VOLVO-VRU-2584,Pedestrian Walking,19.2,6.3,1.36,Automatic Emergency Braking (AEB)
VOLVO-VRU-2585,Pedestrian Walking,6.3,6.0,0.6,Automatic Emergency Braking (AEB)
VOLVO-VRU-2586,Pedestrian Walking,43.4,6.4,3.18,Warning Prompt in Driver Display
VOLVO-VRU-2587,E-Scooter Commuter,18.9,5.1,1.53,Automatic Emergency Braking (AEB)
VOLVO-VRU-2588,Cyclist Fast,34.0,6.5,2.45,Warning Prompt in Driver Display
VOLVO-VRU-2589,Pedestrian Running,12.9,4.8,1.06,Automatic Emergency Braking (AEB)
VOLVO-VRU-2590,Pedestrian Walking,6.0,4.0,0.6,Automatic Emergency Braking (AEB)
VOLVO-VRU-2591,Pedestrian Walking,27.7,4.3,2.24,Warning Prompt in Driver Display
VOLVO-VRU-2592,E-Scooter Commuter,17.2,3.2,1.52,Automatic Emergency Braking (AEB)
VOLVO-VRU-2593,Pedestrian Walking,44.7,1.7,4.5,Warning Prompt in Driver Display
VOLVO-VRU-2594,Pedestrian Running,43.5,3.1,3.85,Warning Prompt in Driver Display
VOLVO-VRU-2595,Pedestrian Walking,12.2,5.3,0.75,Automatic Emergency Braking (AEB)
VOLVO-VRU-2596,Pedestrian Walking,32.5,5.2,2.16,Warning Prompt in Driver Display
VOLVO-VRU-2597,Pedestrian Running,24.3,4.7,1.66,Automatic Emergency Braking (AEB)
VOLVO-VRU-2598,Cyclist Fast,29.9,6.1,1.96,Warning Prompt in Driver Display
VOLVO-VRU-2599,Pedestrian Walking,21.6,3.4,2.03,Warning Prompt in Driver Display
VOLVO-VRU-2600,Pedestrian Walking,15.4,6.0,1.15,Automatic Emergency Braking (AEB)
VOLVO-VRU-2601,Cyclist Fast,22.1,6.3,1.28,Automatic Emergency Braking (AEB)
VOLVO-VRU-2602,Pedestrian Walking,20.2,6.7,1.17,Automatic Emergency Braking (AEB)
VOLVO-VRU-2603,Pedestrian Walking,20.9,5.8,1.76,Automatic Emergency Braking (AEB)
VOLVO-VRU-2604,Pedestrian Walking,43.2,4.8,3.09,Warning Prompt in Driver Display
VOLVO-VRU-2605,Pedestrian Running,9.9,5.2,1.17,Automatic Emergency Braking (AEB)
VOLVO-VRU-2606,E-Scooter Commuter,10.2,6.8,0.65,Automatic Emergency Braking (AEB)
VOLVO-VRU-2607,Cyclist Fast,14.9,1.9,1.58,Automatic Emergency Braking (AEB)
VOLVO-VRU-2608,Pedestrian Running,20.2,4.8,1.81,Warning Prompt in Driver Display
VOLVO-VRU-2609,Pedestrian Walking,31.8,3.3,2.67,Warning Prompt in Driver Display
VOLVO-VRU-2610,Pedestrian Walking,24.6,5.5,1.99,Warning Prompt in Driver Display
VOLVO-VRU-2611,Pedestrian Running,31.3,5.3,2.11,Warning Prompt in Driver Display
VOLVO-VRU-2612,Pedestrian Walking,9.0,7.3,0.6,Automatic Emergency Braking (AEB)
VOLVO-VRU-2613,Pedestrian Running,37.9,3.1,3.4,Warning Prompt in Driver Display
VOLVO-VRU-2614,E-Scooter Commuter,19.9,4.8,1.58,Automatic Emergency Braking (AEB)
VOLVO-VRU-2615,E-Scooter Commuter,5.4,2.3,0.6,Automatic Emergency Braking (AEB)
VOLVO-VRU-2616,Pedestrian Running,23.7,6.0,1.39,Automatic Emergency Braking (AEB)
VOLVO-VRU-2617,Pedestrian Walking,32.8,5.1,2.37,Warning Prompt in Driver Display
VOLVO-VRU-2618,Pedestrian Running,10.8,6.5,0.67,Automatic Emergency Braking (AEB)
VOLVO-VRU-2619,Pedestrian Running,14.5,5.3,0.95,Automatic Emergency Braking (AEB)
VOLVO-VRU-2620,Pedestrian Walking,36.8,1.5,3.45,Warning Prompt in Driver Display
VOLVO-VRU-2621,Pedestrian Running,39.6,3.2,3.24,Warning Prompt in Driver Display
VOLVO-VRU-2622,Pedestrian Walking,28.3,1.5,2.74,Warning Prompt in Driver Display
VOLVO-VRU-2623,Pedestrian Walking,11.6,7.4,0.6,Automatic Emergency Braking (AEB)
VOLVO-VRU-2624,Pedestrian Walking,20.5,1.6,2.18,Warning Prompt in Driver Display
VOLVO-VRU-2625,Pedestrian Walking,41.6,3.0,3.03,Warning Prompt in Driver Display
VOLVO-VRU-2626,Pedestrian Running,22.6,2.2,1.99,Warning Prompt in Driver Display
VOLVO-VRU-2627,Cyclist Fast,6.5,7.3,0.6,Automatic Emergency Braking (AEB)
VOLVO-VRU-2628,Pedestrian Walking,6.0,1.7,0.6,Automatic Emergency Braking (AEB)
VOLVO-VRU-2629,Pedestrian Walking,16.6,5.5,1.23,Automatic Emergency Braking (AEB)
VOLVO-VRU-2630,Cyclist Fast,41.4,4.0,3.22,Warning Prompt in Driver Display
VOLVO-VRU-2631,Pedestrian Running,13.6,5.1,1.2,Automatic Emergency Braking (AEB)
VOLVO-VRU-2632,Cyclist Fast,5.4,6.4,0.6,Automatic Emergency Braking (AEB)
VOLVO-VRU-2633,Pedestrian Walking,23.3,5.6,2.17,Warning Prompt in Driver Display
VOLVO-VRU-2634,Pedestrian Running,15.8,6.2,1.26,Automatic Emergency Braking (AEB)
VOLVO-VRU-2635,Pedestrian Walking,18.1,1.9,1.56,Automatic Emergency Braking (AEB)
VOLVO-VRU-2636,Pedestrian Running,35.0,2.1,3.35,Warning Prompt in Driver Display
VOLVO-VRU-2637,Pedestrian Walking,16.7,6.7,0.84,Automatic Emergency Braking (AEB)
VOLVO-VRU-2638,Cyclist Fast,16.8,6.2,1.34,Automatic Emergency Braking (AEB)
VOLVO-VRU-2639,E-Scooter Commuter,26.9,7.1,1.66,Automatic Emergency Braking (AEB)
VOLVO-VRU-2640,Cyclist Fast,16.5,7.0,1.33,Automatic Emergency Braking (AEB)
VOLVO-VRU-2641,Pedestrian Running,44.9,7.5,3.03,Warning Prompt in Driver Display
VOLVO-VRU-2642,Pedestrian Running,31.1,7.3,2.13,Warning Prompt in Driver Display
VOLVO-VRU-2643,E-Scooter Commuter,18.3,1.5,1.56,Automatic Emergency Braking (AEB)
VOLVO-VRU-2644,Pedestrian Walking,30.8,5.9,2.23,Warning Prompt in Driver Display
VOLVO-VRU-2645,Pedestrian Running,13.2,3.1,1.01,Automatic Emergency Braking (AEB)
VOLVO-VRU-2646,Pedestrian Walking,21.9,1.2,2.28,Warning Prompt in Driver Display
VOLVO-VRU-2647,Pedestrian Walking,38.1,6.6,2.3,Warning Prompt in Driver Display
VOLVO-VRU-2648,Cyclist Fast,43.9,7.4,2.63,Warning Prompt in Driver Display
VOLVO-VRU-2649,Pedestrian Walking,14.9,6.0,1.28,Automatic Emergency Braking (AEB)
VOLVO-VRU-2650,Pedestrian Walking,11.4,1.2,1.09,Automatic Emergency Braking (AEB)
VOLVO-VRU-2651,Pedestrian Walking,44.5,3.4,3.68,Warning Prompt in Driver Display
VOLVO-VRU-2652,Cyclist Fast,18.1,6.0,1.51,Automatic Emergency Braking (AEB)
VOLVO-VRU-2653,Pedestrian Walking,31.8,5.8,2.28,Warning Prompt in Driver Display
VOLVO-VRU-2654,E-Scooter Commuter,39.7,3.3,3.35,Warning Prompt in Driver Display
VOLVO-VRU-2655,Pedestrian Walking,19.0,4.3,1.27,Automatic Emergency Braking (AEB)
VOLVO-VRU-2656,E-Scooter Commuter,29.3,6.9,1.78,Automatic Emergency Braking (AEB)
VOLVO-VRU-2657,Pedestrian Running,32.0,2.1,2.89,Warning Prompt in Driver Display
VOLVO-VRU-2658,Cyclist Fast,29.7,3.3,2.76,Warning Prompt in Driver Display
VOLVO-VRU-2659,Child Crossing,17.3,1.2,1.62,Automatic Emergency Braking (AEB)
VOLVO-VRU-2660,Pedestrian Walking,27.8,3.8,2.14,Warning Prompt in Driver Display
VOLVO-VRU-2661,Pedestrian Walking,12.1,6.8,0.69,Automatic Emergency Braking (AEB)
VOLVO-VRU-2662,Pedestrian Running,36.8,5.2,2.61,Warning Prompt in Driver Display
VOLVO-VRU-2663,E-Scooter Commuter,40.2,7.2,2.59,Warning Prompt in Driver Display
VOLVO-VRU-2664,Cyclist Fast,26.0,5.7,2.01,Warning Prompt in Driver Display
VOLVO-VRU-2665,Pedestrian Walking,39.9,5.4,2.89,Warning Prompt in Driver Display
VOLVO-VRU-2666,E-Scooter Commuter,28.5,6.9,1.92,Warning Prompt in Driver Display
VOLVO-VRU-2667,Child Crossing,17.2,6.3,1.22,Automatic Emergency Braking (AEB)
VOLVO-VRU-2668,Pedestrian Running,41.9,5.7,3.32,Warning Prompt in Driver Display
VOLVO-VRU-2669,Pedestrian Running,19.6,5.3,1.95,Warning Prompt in Driver Display
VOLVO-VRU-2670,Cyclist Fast,29.0,4.9,2.18,Warning Prompt in Driver Display
VOLVO-VRU-2671,Cyclist Fast,11.3,1.2,1.49,Automatic Emergency Braking (AEB)
VOLVO-VRU-2672,Pedestrian Walking,44.1,2.7,4.07,Warning Prompt in Driver Display
VOLVO-VRU-2673,Pedestrian Walking,34.5,7.3,2.6,Warning Prompt in Driver Display
VOLVO-VRU-2674,Pedestrian Walking,18.9,1.5,1.94,Warning Prompt in Driver Display
VOLVO-VRU-2675,Cyclist Fast,6.9,5.6,0.6,Automatic Emergency Braking (AEB)
VOLVO-VRU-2676,Pedestrian Walking,25.3,5.2,1.58,Automatic Emergency Braking (AEB)
VOLVO-VRU-2677,E-Scooter Commuter,8.6,3.8,0.68,Automatic Emergency Braking (AEB)
VOLVO-VRU-2678,Cyclist Fast,43.9,1.9,4.1,Warning Prompt in Driver Display
VOLVO-VRU-2679,E-Scooter Commuter,19.2,2.5,1.74,Automatic Emergency Braking (AEB)
VOLVO-VRU-2680,E-Scooter Commuter,44.8,7.0,2.75,Warning Prompt in Driver Display
VOLVO-VRU-2681,Pedestrian Walking,23.0,2.2,2.16,Warning Prompt in Driver Display
VOLVO-VRU-2682,Pedestrian Walking,16.6,4.1,1.19,Automatic Emergency Braking (AEB)
VOLVO-VRU-2683,Pedestrian Walking,45.0,1.2,4.5,Warning Prompt in Driver Display
VOLVO-VRU-2684,E-Scooter Commuter,25.9,5.5,2.03,Warning Prompt in Driver Display
VOLVO-VRU-2685,Pedestrian Walking,39.2,5.2,2.83,Warning Prompt in Driver Display
VOLVO-VRU-2686,Cyclist Fast,17.8,5.0,1.38,Automatic Emergency Braking (AEB)
VOLVO-VRU-2687,Pedestrian Running,43.1,3.6,3.87,Warning Prompt in Driver Display
VOLVO-VRU-2688,Cyclist Fast,21.7,3.0,1.95,Warning Prompt in Driver Display
VOLVO-VRU-2689,Cyclist Fast,25.4,1.7,2.41,Warning Prompt in Driver Display
VOLVO-VRU-2690,Cyclist Fast,5.7,1.8,0.6,Automatic Emergency Braking (AEB)
VOLVO-VRU-2691,Pedestrian Walking,27.0,3.8,2.14,Warning Prompt in Driver Display
VOLVO-VRU-2692,Pedestrian Walking,26.3,5.0,1.58,Automatic Emergency Braking (AEB)
VOLVO-VRU-2693,E-Scooter Commuter,13.7,2.5,1.44,Automatic Emergency Braking (AEB)
VOLVO-VRU-2694,E-Scooter Commuter,6.0,3.8,0.97,Automatic Emergency Braking (AEB)
VOLVO-VRU-2695,E-Scooter Commuter,16.1,5.0,1.32,Automatic Emergency Braking (AEB)
VOLVO-VRU-2696,Pedestrian Walking,34.5,4.1,2.88,Warning Prompt in Driver Display
VOLVO-VRU-2697,Pedestrian Walking,20.6,5.9,1.47,Automatic Emergency Braking (AEB)
VOLVO-VRU-2698,Pedestrian Walking,20.1,5.4,1.65,Automatic Emergency Braking (AEB)
VOLVO-VRU-2699,Pedestrian Walking,41.6,4.7,3.28,Warning Prompt in Driver Display
VOLVO-VRU-2700,Child Crossing,31.3,7.3,2.16,Warning Prompt in Driver Display
VOLVO-VRU-2701,Pedestrian Walking,9.8,3.6,0.6,Automatic Emergency Braking (AEB)
VOLVO-VRU-2702,Pedestrian Walking,11.2,4.9,0.6,Automatic Emergency Braking (AEB)
VOLVO-VRU-2703,Cyclist Fast,27.6,7.5,1.73,Automatic Emergency Braking (AEB)
VOLVO-VRU-2704,Pedestrian Running,17.8,1.8,1.86,Warning Prompt in Driver Display
VOLVO-VRU-2705,Pedestrian Running,20.3,6.9,1.44,Automatic Emergency Braking (AEB)
VOLVO-VRU-2706,Cyclist Fast,43.4,6.4,2.94,Warning Prompt in Driver Display
VOLVO-VRU-2707,Pedestrian Walking,35.8,6.6,2.69,Warning Prompt in Driver Display
VOLVO-VRU-2708,Pedestrian Walking,29.2,2.2,2.79,Warning Prompt in Driver Display
VOLVO-VRU-2709,Pedestrian Running,32.7,3.4,2.94,Warning Prompt in Driver Display
VOLVO-VRU-2710,Cyclist Fast,20.9,4.8,1.37,Automatic Emergency Braking (AEB)
VOLVO-VRU-2711,Pedestrian Walking,22.4,5.4,1.52,Automatic Emergency Braking (AEB)
VOLVO-VRU-2712,Pedestrian Walking,18.6,3.9,1.65,Automatic Emergency Braking (AEB)
VOLVO-VRU-2713,Pedestrian Walking,13.7,6.2,0.6,Automatic Emergency Braking (AEB)
VOLVO-VRU-2714,Pedestrian Running,37.6,4.0,2.98,Warning Prompt in Driver Display
VOLVO-VRU-2715,Pedestrian Walking,43.4,1.9,4.07,Warning Prompt in Driver Display
VOLVO-VRU-2716,Pedestrian Walking,30.1,2.6,2.7,Warning Prompt in Driver Display
VOLVO-VRU-2717,E-Scooter Commuter,7.6,3.0,0.6,Automatic Emergency Braking (AEB)
VOLVO-VRU-2718,Pedestrian Walking,8.4,4.4,0.62,Automatic Emergency Braking (AEB)
VOLVO-VRU-2719,Pedestrian Walking,42.1,6.9,2.87,Warning Prompt in Driver Display
VOLVO-VRU-2720,Pedestrian Walking,29.0,6.6,1.88,Warning Prompt in Driver Display
VOLVO-VRU-2721,Pedestrian Running,43.1,4.7,3.2,Warning Prompt in Driver Display
VOLVO-VRU-2722,Pedestrian Walking,16.2,6.7,0.92,Automatic Emergency Braking (AEB)
VOLVO-VRU-2723,Pedestrian Walking,23.3,5.3,1.53,Automatic Emergency Braking (AEB)
VOLVO-VRU-2724,Pedestrian Running,39.5,2.9,3.31,Warning Prompt in Driver Display
VOLVO-VRU-2725,Cyclist Fast,25.2,2.4,2.55,Warning Prompt in Driver Display
VOLVO-VRU-2726,E-Scooter Commuter,14.3,4.1,1.25,Automatic Emergency Braking (AEB)
VOLVO-VRU-2727,Pedestrian Running,17.4,2.8,1.67,Automatic Emergency Braking (AEB)
VOLVO-VRU-2728,E-Scooter Commuter,10.3,4.8,0.76,Automatic Emergency Braking (AEB)
VOLVO-VRU-2729,Pedestrian Running,19.4,4.8,1.74,Automatic Emergency Braking (AEB)
VOLVO-VRU-2730,E-Scooter Commuter,13.7,7.5,0.75,Automatic Emergency Braking (AEB)
VOLVO-VRU-2731,E-Scooter Commuter,30.9,5.7,2.31,Warning Prompt in Driver Display
VOLVO-VRU-2732,Pedestrian Walking,40.1,7.4,2.47,Warning Prompt in Driver Display
VOLVO-VRU-2733,Pedestrian Walking,37.9,6.6,2.51,Warning Prompt in Driver Display
VOLVO-VRU-2734,Pedestrian Walking,30.8,3.5,2.61,Warning Prompt in Driver Display
VOLVO-VRU-2735,Cyclist Fast,10.7,7.5,1.07,Automatic Emergency Braking (AEB)
VOLVO-VRU-2736,Pedestrian Walking,44.0,4.6,3.25,Warning Prompt in Driver Display
VOLVO-VRU-2737,Pedestrian Walking,6.2,5.7,1.07,Automatic Emergency Braking (AEB)
VOLVO-VRU-2738,Pedestrian Running,15.2,3.9,1.11,Automatic Emergency Braking (AEB)
VOLVO-VRU-2739,Cyclist Fast,36.5,1.7,3.74,Warning Prompt in Driver Display
VOLVO-VRU-2740,Cyclist Fast,22.2,4.5,1.61,Automatic Emergency Braking (AEB)
VOLVO-VRU-2741,Pedestrian Walking,30.6,6.1,2.24,Warning Prompt in Driver Display
VOLVO-VRU-2742,Pedestrian Walking,35.5,3.1,3.03,Warning Prompt in Driver Display
VOLVO-VRU-2743,Pedestrian Walking,27.5,3.0,2.54,Warning Prompt in Driver Display
VOLVO-VRU-2744,Cyclist Fast,7.2,6.3,0.6,Automatic Emergency Braking (AEB)
VOLVO-VRU-2745,Pedestrian Walking,44.9,5.6,3.07,Warning Prompt in Driver Display
VOLVO-VRU-2746,Cyclist Fast,15.4,2.2,1.67,Automatic Emergency Braking (AEB)
VOLVO-VRU-2747,Pedestrian Walking,12.0,4.1,0.85,Automatic Emergency Braking (AEB)
VOLVO-VRU-2748,E-Scooter Commuter,25.7,6.8,1.87,Warning Prompt in Driver Display
VOLVO-VRU-2749,Cyclist Fast,7.1,7.3,0.6,Automatic Emergency Braking (AEB)
VOLVO-VRU-2750,Pedestrian Running,13.3,3.7,0.78,Automatic Emergency Braking (AEB)
VOLVO-VRU-2751,Pedestrian Walking,38.9,2.8,3.07,Warning Prompt in Driver Display
VOLVO-VRU-2752,Pedestrian Walking,34.6,3.7,2.89,Warning Prompt in Driver Display
VOLVO-VRU-2753,Cyclist Fast,41.7,3.6,3.64,Warning Prompt in Driver Display
VOLVO-VRU-2754,Pedestrian Running,17.7,6.0,1.15,Automatic Emergency Braking (AEB)
VOLVO-VRU-2755,Pedestrian Walking,30.2,7.2,1.94,Warning Prompt in Driver Display
VOLVO-VRU-2756,Pedestrian Walking,23.8,6.9,1.57,Automatic Emergency Braking (AEB)
VOLVO-VRU-2757,Pedestrian Walking,35.2,4.6,2.74,Warning Prompt in Driver Display
VOLVO-VRU-2758,Pedestrian Walking,22.0,6.0,1.33,Automatic Emergency Braking (AEB)
VOLVO-VRU-2759,Pedestrian Running,28.4,5.8,1.9,Warning Prompt in Driver Display
VOLVO-VRU-2760,Cyclist Fast,21.3,6.8,1.01,Automatic Emergency Braking (AEB)
VOLVO-VRU-2761,Pedestrian Walking,10.2,6.0,0.87,Automatic Emergency Braking (AEB)
VOLVO-VRU-2762,Cyclist Fast,24.2,1.2,2.66,Warning Prompt in Driver Display
VOLVO-VRU-2763,Pedestrian Walking,18.0,6.3,0.93,Automatic Emergency Braking (AEB)
VOLVO-VRU-2764,Pedestrian Walking,16.7,2.7,1.14,Automatic Emergency Braking (AEB)
VOLVO-VRU-2765,Pedestrian Walking,42.9,6.9,2.54,Warning Prompt in Driver Display
VOLVO-VRU-2766,Pedestrian Walking,39.1,3.4,3.61,Warning Prompt in Driver Display
VOLVO-VRU-2767,E-Scooter Commuter,33.1,3.3,2.75,Warning Prompt in Driver Display
VOLVO-VRU-2768,Pedestrian Walking,33.1,2.8,2.52,Warning Prompt in Driver Display
VOLVO-VRU-2769,Pedestrian Walking,29.3,3.6,2.33,Warning Prompt in Driver Display
VOLVO-VRU-2770,E-Scooter Commuter,24.5,7.5,1.59,Automatic Emergency Braking (AEB)
VOLVO-VRU-2771,Cyclist Fast,29.5,7.1,1.66,Automatic Emergency Braking (AEB)
VOLVO-VRU-2772,Pedestrian Running,31.3,4.0,2.66,Warning Prompt in Driver Display
VOLVO-VRU-2773,Pedestrian Walking,36.9,3.2,2.97,Warning Prompt in Driver Display
VOLVO-VRU-2774,Pedestrian Walking,33.3,1.6,3.36,Warning Prompt in Driver Display
VOLVO-VRU-2775,Pedestrian Running,43.2,6.2,3.07,Warning Prompt in Driver Display
VOLVO-VRU-2776,Pedestrian Running,18.5,4.3,1.22,Automatic Emergency Braking (AEB)
VOLVO-VRU-2777,Pedestrian Walking,9.0,4.7,0.85,Automatic Emergency Braking (AEB)
VOLVO-VRU-2778,Pedestrian Walking,41.1,4.0,3.09,Warning Prompt in Driver Display
VOLVO-VRU-2779,Pedestrian Walking,43.2,4.8,3.42,Warning Prompt in Driver Display
VOLVO-VRU-2780,Pedestrian Running,13.6,4.4,1.16,Automatic Emergency Braking (AEB)
VOLVO-VRU-2781,E-Scooter Commuter,39.0,6.8,2.29,Warning Prompt in Driver Display
VOLVO-VRU-2782,Pedestrian Walking,36.7,7.2,2.42,Warning Prompt in Driver Display
VOLVO-VRU-2783,Pedestrian Walking,21.8,1.8,2.19,Warning Prompt in Driver Display
VOLVO-VRU-2784,Pedestrian Running,5.6,4.0,0.6,Automatic Emergency Braking (AEB)
VOLVO-VRU-2785,Cyclist Fast,40.5,6.6,2.51,Warning Prompt in Driver Display
VOLVO-VRU-2786,Pedestrian Walking,29.1,1.6,3.1,Warning Prompt in Driver Display
VOLVO-VRU-2787,Pedestrian Running,40.5,6.3,2.8,Warning Prompt in Driver Display
VOLVO-VRU-2788,Child Crossing,42.5,6.5,2.83,Warning Prompt in Driver Display
VOLVO-VRU-2789,Pedestrian Running,18.6,6.4,1.23,Automatic Emergency Braking (AEB)
VOLVO-VRU-2790,E-Scooter Commuter,24.0,1.6,2.28,Warning Prompt in Driver Display
VOLVO-VRU-2791,E-Scooter Commuter,9.0,3.1,1.0,Automatic Emergency Braking (AEB)
VOLVO-VRU-2792,Pedestrian Walking,25.4,4.6,1.77,Automatic Emergency Braking (AEB)
VOLVO-VRU-2793,Pedestrian Walking,43.3,5.5,3.01,Warning Prompt in Driver Display
VOLVO-VRU-2794,Cyclist Fast,19.9,6.2,1.25,Automatic Emergency Braking (AEB)
VOLVO-VRU-2795,Pedestrian Walking,21.1,2.8,1.83,Warning Prompt in Driver Display
VOLVO-VRU-2796,Pedestrian Running,41.4,2.2,4.15,Warning Prompt in Driver Display
VOLVO-VRU-2797,Child Crossing,41.8,6.0,3.04,Warning Prompt in Driver Display
VOLVO-VRU-2798,Cyclist Fast,33.1,4.0,2.71,Warning Prompt in Driver Display
VOLVO-VRU-2799,Pedestrian Walking,36.9,6.9,2.15,Warning Prompt in Driver Display
VOLVO-VRU-2800,Pedestrian Walking,36.0,1.4,3.6,Warning Prompt in Driver Display
VOLVO-VRU-2801,Pedestrian Walking,27.0,4.8,2.13,Warning Prompt in Driver Display
VOLVO-VRU-2802,Pedestrian Walking,38.6,2.3,3.48,Warning Prompt in Driver Display
VOLVO-VRU-2803,Pedestrian Walking,24.2,2.6,2.57,Warning Prompt in Driver Display
VOLVO-VRU-2804,Pedestrian Walking,19.9,4.5,1.66,Automatic Emergency Braking (AEB)
VOLVO-VRU-2805,Pedestrian Walking,27.2,1.4,2.7,Warning Prompt in Driver Display
VOLVO-VRU-2806,Pedestrian Running,32.0,5.7,2.14,Warning Prompt in Driver Display
VOLVO-VRU-2807,Pedestrian Walking,5.9,4.9,0.6,Automatic Emergency Braking (AEB)
VOLVO-VRU-2808,Pedestrian Walking,38.9,2.5,3.95,Warning Prompt in Driver Display
VOLVO-VRU-2809,Cyclist Fast,6.9,3.4,0.9,Automatic Emergency Braking (AEB)
VOLVO-VRU-2810,Pedestrian Walking,20.6,4.9,1.7,Automatic Emergency Braking (AEB)
VOLVO-VRU-2811,Cyclist Fast,17.4,5.6,1.48,Automatic Emergency Braking (AEB)
VOLVO-VRU-2812,Pedestrian Walking,12.7,1.4,1.08,Automatic Emergency Braking (AEB)
VOLVO-VRU-2813,Cyclist Fast,38.5,7.1,2.44,Warning Prompt in Driver Display
VOLVO-VRU-2814,E-Scooter Commuter,25.9,4.4,1.74,Automatic Emergency Braking (AEB)
VOLVO-VRU-2815,E-Scooter Commuter,7.4,3.3,0.6,Automatic Emergency Braking (AEB)
VOLVO-VRU-2816,Pedestrian Walking,11.7,7.5,0.6,Automatic Emergency Braking (AEB)
VOLVO-VRU-2817,Cyclist Fast,34.2,2.4,2.95,Warning Prompt in Driver Display
VOLVO-VRU-2818,Pedestrian Running,29.0,4.7,2.32,Warning Prompt in Driver Display
VOLVO-VRU-2819,E-Scooter Commuter,42.2,7.0,2.74,Warning Prompt in Driver Display
VOLVO-VRU-2820,Pedestrian Walking,17.9,4.0,1.4,Automatic Emergency Braking (AEB)
VOLVO-VRU-2821,Child Crossing,32.1,3.6,2.61,Warning Prompt in Driver Display
VOLVO-VRU-2822,Pedestrian Walking,11.7,1.9,0.94,Automatic Emergency Braking (AEB)
VOLVO-VRU-2823,Pedestrian Walking,9.4,5.5,0.6,Automatic Emergency Braking (AEB)
VOLVO-VRU-2824,Pedestrian Running,41.2,2.6,3.83,Warning Prompt in Driver Display
VOLVO-VRU-2825,Pedestrian Walking,23.7,5.7,1.76,Automatic Emergency Braking (AEB)
VOLVO-VRU-2826,Pedestrian Walking,31.2,2.5,2.81,Warning Prompt in Driver Display
VOLVO-VRU-2827,Pedestrian Running,28.7,1.8,2.42,Warning Prompt in Driver Display
VOLVO-VRU-2828,Pedestrian Walking,41.7,4.8,3.25,Warning Prompt in Driver Display
VOLVO-VRU-2829,Cyclist Fast,28.6,4.8,2.23,Warning Prompt in Driver Display
VOLVO-VRU-2830,Cyclist Fast,11.4,5.6,0.91,Automatic Emergency Braking (AEB)
VOLVO-VRU-2831,Pedestrian Walking,19.4,5.5,1.69,Automatic Emergency Braking (AEB)
VOLVO-VRU-2832,Cyclist Fast,10.2,2.6,0.8,Automatic Emergency Braking (AEB)
VOLVO-VRU-2833,Pedestrian Running,28.4,4.9,1.63,Automatic Emergency Braking (AEB)
VOLVO-VRU-2834,Pedestrian Running,34.3,6.0,2.33,Warning Prompt in Driver Display
VOLVO-VRU-2835,Pedestrian Walking,40.1,4.5,2.93,Warning Prompt in Driver Display
VOLVO-VRU-2836,E-Scooter Commuter,22.9,2.0,1.97,Warning Prompt in Driver Display
VOLVO-VRU-2837,E-Scooter Commuter,32.8,1.6,3.24,Warning Prompt in Driver Display
VOLVO-VRU-2838,Pedestrian Running,29.6,3.4,2.62,Warning Prompt in Driver Display
VOLVO-VRU-2839,Cyclist Fast,11.9,3.8,0.64,Automatic Emergency Braking (AEB)
VOLVO-VRU-2840,Pedestrian Walking,39.5,4.8,3.31,Warning Prompt in Driver Display
VOLVO-VRU-2841,Pedestrian Walking,12.4,2.4,1.31,Automatic Emergency Braking (AEB)
VOLVO-VRU-2842,Pedestrian Walking,14.6,6.7,0.88,Automatic Emergency Braking (AEB)
VOLVO-VRU-2843,Cyclist Fast,44.4,5.5,3.08,Warning Prompt in Driver Display
VOLVO-VRU-2844,Pedestrian Running,13.0,6.4,0.77,Automatic Emergency Braking (AEB)
VOLVO-VRU-2845,Pedestrian Walking,9.2,6.0,0.94,Automatic Emergency Braking (AEB)
VOLVO-VRU-2846,Pedestrian Walking,15.2,5.5,1.29,Automatic Emergency Braking (AEB)
VOLVO-VRU-2847,Cyclist Fast,16.4,1.5,1.48,Automatic Emergency Braking (AEB)
VOLVO-VRU-2848,Pedestrian Running,17.5,1.5,1.91,Warning Prompt in Driver Display
VOLVO-VRU-2849,Pedestrian Walking,37.5,4.8,2.81,Warning Prompt in Driver Display
VOLVO-VRU-2850,Pedestrian Walking,26.0,4.7,1.74,Automatic Emergency Braking (AEB)
VOLVO-VRU-2851,Pedestrian Walking,30.6,2.0,3.15,Warning Prompt in Driver Display
VOLVO-VRU-2852,Pedestrian Walking,34.5,4.0,2.52,Warning Prompt in Driver Display
VOLVO-VRU-2853,E-Scooter Commuter,13.7,2.4,1.02,Automatic Emergency Braking (AEB)
VOLVO-VRU-2854,Pedestrian Running,14.4,7.4,0.96,Automatic Emergency Braking (AEB)
VOLVO-VRU-2855,Child Crossing,38.6,7.3,2.35,Warning Prompt in Driver Display
VOLVO-VRU-2856,Pedestrian Running,27.6,2.1,2.54,Warning Prompt in Driver Display
VOLVO-VRU-2857,E-Scooter Commuter,36.4,3.1,3.31,Warning Prompt in Driver Display
VOLVO-VRU-2858,Cyclist Fast,41.9,5.7,2.87,Warning Prompt in Driver Display
VOLVO-VRU-2859,Pedestrian Walking,35.1,2.1,3.28,Warning Prompt in Driver Display
VOLVO-VRU-2860,Pedestrian Running,29.8,5.1,2.15,Warning Prompt in Driver Display
VOLVO-VRU-2861,Pedestrian Walking,30.7,6.5,2.58,Warning Prompt in Driver Display
VOLVO-VRU-2862,Pedestrian Walking,42.3,5.1,2.9,Warning Prompt in Driver Display
VOLVO-VRU-2863,Pedestrian Walking,24.5,4.3,2.16,Warning Prompt in Driver Display
VOLVO-VRU-2864,E-Scooter Commuter,42.6,4.5,3.23,Warning Prompt in Driver Display
VOLVO-VRU-2865,Cyclist Fast,25.1,7.0,1.69,Automatic Emergency Braking (AEB)
VOLVO-VRU-2866,Pedestrian Walking,9.8,2.9,0.6,Automatic Emergency Braking (AEB)
VOLVO-VRU-2867,Cyclist Fast,44.6,6.5,2.69,Warning Prompt in Driver Display
VOLVO-VRU-2868,Child Crossing,36.2,5.6,2.83,Warning Prompt in Driver Display
VOLVO-VRU-2869,Pedestrian Walking,21.7,4.2,1.92,Warning Prompt in Driver Display
VOLVO-VRU-2870,Pedestrian Walking,33.9,3.7,2.98,Warning Prompt in Driver Display
VOLVO-VRU-2871,Pedestrian Running,15.9,3.5,1.38,Automatic Emergency Braking (AEB)
VOLVO-VRU-2872,Pedestrian Running,36.3,4.3,3.17,Warning Prompt in Driver Display
VOLVO-VRU-2873,Pedestrian Walking,31.6,6.4,2.11,Warning Prompt in Driver Display
VOLVO-VRU-2874,Cyclist Fast,12.1,5.3,1.07,Automatic Emergency Braking (AEB)
VOLVO-VRU-2875,Pedestrian Running,12.9,1.6,1.3,Automatic Emergency Braking (AEB)
VOLVO-VRU-2876,Pedestrian Running,19.6,6.1,0.96,Automatic Emergency Braking (AEB)
VOLVO-VRU-2877,Cyclist Fast,25.3,1.5,2.7,Warning Prompt in Driver Display
VOLVO-VRU-2878,Pedestrian Walking,13.6,4.2,1.4,Automatic Emergency Braking (AEB)
VOLVO-VRU-2879,Pedestrian Walking,7.3,6.5,0.6,Automatic Emergency Braking (AEB)
VOLVO-VRU-2880,E-Scooter Commuter,35.2,2.7,3.1,Warning Prompt in Driver Display
VOLVO-VRU-2881,Pedestrian Walking,12.6,4.1,1.14,Automatic Emergency Braking (AEB)
VOLVO-VRU-2882,Pedestrian Running,25.7,6.0,1.89,Warning Prompt in Driver Display
VOLVO-VRU-2883,Pedestrian Walking,21.5,3.0,1.81,Warning Prompt in Driver Display
VOLVO-VRU-2884,Cyclist Fast,19.6,2.8,2.04,Warning Prompt in Driver Display
VOLVO-VRU-2885,Pedestrian Walking,13.9,2.1,1.64,Automatic Emergency Braking (AEB)
VOLVO-VRU-2886,Pedestrian Running,27.9,3.9,2.02,Warning Prompt in Driver Display
VOLVO-VRU-2887,Pedestrian Walking,9.0,6.5,0.6,Automatic Emergency Braking (AEB)
VOLVO-VRU-2888,Pedestrian Walking,26.0,3.0,2.23,Warning Prompt in Driver Display
VOLVO-VRU-2889,Cyclist Fast,36.7,2.8,3.31,Warning Prompt in Driver Display
VOLVO-VRU-2890,Pedestrian Walking,18.9,3.2,1.73,Automatic Emergency Braking (AEB)
VOLVO-VRU-2891,Pedestrian Running,7.0,4.5,0.72,Automatic Emergency Braking (AEB)
VOLVO-VRU-2892,Cyclist Fast,10.4,4.5,0.73,Automatic Emergency Braking (AEB)
VOLVO-VRU-2893,E-Scooter Commuter,44.9,5.5,2.88,Warning Prompt in Driver Display
VOLVO-VRU-2894,Cyclist Fast,19.1,4.8,1.08,Automatic Emergency Braking (AEB)
VOLVO-VRU-2895,Pedestrian Walking,20.3,6.7,1.11,Automatic Emergency Braking (AEB)
VOLVO-VRU-2896,Pedestrian Walking,42.8,7.1,3.24,Warning Prompt in Driver Display
VOLVO-VRU-2897,Cyclist Fast,28.4,4.8,2.09,Warning Prompt in Driver Display
VOLVO-VRU-2898,E-Scooter Commuter,20.2,2.7,1.53,Automatic Emergency Braking (AEB)
VOLVO-VRU-2899,Child Crossing,43.0,3.6,3.43,Warning Prompt in Driver Display
VOLVO-VRU-2900,Cyclist Fast,15.2,2.0,1.22,Automatic Emergency Braking (AEB)
VOLVO-VRU-2901,Pedestrian Walking,22.5,1.4,2.48,Warning Prompt in Driver Display
VOLVO-VRU-2902,Pedestrian Walking,31.6,1.3,3.06,Warning Prompt in Driver Display
VOLVO-VRU-2903,E-Scooter Commuter,33.0,5.9,2.6,Warning Prompt in Driver Display
VOLVO-VRU-2904,Pedestrian Walking,29.0,5.6,2.26,Warning Prompt in Driver Display
VOLVO-VRU-2905,Pedestrian Running,16.1,5.6,1.01,Automatic Emergency Braking (AEB)
VOLVO-VRU-2906,Pedestrian Running,33.3,4.8,2.18,Warning Prompt in Driver Display
VOLVO-VRU-2907,Pedestrian Walking,14.8,1.7,1.39,Automatic Emergency Braking (AEB)
VOLVO-VRU-2908,Pedestrian Walking,14.7,2.0,1.18,Automatic Emergency Braking (AEB)
VOLVO-VRU-2909,Pedestrian Walking,16.8,1.5,1.38,Automatic Emergency Braking (AEB)
VOLVO-VRU-2910,Pedestrian Walking,33.0,1.1,3.43,Warning Prompt in Driver Display
VOLVO-VRU-2911,Pedestrian Running,30.1,2.2,2.54,Warning Prompt in Driver Display
VOLVO-VRU-2912,Pedestrian Running,44.2,7.3,2.45,Warning Prompt in Driver Display
VOLVO-VRU-2913,Child Crossing,9.7,5.3,0.85,Automatic Emergency Braking (AEB)
VOLVO-VRU-2914,Pedestrian Walking,15.0,3.3,1.55,Automatic Emergency Braking (AEB)
VOLVO-VRU-2915,Pedestrian Walking,28.1,5.1,1.81,Warning Prompt in Driver Display
VOLVO-VRU-2916,Child Crossing,22.4,6.2,1.42,Automatic Emergency Braking (AEB)
VOLVO-VRU-2917,Pedestrian Walking,19.8,7.0,1.19,Automatic Emergency Braking (AEB)
VOLVO-VRU-2918,Cyclist Fast,19.6,6.7,1.45,Automatic Emergency Braking (AEB)
VOLVO-VRU-2919,Pedestrian Running,14.6,3.0,0.97,Automatic Emergency Braking (AEB)
VOLVO-VRU-2920,Pedestrian Running,16.5,6.0,1.3,Automatic Emergency Braking (AEB)
VOLVO-VRU-2921,Pedestrian Walking,10.5,3.5,0.98,Automatic Emergency Braking (AEB)
VOLVO-VRU-2922,Pedestrian Walking,43.8,4.8,3.41,Warning Prompt in Driver Display
VOLVO-VRU-2923,Cyclist Fast,33.5,3.7,2.73,Warning Prompt in Driver Display
VOLVO-VRU-2924,E-Scooter Commuter,13.4,3.3,1.28,Automatic Emergency Braking (AEB)
VOLVO-VRU-2925,E-Scooter Commuter,21.3,1.8,1.97,Warning Prompt in Driver Display
VOLVO-VRU-2926,Cyclist Fast,24.5,1.5,2.61,Warning Prompt in Driver Display
VOLVO-VRU-2927,Pedestrian Walking,24.9,6.2,1.61,Automatic Emergency Braking (AEB)
VOLVO-VRU-2928,Cyclist Fast,34.1,1.7,3.3,Warning Prompt in Driver Display
VOLVO-VRU-2929,Pedestrian Walking,14.0,2.1,1.21,Automatic Emergency Braking (AEB)
VOLVO-VRU-2930,Pedestrian Walking,34.7,2.9,2.94,Warning Prompt in Driver Display
VOLVO-VRU-2931,Pedestrian Running,27.6,1.3,2.67,Warning Prompt in Driver Display
VOLVO-VRU-2932,Pedestrian Running,20.4,7.2,1.73,Automatic Emergency Braking (AEB)
VOLVO-VRU-2933,Cyclist Fast,37.3,2.1,3.66,Warning Prompt in Driver Display
VOLVO-VRU-2934,Pedestrian Walking,25.8,1.2,2.29,Warning Prompt in Driver Display
VOLVO-VRU-2935,Pedestrian Walking,19.4,3.6,1.7,Automatic Emergency Braking (AEB)
VOLVO-VRU-2936,Pedestrian Walking,18.3,6.9,1.21,Automatic Emergency Braking (AEB)
VOLVO-VRU-2937,Cyclist Fast,10.9,5.3,0.85,Automatic Emergency Braking (AEB)
VOLVO-VRU-2938,Pedestrian Walking,10.6,5.8,0.77,Automatic Emergency Braking (AEB)
VOLVO-VRU-2939,Pedestrian Walking,26.3,6.6,1.7,Automatic Emergency Braking (AEB)
VOLVO-VRU-2940,Pedestrian Walking,10.2,2.7,0.84,Automatic Emergency Braking (AEB)
VOLVO-VRU-2941,Cyclist Fast,25.4,2.4,2.27,Warning Prompt in Driver Display
VOLVO-VRU-2942,Pedestrian Running,29.7,6.9,2.09,Warning Prompt in Driver Display
VOLVO-VRU-2943,Pedestrian Walking,13.8,2.6,1.29,Automatic Emergency Braking (AEB)
VOLVO-VRU-2944,Pedestrian Walking,13.9,3.3,0.77,Automatic Emergency Braking (AEB)
VOLVO-VRU-2945,E-Scooter Commuter,13.3,1.9,1.27,Automatic Emergency Braking (AEB)
VOLVO-VRU-2946,Pedestrian Running,25.9,3.1,2.63,Warning Prompt in Driver Display
VOLVO-VRU-2947,Pedestrian Walking,5.4,5.8,0.64,Automatic Emergency Braking (AEB)
VOLVO-VRU-2948,E-Scooter Commuter,39.2,5.6,2.72,Warning Prompt in Driver Display
VOLVO-VRU-2949,Cyclist Fast,30.8,4.7,2.28,Warning Prompt in Driver Display
VOLVO-VRU-2950,E-Scooter Commuter,20.0,4.0,1.2,Automatic Emergency Braking (AEB)
VOLVO-VRU-2951,Pedestrian Walking,8.7,6.5,0.6,Automatic Emergency Braking (AEB)
VOLVO-VRU-2952,Cyclist Fast,44.3,3.6,3.44,Warning Prompt in Driver Display
VOLVO-VRU-2953,Pedestrian Running,23.3,1.9,2.1,Warning Prompt in Driver Display
VOLVO-VRU-2954,Child Crossing,31.2,3.6,2.65,Warning Prompt in Driver Display
VOLVO-VRU-2955,Pedestrian Running,14.5,2.3,1.56,Automatic Emergency Braking (AEB)
VOLVO-VRU-2956,Pedestrian Walking,16.3,7.3,1.29,Automatic Emergency Braking (AEB)
VOLVO-VRU-2957,Pedestrian Walking,10.4,5.5,0.8,Automatic Emergency Braking (AEB)
VOLVO-VRU-2958,Pedestrian Running,23.6,2.9,2.28,Warning Prompt in Driver Display
VOLVO-VRU-2959,E-Scooter Commuter,35.0,4.6,2.76,Warning Prompt in Driver Display
VOLVO-VRU-2960,E-Scooter Commuter,20.0,5.7,1.25,Automatic Emergency Braking (AEB)
VOLVO-VRU-2961,Pedestrian Walking,18.3,4.3,1.4,Automatic Emergency Braking (AEB)
VOLVO-VRU-2962,E-Scooter Commuter,44.9,7.0,3.0,Warning Prompt in Driver Display
VOLVO-VRU-2963,Cyclist Fast,21.4,5.3,1.46,Automatic Emergency Braking (AEB)
VOLVO-VRU-2964,Pedestrian Running,33.3,6.0,2.09,Warning Prompt in Driver Display
VOLVO-VRU-2965,Pedestrian Walking,21.5,7.5,1.26,Automatic Emergency Braking (AEB)
VOLVO-VRU-2966,Pedestrian Running,40.3,5.2,3.25,Warning Prompt in Driver Display
VOLVO-VRU-2967,Cyclist Fast,19.4,6.7,1.49,Automatic Emergency Braking (AEB)
VOLVO-VRU-2968,Pedestrian Running,5.4,3.9,0.6,Automatic Emergency Braking (AEB)
VOLVO-VRU-2969,Cyclist Fast,18.9,5.5,1.15,Automatic Emergency Braking (AEB)
VOLVO-VRU-2970,Pedestrian Walking,37.1,2.8,3.54,Warning Prompt in Driver Display
VOLVO-VRU-2971,Cyclist Fast,19.6,2.7,1.75,Automatic Emergency Braking (AEB)
VOLVO-VRU-2972,Pedestrian Walking,24.8,1.3,2.28,Warning Prompt in Driver Display
VOLVO-VRU-2973,Pedestrian Walking,44.2,4.7,3.6,Warning Prompt in Driver Display
VOLVO-VRU-2974,Pedestrian Walking,9.7,1.9,0.75,Automatic Emergency Braking (AEB)
VOLVO-VRU-2975,Pedestrian Walking,34.3,1.6,3.69,Warning Prompt in Driver Display
VOLVO-VRU-2976,Pedestrian Walking,9.3,4.3,0.91,Automatic Emergency Braking (AEB)
VOLVO-VRU-2977,Pedestrian Walking,22.0,4.5,1.75,Automatic Emergency Braking (AEB)
VOLVO-VRU-2978,Pedestrian Walking,44.8,1.4,4.5,Warning Prompt in Driver Display
VOLVO-VRU-2979,Pedestrian Walking,40.9,2.7,3.47,Warning Prompt in Driver Display
VOLVO-VRU-2980,Pedestrian Running,9.9,3.1,0.99,Automatic Emergency Braking (AEB)
VOLVO-VRU-2981,Cyclist Fast,28.0,5.6,2.36,Warning Prompt in Driver Display
VOLVO-VRU-2982,Pedestrian Walking,10.3,1.8,0.92,Automatic Emergency Braking (AEB)
VOLVO-VRU-2983,Pedestrian Running,24.6,7.4,1.37,Automatic Emergency Braking (AEB)
VOLVO-VRU-2984,Pedestrian Walking,24.7,7.2,1.72,Automatic Emergency Braking (AEB)
VOLVO-VRU-2985,Pedestrian Walking,32.2,4.9,2.25,Warning Prompt in Driver Display
VOLVO-VRU-2986,Cyclist Fast,37.4,4.9,2.74,Warning Prompt in Driver Display
VOLVO-VRU-2987,Pedestrian Walking,10.8,7.2,0.6,Automatic Emergency Braking (AEB)
VOLVO-VRU-2988,Pedestrian Running,26.6,2.1,2.71,Warning Prompt in Driver Display
VOLVO-VRU-2989,Pedestrian Walking,5.0,1.5,0.6,Automatic Emergency Braking (AEB)
VOLVO-VRU-2990,Pedestrian Walking,38.5,3.9,3.07,Warning Prompt in Driver Display
VOLVO-VRU-2991,Pedestrian Running,28.6,7.1,2.04,Warning Prompt in Driver Display
VOLVO-VRU-2992,Pedestrian Walking,19.8,6.0,1.44,Automatic Emergency Braking (AEB)
VOLVO-VRU-2993,Pedestrian Walking,20.0,4.7,1.5,Automatic Emergency Braking (AEB)
VOLVO-VRU-2994,E-Scooter Commuter,12.4,1.3,1.15,Automatic Emergency Braking (AEB)
VOLVO-VRU-2995,Pedestrian Walking,33.0,6.7,1.84,Warning Prompt in Driver Display
VOLVO-VRU-2996,Child Crossing,44.0,1.7,4.05,Warning Prompt in Driver Display
VOLVO-VRU-2997,Pedestrian Running,16.9,5.5,1.58,Automatic Emergency Braking (AEB)
VOLVO-VRU-2998,Pedestrian Running,31.5,1.5,3.26,Warning Prompt in Driver Display
VOLVO-VRU-2999,Pedestrian Running,8.9,1.8,0.6,Automatic Emergency Braking (AEB)
VOLVO-VRU-3000,Pedestrian Running,10.7,5.9,0.86,Automatic Emergency Braking (AEB)
VOLVO-VRU-3001,E-Scooter Commuter,16.7,4.0,1.3,Automatic Emergency Braking (AEB)
VOLVO-VRU-3002,Pedestrian Walking,22.5,4.6,1.78,Automatic Emergency Braking (AEB)
VOLVO-VRU-3003,Pedestrian Walking,18.6,1.5,1.65,Automatic Emergency Braking (AEB)
VOLVO-VRU-3004,Cyclist Fast,5.0,3.4,0.6,Automatic Emergency Braking (AEB)
VOLVO-VRU-3005,Pedestrian Running,6.1,6.3,0.6,Automatic Emergency Braking (AEB)
VOLVO-VRU-3006,Pedestrian Running,39.6,2.8,3.59,Warning Prompt in Driver Display
VOLVO-VRU-3007,Pedestrian Walking,19.1,4.7,2.03,Warning Prompt in Driver Display
VOLVO-VRU-3008,E-Scooter Commuter,22.8,2.2,2.11,Warning Prompt in Driver Display
VOLVO-VRU-3009,Pedestrian Walking,37.1,6.0,2.27,Warning Prompt in Driver Display
VOLVO-VRU-3010,Pedestrian Walking,8.8,3.6,1.04,Automatic Emergency Braking (AEB)
VOLVO-VRU-3011,Pedestrian Walking,27.2,2.5,2.44,Warning Prompt in Driver Display
VOLVO-VRU-3012,Pedestrian Running,42.1,2.8,3.69,Warning Prompt in Driver Display
VOLVO-VRU-3013,Pedestrian Walking,26.3,7.0,1.44,Automatic Emergency Braking (AEB)
VOLVO-VRU-3014,Pedestrian Walking,33.8,4.2,2.75,Warning Prompt in Driver Display
VOLVO-VRU-3015,E-Scooter Commuter,42.7,1.4,4.29,Warning Prompt in Driver Display
VOLVO-VRU-3016,Pedestrian Walking,21.6,4.1,1.66,Automatic Emergency Braking (AEB)
VOLVO-VRU-3017,Pedestrian Running,33.0,4.8,2.16,Warning Prompt in Driver Display
VOLVO-VRU-3018,Pedestrian Walking,18.1,4.1,1.35,Automatic Emergency Braking (AEB)
VOLVO-VRU-3019,Cyclist Fast,7.6,4.7,0.6,Automatic Emergency Braking (AEB)
VOLVO-VRU-3020,Pedestrian Running,31.9,1.5,3.46,Warning Prompt in Driver Display
VOLVO-VRU-3021,Pedestrian Walking,30.0,6.3,1.94,Warning Prompt in Driver Display
VOLVO-VRU-3022,Child Crossing,13.5,4.7,1.03,Automatic Emergency Braking (AEB)
VOLVO-VRU-3023,Cyclist Fast,42.8,5.8,3.14,Warning Prompt in Driver Display
VOLVO-VRU-3024,Pedestrian Walking,31.3,3.7,2.43,Warning Prompt in Driver Display
VOLVO-VRU-3025,E-Scooter Commuter,23.0,5.3,1.76,Automatic Emergency Braking (AEB)
VOLVO-VRU-3026,Pedestrian Walking,6.9,3.2,1.15,Automatic Emergency Braking (AEB)
VOLVO-VRU-3027,Pedestrian Walking,26.1,3.3,2.43,Warning Prompt in Driver Display
VOLVO-VRU-3028,Pedestrian Walking,19.4,1.2,1.59,Automatic Emergency Braking (AEB)
VOLVO-VRU-3029,Child Crossing,44.9,2.9,3.97,Warning Prompt in Driver Display
VOLVO-VRU-3030,Cyclist Fast,42.3,5.5,2.86,Warning Prompt in Driver Display
VOLVO-VRU-3031,Cyclist Fast,37.1,4.6,2.68,Warning Prompt in Driver Display
VOLVO-VRU-3032,Pedestrian Walking,36.5,5.4,2.57,Warning Prompt in Driver Display
VOLVO-VRU-3033,Cyclist Fast,34.6,5.0,2.6,Warning Prompt in Driver Display
VOLVO-VRU-3034,Pedestrian Walking,21.1,4.7,1.56,Automatic Emergency Braking (AEB)
VOLVO-VRU-3035,Pedestrian Walking,43.1,1.8,4.17,Warning Prompt in Driver Display
VOLVO-VRU-3036,Pedestrian Walking,44.5,3.6,3.78,Warning Prompt in Driver Display
VOLVO-VRU-3037,Pedestrian Walking,23.6,5.8,1.32,Automatic Emergency Braking (AEB)
VOLVO-VRU-3038,Pedestrian Walking,29.0,6.3,1.77,Automatic Emergency Braking (AEB)
VOLVO-VRU-3039,Pedestrian Running,10.4,6.7,0.6,Automatic Emergency Braking (AEB)
VOLVO-VRU-3040,Pedestrian Walking,36.9,3.8,3.11,Warning Prompt in Driver Display
VOLVO-VRU-3041,Pedestrian Running,44.9,5.4,3.33,Warning Prompt in Driver Display
VOLVO-VRU-3042,Pedestrian Running,38.5,6.6,2.39,Warning Prompt in Driver Display
VOLVO-VRU-3043,Pedestrian Walking,36.5,2.1,3.06,Warning Prompt in Driver Display
VOLVO-VRU-3044,Pedestrian Walking,37.4,3.7,3.02,Warning Prompt in Driver Display
VOLVO-VRU-3045,Pedestrian Walking,7.4,6.6,0.6,Automatic Emergency Braking (AEB)
VOLVO-VRU-3046,Pedestrian Running,19.9,7.3,1.35,Automatic Emergency Braking (AEB)
VOLVO-VRU-3047,Pedestrian Walking,32.8,5.4,2.34,Warning Prompt in Driver Display
VOLVO-VRU-3048,Pedestrian Walking,39.9,7.1,2.42,Warning Prompt in Driver Display
VOLVO-VRU-3049,Cyclist Fast,38.6,5.6,2.73,Warning Prompt in Driver Display
VOLVO-VRU-3050,Pedestrian Walking,43.5,5.3,2.64,Warning Prompt in Driver Display
VOLVO-VRU-3051,Pedestrian Running,7.6,5.3,0.6,Automatic Emergency Braking (AEB)
VOLVO-VRU-3052,Pedestrian Walking,10.4,2.2,1.03,Automatic Emergency Braking (AEB)
VOLVO-VRU-3053,Pedestrian Walking,10.8,1.5,1.43,Automatic Emergency Braking (AEB)
VOLVO-VRU-3054,Cyclist Fast,35.2,4.5,2.69,Warning Prompt in Driver Display
VOLVO-VRU-3055,Pedestrian Walking,16.9,2.7,1.18,Automatic Emergency Braking (AEB)
VOLVO-VRU-3056,Pedestrian Walking,22.0,6.6,1.74,Automatic Emergency Braking (AEB)
VOLVO-VRU-3057,Pedestrian Walking,7.9,6.4,0.6,Automatic Emergency Braking (AEB)
VOLVO-VRU-3058,Pedestrian Walking,22.8,5.9,1.62,Automatic Emergency Braking (AEB)
VOLVO-VRU-3059,Pedestrian Walking,20.4,3.6,1.4,Automatic Emergency Braking (AEB)
VOLVO-VRU-3060,Cyclist Fast,22.1,6.3,1.4,Automatic Emergency Braking (AEB)
VOLVO-VRU-3061,Pedestrian Running,18.9,3.5,1.36,Automatic Emergency Braking (AEB)
VOLVO-VRU-3062,Pedestrian Walking,33.8,3.6,2.35,Warning Prompt in Driver Display
VOLVO-VRU-3063,Pedestrian Walking,19.0,2.5,1.24,Automatic Emergency Braking (AEB)
VOLVO-VRU-3064,Pedestrian Walking,10.5,3.8,0.63,Automatic Emergency Braking (AEB)
VOLVO-VRU-3065,Pedestrian Walking,42.6,2.4,4.01,Warning Prompt in Driver Display
VOLVO-VRU-3066,Pedestrian Walking,25.3,7.1,1.49,Automatic Emergency Braking (AEB)
VOLVO-VRU-3067,Pedestrian Walking,8.4,1.3,1.01,Automatic Emergency Braking (AEB)
VOLVO-VRU-3068,Pedestrian Running,13.0,5.5,0.97,Automatic Emergency Braking (AEB)
VOLVO-VRU-3069,Cyclist Fast,10.1,7.1,0.65,Automatic Emergency Braking (AEB)
VOLVO-VRU-3070,Cyclist Fast,21.7,3.0,2.0,Warning Prompt in Driver Display
VOLVO-VRU-3071,Pedestrian Running,29.4,5.0,2.09,Warning Prompt in Driver Display
VOLVO-VRU-3072,Pedestrian Running,27.6,3.1,2.27,Warning Prompt in Driver Display
VOLVO-VRU-3073,Cyclist Fast,9.5,4.1,1.01,Automatic Emergency Braking (AEB)
VOLVO-VRU-3074,Child Crossing,10.3,1.1,1.21,Automatic Emergency Braking (AEB)
VOLVO-VRU-3075,Cyclist Fast,31.1,5.4,2.37,Warning Prompt in Driver Display
VOLVO-VRU-3076,Pedestrian Walking,22.4,4.3,1.51,Automatic Emergency Braking (AEB)
VOLVO-VRU-3077,Pedestrian Walking,10.2,2.0,1.31,Automatic Emergency Braking (AEB)
VOLVO-VRU-3078,E-Scooter Commuter,44.2,3.9,3.61,Warning Prompt in Driver Display
VOLVO-VRU-3079,Pedestrian Running,19.5,3.8,1.63,Automatic Emergency Braking (AEB)
VOLVO-VRU-3080,Pedestrian Walking,25.6,2.1,2.32,Warning Prompt in Driver Display
VOLVO-VRU-3081,Pedestrian Walking,33.5,4.3,2.86,Warning Prompt in Driver Display
VOLVO-VRU-3082,Pedestrian Walking,36.1,5.4,2.37,Warning Prompt in Driver Display
VOLVO-VRU-3083,Pedestrian Running,8.9,4.6,0.64,Automatic Emergency Braking (AEB)
VOLVO-VRU-3084,E-Scooter Commuter,17.6,1.2,1.73,Automatic Emergency Braking (AEB)
VOLVO-VRU-3085,Pedestrian Walking,39.4,4.0,2.96,Warning Prompt in Driver Display
VOLVO-VRU-3086,E-Scooter Commuter,37.0,7.0,2.42,Warning Prompt in Driver Display
VOLVO-VRU-3087,Pedestrian Walking,28.8,5.5,1.91,Warning Prompt in Driver Display
VOLVO-VRU-3088,Child Crossing,43.3,7.0,3.07,Warning Prompt in Driver Display
VOLVO-VRU-3089,Pedestrian Walking,19.9,6.1,1.18,Automatic Emergency Braking (AEB)
VOLVO-VRU-3090,E-Scooter Commuter,23.0,6.8,1.64,Automatic Emergency Braking (AEB)
VOLVO-VRU-3091,Cyclist Fast,20.1,5.8,1.82,Warning Prompt in Driver Display
VOLVO-VRU-3092,Cyclist Fast,41.1,5.9,3.18,Warning Prompt in Driver Display
VOLVO-VRU-3093,Cyclist Fast,33.1,3.5,2.72,Warning Prompt in Driver Display
VOLVO-VRU-3094,Cyclist Fast,36.2,4.7,2.72,Warning Prompt in Driver Display
VOLVO-VRU-3095,Pedestrian Running,29.9,4.8,2.15,Warning Prompt in Driver Display
VOLVO-VRU-3096,E-Scooter Commuter,22.3,5.0,2.08,Warning Prompt in Driver Display
VOLVO-VRU-3097,Pedestrian Walking,43.0,5.8,2.78,Warning Prompt in Driver Display
VOLVO-VRU-3098,Pedestrian Running,12.9,4.5,1.01,Automatic Emergency Braking (AEB)
VOLVO-VRU-3099,Pedestrian Running,44.2,6.5,2.77,Warning Prompt in Driver Display
VOLVO-VRU-3100,Pedestrian Walking,26.7,7.0,1.69,Automatic Emergency Braking (AEB)
VOLVO-VRU-3101,Pedestrian Walking,40.3,5.3,2.88,Warning Prompt in Driver Display
VOLVO-VRU-3102,Pedestrian Walking,36.1,2.9,2.93,Warning Prompt in Driver Display
VOLVO-VRU-3103,Pedestrian Walking,17.9,7.2,1.16,Automatic Emergency Braking (AEB)
VOLVO-VRU-3104,Child Crossing,25.7,7.3,1.15,Automatic Emergency Braking (AEB)
VOLVO-VRU-3105,Pedestrian Running,21.7,4.7,1.6,Automatic Emergency Braking (AEB)
VOLVO-VRU-3106,E-Scooter Commuter,20.5,3.3,1.63,Automatic Emergency Braking (AEB)
VOLVO-VRU-3107,Pedestrian Walking,17.4,7.2,0.98,Automatic Emergency Braking (AEB)
VOLVO-VRU-3108,Pedestrian Running,42.7,2.3,3.88,Warning Prompt in Driver Display
VOLVO-VRU-3109,Pedestrian Running,9.4,2.4,0.87,Automatic Emergency Braking (AEB)
VOLVO-VRU-3110,Pedestrian Running,38.2,1.7,3.8,Warning Prompt in Driver Display
VOLVO-VRU-3111,E-Scooter Commuter,36.0,1.5,3.64,Warning Prompt in Driver Display
VOLVO-VRU-3112,Pedestrian Walking,43.0,6.3,2.58,Warning Prompt in Driver Display
VOLVO-VRU-3113,Pedestrian Walking,9.9,1.2,1.13,Automatic Emergency Braking (AEB)
VOLVO-VRU-3114,Pedestrian Walking,13.1,7.2,0.79,Automatic Emergency Braking (AEB)
VOLVO-VRU-3115,Pedestrian Running,26.0,2.3,2.32,Warning Prompt in Driver Display
VOLVO-VRU-3116,Pedestrian Walking,32.3,1.8,2.98,Warning Prompt in Driver Display
VOLVO-VRU-3117,Pedestrian Walking,5.7,2.7,0.6,Automatic Emergency Braking (AEB)
VOLVO-VRU-3118,E-Scooter Commuter,16.2,5.8,1.24,Automatic Emergency Braking (AEB)
VOLVO-VRU-3119,E-Scooter Commuter,25.6,4.3,1.95,Warning Prompt in Driver Display
VOLVO-VRU-3120,Pedestrian Walking,16.6,4.1,1.33,Automatic Emergency Braking (AEB)
VOLVO-VRU-3121,Cyclist Fast,43.3,3.4,3.55,Warning Prompt in Driver Display
VOLVO-VRU-3122,Cyclist Fast,34.3,7.3,1.9,Warning Prompt in Driver Display
VOLVO-VRU-3123,Pedestrian Walking,18.7,4.8,0.9,Automatic Emergency Braking (AEB)
VOLVO-VRU-3124,Pedestrian Running,35.5,2.1,3.75,Warning Prompt in Driver Display
VOLVO-VRU-3125,Pedestrian Walking,29.0,2.7,2.57,Warning Prompt in Driver Display
VOLVO-VRU-3126,Pedestrian Walking,12.5,4.8,0.83,Automatic Emergency Braking (AEB)
VOLVO-VRU-3127,E-Scooter Commuter,22.4,2.1,2.04,Warning Prompt in Driver Display
VOLVO-VRU-3128,Pedestrian Running,23.9,2.8,2.09,Warning Prompt in Driver Display
VOLVO-VRU-3129,E-Scooter Commuter,29.7,6.3,1.93,Warning Prompt in Driver Display
VOLVO-VRU-3130,Pedestrian Walking,44.6,2.8,3.76,Warning Prompt in Driver Display
VOLVO-VRU-3131,Child Crossing,22.8,5.0,1.87,Warning Prompt in Driver Display
VOLVO-VRU-3132,Cyclist Fast,26.5,1.5,2.49,Warning Prompt in Driver Display
VOLVO-VRU-3133,Pedestrian Walking,11.2,1.1,1.2,Automatic Emergency Braking (AEB)
VOLVO-VRU-3134,E-Scooter Commuter,11.5,5.7,0.6,Automatic Emergency Braking (AEB)
VOLVO-VRU-3135,Pedestrian Walking,8.7,1.6,1.06,Automatic Emergency Braking (AEB)
VOLVO-VRU-3136,Cyclist Fast,38.1,5.5,2.71,Warning Prompt in Driver Display
VOLVO-VRU-3137,Pedestrian Running,22.9,3.8,1.89,Warning Prompt in Driver Display
VOLVO-VRU-3138,Pedestrian Walking,42.1,2.7,3.63,Warning Prompt in Driver Display
VOLVO-VRU-3139,Pedestrian Walking,24.5,6.5,1.44,Automatic Emergency Braking (AEB)
VOLVO-VRU-3140,Pedestrian Walking,25.7,5.4,1.81,Warning Prompt in Driver Display
VOLVO-VRU-3141,E-Scooter Commuter,36.2,1.3,3.18,Warning Prompt in Driver Display
VOLVO-VRU-3142,Pedestrian Running,10.7,6.3,0.75,Automatic Emergency Braking (AEB)
VOLVO-VRU-3143,Pedestrian Walking,5.2,7.0,0.6,Automatic Emergency Braking (AEB)
VOLVO-VRU-3144,Pedestrian Running,33.9,3.3,3.08,Warning Prompt in Driver Display
VOLVO-VRU-3145,Pedestrian Running,35.1,3.9,2.91,Warning Prompt in Driver Display
VOLVO-VRU-3146,Pedestrian Walking,14.7,1.4,1.71,Automatic Emergency Braking (AEB)
VOLVO-VRU-3147,Pedestrian Walking,37.0,2.2,3.51,Warning Prompt in Driver Display
VOLVO-VRU-3148,E-Scooter Commuter,22.8,7.2,1.21,Automatic Emergency Braking (AEB)
VOLVO-VRU-3149,Pedestrian Walking,29.5,5.4,2.18,Warning Prompt in Driver Display
VOLVO-VRU-3150,E-Scooter Commuter,41.6,3.1,3.4,Warning Prompt in Driver Display
VOLVO-VRU-3151,Pedestrian Running,29.4,5.4,2.24,Warning Prompt in Driver Display
VOLVO-VRU-3152,Cyclist Fast,38.4,4.0,2.85,Warning Prompt in Driver Display
VOLVO-VRU-3153,Pedestrian Walking,10.5,2.0,1.27,Automatic Emergency Braking (AEB)
VOLVO-VRU-3154,Pedestrian Walking,34.7,1.7,2.83,Warning Prompt in Driver Display
VOLVO-VRU-3155,Pedestrian Walking,11.6,4.6,0.88,Automatic Emergency Braking (AEB)
VOLVO-VRU-3156,Cyclist Fast,15.6,6.6,0.85,Automatic Emergency Braking (AEB)
VOLVO-VRU-3157,Cyclist Fast,22.1,2.6,1.87,Warning Prompt in Driver Display
VOLVO-VRU-3158,Pedestrian Walking,40.9,7.3,2.51,Warning Prompt in Driver Display
VOLVO-VRU-3159,Pedestrian Walking,15.2,4.1,0.95,Automatic Emergency Braking (AEB)
VOLVO-VRU-3160,Pedestrian Walking,39.1,1.2,4.36,Warning Prompt in Driver Display
VOLVO-VRU-3161,Pedestrian Walking,13.0,1.5,1.71,Automatic Emergency Braking (AEB)
VOLVO-VRU-3162,Pedestrian Running,33.8,6.8,2.5,Warning Prompt in Driver Display
VOLVO-VRU-3163,E-Scooter Commuter,15.9,3.5,1.4,Automatic Emergency Braking (AEB)
VOLVO-VRU-3164,Cyclist Fast,16.9,3.2,1.48,Automatic Emergency Braking (AEB)
VOLVO-VRU-3165,E-Scooter Commuter,31.1,4.1,2.38,Warning Prompt in Driver Display
VOLVO-VRU-3166,Pedestrian Walking,23.3,2.0,2.44,Warning Prompt in Driver Display
VOLVO-VRU-3167,Pedestrian Walking,41.4,6.1,2.77,Warning Prompt in Driver Display
VOLVO-VRU-3168,Pedestrian Walking,19.8,2.4,1.87,Warning Prompt in Driver Display
VOLVO-VRU-3169,Pedestrian Walking,18.7,1.9,1.61,Automatic Emergency Braking (AEB)
VOLVO-VRU-3170,Pedestrian Walking,23.9,3.3,2.03,Warning Prompt in Driver Display
VOLVO-VRU-3171,Pedestrian Walking,38.7,6.5,2.94,Warning Prompt in Driver Display
VOLVO-VRU-3172,Pedestrian Running,32.3,5.2,2.2,Warning Prompt in Driver Display
VOLVO-VRU-3173,Pedestrian Running,28.9,2.6,3.11,Warning Prompt in Driver Display
VOLVO-VRU-3174,Pedestrian Walking,38.1,6.9,2.07,Warning Prompt in Driver Display
VOLVO-VRU-3175,Cyclist Fast,17.7,6.4,1.01,Automatic Emergency Braking (AEB)
VOLVO-VRU-3176,Pedestrian Walking,31.4,3.7,2.37,Warning Prompt in Driver Display
VOLVO-VRU-3177,Pedestrian Running,35.0,2.9,2.79,Warning Prompt in Driver Display
VOLVO-VRU-3178,Pedestrian Walking,16.7,2.3,1.41,Automatic Emergency Braking (AEB)
VOLVO-VRU-3179,E-Scooter Commuter,41.2,1.8,4.01,Warning Prompt in Driver Display
VOLVO-VRU-3180,Cyclist Fast,34.2,5.5,2.45,Warning Prompt in Driver Display
VOLVO-VRU-3181,Cyclist Fast,29.3,1.1,3.17,Warning Prompt in Driver Display
VOLVO-VRU-3182,Pedestrian Running,14.5,2.0,1.35,Automatic Emergency Braking (AEB)
VOLVO-VRU-3183,Pedestrian Running,21.7,7.3,1.67,Automatic Emergency Braking (AEB)
VOLVO-VRU-3184,Pedestrian Running,6.8,2.7,0.6,Automatic Emergency Braking (AEB)
VOLVO-VRU-3185,Pedestrian Walking,35.7,7.4,2.27,Warning Prompt in Driver Display
VOLVO-VRU-3186,Pedestrian Walking,7.1,1.5,0.69,Automatic Emergency Braking (AEB)
VOLVO-VRU-3187,Pedestrian Walking,12.8,4.5,1.02,Automatic Emergency Braking (AEB)
VOLVO-VRU-3188,Pedestrian Walking,37.7,3.7,3.07,Warning Prompt in Driver Display
VOLVO-VRU-3189,E-Scooter Commuter,5.8,5.0,0.6,Automatic Emergency Braking (AEB)
VOLVO-VRU-3190,Pedestrian Walking,26.1,6.5,1.93,Warning Prompt in Driver Display
VOLVO-VRU-3191,Child Crossing,39.8,1.9,3.9,Warning Prompt in Driver Display
VOLVO-VRU-3192,Pedestrian Running,21.9,2.0,2.05,Warning Prompt in Driver Display
VOLVO-VRU-3193,Pedestrian Walking,44.9,1.6,4.33,Warning Prompt in Driver Display
VOLVO-VRU-3194,Pedestrian Walking,8.5,4.4,0.6,Automatic Emergency Braking (AEB)
VOLVO-VRU-3195,Pedestrian Walking,28.3,2.1,2.78,Warning Prompt in Driver Display
VOLVO-VRU-3196,Cyclist Fast,6.2,3.9,0.6,Automatic Emergency Braking (AEB)
VOLVO-VRU-3197,E-Scooter Commuter,7.6,3.1,0.6,Automatic Emergency Braking (AEB)
VOLVO-VRU-3198,Pedestrian Walking,20.1,1.2,2.37,Warning Prompt in Driver Display
VOLVO-VRU-3199,Cyclist Fast,37.7,5.8,2.23,Warning Prompt in Driver Display
VOLVO-VRU-3200,E-Scooter Commuter,21.9,3.1,2.04,Warning Prompt in Driver Display
VOLVO-VRU-3201,E-Scooter Commuter,12.8,4.0,0.87,Automatic Emergency Braking (AEB)
VOLVO-VRU-3202,Pedestrian Walking,32.0,3.9,2.68,Warning Prompt in Driver Display
VOLVO-VRU-3203,E-Scooter Commuter,31.4,1.2,2.87,Warning Prompt in Driver Display
VOLVO-VRU-3204,Pedestrian Walking,25.4,7.4,1.61,Automatic Emergency Braking (AEB)
VOLVO-VRU-3205,Pedestrian Walking,30.5,3.2,2.73,Warning Prompt in Driver Display
VOLVO-VRU-3206,Pedestrian Walking,37.0,2.1,3.48,Warning Prompt in Driver Display
VOLVO-VRU-3207,Pedestrian Walking,28.2,5.2,2.11,Warning Prompt in Driver Display
VOLVO-VRU-3208,Pedestrian Running,17.5,3.3,1.83,Warning Prompt in Driver Display
VOLVO-VRU-3209,Pedestrian Walking,13.4,6.7,0.87,Automatic Emergency Braking (AEB)
VOLVO-VRU-3210,Pedestrian Walking,35.7,5.6,2.38,Warning Prompt in Driver Display
VOLVO-VRU-3211,Pedestrian Walking,17.4,6.1,0.9,Automatic Emergency Braking (AEB)
VOLVO-VRU-3212,Pedestrian Running,20.9,2.3,2.31,Warning Prompt in Driver Display
VOLVO-VRU-3213,Child Crossing,42.6,3.7,3.71,Warning Prompt in Driver Display
VOLVO-VRU-3214,Pedestrian Walking,24.3,1.4,2.39,Warning Prompt in Driver Display
VOLVO-VRU-3215,Child Crossing,11.1,2.1,0.95,Automatic Emergency Braking (AEB)
VOLVO-VRU-3216,Pedestrian Walking,22.3,5.1,1.69,Automatic Emergency Braking (AEB)
VOLVO-VRU-3217,Pedestrian Running,7.2,1.9,0.95,Automatic Emergency Braking (AEB)
VOLVO-VRU-3218,Child Crossing,23.3,2.2,2.25,Warning Prompt in Driver Display
VOLVO-VRU-3219,Pedestrian Walking,15.5,2.4,1.64,Automatic Emergency Braking (AEB)
VOLVO-VRU-3220,Pedestrian Running,5.3,6.8,0.6,Automatic Emergency Braking (AEB)
VOLVO-VRU-3221,Pedestrian Walking,39.5,4.3,3.12,Warning Prompt in Driver Display
VOLVO-VRU-3222,Pedestrian Walking,41.6,2.9,4.13,Warning Prompt in Driver Display
VOLVO-VRU-3223,Pedestrian Running,9.6,4.7,0.6,Automatic Emergency Braking (AEB)
VOLVO-VRU-3224,Pedestrian Running,27.5,4.1,2.14,Warning Prompt in Driver Display
VOLVO-VRU-3225,Pedestrian Walking,38.8,1.4,3.66,Warning Prompt in Driver Display
VOLVO-VRU-3226,E-Scooter Commuter,31.4,3.1,3.11,Warning Prompt in Driver Display
VOLVO-VRU-3227,Pedestrian Running,43.7,6.2,3.31,Warning Prompt in Driver Display
VOLVO-VRU-3228,Pedestrian Walking,11.7,2.5,1.25,Automatic Emergency Braking (AEB)
VOLVO-VRU-3229,Child Crossing,27.8,6.6,1.84,Warning Prompt in Driver Display
VOLVO-VRU-3230,E-Scooter Commuter,31.9,2.3,2.94,Warning Prompt in Driver Display
VOLVO-VRU-3231,Pedestrian Running,24.2,2.0,2.28,Warning Prompt in Driver Display
VOLVO-VRU-3232,Pedestrian Walking,7.8,2.2,0.69,Automatic Emergency Braking (AEB)
VOLVO-VRU-3233,Pedestrian Walking,26.6,6.9,1.75,Automatic Emergency Braking (AEB)
VOLVO-VRU-3234,Child Crossing,11.5,2.5,0.79,Automatic Emergency Braking (AEB)
VOLVO-VRU-3235,Pedestrian Walking,32.3,6.4,2.29,Warning Prompt in Driver Display
VOLVO-VRU-3236,Pedestrian Walking,9.8,1.5,0.99,Automatic Emergency Braking (AEB)
VOLVO-VRU-3237,Pedestrian Running,11.3,2.3,1.23,Automatic Emergency Braking (AEB)
VOLVO-VRU-3238,Pedestrian Running,19.2,3.2,1.57,Automatic Emergency Braking (AEB)
VOLVO-VRU-3239,Pedestrian Walking,43.5,5.6,3.2,Warning Prompt in Driver Display
VOLVO-VRU-3240,E-Scooter Commuter,16.0,2.7,1.46,Automatic Emergency Braking (AEB)
VOLVO-VRU-3241,Pedestrian Running,9.5,3.9,0.95,Automatic Emergency Braking (AEB)
VOLVO-VRU-3242,Cyclist Fast,42.7,2.0,4.38,Warning Prompt in Driver Display
VOLVO-VRU-3243,Cyclist Fast,34.4,2.7,3.2,Warning Prompt in Driver Display
VOLVO-VRU-3244,Pedestrian Walking,24.2,4.5,1.99,Warning Prompt in Driver Display
VOLVO-VRU-3245,Pedestrian Running,43.4,5.9,3.08,Warning Prompt in Driver Display
VOLVO-VRU-3246,Pedestrian Walking,44.6,2.2,4.13,Warning Prompt in Driver Display
VOLVO-VRU-3247,Pedestrian Walking,7.6,3.0,0.97,Automatic Emergency Braking (AEB)
VOLVO-VRU-3248,Pedestrian Walking,38.8,5.7,3.14,Warning Prompt in Driver Display
VOLVO-VRU-3249,Pedestrian Running,5.6,2.5,0.6,Automatic Emergency Braking (AEB)
VOLVO-VRU-3250,E-Scooter Commuter,16.2,1.4,1.16,Automatic Emergency Braking (AEB)
VOLVO-VRU-3251,E-Scooter Commuter,34.3,1.4,3.15,Warning Prompt in Driver Display
VOLVO-VRU-3252,Pedestrian Running,15.5,4.1,1.33,Automatic Emergency Braking (AEB)
VOLVO-VRU-3253,Pedestrian Walking,28.9,1.2,2.85,Warning Prompt in Driver Display
VOLVO-VRU-3254,Child Crossing,16.4,4.7,1.32,Automatic Emergency Braking (AEB)
VOLVO-VRU-3255,E-Scooter Commuter,37.3,3.5,3.15,Warning Prompt in Driver Display
VOLVO-VRU-3256,Pedestrian Walking,37.5,5.8,2.76,Warning Prompt in Driver Display
VOLVO-VRU-3257,E-Scooter Commuter,18.4,3.1,1.8,Warning Prompt in Driver Display
VOLVO-VRU-3258,Child Crossing,20.1,2.4,1.44,Automatic Emergency Braking (AEB)
VOLVO-VRU-3259,Pedestrian Running,16.9,6.3,1.04,Automatic Emergency Braking (AEB)
VOLVO-VRU-3260,Pedestrian Walking,35.6,5.0,2.94,Warning Prompt in Driver Display
VOLVO-VRU-3261,Cyclist Fast,19.9,3.5,1.79,Automatic Emergency Braking (AEB)
VOLVO-VRU-3262,Cyclist Fast,21.9,5.6,1.39,Automatic Emergency Braking (AEB)
VOLVO-VRU-3263,E-Scooter Commuter,7.8,6.6,0.68,Automatic Emergency Braking (AEB)
VOLVO-VRU-3264,Pedestrian Walking,12.4,1.5,0.9,Automatic Emergency Braking (AEB)
VOLVO-VRU-3265,E-Scooter Commuter,23.7,4.4,1.66,Automatic Emergency Braking (AEB)
VOLVO-VRU-3266,Pedestrian Running,31.8,2.0,2.55,Warning Prompt in Driver Display
VOLVO-VRU-3267,E-Scooter Commuter,14.7,1.4,1.33,Automatic Emergency Braking (AEB)
VOLVO-VRU-3268,Pedestrian Walking,19.0,4.1,1.57,Automatic Emergency Braking (AEB)
VOLVO-VRU-3269,Cyclist Fast,23.0,6.4,1.59,Automatic Emergency Braking (AEB)
VOLVO-VRU-3270,Cyclist Fast,31.2,5.8,2.31,Warning Prompt in Driver Display
VOLVO-VRU-3271,Pedestrian Walking,43.9,5.0,3.14,Warning Prompt in Driver Display
VOLVO-VRU-3272,Cyclist Fast,29.8,3.3,2.52,Warning Prompt in Driver Display
VOLVO-VRU-3273,E-Scooter Commuter,14.1,5.7,0.95,Automatic Emergency Braking (AEB)
VOLVO-VRU-3274,Pedestrian Running,24.2,4.0,2.04,Warning Prompt in Driver Display
VOLVO-VRU-3275,Pedestrian Running,29.1,3.9,2.61,Warning Prompt in Driver Display
VOLVO-VRU-3276,Child Crossing,19.0,4.0,1.13,Automatic Emergency Braking (AEB)
VOLVO-VRU-3277,Pedestrian Walking,19.8,2.6,1.75,Automatic Emergency Braking (AEB)
VOLVO-VRU-3278,Pedestrian Walking,42.7,4.5,3.77,Warning Prompt in Driver Display
VOLVO-VRU-3279,Cyclist Fast,34.6,3.1,2.86,Warning Prompt in Driver Display
VOLVO-VRU-3280,Cyclist Fast,10.6,1.5,0.77,Automatic Emergency Braking (AEB)
VOLVO-VRU-3281,E-Scooter Commuter,33.4,6.7,1.93,Warning Prompt in Driver Display
VOLVO-VRU-3282,E-Scooter Commuter,15.7,5.5,1.21,Automatic Emergency Braking (AEB)
VOLVO-VRU-3283,Pedestrian Walking,15.1,3.0,1.24,Automatic Emergency Braking (AEB)
VOLVO-VRU-3284,Pedestrian Running,21.2,7.3,1.01,Automatic Emergency Braking (AEB)
VOLVO-VRU-3285,Cyclist Fast,13.6,3.8,1.29,Automatic Emergency Braking (AEB)
VOLVO-VRU-3286,Pedestrian Walking,28.3,2.2,2.43,Warning Prompt in Driver Display
VOLVO-VRU-3287,Cyclist Fast,35.5,2.5,3.13,Warning Prompt in Driver Display
VOLVO-VRU-3288,Pedestrian Walking,15.2,5.1,1.12,Automatic Emergency Braking (AEB)
VOLVO-VRU-3289,Pedestrian Walking,25.7,3.5,2.32,Warning Prompt in Driver Display
VOLVO-VRU-3290,Pedestrian Walking,12.8,4.0,1.09,Automatic Emergency Braking (AEB)
VOLVO-VRU-3291,Pedestrian Walking,30.6,6.1,2.34,Warning Prompt in Driver Display
VOLVO-VRU-3292,Pedestrian Running,10.7,7.3,0.6,Automatic Emergency Braking (AEB)
VOLVO-VRU-3293,Cyclist Fast,9.8,5.7,1.2,Automatic Emergency Braking (AEB)
VOLVO-VRU-3294,Pedestrian Walking,14.3,3.0,1.39,Automatic Emergency Braking (AEB)
VOLVO-VRU-3295,Pedestrian Walking,21.6,1.6,2.08,Warning Prompt in Driver Display
VOLVO-VRU-3296,Pedestrian Walking,11.4,2.1,1.08,Automatic Emergency Braking (AEB)
VOLVO-VRU-3297,Pedestrian Running,34.1,1.5,3.77,Warning Prompt in Driver Display
VOLVO-VRU-3298,Pedestrian Walking,9.1,5.3,0.78,Automatic Emergency Braking (AEB)
VOLVO-VRU-3299,Pedestrian Walking,38.2,5.2,2.72,Warning Prompt in Driver Display
VOLVO-VRU-3300,Pedestrian Walking,19.7,6.3,1.06,Automatic Emergency Braking (AEB)
VOLVO-VRU-3301,Pedestrian Walking,27.5,4.7,1.88,Warning Prompt in Driver Display
VOLVO-VRU-3302,E-Scooter Commuter,43.3,4.6,3.4,Warning Prompt in Driver Display
VOLVO-VRU-3303,Pedestrian Walking,29.8,5.6,2.21,Warning Prompt in Driver Display
VOLVO-VRU-3304,Pedestrian Running,19.4,1.6,1.88,Warning Prompt in Driver Display
VOLVO-VRU-3305,Pedestrian Walking,29.1,6.6,1.79,Automatic Emergency Braking (AEB)
VOLVO-VRU-3306,Pedestrian Walking,14.5,3.2,0.95,Automatic Emergency Braking (AEB)
VOLVO-VRU-3307,E-Scooter Commuter,38.5,2.8,3.26,Warning Prompt in Driver Display
VOLVO-VRU-3308,Pedestrian Running,40.2,1.6,3.83,Warning Prompt in Driver Display
VOLVO-VRU-3309,Pedestrian Walking,9.6,6.3,0.64,Automatic Emergency Braking (AEB)
VOLVO-VRU-3310,Cyclist Fast,43.1,2.8,3.72,Warning Prompt in Driver Display
VOLVO-VRU-3311,Pedestrian Walking,27.5,6.6,1.66,Automatic Emergency Braking (AEB)
VOLVO-VRU-3312,Pedestrian Walking,34.4,6.7,2.32,Warning Prompt in Driver Display
VOLVO-VRU-3313,Cyclist Fast,40.6,5.7,2.72,Warning Prompt in Driver Display
VOLVO-VRU-3314,Cyclist Fast,24.4,6.9,1.52,Automatic Emergency Braking (AEB)
VOLVO-VRU-3315,Cyclist Fast,6.6,1.7,0.6,Automatic Emergency Braking (AEB)
VOLVO-VRU-3316,Pedestrian Walking,44.3,1.7,4.21,Warning Prompt in Driver Display
VOLVO-VRU-3317,E-Scooter Commuter,16.8,1.1,1.66,Automatic Emergency Braking (AEB)
VOLVO-VRU-3318,Pedestrian Running,44.2,5.8,3.15,Warning Prompt in Driver Display
VOLVO-VRU-3319,Cyclist Fast,23.1,4.6,2.07,Warning Prompt in Driver Display
VOLVO-VRU-3320,E-Scooter Commuter,14.0,1.3,1.55,Automatic Emergency Braking (AEB)
VOLVO-VRU-3321,Child Crossing,31.7,6.3,2.07,Warning Prompt in Driver Display
VOLVO-VRU-3322,Cyclist Fast,41.1,3.6,3.31,Warning Prompt in Driver Display
VOLVO-VRU-3323,E-Scooter Commuter,34.0,7.2,2.27,Warning Prompt in Driver Display
VOLVO-VRU-3324,Pedestrian Running,10.9,1.7,1.14,Automatic Emergency Braking (AEB)
VOLVO-VRU-3325,E-Scooter Commuter,32.6,3.9,2.98,Warning Prompt in Driver Display
VOLVO-VRU-3326,Pedestrian Walking,25.3,3.5,2.29,Warning Prompt in Driver Display
VOLVO-VRU-3327,Cyclist Fast,9.6,4.6,0.84,Automatic Emergency Braking (AEB)
VOLVO-VRU-3328,Pedestrian Walking,21.0,7.1,1.3,Automatic Emergency Braking (AEB)
VOLVO-VRU-3329,Pedestrian Walking,24.6,4.3,1.66,Automatic Emergency Braking (AEB)
VOLVO-VRU-3330,Pedestrian Running,14.0,3.7,1.05,Automatic Emergency Braking (AEB)
VOLVO-VRU-3331,Pedestrian Walking,34.1,5.7,2.82,Warning Prompt in Driver Display
VOLVO-VRU-3332,Pedestrian Walking,35.5,3.9,2.66,Warning Prompt in Driver Display
VOLVO-VRU-3333,Pedestrian Walking,11.8,6.8,1.07,Automatic Emergency Braking (AEB)
VOLVO-VRU-3334,Pedestrian Running,27.2,2.6,2.58,Warning Prompt in Driver Display
VOLVO-VRU-3335,Pedestrian Walking,12.5,2.7,1.24,Automatic Emergency Braking (AEB)
VOLVO-VRU-3336,Pedestrian Walking,35.9,3.8,3.09,Warning Prompt in Driver Display
VOLVO-VRU-3337,E-Scooter Commuter,26.9,5.1,1.99,Warning Prompt in Driver Display
VOLVO-VRU-3338,Cyclist Fast,44.5,7.5,2.76,Warning Prompt in Driver Display
VOLVO-VRU-3339,E-Scooter Commuter,23.9,5.1,1.84,Warning Prompt in Driver Display
VOLVO-VRU-3340,Pedestrian Walking,36.9,1.9,3.74,Warning Prompt in Driver Display
VOLVO-VRU-3341,Pedestrian Running,7.4,1.5,0.72,Automatic Emergency Braking (AEB)
VOLVO-VRU-3342,Pedestrian Walking,27.1,4.0,1.99,Warning Prompt in Driver Display
VOLVO-VRU-3343,Pedestrian Walking,34.1,7.3,2.1,Warning Prompt in Driver Display
VOLVO-VRU-3344,Pedestrian Walking,24.7,7.2,1.47,Automatic Emergency Braking (AEB)
VOLVO-VRU-3345,Pedestrian Walking,11.6,1.5,1.19,Automatic Emergency Braking (AEB)
VOLVO-VRU-3346,E-Scooter Commuter,27.6,6.6,1.77,Automatic Emergency Braking (AEB)
VOLVO-VRU-3347,Pedestrian Running,6.4,1.9,0.8,Automatic Emergency Braking (AEB)
VOLVO-VRU-3348,Pedestrian Walking,13.8,6.2,1.14,Automatic Emergency Braking (AEB)
VOLVO-VRU-3349,E-Scooter Commuter,29.1,4.3,2.1,Warning Prompt in Driver Display
VOLVO-VRU-3350,E-Scooter Commuter,44.0,5.2,3.48,Warning Prompt in Driver Display
VOLVO-VRU-3351,E-Scooter Commuter,41.6,5.2,3.0,Warning Prompt in Driver Display
VOLVO-VRU-3352,Child Crossing,19.9,6.0,1.12,Automatic Emergency Braking (AEB)
VOLVO-VRU-3353,Cyclist Fast,44.0,7.2,3.0,Warning Prompt in Driver Display
VOLVO-VRU-3354,Cyclist Fast,40.3,3.0,3.13,Warning Prompt in Driver Display
VOLVO-VRU-3355,Child Crossing,15.0,2.2,1.65,Automatic Emergency Braking (AEB)
VOLVO-VRU-3356,Pedestrian Walking,43.9,4.8,3.0,Warning Prompt in Driver Display
VOLVO-VRU-3357,Pedestrian Walking,6.0,7.4,0.6,Automatic Emergency Braking (AEB)
VOLVO-VRU-3358,Pedestrian Walking,20.6,5.0,1.7,Automatic Emergency Braking (AEB)
VOLVO-VRU-3359,Pedestrian Walking,12.5,2.6,1.45,Automatic Emergency Braking (AEB)
VOLVO-VRU-3360,Cyclist Fast,18.2,6.2,1.34,Automatic Emergency Braking (AEB)
VOLVO-VRU-3361,Cyclist Fast,44.1,4.6,3.15,Warning Prompt in Driver Display
VOLVO-VRU-3362,Cyclist Fast,33.2,6.9,2.34,Warning Prompt in Driver Display
VOLVO-VRU-3363,Pedestrian Walking,12.4,4.1,0.87,Automatic Emergency Braking (AEB)
VOLVO-VRU-3364,Pedestrian Walking,19.9,3.3,1.75,Automatic Emergency Braking (AEB)
VOLVO-VRU-3365,Cyclist Fast,35.2,1.8,3.35,Warning Prompt in Driver Display
VOLVO-VRU-3366,Pedestrian Running,27.8,1.8,2.53,Warning Prompt in Driver Display
VOLVO-VRU-3367,Pedestrian Walking,34.2,3.3,2.66,Warning Prompt in Driver Display
VOLVO-VRU-3368,Pedestrian Running,32.4,1.5,3.21,Warning Prompt in Driver Display
VOLVO-VRU-3369,Child Crossing,14.0,1.6,1.47,Automatic Emergency Braking (AEB)
VOLVO-VRU-3370,Pedestrian Running,23.7,1.7,2.43,Warning Prompt in Driver Display
VOLVO-VRU-3371,Cyclist Fast,36.3,5.4,2.51,Warning Prompt in Driver Display
VOLVO-VRU-3372,Pedestrian Running,16.0,2.8,1.07,Automatic Emergency Braking (AEB)
VOLVO-VRU-3373,E-Scooter Commuter,20.8,3.1,1.81,Warning Prompt in Driver Display
VOLVO-VRU-3374,Cyclist Fast,32.1,1.7,3.13,Warning Prompt in Driver Display
VOLVO-VRU-3375,Pedestrian Running,23.8,7.2,1.36,Automatic Emergency Braking (AEB)
VOLVO-VRU-3376,Pedestrian Walking,19.8,5.6,1.53,Automatic Emergency Braking (AEB)
VOLVO-VRU-3377,Pedestrian Walking,23.8,4.3,1.74,Automatic Emergency Braking (AEB)
VOLVO-VRU-3378,Pedestrian Walking,42.8,2.5,4.02,Warning Prompt in Driver Display
VOLVO-VRU-3379,Pedestrian Running,7.1,4.7,0.6,Automatic Emergency Braking (AEB)
VOLVO-VRU-3380,Pedestrian Walking,31.2,3.8,2.68,Warning Prompt in Driver Display
VOLVO-VRU-3381,Pedestrian Running,34.4,4.9,2.43,Warning Prompt in Driver Display
VOLVO-VRU-3382,Pedestrian Walking,43.9,6.0,3.16,Warning Prompt in Driver Display
VOLVO-VRU-3383,Pedestrian Walking,14.1,2.3,1.42,Automatic Emergency Braking (AEB)
VOLVO-VRU-3384,Pedestrian Walking,13.2,4.1,0.71,Automatic Emergency Braking (AEB)
VOLVO-VRU-3385,Pedestrian Walking,7.6,2.3,0.6,Automatic Emergency Braking (AEB)
VOLVO-VRU-3386,E-Scooter Commuter,5.5,4.0,0.6,Automatic Emergency Braking (AEB)
VOLVO-VRU-3387,Pedestrian Running,9.3,5.4,0.67,Automatic Emergency Braking (AEB)
VOLVO-VRU-3388,Pedestrian Walking,5.2,1.5,0.6,Automatic Emergency Braking (AEB)
VOLVO-VRU-3389,Cyclist Fast,36.9,2.2,3.36,Warning Prompt in Driver Display
VOLVO-VRU-3390,Pedestrian Running,30.2,4.9,2.37,Warning Prompt in Driver Display
VOLVO-VRU-3391,Cyclist Fast,39.1,6.4,2.37,Warning Prompt in Driver Display
VOLVO-VRU-3392,Pedestrian Walking,31.2,3.4,2.84,Warning Prompt in Driver Display
VOLVO-VRU-3393,Pedestrian Walking,16.9,3.1,1.93,Warning Prompt in Driver Display
VOLVO-VRU-3394,Pedestrian Running,42.5,2.6,4.23,Warning Prompt in Driver Display
VOLVO-VRU-3395,Pedestrian Walking,15.7,4.6,1.31,Automatic Emergency Braking (AEB)
VOLVO-VRU-3396,E-Scooter Commuter,42.5,4.7,3.32,Warning Prompt in Driver Display
VOLVO-VRU-3397,Pedestrian Walking,15.2,7.4,0.76,Automatic Emergency Braking (AEB)
VOLVO-VRU-3398,Pedestrian Walking,20.8,6.9,1.68,Automatic Emergency Braking (AEB)
VOLVO-VRU-3399,Cyclist Fast,13.6,4.7,0.92,Automatic Emergency Braking (AEB)
VOLVO-VRU-3400,Pedestrian Walking,35.3,7.2,2.36,Warning Prompt in Driver Display
VOLVO-VRU-3401,Cyclist Fast,30.2,5.1,2.41,Warning Prompt in Driver Display
VOLVO-VRU-3402,E-Scooter Commuter,26.4,2.0,2.14,Warning Prompt in Driver Display
VOLVO-VRU-3403,Pedestrian Running,21.5,2.4,2.22,Warning Prompt in Driver Display
VOLVO-VRU-3404,E-Scooter Commuter,27.7,4.9,1.92,Warning Prompt in Driver Display
VOLVO-VRU-3405,Cyclist Fast,25.1,4.1,1.99,Warning Prompt in Driver Display
VOLVO-VRU-3406,Pedestrian Walking,14.7,2.5,1.19,Automatic Emergency Braking (AEB)
VOLVO-VRU-3407,Pedestrian Running,39.9,1.1,4.37,Warning Prompt in Driver Display
VOLVO-VRU-3408,Pedestrian Walking,6.6,5.6,0.6,Automatic Emergency Braking (AEB)
VOLVO-VRU-3409,Cyclist Fast,22.5,4.4,2.02,Warning Prompt in Driver Display
VOLVO-VRU-3410,Pedestrian Running,21.0,1.7,1.9,Warning Prompt in Driver Display
VOLVO-VRU-3411,Pedestrian Running,27.4,2.4,2.6,Warning Prompt in Driver Display
VOLVO-VRU-3412,Cyclist Fast,11.4,1.3,1.1,Automatic Emergency Braking (AEB)
VOLVO-VRU-3413,Pedestrian Walking,38.5,3.1,3.51,Warning Prompt in Driver Display
VOLVO-VRU-3414,Pedestrian Walking,30.9,4.7,2.25,Warning Prompt in Driver Display
VOLVO-VRU-3415,Pedestrian Walking,16.5,6.4,1.07,Automatic Emergency Braking (AEB)
VOLVO-VRU-3416,E-Scooter Commuter,12.3,5.1,1.12,Automatic Emergency Braking (AEB)
VOLVO-VRU-3417,Pedestrian Running,30.4,6.1,2.16,Warning Prompt in Driver Display
VOLVO-VRU-3418,Pedestrian Walking,27.0,6.9,2.03,Warning Prompt in Driver Display
VOLVO-VRU-3419,Pedestrian Walking,21.3,1.4,1.99,Warning Prompt in Driver Display
VOLVO-VRU-3420,Pedestrian Walking,23.2,6.6,1.52,Automatic Emergency Braking (AEB)
VOLVO-VRU-3421,E-Scooter Commuter,23.0,3.9,1.87,Warning Prompt in Driver Display
VOLVO-VRU-3422,Pedestrian Running,21.6,4.8,1.73,Automatic Emergency Braking (AEB)
VOLVO-VRU-3423,Pedestrian Running,10.9,1.3,1.1,Automatic Emergency Braking (AEB)
VOLVO-VRU-3424,Pedestrian Walking,30.3,4.5,2.54,Warning Prompt in Driver Display
VOLVO-VRU-3425,Pedestrian Walking,5.1,2.7,0.6,Automatic Emergency Braking (AEB)
VOLVO-VRU-3426,Pedestrian Walking,18.8,1.9,1.68,Automatic Emergency Braking (AEB)
VOLVO-VRU-3427,Pedestrian Walking,40.9,4.5,2.97,Warning Prompt in Driver Display
VOLVO-VRU-3428,E-Scooter Commuter,38.1,3.0,3.24,Warning Prompt in Driver Display
VOLVO-VRU-3429,Cyclist Fast,22.4,7.3,1.22,Automatic Emergency Braking (AEB)
VOLVO-VRU-3430,Pedestrian Walking,12.9,7.1,0.8,Automatic Emergency Braking (AEB)
VOLVO-VRU-3431,Pedestrian Walking,19.9,7.5,1.03,Automatic Emergency Braking (AEB)
VOLVO-VRU-3432,Pedestrian Walking,36.3,7.1,2.56,Warning Prompt in Driver Display
VOLVO-VRU-3433,Cyclist Fast,38.9,6.6,2.71,Warning Prompt in Driver Display
VOLVO-VRU-3434,Pedestrian Walking,18.3,2.7,1.61,Automatic Emergency Braking (AEB)
VOLVO-VRU-3435,Pedestrian Running,6.0,3.6,0.6,Automatic Emergency Braking (AEB)
VOLVO-VRU-3436,Pedestrian Walking,41.9,1.6,4.12,Warning Prompt in Driver Display
VOLVO-VRU-3437,Pedestrian Walking,34.2,4.6,2.59,Warning Prompt in Driver Display
VOLVO-VRU-3438,E-Scooter Commuter,23.7,1.3,2.23,Warning Prompt in Driver Display
VOLVO-VRU-3439,Pedestrian Walking,38.3,6.2,2.28,Warning Prompt in Driver Display
VOLVO-VRU-3440,Cyclist Fast,17.3,6.6,1.27,Automatic Emergency Braking (AEB)
VOLVO-VRU-3441,E-Scooter Commuter,9.7,2.1,1.23,Automatic Emergency Braking (AEB)
VOLVO-VRU-3442,Child Crossing,39.3,1.6,3.92,Warning Prompt in Driver Display
VOLVO-VRU-3443,Pedestrian Walking,31.6,1.5,3.27,Warning Prompt in Driver Display
VOLVO-VRU-3444,Child Crossing,32.4,3.1,2.7,Warning Prompt in Driver Display
VOLVO-VRU-3445,Child Crossing,44.4,5.7,3.28,Warning Prompt in Driver Display
VOLVO-VRU-3446,Cyclist Fast,39.0,4.0,2.92,Warning Prompt in Driver Display
VOLVO-VRU-3447,Pedestrian Running,19.2,4.6,1.34,Automatic Emergency Braking (AEB)
VOLVO-VRU-3448,Cyclist Fast,26.5,3.3,2.21,Warning Prompt in Driver Display
VOLVO-VRU-3449,Pedestrian Walking,36.4,2.4,3.49,Warning Prompt in Driver Display
VOLVO-VRU-3450,Pedestrian Running,18.1,5.8,1.57,Automatic Emergency Braking (AEB)
VOLVO-VRU-3451,Cyclist Fast,10.8,1.9,0.96,Automatic Emergency Braking (AEB)
VOLVO-VRU-3452,Pedestrian Walking,21.8,1.6,2.55,Warning Prompt in Driver Display
VOLVO-VRU-3453,E-Scooter Commuter,8.3,5.6,0.6,Automatic Emergency Braking (AEB)
VOLVO-VRU-3454,Pedestrian Running,12.8,4.2,0.92,Automatic Emergency Braking (AEB)
VOLVO-VRU-3455,Pedestrian Walking,28.1,3.1,2.82,Warning Prompt in Driver Display
VOLVO-VRU-3456,Cyclist Fast,38.1,7.4,2.43,Warning Prompt in Driver Display
VOLVO-VRU-3457,Pedestrian Walking,35.1,5.6,2.72,Warning Prompt in Driver Display
VOLVO-VRU-3458,Cyclist Fast,43.3,4.2,3.24,Warning Prompt in Driver Display
VOLVO-VRU-3459,Pedestrian Walking,17.7,2.7,1.45,Automatic Emergency Braking (AEB)
VOLVO-VRU-3460,Cyclist Fast,35.8,5.7,2.55,Warning Prompt in Driver Display
VOLVO-VRU-3461,Pedestrian Running,41.0,4.0,3.13,Warning Prompt in Driver Display
VOLVO-VRU-3462,E-Scooter Commuter,18.3,4.7,1.39,Automatic Emergency Braking (AEB)
VOLVO-VRU-3463,Cyclist Fast,14.5,4.1,1.39,Automatic Emergency Braking (AEB)
VOLVO-VRU-3464,Child Crossing,22.1,5.7,1.77,Automatic Emergency Braking (AEB)
VOLVO-VRU-3465,Pedestrian Walking,18.1,6.7,1.43,Automatic Emergency Braking (AEB)
VOLVO-VRU-3466,Pedestrian Running,33.1,1.8,3.08,Warning Prompt in Driver Display
VOLVO-VRU-3467,Pedestrian Walking,23.1,4.1,1.68,Automatic Emergency Braking (AEB)
VOLVO-VRU-3468,Pedestrian Running,19.1,1.8,1.81,Warning Prompt in Driver Display
VOLVO-VRU-3469,Cyclist Fast,38.9,4.1,3.15,Warning Prompt in Driver Display
VOLVO-VRU-3470,Pedestrian Running,15.2,6.3,0.86,Automatic Emergency Braking (AEB)
VOLVO-VRU-3471,Pedestrian Walking,22.6,4.6,1.73,Automatic Emergency Braking (AEB)
VOLVO-VRU-3472,Pedestrian Walking,25.8,6.4,1.54,Automatic Emergency Braking (AEB)
VOLVO-VRU-3473,Pedestrian Walking,24.6,6.5,1.57,Automatic Emergency Braking (AEB)
VOLVO-VRU-3474,Pedestrian Walking,24.8,4.5,2.1,Warning Prompt in Driver Display
VOLVO-VRU-3475,Pedestrian Running,40.9,2.0,3.9,Warning Prompt in Driver Display
VOLVO-VRU-3476,Pedestrian Walking,8.5,1.9,0.71,Automatic Emergency Braking (AEB)
VOLVO-VRU-3477,E-Scooter Commuter,19.6,6.7,1.29,Automatic Emergency Braking (AEB)
VOLVO-VRU-3478,Pedestrian Running,24.8,3.5,2.42,Warning Prompt in Driver Display
VOLVO-VRU-3479,Cyclist Fast,23.7,2.5,2.04,Warning Prompt in Driver Display
VOLVO-VRU-3480,Pedestrian Walking,30.3,7.2,1.86,Warning Prompt in Driver Display
VOLVO-VRU-3481,Cyclist Fast,41.6,6.8,2.91,Warning Prompt in Driver Display
VOLVO-VRU-3482,Pedestrian Walking,32.3,4.1,2.13,Warning Prompt in Driver Display
VOLVO-VRU-3483,E-Scooter Commuter,40.9,5.3,2.99,Warning Prompt in Driver Display
VOLVO-VRU-3484,Pedestrian Walking,9.3,1.7,0.85,Automatic Emergency Braking (AEB)
VOLVO-VRU-3485,Pedestrian Walking,8.5,3.3,0.82,Automatic Emergency Braking (AEB)
VOLVO-VRU-3486,Pedestrian Walking,40.3,3.1,3.25,Warning Prompt in Driver Display
VOLVO-VRU-3487,Pedestrian Walking,40.7,2.9,3.62,Warning Prompt in Driver Display
VOLVO-VRU-3488,Pedestrian Walking,34.6,4.9,2.66,Warning Prompt in Driver Display
VOLVO-VRU-3489,Cyclist Fast,14.0,5.1,0.6,Automatic Emergency Braking (AEB)
VOLVO-VRU-3490,Child Crossing,15.4,2.7,1.52,Automatic Emergency Braking (AEB)
VOLVO-VRU-3491,Pedestrian Walking,18.5,1.7,1.69,Automatic Emergency Braking (AEB)
VOLVO-VRU-3492,Child Crossing,7.9,2.9,0.6,Automatic Emergency Braking (AEB)
VOLVO-VRU-3493,Cyclist Fast,30.5,5.6,2.43,Warning Prompt in Driver Display
VOLVO-VRU-3494,Cyclist Fast,20.1,5.5,1.21,Automatic Emergency Braking (AEB)
VOLVO-VRU-3495,Pedestrian Running,5.7,2.4,0.6,Automatic Emergency Braking (AEB)
VOLVO-VRU-3496,Pedestrian Running,13.2,5.2,0.92,Automatic Emergency Braking (AEB)
VOLVO-VRU-3497,Pedestrian Walking,9.9,3.4,0.85,Automatic Emergency Braking (AEB)
VOLVO-VRU-3498,Cyclist Fast,26.6,7.4,1.69,Automatic Emergency Braking (AEB)
VOLVO-VRU-3499,Pedestrian Running,39.5,2.5,3.81,Warning Prompt in Driver Display
VOLVO-VRU-3500,Pedestrian Walking,19.5,5.4,1.55,Automatic Emergency Braking (AEB)
VOLVO-VRU-3501,Pedestrian Walking,43.2,7.2,2.4,Warning Prompt in Driver Display
VOLVO-VRU-3502,Pedestrian Walking,44.1,6.6,3.11,Warning Prompt in Driver Display
VOLVO-VRU-3503,Cyclist Fast,33.2,7.3,1.63,Automatic Emergency Braking (AEB)
VOLVO-VRU-3504,Pedestrian Walking,24.3,3.4,2.14,Warning Prompt in Driver Display
VOLVO-VRU-3505,Pedestrian Walking,43.0,6.4,2.68,Warning Prompt in Driver Display
VOLVO-VRU-3506,Cyclist Fast,23.5,5.0,1.68,Automatic Emergency Braking (AEB)
VOLVO-VRU-3507,Pedestrian Walking,15.8,4.5,1.32,Automatic Emergency Braking (AEB)
VOLVO-VRU-3508,Pedestrian Walking,6.0,5.0,0.6,Automatic Emergency Braking (AEB)
VOLVO-VRU-3509,Pedestrian Walking,43.6,1.4,4.5,Warning Prompt in Driver Display
VOLVO-VRU-3510,Cyclist Fast,31.0,6.9,1.89,Warning Prompt in Driver Display
VOLVO-VRU-3511,Pedestrian Walking,15.3,1.8,1.98,Warning Prompt in Driver Display
VOLVO-VRU-3512,Child Crossing,43.3,4.3,3.46,Warning Prompt in Driver Display
VOLVO-VRU-3513,Pedestrian Walking,37.0,5.9,2.69,Warning Prompt in Driver Display
VOLVO-VRU-3514,Cyclist Fast,32.7,2.2,2.89,Warning Prompt in Driver Display
VOLVO-VRU-3515,Pedestrian Walking,15.7,1.5,1.51,Automatic Emergency Braking (AEB)
VOLVO-VRU-3516,E-Scooter Commuter,41.7,7.3,2.52,Warning Prompt in Driver Display
VOLVO-VRU-3517,Pedestrian Walking,5.8,1.1,1.06,Automatic Emergency Braking (AEB)
VOLVO-VRU-3518,Cyclist Fast,12.3,6.2,0.68,Automatic Emergency Braking (AEB)
VOLVO-VRU-3519,Child Crossing,35.4,7.4,2.05,Warning Prompt in Driver Display
VOLVO-VRU-3520,Pedestrian Walking,36.1,6.0,2.33,Warning Prompt in Driver Display
VOLVO-VRU-3521,Pedestrian Walking,25.8,3.0,2.3,Warning Prompt in Driver Display
VOLVO-VRU-3522,Child Crossing,36.6,6.2,2.51,Warning Prompt in Driver Display
VOLVO-VRU-3523,Pedestrian Walking,14.7,3.1,1.16,Automatic Emergency Braking (AEB)
VOLVO-VRU-3524,Pedestrian Walking,5.5,1.2,0.6,Automatic Emergency Braking (AEB)
VOLVO-VRU-3525,Cyclist Fast,33.1,5.8,2.22,Warning Prompt in Driver Display
VOLVO-VRU-3526,Pedestrian Walking,16.1,4.7,1.46,Automatic Emergency Braking (AEB)
VOLVO-VRU-3527,E-Scooter Commuter,15.3,3.5,1.35,Automatic Emergency Braking (AEB)
VOLVO-VRU-3528,Pedestrian Walking,41.6,3.0,3.47,Warning Prompt in Driver Display
VOLVO-VRU-3529,Pedestrian Walking,17.8,6.4,1.06,Automatic Emergency Braking (AEB)
VOLVO-VRU-3530,Pedestrian Walking,14.3,5.7,0.95,Automatic Emergency Braking (AEB)
VOLVO-VRU-3531,Cyclist Fast,36.7,2.3,2.96,Warning Prompt in Driver Display
VOLVO-VRU-3532,Pedestrian Walking,5.2,7.0,0.6,Automatic Emergency Braking (AEB)
VOLVO-VRU-3533,E-Scooter Commuter,18.3,7.3,1.14,Automatic Emergency Braking (AEB)
VOLVO-VRU-3534,Cyclist Fast,16.1,2.6,1.68,Automatic Emergency Braking (AEB)
VOLVO-VRU-3535,Pedestrian Walking,35.7,7.2,2.16,Warning Prompt in Driver Display
VOLVO-VRU-3536,Pedestrian Running,30.0,7.5,2.03,Warning Prompt in Driver Display
VOLVO-VRU-3537,Pedestrian Walking,24.0,1.9,2.29,Warning Prompt in Driver Display
VOLVO-VRU-3538,Cyclist Fast,7.1,6.9,0.6,Automatic Emergency Braking (AEB)
VOLVO-VRU-3539,Child Crossing,24.9,5.5,1.38,Automatic Emergency Braking (AEB)
VOLVO-VRU-3540,E-Scooter Commuter,35.2,2.7,3.22,Warning Prompt in Driver Display
VOLVO-VRU-3541,Pedestrian Walking,17.3,4.1,1.01,Automatic Emergency Braking (AEB)
VOLVO-VRU-3542,Pedestrian Walking,37.0,5.9,2.61,Warning Prompt in Driver Display
VOLVO-VRU-3543,Cyclist Fast,44.3,3.1,4.36,Warning Prompt in Driver Display
VOLVO-VRU-3544,Cyclist Fast,6.2,3.4,0.6,Automatic Emergency Braking (AEB)
VOLVO-VRU-3545,Cyclist Fast,38.2,2.5,3.4,Warning Prompt in Driver Display
VOLVO-VRU-3546,Pedestrian Running,5.8,6.5,0.6,Automatic Emergency Braking (AEB)
VOLVO-VRU-3547,Cyclist Fast,36.3,7.4,2.67,Warning Prompt in Driver Display
VOLVO-VRU-3548,Pedestrian Walking,19.1,6.2,1.17,Automatic Emergency Braking (AEB)
VOLVO-VRU-3549,Pedestrian Running,27.5,3.9,1.99,Warning Prompt in Driver Display
VOLVO-VRU-3550,Pedestrian Walking,10.9,3.6,1.01,Automatic Emergency Braking (AEB)
VOLVO-VRU-3551,Pedestrian Walking,12.1,2.5,1.13,Automatic Emergency Braking (AEB)
VOLVO-VRU-3552,Pedestrian Walking,20.8,3.7,1.96,Warning Prompt in Driver Display
VOLVO-VRU-3553,Cyclist Fast,8.1,4.4,0.6,Automatic Emergency Braking (AEB)
VOLVO-VRU-3554,Cyclist Fast,45.0,2.2,4.2,Warning Prompt in Driver Display
VOLVO-VRU-3555,Pedestrian Walking,33.5,5.6,2.67,Warning Prompt in Driver Display
VOLVO-VRU-3556,Pedestrian Walking,39.7,2.3,3.67,Warning Prompt in Driver Display
VOLVO-VRU-3557,Pedestrian Walking,12.5,1.3,1.38,Automatic Emergency Braking (AEB)
VOLVO-VRU-3558,Cyclist Fast,11.9,1.5,1.4,Automatic Emergency Braking (AEB)
VOLVO-VRU-3559,Cyclist Fast,39.1,2.0,3.56,Warning Prompt in Driver Display
VOLVO-VRU-3560,E-Scooter Commuter,42.8,4.9,3.11,Warning Prompt in Driver Display
VOLVO-VRU-3561,Pedestrian Walking,43.2,1.5,4.33,Warning Prompt in Driver Display
VOLVO-VRU-3562,Pedestrian Walking,8.7,3.1,0.87,Automatic Emergency Braking (AEB)
VOLVO-VRU-3563,Pedestrian Walking,11.1,7.1,0.6,Automatic Emergency Braking (AEB)
VOLVO-VRU-3564,Pedestrian Running,27.5,6.3,2.03,Warning Prompt in Driver Display
VOLVO-VRU-3565,Pedestrian Running,30.6,3.3,2.78,Warning Prompt in Driver Display
VOLVO-VRU-3566,Pedestrian Walking,35.4,4.8,2.71,Warning Prompt in Driver Display
VOLVO-VRU-3567,Pedestrian Running,19.5,6.9,1.32,Automatic Emergency Braking (AEB)
VOLVO-VRU-3568,E-Scooter Commuter,7.5,3.9,0.79,Automatic Emergency Braking (AEB)
VOLVO-VRU-3569,Pedestrian Running,44.3,6.8,2.92,Warning Prompt in Driver Display
VOLVO-VRU-3570,Pedestrian Walking,40.9,4.3,3.24,Warning Prompt in Driver Display
VOLVO-VRU-3571,Cyclist Fast,35.2,6.6,2.5,Warning Prompt in Driver Display
VOLVO-VRU-3572,Pedestrian Walking,23.3,6.9,1.35,Automatic Emergency Braking (AEB)
VOLVO-VRU-3573,Cyclist Fast,41.9,3.6,3.65,Warning Prompt in Driver Display
VOLVO-VRU-3574,Cyclist Fast,41.3,6.6,2.84,Warning Prompt in Driver Display
VOLVO-VRU-3575,Pedestrian Walking,13.6,5.7,0.71,Automatic Emergency Braking (AEB)
VOLVO-VRU-3576,Pedestrian Running,27.0,6.6,1.42,Automatic Emergency Braking (AEB)
VOLVO-VRU-3577,Cyclist Fast,5.5,4.6,0.6,Automatic Emergency Braking (AEB)
VOLVO-VRU-3578,Pedestrian Walking,5.7,6.1,0.6,Automatic Emergency Braking (AEB)
VOLVO-VRU-3579,Cyclist Fast,36.4,3.3,3.12,Warning Prompt in Driver Display
VOLVO-VRU-3580,Cyclist Fast,14.0,3.7,1.37,Automatic Emergency Braking (AEB)
VOLVO-VRU-3581,E-Scooter Commuter,18.3,1.6,1.55,Automatic Emergency Braking (AEB)
VOLVO-VRU-3582,E-Scooter Commuter,23.3,4.5,1.62,Automatic Emergency Braking (AEB)
VOLVO-VRU-3583,Cyclist Fast,30.5,4.0,2.28,Warning Prompt in Driver Display
VOLVO-VRU-3584,Pedestrian Walking,36.6,3.2,3.22,Warning Prompt in Driver Display
VOLVO-VRU-3585,Child Crossing,8.9,6.6,0.6,Automatic Emergency Braking (AEB)
VOLVO-VRU-3586,Pedestrian Walking,42.7,7.1,2.8,Warning Prompt in Driver Display
VOLVO-VRU-3587,Pedestrian Walking,29.4,2.3,2.45,Warning Prompt in Driver Display
VOLVO-VRU-3588,Cyclist Fast,30.3,6.1,2.04,Warning Prompt in Driver Display
VOLVO-VRU-3589,Pedestrian Running,19.6,3.9,1.54,Automatic Emergency Braking (AEB)
VOLVO-VRU-3590,Child Crossing,38.2,3.3,3.51,Warning Prompt in Driver Display
VOLVO-VRU-3591,Pedestrian Walking,32.5,2.4,3.06,Warning Prompt in Driver Display
VOLVO-VRU-3592,Child Crossing,6.3,4.4,0.6,Automatic Emergency Braking (AEB)
VOLVO-VRU-3593,Pedestrian Walking,42.3,1.2,4.07,Warning Prompt in Driver Display
VOLVO-VRU-3594,Pedestrian Walking,5.9,6.0,0.6,Automatic Emergency Braking (AEB)
VOLVO-VRU-3595,Cyclist Fast,8.6,5.1,0.6,Automatic Emergency Braking (AEB)
VOLVO-VRU-3596,Pedestrian Walking,21.1,7.0,1.46,Automatic Emergency Braking (AEB)
VOLVO-VRU-3597,Pedestrian Walking,40.8,3.2,3.33,Warning Prompt in Driver Display
VOLVO-VRU-3598,Pedestrian Running,8.1,3.3,0.87,Automatic Emergency Braking (AEB)
VOLVO-VRU-3599,Pedestrian Walking,21.7,4.8,1.71,Automatic Emergency Braking (AEB)
VOLVO-VRU-3600,E-Scooter Commuter,5.8,2.9,0.6,Automatic Emergency Braking (AEB)
VOLVO-VRU-3601,Pedestrian Running,20.1,1.5,1.85,Warning Prompt in Driver Display
VOLVO-VRU-3602,Pedestrian Running,28.6,2.5,2.44,Warning Prompt in Driver Display
VOLVO-VRU-3603,E-Scooter Commuter,17.0,1.1,1.86,Warning Prompt in Driver Display
VOLVO-VRU-3604,Pedestrian Walking,35.1,4.1,2.9,Warning Prompt in Driver Display
VOLVO-VRU-3605,Pedestrian Walking,18.6,7.1,1.04,Automatic Emergency Braking (AEB)
VOLVO-VRU-3606,E-Scooter Commuter,29.2,4.6,2.52,Warning Prompt in Driver Display
VOLVO-VRU-3607,Child Crossing,5.0,5.7,0.6,Automatic Emergency Braking (AEB)
VOLVO-VRU-3608,Pedestrian Walking,27.7,7.3,1.78,Automatic Emergency Braking (AEB)
VOLVO-VRU-3609,Pedestrian Running,41.6,7.3,2.27,Warning Prompt in Driver Display
VOLVO-VRU-3610,Pedestrian Running,29.4,1.7,2.78,Warning Prompt in Driver Display
VOLVO-VRU-3611,Pedestrian Walking,20.5,5.7,1.24,Automatic Emergency Braking (AEB)
VOLVO-VRU-3612,Pedestrian Running,17.7,6.7,1.4,Automatic Emergency Braking (AEB)
VOLVO-VRU-3613,Pedestrian Walking,5.1,2.6,0.6,Automatic Emergency Braking (AEB)
VOLVO-VRU-3614,E-Scooter Commuter,17.7,3.0,1.56,Automatic Emergency Braking (AEB)
VOLVO-VRU-3615,Pedestrian Walking,28.7,2.2,2.49,Warning Prompt in Driver Display
VOLVO-VRU-3616,Pedestrian Walking,19.3,6.2,1.29,Automatic Emergency Braking (AEB)
VOLVO-VRU-3617,Cyclist Fast,13.9,6.2,0.6,Automatic Emergency Braking (AEB)
VOLVO-VRU-3618,Cyclist Fast,7.0,6.1,0.6,Automatic Emergency Braking (AEB)
VOLVO-VRU-3619,Pedestrian Walking,15.5,4.0,1.58,Automatic Emergency Braking (AEB)
VOLVO-VRU-3620,Cyclist Fast,33.3,3.8,2.81,Warning Prompt in Driver Display
VOLVO-VRU-3621,Pedestrian Walking,7.7,1.6,0.6,Automatic Emergency Braking (AEB)
VOLVO-VRU-3622,Pedestrian Running,7.6,2.2,0.6,Automatic Emergency Braking (AEB)
VOLVO-VRU-3623,Pedestrian Walking,30.4,2.9,2.54,Warning Prompt in Driver Display
VOLVO-VRU-3624,Cyclist Fast,39.4,2.5,3.71,Warning Prompt in Driver Display
VOLVO-VRU-3625,E-Scooter Commuter,17.7,7.1,1.27,Automatic Emergency Braking (AEB)
VOLVO-VRU-3626,Pedestrian Walking,34.9,4.3,2.45,Warning Prompt in Driver Display
VOLVO-VRU-3627,Cyclist Fast,43.2,4.9,3.23,Warning Prompt in Driver Display
VOLVO-VRU-3628,Cyclist Fast,20.7,3.5,1.88,Warning Prompt in Driver Display
VOLVO-VRU-3629,Pedestrian Walking,6.6,2.9,0.97,Automatic Emergency Braking (AEB)
VOLVO-VRU-3630,Pedestrian Walking,30.5,6.0,2.22,Warning Prompt in Driver Display
VOLVO-VRU-3631,Pedestrian Walking,7.4,1.4,0.6,Automatic Emergency Braking (AEB)
VOLVO-VRU-3632,Cyclist Fast,6.6,1.9,0.88,Automatic Emergency Braking (AEB)
VOLVO-VRU-3633,Cyclist Fast,41.7,2.9,3.86,Warning Prompt in Driver Display
VOLVO-VRU-3634,Cyclist Fast,15.4,3.2,1.7,Automatic Emergency Braking (AEB)
VOLVO-VRU-3635,Pedestrian Running,21.3,2.1,2.0,Warning Prompt in Driver Display
VOLVO-VRU-3636,Pedestrian Walking,39.4,2.7,3.48,Warning Prompt in Driver Display
VOLVO-VRU-3637,Pedestrian Walking,29.9,3.9,2.19,Warning Prompt in Driver Display
VOLVO-VRU-3638,Pedestrian Running,7.2,3.5,0.6,Automatic Emergency Braking (AEB)
VOLVO-VRU-3639,Pedestrian Running,22.9,7.1,1.72,Automatic Emergency Braking (AEB)
VOLVO-VRU-3640,E-Scooter Commuter,31.9,6.9,2.34,Warning Prompt in Driver Display
VOLVO-VRU-3641,Pedestrian Running,12.2,3.2,1.21,Automatic Emergency Braking (AEB)
VOLVO-VRU-3642,Pedestrian Running,41.7,7.3,2.26,Warning Prompt in Driver Display
VOLVO-VRU-3643,Cyclist Fast,16.9,2.7,1.39,Automatic Emergency Braking (AEB)
VOLVO-VRU-3644,Pedestrian Walking,7.1,5.4,0.6,Automatic Emergency Braking (AEB)
VOLVO-VRU-3645,Pedestrian Walking,35.9,6.4,2.38,Warning Prompt in Driver Display
VOLVO-VRU-3646,Cyclist Fast,44.0,5.1,3.42,Warning Prompt in Driver Display
VOLVO-VRU-3647,Cyclist Fast,43.8,4.1,3.78,Warning Prompt in Driver Display
VOLVO-VRU-3648,E-Scooter Commuter,20.7,4.8,1.73,Automatic Emergency Braking (AEB)
VOLVO-VRU-3649,Pedestrian Running,36.6,3.6,2.94,Warning Prompt in Driver Display
VOLVO-VRU-3650,E-Scooter Commuter,28.9,2.0,2.68,Warning Prompt in Driver Display
VOLVO-VRU-3651,Pedestrian Walking,38.2,3.5,3.2,Warning Prompt in Driver Display
VOLVO-VRU-3652,E-Scooter Commuter,12.3,6.0,0.77,Automatic Emergency Braking (AEB)
VOLVO-VRU-3653,Pedestrian Walking,25.9,3.9,1.77,Automatic Emergency Braking (AEB)
VOLVO-VRU-3654,Pedestrian Walking,34.3,2.7,3.13,Warning Prompt in Driver Display
VOLVO-VRU-3655,Pedestrian Walking,22.8,6.9,1.61,Automatic Emergency Braking (AEB)
VOLVO-VRU-3656,Cyclist Fast,9.7,4.7,0.8,Automatic Emergency Braking (AEB)
VOLVO-VRU-3657,Pedestrian Walking,12.7,1.8,1.27,Automatic Emergency Braking (AEB)
VOLVO-VRU-3658,Cyclist Fast,38.0,4.8,3.12,Warning Prompt in Driver Display
VOLVO-VRU-3659,Pedestrian Walking,11.5,7.0,0.85,Automatic Emergency Braking (AEB)
VOLVO-VRU-3660,Pedestrian Walking,10.5,2.9,0.95,Automatic Emergency Braking (AEB)
VOLVO-VRU-3661,Pedestrian Running,17.2,6.9,1.35,Automatic Emergency Braking (AEB)
VOLVO-VRU-3662,Pedestrian Walking,29.0,7.4,1.63,Automatic Emergency Braking (AEB)
VOLVO-VRU-3663,Pedestrian Walking,8.4,3.5,0.6,Automatic Emergency Braking (AEB)
VOLVO-VRU-3664,Pedestrian Running,9.6,2.9,1.11,Automatic Emergency Braking (AEB)
VOLVO-VRU-3665,Pedestrian Walking,26.2,3.1,2.74,Warning Prompt in Driver Display
VOLVO-VRU-3666,Pedestrian Running,12.7,2.4,1.18,Automatic Emergency Braking (AEB)
VOLVO-VRU-3667,Child Crossing,21.5,1.7,2.02,Warning Prompt in Driver Display
VOLVO-VRU-3668,Pedestrian Walking,31.7,7.3,2.27,Warning Prompt in Driver Display
VOLVO-VRU-3669,Pedestrian Running,8.3,6.4,0.71,Automatic Emergency Braking (AEB)
VOLVO-VRU-3670,Pedestrian Walking,6.8,4.9,0.6,Automatic Emergency Braking (AEB)
VOLVO-VRU-3671,Pedestrian Walking,23.7,2.1,2.45,Warning Prompt in Driver Display
VOLVO-VRU-3672,Pedestrian Walking,40.9,1.9,4.03,Warning Prompt in Driver Display
VOLVO-VRU-3673,Pedestrian Walking,27.3,2.4,2.72,Warning Prompt in Driver Display
VOLVO-VRU-3674,Pedestrian Running,17.3,4.1,1.29,Automatic Emergency Braking (AEB)
VOLVO-VRU-3675,Pedestrian Walking,9.9,5.7,0.73,Automatic Emergency Braking (AEB)
VOLVO-VRU-3676,Cyclist Fast,8.6,2.9,0.93,Automatic Emergency Braking (AEB)
VOLVO-VRU-3677,Pedestrian Walking,32.4,6.9,2.24,Warning Prompt in Driver Display
VOLVO-VRU-3678,Child Crossing,26.4,2.7,2.48,Warning Prompt in Driver Display
VOLVO-VRU-3679,Pedestrian Walking,26.8,3.2,2.19,Warning Prompt in Driver Display
VOLVO-VRU-3680,Pedestrian Running,22.8,5.2,1.98,Warning Prompt in Driver Display
VOLVO-VRU-3681,Cyclist Fast,35.8,2.5,3.47,Warning Prompt in Driver Display
VOLVO-VRU-3682,Pedestrian Running,25.6,1.5,2.53,Warning Prompt in Driver Display
VOLVO-VRU-3683,Cyclist Fast,17.7,3.7,1.22,Automatic Emergency Braking (AEB)
VOLVO-VRU-3684,Cyclist Fast,31.1,5.4,2.44,Warning Prompt in Driver Display
VOLVO-VRU-3685,Pedestrian Walking,31.6,4.8,2.28,Warning Prompt in Driver Display
VOLVO-VRU-3686,Cyclist Fast,22.5,6.0,1.35,Automatic Emergency Braking (AEB)
VOLVO-VRU-3687,Pedestrian Running,8.4,7.0,0.66,Automatic Emergency Braking (AEB)
VOLVO-VRU-3688,Child Crossing,7.5,2.6,0.65,Automatic Emergency Braking (AEB)
VOLVO-VRU-3689,Pedestrian Walking,8.3,2.5,0.94,Automatic Emergency Braking (AEB)
VOLVO-VRU-3690,Pedestrian Walking,14.9,3.1,1.35,Automatic Emergency Braking (AEB)
VOLVO-VRU-3691,E-Scooter Commuter,40.1,4.2,3.39,Warning Prompt in Driver Display
VOLVO-VRU-3692,Pedestrian Running,21.4,6.1,1.91,Warning Prompt in Driver Display
VOLVO-VRU-3693,Cyclist Fast,9.2,5.2,0.97,Automatic Emergency Braking (AEB)
VOLVO-VRU-3694,Pedestrian Walking,23.7,2.0,2.03,Warning Prompt in Driver Display
VOLVO-VRU-3695,E-Scooter Commuter,17.7,7.2,0.86,Automatic Emergency Braking (AEB)
VOLVO-VRU-3696,Pedestrian Walking,33.4,4.1,2.65,Warning Prompt in Driver Display
VOLVO-VRU-3697,Child Crossing,26.0,1.1,2.65,Warning Prompt in Driver Display
VOLVO-VRU-3698,E-Scooter Commuter,25.6,3.0,2.47,Warning Prompt in Driver Display
VOLVO-VRU-3699,Pedestrian Walking,7.7,1.9,0.6,Automatic Emergency Braking (AEB)
VOLVO-VRU-3700,Pedestrian Walking,43.0,5.8,3.22,Warning Prompt in Driver Display
VOLVO-VRU-3701,Pedestrian Walking,9.0,7.4,0.6,Automatic Emergency Braking (AEB)
VOLVO-VRU-3702,Pedestrian Walking,15.5,7.5,1.01,Automatic Emergency Braking (AEB)
VOLVO-VRU-3703,Pedestrian Walking,20.8,2.9,2.03,Warning Prompt in Driver Display
VOLVO-VRU-3704,Pedestrian Walking,37.5,3.4,3.43,Warning Prompt in Driver Display
VOLVO-VRU-3705,Pedestrian Walking,9.3,5.4,0.7,Automatic Emergency Braking (AEB)
VOLVO-VRU-3706,Pedestrian Walking,31.8,6.8,2.0,Warning Prompt in Driver Display
VOLVO-VRU-3707,Cyclist Fast,18.5,2.8,1.73,Automatic Emergency Braking (AEB)
VOLVO-VRU-3708,Pedestrian Walking,36.1,7.5,2.0,Warning Prompt in Driver Display
VOLVO-VRU-3709,Pedestrian Running,23.0,4.4,1.89,Warning Prompt in Driver Display
VOLVO-VRU-3710,Pedestrian Walking,11.7,2.2,1.01,Automatic Emergency Braking (AEB)
VOLVO-VRU-3711,Pedestrian Walking,6.3,7.0,0.6,Automatic Emergency Braking (AEB)
VOLVO-VRU-3712,Cyclist Fast,21.4,1.4,2.18,Warning Prompt in Driver Display
VOLVO-VRU-3713,Child Crossing,7.4,2.0,0.6,Automatic Emergency Braking (AEB)
VOLVO-VRU-3714,Pedestrian Walking,16.9,3.4,1.46,Automatic Emergency Braking (AEB)
VOLVO-VRU-3715,Cyclist Fast,36.1,6.3,2.24,Warning Prompt in Driver Display
VOLVO-VRU-3716,E-Scooter Commuter,18.6,6.7,1.64,Automatic Emergency Braking (AEB)
VOLVO-VRU-3717,Pedestrian Running,40.7,7.4,2.44,Warning Prompt in Driver Display
VOLVO-VRU-3718,E-Scooter Commuter,18.3,2.1,1.61,Automatic Emergency Braking (AEB)
VOLVO-VRU-3719,Pedestrian Running,22.9,6.0,1.65,Automatic Emergency Braking (AEB)
VOLVO-VRU-3720,E-Scooter Commuter,15.3,6.8,1.08,Automatic Emergency Braking (AEB)
VOLVO-VRU-3721,Cyclist Fast,27.1,5.7,2.18,Warning Prompt in Driver Display
VOLVO-VRU-3722,Pedestrian Walking,9.7,3.6,0.83,Automatic Emergency Braking (AEB)
VOLVO-VRU-3723,Pedestrian Running,36.7,2.6,3.52,Warning Prompt in Driver Display
VOLVO-VRU-3724,Pedestrian Running,15.3,1.9,1.57,Automatic Emergency Braking (AEB)
VOLVO-VRU-3725,E-Scooter Commuter,38.9,4.8,2.74,Warning Prompt in Driver Display
VOLVO-VRU-3726,Cyclist Fast,24.0,3.8,2.34,Warning Prompt in Driver Display
VOLVO-VRU-3727,E-Scooter Commuter,28.1,6.7,1.85,Warning Prompt in Driver Display
VOLVO-VRU-3728,Pedestrian Running,21.5,6.9,1.56,Automatic Emergency Braking (AEB)
VOLVO-VRU-3729,Pedestrian Walking,12.4,5.9,1.12,Automatic Emergency Braking (AEB)
VOLVO-VRU-3730,Pedestrian Walking,28.9,1.4,3.2,Warning Prompt in Driver Display
VOLVO-VRU-3731,Pedestrian Walking,41.8,1.6,4.26,Warning Prompt in Driver Display
VOLVO-VRU-3732,Child Crossing,24.5,1.5,2.79,Warning Prompt in Driver Display
VOLVO-VRU-3733,Pedestrian Walking,34.1,3.2,2.96,Warning Prompt in Driver Display
VOLVO-VRU-3734,Pedestrian Walking,32.8,4.3,2.55,Warning Prompt in Driver Display
VOLVO-VRU-3735,Cyclist Fast,17.0,6.2,0.7,Automatic Emergency Braking (AEB)
VOLVO-VRU-3736,Pedestrian Walking,22.4,1.3,1.85,Warning Prompt in Driver Display
VOLVO-VRU-3737,Pedestrian Walking,16.9,6.8,0.82,Automatic Emergency Braking (AEB)
VOLVO-VRU-3738,Pedestrian Walking,18.2,5.9,0.91,Automatic Emergency Braking (AEB)
VOLVO-VRU-3739,Pedestrian Running,13.8,3.5,1.24,Automatic Emergency Braking (AEB)
VOLVO-VRU-3740,Pedestrian Walking,13.0,2.4,1.18,Automatic Emergency Braking (AEB)
VOLVO-VRU-3741,Pedestrian Walking,28.8,1.5,2.65,Warning Prompt in Driver Display
VOLVO-VRU-3742,Child Crossing,41.8,6.0,2.9,Warning Prompt in Driver Display
VOLVO-VRU-3743,Pedestrian Running,21.2,1.8,1.88,Warning Prompt in Driver Display
VOLVO-VRU-3744,Child Crossing,14.9,6.0,1.0,Automatic Emergency Braking (AEB)
VOLVO-VRU-3745,Child Crossing,41.8,3.8,3.55,Warning Prompt in Driver Display
VOLVO-VRU-3746,Pedestrian Walking,14.2,3.8,0.92,Automatic Emergency Braking (AEB)
VOLVO-VRU-3747,Pedestrian Walking,26.1,5.1,1.47,Automatic Emergency Braking (AEB)
VOLVO-VRU-3748,Pedestrian Running,39.5,3.8,3.23,Warning Prompt in Driver Display
VOLVO-VRU-3749,Pedestrian Walking,22.9,5.2,1.46,Automatic Emergency Braking (AEB)
VOLVO-VRU-3750,Cyclist Fast,27.6,1.9,2.86,Warning Prompt in Driver Display
VOLVO-VRU-3751,E-Scooter Commuter,18.0,3.1,1.74,Automatic Emergency Braking (AEB)
VOLVO-VRU-3752,Cyclist Fast,26.7,3.2,2.38,Warning Prompt in Driver Display
VOLVO-VRU-3753,Cyclist Fast,30.3,3.5,2.87,Warning Prompt in Driver Display
VOLVO-VRU-3754,Pedestrian Walking,26.2,6.4,1.46,Automatic Emergency Braking (AEB)
VOLVO-VRU-3755,Pedestrian Walking,44.1,7.2,2.92,Warning Prompt in Driver Display
VOLVO-VRU-3756,Pedestrian Walking,21.6,5.2,1.98,Warning Prompt in Driver Display
VOLVO-VRU-3757,Pedestrian Walking,24.1,3.0,2.09,Warning Prompt in Driver Display
VOLVO-VRU-3758,E-Scooter Commuter,29.8,7.4,1.79,Automatic Emergency Braking (AEB)
VOLVO-VRU-3759,Pedestrian Walking,5.8,6.3,0.6,Automatic Emergency Braking (AEB)
VOLVO-VRU-3760,Pedestrian Running,24.7,1.1,2.54,Warning Prompt in Driver Display
VOLVO-VRU-3761,Pedestrian Running,6.2,1.3,1.12,Automatic Emergency Braking (AEB)
VOLVO-VRU-3762,Cyclist Fast,24.5,6.2,1.73,Automatic Emergency Braking (AEB)
VOLVO-VRU-3763,Pedestrian Running,31.3,6.5,2.25,Warning Prompt in Driver Display
VOLVO-VRU-3764,Child Crossing,29.6,5.8,2.33,Warning Prompt in Driver Display
VOLVO-VRU-3765,E-Scooter Commuter,24.3,2.1,2.11,Warning Prompt in Driver Display
VOLVO-VRU-3766,Cyclist Fast,14.5,1.5,1.63,Automatic Emergency Braking (AEB)
VOLVO-VRU-3767,Pedestrian Walking,11.0,2.6,1.35,Automatic Emergency Braking (AEB)
VOLVO-VRU-3768,Cyclist Fast,9.2,3.2,0.92,Automatic Emergency Braking (AEB)
VOLVO-VRU-3769,Cyclist Fast,30.4,5.8,2.14,Warning Prompt in Driver Display
VOLVO-VRU-3770,Pedestrian Running,6.7,5.8,0.6,Automatic Emergency Braking (AEB)
VOLVO-VRU-3771,Pedestrian Running,7.8,4.8,0.81,Automatic Emergency Braking (AEB)
VOLVO-VRU-3772,Cyclist Fast,19.8,3.2,2.02,Warning Prompt in Driver Display
VOLVO-VRU-3773,Cyclist Fast,5.6,4.1,0.6,Automatic Emergency Braking (AEB)
VOLVO-VRU-3774,Pedestrian Walking,39.5,5.6,2.47,Warning Prompt in Driver Display
VOLVO-VRU-3775,Pedestrian Running,31.1,3.1,2.81,Warning Prompt in Driver Display
VOLVO-VRU-3776,Pedestrian Running,27.9,4.0,2.01,Warning Prompt in Driver Display
VOLVO-VRU-3777,Pedestrian Walking,44.1,2.6,3.93,Warning Prompt in Driver Display
VOLVO-VRU-3778,Pedestrian Walking,20.4,7.1,1.11,Automatic Emergency Braking (AEB)
VOLVO-VRU-3779,Pedestrian Walking,29.2,3.7,2.35,Warning Prompt in Driver Display
VOLVO-VRU-3780,Child Crossing,35.6,1.6,3.58,Warning Prompt in Driver Display
VOLVO-VRU-3781,E-Scooter Commuter,33.6,4.2,2.54,Warning Prompt in Driver Display
VOLVO-VRU-3782,Pedestrian Walking,41.3,6.6,3.04,Warning Prompt in Driver Display
VOLVO-VRU-3783,Pedestrian Running,14.0,6.7,0.94,Automatic Emergency Braking (AEB)
VOLVO-VRU-3784,Pedestrian Running,28.1,7.4,1.84,Warning Prompt in Driver Display
VOLVO-VRU-3785,Pedestrian Walking,31.2,4.6,2.66,Warning Prompt in Driver Display
VOLVO-VRU-3786,E-Scooter Commuter,27.8,5.1,1.76,Automatic Emergency Braking (AEB)
VOLVO-VRU-3787,Cyclist Fast,33.1,5.1,2.28,Warning Prompt in Driver Display
VOLVO-VRU-3788,E-Scooter Commuter,18.4,1.3,1.82,Warning Prompt in Driver Display
VOLVO-VRU-3789,Cyclist Fast,34.2,2.9,3.1,Warning Prompt in Driver Display
VOLVO-VRU-3790,Pedestrian Walking,20.7,6.1,1.05,Automatic Emergency Braking (AEB)
VOLVO-VRU-3791,Pedestrian Walking,6.7,2.7,0.6,Automatic Emergency Braking (AEB)
VOLVO-VRU-3792,Cyclist Fast,40.7,3.1,3.56,Warning Prompt in Driver Display
VOLVO-VRU-3793,E-Scooter Commuter,39.0,3.6,2.98,Warning Prompt in Driver Display
VOLVO-VRU-3794,Pedestrian Walking,41.2,6.1,2.45,Warning Prompt in Driver Display
VOLVO-VRU-3795,Pedestrian Walking,9.1,7.1,0.71,Automatic Emergency Braking (AEB)
VOLVO-VRU-3796,Pedestrian Walking,42.6,6.9,2.87,Warning Prompt in Driver Display
VOLVO-VRU-3797,Pedestrian Running,10.8,7.0,0.84,Automatic Emergency Braking (AEB)
VOLVO-VRU-3798,Pedestrian Running,26.9,1.1,3.01,Warning Prompt in Driver Display
VOLVO-VRU-3799,Pedestrian Walking,5.3,5.0,0.71,Automatic Emergency Braking (AEB)
