Safety_Test_ID,Blade_Cell_Max_Temp_C,Thermal_Gradient_deg_s,Pack_Internal_Pressure_kPa,Adjacent_Cell_Temp_C,Thermal_Safety_Status
BYD-BLADE-1000,58.9,1.85,110.7,26.0,Nominal Pack Thermal Balance
BYD-BLADE-1001,47.9,0.4,105.6,25.0,Nominal Pack Thermal Balance
BYD-BLADE-1002,28.8,2.01,106.0,25.0,Nominal Pack Thermal Balance
BYD-BLADE-1003,70.8,0.04,106.4,32.0,Nominal Pack Thermal Balance
BYD-BLADE-1004,38.8,0.23,106.0,25.0,Nominal Pack Thermal Balance
BYD-BLADE-1005,74.1,1.0,110.2,30.6,Nominal Pack Thermal Balance
BYD-BLADE-1006,81.1,0.01,109.9,34.5,Nominal Pack Thermal Balance
BYD-BLADE-1007,72.1,0.58,112.0,32.6,Nominal Pack Thermal Balance
BYD-BLADE-1008,70.7,0.22,110.0,31.4,Nominal Pack Thermal Balance
BYD-BLADE-1009,58.8,0.62,108.7,25.0,Nominal Pack Thermal Balance
BYD-BLADE-1010,56.9,0.31,108.4,25.0,Nominal Pack Thermal Balance
BYD-BLADE-1011,42.3,4.81,105.0,25.0,Nominal Pack Thermal Balance
BYD-BLADE-1012,41.1,1.21,105.2,25.0,Nominal Pack Thermal Balance
BYD-BLADE-1013,39.0,0.46,105.0,25.0,Nominal Pack Thermal Balance
BYD-BLADE-1014,47.5,0.94,107.4,25.0,Nominal Pack Thermal Balance
BYD-BLADE-1015,54.2,3.65,108.5,25.0,Nominal Pack Thermal Balance
BYD-BLADE-1016,27.4,2.1,105.4,25.0,Nominal Pack Thermal Balance
BYD-BLADE-1017,46.0,0.22,105.1,25.0,Nominal Pack Thermal Balance
BYD-BLADE-1018,64.9,1.68,109.4,30.0,Nominal Pack Thermal Balance
BYD-BLADE-1019,59.4,1.98,105.0,27.1,Nominal Pack Thermal Balance
BYD-BLADE-1020,32.8,0.1,106.8,25.0,Nominal Pack Thermal Balance
BYD-BLADE-1021,61.9,0.16,109.1,28.6,Nominal Pack Thermal Balance
BYD-BLADE-1022,74.3,0.92,110.4,32.7,Nominal Pack Thermal Balance
BYD-BLADE-1023,90.6,0.19,113.9,40.9,Nominal Pack Thermal Balance
BYD-BLADE-1024,84.0,0.43,111.8,39.9,Nominal Pack Thermal Balance
BYD-BLADE-1025,69.8,0.51,110.9,32.0,Nominal Pack Thermal Balance
BYD-BLADE-1026,89.8,1.29,112.9,37.9,Nominal Pack Thermal Balance
BYD-BLADE-1027,86.4,1.58,113.1,40.9,Nominal Pack Thermal Balance
BYD-BLADE-1028,44.3,0.28,106.4,25.0,Nominal Pack Thermal Balance
BYD-BLADE-1029,94.6,0.06,111.8,43.0,Nominal Pack Thermal Balance
BYD-BLADE-1030,88.7,1.58,113.4,42.2,Nominal Pack Thermal Balance
BYD-BLADE-1031,71.5,4.47,108.6,33.1,Nominal Pack Thermal Balance
BYD-BLADE-1032,42.1,0.76,107.8,25.0,Nominal Pack Thermal Balance
BYD-BLADE-1033,46.8,0.51,107.3,25.0,Nominal Pack Thermal Balance
BYD-BLADE-1034,65.5,4.38,111.4,29.7,Nominal Pack Thermal Balance
BYD-BLADE-1035,85.0,0.57,112.8,43.2,Nominal Pack Thermal Balance
BYD-BLADE-1036,82.8,0.72,111.5,37.2,Nominal Pack Thermal Balance
BYD-BLADE-1037,33.0,0.61,106.5,25.0,Nominal Pack Thermal Balance
BYD-BLADE-1038,45.3,0.72,105.4,25.0,Nominal Pack Thermal Balance
BYD-BLADE-1039,56.1,2.67,108.6,26.4,Nominal Pack Thermal Balance
BYD-BLADE-1040,62.0,0.12,109.7,29.0,Nominal Pack Thermal Balance
BYD-BLADE-1041,63.0,0.64,108.3,27.4,Nominal Pack Thermal Balance
BYD-BLADE-1042,49.8,0.11,103.2,25.0,Nominal Pack Thermal Balance
BYD-BLADE-1043,64.6,2.89,109.4,28.1,Nominal Pack Thermal Balance
BYD-BLADE-1044,72.4,0.8,108.5,33.1,Nominal Pack Thermal Balance
BYD-BLADE-1045,76.8,1.56,108.4,33.8,Nominal Pack Thermal Balance
BYD-BLADE-1046,67.7,1.66,111.8,31.9,Nominal Pack Thermal Balance
BYD-BLADE-1047,89.4,0.0,112.7,40.2,Nominal Pack Thermal Balance
BYD-BLADE-1048,52.7,0.49,109.2,26.9,Nominal Pack Thermal Balance
BYD-BLADE-1049,45.7,2.46,106.9,25.0,Nominal Pack Thermal Balance
BYD-BLADE-1050,41.4,1.65,108.4,25.0,Nominal Pack Thermal Balance
BYD-BLADE-1051,74.5,0.83,108.9,33.3,Nominal Pack Thermal Balance
BYD-BLADE-1052,68.1,0.9,111.2,32.0,Nominal Pack Thermal Balance
BYD-BLADE-1053,44.1,2.57,104.0,25.0,Nominal Pack Thermal Balance
BYD-BLADE-1054,29.4,0.63,103.5,25.0,Nominal Pack Thermal Balance
BYD-BLADE-1055,73.7,0.64,110.9,33.1,Nominal Pack Thermal Balance
BYD-BLADE-1056,65.4,0.01,107.6,25.0,Nominal Pack Thermal Balance
BYD-BLADE-1057,25.5,0.12,103.8,25.0,Nominal Pack Thermal Balance
BYD-BLADE-1058,60.5,1.84,107.3,26.7,Nominal Pack Thermal Balance
BYD-BLADE-1059,73.9,4.33,109.3,33.7,Nominal Pack Thermal Balance
BYD-BLADE-1060,77.8,0.37,110.9,33.3,Nominal Pack Thermal Balance
BYD-BLADE-1061,93.8,0.45,112.8,43.2,Nominal Pack Thermal Balance
BYD-BLADE-1062,84.4,0.82,111.6,39.9,Nominal Pack Thermal Balance
BYD-BLADE-1063,56.1,0.06,108.1,25.0,Nominal Pack Thermal Balance
BYD-BLADE-1064,86.6,0.91,113.1,37.4,Nominal Pack Thermal Balance
BYD-BLADE-1065,79.6,0.88,112.4,35.7,Nominal Pack Thermal Balance
BYD-BLADE-1066,83.7,4.28,113.0,34.5,Localized Thermal Venting Intercept
BYD-BLADE-1067,55.9,0.28,110.3,25.0,Nominal Pack Thermal Balance
BYD-BLADE-1068,39.3,1.29,104.1,25.0,Nominal Pack Thermal Balance
BYD-BLADE-1069,36.7,2.24,105.0,25.0,Nominal Pack Thermal Balance
BYD-BLADE-1070,79.6,2.66,108.3,38.5,Nominal Pack Thermal Balance
BYD-BLADE-1071,30.0,1.75,104.0,25.0,Nominal Pack Thermal Balance
BYD-BLADE-1072,35.2,2.47,104.6,25.0,Nominal Pack Thermal Balance
BYD-BLADE-1073,86.2,1.16,109.8,36.7,Nominal Pack Thermal Balance
BYD-BLADE-1074,31.2,0.3,101.8,25.0,Nominal Pack Thermal Balance
BYD-BLADE-1075,81.6,0.27,110.5,35.2,Nominal Pack Thermal Balance
BYD-BLADE-1076,59.6,2.27,107.6,27.7,Nominal Pack Thermal Balance
BYD-BLADE-1077,53.6,0.97,106.9,25.2,Nominal Pack Thermal Balance
BYD-BLADE-1078,34.3,0.51,105.4,25.0,Nominal Pack Thermal Balance
BYD-BLADE-1079,72.7,0.64,108.2,30.8,Nominal Pack Thermal Balance
BYD-BLADE-1080,79.7,0.64,111.7,39.7,Nominal Pack Thermal Balance
BYD-BLADE-1081,67.7,2.05,109.7,26.8,Nominal Pack Thermal Balance
BYD-BLADE-1082,94.1,0.4,111.3,41.4,Nominal Pack Thermal Balance
BYD-BLADE-1083,54.0,0.64,110.4,25.0,Nominal Pack Thermal Balance
BYD-BLADE-1084,81.1,0.19,109.2,36.8,Nominal Pack Thermal Balance
BYD-BLADE-1085,31.0,1.67,105.4,25.0,Nominal Pack Thermal Balance
BYD-BLADE-1086,25.5,0.72,105.5,25.0,Nominal Pack Thermal Balance
BYD-BLADE-1087,75.7,0.01,112.2,36.2,Nominal Pack Thermal Balance
BYD-BLADE-1088,48.7,3.26,106.5,25.0,Nominal Pack Thermal Balance
BYD-BLADE-1089,94.4,3.34,112.3,36.7,Nominal Pack Thermal Balance
BYD-BLADE-1090,31.3,0.05,101.8,25.0,Nominal Pack Thermal Balance
BYD-BLADE-1091,80.3,1.67,110.1,38.0,Nominal Pack Thermal Balance
BYD-BLADE-1092,34.6,2.64,105.6,25.0,Nominal Pack Thermal Balance
BYD-BLADE-1093,46.9,0.41,103.9,25.0,Nominal Pack Thermal Balance
BYD-BLADE-1094,92.7,0.18,115.8,41.9,Nominal Pack Thermal Balance
BYD-BLADE-1095,65.7,3.61,110.1,30.7,Nominal Pack Thermal Balance
BYD-BLADE-1096,68.9,0.96,106.6,28.1,Nominal Pack Thermal Balance
BYD-BLADE-1097,30.9,1.58,103.0,25.0,Nominal Pack Thermal Balance
BYD-BLADE-1098,75.4,0.32,108.4,33.4,Nominal Pack Thermal Balance
BYD-BLADE-1099,81.4,1.82,111.4,36.7,Nominal Pack Thermal Balance
BYD-BLADE-1100,48.0,0.65,107.6,25.0,Nominal Pack Thermal Balance
BYD-BLADE-1101,28.8,0.96,103.2,25.0,Nominal Pack Thermal Balance
BYD-BLADE-1102,86.9,0.52,110.8,38.3,Nominal Pack Thermal Balance
BYD-BLADE-1103,56.0,0.07,105.9,26.9,Nominal Pack Thermal Balance
BYD-BLADE-1104,68.4,1.9,109.3,29.6,Nominal Pack Thermal Balance
BYD-BLADE-1105,32.4,0.06,105.5,25.0,Nominal Pack Thermal Balance
BYD-BLADE-1106,94.3,1.12,111.3,45.3,Nominal Pack Thermal Balance
BYD-BLADE-1107,81.1,0.38,111.0,42.1,Nominal Pack Thermal Balance
BYD-BLADE-1108,88.7,0.16,112.1,37.5,Nominal Pack Thermal Balance
BYD-BLADE-1109,33.4,2.9,104.2,25.0,Nominal Pack Thermal Balance
BYD-BLADE-1110,72.1,0.23,110.5,29.0,Nominal Pack Thermal Balance
BYD-BLADE-1111,50.4,0.48,107.1,25.5,Nominal Pack Thermal Balance
BYD-BLADE-1112,30.7,2.73,105.6,25.0,Nominal Pack Thermal Balance
BYD-BLADE-1113,49.3,0.13,104.5,25.0,Nominal Pack Thermal Balance
BYD-BLADE-1114,60.7,1.12,108.2,25.3,Nominal Pack Thermal Balance
BYD-BLADE-1115,63.0,2.26,107.6,26.4,Nominal Pack Thermal Balance
BYD-BLADE-1116,82.6,0.35,111.6,39.8,Nominal Pack Thermal Balance
BYD-BLADE-1117,37.0,0.24,105.1,25.0,Nominal Pack Thermal Balance
BYD-BLADE-1118,79.8,1.63,113.1,39.5,Nominal Pack Thermal Balance
BYD-BLADE-1119,54.7,1.37,107.4,25.8,Nominal Pack Thermal Balance
BYD-BLADE-1120,91.0,1.23,114.2,40.7,Nominal Pack Thermal Balance
BYD-BLADE-1121,51.6,1.31,107.5,25.0,Nominal Pack Thermal Balance
BYD-BLADE-1122,87.1,1.09,111.9,40.8,Nominal Pack Thermal Balance
BYD-BLADE-1123,74.5,0.96,109.5,34.7,Nominal Pack Thermal Balance
BYD-BLADE-1124,72.4,1.56,109.7,32.5,Nominal Pack Thermal Balance
BYD-BLADE-1125,40.9,0.86,103.6,25.0,Nominal Pack Thermal Balance
BYD-BLADE-1126,40.8,0.51,103.3,25.0,Nominal Pack Thermal Balance
BYD-BLADE-1127,83.5,3.18,114.1,41.5,Nominal Pack Thermal Balance
BYD-BLADE-1128,83.7,0.84,112.0,39.1,Nominal Pack Thermal Balance
BYD-BLADE-1129,68.5,0.01,106.7,29.9,Nominal Pack Thermal Balance
BYD-BLADE-1130,36.2,0.03,105.1,25.0,Nominal Pack Thermal Balance
BYD-BLADE-1131,25.5,0.33,105.3,25.0,Nominal Pack Thermal Balance
BYD-BLADE-1132,58.0,1.64,108.5,25.0,Nominal Pack Thermal Balance
BYD-BLADE-1133,75.8,1.57,107.8,35.8,Nominal Pack Thermal Balance
BYD-BLADE-1134,60.6,1.4,108.1,25.0,Nominal Pack Thermal Balance
BYD-BLADE-1135,54.6,0.65,108.4,25.8,Nominal Pack Thermal Balance
BYD-BLADE-1136,59.1,0.14,110.2,27.5,Nominal Pack Thermal Balance
BYD-BLADE-1137,32.7,1.34,105.6,25.0,Nominal Pack Thermal Balance
BYD-BLADE-1138,50.6,2.15,106.9,25.0,Nominal Pack Thermal Balance
BYD-BLADE-1139,56.6,0.94,109.6,25.0,Nominal Pack Thermal Balance
BYD-BLADE-1140,28.0,2.4,102.5,25.0,Nominal Pack Thermal Balance
BYD-BLADE-1141,39.1,1.56,106.5,25.0,Nominal Pack Thermal Balance
BYD-BLADE-1142,30.6,0.23,104.6,25.0,Nominal Pack Thermal Balance
BYD-BLADE-1143,31.8,3.94,106.8,25.0,Nominal Pack Thermal Balance
BYD-BLADE-1144,29.5,1.53,106.8,25.0,Nominal Pack Thermal Balance
BYD-BLADE-1145,49.3,0.46,105.8,25.0,Nominal Pack Thermal Balance
BYD-BLADE-1146,44.5,2.55,108.5,25.0,Nominal Pack Thermal Balance
BYD-BLADE-1147,42.1,2.23,107.9,25.0,Nominal Pack Thermal Balance
BYD-BLADE-1148,57.1,0.98,107.7,25.0,Nominal Pack Thermal Balance
BYD-BLADE-1149,53.9,0.54,108.8,25.0,Nominal Pack Thermal Balance
BYD-BLADE-1150,94.4,1.16,111.3,41.7,Nominal Pack Thermal Balance
BYD-BLADE-1151,33.3,1.09,104.0,25.0,Nominal Pack Thermal Balance
BYD-BLADE-1152,88.8,6.44,111.0,42.0,Localized Thermal Venting Intercept
BYD-BLADE-1153,70.2,0.1,107.7,32.2,Nominal Pack Thermal Balance
BYD-BLADE-1154,43.2,1.81,106.4,25.0,Nominal Pack Thermal Balance
BYD-BLADE-1155,52.8,0.36,110.7,25.0,Nominal Pack Thermal Balance
BYD-BLADE-1156,69.8,0.44,110.2,35.0,Nominal Pack Thermal Balance
BYD-BLADE-1157,64.9,3.91,108.8,29.8,Nominal Pack Thermal Balance
BYD-BLADE-1158,90.9,2.31,111.1,41.9,Nominal Pack Thermal Balance
BYD-BLADE-1159,91.7,0.6,113.0,40.5,Nominal Pack Thermal Balance
BYD-BLADE-1160,50.4,0.38,105.6,25.0,Nominal Pack Thermal Balance
BYD-BLADE-1161,89.2,1.14,110.9,40.7,Nominal Pack Thermal Balance
BYD-BLADE-1162,83.3,0.17,111.5,39.3,Nominal Pack Thermal Balance
BYD-BLADE-1163,55.8,0.41,106.9,26.3,Nominal Pack Thermal Balance
BYD-BLADE-1164,37.2,0.67,106.3,25.0,Nominal Pack Thermal Balance
BYD-BLADE-1165,26.6,1.4,102.8,25.0,Nominal Pack Thermal Balance
BYD-BLADE-1166,61.9,0.33,108.0,28.3,Nominal Pack Thermal Balance
BYD-BLADE-1167,28.7,0.22,104.7,25.0,Nominal Pack Thermal Balance
BYD-BLADE-1168,55.9,2.31,110.2,31.4,Nominal Pack Thermal Balance
BYD-BLADE-1169,86.9,0.18,110.1,37.8,Nominal Pack Thermal Balance
BYD-BLADE-1170,94.2,0.62,111.4,43.4,Nominal Pack Thermal Balance
BYD-BLADE-1171,25.5,2.99,104.1,25.0,Nominal Pack Thermal Balance
BYD-BLADE-1172,58.1,1.24,108.2,28.0,Nominal Pack Thermal Balance
BYD-BLADE-1173,54.7,0.85,107.7,25.3,Nominal Pack Thermal Balance
BYD-BLADE-1174,57.1,1.68,104.9,25.0,Nominal Pack Thermal Balance
BYD-BLADE-1175,72.5,0.46,109.4,30.1,Nominal Pack Thermal Balance
BYD-BLADE-1176,87.0,1.64,111.0,41.3,Nominal Pack Thermal Balance
BYD-BLADE-1177,31.6,0.15,106.7,25.0,Nominal Pack Thermal Balance
BYD-BLADE-1178,78.1,0.08,110.4,36.7,Nominal Pack Thermal Balance
BYD-BLADE-1179,74.2,0.2,110.2,31.9,Nominal Pack Thermal Balance
BYD-BLADE-1180,58.1,0.08,108.5,29.4,Nominal Pack Thermal Balance
BYD-BLADE-1181,25.6,0.76,101.5,25.0,Nominal Pack Thermal Balance
BYD-BLADE-1182,92.6,0.06,113.7,40.7,Nominal Pack Thermal Balance
BYD-BLADE-1183,37.9,0.49,103.9,25.0,Nominal Pack Thermal Balance
BYD-BLADE-1184,72.7,2.22,107.5,31.4,Nominal Pack Thermal Balance
BYD-BLADE-1185,28.7,0.27,105.3,25.0,Nominal Pack Thermal Balance
BYD-BLADE-1186,70.1,0.67,111.0,29.2,Nominal Pack Thermal Balance
BYD-BLADE-1187,63.0,1.41,109.6,28.1,Nominal Pack Thermal Balance
BYD-BLADE-1188,48.3,0.45,106.5,25.0,Nominal Pack Thermal Balance
BYD-BLADE-1189,81.2,2.15,108.0,37.3,Nominal Pack Thermal Balance
BYD-BLADE-1190,73.3,1.54,109.8,37.5,Nominal Pack Thermal Balance
BYD-BLADE-1191,49.5,1.84,108.0,25.0,Nominal Pack Thermal Balance
BYD-BLADE-1192,58.6,1.78,107.9,25.0,Nominal Pack Thermal Balance
BYD-BLADE-1193,43.5,1.45,107.9,25.0,Nominal Pack Thermal Balance
BYD-BLADE-1194,83.7,0.42,113.6,36.3,Nominal Pack Thermal Balance
BYD-BLADE-1195,73.8,0.63,108.9,29.8,Nominal Pack Thermal Balance
BYD-BLADE-1196,92.5,0.2,112.4,44.8,Nominal Pack Thermal Balance
BYD-BLADE-1197,46.8,0.6,108.0,25.0,Nominal Pack Thermal Balance
BYD-BLADE-1198,36.2,0.46,103.9,25.0,Nominal Pack Thermal Balance
BYD-BLADE-1199,68.5,0.94,109.3,31.8,Nominal Pack Thermal Balance
BYD-BLADE-1200,89.8,0.18,111.3,39.6,Nominal Pack Thermal Balance
BYD-BLADE-1201,86.3,0.42,111.5,40.2,Nominal Pack Thermal Balance
BYD-BLADE-1202,92.2,1.15,111.0,42.1,Nominal Pack Thermal Balance
BYD-BLADE-1203,79.7,0.46,108.4,34.0,Nominal Pack Thermal Balance
BYD-BLADE-1204,25.2,0.02,103.5,25.0,Nominal Pack Thermal Balance
BYD-BLADE-1205,44.8,0.96,105.7,25.0,Nominal Pack Thermal Balance
BYD-BLADE-1206,80.5,0.83,111.5,37.9,Nominal Pack Thermal Balance
BYD-BLADE-1207,82.7,0.84,112.3,39.4,Nominal Pack Thermal Balance
BYD-BLADE-1208,28.0,0.75,104.6,25.0,Nominal Pack Thermal Balance
BYD-BLADE-1209,93.1,1.08,113.6,43.4,Nominal Pack Thermal Balance
BYD-BLADE-1210,94.0,0.49,110.5,43.4,Nominal Pack Thermal Balance
BYD-BLADE-1211,33.3,1.27,105.6,25.0,Nominal Pack Thermal Balance
BYD-BLADE-1212,81.2,0.96,110.0,33.0,Nominal Pack Thermal Balance
BYD-BLADE-1213,61.7,0.67,108.2,28.5,Nominal Pack Thermal Balance
BYD-BLADE-1214,39.0,1.44,107.6,25.0,Nominal Pack Thermal Balance
BYD-BLADE-1215,83.4,6.15,113.8,39.1,Localized Thermal Venting Intercept
BYD-BLADE-1216,31.9,2.77,107.0,25.0,Nominal Pack Thermal Balance
BYD-BLADE-1217,76.4,0.11,109.7,34.7,Nominal Pack Thermal Balance
BYD-BLADE-1218,44.4,0.29,105.4,25.0,Nominal Pack Thermal Balance
BYD-BLADE-1219,85.9,0.9,113.3,37.9,Nominal Pack Thermal Balance
BYD-BLADE-1220,78.7,3.61,110.5,34.4,Nominal Pack Thermal Balance
BYD-BLADE-1221,38.2,0.51,106.6,25.0,Nominal Pack Thermal Balance
BYD-BLADE-1222,68.0,0.04,107.8,30.0,Nominal Pack Thermal Balance
BYD-BLADE-1223,33.4,0.22,104.4,25.0,Nominal Pack Thermal Balance
BYD-BLADE-1224,70.3,0.28,111.9,34.3,Nominal Pack Thermal Balance
BYD-BLADE-1225,63.1,0.73,107.3,28.7,Nominal Pack Thermal Balance
BYD-BLADE-1226,29.7,2.76,105.6,25.0,Nominal Pack Thermal Balance
BYD-BLADE-1227,56.8,0.5,108.0,25.0,Nominal Pack Thermal Balance
BYD-BLADE-1228,31.2,0.96,105.4,25.0,Nominal Pack Thermal Balance
BYD-BLADE-1229,43.9,0.21,104.4,25.0,Nominal Pack Thermal Balance
BYD-BLADE-1230,58.9,3.46,107.4,29.3,Nominal Pack Thermal Balance
BYD-BLADE-1231,61.3,1.72,108.0,26.0,Nominal Pack Thermal Balance
BYD-BLADE-1232,65.9,0.17,108.8,30.2,Nominal Pack Thermal Balance
BYD-BLADE-1233,64.6,2.29,110.1,29.1,Nominal Pack Thermal Balance
BYD-BLADE-1234,42.9,2.27,105.9,25.0,Nominal Pack Thermal Balance
BYD-BLADE-1235,62.9,1.38,109.6,28.2,Nominal Pack Thermal Balance
BYD-BLADE-1236,76.0,0.78,111.1,34.9,Nominal Pack Thermal Balance
BYD-BLADE-1237,49.8,0.73,105.9,25.0,Nominal Pack Thermal Balance
BYD-BLADE-1238,28.8,0.71,104.3,25.0,Nominal Pack Thermal Balance
BYD-BLADE-1239,69.9,0.21,109.1,29.7,Nominal Pack Thermal Balance
BYD-BLADE-1240,28.5,3.62,105.3,25.0,Nominal Pack Thermal Balance
BYD-BLADE-1241,32.4,1.48,105.1,25.0,Nominal Pack Thermal Balance
BYD-BLADE-1242,44.3,0.09,106.2,25.0,Nominal Pack Thermal Balance
BYD-BLADE-1243,41.3,1.82,106.8,25.0,Nominal Pack Thermal Balance
BYD-BLADE-1244,61.7,1.64,107.7,27.1,Nominal Pack Thermal Balance
BYD-BLADE-1245,48.6,2.16,108.2,25.0,Nominal Pack Thermal Balance
BYD-BLADE-1246,71.8,0.47,112.4,32.1,Nominal Pack Thermal Balance
BYD-BLADE-1247,78.9,0.29,112.4,33.8,Nominal Pack Thermal Balance
BYD-BLADE-1248,85.9,0.04,112.7,38.7,Nominal Pack Thermal Balance
BYD-BLADE-1249,93.6,0.92,112.8,42.6,Nominal Pack Thermal Balance
BYD-BLADE-1250,84.4,1.46,110.4,35.7,Nominal Pack Thermal Balance
BYD-BLADE-1251,73.6,0.49,110.2,32.8,Nominal Pack Thermal Balance
BYD-BLADE-1252,79.6,0.17,112.1,38.3,Nominal Pack Thermal Balance
BYD-BLADE-1253,45.6,3.29,104.6,25.0,Nominal Pack Thermal Balance
BYD-BLADE-1254,87.5,0.3,115.1,41.5,Nominal Pack Thermal Balance
BYD-BLADE-1255,26.5,0.65,104.0,25.0,Nominal Pack Thermal Balance
BYD-BLADE-1256,49.5,0.76,108.5,25.0,Nominal Pack Thermal Balance
BYD-BLADE-1257,88.6,0.62,112.5,41.3,Nominal Pack Thermal Balance
BYD-BLADE-1258,64.4,0.24,109.2,27.9,Nominal Pack Thermal Balance
BYD-BLADE-1259,39.6,2.01,106.9,25.0,Nominal Pack Thermal Balance
BYD-BLADE-1260,76.3,0.88,111.0,36.5,Nominal Pack Thermal Balance
BYD-BLADE-1261,92.7,1.66,112.2,46.9,Nominal Pack Thermal Balance
BYD-BLADE-1262,92.2,0.71,113.0,45.1,Nominal Pack Thermal Balance
BYD-BLADE-1263,74.7,1.19,107.9,35.8,Nominal Pack Thermal Balance
BYD-BLADE-1264,74.9,0.19,111.6,29.0,Nominal Pack Thermal Balance
BYD-BLADE-1265,36.7,2.06,106.0,25.0,Nominal Pack Thermal Balance
BYD-BLADE-1266,47.9,4.73,104.4,25.0,Nominal Pack Thermal Balance
BYD-BLADE-1267,91.6,2.51,113.6,42.3,Nominal Pack Thermal Balance
BYD-BLADE-1268,69.8,1.04,107.4,29.1,Nominal Pack Thermal Balance
BYD-BLADE-1269,61.6,0.41,108.9,28.6,Nominal Pack Thermal Balance
BYD-BLADE-1270,70.1,0.27,110.2,34.1,Nominal Pack Thermal Balance
BYD-BLADE-1271,76.6,3.07,111.2,32.9,Nominal Pack Thermal Balance
BYD-BLADE-1272,56.2,1.37,107.4,25.0,Nominal Pack Thermal Balance
BYD-BLADE-1273,57.0,2.49,109.7,25.0,Nominal Pack Thermal Balance
BYD-BLADE-1274,84.1,0.91,112.5,36.2,Nominal Pack Thermal Balance
BYD-BLADE-1275,33.7,1.96,105.6,25.0,Nominal Pack Thermal Balance
BYD-BLADE-1276,82.4,0.44,111.4,36.2,Nominal Pack Thermal Balance
BYD-BLADE-1277,37.2,3.17,108.2,25.0,Nominal Pack Thermal Balance
BYD-BLADE-1278,36.7,1.19,108.8,25.0,Nominal Pack Thermal Balance
BYD-BLADE-1279,74.8,3.17,108.6,32.0,Nominal Pack Thermal Balance
BYD-BLADE-1280,76.2,0.11,110.8,36.5,Nominal Pack Thermal Balance
BYD-BLADE-1281,25.1,0.57,104.0,25.0,Nominal Pack Thermal Balance
BYD-BLADE-1282,73.4,1.75,107.0,30.9,Nominal Pack Thermal Balance
BYD-BLADE-1283,79.9,0.17,109.8,34.1,Nominal Pack Thermal Balance
BYD-BLADE-1284,27.5,0.28,106.3,25.0,Nominal Pack Thermal Balance
BYD-BLADE-1285,82.9,0.24,110.0,35.9,Nominal Pack Thermal Balance
BYD-BLADE-1286,63.1,0.38,109.6,28.3,Nominal Pack Thermal Balance
BYD-BLADE-1287,77.0,0.64,111.4,30.7,Nominal Pack Thermal Balance
BYD-BLADE-1288,81.7,3.05,110.4,36.8,Nominal Pack Thermal Balance
BYD-BLADE-1289,33.8,2.36,105.7,25.0,Nominal Pack Thermal Balance
BYD-BLADE-1290,88.7,0.03,111.6,38.8,Nominal Pack Thermal Balance
BYD-BLADE-1291,87.8,0.14,112.3,39.8,Nominal Pack Thermal Balance
BYD-BLADE-1292,44.7,0.21,106.5,25.0,Nominal Pack Thermal Balance
BYD-BLADE-1293,71.7,0.1,109.1,32.0,Nominal Pack Thermal Balance
BYD-BLADE-1294,51.3,1.12,107.5,25.0,Nominal Pack Thermal Balance
BYD-BLADE-1295,60.7,0.79,108.8,30.9,Nominal Pack Thermal Balance
BYD-BLADE-1296,87.0,0.94,113.5,39.8,Nominal Pack Thermal Balance
BYD-BLADE-1297,59.9,1.85,108.8,27.2,Nominal Pack Thermal Balance
BYD-BLADE-1298,84.1,0.69,108.8,38.5,Nominal Pack Thermal Balance
BYD-BLADE-1299,26.1,2.17,102.2,25.0,Nominal Pack Thermal Balance
BYD-BLADE-1300,63.0,0.9,109.4,30.8,Nominal Pack Thermal Balance
BYD-BLADE-1301,73.7,1.43,108.6,33.5,Nominal Pack Thermal Balance
BYD-BLADE-1302,43.5,1.63,106.9,25.0,Nominal Pack Thermal Balance
BYD-BLADE-1303,38.0,0.29,105.8,25.0,Nominal Pack Thermal Balance
BYD-BLADE-1304,45.1,0.02,103.3,25.0,Nominal Pack Thermal Balance
BYD-BLADE-1305,27.4,3.42,105.0,25.0,Nominal Pack Thermal Balance
BYD-BLADE-1306,47.2,0.19,108.1,25.0,Nominal Pack Thermal Balance
BYD-BLADE-1307,63.8,1.02,109.7,27.7,Nominal Pack Thermal Balance
BYD-BLADE-1308,59.5,3.76,107.7,28.4,Nominal Pack Thermal Balance
BYD-BLADE-1309,67.3,0.74,109.8,31.6,Nominal Pack Thermal Balance
BYD-BLADE-1310,82.2,0.8,112.3,39.2,Nominal Pack Thermal Balance
BYD-BLADE-1311,65.9,0.38,110.1,31.0,Nominal Pack Thermal Balance
BYD-BLADE-1312,77.7,0.5,109.8,36.9,Nominal Pack Thermal Balance
BYD-BLADE-1313,36.1,3.64,106.1,25.0,Nominal Pack Thermal Balance
BYD-BLADE-1314,43.5,2.56,108.2,25.0,Nominal Pack Thermal Balance
BYD-BLADE-1315,37.3,2.23,106.0,25.0,Nominal Pack Thermal Balance
BYD-BLADE-1316,49.9,1.06,106.4,25.0,Nominal Pack Thermal Balance
BYD-BLADE-1317,79.1,1.7,111.4,35.9,Nominal Pack Thermal Balance
BYD-BLADE-1318,38.5,0.47,102.5,25.0,Nominal Pack Thermal Balance
BYD-BLADE-1319,57.9,0.36,107.4,25.6,Nominal Pack Thermal Balance
BYD-BLADE-1320,29.2,0.96,106.2,25.0,Nominal Pack Thermal Balance
BYD-BLADE-1321,50.7,1.29,108.5,26.0,Nominal Pack Thermal Balance
BYD-BLADE-1322,48.6,0.69,105.2,25.0,Nominal Pack Thermal Balance
BYD-BLADE-1323,80.0,3.14,110.8,33.0,Nominal Pack Thermal Balance
BYD-BLADE-1324,26.2,1.23,107.0,25.0,Nominal Pack Thermal Balance
BYD-BLADE-1325,77.2,0.54,110.7,33.4,Nominal Pack Thermal Balance
BYD-BLADE-1326,29.3,0.96,105.1,25.0,Nominal Pack Thermal Balance
BYD-BLADE-1327,41.2,0.07,103.6,25.0,Nominal Pack Thermal Balance
BYD-BLADE-1328,83.9,0.32,112.2,34.4,Nominal Pack Thermal Balance
BYD-BLADE-1329,56.8,0.09,109.0,25.2,Nominal Pack Thermal Balance
BYD-BLADE-1330,64.6,0.21,107.4,28.0,Nominal Pack Thermal Balance
BYD-BLADE-1331,62.5,1.67,110.7,25.0,Nominal Pack Thermal Balance
BYD-BLADE-1332,39.3,0.81,105.0,25.0,Nominal Pack Thermal Balance
BYD-BLADE-1333,40.5,0.47,105.6,25.0,Nominal Pack Thermal Balance
BYD-BLADE-1334,64.9,1.5,107.5,27.9,Nominal Pack Thermal Balance
BYD-BLADE-1335,59.3,1.21,110.1,27.6,Nominal Pack Thermal Balance
BYD-BLADE-1336,76.3,0.89,115.4,34.1,Nominal Pack Thermal Balance
BYD-BLADE-1337,79.4,0.16,107.8,36.3,Nominal Pack Thermal Balance
BYD-BLADE-1338,74.9,0.5,112.1,31.3,Nominal Pack Thermal Balance
BYD-BLADE-1339,53.8,0.03,108.6,25.0,Nominal Pack Thermal Balance
BYD-BLADE-1340,89.4,1.04,115.3,40.4,Nominal Pack Thermal Balance
BYD-BLADE-1341,26.9,0.72,104.6,25.0,Nominal Pack Thermal Balance
BYD-BLADE-1342,70.2,1.57,111.4,34.3,Nominal Pack Thermal Balance
BYD-BLADE-1343,81.8,0.49,112.2,37.2,Nominal Pack Thermal Balance
BYD-BLADE-1344,50.6,0.45,109.1,25.0,Nominal Pack Thermal Balance
BYD-BLADE-1345,63.0,6.06,107.7,27.4,Nominal Pack Thermal Balance
BYD-BLADE-1346,29.0,0.04,105.5,25.0,Nominal Pack Thermal Balance
BYD-BLADE-1347,72.1,0.99,112.0,34.6,Nominal Pack Thermal Balance
BYD-BLADE-1348,82.3,0.45,112.4,37.9,Nominal Pack Thermal Balance
BYD-BLADE-1349,39.2,0.65,106.2,25.0,Nominal Pack Thermal Balance
BYD-BLADE-1350,38.0,0.61,103.9,25.0,Nominal Pack Thermal Balance
BYD-BLADE-1351,88.2,2.02,112.9,41.0,Nominal Pack Thermal Balance
BYD-BLADE-1352,56.7,4.15,108.0,26.0,Nominal Pack Thermal Balance
BYD-BLADE-1353,35.5,0.65,106.0,25.0,Nominal Pack Thermal Balance
BYD-BLADE-1354,44.8,2.76,109.0,25.0,Nominal Pack Thermal Balance
BYD-BLADE-1355,89.2,0.18,110.9,38.6,Nominal Pack Thermal Balance
BYD-BLADE-1356,45.7,0.62,103.9,25.0,Nominal Pack Thermal Balance
BYD-BLADE-1357,37.5,3.56,109.6,25.0,Nominal Pack Thermal Balance
BYD-BLADE-1358,58.5,0.62,109.1,26.3,Nominal Pack Thermal Balance
BYD-BLADE-1359,76.4,1.13,109.3,36.2,Nominal Pack Thermal Balance
BYD-BLADE-1360,70.6,3.71,109.1,34.7,Nominal Pack Thermal Balance
BYD-BLADE-1361,52.0,2.9,110.0,26.4,Nominal Pack Thermal Balance
BYD-BLADE-1362,83.9,6.52,113.0,36.3,Localized Thermal Venting Intercept
BYD-BLADE-1363,66.8,1.17,108.4,30.0,Nominal Pack Thermal Balance
BYD-BLADE-1364,25.1,1.69,104.8,25.0,Nominal Pack Thermal Balance
BYD-BLADE-1365,87.2,1.36,114.3,37.9,Nominal Pack Thermal Balance
BYD-BLADE-1366,64.2,0.45,107.3,28.6,Nominal Pack Thermal Balance
BYD-BLADE-1367,32.0,1.54,105.7,25.0,Nominal Pack Thermal Balance
BYD-BLADE-1368,29.5,0.66,105.8,25.0,Nominal Pack Thermal Balance
BYD-BLADE-1369,33.2,0.44,104.9,25.0,Nominal Pack Thermal Balance
BYD-BLADE-1370,47.8,1.68,107.3,25.0,Nominal Pack Thermal Balance
BYD-BLADE-1371,79.3,0.4,111.9,37.8,Nominal Pack Thermal Balance
BYD-BLADE-1372,62.4,0.28,107.4,30.3,Nominal Pack Thermal Balance
BYD-BLADE-1373,51.0,3.0,107.6,28.1,Nominal Pack Thermal Balance
BYD-BLADE-1374,82.2,0.07,109.9,35.4,Nominal Pack Thermal Balance
BYD-BLADE-1375,70.6,1.88,110.7,34.5,Nominal Pack Thermal Balance
BYD-BLADE-1376,81.1,0.07,112.4,36.2,Nominal Pack Thermal Balance
BYD-BLADE-1377,79.6,1.57,113.1,33.7,Nominal Pack Thermal Balance
BYD-BLADE-1378,47.3,0.12,109.7,25.0,Nominal Pack Thermal Balance
BYD-BLADE-1379,37.2,1.36,105.5,25.0,Nominal Pack Thermal Balance
BYD-BLADE-1380,90.9,1.99,110.8,42.5,Nominal Pack Thermal Balance
BYD-BLADE-1381,66.5,0.47,109.4,26.7,Nominal Pack Thermal Balance
BYD-BLADE-1382,69.8,0.97,108.3,32.3,Nominal Pack Thermal Balance
BYD-BLADE-1383,79.5,0.39,112.0,35.4,Nominal Pack Thermal Balance
BYD-BLADE-1384,47.9,3.78,105.7,25.0,Nominal Pack Thermal Balance
BYD-BLADE-1385,50.1,0.07,106.1,25.0,Nominal Pack Thermal Balance
BYD-BLADE-1386,82.2,5.03,112.9,35.6,Localized Thermal Venting Intercept
BYD-BLADE-1387,29.0,0.05,102.4,25.0,Nominal Pack Thermal Balance
BYD-BLADE-1388,71.2,1.2,107.0,32.6,Nominal Pack Thermal Balance
BYD-BLADE-1389,67.0,8.5,109.2,29.4,Nominal Pack Thermal Balance
BYD-BLADE-1390,87.8,0.36,115.3,40.6,Nominal Pack Thermal Balance
BYD-BLADE-1391,36.5,0.84,103.7,25.0,Nominal Pack Thermal Balance
BYD-BLADE-1392,78.3,1.29,108.9,34.5,Nominal Pack Thermal Balance
BYD-BLADE-1393,26.6,0.47,105.1,25.0,Nominal Pack Thermal Balance
BYD-BLADE-1394,60.1,0.47,105.8,28.6,Nominal Pack Thermal Balance
BYD-BLADE-1395,68.0,2.31,109.2,30.7,Nominal Pack Thermal Balance
BYD-BLADE-1396,84.9,0.84,112.3,36.9,Nominal Pack Thermal Balance
BYD-BLADE-1397,25.1,2.08,102.7,25.0,Nominal Pack Thermal Balance
BYD-BLADE-1398,43.6,0.09,106.7,25.0,Nominal Pack Thermal Balance
BYD-BLADE-1399,40.5,1.12,106.5,25.0,Nominal Pack Thermal Balance
BYD-BLADE-1400,93.4,0.19,113.7,42.1,Nominal Pack Thermal Balance
BYD-BLADE-1401,44.8,0.22,106.6,25.0,Nominal Pack Thermal Balance
BYD-BLADE-1402,93.4,0.13,111.3,38.6,Nominal Pack Thermal Balance
BYD-BLADE-1403,66.6,3.71,109.9,29.8,Nominal Pack Thermal Balance
BYD-BLADE-1404,61.3,1.74,106.2,25.4,Nominal Pack Thermal Balance
BYD-BLADE-1405,85.1,0.5,110.9,38.2,Nominal Pack Thermal Balance
BYD-BLADE-1406,26.2,0.53,103.8,25.0,Nominal Pack Thermal Balance
BYD-BLADE-1407,51.4,0.83,107.8,25.0,Nominal Pack Thermal Balance
BYD-BLADE-1408,78.8,1.38,111.3,32.4,Nominal Pack Thermal Balance
BYD-BLADE-1409,27.1,0.04,107.0,25.0,Nominal Pack Thermal Balance
BYD-BLADE-1410,45.1,0.66,105.2,25.0,Nominal Pack Thermal Balance
BYD-BLADE-1411,31.1,0.67,106.0,25.0,Nominal Pack Thermal Balance
BYD-BLADE-1412,69.7,1.37,110.9,35.3,Nominal Pack Thermal Balance
BYD-BLADE-1413,26.0,0.65,105.3,25.0,Nominal Pack Thermal Balance
BYD-BLADE-1414,90.1,2.15,112.1,41.0,Nominal Pack Thermal Balance
BYD-BLADE-1415,71.8,1.03,111.8,31.4,Nominal Pack Thermal Balance
BYD-BLADE-1416,55.3,0.14,108.1,25.0,Nominal Pack Thermal Balance
BYD-BLADE-1417,89.6,5.66,112.5,40.2,Localized Thermal Venting Intercept
BYD-BLADE-1418,25.3,0.33,103.1,25.0,Nominal Pack Thermal Balance
BYD-BLADE-1419,93.7,0.01,114.5,41.7,Nominal Pack Thermal Balance
BYD-BLADE-1420,94.7,5.76,112.8,41.8,Localized Thermal Venting Intercept
BYD-BLADE-1421,44.9,0.43,108.6,25.0,Nominal Pack Thermal Balance
BYD-BLADE-1422,46.5,1.93,106.6,25.0,Nominal Pack Thermal Balance
BYD-BLADE-1423,66.7,0.14,110.7,29.3,Nominal Pack Thermal Balance
BYD-BLADE-1424,86.7,0.18,111.0,38.1,Nominal Pack Thermal Balance
BYD-BLADE-1425,32.7,0.25,106.4,25.0,Nominal Pack Thermal Balance
BYD-BLADE-1426,88.2,1.87,113.1,41.4,Nominal Pack Thermal Balance
BYD-BLADE-1427,52.3,1.64,105.8,25.9,Nominal Pack Thermal Balance
BYD-BLADE-1428,43.2,2.3,106.6,25.0,Nominal Pack Thermal Balance
BYD-BLADE-1429,42.1,0.87,106.6,25.0,Nominal Pack Thermal Balance
BYD-BLADE-1430,79.0,0.33,112.4,38.4,Nominal Pack Thermal Balance
BYD-BLADE-1431,61.6,1.51,108.3,27.5,Nominal Pack Thermal Balance
BYD-BLADE-1432,88.0,4.62,111.2,37.9,Localized Thermal Venting Intercept
BYD-BLADE-1433,89.9,1.01,113.9,42.4,Nominal Pack Thermal Balance
BYD-BLADE-1434,69.5,0.7,111.1,34.1,Nominal Pack Thermal Balance
BYD-BLADE-1435,38.7,0.18,108.2,25.0,Nominal Pack Thermal Balance
BYD-BLADE-1436,77.1,0.21,110.5,33.1,Nominal Pack Thermal Balance
BYD-BLADE-1437,26.1,1.19,103.6,25.0,Nominal Pack Thermal Balance
BYD-BLADE-1438,82.6,1.12,109.6,37.7,Nominal Pack Thermal Balance
BYD-BLADE-1439,82.5,3.98,110.1,37.0,Localized Thermal Venting Intercept
BYD-BLADE-1440,50.0,1.27,106.2,25.0,Nominal Pack Thermal Balance
BYD-BLADE-1441,35.2,0.57,105.9,25.0,Nominal Pack Thermal Balance
BYD-BLADE-1442,80.3,1.26,110.4,38.5,Nominal Pack Thermal Balance
BYD-BLADE-1443,70.9,1.67,108.4,32.0,Nominal Pack Thermal Balance
BYD-BLADE-1444,39.3,0.09,105.5,25.0,Nominal Pack Thermal Balance
BYD-BLADE-1445,71.5,0.9,111.9,34.9,Nominal Pack Thermal Balance
BYD-BLADE-1446,45.0,0.94,105.4,25.0,Nominal Pack Thermal Balance
BYD-BLADE-1447,90.5,1.26,113.3,45.7,Nominal Pack Thermal Balance
BYD-BLADE-1448,74.8,0.8,111.7,32.0,Nominal Pack Thermal Balance
BYD-BLADE-1449,83.4,0.82,113.6,37.8,Nominal Pack Thermal Balance
BYD-BLADE-1450,59.4,2.53,107.8,26.4,Nominal Pack Thermal Balance
BYD-BLADE-1451,59.7,0.02,109.6,29.5,Nominal Pack Thermal Balance
BYD-BLADE-1452,81.8,1.87,112.2,36.9,Nominal Pack Thermal Balance
BYD-BLADE-1453,91.8,0.26,112.3,40.5,Nominal Pack Thermal Balance
BYD-BLADE-1454,27.3,0.03,104.1,25.0,Nominal Pack Thermal Balance
BYD-BLADE-1455,30.6,2.29,108.1,25.0,Nominal Pack Thermal Balance
BYD-BLADE-1456,42.4,0.27,106.0,25.0,Nominal Pack Thermal Balance
BYD-BLADE-1457,36.0,0.67,106.8,25.0,Nominal Pack Thermal Balance
BYD-BLADE-1458,28.0,2.1,106.7,25.0,Nominal Pack Thermal Balance
BYD-BLADE-1459,74.1,0.28,110.4,32.9,Nominal Pack Thermal Balance
BYD-BLADE-1460,46.1,0.3,105.1,25.0,Nominal Pack Thermal Balance
BYD-BLADE-1461,72.0,2.31,109.0,33.6,Nominal Pack Thermal Balance
BYD-BLADE-1462,89.4,0.4,110.0,40.2,Nominal Pack Thermal Balance
BYD-BLADE-1463,58.4,0.39,105.8,30.0,Nominal Pack Thermal Balance
BYD-BLADE-1464,70.8,0.87,108.3,32.7,Nominal Pack Thermal Balance
BYD-BLADE-1465,94.6,0.16,113.1,47.0,Nominal Pack Thermal Balance
BYD-BLADE-1466,48.4,0.92,107.9,25.0,Nominal Pack Thermal Balance
BYD-BLADE-1467,79.7,0.85,115.4,37.5,Nominal Pack Thermal Balance
BYD-BLADE-1468,51.7,0.2,107.6,25.0,Nominal Pack Thermal Balance
BYD-BLADE-1469,38.5,1.6,104.5,25.0,Nominal Pack Thermal Balance
BYD-BLADE-1470,30.1,0.68,106.5,25.0,Nominal Pack Thermal Balance
BYD-BLADE-1471,75.0,0.49,108.8,35.4,Nominal Pack Thermal Balance
BYD-BLADE-1472,49.8,0.21,109.7,27.8,Nominal Pack Thermal Balance
BYD-BLADE-1473,47.4,1.0,108.7,25.0,Nominal Pack Thermal Balance
BYD-BLADE-1474,41.5,1.51,107.0,25.0,Nominal Pack Thermal Balance
BYD-BLADE-1475,49.9,1.33,107.8,25.0,Nominal Pack Thermal Balance
BYD-BLADE-1476,73.2,0.09,109.7,34.3,Nominal Pack Thermal Balance
BYD-BLADE-1477,51.8,0.88,108.2,25.0,Nominal Pack Thermal Balance
BYD-BLADE-1478,25.8,2.17,105.4,25.0,Nominal Pack Thermal Balance
BYD-BLADE-1479,69.9,0.52,109.1,32.4,Nominal Pack Thermal Balance
BYD-BLADE-1480,33.7,0.79,107.3,25.0,Nominal Pack Thermal Balance
BYD-BLADE-1481,85.6,2.58,110.7,36.6,Nominal Pack Thermal Balance
BYD-BLADE-1482,47.0,0.92,106.9,25.0,Nominal Pack Thermal Balance
BYD-BLADE-1483,49.8,0.43,105.4,26.0,Nominal Pack Thermal Balance
BYD-BLADE-1484,78.5,1.14,110.9,35.8,Nominal Pack Thermal Balance
BYD-BLADE-1485,79.8,2.16,108.5,37.3,Nominal Pack Thermal Balance
BYD-BLADE-1486,42.4,1.26,108.3,25.0,Nominal Pack Thermal Balance
BYD-BLADE-1487,35.7,2.91,104.9,25.0,Nominal Pack Thermal Balance
BYD-BLADE-1488,75.0,1.18,109.4,35.4,Nominal Pack Thermal Balance
BYD-BLADE-1489,44.7,0.99,107.9,25.0,Nominal Pack Thermal Balance
BYD-BLADE-1490,27.9,0.4,103.1,25.0,Nominal Pack Thermal Balance
BYD-BLADE-1491,63.3,0.14,112.6,29.6,Nominal Pack Thermal Balance
BYD-BLADE-1492,73.7,0.97,111.5,32.2,Nominal Pack Thermal Balance
BYD-BLADE-1493,35.4,0.47,104.6,25.0,Nominal Pack Thermal Balance
BYD-BLADE-1494,51.7,4.39,106.8,25.1,Nominal Pack Thermal Balance
BYD-BLADE-1495,94.0,0.03,114.4,41.0,Nominal Pack Thermal Balance
BYD-BLADE-1496,38.7,1.47,104.3,25.0,Nominal Pack Thermal Balance
BYD-BLADE-1497,27.6,0.44,105.0,25.0,Nominal Pack Thermal Balance
BYD-BLADE-1498,49.2,1.6,107.4,25.0,Nominal Pack Thermal Balance
BYD-BLADE-1499,38.4,1.74,105.8,25.0,Nominal Pack Thermal Balance
BYD-BLADE-1500,69.7,0.01,111.5,35.2,Nominal Pack Thermal Balance
BYD-BLADE-1501,80.7,0.43,110.7,36.5,Nominal Pack Thermal Balance
BYD-BLADE-1502,77.7,1.64,111.3,33.5,Nominal Pack Thermal Balance
BYD-BLADE-1503,71.4,0.52,110.4,32.5,Nominal Pack Thermal Balance
BYD-BLADE-1504,94.7,0.39,111.4,41.3,Nominal Pack Thermal Balance
BYD-BLADE-1505,33.9,0.31,106.4,25.0,Nominal Pack Thermal Balance
BYD-BLADE-1506,25.9,1.27,104.8,25.0,Nominal Pack Thermal Balance
BYD-BLADE-1507,76.0,1.23,109.2,33.0,Nominal Pack Thermal Balance
BYD-BLADE-1508,34.9,1.05,106.4,25.0,Nominal Pack Thermal Balance
BYD-BLADE-1509,77.2,1.39,111.2,36.5,Nominal Pack Thermal Balance
BYD-BLADE-1510,47.8,0.65,103.9,25.0,Nominal Pack Thermal Balance
BYD-BLADE-1511,53.0,1.03,109.1,26.9,Nominal Pack Thermal Balance
BYD-BLADE-1512,34.7,1.6,104.1,25.0,Nominal Pack Thermal Balance
BYD-BLADE-1513,31.5,0.71,107.7,25.0,Nominal Pack Thermal Balance
BYD-BLADE-1514,60.9,0.01,108.9,28.2,Nominal Pack Thermal Balance
BYD-BLADE-1515,33.1,0.85,103.0,25.0,Nominal Pack Thermal Balance
BYD-BLADE-1516,73.5,1.03,111.9,32.2,Nominal Pack Thermal Balance
BYD-BLADE-1517,65.2,1.26,109.6,28.0,Nominal Pack Thermal Balance
BYD-BLADE-1518,93.7,0.66,110.7,41.9,Nominal Pack Thermal Balance
BYD-BLADE-1519,66.6,1.11,110.2,28.2,Nominal Pack Thermal Balance
BYD-BLADE-1520,34.5,0.21,102.6,25.0,Nominal Pack Thermal Balance
BYD-BLADE-1521,60.1,0.41,110.6,26.6,Nominal Pack Thermal Balance
BYD-BLADE-1522,64.6,0.57,109.4,31.0,Nominal Pack Thermal Balance
BYD-BLADE-1523,38.2,1.06,106.3,25.0,Nominal Pack Thermal Balance
BYD-BLADE-1524,31.9,0.82,105.9,25.0,Nominal Pack Thermal Balance
BYD-BLADE-1525,27.9,1.67,104.5,25.0,Nominal Pack Thermal Balance
BYD-BLADE-1526,30.7,0.41,102.3,25.0,Nominal Pack Thermal Balance
BYD-BLADE-1527,78.6,0.54,110.6,34.0,Nominal Pack Thermal Balance
BYD-BLADE-1528,44.6,1.23,107.3,25.0,Nominal Pack Thermal Balance
BYD-BLADE-1529,77.0,2.22,108.3,32.4,Nominal Pack Thermal Balance
BYD-BLADE-1530,82.7,1.25,114.1,35.7,Nominal Pack Thermal Balance
BYD-BLADE-1531,52.5,0.97,108.0,25.0,Nominal Pack Thermal Balance
BYD-BLADE-1532,56.2,0.39,106.2,25.0,Nominal Pack Thermal Balance
BYD-BLADE-1533,94.4,0.19,112.4,41.3,Nominal Pack Thermal Balance
BYD-BLADE-1534,84.6,0.01,112.2,39.7,Nominal Pack Thermal Balance
BYD-BLADE-1535,82.6,0.84,112.1,39.6,Nominal Pack Thermal Balance
BYD-BLADE-1536,86.8,0.69,111.5,34.9,Nominal Pack Thermal Balance
BYD-BLADE-1537,89.5,0.57,112.3,40.0,Nominal Pack Thermal Balance
BYD-BLADE-1538,85.8,3.15,114.5,37.4,Nominal Pack Thermal Balance
BYD-BLADE-1539,84.2,0.69,111.0,40.1,Nominal Pack Thermal Balance
BYD-BLADE-1540,37.8,5.27,105.1,25.0,Nominal Pack Thermal Balance
BYD-BLADE-1541,89.3,1.76,112.2,44.4,Nominal Pack Thermal Balance
BYD-BLADE-1542,34.4,2.33,105.5,25.0,Nominal Pack Thermal Balance
BYD-BLADE-1543,71.6,0.27,110.6,32.7,Nominal Pack Thermal Balance
BYD-BLADE-1544,30.8,0.25,103.2,25.0,Nominal Pack Thermal Balance
BYD-BLADE-1545,90.2,0.39,110.9,39.6,Nominal Pack Thermal Balance
BYD-BLADE-1546,56.4,0.92,106.1,25.0,Nominal Pack Thermal Balance
BYD-BLADE-1547,38.2,0.69,106.0,25.0,Nominal Pack Thermal Balance
BYD-BLADE-1548,27.3,0.22,104.1,25.0,Nominal Pack Thermal Balance
BYD-BLADE-1549,40.5,3.67,105.3,25.0,Nominal Pack Thermal Balance
BYD-BLADE-1550,74.0,0.27,109.8,33.4,Nominal Pack Thermal Balance
BYD-BLADE-1551,38.1,1.74,107.4,25.0,Nominal Pack Thermal Balance
BYD-BLADE-1552,82.8,0.54,113.9,36.4,Nominal Pack Thermal Balance
BYD-BLADE-1553,85.0,0.82,113.8,41.3,Nominal Pack Thermal Balance
BYD-BLADE-1554,59.3,1.09,108.6,27.2,Nominal Pack Thermal Balance
BYD-BLADE-1555,72.6,1.22,108.8,31.7,Nominal Pack Thermal Balance
BYD-BLADE-1556,91.8,0.99,115.3,41.1,Nominal Pack Thermal Balance
BYD-BLADE-1557,33.6,2.94,104.4,25.0,Nominal Pack Thermal Balance
BYD-BLADE-1558,51.5,0.02,108.5,25.0,Nominal Pack Thermal Balance
BYD-BLADE-1559,59.4,0.73,107.9,25.6,Nominal Pack Thermal Balance
BYD-BLADE-1560,87.7,0.28,113.2,38.6,Nominal Pack Thermal Balance
BYD-BLADE-1561,79.9,0.2,111.2,34.8,Nominal Pack Thermal Balance
BYD-BLADE-1562,64.8,3.84,109.5,32.1,Nominal Pack Thermal Balance
BYD-BLADE-1563,27.1,0.07,103.2,25.0,Nominal Pack Thermal Balance
BYD-BLADE-1564,82.9,1.69,110.7,37.1,Nominal Pack Thermal Balance
BYD-BLADE-1565,35.9,0.8,106.4,25.0,Nominal Pack Thermal Balance
BYD-BLADE-1566,58.1,0.31,106.1,30.1,Nominal Pack Thermal Balance
BYD-BLADE-1567,50.7,0.13,107.2,25.0,Nominal Pack Thermal Balance
BYD-BLADE-1568,30.2,2.49,105.8,25.0,Nominal Pack Thermal Balance
BYD-BLADE-1569,70.3,1.64,110.1,32.5,Nominal Pack Thermal Balance
BYD-BLADE-1570,43.4,2.25,106.0,25.0,Nominal Pack Thermal Balance
BYD-BLADE-1571,76.3,0.03,111.0,34.1,Nominal Pack Thermal Balance
BYD-BLADE-1572,89.8,1.28,112.9,42.6,Nominal Pack Thermal Balance
BYD-BLADE-1573,88.4,0.21,115.8,40.1,Nominal Pack Thermal Balance
BYD-BLADE-1574,66.6,0.96,107.1,26.3,Nominal Pack Thermal Balance
BYD-BLADE-1575,87.1,0.83,109.2,38.5,Nominal Pack Thermal Balance
BYD-BLADE-1576,61.0,0.26,107.3,26.7,Nominal Pack Thermal Balance
BYD-BLADE-1577,55.1,0.61,107.7,26.1,Nominal Pack Thermal Balance
BYD-BLADE-1578,75.6,0.13,109.8,35.5,Nominal Pack Thermal Balance
BYD-BLADE-1579,38.2,2.1,108.9,25.0,Nominal Pack Thermal Balance
BYD-BLADE-1580,53.4,0.66,105.7,25.0,Nominal Pack Thermal Balance
BYD-BLADE-1581,78.8,0.24,107.3,36.2,Nominal Pack Thermal Balance
BYD-BLADE-1582,58.1,0.59,111.1,25.0,Nominal Pack Thermal Balance
BYD-BLADE-1583,66.0,0.23,109.3,26.6,Nominal Pack Thermal Balance
BYD-BLADE-1584,58.8,1.6,109.1,25.0,Nominal Pack Thermal Balance
BYD-BLADE-1585,80.2,1.38,113.7,34.7,Nominal Pack Thermal Balance
BYD-BLADE-1586,66.0,1.42,108.4,26.3,Nominal Pack Thermal Balance
BYD-BLADE-1587,78.2,1.57,113.8,38.5,Nominal Pack Thermal Balance
BYD-BLADE-1588,70.0,1.8,109.4,31.4,Nominal Pack Thermal Balance
BYD-BLADE-1589,34.9,0.17,107.2,25.0,Nominal Pack Thermal Balance
BYD-BLADE-1590,32.3,5.21,103.3,25.0,Nominal Pack Thermal Balance
BYD-BLADE-1591,61.7,0.88,109.2,26.3,Nominal Pack Thermal Balance
BYD-BLADE-1592,52.4,3.24,106.1,25.0,Nominal Pack Thermal Balance
BYD-BLADE-1593,92.8,2.48,112.8,39.3,Nominal Pack Thermal Balance
BYD-BLADE-1594,49.3,0.15,104.5,26.0,Nominal Pack Thermal Balance
BYD-BLADE-1595,92.4,1.24,111.6,39.0,Nominal Pack Thermal Balance
BYD-BLADE-1596,86.3,4.33,112.2,35.6,Localized Thermal Venting Intercept
BYD-BLADE-1597,45.7,1.28,107.7,25.0,Nominal Pack Thermal Balance
BYD-BLADE-1598,64.0,0.14,107.6,25.0,Nominal Pack Thermal Balance
BYD-BLADE-1599,85.0,0.65,112.7,34.3,Nominal Pack Thermal Balance
BYD-BLADE-1600,25.1,6.45,105.1,25.0,Nominal Pack Thermal Balance
BYD-BLADE-1601,31.5,0.36,103.8,25.0,Nominal Pack Thermal Balance
BYD-BLADE-1602,80.0,2.47,113.2,35.5,Nominal Pack Thermal Balance
BYD-BLADE-1603,27.0,6.84,106.4,25.0,Nominal Pack Thermal Balance
BYD-BLADE-1604,45.1,2.46,106.3,25.0,Nominal Pack Thermal Balance
BYD-BLADE-1605,64.5,0.04,108.3,28.8,Nominal Pack Thermal Balance
BYD-BLADE-1606,51.5,1.17,108.8,25.0,Nominal Pack Thermal Balance
BYD-BLADE-1607,53.7,1.6,110.3,25.0,Nominal Pack Thermal Balance
BYD-BLADE-1608,68.2,1.38,109.8,34.2,Nominal Pack Thermal Balance
BYD-BLADE-1609,59.7,1.75,110.8,26.6,Nominal Pack Thermal Balance
BYD-BLADE-1610,74.3,0.13,109.0,34.0,Nominal Pack Thermal Balance
BYD-BLADE-1611,40.1,0.28,107.5,25.0,Nominal Pack Thermal Balance
BYD-BLADE-1612,89.3,0.31,111.7,42.9,Nominal Pack Thermal Balance
BYD-BLADE-1613,92.7,2.08,110.6,41.0,Nominal Pack Thermal Balance
BYD-BLADE-1614,27.8,1.35,105.2,25.0,Nominal Pack Thermal Balance
BYD-BLADE-1615,66.7,0.92,108.4,33.3,Nominal Pack Thermal Balance
BYD-BLADE-1616,68.8,0.81,111.2,30.6,Nominal Pack Thermal Balance
BYD-BLADE-1617,66.9,0.17,109.4,30.6,Nominal Pack Thermal Balance
BYD-BLADE-1618,76.7,0.08,109.2,34.6,Nominal Pack Thermal Balance
BYD-BLADE-1619,75.3,1.19,110.6,34.0,Nominal Pack Thermal Balance
BYD-BLADE-1620,39.2,1.97,104.9,25.0,Nominal Pack Thermal Balance
BYD-BLADE-1621,80.5,1.91,112.5,35.1,Nominal Pack Thermal Balance
BYD-BLADE-1622,64.9,0.67,108.9,30.8,Nominal Pack Thermal Balance
BYD-BLADE-1623,48.5,0.74,106.3,25.0,Nominal Pack Thermal Balance
BYD-BLADE-1624,42.8,3.36,107.5,25.0,Nominal Pack Thermal Balance
BYD-BLADE-1625,93.5,0.35,114.5,42.8,Nominal Pack Thermal Balance
BYD-BLADE-1626,94.5,0.83,111.9,38.2,Nominal Pack Thermal Balance
BYD-BLADE-1627,62.6,4.44,106.7,27.9,Nominal Pack Thermal Balance
BYD-BLADE-1628,58.7,0.83,106.6,26.2,Nominal Pack Thermal Balance
BYD-BLADE-1629,44.2,0.17,104.9,25.0,Nominal Pack Thermal Balance
BYD-BLADE-1630,30.6,2.63,105.3,25.0,Nominal Pack Thermal Balance
BYD-BLADE-1631,54.2,0.61,107.0,25.0,Nominal Pack Thermal Balance
BYD-BLADE-1632,90.2,2.85,111.2,42.4,Nominal Pack Thermal Balance
BYD-BLADE-1633,55.1,1.04,109.2,25.0,Nominal Pack Thermal Balance
BYD-BLADE-1634,92.2,0.69,112.0,39.8,Nominal Pack Thermal Balance
BYD-BLADE-1635,45.3,1.2,107.9,25.0,Nominal Pack Thermal Balance
BYD-BLADE-1636,67.2,3.13,107.3,30.9,Nominal Pack Thermal Balance
BYD-BLADE-1637,62.2,0.0,110.3,29.9,Nominal Pack Thermal Balance
BYD-BLADE-1638,76.5,2.45,110.8,35.7,Nominal Pack Thermal Balance
BYD-BLADE-1639,56.0,0.1,108.2,25.0,Nominal Pack Thermal Balance
BYD-BLADE-1640,36.6,3.13,105.6,25.0,Nominal Pack Thermal Balance
BYD-BLADE-1641,38.3,0.1,104.9,25.0,Nominal Pack Thermal Balance
BYD-BLADE-1642,60.1,0.08,107.9,25.0,Nominal Pack Thermal Balance
BYD-BLADE-1643,91.2,0.64,111.5,41.8,Nominal Pack Thermal Balance
BYD-BLADE-1644,53.8,0.76,104.1,25.0,Nominal Pack Thermal Balance
BYD-BLADE-1645,63.3,1.3,111.7,30.1,Nominal Pack Thermal Balance
BYD-BLADE-1646,44.7,3.05,107.2,25.0,Nominal Pack Thermal Balance
BYD-BLADE-1647,29.4,0.39,105.9,25.0,Nominal Pack Thermal Balance
BYD-BLADE-1648,89.2,2.09,111.4,40.1,Nominal Pack Thermal Balance
BYD-BLADE-1649,67.2,1.92,105.3,30.1,Nominal Pack Thermal Balance
BYD-BLADE-1650,62.4,0.35,108.6,28.8,Nominal Pack Thermal Balance
BYD-BLADE-1651,53.9,0.35,104.3,25.4,Nominal Pack Thermal Balance
BYD-BLADE-1652,59.0,3.54,108.6,31.1,Nominal Pack Thermal Balance
BYD-BLADE-1653,41.2,2.45,108.9,25.0,Nominal Pack Thermal Balance
BYD-BLADE-1654,31.9,1.3,105.4,25.0,Nominal Pack Thermal Balance
BYD-BLADE-1655,74.6,1.46,108.1,34.2,Nominal Pack Thermal Balance
BYD-BLADE-1656,32.7,1.15,105.3,25.0,Nominal Pack Thermal Balance
BYD-BLADE-1657,76.0,0.09,110.8,32.1,Nominal Pack Thermal Balance
BYD-BLADE-1658,59.3,0.29,107.3,26.9,Nominal Pack Thermal Balance
BYD-BLADE-1659,52.7,0.07,108.6,29.4,Nominal Pack Thermal Balance
BYD-BLADE-1660,81.0,0.94,108.3,36.4,Nominal Pack Thermal Balance
BYD-BLADE-1661,86.9,1.19,112.2,39.0,Nominal Pack Thermal Balance
BYD-BLADE-1662,40.3,0.3,105.3,25.0,Nominal Pack Thermal Balance
BYD-BLADE-1663,58.4,4.3,106.7,26.0,Nominal Pack Thermal Balance
BYD-BLADE-1664,76.2,1.73,111.4,31.5,Nominal Pack Thermal Balance
BYD-BLADE-1665,37.2,1.63,107.3,25.0,Nominal Pack Thermal Balance
BYD-BLADE-1666,73.9,1.44,112.9,30.7,Nominal Pack Thermal Balance
BYD-BLADE-1667,38.2,0.03,105.2,25.0,Nominal Pack Thermal Balance
BYD-BLADE-1668,25.7,0.07,104.9,25.0,Nominal Pack Thermal Balance
BYD-BLADE-1669,54.4,1.46,109.7,25.0,Nominal Pack Thermal Balance
BYD-BLADE-1670,80.3,0.56,110.7,34.7,Nominal Pack Thermal Balance
BYD-BLADE-1671,42.2,2.14,105.6,25.0,Nominal Pack Thermal Balance
BYD-BLADE-1672,63.7,2.66,107.1,31.2,Nominal Pack Thermal Balance
BYD-BLADE-1673,55.3,2.21,110.6,25.7,Nominal Pack Thermal Balance
BYD-BLADE-1674,50.9,0.32,106.4,25.0,Nominal Pack Thermal Balance
BYD-BLADE-1675,78.8,0.7,111.3,32.5,Nominal Pack Thermal Balance
BYD-BLADE-1676,60.3,0.1,109.6,31.4,Nominal Pack Thermal Balance
BYD-BLADE-1677,44.8,0.08,106.5,25.0,Nominal Pack Thermal Balance
BYD-BLADE-1678,73.7,0.05,111.4,29.7,Nominal Pack Thermal Balance
BYD-BLADE-1679,87.2,3.49,109.8,38.0,Nominal Pack Thermal Balance
BYD-BLADE-1680,57.8,0.41,108.7,27.7,Nominal Pack Thermal Balance
BYD-BLADE-1681,48.2,0.9,106.5,25.0,Nominal Pack Thermal Balance
BYD-BLADE-1682,84.3,0.32,111.9,37.7,Nominal Pack Thermal Balance
BYD-BLADE-1683,30.8,0.35,104.9,25.0,Nominal Pack Thermal Balance
BYD-BLADE-1684,81.0,2.22,113.8,34.9,Nominal Pack Thermal Balance
BYD-BLADE-1685,74.3,3.8,110.4,30.7,Nominal Pack Thermal Balance
BYD-BLADE-1686,79.5,0.13,110.4,33.2,Nominal Pack Thermal Balance
BYD-BLADE-1687,28.4,2.87,104.6,25.0,Nominal Pack Thermal Balance
BYD-BLADE-1688,44.2,0.54,108.2,25.0,Nominal Pack Thermal Balance
BYD-BLADE-1689,74.7,1.3,109.2,34.3,Nominal Pack Thermal Balance
BYD-BLADE-1690,62.4,0.17,110.7,27.4,Nominal Pack Thermal Balance
BYD-BLADE-1691,53.4,1.38,111.1,25.0,Nominal Pack Thermal Balance
BYD-BLADE-1692,93.3,0.19,112.4,42.5,Nominal Pack Thermal Balance
BYD-BLADE-1693,88.5,1.42,114.5,36.2,Nominal Pack Thermal Balance
BYD-BLADE-1694,78.6,1.71,112.0,32.3,Nominal Pack Thermal Balance
BYD-BLADE-1695,84.1,0.37,110.5,36.6,Nominal Pack Thermal Balance
BYD-BLADE-1696,56.2,1.69,105.8,26.4,Nominal Pack Thermal Balance
BYD-BLADE-1697,85.3,3.38,112.4,35.7,Nominal Pack Thermal Balance
BYD-BLADE-1698,26.9,1.17,104.6,25.0,Nominal Pack Thermal Balance
BYD-BLADE-1699,70.1,0.83,110.2,31.3,Nominal Pack Thermal Balance
BYD-BLADE-1700,94.7,0.43,111.1,42.8,Nominal Pack Thermal Balance
BYD-BLADE-1701,71.7,1.34,110.3,33.2,Nominal Pack Thermal Balance
BYD-BLADE-1702,83.2,3.71,111.9,39.1,Localized Thermal Venting Intercept
BYD-BLADE-1703,67.2,0.25,109.6,26.9,Nominal Pack Thermal Balance
BYD-BLADE-1704,93.7,0.67,112.6,43.5,Nominal Pack Thermal Balance
BYD-BLADE-1705,44.1,0.4,107.6,25.0,Nominal Pack Thermal Balance
BYD-BLADE-1706,60.6,0.47,113.0,25.0,Nominal Pack Thermal Balance
BYD-BLADE-1707,71.2,1.71,111.1,35.0,Nominal Pack Thermal Balance
BYD-BLADE-1708,30.7,0.73,103.5,25.0,Nominal Pack Thermal Balance
BYD-BLADE-1709,34.0,1.81,102.3,25.0,Nominal Pack Thermal Balance
BYD-BLADE-1710,71.8,0.59,111.6,33.7,Nominal Pack Thermal Balance
BYD-BLADE-1711,66.7,1.47,109.7,30.3,Nominal Pack Thermal Balance
BYD-BLADE-1712,58.1,1.41,106.9,26.5,Nominal Pack Thermal Balance
BYD-BLADE-1713,61.4,0.93,107.0,26.2,Nominal Pack Thermal Balance
BYD-BLADE-1714,45.5,0.04,106.4,25.2,Nominal Pack Thermal Balance
BYD-BLADE-1715,93.9,1.66,113.4,40.4,Nominal Pack Thermal Balance
BYD-BLADE-1716,90.7,0.37,113.7,39.7,Nominal Pack Thermal Balance
BYD-BLADE-1717,94.5,1.38,111.8,44.7,Nominal Pack Thermal Balance
BYD-BLADE-1718,34.9,0.92,105.7,25.0,Nominal Pack Thermal Balance
BYD-BLADE-1719,40.6,0.89,108.6,25.0,Nominal Pack Thermal Balance
BYD-BLADE-1720,70.5,0.14,107.1,30.3,Nominal Pack Thermal Balance
BYD-BLADE-1721,60.7,0.95,107.8,26.5,Nominal Pack Thermal Balance
BYD-BLADE-1722,81.2,3.18,112.1,33.6,Nominal Pack Thermal Balance
BYD-BLADE-1723,39.8,0.33,105.8,25.0,Nominal Pack Thermal Balance
BYD-BLADE-1724,32.7,0.86,104.1,25.0,Nominal Pack Thermal Balance
BYD-BLADE-1725,94.6,4.54,112.9,40.2,Localized Thermal Venting Intercept
BYD-BLADE-1726,28.3,0.6,103.5,25.0,Nominal Pack Thermal Balance
BYD-BLADE-1727,41.5,1.93,105.0,25.0,Nominal Pack Thermal Balance
BYD-BLADE-1728,49.1,1.36,107.9,25.0,Nominal Pack Thermal Balance
BYD-BLADE-1729,84.1,0.24,114.0,38.6,Nominal Pack Thermal Balance
BYD-BLADE-1730,41.0,2.72,105.4,25.0,Nominal Pack Thermal Balance
BYD-BLADE-1731,62.7,0.23,108.2,32.0,Nominal Pack Thermal Balance
BYD-BLADE-1732,41.3,1.69,105.2,25.0,Nominal Pack Thermal Balance
BYD-BLADE-1733,87.3,0.03,113.8,39.4,Nominal Pack Thermal Balance
BYD-BLADE-1734,28.2,0.04,104.0,25.0,Nominal Pack Thermal Balance
BYD-BLADE-1735,25.2,0.36,103.7,25.0,Nominal Pack Thermal Balance
BYD-BLADE-1736,85.9,0.72,110.3,35.3,Nominal Pack Thermal Balance
BYD-BLADE-1737,71.5,2.19,113.9,30.6,Nominal Pack Thermal Balance
BYD-BLADE-1738,42.6,0.62,111.2,25.0,Nominal Pack Thermal Balance
BYD-BLADE-1739,48.0,2.58,104.9,25.0,Nominal Pack Thermal Balance
BYD-BLADE-1740,94.3,0.21,111.4,41.5,Nominal Pack Thermal Balance
BYD-BLADE-1741,74.7,1.33,109.2,35.9,Nominal Pack Thermal Balance
BYD-BLADE-1742,88.3,4.01,112.7,37.3,Localized Thermal Venting Intercept
BYD-BLADE-1743,65.1,2.3,110.1,28.9,Nominal Pack Thermal Balance
BYD-BLADE-1744,48.6,0.15,104.9,25.0,Nominal Pack Thermal Balance
BYD-BLADE-1745,46.1,3.19,106.0,25.0,Nominal Pack Thermal Balance
BYD-BLADE-1746,27.3,1.0,107.3,25.0,Nominal Pack Thermal Balance
BYD-BLADE-1747,36.6,1.24,106.1,25.0,Nominal Pack Thermal Balance
BYD-BLADE-1748,76.3,0.68,109.3,36.5,Nominal Pack Thermal Balance
BYD-BLADE-1749,27.7,0.1,104.3,25.0,Nominal Pack Thermal Balance
BYD-BLADE-1750,76.1,0.45,110.6,35.0,Nominal Pack Thermal Balance
BYD-BLADE-1751,53.0,1.43,108.9,25.0,Nominal Pack Thermal Balance
BYD-BLADE-1752,57.7,0.48,105.8,26.7,Nominal Pack Thermal Balance
BYD-BLADE-1753,27.1,0.63,101.3,25.0,Nominal Pack Thermal Balance
BYD-BLADE-1754,69.9,0.03,109.7,31.9,Nominal Pack Thermal Balance
BYD-BLADE-1755,68.9,2.72,108.6,32.9,Nominal Pack Thermal Balance
BYD-BLADE-1756,91.6,0.34,112.9,41.1,Nominal Pack Thermal Balance
BYD-BLADE-1757,91.5,0.43,113.5,38.2,Nominal Pack Thermal Balance
BYD-BLADE-1758,47.5,0.94,108.0,25.0,Nominal Pack Thermal Balance
BYD-BLADE-1759,40.8,4.28,106.5,25.0,Nominal Pack Thermal Balance
BYD-BLADE-1760,85.2,0.24,110.5,35.1,Nominal Pack Thermal Balance
BYD-BLADE-1761,74.6,0.33,110.3,35.4,Nominal Pack Thermal Balance
BYD-BLADE-1762,81.0,0.31,109.6,38.7,Nominal Pack Thermal Balance
BYD-BLADE-1763,56.0,0.14,106.3,27.0,Nominal Pack Thermal Balance
BYD-BLADE-1764,62.8,1.55,109.6,28.7,Nominal Pack Thermal Balance
BYD-BLADE-1765,40.0,0.21,109.2,25.0,Nominal Pack Thermal Balance
BYD-BLADE-1766,65.1,0.1,109.9,29.5,Nominal Pack Thermal Balance
BYD-BLADE-1767,48.2,1.88,108.2,25.0,Nominal Pack Thermal Balance
BYD-BLADE-1768,35.7,0.83,105.4,25.0,Nominal Pack Thermal Balance
BYD-BLADE-1769,71.3,0.89,111.9,34.7,Nominal Pack Thermal Balance
BYD-BLADE-1770,89.1,1.46,111.4,40.2,Nominal Pack Thermal Balance
BYD-BLADE-1771,71.0,0.18,111.0,32.3,Nominal Pack Thermal Balance
BYD-BLADE-1772,91.6,1.26,113.8,38.8,Nominal Pack Thermal Balance
BYD-BLADE-1773,31.7,0.2,101.9,25.0,Nominal Pack Thermal Balance
BYD-BLADE-1774,69.3,1.01,112.6,30.6,Nominal Pack Thermal Balance
BYD-BLADE-1775,85.5,0.65,109.9,40.1,Nominal Pack Thermal Balance
BYD-BLADE-1776,66.7,1.1,110.3,30.3,Nominal Pack Thermal Balance
BYD-BLADE-1777,48.7,0.57,107.3,25.0,Nominal Pack Thermal Balance
BYD-BLADE-1778,66.9,0.53,109.4,27.0,Nominal Pack Thermal Balance
BYD-BLADE-1779,66.9,0.31,110.4,32.4,Nominal Pack Thermal Balance
BYD-BLADE-1780,33.9,3.98,106.8,25.0,Nominal Pack Thermal Balance
BYD-BLADE-1781,38.6,0.13,105.1,25.0,Nominal Pack Thermal Balance
BYD-BLADE-1782,81.6,2.0,111.1,38.5,Nominal Pack Thermal Balance
BYD-BLADE-1783,76.0,0.32,111.3,29.7,Nominal Pack Thermal Balance
BYD-BLADE-1784,29.7,0.69,104.4,25.0,Nominal Pack Thermal Balance
BYD-BLADE-1785,34.9,3.62,108.3,25.0,Nominal Pack Thermal Balance
BYD-BLADE-1786,42.1,0.15,109.4,25.0,Nominal Pack Thermal Balance
BYD-BLADE-1787,49.3,0.34,107.2,25.0,Nominal Pack Thermal Balance
BYD-BLADE-1788,88.6,0.4,112.7,40.1,Nominal Pack Thermal Balance
BYD-BLADE-1789,49.0,0.07,104.8,25.0,Nominal Pack Thermal Balance
BYD-BLADE-1790,84.6,0.16,109.9,37.4,Nominal Pack Thermal Balance
BYD-BLADE-1791,26.8,0.44,104.5,25.0,Nominal Pack Thermal Balance
BYD-BLADE-1792,76.6,1.11,110.4,36.1,Nominal Pack Thermal Balance
BYD-BLADE-1793,32.8,0.26,104.8,25.0,Nominal Pack Thermal Balance
BYD-BLADE-1794,79.0,0.01,111.0,37.2,Nominal Pack Thermal Balance
BYD-BLADE-1795,27.9,0.99,104.1,25.0,Nominal Pack Thermal Balance
BYD-BLADE-1796,54.2,0.69,106.0,25.0,Nominal Pack Thermal Balance
BYD-BLADE-1797,27.2,0.56,105.5,25.0,Nominal Pack Thermal Balance
BYD-BLADE-1798,90.0,0.44,115.0,38.1,Nominal Pack Thermal Balance
BYD-BLADE-1799,25.2,3.24,105.1,25.0,Nominal Pack Thermal Balance
BYD-BLADE-1800,93.6,2.03,113.4,43.0,Nominal Pack Thermal Balance
BYD-BLADE-1801,89.8,6.0,116.4,40.1,Localized Thermal Venting Intercept
BYD-BLADE-1802,78.4,1.52,109.6,33.6,Nominal Pack Thermal Balance
BYD-BLADE-1803,61.6,0.93,107.2,29.0,Nominal Pack Thermal Balance
BYD-BLADE-1804,32.6,0.72,104.3,25.0,Nominal Pack Thermal Balance
BYD-BLADE-1805,79.0,0.3,113.8,33.6,Nominal Pack Thermal Balance
BYD-BLADE-1806,92.6,0.69,113.0,37.9,Nominal Pack Thermal Balance
BYD-BLADE-1807,35.5,0.39,104.0,25.0,Nominal Pack Thermal Balance
BYD-BLADE-1808,59.6,1.45,109.6,27.2,Nominal Pack Thermal Balance
BYD-BLADE-1809,41.2,0.6,103.9,25.0,Nominal Pack Thermal Balance
BYD-BLADE-1810,27.5,0.58,105.9,25.0,Nominal Pack Thermal Balance
BYD-BLADE-1811,44.5,0.5,105.9,25.0,Nominal Pack Thermal Balance
BYD-BLADE-1812,28.9,0.14,107.6,25.0,Nominal Pack Thermal Balance
BYD-BLADE-1813,92.2,0.3,112.6,40.1,Nominal Pack Thermal Balance
BYD-BLADE-1814,30.9,0.54,105.8,25.0,Nominal Pack Thermal Balance
BYD-BLADE-1815,41.8,0.09,107.3,25.0,Nominal Pack Thermal Balance
BYD-BLADE-1816,54.4,0.1,108.3,25.0,Nominal Pack Thermal Balance
BYD-BLADE-1817,70.7,1.24,107.5,37.7,Nominal Pack Thermal Balance
BYD-BLADE-1818,87.6,0.61,114.4,40.8,Nominal Pack Thermal Balance
BYD-BLADE-1819,82.8,1.37,109.6,39.4,Nominal Pack Thermal Balance
BYD-BLADE-1820,28.7,0.12,104.6,25.0,Nominal Pack Thermal Balance
BYD-BLADE-1821,70.5,0.28,109.0,34.5,Nominal Pack Thermal Balance
BYD-BLADE-1822,85.4,0.97,112.2,38.3,Nominal Pack Thermal Balance
BYD-BLADE-1823,82.6,0.57,112.2,39.6,Nominal Pack Thermal Balance
BYD-BLADE-1824,92.0,1.98,116.1,43.0,Nominal Pack Thermal Balance
BYD-BLADE-1825,49.4,1.46,108.2,25.0,Nominal Pack Thermal Balance
BYD-BLADE-1826,58.7,0.22,107.3,28.0,Nominal Pack Thermal Balance
BYD-BLADE-1827,91.6,0.66,111.0,42.2,Nominal Pack Thermal Balance
BYD-BLADE-1828,30.5,0.32,105.5,25.0,Nominal Pack Thermal Balance
BYD-BLADE-1829,37.7,0.39,105.1,25.0,Nominal Pack Thermal Balance
BYD-BLADE-1830,51.6,0.08,107.1,25.0,Nominal Pack Thermal Balance
BYD-BLADE-1831,88.0,0.5,110.7,39.8,Nominal Pack Thermal Balance
BYD-BLADE-1832,58.0,0.36,107.5,26.9,Nominal Pack Thermal Balance
BYD-BLADE-1833,82.7,0.27,111.9,37.2,Nominal Pack Thermal Balance
BYD-BLADE-1834,32.4,0.68,104.0,25.0,Nominal Pack Thermal Balance
BYD-BLADE-1835,81.2,1.72,108.2,40.4,Nominal Pack Thermal Balance
BYD-BLADE-1836,50.0,1.71,108.8,25.0,Nominal Pack Thermal Balance
BYD-BLADE-1837,73.5,0.46,110.3,32.9,Nominal Pack Thermal Balance
BYD-BLADE-1838,35.1,4.53,105.9,25.0,Nominal Pack Thermal Balance
BYD-BLADE-1839,45.6,1.76,107.7,25.0,Nominal Pack Thermal Balance
BYD-BLADE-1840,86.2,1.59,112.9,42.9,Nominal Pack Thermal Balance
BYD-BLADE-1841,33.5,2.1,104.5,25.0,Nominal Pack Thermal Balance
BYD-BLADE-1842,40.8,0.01,106.3,25.0,Nominal Pack Thermal Balance
BYD-BLADE-1843,33.7,0.49,106.7,25.0,Nominal Pack Thermal Balance
BYD-BLADE-1844,90.8,0.78,111.1,40.0,Nominal Pack Thermal Balance
BYD-BLADE-1845,56.3,1.6,111.8,27.6,Nominal Pack Thermal Balance
BYD-BLADE-1846,88.8,4.07,110.1,39.8,Localized Thermal Venting Intercept
BYD-BLADE-1847,34.6,0.02,106.4,25.0,Nominal Pack Thermal Balance
BYD-BLADE-1848,54.3,0.44,108.1,25.0,Nominal Pack Thermal Balance
BYD-BLADE-1849,87.1,0.05,113.0,41.9,Nominal Pack Thermal Balance
BYD-BLADE-1850,76.5,1.67,111.1,34.0,Nominal Pack Thermal Balance
BYD-BLADE-1851,48.3,0.64,107.1,25.0,Nominal Pack Thermal Balance
BYD-BLADE-1852,91.9,2.13,112.2,40.8,Nominal Pack Thermal Balance
BYD-BLADE-1853,42.1,0.26,106.6,25.0,Nominal Pack Thermal Balance
BYD-BLADE-1854,69.5,1.15,112.1,29.5,Nominal Pack Thermal Balance
BYD-BLADE-1855,87.3,1.68,110.7,40.8,Nominal Pack Thermal Balance
BYD-BLADE-1856,37.8,0.49,105.0,25.0,Nominal Pack Thermal Balance
BYD-BLADE-1857,88.7,0.55,112.3,40.4,Nominal Pack Thermal Balance
BYD-BLADE-1858,73.9,1.81,112.9,32.0,Nominal Pack Thermal Balance
BYD-BLADE-1859,67.4,3.68,111.7,29.0,Nominal Pack Thermal Balance
BYD-BLADE-1860,69.8,2.63,110.6,29.4,Nominal Pack Thermal Balance
BYD-BLADE-1861,65.6,1.64,108.6,26.0,Nominal Pack Thermal Balance
BYD-BLADE-1862,35.3,0.48,103.4,25.0,Nominal Pack Thermal Balance
BYD-BLADE-1863,25.4,0.13,104.6,25.0,Nominal Pack Thermal Balance
BYD-BLADE-1864,77.8,0.56,112.1,38.4,Nominal Pack Thermal Balance
BYD-BLADE-1865,74.9,2.95,109.7,36.2,Nominal Pack Thermal Balance
BYD-BLADE-1866,36.5,0.01,106.4,25.0,Nominal Pack Thermal Balance
BYD-BLADE-1867,84.7,0.65,110.3,37.8,Nominal Pack Thermal Balance
BYD-BLADE-1868,92.5,1.59,115.0,38.6,Nominal Pack Thermal Balance
BYD-BLADE-1869,55.8,0.79,110.9,25.9,Nominal Pack Thermal Balance
BYD-BLADE-1870,51.8,0.25,111.6,25.0,Nominal Pack Thermal Balance
BYD-BLADE-1871,72.0,0.45,111.6,33.6,Nominal Pack Thermal Balance
BYD-BLADE-1872,94.2,1.05,113.6,43.9,Nominal Pack Thermal Balance
BYD-BLADE-1873,78.3,0.34,111.6,34.8,Nominal Pack Thermal Balance
BYD-BLADE-1874,69.6,4.2,109.1,30.9,Nominal Pack Thermal Balance
BYD-BLADE-1875,32.3,0.56,106.4,25.0,Nominal Pack Thermal Balance
BYD-BLADE-1876,91.2,0.15,110.1,44.3,Nominal Pack Thermal Balance
BYD-BLADE-1877,60.6,0.95,109.1,27.9,Nominal Pack Thermal Balance
BYD-BLADE-1878,94.9,2.03,112.5,44.3,Nominal Pack Thermal Balance
BYD-BLADE-1879,48.7,1.59,108.4,25.0,Nominal Pack Thermal Balance
BYD-BLADE-1880,90.4,4.0,113.4,41.1,Localized Thermal Venting Intercept
BYD-BLADE-1881,91.6,0.03,111.4,39.2,Nominal Pack Thermal Balance
BYD-BLADE-1882,42.5,0.21,105.6,25.0,Nominal Pack Thermal Balance
BYD-BLADE-1883,33.8,5.22,103.3,25.0,Nominal Pack Thermal Balance
BYD-BLADE-1884,57.6,0.06,106.4,25.0,Nominal Pack Thermal Balance
BYD-BLADE-1885,33.2,0.7,103.4,25.0,Nominal Pack Thermal Balance
BYD-BLADE-1886,27.1,0.72,106.7,25.0,Nominal Pack Thermal Balance
BYD-BLADE-1887,32.4,1.02,105.7,25.0,Nominal Pack Thermal Balance
BYD-BLADE-1888,89.8,1.14,112.4,39.1,Nominal Pack Thermal Balance
BYD-BLADE-1889,85.6,0.84,111.0,41.6,Nominal Pack Thermal Balance
BYD-BLADE-1890,28.3,0.9,102.9,25.0,Nominal Pack Thermal Balance
BYD-BLADE-1891,37.2,1.56,105.5,25.0,Nominal Pack Thermal Balance
BYD-BLADE-1892,89.5,1.06,110.2,46.5,Nominal Pack Thermal Balance
BYD-BLADE-1893,51.9,3.41,103.1,25.0,Nominal Pack Thermal Balance
BYD-BLADE-1894,85.9,0.0,113.1,39.5,Nominal Pack Thermal Balance
BYD-BLADE-1895,25.1,1.64,102.8,25.0,Nominal Pack Thermal Balance
BYD-BLADE-1896,87.3,1.36,109.7,40.7,Nominal Pack Thermal Balance
BYD-BLADE-1897,90.8,2.47,110.2,40.7,Nominal Pack Thermal Balance
BYD-BLADE-1898,55.7,1.23,107.3,25.0,Nominal Pack Thermal Balance
BYD-BLADE-1899,58.4,1.17,104.6,27.5,Nominal Pack Thermal Balance
BYD-BLADE-1900,73.5,4.3,111.4,33.6,Nominal Pack Thermal Balance
BYD-BLADE-1901,28.0,0.3,107.0,25.0,Nominal Pack Thermal Balance
BYD-BLADE-1902,28.6,0.14,105.5,25.0,Nominal Pack Thermal Balance
BYD-BLADE-1903,43.7,0.73,106.2,25.0,Nominal Pack Thermal Balance
BYD-BLADE-1904,42.3,0.01,105.9,25.0,Nominal Pack Thermal Balance
BYD-BLADE-1905,66.7,2.31,109.6,29.4,Nominal Pack Thermal Balance
BYD-BLADE-1906,80.8,1.81,109.8,37.3,Nominal Pack Thermal Balance
BYD-BLADE-1907,88.2,0.85,111.1,36.7,Nominal Pack Thermal Balance
BYD-BLADE-1908,81.8,2.93,112.8,37.2,Nominal Pack Thermal Balance
BYD-BLADE-1909,94.3,0.34,112.6,42.2,Nominal Pack Thermal Balance
BYD-BLADE-1910,58.1,0.23,109.0,25.1,Nominal Pack Thermal Balance
BYD-BLADE-1911,30.4,3.25,102.6,25.0,Nominal Pack Thermal Balance
BYD-BLADE-1912,35.8,0.95,104.5,25.0,Nominal Pack Thermal Balance
BYD-BLADE-1913,33.0,1.02,107.1,25.0,Nominal Pack Thermal Balance
BYD-BLADE-1914,52.9,0.14,105.6,25.0,Nominal Pack Thermal Balance
BYD-BLADE-1915,37.1,1.95,105.7,25.0,Nominal Pack Thermal Balance
BYD-BLADE-1916,62.5,0.79,110.1,28.8,Nominal Pack Thermal Balance
BYD-BLADE-1917,82.3,0.72,112.9,35.2,Nominal Pack Thermal Balance
BYD-BLADE-1918,70.5,0.76,109.6,31.7,Nominal Pack Thermal Balance
BYD-BLADE-1919,28.5,3.03,105.6,25.0,Nominal Pack Thermal Balance
BYD-BLADE-1920,39.7,1.62,106.7,25.0,Nominal Pack Thermal Balance
BYD-BLADE-1921,93.2,0.58,111.5,44.1,Nominal Pack Thermal Balance
BYD-BLADE-1922,74.4,2.92,109.3,34.2,Nominal Pack Thermal Balance
BYD-BLADE-1923,55.4,1.06,109.3,25.0,Nominal Pack Thermal Balance
BYD-BLADE-1924,25.2,0.47,105.1,25.0,Nominal Pack Thermal Balance
BYD-BLADE-1925,69.0,0.79,109.6,31.6,Nominal Pack Thermal Balance
BYD-BLADE-1926,34.2,0.13,107.1,25.0,Nominal Pack Thermal Balance
BYD-BLADE-1927,53.9,1.89,109.3,25.0,Nominal Pack Thermal Balance
BYD-BLADE-1928,82.5,0.05,109.4,37.2,Nominal Pack Thermal Balance
BYD-BLADE-1929,26.8,0.49,103.9,25.0,Nominal Pack Thermal Balance
BYD-BLADE-1930,86.5,1.25,112.6,36.6,Nominal Pack Thermal Balance
BYD-BLADE-1931,81.3,1.68,110.1,32.0,Nominal Pack Thermal Balance
BYD-BLADE-1932,45.4,1.06,107.7,25.0,Nominal Pack Thermal Balance
BYD-BLADE-1933,60.5,1.21,109.7,29.5,Nominal Pack Thermal Balance
BYD-BLADE-1934,58.5,0.29,108.0,26.3,Nominal Pack Thermal Balance
BYD-BLADE-1935,61.9,0.68,108.7,26.8,Nominal Pack Thermal Balance
BYD-BLADE-1936,83.2,4.23,111.2,34.6,Localized Thermal Venting Intercept
BYD-BLADE-1937,65.0,2.95,111.2,27.7,Nominal Pack Thermal Balance
BYD-BLADE-1938,51.9,0.92,108.3,25.0,Nominal Pack Thermal Balance
BYD-BLADE-1939,46.5,1.28,107.0,25.0,Nominal Pack Thermal Balance
BYD-BLADE-1940,94.7,2.16,111.9,45.4,Nominal Pack Thermal Balance
BYD-BLADE-1941,44.4,0.56,105.5,25.0,Nominal Pack Thermal Balance
BYD-BLADE-1942,55.5,1.13,108.6,25.4,Nominal Pack Thermal Balance
BYD-BLADE-1943,78.5,0.05,108.9,32.6,Nominal Pack Thermal Balance
BYD-BLADE-1944,74.3,1.2,108.3,32.6,Nominal Pack Thermal Balance
BYD-BLADE-1945,49.0,0.91,107.2,25.0,Nominal Pack Thermal Balance
BYD-BLADE-1946,53.4,4.56,108.1,25.0,Nominal Pack Thermal Balance
BYD-BLADE-1947,36.6,3.49,105.6,25.0,Nominal Pack Thermal Balance
BYD-BLADE-1948,48.2,2.84,106.8,25.0,Nominal Pack Thermal Balance
BYD-BLADE-1949,35.7,0.23,108.1,25.0,Nominal Pack Thermal Balance
BYD-BLADE-1950,85.5,1.07,110.4,37.9,Nominal Pack Thermal Balance
BYD-BLADE-1951,52.4,1.31,106.4,25.0,Nominal Pack Thermal Balance
BYD-BLADE-1952,73.7,0.57,108.6,33.5,Nominal Pack Thermal Balance
BYD-BLADE-1953,93.6,1.47,112.8,43.6,Nominal Pack Thermal Balance
BYD-BLADE-1954,52.8,0.13,108.7,26.4,Nominal Pack Thermal Balance
BYD-BLADE-1955,78.4,0.89,109.0,36.3,Nominal Pack Thermal Balance
BYD-BLADE-1956,93.3,0.2,111.2,42.0,Nominal Pack Thermal Balance
BYD-BLADE-1957,73.7,1.26,113.0,31.5,Nominal Pack Thermal Balance
BYD-BLADE-1958,42.7,0.33,105.8,25.0,Nominal Pack Thermal Balance
BYD-BLADE-1959,92.0,2.01,112.6,43.0,Nominal Pack Thermal Balance
BYD-BLADE-1960,39.3,0.12,106.1,25.0,Nominal Pack Thermal Balance
BYD-BLADE-1961,63.2,1.1,107.1,30.0,Nominal Pack Thermal Balance
BYD-BLADE-1962,39.7,1.39,104.6,25.0,Nominal Pack Thermal Balance
BYD-BLADE-1963,60.6,3.16,112.3,27.5,Nominal Pack Thermal Balance
BYD-BLADE-1964,43.2,0.46,107.0,25.0,Nominal Pack Thermal Balance
BYD-BLADE-1965,50.5,1.11,107.8,25.0,Nominal Pack Thermal Balance
BYD-BLADE-1966,47.5,3.39,107.1,25.0,Nominal Pack Thermal Balance
BYD-BLADE-1967,44.3,5.21,104.6,25.0,Nominal Pack Thermal Balance
BYD-BLADE-1968,32.5,0.6,107.2,25.0,Nominal Pack Thermal Balance
BYD-BLADE-1969,61.7,0.79,106.8,25.0,Nominal Pack Thermal Balance
BYD-BLADE-1970,34.3,0.63,106.0,25.0,Nominal Pack Thermal Balance
BYD-BLADE-1971,71.9,1.02,110.3,35.1,Nominal Pack Thermal Balance
BYD-BLADE-1972,59.4,0.45,108.2,27.0,Nominal Pack Thermal Balance
BYD-BLADE-1973,90.5,1.01,111.2,42.8,Nominal Pack Thermal Balance
BYD-BLADE-1974,64.3,3.56,109.4,28.3,Nominal Pack Thermal Balance
BYD-BLADE-1975,30.5,0.2,105.2,25.0,Nominal Pack Thermal Balance
BYD-BLADE-1976,78.8,2.72,110.7,34.3,Nominal Pack Thermal Balance
BYD-BLADE-1977,53.1,0.45,107.4,25.0,Nominal Pack Thermal Balance
BYD-BLADE-1978,90.5,1.86,110.5,39.3,Nominal Pack Thermal Balance
BYD-BLADE-1979,39.0,0.59,106.2,25.0,Nominal Pack Thermal Balance
BYD-BLADE-1980,72.2,0.75,110.4,31.6,Nominal Pack Thermal Balance
BYD-BLADE-1981,89.8,8.66,109.7,42.4,Localized Thermal Venting Intercept
BYD-BLADE-1982,87.6,0.58,110.5,38.4,Nominal Pack Thermal Balance
BYD-BLADE-1983,84.4,0.86,111.3,38.3,Nominal Pack Thermal Balance
BYD-BLADE-1984,31.9,1.73,106.2,25.0,Nominal Pack Thermal Balance
BYD-BLADE-1985,62.5,1.23,108.0,26.6,Nominal Pack Thermal Balance
BYD-BLADE-1986,87.8,1.35,110.4,41.0,Nominal Pack Thermal Balance
BYD-BLADE-1987,71.9,2.37,111.0,31.8,Nominal Pack Thermal Balance
BYD-BLADE-1988,62.2,1.22,107.6,31.5,Nominal Pack Thermal Balance
BYD-BLADE-1989,69.7,0.38,108.4,33.5,Nominal Pack Thermal Balance
BYD-BLADE-1990,68.8,2.81,112.6,32.7,Nominal Pack Thermal Balance
BYD-BLADE-1991,67.4,0.52,108.3,29.2,Nominal Pack Thermal Balance
BYD-BLADE-1992,28.2,1.28,105.5,25.0,Nominal Pack Thermal Balance
BYD-BLADE-1993,25.4,1.7,105.3,25.0,Nominal Pack Thermal Balance
BYD-BLADE-1994,85.7,0.38,111.1,40.6,Nominal Pack Thermal Balance
BYD-BLADE-1995,90.3,2.11,112.3,43.1,Nominal Pack Thermal Balance
BYD-BLADE-1996,33.5,0.53,105.2,25.0,Nominal Pack Thermal Balance
BYD-BLADE-1997,91.4,0.65,112.6,41.5,Nominal Pack Thermal Balance
BYD-BLADE-1998,54.3,1.51,105.6,26.2,Nominal Pack Thermal Balance
BYD-BLADE-1999,89.6,0.43,113.7,43.0,Nominal Pack Thermal Balance
BYD-BLADE-2000,85.1,0.66,112.6,37.3,Nominal Pack Thermal Balance
BYD-BLADE-2001,55.8,0.19,109.2,26.0,Nominal Pack Thermal Balance
BYD-BLADE-2002,52.6,1.74,109.3,25.0,Nominal Pack Thermal Balance
BYD-BLADE-2003,26.3,0.53,105.5,25.0,Nominal Pack Thermal Balance
BYD-BLADE-2004,51.8,1.85,108.6,25.0,Nominal Pack Thermal Balance
BYD-BLADE-2005,74.0,0.32,114.7,34.2,Nominal Pack Thermal Balance
BYD-BLADE-2006,93.5,0.35,112.8,38.9,Nominal Pack Thermal Balance
BYD-BLADE-2007,44.1,3.15,105.7,25.0,Nominal Pack Thermal Balance
BYD-BLADE-2008,79.7,0.39,111.0,38.0,Nominal Pack Thermal Balance
BYD-BLADE-2009,74.6,0.03,110.7,34.8,Nominal Pack Thermal Balance
BYD-BLADE-2010,64.0,1.83,109.3,28.6,Nominal Pack Thermal Balance
BYD-BLADE-2011,56.0,0.08,108.6,25.0,Nominal Pack Thermal Balance
BYD-BLADE-2012,27.4,0.79,102.2,25.0,Nominal Pack Thermal Balance
BYD-BLADE-2013,32.1,2.18,104.6,25.0,Nominal Pack Thermal Balance
BYD-BLADE-2014,86.5,4.05,112.9,41.8,Localized Thermal Venting Intercept
BYD-BLADE-2015,68.5,0.4,109.8,32.7,Nominal Pack Thermal Balance
BYD-BLADE-2016,73.7,0.46,110.2,33.0,Nominal Pack Thermal Balance
BYD-BLADE-2017,69.9,0.81,108.4,31.4,Nominal Pack Thermal Balance
BYD-BLADE-2018,26.2,0.62,102.3,25.0,Nominal Pack Thermal Balance
BYD-BLADE-2019,78.6,0.03,111.4,33.7,Nominal Pack Thermal Balance
BYD-BLADE-2020,60.4,1.18,106.8,27.3,Nominal Pack Thermal Balance
BYD-BLADE-2021,47.8,0.02,108.4,25.0,Nominal Pack Thermal Balance
BYD-BLADE-2022,30.0,0.78,103.3,25.0,Nominal Pack Thermal Balance
BYD-BLADE-2023,90.6,2.05,111.5,37.5,Nominal Pack Thermal Balance
BYD-BLADE-2024,31.1,0.75,106.8,25.0,Nominal Pack Thermal Balance
BYD-BLADE-2025,54.1,1.5,108.0,25.0,Nominal Pack Thermal Balance
BYD-BLADE-2026,28.9,0.11,103.8,25.0,Nominal Pack Thermal Balance
BYD-BLADE-2027,88.5,0.23,114.9,37.4,Nominal Pack Thermal Balance
BYD-BLADE-2028,81.8,1.51,108.7,37.1,Nominal Pack Thermal Balance
BYD-BLADE-2029,76.2,1.34,109.1,37.0,Nominal Pack Thermal Balance
BYD-BLADE-2030,64.9,0.63,109.3,26.5,Nominal Pack Thermal Balance
BYD-BLADE-2031,61.6,0.31,111.3,29.6,Nominal Pack Thermal Balance
BYD-BLADE-2032,53.2,0.12,106.1,25.0,Nominal Pack Thermal Balance
BYD-BLADE-2033,85.1,1.07,110.0,39.4,Nominal Pack Thermal Balance
BYD-BLADE-2034,86.7,0.06,110.1,35.0,Nominal Pack Thermal Balance
BYD-BLADE-2035,67.2,3.07,111.2,31.2,Nominal Pack Thermal Balance
BYD-BLADE-2036,94.1,1.38,111.5,41.1,Nominal Pack Thermal Balance
BYD-BLADE-2037,92.6,0.19,111.4,40.7,Nominal Pack Thermal Balance
BYD-BLADE-2038,48.1,0.69,107.0,25.0,Nominal Pack Thermal Balance
BYD-BLADE-2039,33.0,0.81,106.9,25.0,Nominal Pack Thermal Balance
BYD-BLADE-2040,90.7,0.15,110.6,38.3,Nominal Pack Thermal Balance
BYD-BLADE-2041,70.2,0.42,112.0,35.1,Nominal Pack Thermal Balance
BYD-BLADE-2042,48.6,1.42,107.8,25.0,Nominal Pack Thermal Balance
BYD-BLADE-2043,89.7,1.07,114.4,39.8,Nominal Pack Thermal Balance
BYD-BLADE-2044,52.8,1.07,107.3,25.0,Nominal Pack Thermal Balance
BYD-BLADE-2045,41.3,1.45,106.9,25.0,Nominal Pack Thermal Balance
BYD-BLADE-2046,27.7,0.58,107.3,25.0,Nominal Pack Thermal Balance
BYD-BLADE-2047,60.2,1.04,108.9,27.9,Nominal Pack Thermal Balance
BYD-BLADE-2048,31.8,2.06,105.1,25.0,Nominal Pack Thermal Balance
BYD-BLADE-2049,28.1,1.35,104.5,25.0,Nominal Pack Thermal Balance
BYD-BLADE-2050,90.6,0.57,110.7,42.6,Nominal Pack Thermal Balance
BYD-BLADE-2051,59.8,0.08,110.2,29.6,Nominal Pack Thermal Balance
BYD-BLADE-2052,52.7,0.16,106.4,25.0,Nominal Pack Thermal Balance
BYD-BLADE-2053,43.5,1.14,105.7,25.0,Nominal Pack Thermal Balance
BYD-BLADE-2054,57.4,0.77,107.3,25.0,Nominal Pack Thermal Balance
BYD-BLADE-2055,34.5,0.29,106.1,25.0,Nominal Pack Thermal Balance
BYD-BLADE-2056,73.4,1.67,112.1,34.8,Nominal Pack Thermal Balance
BYD-BLADE-2057,25.3,0.73,105.3,25.0,Nominal Pack Thermal Balance
BYD-BLADE-2058,26.8,0.79,102.7,25.0,Nominal Pack Thermal Balance
BYD-BLADE-2059,53.8,1.85,107.9,25.0,Nominal Pack Thermal Balance
BYD-BLADE-2060,56.7,3.46,106.4,25.0,Nominal Pack Thermal Balance
BYD-BLADE-2061,43.5,0.34,106.5,25.0,Nominal Pack Thermal Balance
BYD-BLADE-2062,61.5,0.0,110.0,28.4,Nominal Pack Thermal Balance
BYD-BLADE-2063,66.5,2.53,110.9,29.0,Nominal Pack Thermal Balance
BYD-BLADE-2064,60.4,0.4,110.7,26.1,Nominal Pack Thermal Balance
BYD-BLADE-2065,33.0,0.72,104.7,25.0,Nominal Pack Thermal Balance
BYD-BLADE-2066,47.1,0.34,106.9,25.0,Nominal Pack Thermal Balance
BYD-BLADE-2067,47.9,2.35,106.1,25.0,Nominal Pack Thermal Balance
BYD-BLADE-2068,28.7,1.06,107.1,25.0,Nominal Pack Thermal Balance
BYD-BLADE-2069,83.1,0.05,112.2,37.9,Nominal Pack Thermal Balance
BYD-BLADE-2070,44.0,2.51,105.9,25.0,Nominal Pack Thermal Balance
BYD-BLADE-2071,63.6,0.87,109.5,25.0,Nominal Pack Thermal Balance
BYD-BLADE-2072,84.0,0.15,112.5,38.7,Nominal Pack Thermal Balance
BYD-BLADE-2073,48.9,1.75,109.1,25.0,Nominal Pack Thermal Balance
BYD-BLADE-2074,91.4,1.53,111.3,41.3,Nominal Pack Thermal Balance
BYD-BLADE-2075,32.7,2.68,105.5,25.0,Nominal Pack Thermal Balance
BYD-BLADE-2076,39.2,2.87,108.6,25.0,Nominal Pack Thermal Balance
BYD-BLADE-2077,51.9,0.37,107.2,25.0,Nominal Pack Thermal Balance
BYD-BLADE-2078,66.9,0.24,108.2,29.0,Nominal Pack Thermal Balance
BYD-BLADE-2079,42.1,0.07,105.9,25.0,Nominal Pack Thermal Balance
BYD-BLADE-2080,78.4,0.88,110.8,35.9,Nominal Pack Thermal Balance
BYD-BLADE-2081,62.6,4.12,108.4,27.7,Nominal Pack Thermal Balance
BYD-BLADE-2082,70.9,0.3,110.9,34.1,Nominal Pack Thermal Balance
BYD-BLADE-2083,50.3,0.16,106.3,25.0,Nominal Pack Thermal Balance
BYD-BLADE-2084,55.2,0.65,107.9,25.8,Nominal Pack Thermal Balance
BYD-BLADE-2085,35.7,0.35,106.3,25.0,Nominal Pack Thermal Balance
BYD-BLADE-2086,89.1,0.17,113.0,40.9,Nominal Pack Thermal Balance
BYD-BLADE-2087,92.7,2.69,112.4,44.6,Nominal Pack Thermal Balance
BYD-BLADE-2088,28.3,0.2,105.6,25.0,Nominal Pack Thermal Balance
BYD-BLADE-2089,60.1,0.78,107.0,26.9,Nominal Pack Thermal Balance
BYD-BLADE-2090,84.2,2.27,110.9,39.5,Nominal Pack Thermal Balance
BYD-BLADE-2091,87.3,0.04,111.2,36.1,Nominal Pack Thermal Balance
BYD-BLADE-2092,84.3,1.31,108.7,34.8,Nominal Pack Thermal Balance
BYD-BLADE-2093,79.0,0.17,110.4,37.7,Nominal Pack Thermal Balance
BYD-BLADE-2094,36.2,0.76,106.0,25.0,Nominal Pack Thermal Balance
BYD-BLADE-2095,54.0,0.4,109.5,25.0,Nominal Pack Thermal Balance
BYD-BLADE-2096,68.6,0.63,108.9,29.6,Nominal Pack Thermal Balance
BYD-BLADE-2097,62.0,0.04,111.5,25.0,Nominal Pack Thermal Balance
BYD-BLADE-2098,79.9,1.33,110.3,35.9,Nominal Pack Thermal Balance
BYD-BLADE-2099,95.0,0.39,112.6,41.2,Nominal Pack Thermal Balance
BYD-BLADE-2100,92.7,6.12,113.7,42.0,Localized Thermal Venting Intercept
BYD-BLADE-2101,57.7,1.11,110.1,25.0,Nominal Pack Thermal Balance
BYD-BLADE-2102,57.1,3.23,108.2,28.6,Nominal Pack Thermal Balance
BYD-BLADE-2103,39.0,1.56,107.0,25.0,Nominal Pack Thermal Balance
BYD-BLADE-2104,91.6,0.15,115.1,41.5,Nominal Pack Thermal Balance
BYD-BLADE-2105,77.1,0.18,109.2,32.7,Nominal Pack Thermal Balance
BYD-BLADE-2106,66.1,1.0,110.7,26.7,Nominal Pack Thermal Balance
BYD-BLADE-2107,70.7,0.26,110.5,32.1,Nominal Pack Thermal Balance
BYD-BLADE-2108,63.4,3.02,109.4,30.7,Nominal Pack Thermal Balance
BYD-BLADE-2109,95.0,6.7,112.9,41.3,Localized Thermal Venting Intercept
BYD-BLADE-2110,78.5,1.0,113.2,36.2,Nominal Pack Thermal Balance
BYD-BLADE-2111,67.4,0.03,110.4,30.7,Nominal Pack Thermal Balance
BYD-BLADE-2112,53.7,0.02,108.2,25.0,Nominal Pack Thermal Balance
BYD-BLADE-2113,57.1,0.44,110.2,25.0,Nominal Pack Thermal Balance
BYD-BLADE-2114,62.5,0.26,111.1,25.0,Nominal Pack Thermal Balance
BYD-BLADE-2115,25.6,0.92,106.2,25.0,Nominal Pack Thermal Balance
BYD-BLADE-2116,44.8,0.46,106.8,25.0,Nominal Pack Thermal Balance
BYD-BLADE-2117,72.9,2.66,112.0,32.9,Nominal Pack Thermal Balance
BYD-BLADE-2118,57.8,1.91,109.2,27.0,Nominal Pack Thermal Balance
BYD-BLADE-2119,79.6,6.64,113.1,34.2,Nominal Pack Thermal Balance
BYD-BLADE-2120,28.7,2.69,105.1,25.0,Nominal Pack Thermal Balance
BYD-BLADE-2121,42.6,0.62,104.7,25.0,Nominal Pack Thermal Balance
BYD-BLADE-2122,53.2,0.26,107.1,25.0,Nominal Pack Thermal Balance
BYD-BLADE-2123,37.0,0.99,105.7,25.0,Nominal Pack Thermal Balance
BYD-BLADE-2124,34.4,0.7,102.8,25.0,Nominal Pack Thermal Balance
BYD-BLADE-2125,39.7,3.08,107.5,25.0,Nominal Pack Thermal Balance
BYD-BLADE-2126,53.9,0.91,107.5,25.0,Nominal Pack Thermal Balance
BYD-BLADE-2127,91.2,1.1,109.7,41.6,Nominal Pack Thermal Balance
BYD-BLADE-2128,69.9,0.66,109.2,31.6,Nominal Pack Thermal Balance
BYD-BLADE-2129,82.4,1.67,109.6,40.2,Nominal Pack Thermal Balance
BYD-BLADE-2130,40.6,3.32,106.1,25.0,Nominal Pack Thermal Balance
BYD-BLADE-2131,70.8,1.96,108.7,28.7,Nominal Pack Thermal Balance
BYD-BLADE-2132,54.1,1.07,108.5,25.0,Nominal Pack Thermal Balance
BYD-BLADE-2133,92.0,0.19,113.0,40.1,Nominal Pack Thermal Balance
BYD-BLADE-2134,53.4,0.05,108.6,25.0,Nominal Pack Thermal Balance
BYD-BLADE-2135,44.7,3.03,108.3,25.0,Nominal Pack Thermal Balance
BYD-BLADE-2136,89.0,1.24,112.2,42.3,Nominal Pack Thermal Balance
BYD-BLADE-2137,34.4,0.02,105.9,25.0,Nominal Pack Thermal Balance
BYD-BLADE-2138,26.7,0.66,101.9,25.0,Nominal Pack Thermal Balance
BYD-BLADE-2139,92.6,1.98,111.2,43.0,Nominal Pack Thermal Balance
BYD-BLADE-2140,60.5,1.92,111.9,26.9,Nominal Pack Thermal Balance
BYD-BLADE-2141,86.1,0.11,109.9,36.1,Nominal Pack Thermal Balance
BYD-BLADE-2142,48.0,2.01,105.2,25.0,Nominal Pack Thermal Balance
BYD-BLADE-2143,37.8,2.49,106.2,25.0,Nominal Pack Thermal Balance
BYD-BLADE-2144,57.5,0.66,107.9,25.5,Nominal Pack Thermal Balance
BYD-BLADE-2145,57.6,0.59,108.9,25.0,Nominal Pack Thermal Balance
BYD-BLADE-2146,51.1,0.05,110.6,25.0,Nominal Pack Thermal Balance
BYD-BLADE-2147,34.1,0.01,103.4,25.0,Nominal Pack Thermal Balance
BYD-BLADE-2148,89.7,0.5,111.6,44.1,Nominal Pack Thermal Balance
BYD-BLADE-2149,50.3,0.89,108.3,25.0,Nominal Pack Thermal Balance
BYD-BLADE-2150,90.9,1.61,113.4,40.0,Nominal Pack Thermal Balance
BYD-BLADE-2151,73.9,0.34,109.4,35.5,Nominal Pack Thermal Balance
BYD-BLADE-2152,64.5,0.55,108.3,28.2,Nominal Pack Thermal Balance
BYD-BLADE-2153,66.3,6.96,107.5,28.3,Nominal Pack Thermal Balance
BYD-BLADE-2154,27.7,0.72,103.2,25.0,Nominal Pack Thermal Balance
BYD-BLADE-2155,73.3,0.88,113.6,33.1,Nominal Pack Thermal Balance
BYD-BLADE-2156,47.6,0.74,108.4,25.0,Nominal Pack Thermal Balance
BYD-BLADE-2157,51.4,0.37,109.4,25.0,Nominal Pack Thermal Balance
BYD-BLADE-2158,27.8,0.24,101.8,25.0,Nominal Pack Thermal Balance
BYD-BLADE-2159,67.6,1.4,111.0,28.5,Nominal Pack Thermal Balance
BYD-BLADE-2160,65.9,2.96,107.2,29.6,Nominal Pack Thermal Balance
BYD-BLADE-2161,94.8,0.82,114.2,44.8,Nominal Pack Thermal Balance
BYD-BLADE-2162,75.0,0.74,109.9,35.2,Nominal Pack Thermal Balance
BYD-BLADE-2163,63.8,1.15,109.3,27.5,Nominal Pack Thermal Balance
BYD-BLADE-2164,89.0,0.43,114.6,40.4,Nominal Pack Thermal Balance
BYD-BLADE-2165,88.9,0.29,112.9,40.0,Nominal Pack Thermal Balance
BYD-BLADE-2166,47.7,5.07,107.7,25.0,Nominal Pack Thermal Balance
BYD-BLADE-2167,57.2,1.31,107.9,25.0,Nominal Pack Thermal Balance
BYD-BLADE-2168,49.7,0.23,107.0,25.0,Nominal Pack Thermal Balance
BYD-BLADE-2169,37.9,0.49,108.5,25.0,Nominal Pack Thermal Balance
BYD-BLADE-2170,71.7,1.09,110.9,31.3,Nominal Pack Thermal Balance
BYD-BLADE-2171,37.6,0.68,106.9,25.0,Nominal Pack Thermal Balance
BYD-BLADE-2172,37.6,0.46,106.3,25.0,Nominal Pack Thermal Balance
BYD-BLADE-2173,91.0,3.63,111.6,45.4,Localized Thermal Venting Intercept
BYD-BLADE-2174,84.2,0.07,111.2,35.9,Nominal Pack Thermal Balance
BYD-BLADE-2175,33.2,0.09,106.5,25.0,Nominal Pack Thermal Balance
BYD-BLADE-2176,27.2,0.85,104.4,25.0,Nominal Pack Thermal Balance
BYD-BLADE-2177,40.6,1.19,105.4,25.0,Nominal Pack Thermal Balance
BYD-BLADE-2178,85.3,1.58,112.3,37.7,Nominal Pack Thermal Balance
BYD-BLADE-2179,51.3,2.71,107.1,25.0,Nominal Pack Thermal Balance
BYD-BLADE-2180,60.3,0.46,107.9,25.0,Nominal Pack Thermal Balance
BYD-BLADE-2181,25.4,0.36,104.2,25.0,Nominal Pack Thermal Balance
BYD-BLADE-2182,40.5,0.16,106.8,25.0,Nominal Pack Thermal Balance
BYD-BLADE-2183,94.2,5.2,115.2,43.0,Localized Thermal Venting Intercept
BYD-BLADE-2184,45.2,0.26,106.8,25.0,Nominal Pack Thermal Balance
BYD-BLADE-2185,93.9,1.2,114.9,42.2,Nominal Pack Thermal Balance
BYD-BLADE-2186,83.3,2.32,114.5,39.8,Nominal Pack Thermal Balance
BYD-BLADE-2187,37.8,0.33,105.3,25.0,Nominal Pack Thermal Balance
BYD-BLADE-2188,57.7,0.68,109.1,26.2,Nominal Pack Thermal Balance
BYD-BLADE-2189,40.1,1.56,104.8,25.0,Nominal Pack Thermal Balance
BYD-BLADE-2190,57.6,0.34,107.5,25.0,Nominal Pack Thermal Balance
BYD-BLADE-2191,30.4,1.72,105.8,25.0,Nominal Pack Thermal Balance
BYD-BLADE-2192,67.5,1.53,110.2,30.5,Nominal Pack Thermal Balance
BYD-BLADE-2193,28.4,0.99,105.5,25.0,Nominal Pack Thermal Balance
BYD-BLADE-2194,56.8,0.97,107.7,26.5,Nominal Pack Thermal Balance
BYD-BLADE-2195,90.1,0.37,112.5,43.6,Nominal Pack Thermal Balance
BYD-BLADE-2196,34.1,2.02,106.1,25.0,Nominal Pack Thermal Balance
BYD-BLADE-2197,56.6,0.47,106.5,25.0,Nominal Pack Thermal Balance
BYD-BLADE-2198,63.4,1.54,110.2,27.2,Nominal Pack Thermal Balance
BYD-BLADE-2199,41.9,0.1,106.8,25.0,Nominal Pack Thermal Balance
BYD-BLADE-2200,45.2,1.21,109.1,25.0,Nominal Pack Thermal Balance
BYD-BLADE-2201,88.9,5.62,111.9,41.8,Localized Thermal Venting Intercept
BYD-BLADE-2202,87.0,2.83,115.9,38.3,Nominal Pack Thermal Balance
BYD-BLADE-2203,57.1,0.02,107.3,25.0,Nominal Pack Thermal Balance
BYD-BLADE-2204,81.8,0.92,111.3,38.9,Nominal Pack Thermal Balance
BYD-BLADE-2205,77.6,1.42,110.6,37.7,Nominal Pack Thermal Balance
BYD-BLADE-2206,28.0,0.84,104.3,25.0,Nominal Pack Thermal Balance
BYD-BLADE-2207,87.2,0.03,111.5,37.5,Nominal Pack Thermal Balance
BYD-BLADE-2208,36.7,2.13,107.3,25.0,Nominal Pack Thermal Balance
BYD-BLADE-2209,63.5,1.38,107.5,25.0,Nominal Pack Thermal Balance
BYD-BLADE-2210,93.2,0.02,110.0,39.8,Nominal Pack Thermal Balance
BYD-BLADE-2211,31.3,0.15,104.8,25.0,Nominal Pack Thermal Balance
BYD-BLADE-2212,50.6,1.22,107.5,25.0,Nominal Pack Thermal Balance
BYD-BLADE-2213,56.1,1.19,108.1,25.4,Nominal Pack Thermal Balance
BYD-BLADE-2214,30.9,1.75,103.8,25.0,Nominal Pack Thermal Balance
BYD-BLADE-2215,37.1,0.05,104.3,25.0,Nominal Pack Thermal Balance
BYD-BLADE-2216,44.2,0.92,105.6,25.0,Nominal Pack Thermal Balance
BYD-BLADE-2217,73.6,1.81,111.1,30.2,Nominal Pack Thermal Balance
BYD-BLADE-2218,50.5,0.12,106.0,25.0,Nominal Pack Thermal Balance
BYD-BLADE-2219,77.3,0.07,112.3,34.0,Nominal Pack Thermal Balance
BYD-BLADE-2220,80.2,0.19,109.3,39.2,Nominal Pack Thermal Balance
BYD-BLADE-2221,40.9,0.3,108.1,25.0,Nominal Pack Thermal Balance
BYD-BLADE-2222,91.0,0.14,110.0,41.2,Nominal Pack Thermal Balance
BYD-BLADE-2223,39.5,1.02,104.5,25.0,Nominal Pack Thermal Balance
BYD-BLADE-2224,46.1,1.49,109.0,25.0,Nominal Pack Thermal Balance
BYD-BLADE-2225,54.6,0.5,106.2,25.0,Nominal Pack Thermal Balance
BYD-BLADE-2226,76.3,2.98,109.8,33.3,Nominal Pack Thermal Balance
BYD-BLADE-2227,59.6,0.18,112.1,28.1,Nominal Pack Thermal Balance
BYD-BLADE-2228,87.6,0.42,113.6,39.2,Nominal Pack Thermal Balance
BYD-BLADE-2229,69.8,2.39,111.0,31.8,Nominal Pack Thermal Balance
BYD-BLADE-2230,42.9,1.0,104.3,25.0,Nominal Pack Thermal Balance
BYD-BLADE-2231,25.2,0.06,104.4,25.0,Nominal Pack Thermal Balance
BYD-BLADE-2232,35.3,0.03,106.4,25.0,Nominal Pack Thermal Balance
BYD-BLADE-2233,89.7,1.55,114.1,42.0,Nominal Pack Thermal Balance
BYD-BLADE-2234,75.6,0.01,109.4,35.9,Nominal Pack Thermal Balance
BYD-BLADE-2235,76.5,1.52,111.2,36.4,Nominal Pack Thermal Balance
BYD-BLADE-2236,35.8,1.32,104.6,25.0,Nominal Pack Thermal Balance
BYD-BLADE-2237,46.9,0.15,110.2,25.0,Nominal Pack Thermal Balance
BYD-BLADE-2238,29.3,0.19,101.5,25.0,Nominal Pack Thermal Balance
BYD-BLADE-2239,89.1,0.11,112.8,37.2,Nominal Pack Thermal Balance
BYD-BLADE-2240,63.9,0.9,108.6,29.5,Nominal Pack Thermal Balance
BYD-BLADE-2241,32.7,0.48,107.1,25.0,Nominal Pack Thermal Balance
BYD-BLADE-2242,26.2,0.35,102.0,25.0,Nominal Pack Thermal Balance
BYD-BLADE-2243,85.0,1.51,112.6,38.2,Nominal Pack Thermal Balance
BYD-BLADE-2244,25.6,5.7,104.8,25.0,Nominal Pack Thermal Balance
BYD-BLADE-2245,41.2,0.49,106.2,25.0,Nominal Pack Thermal Balance
BYD-BLADE-2246,48.2,0.12,108.0,25.0,Nominal Pack Thermal Balance
BYD-BLADE-2247,57.8,1.37,109.8,27.8,Nominal Pack Thermal Balance
BYD-BLADE-2248,81.1,1.12,114.5,39.4,Nominal Pack Thermal Balance
BYD-BLADE-2249,37.7,0.6,106.9,25.0,Nominal Pack Thermal Balance
BYD-BLADE-2250,71.0,0.41,111.0,32.9,Nominal Pack Thermal Balance
BYD-BLADE-2251,37.1,2.78,105.6,25.0,Nominal Pack Thermal Balance
BYD-BLADE-2252,90.3,0.68,111.9,37.4,Nominal Pack Thermal Balance
BYD-BLADE-2253,45.7,0.29,107.5,25.0,Nominal Pack Thermal Balance
BYD-BLADE-2254,93.3,0.4,114.6,40.9,Nominal Pack Thermal Balance
BYD-BLADE-2255,60.9,0.04,108.5,26.7,Nominal Pack Thermal Balance
BYD-BLADE-2256,33.6,1.29,105.9,25.0,Nominal Pack Thermal Balance
BYD-BLADE-2257,70.1,0.5,109.0,32.1,Nominal Pack Thermal Balance
BYD-BLADE-2258,37.7,0.83,107.9,25.0,Nominal Pack Thermal Balance
BYD-BLADE-2259,87.8,1.64,112.7,39.6,Nominal Pack Thermal Balance
BYD-BLADE-2260,76.0,4.02,109.4,34.2,Nominal Pack Thermal Balance
BYD-BLADE-2261,56.0,0.84,108.5,25.2,Nominal Pack Thermal Balance
BYD-BLADE-2262,30.6,1.06,104.7,25.0,Nominal Pack Thermal Balance
BYD-BLADE-2263,44.0,0.99,106.5,25.0,Nominal Pack Thermal Balance
BYD-BLADE-2264,35.8,2.17,107.4,25.0,Nominal Pack Thermal Balance
BYD-BLADE-2265,25.1,4.76,105.1,25.0,Nominal Pack Thermal Balance
BYD-BLADE-2266,36.8,0.85,107.3,25.0,Nominal Pack Thermal Balance
BYD-BLADE-2267,59.1,0.12,108.4,25.0,Nominal Pack Thermal Balance
BYD-BLADE-2268,79.9,0.69,109.6,33.8,Nominal Pack Thermal Balance
BYD-BLADE-2269,82.5,1.2,111.8,39.6,Nominal Pack Thermal Balance
BYD-BLADE-2270,44.4,0.67,105.3,25.0,Nominal Pack Thermal Balance
BYD-BLADE-2271,67.3,2.61,104.9,31.3,Nominal Pack Thermal Balance
BYD-BLADE-2272,50.9,1.88,105.8,25.0,Nominal Pack Thermal Balance
BYD-BLADE-2273,69.2,0.47,108.8,33.0,Nominal Pack Thermal Balance
BYD-BLADE-2274,78.7,0.76,110.9,35.2,Nominal Pack Thermal Balance
BYD-BLADE-2275,62.9,0.61,106.4,28.4,Nominal Pack Thermal Balance
BYD-BLADE-2276,34.2,2.05,103.4,25.0,Nominal Pack Thermal Balance
BYD-BLADE-2277,42.1,1.56,105.7,25.0,Nominal Pack Thermal Balance
BYD-BLADE-2278,38.1,0.43,105.7,25.0,Nominal Pack Thermal Balance
BYD-BLADE-2279,75.8,0.22,112.8,33.7,Nominal Pack Thermal Balance
BYD-BLADE-2280,84.7,1.99,111.4,41.3,Nominal Pack Thermal Balance
BYD-BLADE-2281,33.8,2.98,101.8,25.0,Nominal Pack Thermal Balance
BYD-BLADE-2282,75.8,1.56,110.3,35.3,Nominal Pack Thermal Balance
BYD-BLADE-2283,72.5,0.63,112.7,32.8,Nominal Pack Thermal Balance
BYD-BLADE-2284,84.4,0.79,111.6,39.9,Nominal Pack Thermal Balance
BYD-BLADE-2285,51.6,1.61,105.6,25.0,Nominal Pack Thermal Balance
BYD-BLADE-2286,34.2,0.07,105.1,25.0,Nominal Pack Thermal Balance
BYD-BLADE-2287,73.3,1.58,111.4,28.5,Nominal Pack Thermal Balance
BYD-BLADE-2288,63.4,0.81,108.3,28.9,Nominal Pack Thermal Balance
BYD-BLADE-2289,42.2,1.15,108.1,25.0,Nominal Pack Thermal Balance
BYD-BLADE-2290,41.4,0.53,108.2,25.0,Nominal Pack Thermal Balance
BYD-BLADE-2291,36.4,1.86,105.2,25.0,Nominal Pack Thermal Balance
BYD-BLADE-2292,36.6,0.74,107.9,25.0,Nominal Pack Thermal Balance
BYD-BLADE-2293,89.9,4.7,111.5,39.2,Localized Thermal Venting Intercept
BYD-BLADE-2294,58.9,3.37,110.1,25.0,Nominal Pack Thermal Balance
BYD-BLADE-2295,62.9,1.03,109.6,30.6,Nominal Pack Thermal Balance
BYD-BLADE-2296,62.0,0.2,108.3,29.5,Nominal Pack Thermal Balance
BYD-BLADE-2297,63.6,1.41,106.4,27.8,Nominal Pack Thermal Balance
BYD-BLADE-2298,54.1,3.13,109.2,27.2,Nominal Pack Thermal Balance
BYD-BLADE-2299,72.8,0.05,111.0,35.4,Nominal Pack Thermal Balance
BYD-BLADE-2300,43.2,5.21,105.7,25.0,Nominal Pack Thermal Balance
BYD-BLADE-2301,66.0,0.82,110.2,29.4,Nominal Pack Thermal Balance
BYD-BLADE-2302,27.5,0.74,104.8,25.0,Nominal Pack Thermal Balance
BYD-BLADE-2303,73.2,0.85,109.8,33.4,Nominal Pack Thermal Balance
BYD-BLADE-2304,93.4,0.63,111.9,38.5,Nominal Pack Thermal Balance
BYD-BLADE-2305,39.7,0.32,104.7,25.0,Nominal Pack Thermal Balance
BYD-BLADE-2306,39.3,0.4,105.3,25.0,Nominal Pack Thermal Balance
BYD-BLADE-2307,76.3,0.85,111.8,38.5,Nominal Pack Thermal Balance
BYD-BLADE-2308,89.4,2.24,112.7,40.7,Nominal Pack Thermal Balance
BYD-BLADE-2309,74.9,0.04,108.4,32.6,Nominal Pack Thermal Balance
BYD-BLADE-2310,58.0,0.42,110.8,25.5,Nominal Pack Thermal Balance
BYD-BLADE-2311,40.7,1.01,105.4,25.0,Nominal Pack Thermal Balance
BYD-BLADE-2312,39.5,1.56,108.8,25.0,Nominal Pack Thermal Balance
BYD-BLADE-2313,56.2,1.14,107.1,26.3,Nominal Pack Thermal Balance
BYD-BLADE-2314,67.4,0.1,108.0,29.6,Nominal Pack Thermal Balance
BYD-BLADE-2315,74.5,1.09,109.6,28.8,Nominal Pack Thermal Balance
BYD-BLADE-2316,36.3,0.84,104.3,25.0,Nominal Pack Thermal Balance
BYD-BLADE-2317,52.2,0.34,107.1,25.0,Nominal Pack Thermal Balance
BYD-BLADE-2318,62.2,0.49,109.8,26.4,Nominal Pack Thermal Balance
BYD-BLADE-2319,86.6,0.53,110.2,41.3,Nominal Pack Thermal Balance
BYD-BLADE-2320,84.5,0.03,112.4,37.9,Nominal Pack Thermal Balance
BYD-BLADE-2321,64.1,2.65,109.2,27.2,Nominal Pack Thermal Balance
BYD-BLADE-2322,39.5,0.05,105.9,25.0,Nominal Pack Thermal Balance
BYD-BLADE-2323,52.1,0.4,104.6,25.0,Nominal Pack Thermal Balance
BYD-BLADE-2324,72.5,1.58,109.9,35.7,Nominal Pack Thermal Balance
BYD-BLADE-2325,58.3,0.79,105.7,25.0,Nominal Pack Thermal Balance
BYD-BLADE-2326,28.9,3.69,103.7,25.0,Nominal Pack Thermal Balance
BYD-BLADE-2327,57.9,2.44,108.6,26.8,Nominal Pack Thermal Balance
BYD-BLADE-2328,56.3,0.77,107.9,29.2,Nominal Pack Thermal Balance
BYD-BLADE-2329,65.7,0.46,111.2,28.1,Nominal Pack Thermal Balance
BYD-BLADE-2330,33.4,2.29,105.0,25.0,Nominal Pack Thermal Balance
BYD-BLADE-2331,36.8,1.53,105.8,25.0,Nominal Pack Thermal Balance
BYD-BLADE-2332,52.7,1.29,106.9,25.1,Nominal Pack Thermal Balance
BYD-BLADE-2333,34.5,2.1,101.0,25.0,Nominal Pack Thermal Balance
BYD-BLADE-2334,27.5,0.38,105.0,25.0,Nominal Pack Thermal Balance
BYD-BLADE-2335,34.6,0.35,104.0,25.0,Nominal Pack Thermal Balance
BYD-BLADE-2336,52.5,8.64,106.2,25.0,Nominal Pack Thermal Balance
BYD-BLADE-2337,43.2,0.23,105.2,25.0,Nominal Pack Thermal Balance
BYD-BLADE-2338,74.6,0.59,110.7,32.3,Nominal Pack Thermal Balance
BYD-BLADE-2339,68.2,1.08,107.5,35.1,Nominal Pack Thermal Balance
BYD-BLADE-2340,66.8,0.08,112.4,29.2,Nominal Pack Thermal Balance
BYD-BLADE-2341,55.3,1.23,103.7,26.5,Nominal Pack Thermal Balance
BYD-BLADE-2342,60.6,0.52,107.8,28.9,Nominal Pack Thermal Balance
BYD-BLADE-2343,44.8,2.05,106.7,25.0,Nominal Pack Thermal Balance
BYD-BLADE-2344,75.0,0.62,105.9,35.7,Nominal Pack Thermal Balance
BYD-BLADE-2345,37.9,0.21,103.9,25.0,Nominal Pack Thermal Balance
BYD-BLADE-2346,74.7,1.0,108.1,31.6,Nominal Pack Thermal Balance
BYD-BLADE-2347,32.5,6.82,105.3,25.0,Nominal Pack Thermal Balance
BYD-BLADE-2348,26.7,2.44,104.6,25.0,Nominal Pack Thermal Balance
BYD-BLADE-2349,73.5,0.91,109.9,34.3,Nominal Pack Thermal Balance
BYD-BLADE-2350,49.7,0.48,108.1,25.0,Nominal Pack Thermal Balance
BYD-BLADE-2351,43.2,0.07,105.2,25.0,Nominal Pack Thermal Balance
BYD-BLADE-2352,88.1,3.07,112.6,41.2,Nominal Pack Thermal Balance
BYD-BLADE-2353,46.4,4.58,106.0,25.0,Nominal Pack Thermal Balance
BYD-BLADE-2354,66.8,0.4,108.4,31.4,Nominal Pack Thermal Balance
BYD-BLADE-2355,44.5,0.49,107.2,25.0,Nominal Pack Thermal Balance
BYD-BLADE-2356,45.3,0.28,106.2,25.0,Nominal Pack Thermal Balance
BYD-BLADE-2357,81.8,0.65,113.3,40.0,Nominal Pack Thermal Balance
BYD-BLADE-2358,70.2,2.07,109.5,33.0,Nominal Pack Thermal Balance
BYD-BLADE-2359,74.1,1.07,112.3,34.7,Nominal Pack Thermal Balance
BYD-BLADE-2360,83.8,1.56,112.3,34.5,Nominal Pack Thermal Balance
BYD-BLADE-2361,81.3,1.59,113.4,35.4,Nominal Pack Thermal Balance
BYD-BLADE-2362,51.9,0.24,106.6,25.0,Nominal Pack Thermal Balance
BYD-BLADE-2363,45.6,1.12,107.4,25.0,Nominal Pack Thermal Balance
BYD-BLADE-2364,65.6,1.24,110.2,26.3,Nominal Pack Thermal Balance
BYD-BLADE-2365,30.5,0.56,102.9,25.0,Nominal Pack Thermal Balance
BYD-BLADE-2366,43.3,2.6,105.7,25.0,Nominal Pack Thermal Balance
BYD-BLADE-2367,93.2,0.06,109.6,43.2,Nominal Pack Thermal Balance
BYD-BLADE-2368,80.3,0.15,111.0,35.2,Nominal Pack Thermal Balance
BYD-BLADE-2369,68.0,2.47,107.5,29.9,Nominal Pack Thermal Balance
BYD-BLADE-2370,44.9,1.41,103.5,25.0,Nominal Pack Thermal Balance
BYD-BLADE-2371,88.6,0.13,115.0,43.8,Nominal Pack Thermal Balance
BYD-BLADE-2372,93.0,0.45,111.1,41.8,Nominal Pack Thermal Balance
BYD-BLADE-2373,67.8,0.08,110.8,29.6,Nominal Pack Thermal Balance
BYD-BLADE-2374,75.5,4.11,109.9,35.7,Nominal Pack Thermal Balance
BYD-BLADE-2375,66.9,1.24,106.2,29.0,Nominal Pack Thermal Balance
BYD-BLADE-2376,94.2,0.93,111.3,44.3,Nominal Pack Thermal Balance
BYD-BLADE-2377,82.8,0.84,113.0,34.7,Nominal Pack Thermal Balance
BYD-BLADE-2378,82.6,1.33,110.0,40.0,Nominal Pack Thermal Balance
BYD-BLADE-2379,56.9,3.86,109.4,28.6,Nominal Pack Thermal Balance
BYD-BLADE-2380,34.0,3.3,107.6,25.0,Nominal Pack Thermal Balance
BYD-BLADE-2381,82.7,0.24,111.0,33.6,Nominal Pack Thermal Balance
BYD-BLADE-2382,83.2,0.79,112.5,38.7,Nominal Pack Thermal Balance
BYD-BLADE-2383,35.8,0.0,108.6,25.0,Nominal Pack Thermal Balance
BYD-BLADE-2384,80.9,1.22,111.9,37.1,Nominal Pack Thermal Balance
BYD-BLADE-2385,55.6,1.78,108.7,25.0,Nominal Pack Thermal Balance
BYD-BLADE-2386,40.0,0.83,104.9,25.0,Nominal Pack Thermal Balance
BYD-BLADE-2387,32.7,2.46,105.9,25.0,Nominal Pack Thermal Balance
BYD-BLADE-2388,94.0,0.28,112.3,40.4,Nominal Pack Thermal Balance
BYD-BLADE-2389,50.1,0.3,107.6,25.0,Nominal Pack Thermal Balance
BYD-BLADE-2390,26.6,2.72,105.4,25.0,Nominal Pack Thermal Balance
BYD-BLADE-2391,53.4,1.46,108.4,25.1,Nominal Pack Thermal Balance
BYD-BLADE-2392,52.7,0.02,106.9,25.0,Nominal Pack Thermal Balance
BYD-BLADE-2393,31.9,0.29,104.3,25.0,Nominal Pack Thermal Balance
BYD-BLADE-2394,81.1,4.3,110.1,32.8,Localized Thermal Venting Intercept
BYD-BLADE-2395,45.9,1.52,105.9,25.0,Nominal Pack Thermal Balance
BYD-BLADE-2396,85.9,5.01,112.4,40.7,Localized Thermal Venting Intercept
BYD-BLADE-2397,93.9,2.4,113.6,41.9,Nominal Pack Thermal Balance
BYD-BLADE-2398,68.7,5.52,112.8,27.0,Nominal Pack Thermal Balance
BYD-BLADE-2399,32.9,1.8,103.4,25.0,Nominal Pack Thermal Balance
BYD-BLADE-2400,79.0,0.26,108.7,39.7,Nominal Pack Thermal Balance
BYD-BLADE-2401,73.7,5.07,112.2,35.2,Nominal Pack Thermal Balance
BYD-BLADE-2402,49.3,0.56,108.4,25.0,Nominal Pack Thermal Balance
BYD-BLADE-2403,35.5,0.58,105.3,25.0,Nominal Pack Thermal Balance
BYD-BLADE-2404,42.1,0.12,106.3,25.0,Nominal Pack Thermal Balance
BYD-BLADE-2405,45.4,1.86,107.7,25.0,Nominal Pack Thermal Balance
BYD-BLADE-2406,91.7,1.77,113.0,42.7,Nominal Pack Thermal Balance
BYD-BLADE-2407,78.5,0.25,111.2,36.5,Nominal Pack Thermal Balance
BYD-BLADE-2408,81.9,0.82,111.0,36.5,Nominal Pack Thermal Balance
BYD-BLADE-2409,31.5,3.58,105.9,25.0,Nominal Pack Thermal Balance
BYD-BLADE-2410,76.3,0.55,111.2,33.8,Nominal Pack Thermal Balance
BYD-BLADE-2411,44.7,1.84,109.1,25.0,Nominal Pack Thermal Balance
BYD-BLADE-2412,67.7,2.82,109.4,29.6,Nominal Pack Thermal Balance
BYD-BLADE-2413,30.3,0.96,104.2,25.0,Nominal Pack Thermal Balance
BYD-BLADE-2414,73.2,0.92,109.6,33.7,Nominal Pack Thermal Balance
BYD-BLADE-2415,92.4,2.04,111.8,39.7,Nominal Pack Thermal Balance
BYD-BLADE-2416,86.2,2.02,113.0,42.2,Nominal Pack Thermal Balance
BYD-BLADE-2417,56.0,1.8,108.1,25.1,Nominal Pack Thermal Balance
BYD-BLADE-2418,61.4,0.45,109.6,27.4,Nominal Pack Thermal Balance
BYD-BLADE-2419,54.5,1.87,107.4,25.0,Nominal Pack Thermal Balance
BYD-BLADE-2420,27.9,0.18,102.1,25.0,Nominal Pack Thermal Balance
BYD-BLADE-2421,73.1,0.5,111.2,32.8,Nominal Pack Thermal Balance
BYD-BLADE-2422,53.6,1.57,107.1,25.0,Nominal Pack Thermal Balance
BYD-BLADE-2423,66.7,0.51,109.4,29.1,Nominal Pack Thermal Balance
BYD-BLADE-2424,79.0,0.96,110.1,38.8,Nominal Pack Thermal Balance
BYD-BLADE-2425,42.8,0.45,106.0,25.0,Nominal Pack Thermal Balance
BYD-BLADE-2426,90.2,3.21,112.0,40.9,Nominal Pack Thermal Balance
BYD-BLADE-2427,84.1,0.34,115.2,40.1,Nominal Pack Thermal Balance
BYD-BLADE-2428,77.6,0.05,111.9,34.5,Nominal Pack Thermal Balance
BYD-BLADE-2429,36.6,0.75,107.7,25.0,Nominal Pack Thermal Balance
BYD-BLADE-2430,86.9,4.0,111.8,40.5,Localized Thermal Venting Intercept
BYD-BLADE-2431,30.2,0.77,105.0,25.0,Nominal Pack Thermal Balance
BYD-BLADE-2432,84.2,0.07,110.0,34.8,Nominal Pack Thermal Balance
BYD-BLADE-2433,76.9,1.68,111.5,34.0,Nominal Pack Thermal Balance
BYD-BLADE-2434,31.2,1.74,103.0,25.0,Nominal Pack Thermal Balance
BYD-BLADE-2435,58.2,0.05,110.5,25.7,Nominal Pack Thermal Balance
BYD-BLADE-2436,87.9,0.11,112.6,38.1,Nominal Pack Thermal Balance
BYD-BLADE-2437,58.9,4.2,110.9,29.2,Nominal Pack Thermal Balance
BYD-BLADE-2438,60.4,1.07,107.5,25.7,Nominal Pack Thermal Balance
BYD-BLADE-2439,42.8,0.15,106.9,25.0,Nominal Pack Thermal Balance
BYD-BLADE-2440,42.5,0.98,107.1,25.0,Nominal Pack Thermal Balance
BYD-BLADE-2441,76.1,1.96,108.3,27.9,Nominal Pack Thermal Balance
BYD-BLADE-2442,66.1,0.51,108.3,26.8,Nominal Pack Thermal Balance
BYD-BLADE-2443,62.6,4.0,109.9,27.0,Nominal Pack Thermal Balance
BYD-BLADE-2444,40.7,0.86,106.1,25.0,Nominal Pack Thermal Balance
BYD-BLADE-2445,25.6,0.86,101.7,25.0,Nominal Pack Thermal Balance
BYD-BLADE-2446,58.7,0.94,109.2,25.4,Nominal Pack Thermal Balance
BYD-BLADE-2447,64.9,2.14,108.4,31.3,Nominal Pack Thermal Balance
BYD-BLADE-2448,88.1,1.23,113.0,37.6,Nominal Pack Thermal Balance
BYD-BLADE-2449,77.3,2.98,110.1,33.1,Nominal Pack Thermal Balance
BYD-BLADE-2450,45.9,1.67,107.5,25.0,Nominal Pack Thermal Balance
BYD-BLADE-2451,51.7,2.79,106.6,25.0,Nominal Pack Thermal Balance
BYD-BLADE-2452,69.8,0.25,113.8,28.3,Nominal Pack Thermal Balance
BYD-BLADE-2453,67.3,0.29,109.2,28.4,Nominal Pack Thermal Balance
BYD-BLADE-2454,52.9,0.15,106.1,25.0,Nominal Pack Thermal Balance
BYD-BLADE-2455,34.4,0.16,105.1,25.0,Nominal Pack Thermal Balance
BYD-BLADE-2456,81.0,1.27,109.4,36.3,Nominal Pack Thermal Balance
BYD-BLADE-2457,76.5,0.24,109.3,36.1,Nominal Pack Thermal Balance
BYD-BLADE-2458,41.6,0.43,107.9,25.0,Nominal Pack Thermal Balance
BYD-BLADE-2459,92.6,0.27,114.7,41.5,Nominal Pack Thermal Balance
BYD-BLADE-2460,62.4,2.6,107.6,26.2,Nominal Pack Thermal Balance
BYD-BLADE-2461,31.2,2.58,103.3,25.0,Nominal Pack Thermal Balance
BYD-BLADE-2462,66.8,1.66,107.9,29.6,Nominal Pack Thermal Balance
BYD-BLADE-2463,26.3,0.32,102.5,25.0,Nominal Pack Thermal Balance
BYD-BLADE-2464,84.2,0.0,112.7,32.8,Nominal Pack Thermal Balance
BYD-BLADE-2465,64.7,1.34,108.6,31.5,Nominal Pack Thermal Balance
BYD-BLADE-2466,84.9,1.59,110.7,38.7,Nominal Pack Thermal Balance
BYD-BLADE-2467,60.2,1.33,106.6,29.0,Nominal Pack Thermal Balance
BYD-BLADE-2468,57.0,0.05,107.5,25.4,Nominal Pack Thermal Balance
BYD-BLADE-2469,62.4,1.73,109.1,27.5,Nominal Pack Thermal Balance
BYD-BLADE-2470,81.1,1.02,112.9,37.2,Nominal Pack Thermal Balance
BYD-BLADE-2471,36.3,0.48,107.0,25.0,Nominal Pack Thermal Balance
BYD-BLADE-2472,93.4,0.01,113.1,38.9,Nominal Pack Thermal Balance
BYD-BLADE-2473,36.3,0.34,104.5,25.0,Nominal Pack Thermal Balance
BYD-BLADE-2474,91.5,0.96,112.2,40.5,Nominal Pack Thermal Balance
BYD-BLADE-2475,70.2,3.34,111.8,30.6,Nominal Pack Thermal Balance
BYD-BLADE-2476,34.4,4.46,104.9,25.0,Nominal Pack Thermal Balance
BYD-BLADE-2477,85.0,0.27,112.6,36.5,Nominal Pack Thermal Balance
BYD-BLADE-2478,73.2,1.85,107.3,37.5,Nominal Pack Thermal Balance
BYD-BLADE-2479,31.7,0.02,106.3,25.0,Nominal Pack Thermal Balance
BYD-BLADE-2480,53.6,0.32,105.8,25.0,Nominal Pack Thermal Balance
BYD-BLADE-2481,30.4,0.29,104.9,25.0,Nominal Pack Thermal Balance
BYD-BLADE-2482,29.4,0.41,104.8,25.0,Nominal Pack Thermal Balance
BYD-BLADE-2483,35.5,2.19,104.6,25.0,Nominal Pack Thermal Balance
BYD-BLADE-2484,89.1,0.27,110.7,40.1,Nominal Pack Thermal Balance
BYD-BLADE-2485,39.4,0.88,102.4,25.0,Nominal Pack Thermal Balance
BYD-BLADE-2486,43.3,3.36,107.0,25.0,Nominal Pack Thermal Balance
BYD-BLADE-2487,33.1,2.19,106.2,25.0,Nominal Pack Thermal Balance
BYD-BLADE-2488,41.2,3.11,106.4,25.0,Nominal Pack Thermal Balance
BYD-BLADE-2489,50.0,0.49,106.6,25.0,Nominal Pack Thermal Balance
BYD-BLADE-2490,56.5,1.52,106.4,25.0,Nominal Pack Thermal Balance
BYD-BLADE-2491,90.9,0.07,114.8,40.7,Nominal Pack Thermal Balance
BYD-BLADE-2492,45.8,2.25,107.5,25.0,Nominal Pack Thermal Balance
BYD-BLADE-2493,33.5,5.04,104.8,25.0,Nominal Pack Thermal Balance
BYD-BLADE-2494,66.8,1.01,111.1,31.1,Nominal Pack Thermal Balance
BYD-BLADE-2495,41.2,0.02,108.5,25.0,Nominal Pack Thermal Balance
BYD-BLADE-2496,61.7,0.95,107.9,26.4,Nominal Pack Thermal Balance
BYD-BLADE-2497,81.3,2.52,110.7,36.7,Nominal Pack Thermal Balance
BYD-BLADE-2498,52.8,0.31,106.0,25.0,Nominal Pack Thermal Balance
BYD-BLADE-2499,66.6,0.59,105.3,26.4,Nominal Pack Thermal Balance
BYD-BLADE-2500,42.8,0.99,106.5,25.0,Nominal Pack Thermal Balance
BYD-BLADE-2501,32.8,0.15,103.0,25.0,Nominal Pack Thermal Balance
BYD-BLADE-2502,25.9,1.56,104.4,25.0,Nominal Pack Thermal Balance
BYD-BLADE-2503,60.3,0.19,108.5,27.8,Nominal Pack Thermal Balance
BYD-BLADE-2504,69.9,0.7,109.9,32.4,Nominal Pack Thermal Balance
BYD-BLADE-2505,43.7,0.98,107.7,25.0,Nominal Pack Thermal Balance
BYD-BLADE-2506,55.4,0.72,108.7,25.0,Nominal Pack Thermal Balance
BYD-BLADE-2507,61.1,0.47,108.1,25.2,Nominal Pack Thermal Balance
BYD-BLADE-2508,52.3,1.14,107.6,25.0,Nominal Pack Thermal Balance
BYD-BLADE-2509,85.0,1.2,112.1,40.7,Nominal Pack Thermal Balance
BYD-BLADE-2510,79.0,2.73,109.5,38.0,Nominal Pack Thermal Balance
BYD-BLADE-2511,94.2,0.06,110.2,43.8,Nominal Pack Thermal Balance
BYD-BLADE-2512,47.3,1.55,109.6,25.0,Nominal Pack Thermal Balance
BYD-BLADE-2513,88.7,0.56,112.2,40.4,Nominal Pack Thermal Balance
BYD-BLADE-2514,82.1,2.32,112.5,38.3,Nominal Pack Thermal Balance
BYD-BLADE-2515,29.3,4.02,103.7,25.0,Nominal Pack Thermal Balance
BYD-BLADE-2516,88.3,1.61,113.5,38.9,Nominal Pack Thermal Balance
BYD-BLADE-2517,49.2,2.68,109.0,25.0,Nominal Pack Thermal Balance
BYD-BLADE-2518,67.2,0.59,109.9,30.1,Nominal Pack Thermal Balance
BYD-BLADE-2519,71.5,0.96,109.6,34.6,Nominal Pack Thermal Balance
BYD-BLADE-2520,65.4,0.01,108.4,34.0,Nominal Pack Thermal Balance
BYD-BLADE-2521,48.1,0.03,109.9,25.0,Nominal Pack Thermal Balance
BYD-BLADE-2522,30.3,1.79,102.2,25.0,Nominal Pack Thermal Balance
BYD-BLADE-2523,30.8,3.56,103.3,25.0,Nominal Pack Thermal Balance
BYD-BLADE-2524,66.0,4.33,108.4,30.6,Nominal Pack Thermal Balance
BYD-BLADE-2525,68.0,0.38,111.4,27.4,Nominal Pack Thermal Balance
BYD-BLADE-2526,25.4,2.47,105.1,25.0,Nominal Pack Thermal Balance
BYD-BLADE-2527,54.7,0.53,107.6,25.7,Nominal Pack Thermal Balance
BYD-BLADE-2528,90.9,1.76,113.2,38.9,Nominal Pack Thermal Balance
BYD-BLADE-2529,71.1,2.3,112.2,27.4,Nominal Pack Thermal Balance
BYD-BLADE-2530,93.2,0.06,116.3,40.3,Nominal Pack Thermal Balance
BYD-BLADE-2531,78.4,0.58,110.3,34.3,Nominal Pack Thermal Balance
BYD-BLADE-2532,78.9,0.26,111.6,38.3,Nominal Pack Thermal Balance
BYD-BLADE-2533,27.9,0.94,104.4,25.0,Nominal Pack Thermal Balance
BYD-BLADE-2534,65.2,0.5,108.7,29.5,Nominal Pack Thermal Balance
BYD-BLADE-2535,25.1,2.05,103.2,25.0,Nominal Pack Thermal Balance
BYD-BLADE-2536,50.7,4.16,110.2,25.7,Nominal Pack Thermal Balance
BYD-BLADE-2537,85.9,0.59,110.5,38.2,Nominal Pack Thermal Balance
BYD-BLADE-2538,45.1,2.8,103.0,25.0,Nominal Pack Thermal Balance
BYD-BLADE-2539,81.9,3.13,112.5,38.8,Nominal Pack Thermal Balance
BYD-BLADE-2540,45.8,0.69,106.1,25.0,Nominal Pack Thermal Balance
BYD-BLADE-2541,66.3,0.41,109.2,25.9,Nominal Pack Thermal Balance
BYD-BLADE-2542,89.7,0.16,112.6,42.2,Nominal Pack Thermal Balance
BYD-BLADE-2543,71.2,2.38,112.5,35.4,Nominal Pack Thermal Balance
BYD-BLADE-2544,51.6,0.05,106.9,25.4,Nominal Pack Thermal Balance
BYD-BLADE-2545,65.4,0.44,108.2,27.7,Nominal Pack Thermal Balance
BYD-BLADE-2546,30.6,0.76,105.7,25.0,Nominal Pack Thermal Balance
BYD-BLADE-2547,25.6,2.35,102.0,25.0,Nominal Pack Thermal Balance
BYD-BLADE-2548,84.8,0.3,110.2,38.2,Nominal Pack Thermal Balance
BYD-BLADE-2549,33.0,0.17,105.8,25.0,Nominal Pack Thermal Balance
BYD-BLADE-2550,27.7,1.57,103.4,25.0,Nominal Pack Thermal Balance
BYD-BLADE-2551,65.7,2.08,108.5,28.5,Nominal Pack Thermal Balance
BYD-BLADE-2552,44.9,2.0,107.9,25.0,Nominal Pack Thermal Balance
BYD-BLADE-2553,91.0,0.63,113.1,40.8,Nominal Pack Thermal Balance
BYD-BLADE-2554,26.8,2.85,106.7,25.0,Nominal Pack Thermal Balance
BYD-BLADE-2555,64.9,0.22,108.3,29.1,Nominal Pack Thermal Balance
BYD-BLADE-2556,59.9,0.91,106.9,27.6,Nominal Pack Thermal Balance
BYD-BLADE-2557,83.9,0.24,111.8,39.6,Nominal Pack Thermal Balance
BYD-BLADE-2558,81.5,0.49,111.4,36.6,Nominal Pack Thermal Balance
BYD-BLADE-2559,68.8,0.9,110.5,30.3,Nominal Pack Thermal Balance
BYD-BLADE-2560,67.2,0.82,111.8,27.3,Nominal Pack Thermal Balance
BYD-BLADE-2561,65.4,1.05,111.3,29.6,Nominal Pack Thermal Balance
BYD-BLADE-2562,37.1,3.24,103.9,25.0,Nominal Pack Thermal Balance
BYD-BLADE-2563,54.6,3.39,107.8,28.5,Nominal Pack Thermal Balance
BYD-BLADE-2564,70.8,2.25,107.0,28.1,Nominal Pack Thermal Balance
BYD-BLADE-2565,56.4,0.79,110.1,25.0,Nominal Pack Thermal Balance
BYD-BLADE-2566,88.7,0.71,113.2,40.1,Nominal Pack Thermal Balance
BYD-BLADE-2567,82.7,1.39,111.5,36.7,Nominal Pack Thermal Balance
BYD-BLADE-2568,87.3,0.69,111.1,37.1,Nominal Pack Thermal Balance
BYD-BLADE-2569,72.6,1.84,106.9,30.9,Nominal Pack Thermal Balance
BYD-BLADE-2570,84.4,3.13,112.0,38.5,Nominal Pack Thermal Balance
BYD-BLADE-2571,42.7,0.61,106.7,25.0,Nominal Pack Thermal Balance
BYD-BLADE-2572,59.6,0.29,111.5,25.2,Nominal Pack Thermal Balance
BYD-BLADE-2573,44.9,0.05,109.9,25.0,Nominal Pack Thermal Balance
BYD-BLADE-2574,41.5,1.84,106.9,25.0,Nominal Pack Thermal Balance
BYD-BLADE-2575,68.5,0.72,110.7,32.7,Nominal Pack Thermal Balance
BYD-BLADE-2576,63.2,0.44,110.4,27.9,Nominal Pack Thermal Balance
BYD-BLADE-2577,72.4,5.64,110.0,31.5,Nominal Pack Thermal Balance
BYD-BLADE-2578,63.2,0.13,107.0,30.6,Nominal Pack Thermal Balance
BYD-BLADE-2579,42.2,0.06,106.0,25.0,Nominal Pack Thermal Balance
BYD-BLADE-2580,93.3,0.3,112.5,41.4,Nominal Pack Thermal Balance
BYD-BLADE-2581,75.0,1.06,111.9,35.0,Nominal Pack Thermal Balance
BYD-BLADE-2582,51.6,1.55,109.6,25.0,Nominal Pack Thermal Balance
BYD-BLADE-2583,68.1,1.21,106.9,27.6,Nominal Pack Thermal Balance
BYD-BLADE-2584,40.8,0.19,107.9,25.0,Nominal Pack Thermal Balance
BYD-BLADE-2585,27.3,0.57,102.2,25.0,Nominal Pack Thermal Balance
BYD-BLADE-2586,32.0,1.64,107.0,25.0,Nominal Pack Thermal Balance
BYD-BLADE-2587,69.3,0.1,109.1,31.2,Nominal Pack Thermal Balance
BYD-BLADE-2588,49.8,0.25,107.3,25.0,Nominal Pack Thermal Balance
BYD-BLADE-2589,38.6,2.2,104.7,25.0,Nominal Pack Thermal Balance
BYD-BLADE-2590,66.0,0.65,108.5,28.8,Nominal Pack Thermal Balance
BYD-BLADE-2591,36.4,0.58,105.3,25.0,Nominal Pack Thermal Balance
BYD-BLADE-2592,42.3,0.79,102.6,25.0,Nominal Pack Thermal Balance
BYD-BLADE-2593,93.7,1.33,111.5,42.9,Nominal Pack Thermal Balance
BYD-BLADE-2594,33.8,1.09,107.0,25.0,Nominal Pack Thermal Balance
BYD-BLADE-2595,34.5,0.83,106.4,25.0,Nominal Pack Thermal Balance
BYD-BLADE-2596,38.8,2.39,104.7,25.0,Nominal Pack Thermal Balance
BYD-BLADE-2597,45.3,3.1,104.1,25.0,Nominal Pack Thermal Balance
BYD-BLADE-2598,41.2,0.96,107.1,25.0,Nominal Pack Thermal Balance
BYD-BLADE-2599,66.6,1.28,107.3,28.7,Nominal Pack Thermal Balance
BYD-BLADE-2600,65.8,1.15,111.1,31.9,Nominal Pack Thermal Balance
BYD-BLADE-2601,57.8,2.11,107.9,27.7,Nominal Pack Thermal Balance
BYD-BLADE-2602,80.0,0.91,111.2,35.1,Nominal Pack Thermal Balance
BYD-BLADE-2603,32.0,0.73,103.6,25.0,Nominal Pack Thermal Balance
BYD-BLADE-2604,37.1,0.38,105.3,25.0,Nominal Pack Thermal Balance
BYD-BLADE-2605,76.0,0.92,108.9,32.5,Nominal Pack Thermal Balance
BYD-BLADE-2606,93.4,1.5,110.9,40.3,Nominal Pack Thermal Balance
BYD-BLADE-2607,82.6,1.14,115.7,36.3,Nominal Pack Thermal Balance
BYD-BLADE-2608,91.3,0.12,110.0,41.2,Nominal Pack Thermal Balance
BYD-BLADE-2609,69.8,1.03,107.7,30.6,Nominal Pack Thermal Balance
BYD-BLADE-2610,42.9,4.98,108.9,25.0,Nominal Pack Thermal Balance
BYD-BLADE-2611,33.6,0.38,106.2,25.0,Nominal Pack Thermal Balance
BYD-BLADE-2612,72.3,0.1,109.8,33.2,Nominal Pack Thermal Balance
BYD-BLADE-2613,52.5,2.04,109.2,25.0,Nominal Pack Thermal Balance
BYD-BLADE-2614,45.9,2.33,106.6,25.0,Nominal Pack Thermal Balance
BYD-BLADE-2615,33.1,0.25,105.5,25.0,Nominal Pack Thermal Balance
BYD-BLADE-2616,41.0,0.51,104.3,25.0,Nominal Pack Thermal Balance
BYD-BLADE-2617,54.6,1.99,108.2,27.5,Nominal Pack Thermal Balance
BYD-BLADE-2618,39.7,1.95,105.2,25.0,Nominal Pack Thermal Balance
BYD-BLADE-2619,80.9,0.18,114.0,33.8,Nominal Pack Thermal Balance
BYD-BLADE-2620,92.2,2.05,112.5,41.0,Nominal Pack Thermal Balance
BYD-BLADE-2621,35.2,4.87,107.0,25.0,Nominal Pack Thermal Balance
BYD-BLADE-2622,38.2,0.17,106.9,25.0,Nominal Pack Thermal Balance
BYD-BLADE-2623,53.9,2.2,109.7,26.2,Nominal Pack Thermal Balance
BYD-BLADE-2624,83.6,0.94,111.0,38.6,Nominal Pack Thermal Balance
BYD-BLADE-2625,72.2,1.49,108.1,28.9,Nominal Pack Thermal Balance
BYD-BLADE-2626,51.5,0.9,107.4,25.0,Nominal Pack Thermal Balance
BYD-BLADE-2627,66.6,1.74,112.4,29.2,Nominal Pack Thermal Balance
BYD-BLADE-2628,36.5,0.03,106.0,25.0,Nominal Pack Thermal Balance
BYD-BLADE-2629,63.7,0.06,110.6,27.5,Nominal Pack Thermal Balance
BYD-BLADE-2630,35.6,0.44,105.9,25.0,Nominal Pack Thermal Balance
BYD-BLADE-2631,86.0,0.32,112.0,35.5,Nominal Pack Thermal Balance
BYD-BLADE-2632,52.5,0.11,107.6,27.4,Nominal Pack Thermal Balance
BYD-BLADE-2633,26.1,1.27,106.6,25.0,Nominal Pack Thermal Balance
BYD-BLADE-2634,46.7,0.39,108.5,25.0,Nominal Pack Thermal Balance
BYD-BLADE-2635,28.8,0.64,107.8,25.0,Nominal Pack Thermal Balance
BYD-BLADE-2636,39.6,0.01,105.9,25.0,Nominal Pack Thermal Balance
BYD-BLADE-2637,35.5,2.75,106.4,25.0,Nominal Pack Thermal Balance
BYD-BLADE-2638,62.0,0.99,109.8,29.9,Nominal Pack Thermal Balance
BYD-BLADE-2639,55.2,0.73,106.7,25.4,Nominal Pack Thermal Balance
BYD-BLADE-2640,67.3,2.63,111.1,28.9,Nominal Pack Thermal Balance
BYD-BLADE-2641,62.6,0.63,107.9,27.9,Nominal Pack Thermal Balance
BYD-BLADE-2642,69.8,2.8,109.1,30.2,Nominal Pack Thermal Balance
BYD-BLADE-2643,64.6,0.14,109.6,31.1,Nominal Pack Thermal Balance
BYD-BLADE-2644,82.1,0.38,112.6,39.8,Nominal Pack Thermal Balance
BYD-BLADE-2645,26.7,0.72,105.9,25.0,Nominal Pack Thermal Balance
BYD-BLADE-2646,84.9,3.67,111.0,36.1,Localized Thermal Venting Intercept
BYD-BLADE-2647,90.7,0.67,112.1,38.8,Nominal Pack Thermal Balance
BYD-BLADE-2648,64.4,2.05,107.8,27.6,Nominal Pack Thermal Balance
BYD-BLADE-2649,79.1,2.3,112.3,38.3,Nominal Pack Thermal Balance
BYD-BLADE-2650,86.5,0.39,112.6,40.3,Nominal Pack Thermal Balance
BYD-BLADE-2651,85.8,1.51,111.3,41.2,Nominal Pack Thermal Balance
BYD-BLADE-2652,82.7,0.28,114.1,36.7,Nominal Pack Thermal Balance
BYD-BLADE-2653,47.4,0.72,109.9,25.0,Nominal Pack Thermal Balance
BYD-BLADE-2654,82.9,0.16,109.1,36.4,Nominal Pack Thermal Balance
BYD-BLADE-2655,50.9,2.64,107.3,25.0,Nominal Pack Thermal Balance
BYD-BLADE-2656,53.3,3.16,107.5,25.0,Nominal Pack Thermal Balance
BYD-BLADE-2657,32.6,0.16,105.1,25.0,Nominal Pack Thermal Balance
BYD-BLADE-2658,80.8,0.59,111.7,37.6,Nominal Pack Thermal Balance
BYD-BLADE-2659,90.7,0.32,110.4,39.8,Nominal Pack Thermal Balance
BYD-BLADE-2660,44.0,1.39,106.8,25.0,Nominal Pack Thermal Balance
BYD-BLADE-2661,49.3,0.59,108.4,25.0,Nominal Pack Thermal Balance
BYD-BLADE-2662,92.8,0.79,112.2,38.5,Nominal Pack Thermal Balance
BYD-BLADE-2663,79.1,2.89,108.8,35.9,Nominal Pack Thermal Balance
BYD-BLADE-2664,56.6,0.29,107.9,25.3,Nominal Pack Thermal Balance
BYD-BLADE-2665,83.5,0.5,111.3,35.9,Nominal Pack Thermal Balance
BYD-BLADE-2666,82.7,0.86,112.8,38.8,Nominal Pack Thermal Balance
BYD-BLADE-2667,58.6,2.28,106.5,27.2,Nominal Pack Thermal Balance
BYD-BLADE-2668,56.7,3.25,110.8,25.3,Nominal Pack Thermal Balance
BYD-BLADE-2669,47.9,1.59,107.5,25.0,Nominal Pack Thermal Balance
BYD-BLADE-2670,51.8,0.11,107.6,25.0,Nominal Pack Thermal Balance
BYD-BLADE-2671,39.8,1.62,107.3,25.0,Nominal Pack Thermal Balance
BYD-BLADE-2672,86.2,1.73,113.2,39.2,Nominal Pack Thermal Balance
BYD-BLADE-2673,35.8,0.07,107.2,25.0,Nominal Pack Thermal Balance
BYD-BLADE-2674,62.3,0.22,108.0,30.8,Nominal Pack Thermal Balance
BYD-BLADE-2675,38.8,0.58,105.1,25.0,Nominal Pack Thermal Balance
BYD-BLADE-2676,28.7,2.21,104.4,25.0,Nominal Pack Thermal Balance
BYD-BLADE-2677,76.5,1.78,109.6,36.3,Nominal Pack Thermal Balance
BYD-BLADE-2678,90.5,0.28,112.1,44.3,Nominal Pack Thermal Balance
BYD-BLADE-2679,87.0,0.22,110.8,35.9,Nominal Pack Thermal Balance
BYD-BLADE-2680,37.8,0.03,106.8,25.0,Nominal Pack Thermal Balance
BYD-BLADE-2681,44.6,0.38,108.3,25.0,Nominal Pack Thermal Balance
BYD-BLADE-2682,33.7,1.63,106.1,25.0,Nominal Pack Thermal Balance
BYD-BLADE-2683,53.7,1.01,106.2,25.0,Nominal Pack Thermal Balance
BYD-BLADE-2684,67.3,1.75,109.8,29.3,Nominal Pack Thermal Balance
BYD-BLADE-2685,56.5,1.4,107.0,25.6,Nominal Pack Thermal Balance
BYD-BLADE-2686,40.0,0.18,106.3,25.0,Nominal Pack Thermal Balance
BYD-BLADE-2687,78.8,0.38,110.9,33.5,Nominal Pack Thermal Balance
BYD-BLADE-2688,68.9,0.98,109.6,31.1,Nominal Pack Thermal Balance
BYD-BLADE-2689,51.0,1.09,106.5,26.1,Nominal Pack Thermal Balance
BYD-BLADE-2690,59.3,0.2,108.9,25.4,Nominal Pack Thermal Balance
BYD-BLADE-2691,28.5,1.38,105.0,25.0,Nominal Pack Thermal Balance
BYD-BLADE-2692,45.9,0.19,107.7,25.0,Nominal Pack Thermal Balance
BYD-BLADE-2693,61.1,0.32,110.8,25.8,Nominal Pack Thermal Balance
BYD-BLADE-2694,49.5,1.61,107.9,25.0,Nominal Pack Thermal Balance
BYD-BLADE-2695,90.6,0.82,112.2,39.9,Nominal Pack Thermal Balance
BYD-BLADE-2696,48.9,0.62,108.9,25.0,Nominal Pack Thermal Balance
BYD-BLADE-2697,40.9,1.4,106.2,25.0,Nominal Pack Thermal Balance
BYD-BLADE-2698,36.9,1.73,106.2,25.0,Nominal Pack Thermal Balance
BYD-BLADE-2699,26.3,1.32,104.7,25.0,Nominal Pack Thermal Balance
BYD-BLADE-2700,54.9,0.12,106.6,26.9,Nominal Pack Thermal Balance
BYD-BLADE-2701,49.6,1.78,108.4,25.0,Nominal Pack Thermal Balance
BYD-BLADE-2702,44.8,0.43,104.6,25.0,Nominal Pack Thermal Balance
BYD-BLADE-2703,73.9,1.83,109.5,37.2,Nominal Pack Thermal Balance
BYD-BLADE-2704,89.0,1.72,112.2,43.4,Nominal Pack Thermal Balance
BYD-BLADE-2705,41.5,0.35,107.6,25.0,Nominal Pack Thermal Balance
BYD-BLADE-2706,88.6,1.52,110.6,39.7,Nominal Pack Thermal Balance
BYD-BLADE-2707,90.2,2.32,111.8,42.4,Nominal Pack Thermal Balance
BYD-BLADE-2708,85.7,0.5,111.6,37.8,Nominal Pack Thermal Balance
BYD-BLADE-2709,93.2,2.63,112.3,41.4,Nominal Pack Thermal Balance
BYD-BLADE-2710,59.7,1.09,108.5,26.0,Nominal Pack Thermal Balance
BYD-BLADE-2711,49.0,0.36,106.6,25.0,Nominal Pack Thermal Balance
BYD-BLADE-2712,80.4,0.18,111.0,36.4,Nominal Pack Thermal Balance
BYD-BLADE-2713,58.9,0.38,107.4,29.4,Nominal Pack Thermal Balance
BYD-BLADE-2714,70.5,2.05,109.8,33.4,Nominal Pack Thermal Balance
BYD-BLADE-2715,54.1,0.01,108.2,25.0,Nominal Pack Thermal Balance
BYD-BLADE-2716,63.1,0.22,108.6,27.1,Nominal Pack Thermal Balance
BYD-BLADE-2717,74.4,1.41,113.8,34.0,Nominal Pack Thermal Balance
BYD-BLADE-2718,91.0,1.29,112.8,40.7,Nominal Pack Thermal Balance
BYD-BLADE-2719,44.2,0.76,109.6,25.0,Nominal Pack Thermal Balance
BYD-BLADE-2720,43.7,1.47,108.0,25.0,Nominal Pack Thermal Balance
BYD-BLADE-2721,75.0,2.78,112.4,34.1,Nominal Pack Thermal Balance
BYD-BLADE-2722,26.5,0.16,103.3,25.0,Nominal Pack Thermal Balance
BYD-BLADE-2723,93.6,0.79,113.7,39.7,Nominal Pack Thermal Balance
BYD-BLADE-2724,28.8,2.01,104.1,25.0,Nominal Pack Thermal Balance
BYD-BLADE-2725,26.0,10.23,104.5,25.0,Nominal Pack Thermal Balance
BYD-BLADE-2726,94.2,0.91,112.0,42.4,Nominal Pack Thermal Balance
BYD-BLADE-2727,27.8,0.41,105.0,25.0,Nominal Pack Thermal Balance
BYD-BLADE-2728,45.9,0.45,107.8,25.0,Nominal Pack Thermal Balance
BYD-BLADE-2729,89.0,0.63,111.9,39.6,Nominal Pack Thermal Balance
BYD-BLADE-2730,37.6,1.54,104.4,25.0,Nominal Pack Thermal Balance
BYD-BLADE-2731,55.9,0.63,107.1,26.4,Nominal Pack Thermal Balance
BYD-BLADE-2732,91.5,0.05,113.2,40.4,Nominal Pack Thermal Balance
BYD-BLADE-2733,55.6,1.44,107.8,27.0,Nominal Pack Thermal Balance
BYD-BLADE-2734,40.4,0.58,108.3,25.0,Nominal Pack Thermal Balance
BYD-BLADE-2735,91.4,2.37,112.9,42.0,Nominal Pack Thermal Balance
BYD-BLADE-2736,72.8,0.04,109.2,33.6,Nominal Pack Thermal Balance
BYD-BLADE-2737,32.6,0.07,103.1,25.0,Nominal Pack Thermal Balance
BYD-BLADE-2738,63.7,0.91,109.9,29.5,Nominal Pack Thermal Balance
BYD-BLADE-2739,44.3,0.03,105.2,25.0,Nominal Pack Thermal Balance
BYD-BLADE-2740,37.8,8.58,104.1,25.0,Nominal Pack Thermal Balance
BYD-BLADE-2741,27.9,0.74,104.8,25.0,Nominal Pack Thermal Balance
BYD-BLADE-2742,44.6,0.2,107.0,25.0,Nominal Pack Thermal Balance
BYD-BLADE-2743,89.6,1.48,110.4,41.7,Nominal Pack Thermal Balance
BYD-BLADE-2744,38.6,0.01,105.8,25.0,Nominal Pack Thermal Balance
BYD-BLADE-2745,35.1,0.2,106.0,25.0,Nominal Pack Thermal Balance
BYD-BLADE-2746,27.6,1.33,102.5,25.0,Nominal Pack Thermal Balance
BYD-BLADE-2747,49.2,3.82,106.5,26.9,Nominal Pack Thermal Balance
BYD-BLADE-2748,39.3,1.92,107.2,25.0,Nominal Pack Thermal Balance
BYD-BLADE-2749,51.5,1.3,109.9,25.3,Nominal Pack Thermal Balance
BYD-BLADE-2750,33.1,1.45,104.1,25.0,Nominal Pack Thermal Balance
BYD-BLADE-2751,80.7,0.03,110.4,37.9,Nominal Pack Thermal Balance
BYD-BLADE-2752,28.8,1.02,101.9,25.0,Nominal Pack Thermal Balance
BYD-BLADE-2753,79.9,0.96,112.1,35.4,Nominal Pack Thermal Balance
BYD-BLADE-2754,59.0,1.04,107.7,28.8,Nominal Pack Thermal Balance
BYD-BLADE-2755,63.0,0.87,108.0,33.0,Nominal Pack Thermal Balance
BYD-BLADE-2756,28.6,0.82,103.9,25.0,Nominal Pack Thermal Balance
BYD-BLADE-2757,68.9,4.24,112.4,35.3,Nominal Pack Thermal Balance
BYD-BLADE-2758,89.7,2.69,112.8,42.1,Nominal Pack Thermal Balance
BYD-BLADE-2759,91.9,0.16,111.2,45.3,Nominal Pack Thermal Balance
BYD-BLADE-2760,40.1,0.49,107.2,25.0,Nominal Pack Thermal Balance
BYD-BLADE-2761,47.5,1.5,105.8,25.0,Nominal Pack Thermal Balance
BYD-BLADE-2762,62.5,0.44,110.5,27.2,Nominal Pack Thermal Balance
BYD-BLADE-2763,88.9,1.04,113.4,37.7,Nominal Pack Thermal Balance
BYD-BLADE-2764,86.7,1.84,110.5,41.3,Nominal Pack Thermal Balance
BYD-BLADE-2765,26.4,0.58,104.4,25.0,Nominal Pack Thermal Balance
BYD-BLADE-2766,53.9,0.84,109.8,25.0,Nominal Pack Thermal Balance
BYD-BLADE-2767,30.1,0.88,106.0,25.0,Nominal Pack Thermal Balance
BYD-BLADE-2768,29.5,3.73,104.1,25.0,Nominal Pack Thermal Balance
BYD-BLADE-2769,93.2,0.11,113.3,43.0,Nominal Pack Thermal Balance
BYD-BLADE-2770,46.8,0.43,105.0,25.0,Nominal Pack Thermal Balance
BYD-BLADE-2771,52.0,2.01,108.2,26.4,Nominal Pack Thermal Balance
BYD-BLADE-2772,58.2,3.73,109.2,26.8,Nominal Pack Thermal Balance
BYD-BLADE-2773,92.3,1.08,114.5,43.2,Nominal Pack Thermal Balance
BYD-BLADE-2774,63.9,0.41,110.1,25.9,Nominal Pack Thermal Balance
BYD-BLADE-2775,83.7,0.9,112.4,36.9,Nominal Pack Thermal Balance
BYD-BLADE-2776,73.0,2.58,109.5,30.1,Nominal Pack Thermal Balance
BYD-BLADE-2777,49.7,0.35,108.8,25.0,Nominal Pack Thermal Balance
BYD-BLADE-2778,76.7,0.51,109.6,34.4,Nominal Pack Thermal Balance
BYD-BLADE-2779,93.7,2.99,111.7,43.7,Nominal Pack Thermal Balance
BYD-BLADE-2780,68.6,0.1,111.1,28.6,Nominal Pack Thermal Balance
BYD-BLADE-2781,42.2,0.67,108.7,25.0,Nominal Pack Thermal Balance
BYD-BLADE-2782,62.5,0.19,108.0,26.3,Nominal Pack Thermal Balance
BYD-BLADE-2783,64.4,0.04,107.7,29.4,Nominal Pack Thermal Balance
BYD-BLADE-2784,66.4,0.37,110.3,27.4,Nominal Pack Thermal Balance
BYD-BLADE-2785,40.0,0.07,109.0,25.0,Nominal Pack Thermal Balance
BYD-BLADE-2786,59.3,2.34,111.6,25.1,Nominal Pack Thermal Balance
BYD-BLADE-2787,81.2,1.51,115.2,35.3,Nominal Pack Thermal Balance
BYD-BLADE-2788,91.3,0.72,111.7,41.5,Nominal Pack Thermal Balance
BYD-BLADE-2789,42.9,3.92,102.8,25.0,Nominal Pack Thermal Balance
BYD-BLADE-2790,32.9,2.21,106.1,25.0,Nominal Pack Thermal Balance
BYD-BLADE-2791,58.1,0.24,108.2,28.3,Nominal Pack Thermal Balance
BYD-BLADE-2792,41.8,1.0,104.9,25.0,Nominal Pack Thermal Balance
BYD-BLADE-2793,68.3,0.2,108.7,32.6,Nominal Pack Thermal Balance
BYD-BLADE-2794,46.5,0.18,107.4,25.0,Nominal Pack Thermal Balance
BYD-BLADE-2795,81.7,0.38,111.6,33.3,Nominal Pack Thermal Balance
BYD-BLADE-2796,33.3,0.26,104.7,25.0,Nominal Pack Thermal Balance
BYD-BLADE-2797,88.5,0.18,112.8,40.4,Nominal Pack Thermal Balance
BYD-BLADE-2798,47.2,0.58,105.4,25.0,Nominal Pack Thermal Balance
BYD-BLADE-2799,69.4,0.97,109.8,32.9,Nominal Pack Thermal Balance
BYD-BLADE-2800,50.5,0.15,108.1,25.0,Nominal Pack Thermal Balance
BYD-BLADE-2801,49.7,1.66,106.1,25.0,Nominal Pack Thermal Balance
BYD-BLADE-2802,86.6,0.83,111.6,38.0,Nominal Pack Thermal Balance
BYD-BLADE-2803,31.4,0.79,103.1,25.0,Nominal Pack Thermal Balance
BYD-BLADE-2804,67.2,0.66,107.3,34.7,Nominal Pack Thermal Balance
BYD-BLADE-2805,92.4,1.06,112.8,38.9,Nominal Pack Thermal Balance
BYD-BLADE-2806,58.4,0.17,110.5,26.7,Nominal Pack Thermal Balance
BYD-BLADE-2807,86.0,1.32,113.6,38.7,Nominal Pack Thermal Balance
BYD-BLADE-2808,59.2,0.54,109.2,29.7,Nominal Pack Thermal Balance
BYD-BLADE-2809,90.8,4.0,115.4,37.8,Localized Thermal Venting Intercept
BYD-BLADE-2810,50.7,2.45,109.3,25.0,Nominal Pack Thermal Balance
BYD-BLADE-2811,91.3,0.33,112.2,38.5,Nominal Pack Thermal Balance
BYD-BLADE-2812,63.7,0.55,108.9,26.9,Nominal Pack Thermal Balance
BYD-BLADE-2813,26.7,0.2,106.3,25.0,Nominal Pack Thermal Balance
BYD-BLADE-2814,73.9,0.08,110.8,35.1,Nominal Pack Thermal Balance
BYD-BLADE-2815,41.8,0.67,107.1,25.0,Nominal Pack Thermal Balance
BYD-BLADE-2816,32.3,0.69,104.9,25.0,Nominal Pack Thermal Balance
BYD-BLADE-2817,30.2,0.83,104.2,25.0,Nominal Pack Thermal Balance
BYD-BLADE-2818,66.8,0.44,108.1,33.7,Nominal Pack Thermal Balance
BYD-BLADE-2819,78.7,0.13,110.3,34.6,Nominal Pack Thermal Balance
BYD-BLADE-2820,27.7,0.62,104.7,25.0,Nominal Pack Thermal Balance
BYD-BLADE-2821,48.8,0.12,107.6,25.0,Nominal Pack Thermal Balance
BYD-BLADE-2822,54.9,0.31,107.5,25.0,Nominal Pack Thermal Balance
BYD-BLADE-2823,56.2,1.33,108.5,26.3,Nominal Pack Thermal Balance
BYD-BLADE-2824,61.7,0.15,110.1,28.8,Nominal Pack Thermal Balance
BYD-BLADE-2825,33.4,0.24,105.6,25.0,Nominal Pack Thermal Balance
BYD-BLADE-2826,55.8,2.67,105.9,25.0,Nominal Pack Thermal Balance
BYD-BLADE-2827,40.3,0.02,104.5,25.0,Nominal Pack Thermal Balance
BYD-BLADE-2828,32.2,0.83,104.3,25.0,Nominal Pack Thermal Balance
BYD-BLADE-2829,68.9,1.83,111.3,29.0,Nominal Pack Thermal Balance
BYD-BLADE-2830,36.6,1.94,108.8,25.0,Nominal Pack Thermal Balance
BYD-BLADE-2831,27.7,0.73,105.7,25.0,Nominal Pack Thermal Balance
BYD-BLADE-2832,29.5,1.18,104.4,25.0,Nominal Pack Thermal Balance
BYD-BLADE-2833,50.8,1.26,105.5,25.0,Nominal Pack Thermal Balance
BYD-BLADE-2834,79.5,4.38,111.1,38.9,Nominal Pack Thermal Balance
BYD-BLADE-2835,91.9,1.38,112.5,41.1,Nominal Pack Thermal Balance
BYD-BLADE-2836,51.6,0.12,107.6,25.0,Nominal Pack Thermal Balance
BYD-BLADE-2837,64.5,3.17,108.5,27.1,Nominal Pack Thermal Balance
BYD-BLADE-2838,81.9,1.1,108.3,41.1,Nominal Pack Thermal Balance
BYD-BLADE-2839,36.5,0.59,105.5,25.0,Nominal Pack Thermal Balance
BYD-BLADE-2840,36.6,1.16,105.4,25.0,Nominal Pack Thermal Balance
BYD-BLADE-2841,72.3,0.04,108.9,33.7,Nominal Pack Thermal Balance
BYD-BLADE-2842,88.7,0.52,112.6,37.4,Nominal Pack Thermal Balance
BYD-BLADE-2843,91.2,0.05,115.9,42.4,Nominal Pack Thermal Balance
BYD-BLADE-2844,42.9,2.37,106.8,25.0,Nominal Pack Thermal Balance
BYD-BLADE-2845,77.5,1.94,111.2,37.2,Nominal Pack Thermal Balance
BYD-BLADE-2846,80.7,0.21,109.2,39.9,Nominal Pack Thermal Balance
BYD-BLADE-2847,57.3,1.47,110.9,25.0,Nominal Pack Thermal Balance
BYD-BLADE-2848,90.3,0.81,113.7,37.8,Nominal Pack Thermal Balance
BYD-BLADE-2849,50.0,5.89,106.4,25.8,Nominal Pack Thermal Balance
BYD-BLADE-2850,39.7,0.2,107.0,25.0,Nominal Pack Thermal Balance
BYD-BLADE-2851,67.1,3.3,109.3,29.9,Nominal Pack Thermal Balance
BYD-BLADE-2852,50.2,0.41,107.6,25.0,Nominal Pack Thermal Balance
BYD-BLADE-2853,73.6,0.09,109.6,30.6,Nominal Pack Thermal Balance
BYD-BLADE-2854,41.1,0.87,104.9,25.0,Nominal Pack Thermal Balance
BYD-BLADE-2855,81.9,0.63,106.8,36.1,Nominal Pack Thermal Balance
BYD-BLADE-2856,30.3,1.39,105.5,25.0,Nominal Pack Thermal Balance
BYD-BLADE-2857,79.0,1.26,111.9,35.6,Nominal Pack Thermal Balance
BYD-BLADE-2858,27.2,1.37,104.4,25.0,Nominal Pack Thermal Balance
BYD-BLADE-2859,56.4,0.01,109.1,27.7,Nominal Pack Thermal Balance
BYD-BLADE-2860,84.6,0.79,110.4,35.7,Nominal Pack Thermal Balance
BYD-BLADE-2861,46.4,1.8,107.9,25.0,Nominal Pack Thermal Balance
BYD-BLADE-2862,63.2,1.04,113.5,27.3,Nominal Pack Thermal Balance
BYD-BLADE-2863,83.6,0.0,110.2,34.1,Nominal Pack Thermal Balance
BYD-BLADE-2864,25.6,2.6,103.7,25.0,Nominal Pack Thermal Balance
BYD-BLADE-2865,71.5,1.09,110.0,32.1,Nominal Pack Thermal Balance
BYD-BLADE-2866,33.7,0.87,106.6,25.0,Nominal Pack Thermal Balance
BYD-BLADE-2867,80.7,0.1,109.7,37.5,Nominal Pack Thermal Balance
BYD-BLADE-2868,83.6,1.65,111.7,38.8,Nominal Pack Thermal Balance
BYD-BLADE-2869,32.7,0.59,105.0,25.0,Nominal Pack Thermal Balance
BYD-BLADE-2870,25.2,4.93,104.5,25.0,Nominal Pack Thermal Balance
BYD-BLADE-2871,92.3,0.58,112.4,43.7,Nominal Pack Thermal Balance
BYD-BLADE-2872,75.7,0.38,112.0,36.1,Nominal Pack Thermal Balance
BYD-BLADE-2873,71.4,1.49,108.3,33.6,Nominal Pack Thermal Balance
BYD-BLADE-2874,37.0,0.87,103.6,25.0,Nominal Pack Thermal Balance
BYD-BLADE-2875,42.3,1.11,106.5,25.0,Nominal Pack Thermal Balance
BYD-BLADE-2876,73.7,0.86,113.4,31.5,Nominal Pack Thermal Balance
BYD-BLADE-2877,42.9,0.43,106.4,25.0,Nominal Pack Thermal Balance
BYD-BLADE-2878,32.5,4.36,105.0,25.0,Nominal Pack Thermal Balance
BYD-BLADE-2879,94.9,0.16,116.0,41.3,Nominal Pack Thermal Balance
BYD-BLADE-2880,89.5,0.95,110.9,40.6,Nominal Pack Thermal Balance
BYD-BLADE-2881,55.0,3.36,107.3,25.9,Nominal Pack Thermal Balance
BYD-BLADE-2882,66.1,0.02,109.7,30.1,Nominal Pack Thermal Balance
BYD-BLADE-2883,39.4,0.9,106.2,25.0,Nominal Pack Thermal Balance
BYD-BLADE-2884,38.5,3.87,104.9,25.0,Nominal Pack Thermal Balance
BYD-BLADE-2885,29.4,0.98,107.5,25.0,Nominal Pack Thermal Balance
BYD-BLADE-2886,44.7,0.46,107.5,25.0,Nominal Pack Thermal Balance
BYD-BLADE-2887,28.7,0.91,103.3,25.0,Nominal Pack Thermal Balance
BYD-BLADE-2888,90.0,2.29,112.6,44.3,Nominal Pack Thermal Balance
BYD-BLADE-2889,78.5,0.29,110.1,36.7,Nominal Pack Thermal Balance
BYD-BLADE-2890,94.7,0.38,112.1,43.9,Nominal Pack Thermal Balance
BYD-BLADE-2891,67.5,0.96,107.4,32.4,Nominal Pack Thermal Balance
BYD-BLADE-2892,87.8,0.28,110.5,39.1,Nominal Pack Thermal Balance
BYD-BLADE-2893,41.8,0.53,106.1,25.0,Nominal Pack Thermal Balance
BYD-BLADE-2894,40.6,2.4,107.9,25.0,Nominal Pack Thermal Balance
BYD-BLADE-2895,59.7,0.05,110.1,30.1,Nominal Pack Thermal Balance
BYD-BLADE-2896,75.2,0.67,109.1,37.0,Nominal Pack Thermal Balance
BYD-BLADE-2897,85.6,1.29,115.6,40.9,Nominal Pack Thermal Balance
BYD-BLADE-2898,49.4,2.47,105.4,25.0,Nominal Pack Thermal Balance
BYD-BLADE-2899,70.1,0.7,110.7,34.0,Nominal Pack Thermal Balance
BYD-BLADE-2900,91.3,0.02,113.1,40.7,Nominal Pack Thermal Balance
BYD-BLADE-2901,54.8,3.57,108.0,25.0,Nominal Pack Thermal Balance
BYD-BLADE-2902,39.1,0.13,102.3,25.0,Nominal Pack Thermal Balance
BYD-BLADE-2903,85.0,0.49,113.6,38.5,Nominal Pack Thermal Balance
BYD-BLADE-2904,60.7,0.93,107.9,27.9,Nominal Pack Thermal Balance
BYD-BLADE-2905,76.7,0.95,110.7,34.8,Nominal Pack Thermal Balance
BYD-BLADE-2906,44.3,1.23,105.3,25.0,Nominal Pack Thermal Balance
BYD-BLADE-2907,61.0,0.48,109.4,28.8,Nominal Pack Thermal Balance
BYD-BLADE-2908,81.3,2.19,110.0,36.1,Nominal Pack Thermal Balance
BYD-BLADE-2909,40.2,0.31,105.8,25.0,Nominal Pack Thermal Balance
BYD-BLADE-2910,26.2,0.65,105.0,25.0,Nominal Pack Thermal Balance
BYD-BLADE-2911,46.1,0.66,108.9,25.0,Nominal Pack Thermal Balance
BYD-BLADE-2912,42.0,0.02,108.0,25.0,Nominal Pack Thermal Balance
BYD-BLADE-2913,25.1,1.06,104.8,25.0,Nominal Pack Thermal Balance
BYD-BLADE-2914,93.1,2.98,111.8,40.2,Nominal Pack Thermal Balance
BYD-BLADE-2915,35.0,0.49,106.9,25.0,Nominal Pack Thermal Balance
BYD-BLADE-2916,36.1,0.82,107.6,25.0,Nominal Pack Thermal Balance
BYD-BLADE-2917,87.8,4.99,110.8,39.6,Localized Thermal Venting Intercept
BYD-BLADE-2918,54.6,1.45,109.7,25.2,Nominal Pack Thermal Balance
BYD-BLADE-2919,77.2,0.86,109.0,33.5,Nominal Pack Thermal Balance
BYD-BLADE-2920,81.6,1.66,109.7,38.8,Nominal Pack Thermal Balance
BYD-BLADE-2921,42.9,0.05,107.4,25.0,Nominal Pack Thermal Balance
BYD-BLADE-2922,37.9,0.84,104.7,25.0,Nominal Pack Thermal Balance
BYD-BLADE-2923,43.0,1.09,103.5,25.0,Nominal Pack Thermal Balance
BYD-BLADE-2924,43.2,0.01,107.7,25.0,Nominal Pack Thermal Balance
BYD-BLADE-2925,34.5,0.11,106.3,25.0,Nominal Pack Thermal Balance
BYD-BLADE-2926,74.1,2.8,115.7,35.5,Nominal Pack Thermal Balance
BYD-BLADE-2927,90.8,0.85,113.9,43.2,Nominal Pack Thermal Balance
BYD-BLADE-2928,38.8,2.46,106.0,25.0,Nominal Pack Thermal Balance
BYD-BLADE-2929,25.3,0.99,105.0,25.0,Nominal Pack Thermal Balance
BYD-BLADE-2930,65.7,0.75,106.8,28.1,Nominal Pack Thermal Balance
BYD-BLADE-2931,34.8,0.44,106.0,25.0,Nominal Pack Thermal Balance
BYD-BLADE-2932,37.8,0.89,107.0,25.0,Nominal Pack Thermal Balance
BYD-BLADE-2933,70.6,0.67,108.0,26.6,Nominal Pack Thermal Balance
BYD-BLADE-2934,63.8,1.92,109.5,30.7,Nominal Pack Thermal Balance
BYD-BLADE-2935,61.6,0.13,107.6,25.0,Nominal Pack Thermal Balance
BYD-BLADE-2936,59.0,0.74,110.2,27.5,Nominal Pack Thermal Balance
BYD-BLADE-2937,34.7,0.45,103.9,25.0,Nominal Pack Thermal Balance
BYD-BLADE-2938,78.6,0.69,111.1,35.1,Nominal Pack Thermal Balance
BYD-BLADE-2939,44.5,2.51,107.0,25.0,Nominal Pack Thermal Balance
BYD-BLADE-2940,56.9,0.13,108.2,25.2,Nominal Pack Thermal Balance
BYD-BLADE-2941,91.7,0.64,110.8,42.1,Nominal Pack Thermal Balance
BYD-BLADE-2942,74.5,1.31,111.3,33.6,Nominal Pack Thermal Balance
BYD-BLADE-2943,78.8,1.22,108.6,34.1,Nominal Pack Thermal Balance
BYD-BLADE-2944,76.3,1.69,108.9,35.9,Nominal Pack Thermal Balance
BYD-BLADE-2945,34.6,5.92,103.0,25.0,Nominal Pack Thermal Balance
BYD-BLADE-2946,75.7,0.05,107.7,34.7,Nominal Pack Thermal Balance
BYD-BLADE-2947,61.8,1.45,111.1,30.3,Nominal Pack Thermal Balance
BYD-BLADE-2948,52.3,2.06,108.4,25.0,Nominal Pack Thermal Balance
BYD-BLADE-2949,49.8,0.2,106.7,25.0,Nominal Pack Thermal Balance
BYD-BLADE-2950,40.3,0.26,105.9,25.0,Nominal Pack Thermal Balance
BYD-BLADE-2951,34.0,0.03,102.6,25.0,Nominal Pack Thermal Balance
BYD-BLADE-2952,75.7,2.08,111.6,35.0,Nominal Pack Thermal Balance
BYD-BLADE-2953,43.4,0.24,106.0,25.0,Nominal Pack Thermal Balance
BYD-BLADE-2954,58.9,2.38,106.7,28.0,Nominal Pack Thermal Balance
BYD-BLADE-2955,25.7,0.2,105.2,25.0,Nominal Pack Thermal Balance
BYD-BLADE-2956,43.2,0.68,107.6,25.0,Nominal Pack Thermal Balance
BYD-BLADE-2957,85.9,1.73,111.6,36.2,Nominal Pack Thermal Balance
BYD-BLADE-2958,94.5,5.6,111.8,43.0,Localized Thermal Venting Intercept
BYD-BLADE-2959,85.8,0.91,109.0,38.7,Nominal Pack Thermal Balance
BYD-BLADE-2960,66.8,5.27,106.3,28.9,Nominal Pack Thermal Balance
BYD-BLADE-2961,46.8,0.86,108.8,25.0,Nominal Pack Thermal Balance
BYD-BLADE-2962,69.2,0.49,111.2,30.3,Nominal Pack Thermal Balance
BYD-BLADE-2963,45.7,0.8,105.4,25.0,Nominal Pack Thermal Balance
BYD-BLADE-2964,70.0,2.33,111.2,30.6,Nominal Pack Thermal Balance
BYD-BLADE-2965,40.6,4.32,106.0,25.0,Nominal Pack Thermal Balance
BYD-BLADE-2966,79.4,0.14,110.5,37.4,Nominal Pack Thermal Balance
BYD-BLADE-2967,79.7,0.15,112.8,32.8,Nominal Pack Thermal Balance
BYD-BLADE-2968,56.0,1.26,106.7,25.6,Nominal Pack Thermal Balance
BYD-BLADE-2969,85.6,1.69,111.2,41.3,Nominal Pack Thermal Balance
BYD-BLADE-2970,43.8,0.93,107.6,25.0,Nominal Pack Thermal Balance
BYD-BLADE-2971,61.1,0.12,104.3,30.6,Nominal Pack Thermal Balance
BYD-BLADE-2972,63.8,2.92,107.4,29.2,Nominal Pack Thermal Balance
BYD-BLADE-2973,55.2,0.77,105.3,25.3,Nominal Pack Thermal Balance
BYD-BLADE-2974,30.3,0.16,101.1,25.0,Nominal Pack Thermal Balance
BYD-BLADE-2975,52.1,0.84,106.5,25.0,Nominal Pack Thermal Balance
BYD-BLADE-2976,59.6,0.37,106.7,25.0,Nominal Pack Thermal Balance
BYD-BLADE-2977,44.6,0.65,104.9,25.0,Nominal Pack Thermal Balance
BYD-BLADE-2978,92.0,0.66,110.6,41.6,Nominal Pack Thermal Balance
BYD-BLADE-2979,94.9,0.73,114.0,43.6,Nominal Pack Thermal Balance
BYD-BLADE-2980,88.6,0.26,110.8,43.3,Nominal Pack Thermal Balance
BYD-BLADE-2981,31.5,0.47,105.9,25.0,Nominal Pack Thermal Balance
BYD-BLADE-2982,94.9,0.45,113.9,43.3,Nominal Pack Thermal Balance
BYD-BLADE-2983,70.6,4.07,109.2,33.0,Nominal Pack Thermal Balance
BYD-BLADE-2984,76.2,0.41,110.9,29.8,Nominal Pack Thermal Balance
BYD-BLADE-2985,65.6,3.0,110.0,26.2,Nominal Pack Thermal Balance
BYD-BLADE-2986,27.9,0.68,103.3,25.0,Nominal Pack Thermal Balance
BYD-BLADE-2987,51.3,1.49,109.7,26.4,Nominal Pack Thermal Balance
BYD-BLADE-2988,38.3,0.5,107.7,25.0,Nominal Pack Thermal Balance
BYD-BLADE-2989,28.0,3.16,105.5,25.0,Nominal Pack Thermal Balance
BYD-BLADE-2990,85.4,0.73,110.5,36.2,Nominal Pack Thermal Balance
BYD-BLADE-2991,51.1,1.45,107.6,25.0,Nominal Pack Thermal Balance
BYD-BLADE-2992,34.7,0.34,104.9,25.0,Nominal Pack Thermal Balance
BYD-BLADE-2993,74.2,0.86,110.3,36.3,Nominal Pack Thermal Balance
BYD-BLADE-2994,40.0,0.25,106.6,25.0,Nominal Pack Thermal Balance
BYD-BLADE-2995,75.5,0.01,110.1,29.7,Nominal Pack Thermal Balance
BYD-BLADE-2996,40.9,0.15,106.5,25.0,Nominal Pack Thermal Balance
BYD-BLADE-2997,52.0,0.2,108.1,25.0,Nominal Pack Thermal Balance
BYD-BLADE-2998,77.2,1.27,108.5,38.0,Nominal Pack Thermal Balance
BYD-BLADE-2999,48.1,0.76,106.9,25.0,Nominal Pack Thermal Balance
BYD-BLADE-3000,54.7,0.13,107.2,27.9,Nominal Pack Thermal Balance
BYD-BLADE-3001,90.8,0.02,113.5,39.1,Nominal Pack Thermal Balance
BYD-BLADE-3002,80.4,0.31,110.3,32.2,Nominal Pack Thermal Balance
BYD-BLADE-3003,36.6,0.79,103.6,25.0,Nominal Pack Thermal Balance
BYD-BLADE-3004,68.1,0.38,107.6,31.5,Nominal Pack Thermal Balance
BYD-BLADE-3005,42.7,0.83,107.0,25.0,Nominal Pack Thermal Balance
BYD-BLADE-3006,35.6,1.31,105.2,25.0,Nominal Pack Thermal Balance
BYD-BLADE-3007,79.5,0.42,111.1,36.4,Nominal Pack Thermal Balance
BYD-BLADE-3008,88.7,2.27,110.9,41.2,Nominal Pack Thermal Balance
BYD-BLADE-3009,35.1,0.54,107.2,25.0,Nominal Pack Thermal Balance
BYD-BLADE-3010,91.8,0.7,114.1,43.3,Nominal Pack Thermal Balance
BYD-BLADE-3011,78.0,1.89,111.2,32.4,Nominal Pack Thermal Balance
BYD-BLADE-3012,31.0,0.5,103.8,25.0,Nominal Pack Thermal Balance
BYD-BLADE-3013,69.8,0.9,112.1,32.1,Nominal Pack Thermal Balance
BYD-BLADE-3014,38.3,0.18,103.6,25.0,Nominal Pack Thermal Balance
BYD-BLADE-3015,56.2,2.22,106.5,26.1,Nominal Pack Thermal Balance
BYD-BLADE-3016,56.5,2.5,111.0,25.0,Nominal Pack Thermal Balance
BYD-BLADE-3017,26.1,0.39,103.3,25.0,Nominal Pack Thermal Balance
BYD-BLADE-3018,85.6,0.2,111.4,37.9,Nominal Pack Thermal Balance
BYD-BLADE-3019,76.5,0.37,110.9,32.0,Nominal Pack Thermal Balance
BYD-BLADE-3020,56.9,0.83,108.2,27.1,Nominal Pack Thermal Balance
BYD-BLADE-3021,82.4,1.42,114.2,37.7,Nominal Pack Thermal Balance
BYD-BLADE-3022,31.4,0.9,104.1,25.0,Nominal Pack Thermal Balance
BYD-BLADE-3023,54.9,3.45,108.6,25.0,Nominal Pack Thermal Balance
BYD-BLADE-3024,83.3,0.23,111.4,39.0,Nominal Pack Thermal Balance
BYD-BLADE-3025,31.7,1.19,104.6,25.0,Nominal Pack Thermal Balance
BYD-BLADE-3026,35.4,0.66,105.3,25.0,Nominal Pack Thermal Balance
BYD-BLADE-3027,71.7,0.47,108.8,28.2,Nominal Pack Thermal Balance
BYD-BLADE-3028,83.4,1.55,110.7,39.2,Nominal Pack Thermal Balance
BYD-BLADE-3029,70.6,0.35,109.6,33.2,Nominal Pack Thermal Balance
BYD-BLADE-3030,79.9,0.18,111.9,34.9,Nominal Pack Thermal Balance
BYD-BLADE-3031,90.1,0.29,111.1,36.2,Nominal Pack Thermal Balance
BYD-BLADE-3032,37.3,1.75,106.7,25.0,Nominal Pack Thermal Balance
BYD-BLADE-3033,64.9,0.94,107.2,27.7,Nominal Pack Thermal Balance
BYD-BLADE-3034,56.2,0.01,108.5,25.0,Nominal Pack Thermal Balance
BYD-BLADE-3035,84.5,2.41,112.4,36.9,Nominal Pack Thermal Balance
BYD-BLADE-3036,54.2,2.83,106.0,25.0,Nominal Pack Thermal Balance
BYD-BLADE-3037,29.6,4.13,109.4,25.0,Nominal Pack Thermal Balance
BYD-BLADE-3038,94.0,1.89,110.2,44.3,Nominal Pack Thermal Balance
BYD-BLADE-3039,86.2,1.68,111.7,42.3,Nominal Pack Thermal Balance
BYD-BLADE-3040,66.8,0.25,107.6,30.2,Nominal Pack Thermal Balance
BYD-BLADE-3041,93.2,1.11,114.4,41.8,Nominal Pack Thermal Balance
BYD-BLADE-3042,81.5,1.32,111.1,35.2,Nominal Pack Thermal Balance
BYD-BLADE-3043,59.1,0.38,110.8,30.4,Nominal Pack Thermal Balance
BYD-BLADE-3044,31.0,2.41,105.1,25.0,Nominal Pack Thermal Balance
BYD-BLADE-3045,59.3,0.84,109.2,28.6,Nominal Pack Thermal Balance
BYD-BLADE-3046,74.5,2.29,106.2,31.0,Nominal Pack Thermal Balance
BYD-BLADE-3047,43.1,3.98,106.5,25.0,Nominal Pack Thermal Balance
BYD-BLADE-3048,78.6,2.08,112.5,37.0,Nominal Pack Thermal Balance
BYD-BLADE-3049,87.3,0.38,109.6,42.2,Nominal Pack Thermal Balance
BYD-BLADE-3050,94.7,0.41,113.4,38.7,Nominal Pack Thermal Balance
BYD-BLADE-3051,46.7,1.69,107.6,25.0,Nominal Pack Thermal Balance
BYD-BLADE-3052,80.7,0.13,113.7,37.6,Nominal Pack Thermal Balance
BYD-BLADE-3053,35.6,2.44,104.0,25.0,Nominal Pack Thermal Balance
BYD-BLADE-3054,75.4,0.56,108.1,34.8,Nominal Pack Thermal Balance
BYD-BLADE-3055,81.6,0.44,113.7,38.7,Nominal Pack Thermal Balance
BYD-BLADE-3056,42.9,1.82,105.7,25.0,Nominal Pack Thermal Balance
BYD-BLADE-3057,81.1,0.72,111.4,35.4,Nominal Pack Thermal Balance
BYD-BLADE-3058,39.3,0.19,105.9,25.0,Nominal Pack Thermal Balance
BYD-BLADE-3059,44.5,0.03,106.6,25.0,Nominal Pack Thermal Balance
BYD-BLADE-3060,83.1,1.03,110.8,33.1,Nominal Pack Thermal Balance
BYD-BLADE-3061,25.3,1.7,101.1,25.0,Nominal Pack Thermal Balance
BYD-BLADE-3062,45.8,2.06,108.8,25.0,Nominal Pack Thermal Balance
BYD-BLADE-3063,29.9,0.04,104.2,25.0,Nominal Pack Thermal Balance
BYD-BLADE-3064,93.5,0.25,113.3,42.6,Nominal Pack Thermal Balance
BYD-BLADE-3065,85.5,1.11,112.9,40.4,Nominal Pack Thermal Balance
BYD-BLADE-3066,70.7,0.12,110.2,31.4,Nominal Pack Thermal Balance
BYD-BLADE-3067,79.7,1.02,108.6,37.7,Nominal Pack Thermal Balance
BYD-BLADE-3068,64.6,0.27,108.2,27.5,Nominal Pack Thermal Balance
BYD-BLADE-3069,46.7,0.68,106.4,25.0,Nominal Pack Thermal Balance
BYD-BLADE-3070,65.5,0.43,111.0,30.6,Nominal Pack Thermal Balance
BYD-BLADE-3071,69.3,0.21,110.7,29.9,Nominal Pack Thermal Balance
BYD-BLADE-3072,46.4,0.57,106.1,25.0,Nominal Pack Thermal Balance
BYD-BLADE-3073,49.9,1.01,108.1,25.0,Nominal Pack Thermal Balance
BYD-BLADE-3074,77.1,0.93,109.5,34.9,Nominal Pack Thermal Balance
BYD-BLADE-3075,45.8,3.06,106.5,25.0,Nominal Pack Thermal Balance
BYD-BLADE-3076,55.8,0.02,107.2,26.6,Nominal Pack Thermal Balance
BYD-BLADE-3077,92.5,0.26,113.0,42.4,Nominal Pack Thermal Balance
BYD-BLADE-3078,75.2,0.73,108.4,34.6,Nominal Pack Thermal Balance
BYD-BLADE-3079,44.9,1.15,105.9,25.0,Nominal Pack Thermal Balance
BYD-BLADE-3080,74.8,0.32,112.0,37.9,Nominal Pack Thermal Balance
BYD-BLADE-3081,42.5,1.21,102.5,25.0,Nominal Pack Thermal Balance
BYD-BLADE-3082,84.1,0.07,109.8,39.7,Nominal Pack Thermal Balance
BYD-BLADE-3083,75.7,0.1,111.4,37.4,Nominal Pack Thermal Balance
BYD-BLADE-3084,34.3,0.76,104.7,25.0,Nominal Pack Thermal Balance
BYD-BLADE-3085,58.4,0.27,106.9,25.1,Nominal Pack Thermal Balance
BYD-BLADE-3086,49.4,1.0,106.0,25.0,Nominal Pack Thermal Balance
BYD-BLADE-3087,58.4,0.82,109.2,26.6,Nominal Pack Thermal Balance
BYD-BLADE-3088,64.2,0.16,110.1,30.9,Nominal Pack Thermal Balance
BYD-BLADE-3089,52.6,0.11,106.4,25.4,Nominal Pack Thermal Balance
BYD-BLADE-3090,51.2,0.57,110.0,25.0,Nominal Pack Thermal Balance
BYD-BLADE-3091,58.6,1.14,106.2,28.9,Nominal Pack Thermal Balance
BYD-BLADE-3092,28.1,0.17,106.8,25.0,Nominal Pack Thermal Balance
BYD-BLADE-3093,66.0,0.37,106.1,29.2,Nominal Pack Thermal Balance
BYD-BLADE-3094,77.8,0.01,108.2,36.6,Nominal Pack Thermal Balance
BYD-BLADE-3095,53.2,1.58,107.8,25.0,Nominal Pack Thermal Balance
BYD-BLADE-3096,73.6,0.31,108.2,36.8,Nominal Pack Thermal Balance
BYD-BLADE-3097,58.0,0.86,110.8,27.8,Nominal Pack Thermal Balance
BYD-BLADE-3098,36.8,1.68,106.8,25.0,Nominal Pack Thermal Balance
BYD-BLADE-3099,73.7,0.09,110.6,31.5,Nominal Pack Thermal Balance
BYD-BLADE-3100,90.6,0.24,111.8,37.3,Nominal Pack Thermal Balance
BYD-BLADE-3101,88.3,2.6,112.8,40.3,Nominal Pack Thermal Balance
BYD-BLADE-3102,61.3,0.04,111.8,27.9,Nominal Pack Thermal Balance
BYD-BLADE-3103,47.3,2.33,107.5,25.0,Nominal Pack Thermal Balance
BYD-BLADE-3104,28.2,0.5,104.0,25.0,Nominal Pack Thermal Balance
BYD-BLADE-3105,28.4,0.35,105.5,25.0,Nominal Pack Thermal Balance
BYD-BLADE-3106,26.9,0.26,105.8,25.0,Nominal Pack Thermal Balance
BYD-BLADE-3107,87.2,0.31,111.5,39.4,Nominal Pack Thermal Balance
BYD-BLADE-3108,49.7,0.07,107.1,25.0,Nominal Pack Thermal Balance
BYD-BLADE-3109,44.9,1.86,104.6,25.0,Nominal Pack Thermal Balance
BYD-BLADE-3110,52.5,1.54,108.8,25.0,Nominal Pack Thermal Balance
BYD-BLADE-3111,29.0,1.83,105.6,25.0,Nominal Pack Thermal Balance
BYD-BLADE-3112,44.0,2.74,106.4,25.0,Nominal Pack Thermal Balance
BYD-BLADE-3113,86.1,1.07,112.2,40.0,Nominal Pack Thermal Balance
BYD-BLADE-3114,60.9,0.01,109.8,26.5,Nominal Pack Thermal Balance
BYD-BLADE-3115,68.9,0.81,106.5,30.5,Nominal Pack Thermal Balance
BYD-BLADE-3116,66.1,0.83,108.7,32.2,Nominal Pack Thermal Balance
BYD-BLADE-3117,31.2,0.27,103.6,25.0,Nominal Pack Thermal Balance
BYD-BLADE-3118,64.5,1.21,109.5,28.5,Nominal Pack Thermal Balance
BYD-BLADE-3119,36.3,0.91,104.1,25.0,Nominal Pack Thermal Balance
BYD-BLADE-3120,93.5,0.56,112.5,39.1,Nominal Pack Thermal Balance
BYD-BLADE-3121,64.3,0.26,108.4,30.2,Nominal Pack Thermal Balance
BYD-BLADE-3122,74.8,0.3,108.4,30.4,Nominal Pack Thermal Balance
BYD-BLADE-3123,29.3,1.54,103.8,25.0,Nominal Pack Thermal Balance
BYD-BLADE-3124,64.3,0.22,109.0,29.1,Nominal Pack Thermal Balance
BYD-BLADE-3125,92.4,1.98,111.6,43.7,Nominal Pack Thermal Balance
BYD-BLADE-3126,82.1,1.92,114.3,38.2,Nominal Pack Thermal Balance
BYD-BLADE-3127,42.6,0.72,104.2,25.0,Nominal Pack Thermal Balance
BYD-BLADE-3128,52.4,5.03,110.7,25.0,Nominal Pack Thermal Balance
BYD-BLADE-3129,72.2,0.43,107.7,29.8,Nominal Pack Thermal Balance
BYD-BLADE-3130,32.4,1.49,106.5,25.0,Nominal Pack Thermal Balance
BYD-BLADE-3131,76.1,2.16,111.3,33.7,Nominal Pack Thermal Balance
BYD-BLADE-3132,65.5,0.32,108.7,29.9,Nominal Pack Thermal Balance
BYD-BLADE-3133,75.5,2.39,109.5,31.6,Nominal Pack Thermal Balance
BYD-BLADE-3134,66.0,2.6,110.6,29.7,Nominal Pack Thermal Balance
BYD-BLADE-3135,34.1,1.66,106.8,25.0,Nominal Pack Thermal Balance
BYD-BLADE-3136,58.2,2.14,107.9,25.0,Nominal Pack Thermal Balance
BYD-BLADE-3137,64.2,0.28,107.1,26.8,Nominal Pack Thermal Balance
BYD-BLADE-3138,51.2,1.35,108.7,25.0,Nominal Pack Thermal Balance
BYD-BLADE-3139,69.6,0.87,109.2,34.5,Nominal Pack Thermal Balance
BYD-BLADE-3140,91.1,3.03,114.5,43.7,Nominal Pack Thermal Balance
BYD-BLADE-3141,64.1,2.21,108.4,26.0,Nominal Pack Thermal Balance
BYD-BLADE-3142,70.2,0.18,111.6,30.3,Nominal Pack Thermal Balance
BYD-BLADE-3143,80.5,1.9,109.2,34.6,Nominal Pack Thermal Balance
BYD-BLADE-3144,48.8,0.81,107.2,25.0,Nominal Pack Thermal Balance
BYD-BLADE-3145,36.5,2.51,108.3,25.0,Nominal Pack Thermal Balance
BYD-BLADE-3146,33.4,2.34,104.0,25.0,Nominal Pack Thermal Balance
BYD-BLADE-3147,53.2,1.6,106.9,25.0,Nominal Pack Thermal Balance
BYD-BLADE-3148,55.2,2.24,110.2,25.5,Nominal Pack Thermal Balance
BYD-BLADE-3149,93.3,4.88,111.8,39.5,Localized Thermal Venting Intercept
BYD-BLADE-3150,76.1,0.27,110.7,36.1,Nominal Pack Thermal Balance
BYD-BLADE-3151,63.6,1.6,109.7,25.0,Nominal Pack Thermal Balance
BYD-BLADE-3152,47.7,1.24,108.5,25.0,Nominal Pack Thermal Balance
BYD-BLADE-3153,88.9,0.11,112.1,38.9,Nominal Pack Thermal Balance
BYD-BLADE-3154,85.8,1.17,110.3,36.8,Nominal Pack Thermal Balance
BYD-BLADE-3155,92.6,0.38,113.9,42.5,Nominal Pack Thermal Balance
BYD-BLADE-3156,70.0,0.18,110.1,32.4,Nominal Pack Thermal Balance
BYD-BLADE-3157,61.9,0.44,107.5,25.3,Nominal Pack Thermal Balance
BYD-BLADE-3158,89.7,2.29,110.2,38.0,Nominal Pack Thermal Balance
BYD-BLADE-3159,56.8,1.48,109.1,29.9,Nominal Pack Thermal Balance
BYD-BLADE-3160,75.2,3.52,112.9,33.2,Nominal Pack Thermal Balance
BYD-BLADE-3161,33.3,0.46,104.3,25.0,Nominal Pack Thermal Balance
BYD-BLADE-3162,69.5,1.59,108.1,31.3,Nominal Pack Thermal Balance
BYD-BLADE-3163,50.6,0.17,106.7,25.0,Nominal Pack Thermal Balance
BYD-BLADE-3164,80.9,0.88,111.0,35.1,Nominal Pack Thermal Balance
BYD-BLADE-3165,67.6,0.85,112.4,33.6,Nominal Pack Thermal Balance
BYD-BLADE-3166,85.5,3.97,113.1,39.2,Localized Thermal Venting Intercept
BYD-BLADE-3167,67.4,2.54,110.1,31.5,Nominal Pack Thermal Balance
BYD-BLADE-3168,36.9,0.18,106.1,25.0,Nominal Pack Thermal Balance
BYD-BLADE-3169,92.9,1.13,111.4,43.1,Nominal Pack Thermal Balance
BYD-BLADE-3170,52.8,2.47,108.2,25.0,Nominal Pack Thermal Balance
BYD-BLADE-3171,34.8,0.48,109.0,25.0,Nominal Pack Thermal Balance
BYD-BLADE-3172,57.2,0.52,108.0,28.4,Nominal Pack Thermal Balance
BYD-BLADE-3173,49.6,0.85,106.6,25.0,Nominal Pack Thermal Balance
BYD-BLADE-3174,53.5,1.76,108.5,25.0,Nominal Pack Thermal Balance
BYD-BLADE-3175,94.9,0.05,112.0,44.0,Nominal Pack Thermal Balance
BYD-BLADE-3176,73.6,0.08,111.6,34.6,Nominal Pack Thermal Balance
BYD-BLADE-3177,49.4,0.21,109.5,25.0,Nominal Pack Thermal Balance
BYD-BLADE-3178,31.9,0.57,103.6,25.0,Nominal Pack Thermal Balance
BYD-BLADE-3179,67.9,0.12,108.4,35.2,Nominal Pack Thermal Balance
BYD-BLADE-3180,92.5,0.43,111.7,39.9,Nominal Pack Thermal Balance
BYD-BLADE-3181,42.3,1.39,104.4,25.0,Nominal Pack Thermal Balance
BYD-BLADE-3182,35.4,0.64,107.7,25.0,Nominal Pack Thermal Balance
BYD-BLADE-3183,52.0,0.02,106.3,25.0,Nominal Pack Thermal Balance
BYD-BLADE-3184,65.1,0.36,109.5,29.6,Nominal Pack Thermal Balance
BYD-BLADE-3185,41.3,0.89,106.0,25.0,Nominal Pack Thermal Balance
BYD-BLADE-3186,66.3,0.12,108.8,28.1,Nominal Pack Thermal Balance
BYD-BLADE-3187,93.4,0.38,111.7,43.3,Nominal Pack Thermal Balance
BYD-BLADE-3188,79.0,1.08,109.8,41.3,Nominal Pack Thermal Balance
BYD-BLADE-3189,76.5,0.09,109.9,34.7,Nominal Pack Thermal Balance
BYD-BLADE-3190,71.7,2.46,110.3,31.0,Nominal Pack Thermal Balance
BYD-BLADE-3191,48.3,0.89,109.9,25.0,Nominal Pack Thermal Balance
BYD-BLADE-3192,29.8,1.8,102.7,25.0,Nominal Pack Thermal Balance
BYD-BLADE-3193,80.5,0.27,112.6,35.3,Nominal Pack Thermal Balance
BYD-BLADE-3194,33.7,0.11,104.7,25.0,Nominal Pack Thermal Balance
BYD-BLADE-3195,31.9,1.04,104.8,25.0,Nominal Pack Thermal Balance
BYD-BLADE-3196,50.7,0.13,109.1,25.0,Nominal Pack Thermal Balance
BYD-BLADE-3197,83.0,1.81,111.4,40.0,Nominal Pack Thermal Balance
BYD-BLADE-3198,74.9,0.26,106.6,32.8,Nominal Pack Thermal Balance
BYD-BLADE-3199,42.6,1.17,107.8,25.0,Nominal Pack Thermal Balance
BYD-BLADE-3200,44.2,2.67,108.6,25.0,Nominal Pack Thermal Balance
BYD-BLADE-3201,58.5,2.14,108.6,29.7,Nominal Pack Thermal Balance
BYD-BLADE-3202,90.8,0.73,113.4,41.1,Nominal Pack Thermal Balance
BYD-BLADE-3203,50.8,1.19,108.4,25.0,Nominal Pack Thermal Balance
BYD-BLADE-3204,68.8,0.3,107.8,29.0,Nominal Pack Thermal Balance
BYD-BLADE-3205,59.6,0.18,105.7,28.7,Nominal Pack Thermal Balance
BYD-BLADE-3206,91.0,0.05,113.4,38.2,Nominal Pack Thermal Balance
BYD-BLADE-3207,62.0,0.39,109.6,25.1,Nominal Pack Thermal Balance
BYD-BLADE-3208,77.5,1.13,110.6,33.7,Nominal Pack Thermal Balance
BYD-BLADE-3209,46.6,2.51,108.2,25.0,Nominal Pack Thermal Balance
BYD-BLADE-3210,82.7,0.72,111.9,30.8,Nominal Pack Thermal Balance
BYD-BLADE-3211,40.8,0.81,107.7,25.0,Nominal Pack Thermal Balance
BYD-BLADE-3212,64.0,1.01,113.3,25.0,Nominal Pack Thermal Balance
BYD-BLADE-3213,48.5,0.92,107.3,25.0,Nominal Pack Thermal Balance
BYD-BLADE-3214,76.1,1.04,109.2,34.8,Nominal Pack Thermal Balance
BYD-BLADE-3215,66.2,0.19,108.2,29.8,Nominal Pack Thermal Balance
BYD-BLADE-3216,41.3,2.36,106.9,25.0,Nominal Pack Thermal Balance
BYD-BLADE-3217,29.2,0.49,106.8,25.0,Nominal Pack Thermal Balance
BYD-BLADE-3218,35.2,1.96,108.1,25.0,Nominal Pack Thermal Balance
BYD-BLADE-3219,73.2,1.76,109.7,32.5,Nominal Pack Thermal Balance
BYD-BLADE-3220,68.4,0.27,110.2,32.1,Nominal Pack Thermal Balance
BYD-BLADE-3221,55.8,0.77,107.7,25.8,Nominal Pack Thermal Balance
BYD-BLADE-3222,50.2,0.68,106.9,25.0,Nominal Pack Thermal Balance
BYD-BLADE-3223,86.5,0.57,110.1,34.0,Nominal Pack Thermal Balance
BYD-BLADE-3224,38.6,0.37,106.2,25.0,Nominal Pack Thermal Balance
BYD-BLADE-3225,90.8,0.97,114.7,39.9,Nominal Pack Thermal Balance
BYD-BLADE-3226,54.8,1.64,109.7,25.0,Nominal Pack Thermal Balance
BYD-BLADE-3227,82.4,1.74,111.9,37.6,Nominal Pack Thermal Balance
BYD-BLADE-3228,71.3,0.69,108.8,32.3,Nominal Pack Thermal Balance
BYD-BLADE-3229,83.5,3.0,108.7,40.7,Nominal Pack Thermal Balance
BYD-BLADE-3230,71.9,0.22,112.4,30.7,Nominal Pack Thermal Balance
BYD-BLADE-3231,73.8,0.5,110.5,35.4,Nominal Pack Thermal Balance
BYD-BLADE-3232,43.0,1.32,108.8,25.0,Nominal Pack Thermal Balance
BYD-BLADE-3233,77.3,5.55,109.7,37.8,Nominal Pack Thermal Balance
BYD-BLADE-3234,88.0,2.26,111.6,39.2,Nominal Pack Thermal Balance
BYD-BLADE-3235,33.0,6.16,104.8,25.0,Nominal Pack Thermal Balance
BYD-BLADE-3236,38.8,1.79,106.8,25.0,Nominal Pack Thermal Balance
BYD-BLADE-3237,45.9,0.38,107.5,25.0,Nominal Pack Thermal Balance
BYD-BLADE-3238,65.3,5.17,109.8,29.0,Nominal Pack Thermal Balance
BYD-BLADE-3239,75.1,0.56,110.3,31.7,Nominal Pack Thermal Balance
BYD-BLADE-3240,63.9,0.36,109.9,29.8,Nominal Pack Thermal Balance
BYD-BLADE-3241,78.2,2.49,109.6,35.0,Nominal Pack Thermal Balance
BYD-BLADE-3242,84.2,1.37,113.5,40.8,Nominal Pack Thermal Balance
BYD-BLADE-3243,34.1,1.98,103.7,25.0,Nominal Pack Thermal Balance
BYD-BLADE-3244,43.5,0.43,103.0,25.0,Nominal Pack Thermal Balance
BYD-BLADE-3245,74.0,1.24,109.9,34.3,Nominal Pack Thermal Balance
BYD-BLADE-3246,76.7,2.68,113.0,34.1,Nominal Pack Thermal Balance
BYD-BLADE-3247,94.7,0.34,112.2,42.3,Nominal Pack Thermal Balance
BYD-BLADE-3248,92.8,1.23,112.0,43.8,Nominal Pack Thermal Balance
BYD-BLADE-3249,66.9,1.51,108.7,31.9,Nominal Pack Thermal Balance
BYD-BLADE-3250,63.3,1.01,108.2,27.5,Nominal Pack Thermal Balance
BYD-BLADE-3251,58.7,4.11,105.2,27.8,Nominal Pack Thermal Balance
BYD-BLADE-3252,59.0,1.0,107.2,27.2,Nominal Pack Thermal Balance
BYD-BLADE-3253,90.2,0.41,111.7,40.0,Nominal Pack Thermal Balance
BYD-BLADE-3254,34.6,2.74,103.3,25.0,Nominal Pack Thermal Balance
BYD-BLADE-3255,56.5,1.09,108.1,25.6,Nominal Pack Thermal Balance
BYD-BLADE-3256,68.4,0.07,108.9,31.6,Nominal Pack Thermal Balance
BYD-BLADE-3257,30.6,0.16,106.2,25.0,Nominal Pack Thermal Balance
BYD-BLADE-3258,93.1,0.58,114.1,42.1,Nominal Pack Thermal Balance
BYD-BLADE-3259,61.2,1.26,109.0,26.2,Nominal Pack Thermal Balance
BYD-BLADE-3260,40.6,0.91,108.1,25.0,Nominal Pack Thermal Balance
BYD-BLADE-3261,71.7,0.45,108.4,25.9,Nominal Pack Thermal Balance
BYD-BLADE-3262,78.3,0.18,107.8,33.6,Nominal Pack Thermal Balance
BYD-BLADE-3263,67.5,1.35,112.0,30.4,Nominal Pack Thermal Balance
BYD-BLADE-3264,34.2,0.33,105.0,25.0,Nominal Pack Thermal Balance
BYD-BLADE-3265,34.9,0.11,107.1,25.0,Nominal Pack Thermal Balance
BYD-BLADE-3266,73.0,1.05,108.4,31.6,Nominal Pack Thermal Balance
BYD-BLADE-3267,40.3,2.64,104.7,25.0,Nominal Pack Thermal Balance
BYD-BLADE-3268,57.1,0.98,109.0,25.6,Nominal Pack Thermal Balance
BYD-BLADE-3269,30.9,0.22,104.3,25.0,Nominal Pack Thermal Balance
BYD-BLADE-3270,61.5,0.36,107.5,29.1,Nominal Pack Thermal Balance
BYD-BLADE-3271,37.4,0.96,107.8,25.0,Nominal Pack Thermal Balance
BYD-BLADE-3272,88.6,0.14,112.4,40.0,Nominal Pack Thermal Balance
BYD-BLADE-3273,71.0,0.22,110.8,32.5,Nominal Pack Thermal Balance
BYD-BLADE-3274,65.4,0.16,108.5,31.2,Nominal Pack Thermal Balance
BYD-BLADE-3275,48.4,1.43,104.1,25.0,Nominal Pack Thermal Balance
BYD-BLADE-3276,73.2,0.33,111.7,31.9,Nominal Pack Thermal Balance
BYD-BLADE-3277,25.9,3.21,104.8,25.0,Nominal Pack Thermal Balance
BYD-BLADE-3278,63.4,0.2,106.6,27.7,Nominal Pack Thermal Balance
BYD-BLADE-3279,31.4,0.03,105.0,25.0,Nominal Pack Thermal Balance
BYD-BLADE-3280,32.1,0.13,107.6,25.0,Nominal Pack Thermal Balance
BYD-BLADE-3281,50.5,0.22,106.7,25.0,Nominal Pack Thermal Balance
BYD-BLADE-3282,81.4,0.1,113.6,38.0,Nominal Pack Thermal Balance
BYD-BLADE-3283,59.5,1.43,107.5,25.0,Nominal Pack Thermal Balance
BYD-BLADE-3284,46.4,0.21,105.7,25.0,Nominal Pack Thermal Balance
BYD-BLADE-3285,47.6,0.43,110.0,25.0,Nominal Pack Thermal Balance
BYD-BLADE-3286,60.8,0.31,109.0,27.9,Nominal Pack Thermal Balance
BYD-BLADE-3287,46.0,0.39,108.4,25.0,Nominal Pack Thermal Balance
BYD-BLADE-3288,30.8,0.32,105.6,25.0,Nominal Pack Thermal Balance
BYD-BLADE-3289,33.2,0.15,107.8,25.0,Nominal Pack Thermal Balance
BYD-BLADE-3290,36.4,3.55,104.6,25.0,Nominal Pack Thermal Balance
BYD-BLADE-3291,45.8,1.13,109.9,25.0,Nominal Pack Thermal Balance
BYD-BLADE-3292,31.7,0.85,103.9,25.0,Nominal Pack Thermal Balance
BYD-BLADE-3293,83.7,1.29,116.1,39.1,Nominal Pack Thermal Balance
BYD-BLADE-3294,58.5,1.06,105.9,25.0,Nominal Pack Thermal Balance
BYD-BLADE-3295,56.3,0.65,104.3,25.0,Nominal Pack Thermal Balance
BYD-BLADE-3296,68.4,0.4,110.3,30.5,Nominal Pack Thermal Balance
BYD-BLADE-3297,61.7,2.24,110.1,27.8,Nominal Pack Thermal Balance
BYD-BLADE-3298,88.3,0.23,110.3,41.5,Nominal Pack Thermal Balance
BYD-BLADE-3299,49.0,3.15,107.3,25.0,Nominal Pack Thermal Balance
BYD-BLADE-3300,77.4,2.46,112.6,38.8,Nominal Pack Thermal Balance
BYD-BLADE-3301,51.6,4.52,106.6,26.1,Nominal Pack Thermal Balance
BYD-BLADE-3302,28.5,0.73,105.3,25.0,Nominal Pack Thermal Balance
BYD-BLADE-3303,82.5,1.25,113.4,36.7,Nominal Pack Thermal Balance
BYD-BLADE-3304,68.3,0.66,110.6,29.2,Nominal Pack Thermal Balance
BYD-BLADE-3305,85.4,0.03,115.2,36.3,Nominal Pack Thermal Balance
BYD-BLADE-3306,44.6,1.67,103.5,25.0,Nominal Pack Thermal Balance
BYD-BLADE-3307,90.7,0.28,110.9,41.8,Nominal Pack Thermal Balance
BYD-BLADE-3308,64.1,1.19,107.6,28.8,Nominal Pack Thermal Balance
BYD-BLADE-3309,45.6,0.1,108.0,25.0,Nominal Pack Thermal Balance
BYD-BLADE-3310,41.7,0.89,107.4,25.0,Nominal Pack Thermal Balance
BYD-BLADE-3311,39.5,3.45,106.1,25.0,Nominal Pack Thermal Balance
BYD-BLADE-3312,43.3,1.04,107.2,25.0,Nominal Pack Thermal Balance
BYD-BLADE-3313,55.3,0.89,108.1,25.8,Nominal Pack Thermal Balance
BYD-BLADE-3314,87.8,0.04,113.1,39.2,Nominal Pack Thermal Balance
BYD-BLADE-3315,46.2,1.0,107.2,25.0,Nominal Pack Thermal Balance
BYD-BLADE-3316,81.6,2.5,111.1,34.2,Nominal Pack Thermal Balance
BYD-BLADE-3317,29.1,0.28,106.8,25.0,Nominal Pack Thermal Balance
BYD-BLADE-3318,75.3,0.5,111.3,29.9,Nominal Pack Thermal Balance
BYD-BLADE-3319,42.5,0.77,109.0,25.0,Nominal Pack Thermal Balance
BYD-BLADE-3320,72.7,0.87,110.7,33.1,Nominal Pack Thermal Balance
BYD-BLADE-3321,62.5,1.25,106.9,30.3,Nominal Pack Thermal Balance
BYD-BLADE-3322,69.0,0.03,109.7,38.3,Nominal Pack Thermal Balance
BYD-BLADE-3323,90.5,1.3,111.5,41.7,Nominal Pack Thermal Balance
BYD-BLADE-3324,67.0,0.44,106.4,28.1,Nominal Pack Thermal Balance
BYD-BLADE-3325,51.2,2.83,106.6,25.0,Nominal Pack Thermal Balance
BYD-BLADE-3326,72.1,0.55,108.2,33.0,Nominal Pack Thermal Balance
BYD-BLADE-3327,57.1,1.87,107.3,28.8,Nominal Pack Thermal Balance
BYD-BLADE-3328,73.3,2.53,111.3,37.1,Nominal Pack Thermal Balance
BYD-BLADE-3329,88.1,0.94,112.4,38.9,Nominal Pack Thermal Balance
BYD-BLADE-3330,56.4,1.89,108.2,25.7,Nominal Pack Thermal Balance
BYD-BLADE-3331,34.8,0.12,104.3,25.0,Nominal Pack Thermal Balance
BYD-BLADE-3332,86.4,0.43,111.0,37.9,Nominal Pack Thermal Balance
BYD-BLADE-3333,80.2,2.2,111.4,34.5,Nominal Pack Thermal Balance
BYD-BLADE-3334,48.8,0.62,108.5,25.0,Nominal Pack Thermal Balance
BYD-BLADE-3335,61.4,0.04,108.0,25.0,Nominal Pack Thermal Balance
BYD-BLADE-3336,81.7,0.81,112.3,34.7,Nominal Pack Thermal Balance
BYD-BLADE-3337,64.1,1.34,112.2,29.7,Nominal Pack Thermal Balance
BYD-BLADE-3338,67.6,3.83,106.5,27.8,Nominal Pack Thermal Balance
BYD-BLADE-3339,71.6,1.42,110.8,34.7,Nominal Pack Thermal Balance
BYD-BLADE-3340,26.7,0.48,106.1,25.0,Nominal Pack Thermal Balance
BYD-BLADE-3341,76.3,0.54,109.3,31.6,Nominal Pack Thermal Balance
BYD-BLADE-3342,74.3,2.89,109.9,34.2,Nominal Pack Thermal Balance
BYD-BLADE-3343,78.3,1.38,108.6,33.6,Nominal Pack Thermal Balance
BYD-BLADE-3344,81.6,0.13,112.2,39.7,Nominal Pack Thermal Balance
BYD-BLADE-3345,60.9,0.08,107.4,27.7,Nominal Pack Thermal Balance
BYD-BLADE-3346,46.1,0.09,107.6,25.0,Nominal Pack Thermal Balance
BYD-BLADE-3347,63.9,3.01,108.5,28.7,Nominal Pack Thermal Balance
BYD-BLADE-3348,29.0,0.82,106.1,25.0,Nominal Pack Thermal Balance
BYD-BLADE-3349,48.9,0.05,110.4,25.0,Nominal Pack Thermal Balance
BYD-BLADE-3350,86.5,1.08,112.3,38.8,Nominal Pack Thermal Balance
BYD-BLADE-3351,58.0,1.22,107.0,26.2,Nominal Pack Thermal Balance
BYD-BLADE-3352,69.4,0.38,111.7,34.4,Nominal Pack Thermal Balance
BYD-BLADE-3353,74.3,0.64,110.7,34.3,Nominal Pack Thermal Balance
BYD-BLADE-3354,32.2,1.39,105.0,25.0,Nominal Pack Thermal Balance
BYD-BLADE-3355,83.6,0.15,111.2,37.9,Nominal Pack Thermal Balance
BYD-BLADE-3356,74.5,0.52,114.4,36.8,Nominal Pack Thermal Balance
BYD-BLADE-3357,50.2,6.12,108.9,25.0,Nominal Pack Thermal Balance
BYD-BLADE-3358,32.1,0.75,106.7,25.0,Nominal Pack Thermal Balance
BYD-BLADE-3359,25.6,0.24,103.7,25.0,Nominal Pack Thermal Balance
BYD-BLADE-3360,57.5,1.65,109.2,28.4,Nominal Pack Thermal Balance
BYD-BLADE-3361,67.6,0.17,107.7,29.7,Nominal Pack Thermal Balance
BYD-BLADE-3362,31.9,1.89,104.8,25.0,Nominal Pack Thermal Balance
BYD-BLADE-3363,94.1,0.6,112.9,44.9,Nominal Pack Thermal Balance
BYD-BLADE-3364,68.7,1.17,111.7,31.4,Nominal Pack Thermal Balance
BYD-BLADE-3365,86.7,1.71,113.4,36.9,Nominal Pack Thermal Balance
BYD-BLADE-3366,25.5,0.23,106.9,25.0,Nominal Pack Thermal Balance
BYD-BLADE-3367,45.9,0.71,107.9,25.0,Nominal Pack Thermal Balance
BYD-BLADE-3368,46.1,1.01,104.0,25.0,Nominal Pack Thermal Balance
BYD-BLADE-3369,32.1,0.1,104.7,25.0,Nominal Pack Thermal Balance
BYD-BLADE-3370,31.8,0.15,106.0,25.0,Nominal Pack Thermal Balance
BYD-BLADE-3371,71.5,1.38,109.9,31.9,Nominal Pack Thermal Balance
BYD-BLADE-3372,57.0,0.19,107.1,25.5,Nominal Pack Thermal Balance
BYD-BLADE-3373,25.3,1.18,102.5,25.0,Nominal Pack Thermal Balance
BYD-BLADE-3374,79.7,0.43,112.3,36.7,Nominal Pack Thermal Balance
BYD-BLADE-3375,41.4,0.75,107.3,25.0,Nominal Pack Thermal Balance
BYD-BLADE-3376,25.3,1.4,105.7,25.0,Nominal Pack Thermal Balance
BYD-BLADE-3377,34.5,0.95,105.2,25.0,Nominal Pack Thermal Balance
BYD-BLADE-3378,26.7,0.71,103.7,25.0,Nominal Pack Thermal Balance
BYD-BLADE-3379,80.9,2.05,109.8,35.8,Nominal Pack Thermal Balance
BYD-BLADE-3380,52.7,4.75,109.3,25.0,Nominal Pack Thermal Balance
BYD-BLADE-3381,25.2,2.33,105.7,25.0,Nominal Pack Thermal Balance
BYD-BLADE-3382,74.9,0.04,111.2,34.2,Nominal Pack Thermal Balance
BYD-BLADE-3383,65.9,0.04,110.4,29.3,Nominal Pack Thermal Balance
BYD-BLADE-3384,71.3,1.4,110.9,31.7,Nominal Pack Thermal Balance
BYD-BLADE-3385,76.5,0.77,108.9,34.0,Nominal Pack Thermal Balance
BYD-BLADE-3386,94.7,1.63,115.5,42.8,Nominal Pack Thermal Balance
BYD-BLADE-3387,87.2,1.07,114.9,39.3,Nominal Pack Thermal Balance
BYD-BLADE-3388,94.4,1.25,112.9,43.7,Nominal Pack Thermal Balance
BYD-BLADE-3389,48.1,0.35,107.4,25.0,Nominal Pack Thermal Balance
BYD-BLADE-3390,61.8,2.53,109.3,27.5,Nominal Pack Thermal Balance
BYD-BLADE-3391,30.1,0.81,104.6,25.0,Nominal Pack Thermal Balance
BYD-BLADE-3392,40.9,0.97,107.2,25.0,Nominal Pack Thermal Balance
BYD-BLADE-3393,43.1,1.99,106.9,25.0,Nominal Pack Thermal Balance
BYD-BLADE-3394,92.8,0.29,110.6,38.3,Nominal Pack Thermal Balance
BYD-BLADE-3395,25.1,2.22,104.3,25.0,Nominal Pack Thermal Balance
BYD-BLADE-3396,53.3,2.65,106.3,25.0,Nominal Pack Thermal Balance
BYD-BLADE-3397,54.6,0.2,109.5,25.0,Nominal Pack Thermal Balance
BYD-BLADE-3398,75.6,1.57,110.5,37.3,Nominal Pack Thermal Balance
BYD-BLADE-3399,75.2,2.11,112.5,33.3,Nominal Pack Thermal Balance
