Driveline_Run_ID,Driveshaft_Speed_RPM,Driveline_Torque_Nm,Torsional_Vibration_G,Dynamic_Damping_Stiffness,Driveline_Smoothness
ALFA-GIORGIO-1000,2211,192.5,0.202,1563.1,Nominal Carbon-Fiber Driveline Balance
ALFA-GIORGIO-1001,4626,589.1,0.388,1437.8,Nominal Carbon-Fiber Driveline Balance
ALFA-GIORGIO-1002,4631,324.3,0.272,1446.0,Nominal Carbon-Fiber Driveline Balance
ALFA-GIORGIO-1003,6427,499.8,0.448,1260.7,Torsional Resonance Detected / Damper Sizing
ALFA-GIORGIO-1004,2043,313.2,0.214,1585.5,Nominal Carbon-Fiber Driveline Balance
ALFA-GIORGIO-1005,5870,550.5,0.456,1269.8,Torsional Resonance Detected / Damper Sizing
ALFA-GIORGIO-1006,4449,486.1,0.38,1406.9,Nominal Carbon-Fiber Driveline Balance
ALFA-GIORGIO-1007,2546,160.3,0.216,1575.0,Nominal Carbon-Fiber Driveline Balance
ALFA-GIORGIO-1008,4318,452.7,0.355,1362.7,Nominal Carbon-Fiber Driveline Balance
ALFA-GIORGIO-1009,2408,218.9,0.215,1516.7,Nominal Carbon-Fiber Driveline Balance
ALFA-GIORGIO-1010,1526,554.0,0.313,1468.4,Nominal Carbon-Fiber Driveline Balance
ALFA-GIORGIO-1011,4276,493.6,0.369,1343.3,Nominal Carbon-Fiber Driveline Balance
ALFA-GIORGIO-1012,3174,564.0,0.323,1391.6,Nominal Carbon-Fiber Driveline Balance
ALFA-GIORGIO-1013,2323,439.0,0.317,1403.0,Nominal Carbon-Fiber Driveline Balance
ALFA-GIORGIO-1014,4065,417.8,0.315,1461.0,Nominal Carbon-Fiber Driveline Balance
ALFA-GIORGIO-1015,6459,427.4,0.413,1207.7,Nominal Carbon-Fiber Driveline Balance
ALFA-GIORGIO-1016,5967,220.6,0.355,1420.2,Nominal Carbon-Fiber Driveline Balance
ALFA-GIORGIO-1017,2779,245.3,0.225,1472.3,Nominal Carbon-Fiber Driveline Balance
ALFA-GIORGIO-1018,6170,549.4,0.394,1291.7,Nominal Carbon-Fiber Driveline Balance
ALFA-GIORGIO-1019,4502,514.6,0.39,1393.2,Nominal Carbon-Fiber Driveline Balance
ALFA-GIORGIO-1020,5517,478.3,0.374,1276.1,Nominal Carbon-Fiber Driveline Balance
ALFA-GIORGIO-1021,3282,206.1,0.24,1549.9,Nominal Carbon-Fiber Driveline Balance
ALFA-GIORGIO-1022,2661,337.3,0.214,1488.5,Nominal Carbon-Fiber Driveline Balance
ALFA-GIORGIO-1023,3107,531.7,0.297,1477.1,Nominal Carbon-Fiber Driveline Balance
ALFA-GIORGIO-1024,4944,291.4,0.332,1430.9,Nominal Carbon-Fiber Driveline Balance
ALFA-GIORGIO-1025,2279,428.0,0.231,1507.1,Nominal Carbon-Fiber Driveline Balance
ALFA-GIORGIO-1026,3423,440.4,0.362,1312.1,Nominal Carbon-Fiber Driveline Balance
ALFA-GIORGIO-1027,1687,478.8,0.234,1556.3,Nominal Carbon-Fiber Driveline Balance
ALFA-GIORGIO-1028,6087,379.4,0.405,1302.7,Nominal Carbon-Fiber Driveline Balance
ALFA-GIORGIO-1029,3764,241.5,0.312,1459.7,Nominal Carbon-Fiber Driveline Balance
ALFA-GIORGIO-1030,5177,485.4,0.395,1316.4,Nominal Carbon-Fiber Driveline Balance
ALFA-GIORGIO-1031,4149,434.6,0.344,1435.5,Nominal Carbon-Fiber Driveline Balance
ALFA-GIORGIO-1032,7247,209.5,0.368,1363.0,Nominal Carbon-Fiber Driveline Balance
ALFA-GIORGIO-1033,1589,530.1,0.239,1505.2,Nominal Carbon-Fiber Driveline Balance
ALFA-GIORGIO-1034,6121,312.0,0.357,1353.2,Nominal Carbon-Fiber Driveline Balance
ALFA-GIORGIO-1035,2743,196.3,0.25,1429.3,Nominal Carbon-Fiber Driveline Balance
ALFA-GIORGIO-1036,6818,461.6,0.482,1259.0,Torsional Resonance Detected / Damper Sizing
ALFA-GIORGIO-1037,4332,237.6,0.327,1468.1,Nominal Carbon-Fiber Driveline Balance
ALFA-GIORGIO-1038,5221,395.5,0.365,1335.6,Nominal Carbon-Fiber Driveline Balance
ALFA-GIORGIO-1039,5947,196.7,0.27,1430.4,Nominal Carbon-Fiber Driveline Balance
ALFA-GIORGIO-1040,1735,436.6,0.226,1558.7,Nominal Carbon-Fiber Driveline Balance
ALFA-GIORGIO-1041,4603,427.4,0.385,1356.3,Nominal Carbon-Fiber Driveline Balance
ALFA-GIORGIO-1042,3602,163.4,0.27,1438.1,Nominal Carbon-Fiber Driveline Balance
ALFA-GIORGIO-1043,6032,508.0,0.368,1288.4,Nominal Carbon-Fiber Driveline Balance
ALFA-GIORGIO-1044,5431,471.6,0.4,1266.5,Nominal Carbon-Fiber Driveline Balance
ALFA-GIORGIO-1045,6400,542.4,0.407,1330.2,Nominal Carbon-Fiber Driveline Balance
ALFA-GIORGIO-1046,7467,188.3,0.381,1288.1,Nominal Carbon-Fiber Driveline Balance
ALFA-GIORGIO-1047,6619,161.3,0.386,1333.1,Nominal Carbon-Fiber Driveline Balance
ALFA-GIORGIO-1048,1607,404.4,0.272,1506.3,Nominal Carbon-Fiber Driveline Balance
ALFA-GIORGIO-1049,3100,496.4,0.306,1412.2,Nominal Carbon-Fiber Driveline Balance
ALFA-GIORGIO-1050,5731,280.3,0.367,1341.2,Nominal Carbon-Fiber Driveline Balance
ALFA-GIORGIO-1051,3900,237.5,0.254,1505.1,Nominal Carbon-Fiber Driveline Balance
ALFA-GIORGIO-1052,3554,216.4,0.283,1466.8,Nominal Carbon-Fiber Driveline Balance
ALFA-GIORGIO-1053,6674,226.8,0.387,1310.4,Nominal Carbon-Fiber Driveline Balance
ALFA-GIORGIO-1054,1649,351.0,0.258,1523.8,Nominal Carbon-Fiber Driveline Balance
ALFA-GIORGIO-1055,5061,507.2,0.336,1377.0,Nominal Carbon-Fiber Driveline Balance
ALFA-GIORGIO-1056,6902,567.5,0.499,1260.9,Torsional Resonance Detected / Damper Sizing
ALFA-GIORGIO-1057,2718,251.2,0.21,1579.3,Nominal Carbon-Fiber Driveline Balance
ALFA-GIORGIO-1058,1555,258.3,0.231,1487.8,Nominal Carbon-Fiber Driveline Balance
ALFA-GIORGIO-1059,3621,288.3,0.286,1516.0,Nominal Carbon-Fiber Driveline Balance
ALFA-GIORGIO-1060,4605,491.1,0.372,1324.6,Nominal Carbon-Fiber Driveline Balance
ALFA-GIORGIO-1061,6078,596.2,0.511,1241.7,Torsional Resonance Detected / Damper Sizing
ALFA-GIORGIO-1062,5822,549.2,0.411,1272.9,Nominal Carbon-Fiber Driveline Balance
ALFA-GIORGIO-1063,6846,459.9,0.428,1316.3,Torsional Resonance Detected / Damper Sizing
ALFA-GIORGIO-1064,3023,369.8,0.302,1398.5,Nominal Carbon-Fiber Driveline Balance
ALFA-GIORGIO-1065,2473,175.4,0.25,1540.1,Nominal Carbon-Fiber Driveline Balance
ALFA-GIORGIO-1066,5388,230.0,0.303,1434.3,Nominal Carbon-Fiber Driveline Balance
ALFA-GIORGIO-1067,5588,315.7,0.299,1461.5,Nominal Carbon-Fiber Driveline Balance
ALFA-GIORGIO-1068,6596,499.6,0.45,1308.0,Torsional Resonance Detected / Damper Sizing
ALFA-GIORGIO-1069,4012,464.0,0.335,1369.2,Nominal Carbon-Fiber Driveline Balance
ALFA-GIORGIO-1070,4078,421.1,0.362,1369.2,Nominal Carbon-Fiber Driveline Balance
ALFA-GIORGIO-1071,6799,546.5,0.476,1172.6,Torsional Resonance Detected / Damper Sizing
ALFA-GIORGIO-1072,5403,407.6,0.41,1263.6,Nominal Carbon-Fiber Driveline Balance
ALFA-GIORGIO-1073,5837,368.0,0.435,1266.7,Torsional Resonance Detected / Damper Sizing
ALFA-GIORGIO-1074,2005,448.1,0.307,1469.5,Nominal Carbon-Fiber Driveline Balance
ALFA-GIORGIO-1075,1573,305.6,0.203,1522.3,Nominal Carbon-Fiber Driveline Balance
ALFA-GIORGIO-1076,2042,426.0,0.259,1484.9,Nominal Carbon-Fiber Driveline Balance
ALFA-GIORGIO-1077,3929,323.0,0.311,1476.8,Nominal Carbon-Fiber Driveline Balance
ALFA-GIORGIO-1078,5995,238.8,0.339,1416.6,Nominal Carbon-Fiber Driveline Balance
ALFA-GIORGIO-1079,6667,158.2,0.383,1375.4,Nominal Carbon-Fiber Driveline Balance
ALFA-GIORGIO-1080,6741,584.2,0.475,1199.7,Torsional Resonance Detected / Damper Sizing
ALFA-GIORGIO-1081,2433,252.9,0.266,1461.7,Nominal Carbon-Fiber Driveline Balance
ALFA-GIORGIO-1082,6474,304.5,0.399,1309.2,Nominal Carbon-Fiber Driveline Balance
ALFA-GIORGIO-1083,4935,422.2,0.396,1314.1,Nominal Carbon-Fiber Driveline Balance
ALFA-GIORGIO-1084,4484,321.1,0.334,1400.8,Nominal Carbon-Fiber Driveline Balance
ALFA-GIORGIO-1085,6518,467.0,0.458,1275.4,Torsional Resonance Detected / Damper Sizing
ALFA-GIORGIO-1086,4783,248.9,0.289,1461.2,Nominal Carbon-Fiber Driveline Balance
ALFA-GIORGIO-1087,3356,166.4,0.182,1581.6,Nominal Carbon-Fiber Driveline Balance
ALFA-GIORGIO-1088,1958,484.9,0.271,1460.8,Nominal Carbon-Fiber Driveline Balance
ALFA-GIORGIO-1089,1675,514.2,0.288,1417.5,Nominal Carbon-Fiber Driveline Balance
ALFA-GIORGIO-1090,2237,410.5,0.2,1534.2,Nominal Carbon-Fiber Driveline Balance
ALFA-GIORGIO-1091,5515,412.9,0.352,1366.5,Nominal Carbon-Fiber Driveline Balance
ALFA-GIORGIO-1092,3008,202.6,0.248,1575.9,Nominal Carbon-Fiber Driveline Balance
ALFA-GIORGIO-1093,5703,463.4,0.423,1294.9,Torsional Resonance Detected / Damper Sizing
ALFA-GIORGIO-1094,1652,432.8,0.24,1556.6,Nominal Carbon-Fiber Driveline Balance
ALFA-GIORGIO-1095,4942,409.0,0.342,1458.1,Nominal Carbon-Fiber Driveline Balance
ALFA-GIORGIO-1096,1506,170.3,0.186,1664.9,Nominal Carbon-Fiber Driveline Balance
ALFA-GIORGIO-1097,4711,295.5,0.247,1506.7,Nominal Carbon-Fiber Driveline Balance
ALFA-GIORGIO-1098,3050,483.7,0.297,1423.6,Nominal Carbon-Fiber Driveline Balance
ALFA-GIORGIO-1099,1864,277.7,0.199,1551.0,Nominal Carbon-Fiber Driveline Balance
ALFA-GIORGIO-1100,2622,247.5,0.257,1506.3,Nominal Carbon-Fiber Driveline Balance
ALFA-GIORGIO-1101,5429,180.0,0.297,1451.7,Nominal Carbon-Fiber Driveline Balance
ALFA-GIORGIO-1102,5944,292.8,0.401,1303.1,Nominal Carbon-Fiber Driveline Balance
ALFA-GIORGIO-1103,3913,346.2,0.351,1411.0,Nominal Carbon-Fiber Driveline Balance
ALFA-GIORGIO-1104,2010,221.0,0.178,1645.6,Nominal Carbon-Fiber Driveline Balance
ALFA-GIORGIO-1105,2617,518.7,0.351,1330.5,Nominal Carbon-Fiber Driveline Balance
ALFA-GIORGIO-1106,3927,225.9,0.269,1512.1,Nominal Carbon-Fiber Driveline Balance
ALFA-GIORGIO-1107,4687,352.9,0.33,1418.4,Nominal Carbon-Fiber Driveline Balance
ALFA-GIORGIO-1108,4121,280.6,0.333,1445.4,Nominal Carbon-Fiber Driveline Balance
ALFA-GIORGIO-1109,1956,221.7,0.24,1504.9,Nominal Carbon-Fiber Driveline Balance
ALFA-GIORGIO-1110,2945,261.7,0.21,1568.4,Nominal Carbon-Fiber Driveline Balance
ALFA-GIORGIO-1111,5108,504.4,0.393,1237.6,Nominal Carbon-Fiber Driveline Balance
ALFA-GIORGIO-1112,3223,456.6,0.309,1447.6,Nominal Carbon-Fiber Driveline Balance
ALFA-GIORGIO-1113,5469,502.1,0.342,1387.9,Nominal Carbon-Fiber Driveline Balance
ALFA-GIORGIO-1114,3516,280.9,0.266,1475.6,Nominal Carbon-Fiber Driveline Balance
ALFA-GIORGIO-1115,2819,352.6,0.283,1394.1,Nominal Carbon-Fiber Driveline Balance
ALFA-GIORGIO-1116,4912,452.8,0.367,1371.5,Nominal Carbon-Fiber Driveline Balance
ALFA-GIORGIO-1117,2813,367.1,0.282,1420.5,Nominal Carbon-Fiber Driveline Balance
ALFA-GIORGIO-1118,3026,180.4,0.229,1467.5,Nominal Carbon-Fiber Driveline Balance
ALFA-GIORGIO-1119,6038,320.6,0.377,1426.4,Nominal Carbon-Fiber Driveline Balance
ALFA-GIORGIO-1120,7457,517.8,0.539,1167.8,Torsional Resonance Detected / Damper Sizing
ALFA-GIORGIO-1121,7230,303.8,0.414,1251.6,Nominal Carbon-Fiber Driveline Balance
ALFA-GIORGIO-1122,5960,578.8,0.441,1224.3,Torsional Resonance Detected / Damper Sizing
ALFA-GIORGIO-1123,2327,485.0,0.295,1433.4,Nominal Carbon-Fiber Driveline Balance
ALFA-GIORGIO-1124,5790,232.8,0.408,1334.9,Nominal Carbon-Fiber Driveline Balance
ALFA-GIORGIO-1125,7304,410.1,0.44,1228.6,Torsional Resonance Detected / Damper Sizing
ALFA-GIORGIO-1126,5976,453.8,0.438,1318.7,Torsional Resonance Detected / Damper Sizing
ALFA-GIORGIO-1127,1777,168.9,0.187,1638.5,Nominal Carbon-Fiber Driveline Balance
ALFA-GIORGIO-1128,1753,593.6,0.321,1407.2,Nominal Carbon-Fiber Driveline Balance
ALFA-GIORGIO-1129,6340,592.2,0.462,1234.2,Torsional Resonance Detected / Damper Sizing
ALFA-GIORGIO-1130,3387,173.0,0.222,1572.7,Nominal Carbon-Fiber Driveline Balance
ALFA-GIORGIO-1131,5835,456.2,0.402,1306.2,Nominal Carbon-Fiber Driveline Balance
ALFA-GIORGIO-1132,5372,227.9,0.292,1520.3,Nominal Carbon-Fiber Driveline Balance
ALFA-GIORGIO-1133,4658,383.1,0.386,1267.6,Nominal Carbon-Fiber Driveline Balance
ALFA-GIORGIO-1134,5889,436.4,0.397,1302.1,Nominal Carbon-Fiber Driveline Balance
ALFA-GIORGIO-1135,4836,249.0,0.329,1396.8,Nominal Carbon-Fiber Driveline Balance
ALFA-GIORGIO-1136,5271,183.3,0.251,1439.1,Nominal Carbon-Fiber Driveline Balance
ALFA-GIORGIO-1137,2927,258.9,0.232,1566.5,Nominal Carbon-Fiber Driveline Balance
ALFA-GIORGIO-1138,5901,310.7,0.341,1440.3,Nominal Carbon-Fiber Driveline Balance
ALFA-GIORGIO-1139,7178,234.2,0.403,1319.4,Nominal Carbon-Fiber Driveline Balance
ALFA-GIORGIO-1140,2417,517.8,0.35,1355.1,Nominal Carbon-Fiber Driveline Balance
ALFA-GIORGIO-1141,4266,207.0,0.301,1350.6,Nominal Carbon-Fiber Driveline Balance
ALFA-GIORGIO-1142,6929,265.6,0.436,1284.2,Torsional Resonance Detected / Damper Sizing
ALFA-GIORGIO-1143,4962,382.0,0.329,1375.1,Nominal Carbon-Fiber Driveline Balance
ALFA-GIORGIO-1144,2079,489.2,0.227,1484.6,Nominal Carbon-Fiber Driveline Balance
ALFA-GIORGIO-1145,4398,460.7,0.327,1394.1,Nominal Carbon-Fiber Driveline Balance
ALFA-GIORGIO-1146,4989,275.5,0.314,1382.8,Nominal Carbon-Fiber Driveline Balance
ALFA-GIORGIO-1147,5725,303.5,0.408,1322.3,Nominal Carbon-Fiber Driveline Balance
ALFA-GIORGIO-1148,5887,529.4,0.419,1244.3,Nominal Carbon-Fiber Driveline Balance
ALFA-GIORGIO-1149,2985,572.7,0.347,1410.6,Nominal Carbon-Fiber Driveline Balance
ALFA-GIORGIO-1150,2064,595.1,0.307,1419.6,Nominal Carbon-Fiber Driveline Balance
ALFA-GIORGIO-1151,7068,170.6,0.376,1369.5,Nominal Carbon-Fiber Driveline Balance
ALFA-GIORGIO-1152,2559,214.0,0.204,1565.2,Nominal Carbon-Fiber Driveline Balance
ALFA-GIORGIO-1153,5748,415.1,0.437,1271.1,Torsional Resonance Detected / Damper Sizing
ALFA-GIORGIO-1154,1701,453.0,0.194,1643.6,Nominal Carbon-Fiber Driveline Balance
ALFA-GIORGIO-1155,5649,160.5,0.329,1356.8,Nominal Carbon-Fiber Driveline Balance
ALFA-GIORGIO-1156,2739,591.8,0.275,1444.5,Nominal Carbon-Fiber Driveline Balance
ALFA-GIORGIO-1157,3785,347.2,0.318,1420.1,Nominal Carbon-Fiber Driveline Balance
ALFA-GIORGIO-1158,4705,483.5,0.402,1259.3,Nominal Carbon-Fiber Driveline Balance
ALFA-GIORGIO-1159,4525,192.5,0.304,1398.1,Nominal Carbon-Fiber Driveline Balance
ALFA-GIORGIO-1160,5206,563.4,0.428,1323.4,Torsional Resonance Detected / Damper Sizing
ALFA-GIORGIO-1161,6889,180.3,0.383,1397.1,Nominal Carbon-Fiber Driveline Balance
ALFA-GIORGIO-1162,3370,468.3,0.378,1296.8,Nominal Carbon-Fiber Driveline Balance
ALFA-GIORGIO-1163,4270,156.7,0.265,1521.3,Nominal Carbon-Fiber Driveline Balance
ALFA-GIORGIO-1164,1748,344.4,0.178,1641.3,Nominal Carbon-Fiber Driveline Balance
ALFA-GIORGIO-1165,6832,335.3,0.426,1303.3,Torsional Resonance Detected / Damper Sizing
ALFA-GIORGIO-1166,4254,254.1,0.313,1495.0,Nominal Carbon-Fiber Driveline Balance
ALFA-GIORGIO-1167,6519,249.9,0.342,1440.2,Nominal Carbon-Fiber Driveline Balance
ALFA-GIORGIO-1168,4189,177.6,0.223,1583.5,Nominal Carbon-Fiber Driveline Balance
ALFA-GIORGIO-1169,2322,596.1,0.339,1392.3,Nominal Carbon-Fiber Driveline Balance
ALFA-GIORGIO-1170,3294,489.0,0.287,1474.2,Nominal Carbon-Fiber Driveline Balance
ALFA-GIORGIO-1171,3171,256.8,0.24,1482.0,Nominal Carbon-Fiber Driveline Balance
ALFA-GIORGIO-1172,5986,583.8,0.414,1306.6,Nominal Carbon-Fiber Driveline Balance
ALFA-GIORGIO-1173,7448,203.6,0.427,1248.1,Torsional Resonance Detected / Damper Sizing
ALFA-GIORGIO-1174,5161,172.1,0.321,1379.0,Nominal Carbon-Fiber Driveline Balance
ALFA-GIORGIO-1175,7440,275.7,0.408,1311.6,Nominal Carbon-Fiber Driveline Balance
ALFA-GIORGIO-1176,6894,447.0,0.449,1199.2,Torsional Resonance Detected / Damper Sizing
ALFA-GIORGIO-1177,3767,325.3,0.26,1441.8,Nominal Carbon-Fiber Driveline Balance
ALFA-GIORGIO-1178,3909,563.6,0.316,1425.3,Nominal Carbon-Fiber Driveline Balance
ALFA-GIORGIO-1179,2718,328.3,0.235,1522.8,Nominal Carbon-Fiber Driveline Balance
ALFA-GIORGIO-1180,4273,380.6,0.342,1373.4,Nominal Carbon-Fiber Driveline Balance
ALFA-GIORGIO-1181,2367,461.8,0.281,1425.6,Nominal Carbon-Fiber Driveline Balance
ALFA-GIORGIO-1182,3991,498.6,0.358,1384.6,Nominal Carbon-Fiber Driveline Balance
ALFA-GIORGIO-1183,1868,568.1,0.299,1394.3,Nominal Carbon-Fiber Driveline Balance
ALFA-GIORGIO-1184,4389,590.0,0.39,1387.6,Nominal Carbon-Fiber Driveline Balance
ALFA-GIORGIO-1185,2140,272.7,0.24,1538.7,Nominal Carbon-Fiber Driveline Balance
ALFA-GIORGIO-1186,4229,336.3,0.332,1356.7,Nominal Carbon-Fiber Driveline Balance
ALFA-GIORGIO-1187,2493,444.2,0.284,1411.8,Nominal Carbon-Fiber Driveline Balance
ALFA-GIORGIO-1188,4472,232.7,0.291,1399.4,Nominal Carbon-Fiber Driveline Balance
ALFA-GIORGIO-1189,1991,550.5,0.292,1470.5,Nominal Carbon-Fiber Driveline Balance
ALFA-GIORGIO-1190,1613,195.2,0.173,1569.9,Nominal Carbon-Fiber Driveline Balance
ALFA-GIORGIO-1191,5999,165.0,0.37,1331.7,Nominal Carbon-Fiber Driveline Balance
ALFA-GIORGIO-1192,5632,527.5,0.442,1280.4,Torsional Resonance Detected / Damper Sizing
ALFA-GIORGIO-1193,5168,368.6,0.396,1321.3,Nominal Carbon-Fiber Driveline Balance
ALFA-GIORGIO-1194,5727,158.1,0.331,1371.8,Nominal Carbon-Fiber Driveline Balance
ALFA-GIORGIO-1195,5555,450.1,0.375,1329.2,Nominal Carbon-Fiber Driveline Balance
ALFA-GIORGIO-1196,5345,569.8,0.396,1339.6,Nominal Carbon-Fiber Driveline Balance
ALFA-GIORGIO-1197,6367,338.9,0.396,1256.9,Nominal Carbon-Fiber Driveline Balance
ALFA-GIORGIO-1198,7069,520.8,0.44,1250.3,Torsional Resonance Detected / Damper Sizing
ALFA-GIORGIO-1199,6326,340.2,0.366,1452.0,Nominal Carbon-Fiber Driveline Balance
ALFA-GIORGIO-1200,1813,253.5,0.196,1630.5,Nominal Carbon-Fiber Driveline Balance
ALFA-GIORGIO-1201,3662,405.3,0.359,1400.4,Nominal Carbon-Fiber Driveline Balance
ALFA-GIORGIO-1202,2618,421.8,0.279,1441.4,Nominal Carbon-Fiber Driveline Balance
ALFA-GIORGIO-1203,5685,415.8,0.374,1374.1,Nominal Carbon-Fiber Driveline Balance
ALFA-GIORGIO-1204,5501,188.2,0.32,1388.2,Nominal Carbon-Fiber Driveline Balance
ALFA-GIORGIO-1205,3354,412.9,0.31,1486.0,Nominal Carbon-Fiber Driveline Balance
ALFA-GIORGIO-1206,5477,313.7,0.359,1355.2,Nominal Carbon-Fiber Driveline Balance
ALFA-GIORGIO-1207,5610,418.4,0.411,1311.9,Nominal Carbon-Fiber Driveline Balance
ALFA-GIORGIO-1208,1836,537.8,0.337,1368.5,Nominal Carbon-Fiber Driveline Balance
ALFA-GIORGIO-1209,6786,424.3,0.424,1231.5,Torsional Resonance Detected / Damper Sizing
ALFA-GIORGIO-1210,1997,230.4,0.226,1560.8,Nominal Carbon-Fiber Driveline Balance
ALFA-GIORGIO-1211,2872,452.9,0.297,1460.6,Nominal Carbon-Fiber Driveline Balance
ALFA-GIORGIO-1212,3705,308.6,0.313,1406.4,Nominal Carbon-Fiber Driveline Balance
ALFA-GIORGIO-1213,4875,230.4,0.323,1367.5,Nominal Carbon-Fiber Driveline Balance
ALFA-GIORGIO-1214,4365,229.9,0.295,1479.4,Nominal Carbon-Fiber Driveline Balance
ALFA-GIORGIO-1215,4416,330.9,0.322,1395.3,Nominal Carbon-Fiber Driveline Balance
ALFA-GIORGIO-1216,4987,410.8,0.392,1313.1,Nominal Carbon-Fiber Driveline Balance
ALFA-GIORGIO-1217,6621,164.7,0.392,1352.3,Nominal Carbon-Fiber Driveline Balance
ALFA-GIORGIO-1218,6853,246.7,0.38,1380.6,Nominal Carbon-Fiber Driveline Balance
ALFA-GIORGIO-1219,2720,220.8,0.223,1571.4,Nominal Carbon-Fiber Driveline Balance
ALFA-GIORGIO-1220,4361,403.8,0.331,1438.1,Nominal Carbon-Fiber Driveline Balance
ALFA-GIORGIO-1221,4564,422.0,0.328,1403.8,Nominal Carbon-Fiber Driveline Balance
ALFA-GIORGIO-1222,4029,443.3,0.287,1506.6,Nominal Carbon-Fiber Driveline Balance
ALFA-GIORGIO-1223,3568,402.6,0.323,1370.2,Nominal Carbon-Fiber Driveline Balance
ALFA-GIORGIO-1224,2175,376.9,0.235,1533.8,Nominal Carbon-Fiber Driveline Balance
ALFA-GIORGIO-1225,5760,185.0,0.371,1355.2,Nominal Carbon-Fiber Driveline Balance
ALFA-GIORGIO-1226,6168,255.4,0.348,1434.0,Nominal Carbon-Fiber Driveline Balance
ALFA-GIORGIO-1227,1570,233.9,0.237,1543.9,Nominal Carbon-Fiber Driveline Balance
ALFA-GIORGIO-1228,6687,222.9,0.375,1411.3,Nominal Carbon-Fiber Driveline Balance
ALFA-GIORGIO-1229,5046,507.1,0.427,1308.7,Torsional Resonance Detected / Damper Sizing
ALFA-GIORGIO-1230,4777,359.9,0.329,1408.1,Nominal Carbon-Fiber Driveline Balance
ALFA-GIORGIO-1231,4305,174.8,0.29,1433.3,Nominal Carbon-Fiber Driveline Balance
ALFA-GIORGIO-1232,6532,578.6,0.479,1181.7,Torsional Resonance Detected / Damper Sizing
ALFA-GIORGIO-1233,5511,513.6,0.384,1316.4,Nominal Carbon-Fiber Driveline Balance
ALFA-GIORGIO-1234,1558,253.4,0.148,1619.3,Nominal Carbon-Fiber Driveline Balance
ALFA-GIORGIO-1235,6013,284.8,0.343,1310.0,Nominal Carbon-Fiber Driveline Balance
ALFA-GIORGIO-1236,1831,179.6,0.196,1589.5,Nominal Carbon-Fiber Driveline Balance
ALFA-GIORGIO-1237,1714,544.2,0.295,1456.0,Nominal Carbon-Fiber Driveline Balance
ALFA-GIORGIO-1238,6831,172.2,0.401,1286.9,Nominal Carbon-Fiber Driveline Balance
ALFA-GIORGIO-1239,3972,429.3,0.359,1375.7,Nominal Carbon-Fiber Driveline Balance
ALFA-GIORGIO-1240,5253,390.8,0.355,1354.6,Nominal Carbon-Fiber Driveline Balance
ALFA-GIORGIO-1241,1999,541.3,0.28,1456.2,Nominal Carbon-Fiber Driveline Balance
ALFA-GIORGIO-1242,3076,303.5,0.242,1520.3,Nominal Carbon-Fiber Driveline Balance
ALFA-GIORGIO-1243,6216,577.3,0.471,1244.7,Torsional Resonance Detected / Damper Sizing
ALFA-GIORGIO-1244,3587,469.7,0.301,1515.7,Nominal Carbon-Fiber Driveline Balance
ALFA-GIORGIO-1245,5638,236.4,0.359,1344.2,Nominal Carbon-Fiber Driveline Balance
ALFA-GIORGIO-1246,7500,211.9,0.431,1276.7,Torsional Resonance Detected / Damper Sizing
ALFA-GIORGIO-1247,5938,294.7,0.381,1339.4,Nominal Carbon-Fiber Driveline Balance
ALFA-GIORGIO-1248,4110,495.3,0.378,1342.7,Nominal Carbon-Fiber Driveline Balance
ALFA-GIORGIO-1249,4904,241.7,0.34,1373.1,Nominal Carbon-Fiber Driveline Balance
ALFA-GIORGIO-1250,3458,564.2,0.354,1444.5,Nominal Carbon-Fiber Driveline Balance
ALFA-GIORGIO-1251,5624,168.1,0.353,1367.2,Nominal Carbon-Fiber Driveline Balance
ALFA-GIORGIO-1252,6775,218.4,0.422,1267.0,Torsional Resonance Detected / Damper Sizing
ALFA-GIORGIO-1253,2040,250.8,0.223,1544.6,Nominal Carbon-Fiber Driveline Balance
ALFA-GIORGIO-1254,1930,483.8,0.299,1480.5,Nominal Carbon-Fiber Driveline Balance
ALFA-GIORGIO-1255,6116,401.6,0.364,1415.7,Nominal Carbon-Fiber Driveline Balance
ALFA-GIORGIO-1256,3540,156.2,0.245,1461.5,Nominal Carbon-Fiber Driveline Balance
ALFA-GIORGIO-1257,2852,469.1,0.242,1603.0,Nominal Carbon-Fiber Driveline Balance
ALFA-GIORGIO-1258,4595,553.2,0.343,1424.6,Nominal Carbon-Fiber Driveline Balance
ALFA-GIORGIO-1259,2656,528.5,0.324,1407.0,Nominal Carbon-Fiber Driveline Balance
ALFA-GIORGIO-1260,6820,313.8,0.343,1410.5,Nominal Carbon-Fiber Driveline Balance
ALFA-GIORGIO-1261,6246,484.8,0.464,1269.7,Torsional Resonance Detected / Damper Sizing
ALFA-GIORGIO-1262,6532,522.9,0.487,1197.9,Torsional Resonance Detected / Damper Sizing
ALFA-GIORGIO-1263,6695,475.1,0.402,1338.2,Nominal Carbon-Fiber Driveline Balance
ALFA-GIORGIO-1264,7163,263.7,0.371,1359.0,Nominal Carbon-Fiber Driveline Balance
ALFA-GIORGIO-1265,1736,442.5,0.285,1473.6,Nominal Carbon-Fiber Driveline Balance
ALFA-GIORGIO-1266,6398,254.7,0.35,1368.7,Nominal Carbon-Fiber Driveline Balance
ALFA-GIORGIO-1267,1579,264.9,0.194,1567.2,Nominal Carbon-Fiber Driveline Balance
ALFA-GIORGIO-1268,4154,158.1,0.307,1367.4,Nominal Carbon-Fiber Driveline Balance
ALFA-GIORGIO-1269,7337,435.2,0.498,1220.5,Torsional Resonance Detected / Damper Sizing
ALFA-GIORGIO-1270,3062,308.6,0.291,1430.7,Nominal Carbon-Fiber Driveline Balance
ALFA-GIORGIO-1271,4299,559.6,0.344,1244.8,Nominal Carbon-Fiber Driveline Balance
ALFA-GIORGIO-1272,6006,593.9,0.435,1313.9,Torsional Resonance Detected / Damper Sizing
ALFA-GIORGIO-1273,6372,314.8,0.421,1254.9,Torsional Resonance Detected / Damper Sizing
ALFA-GIORGIO-1274,6384,154.6,0.338,1360.0,Nominal Carbon-Fiber Driveline Balance
ALFA-GIORGIO-1275,7062,399.7,0.452,1242.3,Torsional Resonance Detected / Damper Sizing
ALFA-GIORGIO-1276,6482,479.4,0.442,1264.1,Torsional Resonance Detected / Damper Sizing
ALFA-GIORGIO-1277,2750,418.8,0.312,1397.6,Nominal Carbon-Fiber Driveline Balance
ALFA-GIORGIO-1278,2460,349.2,0.256,1502.0,Nominal Carbon-Fiber Driveline Balance
ALFA-GIORGIO-1279,1986,527.9,0.291,1382.9,Nominal Carbon-Fiber Driveline Balance
ALFA-GIORGIO-1280,1927,369.0,0.231,1467.2,Nominal Carbon-Fiber Driveline Balance
ALFA-GIORGIO-1281,7051,467.6,0.457,1317.2,Torsional Resonance Detected / Damper Sizing
ALFA-GIORGIO-1282,2089,162.4,0.201,1540.1,Nominal Carbon-Fiber Driveline Balance
ALFA-GIORGIO-1283,3547,343.7,0.241,1478.6,Nominal Carbon-Fiber Driveline Balance
ALFA-GIORGIO-1284,2267,493.7,0.283,1473.5,Nominal Carbon-Fiber Driveline Balance
ALFA-GIORGIO-1285,4640,180.1,0.261,1566.9,Nominal Carbon-Fiber Driveline Balance
ALFA-GIORGIO-1286,5621,398.8,0.372,1370.8,Nominal Carbon-Fiber Driveline Balance
ALFA-GIORGIO-1287,6969,435.1,0.493,1243.1,Torsional Resonance Detected / Damper Sizing
ALFA-GIORGIO-1288,5385,585.0,0.417,1328.8,Nominal Carbon-Fiber Driveline Balance
ALFA-GIORGIO-1289,4182,428.7,0.319,1409.8,Nominal Carbon-Fiber Driveline Balance
ALFA-GIORGIO-1290,7098,208.5,0.398,1291.5,Nominal Carbon-Fiber Driveline Balance
ALFA-GIORGIO-1291,4577,344.1,0.29,1542.8,Nominal Carbon-Fiber Driveline Balance
ALFA-GIORGIO-1292,1825,460.6,0.276,1519.5,Nominal Carbon-Fiber Driveline Balance
ALFA-GIORGIO-1293,2597,365.5,0.308,1455.3,Nominal Carbon-Fiber Driveline Balance
ALFA-GIORGIO-1294,6333,407.0,0.382,1271.1,Nominal Carbon-Fiber Driveline Balance
ALFA-GIORGIO-1295,6230,531.3,0.396,1345.3,Nominal Carbon-Fiber Driveline Balance
ALFA-GIORGIO-1296,2664,550.7,0.317,1389.4,Nominal Carbon-Fiber Driveline Balance
ALFA-GIORGIO-1297,5097,438.5,0.389,1335.0,Nominal Carbon-Fiber Driveline Balance
ALFA-GIORGIO-1298,6790,319.1,0.408,1324.0,Nominal Carbon-Fiber Driveline Balance
ALFA-GIORGIO-1299,1633,438.9,0.217,1498.7,Nominal Carbon-Fiber Driveline Balance
ALFA-GIORGIO-1300,7330,443.6,0.468,1196.1,Torsional Resonance Detected / Damper Sizing
ALFA-GIORGIO-1301,3219,351.4,0.25,1477.1,Nominal Carbon-Fiber Driveline Balance
ALFA-GIORGIO-1302,6110,567.2,0.422,1297.3,Torsional Resonance Detected / Damper Sizing
ALFA-GIORGIO-1303,5647,297.9,0.345,1352.9,Nominal Carbon-Fiber Driveline Balance
ALFA-GIORGIO-1304,6336,374.8,0.372,1317.1,Nominal Carbon-Fiber Driveline Balance
ALFA-GIORGIO-1305,3581,153.2,0.272,1505.8,Nominal Carbon-Fiber Driveline Balance
ALFA-GIORGIO-1306,4809,368.7,0.332,1379.6,Nominal Carbon-Fiber Driveline Balance
ALFA-GIORGIO-1307,5919,369.7,0.431,1293.6,Torsional Resonance Detected / Damper Sizing
ALFA-GIORGIO-1308,2313,497.7,0.279,1542.0,Nominal Carbon-Fiber Driveline Balance
ALFA-GIORGIO-1309,4828,343.2,0.308,1386.4,Nominal Carbon-Fiber Driveline Balance
ALFA-GIORGIO-1310,6887,480.7,0.407,1228.6,Nominal Carbon-Fiber Driveline Balance
ALFA-GIORGIO-1311,4562,263.1,0.294,1397.6,Nominal Carbon-Fiber Driveline Balance
ALFA-GIORGIO-1312,5751,347.9,0.351,1419.8,Nominal Carbon-Fiber Driveline Balance
ALFA-GIORGIO-1313,1699,260.2,0.19,1639.0,Nominal Carbon-Fiber Driveline Balance
ALFA-GIORGIO-1314,1660,506.5,0.256,1515.2,Nominal Carbon-Fiber Driveline Balance
ALFA-GIORGIO-1315,7238,399.4,0.456,1209.5,Torsional Resonance Detected / Damper Sizing
ALFA-GIORGIO-1316,7187,208.1,0.365,1295.0,Nominal Carbon-Fiber Driveline Balance
ALFA-GIORGIO-1317,1638,446.0,0.273,1415.6,Nominal Carbon-Fiber Driveline Balance
ALFA-GIORGIO-1318,7076,542.2,0.464,1255.8,Torsional Resonance Detected / Damper Sizing
ALFA-GIORGIO-1319,5768,200.5,0.352,1366.2,Nominal Carbon-Fiber Driveline Balance
ALFA-GIORGIO-1320,7352,419.0,0.447,1281.3,Torsional Resonance Detected / Damper Sizing
ALFA-GIORGIO-1321,4462,445.7,0.358,1349.1,Nominal Carbon-Fiber Driveline Balance
ALFA-GIORGIO-1322,5668,260.8,0.384,1372.0,Nominal Carbon-Fiber Driveline Balance
ALFA-GIORGIO-1323,6004,548.3,0.404,1331.5,Nominal Carbon-Fiber Driveline Balance
ALFA-GIORGIO-1324,2049,544.6,0.36,1377.6,Nominal Carbon-Fiber Driveline Balance
ALFA-GIORGIO-1325,1767,246.7,0.217,1578.0,Nominal Carbon-Fiber Driveline Balance
ALFA-GIORGIO-1326,2139,249.0,0.161,1614.0,Nominal Carbon-Fiber Driveline Balance
ALFA-GIORGIO-1327,2842,429.6,0.247,1492.9,Nominal Carbon-Fiber Driveline Balance
ALFA-GIORGIO-1328,1940,570.6,0.282,1467.8,Nominal Carbon-Fiber Driveline Balance
ALFA-GIORGIO-1329,3699,563.7,0.337,1402.9,Nominal Carbon-Fiber Driveline Balance
ALFA-GIORGIO-1330,4603,477.5,0.384,1338.9,Nominal Carbon-Fiber Driveline Balance
ALFA-GIORGIO-1331,4132,555.1,0.345,1385.2,Nominal Carbon-Fiber Driveline Balance
ALFA-GIORGIO-1332,5631,175.3,0.303,1478.7,Nominal Carbon-Fiber Driveline Balance
ALFA-GIORGIO-1333,4486,251.2,0.264,1427.6,Nominal Carbon-Fiber Driveline Balance
ALFA-GIORGIO-1334,4498,457.1,0.336,1462.3,Nominal Carbon-Fiber Driveline Balance
ALFA-GIORGIO-1335,5350,203.3,0.294,1392.4,Nominal Carbon-Fiber Driveline Balance
ALFA-GIORGIO-1336,1958,583.4,0.288,1439.7,Nominal Carbon-Fiber Driveline Balance
ALFA-GIORGIO-1337,1862,508.9,0.228,1517.0,Nominal Carbon-Fiber Driveline Balance
ALFA-GIORGIO-1338,3477,280.8,0.27,1544.0,Nominal Carbon-Fiber Driveline Balance
ALFA-GIORGIO-1339,4391,529.2,0.374,1309.6,Nominal Carbon-Fiber Driveline Balance
ALFA-GIORGIO-1340,3789,327.0,0.233,1526.0,Nominal Carbon-Fiber Driveline Balance
ALFA-GIORGIO-1341,3897,391.7,0.347,1414.9,Nominal Carbon-Fiber Driveline Balance
ALFA-GIORGIO-1342,4098,451.1,0.275,1447.1,Nominal Carbon-Fiber Driveline Balance
ALFA-GIORGIO-1343,3782,480.9,0.343,1446.3,Nominal Carbon-Fiber Driveline Balance
ALFA-GIORGIO-1344,1948,325.5,0.223,1490.4,Nominal Carbon-Fiber Driveline Balance
ALFA-GIORGIO-1345,2512,223.9,0.231,1525.7,Nominal Carbon-Fiber Driveline Balance
ALFA-GIORGIO-1346,7270,244.5,0.409,1307.4,Nominal Carbon-Fiber Driveline Balance
ALFA-GIORGIO-1347,4174,186.0,0.349,1407.1,Nominal Carbon-Fiber Driveline Balance
ALFA-GIORGIO-1348,4455,481.1,0.365,1328.5,Nominal Carbon-Fiber Driveline Balance
ALFA-GIORGIO-1349,6087,241.7,0.314,1412.5,Nominal Carbon-Fiber Driveline Balance
ALFA-GIORGIO-1350,3566,220.5,0.25,1550.3,Nominal Carbon-Fiber Driveline Balance
ALFA-GIORGIO-1351,5613,514.0,0.446,1300.6,Torsional Resonance Detected / Damper Sizing
ALFA-GIORGIO-1352,5221,591.3,0.348,1323.6,Nominal Carbon-Fiber Driveline Balance
ALFA-GIORGIO-1353,6217,335.9,0.37,1395.9,Nominal Carbon-Fiber Driveline Balance
ALFA-GIORGIO-1354,5241,150.3,0.233,1537.9,Nominal Carbon-Fiber Driveline Balance
ALFA-GIORGIO-1355,7171,208.1,0.428,1321.3,Torsional Resonance Detected / Damper Sizing
ALFA-GIORGIO-1356,5973,372.2,0.373,1440.1,Nominal Carbon-Fiber Driveline Balance
ALFA-GIORGIO-1357,7386,547.5,0.461,1332.6,Torsional Resonance Detected / Damper Sizing
ALFA-GIORGIO-1358,3476,559.3,0.311,1428.4,Nominal Carbon-Fiber Driveline Balance
ALFA-GIORGIO-1359,5201,550.2,0.45,1343.9,Torsional Resonance Detected / Damper Sizing
ALFA-GIORGIO-1360,2035,547.2,0.298,1451.0,Nominal Carbon-Fiber Driveline Balance
ALFA-GIORGIO-1361,3125,598.9,0.284,1466.0,Nominal Carbon-Fiber Driveline Balance
ALFA-GIORGIO-1362,4622,368.6,0.312,1426.8,Nominal Carbon-Fiber Driveline Balance
ALFA-GIORGIO-1363,1623,346.0,0.198,1523.6,Nominal Carbon-Fiber Driveline Balance
ALFA-GIORGIO-1364,3848,544.0,0.292,1391.7,Nominal Carbon-Fiber Driveline Balance
ALFA-GIORGIO-1365,5557,294.6,0.348,1470.2,Nominal Carbon-Fiber Driveline Balance
ALFA-GIORGIO-1366,2573,545.3,0.327,1428.5,Nominal Carbon-Fiber Driveline Balance
ALFA-GIORGIO-1367,1522,478.4,0.227,1510.5,Nominal Carbon-Fiber Driveline Balance
ALFA-GIORGIO-1368,6761,488.8,0.459,1282.9,Torsional Resonance Detected / Damper Sizing
ALFA-GIORGIO-1369,5292,496.6,0.388,1329.6,Nominal Carbon-Fiber Driveline Balance
ALFA-GIORGIO-1370,3224,361.1,0.292,1450.4,Nominal Carbon-Fiber Driveline Balance
ALFA-GIORGIO-1371,3474,398.1,0.317,1348.2,Nominal Carbon-Fiber Driveline Balance
ALFA-GIORGIO-1372,4973,551.8,0.406,1394.9,Nominal Carbon-Fiber Driveline Balance
ALFA-GIORGIO-1373,2955,505.4,0.298,1451.5,Nominal Carbon-Fiber Driveline Balance
ALFA-GIORGIO-1374,4718,475.3,0.343,1364.4,Nominal Carbon-Fiber Driveline Balance
ALFA-GIORGIO-1375,5370,250.5,0.329,1387.1,Nominal Carbon-Fiber Driveline Balance
ALFA-GIORGIO-1376,7284,294.6,0.42,1299.2,Torsional Resonance Detected / Damper Sizing
ALFA-GIORGIO-1377,6126,542.1,0.501,1220.5,Torsional Resonance Detected / Damper Sizing
ALFA-GIORGIO-1378,5707,240.9,0.379,1358.6,Nominal Carbon-Fiber Driveline Balance
ALFA-GIORGIO-1379,3147,498.4,0.307,1375.9,Nominal Carbon-Fiber Driveline Balance
ALFA-GIORGIO-1380,4537,366.7,0.292,1400.3,Nominal Carbon-Fiber Driveline Balance
ALFA-GIORGIO-1381,2199,570.6,0.293,1449.7,Nominal Carbon-Fiber Driveline Balance
ALFA-GIORGIO-1382,3221,237.6,0.29,1490.8,Nominal Carbon-Fiber Driveline Balance
ALFA-GIORGIO-1383,1818,533.9,0.281,1491.3,Nominal Carbon-Fiber Driveline Balance
ALFA-GIORGIO-1384,4890,199.4,0.32,1486.8,Nominal Carbon-Fiber Driveline Balance
ALFA-GIORGIO-1385,2774,556.6,0.28,1512.1,Nominal Carbon-Fiber Driveline Balance
ALFA-GIORGIO-1386,4162,447.5,0.319,1487.6,Nominal Carbon-Fiber Driveline Balance
ALFA-GIORGIO-1387,2557,569.2,0.328,1399.7,Nominal Carbon-Fiber Driveline Balance
ALFA-GIORGIO-1388,6540,306.6,0.382,1275.8,Nominal Carbon-Fiber Driveline Balance
ALFA-GIORGIO-1389,3801,465.4,0.311,1368.7,Nominal Carbon-Fiber Driveline Balance
ALFA-GIORGIO-1390,6235,272.4,0.452,1280.1,Torsional Resonance Detected / Damper Sizing
ALFA-GIORGIO-1391,1629,512.3,0.246,1525.0,Nominal Carbon-Fiber Driveline Balance
ALFA-GIORGIO-1392,2459,392.4,0.26,1458.7,Nominal Carbon-Fiber Driveline Balance
ALFA-GIORGIO-1393,4107,388.1,0.28,1469.4,Nominal Carbon-Fiber Driveline Balance
ALFA-GIORGIO-1394,5570,270.1,0.309,1482.8,Nominal Carbon-Fiber Driveline Balance
ALFA-GIORGIO-1395,5874,476.6,0.447,1240.5,Torsional Resonance Detected / Damper Sizing
ALFA-GIORGIO-1396,3695,241.5,0.306,1376.3,Nominal Carbon-Fiber Driveline Balance
ALFA-GIORGIO-1397,7370,202.2,0.393,1323.8,Nominal Carbon-Fiber Driveline Balance
ALFA-GIORGIO-1398,3186,150.9,0.252,1542.4,Nominal Carbon-Fiber Driveline Balance
ALFA-GIORGIO-1399,6225,538.3,0.473,1218.7,Torsional Resonance Detected / Damper Sizing
ALFA-GIORGIO-1400,3831,363.8,0.361,1334.0,Nominal Carbon-Fiber Driveline Balance
ALFA-GIORGIO-1401,5690,170.6,0.361,1318.5,Nominal Carbon-Fiber Driveline Balance
ALFA-GIORGIO-1402,3088,347.1,0.276,1499.3,Nominal Carbon-Fiber Driveline Balance
ALFA-GIORGIO-1403,2159,553.5,0.257,1464.4,Nominal Carbon-Fiber Driveline Balance
ALFA-GIORGIO-1404,2787,378.3,0.295,1401.7,Nominal Carbon-Fiber Driveline Balance
ALFA-GIORGIO-1405,5113,296.4,0.345,1332.5,Nominal Carbon-Fiber Driveline Balance
ALFA-GIORGIO-1406,4150,511.0,0.287,1498.9,Nominal Carbon-Fiber Driveline Balance
ALFA-GIORGIO-1407,3651,443.9,0.357,1303.3,Nominal Carbon-Fiber Driveline Balance
ALFA-GIORGIO-1408,7153,282.2,0.43,1324.7,Torsional Resonance Detected / Damper Sizing
ALFA-GIORGIO-1409,3410,547.4,0.338,1442.4,Nominal Carbon-Fiber Driveline Balance
ALFA-GIORGIO-1410,3602,588.6,0.33,1407.0,Nominal Carbon-Fiber Driveline Balance
ALFA-GIORGIO-1411,6526,308.9,0.354,1378.7,Nominal Carbon-Fiber Driveline Balance
ALFA-GIORGIO-1412,3175,550.4,0.329,1399.4,Nominal Carbon-Fiber Driveline Balance
ALFA-GIORGIO-1413,4043,387.5,0.324,1342.0,Nominal Carbon-Fiber Driveline Balance
ALFA-GIORGIO-1414,5893,345.1,0.365,1369.3,Nominal Carbon-Fiber Driveline Balance
ALFA-GIORGIO-1415,3534,171.4,0.235,1521.8,Nominal Carbon-Fiber Driveline Balance
ALFA-GIORGIO-1416,2432,551.3,0.266,1527.6,Nominal Carbon-Fiber Driveline Balance
ALFA-GIORGIO-1417,3110,541.7,0.346,1358.4,Nominal Carbon-Fiber Driveline Balance
ALFA-GIORGIO-1418,7035,405.2,0.454,1227.0,Torsional Resonance Detected / Damper Sizing
ALFA-GIORGIO-1419,5388,579.1,0.444,1293.3,Torsional Resonance Detected / Damper Sizing
ALFA-GIORGIO-1420,5133,198.9,0.371,1337.5,Nominal Carbon-Fiber Driveline Balance
ALFA-GIORGIO-1421,6093,520.7,0.402,1326.3,Nominal Carbon-Fiber Driveline Balance
ALFA-GIORGIO-1422,4768,317.4,0.243,1576.7,Nominal Carbon-Fiber Driveline Balance
ALFA-GIORGIO-1423,4880,236.7,0.323,1402.9,Nominal Carbon-Fiber Driveline Balance
ALFA-GIORGIO-1424,6012,454.1,0.398,1313.4,Nominal Carbon-Fiber Driveline Balance
ALFA-GIORGIO-1425,5398,390.9,0.371,1332.5,Nominal Carbon-Fiber Driveline Balance
ALFA-GIORGIO-1426,3744,474.2,0.378,1402.7,Nominal Carbon-Fiber Driveline Balance
ALFA-GIORGIO-1427,2239,557.8,0.282,1476.2,Nominal Carbon-Fiber Driveline Balance
ALFA-GIORGIO-1428,5439,433.8,0.4,1292.9,Nominal Carbon-Fiber Driveline Balance
ALFA-GIORGIO-1429,5060,469.7,0.407,1312.0,Nominal Carbon-Fiber Driveline Balance
ALFA-GIORGIO-1430,6006,502.1,0.421,1317.0,Torsional Resonance Detected / Damper Sizing
ALFA-GIORGIO-1431,4134,419.8,0.26,1458.9,Nominal Carbon-Fiber Driveline Balance
ALFA-GIORGIO-1432,5677,565.1,0.424,1244.5,Torsional Resonance Detected / Damper Sizing
ALFA-GIORGIO-1433,3243,452.7,0.282,1474.7,Nominal Carbon-Fiber Driveline Balance
ALFA-GIORGIO-1434,1683,567.5,0.255,1531.1,Nominal Carbon-Fiber Driveline Balance
ALFA-GIORGIO-1435,6793,535.5,0.463,1222.5,Torsional Resonance Detected / Damper Sizing
ALFA-GIORGIO-1436,7294,525.1,0.513,1171.2,Torsional Resonance Detected / Damper Sizing
ALFA-GIORGIO-1437,5876,327.2,0.44,1245.0,Torsional Resonance Detected / Damper Sizing
ALFA-GIORGIO-1438,6018,277.1,0.366,1403.0,Nominal Carbon-Fiber Driveline Balance
ALFA-GIORGIO-1439,5698,432.8,0.436,1307.2,Torsional Resonance Detected / Damper Sizing
ALFA-GIORGIO-1440,6447,249.4,0.37,1276.2,Nominal Carbon-Fiber Driveline Balance
ALFA-GIORGIO-1441,4054,486.7,0.346,1334.9,Nominal Carbon-Fiber Driveline Balance
ALFA-GIORGIO-1442,4375,493.2,0.324,1397.5,Nominal Carbon-Fiber Driveline Balance
ALFA-GIORGIO-1443,4068,270.8,0.266,1475.6,Nominal Carbon-Fiber Driveline Balance
ALFA-GIORGIO-1444,3522,474.3,0.322,1420.5,Nominal Carbon-Fiber Driveline Balance
ALFA-GIORGIO-1445,6454,476.5,0.393,1355.8,Nominal Carbon-Fiber Driveline Balance
ALFA-GIORGIO-1446,5502,522.4,0.422,1265.2,Torsional Resonance Detected / Damper Sizing
ALFA-GIORGIO-1447,2565,321.2,0.31,1420.6,Nominal Carbon-Fiber Driveline Balance
ALFA-GIORGIO-1448,7270,397.5,0.419,1371.2,Nominal Carbon-Fiber Driveline Balance
ALFA-GIORGIO-1449,2278,413.2,0.266,1482.0,Nominal Carbon-Fiber Driveline Balance
ALFA-GIORGIO-1450,3467,333.7,0.288,1468.9,Nominal Carbon-Fiber Driveline Balance
ALFA-GIORGIO-1451,6496,207.5,0.365,1382.9,Nominal Carbon-Fiber Driveline Balance
ALFA-GIORGIO-1452,4198,170.9,0.273,1505.5,Nominal Carbon-Fiber Driveline Balance
ALFA-GIORGIO-1453,5087,227.2,0.327,1387.0,Nominal Carbon-Fiber Driveline Balance
ALFA-GIORGIO-1454,4495,297.6,0.339,1347.1,Nominal Carbon-Fiber Driveline Balance
ALFA-GIORGIO-1455,5068,306.1,0.337,1381.8,Nominal Carbon-Fiber Driveline Balance
ALFA-GIORGIO-1456,7016,488.8,0.444,1265.6,Torsional Resonance Detected / Damper Sizing
ALFA-GIORGIO-1457,7244,197.7,0.403,1291.5,Nominal Carbon-Fiber Driveline Balance
ALFA-GIORGIO-1458,7124,236.8,0.386,1349.2,Nominal Carbon-Fiber Driveline Balance
ALFA-GIORGIO-1459,5743,224.8,0.303,1411.0,Nominal Carbon-Fiber Driveline Balance
ALFA-GIORGIO-1460,2357,468.6,0.268,1476.1,Nominal Carbon-Fiber Driveline Balance
ALFA-GIORGIO-1461,6648,559.2,0.457,1187.7,Torsional Resonance Detected / Damper Sizing
ALFA-GIORGIO-1462,7078,322.3,0.397,1323.7,Nominal Carbon-Fiber Driveline Balance
ALFA-GIORGIO-1463,4607,513.4,0.387,1334.9,Nominal Carbon-Fiber Driveline Balance
ALFA-GIORGIO-1464,4599,401.2,0.332,1443.8,Nominal Carbon-Fiber Driveline Balance
ALFA-GIORGIO-1465,4047,493.5,0.35,1303.8,Nominal Carbon-Fiber Driveline Balance
ALFA-GIORGIO-1466,6699,457.5,0.433,1275.7,Torsional Resonance Detected / Damper Sizing
ALFA-GIORGIO-1467,4282,349.5,0.269,1525.3,Nominal Carbon-Fiber Driveline Balance
ALFA-GIORGIO-1468,1587,183.8,0.175,1568.8,Nominal Carbon-Fiber Driveline Balance
ALFA-GIORGIO-1469,3813,493.9,0.344,1356.7,Nominal Carbon-Fiber Driveline Balance
ALFA-GIORGIO-1470,4293,444.1,0.387,1323.4,Nominal Carbon-Fiber Driveline Balance
ALFA-GIORGIO-1471,2946,182.8,0.257,1502.1,Nominal Carbon-Fiber Driveline Balance
ALFA-GIORGIO-1472,6243,432.2,0.438,1261.1,Torsional Resonance Detected / Damper Sizing
ALFA-GIORGIO-1473,6950,570.2,0.521,1117.4,Torsional Resonance Detected / Damper Sizing
ALFA-GIORGIO-1474,5082,372.8,0.344,1402.3,Nominal Carbon-Fiber Driveline Balance
ALFA-GIORGIO-1475,1908,249.7,0.228,1558.2,Nominal Carbon-Fiber Driveline Balance
ALFA-GIORGIO-1476,3984,372.8,0.319,1519.2,Nominal Carbon-Fiber Driveline Balance
ALFA-GIORGIO-1477,6943,593.6,0.468,1173.5,Torsional Resonance Detected / Damper Sizing
ALFA-GIORGIO-1478,7418,361.8,0.411,1272.3,Nominal Carbon-Fiber Driveline Balance
ALFA-GIORGIO-1479,4141,589.7,0.34,1369.6,Nominal Carbon-Fiber Driveline Balance
ALFA-GIORGIO-1480,4301,174.4,0.297,1429.3,Nominal Carbon-Fiber Driveline Balance
ALFA-GIORGIO-1481,7086,431.1,0.468,1260.0,Torsional Resonance Detected / Damper Sizing
ALFA-GIORGIO-1482,1858,266.7,0.285,1478.0,Nominal Carbon-Fiber Driveline Balance
ALFA-GIORGIO-1483,6904,261.2,0.38,1322.1,Nominal Carbon-Fiber Driveline Balance
ALFA-GIORGIO-1484,4244,395.8,0.262,1521.2,Nominal Carbon-Fiber Driveline Balance
ALFA-GIORGIO-1485,3629,205.5,0.207,1546.2,Nominal Carbon-Fiber Driveline Balance
ALFA-GIORGIO-1486,3302,349.9,0.284,1443.3,Nominal Carbon-Fiber Driveline Balance
ALFA-GIORGIO-1487,5301,537.4,0.393,1359.4,Nominal Carbon-Fiber Driveline Balance
ALFA-GIORGIO-1488,1847,502.2,0.24,1454.5,Nominal Carbon-Fiber Driveline Balance
ALFA-GIORGIO-1489,5876,156.4,0.37,1464.4,Nominal Carbon-Fiber Driveline Balance
ALFA-GIORGIO-1490,4644,468.2,0.35,1377.6,Nominal Carbon-Fiber Driveline Balance
ALFA-GIORGIO-1491,2201,309.6,0.214,1497.0,Nominal Carbon-Fiber Driveline Balance
ALFA-GIORGIO-1492,6542,292.1,0.383,1291.4,Nominal Carbon-Fiber Driveline Balance
ALFA-GIORGIO-1493,3942,398.6,0.341,1371.8,Nominal Carbon-Fiber Driveline Balance
ALFA-GIORGIO-1494,6101,437.8,0.382,1303.6,Nominal Carbon-Fiber Driveline Balance
ALFA-GIORGIO-1495,7395,563.7,0.491,1256.2,Torsional Resonance Detected / Damper Sizing
ALFA-GIORGIO-1496,5525,253.1,0.315,1399.5,Nominal Carbon-Fiber Driveline Balance
ALFA-GIORGIO-1497,4275,180.0,0.261,1429.0,Nominal Carbon-Fiber Driveline Balance
ALFA-GIORGIO-1498,4040,213.7,0.298,1465.5,Nominal Carbon-Fiber Driveline Balance
ALFA-GIORGIO-1499,1816,306.8,0.212,1475.8,Nominal Carbon-Fiber Driveline Balance
ALFA-GIORGIO-1500,3423,452.0,0.316,1337.4,Nominal Carbon-Fiber Driveline Balance
ALFA-GIORGIO-1501,1999,221.7,0.18,1577.5,Nominal Carbon-Fiber Driveline Balance
ALFA-GIORGIO-1502,1889,448.5,0.246,1488.8,Nominal Carbon-Fiber Driveline Balance
ALFA-GIORGIO-1503,6268,367.2,0.376,1336.1,Nominal Carbon-Fiber Driveline Balance
ALFA-GIORGIO-1504,2454,396.9,0.228,1511.6,Nominal Carbon-Fiber Driveline Balance
ALFA-GIORGIO-1505,2144,237.9,0.185,1552.2,Nominal Carbon-Fiber Driveline Balance
ALFA-GIORGIO-1506,4036,390.8,0.341,1359.3,Nominal Carbon-Fiber Driveline Balance
ALFA-GIORGIO-1507,3689,353.0,0.257,1483.5,Nominal Carbon-Fiber Driveline Balance
ALFA-GIORGIO-1508,7294,583.5,0.433,1315.5,Torsional Resonance Detected / Damper Sizing
ALFA-GIORGIO-1509,2269,504.6,0.283,1415.2,Nominal Carbon-Fiber Driveline Balance
ALFA-GIORGIO-1510,6126,286.4,0.372,1398.3,Nominal Carbon-Fiber Driveline Balance
ALFA-GIORGIO-1511,1857,567.5,0.294,1445.8,Nominal Carbon-Fiber Driveline Balance
ALFA-GIORGIO-1512,3209,238.2,0.277,1514.7,Nominal Carbon-Fiber Driveline Balance
ALFA-GIORGIO-1513,3595,571.5,0.415,1304.0,Nominal Carbon-Fiber Driveline Balance
ALFA-GIORGIO-1514,1617,177.8,0.181,1543.6,Nominal Carbon-Fiber Driveline Balance
ALFA-GIORGIO-1515,5432,442.6,0.331,1454.0,Nominal Carbon-Fiber Driveline Balance
ALFA-GIORGIO-1516,5055,348.0,0.303,1456.4,Nominal Carbon-Fiber Driveline Balance
ALFA-GIORGIO-1517,6061,287.3,0.338,1406.9,Nominal Carbon-Fiber Driveline Balance
ALFA-GIORGIO-1518,4710,314.4,0.274,1419.5,Nominal Carbon-Fiber Driveline Balance
ALFA-GIORGIO-1519,5924,302.1,0.354,1332.3,Nominal Carbon-Fiber Driveline Balance
ALFA-GIORGIO-1520,2221,253.5,0.244,1509.3,Nominal Carbon-Fiber Driveline Balance
ALFA-GIORGIO-1521,5855,405.3,0.38,1284.3,Nominal Carbon-Fiber Driveline Balance
ALFA-GIORGIO-1522,4395,374.2,0.314,1412.9,Nominal Carbon-Fiber Driveline Balance
ALFA-GIORGIO-1523,2585,450.6,0.284,1389.2,Nominal Carbon-Fiber Driveline Balance
ALFA-GIORGIO-1524,6386,229.0,0.379,1380.9,Nominal Carbon-Fiber Driveline Balance
ALFA-GIORGIO-1525,1653,223.6,0.199,1556.4,Nominal Carbon-Fiber Driveline Balance
ALFA-GIORGIO-1526,5387,497.5,0.416,1282.8,Nominal Carbon-Fiber Driveline Balance
ALFA-GIORGIO-1527,3793,580.4,0.361,1414.4,Nominal Carbon-Fiber Driveline Balance
ALFA-GIORGIO-1528,3124,418.3,0.279,1361.4,Nominal Carbon-Fiber Driveline Balance
ALFA-GIORGIO-1529,5538,522.2,0.439,1329.1,Torsional Resonance Detected / Damper Sizing
ALFA-GIORGIO-1530,6027,444.0,0.426,1284.9,Torsional Resonance Detected / Damper Sizing
ALFA-GIORGIO-1531,3455,159.5,0.258,1503.6,Nominal Carbon-Fiber Driveline Balance
ALFA-GIORGIO-1532,4643,583.1,0.394,1274.8,Nominal Carbon-Fiber Driveline Balance
ALFA-GIORGIO-1533,4320,451.0,0.357,1299.6,Nominal Carbon-Fiber Driveline Balance
ALFA-GIORGIO-1534,5981,519.3,0.484,1250.4,Torsional Resonance Detected / Damper Sizing
ALFA-GIORGIO-1535,5329,206.5,0.359,1352.7,Nominal Carbon-Fiber Driveline Balance
ALFA-GIORGIO-1536,7019,342.5,0.406,1288.1,Nominal Carbon-Fiber Driveline Balance
ALFA-GIORGIO-1537,6048,357.9,0.397,1367.8,Nominal Carbon-Fiber Driveline Balance
ALFA-GIORGIO-1538,6435,368.9,0.365,1361.4,Nominal Carbon-Fiber Driveline Balance
ALFA-GIORGIO-1539,4630,341.3,0.319,1437.8,Nominal Carbon-Fiber Driveline Balance
ALFA-GIORGIO-1540,4586,466.2,0.382,1323.8,Nominal Carbon-Fiber Driveline Balance
ALFA-GIORGIO-1541,3915,367.1,0.371,1403.7,Nominal Carbon-Fiber Driveline Balance
ALFA-GIORGIO-1542,2553,212.1,0.26,1543.1,Nominal Carbon-Fiber Driveline Balance
ALFA-GIORGIO-1543,5308,259.0,0.341,1422.0,Nominal Carbon-Fiber Driveline Balance
ALFA-GIORGIO-1544,2801,342.1,0.237,1508.0,Nominal Carbon-Fiber Driveline Balance
ALFA-GIORGIO-1545,6056,504.5,0.417,1291.5,Nominal Carbon-Fiber Driveline Balance
ALFA-GIORGIO-1546,6852,566.8,0.488,1156.6,Torsional Resonance Detected / Damper Sizing
ALFA-GIORGIO-1547,5501,543.5,0.384,1363.4,Nominal Carbon-Fiber Driveline Balance
ALFA-GIORGIO-1548,4764,294.0,0.308,1483.9,Nominal Carbon-Fiber Driveline Balance
ALFA-GIORGIO-1549,5501,476.0,0.405,1295.0,Nominal Carbon-Fiber Driveline Balance
ALFA-GIORGIO-1550,6950,180.9,0.387,1303.3,Nominal Carbon-Fiber Driveline Balance
ALFA-GIORGIO-1551,2485,459.3,0.306,1496.1,Nominal Carbon-Fiber Driveline Balance
ALFA-GIORGIO-1552,3653,564.1,0.357,1375.0,Nominal Carbon-Fiber Driveline Balance
ALFA-GIORGIO-1553,1920,508.8,0.316,1551.6,Nominal Carbon-Fiber Driveline Balance
ALFA-GIORGIO-1554,6719,225.7,0.419,1321.0,Nominal Carbon-Fiber Driveline Balance
ALFA-GIORGIO-1555,3119,353.8,0.29,1512.0,Nominal Carbon-Fiber Driveline Balance
ALFA-GIORGIO-1556,3576,296.1,0.305,1461.3,Nominal Carbon-Fiber Driveline Balance
ALFA-GIORGIO-1557,2231,410.5,0.263,1522.1,Nominal Carbon-Fiber Driveline Balance
ALFA-GIORGIO-1558,4486,459.3,0.365,1396.6,Nominal Carbon-Fiber Driveline Balance
ALFA-GIORGIO-1559,1853,489.5,0.271,1499.1,Nominal Carbon-Fiber Driveline Balance
ALFA-GIORGIO-1560,5689,186.3,0.356,1380.5,Nominal Carbon-Fiber Driveline Balance
ALFA-GIORGIO-1561,2874,463.8,0.282,1489.4,Nominal Carbon-Fiber Driveline Balance
ALFA-GIORGIO-1562,5641,431.9,0.364,1329.7,Nominal Carbon-Fiber Driveline Balance
ALFA-GIORGIO-1563,7072,536.2,0.442,1270.1,Torsional Resonance Detected / Damper Sizing
ALFA-GIORGIO-1564,4165,464.4,0.326,1402.5,Nominal Carbon-Fiber Driveline Balance
ALFA-GIORGIO-1565,3222,472.6,0.332,1416.9,Nominal Carbon-Fiber Driveline Balance
ALFA-GIORGIO-1566,1897,391.0,0.261,1509.0,Nominal Carbon-Fiber Driveline Balance
ALFA-GIORGIO-1567,6851,361.2,0.418,1328.0,Nominal Carbon-Fiber Driveline Balance
ALFA-GIORGIO-1568,3534,353.2,0.277,1516.5,Nominal Carbon-Fiber Driveline Balance
ALFA-GIORGIO-1569,2754,403.8,0.288,1459.1,Nominal Carbon-Fiber Driveline Balance
ALFA-GIORGIO-1570,6141,596.8,0.412,1264.4,Nominal Carbon-Fiber Driveline Balance
ALFA-GIORGIO-1571,3294,223.2,0.264,1497.6,Nominal Carbon-Fiber Driveline Balance
ALFA-GIORGIO-1572,1630,433.3,0.225,1491.0,Nominal Carbon-Fiber Driveline Balance
ALFA-GIORGIO-1573,5604,154.7,0.307,1465.4,Nominal Carbon-Fiber Driveline Balance
ALFA-GIORGIO-1574,4537,316.9,0.366,1298.0,Nominal Carbon-Fiber Driveline Balance
ALFA-GIORGIO-1575,1522,239.7,0.169,1544.3,Nominal Carbon-Fiber Driveline Balance
ALFA-GIORGIO-1576,1607,307.1,0.224,1514.1,Nominal Carbon-Fiber Driveline Balance
ALFA-GIORGIO-1577,5652,223.2,0.39,1277.1,Nominal Carbon-Fiber Driveline Balance
ALFA-GIORGIO-1578,6947,434.7,0.502,1186.2,Torsional Resonance Detected / Damper Sizing
ALFA-GIORGIO-1579,2682,486.9,0.32,1499.0,Nominal Carbon-Fiber Driveline Balance
ALFA-GIORGIO-1580,2079,401.3,0.277,1508.6,Nominal Carbon-Fiber Driveline Balance
ALFA-GIORGIO-1581,6412,231.3,0.401,1275.2,Nominal Carbon-Fiber Driveline Balance
ALFA-GIORGIO-1582,7436,454.0,0.425,1361.5,Torsional Resonance Detected / Damper Sizing
ALFA-GIORGIO-1583,5625,562.9,0.349,1449.1,Nominal Carbon-Fiber Driveline Balance
ALFA-GIORGIO-1584,6954,526.5,0.499,1216.1,Torsional Resonance Detected / Damper Sizing
ALFA-GIORGIO-1585,4073,223.1,0.249,1450.4,Nominal Carbon-Fiber Driveline Balance
ALFA-GIORGIO-1586,4993,590.7,0.398,1273.3,Nominal Carbon-Fiber Driveline Balance
ALFA-GIORGIO-1587,1768,531.1,0.317,1502.0,Nominal Carbon-Fiber Driveline Balance
ALFA-GIORGIO-1588,6726,394.6,0.484,1215.5,Torsional Resonance Detected / Damper Sizing
ALFA-GIORGIO-1589,3985,593.1,0.393,1379.3,Nominal Carbon-Fiber Driveline Balance
ALFA-GIORGIO-1590,6998,546.4,0.421,1204.8,Torsional Resonance Detected / Damper Sizing
ALFA-GIORGIO-1591,4290,457.3,0.322,1409.9,Nominal Carbon-Fiber Driveline Balance
ALFA-GIORGIO-1592,4087,196.9,0.295,1457.0,Nominal Carbon-Fiber Driveline Balance
ALFA-GIORGIO-1593,3374,568.1,0.328,1461.2,Nominal Carbon-Fiber Driveline Balance
ALFA-GIORGIO-1594,2583,286.9,0.266,1537.7,Nominal Carbon-Fiber Driveline Balance
ALFA-GIORGIO-1595,7430,356.7,0.457,1337.9,Torsional Resonance Detected / Damper Sizing
ALFA-GIORGIO-1596,3409,255.7,0.317,1415.2,Nominal Carbon-Fiber Driveline Balance
ALFA-GIORGIO-1597,1570,510.3,0.278,1410.5,Nominal Carbon-Fiber Driveline Balance
ALFA-GIORGIO-1598,3843,385.4,0.35,1360.0,Nominal Carbon-Fiber Driveline Balance
ALFA-GIORGIO-1599,2482,484.9,0.281,1476.7,Nominal Carbon-Fiber Driveline Balance
ALFA-GIORGIO-1600,3716,326.8,0.27,1423.5,Nominal Carbon-Fiber Driveline Balance
ALFA-GIORGIO-1601,2814,386.6,0.292,1438.8,Nominal Carbon-Fiber Driveline Balance
ALFA-GIORGIO-1602,6161,313.4,0.386,1341.7,Nominal Carbon-Fiber Driveline Balance
ALFA-GIORGIO-1603,6394,452.1,0.363,1395.9,Nominal Carbon-Fiber Driveline Balance
ALFA-GIORGIO-1604,2254,326.1,0.193,1620.1,Nominal Carbon-Fiber Driveline Balance
ALFA-GIORGIO-1605,4961,405.2,0.374,1438.7,Nominal Carbon-Fiber Driveline Balance
ALFA-GIORGIO-1606,7040,566.8,0.491,1213.9,Torsional Resonance Detected / Damper Sizing
ALFA-GIORGIO-1607,5285,198.3,0.316,1386.6,Nominal Carbon-Fiber Driveline Balance
ALFA-GIORGIO-1608,5522,280.9,0.355,1322.4,Nominal Carbon-Fiber Driveline Balance
ALFA-GIORGIO-1609,5987,344.6,0.421,1292.4,Torsional Resonance Detected / Damper Sizing
ALFA-GIORGIO-1610,5449,296.5,0.379,1377.4,Nominal Carbon-Fiber Driveline Balance
ALFA-GIORGIO-1611,2823,333.4,0.234,1511.5,Nominal Carbon-Fiber Driveline Balance
ALFA-GIORGIO-1612,6902,328.7,0.43,1296.5,Torsional Resonance Detected / Damper Sizing
ALFA-GIORGIO-1613,5430,588.6,0.405,1365.4,Nominal Carbon-Fiber Driveline Balance
ALFA-GIORGIO-1614,6085,579.2,0.519,1237.5,Torsional Resonance Detected / Damper Sizing
ALFA-GIORGIO-1615,4645,301.2,0.298,1380.3,Nominal Carbon-Fiber Driveline Balance
ALFA-GIORGIO-1616,3663,151.9,0.213,1533.2,Nominal Carbon-Fiber Driveline Balance
ALFA-GIORGIO-1617,3056,586.4,0.321,1426.2,Nominal Carbon-Fiber Driveline Balance
ALFA-GIORGIO-1618,7356,374.5,0.452,1225.5,Torsional Resonance Detected / Damper Sizing
ALFA-GIORGIO-1619,6314,484.3,0.442,1327.2,Torsional Resonance Detected / Damper Sizing
ALFA-GIORGIO-1620,3746,202.4,0.265,1551.8,Nominal Carbon-Fiber Driveline Balance
ALFA-GIORGIO-1621,7458,347.3,0.447,1232.4,Torsional Resonance Detected / Damper Sizing
ALFA-GIORGIO-1622,4679,213.7,0.313,1377.8,Nominal Carbon-Fiber Driveline Balance
ALFA-GIORGIO-1623,5916,504.2,0.444,1205.4,Torsional Resonance Detected / Damper Sizing
ALFA-GIORGIO-1624,5722,259.4,0.335,1419.4,Nominal Carbon-Fiber Driveline Balance
ALFA-GIORGIO-1625,3317,218.7,0.215,1574.8,Nominal Carbon-Fiber Driveline Balance
ALFA-GIORGIO-1626,3255,424.1,0.256,1534.6,Nominal Carbon-Fiber Driveline Balance
ALFA-GIORGIO-1627,3040,596.8,0.357,1359.6,Nominal Carbon-Fiber Driveline Balance
ALFA-GIORGIO-1628,6545,370.2,0.39,1293.3,Nominal Carbon-Fiber Driveline Balance
ALFA-GIORGIO-1629,2902,434.8,0.298,1364.4,Nominal Carbon-Fiber Driveline Balance
ALFA-GIORGIO-1630,5757,186.6,0.312,1394.7,Nominal Carbon-Fiber Driveline Balance
ALFA-GIORGIO-1631,1850,357.1,0.213,1543.0,Nominal Carbon-Fiber Driveline Balance
ALFA-GIORGIO-1632,7379,508.2,0.463,1215.8,Torsional Resonance Detected / Damper Sizing
ALFA-GIORGIO-1633,2609,494.6,0.231,1497.6,Nominal Carbon-Fiber Driveline Balance
ALFA-GIORGIO-1634,4551,226.8,0.289,1445.5,Nominal Carbon-Fiber Driveline Balance
ALFA-GIORGIO-1635,4341,481.4,0.377,1348.1,Nominal Carbon-Fiber Driveline Balance
ALFA-GIORGIO-1636,3138,519.0,0.312,1399.4,Nominal Carbon-Fiber Driveline Balance
ALFA-GIORGIO-1637,4792,297.4,0.306,1493.8,Nominal Carbon-Fiber Driveline Balance
ALFA-GIORGIO-1638,5774,157.8,0.308,1312.0,Nominal Carbon-Fiber Driveline Balance
ALFA-GIORGIO-1639,6718,593.3,0.481,1216.7,Torsional Resonance Detected / Damper Sizing
ALFA-GIORGIO-1640,5510,597.1,0.422,1319.2,Torsional Resonance Detected / Damper Sizing
ALFA-GIORGIO-1641,4743,330.8,0.378,1431.6,Nominal Carbon-Fiber Driveline Balance
ALFA-GIORGIO-1642,7164,540.5,0.46,1220.4,Torsional Resonance Detected / Damper Sizing
ALFA-GIORGIO-1643,7294,492.6,0.513,1203.6,Torsional Resonance Detected / Damper Sizing
ALFA-GIORGIO-1644,2094,394.5,0.263,1520.0,Nominal Carbon-Fiber Driveline Balance
ALFA-GIORGIO-1645,4205,438.2,0.348,1378.7,Nominal Carbon-Fiber Driveline Balance
ALFA-GIORGIO-1646,6739,504.7,0.422,1234.9,Torsional Resonance Detected / Damper Sizing
ALFA-GIORGIO-1647,7379,549.2,0.493,1227.4,Torsional Resonance Detected / Damper Sizing
ALFA-GIORGIO-1648,5979,556.4,0.478,1212.9,Torsional Resonance Detected / Damper Sizing
ALFA-GIORGIO-1649,4657,597.6,0.392,1291.9,Nominal Carbon-Fiber Driveline Balance
ALFA-GIORGIO-1650,6770,386.2,0.374,1400.5,Nominal Carbon-Fiber Driveline Balance
ALFA-GIORGIO-1651,1814,494.8,0.319,1414.2,Nominal Carbon-Fiber Driveline Balance
ALFA-GIORGIO-1652,4863,204.9,0.32,1469.2,Nominal Carbon-Fiber Driveline Balance
ALFA-GIORGIO-1653,3318,581.3,0.324,1471.5,Nominal Carbon-Fiber Driveline Balance
ALFA-GIORGIO-1654,3374,555.2,0.328,1396.5,Nominal Carbon-Fiber Driveline Balance
ALFA-GIORGIO-1655,5389,156.9,0.35,1361.7,Nominal Carbon-Fiber Driveline Balance
ALFA-GIORGIO-1656,3868,235.3,0.296,1400.8,Nominal Carbon-Fiber Driveline Balance
ALFA-GIORGIO-1657,4350,290.7,0.269,1410.1,Nominal Carbon-Fiber Driveline Balance
ALFA-GIORGIO-1658,3526,216.2,0.233,1541.9,Nominal Carbon-Fiber Driveline Balance
ALFA-GIORGIO-1659,4435,186.3,0.249,1558.8,Nominal Carbon-Fiber Driveline Balance
ALFA-GIORGIO-1660,6033,599.0,0.471,1223.3,Torsional Resonance Detected / Damper Sizing
ALFA-GIORGIO-1661,5402,197.5,0.293,1345.0,Nominal Carbon-Fiber Driveline Balance
ALFA-GIORGIO-1662,5559,272.3,0.341,1371.7,Nominal Carbon-Fiber Driveline Balance
ALFA-GIORGIO-1663,2567,336.2,0.267,1422.6,Nominal Carbon-Fiber Driveline Balance
ALFA-GIORGIO-1664,3490,181.7,0.267,1444.0,Nominal Carbon-Fiber Driveline Balance
ALFA-GIORGIO-1665,1872,479.8,0.243,1484.0,Nominal Carbon-Fiber Driveline Balance
ALFA-GIORGIO-1666,6566,229.9,0.438,1258.7,Torsional Resonance Detected / Damper Sizing
ALFA-GIORGIO-1667,3435,330.3,0.316,1418.9,Nominal Carbon-Fiber Driveline Balance
ALFA-GIORGIO-1668,3270,234.7,0.213,1531.8,Nominal Carbon-Fiber Driveline Balance
ALFA-GIORGIO-1669,1507,561.6,0.268,1474.3,Nominal Carbon-Fiber Driveline Balance
ALFA-GIORGIO-1670,6094,428.0,0.466,1195.8,Torsional Resonance Detected / Damper Sizing
ALFA-GIORGIO-1671,6225,482.6,0.448,1270.7,Torsional Resonance Detected / Damper Sizing
ALFA-GIORGIO-1672,3021,458.0,0.256,1489.5,Nominal Carbon-Fiber Driveline Balance
ALFA-GIORGIO-1673,7056,407.0,0.411,1331.7,Nominal Carbon-Fiber Driveline Balance
ALFA-GIORGIO-1674,2137,173.0,0.196,1587.2,Nominal Carbon-Fiber Driveline Balance
ALFA-GIORGIO-1675,2024,299.8,0.222,1493.7,Nominal Carbon-Fiber Driveline Balance
ALFA-GIORGIO-1676,2354,593.9,0.323,1480.2,Nominal Carbon-Fiber Driveline Balance
ALFA-GIORGIO-1677,5142,580.7,0.391,1283.0,Nominal Carbon-Fiber Driveline Balance
ALFA-GIORGIO-1678,3640,304.0,0.315,1445.7,Nominal Carbon-Fiber Driveline Balance
ALFA-GIORGIO-1679,6363,190.7,0.423,1345.4,Torsional Resonance Detected / Damper Sizing
ALFA-GIORGIO-1680,4347,580.8,0.373,1334.0,Nominal Carbon-Fiber Driveline Balance
ALFA-GIORGIO-1681,7482,231.0,0.341,1407.7,Nominal Carbon-Fiber Driveline Balance
ALFA-GIORGIO-1682,2014,452.7,0.24,1533.7,Nominal Carbon-Fiber Driveline Balance
ALFA-GIORGIO-1683,7167,544.1,0.466,1307.3,Torsional Resonance Detected / Damper Sizing
ALFA-GIORGIO-1684,6645,412.7,0.455,1288.4,Torsional Resonance Detected / Damper Sizing
ALFA-GIORGIO-1685,5968,563.5,0.459,1249.9,Torsional Resonance Detected / Damper Sizing
ALFA-GIORGIO-1686,3997,377.3,0.341,1360.8,Nominal Carbon-Fiber Driveline Balance
ALFA-GIORGIO-1687,2633,570.9,0.276,1517.5,Nominal Carbon-Fiber Driveline Balance
ALFA-GIORGIO-1688,6165,565.3,0.403,1229.4,Nominal Carbon-Fiber Driveline Balance
ALFA-GIORGIO-1689,1773,408.9,0.256,1502.4,Nominal Carbon-Fiber Driveline Balance
ALFA-GIORGIO-1690,1700,245.0,0.174,1633.0,Nominal Carbon-Fiber Driveline Balance
ALFA-GIORGIO-1691,6860,375.4,0.357,1410.8,Nominal Carbon-Fiber Driveline Balance
ALFA-GIORGIO-1692,6156,469.4,0.453,1314.6,Torsional Resonance Detected / Damper Sizing
ALFA-GIORGIO-1693,2541,489.8,0.303,1425.6,Nominal Carbon-Fiber Driveline Balance
ALFA-GIORGIO-1694,3693,236.8,0.299,1420.5,Nominal Carbon-Fiber Driveline Balance
ALFA-GIORGIO-1695,6743,199.5,0.385,1352.6,Nominal Carbon-Fiber Driveline Balance
ALFA-GIORGIO-1696,1910,535.4,0.211,1543.3,Nominal Carbon-Fiber Driveline Balance
ALFA-GIORGIO-1697,7205,553.8,0.457,1221.0,Torsional Resonance Detected / Damper Sizing
ALFA-GIORGIO-1698,3635,341.3,0.282,1404.2,Nominal Carbon-Fiber Driveline Balance
ALFA-GIORGIO-1699,5527,555.5,0.404,1251.5,Nominal Carbon-Fiber Driveline Balance
ALFA-GIORGIO-1700,6410,480.4,0.412,1276.7,Nominal Carbon-Fiber Driveline Balance
ALFA-GIORGIO-1701,4392,438.1,0.366,1351.8,Nominal Carbon-Fiber Driveline Balance
ALFA-GIORGIO-1702,7307,570.3,0.467,1162.7,Torsional Resonance Detected / Damper Sizing
ALFA-GIORGIO-1703,4237,327.4,0.26,1589.5,Nominal Carbon-Fiber Driveline Balance
ALFA-GIORGIO-1704,5497,169.6,0.266,1464.3,Nominal Carbon-Fiber Driveline Balance
ALFA-GIORGIO-1705,2370,506.3,0.326,1417.7,Nominal Carbon-Fiber Driveline Balance
ALFA-GIORGIO-1706,4594,427.0,0.344,1379.1,Nominal Carbon-Fiber Driveline Balance
ALFA-GIORGIO-1707,4363,349.9,0.353,1320.4,Nominal Carbon-Fiber Driveline Balance
ALFA-GIORGIO-1708,2961,151.9,0.245,1575.1,Nominal Carbon-Fiber Driveline Balance
ALFA-GIORGIO-1709,6788,380.1,0.39,1372.2,Nominal Carbon-Fiber Driveline Balance
ALFA-GIORGIO-1710,6048,443.9,0.409,1259.9,Nominal Carbon-Fiber Driveline Balance
ALFA-GIORGIO-1711,3648,470.3,0.286,1512.4,Nominal Carbon-Fiber Driveline Balance
ALFA-GIORGIO-1712,7191,575.7,0.466,1233.2,Torsional Resonance Detected / Damper Sizing
ALFA-GIORGIO-1713,2021,486.9,0.207,1589.0,Nominal Carbon-Fiber Driveline Balance
ALFA-GIORGIO-1714,3498,398.9,0.287,1528.6,Nominal Carbon-Fiber Driveline Balance
ALFA-GIORGIO-1715,2141,221.5,0.189,1589.7,Nominal Carbon-Fiber Driveline Balance
ALFA-GIORGIO-1716,3255,284.0,0.293,1473.6,Nominal Carbon-Fiber Driveline Balance
ALFA-GIORGIO-1717,6006,588.7,0.438,1234.5,Torsional Resonance Detected / Damper Sizing
ALFA-GIORGIO-1718,6276,330.8,0.436,1285.8,Torsional Resonance Detected / Damper Sizing
ALFA-GIORGIO-1719,3088,586.0,0.289,1455.7,Nominal Carbon-Fiber Driveline Balance
ALFA-GIORGIO-1720,3039,342.1,0.242,1543.8,Nominal Carbon-Fiber Driveline Balance
ALFA-GIORGIO-1721,2218,213.5,0.206,1476.8,Nominal Carbon-Fiber Driveline Balance
ALFA-GIORGIO-1722,3149,546.4,0.314,1388.2,Nominal Carbon-Fiber Driveline Balance
ALFA-GIORGIO-1723,3976,414.1,0.332,1376.1,Nominal Carbon-Fiber Driveline Balance
ALFA-GIORGIO-1724,3718,569.3,0.338,1424.9,Nominal Carbon-Fiber Driveline Balance
ALFA-GIORGIO-1725,4631,365.3,0.365,1427.4,Nominal Carbon-Fiber Driveline Balance
ALFA-GIORGIO-1726,4090,408.1,0.378,1393.2,Nominal Carbon-Fiber Driveline Balance
ALFA-GIORGIO-1727,6906,497.9,0.385,1285.7,Nominal Carbon-Fiber Driveline Balance
ALFA-GIORGIO-1728,4118,566.4,0.394,1277.2,Nominal Carbon-Fiber Driveline Balance
ALFA-GIORGIO-1729,6222,336.3,0.417,1283.2,Nominal Carbon-Fiber Driveline Balance
ALFA-GIORGIO-1730,6184,523.4,0.386,1380.0,Nominal Carbon-Fiber Driveline Balance
ALFA-GIORGIO-1731,7094,371.4,0.434,1291.9,Torsional Resonance Detected / Damper Sizing
ALFA-GIORGIO-1732,3281,350.9,0.279,1382.0,Nominal Carbon-Fiber Driveline Balance
ALFA-GIORGIO-1733,2296,575.7,0.229,1512.4,Nominal Carbon-Fiber Driveline Balance
ALFA-GIORGIO-1734,2768,513.0,0.287,1502.3,Nominal Carbon-Fiber Driveline Balance
ALFA-GIORGIO-1735,4280,506.6,0.392,1302.3,Nominal Carbon-Fiber Driveline Balance
ALFA-GIORGIO-1736,5704,554.0,0.418,1295.6,Nominal Carbon-Fiber Driveline Balance
ALFA-GIORGIO-1737,4725,283.3,0.348,1363.4,Nominal Carbon-Fiber Driveline Balance
ALFA-GIORGIO-1738,3465,366.1,0.319,1454.5,Nominal Carbon-Fiber Driveline Balance
ALFA-GIORGIO-1739,2301,284.1,0.175,1591.2,Nominal Carbon-Fiber Driveline Balance
ALFA-GIORGIO-1740,5394,393.4,0.353,1386.3,Nominal Carbon-Fiber Driveline Balance
ALFA-GIORGIO-1741,6161,308.9,0.368,1328.9,Nominal Carbon-Fiber Driveline Balance
ALFA-GIORGIO-1742,2527,273.3,0.245,1470.6,Nominal Carbon-Fiber Driveline Balance
ALFA-GIORGIO-1743,1707,182.7,0.219,1654.2,Nominal Carbon-Fiber Driveline Balance
ALFA-GIORGIO-1744,1964,471.1,0.213,1514.0,Nominal Carbon-Fiber Driveline Balance
ALFA-GIORGIO-1745,5780,467.6,0.403,1254.1,Nominal Carbon-Fiber Driveline Balance
ALFA-GIORGIO-1746,2966,350.6,0.22,1544.7,Nominal Carbon-Fiber Driveline Balance
ALFA-GIORGIO-1747,5409,194.9,0.347,1389.9,Nominal Carbon-Fiber Driveline Balance
ALFA-GIORGIO-1748,6945,365.1,0.425,1243.8,Torsional Resonance Detected / Damper Sizing
ALFA-GIORGIO-1749,1527,399.4,0.2,1532.6,Nominal Carbon-Fiber Driveline Balance
ALFA-GIORGIO-1750,4723,268.7,0.288,1520.2,Nominal Carbon-Fiber Driveline Balance
ALFA-GIORGIO-1751,3329,290.7,0.252,1484.5,Nominal Carbon-Fiber Driveline Balance
ALFA-GIORGIO-1752,5784,266.5,0.32,1422.9,Nominal Carbon-Fiber Driveline Balance
ALFA-GIORGIO-1753,5774,456.0,0.341,1382.3,Nominal Carbon-Fiber Driveline Balance
ALFA-GIORGIO-1754,3225,574.5,0.337,1428.5,Nominal Carbon-Fiber Driveline Balance
ALFA-GIORGIO-1755,3220,230.2,0.205,1518.4,Nominal Carbon-Fiber Driveline Balance
ALFA-GIORGIO-1756,3953,292.2,0.298,1492.9,Nominal Carbon-Fiber Driveline Balance
ALFA-GIORGIO-1757,6570,306.8,0.411,1310.0,Nominal Carbon-Fiber Driveline Balance
ALFA-GIORGIO-1758,6293,241.8,0.354,1376.3,Nominal Carbon-Fiber Driveline Balance
ALFA-GIORGIO-1759,5906,498.9,0.396,1301.8,Nominal Carbon-Fiber Driveline Balance
ALFA-GIORGIO-1760,4695,567.4,0.376,1433.7,Nominal Carbon-Fiber Driveline Balance
ALFA-GIORGIO-1761,6032,220.8,0.378,1377.6,Nominal Carbon-Fiber Driveline Balance
ALFA-GIORGIO-1762,3903,157.2,0.227,1494.6,Nominal Carbon-Fiber Driveline Balance
ALFA-GIORGIO-1763,5255,533.8,0.383,1363.8,Nominal Carbon-Fiber Driveline Balance
ALFA-GIORGIO-1764,6896,275.6,0.384,1373.7,Nominal Carbon-Fiber Driveline Balance
ALFA-GIORGIO-1765,3291,535.7,0.355,1361.3,Nominal Carbon-Fiber Driveline Balance
ALFA-GIORGIO-1766,3376,447.4,0.304,1388.1,Nominal Carbon-Fiber Driveline Balance
ALFA-GIORGIO-1767,2414,523.3,0.287,1468.8,Nominal Carbon-Fiber Driveline Balance
ALFA-GIORGIO-1768,4099,407.8,0.367,1350.2,Nominal Carbon-Fiber Driveline Balance
ALFA-GIORGIO-1769,7022,167.2,0.436,1305.7,Torsional Resonance Detected / Damper Sizing
ALFA-GIORGIO-1770,3231,222.3,0.177,1576.4,Nominal Carbon-Fiber Driveline Balance
ALFA-GIORGIO-1771,3232,464.8,0.387,1379.4,Nominal Carbon-Fiber Driveline Balance
ALFA-GIORGIO-1772,2264,444.2,0.219,1549.4,Nominal Carbon-Fiber Driveline Balance
ALFA-GIORGIO-1773,7448,194.0,0.423,1283.0,Torsional Resonance Detected / Damper Sizing
ALFA-GIORGIO-1774,5712,512.3,0.418,1320.8,Nominal Carbon-Fiber Driveline Balance
ALFA-GIORGIO-1775,4137,547.7,0.303,1449.0,Nominal Carbon-Fiber Driveline Balance
ALFA-GIORGIO-1776,4359,383.7,0.284,1447.7,Nominal Carbon-Fiber Driveline Balance
ALFA-GIORGIO-1777,4241,326.5,0.299,1432.5,Nominal Carbon-Fiber Driveline Balance
ALFA-GIORGIO-1778,5513,474.5,0.401,1364.3,Nominal Carbon-Fiber Driveline Balance
ALFA-GIORGIO-1779,4343,499.7,0.355,1395.5,Nominal Carbon-Fiber Driveline Balance
ALFA-GIORGIO-1780,1687,520.7,0.303,1405.9,Nominal Carbon-Fiber Driveline Balance
ALFA-GIORGIO-1781,4226,298.9,0.333,1380.4,Nominal Carbon-Fiber Driveline Balance
ALFA-GIORGIO-1782,3587,336.1,0.332,1411.3,Nominal Carbon-Fiber Driveline Balance
ALFA-GIORGIO-1783,3341,392.2,0.28,1505.1,Nominal Carbon-Fiber Driveline Balance
ALFA-GIORGIO-1784,4773,448.2,0.395,1339.5,Nominal Carbon-Fiber Driveline Balance
ALFA-GIORGIO-1785,4812,205.7,0.393,1279.1,Nominal Carbon-Fiber Driveline Balance
ALFA-GIORGIO-1786,5469,245.2,0.344,1417.1,Nominal Carbon-Fiber Driveline Balance
ALFA-GIORGIO-1787,5579,492.7,0.424,1343.9,Torsional Resonance Detected / Damper Sizing
ALFA-GIORGIO-1788,5399,570.5,0.383,1367.8,Nominal Carbon-Fiber Driveline Balance
ALFA-GIORGIO-1789,5033,506.1,0.359,1379.5,Nominal Carbon-Fiber Driveline Balance
ALFA-GIORGIO-1790,5247,459.8,0.38,1367.5,Nominal Carbon-Fiber Driveline Balance
ALFA-GIORGIO-1791,3414,178.3,0.241,1507.3,Nominal Carbon-Fiber Driveline Balance
ALFA-GIORGIO-1792,5733,545.1,0.401,1395.3,Nominal Carbon-Fiber Driveline Balance
ALFA-GIORGIO-1793,4071,152.0,0.287,1431.9,Nominal Carbon-Fiber Driveline Balance
ALFA-GIORGIO-1794,4620,449.8,0.392,1319.9,Nominal Carbon-Fiber Driveline Balance
ALFA-GIORGIO-1795,6831,447.0,0.469,1292.4,Torsional Resonance Detected / Damper Sizing
ALFA-GIORGIO-1796,6726,435.7,0.398,1293.7,Nominal Carbon-Fiber Driveline Balance
ALFA-GIORGIO-1797,5187,254.5,0.336,1391.3,Nominal Carbon-Fiber Driveline Balance
ALFA-GIORGIO-1798,2900,569.3,0.311,1299.5,Nominal Carbon-Fiber Driveline Balance
ALFA-GIORGIO-1799,5698,558.3,0.406,1307.8,Nominal Carbon-Fiber Driveline Balance
ALFA-GIORGIO-1800,5045,412.1,0.413,1327.4,Nominal Carbon-Fiber Driveline Balance
ALFA-GIORGIO-1801,7355,484.5,0.516,1185.7,Torsional Resonance Detected / Damper Sizing
ALFA-GIORGIO-1802,4355,189.9,0.309,1439.8,Nominal Carbon-Fiber Driveline Balance
ALFA-GIORGIO-1803,4960,160.4,0.335,1357.3,Nominal Carbon-Fiber Driveline Balance
ALFA-GIORGIO-1804,7253,345.3,0.409,1310.8,Nominal Carbon-Fiber Driveline Balance
ALFA-GIORGIO-1805,3201,255.6,0.278,1453.7,Nominal Carbon-Fiber Driveline Balance
ALFA-GIORGIO-1806,1856,487.2,0.269,1542.9,Nominal Carbon-Fiber Driveline Balance
ALFA-GIORGIO-1807,5965,439.1,0.39,1409.4,Nominal Carbon-Fiber Driveline Balance
ALFA-GIORGIO-1808,5739,538.1,0.413,1277.6,Nominal Carbon-Fiber Driveline Balance
ALFA-GIORGIO-1809,4272,305.9,0.301,1447.5,Nominal Carbon-Fiber Driveline Balance
ALFA-GIORGIO-1810,5396,172.7,0.306,1391.1,Nominal Carbon-Fiber Driveline Balance
ALFA-GIORGIO-1811,4331,192.7,0.302,1470.0,Nominal Carbon-Fiber Driveline Balance
ALFA-GIORGIO-1812,3747,243.6,0.237,1561.1,Nominal Carbon-Fiber Driveline Balance
ALFA-GIORGIO-1813,2632,451.0,0.261,1510.3,Nominal Carbon-Fiber Driveline Balance
ALFA-GIORGIO-1814,3955,540.7,0.337,1449.8,Nominal Carbon-Fiber Driveline Balance
ALFA-GIORGIO-1815,4111,554.7,0.361,1407.5,Nominal Carbon-Fiber Driveline Balance
ALFA-GIORGIO-1816,1963,230.3,0.167,1612.4,Nominal Carbon-Fiber Driveline Balance
ALFA-GIORGIO-1817,4826,461.5,0.375,1271.2,Nominal Carbon-Fiber Driveline Balance
ALFA-GIORGIO-1818,5264,371.6,0.369,1345.0,Nominal Carbon-Fiber Driveline Balance
ALFA-GIORGIO-1819,6809,288.8,0.429,1257.7,Torsional Resonance Detected / Damper Sizing
ALFA-GIORGIO-1820,7388,573.5,0.479,1213.6,Torsional Resonance Detected / Damper Sizing
ALFA-GIORGIO-1821,4589,554.6,0.351,1334.5,Nominal Carbon-Fiber Driveline Balance
ALFA-GIORGIO-1822,5278,167.7,0.33,1400.1,Nominal Carbon-Fiber Driveline Balance
ALFA-GIORGIO-1823,6763,294.2,0.391,1328.0,Nominal Carbon-Fiber Driveline Balance
ALFA-GIORGIO-1824,4880,498.8,0.346,1333.9,Nominal Carbon-Fiber Driveline Balance
ALFA-GIORGIO-1825,6536,285.8,0.405,1343.2,Nominal Carbon-Fiber Driveline Balance
ALFA-GIORGIO-1826,3290,598.1,0.346,1389.4,Nominal Carbon-Fiber Driveline Balance
ALFA-GIORGIO-1827,2439,320.5,0.268,1421.9,Nominal Carbon-Fiber Driveline Balance
ALFA-GIORGIO-1828,7197,399.6,0.456,1236.8,Torsional Resonance Detected / Damper Sizing
ALFA-GIORGIO-1829,5813,592.3,0.447,1298.1,Torsional Resonance Detected / Damper Sizing
ALFA-GIORGIO-1830,6154,388.9,0.381,1366.9,Nominal Carbon-Fiber Driveline Balance
ALFA-GIORGIO-1831,2394,549.5,0.339,1381.2,Nominal Carbon-Fiber Driveline Balance
ALFA-GIORGIO-1832,2332,466.8,0.257,1516.0,Nominal Carbon-Fiber Driveline Balance
ALFA-GIORGIO-1833,4126,297.6,0.357,1341.7,Nominal Carbon-Fiber Driveline Balance
ALFA-GIORGIO-1834,5167,232.4,0.338,1380.4,Nominal Carbon-Fiber Driveline Balance
ALFA-GIORGIO-1835,3312,418.8,0.3,1413.3,Nominal Carbon-Fiber Driveline Balance
ALFA-GIORGIO-1836,6771,306.7,0.416,1317.0,Nominal Carbon-Fiber Driveline Balance
ALFA-GIORGIO-1837,6336,238.6,0.373,1349.7,Nominal Carbon-Fiber Driveline Balance
ALFA-GIORGIO-1838,3547,286.8,0.262,1424.4,Nominal Carbon-Fiber Driveline Balance
ALFA-GIORGIO-1839,2228,390.4,0.213,1554.7,Nominal Carbon-Fiber Driveline Balance
ALFA-GIORGIO-1840,4901,409.3,0.307,1381.5,Nominal Carbon-Fiber Driveline Balance
ALFA-GIORGIO-1841,4609,538.5,0.322,1431.7,Nominal Carbon-Fiber Driveline Balance
ALFA-GIORGIO-1842,5240,328.2,0.399,1415.8,Nominal Carbon-Fiber Driveline Balance
ALFA-GIORGIO-1843,2758,588.8,0.332,1376.2,Nominal Carbon-Fiber Driveline Balance
ALFA-GIORGIO-1844,6870,165.2,0.377,1364.1,Nominal Carbon-Fiber Driveline Balance
ALFA-GIORGIO-1845,6187,558.7,0.398,1236.1,Nominal Carbon-Fiber Driveline Balance
ALFA-GIORGIO-1846,1654,457.6,0.245,1459.2,Nominal Carbon-Fiber Driveline Balance
ALFA-GIORGIO-1847,2108,245.5,0.133,1625.7,Nominal Carbon-Fiber Driveline Balance
ALFA-GIORGIO-1848,5590,230.3,0.373,1356.5,Nominal Carbon-Fiber Driveline Balance
ALFA-GIORGIO-1849,6500,249.0,0.4,1368.5,Nominal Carbon-Fiber Driveline Balance
ALFA-GIORGIO-1850,6887,340.8,0.404,1439.7,Nominal Carbon-Fiber Driveline Balance
ALFA-GIORGIO-1851,3313,431.9,0.289,1442.3,Nominal Carbon-Fiber Driveline Balance
ALFA-GIORGIO-1852,6034,559.4,0.438,1293.5,Torsional Resonance Detected / Damper Sizing
ALFA-GIORGIO-1853,3900,211.4,0.325,1410.0,Nominal Carbon-Fiber Driveline Balance
ALFA-GIORGIO-1854,4973,590.3,0.391,1336.5,Nominal Carbon-Fiber Driveline Balance
ALFA-GIORGIO-1855,5389,298.6,0.364,1323.3,Nominal Carbon-Fiber Driveline Balance
ALFA-GIORGIO-1856,3259,198.9,0.21,1590.1,Nominal Carbon-Fiber Driveline Balance
ALFA-GIORGIO-1857,3618,170.0,0.202,1571.1,Nominal Carbon-Fiber Driveline Balance
ALFA-GIORGIO-1858,3721,357.1,0.26,1558.1,Nominal Carbon-Fiber Driveline Balance
ALFA-GIORGIO-1859,3213,273.0,0.274,1485.0,Nominal Carbon-Fiber Driveline Balance
ALFA-GIORGIO-1860,2192,269.9,0.201,1533.2,Nominal Carbon-Fiber Driveline Balance
ALFA-GIORGIO-1861,3061,566.4,0.279,1433.8,Nominal Carbon-Fiber Driveline Balance
ALFA-GIORGIO-1862,3329,199.1,0.27,1472.5,Nominal Carbon-Fiber Driveline Balance
ALFA-GIORGIO-1863,1926,429.4,0.236,1535.8,Nominal Carbon-Fiber Driveline Balance
ALFA-GIORGIO-1864,3839,345.4,0.329,1385.4,Nominal Carbon-Fiber Driveline Balance
ALFA-GIORGIO-1865,2323,191.0,0.261,1480.7,Nominal Carbon-Fiber Driveline Balance
ALFA-GIORGIO-1866,1856,240.8,0.218,1513.6,Nominal Carbon-Fiber Driveline Balance
ALFA-GIORGIO-1867,2769,323.1,0.253,1587.9,Nominal Carbon-Fiber Driveline Balance
ALFA-GIORGIO-1868,4194,497.3,0.308,1366.3,Nominal Carbon-Fiber Driveline Balance
ALFA-GIORGIO-1869,2502,238.0,0.201,1627.8,Nominal Carbon-Fiber Driveline Balance
ALFA-GIORGIO-1870,4409,411.8,0.352,1404.7,Nominal Carbon-Fiber Driveline Balance
ALFA-GIORGIO-1871,3607,301.4,0.282,1365.8,Nominal Carbon-Fiber Driveline Balance
ALFA-GIORGIO-1872,5780,226.4,0.307,1415.7,Nominal Carbon-Fiber Driveline Balance
ALFA-GIORGIO-1873,7416,587.9,0.477,1212.6,Torsional Resonance Detected / Damper Sizing
ALFA-GIORGIO-1874,2201,323.3,0.242,1560.0,Nominal Carbon-Fiber Driveline Balance
ALFA-GIORGIO-1875,6497,328.4,0.333,1353.3,Nominal Carbon-Fiber Driveline Balance
ALFA-GIORGIO-1876,7422,584.5,0.458,1286.9,Torsional Resonance Detected / Damper Sizing
ALFA-GIORGIO-1877,6562,552.5,0.481,1211.9,Torsional Resonance Detected / Damper Sizing
ALFA-GIORGIO-1878,2785,291.7,0.198,1539.9,Nominal Carbon-Fiber Driveline Balance
ALFA-GIORGIO-1879,3218,275.7,0.24,1473.8,Nominal Carbon-Fiber Driveline Balance
ALFA-GIORGIO-1880,2411,456.3,0.334,1314.0,Nominal Carbon-Fiber Driveline Balance
ALFA-GIORGIO-1881,7356,256.9,0.406,1305.3,Nominal Carbon-Fiber Driveline Balance
ALFA-GIORGIO-1882,6218,326.4,0.392,1267.4,Nominal Carbon-Fiber Driveline Balance
ALFA-GIORGIO-1883,4015,292.9,0.252,1455.5,Nominal Carbon-Fiber Driveline Balance
ALFA-GIORGIO-1884,1772,184.3,0.179,1600.2,Nominal Carbon-Fiber Driveline Balance
ALFA-GIORGIO-1885,4928,263.6,0.328,1466.5,Nominal Carbon-Fiber Driveline Balance
ALFA-GIORGIO-1886,5260,201.7,0.399,1368.0,Nominal Carbon-Fiber Driveline Balance
ALFA-GIORGIO-1887,6259,505.8,0.403,1352.8,Nominal Carbon-Fiber Driveline Balance
ALFA-GIORGIO-1888,5281,403.6,0.334,1416.5,Nominal Carbon-Fiber Driveline Balance
ALFA-GIORGIO-1889,5908,517.6,0.489,1199.5,Torsional Resonance Detected / Damper Sizing
ALFA-GIORGIO-1890,4799,234.6,0.293,1387.9,Nominal Carbon-Fiber Driveline Balance
ALFA-GIORGIO-1891,6613,225.1,0.337,1350.9,Nominal Carbon-Fiber Driveline Balance
ALFA-GIORGIO-1892,4392,312.9,0.31,1418.5,Nominal Carbon-Fiber Driveline Balance
ALFA-GIORGIO-1893,7000,202.3,0.38,1335.9,Nominal Carbon-Fiber Driveline Balance
ALFA-GIORGIO-1894,2425,287.3,0.234,1475.0,Nominal Carbon-Fiber Driveline Balance
ALFA-GIORGIO-1895,3901,325.4,0.335,1475.6,Nominal Carbon-Fiber Driveline Balance
ALFA-GIORGIO-1896,2625,416.0,0.271,1473.6,Nominal Carbon-Fiber Driveline Balance
ALFA-GIORGIO-1897,2377,498.2,0.265,1536.4,Nominal Carbon-Fiber Driveline Balance
ALFA-GIORGIO-1898,3962,387.4,0.306,1401.1,Nominal Carbon-Fiber Driveline Balance
ALFA-GIORGIO-1899,6127,594.6,0.458,1297.2,Torsional Resonance Detected / Damper Sizing
ALFA-GIORGIO-1900,5832,312.0,0.414,1320.0,Nominal Carbon-Fiber Driveline Balance
ALFA-GIORGIO-1901,6696,151.0,0.412,1332.5,Nominal Carbon-Fiber Driveline Balance
ALFA-GIORGIO-1902,1738,563.1,0.326,1455.2,Nominal Carbon-Fiber Driveline Balance
ALFA-GIORGIO-1903,5535,296.8,0.392,1301.3,Nominal Carbon-Fiber Driveline Balance
ALFA-GIORGIO-1904,6182,569.9,0.451,1189.8,Torsional Resonance Detected / Damper Sizing
ALFA-GIORGIO-1905,5477,181.8,0.336,1350.3,Nominal Carbon-Fiber Driveline Balance
ALFA-GIORGIO-1906,6923,257.9,0.367,1313.4,Nominal Carbon-Fiber Driveline Balance
ALFA-GIORGIO-1907,3651,327.1,0.343,1457.3,Nominal Carbon-Fiber Driveline Balance
ALFA-GIORGIO-1908,3082,174.5,0.241,1502.0,Nominal Carbon-Fiber Driveline Balance
ALFA-GIORGIO-1909,5152,539.3,0.349,1389.5,Nominal Carbon-Fiber Driveline Balance
ALFA-GIORGIO-1910,3288,219.4,0.301,1458.6,Nominal Carbon-Fiber Driveline Balance
ALFA-GIORGIO-1911,5864,406.0,0.339,1442.4,Nominal Carbon-Fiber Driveline Balance
ALFA-GIORGIO-1912,4485,507.3,0.369,1345.6,Nominal Carbon-Fiber Driveline Balance
ALFA-GIORGIO-1913,5566,454.2,0.385,1341.8,Nominal Carbon-Fiber Driveline Balance
ALFA-GIORGIO-1914,3687,336.0,0.299,1394.9,Nominal Carbon-Fiber Driveline Balance
ALFA-GIORGIO-1915,5065,382.1,0.344,1424.9,Nominal Carbon-Fiber Driveline Balance
ALFA-GIORGIO-1916,4840,175.3,0.272,1478.6,Nominal Carbon-Fiber Driveline Balance
ALFA-GIORGIO-1917,3486,496.1,0.339,1404.4,Nominal Carbon-Fiber Driveline Balance
ALFA-GIORGIO-1918,3264,583.9,0.356,1364.7,Nominal Carbon-Fiber Driveline Balance
ALFA-GIORGIO-1919,2051,197.7,0.195,1623.1,Nominal Carbon-Fiber Driveline Balance
ALFA-GIORGIO-1920,6067,404.0,0.4,1315.1,Nominal Carbon-Fiber Driveline Balance
ALFA-GIORGIO-1921,5706,575.3,0.415,1282.4,Nominal Carbon-Fiber Driveline Balance
ALFA-GIORGIO-1922,4500,272.7,0.346,1358.4,Nominal Carbon-Fiber Driveline Balance
ALFA-GIORGIO-1923,2289,197.6,0.15,1621.4,Nominal Carbon-Fiber Driveline Balance
ALFA-GIORGIO-1924,4653,376.8,0.354,1341.9,Nominal Carbon-Fiber Driveline Balance
ALFA-GIORGIO-1925,7381,349.7,0.375,1371.8,Nominal Carbon-Fiber Driveline Balance
ALFA-GIORGIO-1926,6299,591.2,0.471,1244.8,Torsional Resonance Detected / Damper Sizing
ALFA-GIORGIO-1927,5669,215.2,0.327,1421.3,Nominal Carbon-Fiber Driveline Balance
ALFA-GIORGIO-1928,4357,535.9,0.406,1299.6,Nominal Carbon-Fiber Driveline Balance
ALFA-GIORGIO-1929,6809,228.1,0.368,1336.8,Nominal Carbon-Fiber Driveline Balance
ALFA-GIORGIO-1930,3838,466.0,0.304,1401.3,Nominal Carbon-Fiber Driveline Balance
ALFA-GIORGIO-1931,3278,193.1,0.257,1522.3,Nominal Carbon-Fiber Driveline Balance
ALFA-GIORGIO-1932,2393,570.9,0.294,1438.8,Nominal Carbon-Fiber Driveline Balance
ALFA-GIORGIO-1933,3937,374.4,0.338,1402.6,Nominal Carbon-Fiber Driveline Balance
ALFA-GIORGIO-1934,7256,283.8,0.402,1296.3,Nominal Carbon-Fiber Driveline Balance
ALFA-GIORGIO-1935,5065,226.9,0.339,1413.1,Nominal Carbon-Fiber Driveline Balance
ALFA-GIORGIO-1936,5659,383.4,0.357,1490.4,Nominal Carbon-Fiber Driveline Balance
ALFA-GIORGIO-1937,2432,551.6,0.273,1459.6,Nominal Carbon-Fiber Driveline Balance
ALFA-GIORGIO-1938,3574,430.9,0.298,1465.4,Nominal Carbon-Fiber Driveline Balance
ALFA-GIORGIO-1939,3155,429.1,0.293,1429.3,Nominal Carbon-Fiber Driveline Balance
ALFA-GIORGIO-1940,1681,236.4,0.193,1569.9,Nominal Carbon-Fiber Driveline Balance
ALFA-GIORGIO-1941,4964,354.9,0.325,1472.0,Nominal Carbon-Fiber Driveline Balance
ALFA-GIORGIO-1942,3628,177.6,0.223,1580.9,Nominal Carbon-Fiber Driveline Balance
ALFA-GIORGIO-1943,2818,326.9,0.313,1386.2,Nominal Carbon-Fiber Driveline Balance
ALFA-GIORGIO-1944,2889,464.2,0.247,1534.4,Nominal Carbon-Fiber Driveline Balance
ALFA-GIORGIO-1945,2101,359.4,0.213,1537.0,Nominal Carbon-Fiber Driveline Balance
ALFA-GIORGIO-1946,6381,549.7,0.389,1391.5,Nominal Carbon-Fiber Driveline Balance
ALFA-GIORGIO-1947,5272,522.9,0.406,1299.3,Nominal Carbon-Fiber Driveline Balance
ALFA-GIORGIO-1948,6055,162.7,0.423,1339.6,Torsional Resonance Detected / Damper Sizing
ALFA-GIORGIO-1949,4073,286.1,0.392,1310.5,Nominal Carbon-Fiber Driveline Balance
ALFA-GIORGIO-1950,3476,188.3,0.264,1516.5,Nominal Carbon-Fiber Driveline Balance
ALFA-GIORGIO-1951,4466,545.8,0.357,1305.5,Nominal Carbon-Fiber Driveline Balance
ALFA-GIORGIO-1952,2623,454.0,0.292,1420.0,Nominal Carbon-Fiber Driveline Balance
ALFA-GIORGIO-1953,6523,332.2,0.4,1317.8,Nominal Carbon-Fiber Driveline Balance
ALFA-GIORGIO-1954,2544,532.8,0.361,1330.1,Nominal Carbon-Fiber Driveline Balance
ALFA-GIORGIO-1955,1830,549.8,0.296,1459.8,Nominal Carbon-Fiber Driveline Balance
ALFA-GIORGIO-1956,5294,508.2,0.379,1301.1,Nominal Carbon-Fiber Driveline Balance
ALFA-GIORGIO-1957,6013,365.6,0.366,1352.9,Nominal Carbon-Fiber Driveline Balance
ALFA-GIORGIO-1958,3652,537.6,0.405,1281.3,Nominal Carbon-Fiber Driveline Balance
ALFA-GIORGIO-1959,3844,388.3,0.354,1367.8,Nominal Carbon-Fiber Driveline Balance
ALFA-GIORGIO-1960,1550,487.2,0.228,1566.1,Nominal Carbon-Fiber Driveline Balance
ALFA-GIORGIO-1961,1631,188.2,0.169,1566.6,Nominal Carbon-Fiber Driveline Balance
ALFA-GIORGIO-1962,3952,244.8,0.325,1412.2,Nominal Carbon-Fiber Driveline Balance
ALFA-GIORGIO-1963,1710,276.8,0.182,1618.5,Nominal Carbon-Fiber Driveline Balance
ALFA-GIORGIO-1964,5558,560.0,0.374,1355.0,Nominal Carbon-Fiber Driveline Balance
ALFA-GIORGIO-1965,5827,565.0,0.417,1325.2,Nominal Carbon-Fiber Driveline Balance
ALFA-GIORGIO-1966,6342,155.6,0.359,1383.7,Nominal Carbon-Fiber Driveline Balance
ALFA-GIORGIO-1967,4888,271.7,0.381,1317.8,Nominal Carbon-Fiber Driveline Balance
ALFA-GIORGIO-1968,5383,272.0,0.4,1315.0,Nominal Carbon-Fiber Driveline Balance
ALFA-GIORGIO-1969,5360,461.9,0.386,1298.6,Nominal Carbon-Fiber Driveline Balance
ALFA-GIORGIO-1970,6373,480.0,0.437,1267.9,Torsional Resonance Detected / Damper Sizing
ALFA-GIORGIO-1971,3241,498.9,0.336,1448.5,Nominal Carbon-Fiber Driveline Balance
ALFA-GIORGIO-1972,4361,241.1,0.296,1363.0,Nominal Carbon-Fiber Driveline Balance
ALFA-GIORGIO-1973,4711,270.6,0.349,1317.4,Nominal Carbon-Fiber Driveline Balance
ALFA-GIORGIO-1974,6093,285.2,0.322,1377.2,Nominal Carbon-Fiber Driveline Balance
ALFA-GIORGIO-1975,3409,315.4,0.343,1406.3,Nominal Carbon-Fiber Driveline Balance
ALFA-GIORGIO-1976,3514,558.4,0.357,1438.3,Nominal Carbon-Fiber Driveline Balance
ALFA-GIORGIO-1977,5538,250.4,0.318,1417.2,Nominal Carbon-Fiber Driveline Balance
ALFA-GIORGIO-1978,3278,364.5,0.352,1395.7,Nominal Carbon-Fiber Driveline Balance
ALFA-GIORGIO-1979,3826,164.4,0.26,1464.8,Nominal Carbon-Fiber Driveline Balance
ALFA-GIORGIO-1980,3112,510.0,0.291,1416.5,Nominal Carbon-Fiber Driveline Balance
ALFA-GIORGIO-1981,7010,277.7,0.369,1394.3,Nominal Carbon-Fiber Driveline Balance
ALFA-GIORGIO-1982,4835,464.1,0.343,1388.3,Nominal Carbon-Fiber Driveline Balance
ALFA-GIORGIO-1983,2741,531.3,0.324,1344.5,Nominal Carbon-Fiber Driveline Balance
ALFA-GIORGIO-1984,4959,229.3,0.334,1429.9,Nominal Carbon-Fiber Driveline Balance
ALFA-GIORGIO-1985,3337,544.0,0.329,1419.4,Nominal Carbon-Fiber Driveline Balance
ALFA-GIORGIO-1986,6522,571.5,0.433,1272.0,Torsional Resonance Detected / Damper Sizing
ALFA-GIORGIO-1987,5712,370.6,0.394,1332.4,Nominal Carbon-Fiber Driveline Balance
ALFA-GIORGIO-1988,6791,351.2,0.443,1310.2,Torsional Resonance Detected / Damper Sizing
ALFA-GIORGIO-1989,4613,194.6,0.343,1308.4,Nominal Carbon-Fiber Driveline Balance
ALFA-GIORGIO-1990,4410,198.8,0.319,1406.3,Nominal Carbon-Fiber Driveline Balance
ALFA-GIORGIO-1991,2539,305.8,0.253,1456.3,Nominal Carbon-Fiber Driveline Balance
ALFA-GIORGIO-1992,3905,578.6,0.355,1328.8,Nominal Carbon-Fiber Driveline Balance
ALFA-GIORGIO-1993,3333,425.0,0.333,1422.4,Nominal Carbon-Fiber Driveline Balance
ALFA-GIORGIO-1994,7411,181.8,0.419,1286.9,Nominal Carbon-Fiber Driveline Balance
ALFA-GIORGIO-1995,6715,362.5,0.438,1238.1,Torsional Resonance Detected / Damper Sizing
ALFA-GIORGIO-1996,5401,507.7,0.386,1311.9,Nominal Carbon-Fiber Driveline Balance
ALFA-GIORGIO-1997,6493,458.8,0.389,1333.9,Nominal Carbon-Fiber Driveline Balance
ALFA-GIORGIO-1998,7493,371.0,0.43,1298.4,Torsional Resonance Detected / Damper Sizing
ALFA-GIORGIO-1999,7382,287.7,0.491,1196.5,Torsional Resonance Detected / Damper Sizing
ALFA-GIORGIO-2000,7177,246.8,0.427,1265.5,Torsional Resonance Detected / Damper Sizing
ALFA-GIORGIO-2001,7384,279.7,0.41,1343.5,Nominal Carbon-Fiber Driveline Balance
ALFA-GIORGIO-2002,2013,157.4,0.23,1531.9,Nominal Carbon-Fiber Driveline Balance
ALFA-GIORGIO-2003,2056,160.4,0.21,1553.8,Nominal Carbon-Fiber Driveline Balance
ALFA-GIORGIO-2004,4078,536.6,0.363,1345.4,Nominal Carbon-Fiber Driveline Balance
ALFA-GIORGIO-2005,5209,274.3,0.341,1417.7,Nominal Carbon-Fiber Driveline Balance
ALFA-GIORGIO-2006,7415,321.1,0.478,1134.8,Torsional Resonance Detected / Damper Sizing
ALFA-GIORGIO-2007,7130,330.0,0.412,1301.5,Nominal Carbon-Fiber Driveline Balance
ALFA-GIORGIO-2008,3647,162.2,0.262,1470.0,Nominal Carbon-Fiber Driveline Balance
ALFA-GIORGIO-2009,5143,566.3,0.41,1313.7,Nominal Carbon-Fiber Driveline Balance
ALFA-GIORGIO-2010,6312,307.7,0.366,1371.6,Nominal Carbon-Fiber Driveline Balance
ALFA-GIORGIO-2011,3575,534.3,0.326,1417.5,Nominal Carbon-Fiber Driveline Balance
ALFA-GIORGIO-2012,6522,495.9,0.377,1344.6,Nominal Carbon-Fiber Driveline Balance
ALFA-GIORGIO-2013,4048,587.0,0.331,1425.5,Nominal Carbon-Fiber Driveline Balance
ALFA-GIORGIO-2014,4531,533.2,0.373,1326.7,Nominal Carbon-Fiber Driveline Balance
ALFA-GIORGIO-2015,5778,509.9,0.416,1256.1,Nominal Carbon-Fiber Driveline Balance
ALFA-GIORGIO-2016,6716,534.9,0.448,1307.3,Torsional Resonance Detected / Damper Sizing
ALFA-GIORGIO-2017,5889,422.1,0.415,1369.8,Nominal Carbon-Fiber Driveline Balance
ALFA-GIORGIO-2018,2296,547.7,0.276,1442.9,Nominal Carbon-Fiber Driveline Balance
ALFA-GIORGIO-2019,3445,215.8,0.278,1439.9,Nominal Carbon-Fiber Driveline Balance
ALFA-GIORGIO-2020,5941,200.7,0.367,1390.9,Nominal Carbon-Fiber Driveline Balance
ALFA-GIORGIO-2021,5212,331.5,0.389,1279.3,Nominal Carbon-Fiber Driveline Balance
ALFA-GIORGIO-2022,6913,461.4,0.453,1276.6,Torsional Resonance Detected / Damper Sizing
ALFA-GIORGIO-2023,1555,506.6,0.288,1430.9,Nominal Carbon-Fiber Driveline Balance
ALFA-GIORGIO-2024,6004,174.1,0.311,1441.8,Nominal Carbon-Fiber Driveline Balance
ALFA-GIORGIO-2025,4010,562.4,0.396,1381.0,Nominal Carbon-Fiber Driveline Balance
ALFA-GIORGIO-2026,2881,349.2,0.313,1466.9,Nominal Carbon-Fiber Driveline Balance
ALFA-GIORGIO-2027,5226,451.3,0.362,1433.9,Nominal Carbon-Fiber Driveline Balance
ALFA-GIORGIO-2028,3236,444.4,0.284,1418.1,Nominal Carbon-Fiber Driveline Balance
ALFA-GIORGIO-2029,2988,361.0,0.242,1612.9,Nominal Carbon-Fiber Driveline Balance
ALFA-GIORGIO-2030,5684,403.5,0.378,1282.3,Nominal Carbon-Fiber Driveline Balance
ALFA-GIORGIO-2031,2265,304.5,0.229,1493.9,Nominal Carbon-Fiber Driveline Balance
ALFA-GIORGIO-2032,4202,508.3,0.379,1297.2,Nominal Carbon-Fiber Driveline Balance
ALFA-GIORGIO-2033,6608,249.8,0.361,1402.0,Nominal Carbon-Fiber Driveline Balance
ALFA-GIORGIO-2034,7262,441.1,0.455,1271.6,Torsional Resonance Detected / Damper Sizing
ALFA-GIORGIO-2035,2308,175.0,0.216,1573.2,Nominal Carbon-Fiber Driveline Balance
ALFA-GIORGIO-2036,4230,307.4,0.315,1436.5,Nominal Carbon-Fiber Driveline Balance
ALFA-GIORGIO-2037,3757,214.9,0.305,1441.0,Nominal Carbon-Fiber Driveline Balance
ALFA-GIORGIO-2038,2948,450.6,0.294,1466.1,Nominal Carbon-Fiber Driveline Balance
ALFA-GIORGIO-2039,4943,568.0,0.406,1344.2,Nominal Carbon-Fiber Driveline Balance
ALFA-GIORGIO-2040,7202,516.2,0.462,1280.1,Torsional Resonance Detected / Damper Sizing
ALFA-GIORGIO-2041,2522,490.3,0.26,1455.3,Nominal Carbon-Fiber Driveline Balance
ALFA-GIORGIO-2042,4800,294.2,0.324,1410.3,Nominal Carbon-Fiber Driveline Balance
ALFA-GIORGIO-2043,6327,576.2,0.457,1254.9,Torsional Resonance Detected / Damper Sizing
ALFA-GIORGIO-2044,3994,560.5,0.368,1292.8,Nominal Carbon-Fiber Driveline Balance
ALFA-GIORGIO-2045,2134,176.8,0.203,1570.5,Nominal Carbon-Fiber Driveline Balance
ALFA-GIORGIO-2046,7092,377.8,0.399,1318.7,Nominal Carbon-Fiber Driveline Balance
ALFA-GIORGIO-2047,2659,284.4,0.21,1656.2,Nominal Carbon-Fiber Driveline Balance
ALFA-GIORGIO-2048,3511,216.2,0.226,1537.5,Nominal Carbon-Fiber Driveline Balance
ALFA-GIORGIO-2049,5252,191.5,0.293,1479.0,Nominal Carbon-Fiber Driveline Balance
ALFA-GIORGIO-2050,4039,497.2,0.295,1513.6,Nominal Carbon-Fiber Driveline Balance
ALFA-GIORGIO-2051,7422,226.8,0.404,1349.6,Nominal Carbon-Fiber Driveline Balance
ALFA-GIORGIO-2052,4961,312.2,0.335,1424.3,Nominal Carbon-Fiber Driveline Balance
ALFA-GIORGIO-2053,7467,303.8,0.481,1190.6,Torsional Resonance Detected / Damper Sizing
ALFA-GIORGIO-2054,2010,296.7,0.196,1515.1,Nominal Carbon-Fiber Driveline Balance
ALFA-GIORGIO-2055,2948,260.7,0.26,1483.2,Nominal Carbon-Fiber Driveline Balance
ALFA-GIORGIO-2056,2489,301.1,0.24,1559.4,Nominal Carbon-Fiber Driveline Balance
ALFA-GIORGIO-2057,1965,376.5,0.145,1662.1,Nominal Carbon-Fiber Driveline Balance
ALFA-GIORGIO-2058,4235,394.5,0.363,1337.3,Nominal Carbon-Fiber Driveline Balance
ALFA-GIORGIO-2059,3449,253.9,0.258,1465.6,Nominal Carbon-Fiber Driveline Balance
ALFA-GIORGIO-2060,3096,179.2,0.235,1554.8,Nominal Carbon-Fiber Driveline Balance
ALFA-GIORGIO-2061,2348,329.3,0.229,1566.6,Nominal Carbon-Fiber Driveline Balance
ALFA-GIORGIO-2062,1554,277.3,0.245,1527.1,Nominal Carbon-Fiber Driveline Balance
ALFA-GIORGIO-2063,5473,519.2,0.432,1259.8,Torsional Resonance Detected / Damper Sizing
ALFA-GIORGIO-2064,5410,209.9,0.247,1504.3,Nominal Carbon-Fiber Driveline Balance
ALFA-GIORGIO-2065,5981,248.0,0.364,1340.1,Nominal Carbon-Fiber Driveline Balance
ALFA-GIORGIO-2066,4240,369.9,0.311,1449.4,Nominal Carbon-Fiber Driveline Balance
ALFA-GIORGIO-2067,2839,592.6,0.345,1409.3,Nominal Carbon-Fiber Driveline Balance
ALFA-GIORGIO-2068,7371,546.6,0.47,1211.0,Torsional Resonance Detected / Damper Sizing
ALFA-GIORGIO-2069,6758,346.3,0.446,1381.9,Torsional Resonance Detected / Damper Sizing
ALFA-GIORGIO-2070,6055,163.7,0.309,1417.5,Nominal Carbon-Fiber Driveline Balance
ALFA-GIORGIO-2071,7201,373.7,0.464,1252.9,Torsional Resonance Detected / Damper Sizing
ALFA-GIORGIO-2072,1902,329.9,0.189,1549.3,Nominal Carbon-Fiber Driveline Balance
ALFA-GIORGIO-2073,2482,254.4,0.216,1543.5,Nominal Carbon-Fiber Driveline Balance
ALFA-GIORGIO-2074,2734,169.7,0.172,1560.4,Nominal Carbon-Fiber Driveline Balance
ALFA-GIORGIO-2075,4155,298.4,0.338,1400.2,Nominal Carbon-Fiber Driveline Balance
ALFA-GIORGIO-2076,2405,284.7,0.241,1477.7,Nominal Carbon-Fiber Driveline Balance
ALFA-GIORGIO-2077,6434,237.9,0.406,1308.2,Nominal Carbon-Fiber Driveline Balance
ALFA-GIORGIO-2078,7496,378.0,0.471,1225.1,Torsional Resonance Detected / Damper Sizing
ALFA-GIORGIO-2079,2909,290.2,0.291,1415.3,Nominal Carbon-Fiber Driveline Balance
ALFA-GIORGIO-2080,1870,321.5,0.194,1547.1,Nominal Carbon-Fiber Driveline Balance
ALFA-GIORGIO-2081,4230,547.0,0.351,1348.8,Nominal Carbon-Fiber Driveline Balance
ALFA-GIORGIO-2082,3835,438.1,0.331,1464.1,Nominal Carbon-Fiber Driveline Balance
ALFA-GIORGIO-2083,1882,213.9,0.175,1615.9,Nominal Carbon-Fiber Driveline Balance
ALFA-GIORGIO-2084,4104,185.3,0.308,1460.1,Nominal Carbon-Fiber Driveline Balance
ALFA-GIORGIO-2085,7485,278.4,0.353,1357.4,Nominal Carbon-Fiber Driveline Balance
ALFA-GIORGIO-2086,6263,167.4,0.326,1362.1,Nominal Carbon-Fiber Driveline Balance
ALFA-GIORGIO-2087,5186,595.5,0.387,1339.9,Nominal Carbon-Fiber Driveline Balance
ALFA-GIORGIO-2088,7286,584.2,0.532,1104.4,Torsional Resonance Detected / Damper Sizing
ALFA-GIORGIO-2089,4160,585.1,0.4,1295.0,Nominal Carbon-Fiber Driveline Balance
ALFA-GIORGIO-2090,5650,446.7,0.475,1212.5,Torsional Resonance Detected / Damper Sizing
ALFA-GIORGIO-2091,2940,463.5,0.284,1521.2,Nominal Carbon-Fiber Driveline Balance
ALFA-GIORGIO-2092,2231,285.0,0.249,1502.4,Nominal Carbon-Fiber Driveline Balance
ALFA-GIORGIO-2093,6752,496.7,0.462,1239.0,Torsional Resonance Detected / Damper Sizing
ALFA-GIORGIO-2094,5003,381.3,0.401,1275.0,Nominal Carbon-Fiber Driveline Balance
ALFA-GIORGIO-2095,3791,396.1,0.313,1408.7,Nominal Carbon-Fiber Driveline Balance
ALFA-GIORGIO-2096,2604,325.5,0.278,1562.5,Nominal Carbon-Fiber Driveline Balance
ALFA-GIORGIO-2097,1984,513.1,0.316,1451.3,Nominal Carbon-Fiber Driveline Balance
ALFA-GIORGIO-2098,6684,420.1,0.449,1257.5,Torsional Resonance Detected / Damper Sizing
ALFA-GIORGIO-2099,1753,338.6,0.287,1459.6,Nominal Carbon-Fiber Driveline Balance
ALFA-GIORGIO-2100,5815,159.7,0.316,1397.8,Nominal Carbon-Fiber Driveline Balance
ALFA-GIORGIO-2101,6333,525.7,0.441,1325.4,Torsional Resonance Detected / Damper Sizing
ALFA-GIORGIO-2102,3763,180.1,0.287,1432.9,Nominal Carbon-Fiber Driveline Balance
ALFA-GIORGIO-2103,2702,255.6,0.244,1478.1,Nominal Carbon-Fiber Driveline Balance
ALFA-GIORGIO-2104,6248,226.0,0.373,1327.6,Nominal Carbon-Fiber Driveline Balance
ALFA-GIORGIO-2105,2582,152.6,0.197,1581.1,Nominal Carbon-Fiber Driveline Balance
ALFA-GIORGIO-2106,1640,346.5,0.167,1590.0,Nominal Carbon-Fiber Driveline Balance
ALFA-GIORGIO-2107,5356,483.9,0.377,1323.6,Nominal Carbon-Fiber Driveline Balance
ALFA-GIORGIO-2108,1533,227.0,0.139,1664.8,Nominal Carbon-Fiber Driveline Balance
ALFA-GIORGIO-2109,3724,283.1,0.276,1453.1,Nominal Carbon-Fiber Driveline Balance
ALFA-GIORGIO-2110,2990,435.0,0.31,1429.2,Nominal Carbon-Fiber Driveline Balance
ALFA-GIORGIO-2111,3036,372.8,0.331,1485.1,Nominal Carbon-Fiber Driveline Balance
ALFA-GIORGIO-2112,4361,214.8,0.244,1526.8,Nominal Carbon-Fiber Driveline Balance
ALFA-GIORGIO-2113,6889,389.9,0.442,1256.7,Torsional Resonance Detected / Damper Sizing
ALFA-GIORGIO-2114,3038,484.7,0.277,1517.1,Nominal Carbon-Fiber Driveline Balance
ALFA-GIORGIO-2115,2802,391.8,0.271,1441.0,Nominal Carbon-Fiber Driveline Balance
ALFA-GIORGIO-2116,2605,286.5,0.215,1475.9,Nominal Carbon-Fiber Driveline Balance
ALFA-GIORGIO-2117,3539,350.4,0.254,1496.2,Nominal Carbon-Fiber Driveline Balance
ALFA-GIORGIO-2118,7234,429.3,0.44,1225.6,Torsional Resonance Detected / Damper Sizing
ALFA-GIORGIO-2119,4446,173.3,0.293,1453.2,Nominal Carbon-Fiber Driveline Balance
ALFA-GIORGIO-2120,1503,234.7,0.197,1560.0,Nominal Carbon-Fiber Driveline Balance
ALFA-GIORGIO-2121,7007,418.7,0.441,1320.2,Torsional Resonance Detected / Damper Sizing
ALFA-GIORGIO-2122,6699,216.0,0.366,1356.3,Nominal Carbon-Fiber Driveline Balance
ALFA-GIORGIO-2123,4453,294.4,0.309,1372.9,Nominal Carbon-Fiber Driveline Balance
ALFA-GIORGIO-2124,2496,530.9,0.357,1411.6,Nominal Carbon-Fiber Driveline Balance
ALFA-GIORGIO-2125,7198,302.4,0.417,1310.2,Nominal Carbon-Fiber Driveline Balance
ALFA-GIORGIO-2126,4905,299.6,0.33,1413.8,Nominal Carbon-Fiber Driveline Balance
ALFA-GIORGIO-2127,5523,501.6,0.383,1339.6,Nominal Carbon-Fiber Driveline Balance
ALFA-GIORGIO-2128,4697,527.5,0.411,1269.5,Nominal Carbon-Fiber Driveline Balance
ALFA-GIORGIO-2129,6289,443.1,0.384,1248.5,Nominal Carbon-Fiber Driveline Balance
ALFA-GIORGIO-2130,3111,323.7,0.302,1452.4,Nominal Carbon-Fiber Driveline Balance
ALFA-GIORGIO-2131,6320,344.4,0.393,1281.4,Nominal Carbon-Fiber Driveline Balance
ALFA-GIORGIO-2132,3749,476.1,0.327,1448.5,Nominal Carbon-Fiber Driveline Balance
ALFA-GIORGIO-2133,1535,518.5,0.251,1487.2,Nominal Carbon-Fiber Driveline Balance
ALFA-GIORGIO-2134,6931,530.5,0.457,1296.0,Torsional Resonance Detected / Damper Sizing
ALFA-GIORGIO-2135,7000,578.1,0.487,1199.1,Torsional Resonance Detected / Damper Sizing
ALFA-GIORGIO-2136,4643,314.2,0.337,1387.0,Nominal Carbon-Fiber Driveline Balance
ALFA-GIORGIO-2137,3796,176.0,0.275,1401.9,Nominal Carbon-Fiber Driveline Balance
ALFA-GIORGIO-2138,5989,360.9,0.404,1339.5,Nominal Carbon-Fiber Driveline Balance
ALFA-GIORGIO-2139,7368,270.5,0.365,1377.8,Nominal Carbon-Fiber Driveline Balance
ALFA-GIORGIO-2140,4710,172.7,0.269,1475.8,Nominal Carbon-Fiber Driveline Balance
ALFA-GIORGIO-2141,5500,509.1,0.424,1312.1,Torsional Resonance Detected / Damper Sizing
ALFA-GIORGIO-2142,5489,412.2,0.361,1376.0,Nominal Carbon-Fiber Driveline Balance
ALFA-GIORGIO-2143,6066,278.3,0.372,1340.0,Nominal Carbon-Fiber Driveline Balance
ALFA-GIORGIO-2144,5534,237.1,0.308,1424.4,Nominal Carbon-Fiber Driveline Balance
ALFA-GIORGIO-2145,4135,482.7,0.378,1357.5,Nominal Carbon-Fiber Driveline Balance
ALFA-GIORGIO-2146,5127,291.5,0.401,1271.3,Nominal Carbon-Fiber Driveline Balance
ALFA-GIORGIO-2147,5207,558.9,0.402,1405.7,Nominal Carbon-Fiber Driveline Balance
ALFA-GIORGIO-2148,4366,263.4,0.307,1451.0,Nominal Carbon-Fiber Driveline Balance
ALFA-GIORGIO-2149,4419,352.6,0.348,1419.7,Nominal Carbon-Fiber Driveline Balance
ALFA-GIORGIO-2150,3037,363.2,0.343,1440.2,Nominal Carbon-Fiber Driveline Balance
ALFA-GIORGIO-2151,5755,253.2,0.362,1362.8,Nominal Carbon-Fiber Driveline Balance
ALFA-GIORGIO-2152,5948,479.5,0.428,1261.2,Torsional Resonance Detected / Damper Sizing
ALFA-GIORGIO-2153,6145,494.7,0.432,1265.6,Torsional Resonance Detected / Damper Sizing
ALFA-GIORGIO-2154,6240,288.9,0.381,1346.7,Nominal Carbon-Fiber Driveline Balance
ALFA-GIORGIO-2155,4123,596.4,0.364,1382.7,Nominal Carbon-Fiber Driveline Balance
ALFA-GIORGIO-2156,5814,474.3,0.356,1392.9,Nominal Carbon-Fiber Driveline Balance
ALFA-GIORGIO-2157,4059,250.2,0.33,1372.9,Nominal Carbon-Fiber Driveline Balance
ALFA-GIORGIO-2158,3404,573.0,0.32,1366.4,Nominal Carbon-Fiber Driveline Balance
ALFA-GIORGIO-2159,5589,466.5,0.413,1365.7,Nominal Carbon-Fiber Driveline Balance
ALFA-GIORGIO-2160,5491,404.7,0.32,1375.3,Nominal Carbon-Fiber Driveline Balance
ALFA-GIORGIO-2161,5257,419.3,0.398,1262.1,Nominal Carbon-Fiber Driveline Balance
ALFA-GIORGIO-2162,6081,338.0,0.445,1250.9,Torsional Resonance Detected / Damper Sizing
ALFA-GIORGIO-2163,4531,152.8,0.267,1534.1,Nominal Carbon-Fiber Driveline Balance
ALFA-GIORGIO-2164,2072,587.4,0.32,1449.5,Nominal Carbon-Fiber Driveline Balance
ALFA-GIORGIO-2165,5605,476.9,0.393,1274.0,Nominal Carbon-Fiber Driveline Balance
ALFA-GIORGIO-2166,2208,287.5,0.196,1609.6,Nominal Carbon-Fiber Driveline Balance
ALFA-GIORGIO-2167,5655,266.6,0.313,1463.0,Nominal Carbon-Fiber Driveline Balance
ALFA-GIORGIO-2168,6457,260.7,0.407,1259.8,Nominal Carbon-Fiber Driveline Balance
ALFA-GIORGIO-2169,4707,528.3,0.354,1348.1,Nominal Carbon-Fiber Driveline Balance
ALFA-GIORGIO-2170,3297,345.2,0.246,1559.0,Nominal Carbon-Fiber Driveline Balance
ALFA-GIORGIO-2171,4260,159.8,0.284,1458.4,Nominal Carbon-Fiber Driveline Balance
ALFA-GIORGIO-2172,4230,361.2,0.298,1469.3,Nominal Carbon-Fiber Driveline Balance
ALFA-GIORGIO-2173,3507,378.7,0.317,1465.0,Nominal Carbon-Fiber Driveline Balance
ALFA-GIORGIO-2174,2544,545.7,0.239,1492.9,Nominal Carbon-Fiber Driveline Balance
ALFA-GIORGIO-2175,6648,417.1,0.398,1335.8,Nominal Carbon-Fiber Driveline Balance
ALFA-GIORGIO-2176,1602,526.4,0.221,1551.1,Nominal Carbon-Fiber Driveline Balance
ALFA-GIORGIO-2177,2699,370.5,0.247,1476.2,Nominal Carbon-Fiber Driveline Balance
ALFA-GIORGIO-2178,3575,436.1,0.312,1412.1,Nominal Carbon-Fiber Driveline Balance
ALFA-GIORGIO-2179,3264,179.1,0.226,1527.9,Nominal Carbon-Fiber Driveline Balance
ALFA-GIORGIO-2180,4141,379.0,0.362,1376.4,Nominal Carbon-Fiber Driveline Balance
ALFA-GIORGIO-2181,6298,442.0,0.471,1287.3,Torsional Resonance Detected / Damper Sizing
ALFA-GIORGIO-2182,5583,250.9,0.374,1290.6,Nominal Carbon-Fiber Driveline Balance
ALFA-GIORGIO-2183,7166,372.4,0.385,1319.7,Nominal Carbon-Fiber Driveline Balance
ALFA-GIORGIO-2184,7127,194.6,0.441,1298.6,Torsional Resonance Detected / Damper Sizing
ALFA-GIORGIO-2185,3805,209.7,0.264,1441.3,Nominal Carbon-Fiber Driveline Balance
ALFA-GIORGIO-2186,2352,300.1,0.195,1587.5,Nominal Carbon-Fiber Driveline Balance
ALFA-GIORGIO-2187,6161,403.8,0.389,1336.4,Nominal Carbon-Fiber Driveline Balance
ALFA-GIORGIO-2188,4172,539.5,0.42,1338.4,Nominal Carbon-Fiber Driveline Balance
ALFA-GIORGIO-2189,2235,596.9,0.348,1356.6,Nominal Carbon-Fiber Driveline Balance
ALFA-GIORGIO-2190,6819,567.6,0.451,1178.7,Torsional Resonance Detected / Damper Sizing
ALFA-GIORGIO-2191,6461,228.7,0.401,1286.7,Nominal Carbon-Fiber Driveline Balance
ALFA-GIORGIO-2192,5558,321.9,0.331,1405.6,Nominal Carbon-Fiber Driveline Balance
ALFA-GIORGIO-2193,3788,412.3,0.317,1442.1,Nominal Carbon-Fiber Driveline Balance
ALFA-GIORGIO-2194,2893,240.2,0.193,1547.1,Nominal Carbon-Fiber Driveline Balance
ALFA-GIORGIO-2195,1515,403.5,0.23,1561.3,Nominal Carbon-Fiber Driveline Balance
ALFA-GIORGIO-2196,6097,400.9,0.394,1380.9,Nominal Carbon-Fiber Driveline Balance
ALFA-GIORGIO-2197,2198,500.1,0.24,1486.3,Nominal Carbon-Fiber Driveline Balance
ALFA-GIORGIO-2198,2715,476.9,0.323,1413.1,Nominal Carbon-Fiber Driveline Balance
ALFA-GIORGIO-2199,6654,176.6,0.355,1366.2,Nominal Carbon-Fiber Driveline Balance
ALFA-GIORGIO-2200,4432,184.8,0.271,1423.7,Nominal Carbon-Fiber Driveline Balance
ALFA-GIORGIO-2201,7173,408.7,0.412,1372.8,Nominal Carbon-Fiber Driveline Balance
ALFA-GIORGIO-2202,2766,594.6,0.317,1427.3,Nominal Carbon-Fiber Driveline Balance
ALFA-GIORGIO-2203,5048,237.7,0.354,1383.5,Nominal Carbon-Fiber Driveline Balance
ALFA-GIORGIO-2204,3884,155.0,0.227,1507.6,Nominal Carbon-Fiber Driveline Balance
ALFA-GIORGIO-2205,4865,593.1,0.336,1435.4,Nominal Carbon-Fiber Driveline Balance
ALFA-GIORGIO-2206,1501,536.2,0.285,1421.0,Nominal Carbon-Fiber Driveline Balance
ALFA-GIORGIO-2207,3233,227.6,0.226,1506.1,Nominal Carbon-Fiber Driveline Balance
ALFA-GIORGIO-2208,6046,323.0,0.337,1418.5,Nominal Carbon-Fiber Driveline Balance
ALFA-GIORGIO-2209,5398,177.5,0.324,1320.3,Nominal Carbon-Fiber Driveline Balance
ALFA-GIORGIO-2210,2671,340.8,0.296,1349.2,Nominal Carbon-Fiber Driveline Balance
ALFA-GIORGIO-2211,4663,280.0,0.281,1448.7,Nominal Carbon-Fiber Driveline Balance
ALFA-GIORGIO-2212,2052,564.4,0.259,1472.4,Nominal Carbon-Fiber Driveline Balance
ALFA-GIORGIO-2213,2408,274.6,0.18,1590.8,Nominal Carbon-Fiber Driveline Balance
ALFA-GIORGIO-2214,7351,535.1,0.462,1294.8,Torsional Resonance Detected / Damper Sizing
ALFA-GIORGIO-2215,6722,482.5,0.408,1257.6,Nominal Carbon-Fiber Driveline Balance
ALFA-GIORGIO-2216,3338,168.3,0.239,1520.1,Nominal Carbon-Fiber Driveline Balance
ALFA-GIORGIO-2217,4547,239.2,0.287,1450.8,Nominal Carbon-Fiber Driveline Balance
ALFA-GIORGIO-2218,6826,319.5,0.47,1236.0,Torsional Resonance Detected / Damper Sizing
ALFA-GIORGIO-2219,2102,321.4,0.209,1588.2,Nominal Carbon-Fiber Driveline Balance
ALFA-GIORGIO-2220,3269,597.7,0.375,1353.9,Nominal Carbon-Fiber Driveline Balance
ALFA-GIORGIO-2221,5776,258.9,0.333,1379.2,Nominal Carbon-Fiber Driveline Balance
ALFA-GIORGIO-2222,3045,317.8,0.238,1552.0,Nominal Carbon-Fiber Driveline Balance
ALFA-GIORGIO-2223,3793,594.7,0.374,1368.3,Nominal Carbon-Fiber Driveline Balance
ALFA-GIORGIO-2224,5617,249.1,0.244,1517.9,Nominal Carbon-Fiber Driveline Balance
ALFA-GIORGIO-2225,2108,240.5,0.21,1523.1,Nominal Carbon-Fiber Driveline Balance
ALFA-GIORGIO-2226,2286,263.2,0.25,1558.2,Nominal Carbon-Fiber Driveline Balance
ALFA-GIORGIO-2227,6257,418.7,0.434,1224.8,Torsional Resonance Detected / Damper Sizing
ALFA-GIORGIO-2228,4320,565.6,0.368,1350.4,Nominal Carbon-Fiber Driveline Balance
ALFA-GIORGIO-2229,5842,382.9,0.39,1326.2,Nominal Carbon-Fiber Driveline Balance
ALFA-GIORGIO-2230,3318,269.6,0.25,1465.9,Nominal Carbon-Fiber Driveline Balance
ALFA-GIORGIO-2231,6173,261.6,0.339,1381.2,Nominal Carbon-Fiber Driveline Balance
ALFA-GIORGIO-2232,2090,439.0,0.24,1496.4,Nominal Carbon-Fiber Driveline Balance
ALFA-GIORGIO-2233,2164,365.8,0.194,1516.9,Nominal Carbon-Fiber Driveline Balance
ALFA-GIORGIO-2234,1891,297.2,0.179,1560.7,Nominal Carbon-Fiber Driveline Balance
ALFA-GIORGIO-2235,3608,396.4,0.329,1369.7,Nominal Carbon-Fiber Driveline Balance
ALFA-GIORGIO-2236,6441,283.3,0.374,1396.0,Nominal Carbon-Fiber Driveline Balance
ALFA-GIORGIO-2237,3146,399.9,0.282,1471.2,Nominal Carbon-Fiber Driveline Balance
ALFA-GIORGIO-2238,5227,522.1,0.426,1301.8,Torsional Resonance Detected / Damper Sizing
ALFA-GIORGIO-2239,4289,513.6,0.386,1371.0,Nominal Carbon-Fiber Driveline Balance
ALFA-GIORGIO-2240,6331,201.3,0.359,1304.5,Nominal Carbon-Fiber Driveline Balance
ALFA-GIORGIO-2241,1685,566.8,0.29,1418.4,Nominal Carbon-Fiber Driveline Balance
ALFA-GIORGIO-2242,3009,565.8,0.335,1332.9,Nominal Carbon-Fiber Driveline Balance
ALFA-GIORGIO-2243,6886,486.3,0.419,1293.2,Nominal Carbon-Fiber Driveline Balance
ALFA-GIORGIO-2244,5988,243.2,0.341,1368.1,Nominal Carbon-Fiber Driveline Balance
ALFA-GIORGIO-2245,6331,490.1,0.395,1318.4,Nominal Carbon-Fiber Driveline Balance
ALFA-GIORGIO-2246,1798,329.8,0.229,1630.4,Nominal Carbon-Fiber Driveline Balance
ALFA-GIORGIO-2247,7476,481.0,0.465,1215.8,Torsional Resonance Detected / Damper Sizing
ALFA-GIORGIO-2248,6801,236.1,0.387,1328.4,Nominal Carbon-Fiber Driveline Balance
ALFA-GIORGIO-2249,2474,412.2,0.275,1453.6,Nominal Carbon-Fiber Driveline Balance
ALFA-GIORGIO-2250,5139,190.2,0.304,1471.5,Nominal Carbon-Fiber Driveline Balance
ALFA-GIORGIO-2251,2357,225.7,0.24,1568.2,Nominal Carbon-Fiber Driveline Balance
ALFA-GIORGIO-2252,1784,592.4,0.278,1457.7,Nominal Carbon-Fiber Driveline Balance
ALFA-GIORGIO-2253,3909,528.2,0.347,1452.5,Nominal Carbon-Fiber Driveline Balance
ALFA-GIORGIO-2254,7135,283.3,0.392,1372.7,Nominal Carbon-Fiber Driveline Balance
ALFA-GIORGIO-2255,5555,425.6,0.402,1338.7,Nominal Carbon-Fiber Driveline Balance
ALFA-GIORGIO-2256,5777,220.8,0.361,1377.3,Nominal Carbon-Fiber Driveline Balance
ALFA-GIORGIO-2257,6485,274.4,0.393,1338.0,Nominal Carbon-Fiber Driveline Balance
ALFA-GIORGIO-2258,4663,452.8,0.326,1475.3,Nominal Carbon-Fiber Driveline Balance
ALFA-GIORGIO-2259,5934,238.2,0.427,1260.4,Torsional Resonance Detected / Damper Sizing
ALFA-GIORGIO-2260,7043,441.5,0.434,1264.7,Torsional Resonance Detected / Damper Sizing
ALFA-GIORGIO-2261,4500,202.8,0.256,1482.8,Nominal Carbon-Fiber Driveline Balance
ALFA-GIORGIO-2262,5620,588.4,0.414,1312.0,Nominal Carbon-Fiber Driveline Balance
ALFA-GIORGIO-2263,5080,437.8,0.366,1354.2,Nominal Carbon-Fiber Driveline Balance
ALFA-GIORGIO-2264,7025,376.3,0.423,1330.7,Torsional Resonance Detected / Damper Sizing
ALFA-GIORGIO-2265,5495,575.6,0.455,1249.6,Torsional Resonance Detected / Damper Sizing
ALFA-GIORGIO-2266,2062,278.9,0.262,1573.7,Nominal Carbon-Fiber Driveline Balance
ALFA-GIORGIO-2267,4264,385.6,0.301,1448.2,Nominal Carbon-Fiber Driveline Balance
ALFA-GIORGIO-2268,6424,198.3,0.33,1476.9,Nominal Carbon-Fiber Driveline Balance
ALFA-GIORGIO-2269,4170,495.3,0.367,1386.4,Nominal Carbon-Fiber Driveline Balance
ALFA-GIORGIO-2270,3387,314.7,0.259,1527.8,Nominal Carbon-Fiber Driveline Balance
ALFA-GIORGIO-2271,6063,168.5,0.299,1436.8,Nominal Carbon-Fiber Driveline Balance
ALFA-GIORGIO-2272,5348,481.4,0.368,1374.7,Nominal Carbon-Fiber Driveline Balance
ALFA-GIORGIO-2273,2010,590.4,0.276,1454.7,Nominal Carbon-Fiber Driveline Balance
ALFA-GIORGIO-2274,6034,577.6,0.47,1254.1,Torsional Resonance Detected / Damper Sizing
ALFA-GIORGIO-2275,6254,394.3,0.366,1385.3,Nominal Carbon-Fiber Driveline Balance
ALFA-GIORGIO-2276,6964,220.1,0.385,1286.9,Nominal Carbon-Fiber Driveline Balance
ALFA-GIORGIO-2277,6050,504.2,0.423,1194.9,Torsional Resonance Detected / Damper Sizing
ALFA-GIORGIO-2278,6218,307.2,0.367,1360.9,Nominal Carbon-Fiber Driveline Balance
ALFA-GIORGIO-2279,4144,481.5,0.369,1320.9,Nominal Carbon-Fiber Driveline Balance
ALFA-GIORGIO-2280,7301,235.4,0.425,1294.9,Torsional Resonance Detected / Damper Sizing
ALFA-GIORGIO-2281,1706,549.1,0.284,1485.1,Nominal Carbon-Fiber Driveline Balance
ALFA-GIORGIO-2282,3327,567.2,0.285,1455.1,Nominal Carbon-Fiber Driveline Balance
ALFA-GIORGIO-2283,5183,310.4,0.372,1401.0,Nominal Carbon-Fiber Driveline Balance
ALFA-GIORGIO-2284,4007,255.7,0.363,1300.7,Nominal Carbon-Fiber Driveline Balance
ALFA-GIORGIO-2285,3652,386.5,0.353,1440.8,Nominal Carbon-Fiber Driveline Balance
ALFA-GIORGIO-2286,1622,363.3,0.236,1511.8,Nominal Carbon-Fiber Driveline Balance
ALFA-GIORGIO-2287,6776,271.8,0.416,1206.5,Nominal Carbon-Fiber Driveline Balance
ALFA-GIORGIO-2288,6151,519.2,0.408,1330.5,Nominal Carbon-Fiber Driveline Balance
ALFA-GIORGIO-2289,2980,208.0,0.232,1496.8,Nominal Carbon-Fiber Driveline Balance
ALFA-GIORGIO-2290,1551,421.2,0.207,1528.0,Nominal Carbon-Fiber Driveline Balance
ALFA-GIORGIO-2291,3870,414.7,0.283,1464.7,Nominal Carbon-Fiber Driveline Balance
ALFA-GIORGIO-2292,6211,578.8,0.453,1221.9,Torsional Resonance Detected / Damper Sizing
ALFA-GIORGIO-2293,1568,166.9,0.282,1459.6,Nominal Carbon-Fiber Driveline Balance
ALFA-GIORGIO-2294,2544,177.8,0.23,1543.4,Nominal Carbon-Fiber Driveline Balance
ALFA-GIORGIO-2295,4204,162.9,0.242,1489.2,Nominal Carbon-Fiber Driveline Balance
ALFA-GIORGIO-2296,5592,533.3,0.453,1244.8,Torsional Resonance Detected / Damper Sizing
ALFA-GIORGIO-2297,3029,150.1,0.253,1437.8,Nominal Carbon-Fiber Driveline Balance
ALFA-GIORGIO-2298,1631,541.8,0.27,1498.4,Nominal Carbon-Fiber Driveline Balance
ALFA-GIORGIO-2299,1954,325.2,0.189,1553.7,Nominal Carbon-Fiber Driveline Balance
ALFA-GIORGIO-2300,6913,533.2,0.409,1276.3,Nominal Carbon-Fiber Driveline Balance
ALFA-GIORGIO-2301,2229,549.5,0.297,1383.5,Nominal Carbon-Fiber Driveline Balance
ALFA-GIORGIO-2302,4902,425.3,0.35,1359.6,Nominal Carbon-Fiber Driveline Balance
ALFA-GIORGIO-2303,2761,186.1,0.228,1454.1,Nominal Carbon-Fiber Driveline Balance
ALFA-GIORGIO-2304,4076,443.0,0.301,1456.8,Nominal Carbon-Fiber Driveline Balance
ALFA-GIORGIO-2305,3010,164.8,0.233,1531.1,Nominal Carbon-Fiber Driveline Balance
ALFA-GIORGIO-2306,3488,502.0,0.299,1450.1,Nominal Carbon-Fiber Driveline Balance
ALFA-GIORGIO-2307,2552,452.3,0.281,1430.2,Nominal Carbon-Fiber Driveline Balance
ALFA-GIORGIO-2308,5643,498.8,0.447,1194.1,Torsional Resonance Detected / Damper Sizing
ALFA-GIORGIO-2309,6554,266.1,0.372,1316.2,Nominal Carbon-Fiber Driveline Balance
ALFA-GIORGIO-2310,1537,172.4,0.224,1591.5,Nominal Carbon-Fiber Driveline Balance
ALFA-GIORGIO-2311,1731,175.1,0.202,1493.1,Nominal Carbon-Fiber Driveline Balance
ALFA-GIORGIO-2312,5658,389.9,0.396,1314.2,Nominal Carbon-Fiber Driveline Balance
ALFA-GIORGIO-2313,5439,479.5,0.399,1271.1,Nominal Carbon-Fiber Driveline Balance
ALFA-GIORGIO-2314,3594,360.5,0.308,1463.7,Nominal Carbon-Fiber Driveline Balance
ALFA-GIORGIO-2315,5554,367.0,0.404,1324.0,Nominal Carbon-Fiber Driveline Balance
ALFA-GIORGIO-2316,2176,154.1,0.231,1519.3,Nominal Carbon-Fiber Driveline Balance
ALFA-GIORGIO-2317,4230,282.4,0.286,1495.4,Nominal Carbon-Fiber Driveline Balance
ALFA-GIORGIO-2318,6540,508.6,0.471,1239.3,Torsional Resonance Detected / Damper Sizing
ALFA-GIORGIO-2319,7046,181.1,0.409,1303.2,Nominal Carbon-Fiber Driveline Balance
ALFA-GIORGIO-2320,5394,419.1,0.387,1246.2,Nominal Carbon-Fiber Driveline Balance
ALFA-GIORGIO-2321,5605,369.5,0.38,1335.1,Nominal Carbon-Fiber Driveline Balance
ALFA-GIORGIO-2322,4959,259.3,0.283,1513.8,Nominal Carbon-Fiber Driveline Balance
ALFA-GIORGIO-2323,1574,434.9,0.299,1372.7,Nominal Carbon-Fiber Driveline Balance
ALFA-GIORGIO-2324,1855,310.2,0.188,1538.5,Nominal Carbon-Fiber Driveline Balance
ALFA-GIORGIO-2325,3033,314.9,0.267,1456.6,Nominal Carbon-Fiber Driveline Balance
ALFA-GIORGIO-2326,5335,163.5,0.272,1473.8,Nominal Carbon-Fiber Driveline Balance
ALFA-GIORGIO-2327,6743,546.5,0.467,1219.9,Torsional Resonance Detected / Damper Sizing
ALFA-GIORGIO-2328,4397,241.6,0.288,1486.4,Nominal Carbon-Fiber Driveline Balance
ALFA-GIORGIO-2329,2262,311.4,0.209,1534.8,Nominal Carbon-Fiber Driveline Balance
ALFA-GIORGIO-2330,1620,529.6,0.252,1524.6,Nominal Carbon-Fiber Driveline Balance
ALFA-GIORGIO-2331,5434,379.4,0.354,1399.6,Nominal Carbon-Fiber Driveline Balance
ALFA-GIORGIO-2332,1742,215.6,0.19,1573.4,Nominal Carbon-Fiber Driveline Balance
ALFA-GIORGIO-2333,7342,313.2,0.424,1278.9,Torsional Resonance Detected / Damper Sizing
ALFA-GIORGIO-2334,2274,201.7,0.267,1437.4,Nominal Carbon-Fiber Driveline Balance
ALFA-GIORGIO-2335,6218,453.9,0.497,1214.8,Torsional Resonance Detected / Damper Sizing
ALFA-GIORGIO-2336,1892,172.4,0.28,1459.2,Nominal Carbon-Fiber Driveline Balance
ALFA-GIORGIO-2337,3098,360.8,0.302,1502.7,Nominal Carbon-Fiber Driveline Balance
ALFA-GIORGIO-2338,2135,310.6,0.226,1489.9,Nominal Carbon-Fiber Driveline Balance
ALFA-GIORGIO-2339,4852,559.5,0.388,1346.3,Nominal Carbon-Fiber Driveline Balance
ALFA-GIORGIO-2340,6771,156.1,0.346,1419.6,Nominal Carbon-Fiber Driveline Balance
ALFA-GIORGIO-2341,4741,308.3,0.337,1344.2,Nominal Carbon-Fiber Driveline Balance
ALFA-GIORGIO-2342,5408,485.1,0.446,1229.4,Torsional Resonance Detected / Damper Sizing
ALFA-GIORGIO-2343,5642,465.4,0.43,1322.8,Torsional Resonance Detected / Damper Sizing
ALFA-GIORGIO-2344,1951,474.4,0.305,1305.4,Nominal Carbon-Fiber Driveline Balance
ALFA-GIORGIO-2345,2474,415.7,0.286,1489.7,Nominal Carbon-Fiber Driveline Balance
ALFA-GIORGIO-2346,2075,150.6,0.205,1527.0,Nominal Carbon-Fiber Driveline Balance
ALFA-GIORGIO-2347,5129,257.5,0.336,1383.9,Nominal Carbon-Fiber Driveline Balance
ALFA-GIORGIO-2348,4598,212.4,0.312,1415.5,Nominal Carbon-Fiber Driveline Balance
ALFA-GIORGIO-2349,7316,362.6,0.479,1275.2,Torsional Resonance Detected / Damper Sizing
ALFA-GIORGIO-2350,1762,297.3,0.179,1568.7,Nominal Carbon-Fiber Driveline Balance
ALFA-GIORGIO-2351,6003,281.4,0.371,1366.9,Nominal Carbon-Fiber Driveline Balance
ALFA-GIORGIO-2352,2762,387.4,0.287,1403.4,Nominal Carbon-Fiber Driveline Balance
ALFA-GIORGIO-2353,2162,421.3,0.253,1504.5,Nominal Carbon-Fiber Driveline Balance
ALFA-GIORGIO-2354,7473,164.6,0.445,1260.7,Torsional Resonance Detected / Damper Sizing
ALFA-GIORGIO-2355,2579,482.5,0.275,1470.2,Nominal Carbon-Fiber Driveline Balance
ALFA-GIORGIO-2356,3677,487.8,0.354,1349.0,Nominal Carbon-Fiber Driveline Balance
ALFA-GIORGIO-2357,3746,213.0,0.287,1446.2,Nominal Carbon-Fiber Driveline Balance
ALFA-GIORGIO-2358,1876,489.1,0.245,1467.3,Nominal Carbon-Fiber Driveline Balance
ALFA-GIORGIO-2359,1978,305.0,0.223,1557.4,Nominal Carbon-Fiber Driveline Balance
ALFA-GIORGIO-2360,4729,443.7,0.364,1346.6,Nominal Carbon-Fiber Driveline Balance
ALFA-GIORGIO-2361,2852,513.9,0.299,1429.6,Nominal Carbon-Fiber Driveline Balance
ALFA-GIORGIO-2362,6670,203.9,0.419,1296.5,Nominal Carbon-Fiber Driveline Balance
ALFA-GIORGIO-2363,3104,439.8,0.34,1417.8,Nominal Carbon-Fiber Driveline Balance
ALFA-GIORGIO-2364,6364,308.5,0.409,1347.0,Nominal Carbon-Fiber Driveline Balance
ALFA-GIORGIO-2365,3528,194.0,0.237,1519.1,Nominal Carbon-Fiber Driveline Balance
ALFA-GIORGIO-2366,4632,193.6,0.315,1410.1,Nominal Carbon-Fiber Driveline Balance
ALFA-GIORGIO-2367,4296,505.7,0.385,1386.7,Nominal Carbon-Fiber Driveline Balance
ALFA-GIORGIO-2368,3525,393.0,0.316,1446.0,Nominal Carbon-Fiber Driveline Balance
ALFA-GIORGIO-2369,1824,396.4,0.226,1455.8,Nominal Carbon-Fiber Driveline Balance
ALFA-GIORGIO-2370,2146,431.7,0.26,1517.7,Nominal Carbon-Fiber Driveline Balance
ALFA-GIORGIO-2371,6180,405.1,0.457,1157.5,Torsional Resonance Detected / Damper Sizing
ALFA-GIORGIO-2372,3673,423.5,0.269,1399.9,Nominal Carbon-Fiber Driveline Balance
ALFA-GIORGIO-2373,5905,524.1,0.36,1386.5,Nominal Carbon-Fiber Driveline Balance
ALFA-GIORGIO-2374,5533,293.1,0.362,1373.2,Nominal Carbon-Fiber Driveline Balance
ALFA-GIORGIO-2375,4376,544.5,0.349,1367.9,Nominal Carbon-Fiber Driveline Balance
ALFA-GIORGIO-2376,6446,164.4,0.289,1427.4,Nominal Carbon-Fiber Driveline Balance
ALFA-GIORGIO-2377,7061,514.9,0.442,1330.4,Torsional Resonance Detected / Damper Sizing
ALFA-GIORGIO-2378,6422,529.7,0.438,1280.7,Torsional Resonance Detected / Damper Sizing
ALFA-GIORGIO-2379,6494,355.4,0.365,1370.9,Nominal Carbon-Fiber Driveline Balance
ALFA-GIORGIO-2380,5242,306.1,0.404,1335.0,Nominal Carbon-Fiber Driveline Balance
ALFA-GIORGIO-2381,5902,263.0,0.347,1369.1,Nominal Carbon-Fiber Driveline Balance
ALFA-GIORGIO-2382,4033,279.4,0.281,1392.8,Nominal Carbon-Fiber Driveline Balance
ALFA-GIORGIO-2383,1720,577.3,0.243,1506.2,Nominal Carbon-Fiber Driveline Balance
ALFA-GIORGIO-2384,2679,196.6,0.244,1542.8,Nominal Carbon-Fiber Driveline Balance
ALFA-GIORGIO-2385,2865,184.9,0.21,1589.3,Nominal Carbon-Fiber Driveline Balance
ALFA-GIORGIO-2386,6203,324.1,0.388,1319.2,Nominal Carbon-Fiber Driveline Balance
ALFA-GIORGIO-2387,4949,228.4,0.382,1284.8,Nominal Carbon-Fiber Driveline Balance
ALFA-GIORGIO-2388,4276,294.8,0.333,1372.2,Nominal Carbon-Fiber Driveline Balance
ALFA-GIORGIO-2389,6530,491.4,0.378,1363.7,Nominal Carbon-Fiber Driveline Balance
ALFA-GIORGIO-2390,4745,509.5,0.405,1342.9,Nominal Carbon-Fiber Driveline Balance
ALFA-GIORGIO-2391,4146,257.1,0.348,1389.8,Nominal Carbon-Fiber Driveline Balance
ALFA-GIORGIO-2392,5923,313.4,0.373,1368.4,Nominal Carbon-Fiber Driveline Balance
ALFA-GIORGIO-2393,3375,514.4,0.329,1372.7,Nominal Carbon-Fiber Driveline Balance
ALFA-GIORGIO-2394,7202,553.1,0.491,1186.6,Torsional Resonance Detected / Damper Sizing
ALFA-GIORGIO-2395,6160,516.0,0.453,1298.5,Torsional Resonance Detected / Damper Sizing
ALFA-GIORGIO-2396,7283,350.8,0.465,1205.3,Torsional Resonance Detected / Damper Sizing
ALFA-GIORGIO-2397,2801,335.7,0.273,1458.1,Nominal Carbon-Fiber Driveline Balance
ALFA-GIORGIO-2398,3659,321.2,0.245,1591.9,Nominal Carbon-Fiber Driveline Balance
ALFA-GIORGIO-2399,1743,599.4,0.255,1532.1,Nominal Carbon-Fiber Driveline Balance
ALFA-GIORGIO-2400,2863,392.2,0.274,1496.9,Nominal Carbon-Fiber Driveline Balance
ALFA-GIORGIO-2401,3042,503.0,0.341,1394.3,Nominal Carbon-Fiber Driveline Balance
ALFA-GIORGIO-2402,4382,595.6,0.407,1328.0,Nominal Carbon-Fiber Driveline Balance
ALFA-GIORGIO-2403,6432,492.9,0.449,1282.2,Torsional Resonance Detected / Damper Sizing
ALFA-GIORGIO-2404,6907,268.0,0.352,1370.6,Nominal Carbon-Fiber Driveline Balance
ALFA-GIORGIO-2405,4672,442.5,0.362,1389.9,Nominal Carbon-Fiber Driveline Balance
ALFA-GIORGIO-2406,6296,555.3,0.464,1220.6,Torsional Resonance Detected / Damper Sizing
ALFA-GIORGIO-2407,6934,227.8,0.368,1361.3,Nominal Carbon-Fiber Driveline Balance
ALFA-GIORGIO-2408,6984,236.7,0.405,1234.6,Nominal Carbon-Fiber Driveline Balance
ALFA-GIORGIO-2409,5633,314.3,0.365,1358.0,Nominal Carbon-Fiber Driveline Balance
ALFA-GIORGIO-2410,5977,498.7,0.39,1396.4,Nominal Carbon-Fiber Driveline Balance
ALFA-GIORGIO-2411,2823,493.8,0.303,1446.8,Nominal Carbon-Fiber Driveline Balance
ALFA-GIORGIO-2412,1502,369.2,0.17,1551.1,Nominal Carbon-Fiber Driveline Balance
ALFA-GIORGIO-2413,2187,189.8,0.224,1560.9,Nominal Carbon-Fiber Driveline Balance
ALFA-GIORGIO-2414,3987,199.7,0.259,1461.4,Nominal Carbon-Fiber Driveline Balance
ALFA-GIORGIO-2415,3888,334.6,0.278,1520.7,Nominal Carbon-Fiber Driveline Balance
ALFA-GIORGIO-2416,5774,429.9,0.415,1275.3,Nominal Carbon-Fiber Driveline Balance
ALFA-GIORGIO-2417,1507,247.0,0.191,1550.9,Nominal Carbon-Fiber Driveline Balance
ALFA-GIORGIO-2418,2332,226.0,0.21,1576.8,Nominal Carbon-Fiber Driveline Balance
ALFA-GIORGIO-2419,4811,264.4,0.332,1421.0,Nominal Carbon-Fiber Driveline Balance
ALFA-GIORGIO-2420,3816,489.5,0.326,1380.3,Nominal Carbon-Fiber Driveline Balance
ALFA-GIORGIO-2421,3125,227.4,0.307,1349.4,Nominal Carbon-Fiber Driveline Balance
ALFA-GIORGIO-2422,3527,346.4,0.254,1532.2,Nominal Carbon-Fiber Driveline Balance
ALFA-GIORGIO-2423,6754,291.7,0.404,1358.3,Nominal Carbon-Fiber Driveline Balance
ALFA-GIORGIO-2424,3385,584.6,0.376,1267.4,Nominal Carbon-Fiber Driveline Balance
ALFA-GIORGIO-2425,3127,376.8,0.317,1473.0,Nominal Carbon-Fiber Driveline Balance
ALFA-GIORGIO-2426,6621,569.7,0.451,1285.9,Torsional Resonance Detected / Damper Sizing
ALFA-GIORGIO-2427,7343,476.9,0.434,1237.2,Torsional Resonance Detected / Damper Sizing
ALFA-GIORGIO-2428,3458,471.1,0.315,1431.2,Nominal Carbon-Fiber Driveline Balance
ALFA-GIORGIO-2429,1728,457.7,0.238,1442.9,Nominal Carbon-Fiber Driveline Balance
ALFA-GIORGIO-2430,6893,496.5,0.484,1181.2,Torsional Resonance Detected / Damper Sizing
ALFA-GIORGIO-2431,6162,332.4,0.382,1315.0,Nominal Carbon-Fiber Driveline Balance
ALFA-GIORGIO-2432,6130,314.5,0.34,1452.1,Nominal Carbon-Fiber Driveline Balance
ALFA-GIORGIO-2433,5143,570.0,0.457,1241.3,Torsional Resonance Detected / Damper Sizing
ALFA-GIORGIO-2434,2423,193.1,0.204,1534.0,Nominal Carbon-Fiber Driveline Balance
ALFA-GIORGIO-2435,3544,233.8,0.228,1493.9,Nominal Carbon-Fiber Driveline Balance
ALFA-GIORGIO-2436,6485,430.5,0.434,1249.0,Torsional Resonance Detected / Damper Sizing
ALFA-GIORGIO-2437,4940,565.1,0.402,1341.5,Nominal Carbon-Fiber Driveline Balance
ALFA-GIORGIO-2438,7450,316.3,0.433,1305.5,Torsional Resonance Detected / Damper Sizing
ALFA-GIORGIO-2439,4585,317.9,0.329,1415.7,Nominal Carbon-Fiber Driveline Balance
ALFA-GIORGIO-2440,2422,172.0,0.249,1475.8,Nominal Carbon-Fiber Driveline Balance
ALFA-GIORGIO-2441,5881,330.1,0.381,1404.4,Nominal Carbon-Fiber Driveline Balance
ALFA-GIORGIO-2442,7311,493.2,0.426,1291.7,Torsional Resonance Detected / Damper Sizing
ALFA-GIORGIO-2443,4698,364.4,0.353,1440.1,Nominal Carbon-Fiber Driveline Balance
ALFA-GIORGIO-2444,6948,383.9,0.449,1282.2,Torsional Resonance Detected / Damper Sizing
ALFA-GIORGIO-2445,4885,420.8,0.339,1395.8,Nominal Carbon-Fiber Driveline Balance
ALFA-GIORGIO-2446,6462,543.7,0.446,1240.5,Torsional Resonance Detected / Damper Sizing
ALFA-GIORGIO-2447,5303,327.2,0.33,1411.1,Nominal Carbon-Fiber Driveline Balance
ALFA-GIORGIO-2448,1971,374.0,0.283,1523.0,Nominal Carbon-Fiber Driveline Balance
ALFA-GIORGIO-2449,4048,217.2,0.211,1544.5,Nominal Carbon-Fiber Driveline Balance
ALFA-GIORGIO-2450,5035,485.8,0.41,1330.9,Nominal Carbon-Fiber Driveline Balance
ALFA-GIORGIO-2451,2808,554.4,0.318,1439.5,Nominal Carbon-Fiber Driveline Balance
ALFA-GIORGIO-2452,7197,184.2,0.358,1336.3,Nominal Carbon-Fiber Driveline Balance
ALFA-GIORGIO-2453,3354,393.3,0.282,1520.7,Nominal Carbon-Fiber Driveline Balance
ALFA-GIORGIO-2454,7490,157.2,0.38,1393.5,Nominal Carbon-Fiber Driveline Balance
ALFA-GIORGIO-2455,2515,411.5,0.283,1424.5,Nominal Carbon-Fiber Driveline Balance
ALFA-GIORGIO-2456,3446,552.4,0.406,1256.5,Nominal Carbon-Fiber Driveline Balance
ALFA-GIORGIO-2457,1862,457.0,0.283,1461.7,Nominal Carbon-Fiber Driveline Balance
ALFA-GIORGIO-2458,6702,440.9,0.446,1165.1,Torsional Resonance Detected / Damper Sizing
ALFA-GIORGIO-2459,4370,362.2,0.329,1452.6,Nominal Carbon-Fiber Driveline Balance
ALFA-GIORGIO-2460,7100,282.9,0.405,1345.5,Nominal Carbon-Fiber Driveline Balance
ALFA-GIORGIO-2461,2065,275.6,0.216,1525.4,Nominal Carbon-Fiber Driveline Balance
ALFA-GIORGIO-2462,3308,189.3,0.283,1478.6,Nominal Carbon-Fiber Driveline Balance
ALFA-GIORGIO-2463,1829,350.0,0.271,1432.6,Nominal Carbon-Fiber Driveline Balance
ALFA-GIORGIO-2464,6515,397.9,0.342,1471.4,Nominal Carbon-Fiber Driveline Balance
ALFA-GIORGIO-2465,1564,366.2,0.231,1505.0,Nominal Carbon-Fiber Driveline Balance
ALFA-GIORGIO-2466,4823,305.8,0.302,1458.5,Nominal Carbon-Fiber Driveline Balance
ALFA-GIORGIO-2467,3728,595.8,0.343,1355.2,Nominal Carbon-Fiber Driveline Balance
ALFA-GIORGIO-2468,3316,576.2,0.295,1436.8,Nominal Carbon-Fiber Driveline Balance
ALFA-GIORGIO-2469,2550,536.2,0.31,1467.6,Nominal Carbon-Fiber Driveline Balance
ALFA-GIORGIO-2470,6088,423.6,0.446,1271.3,Torsional Resonance Detected / Damper Sizing
ALFA-GIORGIO-2471,6094,591.4,0.429,1307.3,Torsional Resonance Detected / Damper Sizing
ALFA-GIORGIO-2472,3215,584.5,0.321,1428.0,Nominal Carbon-Fiber Driveline Balance
ALFA-GIORGIO-2473,5000,212.8,0.292,1470.0,Nominal Carbon-Fiber Driveline Balance
ALFA-GIORGIO-2474,5443,444.3,0.413,1302.6,Nominal Carbon-Fiber Driveline Balance
ALFA-GIORGIO-2475,5284,150.5,0.323,1276.0,Nominal Carbon-Fiber Driveline Balance
ALFA-GIORGIO-2476,1689,521.8,0.232,1554.0,Nominal Carbon-Fiber Driveline Balance
ALFA-GIORGIO-2477,3831,592.4,0.354,1464.0,Nominal Carbon-Fiber Driveline Balance
ALFA-GIORGIO-2478,7056,588.9,0.532,1126.5,Torsional Resonance Detected / Damper Sizing
ALFA-GIORGIO-2479,4514,492.1,0.422,1336.4,Torsional Resonance Detected / Damper Sizing
ALFA-GIORGIO-2480,3972,580.5,0.382,1433.3,Nominal Carbon-Fiber Driveline Balance
ALFA-GIORGIO-2481,3239,283.2,0.29,1431.8,Nominal Carbon-Fiber Driveline Balance
ALFA-GIORGIO-2482,4020,387.9,0.316,1452.3,Nominal Carbon-Fiber Driveline Balance
ALFA-GIORGIO-2483,3460,181.6,0.25,1456.4,Nominal Carbon-Fiber Driveline Balance
ALFA-GIORGIO-2484,6874,345.8,0.431,1372.0,Torsional Resonance Detected / Damper Sizing
ALFA-GIORGIO-2485,2332,356.0,0.281,1447.8,Nominal Carbon-Fiber Driveline Balance
ALFA-GIORGIO-2486,7411,526.6,0.525,1160.1,Torsional Resonance Detected / Damper Sizing
ALFA-GIORGIO-2487,3660,212.5,0.243,1503.5,Nominal Carbon-Fiber Driveline Balance
ALFA-GIORGIO-2488,6805,335.3,0.412,1383.9,Nominal Carbon-Fiber Driveline Balance
ALFA-GIORGIO-2489,3884,515.9,0.306,1453.6,Nominal Carbon-Fiber Driveline Balance
ALFA-GIORGIO-2490,4898,576.9,0.363,1335.2,Nominal Carbon-Fiber Driveline Balance
ALFA-GIORGIO-2491,3831,352.0,0.218,1570.1,Nominal Carbon-Fiber Driveline Balance
ALFA-GIORGIO-2492,6850,297.1,0.399,1321.1,Nominal Carbon-Fiber Driveline Balance
ALFA-GIORGIO-2493,5406,363.1,0.313,1502.7,Nominal Carbon-Fiber Driveline Balance
ALFA-GIORGIO-2494,3356,360.1,0.316,1449.4,Nominal Carbon-Fiber Driveline Balance
ALFA-GIORGIO-2495,3732,296.8,0.244,1488.1,Nominal Carbon-Fiber Driveline Balance
ALFA-GIORGIO-2496,2668,173.1,0.197,1539.9,Nominal Carbon-Fiber Driveline Balance
ALFA-GIORGIO-2497,3443,376.7,0.325,1394.8,Nominal Carbon-Fiber Driveline Balance
ALFA-GIORGIO-2498,5397,200.9,0.353,1476.1,Nominal Carbon-Fiber Driveline Balance
ALFA-GIORGIO-2499,4207,447.0,0.343,1367.7,Nominal Carbon-Fiber Driveline Balance
ALFA-GIORGIO-2500,6008,593.0,0.405,1313.9,Nominal Carbon-Fiber Driveline Balance
ALFA-GIORGIO-2501,2340,280.2,0.13,1629.4,Nominal Carbon-Fiber Driveline Balance
ALFA-GIORGIO-2502,6405,427.1,0.436,1342.5,Torsional Resonance Detected / Damper Sizing
ALFA-GIORGIO-2503,4940,486.6,0.346,1418.1,Nominal Carbon-Fiber Driveline Balance
ALFA-GIORGIO-2504,2322,239.8,0.198,1472.2,Nominal Carbon-Fiber Driveline Balance
ALFA-GIORGIO-2505,1543,246.8,0.227,1511.7,Nominal Carbon-Fiber Driveline Balance
ALFA-GIORGIO-2506,1828,580.0,0.289,1409.1,Nominal Carbon-Fiber Driveline Balance
ALFA-GIORGIO-2507,6842,560.3,0.491,1108.9,Torsional Resonance Detected / Damper Sizing
ALFA-GIORGIO-2508,6663,348.1,0.433,1217.2,Torsional Resonance Detected / Damper Sizing
ALFA-GIORGIO-2509,1888,484.1,0.217,1510.3,Nominal Carbon-Fiber Driveline Balance
ALFA-GIORGIO-2510,7052,353.3,0.377,1343.1,Nominal Carbon-Fiber Driveline Balance
ALFA-GIORGIO-2511,7419,319.3,0.449,1250.1,Torsional Resonance Detected / Damper Sizing
ALFA-GIORGIO-2512,2373,462.7,0.315,1441.0,Nominal Carbon-Fiber Driveline Balance
ALFA-GIORGIO-2513,5508,581.0,0.454,1279.7,Torsional Resonance Detected / Damper Sizing
ALFA-GIORGIO-2514,3380,293.2,0.323,1361.6,Nominal Carbon-Fiber Driveline Balance
ALFA-GIORGIO-2515,7129,462.3,0.47,1231.7,Torsional Resonance Detected / Damper Sizing
ALFA-GIORGIO-2516,2374,402.8,0.247,1533.5,Nominal Carbon-Fiber Driveline Balance
ALFA-GIORGIO-2517,5140,533.9,0.413,1236.4,Nominal Carbon-Fiber Driveline Balance
ALFA-GIORGIO-2518,3173,228.3,0.26,1463.4,Nominal Carbon-Fiber Driveline Balance
ALFA-GIORGIO-2519,2006,357.9,0.227,1481.4,Nominal Carbon-Fiber Driveline Balance
ALFA-GIORGIO-2520,3773,364.4,0.296,1425.0,Nominal Carbon-Fiber Driveline Balance
ALFA-GIORGIO-2521,4751,274.6,0.342,1397.0,Nominal Carbon-Fiber Driveline Balance
ALFA-GIORGIO-2522,2348,193.0,0.226,1501.3,Nominal Carbon-Fiber Driveline Balance
ALFA-GIORGIO-2523,4965,418.5,0.39,1341.2,Nominal Carbon-Fiber Driveline Balance
ALFA-GIORGIO-2524,4806,362.2,0.373,1300.4,Nominal Carbon-Fiber Driveline Balance
ALFA-GIORGIO-2525,4218,326.7,0.32,1479.0,Nominal Carbon-Fiber Driveline Balance
ALFA-GIORGIO-2526,5235,299.9,0.337,1430.8,Nominal Carbon-Fiber Driveline Balance
ALFA-GIORGIO-2527,3613,421.2,0.311,1385.3,Nominal Carbon-Fiber Driveline Balance
ALFA-GIORGIO-2528,7439,282.4,0.364,1359.9,Nominal Carbon-Fiber Driveline Balance
ALFA-GIORGIO-2529,2963,571.2,0.303,1371.0,Nominal Carbon-Fiber Driveline Balance
ALFA-GIORGIO-2530,3807,244.6,0.316,1437.1,Nominal Carbon-Fiber Driveline Balance
ALFA-GIORGIO-2531,3928,301.9,0.268,1436.8,Nominal Carbon-Fiber Driveline Balance
ALFA-GIORGIO-2532,5858,436.4,0.386,1293.2,Nominal Carbon-Fiber Driveline Balance
ALFA-GIORGIO-2533,5741,514.8,0.44,1334.1,Torsional Resonance Detected / Damper Sizing
ALFA-GIORGIO-2534,1876,503.5,0.333,1388.9,Nominal Carbon-Fiber Driveline Balance
ALFA-GIORGIO-2535,5933,395.1,0.366,1387.3,Nominal Carbon-Fiber Driveline Balance
ALFA-GIORGIO-2536,6751,194.3,0.336,1417.3,Nominal Carbon-Fiber Driveline Balance
ALFA-GIORGIO-2537,5633,469.5,0.343,1401.5,Nominal Carbon-Fiber Driveline Balance
ALFA-GIORGIO-2538,5829,546.1,0.408,1378.6,Nominal Carbon-Fiber Driveline Balance
ALFA-GIORGIO-2539,5859,260.3,0.353,1412.9,Nominal Carbon-Fiber Driveline Balance
ALFA-GIORGIO-2540,6213,468.2,0.403,1381.0,Nominal Carbon-Fiber Driveline Balance
ALFA-GIORGIO-2541,1711,479.8,0.269,1510.3,Nominal Carbon-Fiber Driveline Balance
ALFA-GIORGIO-2542,5864,199.6,0.347,1434.7,Nominal Carbon-Fiber Driveline Balance
ALFA-GIORGIO-2543,4763,452.8,0.363,1330.4,Nominal Carbon-Fiber Driveline Balance
ALFA-GIORGIO-2544,3298,316.6,0.249,1484.2,Nominal Carbon-Fiber Driveline Balance
ALFA-GIORGIO-2545,2391,256.9,0.224,1488.1,Nominal Carbon-Fiber Driveline Balance
ALFA-GIORGIO-2546,6850,586.4,0.518,1202.6,Torsional Resonance Detected / Damper Sizing
ALFA-GIORGIO-2547,3130,515.5,0.268,1479.7,Nominal Carbon-Fiber Driveline Balance
ALFA-GIORGIO-2548,4768,262.2,0.33,1379.3,Nominal Carbon-Fiber Driveline Balance
ALFA-GIORGIO-2549,7424,372.1,0.403,1305.0,Nominal Carbon-Fiber Driveline Balance
ALFA-GIORGIO-2550,6314,562.9,0.434,1312.2,Torsional Resonance Detected / Damper Sizing
ALFA-GIORGIO-2551,1725,207.8,0.184,1487.2,Nominal Carbon-Fiber Driveline Balance
ALFA-GIORGIO-2552,6064,235.2,0.388,1388.5,Nominal Carbon-Fiber Driveline Balance
ALFA-GIORGIO-2553,2005,310.4,0.254,1520.2,Nominal Carbon-Fiber Driveline Balance
ALFA-GIORGIO-2554,5627,562.5,0.419,1347.7,Nominal Carbon-Fiber Driveline Balance
ALFA-GIORGIO-2555,6918,447.6,0.46,1287.7,Torsional Resonance Detected / Damper Sizing
ALFA-GIORGIO-2556,5640,244.9,0.364,1334.3,Nominal Carbon-Fiber Driveline Balance
ALFA-GIORGIO-2557,4045,153.1,0.274,1495.3,Nominal Carbon-Fiber Driveline Balance
ALFA-GIORGIO-2558,3944,530.9,0.366,1373.6,Nominal Carbon-Fiber Driveline Balance
ALFA-GIORGIO-2559,5363,298.0,0.392,1391.8,Nominal Carbon-Fiber Driveline Balance
ALFA-GIORGIO-2560,4121,552.9,0.393,1376.0,Nominal Carbon-Fiber Driveline Balance
ALFA-GIORGIO-2561,7298,589.3,0.512,1174.4,Torsional Resonance Detected / Damper Sizing
ALFA-GIORGIO-2562,5180,276.0,0.329,1369.5,Nominal Carbon-Fiber Driveline Balance
ALFA-GIORGIO-2563,1785,205.4,0.185,1615.4,Nominal Carbon-Fiber Driveline Balance
ALFA-GIORGIO-2564,6443,254.0,0.413,1263.9,Nominal Carbon-Fiber Driveline Balance
ALFA-GIORGIO-2565,5114,459.3,0.343,1310.3,Nominal Carbon-Fiber Driveline Balance
ALFA-GIORGIO-2566,5581,421.6,0.371,1366.9,Nominal Carbon-Fiber Driveline Balance
ALFA-GIORGIO-2567,5102,151.4,0.289,1456.6,Nominal Carbon-Fiber Driveline Balance
ALFA-GIORGIO-2568,3494,356.8,0.269,1465.7,Nominal Carbon-Fiber Driveline Balance
ALFA-GIORGIO-2569,2512,566.7,0.309,1439.4,Nominal Carbon-Fiber Driveline Balance
ALFA-GIORGIO-2570,5583,375.0,0.401,1291.2,Nominal Carbon-Fiber Driveline Balance
ALFA-GIORGIO-2571,6323,196.9,0.397,1332.1,Nominal Carbon-Fiber Driveline Balance
ALFA-GIORGIO-2572,7038,345.1,0.437,1303.2,Torsional Resonance Detected / Damper Sizing
ALFA-GIORGIO-2573,5558,377.1,0.436,1262.7,Torsional Resonance Detected / Damper Sizing
ALFA-GIORGIO-2574,3235,476.7,0.349,1379.0,Nominal Carbon-Fiber Driveline Balance
ALFA-GIORGIO-2575,1688,221.2,0.205,1556.9,Nominal Carbon-Fiber Driveline Balance
ALFA-GIORGIO-2576,6430,342.8,0.376,1310.7,Nominal Carbon-Fiber Driveline Balance
ALFA-GIORGIO-2577,6213,152.0,0.339,1413.1,Nominal Carbon-Fiber Driveline Balance
ALFA-GIORGIO-2578,6145,169.7,0.361,1344.6,Nominal Carbon-Fiber Driveline Balance
ALFA-GIORGIO-2579,6010,222.7,0.323,1421.3,Nominal Carbon-Fiber Driveline Balance
ALFA-GIORGIO-2580,3142,527.9,0.324,1485.7,Nominal Carbon-Fiber Driveline Balance
ALFA-GIORGIO-2581,5941,297.3,0.351,1395.7,Nominal Carbon-Fiber Driveline Balance
ALFA-GIORGIO-2582,5775,191.6,0.28,1467.3,Nominal Carbon-Fiber Driveline Balance
ALFA-GIORGIO-2583,6816,410.1,0.429,1305.6,Torsional Resonance Detected / Damper Sizing
ALFA-GIORGIO-2584,6932,198.0,0.34,1393.9,Nominal Carbon-Fiber Driveline Balance
ALFA-GIORGIO-2585,3173,213.4,0.259,1476.2,Nominal Carbon-Fiber Driveline Balance
ALFA-GIORGIO-2586,2380,289.5,0.162,1579.2,Nominal Carbon-Fiber Driveline Balance
ALFA-GIORGIO-2587,7452,456.0,0.446,1249.7,Torsional Resonance Detected / Damper Sizing
ALFA-GIORGIO-2588,6150,191.1,0.343,1335.4,Nominal Carbon-Fiber Driveline Balance
ALFA-GIORGIO-2589,1786,219.2,0.251,1456.6,Nominal Carbon-Fiber Driveline Balance
ALFA-GIORGIO-2590,2780,358.1,0.225,1514.0,Nominal Carbon-Fiber Driveline Balance
ALFA-GIORGIO-2591,3379,528.1,0.347,1377.8,Nominal Carbon-Fiber Driveline Balance
ALFA-GIORGIO-2592,6229,153.2,0.371,1384.5,Nominal Carbon-Fiber Driveline Balance
ALFA-GIORGIO-2593,5026,548.3,0.376,1357.6,Nominal Carbon-Fiber Driveline Balance
ALFA-GIORGIO-2594,5194,460.5,0.356,1332.8,Nominal Carbon-Fiber Driveline Balance
ALFA-GIORGIO-2595,2207,466.3,0.262,1422.2,Nominal Carbon-Fiber Driveline Balance
ALFA-GIORGIO-2596,2698,343.8,0.235,1582.9,Nominal Carbon-Fiber Driveline Balance
ALFA-GIORGIO-2597,2559,221.1,0.207,1535.3,Nominal Carbon-Fiber Driveline Balance
ALFA-GIORGIO-2598,1850,341.6,0.272,1512.5,Nominal Carbon-Fiber Driveline Balance
ALFA-GIORGIO-2599,2049,572.3,0.274,1515.0,Nominal Carbon-Fiber Driveline Balance
ALFA-GIORGIO-2600,2227,162.3,0.201,1568.2,Nominal Carbon-Fiber Driveline Balance
ALFA-GIORGIO-2601,2916,480.3,0.325,1434.5,Nominal Carbon-Fiber Driveline Balance
ALFA-GIORGIO-2602,6427,510.9,0.442,1243.0,Torsional Resonance Detected / Damper Sizing
ALFA-GIORGIO-2603,6514,521.0,0.44,1330.5,Torsional Resonance Detected / Damper Sizing
ALFA-GIORGIO-2604,3265,153.4,0.273,1472.5,Nominal Carbon-Fiber Driveline Balance
ALFA-GIORGIO-2605,5380,405.0,0.34,1401.8,Nominal Carbon-Fiber Driveline Balance
ALFA-GIORGIO-2606,5050,532.2,0.4,1382.6,Nominal Carbon-Fiber Driveline Balance
ALFA-GIORGIO-2607,6451,522.5,0.403,1331.2,Nominal Carbon-Fiber Driveline Balance
ALFA-GIORGIO-2608,1804,422.1,0.257,1521.7,Nominal Carbon-Fiber Driveline Balance
ALFA-GIORGIO-2609,6289,464.6,0.425,1286.5,Torsional Resonance Detected / Damper Sizing
ALFA-GIORGIO-2610,2150,160.2,0.25,1475.5,Nominal Carbon-Fiber Driveline Balance
ALFA-GIORGIO-2611,2098,458.2,0.284,1432.4,Nominal Carbon-Fiber Driveline Balance
ALFA-GIORGIO-2612,4385,172.4,0.332,1371.4,Nominal Carbon-Fiber Driveline Balance
ALFA-GIORGIO-2613,4769,388.7,0.311,1457.8,Nominal Carbon-Fiber Driveline Balance
ALFA-GIORGIO-2614,3686,264.1,0.276,1376.8,Nominal Carbon-Fiber Driveline Balance
ALFA-GIORGIO-2615,2783,217.0,0.245,1504.2,Nominal Carbon-Fiber Driveline Balance
ALFA-GIORGIO-2616,3974,355.2,0.288,1462.8,Nominal Carbon-Fiber Driveline Balance
ALFA-GIORGIO-2617,4316,187.5,0.277,1420.2,Nominal Carbon-Fiber Driveline Balance
ALFA-GIORGIO-2618,3573,409.7,0.274,1476.1,Nominal Carbon-Fiber Driveline Balance
ALFA-GIORGIO-2619,2782,507.0,0.281,1474.7,Nominal Carbon-Fiber Driveline Balance
ALFA-GIORGIO-2620,7487,280.0,0.373,1401.9,Nominal Carbon-Fiber Driveline Balance
ALFA-GIORGIO-2621,1776,302.5,0.255,1555.2,Nominal Carbon-Fiber Driveline Balance
ALFA-GIORGIO-2622,7001,253.7,0.381,1311.0,Nominal Carbon-Fiber Driveline Balance
ALFA-GIORGIO-2623,1784,436.1,0.219,1507.1,Nominal Carbon-Fiber Driveline Balance
ALFA-GIORGIO-2624,5160,517.5,0.418,1275.6,Nominal Carbon-Fiber Driveline Balance
ALFA-GIORGIO-2625,2120,541.7,0.261,1465.6,Nominal Carbon-Fiber Driveline Balance
ALFA-GIORGIO-2626,4896,463.1,0.393,1289.2,Nominal Carbon-Fiber Driveline Balance
ALFA-GIORGIO-2627,3850,270.8,0.329,1440.7,Nominal Carbon-Fiber Driveline Balance
ALFA-GIORGIO-2628,7198,313.9,0.45,1245.8,Torsional Resonance Detected / Damper Sizing
ALFA-GIORGIO-2629,3666,421.6,0.32,1359.6,Nominal Carbon-Fiber Driveline Balance
ALFA-GIORGIO-2630,2339,574.4,0.289,1337.6,Nominal Carbon-Fiber Driveline Balance
ALFA-GIORGIO-2631,2636,281.8,0.266,1530.6,Nominal Carbon-Fiber Driveline Balance
ALFA-GIORGIO-2632,2570,446.7,0.313,1389.4,Nominal Carbon-Fiber Driveline Balance
ALFA-GIORGIO-2633,3570,301.5,0.319,1484.8,Nominal Carbon-Fiber Driveline Balance
ALFA-GIORGIO-2634,2279,298.9,0.195,1581.6,Nominal Carbon-Fiber Driveline Balance
ALFA-GIORGIO-2635,7044,536.9,0.477,1205.1,Torsional Resonance Detected / Damper Sizing
ALFA-GIORGIO-2636,4408,447.8,0.35,1416.1,Nominal Carbon-Fiber Driveline Balance
ALFA-GIORGIO-2637,4971,519.3,0.4,1359.1,Nominal Carbon-Fiber Driveline Balance
ALFA-GIORGIO-2638,3730,373.9,0.319,1387.8,Nominal Carbon-Fiber Driveline Balance
ALFA-GIORGIO-2639,3922,271.2,0.301,1424.0,Nominal Carbon-Fiber Driveline Balance
ALFA-GIORGIO-2640,4098,212.7,0.326,1503.4,Nominal Carbon-Fiber Driveline Balance
ALFA-GIORGIO-2641,6318,565.5,0.445,1254.1,Torsional Resonance Detected / Damper Sizing
ALFA-GIORGIO-2642,6239,296.9,0.328,1386.5,Nominal Carbon-Fiber Driveline Balance
ALFA-GIORGIO-2643,1695,241.7,0.227,1467.6,Nominal Carbon-Fiber Driveline Balance
ALFA-GIORGIO-2644,4102,256.3,0.269,1465.5,Nominal Carbon-Fiber Driveline Balance
ALFA-GIORGIO-2645,4392,479.5,0.345,1386.9,Nominal Carbon-Fiber Driveline Balance
ALFA-GIORGIO-2646,4907,217.4,0.335,1414.6,Nominal Carbon-Fiber Driveline Balance
ALFA-GIORGIO-2647,2626,213.6,0.261,1569.0,Nominal Carbon-Fiber Driveline Balance
ALFA-GIORGIO-2648,7089,321.5,0.421,1361.4,Torsional Resonance Detected / Damper Sizing
ALFA-GIORGIO-2649,5392,311.3,0.299,1437.9,Nominal Carbon-Fiber Driveline Balance
ALFA-GIORGIO-2650,5013,498.7,0.435,1230.4,Torsional Resonance Detected / Damper Sizing
ALFA-GIORGIO-2651,4707,272.6,0.356,1350.3,Nominal Carbon-Fiber Driveline Balance
ALFA-GIORGIO-2652,5290,315.2,0.42,1240.8,Nominal Carbon-Fiber Driveline Balance
ALFA-GIORGIO-2653,1507,558.9,0.326,1371.2,Nominal Carbon-Fiber Driveline Balance
ALFA-GIORGIO-2654,5147,205.5,0.295,1446.8,Nominal Carbon-Fiber Driveline Balance
ALFA-GIORGIO-2655,4505,415.0,0.317,1425.5,Nominal Carbon-Fiber Driveline Balance
ALFA-GIORGIO-2656,2472,308.4,0.204,1492.1,Nominal Carbon-Fiber Driveline Balance
ALFA-GIORGIO-2657,4211,243.7,0.326,1345.9,Nominal Carbon-Fiber Driveline Balance
ALFA-GIORGIO-2658,3501,570.9,0.4,1341.9,Nominal Carbon-Fiber Driveline Balance
ALFA-GIORGIO-2659,2033,258.7,0.232,1538.2,Nominal Carbon-Fiber Driveline Balance
ALFA-GIORGIO-2660,5760,160.0,0.344,1370.7,Nominal Carbon-Fiber Driveline Balance
ALFA-GIORGIO-2661,6495,481.1,0.409,1281.2,Nominal Carbon-Fiber Driveline Balance
ALFA-GIORGIO-2662,2834,419.3,0.271,1356.7,Nominal Carbon-Fiber Driveline Balance
ALFA-GIORGIO-2663,4729,342.6,0.285,1448.6,Nominal Carbon-Fiber Driveline Balance
ALFA-GIORGIO-2664,7297,341.8,0.446,1229.5,Torsional Resonance Detected / Damper Sizing
ALFA-GIORGIO-2665,4537,540.0,0.355,1359.0,Nominal Carbon-Fiber Driveline Balance
ALFA-GIORGIO-2666,2290,312.0,0.256,1517.4,Nominal Carbon-Fiber Driveline Balance
ALFA-GIORGIO-2667,6939,498.3,0.417,1271.3,Nominal Carbon-Fiber Driveline Balance
ALFA-GIORGIO-2668,6105,403.2,0.401,1314.7,Nominal Carbon-Fiber Driveline Balance
ALFA-GIORGIO-2669,7465,544.4,0.489,1231.3,Torsional Resonance Detected / Damper Sizing
ALFA-GIORGIO-2670,2189,447.9,0.226,1485.4,Nominal Carbon-Fiber Driveline Balance
ALFA-GIORGIO-2671,3287,513.4,0.255,1555.1,Nominal Carbon-Fiber Driveline Balance
ALFA-GIORGIO-2672,5878,541.9,0.41,1324.2,Nominal Carbon-Fiber Driveline Balance
ALFA-GIORGIO-2673,4039,253.4,0.282,1467.9,Nominal Carbon-Fiber Driveline Balance
ALFA-GIORGIO-2674,2128,572.4,0.272,1494.5,Nominal Carbon-Fiber Driveline Balance
ALFA-GIORGIO-2675,6188,214.6,0.305,1404.8,Nominal Carbon-Fiber Driveline Balance
ALFA-GIORGIO-2676,3649,456.6,0.28,1409.6,Nominal Carbon-Fiber Driveline Balance
ALFA-GIORGIO-2677,5432,281.0,0.385,1357.4,Nominal Carbon-Fiber Driveline Balance
ALFA-GIORGIO-2678,2122,493.8,0.264,1411.2,Nominal Carbon-Fiber Driveline Balance
ALFA-GIORGIO-2679,3705,176.0,0.254,1500.6,Nominal Carbon-Fiber Driveline Balance
ALFA-GIORGIO-2680,3080,180.0,0.229,1536.8,Nominal Carbon-Fiber Driveline Balance
ALFA-GIORGIO-2681,1716,416.2,0.231,1473.1,Nominal Carbon-Fiber Driveline Balance
ALFA-GIORGIO-2682,6477,235.6,0.382,1304.6,Nominal Carbon-Fiber Driveline Balance
ALFA-GIORGIO-2683,6747,255.0,0.344,1383.5,Nominal Carbon-Fiber Driveline Balance
ALFA-GIORGIO-2684,6538,391.6,0.382,1340.8,Nominal Carbon-Fiber Driveline Balance
ALFA-GIORGIO-2685,7367,528.8,0.451,1212.2,Torsional Resonance Detected / Damper Sizing
ALFA-GIORGIO-2686,5954,249.9,0.364,1377.3,Nominal Carbon-Fiber Driveline Balance
ALFA-GIORGIO-2687,3926,277.5,0.294,1423.9,Nominal Carbon-Fiber Driveline Balance
ALFA-GIORGIO-2688,7073,303.8,0.41,1178.1,Nominal Carbon-Fiber Driveline Balance
ALFA-GIORGIO-2689,7412,202.4,0.41,1250.3,Nominal Carbon-Fiber Driveline Balance
ALFA-GIORGIO-2690,2681,410.1,0.233,1527.7,Nominal Carbon-Fiber Driveline Balance
ALFA-GIORGIO-2691,3850,387.8,0.286,1414.2,Nominal Carbon-Fiber Driveline Balance
ALFA-GIORGIO-2692,2694,224.6,0.21,1557.0,Nominal Carbon-Fiber Driveline Balance
ALFA-GIORGIO-2693,4878,539.0,0.378,1401.3,Nominal Carbon-Fiber Driveline Balance
ALFA-GIORGIO-2694,4479,153.3,0.295,1475.8,Nominal Carbon-Fiber Driveline Balance
ALFA-GIORGIO-2695,4030,458.0,0.368,1301.3,Nominal Carbon-Fiber Driveline Balance
ALFA-GIORGIO-2696,5482,459.2,0.406,1297.8,Nominal Carbon-Fiber Driveline Balance
ALFA-GIORGIO-2697,6587,410.3,0.496,1198.3,Torsional Resonance Detected / Damper Sizing
ALFA-GIORGIO-2698,4205,150.8,0.277,1499.4,Nominal Carbon-Fiber Driveline Balance
ALFA-GIORGIO-2699,4618,457.4,0.311,1379.7,Nominal Carbon-Fiber Driveline Balance
ALFA-GIORGIO-2700,5630,437.2,0.369,1385.9,Nominal Carbon-Fiber Driveline Balance
ALFA-GIORGIO-2701,5812,526.9,0.45,1234.3,Torsional Resonance Detected / Damper Sizing
ALFA-GIORGIO-2702,6530,544.5,0.429,1341.4,Torsional Resonance Detected / Damper Sizing
ALFA-GIORGIO-2703,7437,569.7,0.478,1227.8,Torsional Resonance Detected / Damper Sizing
ALFA-GIORGIO-2704,3237,326.9,0.285,1480.2,Nominal Carbon-Fiber Driveline Balance
ALFA-GIORGIO-2705,6881,262.1,0.399,1299.5,Nominal Carbon-Fiber Driveline Balance
ALFA-GIORGIO-2706,2827,428.8,0.292,1452.7,Nominal Carbon-Fiber Driveline Balance
ALFA-GIORGIO-2707,4855,457.3,0.365,1399.8,Nominal Carbon-Fiber Driveline Balance
ALFA-GIORGIO-2708,1616,385.3,0.255,1517.4,Nominal Carbon-Fiber Driveline Balance
ALFA-GIORGIO-2709,5267,549.4,0.385,1281.9,Nominal Carbon-Fiber Driveline Balance
ALFA-GIORGIO-2710,6554,348.5,0.378,1381.4,Nominal Carbon-Fiber Driveline Balance
ALFA-GIORGIO-2711,2689,207.4,0.229,1516.3,Nominal Carbon-Fiber Driveline Balance
ALFA-GIORGIO-2712,5571,164.9,0.302,1441.8,Nominal Carbon-Fiber Driveline Balance
ALFA-GIORGIO-2713,7203,587.5,0.424,1413.2,Torsional Resonance Detected / Damper Sizing
ALFA-GIORGIO-2714,3330,272.8,0.268,1457.1,Nominal Carbon-Fiber Driveline Balance
ALFA-GIORGIO-2715,6855,402.3,0.423,1268.8,Torsional Resonance Detected / Damper Sizing
ALFA-GIORGIO-2716,5967,296.1,0.361,1357.4,Nominal Carbon-Fiber Driveline Balance
ALFA-GIORGIO-2717,2648,519.5,0.27,1460.0,Nominal Carbon-Fiber Driveline Balance
ALFA-GIORGIO-2718,2132,452.8,0.287,1457.2,Nominal Carbon-Fiber Driveline Balance
ALFA-GIORGIO-2719,5400,332.1,0.387,1347.0,Nominal Carbon-Fiber Driveline Balance
ALFA-GIORGIO-2720,1961,596.8,0.289,1438.3,Nominal Carbon-Fiber Driveline Balance
ALFA-GIORGIO-2721,2394,218.7,0.173,1635.9,Nominal Carbon-Fiber Driveline Balance
ALFA-GIORGIO-2722,7481,323.2,0.36,1343.3,Nominal Carbon-Fiber Driveline Balance
ALFA-GIORGIO-2723,2159,356.9,0.248,1541.3,Nominal Carbon-Fiber Driveline Balance
ALFA-GIORGIO-2724,6586,468.6,0.487,1234.0,Torsional Resonance Detected / Damper Sizing
ALFA-GIORGIO-2725,3189,486.5,0.297,1423.6,Nominal Carbon-Fiber Driveline Balance
ALFA-GIORGIO-2726,5195,430.7,0.387,1327.3,Nominal Carbon-Fiber Driveline Balance
ALFA-GIORGIO-2727,7402,514.4,0.46,1177.3,Torsional Resonance Detected / Damper Sizing
ALFA-GIORGIO-2728,1708,519.0,0.254,1541.3,Nominal Carbon-Fiber Driveline Balance
ALFA-GIORGIO-2729,2333,493.2,0.311,1413.0,Nominal Carbon-Fiber Driveline Balance
ALFA-GIORGIO-2730,2706,351.4,0.28,1485.5,Nominal Carbon-Fiber Driveline Balance
ALFA-GIORGIO-2731,4855,295.5,0.362,1364.0,Nominal Carbon-Fiber Driveline Balance
ALFA-GIORGIO-2732,6808,492.4,0.441,1291.6,Torsional Resonance Detected / Damper Sizing
ALFA-GIORGIO-2733,7285,246.9,0.409,1424.8,Nominal Carbon-Fiber Driveline Balance
ALFA-GIORGIO-2734,7168,381.5,0.458,1257.8,Torsional Resonance Detected / Damper Sizing
ALFA-GIORGIO-2735,6360,497.2,0.414,1366.0,Nominal Carbon-Fiber Driveline Balance
ALFA-GIORGIO-2736,7455,587.6,0.517,1190.7,Torsional Resonance Detected / Damper Sizing
ALFA-GIORGIO-2737,6404,151.3,0.364,1275.2,Nominal Carbon-Fiber Driveline Balance
ALFA-GIORGIO-2738,5446,230.3,0.291,1433.8,Nominal Carbon-Fiber Driveline Balance
ALFA-GIORGIO-2739,2652,329.6,0.227,1569.3,Nominal Carbon-Fiber Driveline Balance
ALFA-GIORGIO-2740,2337,551.3,0.302,1454.5,Nominal Carbon-Fiber Driveline Balance
ALFA-GIORGIO-2741,4077,553.5,0.35,1452.1,Nominal Carbon-Fiber Driveline Balance
ALFA-GIORGIO-2742,5554,456.5,0.44,1281.8,Torsional Resonance Detected / Damper Sizing
ALFA-GIORGIO-2743,1685,396.2,0.274,1486.5,Nominal Carbon-Fiber Driveline Balance
ALFA-GIORGIO-2744,2566,326.2,0.262,1484.8,Nominal Carbon-Fiber Driveline Balance
ALFA-GIORGIO-2745,2726,532.2,0.326,1389.4,Nominal Carbon-Fiber Driveline Balance
ALFA-GIORGIO-2746,4853,346.6,0.318,1377.0,Nominal Carbon-Fiber Driveline Balance
ALFA-GIORGIO-2747,2065,475.1,0.279,1491.1,Nominal Carbon-Fiber Driveline Balance
ALFA-GIORGIO-2748,1893,578.7,0.257,1492.1,Nominal Carbon-Fiber Driveline Balance
ALFA-GIORGIO-2749,1594,584.5,0.252,1452.6,Nominal Carbon-Fiber Driveline Balance
ALFA-GIORGIO-2750,3414,383.1,0.34,1436.7,Nominal Carbon-Fiber Driveline Balance
ALFA-GIORGIO-2751,3637,557.4,0.394,1305.2,Nominal Carbon-Fiber Driveline Balance
ALFA-GIORGIO-2752,2021,198.4,0.195,1641.7,Nominal Carbon-Fiber Driveline Balance
ALFA-GIORGIO-2753,5684,483.6,0.418,1226.0,Nominal Carbon-Fiber Driveline Balance
ALFA-GIORGIO-2754,4959,235.7,0.31,1414.5,Nominal Carbon-Fiber Driveline Balance
ALFA-GIORGIO-2755,6432,198.4,0.402,1416.5,Nominal Carbon-Fiber Driveline Balance
ALFA-GIORGIO-2756,5441,246.4,0.305,1454.9,Nominal Carbon-Fiber Driveline Balance
ALFA-GIORGIO-2757,6961,263.6,0.402,1323.1,Nominal Carbon-Fiber Driveline Balance
ALFA-GIORGIO-2758,6399,524.8,0.448,1295.2,Torsional Resonance Detected / Damper Sizing
ALFA-GIORGIO-2759,1752,476.4,0.239,1486.7,Nominal Carbon-Fiber Driveline Balance
ALFA-GIORGIO-2760,3964,217.0,0.295,1433.1,Nominal Carbon-Fiber Driveline Balance
ALFA-GIORGIO-2761,5069,386.1,0.321,1377.6,Nominal Carbon-Fiber Driveline Balance
ALFA-GIORGIO-2762,4190,202.0,0.3,1455.8,Nominal Carbon-Fiber Driveline Balance
ALFA-GIORGIO-2763,5897,487.8,0.392,1366.8,Nominal Carbon-Fiber Driveline Balance
ALFA-GIORGIO-2764,7450,287.8,0.428,1343.2,Torsional Resonance Detected / Damper Sizing
ALFA-GIORGIO-2765,4953,430.2,0.381,1338.4,Nominal Carbon-Fiber Driveline Balance
ALFA-GIORGIO-2766,6844,328.7,0.387,1362.5,Nominal Carbon-Fiber Driveline Balance
ALFA-GIORGIO-2767,4289,246.1,0.337,1422.8,Nominal Carbon-Fiber Driveline Balance
ALFA-GIORGIO-2768,6695,589.5,0.431,1338.2,Torsional Resonance Detected / Damper Sizing
ALFA-GIORGIO-2769,1917,539.6,0.338,1409.8,Nominal Carbon-Fiber Driveline Balance
ALFA-GIORGIO-2770,2435,167.4,0.261,1473.0,Nominal Carbon-Fiber Driveline Balance
ALFA-GIORGIO-2771,7418,258.8,0.432,1239.0,Torsional Resonance Detected / Damper Sizing
ALFA-GIORGIO-2772,6942,420.0,0.472,1287.4,Torsional Resonance Detected / Damper Sizing
ALFA-GIORGIO-2773,7352,517.6,0.432,1310.9,Torsional Resonance Detected / Damper Sizing
ALFA-GIORGIO-2774,7241,177.0,0.401,1296.2,Nominal Carbon-Fiber Driveline Balance
ALFA-GIORGIO-2775,4590,356.0,0.35,1368.9,Nominal Carbon-Fiber Driveline Balance
ALFA-GIORGIO-2776,3204,521.8,0.282,1432.5,Nominal Carbon-Fiber Driveline Balance
ALFA-GIORGIO-2777,3200,549.4,0.321,1422.9,Nominal Carbon-Fiber Driveline Balance
ALFA-GIORGIO-2778,2972,252.0,0.239,1539.6,Nominal Carbon-Fiber Driveline Balance
ALFA-GIORGIO-2779,6903,190.1,0.34,1425.8,Nominal Carbon-Fiber Driveline Balance
ALFA-GIORGIO-2780,2020,155.8,0.228,1535.7,Nominal Carbon-Fiber Driveline Balance
ALFA-GIORGIO-2781,6081,379.4,0.349,1374.3,Nominal Carbon-Fiber Driveline Balance
ALFA-GIORGIO-2782,4049,192.6,0.287,1461.7,Nominal Carbon-Fiber Driveline Balance
ALFA-GIORGIO-2783,1764,393.7,0.256,1448.1,Nominal Carbon-Fiber Driveline Balance
ALFA-GIORGIO-2784,1546,309.5,0.221,1497.8,Nominal Carbon-Fiber Driveline Balance
ALFA-GIORGIO-2785,4404,415.6,0.345,1418.4,Nominal Carbon-Fiber Driveline Balance
ALFA-GIORGIO-2786,3752,471.8,0.356,1405.7,Nominal Carbon-Fiber Driveline Balance
ALFA-GIORGIO-2787,3557,582.7,0.325,1413.7,Nominal Carbon-Fiber Driveline Balance
ALFA-GIORGIO-2788,3805,219.7,0.326,1426.7,Nominal Carbon-Fiber Driveline Balance
ALFA-GIORGIO-2789,7069,485.3,0.434,1356.3,Torsional Resonance Detected / Damper Sizing
ALFA-GIORGIO-2790,4981,420.7,0.387,1338.7,Nominal Carbon-Fiber Driveline Balance
ALFA-GIORGIO-2791,5982,212.7,0.378,1292.8,Nominal Carbon-Fiber Driveline Balance
ALFA-GIORGIO-2792,2634,350.0,0.307,1438.4,Nominal Carbon-Fiber Driveline Balance
ALFA-GIORGIO-2793,3185,533.2,0.31,1363.9,Nominal Carbon-Fiber Driveline Balance
ALFA-GIORGIO-2794,2036,355.3,0.215,1549.5,Nominal Carbon-Fiber Driveline Balance
ALFA-GIORGIO-2795,7423,334.3,0.417,1342.5,Nominal Carbon-Fiber Driveline Balance
ALFA-GIORGIO-2796,7015,517.0,0.484,1282.8,Torsional Resonance Detected / Damper Sizing
ALFA-GIORGIO-2797,7336,268.6,0.361,1361.4,Nominal Carbon-Fiber Driveline Balance
ALFA-GIORGIO-2798,5759,279.7,0.349,1396.1,Nominal Carbon-Fiber Driveline Balance
ALFA-GIORGIO-2799,5747,204.8,0.332,1407.4,Nominal Carbon-Fiber Driveline Balance
ALFA-GIORGIO-2800,6478,480.2,0.432,1234.9,Torsional Resonance Detected / Damper Sizing
ALFA-GIORGIO-2801,2861,553.1,0.302,1419.9,Nominal Carbon-Fiber Driveline Balance
ALFA-GIORGIO-2802,1532,579.4,0.269,1515.0,Nominal Carbon-Fiber Driveline Balance
ALFA-GIORGIO-2803,3322,367.1,0.282,1439.6,Nominal Carbon-Fiber Driveline Balance
ALFA-GIORGIO-2804,6661,358.7,0.449,1318.7,Torsional Resonance Detected / Damper Sizing
ALFA-GIORGIO-2805,6732,183.4,0.389,1274.8,Nominal Carbon-Fiber Driveline Balance
ALFA-GIORGIO-2806,1977,538.5,0.264,1506.5,Nominal Carbon-Fiber Driveline Balance
ALFA-GIORGIO-2807,6261,465.3,0.349,1441.3,Nominal Carbon-Fiber Driveline Balance
ALFA-GIORGIO-2808,5003,536.1,0.405,1341.1,Nominal Carbon-Fiber Driveline Balance
ALFA-GIORGIO-2809,6826,394.6,0.406,1293.9,Nominal Carbon-Fiber Driveline Balance
ALFA-GIORGIO-2810,2788,354.8,0.26,1471.3,Nominal Carbon-Fiber Driveline Balance
ALFA-GIORGIO-2811,4312,157.9,0.29,1502.7,Nominal Carbon-Fiber Driveline Balance
ALFA-GIORGIO-2812,7285,286.4,0.407,1298.2,Nominal Carbon-Fiber Driveline Balance
ALFA-GIORGIO-2813,6860,599.4,0.452,1246.0,Torsional Resonance Detected / Damper Sizing
ALFA-GIORGIO-2814,3165,350.1,0.304,1454.7,Nominal Carbon-Fiber Driveline Balance
ALFA-GIORGIO-2815,1547,315.1,0.172,1592.7,Nominal Carbon-Fiber Driveline Balance
ALFA-GIORGIO-2816,4921,277.7,0.346,1421.2,Nominal Carbon-Fiber Driveline Balance
ALFA-GIORGIO-2817,5686,528.9,0.451,1285.4,Torsional Resonance Detected / Damper Sizing
ALFA-GIORGIO-2818,4633,425.4,0.36,1397.2,Nominal Carbon-Fiber Driveline Balance
ALFA-GIORGIO-2819,6822,297.7,0.408,1384.7,Nominal Carbon-Fiber Driveline Balance
ALFA-GIORGIO-2820,5758,567.1,0.433,1272.8,Torsional Resonance Detected / Damper Sizing
ALFA-GIORGIO-2821,3073,244.9,0.269,1489.9,Nominal Carbon-Fiber Driveline Balance
ALFA-GIORGIO-2822,3174,569.7,0.324,1430.0,Nominal Carbon-Fiber Driveline Balance
ALFA-GIORGIO-2823,3189,415.4,0.288,1462.4,Nominal Carbon-Fiber Driveline Balance
ALFA-GIORGIO-2824,3180,505.5,0.319,1429.0,Nominal Carbon-Fiber Driveline Balance
ALFA-GIORGIO-2825,1827,316.9,0.285,1439.4,Nominal Carbon-Fiber Driveline Balance
ALFA-GIORGIO-2826,5560,281.3,0.335,1385.3,Nominal Carbon-Fiber Driveline Balance
ALFA-GIORGIO-2827,2802,155.1,0.215,1592.5,Nominal Carbon-Fiber Driveline Balance
ALFA-GIORGIO-2828,6602,251.5,0.382,1304.6,Nominal Carbon-Fiber Driveline Balance
ALFA-GIORGIO-2829,5009,554.1,0.386,1368.5,Nominal Carbon-Fiber Driveline Balance
ALFA-GIORGIO-2830,6964,209.9,0.384,1311.8,Nominal Carbon-Fiber Driveline Balance
ALFA-GIORGIO-2831,5301,451.3,0.375,1326.8,Nominal Carbon-Fiber Driveline Balance
ALFA-GIORGIO-2832,5456,168.1,0.311,1485.6,Nominal Carbon-Fiber Driveline Balance
ALFA-GIORGIO-2833,3762,487.5,0.307,1432.6,Nominal Carbon-Fiber Driveline Balance
ALFA-GIORGIO-2834,2620,499.2,0.312,1420.0,Nominal Carbon-Fiber Driveline Balance
ALFA-GIORGIO-2835,2616,462.3,0.306,1452.5,Nominal Carbon-Fiber Driveline Balance
ALFA-GIORGIO-2836,3610,195.3,0.274,1507.5,Nominal Carbon-Fiber Driveline Balance
ALFA-GIORGIO-2837,4818,174.1,0.335,1418.3,Nominal Carbon-Fiber Driveline Balance
ALFA-GIORGIO-2838,6188,415.6,0.376,1289.1,Nominal Carbon-Fiber Driveline Balance
ALFA-GIORGIO-2839,2885,296.6,0.231,1597.5,Nominal Carbon-Fiber Driveline Balance
ALFA-GIORGIO-2840,3452,380.6,0.254,1449.2,Nominal Carbon-Fiber Driveline Balance
ALFA-GIORGIO-2841,5979,341.8,0.397,1352.3,Nominal Carbon-Fiber Driveline Balance
ALFA-GIORGIO-2842,5495,292.5,0.359,1341.4,Nominal Carbon-Fiber Driveline Balance
ALFA-GIORGIO-2843,6229,410.4,0.42,1297.8,Torsional Resonance Detected / Damper Sizing
ALFA-GIORGIO-2844,5879,152.7,0.38,1327.7,Nominal Carbon-Fiber Driveline Balance
ALFA-GIORGIO-2845,2956,391.8,0.31,1429.2,Nominal Carbon-Fiber Driveline Balance
ALFA-GIORGIO-2846,2528,392.7,0.289,1493.8,Nominal Carbon-Fiber Driveline Balance
ALFA-GIORGIO-2847,6524,399.0,0.475,1289.7,Torsional Resonance Detected / Damper Sizing
ALFA-GIORGIO-2848,6422,219.0,0.384,1387.5,Nominal Carbon-Fiber Driveline Balance
ALFA-GIORGIO-2849,4802,536.6,0.365,1318.4,Nominal Carbon-Fiber Driveline Balance
ALFA-GIORGIO-2850,5083,320.3,0.367,1365.7,Nominal Carbon-Fiber Driveline Balance
ALFA-GIORGIO-2851,2347,321.4,0.292,1383.3,Nominal Carbon-Fiber Driveline Balance
ALFA-GIORGIO-2852,5331,355.1,0.328,1479.8,Nominal Carbon-Fiber Driveline Balance
ALFA-GIORGIO-2853,3376,202.5,0.271,1523.3,Nominal Carbon-Fiber Driveline Balance
ALFA-GIORGIO-2854,5358,150.3,0.288,1440.1,Nominal Carbon-Fiber Driveline Balance
ALFA-GIORGIO-2855,5811,405.5,0.342,1391.6,Nominal Carbon-Fiber Driveline Balance
ALFA-GIORGIO-2856,6855,548.2,0.436,1225.1,Torsional Resonance Detected / Damper Sizing
ALFA-GIORGIO-2857,6603,464.4,0.423,1277.1,Torsional Resonance Detected / Damper Sizing
ALFA-GIORGIO-2858,5488,450.9,0.35,1365.6,Nominal Carbon-Fiber Driveline Balance
ALFA-GIORGIO-2859,6864,168.7,0.364,1358.3,Nominal Carbon-Fiber Driveline Balance
ALFA-GIORGIO-2860,7108,406.5,0.43,1236.4,Torsional Resonance Detected / Damper Sizing
ALFA-GIORGIO-2861,6707,253.2,0.374,1440.0,Nominal Carbon-Fiber Driveline Balance
ALFA-GIORGIO-2862,2270,382.9,0.243,1523.4,Nominal Carbon-Fiber Driveline Balance
ALFA-GIORGIO-2863,2787,597.7,0.328,1386.4,Nominal Carbon-Fiber Driveline Balance
ALFA-GIORGIO-2864,7017,387.4,0.415,1226.6,Nominal Carbon-Fiber Driveline Balance
ALFA-GIORGIO-2865,6270,402.0,0.438,1222.9,Torsional Resonance Detected / Damper Sizing
ALFA-GIORGIO-2866,3871,308.1,0.323,1409.3,Nominal Carbon-Fiber Driveline Balance
ALFA-GIORGIO-2867,2015,397.6,0.221,1535.2,Nominal Carbon-Fiber Driveline Balance
ALFA-GIORGIO-2868,3843,204.2,0.237,1568.2,Nominal Carbon-Fiber Driveline Balance
ALFA-GIORGIO-2869,2068,572.5,0.267,1519.3,Nominal Carbon-Fiber Driveline Balance
ALFA-GIORGIO-2870,2989,293.0,0.232,1488.5,Nominal Carbon-Fiber Driveline Balance
ALFA-GIORGIO-2871,4092,343.6,0.326,1416.4,Nominal Carbon-Fiber Driveline Balance
ALFA-GIORGIO-2872,4900,549.4,0.348,1353.4,Nominal Carbon-Fiber Driveline Balance
ALFA-GIORGIO-2873,7480,418.8,0.432,1307.9,Torsional Resonance Detected / Damper Sizing
ALFA-GIORGIO-2874,1684,436.9,0.278,1492.8,Nominal Carbon-Fiber Driveline Balance
ALFA-GIORGIO-2875,2705,422.1,0.22,1517.0,Nominal Carbon-Fiber Driveline Balance
ALFA-GIORGIO-2876,5543,189.9,0.331,1413.0,Nominal Carbon-Fiber Driveline Balance
ALFA-GIORGIO-2877,2224,236.0,0.227,1566.3,Nominal Carbon-Fiber Driveline Balance
ALFA-GIORGIO-2878,2181,587.2,0.251,1453.5,Nominal Carbon-Fiber Driveline Balance
ALFA-GIORGIO-2879,5947,243.8,0.326,1424.9,Nominal Carbon-Fiber Driveline Balance
ALFA-GIORGIO-2880,6461,169.6,0.366,1406.3,Nominal Carbon-Fiber Driveline Balance
ALFA-GIORGIO-2881,7350,361.2,0.415,1344.3,Nominal Carbon-Fiber Driveline Balance
ALFA-GIORGIO-2882,7473,193.3,0.385,1351.4,Nominal Carbon-Fiber Driveline Balance
ALFA-GIORGIO-2883,4992,588.5,0.431,1321.9,Torsional Resonance Detected / Damper Sizing
ALFA-GIORGIO-2884,1692,412.0,0.2,1575.3,Nominal Carbon-Fiber Driveline Balance
ALFA-GIORGIO-2885,6627,180.2,0.366,1338.1,Nominal Carbon-Fiber Driveline Balance
ALFA-GIORGIO-2886,5948,596.5,0.419,1295.5,Nominal Carbon-Fiber Driveline Balance
ALFA-GIORGIO-2887,6828,469.7,0.451,1222.5,Torsional Resonance Detected / Damper Sizing
ALFA-GIORGIO-2888,6466,526.6,0.396,1372.6,Nominal Carbon-Fiber Driveline Balance
ALFA-GIORGIO-2889,6119,570.5,0.471,1210.6,Torsional Resonance Detected / Damper Sizing
ALFA-GIORGIO-2890,2487,490.7,0.254,1495.7,Nominal Carbon-Fiber Driveline Balance
ALFA-GIORGIO-2891,2480,505.5,0.304,1444.1,Nominal Carbon-Fiber Driveline Balance
ALFA-GIORGIO-2892,6444,595.2,0.496,1222.2,Torsional Resonance Detected / Damper Sizing
ALFA-GIORGIO-2893,2308,378.5,0.268,1396.5,Nominal Carbon-Fiber Driveline Balance
ALFA-GIORGIO-2894,4134,438.6,0.353,1368.7,Nominal Carbon-Fiber Driveline Balance
ALFA-GIORGIO-2895,2985,436.2,0.335,1431.0,Nominal Carbon-Fiber Driveline Balance
ALFA-GIORGIO-2896,5242,395.1,0.379,1323.1,Nominal Carbon-Fiber Driveline Balance
ALFA-GIORGIO-2897,6489,549.2,0.435,1309.8,Torsional Resonance Detected / Damper Sizing
ALFA-GIORGIO-2898,6659,353.0,0.436,1247.0,Torsional Resonance Detected / Damper Sizing
ALFA-GIORGIO-2899,2260,574.3,0.284,1476.8,Nominal Carbon-Fiber Driveline Balance
ALFA-GIORGIO-2900,5385,382.3,0.371,1278.7,Nominal Carbon-Fiber Driveline Balance
ALFA-GIORGIO-2901,3879,584.2,0.394,1275.9,Nominal Carbon-Fiber Driveline Balance
ALFA-GIORGIO-2902,2071,153.1,0.18,1572.3,Nominal Carbon-Fiber Driveline Balance
ALFA-GIORGIO-2903,2536,449.3,0.285,1426.7,Nominal Carbon-Fiber Driveline Balance
ALFA-GIORGIO-2904,2466,267.0,0.24,1591.9,Nominal Carbon-Fiber Driveline Balance
ALFA-GIORGIO-2905,1720,492.3,0.289,1363.6,Nominal Carbon-Fiber Driveline Balance
ALFA-GIORGIO-2906,3091,185.1,0.157,1613.5,Nominal Carbon-Fiber Driveline Balance
ALFA-GIORGIO-2907,5479,234.6,0.327,1385.3,Nominal Carbon-Fiber Driveline Balance
ALFA-GIORGIO-2908,7344,507.4,0.489,1263.4,Torsional Resonance Detected / Damper Sizing
ALFA-GIORGIO-2909,2811,555.9,0.33,1355.3,Nominal Carbon-Fiber Driveline Balance
ALFA-GIORGIO-2910,4359,155.3,0.3,1387.3,Nominal Carbon-Fiber Driveline Balance
ALFA-GIORGIO-2911,5945,588.7,0.481,1262.6,Torsional Resonance Detected / Damper Sizing
ALFA-GIORGIO-2912,6718,271.3,0.352,1380.9,Nominal Carbon-Fiber Driveline Balance
ALFA-GIORGIO-2913,3140,274.6,0.238,1602.7,Nominal Carbon-Fiber Driveline Balance
ALFA-GIORGIO-2914,1588,425.8,0.24,1488.7,Nominal Carbon-Fiber Driveline Balance
ALFA-GIORGIO-2915,3250,232.4,0.265,1522.4,Nominal Carbon-Fiber Driveline Balance
ALFA-GIORGIO-2916,5706,236.6,0.324,1436.5,Nominal Carbon-Fiber Driveline Balance
ALFA-GIORGIO-2917,6794,399.4,0.445,1250.4,Torsional Resonance Detected / Damper Sizing
ALFA-GIORGIO-2918,6811,591.4,0.482,1251.0,Torsional Resonance Detected / Damper Sizing
ALFA-GIORGIO-2919,3400,473.5,0.354,1329.5,Nominal Carbon-Fiber Driveline Balance
ALFA-GIORGIO-2920,3416,544.2,0.331,1450.1,Nominal Carbon-Fiber Driveline Balance
ALFA-GIORGIO-2921,3989,209.2,0.293,1470.1,Nominal Carbon-Fiber Driveline Balance
ALFA-GIORGIO-2922,4633,357.1,0.382,1302.9,Nominal Carbon-Fiber Driveline Balance
ALFA-GIORGIO-2923,1813,259.7,0.215,1588.6,Nominal Carbon-Fiber Driveline Balance
ALFA-GIORGIO-2924,4410,283.1,0.312,1421.8,Nominal Carbon-Fiber Driveline Balance
ALFA-GIORGIO-2925,6602,487.1,0.412,1285.9,Nominal Carbon-Fiber Driveline Balance
ALFA-GIORGIO-2926,6500,259.3,0.391,1271.3,Nominal Carbon-Fiber Driveline Balance
ALFA-GIORGIO-2927,7302,251.4,0.442,1381.5,Torsional Resonance Detected / Damper Sizing
ALFA-GIORGIO-2928,2813,194.8,0.271,1494.9,Nominal Carbon-Fiber Driveline Balance
ALFA-GIORGIO-2929,5465,581.1,0.464,1247.0,Torsional Resonance Detected / Damper Sizing
ALFA-GIORGIO-2930,4233,344.9,0.286,1473.3,Nominal Carbon-Fiber Driveline Balance
ALFA-GIORGIO-2931,4823,596.4,0.357,1330.7,Nominal Carbon-Fiber Driveline Balance
ALFA-GIORGIO-2932,5913,427.9,0.406,1292.6,Nominal Carbon-Fiber Driveline Balance
ALFA-GIORGIO-2933,2156,552.4,0.255,1481.9,Nominal Carbon-Fiber Driveline Balance
ALFA-GIORGIO-2934,4222,593.1,0.437,1271.1,Torsional Resonance Detected / Damper Sizing
ALFA-GIORGIO-2935,3240,415.6,0.316,1419.7,Nominal Carbon-Fiber Driveline Balance
ALFA-GIORGIO-2936,7458,533.3,0.525,1129.9,Torsional Resonance Detected / Damper Sizing
ALFA-GIORGIO-2937,4236,558.3,0.371,1351.0,Nominal Carbon-Fiber Driveline Balance
ALFA-GIORGIO-2938,2211,226.7,0.204,1578.9,Nominal Carbon-Fiber Driveline Balance
ALFA-GIORGIO-2939,6066,288.1,0.35,1325.6,Nominal Carbon-Fiber Driveline Balance
ALFA-GIORGIO-2940,4400,327.3,0.329,1391.1,Nominal Carbon-Fiber Driveline Balance
ALFA-GIORGIO-2941,1925,576.6,0.32,1418.8,Nominal Carbon-Fiber Driveline Balance
ALFA-GIORGIO-2942,5386,166.0,0.312,1449.5,Nominal Carbon-Fiber Driveline Balance
ALFA-GIORGIO-2943,2133,576.6,0.299,1406.0,Nominal Carbon-Fiber Driveline Balance
ALFA-GIORGIO-2944,4656,166.8,0.314,1421.2,Nominal Carbon-Fiber Driveline Balance
ALFA-GIORGIO-2945,4438,549.3,0.395,1283.2,Nominal Carbon-Fiber Driveline Balance
ALFA-GIORGIO-2946,5197,289.1,0.376,1388.6,Nominal Carbon-Fiber Driveline Balance
ALFA-GIORGIO-2947,6166,232.9,0.393,1318.4,Nominal Carbon-Fiber Driveline Balance
ALFA-GIORGIO-2948,1990,300.6,0.204,1593.0,Nominal Carbon-Fiber Driveline Balance
ALFA-GIORGIO-2949,5189,564.3,0.433,1300.8,Torsional Resonance Detected / Damper Sizing
ALFA-GIORGIO-2950,3909,330.2,0.294,1447.1,Nominal Carbon-Fiber Driveline Balance
ALFA-GIORGIO-2951,1739,531.8,0.274,1512.4,Nominal Carbon-Fiber Driveline Balance
ALFA-GIORGIO-2952,4724,382.5,0.378,1356.1,Nominal Carbon-Fiber Driveline Balance
ALFA-GIORGIO-2953,4680,552.0,0.345,1366.4,Nominal Carbon-Fiber Driveline Balance
ALFA-GIORGIO-2954,3525,412.0,0.291,1424.4,Nominal Carbon-Fiber Driveline Balance
ALFA-GIORGIO-2955,2193,283.6,0.245,1470.0,Nominal Carbon-Fiber Driveline Balance
ALFA-GIORGIO-2956,1950,246.8,0.212,1469.6,Nominal Carbon-Fiber Driveline Balance
ALFA-GIORGIO-2957,2312,485.6,0.266,1506.4,Nominal Carbon-Fiber Driveline Balance
ALFA-GIORGIO-2958,2329,277.9,0.272,1417.9,Nominal Carbon-Fiber Driveline Balance
ALFA-GIORGIO-2959,4009,365.9,0.312,1435.8,Nominal Carbon-Fiber Driveline Balance
ALFA-GIORGIO-2960,4970,153.2,0.34,1384.3,Nominal Carbon-Fiber Driveline Balance
ALFA-GIORGIO-2961,6140,438.3,0.421,1338.0,Torsional Resonance Detected / Damper Sizing
ALFA-GIORGIO-2962,7132,560.0,0.524,1123.9,Torsional Resonance Detected / Damper Sizing
ALFA-GIORGIO-2963,5700,234.7,0.354,1390.8,Nominal Carbon-Fiber Driveline Balance
ALFA-GIORGIO-2964,5628,597.2,0.46,1201.4,Torsional Resonance Detected / Damper Sizing
ALFA-GIORGIO-2965,3851,480.6,0.333,1463.4,Nominal Carbon-Fiber Driveline Balance
ALFA-GIORGIO-2966,5183,492.7,0.404,1312.1,Nominal Carbon-Fiber Driveline Balance
ALFA-GIORGIO-2967,1900,369.8,0.18,1475.7,Nominal Carbon-Fiber Driveline Balance
ALFA-GIORGIO-2968,3742,367.8,0.291,1514.7,Nominal Carbon-Fiber Driveline Balance
ALFA-GIORGIO-2969,2702,553.9,0.305,1410.6,Nominal Carbon-Fiber Driveline Balance
ALFA-GIORGIO-2970,6298,456.5,0.409,1261.8,Nominal Carbon-Fiber Driveline Balance
ALFA-GIORGIO-2971,2962,204.6,0.263,1513.9,Nominal Carbon-Fiber Driveline Balance
ALFA-GIORGIO-2972,2907,361.8,0.304,1386.4,Nominal Carbon-Fiber Driveline Balance
ALFA-GIORGIO-2973,5807,268.3,0.364,1351.6,Nominal Carbon-Fiber Driveline Balance
ALFA-GIORGIO-2974,6620,411.8,0.42,1353.7,Nominal Carbon-Fiber Driveline Balance
ALFA-GIORGIO-2975,7405,501.4,0.508,1167.9,Torsional Resonance Detected / Damper Sizing
ALFA-GIORGIO-2976,2475,437.6,0.284,1472.0,Nominal Carbon-Fiber Driveline Balance
ALFA-GIORGIO-2977,3675,303.1,0.278,1505.5,Nominal Carbon-Fiber Driveline Balance
ALFA-GIORGIO-2978,2415,335.2,0.298,1450.5,Nominal Carbon-Fiber Driveline Balance
ALFA-GIORGIO-2979,6967,413.8,0.454,1257.4,Torsional Resonance Detected / Damper Sizing
ALFA-GIORGIO-2980,4353,390.5,0.376,1343.2,Nominal Carbon-Fiber Driveline Balance
ALFA-GIORGIO-2981,6107,516.3,0.414,1311.9,Nominal Carbon-Fiber Driveline Balance
ALFA-GIORGIO-2982,3927,410.0,0.348,1449.4,Nominal Carbon-Fiber Driveline Balance
ALFA-GIORGIO-2983,1681,231.4,0.255,1537.5,Nominal Carbon-Fiber Driveline Balance
ALFA-GIORGIO-2984,6216,594.6,0.407,1317.4,Nominal Carbon-Fiber Driveline Balance
ALFA-GIORGIO-2985,4132,168.2,0.289,1440.9,Nominal Carbon-Fiber Driveline Balance
ALFA-GIORGIO-2986,2398,366.0,0.236,1515.5,Nominal Carbon-Fiber Driveline Balance
ALFA-GIORGIO-2987,2667,367.1,0.3,1392.2,Nominal Carbon-Fiber Driveline Balance
ALFA-GIORGIO-2988,1637,438.4,0.216,1524.9,Nominal Carbon-Fiber Driveline Balance
ALFA-GIORGIO-2989,3021,488.2,0.34,1447.9,Nominal Carbon-Fiber Driveline Balance
ALFA-GIORGIO-2990,2774,378.4,0.25,1440.6,Nominal Carbon-Fiber Driveline Balance
ALFA-GIORGIO-2991,5374,558.1,0.335,1452.1,Nominal Carbon-Fiber Driveline Balance
ALFA-GIORGIO-2992,2674,393.0,0.311,1385.7,Nominal Carbon-Fiber Driveline Balance
ALFA-GIORGIO-2993,5935,333.7,0.431,1328.7,Torsional Resonance Detected / Damper Sizing
ALFA-GIORGIO-2994,4518,348.8,0.399,1250.3,Nominal Carbon-Fiber Driveline Balance
ALFA-GIORGIO-2995,1912,368.5,0.209,1550.4,Nominal Carbon-Fiber Driveline Balance
ALFA-GIORGIO-2996,5178,566.7,0.389,1389.2,Nominal Carbon-Fiber Driveline Balance
ALFA-GIORGIO-2997,1631,176.0,0.155,1594.4,Nominal Carbon-Fiber Driveline Balance
ALFA-GIORGIO-2998,6519,506.6,0.457,1265.3,Torsional Resonance Detected / Damper Sizing
ALFA-GIORGIO-2999,5343,156.7,0.325,1449.0,Nominal Carbon-Fiber Driveline Balance
ALFA-GIORGIO-3000,3815,471.3,0.312,1474.5,Nominal Carbon-Fiber Driveline Balance
ALFA-GIORGIO-3001,3201,159.6,0.267,1410.6,Nominal Carbon-Fiber Driveline Balance
ALFA-GIORGIO-3002,3358,401.9,0.232,1489.5,Nominal Carbon-Fiber Driveline Balance
ALFA-GIORGIO-3003,4273,222.3,0.326,1394.2,Nominal Carbon-Fiber Driveline Balance
ALFA-GIORGIO-3004,6649,452.4,0.465,1229.3,Torsional Resonance Detected / Damper Sizing
ALFA-GIORGIO-3005,2297,384.8,0.247,1492.8,Nominal Carbon-Fiber Driveline Balance
ALFA-GIORGIO-3006,4746,598.3,0.385,1326.6,Nominal Carbon-Fiber Driveline Balance
ALFA-GIORGIO-3007,7404,364.6,0.416,1309.2,Nominal Carbon-Fiber Driveline Balance
ALFA-GIORGIO-3008,7417,495.3,0.507,1195.8,Torsional Resonance Detected / Damper Sizing
ALFA-GIORGIO-3009,1773,157.5,0.198,1560.9,Nominal Carbon-Fiber Driveline Balance
ALFA-GIORGIO-3010,7350,321.9,0.434,1317.0,Torsional Resonance Detected / Damper Sizing
ALFA-GIORGIO-3011,6818,396.3,0.392,1305.7,Nominal Carbon-Fiber Driveline Balance
ALFA-GIORGIO-3012,2232,318.6,0.205,1573.5,Nominal Carbon-Fiber Driveline Balance
ALFA-GIORGIO-3013,4980,200.3,0.303,1490.2,Nominal Carbon-Fiber Driveline Balance
ALFA-GIORGIO-3014,2529,174.0,0.185,1569.6,Nominal Carbon-Fiber Driveline Balance
ALFA-GIORGIO-3015,4431,266.5,0.29,1471.9,Nominal Carbon-Fiber Driveline Balance
ALFA-GIORGIO-3016,7210,397.1,0.466,1249.7,Torsional Resonance Detected / Damper Sizing
ALFA-GIORGIO-3017,3942,533.1,0.373,1311.7,Nominal Carbon-Fiber Driveline Balance
ALFA-GIORGIO-3018,6617,293.1,0.434,1312.6,Torsional Resonance Detected / Damper Sizing
ALFA-GIORGIO-3019,4012,447.7,0.318,1429.1,Nominal Carbon-Fiber Driveline Balance
ALFA-GIORGIO-3020,1809,390.5,0.249,1519.0,Nominal Carbon-Fiber Driveline Balance
ALFA-GIORGIO-3021,3723,596.4,0.356,1427.9,Nominal Carbon-Fiber Driveline Balance
ALFA-GIORGIO-3022,6316,498.9,0.414,1285.3,Nominal Carbon-Fiber Driveline Balance
ALFA-GIORGIO-3023,3986,301.4,0.249,1470.5,Nominal Carbon-Fiber Driveline Balance
ALFA-GIORGIO-3024,4411,580.9,0.429,1257.9,Torsional Resonance Detected / Damper Sizing
ALFA-GIORGIO-3025,6951,321.4,0.397,1329.9,Nominal Carbon-Fiber Driveline Balance
ALFA-GIORGIO-3026,2704,310.5,0.23,1580.7,Nominal Carbon-Fiber Driveline Balance
ALFA-GIORGIO-3027,1919,227.3,0.162,1595.8,Nominal Carbon-Fiber Driveline Balance
ALFA-GIORGIO-3028,7040,407.4,0.437,1311.3,Torsional Resonance Detected / Damper Sizing
ALFA-GIORGIO-3029,4386,459.2,0.373,1376.2,Nominal Carbon-Fiber Driveline Balance
ALFA-GIORGIO-3030,1910,442.7,0.309,1446.7,Nominal Carbon-Fiber Driveline Balance
ALFA-GIORGIO-3031,7474,198.0,0.436,1225.0,Torsional Resonance Detected / Damper Sizing
ALFA-GIORGIO-3032,3727,345.8,0.312,1470.1,Nominal Carbon-Fiber Driveline Balance
ALFA-GIORGIO-3033,2821,476.6,0.31,1456.8,Nominal Carbon-Fiber Driveline Balance
ALFA-GIORGIO-3034,1679,397.4,0.191,1614.5,Nominal Carbon-Fiber Driveline Balance
ALFA-GIORGIO-3035,1561,383.2,0.202,1586.0,Nominal Carbon-Fiber Driveline Balance
ALFA-GIORGIO-3036,3905,569.3,0.347,1343.8,Nominal Carbon-Fiber Driveline Balance
ALFA-GIORGIO-3037,2927,288.0,0.266,1387.3,Nominal Carbon-Fiber Driveline Balance
ALFA-GIORGIO-3038,2226,415.2,0.306,1396.3,Nominal Carbon-Fiber Driveline Balance
ALFA-GIORGIO-3039,2515,524.5,0.336,1435.0,Nominal Carbon-Fiber Driveline Balance
ALFA-GIORGIO-3040,2792,330.5,0.229,1551.5,Nominal Carbon-Fiber Driveline Balance
ALFA-GIORGIO-3041,5674,179.9,0.367,1421.4,Nominal Carbon-Fiber Driveline Balance
ALFA-GIORGIO-3042,4631,324.8,0.312,1486.9,Nominal Carbon-Fiber Driveline Balance
ALFA-GIORGIO-3043,2829,498.7,0.344,1318.8,Nominal Carbon-Fiber Driveline Balance
ALFA-GIORGIO-3044,5809,190.6,0.334,1380.3,Nominal Carbon-Fiber Driveline Balance
ALFA-GIORGIO-3045,5231,555.7,0.436,1218.5,Torsional Resonance Detected / Damper Sizing
ALFA-GIORGIO-3046,1717,227.5,0.199,1590.3,Nominal Carbon-Fiber Driveline Balance
ALFA-GIORGIO-3047,2260,457.8,0.33,1361.0,Nominal Carbon-Fiber Driveline Balance
ALFA-GIORGIO-3048,2210,181.8,0.24,1506.3,Nominal Carbon-Fiber Driveline Balance
ALFA-GIORGIO-3049,4695,422.2,0.335,1482.3,Nominal Carbon-Fiber Driveline Balance
ALFA-GIORGIO-3050,3945,326.5,0.311,1433.1,Nominal Carbon-Fiber Driveline Balance
ALFA-GIORGIO-3051,4435,302.6,0.33,1402.6,Nominal Carbon-Fiber Driveline Balance
ALFA-GIORGIO-3052,6546,384.2,0.452,1317.8,Torsional Resonance Detected / Damper Sizing
ALFA-GIORGIO-3053,5367,472.4,0.395,1356.3,Nominal Carbon-Fiber Driveline Balance
ALFA-GIORGIO-3054,3371,337.3,0.303,1405.2,Nominal Carbon-Fiber Driveline Balance
ALFA-GIORGIO-3055,5269,526.2,0.44,1274.3,Torsional Resonance Detected / Damper Sizing
ALFA-GIORGIO-3056,1581,309.2,0.268,1489.3,Nominal Carbon-Fiber Driveline Balance
ALFA-GIORGIO-3057,1785,163.9,0.191,1620.5,Nominal Carbon-Fiber Driveline Balance
ALFA-GIORGIO-3058,5068,153.6,0.302,1380.4,Nominal Carbon-Fiber Driveline Balance
ALFA-GIORGIO-3059,4380,396.7,0.305,1443.9,Nominal Carbon-Fiber Driveline Balance
ALFA-GIORGIO-3060,3487,256.2,0.256,1490.8,Nominal Carbon-Fiber Driveline Balance
ALFA-GIORGIO-3061,6845,263.4,0.386,1304.6,Nominal Carbon-Fiber Driveline Balance
ALFA-GIORGIO-3062,4500,250.8,0.309,1431.7,Nominal Carbon-Fiber Driveline Balance
ALFA-GIORGIO-3063,2460,245.3,0.181,1627.2,Nominal Carbon-Fiber Driveline Balance
ALFA-GIORGIO-3064,2134,226.3,0.226,1535.0,Nominal Carbon-Fiber Driveline Balance
ALFA-GIORGIO-3065,6537,391.3,0.427,1302.7,Torsional Resonance Detected / Damper Sizing
ALFA-GIORGIO-3066,4816,447.8,0.345,1377.1,Nominal Carbon-Fiber Driveline Balance
ALFA-GIORGIO-3067,7309,519.6,0.462,1186.7,Torsional Resonance Detected / Damper Sizing
ALFA-GIORGIO-3068,4984,483.6,0.395,1373.9,Nominal Carbon-Fiber Driveline Balance
ALFA-GIORGIO-3069,5661,158.6,0.316,1384.6,Nominal Carbon-Fiber Driveline Balance
ALFA-GIORGIO-3070,6679,241.4,0.378,1380.5,Nominal Carbon-Fiber Driveline Balance
ALFA-GIORGIO-3071,4358,295.1,0.315,1380.2,Nominal Carbon-Fiber Driveline Balance
ALFA-GIORGIO-3072,5302,298.8,0.345,1326.2,Nominal Carbon-Fiber Driveline Balance
ALFA-GIORGIO-3073,5705,595.8,0.492,1250.7,Torsional Resonance Detected / Damper Sizing
ALFA-GIORGIO-3074,1822,163.9,0.184,1522.5,Nominal Carbon-Fiber Driveline Balance
ALFA-GIORGIO-3075,2173,253.0,0.224,1473.4,Nominal Carbon-Fiber Driveline Balance
ALFA-GIORGIO-3076,4698,242.3,0.293,1464.4,Nominal Carbon-Fiber Driveline Balance
ALFA-GIORGIO-3077,6483,234.7,0.382,1360.7,Nominal Carbon-Fiber Driveline Balance
ALFA-GIORGIO-3078,3808,578.7,0.342,1414.0,Nominal Carbon-Fiber Driveline Balance
ALFA-GIORGIO-3079,6562,313.5,0.402,1291.1,Nominal Carbon-Fiber Driveline Balance
ALFA-GIORGIO-3080,3071,547.7,0.344,1366.1,Nominal Carbon-Fiber Driveline Balance
ALFA-GIORGIO-3081,5897,363.0,0.37,1402.5,Nominal Carbon-Fiber Driveline Balance
ALFA-GIORGIO-3082,2889,285.0,0.269,1438.8,Nominal Carbon-Fiber Driveline Balance
ALFA-GIORGIO-3083,6667,431.9,0.426,1355.4,Torsional Resonance Detected / Damper Sizing
ALFA-GIORGIO-3084,6659,283.1,0.398,1330.7,Nominal Carbon-Fiber Driveline Balance
ALFA-GIORGIO-3085,2544,178.3,0.179,1553.2,Nominal Carbon-Fiber Driveline Balance
ALFA-GIORGIO-3086,3413,451.2,0.344,1307.3,Nominal Carbon-Fiber Driveline Balance
ALFA-GIORGIO-3087,5531,154.9,0.355,1358.7,Nominal Carbon-Fiber Driveline Balance
ALFA-GIORGIO-3088,6044,240.2,0.346,1414.2,Nominal Carbon-Fiber Driveline Balance
ALFA-GIORGIO-3089,1953,181.3,0.19,1553.2,Nominal Carbon-Fiber Driveline Balance
ALFA-GIORGIO-3090,2864,192.8,0.217,1536.4,Nominal Carbon-Fiber Driveline Balance
ALFA-GIORGIO-3091,4174,381.4,0.382,1349.1,Nominal Carbon-Fiber Driveline Balance
ALFA-GIORGIO-3092,1745,505.7,0.281,1487.9,Nominal Carbon-Fiber Driveline Balance
ALFA-GIORGIO-3093,4760,262.5,0.324,1421.2,Nominal Carbon-Fiber Driveline Balance
ALFA-GIORGIO-3094,5828,507.5,0.462,1268.8,Torsional Resonance Detected / Damper Sizing
ALFA-GIORGIO-3095,5998,437.3,0.41,1235.1,Nominal Carbon-Fiber Driveline Balance
ALFA-GIORGIO-3096,6906,540.1,0.46,1252.8,Torsional Resonance Detected / Damper Sizing
ALFA-GIORGIO-3097,6402,235.1,0.394,1316.5,Nominal Carbon-Fiber Driveline Balance
ALFA-GIORGIO-3098,6625,403.5,0.422,1388.0,Torsional Resonance Detected / Damper Sizing
ALFA-GIORGIO-3099,6216,372.0,0.412,1355.5,Nominal Carbon-Fiber Driveline Balance
ALFA-GIORGIO-3100,7317,161.9,0.404,1360.6,Nominal Carbon-Fiber Driveline Balance
ALFA-GIORGIO-3101,2551,393.9,0.271,1425.6,Nominal Carbon-Fiber Driveline Balance
ALFA-GIORGIO-3102,4757,244.9,0.244,1555.4,Nominal Carbon-Fiber Driveline Balance
ALFA-GIORGIO-3103,7157,585.8,0.547,1100.0,Torsional Resonance Detected / Damper Sizing
ALFA-GIORGIO-3104,2840,253.2,0.265,1528.2,Nominal Carbon-Fiber Driveline Balance
ALFA-GIORGIO-3105,7434,516.1,0.444,1239.2,Torsional Resonance Detected / Damper Sizing
ALFA-GIORGIO-3106,6124,403.2,0.371,1358.9,Nominal Carbon-Fiber Driveline Balance
ALFA-GIORGIO-3107,3911,375.5,0.301,1443.6,Nominal Carbon-Fiber Driveline Balance
ALFA-GIORGIO-3108,3407,350.9,0.26,1502.4,Nominal Carbon-Fiber Driveline Balance
ALFA-GIORGIO-3109,4776,517.6,0.322,1404.5,Nominal Carbon-Fiber Driveline Balance
ALFA-GIORGIO-3110,5058,446.9,0.401,1334.9,Nominal Carbon-Fiber Driveline Balance
ALFA-GIORGIO-3111,1656,308.5,0.226,1552.8,Nominal Carbon-Fiber Driveline Balance
ALFA-GIORGIO-3112,1922,453.6,0.244,1423.4,Nominal Carbon-Fiber Driveline Balance
ALFA-GIORGIO-3113,3964,229.3,0.309,1368.5,Nominal Carbon-Fiber Driveline Balance
ALFA-GIORGIO-3114,7157,321.9,0.414,1312.8,Nominal Carbon-Fiber Driveline Balance
ALFA-GIORGIO-3115,1897,318.9,0.284,1414.2,Nominal Carbon-Fiber Driveline Balance
ALFA-GIORGIO-3116,2079,248.4,0.241,1583.3,Nominal Carbon-Fiber Driveline Balance
ALFA-GIORGIO-3117,6801,463.7,0.481,1264.7,Torsional Resonance Detected / Damper Sizing
ALFA-GIORGIO-3118,6658,460.0,0.415,1234.1,Nominal Carbon-Fiber Driveline Balance
ALFA-GIORGIO-3119,4760,271.3,0.253,1514.9,Nominal Carbon-Fiber Driveline Balance
ALFA-GIORGIO-3120,7076,316.3,0.449,1262.6,Torsional Resonance Detected / Damper Sizing
ALFA-GIORGIO-3121,7040,312.7,0.466,1258.2,Torsional Resonance Detected / Damper Sizing
ALFA-GIORGIO-3122,3469,552.1,0.348,1455.3,Nominal Carbon-Fiber Driveline Balance
ALFA-GIORGIO-3123,7032,185.8,0.367,1292.3,Nominal Carbon-Fiber Driveline Balance
ALFA-GIORGIO-3124,3060,154.4,0.218,1516.7,Nominal Carbon-Fiber Driveline Balance
ALFA-GIORGIO-3125,1513,487.3,0.239,1548.6,Nominal Carbon-Fiber Driveline Balance
ALFA-GIORGIO-3126,2920,179.3,0.232,1591.5,Nominal Carbon-Fiber Driveline Balance
ALFA-GIORGIO-3127,2000,246.9,0.255,1518.7,Nominal Carbon-Fiber Driveline Balance
ALFA-GIORGIO-3128,5402,457.5,0.432,1251.3,Torsional Resonance Detected / Damper Sizing
ALFA-GIORGIO-3129,3103,160.5,0.225,1502.8,Nominal Carbon-Fiber Driveline Balance
ALFA-GIORGIO-3130,1850,191.1,0.185,1574.0,Nominal Carbon-Fiber Driveline Balance
ALFA-GIORGIO-3131,2112,415.1,0.214,1510.8,Nominal Carbon-Fiber Driveline Balance
ALFA-GIORGIO-3132,4424,385.1,0.337,1454.2,Nominal Carbon-Fiber Driveline Balance
ALFA-GIORGIO-3133,2213,595.6,0.263,1495.2,Nominal Carbon-Fiber Driveline Balance
ALFA-GIORGIO-3134,4428,571.5,0.416,1299.9,Nominal Carbon-Fiber Driveline Balance
ALFA-GIORGIO-3135,2092,500.9,0.328,1378.7,Nominal Carbon-Fiber Driveline Balance
ALFA-GIORGIO-3136,3053,416.9,0.317,1427.5,Nominal Carbon-Fiber Driveline Balance
ALFA-GIORGIO-3137,6019,209.9,0.376,1290.3,Nominal Carbon-Fiber Driveline Balance
ALFA-GIORGIO-3138,6774,207.1,0.398,1308.9,Nominal Carbon-Fiber Driveline Balance
ALFA-GIORGIO-3139,3434,262.1,0.242,1585.5,Nominal Carbon-Fiber Driveline Balance
ALFA-GIORGIO-3140,7288,398.2,0.48,1247.1,Torsional Resonance Detected / Damper Sizing
ALFA-GIORGIO-3141,6960,356.1,0.422,1338.6,Torsional Resonance Detected / Damper Sizing
ALFA-GIORGIO-3142,6483,567.9,0.456,1203.8,Torsional Resonance Detected / Damper Sizing
ALFA-GIORGIO-3143,2382,227.4,0.214,1552.6,Nominal Carbon-Fiber Driveline Balance
ALFA-GIORGIO-3144,3189,334.2,0.355,1373.0,Nominal Carbon-Fiber Driveline Balance
ALFA-GIORGIO-3145,3071,374.5,0.218,1500.5,Nominal Carbon-Fiber Driveline Balance
ALFA-GIORGIO-3146,3790,505.6,0.315,1419.6,Nominal Carbon-Fiber Driveline Balance
ALFA-GIORGIO-3147,3188,374.7,0.27,1478.6,Nominal Carbon-Fiber Driveline Balance
ALFA-GIORGIO-3148,5614,188.8,0.353,1353.2,Nominal Carbon-Fiber Driveline Balance
ALFA-GIORGIO-3149,4548,161.8,0.268,1445.1,Nominal Carbon-Fiber Driveline Balance
ALFA-GIORGIO-3150,7042,352.9,0.438,1269.7,Torsional Resonance Detected / Damper Sizing
ALFA-GIORGIO-3151,5853,221.2,0.361,1420.4,Nominal Carbon-Fiber Driveline Balance
ALFA-GIORGIO-3152,7111,577.9,0.484,1199.6,Torsional Resonance Detected / Damper Sizing
ALFA-GIORGIO-3153,4112,365.1,0.318,1398.8,Nominal Carbon-Fiber Driveline Balance
ALFA-GIORGIO-3154,7091,353.0,0.402,1276.8,Nominal Carbon-Fiber Driveline Balance
ALFA-GIORGIO-3155,4301,412.8,0.344,1344.0,Nominal Carbon-Fiber Driveline Balance
ALFA-GIORGIO-3156,3366,392.8,0.367,1385.8,Nominal Carbon-Fiber Driveline Balance
ALFA-GIORGIO-3157,4587,557.1,0.39,1339.9,Nominal Carbon-Fiber Driveline Balance
ALFA-GIORGIO-3158,7403,183.5,0.376,1308.2,Nominal Carbon-Fiber Driveline Balance
ALFA-GIORGIO-3159,2220,400.3,0.278,1474.5,Nominal Carbon-Fiber Driveline Balance
ALFA-GIORGIO-3160,7016,482.5,0.445,1290.3,Torsional Resonance Detected / Damper Sizing
ALFA-GIORGIO-3161,4349,339.3,0.307,1391.1,Nominal Carbon-Fiber Driveline Balance
ALFA-GIORGIO-3162,1994,465.1,0.265,1460.3,Nominal Carbon-Fiber Driveline Balance
ALFA-GIORGIO-3163,5967,239.1,0.355,1375.9,Nominal Carbon-Fiber Driveline Balance
ALFA-GIORGIO-3164,6678,445.7,0.421,1275.9,Torsional Resonance Detected / Damper Sizing
ALFA-GIORGIO-3165,5308,465.7,0.402,1377.7,Nominal Carbon-Fiber Driveline Balance
ALFA-GIORGIO-3166,6774,532.2,0.447,1273.9,Torsional Resonance Detected / Damper Sizing
ALFA-GIORGIO-3167,5530,407.9,0.349,1380.1,Nominal Carbon-Fiber Driveline Balance
ALFA-GIORGIO-3168,6430,351.8,0.416,1379.0,Nominal Carbon-Fiber Driveline Balance
ALFA-GIORGIO-3169,6973,179.3,0.396,1306.4,Nominal Carbon-Fiber Driveline Balance
ALFA-GIORGIO-3170,5074,428.6,0.377,1374.2,Nominal Carbon-Fiber Driveline Balance
ALFA-GIORGIO-3171,4722,201.7,0.296,1433.9,Nominal Carbon-Fiber Driveline Balance
ALFA-GIORGIO-3172,7204,536.1,0.469,1230.4,Torsional Resonance Detected / Damper Sizing
ALFA-GIORGIO-3173,2685,568.2,0.364,1349.4,Nominal Carbon-Fiber Driveline Balance
ALFA-GIORGIO-3174,6523,285.5,0.389,1398.2,Nominal Carbon-Fiber Driveline Balance
ALFA-GIORGIO-3175,5589,232.5,0.355,1303.6,Nominal Carbon-Fiber Driveline Balance
ALFA-GIORGIO-3176,3215,353.5,0.283,1437.1,Nominal Carbon-Fiber Driveline Balance
ALFA-GIORGIO-3177,4549,350.2,0.364,1368.8,Nominal Carbon-Fiber Driveline Balance
ALFA-GIORGIO-3178,2371,466.3,0.294,1452.3,Nominal Carbon-Fiber Driveline Balance
ALFA-GIORGIO-3179,1814,297.7,0.274,1541.1,Nominal Carbon-Fiber Driveline Balance
ALFA-GIORGIO-3180,2111,240.2,0.174,1606.8,Nominal Carbon-Fiber Driveline Balance
ALFA-GIORGIO-3181,5506,166.3,0.366,1396.7,Nominal Carbon-Fiber Driveline Balance
ALFA-GIORGIO-3182,4924,234.5,0.358,1311.1,Nominal Carbon-Fiber Driveline Balance
ALFA-GIORGIO-3183,2876,227.9,0.221,1553.5,Nominal Carbon-Fiber Driveline Balance
ALFA-GIORGIO-3184,4165,348.1,0.3,1393.3,Nominal Carbon-Fiber Driveline Balance
ALFA-GIORGIO-3185,6656,561.9,0.496,1217.2,Torsional Resonance Detected / Damper Sizing
ALFA-GIORGIO-3186,6034,538.8,0.411,1373.1,Nominal Carbon-Fiber Driveline Balance
ALFA-GIORGIO-3187,7127,577.1,0.446,1196.3,Torsional Resonance Detected / Damper Sizing
ALFA-GIORGIO-3188,2948,308.7,0.288,1425.6,Nominal Carbon-Fiber Driveline Balance
ALFA-GIORGIO-3189,6980,400.8,0.413,1245.5,Nominal Carbon-Fiber Driveline Balance
ALFA-GIORGIO-3190,3017,289.3,0.219,1569.7,Nominal Carbon-Fiber Driveline Balance
ALFA-GIORGIO-3191,6586,311.9,0.364,1376.6,Nominal Carbon-Fiber Driveline Balance
ALFA-GIORGIO-3192,1851,151.5,0.226,1478.3,Nominal Carbon-Fiber Driveline Balance
ALFA-GIORGIO-3193,4388,473.2,0.321,1368.9,Nominal Carbon-Fiber Driveline Balance
ALFA-GIORGIO-3194,4498,565.5,0.403,1340.7,Nominal Carbon-Fiber Driveline Balance
ALFA-GIORGIO-3195,6744,473.0,0.418,1274.4,Nominal Carbon-Fiber Driveline Balance
ALFA-GIORGIO-3196,4372,483.9,0.337,1391.6,Nominal Carbon-Fiber Driveline Balance
ALFA-GIORGIO-3197,3144,242.5,0.223,1558.0,Nominal Carbon-Fiber Driveline Balance
ALFA-GIORGIO-3198,3743,227.4,0.297,1373.2,Nominal Carbon-Fiber Driveline Balance
ALFA-GIORGIO-3199,1773,236.0,0.184,1513.7,Nominal Carbon-Fiber Driveline Balance
ALFA-GIORGIO-3200,4623,166.7,0.315,1400.7,Nominal Carbon-Fiber Driveline Balance
ALFA-GIORGIO-3201,6749,507.5,0.423,1268.9,Torsional Resonance Detected / Damper Sizing
ALFA-GIORGIO-3202,4586,412.1,0.299,1481.4,Nominal Carbon-Fiber Driveline Balance
ALFA-GIORGIO-3203,2373,453.8,0.236,1469.4,Nominal Carbon-Fiber Driveline Balance
ALFA-GIORGIO-3204,2243,497.3,0.261,1452.1,Nominal Carbon-Fiber Driveline Balance
ALFA-GIORGIO-3205,3587,376.1,0.315,1401.3,Nominal Carbon-Fiber Driveline Balance
ALFA-GIORGIO-3206,5707,578.9,0.4,1369.5,Nominal Carbon-Fiber Driveline Balance
ALFA-GIORGIO-3207,3453,372.8,0.264,1502.6,Nominal Carbon-Fiber Driveline Balance
ALFA-GIORGIO-3208,3823,244.2,0.297,1485.5,Nominal Carbon-Fiber Driveline Balance
ALFA-GIORGIO-3209,6552,520.6,0.455,1335.1,Torsional Resonance Detected / Damper Sizing
ALFA-GIORGIO-3210,4639,353.0,0.365,1283.8,Nominal Carbon-Fiber Driveline Balance
ALFA-GIORGIO-3211,2720,486.9,0.212,1489.7,Nominal Carbon-Fiber Driveline Balance
ALFA-GIORGIO-3212,4481,164.4,0.311,1435.3,Nominal Carbon-Fiber Driveline Balance
ALFA-GIORGIO-3213,4883,478.3,0.396,1278.8,Nominal Carbon-Fiber Driveline Balance
ALFA-GIORGIO-3214,5443,453.1,0.416,1275.8,Nominal Carbon-Fiber Driveline Balance
ALFA-GIORGIO-3215,6113,494.2,0.367,1307.7,Nominal Carbon-Fiber Driveline Balance
ALFA-GIORGIO-3216,1719,490.5,0.253,1569.4,Nominal Carbon-Fiber Driveline Balance
ALFA-GIORGIO-3217,3721,556.5,0.311,1409.9,Nominal Carbon-Fiber Driveline Balance
ALFA-GIORGIO-3218,3376,173.0,0.297,1470.9,Nominal Carbon-Fiber Driveline Balance
ALFA-GIORGIO-3219,5345,291.3,0.381,1359.7,Nominal Carbon-Fiber Driveline Balance
ALFA-GIORGIO-3220,6347,523.6,0.491,1146.0,Torsional Resonance Detected / Damper Sizing
ALFA-GIORGIO-3221,4590,246.7,0.322,1414.0,Nominal Carbon-Fiber Driveline Balance
ALFA-GIORGIO-3222,2776,526.5,0.299,1456.3,Nominal Carbon-Fiber Driveline Balance
ALFA-GIORGIO-3223,6628,243.7,0.408,1271.1,Nominal Carbon-Fiber Driveline Balance
ALFA-GIORGIO-3224,1989,466.0,0.287,1471.8,Nominal Carbon-Fiber Driveline Balance
ALFA-GIORGIO-3225,2158,566.5,0.289,1472.7,Nominal Carbon-Fiber Driveline Balance
ALFA-GIORGIO-3226,3952,580.5,0.365,1368.0,Nominal Carbon-Fiber Driveline Balance
ALFA-GIORGIO-3227,4719,264.1,0.314,1439.2,Nominal Carbon-Fiber Driveline Balance
ALFA-GIORGIO-3228,5664,302.2,0.37,1388.1,Nominal Carbon-Fiber Driveline Balance
ALFA-GIORGIO-3229,1929,297.4,0.177,1569.4,Nominal Carbon-Fiber Driveline Balance
ALFA-GIORGIO-3230,3370,326.3,0.294,1428.4,Nominal Carbon-Fiber Driveline Balance
ALFA-GIORGIO-3231,2539,223.9,0.22,1573.7,Nominal Carbon-Fiber Driveline Balance
ALFA-GIORGIO-3232,3390,159.3,0.224,1577.0,Nominal Carbon-Fiber Driveline Balance
ALFA-GIORGIO-3233,7178,358.1,0.44,1336.4,Torsional Resonance Detected / Damper Sizing
ALFA-GIORGIO-3234,6486,228.5,0.404,1307.8,Nominal Carbon-Fiber Driveline Balance
ALFA-GIORGIO-3235,4867,327.3,0.318,1369.3,Nominal Carbon-Fiber Driveline Balance
ALFA-GIORGIO-3236,3822,555.1,0.382,1274.8,Nominal Carbon-Fiber Driveline Balance
ALFA-GIORGIO-3237,3768,324.8,0.298,1439.4,Nominal Carbon-Fiber Driveline Balance
ALFA-GIORGIO-3238,5718,400.9,0.39,1278.4,Nominal Carbon-Fiber Driveline Balance
ALFA-GIORGIO-3239,3526,572.9,0.326,1422.2,Nominal Carbon-Fiber Driveline Balance
ALFA-GIORGIO-3240,2430,156.1,0.284,1418.4,Nominal Carbon-Fiber Driveline Balance
ALFA-GIORGIO-3241,6482,265.5,0.399,1304.9,Nominal Carbon-Fiber Driveline Balance
ALFA-GIORGIO-3242,3773,489.3,0.317,1517.2,Nominal Carbon-Fiber Driveline Balance
ALFA-GIORGIO-3243,1970,244.3,0.227,1537.2,Nominal Carbon-Fiber Driveline Balance
ALFA-GIORGIO-3244,4489,492.1,0.365,1404.5,Nominal Carbon-Fiber Driveline Balance
ALFA-GIORGIO-3245,4808,169.8,0.242,1520.0,Nominal Carbon-Fiber Driveline Balance
ALFA-GIORGIO-3246,6823,536.3,0.437,1194.2,Torsional Resonance Detected / Damper Sizing
ALFA-GIORGIO-3247,6814,270.8,0.402,1264.8,Nominal Carbon-Fiber Driveline Balance
ALFA-GIORGIO-3248,4078,259.9,0.267,1461.4,Nominal Carbon-Fiber Driveline Balance
ALFA-GIORGIO-3249,3885,481.7,0.286,1496.2,Nominal Carbon-Fiber Driveline Balance
ALFA-GIORGIO-3250,3049,411.3,0.294,1447.0,Nominal Carbon-Fiber Driveline Balance
ALFA-GIORGIO-3251,3403,365.0,0.301,1465.7,Nominal Carbon-Fiber Driveline Balance
ALFA-GIORGIO-3252,5631,518.1,0.401,1327.6,Nominal Carbon-Fiber Driveline Balance
ALFA-GIORGIO-3253,5274,548.6,0.385,1326.2,Nominal Carbon-Fiber Driveline Balance
ALFA-GIORGIO-3254,3901,171.5,0.24,1543.3,Nominal Carbon-Fiber Driveline Balance
ALFA-GIORGIO-3255,4402,516.2,0.371,1391.0,Nominal Carbon-Fiber Driveline Balance
ALFA-GIORGIO-3256,4894,414.1,0.345,1477.0,Nominal Carbon-Fiber Driveline Balance
ALFA-GIORGIO-3257,7298,568.1,0.473,1231.8,Torsional Resonance Detected / Damper Sizing
ALFA-GIORGIO-3258,7042,517.7,0.475,1182.1,Torsional Resonance Detected / Damper Sizing
ALFA-GIORGIO-3259,6182,541.7,0.426,1318.9,Torsional Resonance Detected / Damper Sizing
ALFA-GIORGIO-3260,2796,223.4,0.167,1640.7,Nominal Carbon-Fiber Driveline Balance
ALFA-GIORGIO-3261,1969,236.9,0.214,1522.6,Nominal Carbon-Fiber Driveline Balance
ALFA-GIORGIO-3262,5551,266.5,0.367,1352.3,Nominal Carbon-Fiber Driveline Balance
ALFA-GIORGIO-3263,5141,205.8,0.349,1323.1,Nominal Carbon-Fiber Driveline Balance
ALFA-GIORGIO-3264,6278,387.8,0.423,1265.6,Torsional Resonance Detected / Damper Sizing
ALFA-GIORGIO-3265,4432,184.3,0.266,1508.5,Nominal Carbon-Fiber Driveline Balance
ALFA-GIORGIO-3266,2847,422.5,0.226,1519.8,Nominal Carbon-Fiber Driveline Balance
ALFA-GIORGIO-3267,3411,477.3,0.308,1406.3,Nominal Carbon-Fiber Driveline Balance
ALFA-GIORGIO-3268,3283,516.9,0.287,1421.0,Nominal Carbon-Fiber Driveline Balance
ALFA-GIORGIO-3269,3928,456.5,0.341,1331.5,Nominal Carbon-Fiber Driveline Balance
ALFA-GIORGIO-3270,7212,345.9,0.424,1268.2,Torsional Resonance Detected / Damper Sizing
ALFA-GIORGIO-3271,3414,557.0,0.335,1373.7,Nominal Carbon-Fiber Driveline Balance
ALFA-GIORGIO-3272,5953,459.5,0.463,1151.7,Torsional Resonance Detected / Damper Sizing
ALFA-GIORGIO-3273,7167,366.6,0.435,1378.9,Torsional Resonance Detected / Damper Sizing
ALFA-GIORGIO-3274,4122,243.0,0.311,1440.0,Nominal Carbon-Fiber Driveline Balance
ALFA-GIORGIO-3275,3006,324.0,0.312,1438.3,Nominal Carbon-Fiber Driveline Balance
ALFA-GIORGIO-3276,7166,455.0,0.467,1223.5,Torsional Resonance Detected / Damper Sizing
ALFA-GIORGIO-3277,7148,171.7,0.405,1344.7,Nominal Carbon-Fiber Driveline Balance
ALFA-GIORGIO-3278,2545,476.5,0.246,1505.8,Nominal Carbon-Fiber Driveline Balance
ALFA-GIORGIO-3279,5458,547.6,0.463,1182.3,Torsional Resonance Detected / Damper Sizing
ALFA-GIORGIO-3280,1935,279.1,0.256,1492.9,Nominal Carbon-Fiber Driveline Balance
ALFA-GIORGIO-3281,2205,495.9,0.291,1441.5,Nominal Carbon-Fiber Driveline Balance
ALFA-GIORGIO-3282,2059,592.8,0.272,1467.0,Nominal Carbon-Fiber Driveline Balance
ALFA-GIORGIO-3283,6387,455.5,0.419,1238.4,Nominal Carbon-Fiber Driveline Balance
ALFA-GIORGIO-3284,1876,333.7,0.232,1400.7,Nominal Carbon-Fiber Driveline Balance
ALFA-GIORGIO-3285,4327,456.0,0.351,1350.3,Nominal Carbon-Fiber Driveline Balance
ALFA-GIORGIO-3286,5366,442.0,0.387,1360.4,Nominal Carbon-Fiber Driveline Balance
ALFA-GIORGIO-3287,6550,388.9,0.389,1309.5,Nominal Carbon-Fiber Driveline Balance
ALFA-GIORGIO-3288,1904,292.7,0.224,1510.3,Nominal Carbon-Fiber Driveline Balance
ALFA-GIORGIO-3289,3419,461.4,0.297,1523.4,Nominal Carbon-Fiber Driveline Balance
ALFA-GIORGIO-3290,4303,253.6,0.295,1443.5,Nominal Carbon-Fiber Driveline Balance
ALFA-GIORGIO-3291,2887,494.3,0.356,1341.5,Nominal Carbon-Fiber Driveline Balance
ALFA-GIORGIO-3292,3701,172.0,0.283,1520.5,Nominal Carbon-Fiber Driveline Balance
ALFA-GIORGIO-3293,4635,572.8,0.395,1377.5,Nominal Carbon-Fiber Driveline Balance
ALFA-GIORGIO-3294,2588,385.2,0.276,1495.7,Nominal Carbon-Fiber Driveline Balance
ALFA-GIORGIO-3295,1959,439.3,0.251,1472.4,Nominal Carbon-Fiber Driveline Balance
ALFA-GIORGIO-3296,4058,453.9,0.311,1487.0,Nominal Carbon-Fiber Driveline Balance
ALFA-GIORGIO-3297,3765,374.5,0.346,1419.1,Nominal Carbon-Fiber Driveline Balance
ALFA-GIORGIO-3298,3627,536.0,0.297,1467.3,Nominal Carbon-Fiber Driveline Balance
ALFA-GIORGIO-3299,3340,246.7,0.288,1450.2,Nominal Carbon-Fiber Driveline Balance
ALFA-GIORGIO-3300,5087,239.7,0.359,1410.3,Nominal Carbon-Fiber Driveline Balance
ALFA-GIORGIO-3301,2938,558.2,0.368,1331.8,Nominal Carbon-Fiber Driveline Balance
ALFA-GIORGIO-3302,2019,511.4,0.297,1527.2,Nominal Carbon-Fiber Driveline Balance
ALFA-GIORGIO-3303,4038,299.1,0.308,1423.7,Nominal Carbon-Fiber Driveline Balance
ALFA-GIORGIO-3304,3660,517.0,0.363,1394.3,Nominal Carbon-Fiber Driveline Balance
ALFA-GIORGIO-3305,2155,200.2,0.207,1590.9,Nominal Carbon-Fiber Driveline Balance
ALFA-GIORGIO-3306,5865,599.0,0.4,1332.8,Nominal Carbon-Fiber Driveline Balance
ALFA-GIORGIO-3307,3220,188.1,0.234,1474.8,Nominal Carbon-Fiber Driveline Balance
ALFA-GIORGIO-3308,3201,292.5,0.297,1323.0,Nominal Carbon-Fiber Driveline Balance
ALFA-GIORGIO-3309,5106,542.5,0.409,1331.8,Nominal Carbon-Fiber Driveline Balance
ALFA-GIORGIO-3310,6186,363.3,0.419,1313.4,Nominal Carbon-Fiber Driveline Balance
ALFA-GIORGIO-3311,4747,383.6,0.379,1330.8,Nominal Carbon-Fiber Driveline Balance
ALFA-GIORGIO-3312,1574,310.7,0.226,1550.9,Nominal Carbon-Fiber Driveline Balance
ALFA-GIORGIO-3313,2537,386.1,0.245,1524.3,Nominal Carbon-Fiber Driveline Balance
ALFA-GIORGIO-3314,7175,537.1,0.53,1131.8,Torsional Resonance Detected / Damper Sizing
ALFA-GIORGIO-3315,6876,267.1,0.401,1324.7,Nominal Carbon-Fiber Driveline Balance
ALFA-GIORGIO-3316,3460,548.7,0.333,1430.7,Nominal Carbon-Fiber Driveline Balance
ALFA-GIORGIO-3317,5840,256.5,0.332,1393.9,Nominal Carbon-Fiber Driveline Balance
ALFA-GIORGIO-3318,5421,159.9,0.278,1455.6,Nominal Carbon-Fiber Driveline Balance
ALFA-GIORGIO-3319,7000,216.3,0.4,1336.0,Nominal Carbon-Fiber Driveline Balance
ALFA-GIORGIO-3320,6393,383.8,0.368,1376.8,Nominal Carbon-Fiber Driveline Balance
ALFA-GIORGIO-3321,1937,335.9,0.211,1553.0,Nominal Carbon-Fiber Driveline Balance
ALFA-GIORGIO-3322,6811,317.8,0.447,1284.0,Torsional Resonance Detected / Damper Sizing
ALFA-GIORGIO-3323,5915,241.0,0.341,1363.4,Nominal Carbon-Fiber Driveline Balance
ALFA-GIORGIO-3324,4631,193.6,0.336,1367.2,Nominal Carbon-Fiber Driveline Balance
ALFA-GIORGIO-3325,2434,247.2,0.256,1561.4,Nominal Carbon-Fiber Driveline Balance
ALFA-GIORGIO-3326,4573,437.7,0.39,1372.0,Nominal Carbon-Fiber Driveline Balance
ALFA-GIORGIO-3327,5412,355.2,0.397,1292.8,Nominal Carbon-Fiber Driveline Balance
ALFA-GIORGIO-3328,5125,516.7,0.415,1343.9,Nominal Carbon-Fiber Driveline Balance
ALFA-GIORGIO-3329,3392,296.6,0.281,1536.3,Nominal Carbon-Fiber Driveline Balance
ALFA-GIORGIO-3330,3946,292.6,0.263,1443.8,Nominal Carbon-Fiber Driveline Balance
ALFA-GIORGIO-3331,7115,482.4,0.416,1316.7,Nominal Carbon-Fiber Driveline Balance
ALFA-GIORGIO-3332,3659,559.2,0.353,1401.2,Nominal Carbon-Fiber Driveline Balance
ALFA-GIORGIO-3333,4518,318.6,0.316,1447.3,Nominal Carbon-Fiber Driveline Balance
ALFA-GIORGIO-3334,1711,401.9,0.23,1492.3,Nominal Carbon-Fiber Driveline Balance
ALFA-GIORGIO-3335,7475,342.4,0.492,1232.1,Torsional Resonance Detected / Damper Sizing
ALFA-GIORGIO-3336,6879,161.8,0.402,1331.5,Nominal Carbon-Fiber Driveline Balance
ALFA-GIORGIO-3337,6483,453.3,0.411,1308.9,Nominal Carbon-Fiber Driveline Balance
ALFA-GIORGIO-3338,6320,225.7,0.36,1419.5,Nominal Carbon-Fiber Driveline Balance
ALFA-GIORGIO-3339,5109,560.1,0.411,1309.6,Nominal Carbon-Fiber Driveline Balance
ALFA-GIORGIO-3340,3737,328.4,0.312,1412.0,Nominal Carbon-Fiber Driveline Balance
ALFA-GIORGIO-3341,2634,410.3,0.265,1468.5,Nominal Carbon-Fiber Driveline Balance
ALFA-GIORGIO-3342,5269,218.2,0.298,1415.1,Nominal Carbon-Fiber Driveline Balance
ALFA-GIORGIO-3343,3204,232.3,0.321,1422.8,Nominal Carbon-Fiber Driveline Balance
ALFA-GIORGIO-3344,6655,585.6,0.512,1230.6,Torsional Resonance Detected / Damper Sizing
ALFA-GIORGIO-3345,5619,515.7,0.414,1264.4,Nominal Carbon-Fiber Driveline Balance
ALFA-GIORGIO-3346,5274,415.1,0.36,1332.8,Nominal Carbon-Fiber Driveline Balance
ALFA-GIORGIO-3347,2392,474.7,0.305,1425.7,Nominal Carbon-Fiber Driveline Balance
ALFA-GIORGIO-3348,4959,373.5,0.35,1378.8,Nominal Carbon-Fiber Driveline Balance
ALFA-GIORGIO-3349,3680,560.3,0.319,1448.2,Nominal Carbon-Fiber Driveline Balance
ALFA-GIORGIO-3350,4193,269.3,0.282,1442.5,Nominal Carbon-Fiber Driveline Balance
ALFA-GIORGIO-3351,6369,595.0,0.499,1215.6,Torsional Resonance Detected / Damper Sizing
ALFA-GIORGIO-3352,2239,590.4,0.277,1466.1,Nominal Carbon-Fiber Driveline Balance
ALFA-GIORGIO-3353,2585,409.4,0.277,1475.5,Nominal Carbon-Fiber Driveline Balance
ALFA-GIORGIO-3354,6385,578.2,0.463,1183.2,Torsional Resonance Detected / Damper Sizing
ALFA-GIORGIO-3355,3886,344.5,0.316,1453.4,Nominal Carbon-Fiber Driveline Balance
ALFA-GIORGIO-3356,2288,281.3,0.191,1517.6,Nominal Carbon-Fiber Driveline Balance
ALFA-GIORGIO-3357,7275,189.3,0.397,1277.7,Nominal Carbon-Fiber Driveline Balance
ALFA-GIORGIO-3358,7335,582.6,0.453,1252.1,Torsional Resonance Detected / Damper Sizing
ALFA-GIORGIO-3359,1515,295.9,0.201,1570.8,Nominal Carbon-Fiber Driveline Balance
ALFA-GIORGIO-3360,5942,409.1,0.379,1344.3,Nominal Carbon-Fiber Driveline Balance
ALFA-GIORGIO-3361,5710,289.5,0.33,1351.1,Nominal Carbon-Fiber Driveline Balance
ALFA-GIORGIO-3362,2598,258.6,0.213,1501.9,Nominal Carbon-Fiber Driveline Balance
ALFA-GIORGIO-3363,3515,164.2,0.288,1466.5,Nominal Carbon-Fiber Driveline Balance
ALFA-GIORGIO-3364,3183,367.0,0.28,1420.3,Nominal Carbon-Fiber Driveline Balance
ALFA-GIORGIO-3365,5233,317.4,0.332,1471.2,Nominal Carbon-Fiber Driveline Balance
ALFA-GIORGIO-3366,4197,319.0,0.316,1513.1,Nominal Carbon-Fiber Driveline Balance
ALFA-GIORGIO-3367,4155,235.8,0.274,1487.7,Nominal Carbon-Fiber Driveline Balance
ALFA-GIORGIO-3368,6318,320.1,0.436,1327.1,Torsional Resonance Detected / Damper Sizing
ALFA-GIORGIO-3369,3627,332.1,0.281,1447.5,Nominal Carbon-Fiber Driveline Balance
ALFA-GIORGIO-3370,3901,223.2,0.268,1451.1,Nominal Carbon-Fiber Driveline Balance
ALFA-GIORGIO-3371,5093,518.7,0.391,1313.7,Nominal Carbon-Fiber Driveline Balance
ALFA-GIORGIO-3372,7062,477.7,0.43,1267.8,Torsional Resonance Detected / Damper Sizing
ALFA-GIORGIO-3373,2407,397.7,0.227,1553.5,Nominal Carbon-Fiber Driveline Balance
ALFA-GIORGIO-3374,2020,259.4,0.246,1520.6,Nominal Carbon-Fiber Driveline Balance
ALFA-GIORGIO-3375,2639,194.4,0.268,1453.0,Nominal Carbon-Fiber Driveline Balance
ALFA-GIORGIO-3376,5813,476.9,0.448,1247.1,Torsional Resonance Detected / Damper Sizing
ALFA-GIORGIO-3377,3333,198.1,0.207,1538.5,Nominal Carbon-Fiber Driveline Balance
ALFA-GIORGIO-3378,3659,209.1,0.31,1452.8,Nominal Carbon-Fiber Driveline Balance
ALFA-GIORGIO-3379,4647,462.8,0.33,1395.6,Nominal Carbon-Fiber Driveline Balance
ALFA-GIORGIO-3380,1926,592.0,0.289,1491.6,Nominal Carbon-Fiber Driveline Balance
ALFA-GIORGIO-3381,7250,330.1,0.464,1247.8,Torsional Resonance Detected / Damper Sizing
ALFA-GIORGIO-3382,3789,541.3,0.344,1379.0,Nominal Carbon-Fiber Driveline Balance
ALFA-GIORGIO-3383,4313,397.3,0.339,1359.6,Nominal Carbon-Fiber Driveline Balance
ALFA-GIORGIO-3384,5590,296.1,0.399,1277.1,Nominal Carbon-Fiber Driveline Balance
ALFA-GIORGIO-3385,4075,295.1,0.3,1486.0,Nominal Carbon-Fiber Driveline Balance
ALFA-GIORGIO-3386,5608,553.9,0.42,1322.3,Torsional Resonance Detected / Damper Sizing
ALFA-GIORGIO-3387,4322,546.6,0.4,1325.8,Nominal Carbon-Fiber Driveline Balance
ALFA-GIORGIO-3388,5362,475.7,0.419,1278.0,Nominal Carbon-Fiber Driveline Balance
ALFA-GIORGIO-3389,7014,569.5,0.49,1190.3,Torsional Resonance Detected / Damper Sizing
ALFA-GIORGIO-3390,3350,571.2,0.316,1451.8,Nominal Carbon-Fiber Driveline Balance
ALFA-GIORGIO-3391,2089,542.0,0.295,1418.2,Nominal Carbon-Fiber Driveline Balance
ALFA-GIORGIO-3392,1646,561.8,0.296,1489.9,Nominal Carbon-Fiber Driveline Balance
ALFA-GIORGIO-3393,6070,437.8,0.379,1259.4,Nominal Carbon-Fiber Driveline Balance
ALFA-GIORGIO-3394,3218,212.0,0.295,1451.3,Nominal Carbon-Fiber Driveline Balance
ALFA-GIORGIO-3395,2312,547.1,0.3,1487.7,Nominal Carbon-Fiber Driveline Balance
ALFA-GIORGIO-3396,4912,473.3,0.368,1371.0,Nominal Carbon-Fiber Driveline Balance
ALFA-GIORGIO-3397,5566,442.5,0.363,1406.1,Nominal Carbon-Fiber Driveline Balance
ALFA-GIORGIO-3398,3747,390.6,0.311,1377.2,Nominal Carbon-Fiber Driveline Balance
ALFA-GIORGIO-3399,3017,469.2,0.347,1396.1,Nominal Carbon-Fiber Driveline Balance
ALFA-GIORGIO-3400,6371,229.1,0.426,1204.8,Torsional Resonance Detected / Damper Sizing
ALFA-GIORGIO-3401,7165,495.8,0.481,1224.7,Torsional Resonance Detected / Damper Sizing
ALFA-GIORGIO-3402,4182,536.3,0.384,1422.8,Nominal Carbon-Fiber Driveline Balance
ALFA-GIORGIO-3403,3477,532.3,0.319,1406.7,Nominal Carbon-Fiber Driveline Balance
ALFA-GIORGIO-3404,4658,196.2,0.276,1512.6,Nominal Carbon-Fiber Driveline Balance
ALFA-GIORGIO-3405,6226,564.4,0.437,1274.3,Torsional Resonance Detected / Damper Sizing
ALFA-GIORGIO-3406,2572,443.6,0.264,1493.6,Nominal Carbon-Fiber Driveline Balance
ALFA-GIORGIO-3407,2704,436.9,0.263,1427.2,Nominal Carbon-Fiber Driveline Balance
ALFA-GIORGIO-3408,3880,375.6,0.315,1451.8,Nominal Carbon-Fiber Driveline Balance
ALFA-GIORGIO-3409,5545,398.6,0.359,1310.0,Nominal Carbon-Fiber Driveline Balance
ALFA-GIORGIO-3410,3196,220.4,0.245,1520.1,Nominal Carbon-Fiber Driveline Balance
ALFA-GIORGIO-3411,6216,263.0,0.376,1330.0,Nominal Carbon-Fiber Driveline Balance
ALFA-GIORGIO-3412,5117,520.3,0.393,1386.9,Nominal Carbon-Fiber Driveline Balance
ALFA-GIORGIO-3413,4168,238.1,0.233,1447.5,Nominal Carbon-Fiber Driveline Balance
ALFA-GIORGIO-3414,1647,274.6,0.209,1517.5,Nominal Carbon-Fiber Driveline Balance
ALFA-GIORGIO-3415,3652,493.5,0.342,1362.1,Nominal Carbon-Fiber Driveline Balance
ALFA-GIORGIO-3416,6412,150.4,0.339,1388.3,Nominal Carbon-Fiber Driveline Balance
ALFA-GIORGIO-3417,1672,400.4,0.226,1489.6,Nominal Carbon-Fiber Driveline Balance
ALFA-GIORGIO-3418,3996,397.3,0.305,1403.0,Nominal Carbon-Fiber Driveline Balance
ALFA-GIORGIO-3419,2389,225.9,0.209,1506.1,Nominal Carbon-Fiber Driveline Balance
ALFA-GIORGIO-3420,6105,466.0,0.413,1276.1,Nominal Carbon-Fiber Driveline Balance
ALFA-GIORGIO-3421,3336,481.0,0.267,1384.9,Nominal Carbon-Fiber Driveline Balance
ALFA-GIORGIO-3422,5006,458.0,0.399,1312.7,Nominal Carbon-Fiber Driveline Balance
ALFA-GIORGIO-3423,3587,249.6,0.314,1404.5,Nominal Carbon-Fiber Driveline Balance
ALFA-GIORGIO-3424,2293,398.9,0.261,1508.4,Nominal Carbon-Fiber Driveline Balance
ALFA-GIORGIO-3425,4384,367.9,0.314,1396.8,Nominal Carbon-Fiber Driveline Balance
ALFA-GIORGIO-3426,1935,456.0,0.263,1540.0,Nominal Carbon-Fiber Driveline Balance
ALFA-GIORGIO-3427,5530,459.0,0.369,1342.3,Nominal Carbon-Fiber Driveline Balance
ALFA-GIORGIO-3428,3351,433.9,0.292,1457.6,Nominal Carbon-Fiber Driveline Balance
ALFA-GIORGIO-3429,5725,359.4,0.343,1412.4,Nominal Carbon-Fiber Driveline Balance
ALFA-GIORGIO-3430,3001,280.8,0.243,1518.7,Nominal Carbon-Fiber Driveline Balance
ALFA-GIORGIO-3431,1673,289.1,0.229,1498.9,Nominal Carbon-Fiber Driveline Balance
ALFA-GIORGIO-3432,6310,391.6,0.465,1259.1,Torsional Resonance Detected / Damper Sizing
ALFA-GIORGIO-3433,5677,430.3,0.409,1309.5,Nominal Carbon-Fiber Driveline Balance
ALFA-GIORGIO-3434,6074,480.9,0.441,1308.4,Torsional Resonance Detected / Damper Sizing
ALFA-GIORGIO-3435,2757,257.7,0.244,1464.2,Nominal Carbon-Fiber Driveline Balance
ALFA-GIORGIO-3436,4747,222.7,0.338,1403.0,Nominal Carbon-Fiber Driveline Balance
ALFA-GIORGIO-3437,6806,508.3,0.459,1217.7,Torsional Resonance Detected / Damper Sizing
ALFA-GIORGIO-3438,5740,498.9,0.378,1335.8,Nominal Carbon-Fiber Driveline Balance
ALFA-GIORGIO-3439,6170,470.2,0.475,1139.1,Torsional Resonance Detected / Damper Sizing
ALFA-GIORGIO-3440,4249,259.6,0.301,1501.1,Nominal Carbon-Fiber Driveline Balance
ALFA-GIORGIO-3441,6359,368.1,0.426,1210.6,Torsional Resonance Detected / Damper Sizing
ALFA-GIORGIO-3442,4284,522.0,0.383,1353.9,Nominal Carbon-Fiber Driveline Balance
ALFA-GIORGIO-3443,6941,278.1,0.447,1244.1,Torsional Resonance Detected / Damper Sizing
ALFA-GIORGIO-3444,7192,271.6,0.418,1239.8,Nominal Carbon-Fiber Driveline Balance
ALFA-GIORGIO-3445,3981,495.2,0.307,1451.4,Nominal Carbon-Fiber Driveline Balance
ALFA-GIORGIO-3446,2124,422.8,0.232,1501.5,Nominal Carbon-Fiber Driveline Balance
ALFA-GIORGIO-3447,5529,389.7,0.368,1349.9,Nominal Carbon-Fiber Driveline Balance
ALFA-GIORGIO-3448,4469,201.0,0.261,1518.4,Nominal Carbon-Fiber Driveline Balance
ALFA-GIORGIO-3449,5182,423.7,0.361,1317.0,Nominal Carbon-Fiber Driveline Balance
ALFA-GIORGIO-3450,5034,330.5,0.325,1348.6,Nominal Carbon-Fiber Driveline Balance
ALFA-GIORGIO-3451,7420,521.2,0.468,1211.2,Torsional Resonance Detected / Damper Sizing
ALFA-GIORGIO-3452,4272,250.9,0.28,1460.5,Nominal Carbon-Fiber Driveline Balance
ALFA-GIORGIO-3453,4515,198.9,0.255,1565.6,Nominal Carbon-Fiber Driveline Balance
ALFA-GIORGIO-3454,3813,261.9,0.254,1527.0,Nominal Carbon-Fiber Driveline Balance
ALFA-GIORGIO-3455,3197,155.2,0.289,1498.1,Nominal Carbon-Fiber Driveline Balance
ALFA-GIORGIO-3456,1548,333.0,0.266,1467.1,Nominal Carbon-Fiber Driveline Balance
ALFA-GIORGIO-3457,6304,418.2,0.397,1279.7,Nominal Carbon-Fiber Driveline Balance
ALFA-GIORGIO-3458,6087,435.7,0.4,1343.1,Nominal Carbon-Fiber Driveline Balance
ALFA-GIORGIO-3459,6565,292.9,0.424,1316.3,Torsional Resonance Detected / Damper Sizing
ALFA-GIORGIO-3460,5766,300.5,0.374,1391.0,Nominal Carbon-Fiber Driveline Balance
ALFA-GIORGIO-3461,3253,218.8,0.269,1523.8,Nominal Carbon-Fiber Driveline Balance
ALFA-GIORGIO-3462,6103,573.2,0.46,1246.4,Torsional Resonance Detected / Damper Sizing
ALFA-GIORGIO-3463,2833,323.1,0.275,1408.3,Nominal Carbon-Fiber Driveline Balance
ALFA-GIORGIO-3464,6898,394.6,0.456,1298.6,Torsional Resonance Detected / Damper Sizing
ALFA-GIORGIO-3465,3204,295.6,0.274,1509.3,Nominal Carbon-Fiber Driveline Balance
ALFA-GIORGIO-3466,3123,577.6,0.335,1376.1,Nominal Carbon-Fiber Driveline Balance
ALFA-GIORGIO-3467,1932,268.9,0.197,1532.7,Nominal Carbon-Fiber Driveline Balance
ALFA-GIORGIO-3468,6211,593.0,0.473,1128.9,Torsional Resonance Detected / Damper Sizing
ALFA-GIORGIO-3469,5950,162.8,0.317,1424.1,Nominal Carbon-Fiber Driveline Balance
ALFA-GIORGIO-3470,1928,239.0,0.229,1464.6,Nominal Carbon-Fiber Driveline Balance
ALFA-GIORGIO-3471,1601,212.0,0.229,1499.5,Nominal Carbon-Fiber Driveline Balance
ALFA-GIORGIO-3472,1989,233.1,0.215,1530.7,Nominal Carbon-Fiber Driveline Balance
ALFA-GIORGIO-3473,7172,150.9,0.41,1298.0,Nominal Carbon-Fiber Driveline Balance
ALFA-GIORGIO-3474,3845,393.2,0.317,1467.2,Nominal Carbon-Fiber Driveline Balance
ALFA-GIORGIO-3475,2895,404.1,0.289,1449.3,Nominal Carbon-Fiber Driveline Balance
ALFA-GIORGIO-3476,5351,489.1,0.387,1243.0,Nominal Carbon-Fiber Driveline Balance
ALFA-GIORGIO-3477,7430,174.2,0.38,1310.0,Nominal Carbon-Fiber Driveline Balance
ALFA-GIORGIO-3478,3863,213.9,0.217,1592.8,Nominal Carbon-Fiber Driveline Balance
ALFA-GIORGIO-3479,6826,196.0,0.397,1334.8,Nominal Carbon-Fiber Driveline Balance
ALFA-GIORGIO-3480,4940,247.0,0.352,1359.1,Nominal Carbon-Fiber Driveline Balance
ALFA-GIORGIO-3481,3317,408.8,0.259,1451.7,Nominal Carbon-Fiber Driveline Balance
ALFA-GIORGIO-3482,1812,189.2,0.226,1495.4,Nominal Carbon-Fiber Driveline Balance
ALFA-GIORGIO-3483,1934,572.2,0.281,1487.6,Nominal Carbon-Fiber Driveline Balance
ALFA-GIORGIO-3484,2740,574.2,0.309,1384.1,Nominal Carbon-Fiber Driveline Balance
ALFA-GIORGIO-3485,5341,588.1,0.466,1244.5,Torsional Resonance Detected / Damper Sizing
ALFA-GIORGIO-3486,1689,506.9,0.244,1484.1,Nominal Carbon-Fiber Driveline Balance
ALFA-GIORGIO-3487,1561,523.2,0.187,1522.2,Nominal Carbon-Fiber Driveline Balance
ALFA-GIORGIO-3488,2181,200.9,0.2,1570.4,Nominal Carbon-Fiber Driveline Balance
ALFA-GIORGIO-3489,7480,282.9,0.406,1248.0,Nominal Carbon-Fiber Driveline Balance
ALFA-GIORGIO-3490,3284,371.0,0.216,1458.3,Nominal Carbon-Fiber Driveline Balance
ALFA-GIORGIO-3491,5570,491.9,0.405,1313.0,Nominal Carbon-Fiber Driveline Balance
ALFA-GIORGIO-3492,3368,454.6,0.306,1408.9,Nominal Carbon-Fiber Driveline Balance
ALFA-GIORGIO-3493,2035,549.0,0.307,1389.6,Nominal Carbon-Fiber Driveline Balance
ALFA-GIORGIO-3494,2243,194.8,0.176,1575.8,Nominal Carbon-Fiber Driveline Balance
ALFA-GIORGIO-3495,4745,451.4,0.352,1377.2,Nominal Carbon-Fiber Driveline Balance
ALFA-GIORGIO-3496,5966,428.2,0.413,1317.7,Nominal Carbon-Fiber Driveline Balance
ALFA-GIORGIO-3497,3548,525.5,0.301,1450.5,Nominal Carbon-Fiber Driveline Balance
ALFA-GIORGIO-3498,1675,207.4,0.207,1514.3,Nominal Carbon-Fiber Driveline Balance
ALFA-GIORGIO-3499,4126,330.3,0.291,1443.9,Nominal Carbon-Fiber Driveline Balance
ALFA-GIORGIO-3500,5799,548.8,0.386,1335.2,Nominal Carbon-Fiber Driveline Balance
ALFA-GIORGIO-3501,6082,426.5,0.405,1294.5,Nominal Carbon-Fiber Driveline Balance
ALFA-GIORGIO-3502,2026,185.9,0.162,1634.7,Nominal Carbon-Fiber Driveline Balance
ALFA-GIORGIO-3503,3799,317.9,0.337,1323.4,Nominal Carbon-Fiber Driveline Balance
ALFA-GIORGIO-3504,7483,218.5,0.421,1312.8,Torsional Resonance Detected / Damper Sizing
ALFA-GIORGIO-3505,7018,442.8,0.444,1245.2,Torsional Resonance Detected / Damper Sizing
ALFA-GIORGIO-3506,2090,422.9,0.214,1578.2,Nominal Carbon-Fiber Driveline Balance
ALFA-GIORGIO-3507,6262,551.0,0.419,1261.4,Nominal Carbon-Fiber Driveline Balance
ALFA-GIORGIO-3508,3505,526.0,0.34,1400.6,Nominal Carbon-Fiber Driveline Balance
ALFA-GIORGIO-3509,4417,374.8,0.309,1487.5,Nominal Carbon-Fiber Driveline Balance
ALFA-GIORGIO-3510,5881,305.1,0.289,1487.8,Nominal Carbon-Fiber Driveline Balance
ALFA-GIORGIO-3511,6813,533.7,0.436,1223.6,Torsional Resonance Detected / Damper Sizing
ALFA-GIORGIO-3512,1601,445.4,0.241,1485.9,Nominal Carbon-Fiber Driveline Balance
ALFA-GIORGIO-3513,7411,542.9,0.488,1265.1,Torsional Resonance Detected / Damper Sizing
ALFA-GIORGIO-3514,3741,332.0,0.29,1411.1,Nominal Carbon-Fiber Driveline Balance
ALFA-GIORGIO-3515,1948,346.7,0.208,1594.6,Nominal Carbon-Fiber Driveline Balance
ALFA-GIORGIO-3516,2882,443.1,0.283,1464.3,Nominal Carbon-Fiber Driveline Balance
ALFA-GIORGIO-3517,7131,396.9,0.427,1338.8,Torsional Resonance Detected / Damper Sizing
ALFA-GIORGIO-3518,6706,400.2,0.403,1344.5,Nominal Carbon-Fiber Driveline Balance
ALFA-GIORGIO-3519,2128,373.2,0.236,1477.5,Nominal Carbon-Fiber Driveline Balance
ALFA-GIORGIO-3520,2356,337.5,0.283,1424.9,Nominal Carbon-Fiber Driveline Balance
ALFA-GIORGIO-3521,5087,369.7,0.289,1408.0,Nominal Carbon-Fiber Driveline Balance
ALFA-GIORGIO-3522,2076,190.5,0.182,1607.7,Nominal Carbon-Fiber Driveline Balance
ALFA-GIORGIO-3523,3635,454.2,0.361,1391.1,Nominal Carbon-Fiber Driveline Balance
ALFA-GIORGIO-3524,2906,372.4,0.296,1446.9,Nominal Carbon-Fiber Driveline Balance
ALFA-GIORGIO-3525,4656,188.5,0.284,1464.6,Nominal Carbon-Fiber Driveline Balance
ALFA-GIORGIO-3526,6248,356.6,0.396,1338.3,Nominal Carbon-Fiber Driveline Balance
ALFA-GIORGIO-3527,6501,484.8,0.456,1271.6,Torsional Resonance Detected / Damper Sizing
ALFA-GIORGIO-3528,4321,342.2,0.338,1375.0,Nominal Carbon-Fiber Driveline Balance
ALFA-GIORGIO-3529,5958,153.5,0.363,1401.2,Nominal Carbon-Fiber Driveline Balance
ALFA-GIORGIO-3530,7184,486.8,0.476,1237.2,Torsional Resonance Detected / Damper Sizing
ALFA-GIORGIO-3531,2707,594.9,0.313,1368.7,Nominal Carbon-Fiber Driveline Balance
ALFA-GIORGIO-3532,4289,186.3,0.306,1459.3,Nominal Carbon-Fiber Driveline Balance
ALFA-GIORGIO-3533,4763,451.2,0.385,1315.5,Nominal Carbon-Fiber Driveline Balance
ALFA-GIORGIO-3534,7410,291.7,0.402,1231.3,Nominal Carbon-Fiber Driveline Balance
ALFA-GIORGIO-3535,2806,398.3,0.246,1499.2,Nominal Carbon-Fiber Driveline Balance
ALFA-GIORGIO-3536,6198,391.3,0.459,1267.2,Torsional Resonance Detected / Damper Sizing
ALFA-GIORGIO-3537,2529,169.9,0.182,1533.8,Nominal Carbon-Fiber Driveline Balance
ALFA-GIORGIO-3538,6773,550.3,0.442,1303.8,Torsional Resonance Detected / Damper Sizing
ALFA-GIORGIO-3539,5966,429.2,0.413,1391.0,Nominal Carbon-Fiber Driveline Balance
ALFA-GIORGIO-3540,3515,474.3,0.305,1438.8,Nominal Carbon-Fiber Driveline Balance
ALFA-GIORGIO-3541,2614,540.3,0.307,1387.5,Nominal Carbon-Fiber Driveline Balance
ALFA-GIORGIO-3542,5281,509.4,0.359,1437.6,Nominal Carbon-Fiber Driveline Balance
ALFA-GIORGIO-3543,5735,172.7,0.328,1388.3,Nominal Carbon-Fiber Driveline Balance
ALFA-GIORGIO-3544,1650,549.4,0.278,1476.0,Nominal Carbon-Fiber Driveline Balance
ALFA-GIORGIO-3545,3643,404.6,0.36,1445.0,Nominal Carbon-Fiber Driveline Balance
ALFA-GIORGIO-3546,4483,229.9,0.264,1462.0,Nominal Carbon-Fiber Driveline Balance
ALFA-GIORGIO-3547,3956,482.0,0.354,1400.7,Nominal Carbon-Fiber Driveline Balance
ALFA-GIORGIO-3548,3472,455.2,0.266,1463.4,Nominal Carbon-Fiber Driveline Balance
ALFA-GIORGIO-3549,3999,334.6,0.275,1522.1,Nominal Carbon-Fiber Driveline Balance
ALFA-GIORGIO-3550,6069,163.9,0.384,1376.7,Nominal Carbon-Fiber Driveline Balance
ALFA-GIORGIO-3551,7083,426.6,0.414,1380.0,Nominal Carbon-Fiber Driveline Balance
ALFA-GIORGIO-3552,1720,446.4,0.317,1407.4,Nominal Carbon-Fiber Driveline Balance
ALFA-GIORGIO-3553,5019,168.7,0.26,1532.2,Nominal Carbon-Fiber Driveline Balance
ALFA-GIORGIO-3554,4190,203.3,0.286,1469.8,Nominal Carbon-Fiber Driveline Balance
ALFA-GIORGIO-3555,5932,307.1,0.386,1297.7,Nominal Carbon-Fiber Driveline Balance
ALFA-GIORGIO-3556,2036,426.4,0.277,1549.9,Nominal Carbon-Fiber Driveline Balance
ALFA-GIORGIO-3557,6418,379.5,0.447,1227.8,Torsional Resonance Detected / Damper Sizing
ALFA-GIORGIO-3558,5744,224.6,0.309,1461.3,Nominal Carbon-Fiber Driveline Balance
ALFA-GIORGIO-3559,5604,196.9,0.314,1373.0,Nominal Carbon-Fiber Driveline Balance
ALFA-GIORGIO-3560,2692,397.8,0.279,1522.9,Nominal Carbon-Fiber Driveline Balance
ALFA-GIORGIO-3561,4899,277.7,0.314,1378.4,Nominal Carbon-Fiber Driveline Balance
ALFA-GIORGIO-3562,5664,532.0,0.408,1330.3,Nominal Carbon-Fiber Driveline Balance
ALFA-GIORGIO-3563,3211,498.8,0.308,1328.7,Nominal Carbon-Fiber Driveline Balance
ALFA-GIORGIO-3564,6064,343.4,0.354,1331.9,Nominal Carbon-Fiber Driveline Balance
ALFA-GIORGIO-3565,2632,436.3,0.274,1421.9,Nominal Carbon-Fiber Driveline Balance
ALFA-GIORGIO-3566,1790,561.6,0.253,1531.6,Nominal Carbon-Fiber Driveline Balance
ALFA-GIORGIO-3567,6573,573.9,0.485,1196.0,Torsional Resonance Detected / Damper Sizing
ALFA-GIORGIO-3568,1721,272.4,0.229,1543.4,Nominal Carbon-Fiber Driveline Balance
ALFA-GIORGIO-3569,5559,201.6,0.317,1408.3,Nominal Carbon-Fiber Driveline Balance
ALFA-GIORGIO-3570,4149,432.9,0.335,1382.7,Nominal Carbon-Fiber Driveline Balance
ALFA-GIORGIO-3571,2593,190.9,0.169,1651.3,Nominal Carbon-Fiber Driveline Balance
ALFA-GIORGIO-3572,1996,554.0,0.274,1418.6,Nominal Carbon-Fiber Driveline Balance
ALFA-GIORGIO-3573,1747,584.4,0.284,1493.3,Nominal Carbon-Fiber Driveline Balance
ALFA-GIORGIO-3574,3432,540.2,0.251,1503.5,Nominal Carbon-Fiber Driveline Balance
ALFA-GIORGIO-3575,7114,510.8,0.533,1108.5,Torsional Resonance Detected / Damper Sizing
ALFA-GIORGIO-3576,1912,371.4,0.238,1545.9,Nominal Carbon-Fiber Driveline Balance
ALFA-GIORGIO-3577,5085,256.2,0.279,1454.6,Nominal Carbon-Fiber Driveline Balance
ALFA-GIORGIO-3578,2941,347.1,0.274,1493.7,Nominal Carbon-Fiber Driveline Balance
ALFA-GIORGIO-3579,4387,364.4,0.324,1459.3,Nominal Carbon-Fiber Driveline Balance
ALFA-GIORGIO-3580,6340,532.0,0.467,1167.5,Torsional Resonance Detected / Damper Sizing
ALFA-GIORGIO-3581,4560,579.3,0.36,1405.8,Nominal Carbon-Fiber Driveline Balance
ALFA-GIORGIO-3582,6186,351.6,0.382,1326.8,Nominal Carbon-Fiber Driveline Balance
ALFA-GIORGIO-3583,5822,492.4,0.427,1281.5,Torsional Resonance Detected / Damper Sizing
ALFA-GIORGIO-3584,4069,423.1,0.335,1417.6,Nominal Carbon-Fiber Driveline Balance
ALFA-GIORGIO-3585,4050,560.2,0.37,1349.8,Nominal Carbon-Fiber Driveline Balance
ALFA-GIORGIO-3586,2582,282.5,0.245,1522.2,Nominal Carbon-Fiber Driveline Balance
ALFA-GIORGIO-3587,4583,180.3,0.331,1408.5,Nominal Carbon-Fiber Driveline Balance
ALFA-GIORGIO-3588,6626,246.2,0.377,1370.3,Nominal Carbon-Fiber Driveline Balance
ALFA-GIORGIO-3589,4223,483.6,0.398,1355.3,Nominal Carbon-Fiber Driveline Balance
ALFA-GIORGIO-3590,4584,171.6,0.245,1498.4,Nominal Carbon-Fiber Driveline Balance
ALFA-GIORGIO-3591,6672,151.0,0.405,1366.1,Nominal Carbon-Fiber Driveline Balance
ALFA-GIORGIO-3592,3312,466.3,0.262,1493.6,Nominal Carbon-Fiber Driveline Balance
ALFA-GIORGIO-3593,5950,440.0,0.384,1348.8,Nominal Carbon-Fiber Driveline Balance
ALFA-GIORGIO-3594,5954,199.9,0.367,1340.7,Nominal Carbon-Fiber Driveline Balance
ALFA-GIORGIO-3595,5219,535.7,0.476,1255.3,Torsional Resonance Detected / Damper Sizing
ALFA-GIORGIO-3596,6754,190.1,0.361,1343.8,Nominal Carbon-Fiber Driveline Balance
ALFA-GIORGIO-3597,6433,175.4,0.29,1437.8,Nominal Carbon-Fiber Driveline Balance
ALFA-GIORGIO-3598,3823,361.7,0.344,1439.2,Nominal Carbon-Fiber Driveline Balance
ALFA-GIORGIO-3599,5695,566.1,0.414,1244.6,Nominal Carbon-Fiber Driveline Balance
