Road_Event_ID,Pothole_Obstacle_Depth_mm,Vehicle_Speed_kmh,Camera_Lookahead_Time_ms,Damper_Pre_Softening_Force_N,Cabin_Vertical_Impact_G,Ride_Isolation_Score_pct,Suspension_Action
GENESIS-G90-1000,15.7,100.6,537,3271,0.154,95.7,Nominal Magic Carpet Luxury Ride
GENESIS-G90-1001,19.2,48.7,1109,3353,0.184,94.9,Nominal Magic Carpet Luxury Ride
GENESIS-G90-1002,5.0,45.3,1191,3631,0.105,98.4,Nominal Magic Carpet Luxury Ride
GENESIS-G90-1003,5.0,86.4,625,3788,0.14,95.7,Nominal Magic Carpet Luxury Ride
GENESIS-G90-1004,25.7,50.0,1080,3035,0.174,94.3,Nominal Magic Carpet Luxury Ride
GENESIS-G90-1005,5.6,69.6,776,3571,0.111,96.8,Nominal Magic Carpet Luxury Ride
GENESIS-G90-1006,39.9,72.5,745,2795,0.304,95.1,Nominal Magic Carpet Luxury Ride
GENESIS-G90-1007,5.0,105.4,512,3742,0.151,96.0,Nominal Magic Carpet Luxury Ride
GENESIS-G90-1008,5.5,35.6,1517,3678,0.174,98.4,Nominal Magic Carpet Luxury Ride
GENESIS-G90-1009,49.7,76.5,706,2574,0.219,95.5,Pothole Pre-Damping Softening Active
GENESIS-G90-1010,9.2,84.3,640,3563,0.124,97.5,Nominal Magic Carpet Luxury Ride
GENESIS-G90-1011,24.4,82.0,658,3154,0.221,93.2,Nominal Magic Carpet Luxury Ride
GENESIS-G90-1012,26.2,63.5,851,3036,0.178,98.3,Nominal Magic Carpet Luxury Ride
GENESIS-G90-1013,12.8,49.6,1089,3429,0.161,97.0,Nominal Magic Carpet Luxury Ride
GENESIS-G90-1014,19.4,44.0,1228,3378,0.169,95.4,Nominal Magic Carpet Luxury Ride
GENESIS-G90-1015,7.2,60.3,896,3757,0.098,98.0,Nominal Magic Carpet Luxury Ride
GENESIS-G90-1016,5.0,49.2,1097,3835,0.136,94.4,Nominal Magic Carpet Luxury Ride
GENESIS-G90-1017,35.4,85.7,630,2743,0.222,96.0,Nominal Magic Carpet Luxury Ride
GENESIS-G90-1018,5.0,103.5,522,3716,0.131,96.2,Nominal Magic Carpet Luxury Ride
GENESIS-G90-1019,5.0,49.0,1102,3619,0.1,98.8,Nominal Magic Carpet Luxury Ride
GENESIS-G90-1020,25.8,45.0,1200,3153,0.235,96.3,Nominal Magic Carpet Luxury Ride
GENESIS-G90-1021,5.0,59.1,913,3552,0.08,97.5,Nominal Magic Carpet Luxury Ride
GENESIS-G90-1022,35.3,105.0,514,2623,0.211,95.3,Nominal Magic Carpet Luxury Ride
GENESIS-G90-1023,23.7,83.4,647,3223,0.144,97.2,Nominal Magic Carpet Luxury Ride
GENESIS-G90-1024,5.0,44.6,1210,3630,0.18,94.8,Nominal Magic Carpet Luxury Ride
GENESIS-G90-1025,95.0,64.4,838,1200,0.379,93.6,Pothole Pre-Damping Softening Active
GENESIS-G90-1026,5.0,93.7,576,3710,0.118,96.8,Nominal Magic Carpet Luxury Ride
GENESIS-G90-1027,18.5,40.6,1331,3303,0.211,95.0,Nominal Magic Carpet Luxury Ride
GENESIS-G90-1028,8.1,77.8,694,3428,0.119,96.6,Nominal Magic Carpet Luxury Ride
GENESIS-G90-1029,42.7,94.9,569,2654,0.182,94.2,Pothole Pre-Damping Softening Active
GENESIS-G90-1030,34.3,69.1,782,2927,0.201,98.5,Nominal Magic Carpet Luxury Ride
GENESIS-G90-1031,15.5,31.5,1713,3445,0.134,97.5,Nominal Magic Carpet Luxury Ride
GENESIS-G90-1032,20.0,101.0,534,3190,0.203,95.2,Nominal Magic Carpet Luxury Ride
GENESIS-G90-1033,5.0,59.7,905,3713,0.142,97.8,Nominal Magic Carpet Luxury Ride
GENESIS-G90-1034,7.4,40.6,1330,3746,0.159,96.3,Nominal Magic Carpet Luxury Ride
GENESIS-G90-1035,5.0,45.3,1192,3711,0.112,96.7,Nominal Magic Carpet Luxury Ride
GENESIS-G90-1036,47.0,38.2,1415,2543,0.18,94.0,Pothole Pre-Damping Softening Active
GENESIS-G90-1037,18.4,92.8,582,3328,0.16,97.5,Nominal Magic Carpet Luxury Ride
GENESIS-G90-1038,5.0,65.5,825,3568,0.132,97.3,Nominal Magic Carpet Luxury Ride
GENESIS-G90-1039,5.0,32.9,1643,3653,0.114,99.2,Nominal Magic Carpet Luxury Ride
GENESIS-G90-1040,36.1,70.2,770,2949,0.194,95.2,Nominal Magic Carpet Luxury Ride
GENESIS-G90-1041,39.3,54.8,985,2661,0.263,95.2,Nominal Magic Carpet Luxury Ride
GENESIS-G90-1042,15.5,83.3,649,3134,0.175,94.8,Nominal Magic Carpet Luxury Ride
GENESIS-G90-1043,5.9,72.5,745,3330,0.16,94.6,Nominal Magic Carpet Luxury Ride
GENESIS-G90-1044,5.0,54.4,993,3522,0.088,96.2,Nominal Magic Carpet Luxury Ride
GENESIS-G90-1045,10.9,69.9,772,3528,0.141,96.1,Nominal Magic Carpet Luxury Ride
GENESIS-G90-1046,5.0,47.0,1149,3511,0.105,98.6,Nominal Magic Carpet Luxury Ride
GENESIS-G90-1047,66.0,87.7,616,1864,0.327,94.1,Pothole Pre-Damping Softening Active
GENESIS-G90-1048,25.0,57.0,948,3141,0.226,94.7,Nominal Magic Carpet Luxury Ride
GENESIS-G90-1049,16.9,69.0,782,3138,0.163,95.3,Nominal Magic Carpet Luxury Ride
GENESIS-G90-1050,34.5,107.3,503,2621,0.188,94.7,Nominal Magic Carpet Luxury Ride
GENESIS-G90-1051,9.7,53.7,1006,3925,0.14,94.1,Nominal Magic Carpet Luxury Ride
GENESIS-G90-1052,95.0,45.9,1176,1200,0.409,90.6,Pothole Pre-Damping Softening Active
GENESIS-G90-1053,14.8,74.8,722,3625,0.189,95.3,Nominal Magic Carpet Luxury Ride
GENESIS-G90-1054,5.1,84.8,637,3516,0.141,96.7,Nominal Magic Carpet Luxury Ride
GENESIS-G90-1055,10.5,37.5,1440,3392,0.136,97.7,Nominal Magic Carpet Luxury Ride
GENESIS-G90-1056,69.0,86.7,623,2032,0.299,94.7,Pothole Pre-Damping Softening Active
GENESIS-G90-1057,13.8,41.5,1302,3399,0.163,96.6,Nominal Magic Carpet Luxury Ride
GENESIS-G90-1058,12.7,40.9,1321,3508,0.132,98.5,Nominal Magic Carpet Luxury Ride
GENESIS-G90-1059,5.7,37.8,1428,3378,0.154,98.3,Nominal Magic Carpet Luxury Ride
GENESIS-G90-1060,33.8,78.3,690,2775,0.215,94.8,Nominal Magic Carpet Luxury Ride
GENESIS-G90-1061,24.8,52.9,1021,3159,0.205,96.0,Nominal Magic Carpet Luxury Ride
GENESIS-G90-1062,65.2,66.6,811,1805,0.314,93.4,Pothole Pre-Damping Softening Active
GENESIS-G90-1063,42.7,79.1,682,2706,0.224,94.5,Pothole Pre-Damping Softening Active
GENESIS-G90-1064,25.9,92.3,585,2972,0.169,96.0,Nominal Magic Carpet Luxury Ride
GENESIS-G90-1065,29.3,89.4,604,3117,0.204,93.6,Nominal Magic Carpet Luxury Ride
GENESIS-G90-1066,5.0,98.6,548,3613,0.151,95.2,Nominal Magic Carpet Luxury Ride
GENESIS-G90-1067,16.9,32.9,1643,3431,0.167,95.6,Nominal Magic Carpet Luxury Ride
GENESIS-G90-1068,47.8,51.9,1040,2455,0.249,93.1,Pothole Pre-Damping Softening Active
GENESIS-G90-1069,35.7,42.9,1259,2815,0.216,96.5,Nominal Magic Carpet Luxury Ride
GENESIS-G90-1070,21.0,39.2,1376,3164,0.205,95.5,Nominal Magic Carpet Luxury Ride
GENESIS-G90-1071,5.0,45.0,1200,3751,0.151,95.8,Nominal Magic Carpet Luxury Ride
GENESIS-G90-1072,9.0,74.5,725,3726,0.177,94.1,Nominal Magic Carpet Luxury Ride
GENESIS-G90-1073,12.8,64.8,833,3676,0.186,96.4,Nominal Magic Carpet Luxury Ride
GENESIS-G90-1074,93.7,38.4,1406,1200,0.381,93.8,Pothole Pre-Damping Softening Active
GENESIS-G90-1075,5.0,89.8,602,3640,0.126,97.6,Nominal Magic Carpet Luxury Ride
GENESIS-G90-1076,65.7,37.6,1435,2028,0.272,92.5,Pothole Pre-Damping Softening Active
GENESIS-G90-1077,17.6,70.4,767,3366,0.178,97.9,Nominal Magic Carpet Luxury Ride
GENESIS-G90-1078,5.0,36.7,1473,3500,0.156,93.5,Nominal Magic Carpet Luxury Ride
GENESIS-G90-1079,37.6,48.2,1119,2803,0.204,96.4,Nominal Magic Carpet Luxury Ride
GENESIS-G90-1080,5.0,65.1,829,3709,0.098,95.8,Nominal Magic Carpet Luxury Ride
GENESIS-G90-1081,6.2,85.5,632,3800,0.155,97.1,Nominal Magic Carpet Luxury Ride
GENESIS-G90-1082,10.6,86.3,626,3624,0.17,99.2,Nominal Magic Carpet Luxury Ride
GENESIS-G90-1083,6.5,31.4,1721,3736,0.196,96.3,Nominal Magic Carpet Luxury Ride
GENESIS-G90-1084,26.2,40.2,1344,3212,0.178,95.7,Nominal Magic Carpet Luxury Ride
GENESIS-G90-1085,10.6,58.2,928,3618,0.147,97.2,Nominal Magic Carpet Luxury Ride
GENESIS-G90-1086,5.0,57.1,945,3691,0.129,96.9,Nominal Magic Carpet Luxury Ride
GENESIS-G90-1087,29.6,103.6,521,2894,0.248,93.2,Nominal Magic Carpet Luxury Ride
GENESIS-G90-1088,19.0,98.3,549,3191,0.176,95.8,Nominal Magic Carpet Luxury Ride
GENESIS-G90-1089,33.3,40.8,1323,2912,0.274,94.8,Nominal Magic Carpet Luxury Ride
GENESIS-G90-1090,11.2,80.4,671,3514,0.174,98.0,Nominal Magic Carpet Luxury Ride
GENESIS-G90-1091,5.0,72.8,742,3570,0.138,96.6,Nominal Magic Carpet Luxury Ride
GENESIS-G90-1092,52.4,76.4,707,2349,0.244,92.3,Pothole Pre-Damping Softening Active
GENESIS-G90-1093,74.0,102.0,530,1625,0.348,93.2,Pothole Pre-Damping Softening Active
GENESIS-G90-1094,8.1,54.2,997,3632,0.128,99.5,Nominal Magic Carpet Luxury Ride
GENESIS-G90-1095,5.0,104.5,517,3731,0.114,96.5,Nominal Magic Carpet Luxury Ride
GENESIS-G90-1096,58.1,37.5,1439,2095,0.325,94.3,Pothole Pre-Damping Softening Active
GENESIS-G90-1097,31.5,54.2,996,2803,0.212,94.1,Nominal Magic Carpet Luxury Ride
GENESIS-G90-1098,33.8,47.2,1144,2827,0.249,96.1,Nominal Magic Carpet Luxury Ride
GENESIS-G90-1099,11.3,95.9,563,3308,0.14,96.1,Nominal Magic Carpet Luxury Ride
GENESIS-G90-1100,10.4,49.3,1095,3400,0.147,97.0,Nominal Magic Carpet Luxury Ride
GENESIS-G90-1101,19.8,51.9,1040,3199,0.136,98.0,Nominal Magic Carpet Luxury Ride
GENESIS-G90-1102,95.0,41.8,1291,1236,0.378,93.1,Pothole Pre-Damping Softening Active
GENESIS-G90-1103,12.0,41.0,1317,3297,0.147,97.0,Nominal Magic Carpet Luxury Ride
GENESIS-G90-1104,9.5,58.9,917,3580,0.132,96.3,Nominal Magic Carpet Luxury Ride
GENESIS-G90-1105,37.4,91.1,593,2746,0.203,93.2,Nominal Magic Carpet Luxury Ride
GENESIS-G90-1106,21.8,44.3,1220,2974,0.2,94.6,Nominal Magic Carpet Luxury Ride
GENESIS-G90-1107,5.0,36.4,1482,3538,0.119,96.7,Nominal Magic Carpet Luxury Ride
GENESIS-G90-1108,67.4,55.8,967,1814,0.324,92.6,Pothole Pre-Damping Softening Active
GENESIS-G90-1109,5.0,63.5,851,3700,0.108,97.2,Nominal Magic Carpet Luxury Ride
GENESIS-G90-1110,32.4,48.8,1107,3063,0.24,95.5,Nominal Magic Carpet Luxury Ride
GENESIS-G90-1111,5.0,108.2,499,3785,0.179,96.1,Nominal Magic Carpet Luxury Ride
GENESIS-G90-1112,31.8,89.9,600,2784,0.206,95.6,Nominal Magic Carpet Luxury Ride
GENESIS-G90-1113,28.7,38.8,1391,3145,0.237,94.7,Nominal Magic Carpet Luxury Ride
GENESIS-G90-1114,23.3,47.9,1127,3157,0.249,93.4,Nominal Magic Carpet Luxury Ride
GENESIS-G90-1115,5.5,89.7,602,3699,0.146,94.7,Nominal Magic Carpet Luxury Ride
GENESIS-G90-1116,43.0,53.6,1008,2890,0.194,95.5,Pothole Pre-Damping Softening Active
GENESIS-G90-1117,15.7,40.6,1330,3222,0.166,96.9,Nominal Magic Carpet Luxury Ride
GENESIS-G90-1118,28.1,46.5,1161,3027,0.195,93.6,Nominal Magic Carpet Luxury Ride
GENESIS-G90-1119,11.6,62.6,863,3370,0.118,97.5,Nominal Magic Carpet Luxury Ride
GENESIS-G90-1120,60.7,89.0,607,1996,0.272,94.7,Pothole Pre-Damping Softening Active
GENESIS-G90-1121,5.0,81.7,661,3702,0.218,96.1,Nominal Magic Carpet Luxury Ride
GENESIS-G90-1122,5.0,64.0,843,3651,0.131,96.7,Nominal Magic Carpet Luxury Ride
GENESIS-G90-1123,6.6,54.6,989,3733,0.15,96.6,Nominal Magic Carpet Luxury Ride
GENESIS-G90-1124,43.7,82.4,655,2772,0.263,94.4,Pothole Pre-Damping Softening Active
GENESIS-G90-1125,21.8,85.9,629,3236,0.167,96.3,Nominal Magic Carpet Luxury Ride
GENESIS-G90-1126,45.7,63.6,849,2674,0.29,92.1,Pothole Pre-Damping Softening Active
GENESIS-G90-1127,14.3,100.3,539,3205,0.156,95.9,Nominal Magic Carpet Luxury Ride
GENESIS-G90-1128,63.2,106.0,510,2039,0.257,94.2,Pothole Pre-Damping Softening Active
GENESIS-G90-1129,19.3,100.3,538,3206,0.178,96.8,Nominal Magic Carpet Luxury Ride
GENESIS-G90-1130,19.5,49.3,1095,3445,0.097,98.1,Nominal Magic Carpet Luxury Ride
GENESIS-G90-1131,17.7,66.6,811,3377,0.122,97.8,Nominal Magic Carpet Luxury Ride
GENESIS-G90-1132,83.5,67.2,804,1717,0.349,89.1,Pothole Pre-Damping Softening Active
GENESIS-G90-1133,12.6,89.9,601,3632,0.174,95.8,Nominal Magic Carpet Luxury Ride
GENESIS-G90-1134,5.0,90.3,598,3595,0.14,96.4,Nominal Magic Carpet Luxury Ride
GENESIS-G90-1135,95.0,50.9,1062,1200,0.406,92.7,Pothole Pre-Damping Softening Active
GENESIS-G90-1136,5.0,109.7,492,3684,0.109,97.0,Nominal Magic Carpet Luxury Ride
GENESIS-G90-1137,15.7,53.6,1008,3477,0.167,97.0,Nominal Magic Carpet Luxury Ride
GENESIS-G90-1138,6.2,52.1,1036,3524,0.128,98.0,Nominal Magic Carpet Luxury Ride
GENESIS-G90-1139,95.0,30.1,1796,1200,0.42,89.0,Pothole Pre-Damping Softening Active
GENESIS-G90-1140,32.3,99.8,541,2709,0.214,94.9,Nominal Magic Carpet Luxury Ride
GENESIS-G90-1141,21.7,30.1,1794,3271,0.147,96.0,Nominal Magic Carpet Luxury Ride
GENESIS-G90-1142,5.0,88.4,611,3546,0.124,95.0,Nominal Magic Carpet Luxury Ride
GENESIS-G90-1143,13.7,71.8,753,3378,0.187,96.7,Nominal Magic Carpet Luxury Ride
GENESIS-G90-1144,5.0,70.2,769,3795,0.159,98.1,Nominal Magic Carpet Luxury Ride
GENESIS-G90-1145,75.6,42.6,1267,1673,0.287,94.3,Pothole Pre-Damping Softening Active
GENESIS-G90-1146,12.7,80.7,670,3493,0.188,95.4,Nominal Magic Carpet Luxury Ride
GENESIS-G90-1147,58.4,85.2,634,2117,0.266,96.1,Pothole Pre-Damping Softening Active
GENESIS-G90-1148,30.1,40.1,1347,3027,0.197,96.2,Nominal Magic Carpet Luxury Ride
GENESIS-G90-1149,57.5,57.7,936,2375,0.253,94.8,Pothole Pre-Damping Softening Active
GENESIS-G90-1150,18.5,44.5,1213,3169,0.173,95.8,Nominal Magic Carpet Luxury Ride
GENESIS-G90-1151,14.2,106.7,506,3367,0.125,98.5,Nominal Magic Carpet Luxury Ride
GENESIS-G90-1152,9.8,100.5,538,3349,0.144,95.8,Nominal Magic Carpet Luxury Ride
GENESIS-G90-1153,48.7,64.0,844,2293,0.265,94.6,Pothole Pre-Damping Softening Active
GENESIS-G90-1154,6.9,90.0,600,3430,0.144,95.9,Nominal Magic Carpet Luxury Ride
GENESIS-G90-1155,69.4,32.9,1642,2043,0.304,94.7,Pothole Pre-Damping Softening Active
GENESIS-G90-1156,5.8,56.4,957,3597,0.113,96.0,Nominal Magic Carpet Luxury Ride
GENESIS-G90-1157,15.7,90.1,599,3380,0.188,93.4,Nominal Magic Carpet Luxury Ride
GENESIS-G90-1158,5.0,39.0,1383,3715,0.148,96.8,Nominal Magic Carpet Luxury Ride
GENESIS-G90-1159,5.0,103.7,521,3666,0.124,98.9,Nominal Magic Carpet Luxury Ride
GENESIS-G90-1160,40.1,58.8,918,2421,0.257,93.2,Pothole Pre-Damping Softening Active
GENESIS-G90-1161,25.7,35.3,1532,2958,0.193,96.3,Nominal Magic Carpet Luxury Ride
GENESIS-G90-1162,25.2,95.4,566,2985,0.199,96.2,Nominal Magic Carpet Luxury Ride
GENESIS-G90-1163,9.5,83.7,645,3443,0.171,93.9,Nominal Magic Carpet Luxury Ride
GENESIS-G90-1164,5.9,53.5,1010,3587,0.121,94.8,Nominal Magic Carpet Luxury Ride
GENESIS-G90-1165,37.1,62.7,862,2698,0.219,95.8,Nominal Magic Carpet Luxury Ride
GENESIS-G90-1166,17.1,107.9,501,3257,0.174,95.5,Nominal Magic Carpet Luxury Ride
GENESIS-G90-1167,31.1,42.8,1262,2793,0.211,95.5,Nominal Magic Carpet Luxury Ride
GENESIS-G90-1168,22.5,86.9,621,3120,0.186,94.2,Nominal Magic Carpet Luxury Ride
GENESIS-G90-1169,9.0,103.6,521,3639,0.217,95.3,Nominal Magic Carpet Luxury Ride
GENESIS-G90-1170,18.8,98.0,551,3197,0.165,96.0,Nominal Magic Carpet Luxury Ride
GENESIS-G90-1171,23.1,30.4,1776,3102,0.212,94.5,Nominal Magic Carpet Luxury Ride
GENESIS-G90-1172,43.1,95.7,564,2542,0.202,94.4,Pothole Pre-Damping Softening Active
GENESIS-G90-1173,6.1,99.2,544,3737,0.173,94.8,Nominal Magic Carpet Luxury Ride
GENESIS-G90-1174,25.2,31.0,1741,2862,0.196,93.9,Nominal Magic Carpet Luxury Ride
GENESIS-G90-1175,12.0,70.3,768,3557,0.1,97.8,Nominal Magic Carpet Luxury Ride
GENESIS-G90-1176,6.5,106.0,509,3585,0.134,95.7,Nominal Magic Carpet Luxury Ride
GENESIS-G90-1177,8.3,80.6,670,3746,0.116,96.1,Nominal Magic Carpet Luxury Ride
GENESIS-G90-1178,13.5,61.2,882,3497,0.147,97.0,Nominal Magic Carpet Luxury Ride
GENESIS-G90-1179,13.5,45.1,1197,3554,0.215,95.3,Nominal Magic Carpet Luxury Ride
GENESIS-G90-1180,25.5,62.4,866,2805,0.204,96.2,Nominal Magic Carpet Luxury Ride
GENESIS-G90-1181,9.7,96.6,559,3533,0.173,96.5,Nominal Magic Carpet Luxury Ride
GENESIS-G90-1182,76.5,58.8,919,1630,0.315,93.1,Pothole Pre-Damping Softening Active
GENESIS-G90-1183,12.3,37.1,1454,3600,0.145,98.1,Nominal Magic Carpet Luxury Ride
GENESIS-G90-1184,5.0,98.2,550,3615,0.105,97.0,Nominal Magic Carpet Luxury Ride
GENESIS-G90-1185,28.4,75.8,712,3292,0.158,95.9,Nominal Magic Carpet Luxury Ride
GENESIS-G90-1186,17.8,100.3,538,3127,0.122,95.7,Nominal Magic Carpet Luxury Ride
GENESIS-G90-1187,14.7,83.7,645,3383,0.159,97.7,Nominal Magic Carpet Luxury Ride
GENESIS-G90-1188,35.2,96.7,559,2708,0.247,94.1,Nominal Magic Carpet Luxury Ride
GENESIS-G90-1189,6.7,97.2,556,3549,0.081,97.5,Nominal Magic Carpet Luxury Ride
GENESIS-G90-1190,24.2,65.1,829,3009,0.186,96.1,Nominal Magic Carpet Luxury Ride
GENESIS-G90-1191,25.2,43.0,1256,3176,0.201,94.5,Nominal Magic Carpet Luxury Ride
GENESIS-G90-1192,12.9,105.1,514,3395,0.13,98.4,Nominal Magic Carpet Luxury Ride
GENESIS-G90-1193,12.2,36.4,1482,3346,0.19,95.3,Nominal Magic Carpet Luxury Ride
GENESIS-G90-1194,51.6,82.2,657,2323,0.204,94.9,Pothole Pre-Damping Softening Active
GENESIS-G90-1195,25.7,95.6,565,3221,0.178,96.1,Nominal Magic Carpet Luxury Ride
GENESIS-G90-1196,64.3,74.7,723,1985,0.341,92.0,Pothole Pre-Damping Softening Active
GENESIS-G90-1197,30.2,50.4,1072,3076,0.156,93.5,Nominal Magic Carpet Luxury Ride
GENESIS-G90-1198,10.0,57.1,946,3563,0.13,97.8,Nominal Magic Carpet Luxury Ride
GENESIS-G90-1199,25.8,81.8,660,3008,0.226,95.0,Nominal Magic Carpet Luxury Ride
GENESIS-G90-1200,7.4,103.7,521,3723,0.133,98.6,Nominal Magic Carpet Luxury Ride
GENESIS-G90-1201,18.6,42.9,1258,3160,0.17,96.0,Nominal Magic Carpet Luxury Ride
GENESIS-G90-1202,8.5,70.7,764,3732,0.084,98.9,Nominal Magic Carpet Luxury Ride
GENESIS-G90-1203,8.7,56.3,959,3465,0.133,96.7,Nominal Magic Carpet Luxury Ride
GENESIS-G90-1204,14.5,52.4,1030,3538,0.151,96.7,Nominal Magic Carpet Luxury Ride
GENESIS-G90-1205,23.6,91.8,588,3107,0.176,94.0,Nominal Magic Carpet Luxury Ride
GENESIS-G90-1206,16.2,51.8,1043,3383,0.146,95.8,Nominal Magic Carpet Luxury Ride
GENESIS-G90-1207,17.3,101.2,534,3267,0.23,94.6,Nominal Magic Carpet Luxury Ride
GENESIS-G90-1208,21.3,41.2,1309,3010,0.144,96.3,Nominal Magic Carpet Luxury Ride
GENESIS-G90-1209,5.0,83.0,651,3747,0.133,94.6,Nominal Magic Carpet Luxury Ride
GENESIS-G90-1210,5.0,86.0,628,3690,0.198,95.2,Nominal Magic Carpet Luxury Ride
GENESIS-G90-1211,5.0,47.7,1132,3544,0.176,96.7,Nominal Magic Carpet Luxury Ride
GENESIS-G90-1212,42.5,92.4,584,2596,0.223,94.2,Pothole Pre-Damping Softening Active
GENESIS-G90-1213,11.4,93.5,577,3557,0.143,96.1,Nominal Magic Carpet Luxury Ride
GENESIS-G90-1214,37.2,102.6,526,2553,0.265,95.3,Nominal Magic Carpet Luxury Ride
GENESIS-G90-1215,12.2,81.5,662,3195,0.172,97.4,Nominal Magic Carpet Luxury Ride
GENESIS-G90-1216,5.0,40.2,1342,3589,0.094,96.6,Nominal Magic Carpet Luxury Ride
GENESIS-G90-1217,26.0,98.7,547,3066,0.157,94.5,Nominal Magic Carpet Luxury Ride
GENESIS-G90-1218,5.5,99.0,546,3675,0.119,96.2,Nominal Magic Carpet Luxury Ride
GENESIS-G90-1219,14.9,90.0,600,3382,0.19,94.1,Nominal Magic Carpet Luxury Ride
GENESIS-G90-1220,63.5,81.3,664,1867,0.303,92.3,Pothole Pre-Damping Softening Active
GENESIS-G90-1221,44.1,47.3,1141,2585,0.252,94.7,Pothole Pre-Damping Softening Active
GENESIS-G90-1222,24.5,94.5,571,3051,0.126,98.7,Nominal Magic Carpet Luxury Ride
GENESIS-G90-1223,10.8,45.9,1176,3478,0.09,99.5,Nominal Magic Carpet Luxury Ride
GENESIS-G90-1224,11.4,41.9,1289,3432,0.16,93.8,Nominal Magic Carpet Luxury Ride
GENESIS-G90-1225,11.3,47.7,1133,3481,0.158,96.5,Nominal Magic Carpet Luxury Ride
GENESIS-G90-1226,5.0,67.9,795,3631,0.168,95.8,Nominal Magic Carpet Luxury Ride
GENESIS-G90-1227,46.4,62.7,861,2634,0.238,95.1,Pothole Pre-Damping Softening Active
GENESIS-G90-1228,5.0,105.4,512,3587,0.106,98.7,Nominal Magic Carpet Luxury Ride
GENESIS-G90-1229,5.5,52.9,1020,3720,0.164,95.9,Nominal Magic Carpet Luxury Ride
GENESIS-G90-1230,5.0,53.2,1015,3482,0.155,97.7,Nominal Magic Carpet Luxury Ride
GENESIS-G90-1231,23.8,99.2,545,3116,0.194,96.6,Nominal Magic Carpet Luxury Ride
GENESIS-G90-1232,43.3,40.8,1324,2736,0.259,94.3,Pothole Pre-Damping Softening Active
GENESIS-G90-1233,5.0,89.1,606,3762,0.12,98.2,Nominal Magic Carpet Luxury Ride
GENESIS-G90-1234,61.5,100.1,539,1997,0.268,93.6,Pothole Pre-Damping Softening Active
GENESIS-G90-1235,38.3,87.3,618,2850,0.167,96.9,Nominal Magic Carpet Luxury Ride
GENESIS-G90-1236,43.4,35.1,1540,2673,0.26,95.7,Pothole Pre-Damping Softening Active
GENESIS-G90-1237,12.4,46.6,1158,3491,0.152,97.1,Nominal Magic Carpet Luxury Ride
GENESIS-G90-1238,93.0,72.3,747,1245,0.363,87.7,Pothole Pre-Damping Softening Active
GENESIS-G90-1239,42.8,33.7,1601,2547,0.284,93.4,Pothole Pre-Damping Softening Active
GENESIS-G90-1240,64.9,108.5,498,1918,0.261,95.7,Pothole Pre-Damping Softening Active
GENESIS-G90-1241,5.0,45.3,1192,3660,0.181,94.7,Nominal Magic Carpet Luxury Ride
GENESIS-G90-1242,26.2,42.7,1264,3165,0.206,96.1,Nominal Magic Carpet Luxury Ride
GENESIS-G90-1243,6.6,43.7,1237,3518,0.156,96.2,Nominal Magic Carpet Luxury Ride
GENESIS-G90-1244,9.6,99.1,545,3345,0.147,96.8,Nominal Magic Carpet Luxury Ride
GENESIS-G90-1245,15.2,105.4,512,3399,0.172,96.9,Nominal Magic Carpet Luxury Ride
GENESIS-G90-1246,5.0,70.6,765,3646,0.133,94.8,Nominal Magic Carpet Luxury Ride
GENESIS-G90-1247,86.1,99.6,542,1460,0.339,94.8,Pothole Pre-Damping Softening Active
GENESIS-G90-1248,5.0,46.7,1156,3694,0.156,95.8,Nominal Magic Carpet Luxury Ride
GENESIS-G90-1249,5.0,78.7,687,3654,0.139,96.6,Nominal Magic Carpet Luxury Ride
GENESIS-G90-1250,20.4,35.4,1524,3114,0.218,95.0,Nominal Magic Carpet Luxury Ride
GENESIS-G90-1251,7.8,43.4,1245,3471,0.156,95.2,Nominal Magic Carpet Luxury Ride
GENESIS-G90-1252,5.0,35.0,1542,3537,0.083,96.7,Nominal Magic Carpet Luxury Ride
GENESIS-G90-1253,5.0,79.3,681,3737,0.148,99.5,Nominal Magic Carpet Luxury Ride
GENESIS-G90-1254,14.8,90.4,598,3467,0.134,98.0,Nominal Magic Carpet Luxury Ride
GENESIS-G90-1255,33.5,69.3,780,2948,0.214,94.0,Nominal Magic Carpet Luxury Ride
GENESIS-G90-1256,6.6,104.7,516,3634,0.11,95.8,Nominal Magic Carpet Luxury Ride
GENESIS-G90-1257,69.2,51.8,1042,1799,0.285,93.9,Pothole Pre-Damping Softening Active
GENESIS-G90-1258,62.2,46.1,1171,2048,0.251,93.6,Pothole Pre-Damping Softening Active
GENESIS-G90-1259,64.8,31.3,1724,1879,0.284,92.8,Pothole Pre-Damping Softening Active
GENESIS-G90-1260,16.6,48.2,1121,3300,0.154,94.8,Nominal Magic Carpet Luxury Ride
GENESIS-G90-1261,16.1,58.6,921,3379,0.152,97.5,Nominal Magic Carpet Luxury Ride
GENESIS-G90-1262,16.2,100.4,538,3605,0.183,93.2,Nominal Magic Carpet Luxury Ride
GENESIS-G90-1263,32.4,44.4,1217,3132,0.209,94.5,Nominal Magic Carpet Luxury Ride
GENESIS-G90-1264,18.4,33.2,1625,3270,0.204,95.7,Nominal Magic Carpet Luxury Ride
GENESIS-G90-1265,16.1,51.5,1048,3323,0.168,97.4,Nominal Magic Carpet Luxury Ride
GENESIS-G90-1266,7.8,106.7,506,3545,0.12,98.3,Nominal Magic Carpet Luxury Ride
GENESIS-G90-1267,14.2,97.0,557,3394,0.155,96.0,Nominal Magic Carpet Luxury Ride
GENESIS-G90-1268,5.0,36.5,1480,3660,0.164,94.0,Nominal Magic Carpet Luxury Ride
GENESIS-G90-1269,40.9,88.2,613,2724,0.232,95.1,Pothole Pre-Damping Softening Active
GENESIS-G90-1270,87.8,45.2,1196,1260,0.319,91.6,Pothole Pre-Damping Softening Active
GENESIS-G90-1271,24.9,69.4,778,3363,0.197,96.6,Nominal Magic Carpet Luxury Ride
GENESIS-G90-1272,50.7,90.3,598,2586,0.208,95.3,Pothole Pre-Damping Softening Active
GENESIS-G90-1273,5.0,96.5,560,3742,0.165,97.0,Nominal Magic Carpet Luxury Ride
GENESIS-G90-1274,5.0,85.5,632,3648,0.133,96.9,Nominal Magic Carpet Luxury Ride
GENESIS-G90-1275,10.7,68.9,784,3398,0.164,96.0,Nominal Magic Carpet Luxury Ride
GENESIS-G90-1276,13.4,40.5,1334,3551,0.154,96.3,Nominal Magic Carpet Luxury Ride
GENESIS-G90-1277,18.6,100.0,540,3544,0.18,94.5,Nominal Magic Carpet Luxury Ride
GENESIS-G90-1278,18.6,67.3,803,3199,0.181,92.6,Nominal Magic Carpet Luxury Ride
GENESIS-G90-1279,36.9,70.4,767,2631,0.251,95.7,Nominal Magic Carpet Luxury Ride
GENESIS-G90-1280,42.5,48.4,1115,2716,0.229,95.9,Pothole Pre-Damping Softening Active
GENESIS-G90-1281,10.1,46.7,1156,3383,0.16,97.1,Nominal Magic Carpet Luxury Ride
GENESIS-G90-1282,5.0,58.8,919,3548,0.131,95.6,Nominal Magic Carpet Luxury Ride
GENESIS-G90-1283,11.7,106.5,507,3463,0.153,96.0,Nominal Magic Carpet Luxury Ride
GENESIS-G90-1284,44.0,82.5,655,2670,0.213,93.9,Pothole Pre-Damping Softening Active
GENESIS-G90-1285,32.5,69.3,779,2677,0.175,95.1,Nominal Magic Carpet Luxury Ride
GENESIS-G90-1286,11.9,84.4,639,3331,0.179,95.5,Nominal Magic Carpet Luxury Ride
GENESIS-G90-1287,5.0,104.0,519,3601,0.179,93.2,Nominal Magic Carpet Luxury Ride
GENESIS-G90-1288,43.1,31.7,1705,2736,0.215,95.6,Pothole Pre-Damping Softening Active
GENESIS-G90-1289,26.6,59.7,905,3097,0.19,94.1,Nominal Magic Carpet Luxury Ride
GENESIS-G90-1290,30.6,76.9,702,2775,0.188,94.7,Nominal Magic Carpet Luxury Ride
GENESIS-G90-1291,13.9,90.6,596,3441,0.2,94.6,Nominal Magic Carpet Luxury Ride
GENESIS-G90-1292,11.6,102.3,528,3525,0.227,96.5,Nominal Magic Carpet Luxury Ride
GENESIS-G90-1293,37.8,65.6,823,2707,0.187,96.3,Nominal Magic Carpet Luxury Ride
GENESIS-G90-1294,9.4,60.6,891,3585,0.136,97.2,Nominal Magic Carpet Luxury Ride
GENESIS-G90-1295,8.5,61.7,875,3687,0.137,94.7,Nominal Magic Carpet Luxury Ride
GENESIS-G90-1296,8.6,97.2,555,3568,0.175,97.4,Nominal Magic Carpet Luxury Ride
GENESIS-G90-1297,17.3,93.3,579,3126,0.19,95.9,Nominal Magic Carpet Luxury Ride
GENESIS-G90-1298,5.0,75.0,720,3726,0.094,95.7,Nominal Magic Carpet Luxury Ride
GENESIS-G90-1299,19.8,88.1,613,3292,0.166,97.2,Nominal Magic Carpet Luxury Ride
GENESIS-G90-1300,17.8,50.7,1065,3139,0.158,95.5,Nominal Magic Carpet Luxury Ride
GENESIS-G90-1301,5.0,96.2,561,3541,0.171,97.1,Nominal Magic Carpet Luxury Ride
GENESIS-G90-1302,5.3,72.7,743,3599,0.08,94.9,Nominal Magic Carpet Luxury Ride
GENESIS-G90-1303,25.4,76.2,708,3097,0.205,93.2,Nominal Magic Carpet Luxury Ride
GENESIS-G90-1304,5.0,46.5,1162,3638,0.196,94.9,Nominal Magic Carpet Luxury Ride
GENESIS-G90-1305,6.7,51.4,1050,3688,0.08,95.9,Nominal Magic Carpet Luxury Ride
GENESIS-G90-1306,95.0,76.0,711,1290,0.397,92.5,Pothole Pre-Damping Softening Active
GENESIS-G90-1307,14.4,83.0,650,3344,0.155,96.2,Nominal Magic Carpet Luxury Ride
GENESIS-G90-1308,20.1,51.7,1045,3229,0.158,97.5,Nominal Magic Carpet Luxury Ride
GENESIS-G90-1309,19.8,56.4,958,3189,0.163,94.7,Nominal Magic Carpet Luxury Ride
GENESIS-G90-1310,37.0,64.5,837,2907,0.216,95.0,Nominal Magic Carpet Luxury Ride
GENESIS-G90-1311,38.4,95.7,564,2757,0.233,93.9,Nominal Magic Carpet Luxury Ride
GENESIS-G90-1312,5.0,75.5,715,3792,0.17,93.0,Nominal Magic Carpet Luxury Ride
GENESIS-G90-1313,15.3,96.8,558,3359,0.182,94.8,Nominal Magic Carpet Luxury Ride
GENESIS-G90-1314,57.8,62.7,861,2298,0.264,93.1,Pothole Pre-Damping Softening Active
GENESIS-G90-1315,8.2,109.4,494,3546,0.171,97.1,Nominal Magic Carpet Luxury Ride
GENESIS-G90-1316,48.0,69.0,782,2448,0.259,94.3,Pothole Pre-Damping Softening Active
GENESIS-G90-1317,19.2,76.4,706,3389,0.182,96.7,Nominal Magic Carpet Luxury Ride
GENESIS-G90-1318,14.8,63.7,848,3334,0.157,96.6,Nominal Magic Carpet Luxury Ride
GENESIS-G90-1319,11.7,44.9,1204,3436,0.128,98.1,Nominal Magic Carpet Luxury Ride
GENESIS-G90-1320,5.0,40.9,1321,3504,0.147,96.6,Nominal Magic Carpet Luxury Ride
GENESIS-G90-1321,5.0,105.1,514,3371,0.108,96.3,Nominal Magic Carpet Luxury Ride
GENESIS-G90-1322,40.7,34.8,1551,2679,0.306,93.6,Pothole Pre-Damping Softening Active
GENESIS-G90-1323,12.1,73.4,736,3581,0.173,94.9,Nominal Magic Carpet Luxury Ride
GENESIS-G90-1324,81.3,76.4,707,1693,0.342,92.3,Pothole Pre-Damping Softening Active
GENESIS-G90-1325,20.1,36.8,1468,3250,0.153,95.5,Nominal Magic Carpet Luxury Ride
GENESIS-G90-1326,79.2,64.1,842,1643,0.37,92.1,Pothole Pre-Damping Softening Active
GENESIS-G90-1327,9.7,33.0,1638,3236,0.162,96.6,Nominal Magic Carpet Luxury Ride
GENESIS-G90-1328,51.4,80.8,668,2283,0.242,94.5,Pothole Pre-Damping Softening Active
GENESIS-G90-1329,73.4,66.5,812,1817,0.375,92.1,Pothole Pre-Damping Softening Active
GENESIS-G90-1330,19.3,60.0,900,3504,0.144,95.0,Nominal Magic Carpet Luxury Ride
GENESIS-G90-1331,14.0,91.7,589,3422,0.196,95.3,Nominal Magic Carpet Luxury Ride
GENESIS-G90-1332,28.6,39.3,1375,3018,0.141,98.3,Nominal Magic Carpet Luxury Ride
GENESIS-G90-1333,10.9,78.2,690,3407,0.225,95.0,Nominal Magic Carpet Luxury Ride
GENESIS-G90-1334,16.5,76.9,702,3246,0.111,97.4,Nominal Magic Carpet Luxury Ride
GENESIS-G90-1335,48.5,66.9,807,2450,0.165,93.9,Pothole Pre-Damping Softening Active
GENESIS-G90-1336,16.3,108.5,498,3255,0.19,93.3,Nominal Magic Carpet Luxury Ride
GENESIS-G90-1337,51.8,85.2,634,2512,0.28,93.9,Pothole Pre-Damping Softening Active
GENESIS-G90-1338,7.3,70.9,761,3632,0.129,98.0,Nominal Magic Carpet Luxury Ride
GENESIS-G90-1339,5.3,60.2,897,3668,0.142,97.5,Nominal Magic Carpet Luxury Ride
GENESIS-G90-1340,30.7,103.9,520,2979,0.21,95.5,Nominal Magic Carpet Luxury Ride
GENESIS-G90-1341,8.1,47.4,1139,3499,0.145,96.1,Nominal Magic Carpet Luxury Ride
GENESIS-G90-1342,5.0,88.4,611,3684,0.142,96.0,Nominal Magic Carpet Luxury Ride
GENESIS-G90-1343,36.8,79.0,683,2702,0.194,94.4,Nominal Magic Carpet Luxury Ride
GENESIS-G90-1344,7.0,69.9,773,3647,0.188,93.5,Nominal Magic Carpet Luxury Ride
GENESIS-G90-1345,5.2,35.0,1542,3718,0.14,95.9,Nominal Magic Carpet Luxury Ride
GENESIS-G90-1346,29.3,72.1,749,3012,0.221,96.0,Nominal Magic Carpet Luxury Ride
GENESIS-G90-1347,18.3,96.8,558,3160,0.128,94.6,Nominal Magic Carpet Luxury Ride
GENESIS-G90-1348,5.0,96.0,563,3597,0.14,95.3,Nominal Magic Carpet Luxury Ride
GENESIS-G90-1349,18.6,53.4,1012,3283,0.174,96.5,Nominal Magic Carpet Luxury Ride
GENESIS-G90-1350,5.0,58.0,930,3649,0.161,96.2,Nominal Magic Carpet Luxury Ride
GENESIS-G90-1351,11.0,102.6,526,3556,0.158,95.0,Nominal Magic Carpet Luxury Ride
GENESIS-G90-1352,11.2,86.4,625,3490,0.148,98.1,Nominal Magic Carpet Luxury Ride
GENESIS-G90-1353,12.0,108.5,498,3479,0.121,96.7,Nominal Magic Carpet Luxury Ride
GENESIS-G90-1354,45.2,84.4,640,2411,0.246,95.5,Pothole Pre-Damping Softening Active
GENESIS-G90-1355,28.7,57.2,945,3161,0.203,95.2,Nominal Magic Carpet Luxury Ride
GENESIS-G90-1356,36.1,48.0,1126,2905,0.199,96.3,Nominal Magic Carpet Luxury Ride
GENESIS-G90-1357,6.0,82.6,654,3607,0.123,95.6,Nominal Magic Carpet Luxury Ride
GENESIS-G90-1358,12.3,91.0,593,3545,0.123,96.7,Nominal Magic Carpet Luxury Ride
GENESIS-G90-1359,12.0,79.0,683,3381,0.171,95.5,Nominal Magic Carpet Luxury Ride
GENESIS-G90-1360,10.9,109.3,494,3621,0.094,98.4,Nominal Magic Carpet Luxury Ride
GENESIS-G90-1361,11.6,82.3,656,3795,0.142,96.6,Nominal Magic Carpet Luxury Ride
GENESIS-G90-1362,46.1,44.6,1210,2479,0.242,94.0,Pothole Pre-Damping Softening Active
GENESIS-G90-1363,17.3,46.5,1162,3329,0.151,95.2,Nominal Magic Carpet Luxury Ride
GENESIS-G90-1364,14.3,79.8,677,3494,0.174,94.8,Nominal Magic Carpet Luxury Ride
GENESIS-G90-1365,73.8,75.1,719,1564,0.354,92.8,Pothole Pre-Damping Softening Active
GENESIS-G90-1366,10.9,46.0,1174,3447,0.154,97.4,Nominal Magic Carpet Luxury Ride
GENESIS-G90-1367,5.0,56.6,953,3653,0.158,97.0,Nominal Magic Carpet Luxury Ride
GENESIS-G90-1368,28.9,67.6,799,3067,0.233,93.8,Nominal Magic Carpet Luxury Ride
GENESIS-G90-1369,14.9,30.6,1766,3378,0.155,96.9,Nominal Magic Carpet Luxury Ride
GENESIS-G90-1370,14.0,96.8,558,3592,0.143,96.1,Nominal Magic Carpet Luxury Ride
GENESIS-G90-1371,9.2,86.5,624,3619,0.15,96.2,Nominal Magic Carpet Luxury Ride
GENESIS-G90-1372,49.0,105.6,511,2460,0.264,92.4,Pothole Pre-Damping Softening Active
GENESIS-G90-1373,16.5,30.5,1768,3277,0.156,95.1,Nominal Magic Carpet Luxury Ride
GENESIS-G90-1374,31.1,84.9,636,2906,0.159,95.8,Nominal Magic Carpet Luxury Ride
GENESIS-G90-1375,15.1,59.1,914,3293,0.201,96.2,Nominal Magic Carpet Luxury Ride
GENESIS-G90-1376,18.3,72.0,750,3329,0.196,96.0,Nominal Magic Carpet Luxury Ride
GENESIS-G90-1377,40.8,38.7,1395,2535,0.316,94.3,Pothole Pre-Damping Softening Active
GENESIS-G90-1378,22.8,60.6,891,3302,0.137,96.5,Nominal Magic Carpet Luxury Ride
GENESIS-G90-1379,38.9,96.1,562,2648,0.245,93.0,Nominal Magic Carpet Luxury Ride
GENESIS-G90-1380,6.7,88.3,612,3509,0.183,96.8,Nominal Magic Carpet Luxury Ride
GENESIS-G90-1381,5.0,77.3,698,3679,0.102,97.3,Nominal Magic Carpet Luxury Ride
GENESIS-G90-1382,19.8,61.3,881,3321,0.127,95.0,Nominal Magic Carpet Luxury Ride
GENESIS-G90-1383,53.6,49.6,1088,2373,0.332,94.0,Pothole Pre-Damping Softening Active
GENESIS-G90-1384,12.4,61.5,878,3258,0.118,95.8,Nominal Magic Carpet Luxury Ride
GENESIS-G90-1385,31.1,77.5,697,3098,0.222,94.1,Nominal Magic Carpet Luxury Ride
GENESIS-G90-1386,65.0,89.8,601,2077,0.335,92.3,Pothole Pre-Damping Softening Active
GENESIS-G90-1387,48.4,66.8,809,2551,0.221,92.8,Pothole Pre-Damping Softening Active
GENESIS-G90-1388,6.3,30.1,1794,3500,0.153,97.4,Nominal Magic Carpet Luxury Ride
GENESIS-G90-1389,14.7,83.0,651,3275,0.141,95.9,Nominal Magic Carpet Luxury Ride
GENESIS-G90-1390,56.6,75.2,718,2158,0.299,92.8,Pothole Pre-Damping Softening Active
GENESIS-G90-1391,10.7,38.9,1388,3603,0.205,97.3,Nominal Magic Carpet Luxury Ride
GENESIS-G90-1392,28.0,56.5,955,2782,0.185,93.6,Nominal Magic Carpet Luxury Ride
GENESIS-G90-1393,5.0,86.7,623,3574,0.159,96.6,Nominal Magic Carpet Luxury Ride
GENESIS-G90-1394,95.0,66.3,815,1200,0.428,91.1,Pothole Pre-Damping Softening Active
GENESIS-G90-1395,15.5,31.5,1713,3367,0.089,98.8,Nominal Magic Carpet Luxury Ride
GENESIS-G90-1396,6.9,53.2,1016,3753,0.204,94.1,Nominal Magic Carpet Luxury Ride
GENESIS-G90-1397,31.1,97.4,554,3006,0.193,96.3,Nominal Magic Carpet Luxury Ride
GENESIS-G90-1398,22.1,87.3,618,3290,0.171,95.9,Nominal Magic Carpet Luxury Ride
GENESIS-G90-1399,26.1,98.1,551,3103,0.172,97.6,Nominal Magic Carpet Luxury Ride
GENESIS-G90-1400,5.0,51.5,1048,3747,0.141,96.4,Nominal Magic Carpet Luxury Ride
GENESIS-G90-1401,5.0,71.0,760,3648,0.08,99.5,Nominal Magic Carpet Luxury Ride
GENESIS-G90-1402,69.0,62.4,866,1764,0.337,92.9,Pothole Pre-Damping Softening Active
GENESIS-G90-1403,6.6,94.3,572,3675,0.115,99.5,Nominal Magic Carpet Luxury Ride
GENESIS-G90-1404,92.3,40.9,1322,1200,0.318,91.0,Pothole Pre-Damping Softening Active
GENESIS-G90-1405,7.1,82.1,658,3676,0.126,98.9,Nominal Magic Carpet Luxury Ride
GENESIS-G90-1406,5.0,51.5,1048,3651,0.091,98.9,Nominal Magic Carpet Luxury Ride
GENESIS-G90-1407,12.5,32.2,1678,3387,0.151,95.9,Nominal Magic Carpet Luxury Ride
GENESIS-G90-1408,6.8,74.7,723,3587,0.115,98.4,Nominal Magic Carpet Luxury Ride
GENESIS-G90-1409,10.3,57.0,948,3497,0.124,98.0,Nominal Magic Carpet Luxury Ride
GENESIS-G90-1410,64.3,104.9,515,1930,0.287,95.2,Pothole Pre-Damping Softening Active
GENESIS-G90-1411,30.2,44.8,1206,2786,0.229,95.6,Nominal Magic Carpet Luxury Ride
GENESIS-G90-1412,28.4,51.6,1046,3048,0.19,96.2,Nominal Magic Carpet Luxury Ride
GENESIS-G90-1413,6.4,83.2,649,3743,0.133,95.7,Nominal Magic Carpet Luxury Ride
GENESIS-G90-1414,5.4,49.5,1092,3498,0.117,95.3,Nominal Magic Carpet Luxury Ride
GENESIS-G90-1415,45.6,104.5,517,2567,0.218,96.1,Pothole Pre-Damping Softening Active
GENESIS-G90-1416,7.9,82.3,656,3435,0.181,96.3,Nominal Magic Carpet Luxury Ride
GENESIS-G90-1417,37.5,108.7,497,2817,0.209,92.7,Nominal Magic Carpet Luxury Ride
GENESIS-G90-1418,26.4,94.7,570,3069,0.24,95.7,Nominal Magic Carpet Luxury Ride
GENESIS-G90-1419,29.5,89.2,605,2935,0.181,96.6,Nominal Magic Carpet Luxury Ride
GENESIS-G90-1420,25.7,66.4,813,3271,0.254,95.4,Nominal Magic Carpet Luxury Ride
GENESIS-G90-1421,48.0,49.6,1089,2470,0.244,95.4,Pothole Pre-Damping Softening Active
GENESIS-G90-1422,41.2,52.1,1037,2311,0.248,96.5,Pothole Pre-Damping Softening Active
GENESIS-G90-1423,5.0,62.2,868,3732,0.135,97.5,Nominal Magic Carpet Luxury Ride
GENESIS-G90-1424,5.0,31.6,1711,3828,0.144,95.6,Nominal Magic Carpet Luxury Ride
GENESIS-G90-1425,95.0,94.8,569,1200,0.349,95.4,Pothole Pre-Damping Softening Active
GENESIS-G90-1426,11.9,45.7,1182,3471,0.178,95.5,Nominal Magic Carpet Luxury Ride
GENESIS-G90-1427,80.7,66.2,816,1577,0.332,92.6,Pothole Pre-Damping Softening Active
GENESIS-G90-1428,20.3,101.4,532,3080,0.179,96.4,Nominal Magic Carpet Luxury Ride
GENESIS-G90-1429,29.1,106.5,507,2949,0.245,94.5,Nominal Magic Carpet Luxury Ride
GENESIS-G90-1430,30.8,96.1,562,2675,0.152,96.7,Nominal Magic Carpet Luxury Ride
GENESIS-G90-1431,5.0,54.2,996,3637,0.14,96.2,Nominal Magic Carpet Luxury Ride
GENESIS-G90-1432,28.5,94.1,574,2993,0.205,97.7,Nominal Magic Carpet Luxury Ride
GENESIS-G90-1433,8.7,33.7,1602,3426,0.138,97.1,Nominal Magic Carpet Luxury Ride
GENESIS-G90-1434,68.9,87.9,614,1845,0.357,92.2,Pothole Pre-Damping Softening Active
GENESIS-G90-1435,16.3,60.6,891,3553,0.136,96.2,Nominal Magic Carpet Luxury Ride
GENESIS-G90-1436,11.0,94.1,574,3640,0.171,95.2,Nominal Magic Carpet Luxury Ride
GENESIS-G90-1437,24.2,60.4,894,3112,0.16,94.5,Nominal Magic Carpet Luxury Ride
GENESIS-G90-1438,37.1,109.1,495,2496,0.27,96.3,Nominal Magic Carpet Luxury Ride
GENESIS-G90-1439,61.5,90.7,595,2111,0.269,96.5,Pothole Pre-Damping Softening Active
GENESIS-G90-1440,14.8,36.6,1474,3422,0.177,96.1,Nominal Magic Carpet Luxury Ride
GENESIS-G90-1441,41.7,64.7,835,2282,0.212,97.5,Pothole Pre-Damping Softening Active
GENESIS-G90-1442,20.5,90.2,599,3188,0.148,96.7,Nominal Magic Carpet Luxury Ride
GENESIS-G90-1443,29.1,63.1,856,3084,0.234,93.2,Nominal Magic Carpet Luxury Ride
GENESIS-G90-1444,15.1,103.9,520,3168,0.158,94.7,Nominal Magic Carpet Luxury Ride
GENESIS-G90-1445,5.0,90.3,598,3669,0.166,95.2,Nominal Magic Carpet Luxury Ride
GENESIS-G90-1446,8.8,68.9,784,3486,0.102,97.0,Nominal Magic Carpet Luxury Ride
GENESIS-G90-1447,45.7,73.9,730,2617,0.246,94.4,Pothole Pre-Damping Softening Active
GENESIS-G90-1448,41.3,104.2,518,2475,0.218,96.7,Pothole Pre-Damping Softening Active
GENESIS-G90-1449,27.5,89.9,601,3139,0.249,94.0,Nominal Magic Carpet Luxury Ride
GENESIS-G90-1450,19.7,103.5,522,3207,0.189,97.8,Nominal Magic Carpet Luxury Ride
GENESIS-G90-1451,5.3,101.6,531,3595,0.126,97.7,Nominal Magic Carpet Luxury Ride
GENESIS-G90-1452,16.7,80.8,668,3319,0.158,96.9,Nominal Magic Carpet Luxury Ride
GENESIS-G90-1453,24.8,104.1,519,3143,0.165,94.6,Nominal Magic Carpet Luxury Ride
GENESIS-G90-1454,22.5,56.9,949,3174,0.173,94.7,Nominal Magic Carpet Luxury Ride
GENESIS-G90-1455,5.0,94.9,569,3664,0.083,98.5,Nominal Magic Carpet Luxury Ride
GENESIS-G90-1456,46.1,32.3,1671,2614,0.224,94.6,Pothole Pre-Damping Softening Active
GENESIS-G90-1457,5.0,98.8,547,3828,0.144,96.9,Nominal Magic Carpet Luxury Ride
GENESIS-G90-1458,19.6,100.8,536,3185,0.19,94.0,Nominal Magic Carpet Luxury Ride
GENESIS-G90-1459,40.3,34.5,1565,2535,0.282,94.7,Pothole Pre-Damping Softening Active
GENESIS-G90-1460,31.3,50.6,1067,3172,0.249,95.3,Nominal Magic Carpet Luxury Ride
GENESIS-G90-1461,14.3,70.8,762,3360,0.142,95.7,Nominal Magic Carpet Luxury Ride
GENESIS-G90-1462,10.5,88.4,611,3593,0.117,95.1,Nominal Magic Carpet Luxury Ride
GENESIS-G90-1463,6.0,103.4,522,3584,0.122,94.6,Nominal Magic Carpet Luxury Ride
GENESIS-G90-1464,6.4,62.4,866,3418,0.157,97.8,Nominal Magic Carpet Luxury Ride
GENESIS-G90-1465,41.0,69.7,774,2677,0.209,95.9,Pothole Pre-Damping Softening Active
GENESIS-G90-1466,5.0,45.3,1191,3739,0.115,96.4,Nominal Magic Carpet Luxury Ride
GENESIS-G90-1467,25.2,73.1,739,3020,0.204,96.1,Nominal Magic Carpet Luxury Ride
GENESIS-G90-1468,5.0,30.7,1760,3613,0.08,97.3,Nominal Magic Carpet Luxury Ride
GENESIS-G90-1469,5.0,77.7,695,3743,0.108,97.2,Nominal Magic Carpet Luxury Ride
GENESIS-G90-1470,10.6,42.3,1278,3556,0.113,96.8,Nominal Magic Carpet Luxury Ride
GENESIS-G90-1471,16.4,106.3,508,3278,0.166,94.3,Nominal Magic Carpet Luxury Ride
GENESIS-G90-1472,10.8,73.5,735,3630,0.097,98.3,Nominal Magic Carpet Luxury Ride
GENESIS-G90-1473,5.8,93.3,579,3801,0.116,98.8,Nominal Magic Carpet Luxury Ride
GENESIS-G90-1474,22.8,79.0,684,3452,0.215,96.2,Nominal Magic Carpet Luxury Ride
GENESIS-G90-1475,59.9,61.7,875,2285,0.342,93.4,Pothole Pre-Damping Softening Active
GENESIS-G90-1476,35.5,98.6,548,2750,0.19,96.2,Nominal Magic Carpet Luxury Ride
GENESIS-G90-1477,5.0,31.1,1735,3776,0.144,97.3,Nominal Magic Carpet Luxury Ride
GENESIS-G90-1478,15.9,65.3,827,3418,0.109,95.5,Nominal Magic Carpet Luxury Ride
GENESIS-G90-1479,42.9,62.0,870,2645,0.19,95.7,Pothole Pre-Damping Softening Active
GENESIS-G90-1480,5.8,97.5,554,3404,0.117,98.2,Nominal Magic Carpet Luxury Ride
GENESIS-G90-1481,13.9,43.6,1239,3264,0.155,93.3,Nominal Magic Carpet Luxury Ride
GENESIS-G90-1482,10.6,39.1,1380,3755,0.155,96.5,Nominal Magic Carpet Luxury Ride
GENESIS-G90-1483,5.0,100.2,539,3690,0.165,96.9,Nominal Magic Carpet Luxury Ride
GENESIS-G90-1484,17.9,32.9,1639,3356,0.111,97.3,Nominal Magic Carpet Luxury Ride
GENESIS-G90-1485,6.8,96.8,558,3553,0.108,98.6,Nominal Magic Carpet Luxury Ride
GENESIS-G90-1486,11.9,74.2,728,3349,0.169,96.0,Nominal Magic Carpet Luxury Ride
GENESIS-G90-1487,11.4,67.2,804,3360,0.155,95.5,Nominal Magic Carpet Luxury Ride
GENESIS-G90-1488,14.1,108.7,497,3571,0.16,95.2,Nominal Magic Carpet Luxury Ride
GENESIS-G90-1489,37.8,35.0,1543,2569,0.204,96.0,Nominal Magic Carpet Luxury Ride
GENESIS-G90-1490,27.2,79.8,677,3119,0.223,94.8,Nominal Magic Carpet Luxury Ride
GENESIS-G90-1491,35.4,75.5,715,3013,0.27,95.0,Nominal Magic Carpet Luxury Ride
GENESIS-G90-1492,6.3,69.7,775,3519,0.181,95.4,Nominal Magic Carpet Luxury Ride
GENESIS-G90-1493,5.0,107.4,503,3816,0.08,97.3,Nominal Magic Carpet Luxury Ride
GENESIS-G90-1494,32.9,87.4,618,2798,0.21,95.0,Nominal Magic Carpet Luxury Ride
GENESIS-G90-1495,5.0,67.8,796,3751,0.112,98.9,Nominal Magic Carpet Luxury Ride
GENESIS-G90-1496,5.0,72.5,745,3691,0.115,96.1,Nominal Magic Carpet Luxury Ride
GENESIS-G90-1497,5.0,42.7,1264,3740,0.165,94.8,Nominal Magic Carpet Luxury Ride
GENESIS-G90-1498,61.3,31.7,1704,2146,0.273,97.2,Pothole Pre-Damping Softening Active
GENESIS-G90-1499,55.5,30.9,1747,2445,0.289,94.7,Pothole Pre-Damping Softening Active
GENESIS-G90-1500,8.2,37.3,1447,3574,0.169,96.4,Nominal Magic Carpet Luxury Ride
GENESIS-G90-1501,13.4,77.3,699,3394,0.203,95.6,Nominal Magic Carpet Luxury Ride
GENESIS-G90-1502,30.8,86.8,622,3021,0.233,94.9,Nominal Magic Carpet Luxury Ride
GENESIS-G90-1503,52.6,72.5,744,2394,0.289,93.4,Pothole Pre-Damping Softening Active
GENESIS-G90-1504,5.0,81.5,663,3815,0.109,98.1,Nominal Magic Carpet Luxury Ride
GENESIS-G90-1505,48.8,43.8,1234,2585,0.244,93.0,Pothole Pre-Damping Softening Active
GENESIS-G90-1506,5.0,54.8,986,3813,0.138,96.0,Nominal Magic Carpet Luxury Ride
GENESIS-G90-1507,22.8,51.9,1041,3220,0.183,93.7,Nominal Magic Carpet Luxury Ride
GENESIS-G90-1508,13.6,36.4,1485,3262,0.095,97.8,Nominal Magic Carpet Luxury Ride
GENESIS-G90-1509,5.0,49.3,1095,3671,0.172,95.4,Nominal Magic Carpet Luxury Ride
GENESIS-G90-1510,49.6,101.0,535,2326,0.25,97.0,Pothole Pre-Damping Softening Active
GENESIS-G90-1511,13.9,84.7,638,3388,0.17,96.6,Nominal Magic Carpet Luxury Ride
GENESIS-G90-1512,35.3,89.4,604,3119,0.203,93.0,Nominal Magic Carpet Luxury Ride
GENESIS-G90-1513,8.1,66.6,810,3479,0.176,97.6,Nominal Magic Carpet Luxury Ride
GENESIS-G90-1514,11.9,76.1,710,3479,0.181,94.7,Nominal Magic Carpet Luxury Ride
GENESIS-G90-1515,5.0,93.2,579,3579,0.12,96.2,Nominal Magic Carpet Luxury Ride
GENESIS-G90-1516,7.5,102.9,525,3516,0.101,96.5,Nominal Magic Carpet Luxury Ride
GENESIS-G90-1517,20.5,84.6,638,3221,0.162,97.6,Nominal Magic Carpet Luxury Ride
GENESIS-G90-1518,54.6,91.4,591,2185,0.276,92.9,Pothole Pre-Damping Softening Active
GENESIS-G90-1519,45.2,37.1,1454,2544,0.23,96.5,Pothole Pre-Damping Softening Active
GENESIS-G90-1520,19.7,41.1,1314,3256,0.244,95.1,Nominal Magic Carpet Luxury Ride
GENESIS-G90-1521,37.2,104.9,515,2658,0.181,95.6,Nominal Magic Carpet Luxury Ride
GENESIS-G90-1522,5.0,65.4,826,3477,0.084,98.8,Nominal Magic Carpet Luxury Ride
GENESIS-G90-1523,18.1,102.1,529,3312,0.094,95.3,Nominal Magic Carpet Luxury Ride
GENESIS-G90-1524,55.4,99.8,541,2087,0.266,93.3,Pothole Pre-Damping Softening Active
GENESIS-G90-1525,45.6,33.6,1606,2512,0.261,94.7,Pothole Pre-Damping Softening Active
GENESIS-G90-1526,5.0,41.4,1303,3838,0.152,96.1,Nominal Magic Carpet Luxury Ride
GENESIS-G90-1527,9.0,64.1,842,3430,0.202,98.3,Nominal Magic Carpet Luxury Ride
GENESIS-G90-1528,5.0,89.3,605,3784,0.08,97.6,Nominal Magic Carpet Luxury Ride
GENESIS-G90-1529,17.2,106.8,506,3372,0.186,94.9,Nominal Magic Carpet Luxury Ride
GENESIS-G90-1530,35.3,65.2,828,2884,0.193,94.8,Nominal Magic Carpet Luxury Ride
GENESIS-G90-1531,25.3,84.0,643,3250,0.18,97.9,Nominal Magic Carpet Luxury Ride
GENESIS-G90-1532,25.5,76.7,704,2889,0.187,94.4,Nominal Magic Carpet Luxury Ride
GENESIS-G90-1533,24.7,92.3,585,3027,0.189,95.4,Nominal Magic Carpet Luxury Ride
GENESIS-G90-1534,38.3,104.9,515,2850,0.221,94.9,Nominal Magic Carpet Luxury Ride
GENESIS-G90-1535,36.4,50.5,1069,2760,0.229,95.9,Nominal Magic Carpet Luxury Ride
GENESIS-G90-1536,18.2,107.0,505,3363,0.142,95.8,Nominal Magic Carpet Luxury Ride
GENESIS-G90-1537,15.5,67.6,799,3347,0.15,97.1,Nominal Magic Carpet Luxury Ride
GENESIS-G90-1538,5.0,49.4,1093,3472,0.155,95.2,Nominal Magic Carpet Luxury Ride
GENESIS-G90-1539,20.1,74.8,722,3437,0.148,96.4,Nominal Magic Carpet Luxury Ride
GENESIS-G90-1540,16.8,79.6,679,3529,0.149,97.0,Nominal Magic Carpet Luxury Ride
GENESIS-G90-1541,12.8,31.1,1737,3449,0.175,98.1,Nominal Magic Carpet Luxury Ride
GENESIS-G90-1542,29.4,90.3,598,3086,0.164,97.7,Nominal Magic Carpet Luxury Ride
GENESIS-G90-1543,83.4,101.0,535,1483,0.342,92.8,Pothole Pre-Damping Softening Active
GENESIS-G90-1544,79.0,52.2,1034,1677,0.335,92.8,Pothole Pre-Damping Softening Active
GENESIS-G90-1545,10.0,94.8,570,3530,0.211,96.1,Nominal Magic Carpet Luxury Ride
GENESIS-G90-1546,73.7,56.1,962,1534,0.31,95.1,Pothole Pre-Damping Softening Active
GENESIS-G90-1547,27.5,105.4,512,3031,0.2,95.8,Nominal Magic Carpet Luxury Ride
GENESIS-G90-1548,37.0,101.1,534,2859,0.222,94.7,Nominal Magic Carpet Luxury Ride
GENESIS-G90-1549,5.9,48.7,1108,3628,0.159,96.2,Nominal Magic Carpet Luxury Ride
GENESIS-G90-1550,11.4,89.0,607,3253,0.183,92.6,Nominal Magic Carpet Luxury Ride
GENESIS-G90-1551,5.0,58.3,927,3835,0.154,95.5,Nominal Magic Carpet Luxury Ride
GENESIS-G90-1552,8.2,45.3,1193,3580,0.132,96.6,Nominal Magic Carpet Luxury Ride
GENESIS-G90-1553,18.0,97.4,555,3420,0.154,93.8,Nominal Magic Carpet Luxury Ride
GENESIS-G90-1554,8.1,71.0,761,3682,0.156,94.8,Nominal Magic Carpet Luxury Ride
GENESIS-G90-1555,5.0,85.5,632,3797,0.125,97.1,Nominal Magic Carpet Luxury Ride
GENESIS-G90-1556,10.1,40.3,1341,3465,0.106,97.0,Nominal Magic Carpet Luxury Ride
GENESIS-G90-1557,8.2,33.0,1636,3497,0.146,94.8,Nominal Magic Carpet Luxury Ride
GENESIS-G90-1558,26.3,34.6,1562,3251,0.213,94.0,Nominal Magic Carpet Luxury Ride
GENESIS-G90-1559,31.8,69.3,780,3043,0.251,95.5,Nominal Magic Carpet Luxury Ride
GENESIS-G90-1560,25.1,93.0,581,3109,0.183,96.8,Nominal Magic Carpet Luxury Ride
GENESIS-G90-1561,16.8,59.9,901,3091,0.118,98.2,Nominal Magic Carpet Luxury Ride
GENESIS-G90-1562,25.4,51.6,1047,2874,0.142,95.4,Nominal Magic Carpet Luxury Ride
GENESIS-G90-1563,5.0,96.2,561,3532,0.135,97.4,Nominal Magic Carpet Luxury Ride
GENESIS-G90-1564,24.6,77.4,698,3113,0.214,94.5,Nominal Magic Carpet Luxury Ride
GENESIS-G90-1565,20.8,73.6,734,3309,0.142,96.9,Nominal Magic Carpet Luxury Ride
GENESIS-G90-1566,19.7,58.7,920,3224,0.224,93.8,Nominal Magic Carpet Luxury Ride
GENESIS-G90-1567,28.0,97.6,553,2893,0.14,97.9,Nominal Magic Carpet Luxury Ride
GENESIS-G90-1568,62.8,42.0,1284,2052,0.287,96.1,Pothole Pre-Damping Softening Active
GENESIS-G90-1569,64.8,72.8,742,1976,0.291,93.6,Pothole Pre-Damping Softening Active
GENESIS-G90-1570,17.2,72.5,745,3490,0.111,95.8,Nominal Magic Carpet Luxury Ride
GENESIS-G90-1571,5.0,72.2,748,3795,0.105,95.8,Nominal Magic Carpet Luxury Ride
GENESIS-G90-1572,5.0,75.8,713,3672,0.141,96.7,Nominal Magic Carpet Luxury Ride
GENESIS-G90-1573,78.9,99.7,542,1392,0.349,93.8,Pothole Pre-Damping Softening Active
GENESIS-G90-1574,17.0,96.4,560,3458,0.211,94.1,Nominal Magic Carpet Luxury Ride
GENESIS-G90-1575,7.5,63.1,856,3807,0.145,97.6,Nominal Magic Carpet Luxury Ride
GENESIS-G90-1576,15.7,101.6,532,3364,0.164,98.5,Nominal Magic Carpet Luxury Ride
GENESIS-G90-1577,5.0,95.7,564,3524,0.121,98.8,Nominal Magic Carpet Luxury Ride
GENESIS-G90-1578,5.0,48.4,1116,3625,0.122,96.4,Nominal Magic Carpet Luxury Ride
GENESIS-G90-1579,8.0,52.8,1022,3581,0.093,97.9,Nominal Magic Carpet Luxury Ride
GENESIS-G90-1580,30.5,88.7,609,2854,0.19,95.7,Nominal Magic Carpet Luxury Ride
GENESIS-G90-1581,7.0,53.2,1016,3481,0.168,94.9,Nominal Magic Carpet Luxury Ride
GENESIS-G90-1582,51.1,46.6,1160,2521,0.275,93.6,Pothole Pre-Damping Softening Active
GENESIS-G90-1583,5.0,75.7,714,3825,0.08,99.0,Nominal Magic Carpet Luxury Ride
GENESIS-G90-1584,8.2,99.3,544,3671,0.136,96.6,Nominal Magic Carpet Luxury Ride
GENESIS-G90-1585,5.0,56.0,964,3500,0.125,97.5,Nominal Magic Carpet Luxury Ride
GENESIS-G90-1586,5.0,52.2,1035,3716,0.112,98.9,Nominal Magic Carpet Luxury Ride
GENESIS-G90-1587,9.8,34.3,1575,3341,0.151,98.0,Nominal Magic Carpet Luxury Ride
GENESIS-G90-1588,35.0,69.1,781,2488,0.223,96.5,Nominal Magic Carpet Luxury Ride
GENESIS-G90-1589,13.2,91.6,589,3315,0.156,95.6,Nominal Magic Carpet Luxury Ride
GENESIS-G90-1590,5.0,30.4,1776,3434,0.166,96.9,Nominal Magic Carpet Luxury Ride
GENESIS-G90-1591,13.1,90.1,599,3413,0.18,94.9,Nominal Magic Carpet Luxury Ride
GENESIS-G90-1592,12.8,52.1,1036,3686,0.145,96.0,Nominal Magic Carpet Luxury Ride
GENESIS-G90-1593,10.1,30.4,1777,3519,0.145,96.6,Nominal Magic Carpet Luxury Ride
GENESIS-G90-1594,5.0,48.0,1126,3863,0.131,97.5,Nominal Magic Carpet Luxury Ride
GENESIS-G90-1595,9.5,68.3,790,3472,0.154,97.5,Nominal Magic Carpet Luxury Ride
GENESIS-G90-1596,17.2,93.7,576,3355,0.16,97.5,Nominal Magic Carpet Luxury Ride
GENESIS-G90-1597,18.8,48.0,1125,3313,0.146,95.7,Nominal Magic Carpet Luxury Ride
GENESIS-G90-1598,95.0,100.8,536,1200,0.38,93.4,Pothole Pre-Damping Softening Active
GENESIS-G90-1599,40.3,84.4,640,2773,0.21,97.1,Pothole Pre-Damping Softening Active
GENESIS-G90-1600,5.0,64.4,838,3676,0.171,93.9,Nominal Magic Carpet Luxury Ride
GENESIS-G90-1601,8.2,60.9,886,3728,0.143,97.6,Nominal Magic Carpet Luxury Ride
GENESIS-G90-1602,15.1,99.9,541,3399,0.161,97.7,Nominal Magic Carpet Luxury Ride
GENESIS-G90-1603,17.6,81.9,659,3358,0.166,95.8,Nominal Magic Carpet Luxury Ride
GENESIS-G90-1604,8.9,108.1,499,3304,0.126,98.6,Nominal Magic Carpet Luxury Ride
GENESIS-G90-1605,29.6,92.0,587,2983,0.237,90.4,Nominal Magic Carpet Luxury Ride
GENESIS-G90-1606,53.2,51.5,1048,2605,0.295,93.9,Pothole Pre-Damping Softening Active
GENESIS-G90-1607,8.1,32.2,1677,3688,0.138,96.5,Nominal Magic Carpet Luxury Ride
GENESIS-G90-1608,5.0,53.6,1007,3800,0.166,93.6,Nominal Magic Carpet Luxury Ride
GENESIS-G90-1609,11.4,86.4,625,3489,0.16,96.6,Nominal Magic Carpet Luxury Ride
GENESIS-G90-1610,27.8,46.5,1161,3061,0.188,95.6,Nominal Magic Carpet Luxury Ride
GENESIS-G90-1611,30.9,103.6,521,3012,0.188,94.9,Nominal Magic Carpet Luxury Ride
GENESIS-G90-1612,44.8,87.9,614,2871,0.24,94.8,Pothole Pre-Damping Softening Active
GENESIS-G90-1613,10.6,84.1,642,3313,0.11,97.3,Nominal Magic Carpet Luxury Ride
GENESIS-G90-1614,80.4,89.9,601,1538,0.3,93.5,Pothole Pre-Damping Softening Active
GENESIS-G90-1615,34.9,65.6,824,2725,0.192,97.1,Nominal Magic Carpet Luxury Ride
GENESIS-G90-1616,47.4,76.6,705,2487,0.266,93.6,Pothole Pre-Damping Softening Active
GENESIS-G90-1617,7.7,99.7,542,3561,0.087,97.7,Nominal Magic Carpet Luxury Ride
GENESIS-G90-1618,5.4,54.7,987,3692,0.144,98.1,Nominal Magic Carpet Luxury Ride
GENESIS-G90-1619,8.2,62.4,866,3455,0.134,96.6,Nominal Magic Carpet Luxury Ride
GENESIS-G90-1620,16.6,89.2,605,3399,0.172,95.6,Nominal Magic Carpet Luxury Ride
GENESIS-G90-1621,21.1,87.0,621,3179,0.132,96.6,Nominal Magic Carpet Luxury Ride
GENESIS-G90-1622,6.0,30.0,1798,3756,0.158,96.1,Nominal Magic Carpet Luxury Ride
GENESIS-G90-1623,5.0,59.2,912,3648,0.152,96.5,Nominal Magic Carpet Luxury Ride
GENESIS-G90-1624,42.0,60.6,892,2524,0.213,99.0,Pothole Pre-Damping Softening Active
GENESIS-G90-1625,5.0,76.7,704,3692,0.142,97.3,Nominal Magic Carpet Luxury Ride
GENESIS-G90-1626,22.3,64.6,836,3099,0.159,97.4,Nominal Magic Carpet Luxury Ride
GENESIS-G90-1627,5.0,104.1,519,3606,0.133,96.7,Nominal Magic Carpet Luxury Ride
GENESIS-G90-1628,68.8,53.7,1005,1900,0.373,92.2,Pothole Pre-Damping Softening Active
GENESIS-G90-1629,5.0,93.3,579,3676,0.135,97.5,Nominal Magic Carpet Luxury Ride
GENESIS-G90-1630,5.0,47.2,1145,3640,0.148,96.2,Nominal Magic Carpet Luxury Ride
GENESIS-G90-1631,5.0,97.9,552,3722,0.145,97.5,Nominal Magic Carpet Luxury Ride
GENESIS-G90-1632,13.2,107.5,502,3540,0.153,96.6,Nominal Magic Carpet Luxury Ride
GENESIS-G90-1633,5.0,73.2,737,3312,0.126,96.4,Nominal Magic Carpet Luxury Ride
GENESIS-G90-1634,18.6,100.4,538,3091,0.13,97.3,Nominal Magic Carpet Luxury Ride
GENESIS-G90-1635,41.5,46.7,1157,2691,0.24,92.2,Pothole Pre-Damping Softening Active
GENESIS-G90-1636,5.0,38.1,1418,3712,0.2,94.2,Nominal Magic Carpet Luxury Ride
GENESIS-G90-1637,5.0,102.4,527,3597,0.08,98.1,Nominal Magic Carpet Luxury Ride
GENESIS-G90-1638,15.2,56.1,962,3250,0.132,97.5,Nominal Magic Carpet Luxury Ride
GENESIS-G90-1639,42.2,58.0,932,2427,0.229,94.8,Pothole Pre-Damping Softening Active
GENESIS-G90-1640,37.3,88.8,608,2930,0.172,96.3,Nominal Magic Carpet Luxury Ride
GENESIS-G90-1641,8.8,102.8,525,3667,0.137,97.1,Nominal Magic Carpet Luxury Ride
GENESIS-G90-1642,22.4,70.1,770,3232,0.12,98.2,Nominal Magic Carpet Luxury Ride
GENESIS-G90-1643,20.6,49.8,1084,3267,0.195,95.6,Nominal Magic Carpet Luxury Ride
GENESIS-G90-1644,21.5,55.3,976,3031,0.191,95.8,Nominal Magic Carpet Luxury Ride
GENESIS-G90-1645,18.3,89.4,604,3328,0.139,94.3,Nominal Magic Carpet Luxury Ride
GENESIS-G90-1646,8.1,56.1,963,3648,0.09,98.2,Nominal Magic Carpet Luxury Ride
GENESIS-G90-1647,5.0,97.3,555,3771,0.159,96.8,Nominal Magic Carpet Luxury Ride
GENESIS-G90-1648,5.0,62.2,868,3714,0.111,99.2,Nominal Magic Carpet Luxury Ride
GENESIS-G90-1649,5.6,88.0,614,3749,0.165,95.8,Nominal Magic Carpet Luxury Ride
GENESIS-G90-1650,18.1,100.7,536,3414,0.17,97.0,Nominal Magic Carpet Luxury Ride
GENESIS-G90-1651,33.0,37.5,1439,2589,0.187,94.3,Nominal Magic Carpet Luxury Ride
GENESIS-G90-1652,23.5,30.4,1776,3279,0.175,96.2,Nominal Magic Carpet Luxury Ride
GENESIS-G90-1653,12.8,89.8,601,3314,0.182,95.4,Nominal Magic Carpet Luxury Ride
GENESIS-G90-1654,15.0,105.8,511,3445,0.169,96.0,Nominal Magic Carpet Luxury Ride
GENESIS-G90-1655,33.2,68.3,791,2933,0.159,94.5,Nominal Magic Carpet Luxury Ride
GENESIS-G90-1656,6.9,50.5,1069,3646,0.14,97.1,Nominal Magic Carpet Luxury Ride
GENESIS-G90-1657,41.3,65.8,821,2700,0.226,95.0,Pothole Pre-Damping Softening Active
GENESIS-G90-1658,9.2,104.9,515,3408,0.154,96.4,Nominal Magic Carpet Luxury Ride
GENESIS-G90-1659,39.8,67.9,796,2581,0.178,95.7,Nominal Magic Carpet Luxury Ride
GENESIS-G90-1660,5.0,72.6,744,3576,0.108,98.1,Nominal Magic Carpet Luxury Ride
GENESIS-G90-1661,8.9,103.4,522,3529,0.156,95.6,Nominal Magic Carpet Luxury Ride
GENESIS-G90-1662,13.1,86.0,628,3570,0.149,96.7,Nominal Magic Carpet Luxury Ride
GENESIS-G90-1663,12.3,51.0,1059,3429,0.166,96.9,Nominal Magic Carpet Luxury Ride
GENESIS-G90-1664,10.1,96.2,561,3510,0.109,98.3,Nominal Magic Carpet Luxury Ride
GENESIS-G90-1665,66.8,66.5,812,1619,0.314,91.1,Pothole Pre-Damping Softening Active
GENESIS-G90-1666,95.0,101.4,533,1200,0.377,91.6,Pothole Pre-Damping Softening Active
GENESIS-G90-1667,23.8,55.6,970,3276,0.22,94.9,Nominal Magic Carpet Luxury Ride
GENESIS-G90-1668,16.0,101.4,532,3413,0.119,97.0,Nominal Magic Carpet Luxury Ride
GENESIS-G90-1669,6.5,92.4,584,3687,0.204,94.3,Nominal Magic Carpet Luxury Ride
GENESIS-G90-1670,7.8,79.3,681,3527,0.148,96.7,Nominal Magic Carpet Luxury Ride
GENESIS-G90-1671,28.4,43.9,1229,2934,0.215,93.8,Nominal Magic Carpet Luxury Ride
GENESIS-G90-1672,30.1,100.0,540,3095,0.229,95.0,Nominal Magic Carpet Luxury Ride
GENESIS-G90-1673,8.1,57.3,943,3539,0.105,95.7,Nominal Magic Carpet Luxury Ride
GENESIS-G90-1674,27.8,108.2,499,3182,0.181,95.8,Nominal Magic Carpet Luxury Ride
GENESIS-G90-1675,17.0,38.5,1402,3479,0.159,93.9,Nominal Magic Carpet Luxury Ride
GENESIS-G90-1676,95.0,76.9,702,1200,0.348,92.7,Pothole Pre-Damping Softening Active
GENESIS-G90-1677,26.6,43.1,1254,3117,0.195,97.1,Nominal Magic Carpet Luxury Ride
GENESIS-G90-1678,15.5,71.6,755,3463,0.177,96.2,Nominal Magic Carpet Luxury Ride
GENESIS-G90-1679,95.0,86.6,624,1327,0.388,92.2,Pothole Pre-Damping Softening Active
GENESIS-G90-1680,5.9,35.3,1531,3836,0.142,98.8,Nominal Magic Carpet Luxury Ride
GENESIS-G90-1681,71.5,40.4,1336,1734,0.29,96.3,Pothole Pre-Damping Softening Active
GENESIS-G90-1682,20.3,44.1,1225,3215,0.153,96.7,Nominal Magic Carpet Luxury Ride
GENESIS-G90-1683,10.5,89.9,600,3301,0.136,95.2,Nominal Magic Carpet Luxury Ride
GENESIS-G90-1684,40.2,107.8,501,2720,0.273,94.6,Pothole Pre-Damping Softening Active
GENESIS-G90-1685,21.0,36.0,1500,3339,0.175,96.2,Nominal Magic Carpet Luxury Ride
GENESIS-G90-1686,20.8,90.8,595,3283,0.197,96.2,Nominal Magic Carpet Luxury Ride
GENESIS-G90-1687,20.0,76.1,710,3181,0.15,94.8,Nominal Magic Carpet Luxury Ride
GENESIS-G90-1688,5.0,88.3,612,3595,0.13,98.4,Nominal Magic Carpet Luxury Ride
GENESIS-G90-1689,25.7,108.7,497,3091,0.167,95.4,Nominal Magic Carpet Luxury Ride
GENESIS-G90-1690,10.2,79.9,676,3535,0.171,96.6,Nominal Magic Carpet Luxury Ride
GENESIS-G90-1691,8.0,88.6,609,3677,0.156,94.9,Nominal Magic Carpet Luxury Ride
GENESIS-G90-1692,22.5,80.1,674,3427,0.184,93.9,Nominal Magic Carpet Luxury Ride
GENESIS-G90-1693,51.6,92.3,585,2400,0.274,95.1,Pothole Pre-Damping Softening Active
GENESIS-G90-1694,37.8,97.8,552,2779,0.219,94.7,Nominal Magic Carpet Luxury Ride
GENESIS-G90-1695,33.0,75.0,720,2743,0.236,95.4,Nominal Magic Carpet Luxury Ride
GENESIS-G90-1696,22.2,31.8,1697,3130,0.202,96.0,Nominal Magic Carpet Luxury Ride
GENESIS-G90-1697,25.3,100.8,536,3181,0.214,95.7,Nominal Magic Carpet Luxury Ride
GENESIS-G90-1698,8.2,75.6,714,3332,0.127,98.7,Nominal Magic Carpet Luxury Ride
GENESIS-G90-1699,21.7,78.5,688,3094,0.171,97.0,Nominal Magic Carpet Luxury Ride
GENESIS-G90-1700,28.0,33.5,1612,3088,0.265,95.9,Nominal Magic Carpet Luxury Ride
GENESIS-G90-1701,5.0,73.0,740,3693,0.147,97.7,Nominal Magic Carpet Luxury Ride
GENESIS-G90-1702,71.8,60.8,888,1816,0.336,92.7,Pothole Pre-Damping Softening Active
GENESIS-G90-1703,12.4,47.0,1149,3430,0.118,97.5,Nominal Magic Carpet Luxury Ride
GENESIS-G90-1704,5.0,74.6,723,3748,0.144,96.2,Nominal Magic Carpet Luxury Ride
GENESIS-G90-1705,21.8,64.6,836,3241,0.232,95.7,Nominal Magic Carpet Luxury Ride
GENESIS-G90-1706,58.1,30.2,1788,2121,0.305,94.2,Pothole Pre-Damping Softening Active
GENESIS-G90-1707,22.0,86.8,622,3144,0.228,94.9,Nominal Magic Carpet Luxury Ride
GENESIS-G90-1708,41.0,60.4,895,2509,0.224,94.1,Pothole Pre-Damping Softening Active
GENESIS-G90-1709,13.9,80.4,672,3336,0.188,98.0,Nominal Magic Carpet Luxury Ride
GENESIS-G90-1710,5.0,64.3,840,3673,0.142,95.8,Nominal Magic Carpet Luxury Ride
GENESIS-G90-1711,14.1,86.9,622,3433,0.149,95.8,Nominal Magic Carpet Luxury Ride
GENESIS-G90-1712,6.4,86.9,622,3665,0.141,96.4,Nominal Magic Carpet Luxury Ride
GENESIS-G90-1713,29.2,81.6,662,2830,0.213,94.4,Nominal Magic Carpet Luxury Ride
GENESIS-G90-1714,7.8,67.2,804,3430,0.161,95.8,Nominal Magic Carpet Luxury Ride
GENESIS-G90-1715,5.0,84.4,640,3723,0.104,96.9,Nominal Magic Carpet Luxury Ride
GENESIS-G90-1716,5.8,71.9,751,3600,0.141,96.8,Nominal Magic Carpet Luxury Ride
GENESIS-G90-1717,19.9,51.5,1048,3405,0.177,95.0,Nominal Magic Carpet Luxury Ride
GENESIS-G90-1718,9.3,46.3,1166,3396,0.092,95.5,Nominal Magic Carpet Luxury Ride
GENESIS-G90-1719,67.5,76.4,707,1952,0.299,93.8,Pothole Pre-Damping Softening Active
GENESIS-G90-1720,17.7,86.1,627,3031,0.155,95.2,Nominal Magic Carpet Luxury Ride
GENESIS-G90-1721,24.7,90.3,598,3146,0.195,95.6,Nominal Magic Carpet Luxury Ride
GENESIS-G90-1722,95.0,31.6,1708,1200,0.376,92.2,Pothole Pre-Damping Softening Active
GENESIS-G90-1723,15.2,32.5,1664,3454,0.172,97.6,Nominal Magic Carpet Luxury Ride
GENESIS-G90-1724,5.0,77.6,696,3713,0.164,95.4,Nominal Magic Carpet Luxury Ride
GENESIS-G90-1725,68.6,81.9,659,2000,0.324,95.0,Pothole Pre-Damping Softening Active
GENESIS-G90-1726,21.7,92.3,585,3194,0.182,95.0,Nominal Magic Carpet Luxury Ride
GENESIS-G90-1727,10.8,107.3,503,3427,0.153,95.8,Nominal Magic Carpet Luxury Ride
GENESIS-G90-1728,9.4,37.1,1457,3558,0.184,92.7,Nominal Magic Carpet Luxury Ride
GENESIS-G90-1729,7.4,65.1,830,3763,0.186,95.3,Nominal Magic Carpet Luxury Ride
GENESIS-G90-1730,5.7,70.8,763,3626,0.119,97.9,Nominal Magic Carpet Luxury Ride
GENESIS-G90-1731,28.9,50.1,1079,3094,0.176,95.4,Nominal Magic Carpet Luxury Ride
GENESIS-G90-1732,5.0,102.3,528,3657,0.114,97.8,Nominal Magic Carpet Luxury Ride
GENESIS-G90-1733,30.1,37.1,1456,2827,0.156,96.6,Nominal Magic Carpet Luxury Ride
GENESIS-G90-1734,31.3,60.1,898,3081,0.199,94.5,Nominal Magic Carpet Luxury Ride
GENESIS-G90-1735,57.6,38.9,1388,2261,0.314,90.9,Pothole Pre-Damping Softening Active
GENESIS-G90-1736,11.9,53.0,1019,3389,0.105,95.7,Nominal Magic Carpet Luxury Ride
GENESIS-G90-1737,21.0,30.8,1751,3183,0.206,94.4,Nominal Magic Carpet Luxury Ride
GENESIS-G90-1738,5.0,61.3,881,3638,0.127,97.6,Nominal Magic Carpet Luxury Ride
GENESIS-G90-1739,20.7,105.5,512,3211,0.163,95.3,Nominal Magic Carpet Luxury Ride
GENESIS-G90-1740,9.8,78.5,688,3554,0.164,97.0,Nominal Magic Carpet Luxury Ride
GENESIS-G90-1741,29.2,54.3,994,3234,0.223,95.1,Nominal Magic Carpet Luxury Ride
GENESIS-G90-1742,15.1,48.3,1118,3354,0.169,97.9,Nominal Magic Carpet Luxury Ride
GENESIS-G90-1743,8.1,102.2,528,3553,0.153,95.0,Nominal Magic Carpet Luxury Ride
GENESIS-G90-1744,5.0,109.9,491,3668,0.125,95.6,Nominal Magic Carpet Luxury Ride
GENESIS-G90-1745,43.5,98.6,547,2557,0.257,93.2,Pothole Pre-Damping Softening Active
GENESIS-G90-1746,14.6,98.7,547,3292,0.133,96.2,Nominal Magic Carpet Luxury Ride
GENESIS-G90-1747,20.1,81.4,663,2966,0.203,95.7,Nominal Magic Carpet Luxury Ride
GENESIS-G90-1748,9.7,90.5,596,3486,0.097,96.7,Nominal Magic Carpet Luxury Ride
GENESIS-G90-1749,13.8,102.3,528,3334,0.115,96.7,Nominal Magic Carpet Luxury Ride
GENESIS-G90-1750,30.6,105.4,513,3166,0.187,98.1,Nominal Magic Carpet Luxury Ride
GENESIS-G90-1751,95.0,66.7,809,1359,0.455,91.0,Pothole Pre-Damping Softening Active
GENESIS-G90-1752,5.0,77.0,701,3717,0.15,96.1,Nominal Magic Carpet Luxury Ride
GENESIS-G90-1753,18.1,61.4,879,3234,0.147,94.6,Nominal Magic Carpet Luxury Ride
GENESIS-G90-1754,38.6,47.0,1148,2724,0.273,94.7,Nominal Magic Carpet Luxury Ride
GENESIS-G90-1755,74.1,76.1,709,1604,0.361,92.4,Pothole Pre-Damping Softening Active
GENESIS-G90-1756,41.1,108.0,500,2606,0.252,94.7,Pothole Pre-Damping Softening Active
GENESIS-G90-1757,14.9,44.7,1209,3239,0.159,97.8,Nominal Magic Carpet Luxury Ride
GENESIS-G90-1758,19.7,42.8,1263,3274,0.209,95.8,Nominal Magic Carpet Luxury Ride
GENESIS-G90-1759,6.2,37.4,1442,3812,0.17,96.5,Nominal Magic Carpet Luxury Ride
GENESIS-G90-1760,14.2,43.6,1240,3469,0.192,95.7,Nominal Magic Carpet Luxury Ride
GENESIS-G90-1761,23.3,73.5,735,3146,0.203,95.3,Nominal Magic Carpet Luxury Ride
GENESIS-G90-1762,43.6,73.8,732,2474,0.235,94.1,Pothole Pre-Damping Softening Active
GENESIS-G90-1763,9.8,59.7,905,3461,0.145,97.4,Nominal Magic Carpet Luxury Ride
GENESIS-G90-1764,87.9,81.4,664,1469,0.368,91.6,Pothole Pre-Damping Softening Active
GENESIS-G90-1765,37.8,106.3,508,2943,0.243,93.5,Nominal Magic Carpet Luxury Ride
GENESIS-G90-1766,35.7,85.2,633,2977,0.264,93.4,Nominal Magic Carpet Luxury Ride
GENESIS-G90-1767,5.0,63.7,848,3717,0.111,98.4,Nominal Magic Carpet Luxury Ride
GENESIS-G90-1768,94.7,34.1,1582,1200,0.397,94.0,Pothole Pre-Damping Softening Active
GENESIS-G90-1769,15.7,66.0,819,3495,0.128,96.5,Nominal Magic Carpet Luxury Ride
GENESIS-G90-1770,5.0,56.0,965,3472,0.11,97.3,Nominal Magic Carpet Luxury Ride
GENESIS-G90-1771,30.3,46.9,1151,2925,0.243,92.0,Nominal Magic Carpet Luxury Ride
GENESIS-G90-1772,9.9,107.0,505,3536,0.114,97.8,Nominal Magic Carpet Luxury Ride
GENESIS-G90-1773,9.1,81.1,666,3722,0.149,96.3,Nominal Magic Carpet Luxury Ride
GENESIS-G90-1774,26.4,44.2,1223,2796,0.194,95.4,Nominal Magic Carpet Luxury Ride
GENESIS-G90-1775,5.0,61.7,875,3521,0.191,96.7,Nominal Magic Carpet Luxury Ride
GENESIS-G90-1776,35.1,106.6,506,2550,0.243,95.5,Nominal Magic Carpet Luxury Ride
GENESIS-G90-1777,6.9,66.4,813,3548,0.188,96.6,Nominal Magic Carpet Luxury Ride
GENESIS-G90-1778,15.8,86.1,627,3373,0.101,97.3,Nominal Magic Carpet Luxury Ride
GENESIS-G90-1779,20.0,89.6,603,3256,0.213,94.2,Nominal Magic Carpet Luxury Ride
GENESIS-G90-1780,8.2,105.4,512,3508,0.136,96.2,Nominal Magic Carpet Luxury Ride
GENESIS-G90-1781,58.8,99.8,541,2003,0.269,94.2,Pothole Pre-Damping Softening Active
GENESIS-G90-1782,35.6,61.8,874,2761,0.249,94.5,Nominal Magic Carpet Luxury Ride
GENESIS-G90-1783,59.1,94.9,569,2037,0.262,93.2,Pothole Pre-Damping Softening Active
GENESIS-G90-1784,5.0,48.5,1113,3679,0.222,97.0,Nominal Magic Carpet Luxury Ride
GENESIS-G90-1785,50.2,61.7,875,2353,0.316,92.6,Pothole Pre-Damping Softening Active
GENESIS-G90-1786,16.8,69.5,777,3395,0.18,95.1,Nominal Magic Carpet Luxury Ride
GENESIS-G90-1787,36.9,39.8,1358,2697,0.28,95.8,Nominal Magic Carpet Luxury Ride
GENESIS-G90-1788,23.5,89.9,601,3065,0.207,96.1,Nominal Magic Carpet Luxury Ride
GENESIS-G90-1789,42.3,45.7,1180,2482,0.191,96.8,Pothole Pre-Damping Softening Active
GENESIS-G90-1790,7.2,51.6,1046,3502,0.14,96.2,Nominal Magic Carpet Luxury Ride
GENESIS-G90-1791,6.3,87.9,614,3594,0.165,95.5,Nominal Magic Carpet Luxury Ride
GENESIS-G90-1792,40.3,93.5,577,2638,0.211,94.6,Pothole Pre-Damping Softening Active
GENESIS-G90-1793,5.0,108.0,500,3822,0.141,97.4,Nominal Magic Carpet Luxury Ride
GENESIS-G90-1794,50.7,36.9,1465,2283,0.288,94.9,Pothole Pre-Damping Softening Active
GENESIS-G90-1795,5.0,30.6,1765,3548,0.129,96.4,Nominal Magic Carpet Luxury Ride
GENESIS-G90-1796,5.0,81.5,662,3684,0.157,95.7,Nominal Magic Carpet Luxury Ride
GENESIS-G90-1797,62.7,42.6,1268,1949,0.299,94.8,Pothole Pre-Damping Softening Active
GENESIS-G90-1798,20.0,83.0,650,3194,0.173,93.7,Nominal Magic Carpet Luxury Ride
GENESIS-G90-1799,22.1,107.9,500,3233,0.137,96.2,Nominal Magic Carpet Luxury Ride
GENESIS-G90-1800,17.7,56.0,965,3149,0.158,96.9,Nominal Magic Carpet Luxury Ride
GENESIS-G90-1801,19.1,51.1,1056,3387,0.194,97.2,Nominal Magic Carpet Luxury Ride
GENESIS-G90-1802,10.0,100.9,535,3548,0.176,93.8,Nominal Magic Carpet Luxury Ride
GENESIS-G90-1803,22.3,88.3,611,2918,0.233,95.0,Nominal Magic Carpet Luxury Ride
GENESIS-G90-1804,95.0,82.8,652,1200,0.392,91.5,Pothole Pre-Damping Softening Active
GENESIS-G90-1805,10.1,105.6,511,3254,0.143,96.4,Nominal Magic Carpet Luxury Ride
GENESIS-G90-1806,6.4,77.5,697,3573,0.124,98.2,Nominal Magic Carpet Luxury Ride
GENESIS-G90-1807,5.0,93.3,579,3591,0.136,97.8,Nominal Magic Carpet Luxury Ride
GENESIS-G90-1808,46.7,103.9,520,2532,0.244,95.8,Pothole Pre-Damping Softening Active
GENESIS-G90-1809,29.1,69.2,781,3045,0.203,95.4,Nominal Magic Carpet Luxury Ride
GENESIS-G90-1810,55.7,33.7,1601,2156,0.289,93.5,Pothole Pre-Damping Softening Active
GENESIS-G90-1811,10.2,98.4,549,3498,0.199,96.1,Nominal Magic Carpet Luxury Ride
GENESIS-G90-1812,5.8,58.3,925,3811,0.159,97.1,Nominal Magic Carpet Luxury Ride
GENESIS-G90-1813,74.5,43.8,1234,1601,0.374,91.9,Pothole Pre-Damping Softening Active
GENESIS-G90-1814,52.6,51.2,1056,2497,0.285,91.4,Pothole Pre-Damping Softening Active
GENESIS-G90-1815,19.4,92.8,582,3256,0.214,94.7,Nominal Magic Carpet Luxury Ride
GENESIS-G90-1816,55.4,68.5,789,2082,0.315,94.1,Pothole Pre-Damping Softening Active
GENESIS-G90-1817,12.6,74.1,729,3328,0.205,95.6,Nominal Magic Carpet Luxury Ride
GENESIS-G90-1818,5.0,61.7,876,3443,0.119,98.3,Nominal Magic Carpet Luxury Ride
GENESIS-G90-1819,48.8,53.8,1004,2354,0.263,94.0,Pothole Pre-Damping Softening Active
GENESIS-G90-1820,21.7,106.4,508,3047,0.185,94.8,Nominal Magic Carpet Luxury Ride
GENESIS-G90-1821,83.4,98.4,549,1479,0.324,93.0,Pothole Pre-Damping Softening Active
GENESIS-G90-1822,5.0,74.8,722,3814,0.129,97.5,Nominal Magic Carpet Luxury Ride
GENESIS-G90-1823,51.3,45.3,1193,2399,0.3,95.7,Pothole Pre-Damping Softening Active
GENESIS-G90-1824,45.6,72.1,749,2631,0.234,94.3,Pothole Pre-Damping Softening Active
GENESIS-G90-1825,5.2,87.5,617,3592,0.145,95.1,Nominal Magic Carpet Luxury Ride
GENESIS-G90-1826,16.8,44.7,1207,3405,0.172,95.7,Nominal Magic Carpet Luxury Ride
GENESIS-G90-1827,23.1,99.6,542,3093,0.189,94.3,Nominal Magic Carpet Luxury Ride
GENESIS-G90-1828,5.0,78.0,692,3736,0.166,98.6,Nominal Magic Carpet Luxury Ride
GENESIS-G90-1829,46.7,75.9,712,2582,0.277,94.0,Pothole Pre-Damping Softening Active
GENESIS-G90-1830,13.2,41.2,1312,3540,0.119,97.9,Nominal Magic Carpet Luxury Ride
GENESIS-G90-1831,19.8,102.5,527,3090,0.162,95.9,Nominal Magic Carpet Luxury Ride
GENESIS-G90-1832,18.0,84.7,637,3237,0.134,94.5,Nominal Magic Carpet Luxury Ride
GENESIS-G90-1833,8.4,42.8,1260,3548,0.13,96.4,Nominal Magic Carpet Luxury Ride
GENESIS-G90-1834,11.1,109.0,495,3386,0.155,96.4,Nominal Magic Carpet Luxury Ride
GENESIS-G90-1835,5.0,97.4,555,3524,0.122,92.8,Nominal Magic Carpet Luxury Ride
GENESIS-G90-1836,95.0,85.8,629,1206,0.421,91.7,Pothole Pre-Damping Softening Active
GENESIS-G90-1837,34.6,69.7,774,3007,0.196,95.7,Nominal Magic Carpet Luxury Ride
GENESIS-G90-1838,19.9,62.5,864,3234,0.187,95.6,Nominal Magic Carpet Luxury Ride
GENESIS-G90-1839,19.7,71.3,758,3243,0.172,94.4,Nominal Magic Carpet Luxury Ride
GENESIS-G90-1840,95.0,91.9,588,1200,0.421,91.4,Pothole Pre-Damping Softening Active
GENESIS-G90-1841,55.1,57.5,940,2352,0.305,91.7,Pothole Pre-Damping Softening Active
GENESIS-G90-1842,25.1,75.5,715,3078,0.232,98.1,Nominal Magic Carpet Luxury Ride
GENESIS-G90-1843,40.7,47.9,1127,2688,0.271,93.8,Pothole Pre-Damping Softening Active
GENESIS-G90-1844,51.7,46.0,1175,2393,0.274,94.4,Pothole Pre-Damping Softening Active
GENESIS-G90-1845,74.0,58.2,928,1552,0.304,91.4,Pothole Pre-Damping Softening Active
GENESIS-G90-1846,10.9,71.8,752,3637,0.16,96.4,Nominal Magic Carpet Luxury Ride
GENESIS-G90-1847,5.0,49.7,1086,3822,0.121,95.9,Nominal Magic Carpet Luxury Ride
GENESIS-G90-1848,7.9,98.6,548,3533,0.189,95.9,Nominal Magic Carpet Luxury Ride
GENESIS-G90-1849,28.6,84.8,636,3006,0.238,94.4,Nominal Magic Carpet Luxury Ride
GENESIS-G90-1850,39.7,94.5,572,2763,0.21,96.2,Nominal Magic Carpet Luxury Ride
GENESIS-G90-1851,60.4,87.7,616,2038,0.304,93.0,Pothole Pre-Damping Softening Active
GENESIS-G90-1852,5.0,51.8,1043,3863,0.083,97.9,Nominal Magic Carpet Luxury Ride
GENESIS-G90-1853,13.3,38.9,1390,3349,0.134,96.5,Nominal Magic Carpet Luxury Ride
GENESIS-G90-1854,39.5,59.3,911,2593,0.226,95.8,Nominal Magic Carpet Luxury Ride
GENESIS-G90-1855,82.1,101.9,530,1470,0.335,91.4,Pothole Pre-Damping Softening Active
GENESIS-G90-1856,51.6,70.1,770,2237,0.227,95.9,Pothole Pre-Damping Softening Active
GENESIS-G90-1857,73.9,37.8,1430,1682,0.34,91.9,Pothole Pre-Damping Softening Active
GENESIS-G90-1858,5.0,85.5,632,3526,0.111,97.3,Nominal Magic Carpet Luxury Ride
GENESIS-G90-1859,5.1,70.0,772,3845,0.094,95.9,Nominal Magic Carpet Luxury Ride
GENESIS-G90-1860,29.8,46.3,1167,3100,0.208,94.0,Nominal Magic Carpet Luxury Ride
GENESIS-G90-1861,5.0,61.8,874,3660,0.093,99.0,Nominal Magic Carpet Luxury Ride
GENESIS-G90-1862,43.6,43.4,1245,2540,0.196,95.6,Pothole Pre-Damping Softening Active
GENESIS-G90-1863,11.1,47.0,1150,3490,0.101,97.5,Nominal Magic Carpet Luxury Ride
GENESIS-G90-1864,5.0,47.1,1146,3741,0.161,96.7,Nominal Magic Carpet Luxury Ride
GENESIS-G90-1865,23.1,82.1,657,3169,0.175,94.2,Nominal Magic Carpet Luxury Ride
GENESIS-G90-1866,95.0,98.2,550,1289,0.347,92.5,Pothole Pre-Damping Softening Active
GENESIS-G90-1867,95.0,52.2,1034,1200,0.395,91.3,Pothole Pre-Damping Softening Active
GENESIS-G90-1868,27.3,68.3,791,3094,0.173,95.7,Nominal Magic Carpet Luxury Ride
GENESIS-G90-1869,14.5,41.6,1299,3493,0.176,95.1,Nominal Magic Carpet Luxury Ride
GENESIS-G90-1870,39.6,98.3,549,2579,0.266,94.2,Nominal Magic Carpet Luxury Ride
GENESIS-G90-1871,23.2,48.1,1122,2837,0.208,94.1,Nominal Magic Carpet Luxury Ride
GENESIS-G90-1872,5.0,42.8,1263,3672,0.155,96.6,Nominal Magic Carpet Luxury Ride
GENESIS-G90-1873,20.2,56.3,959,3306,0.177,97.2,Nominal Magic Carpet Luxury Ride
GENESIS-G90-1874,5.0,70.5,766,3714,0.108,98.4,Nominal Magic Carpet Luxury Ride
GENESIS-G90-1875,8.8,99.2,544,3566,0.134,98.5,Nominal Magic Carpet Luxury Ride
GENESIS-G90-1876,25.4,63.3,853,2909,0.181,96.3,Nominal Magic Carpet Luxury Ride
GENESIS-G90-1877,13.2,94.6,571,3320,0.179,94.7,Nominal Magic Carpet Luxury Ride
GENESIS-G90-1878,5.0,99.2,545,3634,0.118,95.2,Nominal Magic Carpet Luxury Ride
GENESIS-G90-1879,23.6,74.5,725,3069,0.184,95.6,Nominal Magic Carpet Luxury Ride
GENESIS-G90-1880,36.2,38.1,1419,2807,0.201,95.0,Nominal Magic Carpet Luxury Ride
GENESIS-G90-1881,5.0,97.7,552,3629,0.091,97.3,Nominal Magic Carpet Luxury Ride
GENESIS-G90-1882,5.0,68.1,793,3647,0.133,97.5,Nominal Magic Carpet Luxury Ride
GENESIS-G90-1883,6.1,71.6,754,3558,0.112,97.9,Nominal Magic Carpet Luxury Ride
GENESIS-G90-1884,44.7,108.3,498,2424,0.233,93.6,Pothole Pre-Damping Softening Active
GENESIS-G90-1885,11.4,48.7,1108,3188,0.154,97.6,Nominal Magic Carpet Luxury Ride
GENESIS-G90-1886,25.4,81.9,659,3195,0.177,96.2,Nominal Magic Carpet Luxury Ride
GENESIS-G90-1887,32.0,56.2,961,2879,0.203,96.2,Nominal Magic Carpet Luxury Ride
GENESIS-G90-1888,5.0,81.0,667,3814,0.157,96.1,Nominal Magic Carpet Luxury Ride
GENESIS-G90-1889,17.6,85.6,631,3500,0.184,94.8,Nominal Magic Carpet Luxury Ride
GENESIS-G90-1890,27.0,89.4,604,3110,0.182,96.4,Nominal Magic Carpet Luxury Ride
GENESIS-G90-1891,10.1,52.0,1038,3425,0.199,96.1,Nominal Magic Carpet Luxury Ride
GENESIS-G90-1892,6.9,32.4,1667,3796,0.089,98.3,Nominal Magic Carpet Luxury Ride
GENESIS-G90-1893,30.2,47.0,1148,2972,0.207,95.8,Nominal Magic Carpet Luxury Ride
GENESIS-G90-1894,56.8,44.2,1221,2308,0.3,93.7,Pothole Pre-Damping Softening Active
GENESIS-G90-1895,8.3,104.8,515,3708,0.144,96.4,Nominal Magic Carpet Luxury Ride
GENESIS-G90-1896,9.9,72.9,740,3815,0.153,95.3,Nominal Magic Carpet Luxury Ride
GENESIS-G90-1897,8.7,81.3,664,3338,0.145,95.3,Nominal Magic Carpet Luxury Ride
GENESIS-G90-1898,32.6,93.8,576,2653,0.213,96.1,Nominal Magic Carpet Luxury Ride
GENESIS-G90-1899,37.7,46.4,1164,2773,0.265,94.6,Nominal Magic Carpet Luxury Ride
GENESIS-G90-1900,35.0,33.1,1630,2864,0.191,95.8,Nominal Magic Carpet Luxury Ride
GENESIS-G90-1901,13.5,101.8,530,3352,0.144,94.7,Nominal Magic Carpet Luxury Ride
GENESIS-G90-1902,23.7,93.2,580,2979,0.218,95.8,Nominal Magic Carpet Luxury Ride
GENESIS-G90-1903,8.2,52.3,1032,3649,0.178,96.0,Nominal Magic Carpet Luxury Ride
GENESIS-G90-1904,5.0,92.9,581,3498,0.181,95.7,Nominal Magic Carpet Luxury Ride
GENESIS-G90-1905,7.7,61.4,880,3716,0.133,96.2,Nominal Magic Carpet Luxury Ride
GENESIS-G90-1906,5.0,61.0,885,3582,0.098,97.0,Nominal Magic Carpet Luxury Ride
GENESIS-G90-1907,16.3,90.8,595,3122,0.188,95.8,Nominal Magic Carpet Luxury Ride
GENESIS-G90-1908,11.4,71.6,754,3513,0.134,96.1,Nominal Magic Carpet Luxury Ride
GENESIS-G90-1909,15.5,55.3,976,3266,0.199,95.6,Nominal Magic Carpet Luxury Ride
GENESIS-G90-1910,24.4,89.6,603,3059,0.148,97.4,Nominal Magic Carpet Luxury Ride
GENESIS-G90-1911,5.0,60.4,895,3732,0.102,94.6,Nominal Magic Carpet Luxury Ride
GENESIS-G90-1912,5.5,94.3,573,3583,0.149,95.9,Nominal Magic Carpet Luxury Ride
GENESIS-G90-1913,17.7,79.6,678,3393,0.131,96.2,Nominal Magic Carpet Luxury Ride
GENESIS-G90-1914,5.0,74.7,723,3563,0.095,96.2,Nominal Magic Carpet Luxury Ride
GENESIS-G90-1915,20.7,61.9,872,3229,0.145,94.4,Nominal Magic Carpet Luxury Ride
GENESIS-G90-1916,39.2,91.5,590,2549,0.179,95.4,Nominal Magic Carpet Luxury Ride
GENESIS-G90-1917,25.1,74.8,722,3086,0.194,94.4,Nominal Magic Carpet Luxury Ride
GENESIS-G90-1918,58.1,52.7,1025,2249,0.312,93.5,Pothole Pre-Damping Softening Active
GENESIS-G90-1919,5.0,34.2,1580,3463,0.098,97.7,Nominal Magic Carpet Luxury Ride
GENESIS-G90-1920,7.0,47.5,1138,3829,0.159,96.9,Nominal Magic Carpet Luxury Ride
GENESIS-G90-1921,39.2,108.9,496,2609,0.258,96.5,Nominal Magic Carpet Luxury Ride
GENESIS-G90-1922,8.6,43.7,1235,3509,0.164,97.7,Nominal Magic Carpet Luxury Ride
GENESIS-G90-1923,5.7,99.6,542,3406,0.112,96.4,Nominal Magic Carpet Luxury Ride
GENESIS-G90-1924,29.4,42.1,1283,2944,0.277,97.2,Nominal Magic Carpet Luxury Ride
GENESIS-G90-1925,5.7,79.5,679,3685,0.092,97.9,Nominal Magic Carpet Luxury Ride
GENESIS-G90-1926,35.5,51.4,1051,2930,0.227,95.9,Nominal Magic Carpet Luxury Ride
GENESIS-G90-1927,5.0,94.3,573,3573,0.146,97.7,Nominal Magic Carpet Luxury Ride
GENESIS-G90-1928,17.8,90.2,599,3279,0.214,96.3,Nominal Magic Carpet Luxury Ride
GENESIS-G90-1929,6.8,92.7,582,3707,0.161,97.6,Nominal Magic Carpet Luxury Ride
GENESIS-G90-1930,14.6,89.7,602,3696,0.192,96.2,Nominal Magic Carpet Luxury Ride
GENESIS-G90-1931,6.1,82.4,655,3551,0.117,95.2,Nominal Magic Carpet Luxury Ride
GENESIS-G90-1932,6.7,106.7,506,3692,0.169,95.7,Nominal Magic Carpet Luxury Ride
GENESIS-G90-1933,36.2,56.9,948,2808,0.223,95.9,Nominal Magic Carpet Luxury Ride
GENESIS-G90-1934,8.8,84.2,641,3285,0.141,96.7,Nominal Magic Carpet Luxury Ride
GENESIS-G90-1935,27.5,105.9,510,2771,0.206,94.9,Nominal Magic Carpet Luxury Ride
GENESIS-G90-1936,5.5,57.7,936,3528,0.136,95.7,Nominal Magic Carpet Luxury Ride
GENESIS-G90-1937,33.0,69.1,782,2980,0.252,93.1,Nominal Magic Carpet Luxury Ride
GENESIS-G90-1938,5.0,102.1,529,3577,0.145,96.2,Nominal Magic Carpet Luxury Ride
GENESIS-G90-1939,29.5,74.1,729,3177,0.169,95.6,Nominal Magic Carpet Luxury Ride
GENESIS-G90-1940,94.2,75.3,717,1220,0.34,92.9,Pothole Pre-Damping Softening Active
GENESIS-G90-1941,25.9,52.5,1029,3143,0.244,94.3,Nominal Magic Carpet Luxury Ride
GENESIS-G90-1942,20.5,105.6,511,3119,0.196,94.0,Nominal Magic Carpet Luxury Ride
GENESIS-G90-1943,25.6,62.3,867,3247,0.199,93.3,Nominal Magic Carpet Luxury Ride
GENESIS-G90-1944,5.0,51.5,1049,3736,0.118,97.1,Nominal Magic Carpet Luxury Ride
GENESIS-G90-1945,28.4,43.0,1255,3165,0.206,94.8,Nominal Magic Carpet Luxury Ride
GENESIS-G90-1946,82.3,66.5,812,1475,0.339,93.2,Pothole Pre-Damping Softening Active
GENESIS-G90-1947,13.2,85.9,629,3634,0.173,96.7,Nominal Magic Carpet Luxury Ride
GENESIS-G90-1948,95.0,60.3,896,1200,0.433,90.0,Pothole Pre-Damping Softening Active
GENESIS-G90-1949,17.2,47.2,1144,3492,0.215,94.8,Nominal Magic Carpet Luxury Ride
GENESIS-G90-1950,5.9,54.6,989,3570,0.166,95.9,Nominal Magic Carpet Luxury Ride
GENESIS-G90-1951,95.0,101.9,530,1206,0.368,89.8,Pothole Pre-Damping Softening Active
GENESIS-G90-1952,23.1,40.6,1330,3168,0.201,96.3,Nominal Magic Carpet Luxury Ride
GENESIS-G90-1953,5.0,90.8,595,3646,0.182,94.2,Nominal Magic Carpet Luxury Ride
GENESIS-G90-1954,14.3,41.9,1288,3488,0.177,94.3,Nominal Magic Carpet Luxury Ride
GENESIS-G90-1955,14.6,63.1,856,3352,0.194,95.8,Nominal Magic Carpet Luxury Ride
GENESIS-G90-1956,55.0,62.8,860,2269,0.267,95.5,Pothole Pre-Damping Softening Active
GENESIS-G90-1957,17.0,56.4,958,3439,0.208,94.2,Nominal Magic Carpet Luxury Ride
GENESIS-G90-1958,27.6,85.1,635,3097,0.196,97.9,Nominal Magic Carpet Luxury Ride
GENESIS-G90-1959,65.2,45.7,1181,1767,0.275,93.0,Pothole Pre-Damping Softening Active
GENESIS-G90-1960,5.0,77.9,693,3783,0.109,98.2,Nominal Magic Carpet Luxury Ride
GENESIS-G90-1961,19.8,65.7,822,3390,0.165,94.5,Nominal Magic Carpet Luxury Ride
GENESIS-G90-1962,8.0,59.7,905,3692,0.112,97.8,Nominal Magic Carpet Luxury Ride
GENESIS-G90-1963,95.0,59.2,911,1363,0.407,92.5,Pothole Pre-Damping Softening Active
GENESIS-G90-1964,39.5,71.0,761,2881,0.157,95.0,Nominal Magic Carpet Luxury Ride
GENESIS-G90-1965,31.1,34.3,1573,3001,0.255,95.3,Nominal Magic Carpet Luxury Ride
GENESIS-G90-1966,32.6,70.9,762,2714,0.219,94.3,Nominal Magic Carpet Luxury Ride
GENESIS-G90-1967,20.1,47.6,1136,3055,0.124,95.3,Nominal Magic Carpet Luxury Ride
GENESIS-G90-1968,8.8,81.2,665,3718,0.095,95.7,Nominal Magic Carpet Luxury Ride
GENESIS-G90-1969,20.4,102.8,525,3099,0.171,96.1,Nominal Magic Carpet Luxury Ride
GENESIS-G90-1970,5.0,84.2,641,3823,0.151,96.4,Nominal Magic Carpet Luxury Ride
GENESIS-G90-1971,9.9,67.6,798,3680,0.152,96.1,Nominal Magic Carpet Luxury Ride
GENESIS-G90-1972,15.4,78.2,691,3382,0.157,94.7,Nominal Magic Carpet Luxury Ride
GENESIS-G90-1973,8.2,64.0,844,3666,0.135,95.9,Nominal Magic Carpet Luxury Ride
GENESIS-G90-1974,26.1,40.2,1342,2970,0.212,96.2,Nominal Magic Carpet Luxury Ride
GENESIS-G90-1975,83.0,35.4,1527,1579,0.366,92.1,Pothole Pre-Damping Softening Active
GENESIS-G90-1976,11.8,97.3,555,3438,0.155,93.4,Nominal Magic Carpet Luxury Ride
GENESIS-G90-1977,27.2,41.8,1292,3003,0.202,94.9,Nominal Magic Carpet Luxury Ride
GENESIS-G90-1978,20.3,42.8,1261,3302,0.218,96.1,Nominal Magic Carpet Luxury Ride
GENESIS-G90-1979,7.9,56.0,964,3651,0.162,95.8,Nominal Magic Carpet Luxury Ride
GENESIS-G90-1980,67.9,97.1,556,2093,0.332,93.5,Pothole Pre-Damping Softening Active
GENESIS-G90-1981,42.7,60.4,894,2506,0.278,94.1,Pothole Pre-Damping Softening Active
GENESIS-G90-1982,8.4,32.7,1653,3665,0.173,94.5,Nominal Magic Carpet Luxury Ride
GENESIS-G90-1983,71.8,105.7,511,1875,0.345,92.6,Pothole Pre-Damping Softening Active
GENESIS-G90-1984,15.2,42.8,1262,3388,0.245,94.3,Nominal Magic Carpet Luxury Ride
GENESIS-G90-1985,5.0,89.3,605,3636,0.153,95.3,Nominal Magic Carpet Luxury Ride
GENESIS-G90-1986,46.5,74.7,723,2618,0.241,95.4,Pothole Pre-Damping Softening Active
GENESIS-G90-1987,27.7,73.8,732,3098,0.193,95.6,Nominal Magic Carpet Luxury Ride
GENESIS-G90-1988,8.5,50.1,1079,3524,0.157,95.9,Nominal Magic Carpet Luxury Ride
GENESIS-G90-1989,17.1,57.8,935,3312,0.175,95.0,Nominal Magic Carpet Luxury Ride
GENESIS-G90-1990,33.5,69.3,779,2952,0.244,94.9,Nominal Magic Carpet Luxury Ride
GENESIS-G90-1991,5.0,98.1,550,3856,0.151,94.6,Nominal Magic Carpet Luxury Ride
GENESIS-G90-1992,5.0,66.8,809,3817,0.087,97.2,Nominal Magic Carpet Luxury Ride
GENESIS-G90-1993,64.0,88.7,609,1934,0.338,93.4,Pothole Pre-Damping Softening Active
GENESIS-G90-1994,5.0,104.3,518,3849,0.117,96.9,Nominal Magic Carpet Luxury Ride
GENESIS-G90-1995,23.1,106.6,507,3240,0.162,93.8,Nominal Magic Carpet Luxury Ride
GENESIS-G90-1996,6.3,43.0,1257,3398,0.189,95.0,Nominal Magic Carpet Luxury Ride
GENESIS-G90-1997,5.3,61.5,878,3554,0.137,97.7,Nominal Magic Carpet Luxury Ride
GENESIS-G90-1998,95.0,36.4,1483,1211,0.4,91.3,Pothole Pre-Damping Softening Active
GENESIS-G90-1999,7.5,107.7,501,3405,0.12,97.3,Nominal Magic Carpet Luxury Ride
GENESIS-G90-2000,51.0,81.5,662,2501,0.278,94.8,Pothole Pre-Damping Softening Active
GENESIS-G90-2001,19.1,72.1,749,3251,0.206,96.0,Nominal Magic Carpet Luxury Ride
GENESIS-G90-2002,7.5,86.9,621,3691,0.188,95.6,Nominal Magic Carpet Luxury Ride
GENESIS-G90-2003,9.1,37.5,1439,3662,0.123,97.5,Nominal Magic Carpet Luxury Ride
GENESIS-G90-2004,8.9,93.3,579,3551,0.166,94.7,Nominal Magic Carpet Luxury Ride
GENESIS-G90-2005,95.0,56.2,961,1309,0.374,89.6,Pothole Pre-Damping Softening Active
GENESIS-G90-2006,45.9,85.0,635,2715,0.289,94.1,Pothole Pre-Damping Softening Active
GENESIS-G90-2007,15.7,69.9,773,3374,0.213,95.6,Nominal Magic Carpet Luxury Ride
GENESIS-G90-2008,95.0,56.0,964,1215,0.41,91.4,Pothole Pre-Damping Softening Active
GENESIS-G90-2009,5.0,83.4,647,3595,0.172,95.0,Nominal Magic Carpet Luxury Ride
GENESIS-G90-2010,5.3,106.6,507,3656,0.136,95.8,Nominal Magic Carpet Luxury Ride
GENESIS-G90-2011,12.8,79.5,680,3255,0.172,96.8,Nominal Magic Carpet Luxury Ride
GENESIS-G90-2012,21.4,99.3,544,3300,0.209,94.9,Nominal Magic Carpet Luxury Ride
GENESIS-G90-2013,11.7,52.2,1035,3340,0.152,97.1,Nominal Magic Carpet Luxury Ride
GENESIS-G90-2014,9.7,45.4,1190,3657,0.166,96.8,Nominal Magic Carpet Luxury Ride
GENESIS-G90-2015,17.6,73.6,733,3423,0.18,95.9,Nominal Magic Carpet Luxury Ride
GENESIS-G90-2016,21.6,39.9,1352,3203,0.184,95.4,Nominal Magic Carpet Luxury Ride
GENESIS-G90-2017,58.3,78.6,687,2129,0.277,93.6,Pothole Pre-Damping Softening Active
GENESIS-G90-2018,7.3,39.3,1373,3613,0.19,94.3,Nominal Magic Carpet Luxury Ride
GENESIS-G90-2019,32.2,98.6,547,2862,0.232,95.2,Nominal Magic Carpet Luxury Ride
GENESIS-G90-2020,16.2,106.1,509,3180,0.151,97.3,Nominal Magic Carpet Luxury Ride
GENESIS-G90-2021,21.5,67.8,797,3196,0.152,95.5,Nominal Magic Carpet Luxury Ride
GENESIS-G90-2022,15.3,57.5,940,3406,0.177,93.1,Nominal Magic Carpet Luxury Ride
GENESIS-G90-2023,28.8,31.8,1696,3024,0.247,97.1,Nominal Magic Carpet Luxury Ride
GENESIS-G90-2024,17.0,34.7,1556,3535,0.116,97.8,Nominal Magic Carpet Luxury Ride
GENESIS-G90-2025,12.1,109.4,494,3431,0.149,96.3,Nominal Magic Carpet Luxury Ride
GENESIS-G90-2026,18.5,54.7,986,3332,0.229,96.7,Nominal Magic Carpet Luxury Ride
GENESIS-G90-2027,33.4,57.1,945,2852,0.231,96.3,Nominal Magic Carpet Luxury Ride
GENESIS-G90-2028,5.7,93.7,577,3682,0.172,95.0,Nominal Magic Carpet Luxury Ride
GENESIS-G90-2029,10.8,70.7,764,3671,0.153,96.6,Nominal Magic Carpet Luxury Ride
GENESIS-G90-2030,13.0,62.3,867,3280,0.143,95.5,Nominal Magic Carpet Luxury Ride
GENESIS-G90-2031,38.7,40.4,1335,2899,0.192,92.7,Nominal Magic Carpet Luxury Ride
GENESIS-G90-2032,5.0,75.1,719,3519,0.124,97.0,Nominal Magic Carpet Luxury Ride
GENESIS-G90-2033,14.4,85.2,634,3186,0.173,97.6,Nominal Magic Carpet Luxury Ride
GENESIS-G90-2034,5.0,65.9,819,3875,0.147,95.7,Nominal Magic Carpet Luxury Ride
GENESIS-G90-2035,9.6,83.8,645,3494,0.097,95.2,Nominal Magic Carpet Luxury Ride
GENESIS-G90-2036,21.6,66.6,811,3194,0.165,95.9,Nominal Magic Carpet Luxury Ride
GENESIS-G90-2037,12.6,99.0,545,3475,0.176,96.7,Nominal Magic Carpet Luxury Ride
GENESIS-G90-2038,5.0,85.4,632,3774,0.111,96.9,Nominal Magic Carpet Luxury Ride
GENESIS-G90-2039,8.3,50.3,1074,3836,0.139,98.7,Nominal Magic Carpet Luxury Ride
GENESIS-G90-2040,29.7,104.9,515,2883,0.207,97.3,Nominal Magic Carpet Luxury Ride
GENESIS-G90-2041,95.0,97.5,554,1200,0.371,92.6,Pothole Pre-Damping Softening Active
GENESIS-G90-2042,23.0,96.4,560,3172,0.188,96.2,Nominal Magic Carpet Luxury Ride
GENESIS-G90-2043,5.2,97.1,556,3799,0.131,98.1,Nominal Magic Carpet Luxury Ride
GENESIS-G90-2044,7.4,61.2,882,3675,0.136,98.6,Nominal Magic Carpet Luxury Ride
GENESIS-G90-2045,5.0,107.0,505,3703,0.171,97.9,Nominal Magic Carpet Luxury Ride
GENESIS-G90-2046,7.7,93.4,578,3606,0.128,96.4,Nominal Magic Carpet Luxury Ride
GENESIS-G90-2047,68.4,76.0,711,1838,0.255,93.2,Pothole Pre-Damping Softening Active
GENESIS-G90-2048,5.0,62.6,862,3709,0.142,97.4,Nominal Magic Carpet Luxury Ride
GENESIS-G90-2049,11.1,47.7,1133,3730,0.178,98.1,Nominal Magic Carpet Luxury Ride
GENESIS-G90-2050,95.0,60.8,888,1200,0.431,92.7,Pothole Pre-Damping Softening Active
GENESIS-G90-2051,5.0,84.1,642,3670,0.13,96.8,Nominal Magic Carpet Luxury Ride
GENESIS-G90-2052,95.0,41.1,1314,1223,0.371,93.4,Pothole Pre-Damping Softening Active
GENESIS-G90-2053,71.8,63.3,853,1962,0.296,95.8,Pothole Pre-Damping Softening Active
GENESIS-G90-2054,31.3,106.5,507,2989,0.199,95.8,Nominal Magic Carpet Luxury Ride
GENESIS-G90-2055,13.5,42.8,1263,3444,0.129,97.8,Nominal Magic Carpet Luxury Ride
GENESIS-G90-2056,38.2,40.2,1342,2737,0.258,93.4,Nominal Magic Carpet Luxury Ride
GENESIS-G90-2057,5.0,64.1,843,3854,0.1,96.4,Nominal Magic Carpet Luxury Ride
GENESIS-G90-2058,27.7,72.7,743,3317,0.144,97.1,Nominal Magic Carpet Luxury Ride
GENESIS-G90-2059,6.0,90.6,596,3737,0.149,95.8,Nominal Magic Carpet Luxury Ride
GENESIS-G90-2060,28.7,62.4,866,3078,0.22,93.7,Nominal Magic Carpet Luxury Ride
GENESIS-G90-2061,84.7,81.5,663,1478,0.316,95.3,Pothole Pre-Damping Softening Active
GENESIS-G90-2062,5.0,88.8,608,3683,0.139,96.5,Nominal Magic Carpet Luxury Ride
GENESIS-G90-2063,10.2,65.9,819,3555,0.13,97.5,Nominal Magic Carpet Luxury Ride
GENESIS-G90-2064,5.0,35.0,1543,3659,0.178,97.1,Nominal Magic Carpet Luxury Ride
GENESIS-G90-2065,42.3,64.6,835,2804,0.226,95.4,Pothole Pre-Damping Softening Active
GENESIS-G90-2066,46.4,51.6,1046,2624,0.299,94.5,Pothole Pre-Damping Softening Active
GENESIS-G90-2067,25.2,45.8,1179,3094,0.183,96.8,Nominal Magic Carpet Luxury Ride
GENESIS-G90-2068,18.4,71.9,751,3248,0.184,94.8,Nominal Magic Carpet Luxury Ride
GENESIS-G90-2069,32.1,80.5,671,2802,0.237,93.6,Nominal Magic Carpet Luxury Ride
GENESIS-G90-2070,18.0,77.0,702,3480,0.26,92.4,Nominal Magic Carpet Luxury Ride
GENESIS-G90-2071,11.6,51.7,1045,3237,0.115,96.3,Nominal Magic Carpet Luxury Ride
GENESIS-G90-2072,5.0,60.6,891,3916,0.126,98.2,Nominal Magic Carpet Luxury Ride
GENESIS-G90-2073,75.1,87.1,620,1914,0.333,91.5,Pothole Pre-Damping Softening Active
GENESIS-G90-2074,95.0,36.2,1494,1200,0.366,92.5,Pothole Pre-Damping Softening Active
GENESIS-G90-2075,11.8,106.9,505,3714,0.162,98.7,Nominal Magic Carpet Luxury Ride
GENESIS-G90-2076,5.0,38.2,1413,3809,0.126,97.2,Nominal Magic Carpet Luxury Ride
GENESIS-G90-2077,5.0,85.7,630,3495,0.195,95.4,Nominal Magic Carpet Luxury Ride
GENESIS-G90-2078,63.7,75.3,717,1939,0.317,92.0,Pothole Pre-Damping Softening Active
GENESIS-G90-2079,5.0,62.4,866,3582,0.172,96.3,Nominal Magic Carpet Luxury Ride
GENESIS-G90-2080,10.6,64.1,842,3544,0.094,97.6,Nominal Magic Carpet Luxury Ride
GENESIS-G90-2081,5.0,57.6,937,3472,0.148,97.0,Nominal Magic Carpet Luxury Ride
GENESIS-G90-2082,37.3,67.6,799,2755,0.272,94.9,Nominal Magic Carpet Luxury Ride
GENESIS-G90-2083,21.4,48.5,1113,3292,0.16,95.8,Nominal Magic Carpet Luxury Ride
GENESIS-G90-2084,31.7,34.0,1589,2975,0.191,96.5,Nominal Magic Carpet Luxury Ride
GENESIS-G90-2085,9.2,104.1,519,3654,0.149,93.5,Nominal Magic Carpet Luxury Ride
GENESIS-G90-2086,9.5,93.7,576,3639,0.129,97.5,Nominal Magic Carpet Luxury Ride
GENESIS-G90-2087,9.1,59.4,909,3625,0.123,97.0,Nominal Magic Carpet Luxury Ride
GENESIS-G90-2088,95.0,54.5,990,1200,0.373,92.0,Pothole Pre-Damping Softening Active
GENESIS-G90-2089,43.7,99.7,542,2696,0.208,96.9,Pothole Pre-Damping Softening Active
GENESIS-G90-2090,11.0,39.9,1354,3357,0.154,95.0,Nominal Magic Carpet Luxury Ride
GENESIS-G90-2091,26.4,74.2,728,3110,0.228,92.8,Nominal Magic Carpet Luxury Ride
GENESIS-G90-2092,95.0,54.2,996,1200,0.414,91.2,Pothole Pre-Damping Softening Active
GENESIS-G90-2093,6.6,45.2,1194,3577,0.121,98.4,Nominal Magic Carpet Luxury Ride
GENESIS-G90-2094,26.0,101.4,533,3261,0.175,97.5,Nominal Magic Carpet Luxury Ride
GENESIS-G90-2095,5.0,40.8,1324,3725,0.143,93.9,Nominal Magic Carpet Luxury Ride
GENESIS-G90-2096,18.2,39.4,1371,3355,0.223,95.9,Nominal Magic Carpet Luxury Ride
GENESIS-G90-2097,21.8,58.8,918,3203,0.243,93.9,Nominal Magic Carpet Luxury Ride
GENESIS-G90-2098,15.8,74.5,725,3272,0.118,96.3,Nominal Magic Carpet Luxury Ride
GENESIS-G90-2099,35.4,65.6,823,2828,0.248,95.1,Nominal Magic Carpet Luxury Ride
GENESIS-G90-2100,5.0,39.3,1375,3368,0.087,96.5,Nominal Magic Carpet Luxury Ride
GENESIS-G90-2101,26.6,104.0,519,2957,0.19,96.0,Nominal Magic Carpet Luxury Ride
GENESIS-G90-2102,84.2,83.4,648,1415,0.334,92.2,Pothole Pre-Damping Softening Active
GENESIS-G90-2103,5.8,71.4,756,3712,0.146,95.3,Nominal Magic Carpet Luxury Ride
GENESIS-G90-2104,13.5,44.5,1212,3469,0.189,95.7,Nominal Magic Carpet Luxury Ride
GENESIS-G90-2105,22.7,85.6,631,3072,0.226,95.3,Nominal Magic Carpet Luxury Ride
GENESIS-G90-2106,95.0,38.7,1394,1200,0.424,91.8,Pothole Pre-Damping Softening Active
GENESIS-G90-2107,5.0,66.9,807,3665,0.214,95.0,Nominal Magic Carpet Luxury Ride
GENESIS-G90-2108,33.0,89.6,603,2890,0.192,92.9,Nominal Magic Carpet Luxury Ride
GENESIS-G90-2109,5.0,85.5,632,3831,0.137,97.2,Nominal Magic Carpet Luxury Ride
GENESIS-G90-2110,63.8,107.0,505,1859,0.297,94.7,Pothole Pre-Damping Softening Active
GENESIS-G90-2111,21.0,65.1,830,3460,0.178,94.9,Nominal Magic Carpet Luxury Ride
GENESIS-G90-2112,21.6,53.0,1019,3266,0.2,96.5,Nominal Magic Carpet Luxury Ride
GENESIS-G90-2113,54.1,33.2,1627,2162,0.295,95.3,Pothole Pre-Damping Softening Active
GENESIS-G90-2114,15.8,78.7,686,3344,0.129,95.4,Nominal Magic Carpet Luxury Ride
GENESIS-G90-2115,23.9,79.3,681,3260,0.229,95.1,Nominal Magic Carpet Luxury Ride
GENESIS-G90-2116,34.7,91.0,593,2980,0.203,94.8,Nominal Magic Carpet Luxury Ride
GENESIS-G90-2117,11.5,84.2,641,3676,0.167,95.9,Nominal Magic Carpet Luxury Ride
GENESIS-G90-2118,5.0,72.3,747,3473,0.1,96.6,Nominal Magic Carpet Luxury Ride
GENESIS-G90-2119,15.4,99.8,541,3575,0.193,95.9,Nominal Magic Carpet Luxury Ride
GENESIS-G90-2120,5.0,64.4,839,3875,0.166,95.3,Nominal Magic Carpet Luxury Ride
GENESIS-G90-2121,95.0,75.4,716,1200,0.397,90.7,Pothole Pre-Damping Softening Active
GENESIS-G90-2122,20.1,54.1,998,3178,0.126,96.5,Nominal Magic Carpet Luxury Ride
GENESIS-G90-2123,18.3,33.0,1638,3506,0.187,94.9,Nominal Magic Carpet Luxury Ride
GENESIS-G90-2124,13.1,96.5,559,3502,0.17,93.7,Nominal Magic Carpet Luxury Ride
GENESIS-G90-2125,26.5,71.7,753,2878,0.198,96.3,Nominal Magic Carpet Luxury Ride
GENESIS-G90-2126,44.6,72.5,745,2416,0.272,93.0,Pothole Pre-Damping Softening Active
GENESIS-G90-2127,5.2,76.4,707,3849,0.114,98.0,Nominal Magic Carpet Luxury Ride
GENESIS-G90-2128,16.7,101.7,531,3330,0.196,95.2,Nominal Magic Carpet Luxury Ride
GENESIS-G90-2129,9.1,48.2,1119,3282,0.193,96.3,Nominal Magic Carpet Luxury Ride
GENESIS-G90-2130,71.2,85.9,628,1809,0.336,95.0,Pothole Pre-Damping Softening Active
GENESIS-G90-2131,51.3,31.0,1742,2336,0.284,92.2,Pothole Pre-Damping Softening Active
GENESIS-G90-2132,12.1,99.5,543,3396,0.13,93.6,Nominal Magic Carpet Luxury Ride
GENESIS-G90-2133,5.0,83.0,651,3701,0.102,96.8,Nominal Magic Carpet Luxury Ride
GENESIS-G90-2134,23.5,52.1,1036,2925,0.206,93.4,Nominal Magic Carpet Luxury Ride
GENESIS-G90-2135,19.6,44.6,1212,3327,0.156,95.2,Nominal Magic Carpet Luxury Ride
GENESIS-G90-2136,5.0,104.4,517,3841,0.117,97.7,Nominal Magic Carpet Luxury Ride
GENESIS-G90-2137,5.0,94.9,569,3547,0.123,96.5,Nominal Magic Carpet Luxury Ride
GENESIS-G90-2138,34.8,64.6,835,2806,0.266,93.2,Nominal Magic Carpet Luxury Ride
GENESIS-G90-2139,7.3,38.9,1387,3464,0.126,95.7,Nominal Magic Carpet Luxury Ride
GENESIS-G90-2140,26.1,85.6,631,2896,0.18,96.4,Nominal Magic Carpet Luxury Ride
GENESIS-G90-2141,20.4,75.8,712,3222,0.203,95.6,Nominal Magic Carpet Luxury Ride
GENESIS-G90-2142,26.2,109.1,495,2984,0.161,95.4,Nominal Magic Carpet Luxury Ride
GENESIS-G90-2143,33.7,54.8,986,2850,0.231,94.4,Nominal Magic Carpet Luxury Ride
GENESIS-G90-2144,75.3,80.0,675,1684,0.37,92.5,Pothole Pre-Damping Softening Active
GENESIS-G90-2145,5.0,91.6,590,3724,0.138,95.3,Nominal Magic Carpet Luxury Ride
GENESIS-G90-2146,90.0,61.1,883,1221,0.357,92.2,Pothole Pre-Damping Softening Active
GENESIS-G90-2147,59.5,81.9,659,2207,0.236,95.2,Pothole Pre-Damping Softening Active
GENESIS-G90-2148,5.0,34.6,1560,3698,0.111,96.9,Nominal Magic Carpet Luxury Ride
GENESIS-G90-2149,6.9,93.7,577,3561,0.131,96.1,Nominal Magic Carpet Luxury Ride
GENESIS-G90-2150,19.0,48.5,1115,3240,0.175,94.7,Nominal Magic Carpet Luxury Ride
GENESIS-G90-2151,5.0,99.0,545,3437,0.134,97.2,Nominal Magic Carpet Luxury Ride
GENESIS-G90-2152,28.9,87.0,620,3044,0.2,96.2,Nominal Magic Carpet Luxury Ride
GENESIS-G90-2153,6.1,86.5,624,3675,0.129,97.9,Nominal Magic Carpet Luxury Ride
GENESIS-G90-2154,5.0,106.2,508,3927,0.154,97.2,Nominal Magic Carpet Luxury Ride
GENESIS-G90-2155,6.1,39.9,1355,3704,0.098,98.0,Nominal Magic Carpet Luxury Ride
GENESIS-G90-2156,5.0,54.6,989,3597,0.085,97.8,Nominal Magic Carpet Luxury Ride
GENESIS-G90-2157,10.8,51.7,1044,3408,0.097,97.2,Nominal Magic Carpet Luxury Ride
GENESIS-G90-2158,5.0,96.0,563,3709,0.141,95.7,Nominal Magic Carpet Luxury Ride
GENESIS-G90-2159,16.5,59.9,901,3445,0.189,95.6,Nominal Magic Carpet Luxury Ride
GENESIS-G90-2160,6.9,33.8,1597,3592,0.094,98.0,Nominal Magic Carpet Luxury Ride
GENESIS-G90-2161,5.0,43.1,1252,3641,0.134,98.0,Nominal Magic Carpet Luxury Ride
GENESIS-G90-2162,43.3,107.0,505,2604,0.202,96.8,Pothole Pre-Damping Softening Active
GENESIS-G90-2163,5.0,51.3,1054,3894,0.138,95.8,Nominal Magic Carpet Luxury Ride
GENESIS-G90-2164,5.0,36.4,1482,3596,0.084,99.2,Nominal Magic Carpet Luxury Ride
GENESIS-G90-2165,13.1,47.8,1130,3312,0.123,96.9,Nominal Magic Carpet Luxury Ride
GENESIS-G90-2166,26.3,94.8,570,3019,0.264,94.4,Nominal Magic Carpet Luxury Ride
GENESIS-G90-2167,32.4,86.6,623,3073,0.211,94.2,Nominal Magic Carpet Luxury Ride
GENESIS-G90-2168,58.6,92.2,585,2401,0.267,92.5,Pothole Pre-Damping Softening Active
GENESIS-G90-2169,20.0,82.8,653,3220,0.169,94.6,Nominal Magic Carpet Luxury Ride
GENESIS-G90-2170,11.6,85.9,629,3341,0.159,96.0,Nominal Magic Carpet Luxury Ride
GENESIS-G90-2171,5.0,99.2,544,3559,0.148,95.5,Nominal Magic Carpet Luxury Ride
GENESIS-G90-2172,25.6,50.6,1068,3135,0.212,95.3,Nominal Magic Carpet Luxury Ride
GENESIS-G90-2173,12.6,98.6,548,3241,0.169,96.2,Nominal Magic Carpet Luxury Ride
GENESIS-G90-2174,48.1,30.4,1778,2470,0.243,93.6,Pothole Pre-Damping Softening Active
GENESIS-G90-2175,5.0,84.2,642,3647,0.16,95.6,Nominal Magic Carpet Luxury Ride
GENESIS-G90-2176,25.2,78.5,688,3124,0.213,94.7,Nominal Magic Carpet Luxury Ride
GENESIS-G90-2177,24.0,95.2,567,3174,0.205,94.7,Nominal Magic Carpet Luxury Ride
GENESIS-G90-2178,5.0,66.8,809,3983,0.08,96.4,Nominal Magic Carpet Luxury Ride
GENESIS-G90-2179,12.2,51.3,1052,3534,0.195,95.3,Nominal Magic Carpet Luxury Ride
GENESIS-G90-2180,25.7,96.8,558,3079,0.224,94.7,Nominal Magic Carpet Luxury Ride
GENESIS-G90-2181,35.9,76.0,711,2875,0.235,93.4,Nominal Magic Carpet Luxury Ride
GENESIS-G90-2182,15.1,49.9,1083,3294,0.131,99.5,Nominal Magic Carpet Luxury Ride
GENESIS-G90-2183,6.2,61.1,884,3382,0.171,95.6,Nominal Magic Carpet Luxury Ride
GENESIS-G90-2184,32.8,75.6,714,2923,0.174,95.0,Nominal Magic Carpet Luxury Ride
GENESIS-G90-2185,5.0,48.1,1122,3726,0.111,97.3,Nominal Magic Carpet Luxury Ride
GENESIS-G90-2186,42.7,101.6,531,2595,0.196,96.9,Pothole Pre-Damping Softening Active
GENESIS-G90-2187,5.0,34.4,1568,3824,0.152,95.8,Nominal Magic Carpet Luxury Ride
GENESIS-G90-2188,25.4,33.5,1614,3031,0.195,95.6,Nominal Magic Carpet Luxury Ride
GENESIS-G90-2189,5.0,78.0,692,3503,0.182,93.7,Nominal Magic Carpet Luxury Ride
GENESIS-G90-2190,12.2,108.6,497,3703,0.134,95.2,Nominal Magic Carpet Luxury Ride
GENESIS-G90-2191,57.2,70.2,769,2036,0.212,95.7,Pothole Pre-Damping Softening Active
GENESIS-G90-2192,15.4,65.8,820,3287,0.207,93.2,Nominal Magic Carpet Luxury Ride
GENESIS-G90-2193,20.4,82.4,655,3238,0.127,96.3,Nominal Magic Carpet Luxury Ride
GENESIS-G90-2194,62.6,68.1,793,2007,0.305,91.8,Pothole Pre-Damping Softening Active
GENESIS-G90-2195,5.8,74.5,725,3777,0.189,96.0,Nominal Magic Carpet Luxury Ride
GENESIS-G90-2196,21.2,109.9,492,2996,0.156,95.3,Nominal Magic Carpet Luxury Ride
GENESIS-G90-2197,24.9,52.6,1027,2919,0.222,94.7,Nominal Magic Carpet Luxury Ride
GENESIS-G90-2198,5.0,36.1,1498,3723,0.131,97.5,Nominal Magic Carpet Luxury Ride
GENESIS-G90-2199,14.4,54.8,985,3292,0.229,93.6,Nominal Magic Carpet Luxury Ride
GENESIS-G90-2200,95.0,74.9,721,1200,0.409,90.4,Pothole Pre-Damping Softening Active
GENESIS-G90-2201,29.8,65.9,820,3128,0.133,95.7,Nominal Magic Carpet Luxury Ride
GENESIS-G90-2202,5.0,58.6,921,3683,0.16,94.9,Nominal Magic Carpet Luxury Ride
GENESIS-G90-2203,5.0,60.1,899,3748,0.082,96.8,Nominal Magic Carpet Luxury Ride
GENESIS-G90-2204,5.5,39.8,1355,3565,0.147,97.7,Nominal Magic Carpet Luxury Ride
GENESIS-G90-2205,5.0,65.3,827,3766,0.161,96.3,Nominal Magic Carpet Luxury Ride
GENESIS-G90-2206,8.5,44.6,1210,3504,0.115,97.7,Nominal Magic Carpet Luxury Ride
GENESIS-G90-2207,5.0,105.9,510,3706,0.111,96.3,Nominal Magic Carpet Luxury Ride
GENESIS-G90-2208,17.8,69.4,778,3220,0.172,93.9,Nominal Magic Carpet Luxury Ride
GENESIS-G90-2209,5.0,95.1,568,3357,0.133,95.9,Nominal Magic Carpet Luxury Ride
GENESIS-G90-2210,25.4,84.2,641,3298,0.193,95.6,Nominal Magic Carpet Luxury Ride
GENESIS-G90-2211,31.0,88.4,611,2908,0.241,94.7,Nominal Magic Carpet Luxury Ride
GENESIS-G90-2212,11.9,36.7,1471,3528,0.145,95.2,Nominal Magic Carpet Luxury Ride
GENESIS-G90-2213,5.0,70.7,764,3682,0.19,96.8,Nominal Magic Carpet Luxury Ride
GENESIS-G90-2214,11.5,48.2,1121,3579,0.101,95.2,Nominal Magic Carpet Luxury Ride
GENESIS-G90-2215,18.6,32.7,1653,3424,0.151,96.6,Nominal Magic Carpet Luxury Ride
GENESIS-G90-2216,7.4,34.6,1562,3624,0.1,94.7,Nominal Magic Carpet Luxury Ride
GENESIS-G90-2217,5.1,63.0,857,3565,0.212,94.4,Nominal Magic Carpet Luxury Ride
GENESIS-G90-2218,17.4,51.8,1042,3323,0.178,92.9,Nominal Magic Carpet Luxury Ride
GENESIS-G90-2219,10.4,103.6,521,3465,0.151,97.3,Nominal Magic Carpet Luxury Ride
GENESIS-G90-2220,37.0,59.9,901,2704,0.263,95.6,Nominal Magic Carpet Luxury Ride
GENESIS-G90-2221,34.2,107.8,501,2697,0.252,93.6,Nominal Magic Carpet Luxury Ride
GENESIS-G90-2222,5.0,87.8,615,3621,0.114,98.3,Nominal Magic Carpet Luxury Ride
GENESIS-G90-2223,13.1,62.1,870,3487,0.134,97.0,Nominal Magic Carpet Luxury Ride
GENESIS-G90-2224,5.0,34.5,1567,3520,0.142,97.0,Nominal Magic Carpet Luxury Ride
GENESIS-G90-2225,5.0,36.4,1485,3726,0.11,97.3,Nominal Magic Carpet Luxury Ride
GENESIS-G90-2226,51.3,88.6,609,2094,0.236,94.9,Pothole Pre-Damping Softening Active
GENESIS-G90-2227,20.1,69.6,776,3319,0.157,93.9,Nominal Magic Carpet Luxury Ride
GENESIS-G90-2228,16.8,49.8,1085,3282,0.204,95.7,Nominal Magic Carpet Luxury Ride
GENESIS-G90-2229,46.7,81.4,663,2239,0.271,96.2,Pothole Pre-Damping Softening Active
GENESIS-G90-2230,5.0,34.9,1545,3755,0.113,95.2,Nominal Magic Carpet Luxury Ride
GENESIS-G90-2231,5.0,37.2,1451,3515,0.166,96.3,Nominal Magic Carpet Luxury Ride
GENESIS-G90-2232,5.0,83.9,644,3695,0.098,96.3,Nominal Magic Carpet Luxury Ride
GENESIS-G90-2233,5.0,98.3,549,3745,0.16,94.4,Nominal Magic Carpet Luxury Ride
GENESIS-G90-2234,72.6,38.9,1388,1787,0.325,93.1,Pothole Pre-Damping Softening Active
GENESIS-G90-2235,5.0,68.7,786,3616,0.08,99.1,Nominal Magic Carpet Luxury Ride
GENESIS-G90-2236,5.0,40.3,1340,3634,0.135,96.4,Nominal Magic Carpet Luxury Ride
GENESIS-G90-2237,13.3,61.1,884,3386,0.17,95.2,Nominal Magic Carpet Luxury Ride
GENESIS-G90-2238,5.0,68.2,792,3552,0.096,97.3,Nominal Magic Carpet Luxury Ride
GENESIS-G90-2239,21.7,83.0,650,3131,0.173,95.7,Nominal Magic Carpet Luxury Ride
GENESIS-G90-2240,6.5,95.2,567,3508,0.196,96.6,Nominal Magic Carpet Luxury Ride
GENESIS-G90-2241,15.3,89.6,602,3468,0.169,96.4,Nominal Magic Carpet Luxury Ride
GENESIS-G90-2242,5.0,96.1,562,3414,0.141,98.2,Nominal Magic Carpet Luxury Ride
GENESIS-G90-2243,58.6,64.5,837,2098,0.272,94.8,Pothole Pre-Damping Softening Active
GENESIS-G90-2244,5.0,84.0,643,3629,0.133,95.3,Nominal Magic Carpet Luxury Ride
GENESIS-G90-2245,7.2,45.4,1190,3686,0.126,98.0,Nominal Magic Carpet Luxury Ride
GENESIS-G90-2246,14.1,101.6,532,3471,0.133,96.8,Nominal Magic Carpet Luxury Ride
GENESIS-G90-2247,34.1,34.0,1587,2615,0.197,95.5,Nominal Magic Carpet Luxury Ride
GENESIS-G90-2248,20.5,32.7,1650,3251,0.153,96.7,Nominal Magic Carpet Luxury Ride
GENESIS-G90-2249,19.2,75.6,714,3291,0.186,95.3,Nominal Magic Carpet Luxury Ride
GENESIS-G90-2250,36.8,67.3,803,2770,0.224,94.3,Nominal Magic Carpet Luxury Ride
GENESIS-G90-2251,30.2,98.5,548,2778,0.203,95.4,Nominal Magic Carpet Luxury Ride
GENESIS-G90-2252,5.0,55.6,970,3723,0.163,95.6,Nominal Magic Carpet Luxury Ride
GENESIS-G90-2253,21.1,52.1,1035,3075,0.178,98.1,Nominal Magic Carpet Luxury Ride
GENESIS-G90-2254,5.0,51.2,1055,3744,0.143,95.6,Nominal Magic Carpet Luxury Ride
GENESIS-G90-2255,83.3,89.6,603,1413,0.384,91.9,Pothole Pre-Damping Softening Active
GENESIS-G90-2256,10.3,106.7,506,3600,0.173,96.1,Nominal Magic Carpet Luxury Ride
GENESIS-G90-2257,18.8,96.9,557,3314,0.176,94.9,Nominal Magic Carpet Luxury Ride
GENESIS-G90-2258,5.0,74.3,727,3611,0.134,97.2,Nominal Magic Carpet Luxury Ride
GENESIS-G90-2259,10.2,50.2,1077,3521,0.107,96.1,Nominal Magic Carpet Luxury Ride
GENESIS-G90-2260,5.0,35.0,1541,3547,0.082,98.5,Nominal Magic Carpet Luxury Ride
GENESIS-G90-2261,44.8,93.2,580,2566,0.243,94.8,Pothole Pre-Damping Softening Active
GENESIS-G90-2262,9.3,62.4,865,3597,0.2,95.1,Nominal Magic Carpet Luxury Ride
GENESIS-G90-2263,18.5,108.8,496,3430,0.185,96.8,Nominal Magic Carpet Luxury Ride
GENESIS-G90-2264,17.8,46.5,1161,3402,0.195,95.2,Nominal Magic Carpet Luxury Ride
GENESIS-G90-2265,33.9,89.1,606,2778,0.196,96.8,Nominal Magic Carpet Luxury Ride
GENESIS-G90-2266,55.1,35.6,1519,2285,0.271,94.2,Pothole Pre-Damping Softening Active
GENESIS-G90-2267,5.0,51.9,1040,3727,0.148,97.0,Nominal Magic Carpet Luxury Ride
GENESIS-G90-2268,7.3,77.5,697,3628,0.125,97.8,Nominal Magic Carpet Luxury Ride
GENESIS-G90-2269,17.4,37.9,1423,3288,0.216,95.1,Nominal Magic Carpet Luxury Ride
GENESIS-G90-2270,20.2,83.9,643,3271,0.153,95.9,Nominal Magic Carpet Luxury Ride
GENESIS-G90-2271,31.8,60.1,899,2732,0.281,93.9,Nominal Magic Carpet Luxury Ride
GENESIS-G90-2272,81.0,50.4,1071,1587,0.353,91.9,Pothole Pre-Damping Softening Active
GENESIS-G90-2273,5.0,54.2,996,3479,0.141,95.6,Nominal Magic Carpet Luxury Ride
GENESIS-G90-2274,27.4,103.1,524,3080,0.223,94.4,Nominal Magic Carpet Luxury Ride
GENESIS-G90-2275,95.0,46.1,1172,1200,0.363,93.6,Pothole Pre-Damping Softening Active
GENESIS-G90-2276,43.6,41.6,1297,2536,0.254,94.2,Pothole Pre-Damping Softening Active
GENESIS-G90-2277,38.0,101.1,534,2683,0.22,93.4,Nominal Magic Carpet Luxury Ride
GENESIS-G90-2278,15.1,32.4,1669,3468,0.164,96.2,Nominal Magic Carpet Luxury Ride
GENESIS-G90-2279,31.9,39.6,1363,3047,0.165,96.3,Nominal Magic Carpet Luxury Ride
GENESIS-G90-2280,7.7,40.2,1342,3705,0.13,97.8,Nominal Magic Carpet Luxury Ride
GENESIS-G90-2281,11.5,108.7,497,3611,0.137,97.9,Nominal Magic Carpet Luxury Ride
GENESIS-G90-2282,95.0,33.0,1635,1200,0.409,89.7,Pothole Pre-Damping Softening Active
GENESIS-G90-2283,5.0,75.2,718,3794,0.083,97.0,Nominal Magic Carpet Luxury Ride
GENESIS-G90-2284,85.5,56.7,953,1490,0.325,94.5,Pothole Pre-Damping Softening Active
GENESIS-G90-2285,19.4,80.8,669,3228,0.201,95.9,Nominal Magic Carpet Luxury Ride
GENESIS-G90-2286,36.3,90.7,595,2624,0.237,92.5,Nominal Magic Carpet Luxury Ride
GENESIS-G90-2287,46.4,102.6,526,2436,0.219,94.7,Pothole Pre-Damping Softening Active
GENESIS-G90-2288,20.8,73.2,738,3254,0.19,95.1,Nominal Magic Carpet Luxury Ride
GENESIS-G90-2289,70.4,104.4,517,1818,0.331,92.8,Pothole Pre-Damping Softening Active
GENESIS-G90-2290,5.7,34.5,1566,3559,0.119,95.3,Nominal Magic Carpet Luxury Ride
GENESIS-G90-2291,25.0,94.4,572,2987,0.172,96.8,Nominal Magic Carpet Luxury Ride
GENESIS-G90-2292,7.2,48.0,1125,3604,0.109,97.7,Nominal Magic Carpet Luxury Ride
GENESIS-G90-2293,17.0,92.3,585,3315,0.186,95.3,Nominal Magic Carpet Luxury Ride
GENESIS-G90-2294,53.8,47.9,1128,2204,0.32,93.9,Pothole Pre-Damping Softening Active
GENESIS-G90-2295,5.0,106.9,505,3753,0.154,94.7,Nominal Magic Carpet Luxury Ride
GENESIS-G90-2296,14.8,98.0,551,3368,0.213,94.3,Nominal Magic Carpet Luxury Ride
GENESIS-G90-2297,5.0,72.9,740,3813,0.142,96.0,Nominal Magic Carpet Luxury Ride
GENESIS-G90-2298,5.0,74.2,727,3541,0.114,96.7,Nominal Magic Carpet Luxury Ride
GENESIS-G90-2299,49.8,99.8,541,2553,0.236,95.6,Pothole Pre-Damping Softening Active
GENESIS-G90-2300,5.1,81.6,661,3953,0.093,95.4,Nominal Magic Carpet Luxury Ride
GENESIS-G90-2301,9.3,102.6,526,3383,0.137,97.3,Nominal Magic Carpet Luxury Ride
GENESIS-G90-2302,9.2,30.8,1753,3529,0.131,98.7,Nominal Magic Carpet Luxury Ride
GENESIS-G90-2303,49.0,30.3,1784,2442,0.252,93.9,Pothole Pre-Damping Softening Active
GENESIS-G90-2304,21.5,72.0,750,3299,0.177,95.2,Nominal Magic Carpet Luxury Ride
GENESIS-G90-2305,7.0,84.3,641,3673,0.101,98.9,Nominal Magic Carpet Luxury Ride
GENESIS-G90-2306,5.0,84.4,640,3760,0.181,96.4,Nominal Magic Carpet Luxury Ride
GENESIS-G90-2307,10.2,92.2,586,3454,0.165,95.3,Nominal Magic Carpet Luxury Ride
GENESIS-G90-2308,31.2,72.8,742,2891,0.215,95.7,Nominal Magic Carpet Luxury Ride
GENESIS-G90-2309,32.7,98.5,548,2593,0.258,92.8,Nominal Magic Carpet Luxury Ride
GENESIS-G90-2310,9.5,57.9,932,3508,0.116,97.1,Nominal Magic Carpet Luxury Ride
GENESIS-G90-2311,7.2,41.0,1318,3505,0.16,95.8,Nominal Magic Carpet Luxury Ride
GENESIS-G90-2312,7.7,101.2,534,3614,0.11,98.5,Nominal Magic Carpet Luxury Ride
GENESIS-G90-2313,5.0,31.6,1706,3324,0.14,98.9,Nominal Magic Carpet Luxury Ride
GENESIS-G90-2314,21.3,106.1,509,3320,0.222,94.9,Nominal Magic Carpet Luxury Ride
GENESIS-G90-2315,77.4,31.7,1704,1635,0.337,91.7,Pothole Pre-Damping Softening Active
GENESIS-G90-2316,5.0,104.1,519,3645,0.154,96.7,Nominal Magic Carpet Luxury Ride
GENESIS-G90-2317,59.3,32.6,1659,2199,0.282,93.6,Pothole Pre-Damping Softening Active
GENESIS-G90-2318,5.0,36.8,1469,3715,0.113,95.1,Nominal Magic Carpet Luxury Ride
GENESIS-G90-2319,28.1,94.8,569,2787,0.215,95.0,Nominal Magic Carpet Luxury Ride
GENESIS-G90-2320,13.7,89.0,607,3342,0.162,96.3,Nominal Magic Carpet Luxury Ride
GENESIS-G90-2321,56.5,39.6,1363,2118,0.324,91.9,Pothole Pre-Damping Softening Active
GENESIS-G90-2322,28.3,92.1,586,3127,0.193,96.9,Nominal Magic Carpet Luxury Ride
GENESIS-G90-2323,6.7,109.2,495,3603,0.092,96.4,Nominal Magic Carpet Luxury Ride
GENESIS-G90-2324,45.9,70.7,764,2335,0.268,95.6,Pothole Pre-Damping Softening Active
GENESIS-G90-2325,5.0,56.7,952,3672,0.157,95.4,Nominal Magic Carpet Luxury Ride
GENESIS-G90-2326,12.6,38.5,1403,3295,0.129,95.8,Nominal Magic Carpet Luxury Ride
GENESIS-G90-2327,13.0,76.2,709,3144,0.184,95.0,Nominal Magic Carpet Luxury Ride
GENESIS-G90-2328,5.0,51.3,1054,3635,0.111,95.1,Nominal Magic Carpet Luxury Ride
GENESIS-G90-2329,5.0,93.5,578,3631,0.121,98.6,Nominal Magic Carpet Luxury Ride
GENESIS-G90-2330,50.7,48.8,1107,2254,0.257,94.4,Pothole Pre-Damping Softening Active
GENESIS-G90-2331,7.4,43.4,1246,3636,0.198,94.6,Nominal Magic Carpet Luxury Ride
GENESIS-G90-2332,11.3,43.0,1255,3444,0.156,96.8,Nominal Magic Carpet Luxury Ride
GENESIS-G90-2333,9.1,67.5,800,3486,0.094,97.6,Nominal Magic Carpet Luxury Ride
GENESIS-G90-2334,5.0,61.4,880,3551,0.132,98.3,Nominal Magic Carpet Luxury Ride
GENESIS-G90-2335,95.0,37.0,1461,1200,0.352,93.2,Pothole Pre-Damping Softening Active
GENESIS-G90-2336,95.0,97.0,557,1200,0.382,92.0,Pothole Pre-Damping Softening Active
GENESIS-G90-2337,60.4,95.0,569,2087,0.313,93.8,Pothole Pre-Damping Softening Active
GENESIS-G90-2338,38.4,45.8,1179,2744,0.202,96.7,Nominal Magic Carpet Luxury Ride
GENESIS-G90-2339,45.4,93.3,579,2659,0.201,95.4,Pothole Pre-Damping Softening Active
GENESIS-G90-2340,95.0,88.8,608,1200,0.359,92.9,Pothole Pre-Damping Softening Active
GENESIS-G90-2341,12.2,46.0,1175,3349,0.198,95.9,Nominal Magic Carpet Luxury Ride
GENESIS-G90-2342,12.8,74.4,726,3378,0.163,95.9,Nominal Magic Carpet Luxury Ride
GENESIS-G90-2343,17.2,30.3,1785,3436,0.181,96.9,Nominal Magic Carpet Luxury Ride
GENESIS-G90-2344,15.8,35.6,1516,3347,0.172,96.0,Nominal Magic Carpet Luxury Ride
GENESIS-G90-2345,41.1,104.5,517,2737,0.273,93.8,Pothole Pre-Damping Softening Active
GENESIS-G90-2346,5.0,55.8,968,3602,0.09,94.9,Nominal Magic Carpet Luxury Ride
GENESIS-G90-2347,10.8,73.9,730,3462,0.174,94.6,Nominal Magic Carpet Luxury Ride
GENESIS-G90-2348,65.8,88.4,611,2235,0.251,93.7,Pothole Pre-Damping Softening Active
GENESIS-G90-2349,17.4,62.6,863,3218,0.154,98.1,Nominal Magic Carpet Luxury Ride
GENESIS-G90-2350,8.1,103.2,523,3575,0.164,94.4,Nominal Magic Carpet Luxury Ride
GENESIS-G90-2351,61.7,63.5,851,1881,0.327,92.6,Pothole Pre-Damping Softening Active
GENESIS-G90-2352,8.1,59.6,907,3701,0.178,96.0,Nominal Magic Carpet Luxury Ride
GENESIS-G90-2353,25.3,53.3,1012,3053,0.156,95.1,Nominal Magic Carpet Luxury Ride
GENESIS-G90-2354,5.0,32.0,1686,3556,0.139,94.8,Nominal Magic Carpet Luxury Ride
GENESIS-G90-2355,5.0,91.9,588,3576,0.132,96.4,Nominal Magic Carpet Luxury Ride
GENESIS-G90-2356,51.2,69.7,774,2420,0.27,95.5,Pothole Pre-Damping Softening Active
GENESIS-G90-2357,5.0,34.2,1579,3537,0.087,98.1,Nominal Magic Carpet Luxury Ride
GENESIS-G90-2358,5.0,32.1,1684,3765,0.095,97.2,Nominal Magic Carpet Luxury Ride
GENESIS-G90-2359,16.0,53.0,1020,3468,0.178,96.9,Nominal Magic Carpet Luxury Ride
GENESIS-G90-2360,10.0,88.3,611,3524,0.159,95.2,Nominal Magic Carpet Luxury Ride
GENESIS-G90-2361,52.8,42.0,1286,2416,0.281,92.8,Pothole Pre-Damping Softening Active
GENESIS-G90-2362,14.3,56.4,958,3340,0.152,98.0,Nominal Magic Carpet Luxury Ride
GENESIS-G90-2363,6.5,64.2,841,3583,0.139,95.4,Nominal Magic Carpet Luxury Ride
GENESIS-G90-2364,14.8,58.6,921,3413,0.193,95.0,Nominal Magic Carpet Luxury Ride
GENESIS-G90-2365,27.1,92.8,582,3067,0.216,95.2,Nominal Magic Carpet Luxury Ride
GENESIS-G90-2366,7.4,100.6,537,3801,0.114,99.3,Nominal Magic Carpet Luxury Ride
GENESIS-G90-2367,25.8,104.8,515,3219,0.164,97.1,Nominal Magic Carpet Luxury Ride
GENESIS-G90-2368,29.2,108.3,499,3040,0.228,94.9,Nominal Magic Carpet Luxury Ride
GENESIS-G90-2369,36.8,87.4,618,2929,0.215,94.2,Nominal Magic Carpet Luxury Ride
GENESIS-G90-2370,16.8,89.8,602,3335,0.133,96.0,Nominal Magic Carpet Luxury Ride
GENESIS-G90-2371,58.9,33.6,1605,2009,0.266,94.1,Pothole Pre-Damping Softening Active
GENESIS-G90-2372,7.7,98.1,550,3610,0.105,98.0,Nominal Magic Carpet Luxury Ride
GENESIS-G90-2373,26.3,102.9,525,3039,0.183,96.1,Nominal Magic Carpet Luxury Ride
GENESIS-G90-2374,31.4,102.7,526,3084,0.203,93.6,Nominal Magic Carpet Luxury Ride
GENESIS-G90-2375,5.0,71.4,756,3909,0.125,97.2,Nominal Magic Carpet Luxury Ride
GENESIS-G90-2376,14.6,100.2,539,3376,0.133,99.1,Nominal Magic Carpet Luxury Ride
GENESIS-G90-2377,5.5,34.6,1561,3802,0.103,96.2,Nominal Magic Carpet Luxury Ride
GENESIS-G90-2378,18.1,96.6,559,3200,0.255,92.3,Nominal Magic Carpet Luxury Ride
GENESIS-G90-2379,11.4,82.9,651,3532,0.213,93.2,Nominal Magic Carpet Luxury Ride
GENESIS-G90-2380,30.8,61.0,885,2890,0.183,98.3,Nominal Magic Carpet Luxury Ride
GENESIS-G90-2381,5.0,56.2,961,3534,0.187,95.5,Nominal Magic Carpet Luxury Ride
GENESIS-G90-2382,38.0,57.4,941,2842,0.205,94.9,Nominal Magic Carpet Luxury Ride
GENESIS-G90-2383,36.1,82.9,652,2770,0.214,94.5,Nominal Magic Carpet Luxury Ride
GENESIS-G90-2384,35.3,40.4,1335,2802,0.257,94.2,Nominal Magic Carpet Luxury Ride
GENESIS-G90-2385,10.8,44.4,1216,3622,0.171,96.4,Nominal Magic Carpet Luxury Ride
GENESIS-G90-2386,12.7,109.6,493,3526,0.14,96.0,Nominal Magic Carpet Luxury Ride
GENESIS-G90-2387,5.8,57.9,932,3840,0.128,97.2,Nominal Magic Carpet Luxury Ride
GENESIS-G90-2388,16.1,102.2,529,3339,0.189,95.8,Nominal Magic Carpet Luxury Ride
GENESIS-G90-2389,15.2,61.0,885,3373,0.168,97.5,Nominal Magic Carpet Luxury Ride
GENESIS-G90-2390,14.6,57.9,933,3534,0.168,97.2,Nominal Magic Carpet Luxury Ride
GENESIS-G90-2391,30.7,70.5,766,2801,0.189,95.3,Nominal Magic Carpet Luxury Ride
GENESIS-G90-2392,18.9,83.9,644,3098,0.194,96.7,Nominal Magic Carpet Luxury Ride
GENESIS-G90-2393,50.4,84.0,643,2416,0.258,94.5,Pothole Pre-Damping Softening Active
GENESIS-G90-2394,44.7,63.8,847,2603,0.203,95.0,Pothole Pre-Damping Softening Active
GENESIS-G90-2395,40.7,49.6,1088,2526,0.26,92.9,Pothole Pre-Damping Softening Active
GENESIS-G90-2396,9.9,50.6,1068,3489,0.116,97.8,Nominal Magic Carpet Luxury Ride
GENESIS-G90-2397,5.1,32.8,1644,3597,0.121,96.3,Nominal Magic Carpet Luxury Ride
GENESIS-G90-2398,21.1,57.5,940,3171,0.184,94.8,Nominal Magic Carpet Luxury Ride
GENESIS-G90-2399,13.5,55.7,969,3445,0.188,96.4,Nominal Magic Carpet Luxury Ride
GENESIS-G90-2400,17.1,75.7,714,3233,0.123,96.9,Nominal Magic Carpet Luxury Ride
GENESIS-G90-2401,5.0,49.7,1087,3735,0.102,99.5,Nominal Magic Carpet Luxury Ride
GENESIS-G90-2402,25.1,101.9,530,3030,0.175,94.2,Nominal Magic Carpet Luxury Ride
GENESIS-G90-2403,60.9,89.8,602,1987,0.297,94.3,Pothole Pre-Damping Softening Active
GENESIS-G90-2404,11.0,81.4,663,3392,0.201,94.6,Nominal Magic Carpet Luxury Ride
GENESIS-G90-2405,6.4,87.2,619,3620,0.107,99.5,Nominal Magic Carpet Luxury Ride
GENESIS-G90-2406,12.0,52.8,1022,3493,0.158,94.9,Nominal Magic Carpet Luxury Ride
GENESIS-G90-2407,30.8,37.8,1429,3180,0.234,96.7,Nominal Magic Carpet Luxury Ride
GENESIS-G90-2408,10.5,77.9,693,3521,0.168,98.0,Nominal Magic Carpet Luxury Ride
GENESIS-G90-2409,5.0,33.7,1601,3656,0.15,98.9,Nominal Magic Carpet Luxury Ride
GENESIS-G90-2410,44.1,59.3,911,2594,0.264,94.4,Pothole Pre-Damping Softening Active
GENESIS-G90-2411,12.3,92.7,583,3585,0.122,97.7,Nominal Magic Carpet Luxury Ride
GENESIS-G90-2412,5.4,88.6,610,3751,0.115,95.3,Nominal Magic Carpet Luxury Ride
GENESIS-G90-2413,92.9,77.5,696,1307,0.39,91.6,Pothole Pre-Damping Softening Active
GENESIS-G90-2414,69.5,59.2,912,1894,0.285,95.3,Pothole Pre-Damping Softening Active
GENESIS-G90-2415,15.6,77.1,701,3497,0.181,95.7,Nominal Magic Carpet Luxury Ride
GENESIS-G90-2416,11.4,73.0,740,3669,0.152,97.7,Nominal Magic Carpet Luxury Ride
GENESIS-G90-2417,52.5,89.9,600,2385,0.262,95.6,Pothole Pre-Damping Softening Active
GENESIS-G90-2418,87.9,98.7,547,1443,0.375,92.7,Pothole Pre-Damping Softening Active
GENESIS-G90-2419,12.4,30.8,1755,3442,0.141,95.3,Nominal Magic Carpet Luxury Ride
GENESIS-G90-2420,10.8,42.6,1267,3663,0.175,97.8,Nominal Magic Carpet Luxury Ride
GENESIS-G90-2421,23.5,96.7,558,3208,0.191,96.2,Nominal Magic Carpet Luxury Ride
GENESIS-G90-2422,82.0,34.5,1564,1521,0.366,91.9,Pothole Pre-Damping Softening Active
GENESIS-G90-2423,12.6,80.5,671,3377,0.163,97.0,Nominal Magic Carpet Luxury Ride
GENESIS-G90-2424,12.5,84.7,638,3535,0.14,96.9,Nominal Magic Carpet Luxury Ride
GENESIS-G90-2425,5.0,44.5,1213,3738,0.13,97.7,Nominal Magic Carpet Luxury Ride
GENESIS-G90-2426,31.8,67.9,795,2847,0.177,97.3,Nominal Magic Carpet Luxury Ride
GENESIS-G90-2427,95.0,103.3,523,1317,0.353,94.5,Pothole Pre-Damping Softening Active
GENESIS-G90-2428,5.0,60.2,897,3550,0.12,99.0,Nominal Magic Carpet Luxury Ride
GENESIS-G90-2429,16.7,70.9,761,3291,0.173,95.3,Nominal Magic Carpet Luxury Ride
GENESIS-G90-2430,8.5,83.3,648,3545,0.188,96.4,Nominal Magic Carpet Luxury Ride
GENESIS-G90-2431,18.6,97.2,555,3291,0.145,98.3,Nominal Magic Carpet Luxury Ride
GENESIS-G90-2432,9.6,39.3,1375,3589,0.143,95.9,Nominal Magic Carpet Luxury Ride
GENESIS-G90-2433,5.0,49.4,1094,3746,0.08,96.8,Nominal Magic Carpet Luxury Ride
GENESIS-G90-2434,5.0,59.1,914,3573,0.127,97.4,Nominal Magic Carpet Luxury Ride
GENESIS-G90-2435,5.0,60.0,900,3609,0.105,97.0,Nominal Magic Carpet Luxury Ride
GENESIS-G90-2436,86.8,67.6,799,1325,0.364,93.8,Pothole Pre-Damping Softening Active
GENESIS-G90-2437,5.0,53.3,1014,3410,0.143,96.1,Nominal Magic Carpet Luxury Ride
GENESIS-G90-2438,27.3,66.9,807,3204,0.149,96.2,Nominal Magic Carpet Luxury Ride
GENESIS-G90-2439,22.6,34.5,1564,3223,0.203,95.3,Nominal Magic Carpet Luxury Ride
GENESIS-G90-2440,5.0,60.1,899,3793,0.137,97.4,Nominal Magic Carpet Luxury Ride
GENESIS-G90-2441,95.0,71.8,752,1200,0.358,91.7,Pothole Pre-Damping Softening Active
GENESIS-G90-2442,9.2,91.1,593,3552,0.123,95.4,Nominal Magic Carpet Luxury Ride
GENESIS-G90-2443,17.8,73.0,740,3599,0.178,95.7,Nominal Magic Carpet Luxury Ride
GENESIS-G90-2444,13.4,97.3,555,3331,0.143,98.5,Nominal Magic Carpet Luxury Ride
GENESIS-G90-2445,6.6,53.2,1015,3791,0.174,97.4,Nominal Magic Carpet Luxury Ride
GENESIS-G90-2446,24.0,98.8,547,3116,0.197,95.9,Nominal Magic Carpet Luxury Ride
GENESIS-G90-2447,5.0,81.4,663,3550,0.121,97.5,Nominal Magic Carpet Luxury Ride
GENESIS-G90-2448,5.6,40.8,1322,3682,0.116,98.1,Nominal Magic Carpet Luxury Ride
GENESIS-G90-2449,16.8,84.5,639,3208,0.199,95.5,Nominal Magic Carpet Luxury Ride
GENESIS-G90-2450,5.0,76.2,709,3489,0.136,94.3,Nominal Magic Carpet Luxury Ride
GENESIS-G90-2451,64.5,99.3,544,2043,0.275,94.8,Pothole Pre-Damping Softening Active
GENESIS-G90-2452,18.7,60.0,899,3198,0.163,96.4,Nominal Magic Carpet Luxury Ride
GENESIS-G90-2453,9.7,42.3,1277,3651,0.145,99.5,Nominal Magic Carpet Luxury Ride
GENESIS-G90-2454,56.1,52.9,1022,2196,0.278,93.9,Pothole Pre-Damping Softening Active
GENESIS-G90-2455,9.4,70.6,765,3410,0.154,98.8,Nominal Magic Carpet Luxury Ride
GENESIS-G90-2456,19.9,98.3,549,3351,0.164,97.8,Nominal Magic Carpet Luxury Ride
GENESIS-G90-2457,45.6,78.8,685,2368,0.296,93.5,Pothole Pre-Damping Softening Active
GENESIS-G90-2458,14.4,62.5,864,3362,0.152,97.5,Nominal Magic Carpet Luxury Ride
GENESIS-G90-2459,8.5,59.8,904,3300,0.099,96.5,Nominal Magic Carpet Luxury Ride
GENESIS-G90-2460,6.0,97.9,552,3566,0.151,94.8,Nominal Magic Carpet Luxury Ride
GENESIS-G90-2461,17.4,55.4,974,3432,0.174,94.0,Nominal Magic Carpet Luxury Ride
GENESIS-G90-2462,6.0,101.8,530,3513,0.108,96.4,Nominal Magic Carpet Luxury Ride
GENESIS-G90-2463,20.7,109.3,494,3309,0.188,95.1,Nominal Magic Carpet Luxury Ride
GENESIS-G90-2464,5.0,77.9,693,3642,0.116,99.5,Nominal Magic Carpet Luxury Ride
GENESIS-G90-2465,5.0,32.7,1650,3736,0.13,97.5,Nominal Magic Carpet Luxury Ride
GENESIS-G90-2466,18.4,106.0,510,3341,0.256,94.8,Nominal Magic Carpet Luxury Ride
GENESIS-G90-2467,20.1,73.2,738,3312,0.184,96.4,Nominal Magic Carpet Luxury Ride
GENESIS-G90-2468,5.0,44.3,1219,3800,0.086,97.5,Nominal Magic Carpet Luxury Ride
GENESIS-G90-2469,12.3,78.6,687,3480,0.202,96.4,Nominal Magic Carpet Luxury Ride
GENESIS-G90-2470,12.6,34.4,1569,3506,0.161,96.4,Nominal Magic Carpet Luxury Ride
GENESIS-G90-2471,32.2,95.2,567,2661,0.214,95.4,Nominal Magic Carpet Luxury Ride
GENESIS-G90-2472,39.4,100.3,538,2668,0.256,96.2,Nominal Magic Carpet Luxury Ride
GENESIS-G90-2473,18.9,98.5,548,3647,0.187,95.7,Nominal Magic Carpet Luxury Ride
GENESIS-G90-2474,25.0,59.4,909,3336,0.175,96.7,Nominal Magic Carpet Luxury Ride
GENESIS-G90-2475,37.7,79.9,676,2722,0.259,94.8,Nominal Magic Carpet Luxury Ride
GENESIS-G90-2476,20.0,59.6,906,3465,0.171,95.1,Nominal Magic Carpet Luxury Ride
GENESIS-G90-2477,25.1,55.0,983,3135,0.205,95.1,Nominal Magic Carpet Luxury Ride
GENESIS-G90-2478,18.8,104.0,519,3479,0.128,97.6,Nominal Magic Carpet Luxury Ride
GENESIS-G90-2479,56.5,107.3,503,2258,0.297,94.3,Pothole Pre-Damping Softening Active
GENESIS-G90-2480,10.3,66.4,813,3602,0.1,96.0,Nominal Magic Carpet Luxury Ride
GENESIS-G90-2481,44.8,97.2,556,2535,0.248,95.4,Pothole Pre-Damping Softening Active
GENESIS-G90-2482,30.3,100.4,538,3225,0.177,94.0,Nominal Magic Carpet Luxury Ride
GENESIS-G90-2483,16.0,104.5,517,3512,0.192,95.6,Nominal Magic Carpet Luxury Ride
GENESIS-G90-2484,19.6,90.4,598,3248,0.205,95.6,Nominal Magic Carpet Luxury Ride
GENESIS-G90-2485,5.0,54.1,998,3778,0.096,96.9,Nominal Magic Carpet Luxury Ride
GENESIS-G90-2486,23.0,103.1,524,3298,0.19,96.0,Nominal Magic Carpet Luxury Ride
GENESIS-G90-2487,8.6,97.1,556,3541,0.18,94.5,Nominal Magic Carpet Luxury Ride
GENESIS-G90-2488,5.0,105.3,513,3596,0.132,96.6,Nominal Magic Carpet Luxury Ride
GENESIS-G90-2489,9.3,30.8,1754,3450,0.157,95.6,Nominal Magic Carpet Luxury Ride
GENESIS-G90-2490,5.0,59.9,901,3754,0.131,98.2,Nominal Magic Carpet Luxury Ride
GENESIS-G90-2491,23.0,107.6,502,3287,0.173,96.0,Nominal Magic Carpet Luxury Ride
GENESIS-G90-2492,44.7,64.6,836,2591,0.251,93.9,Pothole Pre-Damping Softening Active
GENESIS-G90-2493,22.5,44.0,1228,3226,0.158,94.6,Nominal Magic Carpet Luxury Ride
GENESIS-G90-2494,22.0,70.6,765,3397,0.133,96.9,Nominal Magic Carpet Luxury Ride
GENESIS-G90-2495,23.2,76.8,703,3188,0.202,95.2,Nominal Magic Carpet Luxury Ride
GENESIS-G90-2496,95.0,93.1,580,1344,0.388,92.2,Pothole Pre-Damping Softening Active
GENESIS-G90-2497,19.9,96.6,559,3193,0.203,94.6,Nominal Magic Carpet Luxury Ride
GENESIS-G90-2498,5.0,101.3,533,3619,0.155,94.4,Nominal Magic Carpet Luxury Ride
GENESIS-G90-2499,5.0,77.7,695,3788,0.132,96.8,Nominal Magic Carpet Luxury Ride
GENESIS-G90-2500,5.6,90.0,600,3843,0.152,96.4,Nominal Magic Carpet Luxury Ride
GENESIS-G90-2501,22.1,79.7,678,3160,0.268,95.2,Nominal Magic Carpet Luxury Ride
GENESIS-G90-2502,8.3,30.6,1765,3488,0.129,97.2,Nominal Magic Carpet Luxury Ride
GENESIS-G90-2503,36.7,101.1,534,2747,0.179,97.9,Nominal Magic Carpet Luxury Ride
GENESIS-G90-2504,70.6,96.3,561,1698,0.295,92.9,Pothole Pre-Damping Softening Active
GENESIS-G90-2505,32.0,67.2,803,3025,0.196,94.8,Nominal Magic Carpet Luxury Ride
GENESIS-G90-2506,7.7,92.7,582,3431,0.147,95.9,Nominal Magic Carpet Luxury Ride
GENESIS-G90-2507,6.1,36.6,1476,3489,0.152,95.9,Nominal Magic Carpet Luxury Ride
GENESIS-G90-2508,51.4,67.4,801,2196,0.308,94.4,Pothole Pre-Damping Softening Active
GENESIS-G90-2509,5.9,41.2,1310,3525,0.112,95.9,Nominal Magic Carpet Luxury Ride
GENESIS-G90-2510,11.4,81.3,665,3362,0.088,95.9,Nominal Magic Carpet Luxury Ride
GENESIS-G90-2511,85.5,37.4,1442,1471,0.391,94.4,Pothole Pre-Damping Softening Active
GENESIS-G90-2512,17.9,54.7,987,3276,0.212,98.8,Nominal Magic Carpet Luxury Ride
GENESIS-G90-2513,31.5,78.9,685,3188,0.288,93.1,Nominal Magic Carpet Luxury Ride
GENESIS-G90-2514,37.2,81.7,661,2758,0.256,93.8,Nominal Magic Carpet Luxury Ride
GENESIS-G90-2515,35.4,98.5,548,2876,0.208,95.2,Nominal Magic Carpet Luxury Ride
GENESIS-G90-2516,11.3,57.5,940,3354,0.17,95.2,Nominal Magic Carpet Luxury Ride
GENESIS-G90-2517,79.0,99.4,543,1652,0.321,94.3,Pothole Pre-Damping Softening Active
GENESIS-G90-2518,40.0,34.1,1583,2683,0.31,94.3,Nominal Magic Carpet Luxury Ride
GENESIS-G90-2519,34.6,42.4,1275,2864,0.191,92.6,Nominal Magic Carpet Luxury Ride
GENESIS-G90-2520,13.6,104.6,516,3293,0.208,95.5,Nominal Magic Carpet Luxury Ride
GENESIS-G90-2521,19.4,68.3,791,3156,0.158,95.2,Nominal Magic Carpet Luxury Ride
GENESIS-G90-2522,13.7,86.3,625,3448,0.155,97.4,Nominal Magic Carpet Luxury Ride
GENESIS-G90-2523,67.4,61.6,877,1860,0.394,93.8,Pothole Pre-Damping Softening Active
GENESIS-G90-2524,74.0,96.0,563,1824,0.304,92.5,Pothole Pre-Damping Softening Active
GENESIS-G90-2525,5.0,86.1,627,3804,0.108,97.2,Nominal Magic Carpet Luxury Ride
GENESIS-G90-2526,41.3,42.4,1272,2566,0.208,96.2,Pothole Pre-Damping Softening Active
GENESIS-G90-2527,19.9,97.6,553,3349,0.152,96.1,Nominal Magic Carpet Luxury Ride
GENESIS-G90-2528,35.7,42.1,1282,2775,0.25,96.0,Nominal Magic Carpet Luxury Ride
GENESIS-G90-2529,5.0,96.1,562,3869,0.127,97.7,Nominal Magic Carpet Luxury Ride
GENESIS-G90-2530,18.7,51.4,1051,3311,0.209,95.9,Nominal Magic Carpet Luxury Ride
GENESIS-G90-2531,14.4,101.5,532,3466,0.167,94.8,Nominal Magic Carpet Luxury Ride
GENESIS-G90-2532,41.4,91.1,593,2483,0.264,93.2,Pothole Pre-Damping Softening Active
GENESIS-G90-2533,5.0,45.4,1189,3547,0.112,96.7,Nominal Magic Carpet Luxury Ride
GENESIS-G90-2534,20.7,62.5,864,3231,0.138,96.6,Nominal Magic Carpet Luxury Ride
GENESIS-G90-2535,5.0,105.2,513,3507,0.158,97.9,Nominal Magic Carpet Luxury Ride
GENESIS-G90-2536,8.0,86.2,626,3686,0.159,95.5,Nominal Magic Carpet Luxury Ride
GENESIS-G90-2537,37.3,55.2,978,2549,0.253,95.2,Nominal Magic Carpet Luxury Ride
GENESIS-G90-2538,95.0,53.5,1010,1200,0.365,93.3,Pothole Pre-Damping Softening Active
GENESIS-G90-2539,39.2,98.7,547,2811,0.228,96.2,Nominal Magic Carpet Luxury Ride
GENESIS-G90-2540,44.4,33.7,1602,2617,0.284,95.9,Pothole Pre-Damping Softening Active
GENESIS-G90-2541,18.1,51.8,1042,3213,0.106,98.3,Nominal Magic Carpet Luxury Ride
GENESIS-G90-2542,69.4,101.0,535,1794,0.371,92.3,Pothole Pre-Damping Softening Active
GENESIS-G90-2543,23.5,37.6,1435,3278,0.194,94.1,Nominal Magic Carpet Luxury Ride
GENESIS-G90-2544,11.1,36.9,1465,3481,0.187,97.4,Nominal Magic Carpet Luxury Ride
GENESIS-G90-2545,29.2,48.1,1124,2882,0.185,97.8,Nominal Magic Carpet Luxury Ride
GENESIS-G90-2546,5.0,107.4,503,3707,0.126,97.1,Nominal Magic Carpet Luxury Ride
GENESIS-G90-2547,23.5,60.8,888,3075,0.204,94.1,Nominal Magic Carpet Luxury Ride
GENESIS-G90-2548,81.7,71.8,752,1630,0.345,92.4,Pothole Pre-Damping Softening Active
GENESIS-G90-2549,38.1,81.1,665,2644,0.29,93.0,Nominal Magic Carpet Luxury Ride
GENESIS-G90-2550,22.2,54.0,1000,3240,0.181,92.8,Nominal Magic Carpet Luxury Ride
GENESIS-G90-2551,12.2,67.9,795,3502,0.14,94.9,Nominal Magic Carpet Luxury Ride
GENESIS-G90-2552,7.6,108.7,497,3550,0.131,96.7,Nominal Magic Carpet Luxury Ride
GENESIS-G90-2553,47.4,64.4,838,2497,0.255,93.6,Pothole Pre-Damping Softening Active
GENESIS-G90-2554,18.5,64.8,833,3232,0.166,94.5,Nominal Magic Carpet Luxury Ride
GENESIS-G90-2555,10.4,103.6,521,3693,0.242,94.1,Nominal Magic Carpet Luxury Ride
GENESIS-G90-2556,12.2,82.6,654,3457,0.092,97.6,Nominal Magic Carpet Luxury Ride
GENESIS-G90-2557,95.0,74.7,722,1250,0.404,92.2,Pothole Pre-Damping Softening Active
GENESIS-G90-2558,10.0,79.5,679,3517,0.13,95.6,Nominal Magic Carpet Luxury Ride
GENESIS-G90-2559,25.8,101.2,534,3113,0.168,96.3,Nominal Magic Carpet Luxury Ride
GENESIS-G90-2560,5.1,34.6,1559,3735,0.088,96.2,Nominal Magic Carpet Luxury Ride
GENESIS-G90-2561,17.4,108.2,499,3264,0.186,94.4,Nominal Magic Carpet Luxury Ride
GENESIS-G90-2562,60.5,31.3,1727,2247,0.308,94.7,Pothole Pre-Damping Softening Active
GENESIS-G90-2563,14.2,87.4,618,3376,0.177,96.0,Nominal Magic Carpet Luxury Ride
GENESIS-G90-2564,6.4,72.0,750,3724,0.122,97.1,Nominal Magic Carpet Luxury Ride
GENESIS-G90-2565,55.6,82.0,659,2152,0.34,91.2,Pothole Pre-Damping Softening Active
GENESIS-G90-2566,30.4,103.3,523,3071,0.184,98.2,Nominal Magic Carpet Luxury Ride
GENESIS-G90-2567,67.5,51.7,1045,1860,0.255,94.6,Pothole Pre-Damping Softening Active
GENESIS-G90-2568,10.7,79.8,676,3575,0.183,96.4,Nominal Magic Carpet Luxury Ride
GENESIS-G90-2569,11.2,59.6,907,3568,0.165,97.9,Nominal Magic Carpet Luxury Ride
GENESIS-G90-2570,95.0,60.2,897,1200,0.378,93.4,Pothole Pre-Damping Softening Active
GENESIS-G90-2571,7.9,55.1,980,3533,0.155,96.6,Nominal Magic Carpet Luxury Ride
GENESIS-G90-2572,48.0,95.9,563,2341,0.268,93.7,Pothole Pre-Damping Softening Active
GENESIS-G90-2573,80.3,70.4,767,1414,0.276,93.6,Pothole Pre-Damping Softening Active
GENESIS-G90-2574,17.0,84.0,643,3396,0.183,95.7,Nominal Magic Carpet Luxury Ride
GENESIS-G90-2575,29.9,103.4,522,2832,0.155,95.0,Nominal Magic Carpet Luxury Ride
GENESIS-G90-2576,22.8,76.1,710,2970,0.189,94.6,Nominal Magic Carpet Luxury Ride
GENESIS-G90-2577,28.7,108.1,499,3079,0.17,96.5,Nominal Magic Carpet Luxury Ride
GENESIS-G90-2578,36.4,41.9,1290,2755,0.258,95.2,Nominal Magic Carpet Luxury Ride
GENESIS-G90-2579,17.5,64.7,834,3401,0.184,94.5,Nominal Magic Carpet Luxury Ride
GENESIS-G90-2580,44.3,39.6,1363,2689,0.31,95.0,Pothole Pre-Damping Softening Active
GENESIS-G90-2581,54.1,96.3,561,2413,0.306,94.5,Pothole Pre-Damping Softening Active
GENESIS-G90-2582,42.4,70.1,771,2668,0.238,94.6,Pothole Pre-Damping Softening Active
GENESIS-G90-2583,8.3,96.6,559,3560,0.119,96.8,Nominal Magic Carpet Luxury Ride
GENESIS-G90-2584,5.4,31.6,1710,3796,0.081,95.2,Nominal Magic Carpet Luxury Ride
GENESIS-G90-2585,5.0,81.4,663,3586,0.145,97.8,Nominal Magic Carpet Luxury Ride
GENESIS-G90-2586,8.3,78.3,690,3745,0.19,94.7,Nominal Magic Carpet Luxury Ride
GENESIS-G90-2587,22.1,80.7,669,3218,0.172,96.8,Nominal Magic Carpet Luxury Ride
GENESIS-G90-2588,79.8,107.3,503,1338,0.383,92.8,Pothole Pre-Damping Softening Active
GENESIS-G90-2589,5.0,95.2,567,3603,0.113,94.5,Nominal Magic Carpet Luxury Ride
GENESIS-G90-2590,5.0,53.1,1016,3601,0.117,99.5,Nominal Magic Carpet Luxury Ride
GENESIS-G90-2591,48.5,81.3,664,2424,0.205,95.5,Pothole Pre-Damping Softening Active
GENESIS-G90-2592,22.1,99.7,541,3432,0.179,95.5,Nominal Magic Carpet Luxury Ride
GENESIS-G90-2593,5.0,51.2,1055,3731,0.102,98.3,Nominal Magic Carpet Luxury Ride
GENESIS-G90-2594,29.2,59.1,913,2865,0.183,94.4,Nominal Magic Carpet Luxury Ride
GENESIS-G90-2595,56.9,39.3,1374,2214,0.322,93.0,Pothole Pre-Damping Softening Active
GENESIS-G90-2596,7.6,93.3,579,3603,0.145,98.3,Nominal Magic Carpet Luxury Ride
GENESIS-G90-2597,5.0,34.3,1573,3596,0.166,94.8,Nominal Magic Carpet Luxury Ride
GENESIS-G90-2598,50.1,99.6,542,2141,0.22,95.7,Pothole Pre-Damping Softening Active
GENESIS-G90-2599,36.9,65.8,820,2683,0.22,95.1,Nominal Magic Carpet Luxury Ride
GENESIS-G90-2600,37.0,87.7,615,2978,0.269,95.6,Nominal Magic Carpet Luxury Ride
GENESIS-G90-2601,9.7,34.9,1548,3304,0.17,93.6,Nominal Magic Carpet Luxury Ride
GENESIS-G90-2602,9.3,83.8,645,3480,0.148,96.9,Nominal Magic Carpet Luxury Ride
GENESIS-G90-2603,95.0,61.0,885,1278,0.434,91.5,Pothole Pre-Damping Softening Active
GENESIS-G90-2604,28.7,50.7,1065,2964,0.167,96.6,Nominal Magic Carpet Luxury Ride
GENESIS-G90-2605,5.0,43.0,1255,3700,0.121,96.3,Nominal Magic Carpet Luxury Ride
GENESIS-G90-2606,8.4,34.6,1559,3340,0.133,95.4,Nominal Magic Carpet Luxury Ride
GENESIS-G90-2607,56.7,71.5,756,2118,0.292,94.9,Pothole Pre-Damping Softening Active
GENESIS-G90-2608,10.7,80.4,672,3492,0.175,95.2,Nominal Magic Carpet Luxury Ride
GENESIS-G90-2609,30.8,60.0,901,3066,0.21,95.7,Nominal Magic Carpet Luxury Ride
GENESIS-G90-2610,19.9,108.6,497,3089,0.152,98.2,Nominal Magic Carpet Luxury Ride
GENESIS-G90-2611,5.0,35.8,1507,3658,0.114,97.8,Nominal Magic Carpet Luxury Ride
GENESIS-G90-2612,5.0,45.9,1175,3520,0.151,96.7,Nominal Magic Carpet Luxury Ride
GENESIS-G90-2613,33.5,76.9,702,2885,0.145,94.9,Nominal Magic Carpet Luxury Ride
GENESIS-G90-2614,6.6,70.3,768,3488,0.153,98.7,Nominal Magic Carpet Luxury Ride
GENESIS-G90-2615,7.6,99.9,541,3756,0.143,97.7,Nominal Magic Carpet Luxury Ride
GENESIS-G90-2616,95.0,80.1,674,1200,0.38,92.2,Pothole Pre-Damping Softening Active
GENESIS-G90-2617,5.3,105.0,514,3464,0.142,97.0,Nominal Magic Carpet Luxury Ride
GENESIS-G90-2618,58.9,82.2,657,2072,0.289,95.0,Pothole Pre-Damping Softening Active
GENESIS-G90-2619,28.6,53.7,1006,3140,0.138,96.4,Nominal Magic Carpet Luxury Ride
GENESIS-G90-2620,16.6,43.4,1245,3326,0.145,96.7,Nominal Magic Carpet Luxury Ride
GENESIS-G90-2621,5.0,90.6,596,3606,0.137,93.8,Nominal Magic Carpet Luxury Ride
GENESIS-G90-2622,11.0,62.1,870,3474,0.177,97.3,Nominal Magic Carpet Luxury Ride
GENESIS-G90-2623,5.0,98.3,549,3680,0.169,96.6,Nominal Magic Carpet Luxury Ride
GENESIS-G90-2624,5.0,86.5,624,3817,0.11,95.3,Nominal Magic Carpet Luxury Ride
GENESIS-G90-2625,40.6,34.6,1560,2825,0.262,96.0,Pothole Pre-Damping Softening Active
GENESIS-G90-2626,11.0,106.2,509,3425,0.173,94.8,Nominal Magic Carpet Luxury Ride
GENESIS-G90-2627,13.8,64.7,834,3532,0.089,98.9,Nominal Magic Carpet Luxury Ride
GENESIS-G90-2628,5.0,43.6,1238,3477,0.08,98.0,Nominal Magic Carpet Luxury Ride
GENESIS-G90-2629,38.7,75.8,712,2511,0.252,93.8,Nominal Magic Carpet Luxury Ride
GENESIS-G90-2630,5.0,65.9,819,3600,0.182,95.3,Nominal Magic Carpet Luxury Ride
GENESIS-G90-2631,40.8,93.2,579,2603,0.23,94.8,Pothole Pre-Damping Softening Active
GENESIS-G90-2632,48.3,39.7,1361,2510,0.259,92.2,Pothole Pre-Damping Softening Active
GENESIS-G90-2633,10.6,76.9,702,3419,0.173,94.1,Nominal Magic Carpet Luxury Ride
GENESIS-G90-2634,20.9,58.8,918,3261,0.201,95.3,Nominal Magic Carpet Luxury Ride
GENESIS-G90-2635,9.3,94.2,573,3539,0.137,96.6,Nominal Magic Carpet Luxury Ride
GENESIS-G90-2636,50.1,75.6,714,2430,0.212,94.9,Pothole Pre-Damping Softening Active
GENESIS-G90-2637,9.3,32.5,1660,3351,0.147,94.5,Nominal Magic Carpet Luxury Ride
GENESIS-G90-2638,5.0,43.9,1230,3909,0.087,96.6,Nominal Magic Carpet Luxury Ride
GENESIS-G90-2639,12.9,91.0,593,3507,0.173,94.6,Nominal Magic Carpet Luxury Ride
GENESIS-G90-2640,59.3,45.6,1185,2020,0.241,92.1,Pothole Pre-Damping Softening Active
GENESIS-G90-2641,34.9,31.0,1740,2718,0.188,96.7,Nominal Magic Carpet Luxury Ride
GENESIS-G90-2642,46.9,76.5,706,2485,0.217,96.3,Pothole Pre-Damping Softening Active
GENESIS-G90-2643,8.4,69.7,774,3466,0.134,97.1,Nominal Magic Carpet Luxury Ride
GENESIS-G90-2644,94.0,93.0,581,1304,0.37,94.5,Pothole Pre-Damping Softening Active
GENESIS-G90-2645,40.0,57.5,939,2688,0.202,94.4,Pothole Pre-Damping Softening Active
GENESIS-G90-2646,9.9,76.8,703,3750,0.183,97.4,Nominal Magic Carpet Luxury Ride
GENESIS-G90-2647,5.0,47.1,1145,3500,0.157,94.7,Nominal Magic Carpet Luxury Ride
GENESIS-G90-2648,5.0,86.6,624,3603,0.156,97.1,Nominal Magic Carpet Luxury Ride
GENESIS-G90-2649,13.4,54.4,992,3553,0.219,96.3,Nominal Magic Carpet Luxury Ride
GENESIS-G90-2650,15.2,98.4,549,3278,0.153,96.7,Nominal Magic Carpet Luxury Ride
GENESIS-G90-2651,14.7,76.6,705,3565,0.164,96.2,Nominal Magic Carpet Luxury Ride
GENESIS-G90-2652,5.0,95.0,568,3664,0.159,96.5,Nominal Magic Carpet Luxury Ride
GENESIS-G90-2653,12.2,108.5,498,3500,0.158,93.6,Nominal Magic Carpet Luxury Ride
GENESIS-G90-2654,18.4,82.1,658,3355,0.185,93.9,Nominal Magic Carpet Luxury Ride
GENESIS-G90-2655,11.5,67.8,796,3524,0.147,97.3,Nominal Magic Carpet Luxury Ride
GENESIS-G90-2656,14.1,31.4,1721,3569,0.189,95.0,Nominal Magic Carpet Luxury Ride
GENESIS-G90-2657,8.5,83.6,646,3494,0.097,98.1,Nominal Magic Carpet Luxury Ride
GENESIS-G90-2658,28.7,82.2,657,2991,0.18,95.3,Nominal Magic Carpet Luxury Ride
GENESIS-G90-2659,13.3,101.0,535,3433,0.178,95.9,Nominal Magic Carpet Luxury Ride
GENESIS-G90-2660,20.7,70.2,769,3109,0.149,97.6,Nominal Magic Carpet Luxury Ride
GENESIS-G90-2661,5.2,95.6,565,3762,0.117,99.3,Nominal Magic Carpet Luxury Ride
GENESIS-G90-2662,7.9,101.4,533,3658,0.188,95.6,Nominal Magic Carpet Luxury Ride
GENESIS-G90-2663,32.0,54.9,983,3028,0.248,94.4,Nominal Magic Carpet Luxury Ride
GENESIS-G90-2664,58.9,70.8,763,2283,0.242,96.6,Pothole Pre-Damping Softening Active
GENESIS-G90-2665,5.0,56.3,960,3821,0.132,99.1,Nominal Magic Carpet Luxury Ride
GENESIS-G90-2666,5.0,52.6,1027,3709,0.116,95.9,Nominal Magic Carpet Luxury Ride
GENESIS-G90-2667,5.0,96.2,561,3570,0.117,97.8,Nominal Magic Carpet Luxury Ride
GENESIS-G90-2668,15.5,36.6,1475,3395,0.133,96.8,Nominal Magic Carpet Luxury Ride
GENESIS-G90-2669,50.5,49.1,1099,2338,0.265,94.9,Pothole Pre-Damping Softening Active
GENESIS-G90-2670,5.0,33.3,1622,3462,0.139,97.4,Nominal Magic Carpet Luxury Ride
GENESIS-G90-2671,5.0,43.7,1235,3588,0.173,97.2,Nominal Magic Carpet Luxury Ride
GENESIS-G90-2672,17.1,103.6,521,3448,0.137,96.7,Nominal Magic Carpet Luxury Ride
GENESIS-G90-2673,13.5,101.5,532,3417,0.169,96.4,Nominal Magic Carpet Luxury Ride
GENESIS-G90-2674,25.6,90.9,594,3004,0.174,96.1,Nominal Magic Carpet Luxury Ride
GENESIS-G90-2675,15.1,51.2,1055,3233,0.121,96.6,Nominal Magic Carpet Luxury Ride
GENESIS-G90-2676,22.8,79.5,679,3349,0.209,93.9,Nominal Magic Carpet Luxury Ride
GENESIS-G90-2677,10.8,79.3,681,3468,0.15,95.1,Nominal Magic Carpet Luxury Ride
GENESIS-G90-2678,8.5,73.7,733,3650,0.168,97.2,Nominal Magic Carpet Luxury Ride
GENESIS-G90-2679,34.8,101.3,533,2908,0.166,96.2,Nominal Magic Carpet Luxury Ride
GENESIS-G90-2680,18.5,97.5,554,3240,0.097,99.0,Nominal Magic Carpet Luxury Ride
GENESIS-G90-2681,5.0,34.6,1563,3669,0.171,96.5,Nominal Magic Carpet Luxury Ride
GENESIS-G90-2682,5.0,50.8,1063,3692,0.142,97.8,Nominal Magic Carpet Luxury Ride
GENESIS-G90-2683,29.6,109.7,492,2715,0.21,95.6,Nominal Magic Carpet Luxury Ride
GENESIS-G90-2684,8.2,85.2,634,3707,0.11,98.0,Nominal Magic Carpet Luxury Ride
GENESIS-G90-2685,9.2,37.8,1429,3587,0.132,97.2,Nominal Magic Carpet Luxury Ride
GENESIS-G90-2686,46.6,106.1,509,2326,0.232,96.3,Pothole Pre-Damping Softening Active
GENESIS-G90-2687,16.7,106.2,508,3470,0.155,95.6,Nominal Magic Carpet Luxury Ride
GENESIS-G90-2688,18.2,62.1,869,3289,0.166,96.9,Nominal Magic Carpet Luxury Ride
GENESIS-G90-2689,86.7,30.5,1772,1331,0.359,90.5,Pothole Pre-Damping Softening Active
GENESIS-G90-2690,7.5,34.8,1550,3675,0.113,97.7,Nominal Magic Carpet Luxury Ride
GENESIS-G90-2691,32.8,64.7,835,2705,0.225,94.9,Nominal Magic Carpet Luxury Ride
GENESIS-G90-2692,5.2,93.1,580,3670,0.106,98.4,Nominal Magic Carpet Luxury Ride
GENESIS-G90-2693,20.7,99.6,542,3206,0.191,96.0,Nominal Magic Carpet Luxury Ride
GENESIS-G90-2694,12.0,58.9,916,3269,0.142,94.7,Nominal Magic Carpet Luxury Ride
GENESIS-G90-2695,21.2,32.8,1648,3169,0.143,99.5,Nominal Magic Carpet Luxury Ride
GENESIS-G90-2696,35.0,48.8,1106,2688,0.165,98.0,Nominal Magic Carpet Luxury Ride
GENESIS-G90-2697,55.1,60.6,891,2319,0.257,94.1,Pothole Pre-Damping Softening Active
GENESIS-G90-2698,37.3,108.9,496,2788,0.222,95.4,Nominal Magic Carpet Luxury Ride
GENESIS-G90-2699,5.0,72.3,747,3785,0.112,96.3,Nominal Magic Carpet Luxury Ride
GENESIS-G90-2700,17.6,54.9,984,3275,0.144,98.1,Nominal Magic Carpet Luxury Ride
GENESIS-G90-2701,45.9,75.5,715,2602,0.2,94.4,Pothole Pre-Damping Softening Active
GENESIS-G90-2702,26.8,35.9,1503,2889,0.177,95.1,Nominal Magic Carpet Luxury Ride
GENESIS-G90-2703,8.8,99.5,543,3542,0.118,96.1,Nominal Magic Carpet Luxury Ride
GENESIS-G90-2704,88.5,94.3,573,1379,0.348,93.2,Pothole Pre-Damping Softening Active
GENESIS-G90-2705,5.0,93.1,580,3577,0.122,95.6,Nominal Magic Carpet Luxury Ride
GENESIS-G90-2706,7.8,56.1,962,3813,0.119,95.6,Nominal Magic Carpet Luxury Ride
GENESIS-G90-2707,5.0,65.1,830,3754,0.111,95.1,Nominal Magic Carpet Luxury Ride
GENESIS-G90-2708,5.4,105.3,513,3337,0.15,96.4,Nominal Magic Carpet Luxury Ride
GENESIS-G90-2709,31.1,40.6,1329,3030,0.162,96.5,Nominal Magic Carpet Luxury Ride
GENESIS-G90-2710,28.2,102.3,528,3180,0.218,94.2,Nominal Magic Carpet Luxury Ride
GENESIS-G90-2711,40.1,47.5,1137,2824,0.307,93.5,Pothole Pre-Damping Softening Active
GENESIS-G90-2712,17.3,76.9,702,3371,0.175,94.2,Nominal Magic Carpet Luxury Ride
GENESIS-G90-2713,88.7,104.0,519,1200,0.319,94.7,Pothole Pre-Damping Softening Active
GENESIS-G90-2714,34.2,96.3,561,2817,0.229,93.8,Nominal Magic Carpet Luxury Ride
GENESIS-G90-2715,7.7,104.4,517,3552,0.13,98.1,Nominal Magic Carpet Luxury Ride
GENESIS-G90-2716,5.0,46.2,1168,3673,0.17,96.2,Nominal Magic Carpet Luxury Ride
GENESIS-G90-2717,87.7,106.0,510,1476,0.406,91.4,Pothole Pre-Damping Softening Active
GENESIS-G90-2718,37.4,109.5,493,2668,0.214,96.6,Nominal Magic Carpet Luxury Ride
GENESIS-G90-2719,7.8,44.6,1210,3486,0.093,99.4,Nominal Magic Carpet Luxury Ride
GENESIS-G90-2720,19.9,77.1,701,3067,0.178,95.1,Nominal Magic Carpet Luxury Ride
GENESIS-G90-2721,43.8,98.1,551,2634,0.283,93.2,Pothole Pre-Damping Softening Active
GENESIS-G90-2722,17.5,100.2,539,3260,0.167,97.6,Nominal Magic Carpet Luxury Ride
GENESIS-G90-2723,95.0,62.3,867,1200,0.366,92.2,Pothole Pre-Damping Softening Active
GENESIS-G90-2724,5.3,32.2,1676,3868,0.115,97.9,Nominal Magic Carpet Luxury Ride
GENESIS-G90-2725,95.0,58.4,925,1200,0.403,89.9,Pothole Pre-Damping Softening Active
GENESIS-G90-2726,7.0,75.1,719,3694,0.138,94.3,Nominal Magic Carpet Luxury Ride
GENESIS-G90-2727,82.2,109.5,493,1725,0.371,90.4,Pothole Pre-Damping Softening Active
GENESIS-G90-2728,35.5,79.0,683,2616,0.243,94.5,Nominal Magic Carpet Luxury Ride
GENESIS-G90-2729,29.8,38.3,1409,2912,0.23,95.0,Nominal Magic Carpet Luxury Ride
GENESIS-G90-2730,8.2,55.7,970,3445,0.163,96.1,Nominal Magic Carpet Luxury Ride
GENESIS-G90-2731,30.8,56.9,948,2848,0.226,94.3,Nominal Magic Carpet Luxury Ride
GENESIS-G90-2732,12.1,77.4,697,3647,0.164,95.9,Nominal Magic Carpet Luxury Ride
GENESIS-G90-2733,17.2,66.6,811,3555,0.168,96.0,Nominal Magic Carpet Luxury Ride
GENESIS-G90-2734,5.0,46.3,1166,3654,0.133,96.5,Nominal Magic Carpet Luxury Ride
GENESIS-G90-2735,11.1,31.0,1741,3417,0.141,97.7,Nominal Magic Carpet Luxury Ride
GENESIS-G90-2736,23.2,80.2,673,3069,0.13,97.2,Nominal Magic Carpet Luxury Ride
GENESIS-G90-2737,5.1,35.2,1536,3470,0.161,95.2,Nominal Magic Carpet Luxury Ride
GENESIS-G90-2738,16.2,82.0,659,3646,0.149,96.2,Nominal Magic Carpet Luxury Ride
GENESIS-G90-2739,47.6,31.3,1728,2487,0.237,93.3,Pothole Pre-Damping Softening Active
GENESIS-G90-2740,31.1,90.9,594,2956,0.223,92.6,Nominal Magic Carpet Luxury Ride
GENESIS-G90-2741,55.3,81.2,665,2166,0.335,92.7,Pothole Pre-Damping Softening Active
GENESIS-G90-2742,5.1,81.2,665,3619,0.098,97.4,Nominal Magic Carpet Luxury Ride
GENESIS-G90-2743,24.8,66.7,809,3153,0.206,93.0,Nominal Magic Carpet Luxury Ride
GENESIS-G90-2744,5.0,91.5,590,3433,0.101,97.3,Nominal Magic Carpet Luxury Ride
GENESIS-G90-2745,14.7,67.3,803,3179,0.168,94.4,Nominal Magic Carpet Luxury Ride
GENESIS-G90-2746,33.7,97.1,556,3171,0.221,95.4,Nominal Magic Carpet Luxury Ride
GENESIS-G90-2747,48.0,30.1,1796,2421,0.265,93.4,Pothole Pre-Damping Softening Active
GENESIS-G90-2748,5.0,77.5,697,3765,0.195,95.1,Nominal Magic Carpet Luxury Ride
GENESIS-G90-2749,5.0,57.2,943,3734,0.114,95.5,Nominal Magic Carpet Luxury Ride
GENESIS-G90-2750,5.0,100.0,540,3522,0.12,97.1,Nominal Magic Carpet Luxury Ride
GENESIS-G90-2751,5.0,68.0,794,3804,0.165,95.6,Nominal Magic Carpet Luxury Ride
GENESIS-G90-2752,5.0,51.5,1048,3745,0.15,93.6,Nominal Magic Carpet Luxury Ride
GENESIS-G90-2753,5.0,55.0,982,3453,0.162,95.9,Nominal Magic Carpet Luxury Ride
GENESIS-G90-2754,9.0,32.0,1689,3423,0.191,92.5,Nominal Magic Carpet Luxury Ride
GENESIS-G90-2755,13.2,63.5,850,3486,0.141,97.7,Nominal Magic Carpet Luxury Ride
GENESIS-G90-2756,7.2,58.1,929,3758,0.13,96.9,Nominal Magic Carpet Luxury Ride
GENESIS-G90-2757,56.4,74.2,727,2019,0.273,93.8,Pothole Pre-Damping Softening Active
GENESIS-G90-2758,20.3,57.6,938,2949,0.171,98.2,Nominal Magic Carpet Luxury Ride
GENESIS-G90-2759,55.8,107.6,502,2220,0.287,93.9,Pothole Pre-Damping Softening Active
GENESIS-G90-2760,5.7,57.7,936,3803,0.113,96.2,Nominal Magic Carpet Luxury Ride
GENESIS-G90-2761,16.3,71.6,754,3477,0.147,97.8,Nominal Magic Carpet Luxury Ride
GENESIS-G90-2762,57.0,59.7,905,2226,0.252,93.1,Pothole Pre-Damping Softening Active
GENESIS-G90-2763,17.3,74.3,727,3216,0.196,96.3,Nominal Magic Carpet Luxury Ride
GENESIS-G90-2764,5.0,54.6,990,3646,0.161,96.8,Nominal Magic Carpet Luxury Ride
GENESIS-G90-2765,33.8,86.7,623,2809,0.243,95.1,Nominal Magic Carpet Luxury Ride
GENESIS-G90-2766,49.7,64.5,837,2204,0.269,93.1,Pothole Pre-Damping Softening Active
GENESIS-G90-2767,69.2,58.9,917,1990,0.316,91.6,Pothole Pre-Damping Softening Active
GENESIS-G90-2768,5.0,83.1,650,3795,0.138,95.8,Nominal Magic Carpet Luxury Ride
GENESIS-G90-2769,41.3,107.2,504,2578,0.235,95.3,Pothole Pre-Damping Softening Active
GENESIS-G90-2770,60.0,51.8,1042,2079,0.322,93.7,Pothole Pre-Damping Softening Active
GENESIS-G90-2771,39.9,33.3,1623,2791,0.218,94.6,Nominal Magic Carpet Luxury Ride
GENESIS-G90-2772,17.8,106.2,508,3378,0.162,95.4,Nominal Magic Carpet Luxury Ride
GENESIS-G90-2773,31.7,88.8,608,2998,0.204,95.3,Nominal Magic Carpet Luxury Ride
GENESIS-G90-2774,5.9,34.3,1573,3638,0.16,96.5,Nominal Magic Carpet Luxury Ride
GENESIS-G90-2775,36.9,70.1,770,2967,0.228,94.7,Nominal Magic Carpet Luxury Ride
GENESIS-G90-2776,5.0,45.6,1185,3786,0.08,97.4,Nominal Magic Carpet Luxury Ride
GENESIS-G90-2777,30.7,62.3,866,3141,0.226,94.8,Nominal Magic Carpet Luxury Ride
GENESIS-G90-2778,8.5,66.6,811,3654,0.138,97.2,Nominal Magic Carpet Luxury Ride
GENESIS-G90-2779,5.0,58.2,928,3644,0.122,93.9,Nominal Magic Carpet Luxury Ride
GENESIS-G90-2780,8.5,30.8,1751,3494,0.169,95.3,Nominal Magic Carpet Luxury Ride
GENESIS-G90-2781,6.1,63.4,852,3725,0.119,95.3,Nominal Magic Carpet Luxury Ride
GENESIS-G90-2782,22.4,62.6,863,3010,0.231,95.0,Nominal Magic Carpet Luxury Ride
GENESIS-G90-2783,10.2,53.3,1014,3655,0.138,97.4,Nominal Magic Carpet Luxury Ride
GENESIS-G90-2784,11.6,89.5,604,3665,0.148,96.1,Nominal Magic Carpet Luxury Ride
GENESIS-G90-2785,32.5,34.9,1548,2874,0.222,97.0,Nominal Magic Carpet Luxury Ride
GENESIS-G90-2786,6.8,67.9,796,3691,0.165,96.8,Nominal Magic Carpet Luxury Ride
GENESIS-G90-2787,9.8,98.0,551,3345,0.171,94.8,Nominal Magic Carpet Luxury Ride
GENESIS-G90-2788,5.0,69.9,772,3612,0.16,96.7,Nominal Magic Carpet Luxury Ride
GENESIS-G90-2789,26.0,54.4,993,3030,0.251,95.9,Nominal Magic Carpet Luxury Ride
GENESIS-G90-2790,23.8,107.6,502,2909,0.172,93.5,Nominal Magic Carpet Luxury Ride
GENESIS-G90-2791,7.7,58.6,922,3518,0.179,96.1,Nominal Magic Carpet Luxury Ride
GENESIS-G90-2792,39.8,100.9,535,2594,0.198,93.6,Nominal Magic Carpet Luxury Ride
GENESIS-G90-2793,5.0,67.3,803,3492,0.145,98.0,Nominal Magic Carpet Luxury Ride
GENESIS-G90-2794,57.0,77.2,700,2290,0.249,94.1,Pothole Pre-Damping Softening Active
GENESIS-G90-2795,44.4,39.2,1376,2461,0.245,95.2,Pothole Pre-Damping Softening Active
GENESIS-G90-2796,25.1,52.6,1027,2901,0.209,94.5,Nominal Magic Carpet Luxury Ride
GENESIS-G90-2797,19.4,33.5,1612,3457,0.174,95.0,Nominal Magic Carpet Luxury Ride
GENESIS-G90-2798,52.1,33.3,1621,2446,0.188,94.6,Pothole Pre-Damping Softening Active
GENESIS-G90-2799,10.5,101.1,534,3518,0.088,96.8,Nominal Magic Carpet Luxury Ride
GENESIS-G90-2800,5.0,90.1,599,3760,0.129,97.1,Nominal Magic Carpet Luxury Ride
GENESIS-G90-2801,8.9,107.8,501,3395,0.129,96.3,Nominal Magic Carpet Luxury Ride
GENESIS-G90-2802,9.9,95.3,567,3737,0.11,97.9,Nominal Magic Carpet Luxury Ride
GENESIS-G90-2803,31.2,97.1,556,2992,0.172,96.4,Nominal Magic Carpet Luxury Ride
GENESIS-G90-2804,59.3,69.3,779,2174,0.326,93.3,Pothole Pre-Damping Softening Active
GENESIS-G90-2805,9.4,96.3,561,3392,0.161,95.2,Nominal Magic Carpet Luxury Ride
GENESIS-G90-2806,33.2,33.3,1623,2808,0.239,97.4,Nominal Magic Carpet Luxury Ride
GENESIS-G90-2807,5.0,61.6,876,3828,0.148,95.9,Nominal Magic Carpet Luxury Ride
GENESIS-G90-2808,68.6,74.3,727,2089,0.355,93.4,Pothole Pre-Damping Softening Active
GENESIS-G90-2809,51.4,90.4,597,2105,0.265,95.6,Pothole Pre-Damping Softening Active
GENESIS-G90-2810,5.0,77.7,695,3648,0.165,92.3,Nominal Magic Carpet Luxury Ride
GENESIS-G90-2811,45.3,87.4,618,2451,0.263,93.0,Pothole Pre-Damping Softening Active
GENESIS-G90-2812,19.7,40.5,1333,3378,0.197,95.2,Nominal Magic Carpet Luxury Ride
GENESIS-G90-2813,72.3,64.5,837,1822,0.35,92.2,Pothole Pre-Damping Softening Active
GENESIS-G90-2814,14.1,40.6,1330,3426,0.189,94.7,Nominal Magic Carpet Luxury Ride
GENESIS-G90-2815,12.5,89.4,604,3547,0.136,93.9,Nominal Magic Carpet Luxury Ride
GENESIS-G90-2816,12.9,38.5,1402,3453,0.162,96.7,Nominal Magic Carpet Luxury Ride
GENESIS-G90-2817,5.0,43.4,1245,3681,0.154,94.8,Nominal Magic Carpet Luxury Ride
GENESIS-G90-2818,5.0,55.1,979,3522,0.08,96.5,Nominal Magic Carpet Luxury Ride
GENESIS-G90-2819,10.1,89.5,604,3315,0.199,95.1,Nominal Magic Carpet Luxury Ride
GENESIS-G90-2820,5.5,32.8,1647,3612,0.168,97.3,Nominal Magic Carpet Luxury Ride
GENESIS-G90-2821,15.0,100.3,538,3402,0.156,96.3,Nominal Magic Carpet Luxury Ride
GENESIS-G90-2822,10.6,34.8,1554,3421,0.176,97.5,Nominal Magic Carpet Luxury Ride
GENESIS-G90-2823,90.7,63.8,846,1271,0.389,93.5,Pothole Pre-Damping Softening Active
GENESIS-G90-2824,5.0,39.3,1375,3661,0.188,92.8,Nominal Magic Carpet Luxury Ride
GENESIS-G90-2825,5.0,68.4,790,3710,0.118,98.9,Nominal Magic Carpet Luxury Ride
GENESIS-G90-2826,6.9,69.4,778,3680,0.129,95.2,Nominal Magic Carpet Luxury Ride
GENESIS-G90-2827,59.5,71.8,752,2193,0.279,93.4,Pothole Pre-Damping Softening Active
GENESIS-G90-2828,65.9,57.1,945,2113,0.303,93.5,Pothole Pre-Damping Softening Active
GENESIS-G90-2829,33.6,58.1,930,2922,0.186,98.0,Nominal Magic Carpet Luxury Ride
GENESIS-G90-2830,9.3,32.8,1644,3355,0.122,97.2,Nominal Magic Carpet Luxury Ride
GENESIS-G90-2831,5.0,108.9,496,3492,0.18,96.6,Nominal Magic Carpet Luxury Ride
GENESIS-G90-2832,5.0,65.2,829,3546,0.094,96.2,Nominal Magic Carpet Luxury Ride
GENESIS-G90-2833,5.0,36.2,1490,3648,0.165,95.8,Nominal Magic Carpet Luxury Ride
GENESIS-G90-2834,5.3,57.4,942,3538,0.174,94.7,Nominal Magic Carpet Luxury Ride
GENESIS-G90-2835,24.0,73.9,731,3227,0.164,96.6,Nominal Magic Carpet Luxury Ride
GENESIS-G90-2836,80.4,47.2,1144,1652,0.346,93.8,Pothole Pre-Damping Softening Active
GENESIS-G90-2837,5.0,62.7,862,3714,0.17,94.9,Nominal Magic Carpet Luxury Ride
GENESIS-G90-2838,6.6,42.2,1279,3431,0.149,96.8,Nominal Magic Carpet Luxury Ride
GENESIS-G90-2839,7.6,48.6,1111,3506,0.199,97.4,Nominal Magic Carpet Luxury Ride
GENESIS-G90-2840,5.0,48.9,1104,3802,0.178,95.8,Nominal Magic Carpet Luxury Ride
GENESIS-G90-2841,27.2,64.3,840,2936,0.158,96.4,Nominal Magic Carpet Luxury Ride
GENESIS-G90-2842,5.1,91.0,594,3570,0.13,95.5,Nominal Magic Carpet Luxury Ride
GENESIS-G90-2843,15.3,92.2,585,3360,0.143,97.0,Nominal Magic Carpet Luxury Ride
GENESIS-G90-2844,20.6,66.4,813,3031,0.176,96.5,Nominal Magic Carpet Luxury Ride
GENESIS-G90-2845,65.0,52.3,1032,2217,0.315,92.8,Pothole Pre-Damping Softening Active
GENESIS-G90-2846,20.6,37.7,1434,3178,0.201,96.7,Nominal Magic Carpet Luxury Ride
GENESIS-G90-2847,95.0,107.0,505,1200,0.417,89.6,Pothole Pre-Damping Softening Active
GENESIS-G90-2848,16.0,76.1,710,3443,0.188,96.1,Nominal Magic Carpet Luxury Ride
GENESIS-G90-2849,95.0,80.2,673,1200,0.329,91.6,Pothole Pre-Damping Softening Active
GENESIS-G90-2850,12.9,109.6,493,3384,0.136,95.2,Nominal Magic Carpet Luxury Ride
GENESIS-G90-2851,6.0,98.8,547,3572,0.171,96.4,Nominal Magic Carpet Luxury Ride
GENESIS-G90-2852,5.0,108.7,497,3698,0.113,96.9,Nominal Magic Carpet Luxury Ride
GENESIS-G90-2853,16.6,89.1,606,3411,0.142,96.3,Nominal Magic Carpet Luxury Ride
GENESIS-G90-2854,29.1,98.6,548,3111,0.214,93.7,Nominal Magic Carpet Luxury Ride
GENESIS-G90-2855,44.9,53.4,1011,2745,0.215,97.3,Pothole Pre-Damping Softening Active
GENESIS-G90-2856,87.3,45.8,1179,1478,0.407,92.2,Pothole Pre-Damping Softening Active
GENESIS-G90-2857,11.7,36.6,1475,3512,0.172,95.9,Nominal Magic Carpet Luxury Ride
GENESIS-G90-2858,5.0,55.2,979,3845,0.124,96.5,Nominal Magic Carpet Luxury Ride
GENESIS-G90-2859,22.6,34.8,1554,2995,0.197,93.0,Nominal Magic Carpet Luxury Ride
GENESIS-G90-2860,9.2,45.6,1184,3647,0.121,96.2,Nominal Magic Carpet Luxury Ride
GENESIS-G90-2861,5.0,45.3,1191,3459,0.122,95.9,Nominal Magic Carpet Luxury Ride
GENESIS-G90-2862,28.0,92.2,586,3221,0.233,92.1,Nominal Magic Carpet Luxury Ride
GENESIS-G90-2863,5.0,45.5,1186,3863,0.111,94.8,Nominal Magic Carpet Luxury Ride
GENESIS-G90-2864,5.0,106.1,509,3546,0.095,96.4,Nominal Magic Carpet Luxury Ride
GENESIS-G90-2865,95.0,87.4,618,1200,0.345,94.6,Pothole Pre-Damping Softening Active
GENESIS-G90-2866,24.4,86.1,627,3154,0.226,96.7,Nominal Magic Carpet Luxury Ride
GENESIS-G90-2867,5.0,60.8,888,3693,0.111,96.8,Nominal Magic Carpet Luxury Ride
GENESIS-G90-2868,33.5,54.6,990,2837,0.201,96.1,Nominal Magic Carpet Luxury Ride
GENESIS-G90-2869,10.0,46.0,1175,3585,0.193,94.9,Nominal Magic Carpet Luxury Ride
GENESIS-G90-2870,20.1,40.2,1344,3132,0.153,97.9,Nominal Magic Carpet Luxury Ride
GENESIS-G90-2871,83.6,109.5,493,1535,0.379,91.6,Pothole Pre-Damping Softening Active
GENESIS-G90-2872,23.9,84.5,639,2957,0.199,96.1,Nominal Magic Carpet Luxury Ride
GENESIS-G90-2873,14.3,65.9,819,3739,0.174,96.9,Nominal Magic Carpet Luxury Ride
GENESIS-G90-2874,33.9,56.0,965,2847,0.25,93.7,Nominal Magic Carpet Luxury Ride
GENESIS-G90-2875,5.0,57.2,944,3719,0.139,96.4,Nominal Magic Carpet Luxury Ride
GENESIS-G90-2876,9.4,88.2,612,3428,0.127,96.1,Nominal Magic Carpet Luxury Ride
GENESIS-G90-2877,25.4,62.8,860,3300,0.201,93.0,Nominal Magic Carpet Luxury Ride
GENESIS-G90-2878,21.8,98.0,551,3224,0.177,95.7,Nominal Magic Carpet Luxury Ride
GENESIS-G90-2879,9.3,56.5,956,3655,0.137,98.0,Nominal Magic Carpet Luxury Ride
GENESIS-G90-2880,12.1,79.0,683,3479,0.16,96.1,Nominal Magic Carpet Luxury Ride
GENESIS-G90-2881,39.8,67.1,805,2708,0.252,93.7,Nominal Magic Carpet Luxury Ride
GENESIS-G90-2882,37.0,88.3,612,2781,0.242,94.3,Nominal Magic Carpet Luxury Ride
GENESIS-G90-2883,19.4,79.9,675,3043,0.173,95.0,Nominal Magic Carpet Luxury Ride
GENESIS-G90-2884,15.9,50.2,1075,3228,0.141,97.1,Nominal Magic Carpet Luxury Ride
GENESIS-G90-2885,26.5,107.1,504,3123,0.176,94.5,Nominal Magic Carpet Luxury Ride
GENESIS-G90-2886,8.4,100.5,537,3531,0.129,95.6,Nominal Magic Carpet Luxury Ride
GENESIS-G90-2887,36.2,88.1,613,2787,0.231,96.2,Nominal Magic Carpet Luxury Ride
GENESIS-G90-2888,28.6,59.2,912,3018,0.227,93.8,Nominal Magic Carpet Luxury Ride
GENESIS-G90-2889,23.7,38.2,1412,3348,0.189,94.2,Nominal Magic Carpet Luxury Ride
GENESIS-G90-2890,19.2,34.0,1586,3201,0.201,93.6,Nominal Magic Carpet Luxury Ride
GENESIS-G90-2891,6.0,106.9,505,3559,0.162,96.7,Nominal Magic Carpet Luxury Ride
GENESIS-G90-2892,7.2,91.5,590,3710,0.148,96.0,Nominal Magic Carpet Luxury Ride
GENESIS-G90-2893,28.7,102.3,528,3147,0.206,94.4,Nominal Magic Carpet Luxury Ride
GENESIS-G90-2894,9.7,53.7,1006,3641,0.138,97.6,Nominal Magic Carpet Luxury Ride
GENESIS-G90-2895,44.4,71.5,755,2578,0.244,94.6,Pothole Pre-Damping Softening Active
GENESIS-G90-2896,77.9,109.1,495,1599,0.35,91.8,Pothole Pre-Damping Softening Active
GENESIS-G90-2897,54.3,60.1,898,2333,0.271,93.6,Pothole Pre-Damping Softening Active
GENESIS-G90-2898,5.0,109.0,495,3799,0.136,95.8,Nominal Magic Carpet Luxury Ride
GENESIS-G90-2899,16.1,33.7,1601,3476,0.167,96.4,Nominal Magic Carpet Luxury Ride
GENESIS-G90-2900,5.0,44.4,1215,3592,0.131,95.6,Nominal Magic Carpet Luxury Ride
GENESIS-G90-2901,7.9,42.4,1273,3634,0.15,95.1,Nominal Magic Carpet Luxury Ride
GENESIS-G90-2902,67.5,106.3,508,1869,0.301,93.4,Pothole Pre-Damping Softening Active
GENESIS-G90-2903,5.0,79.4,680,3563,0.158,97.0,Nominal Magic Carpet Luxury Ride
GENESIS-G90-2904,18.6,108.2,499,3152,0.163,95.4,Nominal Magic Carpet Luxury Ride
GENESIS-G90-2905,40.5,99.0,545,2745,0.31,92.7,Pothole Pre-Damping Softening Active
GENESIS-G90-2906,5.0,98.8,547,3740,0.121,96.5,Nominal Magic Carpet Luxury Ride
GENESIS-G90-2907,7.2,105.8,510,3618,0.16,94.8,Nominal Magic Carpet Luxury Ride
GENESIS-G90-2908,21.0,91.1,593,3135,0.145,99.1,Nominal Magic Carpet Luxury Ride
GENESIS-G90-2909,29.8,46.4,1164,2875,0.193,96.4,Nominal Magic Carpet Luxury Ride
GENESIS-G90-2910,5.0,32.3,1674,3642,0.152,94.0,Nominal Magic Carpet Luxury Ride
GENESIS-G90-2911,55.7,39.1,1380,2076,0.309,92.6,Pothole Pre-Damping Softening Active
GENESIS-G90-2912,28.5,54.8,986,2883,0.226,95.7,Nominal Magic Carpet Luxury Ride
GENESIS-G90-2913,73.2,56.4,958,1671,0.358,91.2,Pothole Pre-Damping Softening Active
GENESIS-G90-2914,5.3,37.6,1435,3735,0.142,97.7,Nominal Magic Carpet Luxury Ride
GENESIS-G90-2915,21.9,105.8,510,3307,0.188,96.2,Nominal Magic Carpet Luxury Ride
GENESIS-G90-2916,50.6,81.8,660,2527,0.251,94.4,Pothole Pre-Damping Softening Active
GENESIS-G90-2917,15.1,74.7,723,3251,0.132,95.5,Nominal Magic Carpet Luxury Ride
GENESIS-G90-2918,5.0,37.3,1446,3629,0.164,96.4,Nominal Magic Carpet Luxury Ride
GENESIS-G90-2919,29.9,67.3,802,2920,0.155,96.5,Nominal Magic Carpet Luxury Ride
GENESIS-G90-2920,21.4,57.2,944,3137,0.19,93.7,Nominal Magic Carpet Luxury Ride
GENESIS-G90-2921,8.6,65.8,821,3767,0.08,98.6,Nominal Magic Carpet Luxury Ride
GENESIS-G90-2922,5.0,87.4,618,3811,0.137,97.9,Nominal Magic Carpet Luxury Ride
GENESIS-G90-2923,56.5,53.7,1005,2007,0.338,94.3,Pothole Pre-Damping Softening Active
GENESIS-G90-2924,37.0,56.2,961,2536,0.172,94.3,Nominal Magic Carpet Luxury Ride
GENESIS-G90-2925,8.6,84.2,641,3444,0.114,96.0,Nominal Magic Carpet Luxury Ride
GENESIS-G90-2926,5.0,73.6,733,3647,0.127,96.1,Nominal Magic Carpet Luxury Ride
GENESIS-G90-2927,9.3,33.9,1594,3484,0.138,95.9,Nominal Magic Carpet Luxury Ride
GENESIS-G90-2928,72.6,64.9,833,1682,0.335,90.7,Pothole Pre-Damping Softening Active
GENESIS-G90-2929,26.6,80.1,674,3104,0.211,94.1,Nominal Magic Carpet Luxury Ride
GENESIS-G90-2930,5.0,43.0,1256,3685,0.157,97.1,Nominal Magic Carpet Luxury Ride
GENESIS-G90-2931,8.6,105.4,513,3644,0.138,97.0,Nominal Magic Carpet Luxury Ride
GENESIS-G90-2932,52.5,99.9,541,2296,0.274,95.5,Pothole Pre-Damping Softening Active
GENESIS-G90-2933,9.3,51.4,1051,3425,0.138,96.8,Nominal Magic Carpet Luxury Ride
GENESIS-G90-2934,16.9,80.7,669,3449,0.165,96.5,Nominal Magic Carpet Luxury Ride
GENESIS-G90-2935,62.4,63.5,851,2270,0.36,93.0,Pothole Pre-Damping Softening Active
GENESIS-G90-2936,21.7,46.2,1169,2982,0.154,94.4,Nominal Magic Carpet Luxury Ride
GENESIS-G90-2937,5.0,61.2,883,3678,0.137,94.3,Nominal Magic Carpet Luxury Ride
GENESIS-G90-2938,5.0,30.2,1786,3606,0.13,96.9,Nominal Magic Carpet Luxury Ride
GENESIS-G90-2939,32.8,46.5,1161,2819,0.212,94.6,Nominal Magic Carpet Luxury Ride
GENESIS-G90-2940,6.2,97.2,555,3603,0.138,95.8,Nominal Magic Carpet Luxury Ride
GENESIS-G90-2941,35.0,37.5,1441,2914,0.235,93.1,Nominal Magic Carpet Luxury Ride
GENESIS-G90-2942,17.5,63.1,856,3269,0.164,96.1,Nominal Magic Carpet Luxury Ride
GENESIS-G90-2943,33.9,57.0,947,2641,0.194,95.0,Nominal Magic Carpet Luxury Ride
GENESIS-G90-2944,86.5,38.2,1415,1478,0.357,92.3,Pothole Pre-Damping Softening Active
GENESIS-G90-2945,16.9,74.5,725,3399,0.106,99.4,Nominal Magic Carpet Luxury Ride
GENESIS-G90-2946,7.8,95.4,566,3497,0.131,95.9,Nominal Magic Carpet Luxury Ride
GENESIS-G90-2947,6.9,82.9,652,3714,0.11,95.6,Nominal Magic Carpet Luxury Ride
GENESIS-G90-2948,30.8,80.5,671,2978,0.156,96.0,Nominal Magic Carpet Luxury Ride
GENESIS-G90-2949,29.7,57.4,941,3065,0.218,93.8,Nominal Magic Carpet Luxury Ride
GENESIS-G90-2950,44.2,78.6,687,2572,0.271,93.3,Pothole Pre-Damping Softening Active
GENESIS-G90-2951,35.5,42.1,1284,2880,0.225,96.8,Nominal Magic Carpet Luxury Ride
GENESIS-G90-2952,8.1,96.4,560,3419,0.133,97.8,Nominal Magic Carpet Luxury Ride
GENESIS-G90-2953,54.4,50.5,1068,2176,0.265,95.1,Pothole Pre-Damping Softening Active
GENESIS-G90-2954,25.8,76.3,707,3156,0.19,94.9,Nominal Magic Carpet Luxury Ride
GENESIS-G90-2955,23.8,41.4,1306,3277,0.231,94.8,Nominal Magic Carpet Luxury Ride
GENESIS-G90-2956,5.0,88.3,612,3677,0.156,95.8,Nominal Magic Carpet Luxury Ride
GENESIS-G90-2957,32.7,73.0,739,3028,0.208,95.0,Nominal Magic Carpet Luxury Ride
GENESIS-G90-2958,5.0,44.1,1224,3838,0.153,96.4,Nominal Magic Carpet Luxury Ride
GENESIS-G90-2959,31.4,83.5,647,2694,0.228,94.5,Nominal Magic Carpet Luxury Ride
GENESIS-G90-2960,5.0,61.6,877,3496,0.161,96.3,Nominal Magic Carpet Luxury Ride
GENESIS-G90-2961,19.0,102.3,528,3354,0.205,96.3,Nominal Magic Carpet Luxury Ride
GENESIS-G90-2962,29.2,83.0,651,2894,0.222,94.2,Nominal Magic Carpet Luxury Ride
GENESIS-G90-2963,21.3,105.9,510,3317,0.184,96.0,Nominal Magic Carpet Luxury Ride
GENESIS-G90-2964,5.0,72.3,747,3621,0.104,96.4,Nominal Magic Carpet Luxury Ride
GENESIS-G90-2965,95.0,59.0,915,1291,0.319,94.4,Pothole Pre-Damping Softening Active
GENESIS-G90-2966,56.9,87.2,619,2128,0.27,93.5,Pothole Pre-Damping Softening Active
GENESIS-G90-2967,14.2,48.3,1118,3384,0.177,97.4,Nominal Magic Carpet Luxury Ride
GENESIS-G90-2968,5.0,73.1,739,3865,0.113,95.3,Nominal Magic Carpet Luxury Ride
GENESIS-G90-2969,5.0,65.1,829,3721,0.15,96.6,Nominal Magic Carpet Luxury Ride
GENESIS-G90-2970,34.3,101.5,532,2954,0.225,94.8,Nominal Magic Carpet Luxury Ride
GENESIS-G90-2971,15.0,55.8,967,3525,0.102,97.4,Nominal Magic Carpet Luxury Ride
GENESIS-G90-2972,27.8,65.7,822,2993,0.215,96.6,Nominal Magic Carpet Luxury Ride
GENESIS-G90-2973,5.0,45.5,1186,3848,0.142,97.2,Nominal Magic Carpet Luxury Ride
GENESIS-G90-2974,14.8,37.0,1459,3542,0.205,95.0,Nominal Magic Carpet Luxury Ride
GENESIS-G90-2975,19.7,51.0,1058,3181,0.151,97.6,Nominal Magic Carpet Luxury Ride
GENESIS-G90-2976,26.8,93.1,580,2930,0.203,94.2,Nominal Magic Carpet Luxury Ride
GENESIS-G90-2977,5.2,84.6,638,3748,0.217,95.8,Nominal Magic Carpet Luxury Ride
GENESIS-G90-2978,28.4,55.4,974,2898,0.194,96.0,Nominal Magic Carpet Luxury Ride
GENESIS-G90-2979,5.4,66.6,810,3774,0.134,97.5,Nominal Magic Carpet Luxury Ride
GENESIS-G90-2980,13.0,66.8,808,3426,0.178,97.1,Nominal Magic Carpet Luxury Ride
GENESIS-G90-2981,5.0,80.7,669,3757,0.097,98.0,Nominal Magic Carpet Luxury Ride
GENESIS-G90-2982,28.8,75.9,711,2964,0.202,93.9,Nominal Magic Carpet Luxury Ride
GENESIS-G90-2983,12.2,46.7,1158,3709,0.124,96.5,Nominal Magic Carpet Luxury Ride
GENESIS-G90-2984,95.0,93.8,576,1318,0.384,89.8,Pothole Pre-Damping Softening Active
GENESIS-G90-2985,14.6,68.0,794,3418,0.119,95.8,Nominal Magic Carpet Luxury Ride
GENESIS-G90-2986,23.0,104.8,515,3106,0.149,96.3,Nominal Magic Carpet Luxury Ride
GENESIS-G90-2987,5.0,90.0,600,3742,0.162,96.5,Nominal Magic Carpet Luxury Ride
GENESIS-G90-2988,6.6,99.5,543,3470,0.094,97.4,Nominal Magic Carpet Luxury Ride
GENESIS-G90-2989,25.2,31.5,1714,3229,0.173,94.9,Nominal Magic Carpet Luxury Ride
GENESIS-G90-2990,63.7,86.4,625,2377,0.311,94.9,Pothole Pre-Damping Softening Active
GENESIS-G90-2991,26.6,85.4,632,3239,0.172,97.1,Nominal Magic Carpet Luxury Ride
GENESIS-G90-2992,26.2,87.9,615,2835,0.177,96.8,Nominal Magic Carpet Luxury Ride
GENESIS-G90-2993,11.8,80.9,667,3406,0.167,95.6,Nominal Magic Carpet Luxury Ride
GENESIS-G90-2994,7.7,44.5,1213,3554,0.11,97.2,Nominal Magic Carpet Luxury Ride
GENESIS-G90-2995,25.2,79.1,682,2956,0.163,95.6,Nominal Magic Carpet Luxury Ride
GENESIS-G90-2996,95.0,77.2,699,1200,0.376,93.8,Pothole Pre-Damping Softening Active
GENESIS-G90-2997,6.0,106.3,508,3707,0.144,99.5,Nominal Magic Carpet Luxury Ride
GENESIS-G90-2998,5.0,103.6,521,3769,0.191,94.6,Nominal Magic Carpet Luxury Ride
GENESIS-G90-2999,95.0,90.9,594,1248,0.353,92.6,Pothole Pre-Damping Softening Active
GENESIS-G90-3000,66.0,77.6,696,1842,0.295,95.2,Pothole Pre-Damping Softening Active
GENESIS-G90-3001,18.7,78.4,689,3303,0.212,93.2,Nominal Magic Carpet Luxury Ride
GENESIS-G90-3002,8.8,34.0,1589,3431,0.157,96.5,Nominal Magic Carpet Luxury Ride
GENESIS-G90-3003,10.0,98.1,550,3722,0.131,95.6,Nominal Magic Carpet Luxury Ride
GENESIS-G90-3004,93.3,31.9,1691,1295,0.376,95.2,Pothole Pre-Damping Softening Active
GENESIS-G90-3005,6.3,98.0,551,3662,0.144,93.3,Nominal Magic Carpet Luxury Ride
GENESIS-G90-3006,13.2,100.3,538,3583,0.144,96.2,Nominal Magic Carpet Luxury Ride
GENESIS-G90-3007,6.9,51.6,1046,3622,0.175,97.6,Nominal Magic Carpet Luxury Ride
GENESIS-G90-3008,5.0,105.8,510,3666,0.131,95.8,Nominal Magic Carpet Luxury Ride
GENESIS-G90-3009,15.3,105.2,513,3242,0.114,97.6,Nominal Magic Carpet Luxury Ride
GENESIS-G90-3010,16.4,63.9,846,3280,0.172,94.2,Nominal Magic Carpet Luxury Ride
GENESIS-G90-3011,34.0,43.2,1251,2863,0.217,95.0,Nominal Magic Carpet Luxury Ride
GENESIS-G90-3012,7.8,80.1,674,3541,0.183,97.1,Nominal Magic Carpet Luxury Ride
GENESIS-G90-3013,39.7,72.7,742,2512,0.213,96.0,Nominal Magic Carpet Luxury Ride
GENESIS-G90-3014,21.5,69.3,779,3178,0.188,97.4,Nominal Magic Carpet Luxury Ride
GENESIS-G90-3015,5.0,33.9,1593,3671,0.182,96.2,Nominal Magic Carpet Luxury Ride
GENESIS-G90-3016,11.5,92.6,583,3544,0.125,94.5,Nominal Magic Carpet Luxury Ride
GENESIS-G90-3017,32.4,96.1,562,2849,0.237,93.6,Nominal Magic Carpet Luxury Ride
GENESIS-G90-3018,95.0,74.6,723,1200,0.365,93.2,Pothole Pre-Damping Softening Active
GENESIS-G90-3019,19.1,91.8,588,3355,0.148,95.2,Nominal Magic Carpet Luxury Ride
GENESIS-G90-3020,5.0,72.8,742,3841,0.149,95.2,Nominal Magic Carpet Luxury Ride
GENESIS-G90-3021,5.0,100.9,535,3709,0.102,95.8,Nominal Magic Carpet Luxury Ride
GENESIS-G90-3022,13.4,84.7,638,3373,0.15,96.0,Nominal Magic Carpet Luxury Ride
GENESIS-G90-3023,52.8,65.3,827,2349,0.282,95.7,Pothole Pre-Damping Softening Active
GENESIS-G90-3024,12.1,31.3,1724,3536,0.159,98.3,Nominal Magic Carpet Luxury Ride
GENESIS-G90-3025,27.2,58.9,917,3187,0.192,98.2,Nominal Magic Carpet Luxury Ride
GENESIS-G90-3026,19.0,92.1,586,3348,0.162,96.1,Nominal Magic Carpet Luxury Ride
GENESIS-G90-3027,6.5,94.6,571,3658,0.14,97.0,Nominal Magic Carpet Luxury Ride
GENESIS-G90-3028,5.0,88.7,609,3799,0.085,96.5,Nominal Magic Carpet Luxury Ride
GENESIS-G90-3029,7.3,55.8,967,3781,0.127,97.4,Nominal Magic Carpet Luxury Ride
GENESIS-G90-3030,32.1,77.3,698,2893,0.193,95.5,Nominal Magic Carpet Luxury Ride
GENESIS-G90-3031,5.0,66.7,810,3673,0.101,96.4,Nominal Magic Carpet Luxury Ride
GENESIS-G90-3032,95.0,89.7,602,1200,0.343,95.0,Pothole Pre-Damping Softening Active
GENESIS-G90-3033,47.2,99.9,541,2508,0.254,93.1,Pothole Pre-Damping Softening Active
GENESIS-G90-3034,6.1,68.7,786,3573,0.094,97.0,Nominal Magic Carpet Luxury Ride
GENESIS-G90-3035,5.0,98.7,547,3816,0.139,95.5,Nominal Magic Carpet Luxury Ride
GENESIS-G90-3036,13.1,69.7,775,3334,0.132,97.4,Nominal Magic Carpet Luxury Ride
GENESIS-G90-3037,35.6,103.2,523,3021,0.209,98.3,Nominal Magic Carpet Luxury Ride
GENESIS-G90-3038,17.6,102.4,527,3483,0.182,95.8,Nominal Magic Carpet Luxury Ride
GENESIS-G90-3039,5.0,66.3,815,3480,0.158,96.6,Nominal Magic Carpet Luxury Ride
GENESIS-G90-3040,25.8,86.2,627,3096,0.185,94.9,Nominal Magic Carpet Luxury Ride
GENESIS-G90-3041,5.0,71.2,759,3671,0.099,96.6,Nominal Magic Carpet Luxury Ride
GENESIS-G90-3042,34.6,42.3,1276,2687,0.193,97.2,Nominal Magic Carpet Luxury Ride
GENESIS-G90-3043,57.0,108.0,500,2313,0.305,93.4,Pothole Pre-Damping Softening Active
GENESIS-G90-3044,20.3,31.9,1692,3161,0.14,96.0,Nominal Magic Carpet Luxury Ride
GENESIS-G90-3045,32.0,69.2,781,2860,0.199,94.7,Nominal Magic Carpet Luxury Ride
GENESIS-G90-3046,74.7,104.4,517,1825,0.282,93.2,Pothole Pre-Damping Softening Active
GENESIS-G90-3047,28.1,45.4,1189,2964,0.243,94.3,Nominal Magic Carpet Luxury Ride
GENESIS-G90-3048,19.8,43.6,1238,3093,0.155,96.4,Nominal Magic Carpet Luxury Ride
GENESIS-G90-3049,5.0,84.3,640,3591,0.125,96.8,Nominal Magic Carpet Luxury Ride
GENESIS-G90-3050,14.9,98.9,546,3165,0.171,93.9,Nominal Magic Carpet Luxury Ride
GENESIS-G90-3051,5.0,86.0,628,3525,0.131,97.7,Nominal Magic Carpet Luxury Ride
GENESIS-G90-3052,49.4,48.6,1110,2591,0.216,94.0,Pothole Pre-Damping Softening Active
GENESIS-G90-3053,18.5,46.6,1160,3094,0.201,97.2,Nominal Magic Carpet Luxury Ride
GENESIS-G90-3054,9.8,93.5,577,3537,0.117,94.4,Nominal Magic Carpet Luxury Ride
GENESIS-G90-3055,9.9,79.7,677,3694,0.195,96.4,Nominal Magic Carpet Luxury Ride
GENESIS-G90-3056,13.0,37.9,1426,3249,0.203,97.5,Nominal Magic Carpet Luxury Ride
GENESIS-G90-3057,84.9,88.8,608,1337,0.35,92.4,Pothole Pre-Damping Softening Active
GENESIS-G90-3058,47.0,71.4,756,2370,0.236,94.8,Pothole Pre-Damping Softening Active
GENESIS-G90-3059,8.8,44.4,1217,3550,0.111,95.3,Nominal Magic Carpet Luxury Ride
GENESIS-G90-3060,17.1,85.0,636,3623,0.165,96.5,Nominal Magic Carpet Luxury Ride
GENESIS-G90-3061,5.0,96.2,562,3682,0.135,93.8,Nominal Magic Carpet Luxury Ride
GENESIS-G90-3062,61.4,104.5,517,2262,0.244,93.1,Pothole Pre-Damping Softening Active
GENESIS-G90-3063,25.9,98.7,547,3131,0.236,93.1,Nominal Magic Carpet Luxury Ride
GENESIS-G90-3064,8.1,79.0,684,3459,0.152,95.5,Nominal Magic Carpet Luxury Ride
GENESIS-G90-3065,5.0,90.6,596,3703,0.136,95.4,Nominal Magic Carpet Luxury Ride
GENESIS-G90-3066,5.7,85.8,629,3641,0.143,97.3,Nominal Magic Carpet Luxury Ride
GENESIS-G90-3067,8.1,30.0,1799,3435,0.177,93.4,Nominal Magic Carpet Luxury Ride
GENESIS-G90-3068,33.7,34.8,1553,2826,0.154,96.1,Nominal Magic Carpet Luxury Ride
GENESIS-G90-3069,17.8,60.8,889,3030,0.147,97.5,Nominal Magic Carpet Luxury Ride
GENESIS-G90-3070,35.2,105.9,510,2864,0.221,94.7,Nominal Magic Carpet Luxury Ride
GENESIS-G90-3071,33.5,83.7,645,2949,0.166,94.4,Nominal Magic Carpet Luxury Ride
GENESIS-G90-3072,34.3,32.5,1660,2624,0.21,95.3,Nominal Magic Carpet Luxury Ride
GENESIS-G90-3073,22.7,30.3,1784,3276,0.186,96.0,Nominal Magic Carpet Luxury Ride
GENESIS-G90-3074,95.0,94.3,572,1276,0.388,90.5,Pothole Pre-Damping Softening Active
GENESIS-G90-3075,17.0,56.5,956,3373,0.11,98.7,Nominal Magic Carpet Luxury Ride
GENESIS-G90-3076,43.1,70.6,765,2615,0.244,94.2,Pothole Pre-Damping Softening Active
GENESIS-G90-3077,43.0,105.4,512,2612,0.231,95.1,Pothole Pre-Damping Softening Active
GENESIS-G90-3078,20.7,64.8,833,3167,0.186,96.6,Nominal Magic Carpet Luxury Ride
GENESIS-G90-3079,42.7,50.0,1080,2728,0.226,95.2,Pothole Pre-Damping Softening Active
GENESIS-G90-3080,10.7,98.0,551,3553,0.127,95.6,Nominal Magic Carpet Luxury Ride
GENESIS-G90-3081,83.3,63.7,848,1429,0.361,94.5,Pothole Pre-Damping Softening Active
GENESIS-G90-3082,25.8,99.3,544,2975,0.2,94.7,Nominal Magic Carpet Luxury Ride
GENESIS-G90-3083,22.9,31.7,1704,3162,0.156,98.0,Nominal Magic Carpet Luxury Ride
GENESIS-G90-3084,20.9,31.9,1691,3296,0.239,94.7,Nominal Magic Carpet Luxury Ride
GENESIS-G90-3085,30.7,75.9,712,3196,0.192,95.0,Nominal Magic Carpet Luxury Ride
GENESIS-G90-3086,21.0,35.3,1531,3333,0.184,94.2,Nominal Magic Carpet Luxury Ride
GENESIS-G90-3087,5.1,40.7,1327,3363,0.151,95.6,Nominal Magic Carpet Luxury Ride
GENESIS-G90-3088,95.0,83.1,650,1200,0.445,92.6,Pothole Pre-Damping Softening Active
GENESIS-G90-3089,5.0,59.8,903,3770,0.084,98.4,Nominal Magic Carpet Luxury Ride
GENESIS-G90-3090,15.6,90.7,595,3626,0.129,95.8,Nominal Magic Carpet Luxury Ride
GENESIS-G90-3091,30.1,84.4,640,2968,0.189,95.7,Nominal Magic Carpet Luxury Ride
GENESIS-G90-3092,21.0,69.0,782,3161,0.167,96.6,Nominal Magic Carpet Luxury Ride
GENESIS-G90-3093,23.1,87.1,620,3022,0.184,94.6,Nominal Magic Carpet Luxury Ride
GENESIS-G90-3094,12.5,36.8,1466,3527,0.147,97.3,Nominal Magic Carpet Luxury Ride
GENESIS-G90-3095,7.2,86.6,624,3698,0.126,95.2,Nominal Magic Carpet Luxury Ride
GENESIS-G90-3096,18.8,96.0,563,3407,0.116,97.0,Nominal Magic Carpet Luxury Ride
GENESIS-G90-3097,6.7,47.1,1147,3550,0.12,97.0,Nominal Magic Carpet Luxury Ride
GENESIS-G90-3098,30.8,100.2,539,2839,0.208,95.4,Nominal Magic Carpet Luxury Ride
GENESIS-G90-3099,5.0,43.7,1236,3630,0.115,98.5,Nominal Magic Carpet Luxury Ride
GENESIS-G90-3100,95.0,65.5,824,1200,0.365,93.6,Pothole Pre-Damping Softening Active
GENESIS-G90-3101,6.0,70.5,766,3684,0.099,97.5,Nominal Magic Carpet Luxury Ride
GENESIS-G90-3102,15.0,68.2,792,3570,0.163,95.7,Nominal Magic Carpet Luxury Ride
GENESIS-G90-3103,16.5,106.8,506,3538,0.2,95.3,Nominal Magic Carpet Luxury Ride
GENESIS-G90-3104,5.0,39.1,1381,3554,0.094,98.1,Nominal Magic Carpet Luxury Ride
GENESIS-G90-3105,17.9,95.0,569,3535,0.203,96.3,Nominal Magic Carpet Luxury Ride
GENESIS-G90-3106,14.8,101.3,533,3526,0.201,95.2,Nominal Magic Carpet Luxury Ride
GENESIS-G90-3107,7.1,108.9,496,3860,0.129,95.7,Nominal Magic Carpet Luxury Ride
GENESIS-G90-3108,10.7,48.1,1123,3423,0.092,98.4,Nominal Magic Carpet Luxury Ride
GENESIS-G90-3109,7.4,59.6,906,3632,0.143,95.9,Nominal Magic Carpet Luxury Ride
GENESIS-G90-3110,5.0,100.8,536,3596,0.127,97.2,Nominal Magic Carpet Luxury Ride
GENESIS-G90-3111,9.6,77.6,696,3607,0.112,97.9,Nominal Magic Carpet Luxury Ride
GENESIS-G90-3112,7.2,65.6,823,3653,0.191,94.4,Nominal Magic Carpet Luxury Ride
GENESIS-G90-3113,8.5,96.9,557,3625,0.152,94.4,Nominal Magic Carpet Luxury Ride
GENESIS-G90-3114,5.0,96.9,558,3620,0.163,95.0,Nominal Magic Carpet Luxury Ride
GENESIS-G90-3115,28.9,77.4,698,2944,0.206,93.3,Nominal Magic Carpet Luxury Ride
GENESIS-G90-3116,18.8,81.6,662,3430,0.117,96.3,Nominal Magic Carpet Luxury Ride
GENESIS-G90-3117,16.7,43.4,1243,3232,0.237,95.6,Nominal Magic Carpet Luxury Ride
GENESIS-G90-3118,18.9,82.1,658,3484,0.21,94.3,Nominal Magic Carpet Luxury Ride
GENESIS-G90-3119,7.9,71.4,757,3728,0.16,93.8,Nominal Magic Carpet Luxury Ride
GENESIS-G90-3120,12.1,33.5,1613,3370,0.165,93.5,Nominal Magic Carpet Luxury Ride
GENESIS-G90-3121,5.0,65.6,823,3681,0.127,97.0,Nominal Magic Carpet Luxury Ride
GENESIS-G90-3122,5.0,72.5,744,3698,0.12,97.3,Nominal Magic Carpet Luxury Ride
GENESIS-G90-3123,48.5,57.0,948,2341,0.231,94.0,Pothole Pre-Damping Softening Active
GENESIS-G90-3124,40.4,54.8,986,2570,0.194,97.8,Pothole Pre-Damping Softening Active
GENESIS-G90-3125,12.5,86.7,623,3560,0.185,94.4,Nominal Magic Carpet Luxury Ride
GENESIS-G90-3126,9.8,38.8,1390,3365,0.129,95.7,Nominal Magic Carpet Luxury Ride
GENESIS-G90-3127,5.0,33.2,1627,3543,0.168,96.3,Nominal Magic Carpet Luxury Ride
GENESIS-G90-3128,38.0,61.0,886,2648,0.199,96.0,Nominal Magic Carpet Luxury Ride
GENESIS-G90-3129,53.7,36.7,1471,2181,0.237,96.3,Pothole Pre-Damping Softening Active
GENESIS-G90-3130,63.3,37.4,1445,2208,0.256,95.1,Pothole Pre-Damping Softening Active
GENESIS-G90-3131,32.6,105.7,511,2655,0.168,97.4,Nominal Magic Carpet Luxury Ride
GENESIS-G90-3132,38.0,50.0,1081,2622,0.269,92.9,Nominal Magic Carpet Luxury Ride
GENESIS-G90-3133,32.3,90.9,594,2999,0.26,92.9,Nominal Magic Carpet Luxury Ride
GENESIS-G90-3134,36.6,102.0,530,2780,0.266,94.9,Nominal Magic Carpet Luxury Ride
GENESIS-G90-3135,5.0,105.9,510,3742,0.151,96.7,Nominal Magic Carpet Luxury Ride
GENESIS-G90-3136,8.8,92.1,586,3677,0.137,98.0,Nominal Magic Carpet Luxury Ride
GENESIS-G90-3137,9.2,80.1,675,3341,0.147,96.9,Nominal Magic Carpet Luxury Ride
GENESIS-G90-3138,9.9,67.7,798,3716,0.19,95.9,Nominal Magic Carpet Luxury Ride
GENESIS-G90-3139,5.0,89.5,603,3639,0.176,96.0,Nominal Magic Carpet Luxury Ride
GENESIS-G90-3140,5.0,63.8,846,3705,0.115,96.5,Nominal Magic Carpet Luxury Ride
GENESIS-G90-3141,17.4,97.5,554,3197,0.107,96.4,Nominal Magic Carpet Luxury Ride
GENESIS-G90-3142,18.2,86.8,622,3232,0.207,95.3,Nominal Magic Carpet Luxury Ride
GENESIS-G90-3143,7.7,68.4,790,3813,0.175,95.6,Nominal Magic Carpet Luxury Ride
GENESIS-G90-3144,26.5,106.1,509,3342,0.162,95.4,Nominal Magic Carpet Luxury Ride
GENESIS-G90-3145,5.0,75.8,712,3826,0.128,96.6,Nominal Magic Carpet Luxury Ride
GENESIS-G90-3146,9.4,65.4,825,3539,0.146,95.9,Nominal Magic Carpet Luxury Ride
GENESIS-G90-3147,25.2,71.3,758,3166,0.168,96.4,Nominal Magic Carpet Luxury Ride
GENESIS-G90-3148,29.8,56.0,964,2974,0.202,94.8,Nominal Magic Carpet Luxury Ride
GENESIS-G90-3149,44.8,45.0,1201,2352,0.298,94.7,Pothole Pre-Damping Softening Active
GENESIS-G90-3150,67.9,65.2,828,1719,0.266,95.0,Pothole Pre-Damping Softening Active
GENESIS-G90-3151,38.0,57.1,945,2726,0.216,95.4,Nominal Magic Carpet Luxury Ride
GENESIS-G90-3152,85.8,51.0,1059,1443,0.39,94.1,Pothole Pre-Damping Softening Active
GENESIS-G90-3153,14.0,53.8,1005,3325,0.137,98.1,Nominal Magic Carpet Luxury Ride
GENESIS-G90-3154,52.2,75.9,712,2186,0.287,92.0,Pothole Pre-Damping Softening Active
GENESIS-G90-3155,33.1,38.1,1417,3033,0.21,96.3,Nominal Magic Carpet Luxury Ride
GENESIS-G90-3156,5.0,43.3,1246,3395,0.161,94.7,Nominal Magic Carpet Luxury Ride
GENESIS-G90-3157,10.9,60.8,888,3445,0.148,96.5,Nominal Magic Carpet Luxury Ride
GENESIS-G90-3158,10.3,88.5,610,3434,0.159,98.3,Nominal Magic Carpet Luxury Ride
GENESIS-G90-3159,5.0,54.2,996,3704,0.142,96.6,Nominal Magic Carpet Luxury Ride
GENESIS-G90-3160,31.5,74.9,721,3209,0.263,92.9,Nominal Magic Carpet Luxury Ride
GENESIS-G90-3161,6.3,50.5,1069,3491,0.104,94.9,Nominal Magic Carpet Luxury Ride
GENESIS-G90-3162,95.0,89.2,606,1200,0.35,92.6,Pothole Pre-Damping Softening Active
GENESIS-G90-3163,7.2,42.2,1281,3496,0.137,95.3,Nominal Magic Carpet Luxury Ride
GENESIS-G90-3164,32.0,51.8,1043,3024,0.192,95.5,Nominal Magic Carpet Luxury Ride
GENESIS-G90-3165,14.9,53.8,1003,3176,0.197,93.7,Nominal Magic Carpet Luxury Ride
GENESIS-G90-3166,6.0,72.0,750,3710,0.097,99.1,Nominal Magic Carpet Luxury Ride
GENESIS-G90-3167,58.3,57.8,935,2036,0.302,96.4,Pothole Pre-Damping Softening Active
GENESIS-G90-3168,5.3,79.3,681,3612,0.199,94.2,Nominal Magic Carpet Luxury Ride
GENESIS-G90-3169,16.4,93.4,578,3470,0.166,92.6,Nominal Magic Carpet Luxury Ride
GENESIS-G90-3170,28.3,92.9,582,3242,0.18,97.2,Nominal Magic Carpet Luxury Ride
GENESIS-G90-3171,35.5,55.9,966,2713,0.236,96.2,Nominal Magic Carpet Luxury Ride
GENESIS-G90-3172,53.7,73.2,738,2232,0.209,93.6,Pothole Pre-Damping Softening Active
GENESIS-G90-3173,5.0,33.5,1614,3724,0.184,93.2,Nominal Magic Carpet Luxury Ride
GENESIS-G90-3174,71.1,74.3,726,1819,0.357,92.7,Pothole Pre-Damping Softening Active
GENESIS-G90-3175,19.5,67.0,806,3182,0.147,96.3,Nominal Magic Carpet Luxury Ride
GENESIS-G90-3176,46.2,100.0,540,2260,0.247,94.6,Pothole Pre-Damping Softening Active
GENESIS-G90-3177,13.1,108.1,500,3626,0.183,96.9,Nominal Magic Carpet Luxury Ride
GENESIS-G90-3178,41.3,77.5,697,2687,0.194,94.6,Pothole Pre-Damping Softening Active
GENESIS-G90-3179,15.0,58.5,923,3320,0.16,96.2,Nominal Magic Carpet Luxury Ride
GENESIS-G90-3180,33.1,95.9,563,2835,0.183,97.1,Nominal Magic Carpet Luxury Ride
GENESIS-G90-3181,16.4,38.5,1404,3385,0.195,96.1,Nominal Magic Carpet Luxury Ride
GENESIS-G90-3182,12.9,59.9,901,3230,0.166,93.0,Nominal Magic Carpet Luxury Ride
GENESIS-G90-3183,26.0,77.2,699,3263,0.219,93.3,Nominal Magic Carpet Luxury Ride
GENESIS-G90-3184,18.3,96.2,561,3338,0.103,97.0,Nominal Magic Carpet Luxury Ride
GENESIS-G90-3185,14.9,106.3,508,3331,0.205,94.0,Nominal Magic Carpet Luxury Ride
GENESIS-G90-3186,18.2,50.3,1074,3525,0.174,97.3,Nominal Magic Carpet Luxury Ride
GENESIS-G90-3187,11.9,72.6,744,3475,0.147,96.0,Nominal Magic Carpet Luxury Ride
GENESIS-G90-3188,6.5,96.3,561,3433,0.135,94.6,Nominal Magic Carpet Luxury Ride
GENESIS-G90-3189,10.1,35.7,1514,3421,0.178,94.5,Nominal Magic Carpet Luxury Ride
GENESIS-G90-3190,17.3,40.5,1334,3274,0.109,98.5,Nominal Magic Carpet Luxury Ride
GENESIS-G90-3191,46.8,65.8,820,2741,0.208,95.8,Pothole Pre-Damping Softening Active
GENESIS-G90-3192,16.3,65.1,830,3349,0.17,96.9,Nominal Magic Carpet Luxury Ride
GENESIS-G90-3193,36.2,44.0,1227,2881,0.202,93.9,Nominal Magic Carpet Luxury Ride
GENESIS-G90-3194,6.1,88.0,614,3668,0.11,96.8,Nominal Magic Carpet Luxury Ride
GENESIS-G90-3195,5.1,93.5,578,3849,0.08,96.9,Nominal Magic Carpet Luxury Ride
GENESIS-G90-3196,6.8,81.1,666,3761,0.138,97.2,Nominal Magic Carpet Luxury Ride
GENESIS-G90-3197,30.5,57.1,946,2928,0.165,97.5,Nominal Magic Carpet Luxury Ride
GENESIS-G90-3198,8.0,104.8,515,3577,0.114,97.1,Nominal Magic Carpet Luxury Ride
GENESIS-G90-3199,5.0,81.3,664,3799,0.124,96.8,Nominal Magic Carpet Luxury Ride
GENESIS-G90-3200,32.2,35.4,1523,2751,0.212,94.2,Nominal Magic Carpet Luxury Ride
GENESIS-G90-3201,12.2,48.1,1122,3443,0.148,94.1,Nominal Magic Carpet Luxury Ride
GENESIS-G90-3202,18.4,66.6,811,3132,0.175,95.3,Nominal Magic Carpet Luxury Ride
GENESIS-G90-3203,5.0,99.2,544,3801,0.162,96.7,Nominal Magic Carpet Luxury Ride
GENESIS-G90-3204,5.0,63.3,853,3736,0.169,95.7,Nominal Magic Carpet Luxury Ride
GENESIS-G90-3205,6.0,82.7,653,3667,0.131,96.4,Nominal Magic Carpet Luxury Ride
GENESIS-G90-3206,26.8,81.9,659,3129,0.203,95.6,Nominal Magic Carpet Luxury Ride
GENESIS-G90-3207,5.0,102.3,528,3512,0.164,97.6,Nominal Magic Carpet Luxury Ride
GENESIS-G90-3208,6.2,69.8,774,3529,0.13,97.3,Nominal Magic Carpet Luxury Ride
GENESIS-G90-3209,5.0,70.3,768,3588,0.085,97.0,Nominal Magic Carpet Luxury Ride
GENESIS-G90-3210,16.7,31.9,1691,3425,0.125,96.5,Nominal Magic Carpet Luxury Ride
GENESIS-G90-3211,9.2,98.3,549,3541,0.135,96.6,Nominal Magic Carpet Luxury Ride
GENESIS-G90-3212,48.4,34.0,1590,2345,0.285,95.0,Pothole Pre-Damping Softening Active
GENESIS-G90-3213,14.8,109.8,492,3136,0.136,96.0,Nominal Magic Carpet Luxury Ride
GENESIS-G90-3214,44.9,106.1,509,2514,0.215,96.9,Pothole Pre-Damping Softening Active
GENESIS-G90-3215,37.8,104.7,516,2616,0.245,96.1,Nominal Magic Carpet Luxury Ride
GENESIS-G90-3216,30.1,41.7,1294,3042,0.178,94.3,Nominal Magic Carpet Luxury Ride
GENESIS-G90-3217,27.0,52.9,1020,3068,0.167,97.7,Nominal Magic Carpet Luxury Ride
GENESIS-G90-3218,5.4,107.7,502,3682,0.168,96.4,Nominal Magic Carpet Luxury Ride
GENESIS-G90-3219,40.8,98.1,550,2686,0.217,94.4,Pothole Pre-Damping Softening Active
GENESIS-G90-3220,72.0,104.3,518,1846,0.33,92.9,Pothole Pre-Damping Softening Active
GENESIS-G90-3221,5.0,33.5,1612,3676,0.118,96.5,Nominal Magic Carpet Luxury Ride
GENESIS-G90-3222,5.0,107.6,502,3700,0.123,98.6,Nominal Magic Carpet Luxury Ride
GENESIS-G90-3223,78.2,105.8,511,1685,0.343,94.7,Pothole Pre-Damping Softening Active
GENESIS-G90-3224,5.0,109.7,492,3494,0.092,98.5,Nominal Magic Carpet Luxury Ride
GENESIS-G90-3225,42.7,78.1,692,2957,0.236,94.0,Pothole Pre-Damping Softening Active
GENESIS-G90-3226,33.3,83.9,643,2914,0.221,93.2,Nominal Magic Carpet Luxury Ride
GENESIS-G90-3227,28.9,31.2,1730,2934,0.2,95.2,Nominal Magic Carpet Luxury Ride
GENESIS-G90-3228,26.6,77.4,698,3057,0.185,94.6,Nominal Magic Carpet Luxury Ride
GENESIS-G90-3229,8.5,78.6,687,3729,0.121,97.0,Nominal Magic Carpet Luxury Ride
GENESIS-G90-3230,43.0,78.1,691,2703,0.301,92.7,Pothole Pre-Damping Softening Active
GENESIS-G90-3231,14.9,105.8,510,3307,0.136,97.2,Nominal Magic Carpet Luxury Ride
GENESIS-G90-3232,5.0,98.7,547,3608,0.099,99.5,Nominal Magic Carpet Luxury Ride
GENESIS-G90-3233,33.8,31.8,1699,2751,0.268,94.6,Nominal Magic Carpet Luxury Ride
GENESIS-G90-3234,45.9,48.3,1117,2296,0.209,94.3,Pothole Pre-Damping Softening Active
GENESIS-G90-3235,7.8,78.5,688,3600,0.122,94.6,Nominal Magic Carpet Luxury Ride
GENESIS-G90-3236,20.8,31.8,1696,3119,0.192,95.1,Nominal Magic Carpet Luxury Ride
GENESIS-G90-3237,77.8,42.8,1263,1623,0.342,93.9,Pothole Pre-Damping Softening Active
GENESIS-G90-3238,17.6,98.9,546,3205,0.156,94.4,Nominal Magic Carpet Luxury Ride
GENESIS-G90-3239,39.6,92.3,585,2957,0.257,94.9,Nominal Magic Carpet Luxury Ride
GENESIS-G90-3240,64.7,100.7,536,1950,0.299,94.7,Pothole Pre-Damping Softening Active
GENESIS-G90-3241,15.0,84.8,637,3404,0.129,97.7,Nominal Magic Carpet Luxury Ride
GENESIS-G90-3242,41.2,39.2,1376,2642,0.211,93.9,Pothole Pre-Damping Softening Active
GENESIS-G90-3243,5.6,60.1,898,3597,0.179,96.3,Nominal Magic Carpet Luxury Ride
GENESIS-G90-3244,21.8,40.8,1325,3104,0.157,96.7,Nominal Magic Carpet Luxury Ride
GENESIS-G90-3245,44.7,59.0,915,2621,0.257,94.2,Pothole Pre-Damping Softening Active
GENESIS-G90-3246,32.6,100.9,535,2885,0.169,95.2,Nominal Magic Carpet Luxury Ride
GENESIS-G90-3247,58.9,51.7,1044,2018,0.317,95.4,Pothole Pre-Damping Softening Active
GENESIS-G90-3248,5.0,87.8,615,3618,0.126,97.8,Nominal Magic Carpet Luxury Ride
GENESIS-G90-3249,27.3,86.8,622,2846,0.218,95.2,Nominal Magic Carpet Luxury Ride
GENESIS-G90-3250,5.0,66.2,816,3587,0.111,98.9,Nominal Magic Carpet Luxury Ride
GENESIS-G90-3251,95.0,78.4,689,1200,0.379,90.7,Pothole Pre-Damping Softening Active
GENESIS-G90-3252,7.2,70.3,769,3519,0.163,97.4,Nominal Magic Carpet Luxury Ride
GENESIS-G90-3253,26.3,96.6,559,3213,0.158,95.1,Nominal Magic Carpet Luxury Ride
GENESIS-G90-3254,70.9,33.5,1612,1839,0.317,93.5,Pothole Pre-Damping Softening Active
GENESIS-G90-3255,47.3,34.6,1563,2482,0.245,94.3,Pothole Pre-Damping Softening Active
GENESIS-G90-3256,12.1,105.8,511,3630,0.132,98.5,Nominal Magic Carpet Luxury Ride
GENESIS-G90-3257,19.4,50.1,1078,3333,0.142,99.5,Nominal Magic Carpet Luxury Ride
GENESIS-G90-3258,21.4,46.1,1170,3086,0.208,95.5,Nominal Magic Carpet Luxury Ride
GENESIS-G90-3259,28.3,57.6,937,3048,0.2,93.6,Nominal Magic Carpet Luxury Ride
GENESIS-G90-3260,9.3,75.5,715,3426,0.193,93.8,Nominal Magic Carpet Luxury Ride
GENESIS-G90-3261,27.1,60.6,891,3063,0.206,95.3,Nominal Magic Carpet Luxury Ride
GENESIS-G90-3262,23.7,97.6,553,3147,0.21,93.5,Nominal Magic Carpet Luxury Ride
GENESIS-G90-3263,44.9,84.3,640,2451,0.251,94.5,Pothole Pre-Damping Softening Active
GENESIS-G90-3264,5.4,84.4,640,3489,0.107,97.2,Nominal Magic Carpet Luxury Ride
GENESIS-G90-3265,30.0,38.3,1411,3055,0.246,93.5,Nominal Magic Carpet Luxury Ride
GENESIS-G90-3266,11.7,105.9,510,3420,0.143,97.6,Nominal Magic Carpet Luxury Ride
GENESIS-G90-3267,40.5,108.7,497,2384,0.228,96.4,Pothole Pre-Damping Softening Active
GENESIS-G90-3268,5.0,48.5,1113,3899,0.137,95.2,Nominal Magic Carpet Luxury Ride
GENESIS-G90-3269,56.7,51.4,1050,2123,0.25,93.8,Pothole Pre-Damping Softening Active
GENESIS-G90-3270,5.0,74.8,722,3534,0.116,97.9,Nominal Magic Carpet Luxury Ride
GENESIS-G90-3271,39.1,85.1,635,2676,0.226,94.0,Nominal Magic Carpet Luxury Ride
GENESIS-G90-3272,20.3,73.8,732,3456,0.175,96.2,Nominal Magic Carpet Luxury Ride
GENESIS-G90-3273,22.1,87.8,615,3139,0.203,94.1,Nominal Magic Carpet Luxury Ride
GENESIS-G90-3274,16.0,81.0,667,3342,0.138,96.1,Nominal Magic Carpet Luxury Ride
GENESIS-G90-3275,5.0,42.6,1268,3619,0.084,99.5,Nominal Magic Carpet Luxury Ride
GENESIS-G90-3276,60.2,46.0,1173,2030,0.302,94.7,Pothole Pre-Damping Softening Active
GENESIS-G90-3277,95.0,106.4,508,1200,0.42,90.7,Pothole Pre-Damping Softening Active
GENESIS-G90-3278,42.2,40.6,1330,2635,0.221,93.5,Pothole Pre-Damping Softening Active
GENESIS-G90-3279,48.7,109.6,493,2637,0.258,94.4,Pothole Pre-Damping Softening Active
GENESIS-G90-3280,8.0,58.4,925,3670,0.237,93.6,Nominal Magic Carpet Luxury Ride
GENESIS-G90-3281,5.0,62.8,860,3767,0.164,94.6,Nominal Magic Carpet Luxury Ride
GENESIS-G90-3282,16.1,31.8,1697,3278,0.177,94.3,Nominal Magic Carpet Luxury Ride
GENESIS-G90-3283,38.4,69.7,774,2824,0.202,94.6,Nominal Magic Carpet Luxury Ride
GENESIS-G90-3284,17.3,71.5,755,3228,0.182,96.0,Nominal Magic Carpet Luxury Ride
GENESIS-G90-3285,18.1,30.4,1778,3367,0.186,95.8,Nominal Magic Carpet Luxury Ride
GENESIS-G90-3286,78.8,101.8,530,1746,0.319,93.0,Pothole Pre-Damping Softening Active
GENESIS-G90-3287,15.4,94.0,574,3422,0.128,96.0,Nominal Magic Carpet Luxury Ride
GENESIS-G90-3288,5.0,34.8,1550,3750,0.084,98.6,Nominal Magic Carpet Luxury Ride
GENESIS-G90-3289,20.6,45.3,1192,3146,0.11,96.2,Nominal Magic Carpet Luxury Ride
GENESIS-G90-3290,21.6,86.5,624,3260,0.197,95.0,Nominal Magic Carpet Luxury Ride
GENESIS-G90-3291,22.6,58.9,917,3243,0.201,96.1,Nominal Magic Carpet Luxury Ride
GENESIS-G90-3292,5.0,35.4,1528,3518,0.106,96.0,Nominal Magic Carpet Luxury Ride
GENESIS-G90-3293,37.2,45.4,1190,2589,0.271,94.8,Nominal Magic Carpet Luxury Ride
GENESIS-G90-3294,8.0,73.8,732,3601,0.169,96.2,Nominal Magic Carpet Luxury Ride
GENESIS-G90-3295,21.5,79.0,684,3310,0.175,96.6,Nominal Magic Carpet Luxury Ride
GENESIS-G90-3296,45.4,97.8,552,2483,0.237,94.4,Pothole Pre-Damping Softening Active
GENESIS-G90-3297,83.9,98.8,546,1405,0.374,91.1,Pothole Pre-Damping Softening Active
GENESIS-G90-3298,5.0,85.2,634,3470,0.139,97.2,Nominal Magic Carpet Luxury Ride
GENESIS-G90-3299,9.8,71.8,752,3711,0.163,93.9,Nominal Magic Carpet Luxury Ride
GENESIS-G90-3300,29.9,84.1,642,3069,0.164,94.5,Nominal Magic Carpet Luxury Ride
GENESIS-G90-3301,10.5,102.0,529,3528,0.16,96.3,Nominal Magic Carpet Luxury Ride
GENESIS-G90-3302,20.0,58.0,931,3220,0.197,95.5,Nominal Magic Carpet Luxury Ride
GENESIS-G90-3303,32.0,86.4,625,2920,0.254,92.5,Nominal Magic Carpet Luxury Ride
GENESIS-G90-3304,84.1,97.5,554,1200,0.335,92.2,Pothole Pre-Damping Softening Active
GENESIS-G90-3305,5.0,67.2,804,3796,0.107,96.3,Nominal Magic Carpet Luxury Ride
GENESIS-G90-3306,9.1,70.0,771,3769,0.166,94.7,Nominal Magic Carpet Luxury Ride
GENESIS-G90-3307,15.7,43.9,1230,3181,0.128,96.7,Nominal Magic Carpet Luxury Ride
GENESIS-G90-3308,50.6,54.9,984,2191,0.246,93.2,Pothole Pre-Damping Softening Active
GENESIS-G90-3309,5.0,47.0,1150,3536,0.128,95.4,Nominal Magic Carpet Luxury Ride
GENESIS-G90-3310,86.9,84.2,641,1482,0.354,92.7,Pothole Pre-Damping Softening Active
GENESIS-G90-3311,9.8,42.3,1277,3489,0.08,96.5,Nominal Magic Carpet Luxury Ride
GENESIS-G90-3312,13.2,88.9,608,3407,0.13,97.0,Nominal Magic Carpet Luxury Ride
GENESIS-G90-3313,60.9,37.0,1460,2037,0.321,92.6,Pothole Pre-Damping Softening Active
GENESIS-G90-3314,11.2,77.3,699,3539,0.115,95.5,Nominal Magic Carpet Luxury Ride
GENESIS-G90-3315,11.2,44.3,1219,3450,0.156,96.4,Nominal Magic Carpet Luxury Ride
GENESIS-G90-3316,10.5,84.4,640,3491,0.131,95.1,Nominal Magic Carpet Luxury Ride
GENESIS-G90-3317,12.0,105.3,513,3402,0.173,95.4,Nominal Magic Carpet Luxury Ride
GENESIS-G90-3318,40.1,99.6,542,2650,0.251,94.9,Pothole Pre-Damping Softening Active
GENESIS-G90-3319,40.8,82.9,651,2834,0.225,94.1,Pothole Pre-Damping Softening Active
GENESIS-G90-3320,19.8,34.2,1581,3299,0.151,98.8,Nominal Magic Carpet Luxury Ride
GENESIS-G90-3321,5.9,95.5,566,3563,0.147,95.0,Nominal Magic Carpet Luxury Ride
GENESIS-G90-3322,51.0,66.5,812,2265,0.23,94.0,Pothole Pre-Damping Softening Active
GENESIS-G90-3323,5.0,38.7,1395,3737,0.169,96.8,Nominal Magic Carpet Luxury Ride
GENESIS-G90-3324,19.7,73.1,739,3151,0.197,94.6,Nominal Magic Carpet Luxury Ride
GENESIS-G90-3325,11.9,101.2,534,3326,0.153,96.3,Nominal Magic Carpet Luxury Ride
GENESIS-G90-3326,48.4,75.6,714,2252,0.217,94.6,Pothole Pre-Damping Softening Active
GENESIS-G90-3327,24.0,64.9,832,2976,0.207,93.7,Nominal Magic Carpet Luxury Ride
GENESIS-G90-3328,21.5,49.4,1094,3086,0.19,96.4,Nominal Magic Carpet Luxury Ride
GENESIS-G90-3329,5.0,40.2,1342,3642,0.128,96.3,Nominal Magic Carpet Luxury Ride
GENESIS-G90-3330,5.8,60.1,899,3734,0.152,94.5,Nominal Magic Carpet Luxury Ride
GENESIS-G90-3331,16.3,66.6,811,3337,0.176,96.2,Nominal Magic Carpet Luxury Ride
GENESIS-G90-3332,53.7,106.9,505,2344,0.296,93.4,Pothole Pre-Damping Softening Active
GENESIS-G90-3333,11.0,99.5,543,3567,0.149,94.7,Nominal Magic Carpet Luxury Ride
GENESIS-G90-3334,19.5,104.6,516,3333,0.187,97.1,Nominal Magic Carpet Luxury Ride
GENESIS-G90-3335,48.4,83.8,644,2457,0.261,92.7,Pothole Pre-Damping Softening Active
GENESIS-G90-3336,27.4,47.1,1146,3045,0.173,97.1,Nominal Magic Carpet Luxury Ride
GENESIS-G90-3337,44.8,104.8,515,2585,0.234,93.0,Pothole Pre-Damping Softening Active
GENESIS-G90-3338,5.0,34.6,1560,3651,0.165,97.1,Nominal Magic Carpet Luxury Ride
GENESIS-G90-3339,21.6,63.1,855,3059,0.132,96.9,Nominal Magic Carpet Luxury Ride
GENESIS-G90-3340,90.9,38.1,1417,1269,0.391,92.5,Pothole Pre-Damping Softening Active
GENESIS-G90-3341,26.1,82.1,658,3180,0.116,98.4,Nominal Magic Carpet Luxury Ride
GENESIS-G90-3342,5.0,36.2,1493,3695,0.108,97.2,Nominal Magic Carpet Luxury Ride
GENESIS-G90-3343,51.4,32.6,1659,2419,0.285,93.7,Pothole Pre-Damping Softening Active
GENESIS-G90-3344,16.4,63.2,855,3138,0.182,95.4,Nominal Magic Carpet Luxury Ride
GENESIS-G90-3345,21.1,64.3,840,3429,0.233,93.5,Nominal Magic Carpet Luxury Ride
GENESIS-G90-3346,11.4,71.9,751,3593,0.153,97.2,Nominal Magic Carpet Luxury Ride
GENESIS-G90-3347,14.6,61.3,881,3452,0.135,95.3,Nominal Magic Carpet Luxury Ride
GENESIS-G90-3348,22.1,74.2,727,3186,0.207,95.4,Nominal Magic Carpet Luxury Ride
GENESIS-G90-3349,6.8,83.8,644,3438,0.113,96.5,Nominal Magic Carpet Luxury Ride
GENESIS-G90-3350,5.0,89.1,606,3601,0.129,98.3,Nominal Magic Carpet Luxury Ride
GENESIS-G90-3351,7.0,84.0,643,3666,0.159,96.0,Nominal Magic Carpet Luxury Ride
GENESIS-G90-3352,5.0,49.0,1101,3776,0.121,95.1,Nominal Magic Carpet Luxury Ride
GENESIS-G90-3353,14.3,107.7,501,3591,0.148,96.6,Nominal Magic Carpet Luxury Ride
GENESIS-G90-3354,5.7,92.7,583,3624,0.131,95.6,Nominal Magic Carpet Luxury Ride
GENESIS-G90-3355,23.3,81.4,663,3026,0.145,94.5,Nominal Magic Carpet Luxury Ride
GENESIS-G90-3356,35.6,45.4,1191,2891,0.26,94.9,Nominal Magic Carpet Luxury Ride
GENESIS-G90-3357,22.7,90.1,599,3330,0.211,95.9,Nominal Magic Carpet Luxury Ride
GENESIS-G90-3358,19.1,72.3,747,3493,0.181,96.2,Nominal Magic Carpet Luxury Ride
GENESIS-G90-3359,40.3,97.2,555,2743,0.212,93.7,Pothole Pre-Damping Softening Active
GENESIS-G90-3360,5.0,55.8,968,3721,0.154,94.3,Nominal Magic Carpet Luxury Ride
GENESIS-G90-3361,7.0,87.1,620,3634,0.198,95.3,Nominal Magic Carpet Luxury Ride
GENESIS-G90-3362,5.0,107.4,503,3783,0.14,94.7,Nominal Magic Carpet Luxury Ride
GENESIS-G90-3363,12.3,107.0,505,3457,0.163,96.2,Nominal Magic Carpet Luxury Ride
GENESIS-G90-3364,5.0,98.5,548,3535,0.203,96.2,Nominal Magic Carpet Luxury Ride
GENESIS-G90-3365,43.4,72.3,747,2679,0.275,93.0,Pothole Pre-Damping Softening Active
GENESIS-G90-3366,5.0,97.1,556,3682,0.129,97.0,Nominal Magic Carpet Luxury Ride
GENESIS-G90-3367,5.0,65.8,821,3584,0.13,97.3,Nominal Magic Carpet Luxury Ride
GENESIS-G90-3368,5.0,62.1,870,3740,0.132,96.4,Nominal Magic Carpet Luxury Ride
GENESIS-G90-3369,25.9,43.5,1241,3146,0.206,95.5,Nominal Magic Carpet Luxury Ride
GENESIS-G90-3370,18.4,35.8,1510,3209,0.216,95.7,Nominal Magic Carpet Luxury Ride
GENESIS-G90-3371,29.9,46.4,1163,3052,0.117,96.9,Nominal Magic Carpet Luxury Ride
GENESIS-G90-3372,5.0,106.2,508,3515,0.11,98.2,Nominal Magic Carpet Luxury Ride
GENESIS-G90-3373,7.8,48.4,1115,3713,0.162,97.4,Nominal Magic Carpet Luxury Ride
GENESIS-G90-3374,18.1,79.9,676,3161,0.186,96.7,Nominal Magic Carpet Luxury Ride
GENESIS-G90-3375,45.8,37.2,1452,2375,0.29,93.2,Pothole Pre-Damping Softening Active
GENESIS-G90-3376,5.0,65.5,824,3674,0.164,94.9,Nominal Magic Carpet Luxury Ride
GENESIS-G90-3377,5.0,88.0,614,3389,0.137,96.4,Nominal Magic Carpet Luxury Ride
GENESIS-G90-3378,42.1,60.5,893,2808,0.224,95.9,Pothole Pre-Damping Softening Active
GENESIS-G90-3379,61.3,84.3,641,2190,0.29,95.0,Pothole Pre-Damping Softening Active
GENESIS-G90-3380,22.3,68.1,792,3032,0.206,96.1,Nominal Magic Carpet Luxury Ride
GENESIS-G90-3381,20.3,59.6,907,3422,0.205,94.0,Nominal Magic Carpet Luxury Ride
GENESIS-G90-3382,44.4,97.5,554,2562,0.228,94.3,Pothole Pre-Damping Softening Active
GENESIS-G90-3383,23.6,69.3,779,3183,0.183,94.4,Nominal Magic Carpet Luxury Ride
GENESIS-G90-3384,38.5,66.6,811,2770,0.226,95.0,Nominal Magic Carpet Luxury Ride
GENESIS-G90-3385,20.5,63.5,850,3297,0.182,92.5,Nominal Magic Carpet Luxury Ride
GENESIS-G90-3386,5.2,48.0,1125,3492,0.11,98.3,Nominal Magic Carpet Luxury Ride
GENESIS-G90-3387,25.6,42.7,1264,2931,0.19,96.2,Nominal Magic Carpet Luxury Ride
GENESIS-G90-3388,5.0,79.3,681,3455,0.106,96.9,Nominal Magic Carpet Luxury Ride
GENESIS-G90-3389,45.3,86.6,623,2659,0.282,94.3,Pothole Pre-Damping Softening Active
GENESIS-G90-3390,13.3,105.8,510,3529,0.193,95.8,Nominal Magic Carpet Luxury Ride
GENESIS-G90-3391,7.3,105.2,513,3718,0.111,97.0,Nominal Magic Carpet Luxury Ride
GENESIS-G90-3392,47.4,96.0,562,2507,0.281,92.0,Pothole Pre-Damping Softening Active
GENESIS-G90-3393,5.0,83.3,648,3759,0.08,97.2,Nominal Magic Carpet Luxury Ride
GENESIS-G90-3394,17.1,49.1,1100,3394,0.187,96.2,Nominal Magic Carpet Luxury Ride
GENESIS-G90-3395,18.3,75.6,714,3220,0.151,94.9,Nominal Magic Carpet Luxury Ride
GENESIS-G90-3396,8.4,34.8,1550,3464,0.178,95.9,Nominal Magic Carpet Luxury Ride
GENESIS-G90-3397,5.0,72.1,749,3771,0.159,95.8,Nominal Magic Carpet Luxury Ride
GENESIS-G90-3398,18.9,74.0,730,3303,0.128,95.6,Nominal Magic Carpet Luxury Ride
GENESIS-G90-3399,61.9,82.4,655,2129,0.297,91.2,Pothole Pre-Damping Softening Active
GENESIS-G90-3400,10.8,108.9,496,3511,0.179,93.6,Nominal Magic Carpet Luxury Ride
GENESIS-G90-3401,12.2,66.6,810,3472,0.157,95.8,Nominal Magic Carpet Luxury Ride
GENESIS-G90-3402,58.7,65.2,829,2060,0.251,94.1,Pothole Pre-Damping Softening Active
GENESIS-G90-3403,5.0,49.0,1101,3812,0.128,95.7,Nominal Magic Carpet Luxury Ride
GENESIS-G90-3404,56.0,43.1,1253,2356,0.269,93.0,Pothole Pre-Damping Softening Active
GENESIS-G90-3405,42.2,98.8,547,2751,0.24,95.0,Pothole Pre-Damping Softening Active
GENESIS-G90-3406,11.5,94.7,570,3564,0.127,99.5,Nominal Magic Carpet Luxury Ride
GENESIS-G90-3407,5.0,60.7,889,3637,0.183,93.0,Nominal Magic Carpet Luxury Ride
GENESIS-G90-3408,5.0,92.6,583,3701,0.192,95.4,Nominal Magic Carpet Luxury Ride
GENESIS-G90-3409,5.0,92.2,585,3723,0.151,95.7,Nominal Magic Carpet Luxury Ride
GENESIS-G90-3410,5.0,95.9,563,3794,0.086,98.7,Nominal Magic Carpet Luxury Ride
GENESIS-G90-3411,50.4,71.7,753,2439,0.263,94.4,Pothole Pre-Damping Softening Active
GENESIS-G90-3412,27.8,48.5,1114,2993,0.168,95.9,Nominal Magic Carpet Luxury Ride
GENESIS-G90-3413,20.4,50.4,1072,3197,0.144,96.3,Nominal Magic Carpet Luxury Ride
GENESIS-G90-3414,33.1,53.7,1005,2869,0.224,97.2,Nominal Magic Carpet Luxury Ride
GENESIS-G90-3415,44.2,101.3,533,2635,0.245,92.1,Pothole Pre-Damping Softening Active
GENESIS-G90-3416,20.7,96.9,557,3045,0.161,95.6,Nominal Magic Carpet Luxury Ride
GENESIS-G90-3417,15.9,67.3,802,3169,0.19,94.3,Nominal Magic Carpet Luxury Ride
GENESIS-G90-3418,29.7,39.1,1380,2889,0.168,97.4,Nominal Magic Carpet Luxury Ride
GENESIS-G90-3419,61.1,88.7,609,1901,0.245,94.8,Pothole Pre-Damping Softening Active
GENESIS-G90-3420,5.0,69.0,783,3752,0.12,97.2,Nominal Magic Carpet Luxury Ride
GENESIS-G90-3421,16.3,97.0,557,3512,0.22,95.3,Nominal Magic Carpet Luxury Ride
GENESIS-G90-3422,30.0,97.4,555,2981,0.211,96.9,Nominal Magic Carpet Luxury Ride
GENESIS-G90-3423,14.0,78.9,685,3385,0.164,97.5,Nominal Magic Carpet Luxury Ride
GENESIS-G90-3424,18.7,84.2,641,3328,0.156,96.3,Nominal Magic Carpet Luxury Ride
GENESIS-G90-3425,18.1,48.1,1124,3366,0.206,93.3,Nominal Magic Carpet Luxury Ride
GENESIS-G90-3426,78.3,33.4,1616,1514,0.349,93.7,Pothole Pre-Damping Softening Active
GENESIS-G90-3427,31.1,105.1,514,3117,0.208,95.6,Nominal Magic Carpet Luxury Ride
GENESIS-G90-3428,43.5,68.5,788,2538,0.253,96.0,Pothole Pre-Damping Softening Active
GENESIS-G90-3429,39.0,38.3,1409,2720,0.235,93.5,Nominal Magic Carpet Luxury Ride
GENESIS-G90-3430,28.8,60.1,899,3045,0.225,94.0,Nominal Magic Carpet Luxury Ride
GENESIS-G90-3431,9.8,83.1,650,3527,0.185,94.5,Nominal Magic Carpet Luxury Ride
GENESIS-G90-3432,6.4,56.5,956,3767,0.165,95.0,Nominal Magic Carpet Luxury Ride
GENESIS-G90-3433,10.9,47.3,1141,3488,0.149,94.5,Nominal Magic Carpet Luxury Ride
GENESIS-G90-3434,23.8,69.7,775,3073,0.181,95.3,Nominal Magic Carpet Luxury Ride
GENESIS-G90-3435,39.6,33.7,1600,2615,0.291,94.7,Nominal Magic Carpet Luxury Ride
GENESIS-G90-3436,37.9,80.3,672,2562,0.204,97.2,Nominal Magic Carpet Luxury Ride
GENESIS-G90-3437,18.2,87.6,616,3299,0.172,95.9,Nominal Magic Carpet Luxury Ride
GENESIS-G90-3438,90.1,40.1,1347,1200,0.417,92.3,Pothole Pre-Damping Softening Active
GENESIS-G90-3439,20.6,43.8,1232,3275,0.194,95.1,Nominal Magic Carpet Luxury Ride
GENESIS-G90-3440,11.1,81.4,663,3545,0.162,96.4,Nominal Magic Carpet Luxury Ride
GENESIS-G90-3441,14.2,63.1,856,3517,0.171,96.3,Nominal Magic Carpet Luxury Ride
GENESIS-G90-3442,10.0,38.5,1402,3635,0.151,95.5,Nominal Magic Carpet Luxury Ride
GENESIS-G90-3443,9.7,60.9,887,3322,0.149,95.6,Nominal Magic Carpet Luxury Ride
GENESIS-G90-3444,34.0,74.9,721,2815,0.169,96.6,Nominal Magic Carpet Luxury Ride
GENESIS-G90-3445,95.0,96.1,562,1200,0.367,92.3,Pothole Pre-Damping Softening Active
GENESIS-G90-3446,10.3,42.0,1285,3491,0.172,95.4,Nominal Magic Carpet Luxury Ride
GENESIS-G90-3447,95.0,51.4,1051,1200,0.342,92.9,Pothole Pre-Damping Softening Active
GENESIS-G90-3448,5.0,79.5,680,3654,0.138,96.2,Nominal Magic Carpet Luxury Ride
GENESIS-G90-3449,60.1,66.0,818,1823,0.283,92.5,Pothole Pre-Damping Softening Active
GENESIS-G90-3450,10.2,56.4,957,3515,0.193,95.0,Nominal Magic Carpet Luxury Ride
GENESIS-G90-3451,5.0,79.8,676,3877,0.145,97.8,Nominal Magic Carpet Luxury Ride
GENESIS-G90-3452,23.5,99.4,543,3193,0.186,95.6,Nominal Magic Carpet Luxury Ride
GENESIS-G90-3453,26.0,41.3,1308,3144,0.185,95.8,Nominal Magic Carpet Luxury Ride
GENESIS-G90-3454,32.6,48.8,1107,2901,0.225,95.5,Nominal Magic Carpet Luxury Ride
GENESIS-G90-3455,59.4,76.2,709,2253,0.212,95.3,Pothole Pre-Damping Softening Active
GENESIS-G90-3456,39.4,109.5,493,2680,0.218,95.1,Nominal Magic Carpet Luxury Ride
GENESIS-G90-3457,69.9,50.6,1066,1930,0.269,93.8,Pothole Pre-Damping Softening Active
GENESIS-G90-3458,5.0,77.5,697,3457,0.129,99.0,Nominal Magic Carpet Luxury Ride
GENESIS-G90-3459,24.6,100.6,537,2887,0.224,95.0,Nominal Magic Carpet Luxury Ride
GENESIS-G90-3460,72.9,65.1,830,1748,0.313,93.4,Pothole Pre-Damping Softening Active
GENESIS-G90-3461,66.3,108.9,496,1984,0.268,93.6,Pothole Pre-Damping Softening Active
GENESIS-G90-3462,25.5,91.8,589,2953,0.172,96.1,Nominal Magic Carpet Luxury Ride
GENESIS-G90-3463,8.5,42.8,1261,3496,0.1,96.5,Nominal Magic Carpet Luxury Ride
GENESIS-G90-3464,22.9,33.5,1613,3145,0.163,95.9,Nominal Magic Carpet Luxury Ride
GENESIS-G90-3465,10.3,48.0,1126,3398,0.102,96.4,Nominal Magic Carpet Luxury Ride
GENESIS-G90-3466,5.0,75.9,712,3739,0.116,97.6,Nominal Magic Carpet Luxury Ride
GENESIS-G90-3467,41.1,78.8,685,2601,0.266,93.7,Pothole Pre-Damping Softening Active
GENESIS-G90-3468,40.9,62.1,869,2648,0.26,94.5,Pothole Pre-Damping Softening Active
GENESIS-G90-3469,20.2,34.9,1546,3273,0.161,95.7,Nominal Magic Carpet Luxury Ride
GENESIS-G90-3470,27.5,92.3,585,3069,0.188,95.1,Nominal Magic Carpet Luxury Ride
GENESIS-G90-3471,5.0,105.0,514,3533,0.14,96.7,Nominal Magic Carpet Luxury Ride
GENESIS-G90-3472,25.7,76.1,710,2984,0.227,93.0,Nominal Magic Carpet Luxury Ride
GENESIS-G90-3473,5.0,38.1,1416,3899,0.095,96.7,Nominal Magic Carpet Luxury Ride
GENESIS-G90-3474,5.0,52.4,1030,3766,0.08,97.2,Nominal Magic Carpet Luxury Ride
GENESIS-G90-3475,15.6,55.9,965,3458,0.181,94.3,Nominal Magic Carpet Luxury Ride
GENESIS-G90-3476,19.6,67.2,803,3175,0.204,94.6,Nominal Magic Carpet Luxury Ride
GENESIS-G90-3477,10.7,101.1,534,3607,0.13,95.9,Nominal Magic Carpet Luxury Ride
GENESIS-G90-3478,11.4,45.4,1189,3629,0.195,94.1,Nominal Magic Carpet Luxury Ride
GENESIS-G90-3479,5.0,40.0,1352,3730,0.142,94.7,Nominal Magic Carpet Luxury Ride
GENESIS-G90-3480,9.2,92.3,585,3580,0.121,95.5,Nominal Magic Carpet Luxury Ride
GENESIS-G90-3481,24.0,31.0,1743,2928,0.205,95.4,Nominal Magic Carpet Luxury Ride
GENESIS-G90-3482,36.6,70.9,762,2793,0.252,94.8,Nominal Magic Carpet Luxury Ride
GENESIS-G90-3483,5.0,77.6,696,3575,0.104,95.8,Nominal Magic Carpet Luxury Ride
GENESIS-G90-3484,55.6,61.0,885,2271,0.266,94.9,Pothole Pre-Damping Softening Active
GENESIS-G90-3485,22.2,35.9,1506,3008,0.185,96.0,Nominal Magic Carpet Luxury Ride
GENESIS-G90-3486,15.6,95.3,567,3598,0.188,97.0,Nominal Magic Carpet Luxury Ride
GENESIS-G90-3487,7.1,38.6,1400,3690,0.08,99.5,Nominal Magic Carpet Luxury Ride
GENESIS-G90-3488,18.9,41.0,1317,3256,0.216,94.5,Nominal Magic Carpet Luxury Ride
GENESIS-G90-3489,5.0,47.9,1126,3787,0.151,95.6,Nominal Magic Carpet Luxury Ride
GENESIS-G90-3490,78.6,30.2,1789,1884,0.32,91.5,Pothole Pre-Damping Softening Active
GENESIS-G90-3491,21.6,98.5,548,3091,0.143,97.8,Nominal Magic Carpet Luxury Ride
GENESIS-G90-3492,37.3,50.2,1076,2845,0.214,95.5,Nominal Magic Carpet Luxury Ride
GENESIS-G90-3493,41.1,47.6,1135,2499,0.252,96.9,Pothole Pre-Damping Softening Active
GENESIS-G90-3494,84.1,71.5,755,1657,0.353,93.5,Pothole Pre-Damping Softening Active
GENESIS-G90-3495,32.0,68.9,784,2861,0.197,94.5,Nominal Magic Carpet Luxury Ride
GENESIS-G90-3496,44.0,87.9,614,2536,0.262,95.3,Pothole Pre-Damping Softening Active
GENESIS-G90-3497,46.7,72.7,742,2318,0.267,95.0,Pothole Pre-Damping Softening Active
GENESIS-G90-3498,48.8,106.2,509,2568,0.272,94.6,Pothole Pre-Damping Softening Active
GENESIS-G90-3499,95.0,45.7,1181,1200,0.403,91.5,Pothole Pre-Damping Softening Active
GENESIS-G90-3500,7.8,35.5,1520,3699,0.164,95.5,Nominal Magic Carpet Luxury Ride
GENESIS-G90-3501,25.4,50.7,1065,3025,0.187,95.7,Nominal Magic Carpet Luxury Ride
GENESIS-G90-3502,6.3,54.6,990,3598,0.204,96.0,Nominal Magic Carpet Luxury Ride
GENESIS-G90-3503,58.3,97.7,553,2107,0.278,93.4,Pothole Pre-Damping Softening Active
GENESIS-G90-3504,16.9,57.0,948,3534,0.196,95.0,Nominal Magic Carpet Luxury Ride
GENESIS-G90-3505,5.0,87.8,615,3509,0.104,99.3,Nominal Magic Carpet Luxury Ride
GENESIS-G90-3506,18.1,35.0,1541,3423,0.166,94.6,Nominal Magic Carpet Luxury Ride
GENESIS-G90-3507,40.7,107.0,505,2769,0.202,93.7,Pothole Pre-Damping Softening Active
GENESIS-G90-3508,5.1,104.7,516,3463,0.146,97.4,Nominal Magic Carpet Luxury Ride
GENESIS-G90-3509,16.2,39.9,1354,3336,0.173,95.3,Nominal Magic Carpet Luxury Ride
GENESIS-G90-3510,7.3,79.4,680,3501,0.133,97.5,Nominal Magic Carpet Luxury Ride
GENESIS-G90-3511,77.3,87.9,614,1600,0.334,94.4,Pothole Pre-Damping Softening Active
GENESIS-G90-3512,19.0,34.6,1561,3084,0.163,95.4,Nominal Magic Carpet Luxury Ride
GENESIS-G90-3513,33.4,62.2,868,2800,0.243,93.0,Nominal Magic Carpet Luxury Ride
GENESIS-G90-3514,30.7,77.7,695,2916,0.199,97.6,Nominal Magic Carpet Luxury Ride
GENESIS-G90-3515,9.1,103.0,524,3540,0.153,96.1,Nominal Magic Carpet Luxury Ride
GENESIS-G90-3516,54.2,62.2,869,2358,0.244,94.4,Pothole Pre-Damping Softening Active
GENESIS-G90-3517,13.8,103.2,523,3222,0.119,95.5,Nominal Magic Carpet Luxury Ride
GENESIS-G90-3518,16.4,79.1,683,3181,0.127,96.6,Nominal Magic Carpet Luxury Ride
GENESIS-G90-3519,5.3,63.3,854,3749,0.124,97.1,Nominal Magic Carpet Luxury Ride
GENESIS-G90-3520,5.6,68.1,793,3627,0.129,95.3,Nominal Magic Carpet Luxury Ride
GENESIS-G90-3521,9.3,106.2,508,3568,0.17,96.3,Nominal Magic Carpet Luxury Ride
GENESIS-G90-3522,29.1,93.1,580,2938,0.193,96.1,Nominal Magic Carpet Luxury Ride
GENESIS-G90-3523,28.9,35.9,1503,3043,0.21,94.8,Nominal Magic Carpet Luxury Ride
GENESIS-G90-3524,22.5,71.1,759,3246,0.192,95.7,Nominal Magic Carpet Luxury Ride
GENESIS-G90-3525,11.3,95.9,563,3326,0.08,98.3,Nominal Magic Carpet Luxury Ride
GENESIS-G90-3526,15.1,92.4,584,3350,0.199,96.1,Nominal Magic Carpet Luxury Ride
GENESIS-G90-3527,9.0,85.8,629,3496,0.127,97.4,Nominal Magic Carpet Luxury Ride
GENESIS-G90-3528,34.3,88.5,610,2673,0.201,96.8,Nominal Magic Carpet Luxury Ride
GENESIS-G90-3529,5.7,97.3,555,3633,0.149,95.1,Nominal Magic Carpet Luxury Ride
GENESIS-G90-3530,41.0,86.0,628,2719,0.187,95.2,Pothole Pre-Damping Softening Active
GENESIS-G90-3531,23.0,55.0,982,3221,0.233,94.6,Nominal Magic Carpet Luxury Ride
GENESIS-G90-3532,30.8,44.6,1212,3063,0.231,93.7,Nominal Magic Carpet Luxury Ride
GENESIS-G90-3533,18.4,85.9,628,3256,0.146,94.6,Nominal Magic Carpet Luxury Ride
GENESIS-G90-3534,67.0,107.3,503,1734,0.292,92.5,Pothole Pre-Damping Softening Active
GENESIS-G90-3535,16.4,41.2,1311,3376,0.167,98.6,Nominal Magic Carpet Luxury Ride
GENESIS-G90-3536,37.8,68.3,791,2697,0.227,93.4,Nominal Magic Carpet Luxury Ride
GENESIS-G90-3537,35.8,46.8,1154,2670,0.262,96.4,Nominal Magic Carpet Luxury Ride
GENESIS-G90-3538,7.5,38.2,1414,3508,0.184,94.4,Nominal Magic Carpet Luxury Ride
GENESIS-G90-3539,21.6,81.5,662,3161,0.149,95.7,Nominal Magic Carpet Luxury Ride
GENESIS-G90-3540,24.4,105.0,514,3001,0.137,95.8,Nominal Magic Carpet Luxury Ride
GENESIS-G90-3541,19.6,108.2,499,3356,0.158,98.9,Nominal Magic Carpet Luxury Ride
GENESIS-G90-3542,17.6,100.3,539,3420,0.191,95.5,Nominal Magic Carpet Luxury Ride
GENESIS-G90-3543,66.3,93.6,577,2127,0.35,93.1,Pothole Pre-Damping Softening Active
GENESIS-G90-3544,10.2,104.4,517,3453,0.085,96.9,Nominal Magic Carpet Luxury Ride
GENESIS-G90-3545,21.9,79.6,678,3285,0.185,92.0,Nominal Magic Carpet Luxury Ride
GENESIS-G90-3546,73.6,49.0,1101,1726,0.325,94.1,Pothole Pre-Damping Softening Active
GENESIS-G90-3547,9.8,79.1,683,3504,0.137,95.6,Nominal Magic Carpet Luxury Ride
GENESIS-G90-3548,27.8,30.4,1774,3074,0.189,97.2,Nominal Magic Carpet Luxury Ride
GENESIS-G90-3549,11.2,105.4,512,3230,0.119,95.7,Nominal Magic Carpet Luxury Ride
GENESIS-G90-3550,25.4,60.1,898,3336,0.182,94.4,Nominal Magic Carpet Luxury Ride
GENESIS-G90-3551,6.1,32.0,1688,3632,0.155,96.6,Nominal Magic Carpet Luxury Ride
GENESIS-G90-3552,10.9,83.8,644,3213,0.226,95.0,Nominal Magic Carpet Luxury Ride
GENESIS-G90-3553,22.2,79.1,683,3028,0.204,95.3,Nominal Magic Carpet Luxury Ride
GENESIS-G90-3554,80.6,82.1,658,1461,0.371,94.1,Pothole Pre-Damping Softening Active
GENESIS-G90-3555,33.3,93.9,575,2883,0.177,92.2,Nominal Magic Carpet Luxury Ride
GENESIS-G90-3556,5.0,64.2,841,3692,0.127,98.0,Nominal Magic Carpet Luxury Ride
GENESIS-G90-3557,5.0,65.8,821,3833,0.158,99.0,Nominal Magic Carpet Luxury Ride
GENESIS-G90-3558,28.1,56.1,962,2925,0.185,96.2,Nominal Magic Carpet Luxury Ride
GENESIS-G90-3559,95.0,40.6,1330,1200,0.42,90.3,Pothole Pre-Damping Softening Active
GENESIS-G90-3560,26.9,53.1,1016,3080,0.23,94.6,Nominal Magic Carpet Luxury Ride
GENESIS-G90-3561,48.3,30.2,1789,2644,0.237,94.2,Pothole Pre-Damping Softening Active
GENESIS-G90-3562,5.4,81.8,660,3534,0.157,97.0,Nominal Magic Carpet Luxury Ride
GENESIS-G90-3563,47.8,44.6,1210,2369,0.234,95.1,Pothole Pre-Damping Softening Active
GENESIS-G90-3564,42.7,68.0,794,2406,0.238,93.6,Pothole Pre-Damping Softening Active
GENESIS-G90-3565,12.6,83.7,645,3191,0.187,97.2,Nominal Magic Carpet Luxury Ride
GENESIS-G90-3566,34.4,99.4,543,2890,0.213,94.1,Nominal Magic Carpet Luxury Ride
GENESIS-G90-3567,14.2,107.3,503,3537,0.219,94.7,Nominal Magic Carpet Luxury Ride
GENESIS-G90-3568,12.1,75.7,713,3295,0.169,96.5,Nominal Magic Carpet Luxury Ride
GENESIS-G90-3569,33.0,92.7,583,2856,0.202,98.3,Nominal Magic Carpet Luxury Ride
GENESIS-G90-3570,11.0,43.5,1241,3545,0.18,95.7,Nominal Magic Carpet Luxury Ride
GENESIS-G90-3571,21.9,54.5,991,3024,0.156,96.8,Nominal Magic Carpet Luxury Ride
GENESIS-G90-3572,11.3,51.2,1055,3819,0.169,95.1,Nominal Magic Carpet Luxury Ride
GENESIS-G90-3573,20.8,72.9,740,3292,0.205,94.6,Nominal Magic Carpet Luxury Ride
GENESIS-G90-3574,68.4,62.7,861,1988,0.323,91.6,Pothole Pre-Damping Softening Active
GENESIS-G90-3575,8.4,74.9,721,3512,0.156,96.3,Nominal Magic Carpet Luxury Ride
GENESIS-G90-3576,5.0,38.2,1413,3829,0.08,97.0,Nominal Magic Carpet Luxury Ride
GENESIS-G90-3577,17.6,61.3,881,3226,0.147,94.2,Nominal Magic Carpet Luxury Ride
GENESIS-G90-3578,79.1,71.8,752,1703,0.319,94.9,Pothole Pre-Damping Softening Active
GENESIS-G90-3579,29.1,74.4,726,3152,0.236,91.8,Nominal Magic Carpet Luxury Ride
GENESIS-G90-3580,54.9,86.5,624,2363,0.254,92.9,Pothole Pre-Damping Softening Active
GENESIS-G90-3581,5.0,71.5,756,3737,0.121,97.8,Nominal Magic Carpet Luxury Ride
GENESIS-G90-3582,22.8,101.2,533,3088,0.216,96.2,Nominal Magic Carpet Luxury Ride
GENESIS-G90-3583,20.0,104.4,517,3378,0.175,96.3,Nominal Magic Carpet Luxury Ride
GENESIS-G90-3584,31.0,76.5,706,2862,0.133,98.5,Nominal Magic Carpet Luxury Ride
GENESIS-G90-3585,6.7,79.2,682,3506,0.222,95.1,Nominal Magic Carpet Luxury Ride
GENESIS-G90-3586,21.6,74.9,721,3140,0.193,97.9,Nominal Magic Carpet Luxury Ride
GENESIS-G90-3587,5.0,30.8,1752,3743,0.08,96.1,Nominal Magic Carpet Luxury Ride
GENESIS-G90-3588,13.1,37.0,1459,3496,0.167,97.6,Nominal Magic Carpet Luxury Ride
GENESIS-G90-3589,23.0,45.4,1190,3172,0.174,97.0,Nominal Magic Carpet Luxury Ride
GENESIS-G90-3590,5.0,73.3,737,3664,0.151,94.8,Nominal Magic Carpet Luxury Ride
GENESIS-G90-3591,9.9,79.3,681,3636,0.19,95.3,Nominal Magic Carpet Luxury Ride
GENESIS-G90-3592,8.3,88.0,613,3734,0.208,95.2,Nominal Magic Carpet Luxury Ride
GENESIS-G90-3593,16.2,73.3,736,3335,0.154,96.3,Nominal Magic Carpet Luxury Ride
GENESIS-G90-3594,16.3,95.5,565,3692,0.136,96.3,Nominal Magic Carpet Luxury Ride
GENESIS-G90-3595,19.8,51.4,1052,3004,0.179,96.3,Nominal Magic Carpet Luxury Ride
GENESIS-G90-3596,57.5,77.3,699,2229,0.281,93.4,Pothole Pre-Damping Softening Active
GENESIS-G90-3597,16.2,70.0,771,3258,0.157,96.4,Nominal Magic Carpet Luxury Ride
GENESIS-G90-3598,5.0,78.9,685,3685,0.166,96.9,Nominal Magic Carpet Luxury Ride
GENESIS-G90-3599,8.5,80.4,671,3501,0.203,98.1,Nominal Magic Carpet Luxury Ride
