Motor_Unit_ID,Motor_Speed_RPM,Architecture_Voltage_V,Stator_Copper_Loss_Watts,Stator_Core_Temp_C,Powertrain_Efficiency_pct,Cooling_State
LUCID-AIR-1000,17108,910.1,2597.6,86.2,91.43,Stator Micro-Channel Coolant Active
LUCID-AIR-1001,16783,870.6,2584.7,84.8,91.07,Peak 92.4% Powertrain Efficiency Domain
LUCID-AIR-1002,13560,860.9,2028.9,78.8,92.22,Peak 92.4% Powertrain Efficiency Domain
LUCID-AIR-1003,14010,864.3,1986.4,76.5,92.49,Peak 92.4% Powertrain Efficiency Domain
LUCID-AIR-1004,2705,872.2,-12.6,43.7,94.45,Peak 92.4% Powertrain Efficiency Domain
LUCID-AIR-1005,3182,863.4,110.5,48.1,94.75,Peak 92.4% Powertrain Efficiency Domain
LUCID-AIR-1006,6977,870.5,604.2,53.7,93.82,Peak 92.4% Powertrain Efficiency Domain
LUCID-AIR-1007,7694,820.9,941.9,57.2,93.22,Peak 92.4% Powertrain Efficiency Domain
LUCID-AIR-1008,5485,890.9,304.1,53.3,94.01,Peak 92.4% Powertrain Efficiency Domain
LUCID-AIR-1009,5548,824.3,330.9,54.1,94.33,Peak 92.4% Powertrain Efficiency Domain
LUCID-AIR-1010,17286,867.6,2331.5,84.5,91.97,Peak 92.4% Powertrain Efficiency Domain
LUCID-AIR-1011,17162,913.3,2707.9,89.3,91.49,Stator Micro-Channel Coolant Active
LUCID-AIR-1012,8253,886.1,773.7,59.6,93.67,Peak 92.4% Powertrain Efficiency Domain
LUCID-AIR-1013,15315,831.4,2093.4,75.3,92.82,Peak 92.4% Powertrain Efficiency Domain
LUCID-AIR-1014,10881,879.4,1129.5,60.5,92.67,Peak 92.4% Powertrain Efficiency Domain
LUCID-AIR-1015,10514,836.2,1090.3,60.7,92.74,Peak 92.4% Powertrain Efficiency Domain
LUCID-AIR-1016,4357,923.3,386.2,55.2,93.64,Peak 92.4% Powertrain Efficiency Domain
LUCID-AIR-1017,8281,889.1,549.6,54.5,93.48,Peak 92.4% Powertrain Efficiency Domain
LUCID-AIR-1018,18520,839.5,2781.5,86.4,91.22,Stator Micro-Channel Coolant Active
LUCID-AIR-1019,15587,919.5,2312.5,84.3,91.98,Peak 92.4% Powertrain Efficiency Domain
LUCID-AIR-1020,3702,870.6,55.2,47.0,94.5,Peak 92.4% Powertrain Efficiency Domain
LUCID-AIR-1021,11634,874.6,1452.7,70.4,92.5,Peak 92.4% Powertrain Efficiency Domain
LUCID-AIR-1022,14779,822.1,1870.4,68.3,92.45,Peak 92.4% Powertrain Efficiency Domain
LUCID-AIR-1023,12063,823.2,1209.1,59.5,93.06,Peak 92.4% Powertrain Efficiency Domain
LUCID-AIR-1024,10548,868.7,948.6,59.3,93.61,Peak 92.4% Powertrain Efficiency Domain
LUCID-AIR-1025,19272,855.4,3130.6,96.7,90.82,Stator Micro-Channel Coolant Active
LUCID-AIR-1026,16127,911.7,2219.8,82.5,91.81,Peak 92.4% Powertrain Efficiency Domain
LUCID-AIR-1027,15413,871.0,2163.8,78.4,92.49,Peak 92.4% Powertrain Efficiency Domain
LUCID-AIR-1028,19382,874.3,3217.1,93.9,90.82,Stator Micro-Channel Coolant Active
LUCID-AIR-1029,13782,837.8,1869.8,75.8,92.66,Peak 92.4% Powertrain Efficiency Domain
LUCID-AIR-1030,15635,831.3,2199.4,83.8,91.61,Peak 92.4% Powertrain Efficiency Domain
LUCID-AIR-1031,5860,880.8,345.7,49.5,93.86,Peak 92.4% Powertrain Efficiency Domain
LUCID-AIR-1032,3789,864.8,262.9,47.1,94.14,Peak 92.4% Powertrain Efficiency Domain
LUCID-AIR-1033,3051,886.8,275.6,44.6,94.52,Peak 92.4% Powertrain Efficiency Domain
LUCID-AIR-1034,6985,916.8,848.7,57.7,94.19,Peak 92.4% Powertrain Efficiency Domain
LUCID-AIR-1035,19176,847.9,3062.1,93.7,91.42,Stator Micro-Channel Coolant Active
LUCID-AIR-1036,3705,864.6,267.0,53.2,94.52,Peak 92.4% Powertrain Efficiency Domain
LUCID-AIR-1037,15053,859.5,1885.4,72.5,91.8,Peak 92.4% Powertrain Efficiency Domain
LUCID-AIR-1038,6535,863.8,540.4,51.1,93.87,Peak 92.4% Powertrain Efficiency Domain
LUCID-AIR-1039,18500,838.5,2934.4,95.5,90.42,Stator Micro-Channel Coolant Active
LUCID-AIR-1040,10411,920.5,1147.2,68.3,93.6,Peak 92.4% Powertrain Efficiency Domain
LUCID-AIR-1041,17294,846.7,2855.6,90.7,91.54,Stator Micro-Channel Coolant Active
LUCID-AIR-1042,16827,884.3,2404.8,82.7,92.53,Peak 92.4% Powertrain Efficiency Domain
LUCID-AIR-1043,19007,918.5,2719.0,91.7,91.4,Stator Micro-Channel Coolant Active
LUCID-AIR-1044,14894,823.8,1876.7,71.3,91.74,Peak 92.4% Powertrain Efficiency Domain
LUCID-AIR-1045,11672,912.1,1331.2,64.9,93.39,Peak 92.4% Powertrain Efficiency Domain
LUCID-AIR-1046,11494,867.7,1668.3,71.9,92.27,Peak 92.4% Powertrain Efficiency Domain
LUCID-AIR-1047,9114,912.8,1005.7,63.3,92.61,Peak 92.4% Powertrain Efficiency Domain
LUCID-AIR-1048,2177,839.7,-79.5,42.2,94.68,Peak 92.4% Powertrain Efficiency Domain
LUCID-AIR-1049,12395,882.5,1565.7,70.2,92.66,Peak 92.4% Powertrain Efficiency Domain
LUCID-AIR-1050,8600,829.8,610.8,56.2,93.96,Peak 92.4% Powertrain Efficiency Domain
LUCID-AIR-1051,14721,895.7,1885.0,70.7,92.14,Peak 92.4% Powertrain Efficiency Domain
LUCID-AIR-1052,2291,871.1,161.0,45.2,93.88,Peak 92.4% Powertrain Efficiency Domain
LUCID-AIR-1053,8261,864.6,860.2,59.7,93.44,Peak 92.4% Powertrain Efficiency Domain
LUCID-AIR-1054,5906,862.5,52.3,47.8,94.09,Peak 92.4% Powertrain Efficiency Domain
LUCID-AIR-1055,5697,901.8,470.0,51.2,93.84,Peak 92.4% Powertrain Efficiency Domain
LUCID-AIR-1056,10249,862.8,1177.3,64.7,93.11,Peak 92.4% Powertrain Efficiency Domain
LUCID-AIR-1057,2123,827.8,127.2,41.3,94.07,Peak 92.4% Powertrain Efficiency Domain
LUCID-AIR-1058,8983,843.6,939.1,67.0,93.35,Peak 92.4% Powertrain Efficiency Domain
LUCID-AIR-1059,8496,894.8,955.2,57.9,93.65,Peak 92.4% Powertrain Efficiency Domain
LUCID-AIR-1060,10995,883.6,1228.2,63.4,93.74,Peak 92.4% Powertrain Efficiency Domain
LUCID-AIR-1061,6893,832.5,558.0,53.7,93.97,Peak 92.4% Powertrain Efficiency Domain
LUCID-AIR-1062,15063,847.6,2054.0,82.0,92.71,Peak 92.4% Powertrain Efficiency Domain
LUCID-AIR-1063,6862,911.7,415.1,54.0,94.65,Peak 92.4% Powertrain Efficiency Domain
LUCID-AIR-1064,11580,842.5,1275.1,66.0,92.98,Peak 92.4% Powertrain Efficiency Domain
LUCID-AIR-1065,12562,836.5,1702.4,70.7,93.02,Peak 92.4% Powertrain Efficiency Domain
LUCID-AIR-1066,12789,828.6,1568.6,66.0,92.59,Peak 92.4% Powertrain Efficiency Domain
LUCID-AIR-1067,15549,897.7,2340.5,82.9,92.22,Peak 92.4% Powertrain Efficiency Domain
LUCID-AIR-1068,17772,821.6,2584.1,82.6,91.57,Peak 92.4% Powertrain Efficiency Domain
LUCID-AIR-1069,19007,864.2,2751.1,94.1,91.36,Stator Micro-Channel Coolant Active
LUCID-AIR-1070,11345,865.2,1564.9,71.0,92.8,Peak 92.4% Powertrain Efficiency Domain
LUCID-AIR-1071,2248,921.9,578.8,51.8,93.94,Peak 92.4% Powertrain Efficiency Domain
LUCID-AIR-1072,4550,855.0,94.1,49.8,94.8,Peak 92.4% Powertrain Efficiency Domain
LUCID-AIR-1073,16258,831.6,2459.8,87.4,92.24,Stator Micro-Channel Coolant Active
LUCID-AIR-1074,14485,863.0,1912.1,80.1,92.7,Peak 92.4% Powertrain Efficiency Domain
LUCID-AIR-1075,3413,880.2,285.4,47.6,94.16,Peak 92.4% Powertrain Efficiency Domain
LUCID-AIR-1076,15478,896.9,2188.4,79.3,91.88,Peak 92.4% Powertrain Efficiency Domain
LUCID-AIR-1077,4777,911.0,147.6,43.9,94.06,Peak 92.4% Powertrain Efficiency Domain
LUCID-AIR-1078,15457,868.0,2265.9,83.9,91.77,Peak 92.4% Powertrain Efficiency Domain
LUCID-AIR-1079,19838,853.5,3275.4,92.8,90.54,Stator Micro-Channel Coolant Active
LUCID-AIR-1080,14142,915.2,1876.0,75.3,92.44,Peak 92.4% Powertrain Efficiency Domain
LUCID-AIR-1081,9106,823.8,774.7,52.7,93.65,Peak 92.4% Powertrain Efficiency Domain
LUCID-AIR-1082,14667,840.0,1836.3,69.0,91.98,Peak 92.4% Powertrain Efficiency Domain
LUCID-AIR-1083,16356,892.5,2433.9,83.2,91.41,Peak 92.4% Powertrain Efficiency Domain
LUCID-AIR-1084,10705,911.9,1255.7,60.8,92.62,Peak 92.4% Powertrain Efficiency Domain
LUCID-AIR-1085,9058,867.7,794.0,54.7,93.82,Peak 92.4% Powertrain Efficiency Domain
LUCID-AIR-1086,13811,847.5,2050.5,74.8,92.37,Peak 92.4% Powertrain Efficiency Domain
LUCID-AIR-1087,9173,877.1,1064.7,69.6,93.13,Peak 92.4% Powertrain Efficiency Domain
LUCID-AIR-1088,6534,909.3,476.0,50.8,93.94,Peak 92.4% Powertrain Efficiency Domain
LUCID-AIR-1089,14115,862.4,1883.0,74.9,92.48,Peak 92.4% Powertrain Efficiency Domain
LUCID-AIR-1090,11304,838.9,1413.8,69.6,92.75,Peak 92.4% Powertrain Efficiency Domain
LUCID-AIR-1091,5366,876.4,484.2,54.5,93.77,Peak 92.4% Powertrain Efficiency Domain
LUCID-AIR-1092,16785,823.3,2294.7,77.4,92.67,Peak 92.4% Powertrain Efficiency Domain
LUCID-AIR-1093,10301,850.9,1148.6,67.6,93.44,Peak 92.4% Powertrain Efficiency Domain
LUCID-AIR-1094,9068,901.6,1104.5,68.5,93.4,Peak 92.4% Powertrain Efficiency Domain
LUCID-AIR-1095,8439,848.7,768.4,61.0,94.12,Peak 92.4% Powertrain Efficiency Domain
LUCID-AIR-1096,18423,892.9,2761.8,86.0,91.29,Stator Micro-Channel Coolant Active
LUCID-AIR-1097,14547,834.5,1948.6,74.9,92.09,Peak 92.4% Powertrain Efficiency Domain
LUCID-AIR-1098,3723,862.8,86.7,51.3,94.26,Peak 92.4% Powertrain Efficiency Domain
LUCID-AIR-1099,9145,838.9,1004.7,67.0,93.32,Peak 92.4% Powertrain Efficiency Domain
LUCID-AIR-1100,14276,915.9,2007.2,73.6,92.13,Peak 92.4% Powertrain Efficiency Domain
LUCID-AIR-1101,16458,891.9,2378.7,86.5,91.71,Stator Micro-Channel Coolant Active
LUCID-AIR-1102,19987,821.3,3296.7,102.0,91.03,Stator Micro-Channel Coolant Active
LUCID-AIR-1103,10225,907.0,1150.6,58.4,93.52,Peak 92.4% Powertrain Efficiency Domain
LUCID-AIR-1104,7761,856.4,561.7,54.6,94.15,Peak 92.4% Powertrain Efficiency Domain
LUCID-AIR-1105,19062,919.8,3248.6,99.2,90.78,Stator Micro-Channel Coolant Active
LUCID-AIR-1106,5113,853.8,280.6,47.4,94.66,Peak 92.4% Powertrain Efficiency Domain
LUCID-AIR-1107,7438,843.6,694.0,59.7,93.13,Peak 92.4% Powertrain Efficiency Domain
LUCID-AIR-1108,3257,900.1,214.4,47.7,94.91,Peak 92.4% Powertrain Efficiency Domain
LUCID-AIR-1109,12119,907.9,1354.7,62.1,93.19,Peak 92.4% Powertrain Efficiency Domain
LUCID-AIR-1110,19392,838.3,3069.1,93.9,91.42,Stator Micro-Channel Coolant Active
LUCID-AIR-1111,9656,912.1,841.9,63.0,93.51,Peak 92.4% Powertrain Efficiency Domain
LUCID-AIR-1112,5214,878.8,489.3,56.2,93.79,Peak 92.4% Powertrain Efficiency Domain
LUCID-AIR-1113,13188,904.1,2012.8,71.7,92.39,Peak 92.4% Powertrain Efficiency Domain
LUCID-AIR-1114,11710,836.5,1465.8,65.3,93.45,Peak 92.4% Powertrain Efficiency Domain
LUCID-AIR-1115,14211,917.2,2093.8,78.2,91.77,Peak 92.4% Powertrain Efficiency Domain
LUCID-AIR-1116,12984,835.3,1487.4,69.3,92.98,Peak 92.4% Powertrain Efficiency Domain
LUCID-AIR-1117,14673,824.6,1830.8,70.6,93.01,Peak 92.4% Powertrain Efficiency Domain
LUCID-AIR-1118,8429,830.0,780.3,60.9,94.2,Peak 92.4% Powertrain Efficiency Domain
LUCID-AIR-1119,15598,822.4,1976.3,77.8,92.15,Peak 92.4% Powertrain Efficiency Domain
LUCID-AIR-1120,17538,918.7,2623.7,83.7,91.37,Peak 92.4% Powertrain Efficiency Domain
LUCID-AIR-1121,10254,889.3,923.7,60.9,93.96,Peak 92.4% Powertrain Efficiency Domain
LUCID-AIR-1122,3751,845.0,-103.4,43.3,94.23,Peak 92.4% Powertrain Efficiency Domain
LUCID-AIR-1123,19069,916.8,2997.2,91.5,91.15,Stator Micro-Channel Coolant Active
LUCID-AIR-1124,18712,837.0,2635.0,83.7,91.87,Peak 92.4% Powertrain Efficiency Domain
LUCID-AIR-1125,18994,908.8,2820.8,89.0,91.09,Stator Micro-Channel Coolant Active
LUCID-AIR-1126,10577,899.5,945.6,58.7,93.32,Peak 92.4% Powertrain Efficiency Domain
LUCID-AIR-1127,18631,866.3,3065.3,90.6,91.07,Stator Micro-Channel Coolant Active
LUCID-AIR-1128,4821,898.5,238.1,41.7,94.61,Peak 92.4% Powertrain Efficiency Domain
LUCID-AIR-1129,9282,873.8,927.0,62.4,93.99,Peak 92.4% Powertrain Efficiency Domain
LUCID-AIR-1130,14874,853.0,1912.9,71.9,92.36,Peak 92.4% Powertrain Efficiency Domain
LUCID-AIR-1131,5557,898.9,630.7,56.9,93.58,Peak 92.4% Powertrain Efficiency Domain
LUCID-AIR-1132,9385,907.5,720.9,56.8,94.22,Peak 92.4% Powertrain Efficiency Domain
LUCID-AIR-1133,5279,871.6,372.0,52.5,93.79,Peak 92.4% Powertrain Efficiency Domain
LUCID-AIR-1134,14370,850.6,1970.8,73.1,92.25,Peak 92.4% Powertrain Efficiency Domain
LUCID-AIR-1135,8566,855.9,663.6,52.6,93.85,Peak 92.4% Powertrain Efficiency Domain
LUCID-AIR-1136,7853,836.0,697.7,54.7,93.54,Peak 92.4% Powertrain Efficiency Domain
LUCID-AIR-1137,17125,903.3,2604.2,84.9,92.11,Peak 92.4% Powertrain Efficiency Domain
LUCID-AIR-1138,19338,837.9,3091.9,94.2,90.89,Stator Micro-Channel Coolant Active
LUCID-AIR-1139,7772,906.8,447.3,48.2,94.25,Peak 92.4% Powertrain Efficiency Domain
LUCID-AIR-1140,10482,889.1,1070.0,59.2,93.13,Peak 92.4% Powertrain Efficiency Domain
LUCID-AIR-1141,6661,908.0,661.6,55.1,93.85,Peak 92.4% Powertrain Efficiency Domain
LUCID-AIR-1142,15098,880.5,2302.4,83.4,92.26,Peak 92.4% Powertrain Efficiency Domain
LUCID-AIR-1143,9314,835.1,1263.7,69.0,92.98,Peak 92.4% Powertrain Efficiency Domain
LUCID-AIR-1144,6955,846.9,529.6,55.2,94.34,Peak 92.4% Powertrain Efficiency Domain
LUCID-AIR-1145,9719,918.6,918.7,66.8,93.4,Peak 92.4% Powertrain Efficiency Domain
LUCID-AIR-1146,13553,862.5,1814.6,70.8,92.16,Peak 92.4% Powertrain Efficiency Domain
LUCID-AIR-1147,2148,920.2,12.4,43.3,94.34,Peak 92.4% Powertrain Efficiency Domain
LUCID-AIR-1148,4557,894.7,329.3,47.9,94.19,Peak 92.4% Powertrain Efficiency Domain
LUCID-AIR-1149,18679,911.8,2892.6,91.2,91.16,Stator Micro-Channel Coolant Active
LUCID-AIR-1150,15028,917.4,2013.8,77.6,92.15,Peak 92.4% Powertrain Efficiency Domain
LUCID-AIR-1151,4775,885.5,397.1,53.5,94.14,Peak 92.4% Powertrain Efficiency Domain
LUCID-AIR-1152,19753,893.2,3252.1,91.7,91.31,Stator Micro-Channel Coolant Active
LUCID-AIR-1153,17547,863.5,2649.9,84.7,91.77,Peak 92.4% Powertrain Efficiency Domain
LUCID-AIR-1154,2361,871.5,97.5,46.9,94.35,Peak 92.4% Powertrain Efficiency Domain
LUCID-AIR-1155,7095,923.6,587.9,56.4,93.57,Peak 92.4% Powertrain Efficiency Domain
LUCID-AIR-1156,15220,916.2,2148.9,79.3,92.67,Peak 92.4% Powertrain Efficiency Domain
LUCID-AIR-1157,8843,889.5,876.8,63.5,93.64,Peak 92.4% Powertrain Efficiency Domain
LUCID-AIR-1158,16487,852.2,2466.0,80.1,91.5,Peak 92.4% Powertrain Efficiency Domain
LUCID-AIR-1159,5620,852.5,259.5,52.3,94.54,Peak 92.4% Powertrain Efficiency Domain
LUCID-AIR-1160,15295,881.9,2088.2,76.1,92.71,Peak 92.4% Powertrain Efficiency Domain
LUCID-AIR-1161,14317,833.0,1785.8,73.1,92.01,Peak 92.4% Powertrain Efficiency Domain
LUCID-AIR-1162,6164,907.0,603.4,54.8,93.91,Peak 92.4% Powertrain Efficiency Domain
LUCID-AIR-1163,13843,854.9,1819.0,77.9,92.55,Peak 92.4% Powertrain Efficiency Domain
LUCID-AIR-1164,14437,838.7,1964.8,79.8,92.47,Peak 92.4% Powertrain Efficiency Domain
LUCID-AIR-1165,7633,845.5,679.2,53.5,93.24,Peak 92.4% Powertrain Efficiency Domain
LUCID-AIR-1166,2517,878.2,-45.9,40.3,94.15,Peak 92.4% Powertrain Efficiency Domain
LUCID-AIR-1167,17554,871.1,2601.6,82.5,91.66,Peak 92.4% Powertrain Efficiency Domain
LUCID-AIR-1168,12192,820.9,1271.6,61.9,93.35,Peak 92.4% Powertrain Efficiency Domain
LUCID-AIR-1169,14582,893.2,1842.2,70.0,92.2,Peak 92.4% Powertrain Efficiency Domain
LUCID-AIR-1170,4099,863.0,328.0,56.1,94.33,Peak 92.4% Powertrain Efficiency Domain
LUCID-AIR-1171,17851,906.1,2871.9,92.7,91.08,Stator Micro-Channel Coolant Active
LUCID-AIR-1172,7901,824.7,588.5,56.8,93.24,Peak 92.4% Powertrain Efficiency Domain
LUCID-AIR-1173,11076,841.5,1356.8,63.6,93.35,Peak 92.4% Powertrain Efficiency Domain
LUCID-AIR-1174,7716,908.0,577.7,59.8,93.21,Peak 92.4% Powertrain Efficiency Domain
LUCID-AIR-1175,16325,881.6,2240.2,82.2,91.52,Peak 92.4% Powertrain Efficiency Domain
LUCID-AIR-1176,3866,862.7,313.7,53.7,93.74,Peak 92.4% Powertrain Efficiency Domain
LUCID-AIR-1177,16742,913.0,2723.1,88.2,91.65,Stator Micro-Channel Coolant Active
LUCID-AIR-1178,18857,894.3,2983.4,91.9,91.27,Stator Micro-Channel Coolant Active
LUCID-AIR-1179,15773,880.3,2267.5,81.3,91.98,Peak 92.4% Powertrain Efficiency Domain
LUCID-AIR-1180,2228,923.3,-133.4,43.7,94.36,Peak 92.4% Powertrain Efficiency Domain
LUCID-AIR-1181,12590,857.1,1590.3,70.5,92.99,Peak 92.4% Powertrain Efficiency Domain
LUCID-AIR-1182,17120,888.7,2497.6,86.7,91.26,Stator Micro-Channel Coolant Active
LUCID-AIR-1183,9583,888.8,1035.0,60.4,93.54,Peak 92.4% Powertrain Efficiency Domain
LUCID-AIR-1184,5076,876.2,347.8,53.2,94.25,Peak 92.4% Powertrain Efficiency Domain
LUCID-AIR-1185,11583,876.8,1259.3,65.0,93.24,Peak 92.4% Powertrain Efficiency Domain
LUCID-AIR-1186,12338,850.1,1405.8,63.4,92.78,Peak 92.4% Powertrain Efficiency Domain
LUCID-AIR-1187,6435,922.2,413.9,47.5,94.6,Peak 92.4% Powertrain Efficiency Domain
LUCID-AIR-1188,13893,890.5,1882.2,73.2,92.19,Peak 92.4% Powertrain Efficiency Domain
LUCID-AIR-1189,9905,845.4,1163.0,65.1,93.47,Peak 92.4% Powertrain Efficiency Domain
LUCID-AIR-1190,13969,913.1,1644.5,71.4,92.87,Peak 92.4% Powertrain Efficiency Domain
LUCID-AIR-1191,11590,903.0,1459.2,72.3,92.98,Peak 92.4% Powertrain Efficiency Domain
LUCID-AIR-1192,3536,831.2,233.9,45.3,93.97,Peak 92.4% Powertrain Efficiency Domain
LUCID-AIR-1193,16782,849.1,2373.0,80.8,92.1,Peak 92.4% Powertrain Efficiency Domain
LUCID-AIR-1194,14622,828.2,1851.0,72.4,92.26,Peak 92.4% Powertrain Efficiency Domain
LUCID-AIR-1195,5043,886.3,321.9,53.4,94.58,Peak 92.4% Powertrain Efficiency Domain
LUCID-AIR-1196,10643,845.6,1010.8,63.9,93.67,Peak 92.4% Powertrain Efficiency Domain
LUCID-AIR-1197,16602,873.9,2377.8,84.7,91.9,Peak 92.4% Powertrain Efficiency Domain
LUCID-AIR-1198,12825,875.1,1431.3,72.1,92.58,Peak 92.4% Powertrain Efficiency Domain
LUCID-AIR-1199,18678,820.6,2835.3,90.7,90.96,Stator Micro-Channel Coolant Active
LUCID-AIR-1200,8444,873.1,512.7,51.5,94.02,Peak 92.4% Powertrain Efficiency Domain
LUCID-AIR-1201,10597,845.8,1112.8,65.8,93.3,Peak 92.4% Powertrain Efficiency Domain
LUCID-AIR-1202,13029,911.5,1624.4,77.1,92.87,Peak 92.4% Powertrain Efficiency Domain
LUCID-AIR-1203,17104,918.7,2491.9,83.5,91.74,Peak 92.4% Powertrain Efficiency Domain
LUCID-AIR-1204,4100,830.7,488.9,53.5,93.77,Peak 92.4% Powertrain Efficiency Domain
LUCID-AIR-1205,10276,861.9,977.6,60.8,93.68,Peak 92.4% Powertrain Efficiency Domain
LUCID-AIR-1206,8543,867.4,1074.1,66.2,92.92,Peak 92.4% Powertrain Efficiency Domain
LUCID-AIR-1207,11005,845.6,1137.9,69.9,93.45,Peak 92.4% Powertrain Efficiency Domain
LUCID-AIR-1208,18680,871.5,2800.4,84.9,91.29,Peak 92.4% Powertrain Efficiency Domain
LUCID-AIR-1209,11194,824.5,1068.9,59.4,93.3,Peak 92.4% Powertrain Efficiency Domain
LUCID-AIR-1210,14154,867.4,1828.3,75.3,92.24,Peak 92.4% Powertrain Efficiency Domain
LUCID-AIR-1211,14344,837.9,1867.6,70.5,92.75,Peak 92.4% Powertrain Efficiency Domain
LUCID-AIR-1212,10275,911.1,1097.5,63.3,93.59,Peak 92.4% Powertrain Efficiency Domain
LUCID-AIR-1213,3299,821.8,201.0,46.9,94.53,Peak 92.4% Powertrain Efficiency Domain
LUCID-AIR-1214,5110,833.8,314.8,50.7,94.49,Peak 92.4% Powertrain Efficiency Domain
LUCID-AIR-1215,4681,842.5,266.2,48.3,94.16,Peak 92.4% Powertrain Efficiency Domain
LUCID-AIR-1216,7981,891.2,846.8,53.7,93.65,Peak 92.4% Powertrain Efficiency Domain
LUCID-AIR-1217,18056,835.0,2988.6,92.9,91.63,Stator Micro-Channel Coolant Active
LUCID-AIR-1218,9453,911.3,913.3,62.7,93.1,Peak 92.4% Powertrain Efficiency Domain
LUCID-AIR-1219,17784,833.8,2419.1,83.2,91.87,Peak 92.4% Powertrain Efficiency Domain
LUCID-AIR-1220,6997,831.7,528.6,51.9,93.82,Peak 92.4% Powertrain Efficiency Domain
LUCID-AIR-1221,14383,829.8,1875.2,73.8,92.93,Peak 92.4% Powertrain Efficiency Domain
LUCID-AIR-1222,9227,859.9,857.3,62.0,93.48,Peak 92.4% Powertrain Efficiency Domain
LUCID-AIR-1223,10330,891.6,1305.6,64.9,93.3,Peak 92.4% Powertrain Efficiency Domain
LUCID-AIR-1224,9887,866.0,1206.5,65.9,92.76,Peak 92.4% Powertrain Efficiency Domain
LUCID-AIR-1225,10875,865.6,1399.1,65.3,93.15,Peak 92.4% Powertrain Efficiency Domain
LUCID-AIR-1226,7586,832.1,853.1,58.5,93.68,Peak 92.4% Powertrain Efficiency Domain
LUCID-AIR-1227,18717,856.9,2836.3,86.7,91.39,Stator Micro-Channel Coolant Active
LUCID-AIR-1228,14635,901.0,1879.1,69.9,92.81,Peak 92.4% Powertrain Efficiency Domain
LUCID-AIR-1229,14715,888.0,1796.1,72.5,92.15,Peak 92.4% Powertrain Efficiency Domain
LUCID-AIR-1230,14799,864.1,1947.7,78.6,92.21,Peak 92.4% Powertrain Efficiency Domain
LUCID-AIR-1231,14118,882.3,1523.5,65.9,92.74,Peak 92.4% Powertrain Efficiency Domain
LUCID-AIR-1232,8370,903.3,762.6,62.9,93.38,Peak 92.4% Powertrain Efficiency Domain
LUCID-AIR-1233,11367,905.9,1166.4,62.7,93.53,Peak 92.4% Powertrain Efficiency Domain
LUCID-AIR-1234,16705,882.1,2575.7,87.7,91.79,Stator Micro-Channel Coolant Active
LUCID-AIR-1235,3706,847.0,280.2,52.4,94.16,Peak 92.4% Powertrain Efficiency Domain
LUCID-AIR-1236,8980,900.0,1063.3,60.6,92.91,Peak 92.4% Powertrain Efficiency Domain
LUCID-AIR-1237,4850,896.4,101.9,45.4,94.17,Peak 92.4% Powertrain Efficiency Domain
LUCID-AIR-1238,11582,919.1,1447.6,60.3,93.4,Peak 92.4% Powertrain Efficiency Domain
LUCID-AIR-1239,14116,883.3,2051.9,73.3,92.65,Peak 92.4% Powertrain Efficiency Domain
LUCID-AIR-1240,10158,852.5,1018.0,61.3,93.09,Peak 92.4% Powertrain Efficiency Domain
LUCID-AIR-1241,18452,860.8,2711.6,84.0,91.13,Peak 92.4% Powertrain Efficiency Domain
LUCID-AIR-1242,8351,870.0,658.2,56.0,93.46,Peak 92.4% Powertrain Efficiency Domain
LUCID-AIR-1243,10670,821.8,1228.2,61.6,93.71,Peak 92.4% Powertrain Efficiency Domain
LUCID-AIR-1244,12194,906.8,1558.8,70.7,92.72,Peak 92.4% Powertrain Efficiency Domain
LUCID-AIR-1245,13719,894.5,1772.9,71.7,92.73,Peak 92.4% Powertrain Efficiency Domain
LUCID-AIR-1246,15866,875.2,2165.0,83.6,92.75,Peak 92.4% Powertrain Efficiency Domain
LUCID-AIR-1247,4579,900.3,448.4,40.9,94.13,Peak 92.4% Powertrain Efficiency Domain
LUCID-AIR-1248,5302,848.1,120.3,44.6,94.35,Peak 92.4% Powertrain Efficiency Domain
LUCID-AIR-1249,4748,861.3,78.8,48.8,94.58,Peak 92.4% Powertrain Efficiency Domain
LUCID-AIR-1250,7424,889.2,435.9,54.4,93.97,Peak 92.4% Powertrain Efficiency Domain
LUCID-AIR-1251,19293,870.6,3002.2,98.1,91.16,Stator Micro-Channel Coolant Active
LUCID-AIR-1252,16408,826.8,2108.2,79.4,92.51,Peak 92.4% Powertrain Efficiency Domain
LUCID-AIR-1253,9286,896.9,831.5,59.2,93.74,Peak 92.4% Powertrain Efficiency Domain
LUCID-AIR-1254,11168,834.4,1172.4,60.1,93.23,Peak 92.4% Powertrain Efficiency Domain
LUCID-AIR-1255,15472,866.0,2075.4,78.1,92.27,Peak 92.4% Powertrain Efficiency Domain
LUCID-AIR-1256,14032,861.4,1885.6,78.7,92.11,Peak 92.4% Powertrain Efficiency Domain
LUCID-AIR-1257,8124,878.2,734.5,62.1,93.22,Peak 92.4% Powertrain Efficiency Domain
LUCID-AIR-1258,17374,851.6,2577.7,88.0,92.0,Stator Micro-Channel Coolant Active
LUCID-AIR-1259,13701,855.8,1680.1,72.4,92.56,Peak 92.4% Powertrain Efficiency Domain
LUCID-AIR-1260,9371,823.0,1173.1,62.5,93.05,Peak 92.4% Powertrain Efficiency Domain
LUCID-AIR-1261,19679,835.4,3083.4,96.2,91.45,Stator Micro-Channel Coolant Active
LUCID-AIR-1262,2249,821.5,-15.8,46.6,94.31,Peak 92.4% Powertrain Efficiency Domain
LUCID-AIR-1263,14884,859.8,2071.7,76.2,92.3,Peak 92.4% Powertrain Efficiency Domain
LUCID-AIR-1264,3190,914.1,139.7,46.0,94.8,Peak 92.4% Powertrain Efficiency Domain
LUCID-AIR-1265,7274,861.8,724.9,52.8,93.9,Peak 92.4% Powertrain Efficiency Domain
LUCID-AIR-1266,3728,911.6,244.3,47.8,93.75,Peak 92.4% Powertrain Efficiency Domain
LUCID-AIR-1267,7891,923.5,867.9,61.3,93.87,Peak 92.4% Powertrain Efficiency Domain
LUCID-AIR-1268,11071,820.6,923.9,58.8,92.99,Peak 92.4% Powertrain Efficiency Domain
LUCID-AIR-1269,9487,913.7,931.7,61.6,93.89,Peak 92.4% Powertrain Efficiency Domain
LUCID-AIR-1270,14091,911.0,1860.1,69.9,92.39,Peak 92.4% Powertrain Efficiency Domain
LUCID-AIR-1271,8101,876.9,722.4,56.8,93.69,Peak 92.4% Powertrain Efficiency Domain
LUCID-AIR-1272,3241,892.8,303.1,47.1,95.01,Peak 92.4% Powertrain Efficiency Domain
LUCID-AIR-1273,7536,870.5,768.9,57.9,93.56,Peak 92.4% Powertrain Efficiency Domain
LUCID-AIR-1274,19235,887.5,3143.2,93.1,90.8,Stator Micro-Channel Coolant Active
LUCID-AIR-1275,13925,885.3,1677.8,72.3,92.83,Peak 92.4% Powertrain Efficiency Domain
LUCID-AIR-1276,5789,883.7,439.8,61.9,93.94,Peak 92.4% Powertrain Efficiency Domain
LUCID-AIR-1277,18877,872.9,3185.0,85.0,90.75,Peak 92.4% Powertrain Efficiency Domain
LUCID-AIR-1278,10866,836.5,1202.4,62.6,93.55,Peak 92.4% Powertrain Efficiency Domain
LUCID-AIR-1279,19744,907.5,2984.1,96.4,91.29,Stator Micro-Channel Coolant Active
LUCID-AIR-1280,15201,873.4,2124.6,80.0,92.21,Peak 92.4% Powertrain Efficiency Domain
LUCID-AIR-1281,11325,853.5,1116.4,60.2,93.59,Peak 92.4% Powertrain Efficiency Domain
LUCID-AIR-1282,10696,921.2,1118.8,61.3,93.04,Peak 92.4% Powertrain Efficiency Domain
LUCID-AIR-1283,13505,883.2,1543.9,68.3,92.31,Peak 92.4% Powertrain Efficiency Domain
LUCID-AIR-1284,12132,862.4,1251.1,63.3,93.88,Peak 92.4% Powertrain Efficiency Domain
LUCID-AIR-1285,11081,821.5,1277.8,67.9,93.11,Peak 92.4% Powertrain Efficiency Domain
LUCID-AIR-1286,5815,908.7,281.2,53.1,94.33,Peak 92.4% Powertrain Efficiency Domain
LUCID-AIR-1287,15353,887.4,2072.7,72.6,91.81,Peak 92.4% Powertrain Efficiency Domain
LUCID-AIR-1288,6836,824.2,588.4,49.2,93.99,Peak 92.4% Powertrain Efficiency Domain
LUCID-AIR-1289,9294,884.3,1134.7,71.6,93.28,Peak 92.4% Powertrain Efficiency Domain
LUCID-AIR-1290,15946,899.0,2056.3,78.0,91.98,Peak 92.4% Powertrain Efficiency Domain
LUCID-AIR-1291,14538,828.9,1701.0,70.6,92.72,Peak 92.4% Powertrain Efficiency Domain
LUCID-AIR-1292,7447,920.0,793.1,56.7,93.92,Peak 92.4% Powertrain Efficiency Domain
LUCID-AIR-1293,3311,911.2,240.6,45.9,94.08,Peak 92.4% Powertrain Efficiency Domain
LUCID-AIR-1294,17702,879.0,2570.8,83.9,91.49,Peak 92.4% Powertrain Efficiency Domain
LUCID-AIR-1295,6947,853.4,462.4,50.4,93.76,Peak 92.4% Powertrain Efficiency Domain
LUCID-AIR-1296,12520,859.1,1601.0,70.4,92.36,Peak 92.4% Powertrain Efficiency Domain
LUCID-AIR-1297,9771,849.2,925.7,59.5,93.32,Peak 92.4% Powertrain Efficiency Domain
LUCID-AIR-1298,3352,829.2,-102.4,44.3,94.79,Peak 92.4% Powertrain Efficiency Domain
LUCID-AIR-1299,9646,921.2,804.4,58.4,93.83,Peak 92.4% Powertrain Efficiency Domain
LUCID-AIR-1300,9292,888.0,828.5,60.4,93.69,Peak 92.4% Powertrain Efficiency Domain
LUCID-AIR-1301,5696,836.6,541.5,56.4,94.47,Peak 92.4% Powertrain Efficiency Domain
LUCID-AIR-1302,14373,852.2,1983.4,74.9,92.41,Peak 92.4% Powertrain Efficiency Domain
LUCID-AIR-1303,7388,919.9,673.8,59.5,93.27,Peak 92.4% Powertrain Efficiency Domain
LUCID-AIR-1304,7456,883.4,472.3,51.1,94.13,Peak 92.4% Powertrain Efficiency Domain
LUCID-AIR-1305,3402,885.3,142.1,37.4,94.46,Peak 92.4% Powertrain Efficiency Domain
LUCID-AIR-1306,3005,833.1,196.0,46.1,94.78,Peak 92.4% Powertrain Efficiency Domain
LUCID-AIR-1307,5868,909.5,423.8,52.3,94.64,Peak 92.4% Powertrain Efficiency Domain
LUCID-AIR-1308,12079,844.8,1551.4,67.8,93.05,Peak 92.4% Powertrain Efficiency Domain
LUCID-AIR-1309,12448,836.2,1551.5,71.0,92.8,Peak 92.4% Powertrain Efficiency Domain
LUCID-AIR-1310,14238,828.1,1886.9,75.7,92.79,Peak 92.4% Powertrain Efficiency Domain
LUCID-AIR-1311,19834,837.0,3098.4,92.3,90.88,Stator Micro-Channel Coolant Active
LUCID-AIR-1312,12120,906.5,1373.7,66.8,93.32,Peak 92.4% Powertrain Efficiency Domain
LUCID-AIR-1313,13864,856.7,1899.0,75.9,92.25,Peak 92.4% Powertrain Efficiency Domain
LUCID-AIR-1314,6620,880.6,588.1,52.2,94.45,Peak 92.4% Powertrain Efficiency Domain
LUCID-AIR-1315,17600,847.9,2331.2,79.8,91.73,Peak 92.4% Powertrain Efficiency Domain
LUCID-AIR-1316,11364,893.3,1342.1,69.6,92.7,Peak 92.4% Powertrain Efficiency Domain
LUCID-AIR-1317,9706,899.5,1089.9,68.1,93.19,Peak 92.4% Powertrain Efficiency Domain
LUCID-AIR-1318,17555,904.7,2726.4,89.3,91.86,Stator Micro-Channel Coolant Active
LUCID-AIR-1319,17897,905.3,2573.7,85.3,91.78,Stator Micro-Channel Coolant Active
LUCID-AIR-1320,4992,842.1,311.4,52.0,93.72,Peak 92.4% Powertrain Efficiency Domain
LUCID-AIR-1321,4997,855.2,227.3,49.7,93.78,Peak 92.4% Powertrain Efficiency Domain
LUCID-AIR-1322,10417,847.9,843.6,59.1,93.83,Peak 92.4% Powertrain Efficiency Domain
LUCID-AIR-1323,10396,905.8,1232.0,64.3,93.45,Peak 92.4% Powertrain Efficiency Domain
LUCID-AIR-1324,3101,889.8,183.3,46.5,94.18,Peak 92.4% Powertrain Efficiency Domain
LUCID-AIR-1325,11192,870.8,1037.6,62.0,93.19,Peak 92.4% Powertrain Efficiency Domain
LUCID-AIR-1326,17232,884.6,2692.2,83.2,91.61,Peak 92.4% Powertrain Efficiency Domain
LUCID-AIR-1327,2417,882.2,-118.9,39.1,94.61,Peak 92.4% Powertrain Efficiency Domain
LUCID-AIR-1328,19037,913.6,3019.2,95.2,90.97,Stator Micro-Channel Coolant Active
LUCID-AIR-1329,18625,827.4,2860.5,92.3,91.58,Stator Micro-Channel Coolant Active
LUCID-AIR-1330,9682,889.0,988.6,59.8,93.03,Peak 92.4% Powertrain Efficiency Domain
LUCID-AIR-1331,19454,920.2,2822.1,86.5,91.16,Stator Micro-Channel Coolant Active
LUCID-AIR-1332,16622,902.9,2557.5,88.4,91.72,Stator Micro-Channel Coolant Active
LUCID-AIR-1333,4746,823.0,52.7,47.0,94.88,Peak 92.4% Powertrain Efficiency Domain
LUCID-AIR-1334,19761,910.5,3290.5,102.1,91.4,Stator Micro-Channel Coolant Active
LUCID-AIR-1335,11641,831.1,1531.3,62.8,92.15,Peak 92.4% Powertrain Efficiency Domain
LUCID-AIR-1336,13222,903.9,1529.8,70.2,92.58,Peak 92.4% Powertrain Efficiency Domain
LUCID-AIR-1337,8823,835.4,834.9,56.3,93.7,Peak 92.4% Powertrain Efficiency Domain
LUCID-AIR-1338,12449,863.8,1665.1,74.3,92.67,Peak 92.4% Powertrain Efficiency Domain
LUCID-AIR-1339,7642,885.6,894.1,58.0,93.37,Peak 92.4% Powertrain Efficiency Domain
LUCID-AIR-1340,12574,895.8,1527.4,72.5,92.7,Peak 92.4% Powertrain Efficiency Domain
LUCID-AIR-1341,13276,842.9,1778.0,71.6,92.63,Peak 92.4% Powertrain Efficiency Domain
LUCID-AIR-1342,7919,902.5,798.3,59.0,93.69,Peak 92.4% Powertrain Efficiency Domain
LUCID-AIR-1343,14414,841.2,1942.4,72.3,92.44,Peak 92.4% Powertrain Efficiency Domain
LUCID-AIR-1344,9938,857.4,1017.5,62.9,93.53,Peak 92.4% Powertrain Efficiency Domain
LUCID-AIR-1345,16756,900.8,2214.8,84.2,91.55,Peak 92.4% Powertrain Efficiency Domain
LUCID-AIR-1346,15815,871.8,2238.6,81.2,91.91,Peak 92.4% Powertrain Efficiency Domain
LUCID-AIR-1347,17317,849.1,2412.1,84.4,92.17,Peak 92.4% Powertrain Efficiency Domain
LUCID-AIR-1348,16741,894.7,2383.0,85.0,91.91,Peak 92.4% Powertrain Efficiency Domain
LUCID-AIR-1349,9244,916.7,857.2,54.8,93.25,Peak 92.4% Powertrain Efficiency Domain
LUCID-AIR-1350,5970,916.0,491.2,54.2,94.16,Peak 92.4% Powertrain Efficiency Domain
LUCID-AIR-1351,4152,888.2,682.2,58.8,93.92,Peak 92.4% Powertrain Efficiency Domain
LUCID-AIR-1352,18712,822.6,2721.0,88.5,91.54,Stator Micro-Channel Coolant Active
LUCID-AIR-1353,12624,838.8,1452.0,61.9,92.67,Peak 92.4% Powertrain Efficiency Domain
LUCID-AIR-1354,15903,823.1,2268.6,79.6,91.73,Peak 92.4% Powertrain Efficiency Domain
LUCID-AIR-1355,9792,914.5,690.0,52.8,93.71,Peak 92.4% Powertrain Efficiency Domain
LUCID-AIR-1356,12854,842.3,1639.8,68.7,92.96,Peak 92.4% Powertrain Efficiency Domain
LUCID-AIR-1357,7375,846.8,618.8,56.7,93.94,Peak 92.4% Powertrain Efficiency Domain
LUCID-AIR-1358,11065,830.8,1105.9,59.2,93.51,Peak 92.4% Powertrain Efficiency Domain
LUCID-AIR-1359,19998,884.5,3246.7,93.5,90.36,Stator Micro-Channel Coolant Active
LUCID-AIR-1360,12883,861.6,1462.6,63.2,92.62,Peak 92.4% Powertrain Efficiency Domain
LUCID-AIR-1361,8856,860.2,972.7,56.6,93.77,Peak 92.4% Powertrain Efficiency Domain
LUCID-AIR-1362,8293,912.5,756.4,56.1,93.47,Peak 92.4% Powertrain Efficiency Domain
LUCID-AIR-1363,8526,894.7,1019.0,64.4,93.59,Peak 92.4% Powertrain Efficiency Domain
LUCID-AIR-1364,9116,907.5,974.4,59.3,93.51,Peak 92.4% Powertrain Efficiency Domain
LUCID-AIR-1365,3199,907.4,336.1,50.7,94.18,Peak 92.4% Powertrain Efficiency Domain
LUCID-AIR-1366,4912,833.7,274.5,46.8,94.51,Peak 92.4% Powertrain Efficiency Domain
LUCID-AIR-1367,5711,865.7,411.7,49.9,93.89,Peak 92.4% Powertrain Efficiency Domain
LUCID-AIR-1368,14120,923.2,1572.0,67.6,93.04,Peak 92.4% Powertrain Efficiency Domain
LUCID-AIR-1369,7669,875.3,514.2,51.3,93.78,Peak 92.4% Powertrain Efficiency Domain
LUCID-AIR-1370,8439,921.0,763.6,58.1,94.13,Peak 92.4% Powertrain Efficiency Domain
LUCID-AIR-1371,11359,835.6,1306.8,67.4,93.25,Peak 92.4% Powertrain Efficiency Domain
LUCID-AIR-1372,5648,849.8,465.2,51.2,93.74,Peak 92.4% Powertrain Efficiency Domain
LUCID-AIR-1373,6474,855.2,452.8,54.3,93.9,Peak 92.4% Powertrain Efficiency Domain
LUCID-AIR-1374,9989,840.5,1024.6,63.1,93.92,Peak 92.4% Powertrain Efficiency Domain
LUCID-AIR-1375,2875,908.5,216.4,50.8,94.32,Peak 92.4% Powertrain Efficiency Domain
LUCID-AIR-1376,11919,899.2,1290.0,64.0,93.27,Peak 92.4% Powertrain Efficiency Domain
LUCID-AIR-1377,3125,921.9,-116.4,45.4,94.37,Peak 92.4% Powertrain Efficiency Domain
LUCID-AIR-1378,19828,916.9,3326.4,98.6,91.56,Stator Micro-Channel Coolant Active
LUCID-AIR-1379,12439,882.9,1525.8,67.8,92.5,Peak 92.4% Powertrain Efficiency Domain
LUCID-AIR-1380,5339,870.6,616.2,53.4,94.31,Peak 92.4% Powertrain Efficiency Domain
LUCID-AIR-1381,8003,884.6,748.4,60.2,93.76,Peak 92.4% Powertrain Efficiency Domain
LUCID-AIR-1382,7565,821.0,470.6,51.7,94.05,Peak 92.4% Powertrain Efficiency Domain
LUCID-AIR-1383,8666,846.9,914.9,59.1,93.79,Peak 92.4% Powertrain Efficiency Domain
LUCID-AIR-1384,2583,892.5,61.7,41.8,94.24,Peak 92.4% Powertrain Efficiency Domain
LUCID-AIR-1385,13371,919.1,1577.0,70.1,92.58,Peak 92.4% Powertrain Efficiency Domain
LUCID-AIR-1386,15119,837.8,1944.5,79.4,92.39,Peak 92.4% Powertrain Efficiency Domain
LUCID-AIR-1387,7428,901.6,680.4,54.4,93.87,Peak 92.4% Powertrain Efficiency Domain
LUCID-AIR-1388,5359,828.7,542.4,50.9,94.13,Peak 92.4% Powertrain Efficiency Domain
LUCID-AIR-1389,17374,899.2,2541.9,87.9,91.67,Stator Micro-Channel Coolant Active
LUCID-AIR-1390,10787,829.6,861.0,53.6,93.13,Peak 92.4% Powertrain Efficiency Domain
LUCID-AIR-1391,3987,907.3,360.7,58.2,93.83,Peak 92.4% Powertrain Efficiency Domain
LUCID-AIR-1392,9419,853.7,1330.0,69.8,92.81,Peak 92.4% Powertrain Efficiency Domain
LUCID-AIR-1393,14619,825.1,1918.7,74.7,92.39,Peak 92.4% Powertrain Efficiency Domain
LUCID-AIR-1394,11140,891.6,1137.8,69.5,93.5,Peak 92.4% Powertrain Efficiency Domain
LUCID-AIR-1395,18308,870.8,2899.2,90.9,91.13,Stator Micro-Channel Coolant Active
LUCID-AIR-1396,12619,848.0,1789.8,68.7,92.17,Peak 92.4% Powertrain Efficiency Domain
LUCID-AIR-1397,16485,873.6,2254.9,80.1,92.33,Peak 92.4% Powertrain Efficiency Domain
LUCID-AIR-1398,10575,895.0,1075.4,66.2,93.53,Peak 92.4% Powertrain Efficiency Domain
LUCID-AIR-1399,2332,887.6,140.9,44.3,95.1,Peak 92.4% Powertrain Efficiency Domain
LUCID-AIR-1400,2570,840.9,-41.4,44.4,94.46,Peak 92.4% Powertrain Efficiency Domain
LUCID-AIR-1401,16998,900.2,2453.4,77.4,92.09,Peak 92.4% Powertrain Efficiency Domain
LUCID-AIR-1402,5578,826.7,474.2,50.8,94.24,Peak 92.4% Powertrain Efficiency Domain
LUCID-AIR-1403,17798,899.3,2774.6,91.5,91.34,Stator Micro-Channel Coolant Active
LUCID-AIR-1404,2293,866.8,-11.5,41.7,94.83,Peak 92.4% Powertrain Efficiency Domain
LUCID-AIR-1405,7131,861.7,346.3,52.3,94.21,Peak 92.4% Powertrain Efficiency Domain
LUCID-AIR-1406,6000,897.7,508.8,49.9,94.0,Peak 92.4% Powertrain Efficiency Domain
LUCID-AIR-1407,6285,867.2,573.0,51.6,94.33,Peak 92.4% Powertrain Efficiency Domain
LUCID-AIR-1408,3637,918.9,-49.6,45.0,94.8,Peak 92.4% Powertrain Efficiency Domain
LUCID-AIR-1409,3931,913.8,405.4,49.6,94.57,Peak 92.4% Powertrain Efficiency Domain
LUCID-AIR-1410,7015,916.0,393.1,47.6,94.63,Peak 92.4% Powertrain Efficiency Domain
LUCID-AIR-1411,7239,863.8,874.9,54.9,93.4,Peak 92.4% Powertrain Efficiency Domain
LUCID-AIR-1412,12525,866.1,1540.5,73.1,93.61,Peak 92.4% Powertrain Efficiency Domain
LUCID-AIR-1413,4290,844.5,328.4,48.7,93.82,Peak 92.4% Powertrain Efficiency Domain
LUCID-AIR-1414,16297,839.2,2188.9,82.2,91.74,Peak 92.4% Powertrain Efficiency Domain
LUCID-AIR-1415,9584,894.7,1049.4,62.9,92.91,Peak 92.4% Powertrain Efficiency Domain
LUCID-AIR-1416,7433,873.3,607.8,56.2,94.32,Peak 92.4% Powertrain Efficiency Domain
LUCID-AIR-1417,11480,909.1,1359.6,68.5,93.02,Peak 92.4% Powertrain Efficiency Domain
LUCID-AIR-1418,5157,853.5,411.1,56.0,94.46,Peak 92.4% Powertrain Efficiency Domain
LUCID-AIR-1419,5493,860.1,398.6,54.0,94.12,Peak 92.4% Powertrain Efficiency Domain
LUCID-AIR-1420,14824,908.4,2139.5,78.0,92.27,Peak 92.4% Powertrain Efficiency Domain
LUCID-AIR-1421,14677,822.8,1603.8,74.3,92.73,Peak 92.4% Powertrain Efficiency Domain
LUCID-AIR-1422,8123,921.8,615.8,52.4,94.32,Peak 92.4% Powertrain Efficiency Domain
LUCID-AIR-1423,16135,862.4,2429.8,83.7,92.0,Peak 92.4% Powertrain Efficiency Domain
LUCID-AIR-1424,9390,919.6,888.9,53.4,93.3,Peak 92.4% Powertrain Efficiency Domain
LUCID-AIR-1425,11014,864.0,1178.8,62.8,93.6,Peak 92.4% Powertrain Efficiency Domain
LUCID-AIR-1426,13261,840.0,1372.3,68.6,93.03,Peak 92.4% Powertrain Efficiency Domain
LUCID-AIR-1427,11686,914.9,1174.4,60.5,93.05,Peak 92.4% Powertrain Efficiency Domain
LUCID-AIR-1428,14655,871.5,1964.6,79.8,92.42,Peak 92.4% Powertrain Efficiency Domain
LUCID-AIR-1429,12675,849.5,1667.2,70.4,92.94,Peak 92.4% Powertrain Efficiency Domain
LUCID-AIR-1430,3952,875.6,309.4,52.4,94.32,Peak 92.4% Powertrain Efficiency Domain
LUCID-AIR-1431,19124,834.2,3350.2,97.4,91.12,Stator Micro-Channel Coolant Active
LUCID-AIR-1432,19047,913.0,3331.8,104.0,91.26,Stator Micro-Channel Coolant Active
LUCID-AIR-1433,19907,824.6,3339.5,100.2,90.24,Stator Micro-Channel Coolant Active
LUCID-AIR-1434,12798,878.3,1401.2,68.5,92.7,Peak 92.4% Powertrain Efficiency Domain
LUCID-AIR-1435,13169,833.5,1450.8,68.9,92.76,Peak 92.4% Powertrain Efficiency Domain
LUCID-AIR-1436,17370,902.0,2572.1,86.3,91.87,Stator Micro-Channel Coolant Active
LUCID-AIR-1437,9705,832.1,1019.4,67.0,93.28,Peak 92.4% Powertrain Efficiency Domain
LUCID-AIR-1438,16453,841.2,2498.8,84.4,91.87,Peak 92.4% Powertrain Efficiency Domain
LUCID-AIR-1439,10934,839.2,1260.8,65.2,93.32,Peak 92.4% Powertrain Efficiency Domain
LUCID-AIR-1440,11378,824.2,1548.6,69.3,92.49,Peak 92.4% Powertrain Efficiency Domain
LUCID-AIR-1441,13939,844.0,1660.6,71.4,92.67,Peak 92.4% Powertrain Efficiency Domain
LUCID-AIR-1442,18086,841.6,2690.0,86.6,92.11,Stator Micro-Channel Coolant Active
LUCID-AIR-1443,9317,869.3,1106.2,65.3,93.11,Peak 92.4% Powertrain Efficiency Domain
LUCID-AIR-1444,6116,850.2,679.2,53.8,94.07,Peak 92.4% Powertrain Efficiency Domain
LUCID-AIR-1445,12896,881.4,1730.6,75.9,92.91,Peak 92.4% Powertrain Efficiency Domain
LUCID-AIR-1446,6450,832.7,570.8,53.0,94.09,Peak 92.4% Powertrain Efficiency Domain
LUCID-AIR-1447,14869,885.4,2071.0,79.8,92.51,Peak 92.4% Powertrain Efficiency Domain
LUCID-AIR-1448,16606,847.8,2256.3,76.9,92.24,Peak 92.4% Powertrain Efficiency Domain
LUCID-AIR-1449,19903,873.2,3093.7,95.0,90.82,Stator Micro-Channel Coolant Active
LUCID-AIR-1450,9844,828.7,967.6,58.9,93.24,Peak 92.4% Powertrain Efficiency Domain
LUCID-AIR-1451,3721,923.5,211.7,48.8,94.32,Peak 92.4% Powertrain Efficiency Domain
LUCID-AIR-1452,3325,838.9,161.2,50.9,94.69,Peak 92.4% Powertrain Efficiency Domain
LUCID-AIR-1453,11672,827.0,1350.3,67.0,93.36,Peak 92.4% Powertrain Efficiency Domain
LUCID-AIR-1454,2969,871.8,20.1,45.9,94.28,Peak 92.4% Powertrain Efficiency Domain
LUCID-AIR-1455,16869,843.6,2357.2,77.3,92.03,Peak 92.4% Powertrain Efficiency Domain
LUCID-AIR-1456,10401,876.3,894.1,57.3,93.79,Peak 92.4% Powertrain Efficiency Domain
LUCID-AIR-1457,12390,891.5,1496.4,69.6,93.12,Peak 92.4% Powertrain Efficiency Domain
LUCID-AIR-1458,17460,892.4,2404.1,84.8,92.16,Peak 92.4% Powertrain Efficiency Domain
LUCID-AIR-1459,3832,857.0,328.6,49.5,94.04,Peak 92.4% Powertrain Efficiency Domain
LUCID-AIR-1460,14323,868.1,2054.3,82.0,92.71,Peak 92.4% Powertrain Efficiency Domain
LUCID-AIR-1461,16631,869.7,2559.0,83.2,90.96,Peak 92.4% Powertrain Efficiency Domain
LUCID-AIR-1462,15055,835.6,1998.1,72.7,93.13,Peak 92.4% Powertrain Efficiency Domain
LUCID-AIR-1463,12520,923.4,1551.3,69.6,92.58,Peak 92.4% Powertrain Efficiency Domain
LUCID-AIR-1464,2992,825.1,-195.7,40.9,95.34,Peak 92.4% Powertrain Efficiency Domain
LUCID-AIR-1465,6491,832.6,543.3,53.8,94.07,Peak 92.4% Powertrain Efficiency Domain
LUCID-AIR-1466,4771,874.4,268.4,55.4,94.76,Peak 92.4% Powertrain Efficiency Domain
LUCID-AIR-1467,16784,894.0,2284.2,83.3,92.34,Peak 92.4% Powertrain Efficiency Domain
LUCID-AIR-1468,18755,915.1,2934.6,90.2,91.1,Stator Micro-Channel Coolant Active
LUCID-AIR-1469,8602,900.6,1116.4,61.1,93.38,Peak 92.4% Powertrain Efficiency Domain
LUCID-AIR-1470,18771,856.3,3011.3,89.4,90.8,Stator Micro-Channel Coolant Active
LUCID-AIR-1471,10385,882.4,1029.2,60.8,93.08,Peak 92.4% Powertrain Efficiency Domain
LUCID-AIR-1472,4366,894.8,517.4,48.9,93.76,Peak 92.4% Powertrain Efficiency Domain
LUCID-AIR-1473,17522,908.8,2656.4,91.0,91.15,Stator Micro-Channel Coolant Active
LUCID-AIR-1474,10341,837.7,1237.9,61.5,93.14,Peak 92.4% Powertrain Efficiency Domain
LUCID-AIR-1475,18345,885.5,2885.7,91.3,91.06,Stator Micro-Channel Coolant Active
LUCID-AIR-1476,15914,901.6,2070.8,83.4,91.97,Peak 92.4% Powertrain Efficiency Domain
LUCID-AIR-1477,12446,915.3,1621.5,68.9,92.93,Peak 92.4% Powertrain Efficiency Domain
LUCID-AIR-1478,8501,821.6,655.4,60.3,93.63,Peak 92.4% Powertrain Efficiency Domain
LUCID-AIR-1479,18643,905.3,2794.9,89.5,91.8,Stator Micro-Channel Coolant Active
LUCID-AIR-1480,10675,824.9,1311.0,66.5,92.97,Peak 92.4% Powertrain Efficiency Domain
LUCID-AIR-1481,10184,834.5,972.7,59.2,93.23,Peak 92.4% Powertrain Efficiency Domain
LUCID-AIR-1482,6728,836.9,542.9,58.1,94.44,Peak 92.4% Powertrain Efficiency Domain
LUCID-AIR-1483,10093,870.7,1170.6,68.0,94.0,Peak 92.4% Powertrain Efficiency Domain
LUCID-AIR-1484,2376,820.2,111.5,42.5,94.73,Peak 92.4% Powertrain Efficiency Domain
LUCID-AIR-1485,4975,855.0,408.1,54.1,94.04,Peak 92.4% Powertrain Efficiency Domain
LUCID-AIR-1486,12490,921.5,1623.0,65.8,92.78,Peak 92.4% Powertrain Efficiency Domain
LUCID-AIR-1487,12836,917.1,1617.1,67.2,92.35,Peak 92.4% Powertrain Efficiency Domain
LUCID-AIR-1488,7440,880.5,761.5,61.0,93.12,Peak 92.4% Powertrain Efficiency Domain
LUCID-AIR-1489,4538,885.1,319.6,50.5,94.37,Peak 92.4% Powertrain Efficiency Domain
LUCID-AIR-1490,17797,887.4,2789.1,91.0,90.75,Stator Micro-Channel Coolant Active
LUCID-AIR-1491,15634,873.2,2059.5,85.6,92.39,Stator Micro-Channel Coolant Active
LUCID-AIR-1492,16279,919.8,2306.0,75.6,92.25,Peak 92.4% Powertrain Efficiency Domain
LUCID-AIR-1493,17232,923.4,2613.6,82.8,92.27,Peak 92.4% Powertrain Efficiency Domain
LUCID-AIR-1494,11846,884.9,1349.1,63.1,92.72,Peak 92.4% Powertrain Efficiency Domain
LUCID-AIR-1495,2182,904.7,491.4,51.9,93.6,Peak 92.4% Powertrain Efficiency Domain
LUCID-AIR-1496,16660,827.7,2325.3,81.3,92.3,Peak 92.4% Powertrain Efficiency Domain
LUCID-AIR-1497,3317,894.7,179.7,45.9,94.36,Peak 92.4% Powertrain Efficiency Domain
LUCID-AIR-1498,3997,870.5,141.8,50.7,94.67,Peak 92.4% Powertrain Efficiency Domain
LUCID-AIR-1499,18830,868.6,3055.6,95.3,91.63,Stator Micro-Channel Coolant Active
LUCID-AIR-1500,8059,825.1,523.1,50.9,94.09,Peak 92.4% Powertrain Efficiency Domain
LUCID-AIR-1501,14722,853.9,1605.1,68.3,92.62,Peak 92.4% Powertrain Efficiency Domain
LUCID-AIR-1502,7770,900.8,476.8,53.1,94.17,Peak 92.4% Powertrain Efficiency Domain
LUCID-AIR-1503,14188,863.3,1983.1,74.1,92.15,Peak 92.4% Powertrain Efficiency Domain
LUCID-AIR-1504,2338,870.0,-32.6,43.5,94.6,Peak 92.4% Powertrain Efficiency Domain
LUCID-AIR-1505,18635,853.4,3008.2,92.6,91.01,Stator Micro-Channel Coolant Active
LUCID-AIR-1506,4230,874.0,3.8,45.1,94.57,Peak 92.4% Powertrain Efficiency Domain
LUCID-AIR-1507,10160,884.7,1154.1,68.0,92.92,Peak 92.4% Powertrain Efficiency Domain
LUCID-AIR-1508,8419,922.4,881.4,56.9,93.06,Peak 92.4% Powertrain Efficiency Domain
LUCID-AIR-1509,7493,874.9,648.4,50.3,94.3,Peak 92.4% Powertrain Efficiency Domain
LUCID-AIR-1510,14376,841.0,1881.5,72.9,92.12,Peak 92.4% Powertrain Efficiency Domain
LUCID-AIR-1511,18277,898.1,2662.9,86.4,91.53,Stator Micro-Channel Coolant Active
LUCID-AIR-1512,18511,825.1,3028.6,88.9,91.35,Stator Micro-Channel Coolant Active
LUCID-AIR-1513,16469,918.6,2249.6,79.7,92.32,Peak 92.4% Powertrain Efficiency Domain
LUCID-AIR-1514,15181,842.1,1946.8,74.1,92.9,Peak 92.4% Powertrain Efficiency Domain
LUCID-AIR-1515,14324,868.2,1856.3,73.6,92.38,Peak 92.4% Powertrain Efficiency Domain
LUCID-AIR-1516,9439,860.2,863.5,58.8,93.72,Peak 92.4% Powertrain Efficiency Domain
LUCID-AIR-1517,12877,859.2,1539.5,72.1,92.86,Peak 92.4% Powertrain Efficiency Domain
LUCID-AIR-1518,17399,903.1,2652.0,92.0,91.73,Stator Micro-Channel Coolant Active
LUCID-AIR-1519,13872,879.2,1740.8,74.1,92.25,Peak 92.4% Powertrain Efficiency Domain
LUCID-AIR-1520,16735,826.0,2331.3,80.8,91.61,Peak 92.4% Powertrain Efficiency Domain
LUCID-AIR-1521,12739,849.0,1639.3,67.4,92.21,Peak 92.4% Powertrain Efficiency Domain
LUCID-AIR-1522,16736,845.0,2367.9,80.3,91.61,Peak 92.4% Powertrain Efficiency Domain
LUCID-AIR-1523,4485,912.9,372.1,50.3,94.11,Peak 92.4% Powertrain Efficiency Domain
LUCID-AIR-1524,4573,848.0,309.7,55.0,93.96,Peak 92.4% Powertrain Efficiency Domain
LUCID-AIR-1525,2102,880.7,320.5,42.8,94.05,Peak 92.4% Powertrain Efficiency Domain
LUCID-AIR-1526,18265,844.2,2721.1,81.0,91.68,Peak 92.4% Powertrain Efficiency Domain
LUCID-AIR-1527,2131,845.0,44.9,45.8,94.32,Peak 92.4% Powertrain Efficiency Domain
LUCID-AIR-1528,5397,826.5,483.9,55.7,94.12,Peak 92.4% Powertrain Efficiency Domain
LUCID-AIR-1529,4675,848.2,321.3,51.2,94.25,Peak 92.4% Powertrain Efficiency Domain
LUCID-AIR-1530,10597,830.1,756.9,55.0,93.5,Peak 92.4% Powertrain Efficiency Domain
LUCID-AIR-1531,17860,899.5,2522.4,88.0,92.05,Stator Micro-Channel Coolant Active
LUCID-AIR-1532,15807,882.4,2148.5,75.6,92.18,Peak 92.4% Powertrain Efficiency Domain
LUCID-AIR-1533,2334,870.7,381.8,47.9,93.99,Peak 92.4% Powertrain Efficiency Domain
LUCID-AIR-1534,5213,853.9,445.3,51.0,94.44,Peak 92.4% Powertrain Efficiency Domain
LUCID-AIR-1535,12741,840.1,1562.2,71.8,92.93,Peak 92.4% Powertrain Efficiency Domain
LUCID-AIR-1536,10287,847.6,1108.1,60.9,93.34,Peak 92.4% Powertrain Efficiency Domain
LUCID-AIR-1537,6981,828.2,531.7,51.1,93.83,Peak 92.4% Powertrain Efficiency Domain
LUCID-AIR-1538,13601,908.4,1941.1,76.1,92.44,Peak 92.4% Powertrain Efficiency Domain
LUCID-AIR-1539,5455,910.6,258.6,54.3,94.22,Peak 92.4% Powertrain Efficiency Domain
LUCID-AIR-1540,12223,857.0,1546.8,76.5,93.06,Peak 92.4% Powertrain Efficiency Domain
LUCID-AIR-1541,11069,868.7,1197.5,64.3,93.55,Peak 92.4% Powertrain Efficiency Domain
LUCID-AIR-1542,11235,880.3,1203.3,58.5,93.19,Peak 92.4% Powertrain Efficiency Domain
LUCID-AIR-1543,16639,894.7,1963.4,77.4,92.13,Peak 92.4% Powertrain Efficiency Domain
LUCID-AIR-1544,11747,835.4,1627.5,69.1,93.41,Peak 92.4% Powertrain Efficiency Domain
LUCID-AIR-1545,17486,844.9,2430.9,82.3,92.01,Peak 92.4% Powertrain Efficiency Domain
LUCID-AIR-1546,5456,844.4,150.7,49.3,94.46,Peak 92.4% Powertrain Efficiency Domain
LUCID-AIR-1547,11151,835.6,1218.5,64.1,93.1,Peak 92.4% Powertrain Efficiency Domain
LUCID-AIR-1548,12755,914.2,1270.5,63.8,93.05,Peak 92.4% Powertrain Efficiency Domain
LUCID-AIR-1549,18036,830.7,2492.8,80.3,91.91,Peak 92.4% Powertrain Efficiency Domain
LUCID-AIR-1550,10854,913.4,1034.7,63.7,93.43,Peak 92.4% Powertrain Efficiency Domain
LUCID-AIR-1551,12969,834.0,1392.1,71.0,93.27,Peak 92.4% Powertrain Efficiency Domain
LUCID-AIR-1552,15412,835.7,1925.7,74.6,92.47,Peak 92.4% Powertrain Efficiency Domain
LUCID-AIR-1553,3009,827.8,259.1,48.9,94.71,Peak 92.4% Powertrain Efficiency Domain
LUCID-AIR-1554,11180,873.8,1162.4,63.2,93.13,Peak 92.4% Powertrain Efficiency Domain
LUCID-AIR-1555,18464,897.2,2769.9,89.2,91.25,Stator Micro-Channel Coolant Active
LUCID-AIR-1556,9781,918.2,1201.4,61.4,93.23,Peak 92.4% Powertrain Efficiency Domain
LUCID-AIR-1557,15357,833.6,1978.0,78.2,92.18,Peak 92.4% Powertrain Efficiency Domain
LUCID-AIR-1558,18771,821.2,2935.9,97.4,91.5,Stator Micro-Channel Coolant Active
LUCID-AIR-1559,9215,831.3,1028.4,60.2,93.2,Peak 92.4% Powertrain Efficiency Domain
LUCID-AIR-1560,4357,834.1,325.6,45.5,94.15,Peak 92.4% Powertrain Efficiency Domain
LUCID-AIR-1561,5160,891.1,478.8,50.3,93.46,Peak 92.4% Powertrain Efficiency Domain
LUCID-AIR-1562,7967,854.4,990.5,57.9,92.88,Peak 92.4% Powertrain Efficiency Domain
LUCID-AIR-1563,4409,890.2,369.5,54.1,93.91,Peak 92.4% Powertrain Efficiency Domain
LUCID-AIR-1564,11937,852.7,1584.0,72.6,92.59,Peak 92.4% Powertrain Efficiency Domain
LUCID-AIR-1565,10533,894.7,1229.1,64.2,93.32,Peak 92.4% Powertrain Efficiency Domain
LUCID-AIR-1566,4652,874.5,181.4,48.9,94.3,Peak 92.4% Powertrain Efficiency Domain
LUCID-AIR-1567,16617,832.8,2180.3,82.0,92.65,Peak 92.4% Powertrain Efficiency Domain
LUCID-AIR-1568,11890,890.9,1166.5,62.1,93.32,Peak 92.4% Powertrain Efficiency Domain
LUCID-AIR-1569,8816,857.6,861.1,54.3,93.69,Peak 92.4% Powertrain Efficiency Domain
LUCID-AIR-1570,7846,820.1,594.4,53.9,93.56,Peak 92.4% Powertrain Efficiency Domain
LUCID-AIR-1571,8699,914.2,760.1,55.9,93.15,Peak 92.4% Powertrain Efficiency Domain
LUCID-AIR-1572,16887,884.5,2626.3,90.7,91.46,Stator Micro-Channel Coolant Active
LUCID-AIR-1573,11935,861.7,1319.3,72.4,92.57,Peak 92.4% Powertrain Efficiency Domain
LUCID-AIR-1574,4069,834.9,298.9,48.5,94.11,Peak 92.4% Powertrain Efficiency Domain
LUCID-AIR-1575,14463,846.9,1957.3,73.6,92.89,Peak 92.4% Powertrain Efficiency Domain
LUCID-AIR-1576,14936,832.0,1881.6,77.5,92.23,Peak 92.4% Powertrain Efficiency Domain
LUCID-AIR-1577,11883,852.3,1316.2,68.8,92.9,Peak 92.4% Powertrain Efficiency Domain
LUCID-AIR-1578,12394,848.0,1463.1,63.5,92.96,Peak 92.4% Powertrain Efficiency Domain
LUCID-AIR-1579,19570,854.8,3120.2,92.5,91.26,Stator Micro-Channel Coolant Active
LUCID-AIR-1580,3333,864.4,255.9,50.5,94.06,Peak 92.4% Powertrain Efficiency Domain
LUCID-AIR-1581,13098,880.4,1711.1,72.2,93.13,Peak 92.4% Powertrain Efficiency Domain
LUCID-AIR-1582,19268,922.2,3058.8,93.1,91.41,Stator Micro-Channel Coolant Active
LUCID-AIR-1583,17108,890.2,2723.0,84.2,91.52,Peak 92.4% Powertrain Efficiency Domain
LUCID-AIR-1584,12552,842.8,1737.5,74.9,92.83,Peak 92.4% Powertrain Efficiency Domain
LUCID-AIR-1585,2870,868.8,41.3,48.0,94.24,Peak 92.4% Powertrain Efficiency Domain
LUCID-AIR-1586,12246,885.8,1498.8,69.6,93.03,Peak 92.4% Powertrain Efficiency Domain
LUCID-AIR-1587,5395,850.9,707.1,54.4,93.44,Peak 92.4% Powertrain Efficiency Domain
LUCID-AIR-1588,11907,899.0,1799.4,77.1,92.45,Peak 92.4% Powertrain Efficiency Domain
LUCID-AIR-1589,11111,910.8,1231.3,63.7,93.4,Peak 92.4% Powertrain Efficiency Domain
LUCID-AIR-1590,9881,856.5,986.9,61.9,92.81,Peak 92.4% Powertrain Efficiency Domain
LUCID-AIR-1591,14430,834.5,1880.8,79.3,92.84,Peak 92.4% Powertrain Efficiency Domain
LUCID-AIR-1592,15952,923.6,1971.6,74.8,92.07,Peak 92.4% Powertrain Efficiency Domain
LUCID-AIR-1593,13602,878.9,1622.9,65.2,93.25,Peak 92.4% Powertrain Efficiency Domain
LUCID-AIR-1594,10840,835.1,1209.5,64.4,92.64,Peak 92.4% Powertrain Efficiency Domain
LUCID-AIR-1595,8915,826.3,671.3,55.2,93.67,Peak 92.4% Powertrain Efficiency Domain
LUCID-AIR-1596,10073,860.9,1159.9,62.4,93.6,Peak 92.4% Powertrain Efficiency Domain
LUCID-AIR-1597,14386,826.9,1721.3,69.2,93.38,Peak 92.4% Powertrain Efficiency Domain
LUCID-AIR-1598,13833,870.1,1664.3,74.2,92.6,Peak 92.4% Powertrain Efficiency Domain
LUCID-AIR-1599,17585,898.0,2522.3,87.0,92.39,Stator Micro-Channel Coolant Active
LUCID-AIR-1600,12297,836.6,1386.5,64.5,92.73,Peak 92.4% Powertrain Efficiency Domain
LUCID-AIR-1601,7227,879.3,702.5,56.7,93.48,Peak 92.4% Powertrain Efficiency Domain
LUCID-AIR-1602,13867,919.6,2053.2,77.3,92.8,Peak 92.4% Powertrain Efficiency Domain
LUCID-AIR-1603,2401,850.4,8.1,44.4,94.58,Peak 92.4% Powertrain Efficiency Domain
LUCID-AIR-1604,18204,827.6,2545.2,86.4,91.98,Stator Micro-Channel Coolant Active
LUCID-AIR-1605,5541,907.7,272.0,47.9,94.56,Peak 92.4% Powertrain Efficiency Domain
LUCID-AIR-1606,3015,836.9,100.0,47.8,94.31,Peak 92.4% Powertrain Efficiency Domain
LUCID-AIR-1607,14969,894.0,1816.8,72.8,92.14,Peak 92.4% Powertrain Efficiency Domain
LUCID-AIR-1608,3191,910.6,167.9,46.1,94.85,Peak 92.4% Powertrain Efficiency Domain
LUCID-AIR-1609,9156,887.6,819.2,60.9,93.68,Peak 92.4% Powertrain Efficiency Domain
LUCID-AIR-1610,17065,915.6,2498.5,83.2,92.09,Peak 92.4% Powertrain Efficiency Domain
LUCID-AIR-1611,3184,922.2,330.4,51.9,94.06,Peak 92.4% Powertrain Efficiency Domain
LUCID-AIR-1612,13281,923.8,1603.8,66.2,93.24,Peak 92.4% Powertrain Efficiency Domain
LUCID-AIR-1613,2131,889.2,234.0,48.8,94.37,Peak 92.4% Powertrain Efficiency Domain
LUCID-AIR-1614,18045,861.2,2689.9,89.4,91.52,Stator Micro-Channel Coolant Active
LUCID-AIR-1615,5926,836.2,628.5,55.0,93.38,Peak 92.4% Powertrain Efficiency Domain
LUCID-AIR-1616,16890,893.4,2402.8,80.3,91.65,Peak 92.4% Powertrain Efficiency Domain
LUCID-AIR-1617,18132,850.5,2859.7,85.5,91.78,Stator Micro-Channel Coolant Active
LUCID-AIR-1618,3206,859.1,94.7,44.2,93.97,Peak 92.4% Powertrain Efficiency Domain
LUCID-AIR-1619,8691,849.9,724.2,54.9,93.25,Peak 92.4% Powertrain Efficiency Domain
LUCID-AIR-1620,4392,839.4,323.4,53.2,94.1,Peak 92.4% Powertrain Efficiency Domain
LUCID-AIR-1621,11602,875.2,1532.5,66.4,93.16,Peak 92.4% Powertrain Efficiency Domain
LUCID-AIR-1622,15713,919.6,2285.4,79.7,91.79,Peak 92.4% Powertrain Efficiency Domain
LUCID-AIR-1623,12885,865.2,1682.8,70.3,92.1,Peak 92.4% Powertrain Efficiency Domain
LUCID-AIR-1624,16275,835.0,2414.1,81.2,91.55,Peak 92.4% Powertrain Efficiency Domain
LUCID-AIR-1625,16044,889.5,2254.7,84.9,91.91,Peak 92.4% Powertrain Efficiency Domain
LUCID-AIR-1626,4738,850.4,270.1,49.7,94.27,Peak 92.4% Powertrain Efficiency Domain
LUCID-AIR-1627,7489,821.2,519.4,52.2,94.2,Peak 92.4% Powertrain Efficiency Domain
LUCID-AIR-1628,12958,903.0,1390.0,64.6,93.07,Peak 92.4% Powertrain Efficiency Domain
LUCID-AIR-1629,2009,884.7,-40.2,41.3,94.39,Peak 92.4% Powertrain Efficiency Domain
LUCID-AIR-1630,4465,868.6,295.0,51.7,94.1,Peak 92.4% Powertrain Efficiency Domain
LUCID-AIR-1631,3925,861.1,51.2,49.4,94.7,Peak 92.4% Powertrain Efficiency Domain
LUCID-AIR-1632,4991,846.2,458.8,50.6,93.74,Peak 92.4% Powertrain Efficiency Domain
LUCID-AIR-1633,4113,821.3,362.4,46.1,94.47,Peak 92.4% Powertrain Efficiency Domain
LUCID-AIR-1634,9692,853.5,1119.7,61.9,93.37,Peak 92.4% Powertrain Efficiency Domain
LUCID-AIR-1635,11547,890.3,1345.0,68.0,93.25,Peak 92.4% Powertrain Efficiency Domain
LUCID-AIR-1636,3864,834.7,216.9,44.0,93.99,Peak 92.4% Powertrain Efficiency Domain
LUCID-AIR-1637,16794,896.6,2285.5,85.0,91.42,Stator Micro-Channel Coolant Active
LUCID-AIR-1638,3417,916.6,115.6,38.0,94.35,Peak 92.4% Powertrain Efficiency Domain
LUCID-AIR-1639,16235,821.0,2347.0,77.7,92.22,Peak 92.4% Powertrain Efficiency Domain
LUCID-AIR-1640,15416,843.1,1896.1,80.8,92.34,Peak 92.4% Powertrain Efficiency Domain
LUCID-AIR-1641,9021,913.0,1244.1,61.2,93.15,Peak 92.4% Powertrain Efficiency Domain
LUCID-AIR-1642,10891,900.6,1176.9,67.6,93.46,Peak 92.4% Powertrain Efficiency Domain
LUCID-AIR-1643,5679,824.8,326.9,52.3,94.44,Peak 92.4% Powertrain Efficiency Domain
LUCID-AIR-1644,4015,902.4,225.2,45.8,94.21,Peak 92.4% Powertrain Efficiency Domain
LUCID-AIR-1645,14929,838.2,1707.7,72.8,92.48,Peak 92.4% Powertrain Efficiency Domain
LUCID-AIR-1646,5543,886.5,445.1,49.6,94.21,Peak 92.4% Powertrain Efficiency Domain
LUCID-AIR-1647,5399,834.1,183.3,49.0,94.09,Peak 92.4% Powertrain Efficiency Domain
LUCID-AIR-1648,11688,836.7,1203.9,65.4,93.19,Peak 92.4% Powertrain Efficiency Domain
LUCID-AIR-1649,9134,837.6,1196.8,70.9,92.77,Peak 92.4% Powertrain Efficiency Domain
LUCID-AIR-1650,11504,849.2,1127.8,61.4,93.42,Peak 92.4% Powertrain Efficiency Domain
LUCID-AIR-1651,6922,823.1,813.4,62.6,93.68,Peak 92.4% Powertrain Efficiency Domain
LUCID-AIR-1652,11274,840.4,1368.2,68.2,92.74,Peak 92.4% Powertrain Efficiency Domain
LUCID-AIR-1653,16139,848.1,2205.1,76.8,91.7,Peak 92.4% Powertrain Efficiency Domain
LUCID-AIR-1654,4202,848.1,337.4,47.9,94.05,Peak 92.4% Powertrain Efficiency Domain
LUCID-AIR-1655,15639,871.8,2095.6,76.1,92.79,Peak 92.4% Powertrain Efficiency Domain
LUCID-AIR-1656,5794,865.3,622.1,57.7,93.84,Peak 92.4% Powertrain Efficiency Domain
LUCID-AIR-1657,12987,830.2,1572.7,72.3,92.46,Peak 92.4% Powertrain Efficiency Domain
LUCID-AIR-1658,6673,894.1,570.6,56.9,93.72,Peak 92.4% Powertrain Efficiency Domain
LUCID-AIR-1659,11836,874.4,1454.8,67.6,93.02,Peak 92.4% Powertrain Efficiency Domain
LUCID-AIR-1660,11824,903.2,1178.2,63.8,93.43,Peak 92.4% Powertrain Efficiency Domain
LUCID-AIR-1661,9760,878.3,973.3,64.9,93.45,Peak 92.4% Powertrain Efficiency Domain
LUCID-AIR-1662,10899,900.3,1140.1,61.4,93.3,Peak 92.4% Powertrain Efficiency Domain
LUCID-AIR-1663,13344,902.8,1620.3,72.8,93.14,Peak 92.4% Powertrain Efficiency Domain
LUCID-AIR-1664,7501,887.6,596.7,50.1,93.77,Peak 92.4% Powertrain Efficiency Domain
LUCID-AIR-1665,3606,917.2,235.5,47.5,94.3,Peak 92.4% Powertrain Efficiency Domain
LUCID-AIR-1666,11070,868.5,1405.2,65.8,92.98,Peak 92.4% Powertrain Efficiency Domain
LUCID-AIR-1667,3336,867.9,39.6,50.6,94.5,Peak 92.4% Powertrain Efficiency Domain
LUCID-AIR-1668,19437,856.1,3004.9,91.3,91.0,Stator Micro-Channel Coolant Active
LUCID-AIR-1669,5756,884.9,338.9,52.9,94.06,Peak 92.4% Powertrain Efficiency Domain
LUCID-AIR-1670,8290,913.7,678.5,53.9,94.19,Peak 92.4% Powertrain Efficiency Domain
LUCID-AIR-1671,10126,853.7,1055.7,56.2,93.11,Peak 92.4% Powertrain Efficiency Domain
LUCID-AIR-1672,11973,828.7,1262.9,65.2,92.89,Peak 92.4% Powertrain Efficiency Domain
LUCID-AIR-1673,13513,866.5,1750.7,78.5,92.38,Peak 92.4% Powertrain Efficiency Domain
LUCID-AIR-1674,8941,857.4,724.1,59.0,93.89,Peak 92.4% Powertrain Efficiency Domain
LUCID-AIR-1675,9479,876.1,907.1,64.9,93.82,Peak 92.4% Powertrain Efficiency Domain
LUCID-AIR-1676,2606,904.6,282.1,50.2,94.5,Peak 92.4% Powertrain Efficiency Domain
LUCID-AIR-1677,7479,870.1,487.7,55.1,94.79,Peak 92.4% Powertrain Efficiency Domain
LUCID-AIR-1678,14512,877.3,2078.7,74.1,92.29,Peak 92.4% Powertrain Efficiency Domain
LUCID-AIR-1679,6170,895.0,607.7,59.8,94.49,Peak 92.4% Powertrain Efficiency Domain
LUCID-AIR-1680,19269,847.3,2969.3,89.2,91.37,Stator Micro-Channel Coolant Active
LUCID-AIR-1681,6480,846.8,559.3,54.5,94.67,Peak 92.4% Powertrain Efficiency Domain
LUCID-AIR-1682,4422,856.9,293.9,47.9,94.0,Peak 92.4% Powertrain Efficiency Domain
LUCID-AIR-1683,16622,883.7,2339.6,81.1,91.99,Peak 92.4% Powertrain Efficiency Domain
LUCID-AIR-1684,19618,897.7,3162.0,91.3,91.08,Stator Micro-Channel Coolant Active
LUCID-AIR-1685,8237,870.9,780.9,55.0,93.66,Peak 92.4% Powertrain Efficiency Domain
LUCID-AIR-1686,14958,834.7,1788.1,70.3,93.0,Peak 92.4% Powertrain Efficiency Domain
LUCID-AIR-1687,12872,847.9,1476.1,68.5,92.88,Peak 92.4% Powertrain Efficiency Domain
LUCID-AIR-1688,11601,881.5,1068.2,61.9,93.41,Peak 92.4% Powertrain Efficiency Domain
LUCID-AIR-1689,19094,855.2,3020.8,94.6,91.16,Stator Micro-Channel Coolant Active
LUCID-AIR-1690,13625,920.6,1550.3,73.4,93.02,Peak 92.4% Powertrain Efficiency Domain
LUCID-AIR-1691,16267,906.2,2352.5,75.5,91.47,Peak 92.4% Powertrain Efficiency Domain
LUCID-AIR-1692,11017,844.6,1155.6,64.5,93.19,Peak 92.4% Powertrain Efficiency Domain
LUCID-AIR-1693,12182,904.4,1407.5,67.8,93.31,Peak 92.4% Powertrain Efficiency Domain
LUCID-AIR-1694,5301,905.8,488.0,57.7,94.13,Peak 92.4% Powertrain Efficiency Domain
LUCID-AIR-1695,11754,917.6,1593.7,66.9,93.17,Peak 92.4% Powertrain Efficiency Domain
LUCID-AIR-1696,6034,880.9,349.3,54.5,93.87,Peak 92.4% Powertrain Efficiency Domain
LUCID-AIR-1697,19954,876.4,2933.1,91.1,91.63,Stator Micro-Channel Coolant Active
LUCID-AIR-1698,5971,837.2,406.1,52.2,93.89,Peak 92.4% Powertrain Efficiency Domain
LUCID-AIR-1699,12544,831.2,1323.3,67.3,93.18,Peak 92.4% Powertrain Efficiency Domain
LUCID-AIR-1700,19972,889.1,3039.0,92.7,91.04,Stator Micro-Channel Coolant Active
LUCID-AIR-1701,19832,839.9,3121.5,94.1,91.44,Stator Micro-Channel Coolant Active
LUCID-AIR-1702,3723,870.0,200.8,45.4,93.92,Peak 92.4% Powertrain Efficiency Domain
LUCID-AIR-1703,17132,897.1,2542.2,88.7,92.21,Stator Micro-Channel Coolant Active
LUCID-AIR-1704,10734,895.6,1275.3,66.0,93.13,Peak 92.4% Powertrain Efficiency Domain
LUCID-AIR-1705,5300,919.1,309.6,50.6,93.95,Peak 92.4% Powertrain Efficiency Domain
LUCID-AIR-1706,17771,916.5,2813.8,87.3,91.15,Stator Micro-Channel Coolant Active
LUCID-AIR-1707,7516,921.9,563.5,51.8,93.98,Peak 92.4% Powertrain Efficiency Domain
LUCID-AIR-1708,17505,910.9,2499.1,80.4,91.74,Peak 92.4% Powertrain Efficiency Domain
LUCID-AIR-1709,7445,915.2,583.8,55.1,93.74,Peak 92.4% Powertrain Efficiency Domain
LUCID-AIR-1710,4835,852.8,357.1,52.4,94.15,Peak 92.4% Powertrain Efficiency Domain
LUCID-AIR-1711,16468,833.7,2346.7,78.6,92.03,Peak 92.4% Powertrain Efficiency Domain
LUCID-AIR-1712,6417,832.4,671.4,57.0,93.09,Peak 92.4% Powertrain Efficiency Domain
LUCID-AIR-1713,2746,886.1,-75.9,42.2,94.19,Peak 92.4% Powertrain Efficiency Domain
LUCID-AIR-1714,8568,864.2,874.1,60.6,93.42,Peak 92.4% Powertrain Efficiency Domain
LUCID-AIR-1715,12948,907.2,1452.5,63.1,92.76,Peak 92.4% Powertrain Efficiency Domain
LUCID-AIR-1716,15208,865.1,1857.1,72.7,92.19,Peak 92.4% Powertrain Efficiency Domain
LUCID-AIR-1717,19827,910.9,3084.0,94.3,91.28,Stator Micro-Channel Coolant Active
LUCID-AIR-1718,16159,919.9,2204.9,79.3,92.04,Peak 92.4% Powertrain Efficiency Domain
LUCID-AIR-1719,12168,871.5,1485.9,67.4,92.93,Peak 92.4% Powertrain Efficiency Domain
LUCID-AIR-1720,11206,823.2,1255.2,61.7,93.11,Peak 92.4% Powertrain Efficiency Domain
LUCID-AIR-1721,9315,824.4,913.3,59.5,93.74,Peak 92.4% Powertrain Efficiency Domain
LUCID-AIR-1722,16252,840.8,2483.6,89.2,91.67,Stator Micro-Channel Coolant Active
LUCID-AIR-1723,8613,915.2,457.7,51.1,93.82,Peak 92.4% Powertrain Efficiency Domain
LUCID-AIR-1724,10467,902.7,1339.0,67.2,93.03,Peak 92.4% Powertrain Efficiency Domain
LUCID-AIR-1725,19744,863.9,2987.3,92.3,91.38,Stator Micro-Channel Coolant Active
LUCID-AIR-1726,13242,898.1,1562.4,69.8,92.96,Peak 92.4% Powertrain Efficiency Domain
LUCID-AIR-1727,15501,912.4,2437.2,82.7,92.16,Peak 92.4% Powertrain Efficiency Domain
LUCID-AIR-1728,18003,893.1,2769.7,83.4,91.68,Peak 92.4% Powertrain Efficiency Domain
LUCID-AIR-1729,11143,862.0,1285.2,66.0,92.82,Peak 92.4% Powertrain Efficiency Domain
LUCID-AIR-1730,19822,903.6,3158.5,96.4,90.77,Stator Micro-Channel Coolant Active
LUCID-AIR-1731,17309,914.1,2411.7,83.9,91.73,Peak 92.4% Powertrain Efficiency Domain
LUCID-AIR-1732,6562,892.9,779.1,57.3,93.2,Peak 92.4% Powertrain Efficiency Domain
LUCID-AIR-1733,13641,919.5,1725.1,70.7,91.94,Peak 92.4% Powertrain Efficiency Domain
LUCID-AIR-1734,8337,877.6,610.7,51.0,93.77,Peak 92.4% Powertrain Efficiency Domain
LUCID-AIR-1735,2769,858.2,184.9,48.3,94.01,Peak 92.4% Powertrain Efficiency Domain
LUCID-AIR-1736,14225,921.7,1875.8,78.3,92.16,Peak 92.4% Powertrain Efficiency Domain
LUCID-AIR-1737,13873,877.5,1998.4,79.2,92.54,Peak 92.4% Powertrain Efficiency Domain
LUCID-AIR-1738,8292,904.3,971.9,55.4,93.3,Peak 92.4% Powertrain Efficiency Domain
LUCID-AIR-1739,19306,919.9,3042.8,92.6,90.77,Stator Micro-Channel Coolant Active
LUCID-AIR-1740,7369,829.7,465.5,51.8,93.82,Peak 92.4% Powertrain Efficiency Domain
LUCID-AIR-1741,9871,913.3,1026.8,57.4,93.33,Peak 92.4% Powertrain Efficiency Domain
LUCID-AIR-1742,2866,844.9,89.3,50.1,94.68,Peak 92.4% Powertrain Efficiency Domain
LUCID-AIR-1743,18745,858.3,2857.9,89.0,91.88,Stator Micro-Channel Coolant Active
LUCID-AIR-1744,13895,886.6,2031.0,69.7,91.9,Peak 92.4% Powertrain Efficiency Domain
LUCID-AIR-1745,3841,841.4,41.3,46.6,94.25,Peak 92.4% Powertrain Efficiency Domain
LUCID-AIR-1746,9868,888.0,1310.3,65.4,92.8,Peak 92.4% Powertrain Efficiency Domain
LUCID-AIR-1747,4320,820.7,271.9,47.1,93.86,Peak 92.4% Powertrain Efficiency Domain
LUCID-AIR-1748,3881,908.1,176.1,52.5,94.42,Peak 92.4% Powertrain Efficiency Domain
LUCID-AIR-1749,15759,834.4,2088.3,77.4,92.06,Peak 92.4% Powertrain Efficiency Domain
LUCID-AIR-1750,5259,822.4,220.5,53.6,93.78,Peak 92.4% Powertrain Efficiency Domain
LUCID-AIR-1751,12374,856.3,1731.4,70.8,92.46,Peak 92.4% Powertrain Efficiency Domain
LUCID-AIR-1752,7482,848.3,797.5,54.3,93.15,Peak 92.4% Powertrain Efficiency Domain
LUCID-AIR-1753,12557,849.8,1627.5,71.2,92.63,Peak 92.4% Powertrain Efficiency Domain
LUCID-AIR-1754,19989,906.6,3438.5,100.6,90.81,Stator Micro-Channel Coolant Active
LUCID-AIR-1755,5580,830.3,446.4,45.6,94.33,Peak 92.4% Powertrain Efficiency Domain
LUCID-AIR-1756,6387,898.6,487.3,53.1,94.06,Peak 92.4% Powertrain Efficiency Domain
LUCID-AIR-1757,18078,866.5,2619.5,83.4,91.81,Peak 92.4% Powertrain Efficiency Domain
LUCID-AIR-1758,16160,872.8,2049.9,81.4,91.96,Peak 92.4% Powertrain Efficiency Domain
LUCID-AIR-1759,11598,885.2,1043.4,58.1,92.9,Peak 92.4% Powertrain Efficiency Domain
LUCID-AIR-1760,3409,898.4,232.5,49.4,94.53,Peak 92.4% Powertrain Efficiency Domain
LUCID-AIR-1761,3715,866.7,175.6,47.4,94.25,Peak 92.4% Powertrain Efficiency Domain
LUCID-AIR-1762,9315,879.5,938.3,62.9,93.55,Peak 92.4% Powertrain Efficiency Domain
LUCID-AIR-1763,11957,886.7,1289.3,70.2,93.21,Peak 92.4% Powertrain Efficiency Domain
LUCID-AIR-1764,18753,870.1,2940.3,84.6,90.9,Peak 92.4% Powertrain Efficiency Domain
LUCID-AIR-1765,18460,825.1,3020.0,91.6,91.34,Stator Micro-Channel Coolant Active
LUCID-AIR-1766,18752,857.2,2969.7,87.6,90.42,Stator Micro-Channel Coolant Active
LUCID-AIR-1767,4914,906.2,425.0,49.3,93.92,Peak 92.4% Powertrain Efficiency Domain
LUCID-AIR-1768,14527,858.9,1765.9,72.8,92.58,Peak 92.4% Powertrain Efficiency Domain
LUCID-AIR-1769,3143,873.9,105.9,46.1,94.46,Peak 92.4% Powertrain Efficiency Domain
LUCID-AIR-1770,14094,853.5,1552.5,68.8,92.89,Peak 92.4% Powertrain Efficiency Domain
LUCID-AIR-1771,19913,839.0,3193.1,98.9,91.09,Stator Micro-Channel Coolant Active
LUCID-AIR-1772,19697,923.0,3233.7,99.0,91.67,Stator Micro-Channel Coolant Active
LUCID-AIR-1773,12130,921.0,1469.0,68.8,92.2,Peak 92.4% Powertrain Efficiency Domain
LUCID-AIR-1774,14689,869.2,1784.5,76.6,93.38,Peak 92.4% Powertrain Efficiency Domain
LUCID-AIR-1775,6378,910.8,679.5,58.1,93.91,Peak 92.4% Powertrain Efficiency Domain
LUCID-AIR-1776,2691,822.8,42.6,52.3,94.4,Peak 92.4% Powertrain Efficiency Domain
LUCID-AIR-1777,13102,867.6,1527.6,67.9,92.39,Peak 92.4% Powertrain Efficiency Domain
LUCID-AIR-1778,18284,898.3,2746.8,85.3,91.54,Stator Micro-Channel Coolant Active
LUCID-AIR-1779,9420,834.5,813.7,59.5,93.47,Peak 92.4% Powertrain Efficiency Domain
LUCID-AIR-1780,9215,919.8,933.8,61.0,93.74,Peak 92.4% Powertrain Efficiency Domain
LUCID-AIR-1781,4739,905.8,262.1,49.9,93.78,Peak 92.4% Powertrain Efficiency Domain
LUCID-AIR-1782,8684,898.7,1006.9,66.0,93.54,Peak 92.4% Powertrain Efficiency Domain
LUCID-AIR-1783,19273,900.8,3100.4,93.2,91.28,Stator Micro-Channel Coolant Active
LUCID-AIR-1784,3978,872.7,118.2,49.7,94.35,Peak 92.4% Powertrain Efficiency Domain
LUCID-AIR-1785,6215,877.3,619.3,51.6,93.93,Peak 92.4% Powertrain Efficiency Domain
LUCID-AIR-1786,8065,820.9,981.3,58.5,93.69,Peak 92.4% Powertrain Efficiency Domain
LUCID-AIR-1787,19503,870.9,2998.3,97.5,91.38,Stator Micro-Channel Coolant Active
LUCID-AIR-1788,16954,884.2,2639.0,90.5,92.22,Stator Micro-Channel Coolant Active
LUCID-AIR-1789,9578,906.8,901.1,60.2,93.73,Peak 92.4% Powertrain Efficiency Domain
LUCID-AIR-1790,15042,911.8,1972.0,76.6,91.81,Peak 92.4% Powertrain Efficiency Domain
LUCID-AIR-1791,5869,875.9,482.1,56.4,94.09,Peak 92.4% Powertrain Efficiency Domain
LUCID-AIR-1792,3439,917.4,139.8,45.8,94.25,Peak 92.4% Powertrain Efficiency Domain
LUCID-AIR-1793,17725,826.0,2618.3,88.2,92.09,Stator Micro-Channel Coolant Active
LUCID-AIR-1794,7916,897.2,982.7,61.8,93.37,Peak 92.4% Powertrain Efficiency Domain
LUCID-AIR-1795,16841,873.6,2265.0,81.7,92.08,Peak 92.4% Powertrain Efficiency Domain
LUCID-AIR-1796,11688,882.4,1297.4,68.2,93.15,Peak 92.4% Powertrain Efficiency Domain
LUCID-AIR-1797,2866,908.0,225.2,49.8,93.95,Peak 92.4% Powertrain Efficiency Domain
LUCID-AIR-1798,6569,910.8,202.6,46.6,94.14,Peak 92.4% Powertrain Efficiency Domain
LUCID-AIR-1799,7318,866.0,631.4,61.4,94.52,Peak 92.4% Powertrain Efficiency Domain
LUCID-AIR-1800,4774,918.1,423.0,50.0,94.34,Peak 92.4% Powertrain Efficiency Domain
LUCID-AIR-1801,2832,876.8,8.2,46.4,94.51,Peak 92.4% Powertrain Efficiency Domain
LUCID-AIR-1802,11186,877.7,1227.2,63.9,93.63,Peak 92.4% Powertrain Efficiency Domain
LUCID-AIR-1803,5524,828.4,627.2,63.0,93.41,Peak 92.4% Powertrain Efficiency Domain
LUCID-AIR-1804,7550,897.1,821.0,56.5,93.63,Peak 92.4% Powertrain Efficiency Domain
LUCID-AIR-1805,17314,865.9,2490.9,90.1,91.9,Stator Micro-Channel Coolant Active
LUCID-AIR-1806,2012,836.5,-147.7,43.6,94.76,Peak 92.4% Powertrain Efficiency Domain
LUCID-AIR-1807,12156,869.7,1320.4,65.7,92.98,Peak 92.4% Powertrain Efficiency Domain
LUCID-AIR-1808,7644,863.8,401.3,47.0,93.9,Peak 92.4% Powertrain Efficiency Domain
LUCID-AIR-1809,12345,864.8,1396.0,68.7,93.17,Peak 92.4% Powertrain Efficiency Domain
LUCID-AIR-1810,3967,900.5,308.5,46.9,94.07,Peak 92.4% Powertrain Efficiency Domain
LUCID-AIR-1811,19978,832.4,3200.9,95.0,91.0,Stator Micro-Channel Coolant Active
LUCID-AIR-1812,3192,896.2,-19.0,50.4,94.44,Peak 92.4% Powertrain Efficiency Domain
LUCID-AIR-1813,14385,863.7,1921.7,73.9,92.32,Peak 92.4% Powertrain Efficiency Domain
LUCID-AIR-1814,2282,851.0,-78.4,46.3,94.39,Peak 92.4% Powertrain Efficiency Domain
LUCID-AIR-1815,3030,897.0,243.5,48.7,93.91,Peak 92.4% Powertrain Efficiency Domain
LUCID-AIR-1816,11024,838.0,1190.2,64.3,93.29,Peak 92.4% Powertrain Efficiency Domain
LUCID-AIR-1817,15366,870.6,2371.8,85.9,92.36,Stator Micro-Channel Coolant Active
LUCID-AIR-1818,15770,882.4,2265.4,86.2,91.72,Stator Micro-Channel Coolant Active
LUCID-AIR-1819,13291,880.8,1857.7,70.6,92.63,Peak 92.4% Powertrain Efficiency Domain
LUCID-AIR-1820,4700,918.7,235.3,50.4,94.66,Peak 92.4% Powertrain Efficiency Domain
LUCID-AIR-1821,15075,829.0,1914.8,74.2,92.95,Peak 92.4% Powertrain Efficiency Domain
LUCID-AIR-1822,16166,912.0,2454.0,81.0,91.83,Peak 92.4% Powertrain Efficiency Domain
LUCID-AIR-1823,9387,920.1,1012.9,60.0,93.47,Peak 92.4% Powertrain Efficiency Domain
LUCID-AIR-1824,14893,869.0,1865.9,71.3,92.77,Peak 92.4% Powertrain Efficiency Domain
LUCID-AIR-1825,11853,838.4,1472.0,66.9,92.41,Peak 92.4% Powertrain Efficiency Domain
LUCID-AIR-1826,8567,899.5,695.2,57.9,93.85,Peak 92.4% Powertrain Efficiency Domain
LUCID-AIR-1827,13756,833.6,1815.2,74.8,93.13,Peak 92.4% Powertrain Efficiency Domain
LUCID-AIR-1828,11498,820.6,1187.1,63.6,92.86,Peak 92.4% Powertrain Efficiency Domain
LUCID-AIR-1829,8188,889.0,724.0,57.3,93.5,Peak 92.4% Powertrain Efficiency Domain
LUCID-AIR-1830,3301,914.6,83.1,42.4,94.6,Peak 92.4% Powertrain Efficiency Domain
LUCID-AIR-1831,11206,889.5,1079.6,60.0,93.08,Peak 92.4% Powertrain Efficiency Domain
LUCID-AIR-1832,6585,838.7,756.3,56.5,93.7,Peak 92.4% Powertrain Efficiency Domain
LUCID-AIR-1833,4242,826.0,191.0,48.1,94.54,Peak 92.4% Powertrain Efficiency Domain
LUCID-AIR-1834,7550,899.2,677.9,56.5,93.93,Peak 92.4% Powertrain Efficiency Domain
LUCID-AIR-1835,8476,837.0,906.5,65.9,93.44,Peak 92.4% Powertrain Efficiency Domain
LUCID-AIR-1836,8797,898.9,1121.5,58.7,93.58,Peak 92.4% Powertrain Efficiency Domain
LUCID-AIR-1837,19121,842.6,2884.0,90.2,91.65,Stator Micro-Channel Coolant Active
LUCID-AIR-1838,3737,894.2,134.1,51.2,94.45,Peak 92.4% Powertrain Efficiency Domain
LUCID-AIR-1839,17345,853.2,2631.0,90.0,90.94,Stator Micro-Channel Coolant Active
LUCID-AIR-1840,16952,840.5,2213.8,76.3,92.32,Peak 92.4% Powertrain Efficiency Domain
LUCID-AIR-1841,3418,887.4,430.8,52.3,94.0,Peak 92.4% Powertrain Efficiency Domain
LUCID-AIR-1842,4780,843.7,248.4,55.4,94.15,Peak 92.4% Powertrain Efficiency Domain
LUCID-AIR-1843,14780,835.2,2070.1,77.5,92.2,Peak 92.4% Powertrain Efficiency Domain
LUCID-AIR-1844,11490,909.6,1240.5,64.2,92.96,Peak 92.4% Powertrain Efficiency Domain
LUCID-AIR-1845,11889,853.2,1368.6,66.7,92.66,Peak 92.4% Powertrain Efficiency Domain
LUCID-AIR-1846,17979,820.6,2731.2,93.1,91.63,Stator Micro-Channel Coolant Active
LUCID-AIR-1847,12998,909.2,1474.1,63.5,92.64,Peak 92.4% Powertrain Efficiency Domain
LUCID-AIR-1848,19874,868.6,3079.7,93.5,90.98,Stator Micro-Channel Coolant Active
LUCID-AIR-1849,19604,895.1,3171.2,95.3,91.37,Stator Micro-Channel Coolant Active
LUCID-AIR-1850,4513,849.6,308.2,51.5,94.8,Peak 92.4% Powertrain Efficiency Domain
LUCID-AIR-1851,17731,839.9,2687.4,89.9,92.01,Stator Micro-Channel Coolant Active
LUCID-AIR-1852,11396,858.1,1171.1,67.6,93.11,Peak 92.4% Powertrain Efficiency Domain
LUCID-AIR-1853,8525,844.2,905.0,61.2,93.89,Peak 92.4% Powertrain Efficiency Domain
LUCID-AIR-1854,4458,853.2,213.8,48.0,94.37,Peak 92.4% Powertrain Efficiency Domain
LUCID-AIR-1855,16392,919.4,2538.7,83.1,91.64,Peak 92.4% Powertrain Efficiency Domain
LUCID-AIR-1856,4047,901.3,356.0,50.7,94.25,Peak 92.4% Powertrain Efficiency Domain
LUCID-AIR-1857,4279,822.1,430.9,48.6,94.08,Peak 92.4% Powertrain Efficiency Domain
LUCID-AIR-1858,7665,871.6,760.3,51.5,93.42,Peak 92.4% Powertrain Efficiency Domain
LUCID-AIR-1859,11088,824.6,1336.4,74.7,92.54,Peak 92.4% Powertrain Efficiency Domain
LUCID-AIR-1860,13958,844.8,1776.9,73.6,92.56,Peak 92.4% Powertrain Efficiency Domain
LUCID-AIR-1861,19067,860.1,2827.0,84.2,91.34,Peak 92.4% Powertrain Efficiency Domain
LUCID-AIR-1862,5750,921.3,462.0,50.6,93.46,Peak 92.4% Powertrain Efficiency Domain
LUCID-AIR-1863,7899,918.7,826.6,55.7,93.43,Peak 92.4% Powertrain Efficiency Domain
LUCID-AIR-1864,2994,898.3,261.6,49.5,94.13,Peak 92.4% Powertrain Efficiency Domain
LUCID-AIR-1865,16132,870.6,2283.6,80.9,91.69,Peak 92.4% Powertrain Efficiency Domain
LUCID-AIR-1866,18466,827.7,2671.7,82.7,91.23,Peak 92.4% Powertrain Efficiency Domain
LUCID-AIR-1867,13102,860.4,1318.7,64.8,92.64,Peak 92.4% Powertrain Efficiency Domain
LUCID-AIR-1868,15925,866.1,2344.6,81.9,91.76,Peak 92.4% Powertrain Efficiency Domain
LUCID-AIR-1869,5906,922.2,495.9,50.1,93.91,Peak 92.4% Powertrain Efficiency Domain
LUCID-AIR-1870,13508,844.9,1554.7,68.7,92.56,Peak 92.4% Powertrain Efficiency Domain
LUCID-AIR-1871,12163,918.6,1343.8,68.2,93.55,Peak 92.4% Powertrain Efficiency Domain
LUCID-AIR-1872,9613,915.8,934.0,58.9,93.47,Peak 92.4% Powertrain Efficiency Domain
LUCID-AIR-1873,13506,839.6,1776.7,73.1,92.86,Peak 92.4% Powertrain Efficiency Domain
LUCID-AIR-1874,11984,902.7,1444.8,66.5,93.32,Peak 92.4% Powertrain Efficiency Domain
LUCID-AIR-1875,10214,882.2,823.6,60.9,93.19,Peak 92.4% Powertrain Efficiency Domain
LUCID-AIR-1876,12313,899.0,1672.7,71.2,91.83,Peak 92.4% Powertrain Efficiency Domain
LUCID-AIR-1877,7612,865.7,587.5,55.5,93.58,Peak 92.4% Powertrain Efficiency Domain
LUCID-AIR-1878,6943,923.3,469.6,54.9,93.72,Peak 92.4% Powertrain Efficiency Domain
LUCID-AIR-1879,18880,916.8,2730.7,90.5,91.51,Stator Micro-Channel Coolant Active
LUCID-AIR-1880,16839,902.7,2411.2,83.1,91.78,Peak 92.4% Powertrain Efficiency Domain
LUCID-AIR-1881,18722,880.9,2995.8,95.2,91.22,Stator Micro-Channel Coolant Active
LUCID-AIR-1882,18307,905.2,2890.4,87.7,91.32,Stator Micro-Channel Coolant Active
LUCID-AIR-1883,12898,889.0,1539.4,62.1,93.11,Peak 92.4% Powertrain Efficiency Domain
LUCID-AIR-1884,11991,903.2,1180.7,62.6,93.32,Peak 92.4% Powertrain Efficiency Domain
LUCID-AIR-1885,6947,875.7,342.4,54.7,94.49,Peak 92.4% Powertrain Efficiency Domain
LUCID-AIR-1886,8336,845.0,1058.5,58.9,93.1,Peak 92.4% Powertrain Efficiency Domain
LUCID-AIR-1887,7326,842.7,1035.1,60.4,93.32,Peak 92.4% Powertrain Efficiency Domain
LUCID-AIR-1888,17078,908.8,2418.0,85.4,92.75,Stator Micro-Channel Coolant Active
LUCID-AIR-1889,2898,903.8,230.9,50.6,94.66,Peak 92.4% Powertrain Efficiency Domain
LUCID-AIR-1890,18580,900.1,2944.3,89.6,91.38,Stator Micro-Channel Coolant Active
LUCID-AIR-1891,19929,861.4,3128.9,91.8,91.12,Stator Micro-Channel Coolant Active
LUCID-AIR-1892,9895,917.9,782.5,58.1,94.01,Peak 92.4% Powertrain Efficiency Domain
LUCID-AIR-1893,9819,863.6,821.7,60.7,94.08,Peak 92.4% Powertrain Efficiency Domain
LUCID-AIR-1894,7024,851.8,552.3,51.9,93.88,Peak 92.4% Powertrain Efficiency Domain
LUCID-AIR-1895,11444,842.3,1175.5,61.6,93.07,Peak 92.4% Powertrain Efficiency Domain
LUCID-AIR-1896,8379,902.1,871.6,62.9,93.34,Peak 92.4% Powertrain Efficiency Domain
LUCID-AIR-1897,2104,831.8,-86.6,49.5,94.9,Peak 92.4% Powertrain Efficiency Domain
LUCID-AIR-1898,13856,820.8,1615.9,67.1,92.47,Peak 92.4% Powertrain Efficiency Domain
LUCID-AIR-1899,13858,890.8,1853.6,71.6,92.06,Peak 92.4% Powertrain Efficiency Domain
LUCID-AIR-1900,12784,854.8,1541.7,69.2,93.07,Peak 92.4% Powertrain Efficiency Domain
LUCID-AIR-1901,5286,881.9,65.5,48.8,94.85,Peak 92.4% Powertrain Efficiency Domain
LUCID-AIR-1902,3867,861.4,279.7,50.9,93.91,Peak 92.4% Powertrain Efficiency Domain
LUCID-AIR-1903,4387,847.3,-74.3,40.6,94.53,Peak 92.4% Powertrain Efficiency Domain
LUCID-AIR-1904,3839,884.5,450.6,50.9,94.27,Peak 92.4% Powertrain Efficiency Domain
LUCID-AIR-1905,9148,919.9,1143.4,63.0,93.2,Peak 92.4% Powertrain Efficiency Domain
LUCID-AIR-1906,15052,825.7,2042.4,81.2,92.42,Peak 92.4% Powertrain Efficiency Domain
LUCID-AIR-1907,12795,902.0,1559.7,69.7,92.51,Peak 92.4% Powertrain Efficiency Domain
LUCID-AIR-1908,9486,870.0,854.9,55.7,93.54,Peak 92.4% Powertrain Efficiency Domain
LUCID-AIR-1909,4376,883.7,386.3,48.5,93.94,Peak 92.4% Powertrain Efficiency Domain
LUCID-AIR-1910,13749,895.8,1836.6,70.7,92.48,Peak 92.4% Powertrain Efficiency Domain
LUCID-AIR-1911,5920,829.9,759.4,59.7,93.1,Peak 92.4% Powertrain Efficiency Domain
LUCID-AIR-1912,3467,863.5,427.7,51.5,93.6,Peak 92.4% Powertrain Efficiency Domain
LUCID-AIR-1913,14080,842.2,1913.6,75.7,92.03,Peak 92.4% Powertrain Efficiency Domain
LUCID-AIR-1914,18433,904.4,2745.8,90.7,91.13,Stator Micro-Channel Coolant Active
LUCID-AIR-1915,4945,823.5,230.7,48.8,94.04,Peak 92.4% Powertrain Efficiency Domain
LUCID-AIR-1916,13536,843.0,1963.3,79.0,92.45,Peak 92.4% Powertrain Efficiency Domain
LUCID-AIR-1917,15422,827.6,2111.2,76.5,92.0,Peak 92.4% Powertrain Efficiency Domain
LUCID-AIR-1918,11049,851.3,1449.5,69.6,92.85,Peak 92.4% Powertrain Efficiency Domain
LUCID-AIR-1919,11749,822.6,1507.2,69.5,92.87,Peak 92.4% Powertrain Efficiency Domain
LUCID-AIR-1920,4896,826.2,582.7,56.6,94.2,Peak 92.4% Powertrain Efficiency Domain
LUCID-AIR-1921,17779,836.9,3008.7,93.2,91.17,Stator Micro-Channel Coolant Active
LUCID-AIR-1922,8637,834.9,708.6,58.0,93.7,Peak 92.4% Powertrain Efficiency Domain
LUCID-AIR-1923,18026,828.1,2500.3,85.3,92.09,Stator Micro-Channel Coolant Active
LUCID-AIR-1924,9917,848.3,1096.1,61.0,92.67,Peak 92.4% Powertrain Efficiency Domain
LUCID-AIR-1925,8097,914.0,698.7,56.5,93.46,Peak 92.4% Powertrain Efficiency Domain
LUCID-AIR-1926,17764,827.9,2561.1,89.8,91.03,Stator Micro-Channel Coolant Active
LUCID-AIR-1927,18458,837.6,2782.7,87.3,91.21,Stator Micro-Channel Coolant Active
LUCID-AIR-1928,16385,841.8,2495.7,82.8,92.07,Peak 92.4% Powertrain Efficiency Domain
LUCID-AIR-1929,17055,856.0,2373.5,86.4,92.22,Stator Micro-Channel Coolant Active
LUCID-AIR-1930,7393,872.2,415.7,56.4,94.15,Peak 92.4% Powertrain Efficiency Domain
LUCID-AIR-1931,3436,835.8,280.5,45.4,93.9,Peak 92.4% Powertrain Efficiency Domain
LUCID-AIR-1932,18291,843.0,2976.5,92.1,91.37,Stator Micro-Channel Coolant Active
LUCID-AIR-1933,4695,894.1,405.9,48.4,93.83,Peak 92.4% Powertrain Efficiency Domain
LUCID-AIR-1934,8187,860.0,1232.5,65.5,93.25,Peak 92.4% Powertrain Efficiency Domain
LUCID-AIR-1935,9332,850.5,1240.4,67.0,93.5,Peak 92.4% Powertrain Efficiency Domain
LUCID-AIR-1936,19899,909.2,3245.3,96.1,91.09,Stator Micro-Channel Coolant Active
LUCID-AIR-1937,17486,853.3,2491.8,82.4,91.85,Peak 92.4% Powertrain Efficiency Domain
LUCID-AIR-1938,11270,917.0,1297.9,67.0,92.9,Peak 92.4% Powertrain Efficiency Domain
LUCID-AIR-1939,6951,910.5,569.9,50.0,93.73,Peak 92.4% Powertrain Efficiency Domain
LUCID-AIR-1940,14635,876.1,1891.7,74.0,92.61,Peak 92.4% Powertrain Efficiency Domain
LUCID-AIR-1941,5316,851.8,408.7,47.1,94.45,Peak 92.4% Powertrain Efficiency Domain
LUCID-AIR-1942,17744,828.7,2489.4,83.6,91.82,Peak 92.4% Powertrain Efficiency Domain
LUCID-AIR-1943,18075,882.9,2789.5,79.9,91.8,Peak 92.4% Powertrain Efficiency Domain
LUCID-AIR-1944,3957,823.9,310.2,52.2,94.14,Peak 92.4% Powertrain Efficiency Domain
LUCID-AIR-1945,5617,856.1,231.9,52.5,94.35,Peak 92.4% Powertrain Efficiency Domain
LUCID-AIR-1946,15155,831.6,1972.0,83.6,92.2,Peak 92.4% Powertrain Efficiency Domain
LUCID-AIR-1947,17685,832.8,2444.2,83.5,92.34,Peak 92.4% Powertrain Efficiency Domain
LUCID-AIR-1948,2642,848.8,374.6,48.1,94.26,Peak 92.4% Powertrain Efficiency Domain
LUCID-AIR-1949,11450,846.4,1466.6,69.0,93.24,Peak 92.4% Powertrain Efficiency Domain
LUCID-AIR-1950,8576,824.1,983.6,58.8,93.18,Peak 92.4% Powertrain Efficiency Domain
LUCID-AIR-1951,17006,893.8,2443.3,84.7,91.64,Peak 92.4% Powertrain Efficiency Domain
LUCID-AIR-1952,16992,856.6,2337.6,81.9,91.91,Peak 92.4% Powertrain Efficiency Domain
LUCID-AIR-1953,17659,900.3,2761.9,87.5,91.67,Stator Micro-Channel Coolant Active
LUCID-AIR-1954,16468,858.1,2177.8,79.6,91.81,Peak 92.4% Powertrain Efficiency Domain
LUCID-AIR-1955,15769,820.5,2237.9,81.9,91.82,Peak 92.4% Powertrain Efficiency Domain
LUCID-AIR-1956,4928,853.7,250.6,50.6,94.22,Peak 92.4% Powertrain Efficiency Domain
LUCID-AIR-1957,3813,908.1,184.4,49.5,94.02,Peak 92.4% Powertrain Efficiency Domain
LUCID-AIR-1958,10596,863.5,806.2,58.8,93.81,Peak 92.4% Powertrain Efficiency Domain
LUCID-AIR-1959,8640,915.4,476.8,52.2,93.62,Peak 92.4% Powertrain Efficiency Domain
LUCID-AIR-1960,6572,882.4,607.8,54.9,93.89,Peak 92.4% Powertrain Efficiency Domain
LUCID-AIR-1961,6902,860.5,599.6,56.6,93.83,Peak 92.4% Powertrain Efficiency Domain
LUCID-AIR-1962,2804,865.7,397.3,41.3,93.87,Peak 92.4% Powertrain Efficiency Domain
LUCID-AIR-1963,5038,898.5,273.4,44.4,94.14,Peak 92.4% Powertrain Efficiency Domain
LUCID-AIR-1964,3987,908.2,69.5,43.0,94.36,Peak 92.4% Powertrain Efficiency Domain
LUCID-AIR-1965,13638,873.7,1685.9,72.3,92.59,Peak 92.4% Powertrain Efficiency Domain
LUCID-AIR-1966,11592,884.9,1476.6,69.2,93.06,Peak 92.4% Powertrain Efficiency Domain
LUCID-AIR-1967,5131,908.8,284.4,51.6,94.17,Peak 92.4% Powertrain Efficiency Domain
LUCID-AIR-1968,10098,882.3,966.3,56.3,93.63,Peak 92.4% Powertrain Efficiency Domain
LUCID-AIR-1969,13095,831.7,1651.6,68.7,92.54,Peak 92.4% Powertrain Efficiency Domain
LUCID-AIR-1970,12300,914.2,1592.1,60.8,93.18,Peak 92.4% Powertrain Efficiency Domain
LUCID-AIR-1971,17869,823.8,2498.9,85.0,91.63,Stator Micro-Channel Coolant Active
LUCID-AIR-1972,16271,896.9,2342.3,84.3,91.61,Peak 92.4% Powertrain Efficiency Domain
LUCID-AIR-1973,19178,902.9,3058.8,96.2,91.05,Stator Micro-Channel Coolant Active
LUCID-AIR-1974,6357,895.4,673.2,51.2,93.54,Peak 92.4% Powertrain Efficiency Domain
LUCID-AIR-1975,9184,867.2,934.4,61.6,93.26,Peak 92.4% Powertrain Efficiency Domain
LUCID-AIR-1976,2379,844.8,188.2,50.1,94.01,Peak 92.4% Powertrain Efficiency Domain
LUCID-AIR-1977,12922,874.9,1747.7,72.2,92.33,Peak 92.4% Powertrain Efficiency Domain
LUCID-AIR-1978,2756,922.2,73.0,52.4,94.89,Peak 92.4% Powertrain Efficiency Domain
LUCID-AIR-1979,4321,864.6,325.4,52.2,93.79,Peak 92.4% Powertrain Efficiency Domain
LUCID-AIR-1980,2265,840.8,226.6,47.1,94.39,Peak 92.4% Powertrain Efficiency Domain
LUCID-AIR-1981,3610,882.1,352.0,54.3,93.54,Peak 92.4% Powertrain Efficiency Domain
LUCID-AIR-1982,14399,854.4,2010.6,76.6,92.22,Peak 92.4% Powertrain Efficiency Domain
LUCID-AIR-1983,11497,902.4,1496.2,69.8,93.15,Peak 92.4% Powertrain Efficiency Domain
LUCID-AIR-1984,6753,909.3,729.6,59.5,93.27,Peak 92.4% Powertrain Efficiency Domain
LUCID-AIR-1985,16835,871.9,2651.4,88.5,91.9,Stator Micro-Channel Coolant Active
LUCID-AIR-1986,16033,869.0,2563.1,85.4,92.3,Stator Micro-Channel Coolant Active
LUCID-AIR-1987,16938,837.5,2422.1,81.4,91.89,Peak 92.4% Powertrain Efficiency Domain
LUCID-AIR-1988,15629,855.4,2226.5,80.8,92.62,Peak 92.4% Powertrain Efficiency Domain
LUCID-AIR-1989,5464,903.2,465.2,48.4,94.05,Peak 92.4% Powertrain Efficiency Domain
LUCID-AIR-1990,6506,862.1,430.6,52.1,93.73,Peak 92.4% Powertrain Efficiency Domain
LUCID-AIR-1991,8005,887.4,595.7,47.7,93.82,Peak 92.4% Powertrain Efficiency Domain
LUCID-AIR-1992,18451,853.8,2859.6,90.6,91.32,Stator Micro-Channel Coolant Active
LUCID-AIR-1993,11295,873.3,1388.9,66.9,92.65,Peak 92.4% Powertrain Efficiency Domain
LUCID-AIR-1994,12976,918.6,1315.9,63.8,93.17,Peak 92.4% Powertrain Efficiency Domain
LUCID-AIR-1995,14654,868.3,2194.5,80.0,92.01,Peak 92.4% Powertrain Efficiency Domain
LUCID-AIR-1996,14061,891.9,2000.1,76.1,92.39,Peak 92.4% Powertrain Efficiency Domain
LUCID-AIR-1997,18381,896.0,2979.4,89.7,90.71,Stator Micro-Channel Coolant Active
LUCID-AIR-1998,15318,826.2,2097.6,82.0,92.07,Peak 92.4% Powertrain Efficiency Domain
LUCID-AIR-1999,19645,889.6,3206.0,100.3,91.61,Stator Micro-Channel Coolant Active
LUCID-AIR-2000,9728,917.8,1196.8,61.5,93.36,Peak 92.4% Powertrain Efficiency Domain
LUCID-AIR-2001,4960,854.9,173.5,50.7,94.29,Peak 92.4% Powertrain Efficiency Domain
LUCID-AIR-2002,12011,863.9,1187.4,64.8,93.85,Peak 92.4% Powertrain Efficiency Domain
LUCID-AIR-2003,4352,916.7,204.0,48.7,94.26,Peak 92.4% Powertrain Efficiency Domain
LUCID-AIR-2004,9970,836.7,1036.3,58.2,93.87,Peak 92.4% Powertrain Efficiency Domain
LUCID-AIR-2005,8774,836.1,689.6,53.7,93.62,Peak 92.4% Powertrain Efficiency Domain
LUCID-AIR-2006,11635,862.1,1455.8,73.8,93.01,Peak 92.4% Powertrain Efficiency Domain
LUCID-AIR-2007,3022,861.3,571.1,48.4,93.91,Peak 92.4% Powertrain Efficiency Domain
LUCID-AIR-2008,5961,846.6,312.8,47.6,94.05,Peak 92.4% Powertrain Efficiency Domain
LUCID-AIR-2009,6848,840.2,481.1,54.7,94.06,Peak 92.4% Powertrain Efficiency Domain
LUCID-AIR-2010,14285,856.3,1958.0,79.9,91.83,Peak 92.4% Powertrain Efficiency Domain
LUCID-AIR-2011,14597,860.8,1912.7,74.9,92.32,Peak 92.4% Powertrain Efficiency Domain
LUCID-AIR-2012,13611,898.5,1610.6,67.0,92.91,Peak 92.4% Powertrain Efficiency Domain
LUCID-AIR-2013,17400,866.7,2732.0,88.7,91.11,Stator Micro-Channel Coolant Active
LUCID-AIR-2014,14662,921.8,2054.0,79.2,92.07,Peak 92.4% Powertrain Efficiency Domain
LUCID-AIR-2015,5983,831.4,571.0,58.3,93.54,Peak 92.4% Powertrain Efficiency Domain
LUCID-AIR-2016,2892,828.1,210.1,44.7,94.38,Peak 92.4% Powertrain Efficiency Domain
LUCID-AIR-2017,13640,873.7,1597.3,72.5,92.77,Peak 92.4% Powertrain Efficiency Domain
LUCID-AIR-2018,15152,882.4,2028.2,77.1,92.29,Peak 92.4% Powertrain Efficiency Domain
LUCID-AIR-2019,3483,887.4,234.3,48.0,94.21,Peak 92.4% Powertrain Efficiency Domain
LUCID-AIR-2020,11447,884.6,1461.6,67.8,92.92,Peak 92.4% Powertrain Efficiency Domain
LUCID-AIR-2021,2457,829.4,6.2,47.3,94.98,Peak 92.4% Powertrain Efficiency Domain
LUCID-AIR-2022,8542,893.8,812.0,53.9,93.93,Peak 92.4% Powertrain Efficiency Domain
LUCID-AIR-2023,19085,918.5,3073.7,92.3,91.01,Stator Micro-Channel Coolant Active
LUCID-AIR-2024,18537,834.7,2742.6,83.1,91.42,Peak 92.4% Powertrain Efficiency Domain
LUCID-AIR-2025,10455,877.5,1411.7,71.8,92.85,Peak 92.4% Powertrain Efficiency Domain
LUCID-AIR-2026,2309,854.8,41.3,47.1,93.98,Peak 92.4% Powertrain Efficiency Domain
LUCID-AIR-2027,12147,899.2,1459.9,73.3,93.24,Peak 92.4% Powertrain Efficiency Domain
LUCID-AIR-2028,4091,860.3,518.1,54.8,94.05,Peak 92.4% Powertrain Efficiency Domain
LUCID-AIR-2029,12806,827.7,1531.5,65.9,92.81,Peak 92.4% Powertrain Efficiency Domain
LUCID-AIR-2030,8901,920.9,794.2,56.6,93.98,Peak 92.4% Powertrain Efficiency Domain
LUCID-AIR-2031,9162,899.2,743.5,56.9,93.49,Peak 92.4% Powertrain Efficiency Domain
LUCID-AIR-2032,7444,859.6,611.8,54.0,94.45,Peak 92.4% Powertrain Efficiency Domain
LUCID-AIR-2033,5172,880.8,244.8,51.5,94.21,Peak 92.4% Powertrain Efficiency Domain
LUCID-AIR-2034,10645,899.9,1176.3,64.3,93.09,Peak 92.4% Powertrain Efficiency Domain
LUCID-AIR-2035,9211,833.4,1118.4,65.9,93.58,Peak 92.4% Powertrain Efficiency Domain
LUCID-AIR-2036,14669,838.8,2034.2,78.2,92.24,Peak 92.4% Powertrain Efficiency Domain
LUCID-AIR-2037,8388,866.4,904.1,63.9,93.59,Peak 92.4% Powertrain Efficiency Domain
LUCID-AIR-2038,2739,823.5,111.4,55.8,94.01,Peak 92.4% Powertrain Efficiency Domain
LUCID-AIR-2039,7215,858.2,714.8,55.8,92.92,Peak 92.4% Powertrain Efficiency Domain
LUCID-AIR-2040,9157,911.0,1103.8,62.7,93.33,Peak 92.4% Powertrain Efficiency Domain
LUCID-AIR-2041,19684,879.6,3146.3,92.4,91.16,Stator Micro-Channel Coolant Active
LUCID-AIR-2042,11852,896.9,1539.1,71.8,92.87,Peak 92.4% Powertrain Efficiency Domain
LUCID-AIR-2043,14669,836.9,2065.1,74.1,92.06,Peak 92.4% Powertrain Efficiency Domain
LUCID-AIR-2044,10801,837.3,1249.5,62.7,92.75,Peak 92.4% Powertrain Efficiency Domain
LUCID-AIR-2045,12049,894.3,1213.6,67.8,93.51,Peak 92.4% Powertrain Efficiency Domain
LUCID-AIR-2046,11516,914.5,1475.0,73.2,92.7,Peak 92.4% Powertrain Efficiency Domain
LUCID-AIR-2047,11750,841.6,1481.0,67.2,92.96,Peak 92.4% Powertrain Efficiency Domain
LUCID-AIR-2048,4456,916.9,288.9,47.7,94.99,Peak 92.4% Powertrain Efficiency Domain
LUCID-AIR-2049,19824,877.8,3084.6,91.1,91.17,Stator Micro-Channel Coolant Active
LUCID-AIR-2050,8008,910.8,817.4,54.0,93.47,Peak 92.4% Powertrain Efficiency Domain
LUCID-AIR-2051,6156,918.7,546.9,51.2,93.86,Peak 92.4% Powertrain Efficiency Domain
LUCID-AIR-2052,5968,917.5,405.0,51.1,94.01,Peak 92.4% Powertrain Efficiency Domain
LUCID-AIR-2053,16187,886.8,2391.1,79.9,91.58,Peak 92.4% Powertrain Efficiency Domain
LUCID-AIR-2054,5685,831.2,330.4,48.3,94.66,Peak 92.4% Powertrain Efficiency Domain
LUCID-AIR-2055,2640,883.3,-44.6,41.2,94.39,Peak 92.4% Powertrain Efficiency Domain
LUCID-AIR-2056,7622,823.7,725.1,50.8,93.78,Peak 92.4% Powertrain Efficiency Domain
LUCID-AIR-2057,15804,887.6,2309.0,85.0,92.22,Peak 92.4% Powertrain Efficiency Domain
LUCID-AIR-2058,19070,878.7,2791.9,88.7,91.69,Stator Micro-Channel Coolant Active
LUCID-AIR-2059,7886,854.1,897.6,61.9,93.35,Peak 92.4% Powertrain Efficiency Domain
LUCID-AIR-2060,15636,856.9,2090.0,77.7,92.76,Peak 92.4% Powertrain Efficiency Domain
LUCID-AIR-2061,19588,836.9,3236.6,94.6,90.79,Stator Micro-Channel Coolant Active
LUCID-AIR-2062,6459,899.9,511.1,49.6,94.77,Peak 92.4% Powertrain Efficiency Domain
LUCID-AIR-2063,13888,835.1,1598.7,69.5,93.39,Peak 92.4% Powertrain Efficiency Domain
LUCID-AIR-2064,6367,850.3,605.2,57.5,94.46,Peak 92.4% Powertrain Efficiency Domain
LUCID-AIR-2065,16151,876.8,2460.0,82.3,91.98,Peak 92.4% Powertrain Efficiency Domain
LUCID-AIR-2066,19199,850.6,2992.4,92.9,91.14,Stator Micro-Channel Coolant Active
LUCID-AIR-2067,11475,862.5,1191.5,67.9,92.85,Peak 92.4% Powertrain Efficiency Domain
LUCID-AIR-2068,9095,897.8,1161.7,63.4,93.04,Peak 92.4% Powertrain Efficiency Domain
LUCID-AIR-2069,13449,903.7,1552.1,69.2,92.72,Peak 92.4% Powertrain Efficiency Domain
LUCID-AIR-2070,4616,843.9,241.8,46.3,94.42,Peak 92.4% Powertrain Efficiency Domain
LUCID-AIR-2071,8186,862.6,940.9,64.9,93.54,Peak 92.4% Powertrain Efficiency Domain
LUCID-AIR-2072,6819,905.6,752.7,51.1,93.84,Peak 92.4% Powertrain Efficiency Domain
LUCID-AIR-2073,11642,832.3,1338.2,68.5,93.33,Peak 92.4% Powertrain Efficiency Domain
LUCID-AIR-2074,5803,906.2,383.6,53.5,94.08,Peak 92.4% Powertrain Efficiency Domain
LUCID-AIR-2075,3018,839.6,375.6,46.3,94.21,Peak 92.4% Powertrain Efficiency Domain
LUCID-AIR-2076,18007,847.2,2641.5,83.4,91.15,Peak 92.4% Powertrain Efficiency Domain
LUCID-AIR-2077,9395,836.6,1128.2,63.3,93.45,Peak 92.4% Powertrain Efficiency Domain
LUCID-AIR-2078,19446,907.5,2958.5,94.4,91.02,Stator Micro-Channel Coolant Active
LUCID-AIR-2079,16903,844.1,2396.6,83.9,92.0,Peak 92.4% Powertrain Efficiency Domain
LUCID-AIR-2080,14910,910.1,1783.3,72.6,92.11,Peak 92.4% Powertrain Efficiency Domain
LUCID-AIR-2081,16036,896.3,2205.4,80.9,92.38,Peak 92.4% Powertrain Efficiency Domain
LUCID-AIR-2082,7057,854.3,347.5,56.2,93.78,Peak 92.4% Powertrain Efficiency Domain
LUCID-AIR-2083,8854,852.6,1125.0,58.2,93.08,Peak 92.4% Powertrain Efficiency Domain
LUCID-AIR-2084,18757,848.7,2757.7,84.9,91.32,Peak 92.4% Powertrain Efficiency Domain
LUCID-AIR-2085,19856,839.3,2967.1,89.2,91.16,Stator Micro-Channel Coolant Active
LUCID-AIR-2086,14073,868.0,2010.8,76.8,92.42,Peak 92.4% Powertrain Efficiency Domain
LUCID-AIR-2087,10918,913.7,1591.5,71.7,92.54,Peak 92.4% Powertrain Efficiency Domain
LUCID-AIR-2088,18044,848.1,2992.5,94.0,91.01,Stator Micro-Channel Coolant Active
LUCID-AIR-2089,10186,911.3,977.7,61.1,93.39,Peak 92.4% Powertrain Efficiency Domain
LUCID-AIR-2090,8344,842.9,711.9,59.1,94.13,Peak 92.4% Powertrain Efficiency Domain
LUCID-AIR-2091,19159,903.4,3004.0,92.0,90.97,Stator Micro-Channel Coolant Active
LUCID-AIR-2092,15269,839.5,1986.2,75.7,92.74,Peak 92.4% Powertrain Efficiency Domain
LUCID-AIR-2093,9845,839.5,1266.6,61.5,92.8,Peak 92.4% Powertrain Efficiency Domain
LUCID-AIR-2094,13780,891.1,1690.5,70.2,92.18,Peak 92.4% Powertrain Efficiency Domain
LUCID-AIR-2095,19739,848.3,3292.1,93.8,90.84,Stator Micro-Channel Coolant Active
LUCID-AIR-2096,6039,846.7,864.7,59.6,93.3,Peak 92.4% Powertrain Efficiency Domain
LUCID-AIR-2097,18631,910.6,2820.6,91.2,91.16,Stator Micro-Channel Coolant Active
LUCID-AIR-2098,6125,914.1,648.9,53.3,93.15,Peak 92.4% Powertrain Efficiency Domain
LUCID-AIR-2099,5007,837.4,343.3,51.6,94.22,Peak 92.4% Powertrain Efficiency Domain
LUCID-AIR-2100,17431,915.0,2525.3,91.7,91.78,Stator Micro-Channel Coolant Active
LUCID-AIR-2101,8617,914.2,960.0,65.6,93.62,Peak 92.4% Powertrain Efficiency Domain
LUCID-AIR-2102,14117,895.7,2076.2,77.8,92.45,Peak 92.4% Powertrain Efficiency Domain
LUCID-AIR-2103,10976,869.2,1355.9,70.3,92.79,Peak 92.4% Powertrain Efficiency Domain
LUCID-AIR-2104,6594,850.6,734.1,60.2,93.48,Peak 92.4% Powertrain Efficiency Domain
LUCID-AIR-2105,13482,879.4,1673.8,72.9,92.78,Peak 92.4% Powertrain Efficiency Domain
LUCID-AIR-2106,4229,891.4,239.6,45.0,93.85,Peak 92.4% Powertrain Efficiency Domain
LUCID-AIR-2107,14507,878.7,1997.9,83.9,92.66,Peak 92.4% Powertrain Efficiency Domain
LUCID-AIR-2108,8168,846.3,470.8,51.9,93.62,Peak 92.4% Powertrain Efficiency Domain
LUCID-AIR-2109,14667,849.1,1738.5,75.5,92.69,Peak 92.4% Powertrain Efficiency Domain
LUCID-AIR-2110,10167,909.9,1072.8,59.7,93.57,Peak 92.4% Powertrain Efficiency Domain
LUCID-AIR-2111,3611,847.4,330.4,49.0,94.03,Peak 92.4% Powertrain Efficiency Domain
LUCID-AIR-2112,9752,885.6,892.5,62.8,93.78,Peak 92.4% Powertrain Efficiency Domain
LUCID-AIR-2113,10580,862.9,1272.6,67.6,92.84,Peak 92.4% Powertrain Efficiency Domain
LUCID-AIR-2114,5946,882.9,498.2,56.6,94.08,Peak 92.4% Powertrain Efficiency Domain
LUCID-AIR-2115,14423,866.0,1601.9,67.0,93.07,Peak 92.4% Powertrain Efficiency Domain
LUCID-AIR-2116,19710,918.8,3185.7,97.6,91.27,Stator Micro-Channel Coolant Active
LUCID-AIR-2117,2146,845.1,26.0,50.3,94.03,Peak 92.4% Powertrain Efficiency Domain
LUCID-AIR-2118,8328,919.9,804.9,59.5,93.07,Peak 92.4% Powertrain Efficiency Domain
LUCID-AIR-2119,16786,861.9,2299.2,81.9,92.4,Peak 92.4% Powertrain Efficiency Domain
LUCID-AIR-2120,8749,879.3,705.4,55.6,93.97,Peak 92.4% Powertrain Efficiency Domain
LUCID-AIR-2121,19652,870.6,3146.1,100.2,90.89,Stator Micro-Channel Coolant Active
LUCID-AIR-2122,11185,923.9,1288.4,64.1,93.01,Peak 92.4% Powertrain Efficiency Domain
LUCID-AIR-2123,2611,865.4,310.1,48.8,93.86,Peak 92.4% Powertrain Efficiency Domain
LUCID-AIR-2124,11308,824.6,1121.4,62.6,93.92,Peak 92.4% Powertrain Efficiency Domain
LUCID-AIR-2125,18972,917.8,2938.8,95.3,91.06,Stator Micro-Channel Coolant Active
LUCID-AIR-2126,19927,905.1,3285.3,95.9,91.03,Stator Micro-Channel Coolant Active
LUCID-AIR-2127,4665,890.6,322.6,54.4,94.02,Peak 92.4% Powertrain Efficiency Domain
LUCID-AIR-2128,3564,832.5,190.7,50.1,94.82,Peak 92.4% Powertrain Efficiency Domain
LUCID-AIR-2129,18475,918.3,2736.6,91.2,91.18,Stator Micro-Channel Coolant Active
LUCID-AIR-2130,16987,886.5,2465.7,83.1,91.43,Peak 92.4% Powertrain Efficiency Domain
LUCID-AIR-2131,6371,835.1,536.6,52.9,93.79,Peak 92.4% Powertrain Efficiency Domain
LUCID-AIR-2132,3644,841.2,100.6,50.0,94.26,Peak 92.4% Powertrain Efficiency Domain
LUCID-AIR-2133,7989,901.8,571.8,55.1,93.23,Peak 92.4% Powertrain Efficiency Domain
LUCID-AIR-2134,17546,887.7,2888.9,93.7,91.37,Stator Micro-Channel Coolant Active
LUCID-AIR-2135,2925,921.3,190.9,48.2,94.54,Peak 92.4% Powertrain Efficiency Domain
LUCID-AIR-2136,11894,855.7,1373.7,66.1,92.96,Peak 92.4% Powertrain Efficiency Domain
LUCID-AIR-2137,7614,856.4,875.7,53.4,93.87,Peak 92.4% Powertrain Efficiency Domain
LUCID-AIR-2138,17701,872.4,2553.2,84.6,91.6,Peak 92.4% Powertrain Efficiency Domain
LUCID-AIR-2139,8961,879.6,867.9,60.7,93.79,Peak 92.4% Powertrain Efficiency Domain
LUCID-AIR-2140,8773,885.9,1085.3,63.6,93.07,Peak 92.4% Powertrain Efficiency Domain
LUCID-AIR-2141,13561,821.5,1640.7,64.4,92.95,Peak 92.4% Powertrain Efficiency Domain
LUCID-AIR-2142,15040,847.4,2251.8,75.5,92.13,Peak 92.4% Powertrain Efficiency Domain
LUCID-AIR-2143,17020,909.2,2410.0,77.7,91.92,Peak 92.4% Powertrain Efficiency Domain
LUCID-AIR-2144,17881,863.0,2809.8,90.7,91.71,Stator Micro-Channel Coolant Active
LUCID-AIR-2145,9908,837.9,1044.9,63.3,92.83,Peak 92.4% Powertrain Efficiency Domain
LUCID-AIR-2146,16908,867.3,2277.4,83.6,92.4,Peak 92.4% Powertrain Efficiency Domain
LUCID-AIR-2147,17561,889.2,2659.1,84.0,92.02,Peak 92.4% Powertrain Efficiency Domain
LUCID-AIR-2148,18356,828.8,2869.5,93.3,91.39,Stator Micro-Channel Coolant Active
LUCID-AIR-2149,9634,894.0,1127.8,59.8,93.07,Peak 92.4% Powertrain Efficiency Domain
LUCID-AIR-2150,10963,884.1,1097.8,61.5,93.35,Peak 92.4% Powertrain Efficiency Domain
LUCID-AIR-2151,2684,823.6,-9.1,45.5,94.73,Peak 92.4% Powertrain Efficiency Domain
LUCID-AIR-2152,18696,858.0,2797.1,85.2,91.71,Stator Micro-Channel Coolant Active
LUCID-AIR-2153,5021,841.3,306.9,54.5,94.49,Peak 92.4% Powertrain Efficiency Domain
LUCID-AIR-2154,16753,860.3,2618.9,90.4,91.2,Stator Micro-Channel Coolant Active
LUCID-AIR-2155,5313,880.1,464.8,51.8,93.51,Peak 92.4% Powertrain Efficiency Domain
LUCID-AIR-2156,12385,916.0,1541.2,67.7,93.13,Peak 92.4% Powertrain Efficiency Domain
LUCID-AIR-2157,16471,832.8,2465.4,83.7,91.88,Peak 92.4% Powertrain Efficiency Domain
LUCID-AIR-2158,8441,857.9,867.6,64.4,94.08,Peak 92.4% Powertrain Efficiency Domain
LUCID-AIR-2159,19307,912.5,3126.7,88.5,90.84,Stator Micro-Channel Coolant Active
LUCID-AIR-2160,15389,871.2,2097.2,87.3,92.44,Stator Micro-Channel Coolant Active
LUCID-AIR-2161,15049,910.3,2089.1,76.4,92.33,Peak 92.4% Powertrain Efficiency Domain
LUCID-AIR-2162,14736,824.9,1880.9,76.2,92.33,Peak 92.4% Powertrain Efficiency Domain
LUCID-AIR-2163,5957,871.0,283.2,45.5,94.31,Peak 92.4% Powertrain Efficiency Domain
LUCID-AIR-2164,17658,909.0,2571.8,83.7,91.84,Peak 92.4% Powertrain Efficiency Domain
LUCID-AIR-2165,11323,825.3,1077.6,60.5,93.5,Peak 92.4% Powertrain Efficiency Domain
LUCID-AIR-2166,15547,886.2,2086.8,72.3,92.73,Peak 92.4% Powertrain Efficiency Domain
LUCID-AIR-2167,13363,912.8,1643.4,74.2,92.26,Peak 92.4% Powertrain Efficiency Domain
LUCID-AIR-2168,3846,835.0,243.4,52.3,94.14,Peak 92.4% Powertrain Efficiency Domain
LUCID-AIR-2169,6794,850.9,788.9,55.9,94.02,Peak 92.4% Powertrain Efficiency Domain
LUCID-AIR-2170,16695,847.8,2452.4,84.8,91.81,Peak 92.4% Powertrain Efficiency Domain
LUCID-AIR-2171,11308,907.2,1329.4,66.0,93.33,Peak 92.4% Powertrain Efficiency Domain
LUCID-AIR-2172,2099,901.2,2.5,42.3,94.72,Peak 92.4% Powertrain Efficiency Domain
LUCID-AIR-2173,17647,907.8,2499.8,86.4,91.51,Stator Micro-Channel Coolant Active
LUCID-AIR-2174,6269,866.9,533.0,55.0,93.15,Peak 92.4% Powertrain Efficiency Domain
LUCID-AIR-2175,4559,831.4,197.0,48.4,93.9,Peak 92.4% Powertrain Efficiency Domain
LUCID-AIR-2176,17874,855.6,2540.0,87.7,92.25,Stator Micro-Channel Coolant Active
LUCID-AIR-2177,10774,895.6,1339.6,67.5,93.02,Peak 92.4% Powertrain Efficiency Domain
LUCID-AIR-2178,16257,905.0,2478.5,85.7,92.09,Stator Micro-Channel Coolant Active
LUCID-AIR-2179,6890,897.4,700.7,61.0,93.82,Peak 92.4% Powertrain Efficiency Domain
LUCID-AIR-2180,10085,861.1,1020.1,64.3,94.23,Peak 92.4% Powertrain Efficiency Domain
LUCID-AIR-2181,6960,869.2,758.6,56.2,93.16,Peak 92.4% Powertrain Efficiency Domain
LUCID-AIR-2182,7278,842.4,383.9,51.9,93.73,Peak 92.4% Powertrain Efficiency Domain
LUCID-AIR-2183,4134,837.8,270.5,48.5,94.09,Peak 92.4% Powertrain Efficiency Domain
LUCID-AIR-2184,11486,916.7,1260.6,67.3,92.67,Peak 92.4% Powertrain Efficiency Domain
LUCID-AIR-2185,16156,887.1,2419.2,79.0,92.27,Peak 92.4% Powertrain Efficiency Domain
LUCID-AIR-2186,6619,865.1,743.8,51.2,93.66,Peak 92.4% Powertrain Efficiency Domain
LUCID-AIR-2187,13637,867.9,1847.6,75.0,92.87,Peak 92.4% Powertrain Efficiency Domain
LUCID-AIR-2188,11126,896.0,1322.2,67.8,93.08,Peak 92.4% Powertrain Efficiency Domain
LUCID-AIR-2189,4618,870.9,191.9,44.4,94.52,Peak 92.4% Powertrain Efficiency Domain
LUCID-AIR-2190,4108,849.2,208.0,48.7,94.28,Peak 92.4% Powertrain Efficiency Domain
LUCID-AIR-2191,12015,820.2,1688.3,66.0,92.78,Peak 92.4% Powertrain Efficiency Domain
LUCID-AIR-2192,6903,885.1,467.1,51.8,93.75,Peak 92.4% Powertrain Efficiency Domain
LUCID-AIR-2193,19294,849.0,2959.8,93.0,91.02,Stator Micro-Channel Coolant Active
LUCID-AIR-2194,5220,824.4,352.7,56.6,93.59,Peak 92.4% Powertrain Efficiency Domain
LUCID-AIR-2195,9149,827.6,866.4,61.0,93.89,Peak 92.4% Powertrain Efficiency Domain
LUCID-AIR-2196,3265,889.0,74.9,41.0,94.5,Peak 92.4% Powertrain Efficiency Domain
LUCID-AIR-2197,3298,852.7,119.2,48.6,93.89,Peak 92.4% Powertrain Efficiency Domain
LUCID-AIR-2198,19255,850.7,3172.6,88.9,91.33,Stator Micro-Channel Coolant Active
LUCID-AIR-2199,9031,914.3,838.7,60.9,93.88,Peak 92.4% Powertrain Efficiency Domain
LUCID-AIR-2200,11939,860.1,1355.0,63.8,92.92,Peak 92.4% Powertrain Efficiency Domain
LUCID-AIR-2201,3477,869.9,373.5,54.5,94.4,Peak 92.4% Powertrain Efficiency Domain
LUCID-AIR-2202,16657,838.2,2534.5,87.5,91.64,Stator Micro-Channel Coolant Active
LUCID-AIR-2203,19802,923.2,3275.4,104.0,90.71,Stator Micro-Channel Coolant Active
LUCID-AIR-2204,13446,901.4,1692.4,71.9,92.28,Peak 92.4% Powertrain Efficiency Domain
LUCID-AIR-2205,2081,840.0,-432.3,36.3,95.16,Peak 92.4% Powertrain Efficiency Domain
LUCID-AIR-2206,10611,825.8,1252.8,62.8,93.03,Peak 92.4% Powertrain Efficiency Domain
LUCID-AIR-2207,7333,822.8,489.8,50.6,93.79,Peak 92.4% Powertrain Efficiency Domain
LUCID-AIR-2208,14372,865.8,1969.8,81.1,92.26,Peak 92.4% Powertrain Efficiency Domain
LUCID-AIR-2209,17837,891.5,2631.4,83.3,91.38,Peak 92.4% Powertrain Efficiency Domain
LUCID-AIR-2210,18607,868.7,2714.6,86.3,91.31,Stator Micro-Channel Coolant Active
LUCID-AIR-2211,9851,850.5,1283.0,62.7,93.31,Peak 92.4% Powertrain Efficiency Domain
LUCID-AIR-2212,11296,825.6,1270.6,69.0,92.78,Peak 92.4% Powertrain Efficiency Domain
LUCID-AIR-2213,10917,923.0,1248.4,64.7,93.5,Peak 92.4% Powertrain Efficiency Domain
LUCID-AIR-2214,3340,912.5,229.8,49.0,93.97,Peak 92.4% Powertrain Efficiency Domain
LUCID-AIR-2215,11767,868.3,1396.5,66.7,93.48,Peak 92.4% Powertrain Efficiency Domain
LUCID-AIR-2216,5401,867.1,470.3,52.3,94.04,Peak 92.4% Powertrain Efficiency Domain
LUCID-AIR-2217,3992,821.9,392.5,47.6,94.15,Peak 92.4% Powertrain Efficiency Domain
LUCID-AIR-2218,18509,852.2,2746.4,89.1,91.8,Stator Micro-Channel Coolant Active
LUCID-AIR-2219,2953,870.6,101.2,43.6,94.26,Peak 92.4% Powertrain Efficiency Domain
LUCID-AIR-2220,9975,848.2,917.5,58.8,93.52,Peak 92.4% Powertrain Efficiency Domain
LUCID-AIR-2221,14078,922.9,1992.6,74.0,92.35,Peak 92.4% Powertrain Efficiency Domain
LUCID-AIR-2222,7764,840.4,709.1,54.2,94.11,Peak 92.4% Powertrain Efficiency Domain
LUCID-AIR-2223,17348,891.7,2468.6,85.0,92.12,Peak 92.4% Powertrain Efficiency Domain
LUCID-AIR-2224,7395,907.2,586.4,57.7,93.78,Peak 92.4% Powertrain Efficiency Domain
LUCID-AIR-2225,7331,843.4,1003.0,61.1,93.44,Peak 92.4% Powertrain Efficiency Domain
LUCID-AIR-2226,13045,825.1,1600.9,73.4,93.26,Peak 92.4% Powertrain Efficiency Domain
LUCID-AIR-2227,17868,836.7,2801.4,94.3,91.53,Stator Micro-Channel Coolant Active
LUCID-AIR-2228,17446,827.1,2621.9,83.7,91.47,Peak 92.4% Powertrain Efficiency Domain
LUCID-AIR-2229,19493,868.0,2991.7,91.4,91.16,Stator Micro-Channel Coolant Active
LUCID-AIR-2230,9949,829.2,1191.8,67.6,93.38,Peak 92.4% Powertrain Efficiency Domain
LUCID-AIR-2231,12935,878.9,1514.3,72.6,92.75,Peak 92.4% Powertrain Efficiency Domain
LUCID-AIR-2232,18965,849.2,3068.3,98.0,91.23,Stator Micro-Channel Coolant Active
LUCID-AIR-2233,5425,883.3,370.0,56.1,93.73,Peak 92.4% Powertrain Efficiency Domain
LUCID-AIR-2234,6816,848.0,418.5,50.4,94.11,Peak 92.4% Powertrain Efficiency Domain
LUCID-AIR-2235,9579,834.0,1047.8,63.6,93.57,Peak 92.4% Powertrain Efficiency Domain
LUCID-AIR-2236,17178,874.4,2322.5,81.3,92.05,Peak 92.4% Powertrain Efficiency Domain
LUCID-AIR-2237,15936,918.3,2232.2,74.9,92.14,Peak 92.4% Powertrain Efficiency Domain
LUCID-AIR-2238,5165,876.6,688.6,55.6,94.47,Peak 92.4% Powertrain Efficiency Domain
LUCID-AIR-2239,5484,871.0,416.8,52.6,93.66,Peak 92.4% Powertrain Efficiency Domain
LUCID-AIR-2240,8643,848.2,638.1,53.2,94.14,Peak 92.4% Powertrain Efficiency Domain
LUCID-AIR-2241,8036,851.3,699.1,54.5,94.05,Peak 92.4% Powertrain Efficiency Domain
LUCID-AIR-2242,14453,898.0,2132.7,77.7,92.19,Peak 92.4% Powertrain Efficiency Domain
LUCID-AIR-2243,4884,823.8,94.0,44.4,94.46,Peak 92.4% Powertrain Efficiency Domain
LUCID-AIR-2244,6049,909.4,493.9,52.5,93.74,Peak 92.4% Powertrain Efficiency Domain
LUCID-AIR-2245,8826,833.7,661.2,50.8,93.73,Peak 92.4% Powertrain Efficiency Domain
LUCID-AIR-2246,10951,854.8,1374.1,66.4,92.73,Peak 92.4% Powertrain Efficiency Domain
LUCID-AIR-2247,3030,865.9,152.6,49.8,94.61,Peak 92.4% Powertrain Efficiency Domain
LUCID-AIR-2248,12282,866.6,1236.2,65.5,93.15,Peak 92.4% Powertrain Efficiency Domain
LUCID-AIR-2249,6536,917.5,281.9,47.3,94.03,Peak 92.4% Powertrain Efficiency Domain
LUCID-AIR-2250,14741,883.7,1947.3,73.7,91.96,Peak 92.4% Powertrain Efficiency Domain
LUCID-AIR-2251,2266,874.3,67.4,46.4,94.59,Peak 92.4% Powertrain Efficiency Domain
LUCID-AIR-2252,10345,924.0,1276.9,58.4,93.62,Peak 92.4% Powertrain Efficiency Domain
LUCID-AIR-2253,11901,876.2,1469.0,68.5,92.85,Peak 92.4% Powertrain Efficiency Domain
LUCID-AIR-2254,10966,832.5,1163.5,58.4,93.25,Peak 92.4% Powertrain Efficiency Domain
LUCID-AIR-2255,6045,884.7,631.1,52.0,93.45,Peak 92.4% Powertrain Efficiency Domain
LUCID-AIR-2256,5495,855.0,455.4,55.5,94.39,Peak 92.4% Powertrain Efficiency Domain
LUCID-AIR-2257,11659,896.7,1333.7,67.3,93.25,Peak 92.4% Powertrain Efficiency Domain
LUCID-AIR-2258,10092,911.7,1213.5,60.2,93.55,Peak 92.4% Powertrain Efficiency Domain
LUCID-AIR-2259,7383,861.2,844.0,58.6,93.02,Peak 92.4% Powertrain Efficiency Domain
LUCID-AIR-2260,9972,857.7,1084.1,59.1,93.57,Peak 92.4% Powertrain Efficiency Domain
LUCID-AIR-2261,5076,909.9,549.2,50.2,93.65,Peak 92.4% Powertrain Efficiency Domain
LUCID-AIR-2262,6748,889.8,316.8,48.3,94.17,Peak 92.4% Powertrain Efficiency Domain
LUCID-AIR-2263,6883,821.8,769.9,58.9,93.21,Peak 92.4% Powertrain Efficiency Domain
LUCID-AIR-2264,6962,820.2,674.6,54.3,93.63,Peak 92.4% Powertrain Efficiency Domain
LUCID-AIR-2265,19751,841.8,3062.3,90.9,91.36,Stator Micro-Channel Coolant Active
LUCID-AIR-2266,13918,873.2,1593.8,65.4,92.95,Peak 92.4% Powertrain Efficiency Domain
LUCID-AIR-2267,16194,836.5,2249.2,73.8,92.1,Peak 92.4% Powertrain Efficiency Domain
LUCID-AIR-2268,3886,837.9,280.3,45.4,93.41,Peak 92.4% Powertrain Efficiency Domain
LUCID-AIR-2269,7150,890.1,502.2,58.1,93.76,Peak 92.4% Powertrain Efficiency Domain
LUCID-AIR-2270,2706,892.5,22.8,46.4,94.2,Peak 92.4% Powertrain Efficiency Domain
LUCID-AIR-2271,14052,843.0,1858.6,73.3,92.68,Peak 92.4% Powertrain Efficiency Domain
LUCID-AIR-2272,7663,855.4,463.3,50.1,93.83,Peak 92.4% Powertrain Efficiency Domain
LUCID-AIR-2273,15044,825.5,1991.7,77.5,92.25,Peak 92.4% Powertrain Efficiency Domain
LUCID-AIR-2274,7336,861.3,820.5,60.2,93.11,Peak 92.4% Powertrain Efficiency Domain
LUCID-AIR-2275,13374,833.4,1596.7,72.6,92.67,Peak 92.4% Powertrain Efficiency Domain
LUCID-AIR-2276,11330,896.3,1095.0,63.5,93.67,Peak 92.4% Powertrain Efficiency Domain
LUCID-AIR-2277,7912,847.7,740.5,52.7,93.76,Peak 92.4% Powertrain Efficiency Domain
LUCID-AIR-2278,7963,868.5,858.2,60.6,93.51,Peak 92.4% Powertrain Efficiency Domain
LUCID-AIR-2279,9505,848.1,1135.9,62.8,93.22,Peak 92.4% Powertrain Efficiency Domain
LUCID-AIR-2280,4416,860.4,357.6,49.2,94.51,Peak 92.4% Powertrain Efficiency Domain
LUCID-AIR-2281,18229,859.9,2875.2,93.4,91.15,Stator Micro-Channel Coolant Active
LUCID-AIR-2282,14920,840.5,2167.9,84.5,91.78,Peak 92.4% Powertrain Efficiency Domain
LUCID-AIR-2283,2329,851.1,148.8,44.8,94.45,Peak 92.4% Powertrain Efficiency Domain
LUCID-AIR-2284,17112,852.5,2801.8,88.9,91.07,Stator Micro-Channel Coolant Active
LUCID-AIR-2285,18726,833.9,2933.6,90.6,91.06,Stator Micro-Channel Coolant Active
LUCID-AIR-2286,14997,852.2,2227.7,83.5,92.19,Peak 92.4% Powertrain Efficiency Domain
LUCID-AIR-2287,5999,838.7,117.8,50.9,93.82,Peak 92.4% Powertrain Efficiency Domain
LUCID-AIR-2288,5949,897.6,399.8,51.4,94.34,Peak 92.4% Powertrain Efficiency Domain
LUCID-AIR-2289,10871,921.7,1314.1,64.0,93.25,Peak 92.4% Powertrain Efficiency Domain
LUCID-AIR-2290,14757,853.9,1961.4,76.2,92.53,Peak 92.4% Powertrain Efficiency Domain
LUCID-AIR-2291,2304,831.4,-122.2,43.8,94.17,Peak 92.4% Powertrain Efficiency Domain
LUCID-AIR-2292,16801,828.0,2290.9,77.8,92.44,Peak 92.4% Powertrain Efficiency Domain
LUCID-AIR-2293,19345,886.5,2967.2,93.5,91.59,Stator Micro-Channel Coolant Active
LUCID-AIR-2294,16368,889.4,2362.5,80.7,91.91,Peak 92.4% Powertrain Efficiency Domain
LUCID-AIR-2295,13160,906.9,1604.1,70.4,92.95,Peak 92.4% Powertrain Efficiency Domain
LUCID-AIR-2296,5588,880.1,336.4,49.0,94.28,Peak 92.4% Powertrain Efficiency Domain
LUCID-AIR-2297,19318,896.2,3280.9,98.6,90.79,Stator Micro-Channel Coolant Active
LUCID-AIR-2298,6721,846.5,657.3,54.9,94.16,Peak 92.4% Powertrain Efficiency Domain
LUCID-AIR-2299,7810,921.2,708.4,55.4,93.85,Peak 92.4% Powertrain Efficiency Domain
LUCID-AIR-2300,8446,829.6,562.3,58.3,93.46,Peak 92.4% Powertrain Efficiency Domain
LUCID-AIR-2301,13409,826.1,1826.2,69.6,92.63,Peak 92.4% Powertrain Efficiency Domain
LUCID-AIR-2302,19649,840.9,3196.8,100.4,90.99,Stator Micro-Channel Coolant Active
LUCID-AIR-2303,18917,824.3,2776.0,84.2,91.58,Peak 92.4% Powertrain Efficiency Domain
LUCID-AIR-2304,2239,864.1,56.2,39.4,93.91,Peak 92.4% Powertrain Efficiency Domain
LUCID-AIR-2305,4076,875.0,269.2,48.3,94.27,Peak 92.4% Powertrain Efficiency Domain
LUCID-AIR-2306,11507,896.9,1334.6,62.8,93.48,Peak 92.4% Powertrain Efficiency Domain
LUCID-AIR-2307,9716,892.5,1197.6,66.3,93.54,Peak 92.4% Powertrain Efficiency Domain
LUCID-AIR-2308,19066,841.1,2975.2,95.5,91.56,Stator Micro-Channel Coolant Active
LUCID-AIR-2309,8898,866.4,874.8,60.7,93.42,Peak 92.4% Powertrain Efficiency Domain
LUCID-AIR-2310,3219,900.3,120.7,51.3,94.48,Peak 92.4% Powertrain Efficiency Domain
LUCID-AIR-2311,11555,865.0,1165.8,65.3,92.94,Peak 92.4% Powertrain Efficiency Domain
LUCID-AIR-2312,4049,836.7,166.0,49.9,93.81,Peak 92.4% Powertrain Efficiency Domain
LUCID-AIR-2313,12191,880.4,1670.3,73.1,92.5,Peak 92.4% Powertrain Efficiency Domain
LUCID-AIR-2314,17298,820.5,2544.5,86.5,91.7,Stator Micro-Channel Coolant Active
LUCID-AIR-2315,12880,892.7,1596.9,70.9,93.36,Peak 92.4% Powertrain Efficiency Domain
LUCID-AIR-2316,19282,918.8,2853.1,89.6,91.49,Stator Micro-Channel Coolant Active
LUCID-AIR-2317,16066,867.8,2310.8,78.4,91.84,Peak 92.4% Powertrain Efficiency Domain
LUCID-AIR-2318,18185,874.2,2732.3,84.6,91.17,Peak 92.4% Powertrain Efficiency Domain
LUCID-AIR-2319,12631,839.8,1649.9,73.9,93.2,Peak 92.4% Powertrain Efficiency Domain
LUCID-AIR-2320,11941,911.6,1427.8,67.9,92.17,Peak 92.4% Powertrain Efficiency Domain
LUCID-AIR-2321,8978,874.0,844.1,57.9,93.53,Peak 92.4% Powertrain Efficiency Domain
LUCID-AIR-2322,10684,868.3,1127.0,61.6,93.46,Peak 92.4% Powertrain Efficiency Domain
LUCID-AIR-2323,7850,877.3,785.4,57.1,93.95,Peak 92.4% Powertrain Efficiency Domain
LUCID-AIR-2324,9938,889.5,1148.9,67.6,93.02,Peak 92.4% Powertrain Efficiency Domain
LUCID-AIR-2325,18300,822.9,2890.3,90.7,91.67,Stator Micro-Channel Coolant Active
LUCID-AIR-2326,12980,889.0,1833.3,71.2,92.58,Peak 92.4% Powertrain Efficiency Domain
LUCID-AIR-2327,10253,873.1,1056.1,64.3,93.41,Peak 92.4% Powertrain Efficiency Domain
LUCID-AIR-2328,19102,880.7,2756.9,89.4,91.05,Stator Micro-Channel Coolant Active
LUCID-AIR-2329,3281,908.0,259.1,47.6,94.43,Peak 92.4% Powertrain Efficiency Domain
LUCID-AIR-2330,4814,867.9,312.1,54.1,94.64,Peak 92.4% Powertrain Efficiency Domain
LUCID-AIR-2331,6184,885.6,597.3,54.1,93.33,Peak 92.4% Powertrain Efficiency Domain
LUCID-AIR-2332,6024,840.1,617.7,54.5,94.14,Peak 92.4% Powertrain Efficiency Domain
LUCID-AIR-2333,15062,914.0,2099.9,79.7,92.51,Peak 92.4% Powertrain Efficiency Domain
LUCID-AIR-2334,15050,877.7,2175.8,85.4,92.24,Stator Micro-Channel Coolant Active
LUCID-AIR-2335,13855,896.6,2025.0,73.5,92.78,Peak 92.4% Powertrain Efficiency Domain
LUCID-AIR-2336,11831,835.4,1454.9,69.0,92.46,Peak 92.4% Powertrain Efficiency Domain
LUCID-AIR-2337,5004,820.5,391.0,50.2,93.7,Peak 92.4% Powertrain Efficiency Domain
LUCID-AIR-2338,7021,830.3,585.2,54.7,93.84,Peak 92.4% Powertrain Efficiency Domain
LUCID-AIR-2339,5761,829.8,349.7,51.2,94.3,Peak 92.4% Powertrain Efficiency Domain
LUCID-AIR-2340,5178,849.0,216.4,48.6,94.44,Peak 92.4% Powertrain Efficiency Domain
LUCID-AIR-2341,16663,869.3,2317.6,79.0,92.03,Peak 92.4% Powertrain Efficiency Domain
LUCID-AIR-2342,19921,868.9,2942.3,85.4,91.58,Stator Micro-Channel Coolant Active
LUCID-AIR-2343,7762,851.8,584.9,56.9,94.21,Peak 92.4% Powertrain Efficiency Domain
LUCID-AIR-2344,10999,902.7,1227.1,62.9,93.3,Peak 92.4% Powertrain Efficiency Domain
LUCID-AIR-2345,6172,820.6,620.2,53.6,94.08,Peak 92.4% Powertrain Efficiency Domain
LUCID-AIR-2346,17894,867.5,2594.3,82.3,92.62,Peak 92.4% Powertrain Efficiency Domain
LUCID-AIR-2347,12457,828.4,1196.8,65.5,93.15,Peak 92.4% Powertrain Efficiency Domain
LUCID-AIR-2348,5365,879.7,310.9,42.9,94.39,Peak 92.4% Powertrain Efficiency Domain
LUCID-AIR-2349,19061,908.4,2887.5,91.6,91.57,Stator Micro-Channel Coolant Active
LUCID-AIR-2350,5204,834.3,323.9,54.9,94.15,Peak 92.4% Powertrain Efficiency Domain
LUCID-AIR-2351,18639,894.1,2722.9,83.8,91.38,Peak 92.4% Powertrain Efficiency Domain
LUCID-AIR-2352,8084,883.9,963.9,60.0,93.23,Peak 92.4% Powertrain Efficiency Domain
LUCID-AIR-2353,10068,918.7,1054.9,65.6,93.72,Peak 92.4% Powertrain Efficiency Domain
LUCID-AIR-2354,15634,830.8,2191.2,70.9,92.14,Peak 92.4% Powertrain Efficiency Domain
LUCID-AIR-2355,19740,828.1,3384.9,93.6,91.4,Stator Micro-Channel Coolant Active
LUCID-AIR-2356,2459,869.7,163.8,43.6,94.62,Peak 92.4% Powertrain Efficiency Domain
LUCID-AIR-2357,18486,917.1,2881.5,84.6,91.24,Peak 92.4% Powertrain Efficiency Domain
LUCID-AIR-2358,13625,880.0,1354.0,68.4,92.96,Peak 92.4% Powertrain Efficiency Domain
LUCID-AIR-2359,14025,828.2,2014.9,80.3,92.49,Peak 92.4% Powertrain Efficiency Domain
LUCID-AIR-2360,6629,866.5,616.4,49.5,93.98,Peak 92.4% Powertrain Efficiency Domain
LUCID-AIR-2361,8805,919.3,926.0,60.1,93.24,Peak 92.4% Powertrain Efficiency Domain
LUCID-AIR-2362,15331,915.7,2128.3,76.3,92.43,Peak 92.4% Powertrain Efficiency Domain
LUCID-AIR-2363,16749,865.1,2336.5,84.0,92.09,Peak 92.4% Powertrain Efficiency Domain
LUCID-AIR-2364,16677,888.2,2176.1,81.7,92.07,Peak 92.4% Powertrain Efficiency Domain
LUCID-AIR-2365,11575,884.4,1298.1,68.2,93.1,Peak 92.4% Powertrain Efficiency Domain
LUCID-AIR-2366,13449,837.2,1614.5,72.1,92.77,Peak 92.4% Powertrain Efficiency Domain
LUCID-AIR-2367,8652,906.5,910.7,57.7,93.36,Peak 92.4% Powertrain Efficiency Domain
LUCID-AIR-2368,16080,911.2,2259.8,78.0,92.0,Peak 92.4% Powertrain Efficiency Domain
LUCID-AIR-2369,5681,844.3,304.6,46.4,94.14,Peak 92.4% Powertrain Efficiency Domain
LUCID-AIR-2370,10961,846.9,1286.8,66.2,92.51,Peak 92.4% Powertrain Efficiency Domain
LUCID-AIR-2371,6186,870.0,548.5,54.4,93.66,Peak 92.4% Powertrain Efficiency Domain
LUCID-AIR-2372,11465,871.1,1360.9,63.2,92.97,Peak 92.4% Powertrain Efficiency Domain
LUCID-AIR-2373,2288,831.1,-27.9,43.7,94.34,Peak 92.4% Powertrain Efficiency Domain
LUCID-AIR-2374,15128,917.9,1961.0,75.5,92.13,Peak 92.4% Powertrain Efficiency Domain
LUCID-AIR-2375,6651,850.6,633.2,58.9,93.02,Peak 92.4% Powertrain Efficiency Domain
LUCID-AIR-2376,5914,820.7,456.5,50.9,94.0,Peak 92.4% Powertrain Efficiency Domain
LUCID-AIR-2377,5097,873.2,267.3,50.0,94.09,Peak 92.4% Powertrain Efficiency Domain
LUCID-AIR-2378,12139,875.7,1274.7,61.3,92.98,Peak 92.4% Powertrain Efficiency Domain
LUCID-AIR-2379,6448,844.0,643.8,52.9,94.44,Peak 92.4% Powertrain Efficiency Domain
LUCID-AIR-2380,2094,836.8,223.8,48.7,94.05,Peak 92.4% Powertrain Efficiency Domain
LUCID-AIR-2381,5326,836.9,357.6,47.0,94.14,Peak 92.4% Powertrain Efficiency Domain
LUCID-AIR-2382,14110,831.9,1686.6,69.9,92.21,Peak 92.4% Powertrain Efficiency Domain
LUCID-AIR-2383,16134,835.9,2264.7,82.3,92.04,Peak 92.4% Powertrain Efficiency Domain
LUCID-AIR-2384,12369,913.2,1431.2,70.5,93.07,Peak 92.4% Powertrain Efficiency Domain
LUCID-AIR-2385,11608,894.1,1369.9,68.2,93.68,Peak 92.4% Powertrain Efficiency Domain
LUCID-AIR-2386,9184,835.8,1153.6,64.4,92.97,Peak 92.4% Powertrain Efficiency Domain
LUCID-AIR-2387,7837,874.6,715.1,54.0,93.9,Peak 92.4% Powertrain Efficiency Domain
LUCID-AIR-2388,4800,856.1,400.8,50.5,94.21,Peak 92.4% Powertrain Efficiency Domain
LUCID-AIR-2389,15699,856.9,2301.4,80.3,92.33,Peak 92.4% Powertrain Efficiency Domain
LUCID-AIR-2390,9857,860.6,1044.3,60.5,93.39,Peak 92.4% Powertrain Efficiency Domain
LUCID-AIR-2391,19295,826.3,3045.2,92.2,91.33,Stator Micro-Channel Coolant Active
LUCID-AIR-2392,6035,888.3,455.0,51.8,93.92,Peak 92.4% Powertrain Efficiency Domain
LUCID-AIR-2393,6639,863.6,730.3,56.7,93.65,Peak 92.4% Powertrain Efficiency Domain
LUCID-AIR-2394,7836,878.9,639.5,50.6,93.95,Peak 92.4% Powertrain Efficiency Domain
LUCID-AIR-2395,2596,842.0,340.5,50.3,94.44,Peak 92.4% Powertrain Efficiency Domain
LUCID-AIR-2396,7483,867.2,560.4,49.6,93.89,Peak 92.4% Powertrain Efficiency Domain
LUCID-AIR-2397,12081,873.9,1836.0,76.7,92.83,Peak 92.4% Powertrain Efficiency Domain
LUCID-AIR-2398,6847,840.3,314.2,60.8,94.03,Peak 92.4% Powertrain Efficiency Domain
LUCID-AIR-2399,10157,871.1,1182.6,69.3,92.9,Peak 92.4% Powertrain Efficiency Domain
LUCID-AIR-2400,14940,891.6,2134.1,76.2,92.42,Peak 92.4% Powertrain Efficiency Domain
LUCID-AIR-2401,19747,842.8,3057.1,97.9,91.08,Stator Micro-Channel Coolant Active
LUCID-AIR-2402,7142,830.3,655.2,55.6,93.85,Peak 92.4% Powertrain Efficiency Domain
LUCID-AIR-2403,9392,841.3,1030.4,59.5,93.98,Peak 92.4% Powertrain Efficiency Domain
LUCID-AIR-2404,12949,920.7,1654.2,73.8,93.07,Peak 92.4% Powertrain Efficiency Domain
LUCID-AIR-2405,16294,872.6,2098.5,74.4,92.71,Peak 92.4% Powertrain Efficiency Domain
LUCID-AIR-2406,2572,852.4,171.4,49.0,93.83,Peak 92.4% Powertrain Efficiency Domain
LUCID-AIR-2407,13731,852.0,1803.9,68.4,92.21,Peak 92.4% Powertrain Efficiency Domain
LUCID-AIR-2408,19675,848.4,2887.2,89.5,90.99,Stator Micro-Channel Coolant Active
LUCID-AIR-2409,19211,874.0,2735.0,84.4,91.11,Peak 92.4% Powertrain Efficiency Domain
LUCID-AIR-2410,2497,895.0,141.5,46.1,94.47,Peak 92.4% Powertrain Efficiency Domain
LUCID-AIR-2411,19539,883.6,3089.7,101.4,91.28,Stator Micro-Channel Coolant Active
LUCID-AIR-2412,15388,868.4,2173.3,75.9,92.01,Peak 92.4% Powertrain Efficiency Domain
LUCID-AIR-2413,13655,843.9,1978.0,72.5,91.94,Peak 92.4% Powertrain Efficiency Domain
LUCID-AIR-2414,4155,836.3,284.3,50.4,94.12,Peak 92.4% Powertrain Efficiency Domain
LUCID-AIR-2415,13232,820.7,1644.6,71.3,92.6,Peak 92.4% Powertrain Efficiency Domain
LUCID-AIR-2416,19766,906.8,3184.1,98.6,90.42,Stator Micro-Channel Coolant Active
LUCID-AIR-2417,3682,920.8,142.0,45.5,94.59,Peak 92.4% Powertrain Efficiency Domain
LUCID-AIR-2418,17470,875.5,2667.4,89.9,92.05,Stator Micro-Channel Coolant Active
LUCID-AIR-2419,8270,830.0,533.6,55.9,93.93,Peak 92.4% Powertrain Efficiency Domain
LUCID-AIR-2420,13084,844.7,1581.9,72.0,92.32,Peak 92.4% Powertrain Efficiency Domain
LUCID-AIR-2421,2242,843.6,64.6,41.8,94.32,Peak 92.4% Powertrain Efficiency Domain
LUCID-AIR-2422,9362,893.4,825.4,59.9,93.6,Peak 92.4% Powertrain Efficiency Domain
LUCID-AIR-2423,4629,849.7,336.2,60.1,94.22,Peak 92.4% Powertrain Efficiency Domain
LUCID-AIR-2424,10420,918.0,1283.1,68.3,93.59,Peak 92.4% Powertrain Efficiency Domain
LUCID-AIR-2425,14643,873.9,1924.4,70.8,92.17,Peak 92.4% Powertrain Efficiency Domain
LUCID-AIR-2426,2717,909.2,237.1,42.7,94.01,Peak 92.4% Powertrain Efficiency Domain
LUCID-AIR-2427,15208,826.8,2103.2,71.7,92.09,Peak 92.4% Powertrain Efficiency Domain
LUCID-AIR-2428,16553,837.7,2189.5,79.4,92.48,Peak 92.4% Powertrain Efficiency Domain
LUCID-AIR-2429,5665,887.7,315.3,48.3,94.04,Peak 92.4% Powertrain Efficiency Domain
LUCID-AIR-2430,8962,828.1,1136.5,64.6,93.25,Peak 92.4% Powertrain Efficiency Domain
LUCID-AIR-2431,7926,870.0,548.7,57.2,94.08,Peak 92.4% Powertrain Efficiency Domain
LUCID-AIR-2432,6418,915.2,669.5,52.3,93.9,Peak 92.4% Powertrain Efficiency Domain
LUCID-AIR-2433,15209,828.8,2084.4,75.5,92.05,Peak 92.4% Powertrain Efficiency Domain
LUCID-AIR-2434,13775,835.2,1920.7,79.0,92.39,Peak 92.4% Powertrain Efficiency Domain
LUCID-AIR-2435,15879,877.1,2095.0,73.5,92.32,Peak 92.4% Powertrain Efficiency Domain
LUCID-AIR-2436,5456,834.5,124.6,44.2,94.03,Peak 92.4% Powertrain Efficiency Domain
LUCID-AIR-2437,6075,899.4,445.2,51.2,93.95,Peak 92.4% Powertrain Efficiency Domain
LUCID-AIR-2438,16242,851.7,2374.3,80.9,91.79,Peak 92.4% Powertrain Efficiency Domain
LUCID-AIR-2439,4476,871.0,343.0,49.4,94.22,Peak 92.4% Powertrain Efficiency Domain
LUCID-AIR-2440,12863,919.9,1771.4,72.9,92.85,Peak 92.4% Powertrain Efficiency Domain
LUCID-AIR-2441,15323,846.9,1882.6,73.1,92.69,Peak 92.4% Powertrain Efficiency Domain
LUCID-AIR-2442,8705,906.6,1026.0,58.2,93.24,Peak 92.4% Powertrain Efficiency Domain
LUCID-AIR-2443,5581,824.0,366.2,46.6,94.16,Peak 92.4% Powertrain Efficiency Domain
LUCID-AIR-2444,7547,834.2,576.1,52.6,93.81,Peak 92.4% Powertrain Efficiency Domain
LUCID-AIR-2445,9790,849.3,1184.2,67.7,92.71,Peak 92.4% Powertrain Efficiency Domain
LUCID-AIR-2446,7682,884.4,777.7,55.8,93.45,Peak 92.4% Powertrain Efficiency Domain
LUCID-AIR-2447,17718,894.0,2601.0,85.3,91.46,Stator Micro-Channel Coolant Active
LUCID-AIR-2448,17312,914.3,2393.1,81.7,91.88,Peak 92.4% Powertrain Efficiency Domain
LUCID-AIR-2449,18133,868.5,2652.8,84.4,90.99,Peak 92.4% Powertrain Efficiency Domain
LUCID-AIR-2450,11213,824.9,1059.4,57.9,93.4,Peak 92.4% Powertrain Efficiency Domain
LUCID-AIR-2451,2554,865.1,-71.9,42.8,94.67,Peak 92.4% Powertrain Efficiency Domain
LUCID-AIR-2452,4445,874.1,335.6,50.5,94.5,Peak 92.4% Powertrain Efficiency Domain
LUCID-AIR-2453,10132,910.1,1096.5,61.1,93.51,Peak 92.4% Powertrain Efficiency Domain
LUCID-AIR-2454,2684,903.9,306.4,52.2,94.3,Peak 92.4% Powertrain Efficiency Domain
LUCID-AIR-2455,11924,880.7,1458.5,67.1,92.68,Peak 92.4% Powertrain Efficiency Domain
LUCID-AIR-2456,3937,846.4,365.1,53.0,94.18,Peak 92.4% Powertrain Efficiency Domain
LUCID-AIR-2457,7713,830.8,930.5,57.9,93.44,Peak 92.4% Powertrain Efficiency Domain
LUCID-AIR-2458,11022,920.5,1257.3,68.2,92.99,Peak 92.4% Powertrain Efficiency Domain
LUCID-AIR-2459,18755,866.9,2949.0,91.9,91.11,Stator Micro-Channel Coolant Active
LUCID-AIR-2460,19611,830.9,2902.9,88.3,91.66,Stator Micro-Channel Coolant Active
LUCID-AIR-2461,9212,844.0,980.8,57.6,93.81,Peak 92.4% Powertrain Efficiency Domain
LUCID-AIR-2462,15027,872.6,2193.4,78.4,92.59,Peak 92.4% Powertrain Efficiency Domain
LUCID-AIR-2463,13825,828.7,2126.7,77.1,92.05,Peak 92.4% Powertrain Efficiency Domain
LUCID-AIR-2464,5228,834.3,400.5,54.7,94.15,Peak 92.4% Powertrain Efficiency Domain
LUCID-AIR-2465,5753,912.0,679.5,54.4,93.48,Peak 92.4% Powertrain Efficiency Domain
LUCID-AIR-2466,2278,907.1,393.3,55.0,94.25,Peak 92.4% Powertrain Efficiency Domain
LUCID-AIR-2467,8901,841.0,949.6,59.8,93.28,Peak 92.4% Powertrain Efficiency Domain
LUCID-AIR-2468,6447,891.4,341.8,53.6,94.37,Peak 92.4% Powertrain Efficiency Domain
LUCID-AIR-2469,15287,919.4,2291.8,75.7,92.14,Peak 92.4% Powertrain Efficiency Domain
LUCID-AIR-2470,18942,906.4,2974.3,90.7,91.89,Stator Micro-Channel Coolant Active
LUCID-AIR-2471,8253,922.0,754.6,56.5,94.03,Peak 92.4% Powertrain Efficiency Domain
LUCID-AIR-2472,8214,906.7,700.1,57.3,93.23,Peak 92.4% Powertrain Efficiency Domain
LUCID-AIR-2473,17998,864.3,2830.0,91.6,91.22,Stator Micro-Channel Coolant Active
LUCID-AIR-2474,14907,881.3,1901.8,73.4,92.51,Peak 92.4% Powertrain Efficiency Domain
LUCID-AIR-2475,2105,866.0,166.1,50.5,94.28,Peak 92.4% Powertrain Efficiency Domain
LUCID-AIR-2476,9207,904.5,606.7,48.9,93.61,Peak 92.4% Powertrain Efficiency Domain
LUCID-AIR-2477,18308,866.8,2903.5,93.0,91.27,Stator Micro-Channel Coolant Active
LUCID-AIR-2478,2602,889.1,61.3,45.1,94.33,Peak 92.4% Powertrain Efficiency Domain
LUCID-AIR-2479,19469,836.1,3319.0,101.3,90.28,Stator Micro-Channel Coolant Active
LUCID-AIR-2480,11972,850.6,1479.3,68.0,93.44,Peak 92.4% Powertrain Efficiency Domain
LUCID-AIR-2481,15185,886.5,1956.8,80.2,92.48,Peak 92.4% Powertrain Efficiency Domain
LUCID-AIR-2482,17140,915.2,2594.4,85.5,91.75,Stator Micro-Channel Coolant Active
LUCID-AIR-2483,5108,825.8,506.4,55.6,94.04,Peak 92.4% Powertrain Efficiency Domain
LUCID-AIR-2484,15882,916.3,2172.3,79.1,92.63,Peak 92.4% Powertrain Efficiency Domain
LUCID-AIR-2485,6200,852.6,443.2,51.6,93.4,Peak 92.4% Powertrain Efficiency Domain
LUCID-AIR-2486,3688,908.8,388.7,54.0,94.34,Peak 92.4% Powertrain Efficiency Domain
LUCID-AIR-2487,4575,907.4,321.8,46.3,94.14,Peak 92.4% Powertrain Efficiency Domain
LUCID-AIR-2488,10395,890.4,1308.9,60.5,93.31,Peak 92.4% Powertrain Efficiency Domain
LUCID-AIR-2489,14982,889.9,1990.9,72.3,92.14,Peak 92.4% Powertrain Efficiency Domain
LUCID-AIR-2490,19942,898.2,3278.3,96.0,91.07,Stator Micro-Channel Coolant Active
LUCID-AIR-2491,7283,903.5,887.1,55.5,92.92,Peak 92.4% Powertrain Efficiency Domain
LUCID-AIR-2492,16064,875.3,2390.5,86.0,91.85,Stator Micro-Channel Coolant Active
LUCID-AIR-2493,12881,917.9,1637.9,69.7,92.8,Peak 92.4% Powertrain Efficiency Domain
LUCID-AIR-2494,9409,871.9,658.2,56.9,94.22,Peak 92.4% Powertrain Efficiency Domain
LUCID-AIR-2495,11857,852.5,1226.1,65.2,93.17,Peak 92.4% Powertrain Efficiency Domain
LUCID-AIR-2496,5570,851.2,318.9,58.0,94.12,Peak 92.4% Powertrain Efficiency Domain
LUCID-AIR-2497,9559,821.7,773.8,57.8,93.38,Peak 92.4% Powertrain Efficiency Domain
LUCID-AIR-2498,19548,889.7,2904.6,84.0,91.44,Peak 92.4% Powertrain Efficiency Domain
LUCID-AIR-2499,19542,867.8,3126.1,100.0,90.88,Stator Micro-Channel Coolant Active
LUCID-AIR-2500,6878,914.1,211.1,42.0,94.58,Peak 92.4% Powertrain Efficiency Domain
LUCID-AIR-2501,19014,912.5,2655.3,86.0,91.7,Stator Micro-Channel Coolant Active
LUCID-AIR-2502,19772,848.9,3309.6,99.7,91.05,Stator Micro-Channel Coolant Active
LUCID-AIR-2503,11862,889.3,1147.0,56.8,93.37,Peak 92.4% Powertrain Efficiency Domain
LUCID-AIR-2504,16643,884.5,2324.2,80.4,92.22,Peak 92.4% Powertrain Efficiency Domain
LUCID-AIR-2505,6842,883.8,711.9,54.3,93.36,Peak 92.4% Powertrain Efficiency Domain
LUCID-AIR-2506,4197,901.1,274.9,44.1,94.2,Peak 92.4% Powertrain Efficiency Domain
LUCID-AIR-2507,5785,870.4,465.0,53.4,94.15,Peak 92.4% Powertrain Efficiency Domain
LUCID-AIR-2508,17661,892.5,2523.4,84.5,91.99,Peak 92.4% Powertrain Efficiency Domain
LUCID-AIR-2509,6661,919.5,574.0,52.7,94.29,Peak 92.4% Powertrain Efficiency Domain
LUCID-AIR-2510,17193,835.3,2454.3,79.5,91.59,Peak 92.4% Powertrain Efficiency Domain
LUCID-AIR-2511,3266,843.6,19.7,45.9,94.32,Peak 92.4% Powertrain Efficiency Domain
LUCID-AIR-2512,19695,894.6,3234.4,92.6,90.97,Stator Micro-Channel Coolant Active
LUCID-AIR-2513,8585,830.5,917.5,59.4,93.59,Peak 92.4% Powertrain Efficiency Domain
LUCID-AIR-2514,3899,850.3,261.6,50.2,93.46,Peak 92.4% Powertrain Efficiency Domain
LUCID-AIR-2515,12266,855.2,1270.9,66.2,93.45,Peak 92.4% Powertrain Efficiency Domain
LUCID-AIR-2516,17787,822.8,2926.1,94.1,91.48,Stator Micro-Channel Coolant Active
LUCID-AIR-2517,5109,865.1,155.5,44.3,94.77,Peak 92.4% Powertrain Efficiency Domain
LUCID-AIR-2518,13858,820.5,1739.5,73.4,92.62,Peak 92.4% Powertrain Efficiency Domain
LUCID-AIR-2519,16132,886.0,2417.9,78.5,91.55,Peak 92.4% Powertrain Efficiency Domain
LUCID-AIR-2520,9196,880.9,1018.0,59.4,93.04,Peak 92.4% Powertrain Efficiency Domain
LUCID-AIR-2521,12847,916.3,1310.0,66.8,92.67,Peak 92.4% Powertrain Efficiency Domain
LUCID-AIR-2522,7557,825.5,648.0,55.1,93.78,Peak 92.4% Powertrain Efficiency Domain
LUCID-AIR-2523,11440,921.0,1078.1,63.7,93.57,Peak 92.4% Powertrain Efficiency Domain
LUCID-AIR-2524,8957,861.4,968.0,60.7,93.96,Peak 92.4% Powertrain Efficiency Domain
LUCID-AIR-2525,12425,875.6,1474.3,64.5,92.75,Peak 92.4% Powertrain Efficiency Domain
LUCID-AIR-2526,10922,880.2,1222.3,65.0,93.47,Peak 92.4% Powertrain Efficiency Domain
LUCID-AIR-2527,2932,831.0,53.5,44.2,94.7,Peak 92.4% Powertrain Efficiency Domain
LUCID-AIR-2528,12074,895.5,1581.3,70.7,93.33,Peak 92.4% Powertrain Efficiency Domain
LUCID-AIR-2529,6722,880.4,738.7,54.4,93.71,Peak 92.4% Powertrain Efficiency Domain
LUCID-AIR-2530,10801,845.8,1057.8,66.4,93.47,Peak 92.4% Powertrain Efficiency Domain
LUCID-AIR-2531,11567,845.4,1215.0,63.4,92.93,Peak 92.4% Powertrain Efficiency Domain
LUCID-AIR-2532,9511,894.4,792.4,60.0,93.81,Peak 92.4% Powertrain Efficiency Domain
LUCID-AIR-2533,8652,838.4,818.8,56.3,93.66,Peak 92.4% Powertrain Efficiency Domain
LUCID-AIR-2534,16532,872.8,2333.0,85.9,92.29,Stator Micro-Channel Coolant Active
LUCID-AIR-2535,5950,842.9,346.1,44.0,94.39,Peak 92.4% Powertrain Efficiency Domain
LUCID-AIR-2536,4491,908.7,563.3,58.6,93.84,Peak 92.4% Powertrain Efficiency Domain
LUCID-AIR-2537,2055,820.9,415.1,55.1,94.32,Peak 92.4% Powertrain Efficiency Domain
LUCID-AIR-2538,12006,918.2,1469.4,65.9,93.04,Peak 92.4% Powertrain Efficiency Domain
LUCID-AIR-2539,2743,848.6,-2.1,40.7,94.68,Peak 92.4% Powertrain Efficiency Domain
LUCID-AIR-2540,13570,922.4,1410.3,65.4,93.39,Peak 92.4% Powertrain Efficiency Domain
LUCID-AIR-2541,18052,894.3,2743.1,85.2,91.46,Stator Micro-Channel Coolant Active
LUCID-AIR-2542,19532,830.4,2957.7,92.8,91.09,Stator Micro-Channel Coolant Active
LUCID-AIR-2543,17932,914.7,2636.1,90.9,91.32,Stator Micro-Channel Coolant Active
LUCID-AIR-2544,12738,921.1,1478.8,70.3,92.73,Peak 92.4% Powertrain Efficiency Domain
LUCID-AIR-2545,16350,898.8,2117.8,79.0,92.11,Peak 92.4% Powertrain Efficiency Domain
LUCID-AIR-2546,9165,917.2,797.6,58.2,93.28,Peak 92.4% Powertrain Efficiency Domain
LUCID-AIR-2547,15598,855.7,2424.7,82.1,91.96,Peak 92.4% Powertrain Efficiency Domain
LUCID-AIR-2548,9889,861.2,990.1,62.5,93.38,Peak 92.4% Powertrain Efficiency Domain
LUCID-AIR-2549,15829,892.5,2256.7,76.9,92.49,Peak 92.4% Powertrain Efficiency Domain
LUCID-AIR-2550,11352,843.1,1469.0,64.3,93.12,Peak 92.4% Powertrain Efficiency Domain
LUCID-AIR-2551,12982,834.8,1601.0,67.0,93.14,Peak 92.4% Powertrain Efficiency Domain
LUCID-AIR-2552,10556,832.4,1233.1,63.4,93.68,Peak 92.4% Powertrain Efficiency Domain
LUCID-AIR-2553,4716,902.4,429.9,55.5,94.16,Peak 92.4% Powertrain Efficiency Domain
LUCID-AIR-2554,14007,832.6,1869.4,69.1,92.36,Peak 92.4% Powertrain Efficiency Domain
LUCID-AIR-2555,13429,910.6,1809.7,73.1,92.53,Peak 92.4% Powertrain Efficiency Domain
LUCID-AIR-2556,3595,913.8,203.7,44.8,94.08,Peak 92.4% Powertrain Efficiency Domain
LUCID-AIR-2557,14217,834.6,1848.8,70.0,92.25,Peak 92.4% Powertrain Efficiency Domain
LUCID-AIR-2558,18964,825.2,2804.8,95.8,91.86,Stator Micro-Channel Coolant Active
LUCID-AIR-2559,7434,838.1,741.2,61.0,93.34,Peak 92.4% Powertrain Efficiency Domain
LUCID-AIR-2560,11662,893.2,1240.9,66.2,93.06,Peak 92.4% Powertrain Efficiency Domain
LUCID-AIR-2561,6084,888.7,548.5,52.5,93.58,Peak 92.4% Powertrain Efficiency Domain
LUCID-AIR-2562,17255,827.4,2357.0,79.7,92.25,Peak 92.4% Powertrain Efficiency Domain
LUCID-AIR-2563,3797,862.9,144.6,45.6,94.7,Peak 92.4% Powertrain Efficiency Domain
LUCID-AIR-2564,13791,845.7,1568.9,68.7,92.97,Peak 92.4% Powertrain Efficiency Domain
LUCID-AIR-2565,11475,883.6,1208.7,66.0,93.09,Peak 92.4% Powertrain Efficiency Domain
LUCID-AIR-2566,8601,896.1,786.7,59.9,94.12,Peak 92.4% Powertrain Efficiency Domain
LUCID-AIR-2567,3358,843.8,233.8,47.0,94.25,Peak 92.4% Powertrain Efficiency Domain
LUCID-AIR-2568,5068,916.6,184.6,47.5,94.46,Peak 92.4% Powertrain Efficiency Domain
LUCID-AIR-2569,5949,866.1,339.2,52.9,93.98,Peak 92.4% Powertrain Efficiency Domain
LUCID-AIR-2570,15534,900.8,2019.4,80.2,92.33,Peak 92.4% Powertrain Efficiency Domain
LUCID-AIR-2571,19621,866.5,3038.0,98.3,91.32,Stator Micro-Channel Coolant Active
LUCID-AIR-2572,4358,857.1,271.0,47.7,94.17,Peak 92.4% Powertrain Efficiency Domain
LUCID-AIR-2573,5309,821.5,278.6,52.5,94.16,Peak 92.4% Powertrain Efficiency Domain
LUCID-AIR-2574,5496,888.0,378.0,54.3,93.82,Peak 92.4% Powertrain Efficiency Domain
LUCID-AIR-2575,11425,919.2,1078.7,63.6,92.9,Peak 92.4% Powertrain Efficiency Domain
LUCID-AIR-2576,15792,873.2,1811.8,74.3,92.17,Peak 92.4% Powertrain Efficiency Domain
LUCID-AIR-2577,14019,873.6,1944.1,70.7,92.29,Peak 92.4% Powertrain Efficiency Domain
LUCID-AIR-2578,15336,868.6,2314.9,79.7,92.78,Peak 92.4% Powertrain Efficiency Domain
LUCID-AIR-2579,4006,849.6,177.4,52.1,94.41,Peak 92.4% Powertrain Efficiency Domain
LUCID-AIR-2580,4911,921.1,489.7,50.0,94.21,Peak 92.4% Powertrain Efficiency Domain
LUCID-AIR-2581,12448,837.5,1868.9,78.0,92.66,Peak 92.4% Powertrain Efficiency Domain
LUCID-AIR-2582,2865,824.5,146.5,45.5,94.61,Peak 92.4% Powertrain Efficiency Domain
LUCID-AIR-2583,15872,876.1,2426.9,82.4,91.56,Peak 92.4% Powertrain Efficiency Domain
LUCID-AIR-2584,7401,835.0,821.6,56.7,93.24,Peak 92.4% Powertrain Efficiency Domain
LUCID-AIR-2585,3090,848.1,142.0,44.3,94.56,Peak 92.4% Powertrain Efficiency Domain
LUCID-AIR-2586,6580,922.7,477.7,52.9,93.91,Peak 92.4% Powertrain Efficiency Domain
LUCID-AIR-2587,17585,867.4,2558.0,82.1,91.96,Peak 92.4% Powertrain Efficiency Domain
LUCID-AIR-2588,12465,892.1,1504.5,71.5,92.92,Peak 92.4% Powertrain Efficiency Domain
LUCID-AIR-2589,14895,898.4,1922.1,77.6,92.57,Peak 92.4% Powertrain Efficiency Domain
LUCID-AIR-2590,16845,860.9,2333.8,77.6,91.66,Peak 92.4% Powertrain Efficiency Domain
LUCID-AIR-2591,8154,896.1,852.2,58.8,93.44,Peak 92.4% Powertrain Efficiency Domain
LUCID-AIR-2592,8913,820.4,536.9,54.5,93.62,Peak 92.4% Powertrain Efficiency Domain
LUCID-AIR-2593,6559,829.3,270.4,51.1,94.56,Peak 92.4% Powertrain Efficiency Domain
LUCID-AIR-2594,2295,855.9,-93.8,40.5,95.09,Peak 92.4% Powertrain Efficiency Domain
LUCID-AIR-2595,3985,844.7,195.8,42.0,94.27,Peak 92.4% Powertrain Efficiency Domain
LUCID-AIR-2596,3871,831.7,425.2,52.4,93.88,Peak 92.4% Powertrain Efficiency Domain
LUCID-AIR-2597,6619,885.2,588.0,53.8,93.88,Peak 92.4% Powertrain Efficiency Domain
LUCID-AIR-2598,6162,890.9,712.8,56.9,93.72,Peak 92.4% Powertrain Efficiency Domain
LUCID-AIR-2599,7187,847.2,714.2,56.9,93.81,Peak 92.4% Powertrain Efficiency Domain
LUCID-AIR-2600,14959,887.7,1864.7,74.3,92.24,Peak 92.4% Powertrain Efficiency Domain
LUCID-AIR-2601,7094,820.6,631.2,57.3,94.01,Peak 92.4% Powertrain Efficiency Domain
LUCID-AIR-2602,12934,911.3,1535.8,70.9,92.42,Peak 92.4% Powertrain Efficiency Domain
LUCID-AIR-2603,3810,823.3,183.1,48.3,94.13,Peak 92.4% Powertrain Efficiency Domain
LUCID-AIR-2604,11244,841.3,1145.7,65.6,93.44,Peak 92.4% Powertrain Efficiency Domain
LUCID-AIR-2605,19768,843.1,3206.8,98.3,91.29,Stator Micro-Channel Coolant Active
LUCID-AIR-2606,6602,918.0,471.0,51.7,93.6,Peak 92.4% Powertrain Efficiency Domain
LUCID-AIR-2607,17411,866.3,2230.2,80.4,91.68,Peak 92.4% Powertrain Efficiency Domain
LUCID-AIR-2608,12934,829.0,1564.0,69.8,92.46,Peak 92.4% Powertrain Efficiency Domain
LUCID-AIR-2609,9855,851.5,1075.9,62.3,93.38,Peak 92.4% Powertrain Efficiency Domain
LUCID-AIR-2610,17861,919.7,2735.3,84.9,91.37,Peak 92.4% Powertrain Efficiency Domain
LUCID-AIR-2611,6584,824.3,212.9,48.6,94.02,Peak 92.4% Powertrain Efficiency Domain
LUCID-AIR-2612,16916,918.4,2335.8,88.0,92.17,Stator Micro-Channel Coolant Active
LUCID-AIR-2613,3197,830.5,224.2,50.4,94.59,Peak 92.4% Powertrain Efficiency Domain
LUCID-AIR-2614,16664,829.0,2516.7,81.1,91.6,Peak 92.4% Powertrain Efficiency Domain
LUCID-AIR-2615,9467,904.5,1268.2,64.9,92.79,Peak 92.4% Powertrain Efficiency Domain
LUCID-AIR-2616,18285,862.4,2838.7,86.0,91.26,Stator Micro-Channel Coolant Active
LUCID-AIR-2617,18132,828.6,2686.5,83.8,91.37,Peak 92.4% Powertrain Efficiency Domain
LUCID-AIR-2618,9845,830.2,916.2,61.3,93.64,Peak 92.4% Powertrain Efficiency Domain
LUCID-AIR-2619,14179,867.0,1795.8,72.1,92.22,Peak 92.4% Powertrain Efficiency Domain
LUCID-AIR-2620,3575,845.1,283.6,53.6,94.21,Peak 92.4% Powertrain Efficiency Domain
LUCID-AIR-2621,9004,824.2,1050.6,68.2,93.23,Peak 92.4% Powertrain Efficiency Domain
LUCID-AIR-2622,11499,869.6,1080.4,62.2,93.9,Peak 92.4% Powertrain Efficiency Domain
LUCID-AIR-2623,18917,903.9,2703.6,82.1,91.57,Peak 92.4% Powertrain Efficiency Domain
LUCID-AIR-2624,8514,825.9,709.9,60.9,94.06,Peak 92.4% Powertrain Efficiency Domain
LUCID-AIR-2625,19085,904.7,2635.8,86.4,91.19,Stator Micro-Channel Coolant Active
LUCID-AIR-2626,10215,895.0,795.3,59.6,93.95,Peak 92.4% Powertrain Efficiency Domain
LUCID-AIR-2627,4206,873.7,422.3,48.4,93.66,Peak 92.4% Powertrain Efficiency Domain
LUCID-AIR-2628,14054,841.8,1772.1,73.0,93.46,Peak 92.4% Powertrain Efficiency Domain
LUCID-AIR-2629,15856,855.5,2268.1,77.5,92.41,Peak 92.4% Powertrain Efficiency Domain
LUCID-AIR-2630,9560,883.3,902.6,57.1,93.44,Peak 92.4% Powertrain Efficiency Domain
LUCID-AIR-2631,12891,822.0,1505.4,65.9,92.63,Peak 92.4% Powertrain Efficiency Domain
LUCID-AIR-2632,19065,824.3,3006.5,96.0,91.64,Stator Micro-Channel Coolant Active
LUCID-AIR-2633,10078,901.4,1248.8,62.9,92.98,Peak 92.4% Powertrain Efficiency Domain
LUCID-AIR-2634,7411,825.4,665.4,57.9,93.77,Peak 92.4% Powertrain Efficiency Domain
LUCID-AIR-2635,6075,844.6,529.7,52.3,94.38,Peak 92.4% Powertrain Efficiency Domain
LUCID-AIR-2636,4039,907.7,284.7,47.3,93.88,Peak 92.4% Powertrain Efficiency Domain
LUCID-AIR-2637,12915,874.3,1603.3,68.8,93.05,Peak 92.4% Powertrain Efficiency Domain
LUCID-AIR-2638,2480,915.0,41.5,47.4,94.43,Peak 92.4% Powertrain Efficiency Domain
LUCID-AIR-2639,15815,848.1,2027.9,76.0,92.42,Peak 92.4% Powertrain Efficiency Domain
LUCID-AIR-2640,9790,828.0,1150.1,60.8,93.44,Peak 92.4% Powertrain Efficiency Domain
LUCID-AIR-2641,8484,850.3,899.8,57.9,93.28,Peak 92.4% Powertrain Efficiency Domain
LUCID-AIR-2642,10445,892.0,1153.7,58.4,93.06,Peak 92.4% Powertrain Efficiency Domain
LUCID-AIR-2643,3149,868.9,-131.7,42.9,94.58,Peak 92.4% Powertrain Efficiency Domain
LUCID-AIR-2644,16890,904.2,2103.0,79.0,92.32,Peak 92.4% Powertrain Efficiency Domain
LUCID-AIR-2645,11492,852.0,1430.2,72.9,93.14,Peak 92.4% Powertrain Efficiency Domain
LUCID-AIR-2646,2983,919.7,67.2,39.9,94.44,Peak 92.4% Powertrain Efficiency Domain
LUCID-AIR-2647,12205,849.8,1541.2,71.5,92.41,Peak 92.4% Powertrain Efficiency Domain
LUCID-AIR-2648,15198,873.4,2077.2,80.5,91.96,Peak 92.4% Powertrain Efficiency Domain
LUCID-AIR-2649,18173,902.5,2545.4,87.4,91.63,Stator Micro-Channel Coolant Active
LUCID-AIR-2650,15426,849.0,1946.2,79.1,91.87,Peak 92.4% Powertrain Efficiency Domain
LUCID-AIR-2651,5175,841.0,381.8,56.6,93.61,Peak 92.4% Powertrain Efficiency Domain
LUCID-AIR-2652,7519,895.7,968.7,56.3,93.2,Peak 92.4% Powertrain Efficiency Domain
LUCID-AIR-2653,6780,845.3,717.0,62.1,93.93,Peak 92.4% Powertrain Efficiency Domain
LUCID-AIR-2654,8060,869.3,689.7,63.8,93.69,Peak 92.4% Powertrain Efficiency Domain
LUCID-AIR-2655,8573,920.6,989.8,60.2,92.96,Peak 92.4% Powertrain Efficiency Domain
LUCID-AIR-2656,17763,833.0,2837.9,91.0,91.64,Stator Micro-Channel Coolant Active
LUCID-AIR-2657,7967,884.8,914.3,56.7,93.5,Peak 92.4% Powertrain Efficiency Domain
LUCID-AIR-2658,17356,877.7,2529.3,81.1,91.76,Peak 92.4% Powertrain Efficiency Domain
LUCID-AIR-2659,16868,887.2,2452.1,81.6,92.05,Peak 92.4% Powertrain Efficiency Domain
LUCID-AIR-2660,5125,836.7,206.3,47.9,94.03,Peak 92.4% Powertrain Efficiency Domain
LUCID-AIR-2661,10801,841.1,1315.5,64.6,93.27,Peak 92.4% Powertrain Efficiency Domain
LUCID-AIR-2662,19717,833.6,3100.1,97.7,91.35,Stator Micro-Channel Coolant Active
LUCID-AIR-2663,14323,885.9,2024.2,74.7,92.44,Peak 92.4% Powertrain Efficiency Domain
LUCID-AIR-2664,18578,904.3,2700.6,89.6,91.31,Stator Micro-Channel Coolant Active
LUCID-AIR-2665,19800,887.8,3195.1,99.8,91.22,Stator Micro-Channel Coolant Active
LUCID-AIR-2666,16079,891.2,2366.8,83.5,91.87,Peak 92.4% Powertrain Efficiency Domain
LUCID-AIR-2667,8956,857.7,750.9,48.8,93.87,Peak 92.4% Powertrain Efficiency Domain
LUCID-AIR-2668,5232,861.8,499.1,53.7,94.44,Peak 92.4% Powertrain Efficiency Domain
LUCID-AIR-2669,14109,857.0,1869.8,83.2,92.36,Peak 92.4% Powertrain Efficiency Domain
LUCID-AIR-2670,11579,874.5,1484.6,70.2,93.1,Peak 92.4% Powertrain Efficiency Domain
LUCID-AIR-2671,4984,915.1,787.9,61.1,93.72,Peak 92.4% Powertrain Efficiency Domain
LUCID-AIR-2672,15461,853.2,2139.5,75.5,92.11,Peak 92.4% Powertrain Efficiency Domain
LUCID-AIR-2673,13889,896.1,1784.8,74.8,92.48,Peak 92.4% Powertrain Efficiency Domain
LUCID-AIR-2674,5302,918.0,475.4,51.7,94.24,Peak 92.4% Powertrain Efficiency Domain
LUCID-AIR-2675,6473,905.9,564.8,50.5,94.01,Peak 92.4% Powertrain Efficiency Domain
LUCID-AIR-2676,8863,897.3,906.9,63.8,94.1,Peak 92.4% Powertrain Efficiency Domain
LUCID-AIR-2677,17297,854.8,2628.8,85.5,91.43,Stator Micro-Channel Coolant Active
LUCID-AIR-2678,6791,879.2,528.0,47.1,93.84,Peak 92.4% Powertrain Efficiency Domain
LUCID-AIR-2679,8684,922.8,1110.2,66.8,93.49,Peak 92.4% Powertrain Efficiency Domain
LUCID-AIR-2680,11728,822.5,999.0,66.1,93.59,Peak 92.4% Powertrain Efficiency Domain
LUCID-AIR-2681,19877,883.3,3098.3,97.4,91.02,Stator Micro-Channel Coolant Active
LUCID-AIR-2682,2794,884.0,25.1,39.7,93.79,Peak 92.4% Powertrain Efficiency Domain
LUCID-AIR-2683,9275,844.1,1009.5,63.5,93.77,Peak 92.4% Powertrain Efficiency Domain
LUCID-AIR-2684,11997,916.2,1286.8,67.5,93.16,Peak 92.4% Powertrain Efficiency Domain
LUCID-AIR-2685,6624,859.9,612.5,51.7,93.47,Peak 92.4% Powertrain Efficiency Domain
LUCID-AIR-2686,19541,879.6,3390.8,101.4,90.88,Stator Micro-Channel Coolant Active
LUCID-AIR-2687,14382,846.1,1652.4,69.2,92.21,Peak 92.4% Powertrain Efficiency Domain
LUCID-AIR-2688,5165,900.0,258.1,49.0,94.37,Peak 92.4% Powertrain Efficiency Domain
LUCID-AIR-2689,6338,895.1,536.3,52.9,93.97,Peak 92.4% Powertrain Efficiency Domain
LUCID-AIR-2690,19696,859.4,3098.2,92.7,91.31,Stator Micro-Channel Coolant Active
LUCID-AIR-2691,19081,846.7,2918.6,89.2,91.16,Stator Micro-Channel Coolant Active
LUCID-AIR-2692,4635,858.0,470.3,55.2,94.18,Peak 92.4% Powertrain Efficiency Domain
LUCID-AIR-2693,7952,882.5,497.4,49.6,94.26,Peak 92.4% Powertrain Efficiency Domain
LUCID-AIR-2694,2424,837.2,-160.1,45.6,94.72,Peak 92.4% Powertrain Efficiency Domain
LUCID-AIR-2695,8330,852.4,729.0,55.7,93.66,Peak 92.4% Powertrain Efficiency Domain
LUCID-AIR-2696,3088,840.0,238.8,47.5,93.64,Peak 92.4% Powertrain Efficiency Domain
LUCID-AIR-2697,6023,895.7,503.6,57.9,93.9,Peak 92.4% Powertrain Efficiency Domain
LUCID-AIR-2698,11233,891.3,1205.4,61.6,92.78,Peak 92.4% Powertrain Efficiency Domain
LUCID-AIR-2699,4698,873.6,314.9,50.7,94.11,Peak 92.4% Powertrain Efficiency Domain
LUCID-AIR-2700,12165,912.1,1442.8,70.2,92.26,Peak 92.4% Powertrain Efficiency Domain
LUCID-AIR-2701,4324,884.4,67.0,47.3,94.73,Peak 92.4% Powertrain Efficiency Domain
LUCID-AIR-2702,15796,872.4,2183.7,78.2,92.26,Peak 92.4% Powertrain Efficiency Domain
LUCID-AIR-2703,17123,881.6,2443.9,78.0,91.74,Peak 92.4% Powertrain Efficiency Domain
LUCID-AIR-2704,2145,848.9,138.2,44.1,94.26,Peak 92.4% Powertrain Efficiency Domain
LUCID-AIR-2705,10776,863.2,1262.2,64.6,93.27,Peak 92.4% Powertrain Efficiency Domain
LUCID-AIR-2706,15831,884.8,2401.6,84.8,91.81,Peak 92.4% Powertrain Efficiency Domain
LUCID-AIR-2707,13111,896.9,1800.4,68.6,92.07,Peak 92.4% Powertrain Efficiency Domain
LUCID-AIR-2708,10548,844.9,1146.2,66.9,93.3,Peak 92.4% Powertrain Efficiency Domain
LUCID-AIR-2709,9699,920.8,1029.9,57.3,92.94,Peak 92.4% Powertrain Efficiency Domain
LUCID-AIR-2710,16658,829.6,2242.1,85.6,92.23,Stator Micro-Channel Coolant Active
LUCID-AIR-2711,7125,859.6,589.7,57.3,93.91,Peak 92.4% Powertrain Efficiency Domain
LUCID-AIR-2712,5462,880.0,104.7,48.5,94.37,Peak 92.4% Powertrain Efficiency Domain
LUCID-AIR-2713,15159,874.6,2102.1,79.5,92.17,Peak 92.4% Powertrain Efficiency Domain
LUCID-AIR-2714,11377,914.3,1460.9,69.6,92.38,Peak 92.4% Powertrain Efficiency Domain
LUCID-AIR-2715,2688,867.6,-1.2,41.0,94.64,Peak 92.4% Powertrain Efficiency Domain
LUCID-AIR-2716,4298,904.0,147.7,47.4,94.39,Peak 92.4% Powertrain Efficiency Domain
LUCID-AIR-2717,14039,917.9,1757.8,69.4,92.44,Peak 92.4% Powertrain Efficiency Domain
LUCID-AIR-2718,12434,876.2,1603.5,67.2,92.9,Peak 92.4% Powertrain Efficiency Domain
LUCID-AIR-2719,8919,832.9,603.5,48.4,93.95,Peak 92.4% Powertrain Efficiency Domain
LUCID-AIR-2720,5101,853.5,211.7,43.2,94.07,Peak 92.4% Powertrain Efficiency Domain
LUCID-AIR-2721,17949,916.6,2729.4,85.9,91.61,Stator Micro-Channel Coolant Active
LUCID-AIR-2722,15548,877.1,2001.8,77.1,92.14,Peak 92.4% Powertrain Efficiency Domain
LUCID-AIR-2723,4384,916.9,48.0,47.0,94.46,Peak 92.4% Powertrain Efficiency Domain
LUCID-AIR-2724,6874,828.4,801.4,61.5,93.95,Peak 92.4% Powertrain Efficiency Domain
LUCID-AIR-2725,3561,897.5,204.1,48.8,94.55,Peak 92.4% Powertrain Efficiency Domain
LUCID-AIR-2726,3420,889.5,108.9,51.4,94.42,Peak 92.4% Powertrain Efficiency Domain
LUCID-AIR-2727,12885,890.5,1598.3,67.7,92.63,Peak 92.4% Powertrain Efficiency Domain
LUCID-AIR-2728,8477,836.2,901.0,55.6,93.78,Peak 92.4% Powertrain Efficiency Domain
LUCID-AIR-2729,9082,840.9,1172.8,64.0,93.66,Peak 92.4% Powertrain Efficiency Domain
LUCID-AIR-2730,19156,919.8,2897.7,89.6,91.49,Stator Micro-Channel Coolant Active
LUCID-AIR-2731,10498,882.1,890.7,59.7,93.4,Peak 92.4% Powertrain Efficiency Domain
LUCID-AIR-2732,8563,872.6,696.3,52.8,93.47,Peak 92.4% Powertrain Efficiency Domain
LUCID-AIR-2733,7480,910.6,732.1,59.5,93.75,Peak 92.4% Powertrain Efficiency Domain
LUCID-AIR-2734,12150,895.6,1322.1,65.6,92.85,Peak 92.4% Powertrain Efficiency Domain
LUCID-AIR-2735,19408,896.5,3288.4,95.6,90.97,Stator Micro-Channel Coolant Active
LUCID-AIR-2736,6246,876.9,422.9,47.2,94.19,Peak 92.4% Powertrain Efficiency Domain
LUCID-AIR-2737,10537,838.4,1154.4,60.6,93.06,Peak 92.4% Powertrain Efficiency Domain
LUCID-AIR-2738,13833,914.9,1906.7,73.1,92.02,Peak 92.4% Powertrain Efficiency Domain
LUCID-AIR-2739,16871,862.7,2159.9,77.9,92.0,Peak 92.4% Powertrain Efficiency Domain
LUCID-AIR-2740,10737,834.8,1249.7,62.5,93.29,Peak 92.4% Powertrain Efficiency Domain
LUCID-AIR-2741,2609,853.4,70.6,49.2,94.62,Peak 92.4% Powertrain Efficiency Domain
LUCID-AIR-2742,9111,854.4,974.3,59.7,93.66,Peak 92.4% Powertrain Efficiency Domain
LUCID-AIR-2743,13253,915.6,1327.9,64.8,93.0,Peak 92.4% Powertrain Efficiency Domain
LUCID-AIR-2744,2809,859.5,209.9,51.1,94.2,Peak 92.4% Powertrain Efficiency Domain
LUCID-AIR-2745,19137,920.5,3029.3,89.3,90.82,Stator Micro-Channel Coolant Active
LUCID-AIR-2746,13252,910.5,1535.5,69.9,93.0,Peak 92.4% Powertrain Efficiency Domain
LUCID-AIR-2747,19189,888.0,3115.9,93.6,91.36,Stator Micro-Channel Coolant Active
LUCID-AIR-2748,17513,921.6,2422.7,86.0,92.51,Stator Micro-Channel Coolant Active
LUCID-AIR-2749,4540,889.4,426.1,54.2,93.96,Peak 92.4% Powertrain Efficiency Domain
LUCID-AIR-2750,15628,852.6,2224.4,78.9,91.64,Peak 92.4% Powertrain Efficiency Domain
LUCID-AIR-2751,9179,923.1,865.5,56.1,94.57,Peak 92.4% Powertrain Efficiency Domain
LUCID-AIR-2752,10842,865.6,1160.6,60.5,93.1,Peak 92.4% Powertrain Efficiency Domain
LUCID-AIR-2753,6369,834.0,551.4,54.3,94.29,Peak 92.4% Powertrain Efficiency Domain
LUCID-AIR-2754,5022,904.8,292.0,48.6,93.91,Peak 92.4% Powertrain Efficiency Domain
LUCID-AIR-2755,18325,856.9,2803.1,87.2,91.02,Stator Micro-Channel Coolant Active
LUCID-AIR-2756,15321,897.8,1877.8,76.3,91.9,Peak 92.4% Powertrain Efficiency Domain
LUCID-AIR-2757,5645,894.0,414.6,54.3,94.99,Peak 92.4% Powertrain Efficiency Domain
LUCID-AIR-2758,11943,901.5,1477.6,68.3,92.85,Peak 92.4% Powertrain Efficiency Domain
LUCID-AIR-2759,7157,922.4,511.7,59.4,94.11,Peak 92.4% Powertrain Efficiency Domain
LUCID-AIR-2760,12171,889.3,1500.0,69.5,92.6,Peak 92.4% Powertrain Efficiency Domain
LUCID-AIR-2761,4936,908.9,195.0,47.2,94.68,Peak 92.4% Powertrain Efficiency Domain
LUCID-AIR-2762,16105,919.2,2503.6,81.4,91.84,Peak 92.4% Powertrain Efficiency Domain
LUCID-AIR-2763,10208,921.2,1279.1,66.3,93.05,Peak 92.4% Powertrain Efficiency Domain
LUCID-AIR-2764,13794,921.3,1715.0,75.8,92.81,Peak 92.4% Powertrain Efficiency Domain
LUCID-AIR-2765,3124,865.1,12.7,42.3,94.11,Peak 92.4% Powertrain Efficiency Domain
LUCID-AIR-2766,10043,915.4,966.9,59.5,93.43,Peak 92.4% Powertrain Efficiency Domain
LUCID-AIR-2767,12133,870.2,1664.7,73.0,93.23,Peak 92.4% Powertrain Efficiency Domain
LUCID-AIR-2768,19475,923.6,3000.5,90.7,90.9,Stator Micro-Channel Coolant Active
LUCID-AIR-2769,16645,875.6,2511.1,82.9,91.55,Peak 92.4% Powertrain Efficiency Domain
LUCID-AIR-2770,18427,842.1,2894.4,82.3,91.78,Peak 92.4% Powertrain Efficiency Domain
LUCID-AIR-2771,12049,877.8,1603.2,67.2,92.6,Peak 92.4% Powertrain Efficiency Domain
LUCID-AIR-2772,9481,902.4,918.1,62.1,93.14,Peak 92.4% Powertrain Efficiency Domain
LUCID-AIR-2773,15055,878.7,1826.7,71.0,92.35,Peak 92.4% Powertrain Efficiency Domain
LUCID-AIR-2774,16714,854.5,2371.7,81.1,91.62,Peak 92.4% Powertrain Efficiency Domain
LUCID-AIR-2775,8929,849.1,583.8,48.3,93.73,Peak 92.4% Powertrain Efficiency Domain
LUCID-AIR-2776,3396,833.4,224.8,49.1,93.83,Peak 92.4% Powertrain Efficiency Domain
LUCID-AIR-2777,10639,909.4,1218.4,65.1,93.3,Peak 92.4% Powertrain Efficiency Domain
LUCID-AIR-2778,10906,830.1,1216.9,62.2,92.93,Peak 92.4% Powertrain Efficiency Domain
LUCID-AIR-2779,13352,862.2,1777.0,69.3,92.46,Peak 92.4% Powertrain Efficiency Domain
LUCID-AIR-2780,18402,887.9,2678.5,86.9,91.48,Stator Micro-Channel Coolant Active
LUCID-AIR-2781,18788,882.5,3054.9,90.6,91.5,Stator Micro-Channel Coolant Active
LUCID-AIR-2782,15657,911.5,2064.7,81.8,92.17,Peak 92.4% Powertrain Efficiency Domain
LUCID-AIR-2783,4581,883.1,349.5,50.8,94.33,Peak 92.4% Powertrain Efficiency Domain
LUCID-AIR-2784,10734,921.2,1091.8,59.8,92.98,Peak 92.4% Powertrain Efficiency Domain
LUCID-AIR-2785,2227,842.6,236.8,50.7,94.66,Peak 92.4% Powertrain Efficiency Domain
LUCID-AIR-2786,17120,832.1,2287.6,82.2,92.49,Peak 92.4% Powertrain Efficiency Domain
LUCID-AIR-2787,10775,873.7,948.8,60.7,93.13,Peak 92.4% Powertrain Efficiency Domain
LUCID-AIR-2788,14234,902.0,1735.4,79.6,92.47,Peak 92.4% Powertrain Efficiency Domain
LUCID-AIR-2789,8414,874.0,983.7,57.3,93.73,Peak 92.4% Powertrain Efficiency Domain
LUCID-AIR-2790,5651,846.6,604.3,51.6,93.82,Peak 92.4% Powertrain Efficiency Domain
LUCID-AIR-2791,11420,851.3,1355.9,69.4,93.58,Peak 92.4% Powertrain Efficiency Domain
LUCID-AIR-2792,13000,830.7,1699.3,75.8,92.79,Peak 92.4% Powertrain Efficiency Domain
LUCID-AIR-2793,15520,834.2,2212.6,76.4,91.92,Peak 92.4% Powertrain Efficiency Domain
LUCID-AIR-2794,10411,823.8,939.0,62.5,93.36,Peak 92.4% Powertrain Efficiency Domain
LUCID-AIR-2795,11848,857.3,1401.2,69.0,93.18,Peak 92.4% Powertrain Efficiency Domain
LUCID-AIR-2796,17434,872.5,2595.6,82.0,91.68,Peak 92.4% Powertrain Efficiency Domain
LUCID-AIR-2797,18148,916.6,3156.8,98.6,91.32,Stator Micro-Channel Coolant Active
LUCID-AIR-2798,5274,867.5,248.7,52.8,94.51,Peak 92.4% Powertrain Efficiency Domain
LUCID-AIR-2799,16791,843.2,2452.2,84.7,91.59,Peak 92.4% Powertrain Efficiency Domain
LUCID-AIR-2800,19436,849.8,3048.4,90.7,91.07,Stator Micro-Channel Coolant Active
LUCID-AIR-2801,11760,923.4,1208.7,69.6,93.26,Peak 92.4% Powertrain Efficiency Domain
LUCID-AIR-2802,19078,908.1,3238.4,98.4,91.28,Stator Micro-Channel Coolant Active
LUCID-AIR-2803,10756,899.8,1189.8,60.9,92.92,Peak 92.4% Powertrain Efficiency Domain
LUCID-AIR-2804,5128,859.6,223.4,50.3,93.93,Peak 92.4% Powertrain Efficiency Domain
LUCID-AIR-2805,5436,912.3,258.4,45.7,94.54,Peak 92.4% Powertrain Efficiency Domain
LUCID-AIR-2806,17870,866.2,2693.5,86.2,91.49,Stator Micro-Channel Coolant Active
LUCID-AIR-2807,14124,881.1,2020.8,77.3,92.3,Peak 92.4% Powertrain Efficiency Domain
LUCID-AIR-2808,13492,897.2,1783.6,73.9,92.39,Peak 92.4% Powertrain Efficiency Domain
LUCID-AIR-2809,17185,871.1,2683.0,88.5,91.64,Stator Micro-Channel Coolant Active
LUCID-AIR-2810,2619,918.6,230.1,46.3,94.04,Peak 92.4% Powertrain Efficiency Domain
LUCID-AIR-2811,15529,921.0,1797.6,74.8,92.7,Peak 92.4% Powertrain Efficiency Domain
LUCID-AIR-2812,4852,856.3,150.3,46.9,94.42,Peak 92.4% Powertrain Efficiency Domain
LUCID-AIR-2813,14387,870.3,1906.1,69.8,92.86,Peak 92.4% Powertrain Efficiency Domain
LUCID-AIR-2814,6876,915.5,867.2,57.8,93.85,Peak 92.4% Powertrain Efficiency Domain
LUCID-AIR-2815,18064,922.2,2764.9,89.7,91.68,Stator Micro-Channel Coolant Active
LUCID-AIR-2816,7415,895.1,578.4,52.3,93.89,Peak 92.4% Powertrain Efficiency Domain
LUCID-AIR-2817,10193,875.2,1111.9,61.7,93.13,Peak 92.4% Powertrain Efficiency Domain
LUCID-AIR-2818,5061,864.4,397.0,42.8,94.22,Peak 92.4% Powertrain Efficiency Domain
LUCID-AIR-2819,12255,839.4,1443.6,62.6,93.01,Peak 92.4% Powertrain Efficiency Domain
LUCID-AIR-2820,10650,920.6,1095.6,61.3,93.21,Peak 92.4% Powertrain Efficiency Domain
LUCID-AIR-2821,5411,822.3,637.7,52.8,93.53,Peak 92.4% Powertrain Efficiency Domain
LUCID-AIR-2822,10792,862.7,977.9,58.9,93.71,Peak 92.4% Powertrain Efficiency Domain
LUCID-AIR-2823,9801,830.9,1130.0,60.5,93.46,Peak 92.4% Powertrain Efficiency Domain
LUCID-AIR-2824,19173,849.6,2789.6,87.8,91.72,Stator Micro-Channel Coolant Active
LUCID-AIR-2825,12576,869.5,1105.0,63.7,93.29,Peak 92.4% Powertrain Efficiency Domain
LUCID-AIR-2826,13683,840.5,1527.1,68.9,92.85,Peak 92.4% Powertrain Efficiency Domain
LUCID-AIR-2827,15757,847.1,2057.3,79.8,92.02,Peak 92.4% Powertrain Efficiency Domain
LUCID-AIR-2828,6461,836.8,604.6,52.3,93.54,Peak 92.4% Powertrain Efficiency Domain
LUCID-AIR-2829,6538,861.9,435.0,46.7,93.87,Peak 92.4% Powertrain Efficiency Domain
LUCID-AIR-2830,17704,845.7,2802.2,91.3,90.98,Stator Micro-Channel Coolant Active
LUCID-AIR-2831,16519,831.7,2428.3,79.3,92.27,Peak 92.4% Powertrain Efficiency Domain
LUCID-AIR-2832,4884,891.4,342.3,52.2,94.09,Peak 92.4% Powertrain Efficiency Domain
LUCID-AIR-2833,18885,826.5,3010.3,91.4,91.23,Stator Micro-Channel Coolant Active
LUCID-AIR-2834,18277,852.7,2897.0,91.1,91.4,Stator Micro-Channel Coolant Active
LUCID-AIR-2835,5098,849.4,400.3,51.0,94.11,Peak 92.4% Powertrain Efficiency Domain
LUCID-AIR-2836,11078,907.2,1044.7,54.5,93.21,Peak 92.4% Powertrain Efficiency Domain
LUCID-AIR-2837,8879,844.9,856.4,55.3,93.55,Peak 92.4% Powertrain Efficiency Domain
LUCID-AIR-2838,14857,868.2,1996.6,71.0,92.07,Peak 92.4% Powertrain Efficiency Domain
LUCID-AIR-2839,12517,875.9,1750.6,71.6,92.1,Peak 92.4% Powertrain Efficiency Domain
LUCID-AIR-2840,7094,830.2,732.9,63.8,93.28,Peak 92.4% Powertrain Efficiency Domain
LUCID-AIR-2841,16435,846.0,2259.7,79.9,92.04,Peak 92.4% Powertrain Efficiency Domain
LUCID-AIR-2842,19052,831.6,2909.9,89.5,91.32,Stator Micro-Channel Coolant Active
LUCID-AIR-2843,15500,910.7,2153.1,71.2,92.0,Peak 92.4% Powertrain Efficiency Domain
LUCID-AIR-2844,17604,837.4,2399.4,86.7,92.39,Stator Micro-Channel Coolant Active
LUCID-AIR-2845,12505,851.1,1469.6,68.9,93.02,Peak 92.4% Powertrain Efficiency Domain
LUCID-AIR-2846,17397,871.9,2505.1,80.1,91.93,Peak 92.4% Powertrain Efficiency Domain
LUCID-AIR-2847,14525,855.2,1816.0,73.5,92.31,Peak 92.4% Powertrain Efficiency Domain
LUCID-AIR-2848,4759,896.6,323.3,54.8,94.14,Peak 92.4% Powertrain Efficiency Domain
LUCID-AIR-2849,13014,890.2,1585.5,70.7,92.74,Peak 92.4% Powertrain Efficiency Domain
LUCID-AIR-2850,10423,866.0,885.0,58.7,93.37,Peak 92.4% Powertrain Efficiency Domain
LUCID-AIR-2851,12447,906.5,1679.1,69.3,92.66,Peak 92.4% Powertrain Efficiency Domain
LUCID-AIR-2852,18555,913.4,3179.5,94.8,91.54,Stator Micro-Channel Coolant Active
LUCID-AIR-2853,4332,871.9,298.3,50.2,94.49,Peak 92.4% Powertrain Efficiency Domain
LUCID-AIR-2854,18912,851.0,3199.1,96.6,91.16,Stator Micro-Channel Coolant Active
LUCID-AIR-2855,2829,895.3,111.6,47.1,94.09,Peak 92.4% Powertrain Efficiency Domain
LUCID-AIR-2856,19106,916.9,2946.8,96.0,91.84,Stator Micro-Channel Coolant Active
LUCID-AIR-2857,16738,836.6,2310.2,84.1,92.43,Peak 92.4% Powertrain Efficiency Domain
LUCID-AIR-2858,9140,866.4,1071.3,64.4,93.64,Peak 92.4% Powertrain Efficiency Domain
LUCID-AIR-2859,18455,914.5,2785.2,93.5,91.25,Stator Micro-Channel Coolant Active
LUCID-AIR-2860,12357,821.3,1309.3,68.8,92.82,Peak 92.4% Powertrain Efficiency Domain
LUCID-AIR-2861,15566,887.4,2002.3,79.0,92.36,Peak 92.4% Powertrain Efficiency Domain
LUCID-AIR-2862,5051,828.1,330.3,49.8,93.91,Peak 92.4% Powertrain Efficiency Domain
LUCID-AIR-2863,2257,898.3,252.3,48.6,94.44,Peak 92.4% Powertrain Efficiency Domain
LUCID-AIR-2864,13924,914.8,1708.4,68.4,92.8,Peak 92.4% Powertrain Efficiency Domain
LUCID-AIR-2865,10088,882.1,1152.8,64.9,93.85,Peak 92.4% Powertrain Efficiency Domain
LUCID-AIR-2866,10645,820.5,880.7,56.5,93.56,Peak 92.4% Powertrain Efficiency Domain
LUCID-AIR-2867,7612,857.0,617.5,56.7,93.77,Peak 92.4% Powertrain Efficiency Domain
LUCID-AIR-2868,6535,918.4,400.2,49.2,93.64,Peak 92.4% Powertrain Efficiency Domain
LUCID-AIR-2869,11689,921.9,1187.6,64.4,93.15,Peak 92.4% Powertrain Efficiency Domain
LUCID-AIR-2870,16730,864.5,2673.1,85.9,91.57,Stator Micro-Channel Coolant Active
LUCID-AIR-2871,8815,861.0,973.1,67.9,93.51,Peak 92.4% Powertrain Efficiency Domain
LUCID-AIR-2872,3587,830.2,396.7,45.0,94.07,Peak 92.4% Powertrain Efficiency Domain
LUCID-AIR-2873,15937,852.2,2482.0,83.5,91.74,Peak 92.4% Powertrain Efficiency Domain
LUCID-AIR-2874,3538,874.2,99.9,47.3,93.98,Peak 92.4% Powertrain Efficiency Domain
LUCID-AIR-2875,3175,836.1,210.9,46.9,93.7,Peak 92.4% Powertrain Efficiency Domain
LUCID-AIR-2876,4899,870.2,226.6,54.0,94.21,Peak 92.4% Powertrain Efficiency Domain
LUCID-AIR-2877,12979,846.0,1442.7,72.8,92.69,Peak 92.4% Powertrain Efficiency Domain
LUCID-AIR-2878,12673,850.6,1612.2,71.2,92.28,Peak 92.4% Powertrain Efficiency Domain
LUCID-AIR-2879,19518,886.7,3270.5,96.2,91.05,Stator Micro-Channel Coolant Active
LUCID-AIR-2880,16639,846.5,2592.3,87.1,91.31,Stator Micro-Channel Coolant Active
LUCID-AIR-2881,10404,882.7,1211.6,68.2,92.98,Peak 92.4% Powertrain Efficiency Domain
LUCID-AIR-2882,5313,875.0,636.0,49.4,93.81,Peak 92.4% Powertrain Efficiency Domain
LUCID-AIR-2883,16151,858.9,2066.8,76.0,92.45,Peak 92.4% Powertrain Efficiency Domain
LUCID-AIR-2884,5294,880.1,133.8,48.9,94.75,Peak 92.4% Powertrain Efficiency Domain
LUCID-AIR-2885,3103,895.2,95.9,44.1,94.26,Peak 92.4% Powertrain Efficiency Domain
LUCID-AIR-2886,2563,911.8,-15.2,42.9,94.17,Peak 92.4% Powertrain Efficiency Domain
LUCID-AIR-2887,15712,823.4,2108.9,73.7,92.63,Peak 92.4% Powertrain Efficiency Domain
LUCID-AIR-2888,13229,849.8,1648.3,67.0,93.52,Peak 92.4% Powertrain Efficiency Domain
LUCID-AIR-2889,11959,857.2,1271.9,63.8,93.55,Peak 92.4% Powertrain Efficiency Domain
LUCID-AIR-2890,2138,901.4,-211.1,42.1,94.24,Peak 92.4% Powertrain Efficiency Domain
LUCID-AIR-2891,2993,866.7,345.9,47.9,93.39,Peak 92.4% Powertrain Efficiency Domain
LUCID-AIR-2892,11359,861.7,1200.6,60.7,93.45,Peak 92.4% Powertrain Efficiency Domain
LUCID-AIR-2893,9015,900.5,1005.8,57.0,93.46,Peak 92.4% Powertrain Efficiency Domain
LUCID-AIR-2894,8278,884.6,863.8,59.6,94.05,Peak 92.4% Powertrain Efficiency Domain
LUCID-AIR-2895,3895,850.1,140.3,44.2,94.17,Peak 92.4% Powertrain Efficiency Domain
LUCID-AIR-2896,14662,887.4,1927.1,80.1,92.33,Peak 92.4% Powertrain Efficiency Domain
LUCID-AIR-2897,2115,827.7,165.0,47.9,94.21,Peak 92.4% Powertrain Efficiency Domain
LUCID-AIR-2898,11760,828.3,1427.5,68.9,92.89,Peak 92.4% Powertrain Efficiency Domain
LUCID-AIR-2899,5476,851.6,167.1,50.3,94.41,Peak 92.4% Powertrain Efficiency Domain
LUCID-AIR-2900,9146,877.0,699.6,53.6,94.25,Peak 92.4% Powertrain Efficiency Domain
LUCID-AIR-2901,5702,908.4,354.5,55.1,94.0,Peak 92.4% Powertrain Efficiency Domain
LUCID-AIR-2902,9624,889.9,1234.6,60.7,93.34,Peak 92.4% Powertrain Efficiency Domain
LUCID-AIR-2903,15434,913.7,1819.9,75.4,92.73,Peak 92.4% Powertrain Efficiency Domain
LUCID-AIR-2904,3975,916.8,260.6,50.8,94.33,Peak 92.4% Powertrain Efficiency Domain
LUCID-AIR-2905,6469,829.9,617.4,55.2,93.78,Peak 92.4% Powertrain Efficiency Domain
LUCID-AIR-2906,9975,883.7,1144.0,62.2,93.31,Peak 92.4% Powertrain Efficiency Domain
LUCID-AIR-2907,10697,844.5,1170.8,65.8,93.62,Peak 92.4% Powertrain Efficiency Domain
LUCID-AIR-2908,4746,876.7,116.0,52.1,94.25,Peak 92.4% Powertrain Efficiency Domain
LUCID-AIR-2909,13672,875.5,1655.8,67.5,92.87,Peak 92.4% Powertrain Efficiency Domain
LUCID-AIR-2910,6686,846.4,506.2,46.4,94.01,Peak 92.4% Powertrain Efficiency Domain
LUCID-AIR-2911,6740,916.4,664.5,54.2,93.67,Peak 92.4% Powertrain Efficiency Domain
LUCID-AIR-2912,10154,923.6,889.7,57.9,94.06,Peak 92.4% Powertrain Efficiency Domain
LUCID-AIR-2913,3020,908.1,-105.4,38.7,94.51,Peak 92.4% Powertrain Efficiency Domain
LUCID-AIR-2914,14967,851.5,2051.8,75.7,92.46,Peak 92.4% Powertrain Efficiency Domain
LUCID-AIR-2915,10136,825.0,1139.4,67.0,93.1,Peak 92.4% Powertrain Efficiency Domain
LUCID-AIR-2916,5425,863.4,425.1,52.9,94.43,Peak 92.4% Powertrain Efficiency Domain
LUCID-AIR-2917,8224,878.5,718.2,63.9,94.21,Peak 92.4% Powertrain Efficiency Domain
LUCID-AIR-2918,5274,861.5,15.7,45.2,94.37,Peak 92.4% Powertrain Efficiency Domain
LUCID-AIR-2919,9245,841.7,667.6,56.7,93.73,Peak 92.4% Powertrain Efficiency Domain
LUCID-AIR-2920,10039,822.2,1075.6,57.3,93.05,Peak 92.4% Powertrain Efficiency Domain
LUCID-AIR-2921,6183,852.0,542.2,53.6,93.95,Peak 92.4% Powertrain Efficiency Domain
LUCID-AIR-2922,19457,911.4,3287.9,98.1,90.63,Stator Micro-Channel Coolant Active
LUCID-AIR-2923,7457,827.0,451.8,54.5,94.44,Peak 92.4% Powertrain Efficiency Domain
LUCID-AIR-2924,9816,914.1,696.1,55.0,94.22,Peak 92.4% Powertrain Efficiency Domain
LUCID-AIR-2925,15732,920.7,1992.3,68.9,92.35,Peak 92.4% Powertrain Efficiency Domain
LUCID-AIR-2926,15303,852.9,2099.2,82.0,92.27,Peak 92.4% Powertrain Efficiency Domain
LUCID-AIR-2927,15151,847.2,1864.4,70.9,92.29,Peak 92.4% Powertrain Efficiency Domain
LUCID-AIR-2928,15509,898.9,2116.8,75.9,92.28,Peak 92.4% Powertrain Efficiency Domain
LUCID-AIR-2929,11131,835.9,1351.8,65.1,93.03,Peak 92.4% Powertrain Efficiency Domain
LUCID-AIR-2930,8730,922.1,1001.9,61.0,93.5,Peak 92.4% Powertrain Efficiency Domain
LUCID-AIR-2931,13354,917.7,1732.7,72.4,92.7,Peak 92.4% Powertrain Efficiency Domain
LUCID-AIR-2932,14768,827.8,1968.0,75.0,92.38,Peak 92.4% Powertrain Efficiency Domain
LUCID-AIR-2933,12064,914.3,1530.8,69.3,93.02,Peak 92.4% Powertrain Efficiency Domain
LUCID-AIR-2934,16608,909.3,2471.5,90.2,91.67,Stator Micro-Channel Coolant Active
LUCID-AIR-2935,19718,833.8,2925.6,86.9,91.3,Stator Micro-Channel Coolant Active
LUCID-AIR-2936,14551,909.3,1915.8,77.2,92.64,Peak 92.4% Powertrain Efficiency Domain
LUCID-AIR-2937,16373,908.5,2237.4,82.8,92.67,Peak 92.4% Powertrain Efficiency Domain
LUCID-AIR-2938,5017,835.8,422.0,48.9,93.58,Peak 92.4% Powertrain Efficiency Domain
LUCID-AIR-2939,8219,898.0,512.2,53.3,93.9,Peak 92.4% Powertrain Efficiency Domain
LUCID-AIR-2940,8408,916.2,614.6,56.7,93.77,Peak 92.4% Powertrain Efficiency Domain
LUCID-AIR-2941,19471,917.3,3206.1,94.8,91.33,Stator Micro-Channel Coolant Active
LUCID-AIR-2942,7098,901.8,715.8,54.2,93.46,Peak 92.4% Powertrain Efficiency Domain
LUCID-AIR-2943,14800,859.9,1884.2,72.7,92.41,Peak 92.4% Powertrain Efficiency Domain
LUCID-AIR-2944,12692,883.5,1846.5,78.4,92.22,Peak 92.4% Powertrain Efficiency Domain
LUCID-AIR-2945,16902,867.6,2858.0,85.2,91.41,Stator Micro-Channel Coolant Active
LUCID-AIR-2946,14850,893.7,1983.9,77.4,92.74,Peak 92.4% Powertrain Efficiency Domain
LUCID-AIR-2947,8394,908.6,681.6,53.6,93.98,Peak 92.4% Powertrain Efficiency Domain
LUCID-AIR-2948,5674,833.4,496.8,58.3,94.18,Peak 92.4% Powertrain Efficiency Domain
LUCID-AIR-2949,4575,897.2,366.5,45.0,93.77,Peak 92.4% Powertrain Efficiency Domain
LUCID-AIR-2950,17242,902.5,2307.0,81.5,91.35,Peak 92.4% Powertrain Efficiency Domain
LUCID-AIR-2951,15961,891.6,2130.5,77.3,92.28,Peak 92.4% Powertrain Efficiency Domain
LUCID-AIR-2952,17497,919.2,2783.9,87.7,91.01,Stator Micro-Channel Coolant Active
LUCID-AIR-2953,7247,836.0,552.7,56.8,94.25,Peak 92.4% Powertrain Efficiency Domain
LUCID-AIR-2954,2502,905.9,-193.4,45.9,94.97,Peak 92.4% Powertrain Efficiency Domain
LUCID-AIR-2955,3283,921.5,140.3,51.0,94.32,Peak 92.4% Powertrain Efficiency Domain
LUCID-AIR-2956,17195,827.9,2373.0,86.9,91.94,Stator Micro-Channel Coolant Active
LUCID-AIR-2957,4731,921.5,209.9,51.4,93.74,Peak 92.4% Powertrain Efficiency Domain
LUCID-AIR-2958,17922,863.9,2618.5,85.2,91.73,Stator Micro-Channel Coolant Active
LUCID-AIR-2959,19212,867.3,3046.3,95.7,91.34,Stator Micro-Channel Coolant Active
LUCID-AIR-2960,16421,844.8,1817.2,68.7,92.36,Peak 92.4% Powertrain Efficiency Domain
LUCID-AIR-2961,8295,889.8,1247.3,63.2,92.87,Peak 92.4% Powertrain Efficiency Domain
LUCID-AIR-2962,19186,863.9,2958.4,99.5,91.49,Stator Micro-Channel Coolant Active
LUCID-AIR-2963,9347,865.5,964.4,57.0,93.24,Peak 92.4% Powertrain Efficiency Domain
LUCID-AIR-2964,15806,906.2,2653.7,84.3,92.15,Peak 92.4% Powertrain Efficiency Domain
LUCID-AIR-2965,11223,899.1,1306.7,63.2,93.34,Peak 92.4% Powertrain Efficiency Domain
LUCID-AIR-2966,6153,829.1,519.4,49.6,93.84,Peak 92.4% Powertrain Efficiency Domain
LUCID-AIR-2967,16334,840.2,2216.8,76.1,92.84,Peak 92.4% Powertrain Efficiency Domain
LUCID-AIR-2968,17512,922.2,2794.9,91.8,91.77,Stator Micro-Channel Coolant Active
LUCID-AIR-2969,2810,870.6,-135.0,38.1,94.6,Peak 92.4% Powertrain Efficiency Domain
LUCID-AIR-2970,8980,913.1,856.7,55.4,93.5,Peak 92.4% Powertrain Efficiency Domain
LUCID-AIR-2971,12559,889.0,1689.0,71.2,92.41,Peak 92.4% Powertrain Efficiency Domain
LUCID-AIR-2972,12154,858.3,1504.4,74.1,92.9,Peak 92.4% Powertrain Efficiency Domain
LUCID-AIR-2973,14647,887.7,1854.0,69.3,92.48,Peak 92.4% Powertrain Efficiency Domain
LUCID-AIR-2974,12931,856.8,1600.0,70.4,92.59,Peak 92.4% Powertrain Efficiency Domain
LUCID-AIR-2975,18930,826.5,2764.8,83.6,91.55,Peak 92.4% Powertrain Efficiency Domain
LUCID-AIR-2976,3272,821.2,143.3,46.4,94.34,Peak 92.4% Powertrain Efficiency Domain
LUCID-AIR-2977,5436,909.9,369.9,57.3,93.85,Peak 92.4% Powertrain Efficiency Domain
LUCID-AIR-2978,7376,847.6,607.9,55.8,93.49,Peak 92.4% Powertrain Efficiency Domain
LUCID-AIR-2979,2084,915.8,166.7,52.4,94.47,Peak 92.4% Powertrain Efficiency Domain
LUCID-AIR-2980,2905,859.9,120.1,48.4,94.69,Peak 92.4% Powertrain Efficiency Domain
LUCID-AIR-2981,2848,916.5,269.8,48.7,94.57,Peak 92.4% Powertrain Efficiency Domain
LUCID-AIR-2982,17789,837.1,2816.3,88.1,91.19,Stator Micro-Channel Coolant Active
LUCID-AIR-2983,17484,851.5,2526.5,89.6,92.07,Stator Micro-Channel Coolant Active
LUCID-AIR-2984,14285,895.9,2153.8,82.9,91.8,Peak 92.4% Powertrain Efficiency Domain
LUCID-AIR-2985,10002,824.8,1132.1,62.1,92.79,Peak 92.4% Powertrain Efficiency Domain
LUCID-AIR-2986,7732,858.8,1027.8,65.3,93.16,Peak 92.4% Powertrain Efficiency Domain
LUCID-AIR-2987,6943,848.9,680.9,55.4,93.55,Peak 92.4% Powertrain Efficiency Domain
LUCID-AIR-2988,9915,844.8,807.4,60.7,93.65,Peak 92.4% Powertrain Efficiency Domain
LUCID-AIR-2989,4867,850.7,505.0,54.0,94.44,Peak 92.4% Powertrain Efficiency Domain
LUCID-AIR-2990,12002,860.6,1327.5,63.8,93.03,Peak 92.4% Powertrain Efficiency Domain
LUCID-AIR-2991,19400,860.9,2973.9,90.4,90.81,Stator Micro-Channel Coolant Active
LUCID-AIR-2992,11757,885.5,1493.9,67.4,92.87,Peak 92.4% Powertrain Efficiency Domain
LUCID-AIR-2993,4190,871.7,41.0,46.5,94.72,Peak 92.4% Powertrain Efficiency Domain
LUCID-AIR-2994,14536,850.2,1851.5,69.8,92.39,Peak 92.4% Powertrain Efficiency Domain
LUCID-AIR-2995,2535,907.5,218.4,47.8,93.95,Peak 92.4% Powertrain Efficiency Domain
LUCID-AIR-2996,13313,852.9,1733.0,74.8,92.34,Peak 92.4% Powertrain Efficiency Domain
LUCID-AIR-2997,17163,861.8,2400.5,78.6,92.13,Peak 92.4% Powertrain Efficiency Domain
LUCID-AIR-2998,19643,821.3,3151.2,97.3,90.99,Stator Micro-Channel Coolant Active
LUCID-AIR-2999,7428,883.2,765.4,60.7,93.85,Peak 92.4% Powertrain Efficiency Domain
LUCID-AIR-3000,15800,877.1,2084.7,81.8,92.14,Peak 92.4% Powertrain Efficiency Domain
LUCID-AIR-3001,19480,845.8,3040.3,93.5,90.58,Stator Micro-Channel Coolant Active
LUCID-AIR-3002,12900,856.3,1378.1,64.8,92.82,Peak 92.4% Powertrain Efficiency Domain
LUCID-AIR-3003,10355,839.3,1172.9,61.8,93.45,Peak 92.4% Powertrain Efficiency Domain
LUCID-AIR-3004,16485,843.4,2392.1,86.2,92.3,Stator Micro-Channel Coolant Active
LUCID-AIR-3005,17396,857.6,2690.9,88.9,91.71,Stator Micro-Channel Coolant Active
LUCID-AIR-3006,18285,821.5,3014.1,90.8,91.01,Stator Micro-Channel Coolant Active
LUCID-AIR-3007,19466,839.5,3110.6,93.8,91.17,Stator Micro-Channel Coolant Active
LUCID-AIR-3008,13851,885.7,1658.9,69.5,93.02,Peak 92.4% Powertrain Efficiency Domain
LUCID-AIR-3009,5737,902.2,552.3,55.6,93.73,Peak 92.4% Powertrain Efficiency Domain
LUCID-AIR-3010,7990,906.7,787.7,55.9,93.6,Peak 92.4% Powertrain Efficiency Domain
LUCID-AIR-3011,11715,872.4,1579.1,67.3,92.93,Peak 92.4% Powertrain Efficiency Domain
LUCID-AIR-3012,12884,863.3,1822.1,77.5,92.68,Peak 92.4% Powertrain Efficiency Domain
LUCID-AIR-3013,13554,887.3,1757.7,75.6,92.78,Peak 92.4% Powertrain Efficiency Domain
LUCID-AIR-3014,16395,847.4,2396.8,80.6,92.19,Peak 92.4% Powertrain Efficiency Domain
LUCID-AIR-3015,15281,919.0,1859.3,69.3,91.86,Peak 92.4% Powertrain Efficiency Domain
LUCID-AIR-3016,8405,859.7,957.4,60.4,93.57,Peak 92.4% Powertrain Efficiency Domain
LUCID-AIR-3017,5163,870.5,517.5,53.8,94.08,Peak 92.4% Powertrain Efficiency Domain
LUCID-AIR-3018,9720,833.4,1151.3,61.2,93.21,Peak 92.4% Powertrain Efficiency Domain
LUCID-AIR-3019,6996,878.8,712.2,50.9,93.72,Peak 92.4% Powertrain Efficiency Domain
LUCID-AIR-3020,4439,882.8,271.9,48.0,93.7,Peak 92.4% Powertrain Efficiency Domain
LUCID-AIR-3021,9503,830.9,1211.2,64.8,92.92,Peak 92.4% Powertrain Efficiency Domain
LUCID-AIR-3022,8006,910.7,1010.5,59.5,93.77,Peak 92.4% Powertrain Efficiency Domain
LUCID-AIR-3023,6530,858.4,766.8,53.6,93.4,Peak 92.4% Powertrain Efficiency Domain
LUCID-AIR-3024,6568,868.5,417.3,54.0,93.67,Peak 92.4% Powertrain Efficiency Domain
LUCID-AIR-3025,16399,827.8,2079.9,77.6,92.46,Peak 92.4% Powertrain Efficiency Domain
LUCID-AIR-3026,4835,845.9,270.1,48.3,93.75,Peak 92.4% Powertrain Efficiency Domain
LUCID-AIR-3027,14095,904.6,1654.4,67.1,92.84,Peak 92.4% Powertrain Efficiency Domain
LUCID-AIR-3028,10139,910.3,1092.2,59.8,93.51,Peak 92.4% Powertrain Efficiency Domain
LUCID-AIR-3029,3816,874.0,58.8,52.6,94.64,Peak 92.4% Powertrain Efficiency Domain
LUCID-AIR-3030,14836,849.8,2127.0,73.3,91.97,Peak 92.4% Powertrain Efficiency Domain
LUCID-AIR-3031,8078,858.9,732.4,55.0,93.75,Peak 92.4% Powertrain Efficiency Domain
LUCID-AIR-3032,8091,884.8,671.2,54.5,94.03,Peak 92.4% Powertrain Efficiency Domain
LUCID-AIR-3033,19399,830.1,3217.9,95.2,91.07,Stator Micro-Channel Coolant Active
LUCID-AIR-3034,8362,826.7,1173.5,65.1,93.14,Peak 92.4% Powertrain Efficiency Domain
LUCID-AIR-3035,8598,856.8,766.4,56.9,93.91,Peak 92.4% Powertrain Efficiency Domain
LUCID-AIR-3036,14066,913.5,1677.3,71.3,93.01,Peak 92.4% Powertrain Efficiency Domain
LUCID-AIR-3037,6745,893.3,279.4,46.2,94.05,Peak 92.4% Powertrain Efficiency Domain
LUCID-AIR-3038,13411,843.6,1691.9,70.6,92.94,Peak 92.4% Powertrain Efficiency Domain
LUCID-AIR-3039,17793,823.8,2676.0,89.0,91.92,Stator Micro-Channel Coolant Active
LUCID-AIR-3040,7587,902.8,678.6,56.0,93.5,Peak 92.4% Powertrain Efficiency Domain
LUCID-AIR-3041,10179,889.7,883.1,53.4,93.59,Peak 92.4% Powertrain Efficiency Domain
LUCID-AIR-3042,10898,875.4,1327.0,62.1,92.96,Peak 92.4% Powertrain Efficiency Domain
LUCID-AIR-3043,10155,921.9,998.6,63.7,93.69,Peak 92.4% Powertrain Efficiency Domain
LUCID-AIR-3044,17581,908.9,2666.3,88.3,92.28,Stator Micro-Channel Coolant Active
LUCID-AIR-3045,17121,891.6,2697.3,87.2,91.76,Stator Micro-Channel Coolant Active
LUCID-AIR-3046,11409,922.6,1186.8,65.0,93.41,Peak 92.4% Powertrain Efficiency Domain
LUCID-AIR-3047,12069,821.5,1392.9,70.9,92.72,Peak 92.4% Powertrain Efficiency Domain
LUCID-AIR-3048,17232,889.5,2539.5,87.8,92.28,Stator Micro-Channel Coolant Active
LUCID-AIR-3049,8498,912.5,681.5,55.2,93.48,Peak 92.4% Powertrain Efficiency Domain
LUCID-AIR-3050,2880,856.8,97.7,40.8,94.55,Peak 92.4% Powertrain Efficiency Domain
LUCID-AIR-3051,7592,872.5,663.8,57.9,93.75,Peak 92.4% Powertrain Efficiency Domain
LUCID-AIR-3052,7610,857.0,585.8,51.3,93.44,Peak 92.4% Powertrain Efficiency Domain
LUCID-AIR-3053,10835,863.8,974.7,60.2,93.43,Peak 92.4% Powertrain Efficiency Domain
LUCID-AIR-3054,4489,891.8,205.4,47.7,94.28,Peak 92.4% Powertrain Efficiency Domain
LUCID-AIR-3055,4192,917.5,317.9,55.0,94.28,Peak 92.4% Powertrain Efficiency Domain
LUCID-AIR-3056,18773,913.4,2864.0,88.9,90.81,Stator Micro-Channel Coolant Active
LUCID-AIR-3057,2113,857.7,20.1,51.8,94.37,Peak 92.4% Powertrain Efficiency Domain
LUCID-AIR-3058,11531,864.7,1294.8,64.3,93.28,Peak 92.4% Powertrain Efficiency Domain
LUCID-AIR-3059,3354,905.2,166.5,46.4,94.28,Peak 92.4% Powertrain Efficiency Domain
LUCID-AIR-3060,9115,833.8,966.9,64.8,93.5,Peak 92.4% Powertrain Efficiency Domain
LUCID-AIR-3061,2285,891.7,24.9,48.1,94.57,Peak 92.4% Powertrain Efficiency Domain
LUCID-AIR-3062,7288,874.8,911.2,61.7,93.59,Peak 92.4% Powertrain Efficiency Domain
LUCID-AIR-3063,10429,826.9,1147.8,66.5,93.14,Peak 92.4% Powertrain Efficiency Domain
LUCID-AIR-3064,16560,912.6,2294.2,83.2,92.04,Peak 92.4% Powertrain Efficiency Domain
LUCID-AIR-3065,11669,907.3,1644.0,70.1,92.65,Peak 92.4% Powertrain Efficiency Domain
LUCID-AIR-3066,19472,914.8,3077.3,95.0,91.06,Stator Micro-Channel Coolant Active
LUCID-AIR-3067,4897,904.2,245.5,51.1,94.36,Peak 92.4% Powertrain Efficiency Domain
LUCID-AIR-3068,6609,852.1,348.6,54.0,94.14,Peak 92.4% Powertrain Efficiency Domain
LUCID-AIR-3069,13863,900.1,1827.3,78.1,92.85,Peak 92.4% Powertrain Efficiency Domain
LUCID-AIR-3070,10063,875.9,1130.6,64.9,93.85,Peak 92.4% Powertrain Efficiency Domain
LUCID-AIR-3071,12351,865.3,1331.8,63.8,92.67,Peak 92.4% Powertrain Efficiency Domain
LUCID-AIR-3072,2157,861.7,-223.3,44.1,94.73,Peak 92.4% Powertrain Efficiency Domain
LUCID-AIR-3073,16040,896.2,2358.9,81.6,92.04,Peak 92.4% Powertrain Efficiency Domain
LUCID-AIR-3074,11980,904.9,1234.0,66.5,93.02,Peak 92.4% Powertrain Efficiency Domain
LUCID-AIR-3075,2745,906.4,271.4,52.5,94.23,Peak 92.4% Powertrain Efficiency Domain
LUCID-AIR-3076,13444,873.2,1790.4,75.1,92.67,Peak 92.4% Powertrain Efficiency Domain
LUCID-AIR-3077,7560,922.3,829.3,58.8,93.29,Peak 92.4% Powertrain Efficiency Domain
LUCID-AIR-3078,4129,826.9,676.9,57.7,93.39,Peak 92.4% Powertrain Efficiency Domain
LUCID-AIR-3079,7325,855.3,477.9,51.0,94.19,Peak 92.4% Powertrain Efficiency Domain
LUCID-AIR-3080,7165,918.1,514.7,54.8,94.74,Peak 92.4% Powertrain Efficiency Domain
LUCID-AIR-3081,16308,893.7,2196.1,82.2,91.86,Peak 92.4% Powertrain Efficiency Domain
LUCID-AIR-3082,9086,921.5,882.3,62.8,93.78,Peak 92.4% Powertrain Efficiency Domain
LUCID-AIR-3083,4878,906.0,461.9,49.9,94.48,Peak 92.4% Powertrain Efficiency Domain
LUCID-AIR-3084,9847,871.9,1136.3,65.3,93.61,Peak 92.4% Powertrain Efficiency Domain
LUCID-AIR-3085,14548,822.1,1767.0,71.4,92.91,Peak 92.4% Powertrain Efficiency Domain
LUCID-AIR-3086,7003,915.9,523.4,51.4,94.08,Peak 92.4% Powertrain Efficiency Domain
LUCID-AIR-3087,7746,863.0,638.7,51.9,93.64,Peak 92.4% Powertrain Efficiency Domain
LUCID-AIR-3088,3721,902.3,548.5,48.8,93.85,Peak 92.4% Powertrain Efficiency Domain
LUCID-AIR-3089,17268,918.7,2606.5,85.1,91.55,Stator Micro-Channel Coolant Active
LUCID-AIR-3090,2592,890.7,59.0,45.0,94.26,Peak 92.4% Powertrain Efficiency Domain
LUCID-AIR-3091,9640,895.6,879.5,56.4,93.46,Peak 92.4% Powertrain Efficiency Domain
LUCID-AIR-3092,4317,912.6,79.3,45.5,94.71,Peak 92.4% Powertrain Efficiency Domain
LUCID-AIR-3093,8913,912.2,875.9,60.4,93.74,Peak 92.4% Powertrain Efficiency Domain
LUCID-AIR-3094,2736,872.9,1.3,41.1,94.1,Peak 92.4% Powertrain Efficiency Domain
LUCID-AIR-3095,2819,921.2,207.2,49.5,94.41,Peak 92.4% Powertrain Efficiency Domain
LUCID-AIR-3096,7706,919.4,755.8,52.6,94.28,Peak 92.4% Powertrain Efficiency Domain
LUCID-AIR-3097,19824,882.5,3139.1,94.5,90.5,Stator Micro-Channel Coolant Active
LUCID-AIR-3098,3328,891.0,314.6,50.3,94.45,Peak 92.4% Powertrain Efficiency Domain
LUCID-AIR-3099,2212,911.5,8.1,45.1,94.37,Peak 92.4% Powertrain Efficiency Domain
LUCID-AIR-3100,3903,874.8,74.5,45.7,93.89,Peak 92.4% Powertrain Efficiency Domain
LUCID-AIR-3101,13254,921.8,1792.7,75.8,92.45,Peak 92.4% Powertrain Efficiency Domain
LUCID-AIR-3102,14641,904.7,2028.7,76.7,92.36,Peak 92.4% Powertrain Efficiency Domain
LUCID-AIR-3103,5241,870.9,419.2,43.2,94.14,Peak 92.4% Powertrain Efficiency Domain
LUCID-AIR-3104,11727,830.3,1452.6,63.2,92.52,Peak 92.4% Powertrain Efficiency Domain
LUCID-AIR-3105,9137,854.8,988.9,63.2,93.47,Peak 92.4% Powertrain Efficiency Domain
LUCID-AIR-3106,7430,863.0,589.6,55.9,93.79,Peak 92.4% Powertrain Efficiency Domain
LUCID-AIR-3107,13539,901.0,1524.0,72.1,92.42,Peak 92.4% Powertrain Efficiency Domain
LUCID-AIR-3108,3625,856.8,632.8,52.1,94.01,Peak 92.4% Powertrain Efficiency Domain
LUCID-AIR-3109,13179,850.5,1500.2,67.4,92.52,Peak 92.4% Powertrain Efficiency Domain
LUCID-AIR-3110,17999,827.6,2951.3,90.6,90.6,Stator Micro-Channel Coolant Active
LUCID-AIR-3111,6938,918.8,466.2,54.2,93.55,Peak 92.4% Powertrain Efficiency Domain
LUCID-AIR-3112,16271,843.4,2378.8,83.1,91.95,Peak 92.4% Powertrain Efficiency Domain
LUCID-AIR-3113,16812,878.8,2432.5,81.8,91.9,Peak 92.4% Powertrain Efficiency Domain
LUCID-AIR-3114,13492,903.4,1826.5,76.2,92.54,Peak 92.4% Powertrain Efficiency Domain
LUCID-AIR-3115,19150,916.1,2974.1,94.7,91.05,Stator Micro-Channel Coolant Active
LUCID-AIR-3116,4050,880.0,188.6,50.0,94.23,Peak 92.4% Powertrain Efficiency Domain
LUCID-AIR-3117,5020,855.3,458.6,52.3,94.2,Peak 92.4% Powertrain Efficiency Domain
LUCID-AIR-3118,16014,843.9,2056.1,71.3,92.73,Peak 92.4% Powertrain Efficiency Domain
LUCID-AIR-3119,12206,864.2,1077.4,63.7,93.35,Peak 92.4% Powertrain Efficiency Domain
LUCID-AIR-3120,11202,891.1,1480.8,64.3,92.5,Peak 92.4% Powertrain Efficiency Domain
LUCID-AIR-3121,11135,894.5,1025.2,68.0,93.54,Peak 92.4% Powertrain Efficiency Domain
LUCID-AIR-3122,6334,853.8,451.4,54.2,93.6,Peak 92.4% Powertrain Efficiency Domain
LUCID-AIR-3123,11865,904.5,1223.4,64.2,93.73,Peak 92.4% Powertrain Efficiency Domain
LUCID-AIR-3124,10509,844.9,1078.9,62.4,93.24,Peak 92.4% Powertrain Efficiency Domain
LUCID-AIR-3125,3559,861.9,-96.9,36.1,95.13,Peak 92.4% Powertrain Efficiency Domain
LUCID-AIR-3126,9166,905.6,1068.6,66.9,93.13,Peak 92.4% Powertrain Efficiency Domain
LUCID-AIR-3127,8066,824.8,934.3,55.1,93.76,Peak 92.4% Powertrain Efficiency Domain
LUCID-AIR-3128,19804,868.6,3181.7,94.8,91.17,Stator Micro-Channel Coolant Active
LUCID-AIR-3129,4328,853.7,144.4,47.6,94.48,Peak 92.4% Powertrain Efficiency Domain
LUCID-AIR-3130,19339,880.5,2917.6,90.7,91.56,Stator Micro-Channel Coolant Active
LUCID-AIR-3131,15803,856.7,2106.9,80.1,92.35,Peak 92.4% Powertrain Efficiency Domain
LUCID-AIR-3132,14910,878.1,2071.2,77.1,92.71,Peak 92.4% Powertrain Efficiency Domain
LUCID-AIR-3133,6210,866.0,512.8,53.8,93.82,Peak 92.4% Powertrain Efficiency Domain
LUCID-AIR-3134,9044,854.9,670.1,58.9,93.42,Peak 92.4% Powertrain Efficiency Domain
LUCID-AIR-3135,5307,880.0,347.8,49.8,94.27,Peak 92.4% Powertrain Efficiency Domain
LUCID-AIR-3136,18922,845.7,3187.8,96.4,91.0,Stator Micro-Channel Coolant Active
LUCID-AIR-3137,11388,895.1,1438.8,68.4,92.68,Peak 92.4% Powertrain Efficiency Domain
LUCID-AIR-3138,19115,828.8,2835.3,86.7,91.48,Stator Micro-Channel Coolant Active
LUCID-AIR-3139,19575,845.8,3213.2,104.5,91.18,Stator Micro-Channel Coolant Active
LUCID-AIR-3140,2495,903.9,12.7,41.4,94.72,Peak 92.4% Powertrain Efficiency Domain
LUCID-AIR-3141,3097,846.5,176.5,46.1,94.26,Peak 92.4% Powertrain Efficiency Domain
LUCID-AIR-3142,12981,878.8,1733.9,71.3,92.99,Peak 92.4% Powertrain Efficiency Domain
LUCID-AIR-3143,16819,884.2,2527.5,88.8,91.27,Stator Micro-Channel Coolant Active
LUCID-AIR-3144,17436,851.2,2763.3,87.9,91.26,Stator Micro-Channel Coolant Active
LUCID-AIR-3145,10601,873.5,1534.1,71.3,92.91,Peak 92.4% Powertrain Efficiency Domain
LUCID-AIR-3146,9032,841.8,1067.9,63.1,93.03,Peak 92.4% Powertrain Efficiency Domain
LUCID-AIR-3147,18634,869.6,2688.8,91.1,91.55,Stator Micro-Channel Coolant Active
LUCID-AIR-3148,10629,829.0,1277.3,65.8,92.77,Peak 92.4% Powertrain Efficiency Domain
LUCID-AIR-3149,6750,855.6,498.2,50.3,93.37,Peak 92.4% Powertrain Efficiency Domain
LUCID-AIR-3150,6472,872.3,528.7,51.7,93.91,Peak 92.4% Powertrain Efficiency Domain
LUCID-AIR-3151,3631,909.3,151.7,45.8,94.68,Peak 92.4% Powertrain Efficiency Domain
LUCID-AIR-3152,4188,851.8,109.3,47.2,94.63,Peak 92.4% Powertrain Efficiency Domain
LUCID-AIR-3153,18066,912.4,2389.7,85.0,91.79,Peak 92.4% Powertrain Efficiency Domain
LUCID-AIR-3154,10119,844.3,1257.1,68.8,93.45,Peak 92.4% Powertrain Efficiency Domain
LUCID-AIR-3155,18072,898.3,2625.1,83.2,91.77,Peak 92.4% Powertrain Efficiency Domain
LUCID-AIR-3156,9908,897.5,940.1,58.9,93.36,Peak 92.4% Powertrain Efficiency Domain
LUCID-AIR-3157,19362,836.5,3305.7,101.6,91.37,Stator Micro-Channel Coolant Active
LUCID-AIR-3158,13161,889.0,1667.1,70.5,93.45,Peak 92.4% Powertrain Efficiency Domain
LUCID-AIR-3159,4738,914.1,523.4,56.6,94.42,Peak 92.4% Powertrain Efficiency Domain
LUCID-AIR-3160,14265,906.3,2149.2,77.4,92.24,Peak 92.4% Powertrain Efficiency Domain
LUCID-AIR-3161,19455,860.4,3399.0,95.8,91.03,Stator Micro-Channel Coolant Active
LUCID-AIR-3162,2754,846.2,-213.2,36.7,95.1,Peak 92.4% Powertrain Efficiency Domain
LUCID-AIR-3163,16064,854.6,2282.4,79.6,92.82,Peak 92.4% Powertrain Efficiency Domain
LUCID-AIR-3164,18346,887.9,2651.6,86.1,91.81,Stator Micro-Channel Coolant Active
LUCID-AIR-3165,18058,921.0,2910.3,88.6,91.11,Stator Micro-Channel Coolant Active
LUCID-AIR-3166,11732,916.6,1162.7,66.3,93.4,Peak 92.4% Powertrain Efficiency Domain
LUCID-AIR-3167,5383,923.9,150.1,46.5,94.06,Peak 92.4% Powertrain Efficiency Domain
LUCID-AIR-3168,3331,885.5,142.6,47.9,93.83,Peak 92.4% Powertrain Efficiency Domain
LUCID-AIR-3169,9547,843.4,877.8,61.2,93.84,Peak 92.4% Powertrain Efficiency Domain
LUCID-AIR-3170,17195,893.6,2423.8,84.9,92.2,Peak 92.4% Powertrain Efficiency Domain
LUCID-AIR-3171,15645,852.2,1994.1,77.3,92.19,Peak 92.4% Powertrain Efficiency Domain
LUCID-AIR-3172,12937,899.4,1643.5,72.0,92.68,Peak 92.4% Powertrain Efficiency Domain
LUCID-AIR-3173,7449,879.6,569.4,50.8,93.51,Peak 92.4% Powertrain Efficiency Domain
LUCID-AIR-3174,11436,826.1,1388.3,64.0,93.02,Peak 92.4% Powertrain Efficiency Domain
LUCID-AIR-3175,5884,916.5,239.3,49.9,94.07,Peak 92.4% Powertrain Efficiency Domain
LUCID-AIR-3176,10093,833.4,876.5,57.3,93.39,Peak 92.4% Powertrain Efficiency Domain
LUCID-AIR-3177,13400,877.8,1779.7,70.2,92.04,Peak 92.4% Powertrain Efficiency Domain
LUCID-AIR-3178,12291,909.6,1793.4,71.8,92.41,Peak 92.4% Powertrain Efficiency Domain
LUCID-AIR-3179,4136,836.9,360.8,50.8,94.04,Peak 92.4% Powertrain Efficiency Domain
LUCID-AIR-3180,18323,856.1,2841.2,92.1,91.07,Stator Micro-Channel Coolant Active
LUCID-AIR-3181,11853,826.5,1350.5,64.4,92.82,Peak 92.4% Powertrain Efficiency Domain
LUCID-AIR-3182,10465,889.2,1250.9,65.2,93.22,Peak 92.4% Powertrain Efficiency Domain
LUCID-AIR-3183,2178,920.9,252.1,50.6,93.99,Peak 92.4% Powertrain Efficiency Domain
LUCID-AIR-3184,16636,847.9,2318.6,80.4,92.6,Peak 92.4% Powertrain Efficiency Domain
LUCID-AIR-3185,19174,838.2,2818.2,86.8,91.51,Stator Micro-Channel Coolant Active
LUCID-AIR-3186,4536,909.7,95.8,46.2,94.32,Peak 92.4% Powertrain Efficiency Domain
LUCID-AIR-3187,9961,844.5,1153.2,64.2,93.14,Peak 92.4% Powertrain Efficiency Domain
LUCID-AIR-3188,5352,914.4,430.8,48.7,93.44,Peak 92.4% Powertrain Efficiency Domain
LUCID-AIR-3189,19195,879.0,2965.6,90.2,90.83,Stator Micro-Channel Coolant Active
LUCID-AIR-3190,12471,908.9,1660.3,76.0,92.9,Peak 92.4% Powertrain Efficiency Domain
LUCID-AIR-3191,12859,893.3,1728.7,71.9,91.95,Peak 92.4% Powertrain Efficiency Domain
LUCID-AIR-3192,16780,887.1,2582.3,80.3,91.71,Peak 92.4% Powertrain Efficiency Domain
LUCID-AIR-3193,10430,820.1,931.5,58.5,93.9,Peak 92.4% Powertrain Efficiency Domain
LUCID-AIR-3194,6028,838.7,468.8,48.9,94.18,Peak 92.4% Powertrain Efficiency Domain
LUCID-AIR-3195,17367,896.4,2288.3,82.6,91.39,Peak 92.4% Powertrain Efficiency Domain
LUCID-AIR-3196,6562,858.1,657.7,57.0,93.53,Peak 92.4% Powertrain Efficiency Domain
LUCID-AIR-3197,10450,844.5,1161.9,56.8,93.32,Peak 92.4% Powertrain Efficiency Domain
LUCID-AIR-3198,9298,826.3,892.4,56.9,93.47,Peak 92.4% Powertrain Efficiency Domain
LUCID-AIR-3199,12480,870.5,1296.8,66.3,93.17,Peak 92.4% Powertrain Efficiency Domain
LUCID-AIR-3200,18558,823.5,2709.4,91.5,91.09,Stator Micro-Channel Coolant Active
LUCID-AIR-3201,10912,834.6,1197.7,66.4,92.81,Peak 92.4% Powertrain Efficiency Domain
LUCID-AIR-3202,4762,869.4,88.4,42.9,94.92,Peak 92.4% Powertrain Efficiency Domain
LUCID-AIR-3203,6871,847.3,564.1,53.1,93.8,Peak 92.4% Powertrain Efficiency Domain
LUCID-AIR-3204,15647,828.1,2040.7,77.9,92.23,Peak 92.4% Powertrain Efficiency Domain
LUCID-AIR-3205,18548,887.9,2969.9,93.0,90.85,Stator Micro-Channel Coolant Active
LUCID-AIR-3206,13282,842.7,1317.3,63.6,93.05,Peak 92.4% Powertrain Efficiency Domain
LUCID-AIR-3207,5301,902.4,374.2,51.4,94.37,Peak 92.4% Powertrain Efficiency Domain
LUCID-AIR-3208,16773,855.9,2297.2,79.4,91.33,Peak 92.4% Powertrain Efficiency Domain
LUCID-AIR-3209,6676,822.8,775.1,63.8,94.12,Peak 92.4% Powertrain Efficiency Domain
LUCID-AIR-3210,18964,834.5,2932.6,93.2,91.47,Stator Micro-Channel Coolant Active
LUCID-AIR-3211,3738,877.8,136.6,45.5,95.24,Peak 92.4% Powertrain Efficiency Domain
LUCID-AIR-3212,7710,881.8,714.8,55.7,94.32,Peak 92.4% Powertrain Efficiency Domain
LUCID-AIR-3213,16270,922.0,2479.1,82.0,91.74,Peak 92.4% Powertrain Efficiency Domain
LUCID-AIR-3214,17675,828.3,2758.3,90.4,91.59,Stator Micro-Channel Coolant Active
LUCID-AIR-3215,7049,880.4,708.9,56.1,93.66,Peak 92.4% Powertrain Efficiency Domain
LUCID-AIR-3216,10449,894.6,1048.9,58.0,93.86,Peak 92.4% Powertrain Efficiency Domain
LUCID-AIR-3217,7294,847.3,470.9,46.4,93.95,Peak 92.4% Powertrain Efficiency Domain
LUCID-AIR-3218,12733,833.3,1788.5,71.8,92.6,Peak 92.4% Powertrain Efficiency Domain
LUCID-AIR-3219,4679,845.2,95.7,46.8,94.18,Peak 92.4% Powertrain Efficiency Domain
LUCID-AIR-3220,8497,860.2,718.0,53.2,93.83,Peak 92.4% Powertrain Efficiency Domain
LUCID-AIR-3221,12119,920.8,1305.0,68.5,92.65,Peak 92.4% Powertrain Efficiency Domain
LUCID-AIR-3222,16100,834.4,2386.4,83.2,91.7,Peak 92.4% Powertrain Efficiency Domain
LUCID-AIR-3223,5671,862.1,142.3,40.8,94.75,Peak 92.4% Powertrain Efficiency Domain
LUCID-AIR-3224,9990,836.9,1163.3,70.5,92.76,Peak 92.4% Powertrain Efficiency Domain
LUCID-AIR-3225,8408,920.9,927.7,55.0,93.16,Peak 92.4% Powertrain Efficiency Domain
LUCID-AIR-3226,8109,880.6,806.5,60.2,93.21,Peak 92.4% Powertrain Efficiency Domain
LUCID-AIR-3227,6270,898.6,578.9,55.3,94.11,Peak 92.4% Powertrain Efficiency Domain
LUCID-AIR-3228,9136,820.1,990.0,66.9,93.64,Peak 92.4% Powertrain Efficiency Domain
LUCID-AIR-3229,7520,825.2,893.2,57.5,93.22,Peak 92.4% Powertrain Efficiency Domain
LUCID-AIR-3230,17464,822.7,2466.0,81.3,91.53,Peak 92.4% Powertrain Efficiency Domain
LUCID-AIR-3231,4096,820.4,156.8,47.9,93.83,Peak 92.4% Powertrain Efficiency Domain
LUCID-AIR-3232,12011,891.5,1376.0,68.6,93.16,Peak 92.4% Powertrain Efficiency Domain
LUCID-AIR-3233,5160,829.3,405.1,50.7,94.07,Peak 92.4% Powertrain Efficiency Domain
LUCID-AIR-3234,5261,838.0,412.6,46.7,93.87,Peak 92.4% Powertrain Efficiency Domain
LUCID-AIR-3235,5939,897.5,416.4,49.7,94.36,Peak 92.4% Powertrain Efficiency Domain
LUCID-AIR-3236,5969,903.8,643.4,52.9,93.78,Peak 92.4% Powertrain Efficiency Domain
LUCID-AIR-3237,5167,895.9,358.5,52.1,94.23,Peak 92.4% Powertrain Efficiency Domain
LUCID-AIR-3238,2910,824.6,191.0,46.9,94.29,Peak 92.4% Powertrain Efficiency Domain
LUCID-AIR-3239,17573,914.5,2346.5,88.6,91.97,Stator Micro-Channel Coolant Active
LUCID-AIR-3240,8732,895.2,678.9,62.4,93.64,Peak 92.4% Powertrain Efficiency Domain
LUCID-AIR-3241,19899,866.6,2825.3,89.7,91.15,Stator Micro-Channel Coolant Active
LUCID-AIR-3242,2363,914.2,72.6,47.9,94.71,Peak 92.4% Powertrain Efficiency Domain
LUCID-AIR-3243,17482,833.2,2303.0,79.9,92.19,Peak 92.4% Powertrain Efficiency Domain
LUCID-AIR-3244,10731,831.8,1129.0,60.4,92.76,Peak 92.4% Powertrain Efficiency Domain
LUCID-AIR-3245,6787,897.8,542.4,51.3,93.42,Peak 92.4% Powertrain Efficiency Domain
LUCID-AIR-3246,12334,890.7,1672.3,71.7,92.42,Peak 92.4% Powertrain Efficiency Domain
LUCID-AIR-3247,19220,883.2,2989.3,92.2,91.13,Stator Micro-Channel Coolant Active
LUCID-AIR-3248,10765,884.5,1243.7,66.5,93.19,Peak 92.4% Powertrain Efficiency Domain
LUCID-AIR-3249,7310,911.9,577.5,50.5,93.57,Peak 92.4% Powertrain Efficiency Domain
LUCID-AIR-3250,12549,874.1,1200.6,62.8,93.89,Peak 92.4% Powertrain Efficiency Domain
LUCID-AIR-3251,3916,823.1,235.0,47.9,94.81,Peak 92.4% Powertrain Efficiency Domain
LUCID-AIR-3252,4911,832.1,174.4,44.6,94.4,Peak 92.4% Powertrain Efficiency Domain
LUCID-AIR-3253,6352,850.8,654.2,59.8,93.66,Peak 92.4% Powertrain Efficiency Domain
LUCID-AIR-3254,10373,831.2,784.9,52.1,92.92,Peak 92.4% Powertrain Efficiency Domain
LUCID-AIR-3255,18733,864.0,2758.4,90.8,91.38,Stator Micro-Channel Coolant Active
LUCID-AIR-3256,8207,823.7,891.1,56.6,93.75,Peak 92.4% Powertrain Efficiency Domain
LUCID-AIR-3257,14014,868.7,1766.4,76.5,92.49,Peak 92.4% Powertrain Efficiency Domain
LUCID-AIR-3258,13491,851.3,1563.5,63.8,93.13,Peak 92.4% Powertrain Efficiency Domain
LUCID-AIR-3259,6005,875.3,319.8,51.1,93.91,Peak 92.4% Powertrain Efficiency Domain
LUCID-AIR-3260,3573,888.6,30.2,46.5,95.04,Peak 92.4% Powertrain Efficiency Domain
LUCID-AIR-3261,6305,903.3,508.9,51.6,94.11,Peak 92.4% Powertrain Efficiency Domain
LUCID-AIR-3262,9172,923.0,905.6,58.9,93.8,Peak 92.4% Powertrain Efficiency Domain
LUCID-AIR-3263,3706,876.9,257.6,47.8,94.34,Peak 92.4% Powertrain Efficiency Domain
LUCID-AIR-3264,11007,839.6,1334.9,65.1,93.24,Peak 92.4% Powertrain Efficiency Domain
LUCID-AIR-3265,10341,902.4,1109.7,62.2,93.06,Peak 92.4% Powertrain Efficiency Domain
LUCID-AIR-3266,17819,872.0,2649.7,84.1,91.58,Peak 92.4% Powertrain Efficiency Domain
LUCID-AIR-3267,8266,913.4,725.4,54.5,93.95,Peak 92.4% Powertrain Efficiency Domain
LUCID-AIR-3268,7801,872.6,988.0,61.5,93.1,Peak 92.4% Powertrain Efficiency Domain
LUCID-AIR-3269,5427,887.8,533.6,51.3,94.34,Peak 92.4% Powertrain Efficiency Domain
LUCID-AIR-3270,7052,882.7,425.3,51.6,93.87,Peak 92.4% Powertrain Efficiency Domain
LUCID-AIR-3271,10128,874.6,1067.5,64.8,93.21,Peak 92.4% Powertrain Efficiency Domain
LUCID-AIR-3272,7781,880.9,744.4,56.6,93.59,Peak 92.4% Powertrain Efficiency Domain
LUCID-AIR-3273,6693,897.1,462.4,50.1,93.85,Peak 92.4% Powertrain Efficiency Domain
LUCID-AIR-3274,17517,903.8,2594.5,84.2,91.7,Peak 92.4% Powertrain Efficiency Domain
LUCID-AIR-3275,18588,843.4,2631.6,84.1,91.31,Peak 92.4% Powertrain Efficiency Domain
LUCID-AIR-3276,9613,827.2,972.0,55.7,93.09,Peak 92.4% Powertrain Efficiency Domain
LUCID-AIR-3277,16151,824.6,2235.6,82.0,92.47,Peak 92.4% Powertrain Efficiency Domain
LUCID-AIR-3278,19703,910.0,3326.7,94.8,90.45,Stator Micro-Channel Coolant Active
LUCID-AIR-3279,18146,923.1,2708.8,91.1,91.7,Stator Micro-Channel Coolant Active
LUCID-AIR-3280,15859,883.7,2282.7,76.8,92.73,Peak 92.4% Powertrain Efficiency Domain
LUCID-AIR-3281,2638,871.7,-90.9,47.5,94.52,Peak 92.4% Powertrain Efficiency Domain
LUCID-AIR-3282,14626,824.5,1995.2,77.8,92.46,Peak 92.4% Powertrain Efficiency Domain
LUCID-AIR-3283,8204,850.1,813.1,55.4,93.35,Peak 92.4% Powertrain Efficiency Domain
LUCID-AIR-3284,10786,822.3,1281.2,64.9,93.06,Peak 92.4% Powertrain Efficiency Domain
LUCID-AIR-3285,2488,840.1,171.3,50.7,93.86,Peak 92.4% Powertrain Efficiency Domain
LUCID-AIR-3286,18324,905.8,2733.2,85.8,92.09,Stator Micro-Channel Coolant Active
LUCID-AIR-3287,12198,873.6,1443.5,62.7,93.24,Peak 92.4% Powertrain Efficiency Domain
LUCID-AIR-3288,4607,861.6,282.0,52.8,93.74,Peak 92.4% Powertrain Efficiency Domain
LUCID-AIR-3289,12418,878.0,1583.2,72.3,92.6,Peak 92.4% Powertrain Efficiency Domain
LUCID-AIR-3290,12627,882.8,1463.2,66.8,93.22,Peak 92.4% Powertrain Efficiency Domain
LUCID-AIR-3291,4815,854.4,432.9,54.4,93.87,Peak 92.4% Powertrain Efficiency Domain
LUCID-AIR-3292,4941,858.3,373.3,50.3,94.8,Peak 92.4% Powertrain Efficiency Domain
LUCID-AIR-3293,17839,898.2,2768.6,92.3,91.4,Stator Micro-Channel Coolant Active
LUCID-AIR-3294,19748,868.2,3196.3,92.4,91.15,Stator Micro-Channel Coolant Active
LUCID-AIR-3295,13822,884.6,1664.5,71.8,92.39,Peak 92.4% Powertrain Efficiency Domain
LUCID-AIR-3296,2534,855.2,223.9,52.2,94.15,Peak 92.4% Powertrain Efficiency Domain
LUCID-AIR-3297,18968,874.4,3066.0,93.1,91.0,Stator Micro-Channel Coolant Active
LUCID-AIR-3298,4167,833.3,387.1,49.0,94.02,Peak 92.4% Powertrain Efficiency Domain
LUCID-AIR-3299,13675,901.2,1704.4,75.1,92.74,Peak 92.4% Powertrain Efficiency Domain
LUCID-AIR-3300,7962,858.9,634.8,51.2,93.74,Peak 92.4% Powertrain Efficiency Domain
LUCID-AIR-3301,3772,832.4,201.5,44.2,94.25,Peak 92.4% Powertrain Efficiency Domain
LUCID-AIR-3302,7031,825.2,852.9,52.6,93.46,Peak 92.4% Powertrain Efficiency Domain
LUCID-AIR-3303,11159,841.8,1029.2,59.6,93.23,Peak 92.4% Powertrain Efficiency Domain
LUCID-AIR-3304,2978,879.6,274.1,49.1,94.4,Peak 92.4% Powertrain Efficiency Domain
LUCID-AIR-3305,16401,839.2,2448.2,84.1,92.34,Peak 92.4% Powertrain Efficiency Domain
LUCID-AIR-3306,15804,878.6,2046.1,79.0,92.11,Peak 92.4% Powertrain Efficiency Domain
LUCID-AIR-3307,12940,903.3,1341.8,63.1,93.09,Peak 92.4% Powertrain Efficiency Domain
LUCID-AIR-3308,2134,840.8,-147.1,43.4,94.94,Peak 92.4% Powertrain Efficiency Domain
LUCID-AIR-3309,18048,867.5,2559.4,90.2,91.85,Stator Micro-Channel Coolant Active
LUCID-AIR-3310,2743,920.4,288.0,46.7,94.5,Peak 92.4% Powertrain Efficiency Domain
LUCID-AIR-3311,19118,883.8,3194.2,95.9,90.78,Stator Micro-Channel Coolant Active
LUCID-AIR-3312,9400,829.1,1158.5,64.5,93.12,Peak 92.4% Powertrain Efficiency Domain
LUCID-AIR-3313,18909,832.3,2921.6,97.0,91.66,Stator Micro-Channel Coolant Active
LUCID-AIR-3314,19541,903.1,2835.0,87.5,90.92,Stator Micro-Channel Coolant Active
LUCID-AIR-3315,3784,888.0,254.2,42.4,94.32,Peak 92.4% Powertrain Efficiency Domain
LUCID-AIR-3316,9256,882.8,965.7,54.4,93.71,Peak 92.4% Powertrain Efficiency Domain
LUCID-AIR-3317,4218,898.2,353.1,53.2,93.92,Peak 92.4% Powertrain Efficiency Domain
LUCID-AIR-3318,17605,919.1,2743.0,89.3,91.5,Stator Micro-Channel Coolant Active
LUCID-AIR-3319,18251,832.4,2911.0,96.0,91.1,Stator Micro-Channel Coolant Active
LUCID-AIR-3320,15634,899.1,2600.4,87.6,91.94,Stator Micro-Channel Coolant Active
LUCID-AIR-3321,18812,829.5,2786.9,92.8,91.9,Stator Micro-Channel Coolant Active
LUCID-AIR-3322,7121,842.6,621.5,49.6,93.61,Peak 92.4% Powertrain Efficiency Domain
LUCID-AIR-3323,15834,837.3,2150.6,80.9,92.22,Peak 92.4% Powertrain Efficiency Domain
LUCID-AIR-3324,12793,889.9,1726.4,72.8,92.3,Peak 92.4% Powertrain Efficiency Domain
LUCID-AIR-3325,10971,861.5,1218.3,60.7,92.83,Peak 92.4% Powertrain Efficiency Domain
LUCID-AIR-3326,16607,867.6,2356.2,83.2,92.16,Peak 92.4% Powertrain Efficiency Domain
LUCID-AIR-3327,17201,825.6,2528.5,81.4,91.55,Peak 92.4% Powertrain Efficiency Domain
LUCID-AIR-3328,11952,923.6,1457.1,67.9,92.92,Peak 92.4% Powertrain Efficiency Domain
LUCID-AIR-3329,9088,864.4,860.6,58.8,93.18,Peak 92.4% Powertrain Efficiency Domain
LUCID-AIR-3330,9644,874.8,1140.0,60.3,93.12,Peak 92.4% Powertrain Efficiency Domain
LUCID-AIR-3331,4309,907.2,180.1,49.1,94.42,Peak 92.4% Powertrain Efficiency Domain
LUCID-AIR-3332,10419,867.2,939.0,60.0,93.37,Peak 92.4% Powertrain Efficiency Domain
LUCID-AIR-3333,7749,823.6,737.9,57.0,93.36,Peak 92.4% Powertrain Efficiency Domain
LUCID-AIR-3334,14236,889.6,1950.3,73.7,92.7,Peak 92.4% Powertrain Efficiency Domain
LUCID-AIR-3335,17944,820.1,2767.5,91.4,91.64,Stator Micro-Channel Coolant Active
LUCID-AIR-3336,17364,916.7,2334.6,80.2,91.79,Peak 92.4% Powertrain Efficiency Domain
LUCID-AIR-3337,18540,913.1,2790.2,87.6,91.3,Stator Micro-Channel Coolant Active
LUCID-AIR-3338,7920,869.8,1062.1,65.3,93.63,Peak 92.4% Powertrain Efficiency Domain
LUCID-AIR-3339,19251,869.7,2889.3,91.0,91.28,Stator Micro-Channel Coolant Active
LUCID-AIR-3340,6672,843.1,354.3,54.9,94.1,Peak 92.4% Powertrain Efficiency Domain
LUCID-AIR-3341,10460,872.8,1333.6,63.3,93.15,Peak 92.4% Powertrain Efficiency Domain
LUCID-AIR-3342,4424,860.6,146.2,48.7,94.4,Peak 92.4% Powertrain Efficiency Domain
LUCID-AIR-3343,19283,874.5,3028.9,88.2,91.51,Stator Micro-Channel Coolant Active
LUCID-AIR-3344,16489,863.0,2728.7,83.7,91.53,Peak 92.4% Powertrain Efficiency Domain
LUCID-AIR-3345,18988,897.8,2970.5,91.1,91.17,Stator Micro-Channel Coolant Active
LUCID-AIR-3346,17232,832.4,2537.2,84.6,91.85,Peak 92.4% Powertrain Efficiency Domain
LUCID-AIR-3347,12156,903.7,1451.3,71.5,92.6,Peak 92.4% Powertrain Efficiency Domain
LUCID-AIR-3348,19087,902.9,2969.0,92.5,91.09,Stator Micro-Channel Coolant Active
LUCID-AIR-3349,10279,848.4,1299.3,63.6,92.64,Peak 92.4% Powertrain Efficiency Domain
LUCID-AIR-3350,5758,902.4,335.5,49.9,94.13,Peak 92.4% Powertrain Efficiency Domain
LUCID-AIR-3351,8534,919.6,956.2,56.8,93.67,Peak 92.4% Powertrain Efficiency Domain
LUCID-AIR-3352,6588,878.9,542.9,49.2,93.72,Peak 92.4% Powertrain Efficiency Domain
LUCID-AIR-3353,6728,900.3,594.0,58.1,93.71,Peak 92.4% Powertrain Efficiency Domain
LUCID-AIR-3354,19529,859.8,3190.7,91.0,91.27,Stator Micro-Channel Coolant Active
LUCID-AIR-3355,15268,893.8,2054.7,74.4,92.41,Peak 92.4% Powertrain Efficiency Domain
LUCID-AIR-3356,19578,893.5,2883.2,82.3,91.52,Peak 92.4% Powertrain Efficiency Domain
LUCID-AIR-3357,13013,868.6,1381.1,68.7,92.58,Peak 92.4% Powertrain Efficiency Domain
LUCID-AIR-3358,16443,874.6,1982.9,74.4,92.61,Peak 92.4% Powertrain Efficiency Domain
LUCID-AIR-3359,19811,831.8,3151.5,94.1,90.91,Stator Micro-Channel Coolant Active
LUCID-AIR-3360,6362,839.3,675.3,54.5,93.54,Peak 92.4% Powertrain Efficiency Domain
LUCID-AIR-3361,2784,838.3,385.1,55.9,93.74,Peak 92.4% Powertrain Efficiency Domain
LUCID-AIR-3362,11634,877.9,1276.5,67.6,93.28,Peak 92.4% Powertrain Efficiency Domain
LUCID-AIR-3363,9986,829.2,1099.5,62.8,93.1,Peak 92.4% Powertrain Efficiency Domain
LUCID-AIR-3364,16900,844.3,2405.4,87.1,91.45,Stator Micro-Channel Coolant Active
LUCID-AIR-3365,17284,839.8,2377.4,78.1,92.23,Peak 92.4% Powertrain Efficiency Domain
LUCID-AIR-3366,13651,851.2,1778.1,73.1,92.45,Peak 92.4% Powertrain Efficiency Domain
LUCID-AIR-3367,18958,852.1,2899.0,90.2,91.69,Stator Micro-Channel Coolant Active
LUCID-AIR-3368,11303,880.3,1217.4,63.3,93.4,Peak 92.4% Powertrain Efficiency Domain
LUCID-AIR-3369,10596,893.0,1367.1,69.5,93.07,Peak 92.4% Powertrain Efficiency Domain
LUCID-AIR-3370,9536,829.3,1092.3,61.9,93.11,Peak 92.4% Powertrain Efficiency Domain
LUCID-AIR-3371,12650,899.3,1430.1,70.9,92.91,Peak 92.4% Powertrain Efficiency Domain
LUCID-AIR-3372,9396,834.1,865.3,59.4,93.43,Peak 92.4% Powertrain Efficiency Domain
LUCID-AIR-3373,9318,835.7,914.4,54.7,93.68,Peak 92.4% Powertrain Efficiency Domain
LUCID-AIR-3374,11619,851.5,1403.7,70.3,93.14,Peak 92.4% Powertrain Efficiency Domain
LUCID-AIR-3375,4802,820.8,338.8,48.8,93.68,Peak 92.4% Powertrain Efficiency Domain
LUCID-AIR-3376,17331,892.2,2521.7,80.2,91.84,Peak 92.4% Powertrain Efficiency Domain
LUCID-AIR-3377,4387,923.5,247.1,50.3,93.95,Peak 92.4% Powertrain Efficiency Domain
LUCID-AIR-3378,14650,851.5,1947.1,73.7,92.76,Peak 92.4% Powertrain Efficiency Domain
LUCID-AIR-3379,3794,855.6,255.0,46.6,94.21,Peak 92.4% Powertrain Efficiency Domain
LUCID-AIR-3380,3104,916.4,121.6,45.5,94.69,Peak 92.4% Powertrain Efficiency Domain
LUCID-AIR-3381,5638,829.5,142.2,48.1,94.88,Peak 92.4% Powertrain Efficiency Domain
LUCID-AIR-3382,13276,863.6,1673.4,66.3,92.69,Peak 92.4% Powertrain Efficiency Domain
LUCID-AIR-3383,16673,846.9,2193.5,79.5,92.32,Peak 92.4% Powertrain Efficiency Domain
LUCID-AIR-3384,5609,845.0,678.0,56.9,93.99,Peak 92.4% Powertrain Efficiency Domain
LUCID-AIR-3385,7079,882.1,610.0,53.3,93.85,Peak 92.4% Powertrain Efficiency Domain
LUCID-AIR-3386,3838,905.6,78.7,49.0,93.69,Peak 92.4% Powertrain Efficiency Domain
LUCID-AIR-3387,14397,870.8,1934.9,79.3,92.31,Peak 92.4% Powertrain Efficiency Domain
LUCID-AIR-3388,13094,845.5,1451.2,69.2,92.96,Peak 92.4% Powertrain Efficiency Domain
LUCID-AIR-3389,9746,919.1,916.4,61.2,93.31,Peak 92.4% Powertrain Efficiency Domain
LUCID-AIR-3390,13537,923.6,1982.1,76.3,92.65,Peak 92.4% Powertrain Efficiency Domain
LUCID-AIR-3391,14281,831.9,1825.1,71.9,92.26,Peak 92.4% Powertrain Efficiency Domain
LUCID-AIR-3392,9992,827.0,1151.0,56.9,92.84,Peak 92.4% Powertrain Efficiency Domain
LUCID-AIR-3393,7430,916.4,526.1,54.2,94.11,Peak 92.4% Powertrain Efficiency Domain
LUCID-AIR-3394,2383,855.5,127.6,45.5,94.72,Peak 92.4% Powertrain Efficiency Domain
LUCID-AIR-3395,19921,874.3,3214.0,93.5,91.06,Stator Micro-Channel Coolant Active
LUCID-AIR-3396,4298,888.4,296.3,49.0,93.39,Peak 92.4% Powertrain Efficiency Domain
LUCID-AIR-3397,16088,918.5,2234.7,78.4,92.24,Peak 92.4% Powertrain Efficiency Domain
LUCID-AIR-3398,11225,921.8,1357.5,67.9,92.95,Peak 92.4% Powertrain Efficiency Domain
LUCID-AIR-3399,15751,839.7,2296.3,81.8,92.15,Peak 92.4% Powertrain Efficiency Domain
LUCID-AIR-3400,15115,922.5,1783.5,73.8,92.62,Peak 92.4% Powertrain Efficiency Domain
LUCID-AIR-3401,14002,870.5,1814.0,72.9,91.87,Peak 92.4% Powertrain Efficiency Domain
LUCID-AIR-3402,5023,841.1,163.7,54.4,93.73,Peak 92.4% Powertrain Efficiency Domain
LUCID-AIR-3403,3144,826.2,235.3,48.0,94.48,Peak 92.4% Powertrain Efficiency Domain
LUCID-AIR-3404,16592,887.7,2199.4,76.4,91.42,Peak 92.4% Powertrain Efficiency Domain
LUCID-AIR-3405,12687,829.4,1709.9,73.4,92.92,Peak 92.4% Powertrain Efficiency Domain
LUCID-AIR-3406,19072,885.0,2828.2,88.1,91.6,Stator Micro-Channel Coolant Active
LUCID-AIR-3407,13909,892.5,1739.1,70.7,92.66,Peak 92.4% Powertrain Efficiency Domain
LUCID-AIR-3408,8614,827.9,754.6,58.5,93.16,Peak 92.4% Powertrain Efficiency Domain
LUCID-AIR-3409,2332,919.3,24.4,46.2,93.98,Peak 92.4% Powertrain Efficiency Domain
LUCID-AIR-3410,2191,861.5,159.1,42.4,94.04,Peak 92.4% Powertrain Efficiency Domain
LUCID-AIR-3411,16754,891.2,2832.2,90.3,91.61,Stator Micro-Channel Coolant Active
LUCID-AIR-3412,12490,827.2,1477.7,62.7,92.64,Peak 92.4% Powertrain Efficiency Domain
LUCID-AIR-3413,8569,830.5,956.8,61.8,93.35,Peak 92.4% Powertrain Efficiency Domain
LUCID-AIR-3414,10294,853.8,1133.2,59.6,93.5,Peak 92.4% Powertrain Efficiency Domain
LUCID-AIR-3415,10606,898.0,1124.2,64.5,93.61,Peak 92.4% Powertrain Efficiency Domain
LUCID-AIR-3416,3906,824.6,141.9,49.2,94.74,Peak 92.4% Powertrain Efficiency Domain
LUCID-AIR-3417,2007,835.7,73.0,47.6,94.63,Peak 92.4% Powertrain Efficiency Domain
LUCID-AIR-3418,17989,910.5,2742.3,87.0,91.53,Stator Micro-Channel Coolant Active
LUCID-AIR-3419,4275,824.5,120.4,47.6,94.07,Peak 92.4% Powertrain Efficiency Domain
LUCID-AIR-3420,12884,891.5,1403.7,64.1,92.96,Peak 92.4% Powertrain Efficiency Domain
LUCID-AIR-3421,4987,884.6,180.6,48.5,94.17,Peak 92.4% Powertrain Efficiency Domain
LUCID-AIR-3422,15467,913.0,2192.6,77.4,91.96,Peak 92.4% Powertrain Efficiency Domain
LUCID-AIR-3423,13266,860.9,1488.6,67.0,92.95,Peak 92.4% Powertrain Efficiency Domain
LUCID-AIR-3424,16230,910.2,2503.8,84.6,91.63,Peak 92.4% Powertrain Efficiency Domain
LUCID-AIR-3425,14105,821.2,1814.4,74.4,92.76,Peak 92.4% Powertrain Efficiency Domain
LUCID-AIR-3426,8186,880.3,594.4,53.9,93.84,Peak 92.4% Powertrain Efficiency Domain
LUCID-AIR-3427,9614,916.7,1013.5,63.6,93.12,Peak 92.4% Powertrain Efficiency Domain
LUCID-AIR-3428,8118,886.6,619.6,50.4,93.65,Peak 92.4% Powertrain Efficiency Domain
LUCID-AIR-3429,3094,912.0,156.8,53.9,94.36,Peak 92.4% Powertrain Efficiency Domain
LUCID-AIR-3430,11042,877.4,1262.5,63.9,93.04,Peak 92.4% Powertrain Efficiency Domain
LUCID-AIR-3431,17342,888.7,2573.4,87.5,91.52,Stator Micro-Channel Coolant Active
LUCID-AIR-3432,11948,857.1,1417.2,69.2,92.68,Peak 92.4% Powertrain Efficiency Domain
LUCID-AIR-3433,9276,872.4,857.6,59.7,93.23,Peak 92.4% Powertrain Efficiency Domain
LUCID-AIR-3434,8938,905.9,1078.1,61.2,93.11,Peak 92.4% Powertrain Efficiency Domain
LUCID-AIR-3435,2405,911.7,-53.3,44.6,94.39,Peak 92.4% Powertrain Efficiency Domain
LUCID-AIR-3436,2499,840.0,141.9,52.5,94.26,Peak 92.4% Powertrain Efficiency Domain
LUCID-AIR-3437,18513,922.3,2645.1,83.8,91.67,Peak 92.4% Powertrain Efficiency Domain
LUCID-AIR-3438,11544,867.8,1223.4,65.9,92.97,Peak 92.4% Powertrain Efficiency Domain
LUCID-AIR-3439,5512,833.4,574.2,59.3,94.06,Peak 92.4% Powertrain Efficiency Domain
LUCID-AIR-3440,3423,900.3,183.3,50.5,94.51,Peak 92.4% Powertrain Efficiency Domain
LUCID-AIR-3441,4645,904.5,427.2,49.4,94.55,Peak 92.4% Powertrain Efficiency Domain
LUCID-AIR-3442,5250,891.1,398.7,53.5,93.9,Peak 92.4% Powertrain Efficiency Domain
LUCID-AIR-3443,7080,828.7,313.5,48.0,94.18,Peak 92.4% Powertrain Efficiency Domain
LUCID-AIR-3444,16334,907.6,2401.9,82.8,92.04,Peak 92.4% Powertrain Efficiency Domain
LUCID-AIR-3445,18600,922.3,2990.1,87.8,91.14,Stator Micro-Channel Coolant Active
LUCID-AIR-3446,6429,886.5,674.5,64.8,93.64,Peak 92.4% Powertrain Efficiency Domain
LUCID-AIR-3447,9707,837.0,1116.5,65.8,92.3,Peak 92.4% Powertrain Efficiency Domain
LUCID-AIR-3448,4360,883.7,439.8,50.3,93.78,Peak 92.4% Powertrain Efficiency Domain
LUCID-AIR-3449,15949,913.0,2227.3,81.4,92.53,Peak 92.4% Powertrain Efficiency Domain
LUCID-AIR-3450,18977,919.8,3073.6,91.7,91.4,Stator Micro-Channel Coolant Active
LUCID-AIR-3451,9797,914.0,1091.0,61.7,93.63,Peak 92.4% Powertrain Efficiency Domain
LUCID-AIR-3452,7293,840.6,448.3,55.3,93.97,Peak 92.4% Powertrain Efficiency Domain
LUCID-AIR-3453,7085,871.2,404.7,52.5,94.31,Peak 92.4% Powertrain Efficiency Domain
LUCID-AIR-3454,15863,861.0,2122.8,78.2,91.89,Peak 92.4% Powertrain Efficiency Domain
LUCID-AIR-3455,11887,829.5,1529.0,73.0,92.35,Peak 92.4% Powertrain Efficiency Domain
LUCID-AIR-3456,10558,921.7,1355.0,64.6,92.8,Peak 92.4% Powertrain Efficiency Domain
LUCID-AIR-3457,7405,863.6,471.2,46.9,93.7,Peak 92.4% Powertrain Efficiency Domain
LUCID-AIR-3458,12401,865.6,1292.9,64.1,92.83,Peak 92.4% Powertrain Efficiency Domain
LUCID-AIR-3459,3516,840.1,104.0,45.9,94.1,Peak 92.4% Powertrain Efficiency Domain
LUCID-AIR-3460,17791,837.6,2627.0,84.4,91.79,Peak 92.4% Powertrain Efficiency Domain
LUCID-AIR-3461,4550,897.5,402.6,54.1,93.67,Peak 92.4% Powertrain Efficiency Domain
LUCID-AIR-3462,6903,878.3,566.6,48.8,94.18,Peak 92.4% Powertrain Efficiency Domain
LUCID-AIR-3463,16139,889.9,2345.2,81.7,92.31,Peak 92.4% Powertrain Efficiency Domain
LUCID-AIR-3464,8069,861.4,540.0,53.4,94.07,Peak 92.4% Powertrain Efficiency Domain
LUCID-AIR-3465,14382,827.6,1745.0,72.7,92.72,Peak 92.4% Powertrain Efficiency Domain
LUCID-AIR-3466,19517,891.5,3071.1,91.7,91.27,Stator Micro-Channel Coolant Active
LUCID-AIR-3467,3113,832.9,653.4,55.6,93.92,Peak 92.4% Powertrain Efficiency Domain
LUCID-AIR-3468,18980,887.3,2741.7,85.0,91.58,Stator Micro-Channel Coolant Active
LUCID-AIR-3469,11188,861.3,1358.0,69.1,93.34,Peak 92.4% Powertrain Efficiency Domain
LUCID-AIR-3470,11103,914.4,1235.3,61.6,93.46,Peak 92.4% Powertrain Efficiency Domain
LUCID-AIR-3471,13891,921.2,1979.1,73.6,92.49,Peak 92.4% Powertrain Efficiency Domain
LUCID-AIR-3472,4202,862.3,464.3,55.4,94.14,Peak 92.4% Powertrain Efficiency Domain
LUCID-AIR-3473,18714,831.8,2799.7,90.9,91.7,Stator Micro-Channel Coolant Active
LUCID-AIR-3474,11743,823.3,1312.5,65.4,92.84,Peak 92.4% Powertrain Efficiency Domain
LUCID-AIR-3475,9565,834.7,782.7,57.6,93.22,Peak 92.4% Powertrain Efficiency Domain
LUCID-AIR-3476,9965,829.6,1006.4,60.4,93.57,Peak 92.4% Powertrain Efficiency Domain
LUCID-AIR-3477,13724,852.0,1758.0,75.5,92.66,Peak 92.4% Powertrain Efficiency Domain
LUCID-AIR-3478,7402,914.3,499.7,55.9,93.87,Peak 92.4% Powertrain Efficiency Domain
LUCID-AIR-3479,15130,907.2,2000.5,72.5,92.27,Peak 92.4% Powertrain Efficiency Domain
LUCID-AIR-3480,12850,917.8,1812.2,70.3,92.63,Peak 92.4% Powertrain Efficiency Domain
LUCID-AIR-3481,8579,841.8,882.6,62.8,93.08,Peak 92.4% Powertrain Efficiency Domain
LUCID-AIR-3482,16311,851.4,2500.4,74.5,91.81,Peak 92.4% Powertrain Efficiency Domain
LUCID-AIR-3483,14147,908.8,1823.8,74.7,92.18,Peak 92.4% Powertrain Efficiency Domain
LUCID-AIR-3484,3025,832.2,169.3,50.5,93.71,Peak 92.4% Powertrain Efficiency Domain
LUCID-AIR-3485,2412,885.3,135.2,45.7,94.52,Peak 92.4% Powertrain Efficiency Domain
LUCID-AIR-3486,13400,865.6,1801.6,72.7,92.62,Peak 92.4% Powertrain Efficiency Domain
LUCID-AIR-3487,2983,826.3,300.0,49.2,94.46,Peak 92.4% Powertrain Efficiency Domain
LUCID-AIR-3488,9351,830.4,1023.3,58.2,93.02,Peak 92.4% Powertrain Efficiency Domain
LUCID-AIR-3489,12581,895.1,1578.2,72.4,93.07,Peak 92.4% Powertrain Efficiency Domain
LUCID-AIR-3490,17873,836.2,2735.5,87.7,92.25,Stator Micro-Channel Coolant Active
LUCID-AIR-3491,18901,886.7,3025.1,90.1,91.32,Stator Micro-Channel Coolant Active
LUCID-AIR-3492,7451,911.9,657.7,56.1,94.41,Peak 92.4% Powertrain Efficiency Domain
LUCID-AIR-3493,16137,823.3,2241.5,82.5,92.19,Peak 92.4% Powertrain Efficiency Domain
LUCID-AIR-3494,7975,878.9,729.3,59.1,93.88,Peak 92.4% Powertrain Efficiency Domain
LUCID-AIR-3495,9910,827.7,961.9,58.3,93.61,Peak 92.4% Powertrain Efficiency Domain
LUCID-AIR-3496,17569,821.7,2676.6,85.4,91.77,Stator Micro-Channel Coolant Active
LUCID-AIR-3497,3491,879.3,-106.3,42.8,94.26,Peak 92.4% Powertrain Efficiency Domain
LUCID-AIR-3498,13765,898.1,1888.5,72.1,92.55,Peak 92.4% Powertrain Efficiency Domain
LUCID-AIR-3499,9654,899.7,1175.2,61.5,93.16,Peak 92.4% Powertrain Efficiency Domain
LUCID-AIR-3500,12643,860.4,1236.5,59.7,93.57,Peak 92.4% Powertrain Efficiency Domain
LUCID-AIR-3501,5769,894.0,562.6,54.5,93.45,Peak 92.4% Powertrain Efficiency Domain
LUCID-AIR-3502,18713,895.7,2961.7,89.7,90.62,Stator Micro-Channel Coolant Active
LUCID-AIR-3503,16779,855.8,2215.2,78.6,92.71,Peak 92.4% Powertrain Efficiency Domain
LUCID-AIR-3504,19486,841.8,2971.0,86.3,91.59,Stator Micro-Channel Coolant Active
LUCID-AIR-3505,4541,900.9,319.9,48.1,94.64,Peak 92.4% Powertrain Efficiency Domain
LUCID-AIR-3506,16340,877.7,2206.2,80.7,91.92,Peak 92.4% Powertrain Efficiency Domain
LUCID-AIR-3507,5843,883.3,217.5,47.3,94.41,Peak 92.4% Powertrain Efficiency Domain
LUCID-AIR-3508,17222,826.6,2555.4,80.7,91.38,Peak 92.4% Powertrain Efficiency Domain
LUCID-AIR-3509,14690,922.5,1911.4,76.9,92.69,Peak 92.4% Powertrain Efficiency Domain
LUCID-AIR-3510,2487,892.4,180.8,44.3,93.94,Peak 92.4% Powertrain Efficiency Domain
LUCID-AIR-3511,13151,847.8,1702.7,69.9,92.61,Peak 92.4% Powertrain Efficiency Domain
LUCID-AIR-3512,10103,829.0,1157.5,62.4,93.24,Peak 92.4% Powertrain Efficiency Domain
LUCID-AIR-3513,15857,916.3,1960.4,77.7,91.98,Peak 92.4% Powertrain Efficiency Domain
LUCID-AIR-3514,19283,887.9,3152.2,96.2,91.54,Stator Micro-Channel Coolant Active
LUCID-AIR-3515,2971,893.0,76.1,45.3,94.22,Peak 92.4% Powertrain Efficiency Domain
LUCID-AIR-3516,6441,895.5,690.3,56.1,93.7,Peak 92.4% Powertrain Efficiency Domain
LUCID-AIR-3517,4743,832.6,368.4,48.5,94.27,Peak 92.4% Powertrain Efficiency Domain
LUCID-AIR-3518,3716,897.1,-67.9,39.0,94.73,Peak 92.4% Powertrain Efficiency Domain
LUCID-AIR-3519,10746,892.2,1168.8,63.3,93.6,Peak 92.4% Powertrain Efficiency Domain
LUCID-AIR-3520,8777,850.1,845.3,60.7,93.22,Peak 92.4% Powertrain Efficiency Domain
LUCID-AIR-3521,3403,822.1,279.0,56.3,93.97,Peak 92.4% Powertrain Efficiency Domain
LUCID-AIR-3522,13976,910.9,1658.8,69.3,92.74,Peak 92.4% Powertrain Efficiency Domain
LUCID-AIR-3523,18786,866.0,2960.0,91.2,90.93,Stator Micro-Channel Coolant Active
LUCID-AIR-3524,8421,822.8,816.3,63.4,93.83,Peak 92.4% Powertrain Efficiency Domain
LUCID-AIR-3525,9756,904.8,1128.3,60.5,93.44,Peak 92.4% Powertrain Efficiency Domain
LUCID-AIR-3526,14822,915.5,2147.6,71.6,92.22,Peak 92.4% Powertrain Efficiency Domain
LUCID-AIR-3527,9352,863.1,1052.8,62.3,93.51,Peak 92.4% Powertrain Efficiency Domain
LUCID-AIR-3528,15623,888.5,2434.2,78.9,91.91,Peak 92.4% Powertrain Efficiency Domain
LUCID-AIR-3529,12686,884.2,1540.7,68.2,92.61,Peak 92.4% Powertrain Efficiency Domain
LUCID-AIR-3530,12684,838.8,1665.6,75.1,92.76,Peak 92.4% Powertrain Efficiency Domain
LUCID-AIR-3531,7313,851.7,693.5,55.1,93.44,Peak 92.4% Powertrain Efficiency Domain
LUCID-AIR-3532,15724,833.6,2245.6,73.6,92.5,Peak 92.4% Powertrain Efficiency Domain
LUCID-AIR-3533,15832,886.8,2329.0,77.5,92.29,Peak 92.4% Powertrain Efficiency Domain
LUCID-AIR-3534,10131,859.7,1090.5,62.8,92.97,Peak 92.4% Powertrain Efficiency Domain
LUCID-AIR-3535,6666,911.6,257.9,47.8,94.2,Peak 92.4% Powertrain Efficiency Domain
LUCID-AIR-3536,12211,844.3,1224.7,64.9,93.28,Peak 92.4% Powertrain Efficiency Domain
LUCID-AIR-3537,7736,863.9,747.5,59.9,94.05,Peak 92.4% Powertrain Efficiency Domain
LUCID-AIR-3538,13176,890.6,1780.6,72.2,92.53,Peak 92.4% Powertrain Efficiency Domain
LUCID-AIR-3539,6370,876.6,596.1,58.0,94.09,Peak 92.4% Powertrain Efficiency Domain
LUCID-AIR-3540,14253,880.2,1584.7,67.7,92.67,Peak 92.4% Powertrain Efficiency Domain
LUCID-AIR-3541,11553,852.2,1596.7,71.8,92.44,Peak 92.4% Powertrain Efficiency Domain
LUCID-AIR-3542,13287,838.6,1623.4,65.7,92.57,Peak 92.4% Powertrain Efficiency Domain
LUCID-AIR-3543,13082,913.5,1550.4,71.9,92.76,Peak 92.4% Powertrain Efficiency Domain
LUCID-AIR-3544,15712,905.0,1905.5,73.0,92.1,Peak 92.4% Powertrain Efficiency Domain
LUCID-AIR-3545,15172,835.3,2167.3,80.7,92.18,Peak 92.4% Powertrain Efficiency Domain
LUCID-AIR-3546,14343,860.4,1676.4,74.2,92.81,Peak 92.4% Powertrain Efficiency Domain
LUCID-AIR-3547,4284,862.4,478.4,53.6,94.03,Peak 92.4% Powertrain Efficiency Domain
LUCID-AIR-3548,2345,875.9,161.6,46.1,94.41,Peak 92.4% Powertrain Efficiency Domain
LUCID-AIR-3549,3902,923.9,182.3,42.1,95.03,Peak 92.4% Powertrain Efficiency Domain
LUCID-AIR-3550,15289,918.1,2176.3,75.4,91.79,Peak 92.4% Powertrain Efficiency Domain
LUCID-AIR-3551,7868,826.8,627.9,50.9,93.81,Peak 92.4% Powertrain Efficiency Domain
LUCID-AIR-3552,7013,857.9,463.8,53.3,94.53,Peak 92.4% Powertrain Efficiency Domain
LUCID-AIR-3553,7357,883.8,727.8,61.7,93.99,Peak 92.4% Powertrain Efficiency Domain
LUCID-AIR-3554,9560,906.1,1131.0,59.4,93.36,Peak 92.4% Powertrain Efficiency Domain
LUCID-AIR-3555,18052,919.6,2668.9,84.7,91.32,Peak 92.4% Powertrain Efficiency Domain
LUCID-AIR-3556,3748,871.7,414.3,54.4,94.39,Peak 92.4% Powertrain Efficiency Domain
LUCID-AIR-3557,11013,906.2,917.0,59.1,93.45,Peak 92.4% Powertrain Efficiency Domain
LUCID-AIR-3558,8395,863.5,781.9,60.4,93.44,Peak 92.4% Powertrain Efficiency Domain
LUCID-AIR-3559,17530,884.3,2794.2,87.7,91.24,Stator Micro-Channel Coolant Active
LUCID-AIR-3560,15350,898.6,1919.2,73.7,92.29,Peak 92.4% Powertrain Efficiency Domain
LUCID-AIR-3561,6419,860.5,577.8,57.4,93.61,Peak 92.4% Powertrain Efficiency Domain
LUCID-AIR-3562,6280,910.0,600.7,56.9,93.45,Peak 92.4% Powertrain Efficiency Domain
LUCID-AIR-3563,10375,877.7,1127.0,63.4,92.98,Peak 92.4% Powertrain Efficiency Domain
LUCID-AIR-3564,16923,852.3,2369.7,81.8,91.49,Peak 92.4% Powertrain Efficiency Domain
LUCID-AIR-3565,11853,847.2,1400.8,63.9,92.57,Peak 92.4% Powertrain Efficiency Domain
LUCID-AIR-3566,10360,832.0,1354.8,64.6,93.65,Peak 92.4% Powertrain Efficiency Domain
LUCID-AIR-3567,8917,872.1,882.2,58.1,93.77,Peak 92.4% Powertrain Efficiency Domain
LUCID-AIR-3568,16813,898.0,2624.8,91.7,91.69,Stator Micro-Channel Coolant Active
LUCID-AIR-3569,17687,908.1,2913.1,93.8,91.59,Stator Micro-Channel Coolant Active
LUCID-AIR-3570,3489,881.1,130.7,46.5,94.01,Peak 92.4% Powertrain Efficiency Domain
LUCID-AIR-3571,13063,829.6,1549.8,71.0,92.08,Peak 92.4% Powertrain Efficiency Domain
LUCID-AIR-3572,12547,902.2,1480.8,72.4,93.43,Peak 92.4% Powertrain Efficiency Domain
LUCID-AIR-3573,12220,834.7,1214.3,61.9,93.05,Peak 92.4% Powertrain Efficiency Domain
LUCID-AIR-3574,4555,823.1,326.4,49.6,94.09,Peak 92.4% Powertrain Efficiency Domain
LUCID-AIR-3575,14467,874.0,1844.9,75.1,93.02,Peak 92.4% Powertrain Efficiency Domain
LUCID-AIR-3576,8443,827.1,902.1,59.6,93.6,Peak 92.4% Powertrain Efficiency Domain
LUCID-AIR-3577,4328,825.6,223.1,52.0,94.16,Peak 92.4% Powertrain Efficiency Domain
LUCID-AIR-3578,10528,820.7,1091.9,64.9,92.8,Peak 92.4% Powertrain Efficiency Domain
LUCID-AIR-3579,7054,903.5,783.8,57.4,93.71,Peak 92.4% Powertrain Efficiency Domain
LUCID-AIR-3580,7534,862.8,736.6,57.9,93.46,Peak 92.4% Powertrain Efficiency Domain
LUCID-AIR-3581,18353,858.0,2776.2,90.0,91.37,Stator Micro-Channel Coolant Active
LUCID-AIR-3582,9277,900.4,988.3,64.4,92.79,Peak 92.4% Powertrain Efficiency Domain
LUCID-AIR-3583,8426,906.2,736.7,57.9,93.32,Peak 92.4% Powertrain Efficiency Domain
LUCID-AIR-3584,10188,877.5,1151.7,60.8,93.18,Peak 92.4% Powertrain Efficiency Domain
LUCID-AIR-3585,13247,878.2,1858.9,72.2,91.96,Peak 92.4% Powertrain Efficiency Domain
LUCID-AIR-3586,19597,898.4,3163.0,93.8,90.7,Stator Micro-Channel Coolant Active
LUCID-AIR-3587,19537,828.5,3006.2,93.0,90.77,Stator Micro-Channel Coolant Active
LUCID-AIR-3588,10941,882.7,1037.5,62.5,93.61,Peak 92.4% Powertrain Efficiency Domain
LUCID-AIR-3589,2233,858.7,-106.0,42.8,95.24,Peak 92.4% Powertrain Efficiency Domain
LUCID-AIR-3590,3936,870.2,104.6,46.7,94.32,Peak 92.4% Powertrain Efficiency Domain
LUCID-AIR-3591,4588,895.2,320.6,55.5,93.81,Peak 92.4% Powertrain Efficiency Domain
LUCID-AIR-3592,6414,878.3,667.3,52.4,94.35,Peak 92.4% Powertrain Efficiency Domain
LUCID-AIR-3593,4303,840.1,327.9,53.8,93.89,Peak 92.4% Powertrain Efficiency Domain
LUCID-AIR-3594,8192,882.2,788.8,62.4,93.78,Peak 92.4% Powertrain Efficiency Domain
LUCID-AIR-3595,3527,820.8,-29.5,45.2,94.47,Peak 92.4% Powertrain Efficiency Domain
LUCID-AIR-3596,15336,861.0,2038.2,77.6,92.57,Peak 92.4% Powertrain Efficiency Domain
LUCID-AIR-3597,12075,829.6,1527.3,68.0,93.11,Peak 92.4% Powertrain Efficiency Domain
LUCID-AIR-3598,19460,903.5,2965.3,87.9,91.57,Stator Micro-Channel Coolant Active
LUCID-AIR-3599,13732,852.5,1411.1,68.7,92.91,Peak 92.4% Powertrain Efficiency Domain
LUCID-AIR-3600,9559,850.1,843.6,55.2,93.59,Peak 92.4% Powertrain Efficiency Domain
LUCID-AIR-3601,4425,856.4,331.7,48.0,93.44,Peak 92.4% Powertrain Efficiency Domain
LUCID-AIR-3602,8337,855.3,584.4,52.5,94.07,Peak 92.4% Powertrain Efficiency Domain
LUCID-AIR-3603,8775,869.2,822.8,56.3,93.43,Peak 92.4% Powertrain Efficiency Domain
LUCID-AIR-3604,15362,895.0,2294.6,80.8,92.05,Peak 92.4% Powertrain Efficiency Domain
LUCID-AIR-3605,19809,861.9,2962.3,91.7,90.75,Stator Micro-Channel Coolant Active
LUCID-AIR-3606,5600,822.1,524.3,54.3,94.57,Peak 92.4% Powertrain Efficiency Domain
LUCID-AIR-3607,12220,909.7,1708.1,75.4,92.62,Peak 92.4% Powertrain Efficiency Domain
LUCID-AIR-3608,6827,892.0,667.7,59.9,93.47,Peak 92.4% Powertrain Efficiency Domain
LUCID-AIR-3609,9162,852.7,846.1,55.2,93.92,Peak 92.4% Powertrain Efficiency Domain
LUCID-AIR-3610,8056,858.0,518.2,49.5,93.63,Peak 92.4% Powertrain Efficiency Domain
LUCID-AIR-3611,3302,905.2,86.2,43.7,94.15,Peak 92.4% Powertrain Efficiency Domain
LUCID-AIR-3612,2898,848.9,207.7,51.4,94.11,Peak 92.4% Powertrain Efficiency Domain
LUCID-AIR-3613,16186,822.8,2255.6,78.9,91.7,Peak 92.4% Powertrain Efficiency Domain
LUCID-AIR-3614,5291,898.3,283.5,43.5,93.83,Peak 92.4% Powertrain Efficiency Domain
LUCID-AIR-3615,16941,909.6,2237.1,77.7,92.25,Peak 92.4% Powertrain Efficiency Domain
LUCID-AIR-3616,4580,833.6,134.4,47.2,94.76,Peak 92.4% Powertrain Efficiency Domain
LUCID-AIR-3617,4248,915.1,332.8,50.0,94.22,Peak 92.4% Powertrain Efficiency Domain
LUCID-AIR-3618,10156,910.6,749.4,55.1,93.72,Peak 92.4% Powertrain Efficiency Domain
LUCID-AIR-3619,12885,886.5,1725.2,70.8,92.62,Peak 92.4% Powertrain Efficiency Domain
LUCID-AIR-3620,10727,839.8,1062.3,68.1,93.33,Peak 92.4% Powertrain Efficiency Domain
LUCID-AIR-3621,18424,877.6,2714.6,85.2,91.91,Stator Micro-Channel Coolant Active
LUCID-AIR-3622,15019,831.3,2029.9,80.4,92.57,Peak 92.4% Powertrain Efficiency Domain
LUCID-AIR-3623,6203,873.0,462.9,55.5,94.34,Peak 92.4% Powertrain Efficiency Domain
LUCID-AIR-3624,9343,908.0,825.6,59.1,93.64,Peak 92.4% Powertrain Efficiency Domain
LUCID-AIR-3625,3607,876.3,455.3,59.9,94.12,Peak 92.4% Powertrain Efficiency Domain
LUCID-AIR-3626,8529,839.6,864.3,61.4,93.71,Peak 92.4% Powertrain Efficiency Domain
LUCID-AIR-3627,18926,831.5,2753.5,85.6,91.38,Stator Micro-Channel Coolant Active
LUCID-AIR-3628,5441,849.1,334.1,42.2,94.6,Peak 92.4% Powertrain Efficiency Domain
LUCID-AIR-3629,7337,887.2,532.4,53.5,93.94,Peak 92.4% Powertrain Efficiency Domain
LUCID-AIR-3630,15158,901.8,2109.8,78.1,92.55,Peak 92.4% Powertrain Efficiency Domain
LUCID-AIR-3631,8328,860.9,864.5,60.7,93.9,Peak 92.4% Powertrain Efficiency Domain
LUCID-AIR-3632,3302,891.1,221.9,54.2,94.33,Peak 92.4% Powertrain Efficiency Domain
LUCID-AIR-3633,7597,899.6,640.1,54.1,94.32,Peak 92.4% Powertrain Efficiency Domain
LUCID-AIR-3634,3906,859.9,14.0,45.8,93.79,Peak 92.4% Powertrain Efficiency Domain
LUCID-AIR-3635,11085,868.3,1213.5,62.8,92.81,Peak 92.4% Powertrain Efficiency Domain
LUCID-AIR-3636,18050,906.9,2708.4,82.4,91.5,Peak 92.4% Powertrain Efficiency Domain
LUCID-AIR-3637,9036,860.1,1055.3,61.8,93.66,Peak 92.4% Powertrain Efficiency Domain
LUCID-AIR-3638,7570,893.3,679.9,54.2,93.83,Peak 92.4% Powertrain Efficiency Domain
LUCID-AIR-3639,4931,878.2,85.2,45.6,93.83,Peak 92.4% Powertrain Efficiency Domain
LUCID-AIR-3640,10389,834.2,958.8,62.3,93.36,Peak 92.4% Powertrain Efficiency Domain
LUCID-AIR-3641,18783,896.8,2809.0,88.9,91.13,Stator Micro-Channel Coolant Active
LUCID-AIR-3642,5401,889.0,215.0,45.0,94.0,Peak 92.4% Powertrain Efficiency Domain
LUCID-AIR-3643,4618,889.6,352.7,52.0,93.47,Peak 92.4% Powertrain Efficiency Domain
LUCID-AIR-3644,12068,865.8,1379.2,65.2,93.77,Peak 92.4% Powertrain Efficiency Domain
LUCID-AIR-3645,6366,835.2,351.8,51.1,93.42,Peak 92.4% Powertrain Efficiency Domain
LUCID-AIR-3646,18189,829.6,2700.7,86.2,92.31,Stator Micro-Channel Coolant Active
LUCID-AIR-3647,12631,833.2,1261.4,59.8,93.48,Peak 92.4% Powertrain Efficiency Domain
LUCID-AIR-3648,17920,850.0,2622.8,86.6,92.12,Stator Micro-Channel Coolant Active
LUCID-AIR-3649,15077,824.2,2072.6,72.0,92.44,Peak 92.4% Powertrain Efficiency Domain
LUCID-AIR-3650,2106,917.7,-142.1,48.9,94.79,Peak 92.4% Powertrain Efficiency Domain
LUCID-AIR-3651,4597,829.6,488.0,54.3,93.86,Peak 92.4% Powertrain Efficiency Domain
LUCID-AIR-3652,12140,861.0,1539.3,72.6,93.32,Peak 92.4% Powertrain Efficiency Domain
LUCID-AIR-3653,15181,894.8,2126.7,75.6,91.83,Peak 92.4% Powertrain Efficiency Domain
LUCID-AIR-3654,7178,896.3,701.2,54.2,93.63,Peak 92.4% Powertrain Efficiency Domain
LUCID-AIR-3655,2843,885.5,407.0,52.0,94.45,Peak 92.4% Powertrain Efficiency Domain
LUCID-AIR-3656,12173,862.8,1458.3,69.8,93.26,Peak 92.4% Powertrain Efficiency Domain
LUCID-AIR-3657,19837,873.3,3441.0,95.5,90.63,Stator Micro-Channel Coolant Active
LUCID-AIR-3658,10361,874.9,1064.0,60.4,93.87,Peak 92.4% Powertrain Efficiency Domain
LUCID-AIR-3659,6672,868.8,573.2,58.1,94.08,Peak 92.4% Powertrain Efficiency Domain
LUCID-AIR-3660,11483,821.2,1645.3,68.6,93.08,Peak 92.4% Powertrain Efficiency Domain
LUCID-AIR-3661,9343,891.9,933.1,56.9,93.81,Peak 92.4% Powertrain Efficiency Domain
LUCID-AIR-3662,5436,827.6,230.5,49.5,94.57,Peak 92.4% Powertrain Efficiency Domain
LUCID-AIR-3663,13811,876.3,1737.0,72.7,92.47,Peak 92.4% Powertrain Efficiency Domain
LUCID-AIR-3664,17869,882.7,2672.8,85.9,91.55,Stator Micro-Channel Coolant Active
LUCID-AIR-3665,9554,913.1,1191.0,61.8,93.13,Peak 92.4% Powertrain Efficiency Domain
LUCID-AIR-3666,16708,858.7,2244.7,80.8,91.97,Peak 92.4% Powertrain Efficiency Domain
LUCID-AIR-3667,4398,837.5,238.9,45.5,94.15,Peak 92.4% Powertrain Efficiency Domain
LUCID-AIR-3668,9717,825.2,901.9,55.0,93.18,Peak 92.4% Powertrain Efficiency Domain
LUCID-AIR-3669,14379,906.3,1910.6,76.7,92.45,Peak 92.4% Powertrain Efficiency Domain
LUCID-AIR-3670,12087,872.6,1346.2,67.9,93.24,Peak 92.4% Powertrain Efficiency Domain
LUCID-AIR-3671,17468,872.8,2419.2,79.9,91.92,Peak 92.4% Powertrain Efficiency Domain
LUCID-AIR-3672,17970,920.8,2556.4,88.8,91.71,Stator Micro-Channel Coolant Active
LUCID-AIR-3673,15482,834.6,1934.1,72.2,92.29,Peak 92.4% Powertrain Efficiency Domain
LUCID-AIR-3674,2045,822.3,-121.0,42.4,94.87,Peak 92.4% Powertrain Efficiency Domain
LUCID-AIR-3675,7205,869.3,666.8,56.1,93.6,Peak 92.4% Powertrain Efficiency Domain
LUCID-AIR-3676,7469,876.9,594.0,58.9,93.58,Peak 92.4% Powertrain Efficiency Domain
LUCID-AIR-3677,8404,905.4,815.4,62.7,93.92,Peak 92.4% Powertrain Efficiency Domain
LUCID-AIR-3678,16383,845.0,2277.8,78.7,91.68,Peak 92.4% Powertrain Efficiency Domain
LUCID-AIR-3679,11185,894.3,1293.5,67.3,92.98,Peak 92.4% Powertrain Efficiency Domain
LUCID-AIR-3680,16580,893.3,2600.1,88.6,91.31,Stator Micro-Channel Coolant Active
LUCID-AIR-3681,4993,836.1,275.8,53.4,93.86,Peak 92.4% Powertrain Efficiency Domain
LUCID-AIR-3682,7526,840.5,544.4,51.5,93.85,Peak 92.4% Powertrain Efficiency Domain
LUCID-AIR-3683,5795,868.1,423.4,46.7,94.24,Peak 92.4% Powertrain Efficiency Domain
LUCID-AIR-3684,18008,901.6,2701.8,78.9,91.76,Peak 92.4% Powertrain Efficiency Domain
LUCID-AIR-3685,18102,916.6,2812.1,85.3,92.14,Stator Micro-Channel Coolant Active
LUCID-AIR-3686,4882,839.6,368.2,45.1,94.27,Peak 92.4% Powertrain Efficiency Domain
LUCID-AIR-3687,8106,872.8,742.5,59.6,94.11,Peak 92.4% Powertrain Efficiency Domain
LUCID-AIR-3688,17379,827.5,2691.2,87.0,91.69,Stator Micro-Channel Coolant Active
LUCID-AIR-3689,16439,831.1,2331.6,82.0,92.35,Peak 92.4% Powertrain Efficiency Domain
LUCID-AIR-3690,14451,888.3,1902.3,74.0,92.04,Peak 92.4% Powertrain Efficiency Domain
LUCID-AIR-3691,11199,914.5,1132.0,64.3,93.34,Peak 92.4% Powertrain Efficiency Domain
LUCID-AIR-3692,7049,875.6,682.1,57.7,93.47,Peak 92.4% Powertrain Efficiency Domain
LUCID-AIR-3693,16664,907.6,2548.5,88.4,91.65,Stator Micro-Channel Coolant Active
LUCID-AIR-3694,17539,904.6,2585.0,81.9,91.29,Peak 92.4% Powertrain Efficiency Domain
LUCID-AIR-3695,18615,914.1,2505.7,84.2,91.9,Peak 92.4% Powertrain Efficiency Domain
LUCID-AIR-3696,7678,827.6,754.7,58.2,93.67,Peak 92.4% Powertrain Efficiency Domain
LUCID-AIR-3697,11412,891.4,1441.6,63.5,93.15,Peak 92.4% Powertrain Efficiency Domain
LUCID-AIR-3698,6430,824.2,566.4,53.4,94.56,Peak 92.4% Powertrain Efficiency Domain
LUCID-AIR-3699,17877,897.5,2524.9,83.3,91.44,Peak 92.4% Powertrain Efficiency Domain
LUCID-AIR-3700,12408,867.3,1514.1,72.6,93.04,Peak 92.4% Powertrain Efficiency Domain
LUCID-AIR-3701,6022,855.2,389.3,48.7,94.38,Peak 92.4% Powertrain Efficiency Domain
LUCID-AIR-3702,6497,833.5,470.0,49.0,94.22,Peak 92.4% Powertrain Efficiency Domain
LUCID-AIR-3703,8512,896.6,971.5,58.2,92.92,Peak 92.4% Powertrain Efficiency Domain
LUCID-AIR-3704,9648,918.1,1129.9,59.9,92.87,Peak 92.4% Powertrain Efficiency Domain
LUCID-AIR-3705,6515,872.2,512.7,55.0,93.75,Peak 92.4% Powertrain Efficiency Domain
LUCID-AIR-3706,17736,836.4,2526.2,84.0,91.59,Peak 92.4% Powertrain Efficiency Domain
LUCID-AIR-3707,14860,882.8,2068.6,77.9,92.53,Peak 92.4% Powertrain Efficiency Domain
LUCID-AIR-3708,9179,838.6,698.5,50.4,93.56,Peak 92.4% Powertrain Efficiency Domain
LUCID-AIR-3709,7284,835.8,655.0,58.8,94.08,Peak 92.4% Powertrain Efficiency Domain
LUCID-AIR-3710,17419,826.7,2665.8,94.0,90.94,Stator Micro-Channel Coolant Active
LUCID-AIR-3711,9173,907.9,940.2,59.0,93.54,Peak 92.4% Powertrain Efficiency Domain
LUCID-AIR-3712,15107,912.5,1986.4,73.7,92.03,Peak 92.4% Powertrain Efficiency Domain
LUCID-AIR-3713,18787,850.3,2923.3,90.4,91.72,Stator Micro-Channel Coolant Active
LUCID-AIR-3714,14696,823.0,1876.3,76.8,92.73,Peak 92.4% Powertrain Efficiency Domain
LUCID-AIR-3715,18681,896.6,3179.9,89.2,91.12,Stator Micro-Channel Coolant Active
LUCID-AIR-3716,7553,858.6,830.5,59.6,93.46,Peak 92.4% Powertrain Efficiency Domain
LUCID-AIR-3717,15178,840.7,2078.7,76.6,91.87,Peak 92.4% Powertrain Efficiency Domain
LUCID-AIR-3718,11278,849.8,1328.5,62.6,92.68,Peak 92.4% Powertrain Efficiency Domain
LUCID-AIR-3719,17331,882.0,2664.5,85.8,91.95,Stator Micro-Channel Coolant Active
LUCID-AIR-3720,7238,921.9,722.8,57.1,93.84,Peak 92.4% Powertrain Efficiency Domain
LUCID-AIR-3721,19842,916.2,3410.9,103.4,90.88,Stator Micro-Channel Coolant Active
LUCID-AIR-3722,9049,882.8,903.9,55.4,93.73,Peak 92.4% Powertrain Efficiency Domain
LUCID-AIR-3723,8235,887.0,780.8,57.8,93.53,Peak 92.4% Powertrain Efficiency Domain
LUCID-AIR-3724,7457,893.4,798.1,57.7,93.27,Peak 92.4% Powertrain Efficiency Domain
LUCID-AIR-3725,18967,906.4,3226.0,100.3,91.13,Stator Micro-Channel Coolant Active
LUCID-AIR-3726,8218,833.2,745.0,58.8,93.74,Peak 92.4% Powertrain Efficiency Domain
LUCID-AIR-3727,13486,917.6,1687.7,71.3,92.8,Peak 92.4% Powertrain Efficiency Domain
LUCID-AIR-3728,13541,901.9,1723.4,72.2,92.38,Peak 92.4% Powertrain Efficiency Domain
LUCID-AIR-3729,6465,863.7,799.0,52.2,93.72,Peak 92.4% Powertrain Efficiency Domain
LUCID-AIR-3730,11930,826.9,1450.0,66.8,92.73,Peak 92.4% Powertrain Efficiency Domain
LUCID-AIR-3731,6880,879.5,586.8,56.0,93.73,Peak 92.4% Powertrain Efficiency Domain
LUCID-AIR-3732,12959,892.7,1577.5,74.1,93.19,Peak 92.4% Powertrain Efficiency Domain
LUCID-AIR-3733,10466,874.4,859.0,60.1,93.4,Peak 92.4% Powertrain Efficiency Domain
LUCID-AIR-3734,10750,913.4,1148.0,64.9,93.01,Peak 92.4% Powertrain Efficiency Domain
LUCID-AIR-3735,9774,896.4,1032.1,60.3,93.27,Peak 92.4% Powertrain Efficiency Domain
LUCID-AIR-3736,17539,907.1,2582.8,85.7,91.83,Stator Micro-Channel Coolant Active
LUCID-AIR-3737,7293,893.5,486.7,54.3,93.85,Peak 92.4% Powertrain Efficiency Domain
LUCID-AIR-3738,13808,910.7,1609.3,67.1,92.67,Peak 92.4% Powertrain Efficiency Domain
LUCID-AIR-3739,5486,900.8,354.8,50.8,94.16,Peak 92.4% Powertrain Efficiency Domain
LUCID-AIR-3740,9273,836.1,925.5,63.6,93.29,Peak 92.4% Powertrain Efficiency Domain
LUCID-AIR-3741,19227,920.8,2958.8,88.6,91.34,Stator Micro-Channel Coolant Active
LUCID-AIR-3742,11934,855.4,1666.1,73.2,92.48,Peak 92.4% Powertrain Efficiency Domain
LUCID-AIR-3743,10197,892.0,1041.6,61.9,92.8,Peak 92.4% Powertrain Efficiency Domain
LUCID-AIR-3744,17831,838.3,2543.1,84.8,91.52,Peak 92.4% Powertrain Efficiency Domain
LUCID-AIR-3745,18086,895.5,2626.4,81.7,91.77,Peak 92.4% Powertrain Efficiency Domain
LUCID-AIR-3746,17322,862.0,2541.5,83.0,91.17,Peak 92.4% Powertrain Efficiency Domain
LUCID-AIR-3747,12324,895.4,1508.1,63.1,93.0,Peak 92.4% Powertrain Efficiency Domain
LUCID-AIR-3748,14025,905.8,2015.6,76.1,92.55,Peak 92.4% Powertrain Efficiency Domain
LUCID-AIR-3749,16074,911.9,2296.7,81.2,91.83,Peak 92.4% Powertrain Efficiency Domain
LUCID-AIR-3750,17712,849.2,2524.4,86.9,91.77,Stator Micro-Channel Coolant Active
LUCID-AIR-3751,7231,852.8,571.2,48.9,93.37,Peak 92.4% Powertrain Efficiency Domain
LUCID-AIR-3752,14930,824.4,2112.9,79.8,92.15,Peak 92.4% Powertrain Efficiency Domain
LUCID-AIR-3753,5257,921.2,194.9,50.2,94.12,Peak 92.4% Powertrain Efficiency Domain
LUCID-AIR-3754,5684,825.8,585.8,55.1,94.01,Peak 92.4% Powertrain Efficiency Domain
LUCID-AIR-3755,4685,847.9,379.6,52.0,93.94,Peak 92.4% Powertrain Efficiency Domain
LUCID-AIR-3756,3620,863.6,123.3,46.3,94.33,Peak 92.4% Powertrain Efficiency Domain
LUCID-AIR-3757,8075,824.1,655.6,56.2,93.89,Peak 92.4% Powertrain Efficiency Domain
LUCID-AIR-3758,6637,857.5,737.5,55.7,93.82,Peak 92.4% Powertrain Efficiency Domain
LUCID-AIR-3759,6406,882.8,376.7,49.9,94.18,Peak 92.4% Powertrain Efficiency Domain
LUCID-AIR-3760,13443,844.1,1582.5,75.8,92.79,Peak 92.4% Powertrain Efficiency Domain
LUCID-AIR-3761,6248,847.8,403.0,47.4,94.19,Peak 92.4% Powertrain Efficiency Domain
LUCID-AIR-3762,3702,845.2,296.1,45.5,94.48,Peak 92.4% Powertrain Efficiency Domain
LUCID-AIR-3763,17801,827.6,2912.3,86.6,91.32,Stator Micro-Channel Coolant Active
LUCID-AIR-3764,15868,829.2,2374.9,84.8,91.91,Peak 92.4% Powertrain Efficiency Domain
LUCID-AIR-3765,11259,888.8,1400.7,68.1,92.72,Peak 92.4% Powertrain Efficiency Domain
LUCID-AIR-3766,13980,828.4,1681.9,72.5,92.81,Peak 92.4% Powertrain Efficiency Domain
LUCID-AIR-3767,6065,853.1,133.0,48.0,94.26,Peak 92.4% Powertrain Efficiency Domain
LUCID-AIR-3768,10309,875.7,1284.9,65.1,93.45,Peak 92.4% Powertrain Efficiency Domain
LUCID-AIR-3769,8271,893.5,573.0,58.0,94.21,Peak 92.4% Powertrain Efficiency Domain
LUCID-AIR-3770,2427,832.7,-42.9,41.8,94.22,Peak 92.4% Powertrain Efficiency Domain
LUCID-AIR-3771,15369,909.5,2184.7,84.8,92.67,Peak 92.4% Powertrain Efficiency Domain
LUCID-AIR-3772,3188,876.8,230.0,50.1,93.87,Peak 92.4% Powertrain Efficiency Domain
LUCID-AIR-3773,8918,828.0,1079.8,65.0,93.19,Peak 92.4% Powertrain Efficiency Domain
LUCID-AIR-3774,3143,895.0,195.3,48.5,93.96,Peak 92.4% Powertrain Efficiency Domain
LUCID-AIR-3775,3138,835.1,163.6,48.7,94.46,Peak 92.4% Powertrain Efficiency Domain
LUCID-AIR-3776,14154,855.5,1684.6,67.6,92.8,Peak 92.4% Powertrain Efficiency Domain
LUCID-AIR-3777,11220,823.5,1329.5,65.8,93.45,Peak 92.4% Powertrain Efficiency Domain
LUCID-AIR-3778,14010,875.3,1788.0,72.8,92.33,Peak 92.4% Powertrain Efficiency Domain
LUCID-AIR-3779,3599,863.3,329.8,52.5,94.55,Peak 92.4% Powertrain Efficiency Domain
LUCID-AIR-3780,12151,923.5,1715.7,72.6,92.81,Peak 92.4% Powertrain Efficiency Domain
LUCID-AIR-3781,10320,919.6,1104.8,63.7,93.72,Peak 92.4% Powertrain Efficiency Domain
LUCID-AIR-3782,18744,892.6,2941.7,88.6,91.5,Stator Micro-Channel Coolant Active
LUCID-AIR-3783,5947,859.1,432.0,53.9,94.22,Peak 92.4% Powertrain Efficiency Domain
LUCID-AIR-3784,10556,835.0,817.2,58.6,94.16,Peak 92.4% Powertrain Efficiency Domain
LUCID-AIR-3785,7989,862.5,762.2,57.8,93.91,Peak 92.4% Powertrain Efficiency Domain
LUCID-AIR-3786,6417,879.3,535.4,55.7,93.38,Peak 92.4% Powertrain Efficiency Domain
LUCID-AIR-3787,10483,889.3,1141.9,63.5,93.44,Peak 92.4% Powertrain Efficiency Domain
LUCID-AIR-3788,16249,829.4,2246.1,80.7,92.69,Peak 92.4% Powertrain Efficiency Domain
LUCID-AIR-3789,19664,839.4,3210.4,95.9,90.86,Stator Micro-Channel Coolant Active
LUCID-AIR-3790,19979,861.6,3009.9,89.1,91.61,Stator Micro-Channel Coolant Active
LUCID-AIR-3791,2348,916.3,75.1,46.7,94.43,Peak 92.4% Powertrain Efficiency Domain
LUCID-AIR-3792,18608,911.8,3139.9,92.3,91.26,Stator Micro-Channel Coolant Active
LUCID-AIR-3793,3809,913.3,60.0,44.6,94.22,Peak 92.4% Powertrain Efficiency Domain
LUCID-AIR-3794,19491,875.9,3015.5,87.6,91.59,Stator Micro-Channel Coolant Active
LUCID-AIR-3795,15305,902.6,2191.9,77.0,92.11,Peak 92.4% Powertrain Efficiency Domain
LUCID-AIR-3796,2728,895.3,8.0,47.4,93.77,Peak 92.4% Powertrain Efficiency Domain
LUCID-AIR-3797,17876,907.1,2558.8,86.1,91.26,Stator Micro-Channel Coolant Active
LUCID-AIR-3798,5358,903.6,388.8,54.6,93.58,Peak 92.4% Powertrain Efficiency Domain
LUCID-AIR-3799,2574,826.8,30.5,48.7,94.47,Peak 92.4% Powertrain Efficiency Domain
