IMU_Sample_ID,Motorcycle_Lean_Angle_deg,Throttle_Opening_pct,IMU_Pitch_Wheelie_deg,Rear_Wheel_Slip_Ratio_pct,Slide_Control_State
DUCATI-GP-1000,20.1,69.9,2.5,2.6,Ducati Slide Control (DSC) Optimal Drift
DUCATI-GP-1001,36.1,59.0,0.2,7.7,Ducati Slide Control (DSC) Optimal Drift
DUCATI-GP-1002,47.0,74.9,1.9,9.4,Ducati Slide Control (DSC) Optimal Drift
DUCATI-GP-1003,57.9,93.0,3.7,13.8,Ducati Slide Control (DSC) Optimal Drift
DUCATI-GP-1004,59.4,57.7,4.1,9.9,Ducati Slide Control (DSC) Optimal Drift
DUCATI-GP-1005,62.3,66.8,1.2,11.2,Ducati Slide Control (DSC) Optimal Drift
DUCATI-GP-1006,42.7,46.6,6.9,4.8,Ducati Slide Control (DSC) Optimal Drift
DUCATI-GP-1007,22.5,88.5,1.0,4.3,Ducati Slide Control (DSC) Optimal Drift
DUCATI-GP-1008,25.6,86.3,0.9,7.2,Ducati Slide Control (DSC) Optimal Drift
DUCATI-GP-1009,44.5,49.5,2.3,5.4,Ducati Slide Control (DSC) Optimal Drift
DUCATI-GP-1010,35.0,78.9,0.5,7.5,Ducati Slide Control (DSC) Optimal Drift
DUCATI-GP-1011,25.2,41.3,1.2,2.5,Ducati Slide Control (DSC) Optimal Drift
DUCATI-GP-1012,29.2,41.5,2.0,2.7,Ducati Slide Control (DSC) Optimal Drift
DUCATI-GP-1013,64.0,52.9,3.8,8.9,Ducati Slide Control (DSC) Optimal Drift
DUCATI-GP-1014,20.1,71.1,2.6,3.2,Ducati Slide Control (DSC) Optimal Drift
DUCATI-GP-1015,52.2,71.5,5.3,10.4,Ducati Slide Control (DSC) Optimal Drift
DUCATI-GP-1016,50.8,70.8,4.0,11.0,Ducati Slide Control (DSC) Optimal Drift
DUCATI-GP-1017,45.5,88.6,4.2,12.4,Ducati Slide Control (DSC) Optimal Drift
DUCATI-GP-1018,38.5,21.7,2.1,2.0,Ducati Slide Control (DSC) Optimal Drift
DUCATI-GP-1019,57.6,49.9,4.8,7.9,Ducati Slide Control (DSC) Optimal Drift
DUCATI-GP-1020,29.4,42.7,4.7,2.0,Ducati Slide Control (DSC) Optimal Drift
DUCATI-GP-1021,63.4,56.1,2.0,8.2,Ducati Slide Control (DSC) Optimal Drift
DUCATI-GP-1022,19.5,63.6,0.1,4.9,Ducati Slide Control (DSC) Optimal Drift
DUCATI-GP-1023,18.9,27.1,2.3,3.9,Ducati Slide Control (DSC) Optimal Drift
DUCATI-GP-1024,58.8,89.8,3.1,13.2,Ducati Slide Control (DSC) Optimal Drift
DUCATI-GP-1025,40.1,20.5,2.8,2.0,Ducati Slide Control (DSC) Optimal Drift
DUCATI-GP-1026,22.3,89.5,0.2,6.6,Ducati Slide Control (DSC) Optimal Drift
DUCATI-GP-1027,55.0,24.8,-2.5,4.2,Ducati Slide Control (DSC) Optimal Drift
DUCATI-GP-1028,37.5,68.1,2.0,6.7,Ducati Slide Control (DSC) Optimal Drift
DUCATI-GP-1029,17.7,96.0,3.7,3.7,Ducati Slide Control (DSC) Optimal Drift
DUCATI-GP-1030,53.1,89.6,1.8,14.9,Ducati Slide Control (DSC) Optimal Drift
DUCATI-GP-1031,15.1,20.7,2.5,2.0,Ducati Slide Control (DSC) Optimal Drift
DUCATI-GP-1032,40.8,54.8,4.0,4.0,Ducati Slide Control (DSC) Optimal Drift
DUCATI-GP-1033,21.4,47.4,0.5,3.1,Ducati Slide Control (DSC) Optimal Drift
DUCATI-GP-1034,44.2,48.1,3.8,3.9,Ducati Slide Control (DSC) Optimal Drift
DUCATI-GP-1035,43.7,62.2,2.7,6.4,Ducati Slide Control (DSC) Optimal Drift
DUCATI-GP-1036,35.7,91.4,1.7,8.7,Ducati Slide Control (DSC) Optimal Drift
DUCATI-GP-1037,53.6,60.4,2.4,10.9,Ducati Slide Control (DSC) Optimal Drift
DUCATI-GP-1038,48.9,62.9,-1.6,9.1,Ducati Slide Control (DSC) Optimal Drift
DUCATI-GP-1039,33.8,33.9,4.6,3.3,Ducati Slide Control (DSC) Optimal Drift
DUCATI-GP-1040,24.7,32.4,1.0,2.9,Ducati Slide Control (DSC) Optimal Drift
DUCATI-GP-1041,23.7,93.9,0.4,5.7,Ducati Slide Control (DSC) Optimal Drift
DUCATI-GP-1042,51.9,61.1,4.0,7.8,Ducati Slide Control (DSC) Optimal Drift
DUCATI-GP-1043,23.9,46.7,6.6,3.4,Ducati Slide Control (DSC) Optimal Drift
DUCATI-GP-1044,22.4,99.7,3.8,7.4,Ducati Slide Control (DSC) Optimal Drift
DUCATI-GP-1045,22.2,80.7,1.3,5.1,Ducati Slide Control (DSC) Optimal Drift
DUCATI-GP-1046,52.0,42.3,1.6,6.5,Ducati Slide Control (DSC) Optimal Drift
DUCATI-GP-1047,44.3,61.2,1.1,7.3,Ducati Slide Control (DSC) Optimal Drift
DUCATI-GP-1048,19.2,34.1,5.2,2.0,Ducati Slide Control (DSC) Optimal Drift
DUCATI-GP-1049,49.0,66.6,0.6,8.1,Ducati Slide Control (DSC) Optimal Drift
DUCATI-GP-1050,55.6,50.6,0.6,8.3,Ducati Slide Control (DSC) Optimal Drift
DUCATI-GP-1051,59.3,50.0,5.7,7.7,Ducati Slide Control (DSC) Optimal Drift
DUCATI-GP-1052,46.9,86.7,3.2,12.1,Ducati Slide Control (DSC) Optimal Drift
DUCATI-GP-1053,33.6,20.4,3.1,2.0,Ducati Slide Control (DSC) Optimal Drift
DUCATI-GP-1054,59.3,39.6,2.3,7.1,Ducati Slide Control (DSC) Optimal Drift
DUCATI-GP-1055,21.7,48.0,0.9,2.0,Ducati Slide Control (DSC) Optimal Drift
DUCATI-GP-1056,44.5,28.0,2.6,3.1,Ducati Slide Control (DSC) Optimal Drift
DUCATI-GP-1057,42.0,88.1,0.2,12.2,Ducati Slide Control (DSC) Optimal Drift
DUCATI-GP-1058,63.0,44.1,3.2,8.0,Ducati Slide Control (DSC) Optimal Drift
DUCATI-GP-1059,38.3,65.8,0.2,6.1,Ducati Slide Control (DSC) Optimal Drift
DUCATI-GP-1060,34.2,96.0,5.5,8.4,Ducati Slide Control (DSC) Optimal Drift
DUCATI-GP-1061,21.8,80.6,0.5,5.9,Ducati Slide Control (DSC) Optimal Drift
DUCATI-GP-1062,51.8,69.3,6.5,12.0,Ducati Slide Control (DSC) Optimal Drift
DUCATI-GP-1063,31.0,76.4,5.0,5.3,Ducati Slide Control (DSC) Optimal Drift
DUCATI-GP-1064,51.7,65.5,4.4,10.9,Ducati Slide Control (DSC) Optimal Drift
DUCATI-GP-1065,41.6,32.1,2.0,3.8,Ducati Slide Control (DSC) Optimal Drift
DUCATI-GP-1066,54.8,77.7,1.4,11.8,Ducati Slide Control (DSC) Optimal Drift
DUCATI-GP-1067,38.8,39.8,3.0,2.7,Ducati Slide Control (DSC) Optimal Drift
DUCATI-GP-1068,19.3,99.7,1.3,2.5,Ducati Slide Control (DSC) Optimal Drift
DUCATI-GP-1069,42.2,25.7,-0.6,4.2,Ducati Slide Control (DSC) Optimal Drift
DUCATI-GP-1070,56.1,32.0,3.4,3.8,Ducati Slide Control (DSC) Optimal Drift
DUCATI-GP-1071,18.9,82.6,2.7,3.3,Ducati Slide Control (DSC) Optimal Drift
DUCATI-GP-1072,32.5,71.1,5.0,6.7,Ducati Slide Control (DSC) Optimal Drift
DUCATI-GP-1073,51.6,99.6,2.9,14.8,Ducati Slide Control (DSC) Optimal Drift
DUCATI-GP-1074,41.0,24.0,3.3,3.0,Ducati Slide Control (DSC) Optimal Drift
DUCATI-GP-1075,15.8,75.6,3.2,3.4,Ducati Slide Control (DSC) Optimal Drift
DUCATI-GP-1076,44.0,89.3,3.0,9.6,Ducati Slide Control (DSC) Optimal Drift
DUCATI-GP-1077,36.6,61.6,4.0,6.5,Ducati Slide Control (DSC) Optimal Drift
DUCATI-GP-1078,33.8,84.0,4.5,9.5,Ducati Slide Control (DSC) Optimal Drift
DUCATI-GP-1079,34.2,38.4,3.3,2.7,Ducati Slide Control (DSC) Optimal Drift
DUCATI-GP-1080,45.2,35.2,2.7,4.6,Ducati Slide Control (DSC) Optimal Drift
DUCATI-GP-1081,58.6,79.5,5.4,12.7,Ducati Slide Control (DSC) Optimal Drift
DUCATI-GP-1082,28.3,27.5,4.5,2.0,Ducati Slide Control (DSC) Optimal Drift
DUCATI-GP-1083,42.6,78.7,3.9,7.8,Ducati Slide Control (DSC) Optimal Drift
DUCATI-GP-1084,56.0,87.7,2.4,12.6,Ducati Slide Control (DSC) Optimal Drift
DUCATI-GP-1085,37.3,42.4,0.6,4.2,Ducati Slide Control (DSC) Optimal Drift
DUCATI-GP-1086,37.1,56.2,5.6,4.5,Ducati Slide Control (DSC) Optimal Drift
DUCATI-GP-1087,22.3,34.7,3.5,2.0,Ducati Slide Control (DSC) Optimal Drift
DUCATI-GP-1088,21.4,95.5,4.0,5.7,Ducati Slide Control (DSC) Optimal Drift
DUCATI-GP-1089,21.9,65.9,3.0,3.4,Ducati Slide Control (DSC) Optimal Drift
DUCATI-GP-1090,39.3,84.4,2.3,9.7,Ducati Slide Control (DSC) Optimal Drift
DUCATI-GP-1091,44.7,87.0,4.0,9.7,Ducati Slide Control (DSC) Optimal Drift
DUCATI-GP-1092,29.0,62.0,2.0,6.1,Ducati Slide Control (DSC) Optimal Drift
DUCATI-GP-1093,25.1,77.3,1.7,4.2,Ducati Slide Control (DSC) Optimal Drift
DUCATI-GP-1094,41.3,25.3,0.4,2.8,Ducati Slide Control (DSC) Optimal Drift
DUCATI-GP-1095,24.2,80.4,2.4,4.8,Ducati Slide Control (DSC) Optimal Drift
DUCATI-GP-1096,38.4,61.8,3.3,6.1,Ducati Slide Control (DSC) Optimal Drift
DUCATI-GP-1097,43.4,24.2,0.8,2.5,Ducati Slide Control (DSC) Optimal Drift
DUCATI-GP-1098,17.4,52.7,0.3,3.2,Ducati Slide Control (DSC) Optimal Drift
DUCATI-GP-1099,41.5,63.5,3.4,5.7,Ducati Slide Control (DSC) Optimal Drift
DUCATI-GP-1100,58.2,27.6,2.0,3.2,Ducati Slide Control (DSC) Optimal Drift
DUCATI-GP-1101,51.7,34.2,1.2,3.7,Ducati Slide Control (DSC) Optimal Drift
DUCATI-GP-1102,53.3,25.5,2.6,2.0,Ducati Slide Control (DSC) Optimal Drift
DUCATI-GP-1103,15.3,32.7,2.2,3.7,Ducati Slide Control (DSC) Optimal Drift
DUCATI-GP-1104,30.3,61.9,2.0,4.8,Ducati Slide Control (DSC) Optimal Drift
DUCATI-GP-1105,51.3,72.6,1.5,12.1,Ducati Slide Control (DSC) Optimal Drift
DUCATI-GP-1106,25.7,68.7,3.5,2.9,Ducati Slide Control (DSC) Optimal Drift
DUCATI-GP-1107,50.4,94.4,3.2,14.1,Ducati Slide Control (DSC) Optimal Drift
DUCATI-GP-1108,39.9,51.1,3.6,3.7,Ducati Slide Control (DSC) Optimal Drift
DUCATI-GP-1109,31.2,56.8,3.7,2.7,Ducati Slide Control (DSC) Optimal Drift
DUCATI-GP-1110,25.1,52.5,3.7,5.4,Ducati Slide Control (DSC) Optimal Drift
DUCATI-GP-1111,36.8,21.1,2.5,3.2,Ducati Slide Control (DSC) Optimal Drift
DUCATI-GP-1112,23.3,71.1,0.3,5.8,Ducati Slide Control (DSC) Optimal Drift
DUCATI-GP-1113,31.6,55.4,0.6,4.1,Ducati Slide Control (DSC) Optimal Drift
DUCATI-GP-1114,46.0,86.9,3.4,10.1,Ducati Slide Control (DSC) Optimal Drift
DUCATI-GP-1115,21.0,77.9,-0.3,4.0,Ducati Slide Control (DSC) Optimal Drift
DUCATI-GP-1116,25.1,70.5,0.8,4.2,Ducati Slide Control (DSC) Optimal Drift
DUCATI-GP-1117,51.6,88.6,5.2,12.4,Ducati Slide Control (DSC) Optimal Drift
DUCATI-GP-1118,16.0,83.3,0.0,4.8,Ducati Slide Control (DSC) Optimal Drift
DUCATI-GP-1119,53.8,74.7,3.8,12.3,Ducati Slide Control (DSC) Optimal Drift
DUCATI-GP-1120,18.9,38.2,1.9,3.7,Ducati Slide Control (DSC) Optimal Drift
DUCATI-GP-1121,53.6,55.1,3.6,9.1,Ducati Slide Control (DSC) Optimal Drift
DUCATI-GP-1122,49.9,86.5,5.1,12.8,Ducati Slide Control (DSC) Optimal Drift
DUCATI-GP-1123,20.3,83.8,1.6,5.2,Ducati Slide Control (DSC) Optimal Drift
DUCATI-GP-1124,24.9,57.2,4.4,2.0,Ducati Slide Control (DSC) Optimal Drift
DUCATI-GP-1125,36.6,99.8,2.1,11.4,Ducati Slide Control (DSC) Optimal Drift
DUCATI-GP-1126,33.1,42.9,2.2,5.0,Ducati Slide Control (DSC) Optimal Drift
DUCATI-GP-1127,28.8,61.8,3.7,3.1,Ducati Slide Control (DSC) Optimal Drift
DUCATI-GP-1128,34.2,82.6,1.8,5.9,Ducati Slide Control (DSC) Optimal Drift
DUCATI-GP-1129,19.2,63.5,2.8,3.1,Ducati Slide Control (DSC) Optimal Drift
DUCATI-GP-1130,37.7,80.1,3.8,8.9,Ducati Slide Control (DSC) Optimal Drift
DUCATI-GP-1131,16.5,97.6,2.6,4.0,Ducati Slide Control (DSC) Optimal Drift
DUCATI-GP-1132,39.1,57.6,1.5,7.5,Ducati Slide Control (DSC) Optimal Drift
DUCATI-GP-1133,49.7,98.7,2.3,14.4,Ducati Slide Control (DSC) Optimal Drift
DUCATI-GP-1134,62.3,23.3,1.5,3.0,Ducati Slide Control (DSC) Optimal Drift
DUCATI-GP-1135,39.3,92.0,4.9,8.6,Ducati Slide Control (DSC) Optimal Drift
DUCATI-GP-1136,15.2,73.7,1.6,2.7,Ducati Slide Control (DSC) Optimal Drift
DUCATI-GP-1137,47.8,60.2,6.8,8.2,Ducati Slide Control (DSC) Optimal Drift
DUCATI-GP-1138,35.3,32.0,2.6,4.6,Ducati Slide Control (DSC) Optimal Drift
DUCATI-GP-1139,43.6,92.9,4.3,10.7,Ducati Slide Control (DSC) Optimal Drift
DUCATI-GP-1140,45.4,67.5,5.2,10.4,Ducati Slide Control (DSC) Optimal Drift
DUCATI-GP-1141,49.4,71.8,-0.3,10.2,Ducati Slide Control (DSC) Optimal Drift
DUCATI-GP-1142,61.8,76.4,4.8,13.8,Ducati Slide Control (DSC) Optimal Drift
DUCATI-GP-1143,30.7,97.6,2.0,9.6,Ducati Slide Control (DSC) Optimal Drift
DUCATI-GP-1144,17.3,95.9,-0.4,3.3,Ducati Slide Control (DSC) Optimal Drift
DUCATI-GP-1145,62.3,94.7,0.3,15.7,Highside Risk / Instant Torque Cut
DUCATI-GP-1146,17.8,79.3,1.7,2.4,Ducati Slide Control (DSC) Optimal Drift
DUCATI-GP-1147,32.1,51.8,3.2,3.3,Ducati Slide Control (DSC) Optimal Drift
DUCATI-GP-1148,15.1,84.9,4.0,3.8,Ducati Slide Control (DSC) Optimal Drift
DUCATI-GP-1149,53.5,91.9,5.1,15.1,Ducati Slide Control (DSC) Optimal Drift
DUCATI-GP-1150,43.9,67.2,0.9,8.1,Ducati Slide Control (DSC) Optimal Drift
DUCATI-GP-1151,35.8,56.0,-1.6,5.3,Ducati Slide Control (DSC) Optimal Drift
DUCATI-GP-1152,36.9,74.2,0.5,6.9,Ducati Slide Control (DSC) Optimal Drift
DUCATI-GP-1153,43.5,89.4,-0.5,12.2,Ducati Slide Control (DSC) Optimal Drift
DUCATI-GP-1154,47.8,39.1,2.8,4.8,Ducati Slide Control (DSC) Optimal Drift
DUCATI-GP-1155,20.5,35.9,1.4,2.0,Ducati Slide Control (DSC) Optimal Drift
DUCATI-GP-1156,24.0,77.7,2.5,5.9,Ducati Slide Control (DSC) Optimal Drift
DUCATI-GP-1157,29.0,45.9,2.7,3.5,Ducati Slide Control (DSC) Optimal Drift
DUCATI-GP-1158,43.9,22.5,-0.4,4.0,Ducati Slide Control (DSC) Optimal Drift
DUCATI-GP-1159,59.4,58.6,2.4,9.2,Ducati Slide Control (DSC) Optimal Drift
DUCATI-GP-1160,20.7,63.2,2.4,3.0,Ducati Slide Control (DSC) Optimal Drift
DUCATI-GP-1161,17.5,85.5,4.2,4.1,Ducati Slide Control (DSC) Optimal Drift
DUCATI-GP-1162,44.8,63.8,2.9,8.1,Ducati Slide Control (DSC) Optimal Drift
DUCATI-GP-1163,37.1,64.9,2.2,6.8,Ducati Slide Control (DSC) Optimal Drift
DUCATI-GP-1164,34.6,34.6,2.5,2.7,Ducati Slide Control (DSC) Optimal Drift
DUCATI-GP-1165,38.5,87.0,1.3,8.5,Ducati Slide Control (DSC) Optimal Drift
DUCATI-GP-1166,46.3,62.5,2.2,6.5,Ducati Slide Control (DSC) Optimal Drift
DUCATI-GP-1167,20.6,75.5,1.8,3.3,Ducati Slide Control (DSC) Optimal Drift
DUCATI-GP-1168,36.5,25.7,0.5,3.9,Ducati Slide Control (DSC) Optimal Drift
DUCATI-GP-1169,40.5,98.7,1.7,10.0,Ducati Slide Control (DSC) Optimal Drift
DUCATI-GP-1170,19.7,70.2,1.4,4.6,Ducati Slide Control (DSC) Optimal Drift
DUCATI-GP-1171,54.7,84.3,6.4,12.8,Ducati Slide Control (DSC) Optimal Drift
DUCATI-GP-1172,43.3,34.3,0.0,3.8,Ducati Slide Control (DSC) Optimal Drift
DUCATI-GP-1173,42.1,39.7,1.9,4.7,Ducati Slide Control (DSC) Optimal Drift
DUCATI-GP-1174,29.5,53.0,1.1,2.5,Ducati Slide Control (DSC) Optimal Drift
DUCATI-GP-1175,57.7,63.4,1.2,6.8,Ducati Slide Control (DSC) Optimal Drift
DUCATI-GP-1176,23.6,24.0,3.9,2.6,Ducati Slide Control (DSC) Optimal Drift
DUCATI-GP-1177,24.1,50.7,2.6,6.3,Ducati Slide Control (DSC) Optimal Drift
DUCATI-GP-1178,16.4,22.1,4.5,2.0,Ducati Slide Control (DSC) Optimal Drift
DUCATI-GP-1179,31.1,78.6,4.7,7.7,Ducati Slide Control (DSC) Optimal Drift
DUCATI-GP-1180,25.2,84.3,3.5,5.6,Ducati Slide Control (DSC) Optimal Drift
DUCATI-GP-1181,30.9,88.0,1.0,6.9,Ducati Slide Control (DSC) Optimal Drift
DUCATI-GP-1182,38.6,79.5,1.1,10.4,Ducati Slide Control (DSC) Optimal Drift
DUCATI-GP-1183,46.8,67.3,4.5,8.2,Ducati Slide Control (DSC) Optimal Drift
DUCATI-GP-1184,48.1,65.5,5.3,8.9,Ducati Slide Control (DSC) Optimal Drift
DUCATI-GP-1185,58.9,40.3,4.0,6.9,Ducati Slide Control (DSC) Optimal Drift
DUCATI-GP-1186,45.3,25.7,2.0,3.0,Ducati Slide Control (DSC) Optimal Drift
DUCATI-GP-1187,16.0,52.6,1.0,2.5,Ducati Slide Control (DSC) Optimal Drift
DUCATI-GP-1188,39.8,94.1,4.5,10.0,Ducati Slide Control (DSC) Optimal Drift
DUCATI-GP-1189,21.7,96.2,1.7,6.9,Ducati Slide Control (DSC) Optimal Drift
DUCATI-GP-1190,42.9,79.9,2.2,9.5,Ducati Slide Control (DSC) Optimal Drift
DUCATI-GP-1191,17.0,72.9,7.0,4.1,Ducati Slide Control (DSC) Optimal Drift
DUCATI-GP-1192,52.5,56.1,2.5,7.0,Ducati Slide Control (DSC) Optimal Drift
DUCATI-GP-1193,44.4,46.6,4.2,5.0,Ducati Slide Control (DSC) Optimal Drift
DUCATI-GP-1194,24.4,52.4,0.7,4.9,Ducati Slide Control (DSC) Optimal Drift
DUCATI-GP-1195,55.2,30.2,3.0,4.8,Ducati Slide Control (DSC) Optimal Drift
DUCATI-GP-1196,28.7,53.9,0.6,5.0,Ducati Slide Control (DSC) Optimal Drift
DUCATI-GP-1197,53.2,42.9,-0.6,5.0,Ducati Slide Control (DSC) Optimal Drift
DUCATI-GP-1198,59.0,73.9,5.6,12.7,Ducati Slide Control (DSC) Optimal Drift
DUCATI-GP-1199,42.3,20.1,-0.0,2.0,Ducati Slide Control (DSC) Optimal Drift
DUCATI-GP-1200,25.3,90.4,-2.6,6.1,Ducati Slide Control (DSC) Optimal Drift
DUCATI-GP-1201,21.8,33.2,1.3,2.0,Ducati Slide Control (DSC) Optimal Drift
DUCATI-GP-1202,40.2,26.9,5.3,2.0,Ducati Slide Control (DSC) Optimal Drift
DUCATI-GP-1203,47.1,37.3,2.6,3.4,Ducati Slide Control (DSC) Optimal Drift
DUCATI-GP-1204,30.0,64.3,2.5,4.0,Ducati Slide Control (DSC) Optimal Drift
DUCATI-GP-1205,25.7,44.0,1.2,4.9,Ducati Slide Control (DSC) Optimal Drift
DUCATI-GP-1206,51.1,34.7,2.0,2.9,Ducati Slide Control (DSC) Optimal Drift
DUCATI-GP-1207,44.8,80.8,4.0,11.5,Ducati Slide Control (DSC) Optimal Drift
DUCATI-GP-1208,41.3,57.5,3.6,7.2,Ducati Slide Control (DSC) Optimal Drift
DUCATI-GP-1209,36.0,23.7,3.8,2.0,Ducati Slide Control (DSC) Optimal Drift
DUCATI-GP-1210,36.9,53.5,-1.6,5.2,Ducati Slide Control (DSC) Optimal Drift
DUCATI-GP-1211,21.9,33.3,2.0,2.0,Ducati Slide Control (DSC) Optimal Drift
DUCATI-GP-1212,50.0,98.6,3.4,14.3,Ducati Slide Control (DSC) Optimal Drift
DUCATI-GP-1213,26.6,58.7,3.3,5.5,Ducati Slide Control (DSC) Optimal Drift
DUCATI-GP-1214,53.6,66.8,3.7,11.9,Ducati Slide Control (DSC) Optimal Drift
DUCATI-GP-1215,53.5,99.3,3.1,14.7,Ducati Slide Control (DSC) Optimal Drift
DUCATI-GP-1216,35.1,59.7,1.9,7.5,Ducati Slide Control (DSC) Optimal Drift
DUCATI-GP-1217,28.2,91.8,3.8,6.5,Ducati Slide Control (DSC) Optimal Drift
DUCATI-GP-1218,53.4,64.8,2.6,7.6,Ducati Slide Control (DSC) Optimal Drift
DUCATI-GP-1219,55.2,54.4,1.4,4.3,Ducati Slide Control (DSC) Optimal Drift
DUCATI-GP-1220,51.9,88.0,1.3,10.1,Ducati Slide Control (DSC) Optimal Drift
DUCATI-GP-1221,31.2,85.2,2.5,9.0,Ducati Slide Control (DSC) Optimal Drift
DUCATI-GP-1222,29.8,77.3,-0.6,6.7,Ducati Slide Control (DSC) Optimal Drift
DUCATI-GP-1223,61.1,24.1,1.2,3.7,Ducati Slide Control (DSC) Optimal Drift
DUCATI-GP-1224,37.2,88.9,1.9,10.8,Ducati Slide Control (DSC) Optimal Drift
DUCATI-GP-1225,61.4,77.4,2.6,13.1,Ducati Slide Control (DSC) Optimal Drift
DUCATI-GP-1226,45.4,95.0,6.2,11.5,Ducati Slide Control (DSC) Optimal Drift
DUCATI-GP-1227,46.8,72.6,-3.1,9.7,Ducati Slide Control (DSC) Optimal Drift
DUCATI-GP-1228,36.2,58.2,5.7,5.0,Ducati Slide Control (DSC) Optimal Drift
DUCATI-GP-1229,57.3,26.4,7.1,3.2,Ducati Slide Control (DSC) Optimal Drift
DUCATI-GP-1230,58.3,78.4,6.9,12.7,Ducati Slide Control (DSC) Optimal Drift
DUCATI-GP-1231,59.0,65.5,-0.6,11.3,Ducati Slide Control (DSC) Optimal Drift
DUCATI-GP-1232,28.0,23.9,4.7,2.0,Ducati Slide Control (DSC) Optimal Drift
DUCATI-GP-1233,45.8,64.3,0.7,9.4,Ducati Slide Control (DSC) Optimal Drift
DUCATI-GP-1234,30.0,58.3,2.5,5.4,Ducati Slide Control (DSC) Optimal Drift
DUCATI-GP-1235,18.7,53.0,0.9,2.3,Ducati Slide Control (DSC) Optimal Drift
DUCATI-GP-1236,34.9,75.0,2.0,5.6,Ducati Slide Control (DSC) Optimal Drift
DUCATI-GP-1237,62.3,88.0,1.6,14.7,Highside Risk / Instant Torque Cut
DUCATI-GP-1238,17.3,34.3,1.8,2.0,Ducati Slide Control (DSC) Optimal Drift
DUCATI-GP-1239,29.3,43.9,1.1,4.2,Ducati Slide Control (DSC) Optimal Drift
DUCATI-GP-1240,48.5,27.2,6.3,4.6,Ducati Slide Control (DSC) Optimal Drift
DUCATI-GP-1241,27.0,75.6,4.1,6.8,Ducati Slide Control (DSC) Optimal Drift
DUCATI-GP-1242,15.0,51.9,0.7,2.0,Ducati Slide Control (DSC) Optimal Drift
DUCATI-GP-1243,19.0,72.4,4.4,3.7,Ducati Slide Control (DSC) Optimal Drift
DUCATI-GP-1244,62.7,67.4,0.5,10.8,Ducati Slide Control (DSC) Optimal Drift
DUCATI-GP-1245,16.6,97.9,3.9,4.2,Ducati Slide Control (DSC) Optimal Drift
DUCATI-GP-1246,35.9,49.5,1.4,5.9,Ducati Slide Control (DSC) Optimal Drift
DUCATI-GP-1247,22.0,48.4,1.8,3.2,Ducati Slide Control (DSC) Optimal Drift
DUCATI-GP-1248,63.8,42.2,4.0,8.2,Ducati Slide Control (DSC) Optimal Drift
DUCATI-GP-1249,47.3,67.3,1.0,8.2,Ducati Slide Control (DSC) Optimal Drift
DUCATI-GP-1250,40.5,77.3,3.0,7.7,Ducati Slide Control (DSC) Optimal Drift
DUCATI-GP-1251,32.9,86.5,1.8,8.9,Ducati Slide Control (DSC) Optimal Drift
DUCATI-GP-1252,30.4,71.4,2.6,7.4,Ducati Slide Control (DSC) Optimal Drift
DUCATI-GP-1253,35.0,34.5,3.0,2.4,Ducati Slide Control (DSC) Optimal Drift
DUCATI-GP-1254,23.7,72.5,3.5,2.6,Ducati Slide Control (DSC) Optimal Drift
DUCATI-GP-1255,17.2,68.7,-0.6,4.0,Ducati Slide Control (DSC) Optimal Drift
DUCATI-GP-1256,59.2,58.2,4.9,8.8,Ducati Slide Control (DSC) Optimal Drift
DUCATI-GP-1257,43.1,97.0,4.5,10.6,Ducati Slide Control (DSC) Optimal Drift
DUCATI-GP-1258,35.0,63.3,2.6,7.2,Ducati Slide Control (DSC) Optimal Drift
DUCATI-GP-1259,45.0,79.5,4.0,10.6,Ducati Slide Control (DSC) Optimal Drift
DUCATI-GP-1260,59.5,43.9,0.2,6.6,Ducati Slide Control (DSC) Optimal Drift
DUCATI-GP-1261,28.0,66.9,5.4,6.8,Ducati Slide Control (DSC) Optimal Drift
DUCATI-GP-1262,25.7,38.2,6.0,2.9,Ducati Slide Control (DSC) Optimal Drift
DUCATI-GP-1263,62.7,92.8,1.1,16.5,Highside Risk / Instant Torque Cut
DUCATI-GP-1264,15.3,35.2,2.8,2.0,Ducati Slide Control (DSC) Optimal Drift
DUCATI-GP-1265,59.7,51.5,2.5,8.2,Ducati Slide Control (DSC) Optimal Drift
DUCATI-GP-1266,60.2,64.9,2.5,10.2,Ducati Slide Control (DSC) Optimal Drift
DUCATI-GP-1267,51.7,97.4,3.4,15.0,Ducati Slide Control (DSC) Optimal Drift
DUCATI-GP-1268,40.6,51.9,4.7,4.1,Ducati Slide Control (DSC) Optimal Drift
DUCATI-GP-1269,24.0,20.1,-0.1,2.0,Ducati Slide Control (DSC) Optimal Drift
DUCATI-GP-1270,61.7,65.7,4.0,9.0,Ducati Slide Control (DSC) Optimal Drift
DUCATI-GP-1271,42.4,93.2,2.3,11.6,Ducati Slide Control (DSC) Optimal Drift
DUCATI-GP-1272,49.1,69.8,1.1,8.1,Ducati Slide Control (DSC) Optimal Drift
DUCATI-GP-1273,20.0,72.9,1.3,4.5,Ducati Slide Control (DSC) Optimal Drift
DUCATI-GP-1274,22.3,52.0,2.3,3.0,Ducati Slide Control (DSC) Optimal Drift
DUCATI-GP-1275,49.1,27.2,0.3,5.0,Ducati Slide Control (DSC) Optimal Drift
DUCATI-GP-1276,21.4,65.3,2.0,3.4,Ducati Slide Control (DSC) Optimal Drift
DUCATI-GP-1277,32.8,57.2,3.2,4.4,Ducati Slide Control (DSC) Optimal Drift
DUCATI-GP-1278,33.0,41.7,2.1,4.0,Ducati Slide Control (DSC) Optimal Drift
DUCATI-GP-1279,53.9,99.4,7.5,16.2,Ducati Slide Control (DSC) Optimal Drift
DUCATI-GP-1280,33.2,37.0,2.3,3.9,Ducati Slide Control (DSC) Optimal Drift
DUCATI-GP-1281,49.3,69.0,-0.1,9.0,Ducati Slide Control (DSC) Optimal Drift
DUCATI-GP-1282,28.5,49.0,0.9,2.3,Ducati Slide Control (DSC) Optimal Drift
DUCATI-GP-1283,50.4,34.5,0.5,6.4,Ducati Slide Control (DSC) Optimal Drift
DUCATI-GP-1284,59.9,78.9,3.6,12.5,Ducati Slide Control (DSC) Optimal Drift
DUCATI-GP-1285,52.4,83.8,2.6,12.6,Ducati Slide Control (DSC) Optimal Drift
DUCATI-GP-1286,22.5,83.0,5.9,3.2,Ducati Slide Control (DSC) Optimal Drift
DUCATI-GP-1287,63.0,49.2,3.4,6.6,Ducati Slide Control (DSC) Optimal Drift
DUCATI-GP-1288,38.8,79.5,2.5,7.1,Ducati Slide Control (DSC) Optimal Drift
DUCATI-GP-1289,15.9,93.8,3.1,4.5,Ducati Slide Control (DSC) Optimal Drift
DUCATI-GP-1290,21.4,42.9,5.4,2.0,Ducati Slide Control (DSC) Optimal Drift
DUCATI-GP-1291,52.9,87.2,2.7,12.4,Ducati Slide Control (DSC) Optimal Drift
DUCATI-GP-1292,51.1,43.5,-2.6,5.5,Ducati Slide Control (DSC) Optimal Drift
DUCATI-GP-1293,48.9,89.9,0.8,11.6,Ducati Slide Control (DSC) Optimal Drift
DUCATI-GP-1294,50.5,80.0,0.4,9.8,Ducati Slide Control (DSC) Optimal Drift
DUCATI-GP-1295,53.4,57.9,3.7,9.7,Ducati Slide Control (DSC) Optimal Drift
DUCATI-GP-1296,29.9,87.1,-0.7,5.0,Ducati Slide Control (DSC) Optimal Drift
DUCATI-GP-1297,31.5,46.9,1.8,2.1,Ducati Slide Control (DSC) Optimal Drift
DUCATI-GP-1298,60.4,71.3,1.1,12.6,Ducati Slide Control (DSC) Optimal Drift
DUCATI-GP-1299,29.9,67.9,0.8,3.0,Ducati Slide Control (DSC) Optimal Drift
DUCATI-GP-1300,15.7,28.4,2.1,2.0,Ducati Slide Control (DSC) Optimal Drift
DUCATI-GP-1301,47.7,34.1,2.4,6.4,Ducati Slide Control (DSC) Optimal Drift
DUCATI-GP-1302,35.9,34.6,1.7,2.1,Ducati Slide Control (DSC) Optimal Drift
DUCATI-GP-1303,19.1,97.6,2.6,6.6,Ducati Slide Control (DSC) Optimal Drift
DUCATI-GP-1304,19.1,29.0,2.1,2.3,Ducati Slide Control (DSC) Optimal Drift
DUCATI-GP-1305,40.0,81.5,2.3,8.6,Ducati Slide Control (DSC) Optimal Drift
DUCATI-GP-1306,46.9,82.1,1.6,9.0,Ducati Slide Control (DSC) Optimal Drift
DUCATI-GP-1307,42.4,51.8,1.2,6.0,Ducati Slide Control (DSC) Optimal Drift
DUCATI-GP-1308,50.0,98.7,3.0,13.8,Ducati Slide Control (DSC) Optimal Drift
DUCATI-GP-1309,24.4,30.8,2.0,2.8,Ducati Slide Control (DSC) Optimal Drift
DUCATI-GP-1310,37.4,30.4,5.2,3.0,Ducati Slide Control (DSC) Optimal Drift
DUCATI-GP-1311,29.1,84.4,3.7,7.3,Ducati Slide Control (DSC) Optimal Drift
DUCATI-GP-1312,50.3,46.4,2.5,6.5,Ducati Slide Control (DSC) Optimal Drift
DUCATI-GP-1313,28.5,84.6,1.7,7.8,Ducati Slide Control (DSC) Optimal Drift
DUCATI-GP-1314,29.0,20.9,0.0,2.0,Ducati Slide Control (DSC) Optimal Drift
DUCATI-GP-1315,36.1,61.5,-0.4,4.8,Ducati Slide Control (DSC) Optimal Drift
DUCATI-GP-1316,30.6,29.0,1.8,2.0,Ducati Slide Control (DSC) Optimal Drift
DUCATI-GP-1317,40.9,64.3,3.7,6.1,Ducati Slide Control (DSC) Optimal Drift
DUCATI-GP-1318,26.4,30.4,5.2,3.7,Ducati Slide Control (DSC) Optimal Drift
DUCATI-GP-1319,43.4,51.7,0.2,4.8,Ducati Slide Control (DSC) Optimal Drift
DUCATI-GP-1320,25.5,75.2,2.7,3.5,Ducati Slide Control (DSC) Optimal Drift
DUCATI-GP-1321,37.4,27.6,3.7,2.7,Ducati Slide Control (DSC) Optimal Drift
DUCATI-GP-1322,46.6,50.6,1.9,5.7,Ducati Slide Control (DSC) Optimal Drift
DUCATI-GP-1323,34.7,70.9,1.5,3.9,Ducati Slide Control (DSC) Optimal Drift
DUCATI-GP-1324,51.0,80.4,3.6,10.7,Ducati Slide Control (DSC) Optimal Drift
DUCATI-GP-1325,55.6,33.3,4.3,5.7,Ducati Slide Control (DSC) Optimal Drift
DUCATI-GP-1326,47.1,36.9,0.9,3.0,Ducati Slide Control (DSC) Optimal Drift
DUCATI-GP-1327,32.0,71.5,-1.6,6.2,Ducati Slide Control (DSC) Optimal Drift
DUCATI-GP-1328,54.2,33.9,1.7,2.0,Ducati Slide Control (DSC) Optimal Drift
DUCATI-GP-1329,59.3,40.5,0.8,8.4,Ducati Slide Control (DSC) Optimal Drift
DUCATI-GP-1330,50.0,32.5,3.6,4.5,Ducati Slide Control (DSC) Optimal Drift
DUCATI-GP-1331,16.2,56.3,2.3,5.1,Ducati Slide Control (DSC) Optimal Drift
DUCATI-GP-1332,57.5,57.7,2.9,9.5,Ducati Slide Control (DSC) Optimal Drift
DUCATI-GP-1333,35.6,67.9,2.4,6.6,Ducati Slide Control (DSC) Optimal Drift
DUCATI-GP-1334,44.3,54.1,1.2,6.7,Ducati Slide Control (DSC) Optimal Drift
DUCATI-GP-1335,23.7,66.7,3.3,5.1,Ducati Slide Control (DSC) Optimal Drift
DUCATI-GP-1336,20.0,75.1,0.8,2.6,Ducati Slide Control (DSC) Optimal Drift
DUCATI-GP-1337,22.0,33.9,1.1,3.8,Ducati Slide Control (DSC) Optimal Drift
DUCATI-GP-1338,52.5,43.4,-0.4,2.7,Ducati Slide Control (DSC) Optimal Drift
DUCATI-GP-1339,62.3,50.6,-0.4,7.8,Ducati Slide Control (DSC) Optimal Drift
DUCATI-GP-1340,55.7,33.4,1.9,6.2,Ducati Slide Control (DSC) Optimal Drift
DUCATI-GP-1341,33.5,86.5,3.1,7.1,Ducati Slide Control (DSC) Optimal Drift
DUCATI-GP-1342,52.4,23.1,0.6,3.7,Ducati Slide Control (DSC) Optimal Drift
DUCATI-GP-1343,60.5,23.9,0.1,6.1,Ducati Slide Control (DSC) Optimal Drift
DUCATI-GP-1344,61.2,21.5,2.8,5.3,Ducati Slide Control (DSC) Optimal Drift
DUCATI-GP-1345,47.3,51.0,0.5,8.0,Ducati Slide Control (DSC) Optimal Drift
DUCATI-GP-1346,17.8,34.4,1.5,2.0,Ducati Slide Control (DSC) Optimal Drift
DUCATI-GP-1347,42.5,51.5,4.5,4.5,Ducati Slide Control (DSC) Optimal Drift
DUCATI-GP-1348,25.6,37.8,0.9,3.4,Ducati Slide Control (DSC) Optimal Drift
DUCATI-GP-1349,21.3,51.3,2.0,3.8,Ducati Slide Control (DSC) Optimal Drift
DUCATI-GP-1350,31.3,98.6,3.2,9.0,Ducati Slide Control (DSC) Optimal Drift
DUCATI-GP-1351,28.7,95.6,4.3,6.8,Ducati Slide Control (DSC) Optimal Drift
DUCATI-GP-1352,24.5,46.1,0.5,2.8,Ducati Slide Control (DSC) Optimal Drift
DUCATI-GP-1353,19.7,24.1,2.1,2.9,Ducati Slide Control (DSC) Optimal Drift
DUCATI-GP-1354,17.5,25.6,3.4,2.2,Ducati Slide Control (DSC) Optimal Drift
DUCATI-GP-1355,23.2,83.9,4.6,4.1,Ducati Slide Control (DSC) Optimal Drift
DUCATI-GP-1356,34.8,74.7,1.3,7.7,Ducati Slide Control (DSC) Optimal Drift
DUCATI-GP-1357,63.7,29.8,3.6,4.9,Ducati Slide Control (DSC) Optimal Drift
DUCATI-GP-1358,46.9,89.5,3.2,12.7,Ducati Slide Control (DSC) Optimal Drift
DUCATI-GP-1359,25.1,30.7,3.8,3.6,Ducati Slide Control (DSC) Optimal Drift
DUCATI-GP-1360,37.1,94.0,1.0,8.4,Ducati Slide Control (DSC) Optimal Drift
DUCATI-GP-1361,64.0,82.5,2.3,15.7,Highside Risk / Instant Torque Cut
DUCATI-GP-1362,24.5,64.2,2.5,4.7,Ducati Slide Control (DSC) Optimal Drift
DUCATI-GP-1363,55.3,45.1,3.3,6.7,Ducati Slide Control (DSC) Optimal Drift
DUCATI-GP-1364,44.4,62.7,1.9,8.6,Ducati Slide Control (DSC) Optimal Drift
DUCATI-GP-1365,57.0,73.7,2.7,10.7,Ducati Slide Control (DSC) Optimal Drift
DUCATI-GP-1366,43.3,80.0,1.8,8.7,Ducati Slide Control (DSC) Optimal Drift
DUCATI-GP-1367,52.2,91.1,2.7,12.7,Ducati Slide Control (DSC) Optimal Drift
DUCATI-GP-1368,23.0,27.2,5.3,2.0,Ducati Slide Control (DSC) Optimal Drift
DUCATI-GP-1369,39.2,32.8,0.4,3.8,Ducati Slide Control (DSC) Optimal Drift
DUCATI-GP-1370,20.5,76.9,0.8,4.9,Ducati Slide Control (DSC) Optimal Drift
DUCATI-GP-1371,21.4,50.1,1.5,3.5,Ducati Slide Control (DSC) Optimal Drift
DUCATI-GP-1372,50.3,37.8,2.4,7.6,Ducati Slide Control (DSC) Optimal Drift
DUCATI-GP-1373,48.1,87.2,3.7,9.7,Ducati Slide Control (DSC) Optimal Drift
DUCATI-GP-1374,29.9,63.6,3.1,5.8,Ducati Slide Control (DSC) Optimal Drift
DUCATI-GP-1375,37.7,46.5,4.5,5.0,Ducati Slide Control (DSC) Optimal Drift
DUCATI-GP-1376,23.2,76.1,2.9,4.2,Ducati Slide Control (DSC) Optimal Drift
DUCATI-GP-1377,49.8,21.0,2.2,4.7,Ducati Slide Control (DSC) Optimal Drift
DUCATI-GP-1378,51.0,44.0,-0.2,6.7,Ducati Slide Control (DSC) Optimal Drift
DUCATI-GP-1379,30.8,24.7,1.6,2.0,Ducati Slide Control (DSC) Optimal Drift
DUCATI-GP-1380,46.5,83.1,1.3,12.8,Ducati Slide Control (DSC) Optimal Drift
DUCATI-GP-1381,37.1,64.1,7.9,6.1,Ducati Slide Control (DSC) Optimal Drift
DUCATI-GP-1382,47.9,56.4,2.5,6.3,Ducati Slide Control (DSC) Optimal Drift
DUCATI-GP-1383,53.5,97.7,2.5,15.4,Ducati Slide Control (DSC) Optimal Drift
DUCATI-GP-1384,47.9,27.6,1.5,3.9,Ducati Slide Control (DSC) Optimal Drift
DUCATI-GP-1385,18.9,21.9,2.3,2.0,Ducati Slide Control (DSC) Optimal Drift
DUCATI-GP-1386,51.1,20.5,3.4,5.6,Ducati Slide Control (DSC) Optimal Drift
DUCATI-GP-1387,53.0,85.3,3.7,12.1,Ducati Slide Control (DSC) Optimal Drift
DUCATI-GP-1388,21.5,98.6,4.0,5.3,Ducati Slide Control (DSC) Optimal Drift
DUCATI-GP-1389,49.0,53.3,3.0,5.8,Ducati Slide Control (DSC) Optimal Drift
DUCATI-GP-1390,37.5,28.0,3.0,2.0,Ducati Slide Control (DSC) Optimal Drift
DUCATI-GP-1391,54.3,67.4,0.2,10.5,Ducati Slide Control (DSC) Optimal Drift
DUCATI-GP-1392,40.9,33.5,5.4,2.2,Ducati Slide Control (DSC) Optimal Drift
DUCATI-GP-1393,21.6,55.5,2.8,3.1,Ducati Slide Control (DSC) Optimal Drift
DUCATI-GP-1394,58.9,32.7,4.1,4.7,Ducati Slide Control (DSC) Optimal Drift
DUCATI-GP-1395,39.8,95.7,3.9,9.1,Ducati Slide Control (DSC) Optimal Drift
DUCATI-GP-1396,48.3,86.4,0.0,11.4,Ducati Slide Control (DSC) Optimal Drift
DUCATI-GP-1397,35.7,40.3,4.5,5.2,Ducati Slide Control (DSC) Optimal Drift
DUCATI-GP-1398,15.5,45.4,2.5,2.0,Ducati Slide Control (DSC) Optimal Drift
DUCATI-GP-1399,52.3,87.4,1.5,11.6,Ducati Slide Control (DSC) Optimal Drift
DUCATI-GP-1400,62.6,66.1,4.6,13.2,Ducati Slide Control (DSC) Optimal Drift
DUCATI-GP-1401,50.8,94.4,0.1,11.7,Ducati Slide Control (DSC) Optimal Drift
DUCATI-GP-1402,29.5,66.2,4.5,5.2,Ducati Slide Control (DSC) Optimal Drift
DUCATI-GP-1403,25.6,73.1,1.0,6.6,Ducati Slide Control (DSC) Optimal Drift
DUCATI-GP-1404,34.4,36.7,3.2,2.0,Ducati Slide Control (DSC) Optimal Drift
DUCATI-GP-1405,33.6,96.0,0.3,8.4,Ducati Slide Control (DSC) Optimal Drift
DUCATI-GP-1406,58.6,66.5,2.1,8.7,Ducati Slide Control (DSC) Optimal Drift
DUCATI-GP-1407,18.6,90.4,2.5,4.1,Ducati Slide Control (DSC) Optimal Drift
DUCATI-GP-1408,63.5,52.6,3.9,8.6,Ducati Slide Control (DSC) Optimal Drift
DUCATI-GP-1409,27.6,52.0,-0.5,3.1,Ducati Slide Control (DSC) Optimal Drift
DUCATI-GP-1410,43.2,75.1,4.0,9.5,Ducati Slide Control (DSC) Optimal Drift
DUCATI-GP-1411,41.3,43.7,1.3,3.8,Ducati Slide Control (DSC) Optimal Drift
DUCATI-GP-1412,21.3,20.7,5.9,2.8,Ducati Slide Control (DSC) Optimal Drift
DUCATI-GP-1413,21.3,55.6,1.2,3.9,Ducati Slide Control (DSC) Optimal Drift
DUCATI-GP-1414,51.7,64.1,0.6,7.7,Ducati Slide Control (DSC) Optimal Drift
DUCATI-GP-1415,39.4,45.8,0.7,4.8,Ducati Slide Control (DSC) Optimal Drift
DUCATI-GP-1416,31.8,71.6,1.7,4.9,Ducati Slide Control (DSC) Optimal Drift
DUCATI-GP-1417,48.9,91.2,5.4,14.0,Ducati Slide Control (DSC) Optimal Drift
DUCATI-GP-1418,61.6,20.8,2.3,4.4,Ducati Slide Control (DSC) Optimal Drift
DUCATI-GP-1419,31.4,96.6,3.2,8.4,Ducati Slide Control (DSC) Optimal Drift
DUCATI-GP-1420,16.4,46.9,3.3,2.0,Ducati Slide Control (DSC) Optimal Drift
DUCATI-GP-1421,36.6,85.6,0.7,7.6,Ducati Slide Control (DSC) Optimal Drift
DUCATI-GP-1422,49.1,72.8,5.6,8.9,Ducati Slide Control (DSC) Optimal Drift
DUCATI-GP-1423,52.2,46.0,4.9,5.5,Ducati Slide Control (DSC) Optimal Drift
DUCATI-GP-1424,28.5,89.4,-0.4,9.0,Ducati Slide Control (DSC) Optimal Drift
DUCATI-GP-1425,15.6,77.2,1.7,2.8,Ducati Slide Control (DSC) Optimal Drift
DUCATI-GP-1426,36.0,25.0,7.0,3.7,Ducati Slide Control (DSC) Optimal Drift
DUCATI-GP-1427,55.9,86.0,4.6,13.5,Ducati Slide Control (DSC) Optimal Drift
DUCATI-GP-1428,47.3,87.5,1.5,10.5,Ducati Slide Control (DSC) Optimal Drift
DUCATI-GP-1429,26.0,41.8,4.6,3.5,Ducati Slide Control (DSC) Optimal Drift
DUCATI-GP-1430,31.1,51.2,4.5,4.9,Ducati Slide Control (DSC) Optimal Drift
DUCATI-GP-1431,63.6,30.5,4.2,4.4,Ducati Slide Control (DSC) Optimal Drift
DUCATI-GP-1432,38.4,90.4,2.2,10.1,Ducati Slide Control (DSC) Optimal Drift
DUCATI-GP-1433,61.1,69.4,6.7,12.6,Ducati Slide Control (DSC) Optimal Drift
DUCATI-GP-1434,19.6,32.8,3.2,2.0,Ducati Slide Control (DSC) Optimal Drift
DUCATI-GP-1435,54.8,91.4,2.5,13.7,Ducati Slide Control (DSC) Optimal Drift
DUCATI-GP-1436,44.7,49.4,3.6,5.8,Ducati Slide Control (DSC) Optimal Drift
DUCATI-GP-1437,46.3,96.7,2.3,11.9,Ducati Slide Control (DSC) Optimal Drift
DUCATI-GP-1438,62.8,86.0,4.5,12.8,Ducati Slide Control (DSC) Optimal Drift
DUCATI-GP-1439,43.8,90.0,3.9,11.8,Ducati Slide Control (DSC) Optimal Drift
DUCATI-GP-1440,52.7,55.9,1.9,9.9,Ducati Slide Control (DSC) Optimal Drift
DUCATI-GP-1441,51.6,62.3,3.3,8.0,Ducati Slide Control (DSC) Optimal Drift
DUCATI-GP-1442,49.2,36.1,0.9,4.7,Ducati Slide Control (DSC) Optimal Drift
DUCATI-GP-1443,43.0,66.6,-0.0,7.6,Ducati Slide Control (DSC) Optimal Drift
DUCATI-GP-1444,55.8,25.2,5.3,4.5,Ducati Slide Control (DSC) Optimal Drift
DUCATI-GP-1445,24.5,48.2,2.3,2.9,Ducati Slide Control (DSC) Optimal Drift
DUCATI-GP-1446,60.6,69.4,0.8,12.8,Ducati Slide Control (DSC) Optimal Drift
DUCATI-GP-1447,15.4,58.9,1.8,2.0,Ducati Slide Control (DSC) Optimal Drift
DUCATI-GP-1448,47.3,94.9,3.3,12.6,Ducati Slide Control (DSC) Optimal Drift
DUCATI-GP-1449,49.0,59.0,3.3,9.6,Ducati Slide Control (DSC) Optimal Drift
DUCATI-GP-1450,38.5,74.4,2.6,9.5,Ducati Slide Control (DSC) Optimal Drift
DUCATI-GP-1451,35.2,50.8,5.3,5.9,Ducati Slide Control (DSC) Optimal Drift
DUCATI-GP-1452,22.7,83.3,4.4,3.6,Ducati Slide Control (DSC) Optimal Drift
DUCATI-GP-1453,37.6,81.3,0.1,9.4,Ducati Slide Control (DSC) Optimal Drift
DUCATI-GP-1454,62.6,88.1,2.1,15.7,Highside Risk / Instant Torque Cut
DUCATI-GP-1455,46.4,89.5,4.0,11.9,Ducati Slide Control (DSC) Optimal Drift
DUCATI-GP-1456,50.0,84.6,2.0,11.3,Ducati Slide Control (DSC) Optimal Drift
DUCATI-GP-1457,45.7,49.1,1.6,6.5,Ducati Slide Control (DSC) Optimal Drift
DUCATI-GP-1458,20.4,97.7,4.1,5.6,Ducati Slide Control (DSC) Optimal Drift
DUCATI-GP-1459,55.9,68.3,1.3,9.8,Ducati Slide Control (DSC) Optimal Drift
DUCATI-GP-1460,56.6,99.4,3.3,16.4,Highside Risk / Instant Torque Cut
DUCATI-GP-1461,23.3,68.5,3.8,3.0,Ducati Slide Control (DSC) Optimal Drift
DUCATI-GP-1462,20.1,71.8,4.7,4.0,Ducati Slide Control (DSC) Optimal Drift
DUCATI-GP-1463,46.4,70.2,1.8,8.7,Ducati Slide Control (DSC) Optimal Drift
DUCATI-GP-1464,55.6,80.0,1.9,14.3,Highside Risk / Instant Torque Cut
DUCATI-GP-1465,25.6,33.9,4.6,2.0,Ducati Slide Control (DSC) Optimal Drift
DUCATI-GP-1466,31.0,90.3,4.4,8.2,Ducati Slide Control (DSC) Optimal Drift
DUCATI-GP-1467,55.2,76.1,1.4,12.7,Ducati Slide Control (DSC) Optimal Drift
DUCATI-GP-1468,29.3,94.1,5.6,8.0,Ducati Slide Control (DSC) Optimal Drift
DUCATI-GP-1469,27.8,78.2,4.3,6.6,Ducati Slide Control (DSC) Optimal Drift
DUCATI-GP-1470,62.9,93.6,4.3,17.7,Highside Risk / Instant Torque Cut
DUCATI-GP-1471,41.5,67.6,1.7,8.2,Ducati Slide Control (DSC) Optimal Drift
DUCATI-GP-1472,51.9,24.4,2.1,3.3,Ducati Slide Control (DSC) Optimal Drift
DUCATI-GP-1473,50.9,76.7,3.8,9.1,Ducati Slide Control (DSC) Optimal Drift
DUCATI-GP-1474,32.3,49.1,3.5,3.3,Ducati Slide Control (DSC) Optimal Drift
DUCATI-GP-1475,43.6,55.5,0.7,4.8,Ducati Slide Control (DSC) Optimal Drift
DUCATI-GP-1476,24.8,65.3,0.5,6.9,Ducati Slide Control (DSC) Optimal Drift
DUCATI-GP-1477,62.0,98.4,1.2,15.2,Highside Risk / Instant Torque Cut
DUCATI-GP-1478,40.4,82.8,4.5,9.7,Ducati Slide Control (DSC) Optimal Drift
DUCATI-GP-1479,38.7,79.9,0.3,9.9,Ducati Slide Control (DSC) Optimal Drift
DUCATI-GP-1480,62.3,96.7,3.3,16.9,Highside Risk / Instant Torque Cut
DUCATI-GP-1481,26.9,78.5,3.2,7.8,Ducati Slide Control (DSC) Optimal Drift
DUCATI-GP-1482,35.9,58.9,0.8,4.1,Ducati Slide Control (DSC) Optimal Drift
DUCATI-GP-1483,32.9,98.8,0.8,8.1,Ducati Slide Control (DSC) Optimal Drift
DUCATI-GP-1484,58.5,56.0,4.0,9.9,Ducati Slide Control (DSC) Optimal Drift
DUCATI-GP-1485,16.1,50.7,-0.3,2.9,Ducati Slide Control (DSC) Optimal Drift
DUCATI-GP-1486,35.8,36.2,2.0,3.5,Ducati Slide Control (DSC) Optimal Drift
DUCATI-GP-1487,45.9,70.8,-0.4,9.8,Ducati Slide Control (DSC) Optimal Drift
DUCATI-GP-1488,19.8,84.0,7.0,3.0,Ducati Slide Control (DSC) Optimal Drift
DUCATI-GP-1489,54.1,76.0,4.9,11.5,Ducati Slide Control (DSC) Optimal Drift
DUCATI-GP-1490,49.7,27.2,1.7,2.6,Ducati Slide Control (DSC) Optimal Drift
DUCATI-GP-1491,15.6,58.2,2.1,2.9,Ducati Slide Control (DSC) Optimal Drift
DUCATI-GP-1492,16.3,48.4,0.9,2.0,Ducati Slide Control (DSC) Optimal Drift
DUCATI-GP-1493,39.5,28.1,3.5,4.5,Ducati Slide Control (DSC) Optimal Drift
DUCATI-GP-1494,60.4,99.7,1.2,15.5,Highside Risk / Instant Torque Cut
DUCATI-GP-1495,25.2,58.0,3.4,4.2,Ducati Slide Control (DSC) Optimal Drift
DUCATI-GP-1496,35.5,84.9,4.0,7.6,Ducati Slide Control (DSC) Optimal Drift
DUCATI-GP-1497,39.2,28.2,2.0,4.1,Ducati Slide Control (DSC) Optimal Drift
DUCATI-GP-1498,60.7,24.6,0.6,5.2,Ducati Slide Control (DSC) Optimal Drift
DUCATI-GP-1499,61.1,64.2,0.5,12.5,Ducati Slide Control (DSC) Optimal Drift
DUCATI-GP-1500,41.0,65.7,1.4,6.1,Ducati Slide Control (DSC) Optimal Drift
DUCATI-GP-1501,51.0,70.1,5.1,9.4,Ducati Slide Control (DSC) Optimal Drift
DUCATI-GP-1502,46.9,86.1,0.5,10.4,Ducati Slide Control (DSC) Optimal Drift
DUCATI-GP-1503,51.3,46.9,1.0,6.2,Ducati Slide Control (DSC) Optimal Drift
DUCATI-GP-1504,35.7,21.5,3.3,2.3,Ducati Slide Control (DSC) Optimal Drift
DUCATI-GP-1505,51.7,31.9,2.1,4.4,Ducati Slide Control (DSC) Optimal Drift
DUCATI-GP-1506,43.1,28.8,4.6,3.9,Ducati Slide Control (DSC) Optimal Drift
DUCATI-GP-1507,49.1,21.3,1.8,2.7,Ducati Slide Control (DSC) Optimal Drift
DUCATI-GP-1508,51.4,76.0,5.7,11.7,Ducati Slide Control (DSC) Optimal Drift
DUCATI-GP-1509,59.6,46.0,4.5,7.2,Ducati Slide Control (DSC) Optimal Drift
DUCATI-GP-1510,35.6,46.2,3.9,3.7,Ducati Slide Control (DSC) Optimal Drift
DUCATI-GP-1511,24.5,50.9,1.5,2.4,Ducati Slide Control (DSC) Optimal Drift
DUCATI-GP-1512,48.7,77.0,0.1,13.4,Ducati Slide Control (DSC) Optimal Drift
DUCATI-GP-1513,21.3,43.7,1.6,3.5,Ducati Slide Control (DSC) Optimal Drift
DUCATI-GP-1514,41.5,71.5,3.1,8.2,Ducati Slide Control (DSC) Optimal Drift
DUCATI-GP-1515,32.0,43.3,4.0,2.0,Ducati Slide Control (DSC) Optimal Drift
DUCATI-GP-1516,47.3,65.7,1.4,8.0,Ducati Slide Control (DSC) Optimal Drift
DUCATI-GP-1517,32.9,64.9,0.8,7.4,Ducati Slide Control (DSC) Optimal Drift
DUCATI-GP-1518,15.3,81.0,1.5,5.0,Ducati Slide Control (DSC) Optimal Drift
DUCATI-GP-1519,40.5,67.3,0.9,6.3,Ducati Slide Control (DSC) Optimal Drift
DUCATI-GP-1520,58.8,97.1,-1.0,13.8,Ducati Slide Control (DSC) Optimal Drift
DUCATI-GP-1521,15.9,53.9,0.4,2.0,Ducati Slide Control (DSC) Optimal Drift
DUCATI-GP-1522,48.7,72.1,2.9,11.7,Ducati Slide Control (DSC) Optimal Drift
DUCATI-GP-1523,63.7,36.9,4.1,5.3,Ducati Slide Control (DSC) Optimal Drift
DUCATI-GP-1524,31.7,92.6,3.6,8.3,Ducati Slide Control (DSC) Optimal Drift
DUCATI-GP-1525,63.5,92.3,5.8,17.1,Highside Risk / Instant Torque Cut
DUCATI-GP-1526,39.9,94.1,1.5,10.7,Ducati Slide Control (DSC) Optimal Drift
DUCATI-GP-1527,30.4,84.6,3.4,5.3,Ducati Slide Control (DSC) Optimal Drift
DUCATI-GP-1528,54.6,80.5,3.5,12.0,Ducati Slide Control (DSC) Optimal Drift
DUCATI-GP-1529,27.4,91.8,2.2,6.8,Ducati Slide Control (DSC) Optimal Drift
DUCATI-GP-1530,46.9,90.6,3.0,11.3,Ducati Slide Control (DSC) Optimal Drift
DUCATI-GP-1531,30.3,40.5,2.3,2.0,Ducati Slide Control (DSC) Optimal Drift
DUCATI-GP-1532,58.6,24.3,1.6,4.6,Ducati Slide Control (DSC) Optimal Drift
DUCATI-GP-1533,43.5,66.2,3.4,8.4,Ducati Slide Control (DSC) Optimal Drift
DUCATI-GP-1534,16.4,27.5,3.0,2.0,Ducati Slide Control (DSC) Optimal Drift
DUCATI-GP-1535,27.1,89.0,1.3,6.0,Ducati Slide Control (DSC) Optimal Drift
DUCATI-GP-1536,42.0,76.9,3.3,7.2,Ducati Slide Control (DSC) Optimal Drift
DUCATI-GP-1537,52.5,41.5,4.5,5.5,Ducati Slide Control (DSC) Optimal Drift
DUCATI-GP-1538,45.2,44.2,-1.6,4.6,Ducati Slide Control (DSC) Optimal Drift
DUCATI-GP-1539,34.1,57.2,0.5,7.4,Ducati Slide Control (DSC) Optimal Drift
DUCATI-GP-1540,58.3,50.1,-1.2,6.6,Ducati Slide Control (DSC) Optimal Drift
DUCATI-GP-1541,18.8,75.9,3.1,3.3,Ducati Slide Control (DSC) Optimal Drift
DUCATI-GP-1542,55.5,70.6,1.9,12.5,Ducati Slide Control (DSC) Optimal Drift
DUCATI-GP-1543,49.5,32.6,1.5,4.8,Ducati Slide Control (DSC) Optimal Drift
DUCATI-GP-1544,46.7,31.0,2.4,3.6,Ducati Slide Control (DSC) Optimal Drift
DUCATI-GP-1545,37.0,87.4,3.6,7.4,Ducati Slide Control (DSC) Optimal Drift
DUCATI-GP-1546,46.8,45.9,1.6,3.4,Ducati Slide Control (DSC) Optimal Drift
DUCATI-GP-1547,38.2,89.6,5.9,8.8,Ducati Slide Control (DSC) Optimal Drift
DUCATI-GP-1548,62.4,50.2,0.6,8.4,Ducati Slide Control (DSC) Optimal Drift
DUCATI-GP-1549,29.1,99.0,2.9,6.7,Ducati Slide Control (DSC) Optimal Drift
DUCATI-GP-1550,15.9,61.1,3.2,2.8,Ducati Slide Control (DSC) Optimal Drift
DUCATI-GP-1551,51.4,69.5,2.2,9.5,Ducati Slide Control (DSC) Optimal Drift
DUCATI-GP-1552,24.8,57.3,1.1,2.0,Ducati Slide Control (DSC) Optimal Drift
DUCATI-GP-1553,19.6,82.4,2.5,3.4,Ducati Slide Control (DSC) Optimal Drift
DUCATI-GP-1554,59.4,65.3,3.4,9.2,Ducati Slide Control (DSC) Optimal Drift
DUCATI-GP-1555,27.2,82.1,1.9,6.1,Ducati Slide Control (DSC) Optimal Drift
DUCATI-GP-1556,45.5,61.9,5.2,5.6,Ducati Slide Control (DSC) Optimal Drift
DUCATI-GP-1557,31.3,31.1,0.7,2.0,Ducati Slide Control (DSC) Optimal Drift
DUCATI-GP-1558,60.3,81.5,3.3,11.9,Ducati Slide Control (DSC) Optimal Drift
DUCATI-GP-1559,38.8,46.7,2.6,3.1,Ducati Slide Control (DSC) Optimal Drift
DUCATI-GP-1560,21.5,90.0,4.1,3.4,Ducati Slide Control (DSC) Optimal Drift
DUCATI-GP-1561,61.7,55.3,5.2,10.0,Ducati Slide Control (DSC) Optimal Drift
DUCATI-GP-1562,26.9,98.0,2.9,8.0,Ducati Slide Control (DSC) Optimal Drift
DUCATI-GP-1563,59.6,71.9,3.0,12.6,Ducati Slide Control (DSC) Optimal Drift
DUCATI-GP-1564,29.5,26.8,3.1,3.9,Ducati Slide Control (DSC) Optimal Drift
DUCATI-GP-1565,54.2,28.0,4.2,5.9,Ducati Slide Control (DSC) Optimal Drift
DUCATI-GP-1566,16.5,76.7,5.2,2.4,Ducati Slide Control (DSC) Optimal Drift
DUCATI-GP-1567,59.7,65.0,3.6,9.2,Ducati Slide Control (DSC) Optimal Drift
DUCATI-GP-1568,51.2,94.0,1.9,13.6,Ducati Slide Control (DSC) Optimal Drift
DUCATI-GP-1569,47.2,67.5,5.7,9.2,Ducati Slide Control (DSC) Optimal Drift
DUCATI-GP-1570,24.8,94.4,5.9,7.3,Ducati Slide Control (DSC) Optimal Drift
DUCATI-GP-1571,21.9,58.9,0.4,3.9,Ducati Slide Control (DSC) Optimal Drift
DUCATI-GP-1572,58.6,68.5,3.8,11.3,Ducati Slide Control (DSC) Optimal Drift
DUCATI-GP-1573,53.8,80.6,4.7,10.0,Ducati Slide Control (DSC) Optimal Drift
DUCATI-GP-1574,24.5,34.1,-0.1,3.8,Ducati Slide Control (DSC) Optimal Drift
DUCATI-GP-1575,53.3,26.1,0.1,2.7,Ducati Slide Control (DSC) Optimal Drift
DUCATI-GP-1576,45.2,22.7,2.7,3.6,Ducati Slide Control (DSC) Optimal Drift
DUCATI-GP-1577,48.2,70.7,4.9,7.3,Ducati Slide Control (DSC) Optimal Drift
DUCATI-GP-1578,17.2,30.7,2.7,2.3,Ducati Slide Control (DSC) Optimal Drift
DUCATI-GP-1579,61.4,38.7,1.6,6.6,Ducati Slide Control (DSC) Optimal Drift
DUCATI-GP-1580,61.7,90.2,0.2,14.2,Highside Risk / Instant Torque Cut
DUCATI-GP-1581,52.1,83.8,3.1,11.3,Ducati Slide Control (DSC) Optimal Drift
DUCATI-GP-1582,20.1,48.9,-0.5,2.0,Ducati Slide Control (DSC) Optimal Drift
DUCATI-GP-1583,55.2,89.9,-1.0,12.6,Ducati Slide Control (DSC) Optimal Drift
DUCATI-GP-1584,41.8,60.9,3.8,5.2,Ducati Slide Control (DSC) Optimal Drift
DUCATI-GP-1585,30.6,73.4,4.2,4.5,Ducati Slide Control (DSC) Optimal Drift
DUCATI-GP-1586,22.6,66.6,3.7,5.7,Ducati Slide Control (DSC) Optimal Drift
DUCATI-GP-1587,20.7,77.3,3.4,5.4,Ducati Slide Control (DSC) Optimal Drift
DUCATI-GP-1588,53.4,61.0,3.4,9.2,Ducati Slide Control (DSC) Optimal Drift
DUCATI-GP-1589,35.4,91.2,1.3,8.6,Ducati Slide Control (DSC) Optimal Drift
DUCATI-GP-1590,50.6,62.4,5.3,8.0,Ducati Slide Control (DSC) Optimal Drift
DUCATI-GP-1591,15.9,63.7,-0.3,2.8,Ducati Slide Control (DSC) Optimal Drift
DUCATI-GP-1592,44.4,47.1,3.8,6.1,Ducati Slide Control (DSC) Optimal Drift
DUCATI-GP-1593,36.1,57.4,-1.1,3.4,Ducati Slide Control (DSC) Optimal Drift
DUCATI-GP-1594,19.7,21.3,0.8,2.3,Ducati Slide Control (DSC) Optimal Drift
DUCATI-GP-1595,43.7,36.6,-0.2,4.1,Ducati Slide Control (DSC) Optimal Drift
DUCATI-GP-1596,28.3,56.7,1.2,6.9,Ducati Slide Control (DSC) Optimal Drift
DUCATI-GP-1597,19.4,40.0,2.8,3.0,Ducati Slide Control (DSC) Optimal Drift
DUCATI-GP-1598,31.1,89.7,5.1,7.3,Ducati Slide Control (DSC) Optimal Drift
DUCATI-GP-1599,59.8,93.4,3.5,16.5,Highside Risk / Instant Torque Cut
DUCATI-GP-1600,56.4,28.7,5.4,5.1,Ducati Slide Control (DSC) Optimal Drift
DUCATI-GP-1601,63.4,42.2,1.5,6.2,Ducati Slide Control (DSC) Optimal Drift
DUCATI-GP-1602,51.1,78.7,2.1,11.0,Ducati Slide Control (DSC) Optimal Drift
DUCATI-GP-1603,49.5,71.0,3.6,10.9,Ducati Slide Control (DSC) Optimal Drift
DUCATI-GP-1604,44.9,36.8,1.9,5.0,Ducati Slide Control (DSC) Optimal Drift
DUCATI-GP-1605,18.9,96.1,5.2,4.3,Ducati Slide Control (DSC) Optimal Drift
DUCATI-GP-1606,56.3,36.7,0.9,4.2,Ducati Slide Control (DSC) Optimal Drift
DUCATI-GP-1607,55.4,85.6,0.3,10.9,Ducati Slide Control (DSC) Optimal Drift
DUCATI-GP-1608,53.8,63.7,4.5,8.5,Ducati Slide Control (DSC) Optimal Drift
DUCATI-GP-1609,47.3,57.6,2.7,8.3,Ducati Slide Control (DSC) Optimal Drift
DUCATI-GP-1610,35.5,80.8,4.1,8.2,Ducati Slide Control (DSC) Optimal Drift
DUCATI-GP-1611,33.3,65.9,1.1,7.6,Ducati Slide Control (DSC) Optimal Drift
DUCATI-GP-1612,22.4,47.3,4.2,4.3,Ducati Slide Control (DSC) Optimal Drift
DUCATI-GP-1613,50.1,35.8,2.7,4.2,Ducati Slide Control (DSC) Optimal Drift
DUCATI-GP-1614,21.9,84.2,4.3,4.1,Ducati Slide Control (DSC) Optimal Drift
DUCATI-GP-1615,63.4,73.9,-0.1,14.3,Ducati Slide Control (DSC) Optimal Drift
DUCATI-GP-1616,21.0,45.7,2.3,2.4,Ducati Slide Control (DSC) Optimal Drift
DUCATI-GP-1617,42.0,90.1,4.0,11.9,Ducati Slide Control (DSC) Optimal Drift
DUCATI-GP-1618,34.9,33.8,3.3,3.4,Ducati Slide Control (DSC) Optimal Drift
DUCATI-GP-1619,35.1,45.5,6.0,4.1,Ducati Slide Control (DSC) Optimal Drift
DUCATI-GP-1620,53.0,29.9,4.5,5.1,Ducati Slide Control (DSC) Optimal Drift
DUCATI-GP-1621,37.6,86.6,1.1,6.7,Ducati Slide Control (DSC) Optimal Drift
DUCATI-GP-1622,26.3,93.5,1.6,7.2,Ducati Slide Control (DSC) Optimal Drift
DUCATI-GP-1623,59.7,75.5,3.0,12.5,Ducati Slide Control (DSC) Optimal Drift
DUCATI-GP-1624,21.8,20.7,4.2,2.0,Ducati Slide Control (DSC) Optimal Drift
DUCATI-GP-1625,62.3,69.2,1.9,10.5,Ducati Slide Control (DSC) Optimal Drift
DUCATI-GP-1626,17.8,40.8,2.4,2.0,Ducati Slide Control (DSC) Optimal Drift
DUCATI-GP-1627,62.8,21.4,-2.1,2.0,Ducati Slide Control (DSC) Optimal Drift
DUCATI-GP-1628,20.3,28.9,2.7,2.0,Ducati Slide Control (DSC) Optimal Drift
DUCATI-GP-1629,42.4,31.9,2.8,2.5,Ducati Slide Control (DSC) Optimal Drift
DUCATI-GP-1630,26.0,54.5,1.9,2.6,Ducati Slide Control (DSC) Optimal Drift
DUCATI-GP-1631,49.1,52.3,1.0,5.4,Ducati Slide Control (DSC) Optimal Drift
DUCATI-GP-1632,39.1,54.5,1.4,5.3,Ducati Slide Control (DSC) Optimal Drift
DUCATI-GP-1633,60.2,64.6,3.0,12.2,Ducati Slide Control (DSC) Optimal Drift
DUCATI-GP-1634,37.8,24.1,1.0,2.9,Ducati Slide Control (DSC) Optimal Drift
DUCATI-GP-1635,41.3,26.5,3.2,2.0,Ducati Slide Control (DSC) Optimal Drift
DUCATI-GP-1636,36.6,89.9,5.1,10.7,Ducati Slide Control (DSC) Optimal Drift
DUCATI-GP-1637,50.7,59.5,-0.6,6.7,Ducati Slide Control (DSC) Optimal Drift
DUCATI-GP-1638,18.2,48.9,4.4,2.0,Ducati Slide Control (DSC) Optimal Drift
DUCATI-GP-1639,40.7,55.7,0.8,5.8,Ducati Slide Control (DSC) Optimal Drift
DUCATI-GP-1640,61.8,57.5,1.2,9.5,Ducati Slide Control (DSC) Optimal Drift
DUCATI-GP-1641,41.1,29.4,2.4,3.1,Ducati Slide Control (DSC) Optimal Drift
DUCATI-GP-1642,20.3,93.9,1.3,6.2,Ducati Slide Control (DSC) Optimal Drift
DUCATI-GP-1643,35.8,82.2,1.0,9.5,Ducati Slide Control (DSC) Optimal Drift
DUCATI-GP-1644,18.6,71.3,4.3,3.0,Ducati Slide Control (DSC) Optimal Drift
DUCATI-GP-1645,40.1,93.2,4.6,10.9,Ducati Slide Control (DSC) Optimal Drift
DUCATI-GP-1646,28.8,85.6,4.0,8.0,Ducati Slide Control (DSC) Optimal Drift
DUCATI-GP-1647,52.1,72.0,1.3,11.2,Ducati Slide Control (DSC) Optimal Drift
DUCATI-GP-1648,48.9,33.6,1.3,2.2,Ducati Slide Control (DSC) Optimal Drift
DUCATI-GP-1649,17.7,28.0,1.6,2.2,Ducati Slide Control (DSC) Optimal Drift
DUCATI-GP-1650,24.7,40.3,1.7,3.6,Ducati Slide Control (DSC) Optimal Drift
DUCATI-GP-1651,22.1,97.7,3.0,3.7,Ducati Slide Control (DSC) Optimal Drift
DUCATI-GP-1652,56.1,57.3,1.9,8.9,Ducati Slide Control (DSC) Optimal Drift
DUCATI-GP-1653,45.6,62.0,1.5,5.7,Ducati Slide Control (DSC) Optimal Drift
DUCATI-GP-1654,31.8,53.3,0.4,5.9,Ducati Slide Control (DSC) Optimal Drift
DUCATI-GP-1655,63.5,37.7,2.8,5.8,Ducati Slide Control (DSC) Optimal Drift
DUCATI-GP-1656,26.5,88.4,3.2,6.8,Ducati Slide Control (DSC) Optimal Drift
DUCATI-GP-1657,26.2,49.2,0.7,2.3,Ducati Slide Control (DSC) Optimal Drift
DUCATI-GP-1658,40.1,98.1,1.1,9.6,Ducati Slide Control (DSC) Optimal Drift
DUCATI-GP-1659,41.4,66.9,4.2,8.1,Ducati Slide Control (DSC) Optimal Drift
DUCATI-GP-1660,44.1,60.5,3.0,6.2,Ducati Slide Control (DSC) Optimal Drift
DUCATI-GP-1661,43.2,31.1,1.5,3.4,Ducati Slide Control (DSC) Optimal Drift
DUCATI-GP-1662,50.4,48.4,1.4,6.1,Ducati Slide Control (DSC) Optimal Drift
DUCATI-GP-1663,43.2,96.6,2.2,10.1,Ducati Slide Control (DSC) Optimal Drift
DUCATI-GP-1664,36.5,69.6,2.8,9.6,Ducati Slide Control (DSC) Optimal Drift
DUCATI-GP-1665,31.9,80.4,1.5,6.0,Ducati Slide Control (DSC) Optimal Drift
DUCATI-GP-1666,54.0,93.8,3.0,14.9,Ducati Slide Control (DSC) Optimal Drift
DUCATI-GP-1667,49.8,24.0,-1.9,3.1,Ducati Slide Control (DSC) Optimal Drift
DUCATI-GP-1668,22.4,67.8,4.0,5.3,Ducati Slide Control (DSC) Optimal Drift
DUCATI-GP-1669,35.0,86.2,3.9,6.3,Ducati Slide Control (DSC) Optimal Drift
DUCATI-GP-1670,55.8,74.7,4.4,11.6,Ducati Slide Control (DSC) Optimal Drift
DUCATI-GP-1671,47.7,20.5,4.1,2.1,Ducati Slide Control (DSC) Optimal Drift
DUCATI-GP-1672,42.8,45.1,0.7,6.0,Ducati Slide Control (DSC) Optimal Drift
DUCATI-GP-1673,51.7,42.9,2.2,4.5,Ducati Slide Control (DSC) Optimal Drift
DUCATI-GP-1674,41.8,83.5,2.9,11.5,Ducati Slide Control (DSC) Optimal Drift
DUCATI-GP-1675,39.8,71.9,1.8,7.7,Ducati Slide Control (DSC) Optimal Drift
DUCATI-GP-1676,31.1,79.3,0.9,6.0,Ducati Slide Control (DSC) Optimal Drift
DUCATI-GP-1677,43.1,55.4,3.1,2.0,Ducati Slide Control (DSC) Optimal Drift
DUCATI-GP-1678,42.8,24.1,4.3,3.9,Ducati Slide Control (DSC) Optimal Drift
DUCATI-GP-1679,53.8,29.5,1.1,5.3,Ducati Slide Control (DSC) Optimal Drift
DUCATI-GP-1680,59.8,52.4,6.5,9.1,Ducati Slide Control (DSC) Optimal Drift
DUCATI-GP-1681,51.2,30.2,1.4,3.0,Ducati Slide Control (DSC) Optimal Drift
DUCATI-GP-1682,15.2,74.8,3.0,3.8,Ducati Slide Control (DSC) Optimal Drift
DUCATI-GP-1683,43.0,20.2,2.2,2.0,Ducati Slide Control (DSC) Optimal Drift
DUCATI-GP-1684,38.6,53.0,1.8,5.2,Ducati Slide Control (DSC) Optimal Drift
DUCATI-GP-1685,55.6,34.5,3.1,4.7,Ducati Slide Control (DSC) Optimal Drift
DUCATI-GP-1686,57.3,92.1,1.6,13.8,Ducati Slide Control (DSC) Optimal Drift
DUCATI-GP-1687,25.3,33.6,-1.2,2.5,Ducati Slide Control (DSC) Optimal Drift
DUCATI-GP-1688,35.4,54.5,0.1,5.6,Ducati Slide Control (DSC) Optimal Drift
DUCATI-GP-1689,32.0,71.5,1.6,5.4,Ducati Slide Control (DSC) Optimal Drift
DUCATI-GP-1690,28.1,83.5,1.1,5.7,Ducati Slide Control (DSC) Optimal Drift
DUCATI-GP-1691,53.8,40.9,-0.9,6.2,Ducati Slide Control (DSC) Optimal Drift
DUCATI-GP-1692,42.7,29.0,2.5,3.3,Ducati Slide Control (DSC) Optimal Drift
DUCATI-GP-1693,39.0,93.9,3.7,8.2,Ducati Slide Control (DSC) Optimal Drift
DUCATI-GP-1694,36.9,34.1,2.5,4.5,Ducati Slide Control (DSC) Optimal Drift
DUCATI-GP-1695,31.5,45.1,2.5,3.7,Ducati Slide Control (DSC) Optimal Drift
DUCATI-GP-1696,19.5,98.9,2.7,4.0,Ducati Slide Control (DSC) Optimal Drift
DUCATI-GP-1697,15.1,31.9,4.7,2.0,Ducati Slide Control (DSC) Optimal Drift
DUCATI-GP-1698,32.2,66.8,4.7,5.6,Ducati Slide Control (DSC) Optimal Drift
DUCATI-GP-1699,19.5,46.0,1.2,2.0,Ducati Slide Control (DSC) Optimal Drift
DUCATI-GP-1700,33.9,68.9,3.3,8.5,Ducati Slide Control (DSC) Optimal Drift
DUCATI-GP-1701,39.7,26.7,5.7,2.2,Ducati Slide Control (DSC) Optimal Drift
DUCATI-GP-1702,41.7,62.1,2.7,5.8,Ducati Slide Control (DSC) Optimal Drift
DUCATI-GP-1703,34.3,79.8,4.1,5.7,Ducati Slide Control (DSC) Optimal Drift
DUCATI-GP-1704,37.9,64.5,0.4,9.5,Ducati Slide Control (DSC) Optimal Drift
DUCATI-GP-1705,40.3,75.8,5.6,9.8,Ducati Slide Control (DSC) Optimal Drift
DUCATI-GP-1706,57.3,21.6,0.7,3.2,Ducati Slide Control (DSC) Optimal Drift
DUCATI-GP-1707,31.9,22.5,0.8,2.0,Ducati Slide Control (DSC) Optimal Drift
DUCATI-GP-1708,46.6,99.9,3.0,15.1,Ducati Slide Control (DSC) Optimal Drift
DUCATI-GP-1709,29.2,26.7,8.6,2.0,Ducati Slide Control (DSC) Optimal Drift
DUCATI-GP-1710,17.6,69.6,3.0,2.3,Ducati Slide Control (DSC) Optimal Drift
DUCATI-GP-1711,24.1,66.0,2.6,5.8,Ducati Slide Control (DSC) Optimal Drift
DUCATI-GP-1712,25.4,92.8,3.0,8.0,Ducati Slide Control (DSC) Optimal Drift
DUCATI-GP-1713,50.8,86.8,4.7,13.6,Ducati Slide Control (DSC) Optimal Drift
DUCATI-GP-1714,61.3,29.4,3.8,6.2,Ducati Slide Control (DSC) Optimal Drift
DUCATI-GP-1715,60.0,85.4,-0.4,15.2,Highside Risk / Instant Torque Cut
DUCATI-GP-1716,20.4,78.2,4.0,2.6,Ducati Slide Control (DSC) Optimal Drift
DUCATI-GP-1717,28.3,35.0,2.8,2.8,Ducati Slide Control (DSC) Optimal Drift
DUCATI-GP-1718,36.0,83.4,5.3,7.9,Ducati Slide Control (DSC) Optimal Drift
DUCATI-GP-1719,43.3,21.7,4.0,4.2,Ducati Slide Control (DSC) Optimal Drift
DUCATI-GP-1720,15.7,82.4,3.1,2.8,Ducati Slide Control (DSC) Optimal Drift
DUCATI-GP-1721,30.1,24.4,3.5,2.7,Ducati Slide Control (DSC) Optimal Drift
DUCATI-GP-1722,49.6,51.1,4.9,5.9,Ducati Slide Control (DSC) Optimal Drift
DUCATI-GP-1723,53.9,23.1,2.8,2.0,Ducati Slide Control (DSC) Optimal Drift
DUCATI-GP-1724,43.0,76.4,6.4,7.7,Ducati Slide Control (DSC) Optimal Drift
DUCATI-GP-1725,38.2,20.2,2.3,2.3,Ducati Slide Control (DSC) Optimal Drift
DUCATI-GP-1726,59.4,59.8,2.3,9.0,Ducati Slide Control (DSC) Optimal Drift
DUCATI-GP-1727,60.2,74.2,2.1,12.4,Ducati Slide Control (DSC) Optimal Drift
DUCATI-GP-1728,41.1,48.3,3.1,6.1,Ducati Slide Control (DSC) Optimal Drift
DUCATI-GP-1729,23.4,20.4,2.1,2.0,Ducati Slide Control (DSC) Optimal Drift
DUCATI-GP-1730,17.1,68.8,5.7,3.9,Ducati Slide Control (DSC) Optimal Drift
DUCATI-GP-1731,42.3,26.9,2.7,4.2,Ducati Slide Control (DSC) Optimal Drift
DUCATI-GP-1732,15.3,29.8,5.6,2.0,Ducati Slide Control (DSC) Optimal Drift
DUCATI-GP-1733,29.7,85.0,3.2,6.8,Ducati Slide Control (DSC) Optimal Drift
DUCATI-GP-1734,41.4,68.3,3.7,7.4,Ducati Slide Control (DSC) Optimal Drift
DUCATI-GP-1735,39.4,81.4,0.9,9.0,Ducati Slide Control (DSC) Optimal Drift
DUCATI-GP-1736,50.1,31.3,3.0,2.9,Ducati Slide Control (DSC) Optimal Drift
DUCATI-GP-1737,29.7,92.1,2.7,7.3,Ducati Slide Control (DSC) Optimal Drift
DUCATI-GP-1738,34.5,42.4,0.9,3.8,Ducati Slide Control (DSC) Optimal Drift
DUCATI-GP-1739,27.4,37.4,3.0,2.3,Ducati Slide Control (DSC) Optimal Drift
DUCATI-GP-1740,59.5,36.3,1.4,4.4,Ducati Slide Control (DSC) Optimal Drift
DUCATI-GP-1741,34.6,30.8,3.5,4.5,Ducati Slide Control (DSC) Optimal Drift
DUCATI-GP-1742,52.2,51.3,1.0,7.5,Ducati Slide Control (DSC) Optimal Drift
DUCATI-GP-1743,35.3,47.2,0.6,4.4,Ducati Slide Control (DSC) Optimal Drift
DUCATI-GP-1744,57.9,33.3,1.1,4.8,Ducati Slide Control (DSC) Optimal Drift
DUCATI-GP-1745,47.8,75.6,0.6,8.2,Ducati Slide Control (DSC) Optimal Drift
DUCATI-GP-1746,62.6,97.1,2.5,17.4,Highside Risk / Instant Torque Cut
DUCATI-GP-1747,42.9,87.4,5.2,10.6,Ducati Slide Control (DSC) Optimal Drift
DUCATI-GP-1748,26.8,93.9,3.2,6.2,Ducati Slide Control (DSC) Optimal Drift
DUCATI-GP-1749,38.7,83.0,6.4,7.1,Ducati Slide Control (DSC) Optimal Drift
DUCATI-GP-1750,38.2,20.5,2.2,2.2,Ducati Slide Control (DSC) Optimal Drift
DUCATI-GP-1751,26.3,57.2,3.5,3.2,Ducati Slide Control (DSC) Optimal Drift
DUCATI-GP-1752,39.7,36.7,2.7,3.5,Ducati Slide Control (DSC) Optimal Drift
DUCATI-GP-1753,34.5,74.5,3.0,6.9,Ducati Slide Control (DSC) Optimal Drift
DUCATI-GP-1754,38.1,31.8,3.3,3.9,Ducati Slide Control (DSC) Optimal Drift
DUCATI-GP-1755,52.8,23.5,2.6,2.4,Ducati Slide Control (DSC) Optimal Drift
DUCATI-GP-1756,18.9,76.2,3.6,4.9,Ducati Slide Control (DSC) Optimal Drift
DUCATI-GP-1757,59.0,92.1,0.6,16.7,Highside Risk / Instant Torque Cut
DUCATI-GP-1758,37.1,87.1,4.3,8.5,Ducati Slide Control (DSC) Optimal Drift
DUCATI-GP-1759,52.3,24.2,-0.3,3.2,Ducati Slide Control (DSC) Optimal Drift
DUCATI-GP-1760,31.2,51.4,1.8,6.2,Ducati Slide Control (DSC) Optimal Drift
DUCATI-GP-1761,21.4,92.0,3.7,5.0,Ducati Slide Control (DSC) Optimal Drift
DUCATI-GP-1762,49.2,36.3,4.2,4.8,Ducati Slide Control (DSC) Optimal Drift
DUCATI-GP-1763,32.5,25.5,1.7,2.6,Ducati Slide Control (DSC) Optimal Drift
DUCATI-GP-1764,21.2,68.2,5.8,3.1,Ducati Slide Control (DSC) Optimal Drift
DUCATI-GP-1765,16.9,21.5,1.2,2.0,Ducati Slide Control (DSC) Optimal Drift
DUCATI-GP-1766,36.9,43.7,4.1,3.5,Ducati Slide Control (DSC) Optimal Drift
DUCATI-GP-1767,27.3,58.2,3.9,5.8,Ducati Slide Control (DSC) Optimal Drift
DUCATI-GP-1768,22.7,26.2,-0.3,3.3,Ducati Slide Control (DSC) Optimal Drift
DUCATI-GP-1769,26.8,86.1,5.8,5.9,Ducati Slide Control (DSC) Optimal Drift
DUCATI-GP-1770,46.7,26.9,0.9,3.7,Ducati Slide Control (DSC) Optimal Drift
DUCATI-GP-1771,53.0,67.0,1.0,8.6,Ducati Slide Control (DSC) Optimal Drift
DUCATI-GP-1772,45.5,81.9,3.8,10.3,Ducati Slide Control (DSC) Optimal Drift
DUCATI-GP-1773,34.6,44.3,0.7,4.0,Ducati Slide Control (DSC) Optimal Drift
DUCATI-GP-1774,61.6,20.7,1.9,3.2,Ducati Slide Control (DSC) Optimal Drift
DUCATI-GP-1775,25.0,46.0,2.0,4.5,Ducati Slide Control (DSC) Optimal Drift
DUCATI-GP-1776,49.6,44.2,1.3,5.7,Ducati Slide Control (DSC) Optimal Drift
DUCATI-GP-1777,17.4,99.4,0.9,4.4,Ducati Slide Control (DSC) Optimal Drift
DUCATI-GP-1778,25.9,90.8,1.4,6.8,Ducati Slide Control (DSC) Optimal Drift
DUCATI-GP-1779,39.1,97.2,2.2,8.2,Ducati Slide Control (DSC) Optimal Drift
DUCATI-GP-1780,41.1,73.1,3.1,10.7,Ducati Slide Control (DSC) Optimal Drift
DUCATI-GP-1781,33.8,45.1,2.7,5.0,Ducati Slide Control (DSC) Optimal Drift
DUCATI-GP-1782,52.9,36.8,3.4,3.1,Ducati Slide Control (DSC) Optimal Drift
DUCATI-GP-1783,38.3,46.7,1.1,5.3,Ducati Slide Control (DSC) Optimal Drift
DUCATI-GP-1784,59.8,77.8,-0.2,14.2,Highside Risk / Instant Torque Cut
DUCATI-GP-1785,49.6,61.5,-1.9,7.8,Ducati Slide Control (DSC) Optimal Drift
DUCATI-GP-1786,23.5,92.7,1.7,7.5,Ducati Slide Control (DSC) Optimal Drift
DUCATI-GP-1787,53.8,56.2,2.7,8.9,Ducati Slide Control (DSC) Optimal Drift
DUCATI-GP-1788,22.3,81.8,2.6,6.4,Ducati Slide Control (DSC) Optimal Drift
DUCATI-GP-1789,23.8,99.0,0.7,7.2,Ducati Slide Control (DSC) Optimal Drift
DUCATI-GP-1790,31.6,81.4,3.4,6.5,Ducati Slide Control (DSC) Optimal Drift
DUCATI-GP-1791,60.9,82.9,1.7,15.5,Highside Risk / Instant Torque Cut
DUCATI-GP-1792,53.5,25.8,3.2,2.0,Ducati Slide Control (DSC) Optimal Drift
DUCATI-GP-1793,56.4,90.9,2.4,16.2,Highside Risk / Instant Torque Cut
DUCATI-GP-1794,36.7,24.1,1.2,3.6,Ducati Slide Control (DSC) Optimal Drift
DUCATI-GP-1795,27.3,55.6,1.8,3.2,Ducati Slide Control (DSC) Optimal Drift
DUCATI-GP-1796,19.5,63.2,4.1,2.0,Ducati Slide Control (DSC) Optimal Drift
DUCATI-GP-1797,32.9,73.9,1.3,9.8,Ducati Slide Control (DSC) Optimal Drift
DUCATI-GP-1798,26.8,63.0,4.1,4.5,Ducati Slide Control (DSC) Optimal Drift
DUCATI-GP-1799,21.4,69.6,2.6,2.3,Ducati Slide Control (DSC) Optimal Drift
DUCATI-GP-1800,61.7,60.2,2.7,10.1,Ducati Slide Control (DSC) Optimal Drift
DUCATI-GP-1801,61.6,91.4,4.8,13.3,Ducati Slide Control (DSC) Optimal Drift
DUCATI-GP-1802,30.1,87.1,3.4,7.2,Ducati Slide Control (DSC) Optimal Drift
DUCATI-GP-1803,46.4,75.9,1.9,9.1,Ducati Slide Control (DSC) Optimal Drift
DUCATI-GP-1804,47.0,91.9,0.5,12.2,Ducati Slide Control (DSC) Optimal Drift
DUCATI-GP-1805,59.7,64.3,0.7,10.0,Ducati Slide Control (DSC) Optimal Drift
DUCATI-GP-1806,28.8,73.7,0.8,6.6,Ducati Slide Control (DSC) Optimal Drift
DUCATI-GP-1807,45.7,27.6,4.8,3.9,Ducati Slide Control (DSC) Optimal Drift
DUCATI-GP-1808,31.3,91.0,1.4,7.0,Ducati Slide Control (DSC) Optimal Drift
DUCATI-GP-1809,40.0,45.6,1.9,4.7,Ducati Slide Control (DSC) Optimal Drift
DUCATI-GP-1810,20.2,34.4,4.1,3.4,Ducati Slide Control (DSC) Optimal Drift
DUCATI-GP-1811,16.0,73.2,2.0,5.1,Ducati Slide Control (DSC) Optimal Drift
DUCATI-GP-1812,34.2,30.7,0.6,2.3,Ducati Slide Control (DSC) Optimal Drift
DUCATI-GP-1813,40.2,98.4,2.3,12.3,Ducati Slide Control (DSC) Optimal Drift
DUCATI-GP-1814,40.1,22.6,2.1,2.8,Ducati Slide Control (DSC) Optimal Drift
DUCATI-GP-1815,61.2,28.8,2.6,4.3,Ducati Slide Control (DSC) Optimal Drift
DUCATI-GP-1816,19.0,95.1,1.9,5.4,Ducati Slide Control (DSC) Optimal Drift
DUCATI-GP-1817,15.3,84.7,3.6,5.2,Ducati Slide Control (DSC) Optimal Drift
DUCATI-GP-1818,56.5,53.2,2.9,8.9,Ducati Slide Control (DSC) Optimal Drift
DUCATI-GP-1819,55.1,49.7,0.4,7.0,Ducati Slide Control (DSC) Optimal Drift
DUCATI-GP-1820,40.2,46.8,0.9,2.7,Ducati Slide Control (DSC) Optimal Drift
DUCATI-GP-1821,49.2,46.0,1.0,6.3,Ducati Slide Control (DSC) Optimal Drift
DUCATI-GP-1822,23.2,82.5,0.8,5.1,Ducati Slide Control (DSC) Optimal Drift
DUCATI-GP-1823,33.7,43.1,2.4,5.8,Ducati Slide Control (DSC) Optimal Drift
DUCATI-GP-1824,63.7,41.1,1.3,8.3,Ducati Slide Control (DSC) Optimal Drift
DUCATI-GP-1825,40.6,62.1,5.1,8.1,Ducati Slide Control (DSC) Optimal Drift
DUCATI-GP-1826,39.8,97.0,-0.8,12.0,Ducati Slide Control (DSC) Optimal Drift
DUCATI-GP-1827,61.5,31.4,4.2,4.2,Ducati Slide Control (DSC) Optimal Drift
DUCATI-GP-1828,59.0,80.4,1.8,14.2,Highside Risk / Instant Torque Cut
DUCATI-GP-1829,47.3,58.2,5.5,6.9,Ducati Slide Control (DSC) Optimal Drift
DUCATI-GP-1830,34.0,49.4,2.0,3.6,Ducati Slide Control (DSC) Optimal Drift
DUCATI-GP-1831,45.6,40.7,4.6,5.9,Ducati Slide Control (DSC) Optimal Drift
DUCATI-GP-1832,54.5,58.3,2.3,10.6,Ducati Slide Control (DSC) Optimal Drift
DUCATI-GP-1833,42.7,84.0,3.8,10.3,Ducati Slide Control (DSC) Optimal Drift
DUCATI-GP-1834,34.0,90.2,0.1,10.0,Ducati Slide Control (DSC) Optimal Drift
DUCATI-GP-1835,52.4,79.1,2.3,12.4,Ducati Slide Control (DSC) Optimal Drift
DUCATI-GP-1836,58.6,75.5,-0.6,11.9,Ducati Slide Control (DSC) Optimal Drift
DUCATI-GP-1837,43.8,97.6,-0.4,10.2,Ducati Slide Control (DSC) Optimal Drift
DUCATI-GP-1838,51.3,54.7,2.0,8.0,Ducati Slide Control (DSC) Optimal Drift
DUCATI-GP-1839,43.9,75.2,3.3,9.5,Ducati Slide Control (DSC) Optimal Drift
DUCATI-GP-1840,50.6,33.8,2.8,6.9,Ducati Slide Control (DSC) Optimal Drift
DUCATI-GP-1841,29.7,94.0,5.0,8.2,Ducati Slide Control (DSC) Optimal Drift
DUCATI-GP-1842,28.8,23.0,2.6,3.6,Ducati Slide Control (DSC) Optimal Drift
DUCATI-GP-1843,25.6,24.3,2.2,3.1,Ducati Slide Control (DSC) Optimal Drift
DUCATI-GP-1844,50.2,87.7,3.4,12.6,Ducati Slide Control (DSC) Optimal Drift
DUCATI-GP-1845,56.7,36.9,1.3,5.1,Ducati Slide Control (DSC) Optimal Drift
DUCATI-GP-1846,15.3,27.8,1.6,2.0,Ducati Slide Control (DSC) Optimal Drift
DUCATI-GP-1847,62.8,46.8,3.8,8.2,Ducati Slide Control (DSC) Optimal Drift
DUCATI-GP-1848,61.2,63.3,2.1,10.4,Ducati Slide Control (DSC) Optimal Drift
DUCATI-GP-1849,35.9,83.2,4.7,7.8,Ducati Slide Control (DSC) Optimal Drift
DUCATI-GP-1850,38.3,88.9,0.9,10.7,Ducati Slide Control (DSC) Optimal Drift
DUCATI-GP-1851,41.5,61.1,1.3,6.6,Ducati Slide Control (DSC) Optimal Drift
DUCATI-GP-1852,45.2,49.0,0.9,6.5,Ducati Slide Control (DSC) Optimal Drift
DUCATI-GP-1853,19.5,86.0,1.5,4.5,Ducati Slide Control (DSC) Optimal Drift
DUCATI-GP-1854,59.6,85.1,-0.1,14.0,Ducati Slide Control (DSC) Optimal Drift
DUCATI-GP-1855,32.8,59.9,0.6,5.2,Ducati Slide Control (DSC) Optimal Drift
DUCATI-GP-1856,55.2,42.4,-1.5,3.5,Ducati Slide Control (DSC) Optimal Drift
DUCATI-GP-1857,60.9,58.1,2.0,6.8,Ducati Slide Control (DSC) Optimal Drift
DUCATI-GP-1858,55.6,30.2,2.5,6.1,Ducati Slide Control (DSC) Optimal Drift
DUCATI-GP-1859,56.1,73.0,1.3,10.2,Ducati Slide Control (DSC) Optimal Drift
DUCATI-GP-1860,20.6,44.5,1.2,2.1,Ducati Slide Control (DSC) Optimal Drift
DUCATI-GP-1861,21.6,73.7,2.8,2.3,Ducati Slide Control (DSC) Optimal Drift
DUCATI-GP-1862,30.8,98.0,0.3,7.3,Ducati Slide Control (DSC) Optimal Drift
DUCATI-GP-1863,49.0,37.0,2.5,3.7,Ducati Slide Control (DSC) Optimal Drift
DUCATI-GP-1864,15.3,63.3,2.5,3.2,Ducati Slide Control (DSC) Optimal Drift
DUCATI-GP-1865,19.5,87.2,2.0,5.1,Ducati Slide Control (DSC) Optimal Drift
DUCATI-GP-1866,62.1,63.8,2.7,10.9,Ducati Slide Control (DSC) Optimal Drift
DUCATI-GP-1867,19.6,43.0,0.3,2.7,Ducati Slide Control (DSC) Optimal Drift
DUCATI-GP-1868,34.2,39.7,-1.1,4.0,Ducati Slide Control (DSC) Optimal Drift
DUCATI-GP-1869,37.9,66.7,0.1,5.5,Ducati Slide Control (DSC) Optimal Drift
DUCATI-GP-1870,62.5,71.2,4.6,12.5,Ducati Slide Control (DSC) Optimal Drift
DUCATI-GP-1871,37.3,26.5,2.3,3.1,Ducati Slide Control (DSC) Optimal Drift
DUCATI-GP-1872,54.2,95.3,3.4,11.5,Ducati Slide Control (DSC) Optimal Drift
DUCATI-GP-1873,23.3,50.4,3.7,4.8,Ducati Slide Control (DSC) Optimal Drift
DUCATI-GP-1874,51.4,46.9,3.4,8.0,Ducati Slide Control (DSC) Optimal Drift
DUCATI-GP-1875,29.5,94.6,4.2,7.6,Ducati Slide Control (DSC) Optimal Drift
DUCATI-GP-1876,18.6,92.7,0.0,3.1,Ducati Slide Control (DSC) Optimal Drift
DUCATI-GP-1877,55.6,55.8,3.5,9.1,Ducati Slide Control (DSC) Optimal Drift
DUCATI-GP-1878,45.6,26.5,2.6,2.7,Ducati Slide Control (DSC) Optimal Drift
DUCATI-GP-1879,27.7,79.9,1.6,3.9,Ducati Slide Control (DSC) Optimal Drift
DUCATI-GP-1880,31.3,87.7,3.2,8.9,Ducati Slide Control (DSC) Optimal Drift
DUCATI-GP-1881,16.0,46.0,3.6,2.1,Ducati Slide Control (DSC) Optimal Drift
DUCATI-GP-1882,31.6,59.6,0.7,7.0,Ducati Slide Control (DSC) Optimal Drift
DUCATI-GP-1883,61.7,67.9,2.6,11.1,Ducati Slide Control (DSC) Optimal Drift
DUCATI-GP-1884,29.1,97.9,3.8,5.2,Ducati Slide Control (DSC) Optimal Drift
DUCATI-GP-1885,20.5,73.1,-0.4,4.3,Ducati Slide Control (DSC) Optimal Drift
DUCATI-GP-1886,21.7,93.1,2.7,5.8,Ducati Slide Control (DSC) Optimal Drift
DUCATI-GP-1887,42.6,92.3,2.2,13.0,Ducati Slide Control (DSC) Optimal Drift
DUCATI-GP-1888,63.6,87.8,2.4,13.9,Ducati Slide Control (DSC) Optimal Drift
DUCATI-GP-1889,18.6,32.8,1.3,2.4,Ducati Slide Control (DSC) Optimal Drift
DUCATI-GP-1890,22.3,30.0,1.7,2.1,Ducati Slide Control (DSC) Optimal Drift
DUCATI-GP-1891,18.7,94.5,-0.7,5.3,Ducati Slide Control (DSC) Optimal Drift
DUCATI-GP-1892,28.1,60.0,-0.2,3.6,Ducati Slide Control (DSC) Optimal Drift
DUCATI-GP-1893,33.5,81.2,-0.9,6.6,Ducati Slide Control (DSC) Optimal Drift
DUCATI-GP-1894,63.5,54.6,1.9,11.3,Ducati Slide Control (DSC) Optimal Drift
DUCATI-GP-1895,63.9,77.6,1.2,11.4,Ducati Slide Control (DSC) Optimal Drift
DUCATI-GP-1896,40.6,73.8,2.4,7.3,Ducati Slide Control (DSC) Optimal Drift
DUCATI-GP-1897,36.3,38.8,4.2,6.4,Ducati Slide Control (DSC) Optimal Drift
DUCATI-GP-1898,49.6,27.7,1.3,5.3,Ducati Slide Control (DSC) Optimal Drift
DUCATI-GP-1899,50.7,93.8,4.9,13.5,Ducati Slide Control (DSC) Optimal Drift
DUCATI-GP-1900,27.6,27.5,5.2,2.0,Ducati Slide Control (DSC) Optimal Drift
DUCATI-GP-1901,52.7,70.3,7.4,9.8,Ducati Slide Control (DSC) Optimal Drift
DUCATI-GP-1902,19.1,88.0,-0.2,4.5,Ducati Slide Control (DSC) Optimal Drift
DUCATI-GP-1903,62.3,61.0,1.6,13.5,Ducati Slide Control (DSC) Optimal Drift
DUCATI-GP-1904,15.2,36.0,0.8,2.0,Ducati Slide Control (DSC) Optimal Drift
DUCATI-GP-1905,30.5,69.4,-0.8,6.9,Ducati Slide Control (DSC) Optimal Drift
DUCATI-GP-1906,60.8,98.6,2.4,16.3,Highside Risk / Instant Torque Cut
DUCATI-GP-1907,47.3,89.9,1.2,11.5,Ducati Slide Control (DSC) Optimal Drift
DUCATI-GP-1908,34.2,92.6,-1.8,8.3,Ducati Slide Control (DSC) Optimal Drift
DUCATI-GP-1909,16.4,53.2,3.2,3.9,Ducati Slide Control (DSC) Optimal Drift
DUCATI-GP-1910,42.0,63.3,1.7,9.7,Ducati Slide Control (DSC) Optimal Drift
DUCATI-GP-1911,43.9,27.7,2.0,2.0,Ducati Slide Control (DSC) Optimal Drift
DUCATI-GP-1912,19.9,61.8,4.0,4.0,Ducati Slide Control (DSC) Optimal Drift
DUCATI-GP-1913,61.6,45.5,3.4,7.7,Ducati Slide Control (DSC) Optimal Drift
DUCATI-GP-1914,33.7,83.0,3.3,8.1,Ducati Slide Control (DSC) Optimal Drift
DUCATI-GP-1915,47.3,43.5,3.6,5.7,Ducati Slide Control (DSC) Optimal Drift
DUCATI-GP-1916,50.5,62.7,0.8,8.4,Ducati Slide Control (DSC) Optimal Drift
DUCATI-GP-1917,24.6,33.0,2.3,2.6,Ducati Slide Control (DSC) Optimal Drift
DUCATI-GP-1918,28.3,95.1,3.7,6.1,Ducati Slide Control (DSC) Optimal Drift
DUCATI-GP-1919,37.1,94.3,3.3,8.1,Ducati Slide Control (DSC) Optimal Drift
DUCATI-GP-1920,15.4,75.8,-0.4,3.8,Ducati Slide Control (DSC) Optimal Drift
DUCATI-GP-1921,37.6,67.2,3.7,5.3,Ducati Slide Control (DSC) Optimal Drift
DUCATI-GP-1922,40.3,84.7,0.9,11.6,Ducati Slide Control (DSC) Optimal Drift
DUCATI-GP-1923,50.3,44.7,0.5,5.2,Ducati Slide Control (DSC) Optimal Drift
DUCATI-GP-1924,51.6,44.1,2.9,6.8,Ducati Slide Control (DSC) Optimal Drift
DUCATI-GP-1925,51.1,50.1,6.0,6.8,Ducati Slide Control (DSC) Optimal Drift
DUCATI-GP-1926,35.5,96.4,6.4,11.5,Ducati Slide Control (DSC) Optimal Drift
DUCATI-GP-1927,19.7,83.2,5.0,5.6,Ducati Slide Control (DSC) Optimal Drift
DUCATI-GP-1928,30.3,22.1,1.2,2.0,Ducati Slide Control (DSC) Optimal Drift
DUCATI-GP-1929,42.1,97.9,1.9,11.2,Ducati Slide Control (DSC) Optimal Drift
DUCATI-GP-1930,49.9,78.6,4.0,8.6,Ducati Slide Control (DSC) Optimal Drift
DUCATI-GP-1931,29.0,81.7,0.1,6.0,Ducati Slide Control (DSC) Optimal Drift
DUCATI-GP-1932,31.4,99.8,5.1,8.5,Ducati Slide Control (DSC) Optimal Drift
DUCATI-GP-1933,53.8,55.9,4.7,9.0,Ducati Slide Control (DSC) Optimal Drift
DUCATI-GP-1934,59.4,55.6,1.1,11.0,Ducati Slide Control (DSC) Optimal Drift
DUCATI-GP-1935,38.1,96.1,-2.0,10.1,Ducati Slide Control (DSC) Optimal Drift
DUCATI-GP-1936,38.9,74.5,4.6,8.0,Ducati Slide Control (DSC) Optimal Drift
DUCATI-GP-1937,21.4,50.0,2.0,4.9,Ducati Slide Control (DSC) Optimal Drift
DUCATI-GP-1938,44.6,32.0,0.9,4.8,Ducati Slide Control (DSC) Optimal Drift
DUCATI-GP-1939,29.2,84.7,2.5,7.0,Ducati Slide Control (DSC) Optimal Drift
DUCATI-GP-1940,47.1,49.6,-0.2,5.5,Ducati Slide Control (DSC) Optimal Drift
DUCATI-GP-1941,58.1,93.5,6.9,13.0,Ducati Slide Control (DSC) Optimal Drift
DUCATI-GP-1942,22.2,98.0,3.7,7.7,Ducati Slide Control (DSC) Optimal Drift
DUCATI-GP-1943,21.2,20.6,2.3,2.0,Ducati Slide Control (DSC) Optimal Drift
DUCATI-GP-1944,33.6,26.4,1.1,2.0,Ducati Slide Control (DSC) Optimal Drift
DUCATI-GP-1945,44.9,68.1,-2.8,8.6,Ducati Slide Control (DSC) Optimal Drift
DUCATI-GP-1946,53.3,22.5,3.0,2.0,Ducati Slide Control (DSC) Optimal Drift
DUCATI-GP-1947,26.1,82.5,-0.8,6.0,Ducati Slide Control (DSC) Optimal Drift
DUCATI-GP-1948,32.5,96.7,5.4,8.4,Ducati Slide Control (DSC) Optimal Drift
DUCATI-GP-1949,36.4,86.2,0.5,8.7,Ducati Slide Control (DSC) Optimal Drift
DUCATI-GP-1950,30.6,26.4,1.0,3.1,Ducati Slide Control (DSC) Optimal Drift
DUCATI-GP-1951,47.0,77.2,4.6,8.9,Ducati Slide Control (DSC) Optimal Drift
DUCATI-GP-1952,26.1,62.6,2.1,5.0,Ducati Slide Control (DSC) Optimal Drift
DUCATI-GP-1953,35.8,25.6,4.1,2.4,Ducati Slide Control (DSC) Optimal Drift
DUCATI-GP-1954,35.7,32.3,0.1,3.7,Ducati Slide Control (DSC) Optimal Drift
DUCATI-GP-1955,24.2,57.0,3.7,3.1,Ducati Slide Control (DSC) Optimal Drift
DUCATI-GP-1956,32.9,59.3,1.1,6.0,Ducati Slide Control (DSC) Optimal Drift
DUCATI-GP-1957,58.9,44.3,3.3,8.8,Ducati Slide Control (DSC) Optimal Drift
DUCATI-GP-1958,36.8,89.9,1.0,8.2,Ducati Slide Control (DSC) Optimal Drift
DUCATI-GP-1959,47.6,92.2,2.8,12.5,Ducati Slide Control (DSC) Optimal Drift
DUCATI-GP-1960,38.2,34.3,5.4,3.2,Ducati Slide Control (DSC) Optimal Drift
DUCATI-GP-1961,45.2,26.8,4.4,2.7,Ducati Slide Control (DSC) Optimal Drift
DUCATI-GP-1962,35.4,29.9,-0.7,2.8,Ducati Slide Control (DSC) Optimal Drift
DUCATI-GP-1963,23.4,28.8,4.2,2.8,Ducati Slide Control (DSC) Optimal Drift
DUCATI-GP-1964,53.6,74.8,2.6,10.6,Ducati Slide Control (DSC) Optimal Drift
DUCATI-GP-1965,63.6,95.7,0.2,15.4,Highside Risk / Instant Torque Cut
DUCATI-GP-1966,52.7,87.0,2.4,12.3,Ducati Slide Control (DSC) Optimal Drift
DUCATI-GP-1967,17.7,89.2,1.3,3.4,Ducati Slide Control (DSC) Optimal Drift
DUCATI-GP-1968,34.8,70.1,6.0,5.8,Ducati Slide Control (DSC) Optimal Drift
DUCATI-GP-1969,31.4,20.2,1.2,2.3,Ducati Slide Control (DSC) Optimal Drift
DUCATI-GP-1970,55.0,31.3,2.1,4.7,Ducati Slide Control (DSC) Optimal Drift
DUCATI-GP-1971,19.5,46.5,1.3,2.7,Ducati Slide Control (DSC) Optimal Drift
DUCATI-GP-1972,49.1,59.6,3.8,7.3,Ducati Slide Control (DSC) Optimal Drift
DUCATI-GP-1973,36.7,85.7,0.1,6.2,Ducati Slide Control (DSC) Optimal Drift
DUCATI-GP-1974,44.4,45.3,2.7,3.7,Ducati Slide Control (DSC) Optimal Drift
DUCATI-GP-1975,35.8,21.9,4.4,2.0,Ducati Slide Control (DSC) Optimal Drift
DUCATI-GP-1976,49.0,73.0,3.1,11.9,Ducati Slide Control (DSC) Optimal Drift
DUCATI-GP-1977,54.1,32.6,4.0,6.7,Ducati Slide Control (DSC) Optimal Drift
DUCATI-GP-1978,35.2,81.6,3.4,8.4,Ducati Slide Control (DSC) Optimal Drift
DUCATI-GP-1979,46.6,61.6,1.6,8.7,Ducati Slide Control (DSC) Optimal Drift
DUCATI-GP-1980,23.0,73.2,0.9,4.2,Ducati Slide Control (DSC) Optimal Drift
DUCATI-GP-1981,18.1,79.4,1.6,5.2,Ducati Slide Control (DSC) Optimal Drift
DUCATI-GP-1982,37.5,90.3,0.4,10.7,Ducati Slide Control (DSC) Optimal Drift
DUCATI-GP-1983,61.0,64.1,3.4,10.6,Ducati Slide Control (DSC) Optimal Drift
DUCATI-GP-1984,16.0,70.0,1.3,2.6,Ducati Slide Control (DSC) Optimal Drift
DUCATI-GP-1985,53.0,28.5,3.3,5.0,Ducati Slide Control (DSC) Optimal Drift
DUCATI-GP-1986,18.8,85.3,0.9,3.8,Ducati Slide Control (DSC) Optimal Drift
DUCATI-GP-1987,34.1,65.6,-0.2,5.3,Ducati Slide Control (DSC) Optimal Drift
DUCATI-GP-1988,43.3,87.3,1.9,9.8,Ducati Slide Control (DSC) Optimal Drift
DUCATI-GP-1989,50.2,62.6,3.7,9.4,Ducati Slide Control (DSC) Optimal Drift
DUCATI-GP-1990,46.6,60.3,3.6,6.6,Ducati Slide Control (DSC) Optimal Drift
DUCATI-GP-1991,16.8,25.9,4.1,2.0,Ducati Slide Control (DSC) Optimal Drift
DUCATI-GP-1992,39.3,93.0,2.7,8.3,Ducati Slide Control (DSC) Optimal Drift
DUCATI-GP-1993,30.8,36.3,2.1,2.5,Ducati Slide Control (DSC) Optimal Drift
DUCATI-GP-1994,37.1,40.9,3.3,2.6,Ducati Slide Control (DSC) Optimal Drift
DUCATI-GP-1995,54.6,55.5,1.3,9.8,Ducati Slide Control (DSC) Optimal Drift
DUCATI-GP-1996,63.8,59.6,1.7,12.1,Ducati Slide Control (DSC) Optimal Drift
DUCATI-GP-1997,31.0,43.8,1.2,3.6,Ducati Slide Control (DSC) Optimal Drift
DUCATI-GP-1998,51.9,83.2,1.5,11.1,Ducati Slide Control (DSC) Optimal Drift
DUCATI-GP-1999,58.0,60.0,2.6,8.5,Ducati Slide Control (DSC) Optimal Drift
DUCATI-GP-2000,29.8,33.7,4.0,2.4,Ducati Slide Control (DSC) Optimal Drift
DUCATI-GP-2001,55.7,43.7,2.8,7.5,Ducati Slide Control (DSC) Optimal Drift
DUCATI-GP-2002,63.7,21.7,3.4,3.8,Ducati Slide Control (DSC) Optimal Drift
DUCATI-GP-2003,20.6,25.8,3.4,4.2,Ducati Slide Control (DSC) Optimal Drift
DUCATI-GP-2004,38.9,38.0,3.0,3.6,Ducati Slide Control (DSC) Optimal Drift
DUCATI-GP-2005,22.4,52.2,-3.3,2.0,Ducati Slide Control (DSC) Optimal Drift
DUCATI-GP-2006,54.7,20.2,6.9,2.0,Ducati Slide Control (DSC) Optimal Drift
DUCATI-GP-2007,45.1,93.6,3.3,10.9,Ducati Slide Control (DSC) Optimal Drift
DUCATI-GP-2008,15.5,38.7,1.5,3.0,Ducati Slide Control (DSC) Optimal Drift
DUCATI-GP-2009,15.1,37.0,2.4,2.0,Ducati Slide Control (DSC) Optimal Drift
DUCATI-GP-2010,24.7,21.1,3.2,2.0,Ducati Slide Control (DSC) Optimal Drift
DUCATI-GP-2011,44.5,32.4,0.1,5.4,Ducati Slide Control (DSC) Optimal Drift
DUCATI-GP-2012,57.6,98.6,1.0,15.0,Highside Risk / Instant Torque Cut
DUCATI-GP-2013,60.7,60.7,3.5,10.4,Ducati Slide Control (DSC) Optimal Drift
DUCATI-GP-2014,33.1,47.8,1.0,5.7,Ducati Slide Control (DSC) Optimal Drift
DUCATI-GP-2015,53.8,88.0,4.9,13.4,Ducati Slide Control (DSC) Optimal Drift
DUCATI-GP-2016,43.6,85.4,2.7,11.7,Ducati Slide Control (DSC) Optimal Drift
DUCATI-GP-2017,53.8,33.9,1.3,6.7,Ducati Slide Control (DSC) Optimal Drift
DUCATI-GP-2018,28.9,33.6,1.7,2.3,Ducati Slide Control (DSC) Optimal Drift
DUCATI-GP-2019,50.2,43.1,1.0,6.3,Ducati Slide Control (DSC) Optimal Drift
DUCATI-GP-2020,61.5,54.0,-1.4,10.4,Ducati Slide Control (DSC) Optimal Drift
DUCATI-GP-2021,22.5,71.1,0.5,4.1,Ducati Slide Control (DSC) Optimal Drift
DUCATI-GP-2022,51.7,26.0,4.5,2.0,Ducati Slide Control (DSC) Optimal Drift
DUCATI-GP-2023,54.9,71.7,3.5,10.8,Ducati Slide Control (DSC) Optimal Drift
DUCATI-GP-2024,29.6,71.6,1.0,6.8,Ducati Slide Control (DSC) Optimal Drift
DUCATI-GP-2025,27.5,36.3,-0.7,2.4,Ducati Slide Control (DSC) Optimal Drift
DUCATI-GP-2026,56.8,40.5,3.8,5.1,Ducati Slide Control (DSC) Optimal Drift
DUCATI-GP-2027,35.9,74.7,2.0,8.4,Ducati Slide Control (DSC) Optimal Drift
DUCATI-GP-2028,55.1,86.6,4.1,11.7,Ducati Slide Control (DSC) Optimal Drift
DUCATI-GP-2029,33.3,30.4,0.1,2.5,Ducati Slide Control (DSC) Optimal Drift
DUCATI-GP-2030,16.2,73.5,1.2,2.0,Ducati Slide Control (DSC) Optimal Drift
DUCATI-GP-2031,48.9,97.1,2.3,13.1,Ducati Slide Control (DSC) Optimal Drift
DUCATI-GP-2032,56.2,78.6,0.6,13.2,Ducati Slide Control (DSC) Optimal Drift
DUCATI-GP-2033,37.7,25.1,2.7,2.6,Ducati Slide Control (DSC) Optimal Drift
DUCATI-GP-2034,22.1,56.8,4.2,2.2,Ducati Slide Control (DSC) Optimal Drift
DUCATI-GP-2035,62.9,20.2,2.5,2.0,Ducati Slide Control (DSC) Optimal Drift
DUCATI-GP-2036,49.5,76.1,6.6,9.9,Ducati Slide Control (DSC) Optimal Drift
DUCATI-GP-2037,35.9,79.7,5.6,8.8,Ducati Slide Control (DSC) Optimal Drift
DUCATI-GP-2038,62.2,62.1,3.3,10.9,Ducati Slide Control (DSC) Optimal Drift
DUCATI-GP-2039,50.7,37.5,2.0,7.0,Ducati Slide Control (DSC) Optimal Drift
DUCATI-GP-2040,36.6,82.9,2.6,7.5,Ducati Slide Control (DSC) Optimal Drift
DUCATI-GP-2041,40.2,90.9,-0.2,11.7,Ducati Slide Control (DSC) Optimal Drift
DUCATI-GP-2042,56.6,36.5,4.1,4.2,Ducati Slide Control (DSC) Optimal Drift
DUCATI-GP-2043,26.1,57.9,5.3,3.1,Ducati Slide Control (DSC) Optimal Drift
DUCATI-GP-2044,27.3,79.3,3.9,5.7,Ducati Slide Control (DSC) Optimal Drift
DUCATI-GP-2045,62.1,70.4,2.5,11.3,Ducati Slide Control (DSC) Optimal Drift
DUCATI-GP-2046,54.9,75.4,4.8,8.6,Ducati Slide Control (DSC) Optimal Drift
DUCATI-GP-2047,40.7,40.3,2.6,4.8,Ducati Slide Control (DSC) Optimal Drift
DUCATI-GP-2048,35.5,99.8,-0.0,7.9,Ducati Slide Control (DSC) Optimal Drift
DUCATI-GP-2049,26.5,34.2,1.4,2.0,Ducati Slide Control (DSC) Optimal Drift
DUCATI-GP-2050,19.6,92.1,1.3,4.1,Ducati Slide Control (DSC) Optimal Drift
DUCATI-GP-2051,25.3,38.6,2.4,3.1,Ducati Slide Control (DSC) Optimal Drift
DUCATI-GP-2052,23.8,71.9,1.2,5.3,Ducati Slide Control (DSC) Optimal Drift
DUCATI-GP-2053,49.0,95.1,0.9,13.1,Ducati Slide Control (DSC) Optimal Drift
DUCATI-GP-2054,61.4,42.5,0.9,6.3,Ducati Slide Control (DSC) Optimal Drift
DUCATI-GP-2055,57.8,31.2,2.3,7.6,Ducati Slide Control (DSC) Optimal Drift
DUCATI-GP-2056,63.7,33.3,1.1,6.4,Ducati Slide Control (DSC) Optimal Drift
DUCATI-GP-2057,57.5,37.0,-0.0,6.3,Ducati Slide Control (DSC) Optimal Drift
DUCATI-GP-2058,42.6,58.6,2.2,7.3,Ducati Slide Control (DSC) Optimal Drift
DUCATI-GP-2059,46.1,98.2,4.4,13.1,Ducati Slide Control (DSC) Optimal Drift
DUCATI-GP-2060,61.6,28.8,0.4,5.5,Ducati Slide Control (DSC) Optimal Drift
DUCATI-GP-2061,34.6,32.8,-0.1,2.3,Ducati Slide Control (DSC) Optimal Drift
DUCATI-GP-2062,24.7,56.6,1.8,3.8,Ducati Slide Control (DSC) Optimal Drift
DUCATI-GP-2063,28.4,56.3,2.5,2.0,Ducati Slide Control (DSC) Optimal Drift
DUCATI-GP-2064,18.4,51.1,0.2,3.7,Ducati Slide Control (DSC) Optimal Drift
DUCATI-GP-2065,27.0,44.3,4.6,4.8,Ducati Slide Control (DSC) Optimal Drift
DUCATI-GP-2066,35.7,22.8,2.0,2.6,Ducati Slide Control (DSC) Optimal Drift
DUCATI-GP-2067,60.4,88.9,4.0,12.5,Ducati Slide Control (DSC) Optimal Drift
DUCATI-GP-2068,54.7,69.5,2.2,11.9,Ducati Slide Control (DSC) Optimal Drift
DUCATI-GP-2069,31.8,59.7,2.4,3.6,Ducati Slide Control (DSC) Optimal Drift
DUCATI-GP-2070,56.5,34.5,2.6,4.8,Ducati Slide Control (DSC) Optimal Drift
DUCATI-GP-2071,38.7,21.1,3.1,4.2,Ducati Slide Control (DSC) Optimal Drift
DUCATI-GP-2072,45.6,76.8,3.7,10.6,Ducati Slide Control (DSC) Optimal Drift
DUCATI-GP-2073,28.0,91.4,1.4,6.4,Ducati Slide Control (DSC) Optimal Drift
DUCATI-GP-2074,19.7,34.7,2.7,2.0,Ducati Slide Control (DSC) Optimal Drift
DUCATI-GP-2075,55.6,98.4,0.8,17.7,Highside Risk / Instant Torque Cut
DUCATI-GP-2076,49.9,67.8,1.2,8.0,Ducati Slide Control (DSC) Optimal Drift
DUCATI-GP-2077,46.5,20.1,6.7,3.2,Ducati Slide Control (DSC) Optimal Drift
DUCATI-GP-2078,21.9,95.6,0.7,5.4,Ducati Slide Control (DSC) Optimal Drift
DUCATI-GP-2079,31.7,73.4,4.1,6.3,Ducati Slide Control (DSC) Optimal Drift
DUCATI-GP-2080,31.0,25.3,2.0,4.1,Ducati Slide Control (DSC) Optimal Drift
DUCATI-GP-2081,35.2,94.3,1.3,9.7,Ducati Slide Control (DSC) Optimal Drift
DUCATI-GP-2082,38.3,40.7,1.3,3.0,Ducati Slide Control (DSC) Optimal Drift
DUCATI-GP-2083,52.5,39.6,3.8,5.9,Ducati Slide Control (DSC) Optimal Drift
DUCATI-GP-2084,56.2,57.9,3.5,7.5,Ducati Slide Control (DSC) Optimal Drift
DUCATI-GP-2085,61.1,42.0,0.5,7.2,Ducati Slide Control (DSC) Optimal Drift
DUCATI-GP-2086,40.7,75.1,1.5,7.2,Ducati Slide Control (DSC) Optimal Drift
DUCATI-GP-2087,23.2,28.6,2.0,2.4,Ducati Slide Control (DSC) Optimal Drift
DUCATI-GP-2088,25.7,52.5,4.0,3.9,Ducati Slide Control (DSC) Optimal Drift
DUCATI-GP-2089,29.7,86.7,2.3,7.2,Ducati Slide Control (DSC) Optimal Drift
DUCATI-GP-2090,25.0,21.8,2.6,2.0,Ducati Slide Control (DSC) Optimal Drift
DUCATI-GP-2091,30.6,83.8,-0.1,5.1,Ducati Slide Control (DSC) Optimal Drift
DUCATI-GP-2092,50.5,49.0,1.4,7.2,Ducati Slide Control (DSC) Optimal Drift
DUCATI-GP-2093,38.4,57.5,4.1,6.7,Ducati Slide Control (DSC) Optimal Drift
DUCATI-GP-2094,34.9,62.7,-1.5,5.0,Ducati Slide Control (DSC) Optimal Drift
DUCATI-GP-2095,18.7,47.1,2.6,2.6,Ducati Slide Control (DSC) Optimal Drift
DUCATI-GP-2096,56.3,86.4,1.2,13.9,Ducati Slide Control (DSC) Optimal Drift
DUCATI-GP-2097,38.0,73.3,2.1,5.1,Ducati Slide Control (DSC) Optimal Drift
DUCATI-GP-2098,56.9,41.8,6.2,6.6,Ducati Slide Control (DSC) Optimal Drift
DUCATI-GP-2099,53.4,77.2,-1.7,13.2,Ducati Slide Control (DSC) Optimal Drift
DUCATI-GP-2100,60.4,23.7,0.3,5.3,Ducati Slide Control (DSC) Optimal Drift
DUCATI-GP-2101,43.6,21.2,0.4,5.3,Ducati Slide Control (DSC) Optimal Drift
DUCATI-GP-2102,34.6,45.6,2.1,3.4,Ducati Slide Control (DSC) Optimal Drift
DUCATI-GP-2103,60.9,58.3,5.1,8.1,Ducati Slide Control (DSC) Optimal Drift
DUCATI-GP-2104,61.7,59.4,3.4,10.2,Ducati Slide Control (DSC) Optimal Drift
DUCATI-GP-2105,50.3,32.3,5.2,4.5,Ducati Slide Control (DSC) Optimal Drift
DUCATI-GP-2106,20.3,54.0,-1.4,3.0,Ducati Slide Control (DSC) Optimal Drift
DUCATI-GP-2107,24.7,57.4,3.3,3.7,Ducati Slide Control (DSC) Optimal Drift
DUCATI-GP-2108,55.6,64.5,2.1,10.7,Ducati Slide Control (DSC) Optimal Drift
DUCATI-GP-2109,21.2,88.3,6.0,6.8,Ducati Slide Control (DSC) Optimal Drift
DUCATI-GP-2110,26.5,96.2,3.4,7.8,Ducati Slide Control (DSC) Optimal Drift
DUCATI-GP-2111,22.8,75.1,2.2,4.3,Ducati Slide Control (DSC) Optimal Drift
DUCATI-GP-2112,31.3,86.3,2.3,8.8,Ducati Slide Control (DSC) Optimal Drift
DUCATI-GP-2113,39.5,33.7,5.0,4.4,Ducati Slide Control (DSC) Optimal Drift
DUCATI-GP-2114,39.2,46.1,3.2,6.2,Ducati Slide Control (DSC) Optimal Drift
DUCATI-GP-2115,21.9,23.9,2.0,2.0,Ducati Slide Control (DSC) Optimal Drift
DUCATI-GP-2116,24.0,21.8,-0.2,2.0,Ducati Slide Control (DSC) Optimal Drift
DUCATI-GP-2117,63.0,67.0,1.4,11.4,Ducati Slide Control (DSC) Optimal Drift
DUCATI-GP-2118,22.4,27.7,1.6,2.6,Ducati Slide Control (DSC) Optimal Drift
DUCATI-GP-2119,21.6,90.6,1.6,5.1,Ducati Slide Control (DSC) Optimal Drift
DUCATI-GP-2120,52.3,71.8,3.5,10.0,Ducati Slide Control (DSC) Optimal Drift
DUCATI-GP-2121,18.8,52.5,4.3,2.0,Ducati Slide Control (DSC) Optimal Drift
DUCATI-GP-2122,28.9,69.6,-0.8,7.1,Ducati Slide Control (DSC) Optimal Drift
DUCATI-GP-2123,15.3,84.3,4.4,2.9,Ducati Slide Control (DSC) Optimal Drift
DUCATI-GP-2124,59.2,94.7,1.1,16.4,Highside Risk / Instant Torque Cut
DUCATI-GP-2125,34.0,47.0,2.1,4.1,Ducati Slide Control (DSC) Optimal Drift
DUCATI-GP-2126,21.4,95.8,-1.8,4.7,Ducati Slide Control (DSC) Optimal Drift
DUCATI-GP-2127,52.6,83.9,1.2,12.2,Ducati Slide Control (DSC) Optimal Drift
DUCATI-GP-2128,44.7,27.3,5.2,2.0,Ducati Slide Control (DSC) Optimal Drift
DUCATI-GP-2129,37.6,92.4,2.7,9.9,Ducati Slide Control (DSC) Optimal Drift
DUCATI-GP-2130,21.6,75.6,5.3,6.4,Ducati Slide Control (DSC) Optimal Drift
DUCATI-GP-2131,21.1,40.3,3.4,5.2,Ducati Slide Control (DSC) Optimal Drift
DUCATI-GP-2132,17.7,68.2,1.3,2.5,Ducati Slide Control (DSC) Optimal Drift
DUCATI-GP-2133,30.7,54.9,3.7,3.4,Ducati Slide Control (DSC) Optimal Drift
DUCATI-GP-2134,32.3,57.5,2.5,5.3,Ducati Slide Control (DSC) Optimal Drift
DUCATI-GP-2135,18.8,56.2,5.5,2.9,Ducati Slide Control (DSC) Optimal Drift
DUCATI-GP-2136,55.4,50.3,3.8,6.6,Ducati Slide Control (DSC) Optimal Drift
DUCATI-GP-2137,21.2,84.5,2.1,6.7,Ducati Slide Control (DSC) Optimal Drift
DUCATI-GP-2138,29.0,85.7,-0.0,5.9,Ducati Slide Control (DSC) Optimal Drift
DUCATI-GP-2139,62.9,77.1,3.7,12.7,Ducati Slide Control (DSC) Optimal Drift
DUCATI-GP-2140,53.7,70.5,-0.9,10.6,Ducati Slide Control (DSC) Optimal Drift
DUCATI-GP-2141,32.4,59.4,3.0,6.1,Ducati Slide Control (DSC) Optimal Drift
DUCATI-GP-2142,25.9,35.9,2.9,2.0,Ducati Slide Control (DSC) Optimal Drift
DUCATI-GP-2143,27.8,73.3,3.4,4.4,Ducati Slide Control (DSC) Optimal Drift
DUCATI-GP-2144,37.4,43.0,4.4,4.3,Ducati Slide Control (DSC) Optimal Drift
DUCATI-GP-2145,39.2,95.1,3.0,8.3,Ducati Slide Control (DSC) Optimal Drift
DUCATI-GP-2146,30.8,41.0,3.0,3.7,Ducati Slide Control (DSC) Optimal Drift
DUCATI-GP-2147,46.3,51.9,1.9,5.9,Ducati Slide Control (DSC) Optimal Drift
DUCATI-GP-2148,46.2,83.5,2.1,8.8,Ducati Slide Control (DSC) Optimal Drift
DUCATI-GP-2149,32.6,95.4,3.5,8.4,Ducati Slide Control (DSC) Optimal Drift
DUCATI-GP-2150,18.2,94.0,4.7,5.6,Ducati Slide Control (DSC) Optimal Drift
DUCATI-GP-2151,53.9,48.9,-0.2,6.8,Ducati Slide Control (DSC) Optimal Drift
DUCATI-GP-2152,26.0,50.8,7.7,3.1,Ducati Slide Control (DSC) Optimal Drift
DUCATI-GP-2153,32.8,76.5,2.6,6.4,Ducati Slide Control (DSC) Optimal Drift
DUCATI-GP-2154,56.6,34.4,1.5,4.6,Ducati Slide Control (DSC) Optimal Drift
DUCATI-GP-2155,40.9,65.3,2.7,9.7,Ducati Slide Control (DSC) Optimal Drift
DUCATI-GP-2156,22.3,30.0,2.0,2.0,Ducati Slide Control (DSC) Optimal Drift
DUCATI-GP-2157,18.5,33.8,4.9,2.9,Ducati Slide Control (DSC) Optimal Drift
DUCATI-GP-2158,39.5,38.2,4.1,3.4,Ducati Slide Control (DSC) Optimal Drift
DUCATI-GP-2159,38.6,66.9,4.0,7.8,Ducati Slide Control (DSC) Optimal Drift
DUCATI-GP-2160,46.9,66.7,2.8,8.2,Ducati Slide Control (DSC) Optimal Drift
DUCATI-GP-2161,16.5,32.0,-0.8,2.0,Ducati Slide Control (DSC) Optimal Drift
DUCATI-GP-2162,48.1,78.2,3.9,10.8,Ducati Slide Control (DSC) Optimal Drift
DUCATI-GP-2163,63.5,75.6,4.4,14.0,Highside Risk / Instant Torque Cut
DUCATI-GP-2164,44.5,54.5,4.1,9.2,Ducati Slide Control (DSC) Optimal Drift
DUCATI-GP-2165,46.6,46.9,1.9,4.8,Ducati Slide Control (DSC) Optimal Drift
DUCATI-GP-2166,28.4,29.4,1.1,2.0,Ducati Slide Control (DSC) Optimal Drift
DUCATI-GP-2167,22.4,21.8,3.1,2.0,Ducati Slide Control (DSC) Optimal Drift
DUCATI-GP-2168,63.1,49.9,5.4,11.4,Ducati Slide Control (DSC) Optimal Drift
DUCATI-GP-2169,50.8,83.9,2.8,13.8,Ducati Slide Control (DSC) Optimal Drift
DUCATI-GP-2170,57.0,37.2,2.5,7.7,Ducati Slide Control (DSC) Optimal Drift
DUCATI-GP-2171,43.6,44.4,4.0,4.8,Ducati Slide Control (DSC) Optimal Drift
DUCATI-GP-2172,38.8,70.8,1.0,7.5,Ducati Slide Control (DSC) Optimal Drift
DUCATI-GP-2173,54.0,85.8,1.9,13.3,Ducati Slide Control (DSC) Optimal Drift
DUCATI-GP-2174,44.9,22.6,-2.2,3.2,Ducati Slide Control (DSC) Optimal Drift
DUCATI-GP-2175,43.9,56.0,3.3,9.1,Ducati Slide Control (DSC) Optimal Drift
DUCATI-GP-2176,36.1,25.9,2.6,2.0,Ducati Slide Control (DSC) Optimal Drift
DUCATI-GP-2177,60.0,43.2,3.1,6.4,Ducati Slide Control (DSC) Optimal Drift
DUCATI-GP-2178,56.2,29.3,-1.5,4.2,Ducati Slide Control (DSC) Optimal Drift
DUCATI-GP-2179,36.1,70.0,4.1,9.1,Ducati Slide Control (DSC) Optimal Drift
DUCATI-GP-2180,33.6,83.6,3.6,6.9,Ducati Slide Control (DSC) Optimal Drift
DUCATI-GP-2181,54.2,60.9,2.1,10.7,Ducati Slide Control (DSC) Optimal Drift
DUCATI-GP-2182,46.0,44.1,1.7,6.3,Ducati Slide Control (DSC) Optimal Drift
DUCATI-GP-2183,59.7,36.2,3.0,5.9,Ducati Slide Control (DSC) Optimal Drift
DUCATI-GP-2184,25.0,63.5,3.1,4.4,Ducati Slide Control (DSC) Optimal Drift
DUCATI-GP-2185,27.9,74.6,0.7,7.0,Ducati Slide Control (DSC) Optimal Drift
DUCATI-GP-2186,47.6,59.5,1.0,8.0,Ducati Slide Control (DSC) Optimal Drift
DUCATI-GP-2187,54.2,20.9,0.3,2.7,Ducati Slide Control (DSC) Optimal Drift
DUCATI-GP-2188,37.0,56.1,5.7,5.8,Ducati Slide Control (DSC) Optimal Drift
DUCATI-GP-2189,43.8,89.3,3.0,9.7,Ducati Slide Control (DSC) Optimal Drift
DUCATI-GP-2190,33.4,64.4,1.7,4.3,Ducati Slide Control (DSC) Optimal Drift
DUCATI-GP-2191,44.7,22.3,2.0,2.0,Ducati Slide Control (DSC) Optimal Drift
DUCATI-GP-2192,29.4,93.8,1.6,7.9,Ducati Slide Control (DSC) Optimal Drift
DUCATI-GP-2193,42.2,74.9,3.7,9.3,Ducati Slide Control (DSC) Optimal Drift
DUCATI-GP-2194,22.4,99.9,-0.7,6.8,Ducati Slide Control (DSC) Optimal Drift
DUCATI-GP-2195,29.5,69.5,1.7,5.7,Ducati Slide Control (DSC) Optimal Drift
DUCATI-GP-2196,15.2,73.8,2.9,3.2,Ducati Slide Control (DSC) Optimal Drift
DUCATI-GP-2197,48.4,79.9,3.0,11.4,Ducati Slide Control (DSC) Optimal Drift
DUCATI-GP-2198,61.0,32.2,1.8,4.6,Ducati Slide Control (DSC) Optimal Drift
DUCATI-GP-2199,47.6,41.8,1.8,5.5,Ducati Slide Control (DSC) Optimal Drift
DUCATI-GP-2200,18.7,68.5,2.8,6.0,Ducati Slide Control (DSC) Optimal Drift
DUCATI-GP-2201,62.3,56.4,1.9,12.4,Ducati Slide Control (DSC) Optimal Drift
DUCATI-GP-2202,29.4,36.8,4.6,3.7,Ducati Slide Control (DSC) Optimal Drift
DUCATI-GP-2203,18.5,74.8,5.5,2.3,Ducati Slide Control (DSC) Optimal Drift
DUCATI-GP-2204,56.5,41.9,1.4,8.5,Ducati Slide Control (DSC) Optimal Drift
DUCATI-GP-2205,39.4,71.1,0.8,6.3,Ducati Slide Control (DSC) Optimal Drift
DUCATI-GP-2206,24.4,44.8,0.7,2.1,Ducati Slide Control (DSC) Optimal Drift
DUCATI-GP-2207,32.6,58.7,-0.5,6.3,Ducati Slide Control (DSC) Optimal Drift
DUCATI-GP-2208,38.6,81.4,5.1,8.3,Ducati Slide Control (DSC) Optimal Drift
DUCATI-GP-2209,46.8,29.4,0.9,5.5,Ducati Slide Control (DSC) Optimal Drift
DUCATI-GP-2210,42.7,58.5,2.8,5.5,Ducati Slide Control (DSC) Optimal Drift
DUCATI-GP-2211,34.0,95.3,0.3,7.8,Ducati Slide Control (DSC) Optimal Drift
DUCATI-GP-2212,52.3,25.0,3.3,2.0,Ducati Slide Control (DSC) Optimal Drift
DUCATI-GP-2213,37.4,60.4,-1.0,4.9,Ducati Slide Control (DSC) Optimal Drift
DUCATI-GP-2214,37.3,41.5,0.3,4.1,Ducati Slide Control (DSC) Optimal Drift
DUCATI-GP-2215,61.7,76.4,3.4,12.2,Ducati Slide Control (DSC) Optimal Drift
DUCATI-GP-2216,27.9,32.8,3.2,2.8,Ducati Slide Control (DSC) Optimal Drift
DUCATI-GP-2217,30.0,69.3,2.2,5.6,Ducati Slide Control (DSC) Optimal Drift
DUCATI-GP-2218,24.5,76.0,-0.5,5.7,Ducati Slide Control (DSC) Optimal Drift
DUCATI-GP-2219,26.5,27.9,3.6,4.5,Ducati Slide Control (DSC) Optimal Drift
DUCATI-GP-2220,60.6,97.3,1.9,17.2,Highside Risk / Instant Torque Cut
DUCATI-GP-2221,47.3,71.3,3.6,8.6,Ducati Slide Control (DSC) Optimal Drift
DUCATI-GP-2222,41.1,99.4,3.5,10.2,Ducati Slide Control (DSC) Optimal Drift
DUCATI-GP-2223,47.5,75.2,2.2,9.7,Ducati Slide Control (DSC) Optimal Drift
DUCATI-GP-2224,28.6,40.5,5.3,4.1,Ducati Slide Control (DSC) Optimal Drift
DUCATI-GP-2225,30.0,68.0,5.0,4.1,Ducati Slide Control (DSC) Optimal Drift
DUCATI-GP-2226,31.5,29.4,-1.0,3.1,Ducati Slide Control (DSC) Optimal Drift
DUCATI-GP-2227,32.1,30.8,4.8,2.3,Ducati Slide Control (DSC) Optimal Drift
DUCATI-GP-2228,29.2,73.5,2.9,6.9,Ducati Slide Control (DSC) Optimal Drift
DUCATI-GP-2229,56.7,50.3,5.3,8.6,Ducati Slide Control (DSC) Optimal Drift
DUCATI-GP-2230,16.3,57.9,6.0,2.0,Ducati Slide Control (DSC) Optimal Drift
DUCATI-GP-2231,57.6,52.1,3.7,8.1,Ducati Slide Control (DSC) Optimal Drift
DUCATI-GP-2232,19.5,67.2,2.6,2.1,Ducati Slide Control (DSC) Optimal Drift
DUCATI-GP-2233,58.9,82.7,5.4,13.2,Ducati Slide Control (DSC) Optimal Drift
DUCATI-GP-2234,25.3,22.0,0.9,2.0,Ducati Slide Control (DSC) Optimal Drift
DUCATI-GP-2235,19.9,59.0,4.8,2.9,Ducati Slide Control (DSC) Optimal Drift
DUCATI-GP-2236,31.4,85.7,4.2,7.8,Ducati Slide Control (DSC) Optimal Drift
DUCATI-GP-2237,43.2,71.0,0.8,7.8,Ducati Slide Control (DSC) Optimal Drift
DUCATI-GP-2238,43.1,67.2,1.0,8.4,Ducati Slide Control (DSC) Optimal Drift
DUCATI-GP-2239,29.0,38.9,1.7,2.0,Ducati Slide Control (DSC) Optimal Drift
DUCATI-GP-2240,21.6,96.2,4.9,5.1,Ducati Slide Control (DSC) Optimal Drift
DUCATI-GP-2241,24.6,48.5,2.5,5.3,Ducati Slide Control (DSC) Optimal Drift
DUCATI-GP-2242,34.4,60.7,1.2,5.0,Ducati Slide Control (DSC) Optimal Drift
DUCATI-GP-2243,55.8,46.8,1.0,6.2,Ducati Slide Control (DSC) Optimal Drift
DUCATI-GP-2244,16.9,71.9,4.0,3.9,Ducati Slide Control (DSC) Optimal Drift
DUCATI-GP-2245,40.7,90.4,2.6,10.9,Ducati Slide Control (DSC) Optimal Drift
DUCATI-GP-2246,30.9,97.6,2.7,6.9,Ducati Slide Control (DSC) Optimal Drift
DUCATI-GP-2247,61.8,95.1,5.3,16.6,Highside Risk / Instant Torque Cut
DUCATI-GP-2248,30.1,73.2,-1.2,5.3,Ducati Slide Control (DSC) Optimal Drift
DUCATI-GP-2249,25.6,83.2,0.5,3.6,Ducati Slide Control (DSC) Optimal Drift
DUCATI-GP-2250,27.4,81.8,2.5,7.4,Ducati Slide Control (DSC) Optimal Drift
DUCATI-GP-2251,49.6,36.5,3.5,5.5,Ducati Slide Control (DSC) Optimal Drift
DUCATI-GP-2252,42.5,68.2,3.6,8.3,Ducati Slide Control (DSC) Optimal Drift
DUCATI-GP-2253,51.7,35.7,3.7,4.7,Ducati Slide Control (DSC) Optimal Drift
DUCATI-GP-2254,29.9,46.6,2.5,5.0,Ducati Slide Control (DSC) Optimal Drift
DUCATI-GP-2255,48.6,41.4,6.2,5.2,Ducati Slide Control (DSC) Optimal Drift
DUCATI-GP-2256,20.5,33.5,1.9,2.1,Ducati Slide Control (DSC) Optimal Drift
DUCATI-GP-2257,49.7,22.6,1.8,3.1,Ducati Slide Control (DSC) Optimal Drift
DUCATI-GP-2258,19.2,43.0,1.7,2.0,Ducati Slide Control (DSC) Optimal Drift
DUCATI-GP-2259,31.3,82.7,2.7,7.4,Ducati Slide Control (DSC) Optimal Drift
DUCATI-GP-2260,24.0,76.3,3.9,3.8,Ducati Slide Control (DSC) Optimal Drift
DUCATI-GP-2261,17.4,40.3,1.2,2.0,Ducati Slide Control (DSC) Optimal Drift
DUCATI-GP-2262,56.5,66.8,-0.1,9.5,Ducati Slide Control (DSC) Optimal Drift
DUCATI-GP-2263,49.8,44.3,3.2,6.1,Ducati Slide Control (DSC) Optimal Drift
DUCATI-GP-2264,44.4,65.8,1.9,7.0,Ducati Slide Control (DSC) Optimal Drift
DUCATI-GP-2265,47.7,74.5,4.5,8.8,Ducati Slide Control (DSC) Optimal Drift
DUCATI-GP-2266,56.6,34.2,3.4,5.3,Ducati Slide Control (DSC) Optimal Drift
DUCATI-GP-2267,54.1,43.4,1.8,5.4,Ducati Slide Control (DSC) Optimal Drift
DUCATI-GP-2268,23.8,75.8,-0.0,3.6,Ducati Slide Control (DSC) Optimal Drift
DUCATI-GP-2269,50.6,83.3,-0.2,11.7,Ducati Slide Control (DSC) Optimal Drift
DUCATI-GP-2270,38.1,89.2,2.2,10.3,Ducati Slide Control (DSC) Optimal Drift
DUCATI-GP-2271,28.2,22.9,3.4,2.4,Ducati Slide Control (DSC) Optimal Drift
DUCATI-GP-2272,21.7,62.5,-0.0,5.4,Ducati Slide Control (DSC) Optimal Drift
DUCATI-GP-2273,60.9,29.2,2.0,5.8,Ducati Slide Control (DSC) Optimal Drift
DUCATI-GP-2274,62.8,92.5,2.4,14.4,Highside Risk / Instant Torque Cut
DUCATI-GP-2275,15.7,36.5,4.8,2.0,Ducati Slide Control (DSC) Optimal Drift
DUCATI-GP-2276,54.2,46.1,5.1,7.5,Ducati Slide Control (DSC) Optimal Drift
DUCATI-GP-2277,20.7,90.2,4.7,4.2,Ducati Slide Control (DSC) Optimal Drift
DUCATI-GP-2278,24.3,96.7,4.2,5.4,Ducati Slide Control (DSC) Optimal Drift
DUCATI-GP-2279,41.6,94.1,3.8,9.7,Ducati Slide Control (DSC) Optimal Drift
DUCATI-GP-2280,61.3,36.6,-0.2,6.9,Ducati Slide Control (DSC) Optimal Drift
DUCATI-GP-2281,25.0,34.2,4.1,2.1,Ducati Slide Control (DSC) Optimal Drift
DUCATI-GP-2282,17.9,28.1,6.2,2.6,Ducati Slide Control (DSC) Optimal Drift
DUCATI-GP-2283,21.9,35.9,0.6,2.0,Ducati Slide Control (DSC) Optimal Drift
DUCATI-GP-2284,29.4,54.9,5.0,4.2,Ducati Slide Control (DSC) Optimal Drift
DUCATI-GP-2285,59.7,50.7,2.4,7.8,Ducati Slide Control (DSC) Optimal Drift
DUCATI-GP-2286,32.9,24.5,5.7,2.0,Ducati Slide Control (DSC) Optimal Drift
DUCATI-GP-2287,33.6,49.7,3.1,7.0,Ducati Slide Control (DSC) Optimal Drift
DUCATI-GP-2288,48.9,27.0,2.0,5.2,Ducati Slide Control (DSC) Optimal Drift
DUCATI-GP-2289,63.4,55.5,4.0,9.4,Ducati Slide Control (DSC) Optimal Drift
DUCATI-GP-2290,38.4,95.9,3.8,10.6,Ducati Slide Control (DSC) Optimal Drift
DUCATI-GP-2291,31.3,66.3,-0.4,6.9,Ducati Slide Control (DSC) Optimal Drift
DUCATI-GP-2292,47.7,33.1,1.3,4.8,Ducati Slide Control (DSC) Optimal Drift
DUCATI-GP-2293,45.8,82.5,2.9,10.9,Ducati Slide Control (DSC) Optimal Drift
DUCATI-GP-2294,29.3,42.9,2.7,4.6,Ducati Slide Control (DSC) Optimal Drift
DUCATI-GP-2295,47.1,49.6,2.0,6.7,Ducati Slide Control (DSC) Optimal Drift
DUCATI-GP-2296,35.9,27.0,3.3,2.0,Ducati Slide Control (DSC) Optimal Drift
DUCATI-GP-2297,19.4,51.1,4.3,2.8,Ducati Slide Control (DSC) Optimal Drift
DUCATI-GP-2298,58.4,85.7,3.0,15.1,Highside Risk / Instant Torque Cut
DUCATI-GP-2299,20.9,70.8,-0.6,4.4,Ducati Slide Control (DSC) Optimal Drift
DUCATI-GP-2300,58.2,72.5,2.1,9.9,Ducati Slide Control (DSC) Optimal Drift
DUCATI-GP-2301,41.8,55.0,2.9,4.9,Ducati Slide Control (DSC) Optimal Drift
DUCATI-GP-2302,28.9,87.4,3.0,6.7,Ducati Slide Control (DSC) Optimal Drift
DUCATI-GP-2303,54.5,99.6,4.1,15.7,Ducati Slide Control (DSC) Optimal Drift
DUCATI-GP-2304,21.3,65.1,3.6,5.9,Ducati Slide Control (DSC) Optimal Drift
DUCATI-GP-2305,28.4,27.3,4.1,2.0,Ducati Slide Control (DSC) Optimal Drift
DUCATI-GP-2306,57.3,44.5,2.2,7.1,Ducati Slide Control (DSC) Optimal Drift
DUCATI-GP-2307,36.8,52.7,4.4,7.3,Ducati Slide Control (DSC) Optimal Drift
DUCATI-GP-2308,31.1,21.7,4.2,2.0,Ducati Slide Control (DSC) Optimal Drift
DUCATI-GP-2309,33.1,38.8,4.5,3.7,Ducati Slide Control (DSC) Optimal Drift
DUCATI-GP-2310,32.3,40.4,4.6,2.7,Ducati Slide Control (DSC) Optimal Drift
DUCATI-GP-2311,45.6,45.1,3.4,5.1,Ducati Slide Control (DSC) Optimal Drift
DUCATI-GP-2312,29.3,85.2,2.5,6.1,Ducati Slide Control (DSC) Optimal Drift
DUCATI-GP-2313,15.1,93.9,3.4,6.9,Ducati Slide Control (DSC) Optimal Drift
DUCATI-GP-2314,62.1,60.7,6.7,11.1,Ducati Slide Control (DSC) Optimal Drift
DUCATI-GP-2315,47.3,55.5,4.6,7.4,Ducati Slide Control (DSC) Optimal Drift
DUCATI-GP-2316,54.7,53.6,-0.4,9.2,Ducati Slide Control (DSC) Optimal Drift
DUCATI-GP-2317,19.2,30.3,1.9,2.0,Ducati Slide Control (DSC) Optimal Drift
DUCATI-GP-2318,43.0,94.1,4.9,11.4,Ducati Slide Control (DSC) Optimal Drift
DUCATI-GP-2319,35.2,30.4,5.0,3.7,Ducati Slide Control (DSC) Optimal Drift
DUCATI-GP-2320,40.7,51.4,3.0,6.5,Ducati Slide Control (DSC) Optimal Drift
DUCATI-GP-2321,44.3,47.4,1.6,8.1,Ducati Slide Control (DSC) Optimal Drift
DUCATI-GP-2322,38.7,99.6,5.1,10.5,Ducati Slide Control (DSC) Optimal Drift
DUCATI-GP-2323,43.6,52.7,0.1,7.9,Ducati Slide Control (DSC) Optimal Drift
DUCATI-GP-2324,50.3,65.6,4.4,8.9,Ducati Slide Control (DSC) Optimal Drift
DUCATI-GP-2325,53.0,91.7,1.7,13.2,Ducati Slide Control (DSC) Optimal Drift
DUCATI-GP-2326,30.7,77.7,0.4,5.7,Ducati Slide Control (DSC) Optimal Drift
DUCATI-GP-2327,36.4,40.2,0.3,2.0,Ducati Slide Control (DSC) Optimal Drift
DUCATI-GP-2328,19.6,70.6,0.1,2.9,Ducati Slide Control (DSC) Optimal Drift
DUCATI-GP-2329,52.8,25.7,4.1,2.5,Ducati Slide Control (DSC) Optimal Drift
DUCATI-GP-2330,24.6,46.8,-0.2,2.5,Ducati Slide Control (DSC) Optimal Drift
DUCATI-GP-2331,54.2,35.5,4.3,4.9,Ducati Slide Control (DSC) Optimal Drift
DUCATI-GP-2332,30.6,94.2,4.2,8.5,Ducati Slide Control (DSC) Optimal Drift
DUCATI-GP-2333,50.2,78.7,3.3,10.9,Ducati Slide Control (DSC) Optimal Drift
DUCATI-GP-2334,50.5,56.0,5.2,8.9,Ducati Slide Control (DSC) Optimal Drift
DUCATI-GP-2335,34.7,100.0,1.2,8.7,Ducati Slide Control (DSC) Optimal Drift
DUCATI-GP-2336,22.1,47.1,2.5,2.4,Ducati Slide Control (DSC) Optimal Drift
DUCATI-GP-2337,21.0,20.8,2.9,2.0,Ducati Slide Control (DSC) Optimal Drift
DUCATI-GP-2338,46.5,93.3,3.8,11.8,Ducati Slide Control (DSC) Optimal Drift
DUCATI-GP-2339,57.1,59.6,1.4,8.4,Ducati Slide Control (DSC) Optimal Drift
DUCATI-GP-2340,50.8,58.6,2.4,6.4,Ducati Slide Control (DSC) Optimal Drift
DUCATI-GP-2341,38.3,80.9,3.5,9.9,Ducati Slide Control (DSC) Optimal Drift
DUCATI-GP-2342,26.0,87.7,4.7,6.5,Ducati Slide Control (DSC) Optimal Drift
DUCATI-GP-2343,61.9,34.0,1.9,7.0,Ducati Slide Control (DSC) Optimal Drift
DUCATI-GP-2344,33.2,43.4,2.2,6.9,Ducati Slide Control (DSC) Optimal Drift
DUCATI-GP-2345,38.5,33.2,5.6,3.4,Ducati Slide Control (DSC) Optimal Drift
DUCATI-GP-2346,20.7,62.2,3.0,4.8,Ducati Slide Control (DSC) Optimal Drift
DUCATI-GP-2347,30.6,61.9,-0.1,7.8,Ducati Slide Control (DSC) Optimal Drift
DUCATI-GP-2348,42.6,96.5,6.5,11.1,Ducati Slide Control (DSC) Optimal Drift
DUCATI-GP-2349,63.3,32.8,0.7,6.4,Ducati Slide Control (DSC) Optimal Drift
DUCATI-GP-2350,37.9,24.6,2.8,2.1,Ducati Slide Control (DSC) Optimal Drift
DUCATI-GP-2351,51.7,61.2,2.8,7.3,Ducati Slide Control (DSC) Optimal Drift
DUCATI-GP-2352,47.6,68.0,3.7,10.2,Ducati Slide Control (DSC) Optimal Drift
DUCATI-GP-2353,55.9,34.9,2.3,4.8,Ducati Slide Control (DSC) Optimal Drift
DUCATI-GP-2354,26.1,99.1,0.9,6.7,Ducati Slide Control (DSC) Optimal Drift
DUCATI-GP-2355,44.5,39.2,3.2,5.7,Ducati Slide Control (DSC) Optimal Drift
DUCATI-GP-2356,61.1,65.6,1.0,10.4,Ducati Slide Control (DSC) Optimal Drift
DUCATI-GP-2357,30.5,45.9,5.4,3.6,Ducati Slide Control (DSC) Optimal Drift
DUCATI-GP-2358,19.3,31.5,2.2,2.1,Ducati Slide Control (DSC) Optimal Drift
DUCATI-GP-2359,30.3,20.1,3.3,2.6,Ducati Slide Control (DSC) Optimal Drift
DUCATI-GP-2360,15.0,63.0,2.6,3.6,Ducati Slide Control (DSC) Optimal Drift
DUCATI-GP-2361,31.4,20.0,1.5,2.0,Ducati Slide Control (DSC) Optimal Drift
DUCATI-GP-2362,36.5,24.0,3.1,2.7,Ducati Slide Control (DSC) Optimal Drift
DUCATI-GP-2363,33.2,85.9,0.9,7.6,Ducati Slide Control (DSC) Optimal Drift
DUCATI-GP-2364,55.8,34.5,1.5,4.4,Ducati Slide Control (DSC) Optimal Drift
DUCATI-GP-2365,44.4,39.9,1.7,4.3,Ducati Slide Control (DSC) Optimal Drift
DUCATI-GP-2366,17.0,66.2,1.0,5.0,Ducati Slide Control (DSC) Optimal Drift
DUCATI-GP-2367,37.1,92.9,2.5,8.9,Ducati Slide Control (DSC) Optimal Drift
DUCATI-GP-2368,42.8,74.3,4.2,7.6,Ducati Slide Control (DSC) Optimal Drift
DUCATI-GP-2369,41.1,99.4,2.9,10.4,Ducati Slide Control (DSC) Optimal Drift
DUCATI-GP-2370,59.8,22.7,4.8,2.0,Ducati Slide Control (DSC) Optimal Drift
DUCATI-GP-2371,37.5,74.0,1.8,6.2,Ducati Slide Control (DSC) Optimal Drift
DUCATI-GP-2372,32.9,64.1,2.9,8.0,Ducati Slide Control (DSC) Optimal Drift
DUCATI-GP-2373,34.6,90.2,4.8,7.3,Ducati Slide Control (DSC) Optimal Drift
DUCATI-GP-2374,40.6,72.4,-0.3,8.7,Ducati Slide Control (DSC) Optimal Drift
DUCATI-GP-2375,49.4,81.0,3.4,10.3,Ducati Slide Control (DSC) Optimal Drift
DUCATI-GP-2376,57.7,52.7,3.7,7.3,Ducati Slide Control (DSC) Optimal Drift
DUCATI-GP-2377,53.5,97.4,3.2,14.9,Ducati Slide Control (DSC) Optimal Drift
DUCATI-GP-2378,54.9,66.3,3.2,9.3,Ducati Slide Control (DSC) Optimal Drift
DUCATI-GP-2379,53.0,65.9,6.5,9.1,Ducati Slide Control (DSC) Optimal Drift
DUCATI-GP-2380,23.7,40.4,3.4,3.7,Ducati Slide Control (DSC) Optimal Drift
DUCATI-GP-2381,22.2,75.8,-1.0,3.8,Ducati Slide Control (DSC) Optimal Drift
DUCATI-GP-2382,20.8,75.5,1.2,3.9,Ducati Slide Control (DSC) Optimal Drift
DUCATI-GP-2383,31.0,31.0,4.8,4.1,Ducati Slide Control (DSC) Optimal Drift
DUCATI-GP-2384,60.8,62.0,6.1,10.2,Ducati Slide Control (DSC) Optimal Drift
DUCATI-GP-2385,35.6,69.1,3.8,8.2,Ducati Slide Control (DSC) Optimal Drift
DUCATI-GP-2386,17.1,48.8,5.1,3.4,Ducati Slide Control (DSC) Optimal Drift
DUCATI-GP-2387,28.1,92.2,6.3,7.3,Ducati Slide Control (DSC) Optimal Drift
DUCATI-GP-2388,26.1,67.5,2.1,4.8,Ducati Slide Control (DSC) Optimal Drift
DUCATI-GP-2389,25.0,80.2,2.8,4.8,Ducati Slide Control (DSC) Optimal Drift
DUCATI-GP-2390,19.6,42.6,6.4,2.6,Ducati Slide Control (DSC) Optimal Drift
DUCATI-GP-2391,23.6,89.9,-0.2,5.8,Ducati Slide Control (DSC) Optimal Drift
DUCATI-GP-2392,23.3,68.2,3.0,4.7,Ducati Slide Control (DSC) Optimal Drift
DUCATI-GP-2393,51.4,28.2,1.5,4.5,Ducati Slide Control (DSC) Optimal Drift
DUCATI-GP-2394,34.3,71.4,3.5,6.4,Ducati Slide Control (DSC) Optimal Drift
DUCATI-GP-2395,36.2,71.6,0.4,6.5,Ducati Slide Control (DSC) Optimal Drift
DUCATI-GP-2396,44.6,56.0,2.3,6.9,Ducati Slide Control (DSC) Optimal Drift
DUCATI-GP-2397,53.0,84.7,1.2,13.6,Ducati Slide Control (DSC) Optimal Drift
DUCATI-GP-2398,40.0,95.7,4.1,10.0,Ducati Slide Control (DSC) Optimal Drift
DUCATI-GP-2399,41.0,54.9,3.8,7.1,Ducati Slide Control (DSC) Optimal Drift
DUCATI-GP-2400,62.9,40.8,3.4,6.6,Ducati Slide Control (DSC) Optimal Drift
DUCATI-GP-2401,19.1,37.8,-1.0,2.0,Ducati Slide Control (DSC) Optimal Drift
DUCATI-GP-2402,30.4,88.8,5.0,5.7,Ducati Slide Control (DSC) Optimal Drift
DUCATI-GP-2403,63.1,73.3,2.4,12.0,Ducati Slide Control (DSC) Optimal Drift
DUCATI-GP-2404,40.4,58.2,3.9,5.2,Ducati Slide Control (DSC) Optimal Drift
DUCATI-GP-2405,36.3,97.6,2.1,11.4,Ducati Slide Control (DSC) Optimal Drift
DUCATI-GP-2406,61.0,69.7,2.2,13.0,Ducati Slide Control (DSC) Optimal Drift
DUCATI-GP-2407,56.4,38.9,3.4,4.2,Ducati Slide Control (DSC) Optimal Drift
DUCATI-GP-2408,32.5,20.2,1.8,2.6,Ducati Slide Control (DSC) Optimal Drift
DUCATI-GP-2409,59.3,90.4,2.8,14.7,Highside Risk / Instant Torque Cut
DUCATI-GP-2410,51.0,78.7,3.3,11.3,Ducati Slide Control (DSC) Optimal Drift
DUCATI-GP-2411,35.1,69.5,1.4,7.5,Ducati Slide Control (DSC) Optimal Drift
DUCATI-GP-2412,16.7,37.1,3.7,2.0,Ducati Slide Control (DSC) Optimal Drift
DUCATI-GP-2413,37.4,50.7,1.2,6.5,Ducati Slide Control (DSC) Optimal Drift
DUCATI-GP-2414,27.6,24.2,-0.5,3.0,Ducati Slide Control (DSC) Optimal Drift
DUCATI-GP-2415,56.3,68.5,2.4,11.4,Ducati Slide Control (DSC) Optimal Drift
DUCATI-GP-2416,50.5,29.8,1.8,3.1,Ducati Slide Control (DSC) Optimal Drift
DUCATI-GP-2417,28.8,53.4,2.4,3.0,Ducati Slide Control (DSC) Optimal Drift
DUCATI-GP-2418,51.3,38.8,5.4,5.2,Ducati Slide Control (DSC) Optimal Drift
DUCATI-GP-2419,43.8,72.5,2.6,9.9,Ducati Slide Control (DSC) Optimal Drift
DUCATI-GP-2420,15.9,27.4,2.1,2.0,Ducati Slide Control (DSC) Optimal Drift
DUCATI-GP-2421,60.5,49.9,2.6,9.7,Ducati Slide Control (DSC) Optimal Drift
DUCATI-GP-2422,52.3,58.3,0.7,10.0,Ducati Slide Control (DSC) Optimal Drift
DUCATI-GP-2423,50.2,92.2,1.4,12.9,Ducati Slide Control (DSC) Optimal Drift
DUCATI-GP-2424,17.2,28.6,4.3,2.0,Ducati Slide Control (DSC) Optimal Drift
DUCATI-GP-2425,27.8,84.5,-1.5,4.4,Ducati Slide Control (DSC) Optimal Drift
DUCATI-GP-2426,24.4,64.9,4.1,5.5,Ducati Slide Control (DSC) Optimal Drift
DUCATI-GP-2427,59.4,35.0,2.2,6.7,Ducati Slide Control (DSC) Optimal Drift
DUCATI-GP-2428,59.2,44.9,1.5,6.1,Ducati Slide Control (DSC) Optimal Drift
DUCATI-GP-2429,31.5,50.8,0.4,4.7,Ducati Slide Control (DSC) Optimal Drift
DUCATI-GP-2430,17.0,98.5,3.3,6.2,Ducati Slide Control (DSC) Optimal Drift
DUCATI-GP-2431,33.8,26.9,1.9,3.7,Ducati Slide Control (DSC) Optimal Drift
DUCATI-GP-2432,32.2,79.0,3.5,7.7,Ducati Slide Control (DSC) Optimal Drift
DUCATI-GP-2433,41.8,60.3,1.8,7.0,Ducati Slide Control (DSC) Optimal Drift
DUCATI-GP-2434,36.2,30.4,2.2,2.0,Ducati Slide Control (DSC) Optimal Drift
DUCATI-GP-2435,46.5,23.0,-0.0,2.0,Ducati Slide Control (DSC) Optimal Drift
DUCATI-GP-2436,18.9,44.0,1.9,5.0,Ducati Slide Control (DSC) Optimal Drift
DUCATI-GP-2437,21.9,52.2,4.3,2.0,Ducati Slide Control (DSC) Optimal Drift
DUCATI-GP-2438,54.0,92.6,1.8,13.3,Ducati Slide Control (DSC) Optimal Drift
DUCATI-GP-2439,19.6,68.1,2.7,4.7,Ducati Slide Control (DSC) Optimal Drift
DUCATI-GP-2440,57.7,87.5,6.0,13.3,Ducati Slide Control (DSC) Optimal Drift
DUCATI-GP-2441,50.5,99.4,0.8,12.4,Ducati Slide Control (DSC) Optimal Drift
DUCATI-GP-2442,44.4,53.5,1.8,7.0,Ducati Slide Control (DSC) Optimal Drift
DUCATI-GP-2443,52.2,53.8,3.2,8.2,Ducati Slide Control (DSC) Optimal Drift
DUCATI-GP-2444,28.7,23.6,2.5,2.0,Ducati Slide Control (DSC) Optimal Drift
DUCATI-GP-2445,37.2,20.7,1.0,2.7,Ducati Slide Control (DSC) Optimal Drift
DUCATI-GP-2446,48.6,63.8,0.5,7.1,Ducati Slide Control (DSC) Optimal Drift
DUCATI-GP-2447,61.7,33.4,4.6,6.4,Ducati Slide Control (DSC) Optimal Drift
DUCATI-GP-2448,62.0,82.2,2.4,13.6,Ducati Slide Control (DSC) Optimal Drift
DUCATI-GP-2449,33.1,70.8,3.0,6.3,Ducati Slide Control (DSC) Optimal Drift
DUCATI-GP-2450,17.0,38.0,4.2,2.0,Ducati Slide Control (DSC) Optimal Drift
DUCATI-GP-2451,34.1,56.3,3.7,5.0,Ducati Slide Control (DSC) Optimal Drift
DUCATI-GP-2452,27.0,91.1,0.5,4.6,Ducati Slide Control (DSC) Optimal Drift
DUCATI-GP-2453,38.8,28.5,3.7,5.5,Ducati Slide Control (DSC) Optimal Drift
DUCATI-GP-2454,55.9,40.4,4.6,7.0,Ducati Slide Control (DSC) Optimal Drift
DUCATI-GP-2455,56.7,77.4,-0.1,14.4,Highside Risk / Instant Torque Cut
DUCATI-GP-2456,19.8,82.0,2.5,5.3,Ducati Slide Control (DSC) Optimal Drift
DUCATI-GP-2457,44.2,71.6,3.4,8.5,Ducati Slide Control (DSC) Optimal Drift
DUCATI-GP-2458,58.9,77.4,0.4,12.7,Ducati Slide Control (DSC) Optimal Drift
DUCATI-GP-2459,43.1,39.1,1.2,5.4,Ducati Slide Control (DSC) Optimal Drift
DUCATI-GP-2460,36.9,70.4,4.3,6.3,Ducati Slide Control (DSC) Optimal Drift
DUCATI-GP-2461,38.9,83.4,2.2,9.5,Ducati Slide Control (DSC) Optimal Drift
DUCATI-GP-2462,32.2,24.5,2.0,2.0,Ducati Slide Control (DSC) Optimal Drift
DUCATI-GP-2463,22.5,22.3,4.3,2.0,Ducati Slide Control (DSC) Optimal Drift
DUCATI-GP-2464,44.1,97.5,1.6,12.9,Ducati Slide Control (DSC) Optimal Drift
DUCATI-GP-2465,29.9,59.6,2.9,5.4,Ducati Slide Control (DSC) Optimal Drift
DUCATI-GP-2466,62.0,98.3,0.4,16.9,Highside Risk / Instant Torque Cut
DUCATI-GP-2467,34.8,25.9,1.6,2.9,Ducati Slide Control (DSC) Optimal Drift
DUCATI-GP-2468,16.6,79.7,3.8,4.1,Ducati Slide Control (DSC) Optimal Drift
DUCATI-GP-2469,43.6,77.2,2.0,8.3,Ducati Slide Control (DSC) Optimal Drift
DUCATI-GP-2470,22.8,49.8,2.5,3.4,Ducati Slide Control (DSC) Optimal Drift
DUCATI-GP-2471,56.2,50.4,0.8,7.5,Ducati Slide Control (DSC) Optimal Drift
DUCATI-GP-2472,51.2,64.1,0.9,9.0,Ducati Slide Control (DSC) Optimal Drift
DUCATI-GP-2473,38.7,82.0,4.2,10.7,Ducati Slide Control (DSC) Optimal Drift
DUCATI-GP-2474,22.2,86.0,3.6,4.5,Ducati Slide Control (DSC) Optimal Drift
DUCATI-GP-2475,34.0,83.8,4.9,8.4,Ducati Slide Control (DSC) Optimal Drift
DUCATI-GP-2476,59.6,57.4,-0.9,9.8,Ducati Slide Control (DSC) Optimal Drift
DUCATI-GP-2477,40.3,76.2,3.6,6.9,Ducati Slide Control (DSC) Optimal Drift
DUCATI-GP-2478,24.1,55.4,0.4,2.1,Ducati Slide Control (DSC) Optimal Drift
DUCATI-GP-2479,59.0,40.5,2.1,6.9,Ducati Slide Control (DSC) Optimal Drift
DUCATI-GP-2480,38.0,27.7,1.8,2.3,Ducati Slide Control (DSC) Optimal Drift
DUCATI-GP-2481,52.8,22.0,-0.4,3.7,Ducati Slide Control (DSC) Optimal Drift
DUCATI-GP-2482,63.5,89.2,-0.7,16.8,Highside Risk / Instant Torque Cut
DUCATI-GP-2483,37.0,82.8,0.9,9.3,Ducati Slide Control (DSC) Optimal Drift
DUCATI-GP-2484,30.6,37.5,3.5,4.5,Ducati Slide Control (DSC) Optimal Drift
DUCATI-GP-2485,15.9,24.6,2.5,2.4,Ducati Slide Control (DSC) Optimal Drift
DUCATI-GP-2486,47.8,47.4,2.0,7.4,Ducati Slide Control (DSC) Optimal Drift
DUCATI-GP-2487,15.5,75.8,3.5,3.6,Ducati Slide Control (DSC) Optimal Drift
DUCATI-GP-2488,50.8,41.8,2.4,4.7,Ducati Slide Control (DSC) Optimal Drift
DUCATI-GP-2489,32.7,86.8,-0.3,9.1,Ducati Slide Control (DSC) Optimal Drift
DUCATI-GP-2490,51.7,66.8,2.0,10.7,Ducati Slide Control (DSC) Optimal Drift
DUCATI-GP-2491,21.1,60.8,0.9,2.8,Ducati Slide Control (DSC) Optimal Drift
DUCATI-GP-2492,49.9,67.9,2.7,8.3,Ducati Slide Control (DSC) Optimal Drift
DUCATI-GP-2493,37.1,69.5,1.9,4.6,Ducati Slide Control (DSC) Optimal Drift
DUCATI-GP-2494,54.5,23.7,3.0,2.0,Ducati Slide Control (DSC) Optimal Drift
DUCATI-GP-2495,61.9,23.8,4.0,4.8,Ducati Slide Control (DSC) Optimal Drift
DUCATI-GP-2496,45.0,83.7,0.8,7.6,Ducati Slide Control (DSC) Optimal Drift
DUCATI-GP-2497,49.7,36.8,3.4,3.8,Ducati Slide Control (DSC) Optimal Drift
DUCATI-GP-2498,60.2,62.0,0.1,8.5,Ducati Slide Control (DSC) Optimal Drift
DUCATI-GP-2499,57.9,25.7,0.5,5.4,Ducati Slide Control (DSC) Optimal Drift
DUCATI-GP-2500,41.6,75.2,2.0,10.1,Ducati Slide Control (DSC) Optimal Drift
DUCATI-GP-2501,52.9,88.2,4.0,13.0,Ducati Slide Control (DSC) Optimal Drift
DUCATI-GP-2502,18.9,56.2,2.7,3.3,Ducati Slide Control (DSC) Optimal Drift
DUCATI-GP-2503,23.8,88.7,6.3,5.1,Ducati Slide Control (DSC) Optimal Drift
DUCATI-GP-2504,22.8,38.0,3.7,2.1,Ducati Slide Control (DSC) Optimal Drift
DUCATI-GP-2505,19.9,93.5,0.7,5.0,Ducati Slide Control (DSC) Optimal Drift
DUCATI-GP-2506,55.5,41.9,0.5,7.1,Ducati Slide Control (DSC) Optimal Drift
DUCATI-GP-2507,31.0,44.1,1.5,5.2,Ducati Slide Control (DSC) Optimal Drift
DUCATI-GP-2508,32.4,24.0,1.5,2.0,Ducati Slide Control (DSC) Optimal Drift
DUCATI-GP-2509,38.7,49.2,-0.1,7.5,Ducati Slide Control (DSC) Optimal Drift
DUCATI-GP-2510,47.9,33.4,0.7,5.1,Ducati Slide Control (DSC) Optimal Drift
DUCATI-GP-2511,50.1,38.8,5.8,6.7,Ducati Slide Control (DSC) Optimal Drift
DUCATI-GP-2512,24.2,49.5,1.5,2.0,Ducati Slide Control (DSC) Optimal Drift
DUCATI-GP-2513,33.7,29.7,4.0,3.0,Ducati Slide Control (DSC) Optimal Drift
DUCATI-GP-2514,56.8,57.1,-0.5,8.0,Ducati Slide Control (DSC) Optimal Drift
DUCATI-GP-2515,41.6,78.2,1.7,9.4,Ducati Slide Control (DSC) Optimal Drift
DUCATI-GP-2516,50.8,20.0,2.6,2.9,Ducati Slide Control (DSC) Optimal Drift
DUCATI-GP-2517,49.4,77.3,4.6,9.8,Ducati Slide Control (DSC) Optimal Drift
DUCATI-GP-2518,33.1,98.3,3.0,7.8,Ducati Slide Control (DSC) Optimal Drift
DUCATI-GP-2519,28.3,21.9,4.8,2.0,Ducati Slide Control (DSC) Optimal Drift
DUCATI-GP-2520,63.1,84.8,-0.1,14.0,Highside Risk / Instant Torque Cut
DUCATI-GP-2521,25.4,27.6,2.2,2.0,Ducati Slide Control (DSC) Optimal Drift
DUCATI-GP-2522,58.6,93.9,0.8,14.8,Highside Risk / Instant Torque Cut
DUCATI-GP-2523,28.2,87.6,2.7,4.8,Ducati Slide Control (DSC) Optimal Drift
DUCATI-GP-2524,29.7,82.6,2.6,7.2,Ducati Slide Control (DSC) Optimal Drift
DUCATI-GP-2525,56.9,86.5,1.5,12.0,Ducati Slide Control (DSC) Optimal Drift
DUCATI-GP-2526,53.7,47.2,-0.6,7.6,Ducati Slide Control (DSC) Optimal Drift
DUCATI-GP-2527,53.3,85.6,2.5,13.1,Ducati Slide Control (DSC) Optimal Drift
DUCATI-GP-2528,62.5,86.8,1.3,14.7,Highside Risk / Instant Torque Cut
DUCATI-GP-2529,45.6,58.6,6.1,8.6,Ducati Slide Control (DSC) Optimal Drift
DUCATI-GP-2530,53.3,95.9,1.6,13.4,Ducati Slide Control (DSC) Optimal Drift
DUCATI-GP-2531,15.2,43.7,1.1,3.3,Ducati Slide Control (DSC) Optimal Drift
DUCATI-GP-2532,32.7,52.1,4.1,7.2,Ducati Slide Control (DSC) Optimal Drift
DUCATI-GP-2533,49.7,26.7,1.3,4.2,Ducati Slide Control (DSC) Optimal Drift
DUCATI-GP-2534,21.0,63.5,1.7,2.5,Ducati Slide Control (DSC) Optimal Drift
DUCATI-GP-2535,23.8,79.2,-1.7,4.2,Ducati Slide Control (DSC) Optimal Drift
DUCATI-GP-2536,31.3,37.0,2.3,3.1,Ducati Slide Control (DSC) Optimal Drift
DUCATI-GP-2537,56.2,24.7,2.2,4.4,Ducati Slide Control (DSC) Optimal Drift
DUCATI-GP-2538,32.6,68.6,3.8,3.8,Ducati Slide Control (DSC) Optimal Drift
DUCATI-GP-2539,42.7,75.1,2.5,7.4,Ducati Slide Control (DSC) Optimal Drift
DUCATI-GP-2540,15.3,71.9,1.3,2.0,Ducati Slide Control (DSC) Optimal Drift
DUCATI-GP-2541,58.7,21.0,-1.3,3.8,Ducati Slide Control (DSC) Optimal Drift
DUCATI-GP-2542,46.1,33.8,3.1,6.1,Ducati Slide Control (DSC) Optimal Drift
DUCATI-GP-2543,15.4,45.8,4.6,3.1,Ducati Slide Control (DSC) Optimal Drift
DUCATI-GP-2544,57.3,79.3,3.3,12.2,Ducati Slide Control (DSC) Optimal Drift
DUCATI-GP-2545,21.2,85.9,3.2,5.0,Ducati Slide Control (DSC) Optimal Drift
DUCATI-GP-2546,37.8,27.6,0.7,3.7,Ducati Slide Control (DSC) Optimal Drift
DUCATI-GP-2547,22.2,85.3,3.1,5.0,Ducati Slide Control (DSC) Optimal Drift
DUCATI-GP-2548,35.6,63.5,2.2,9.1,Ducati Slide Control (DSC) Optimal Drift
DUCATI-GP-2549,24.1,34.8,0.1,3.9,Ducati Slide Control (DSC) Optimal Drift
DUCATI-GP-2550,18.1,24.8,-0.0,2.0,Ducati Slide Control (DSC) Optimal Drift
DUCATI-GP-2551,34.4,94.9,2.2,9.0,Ducati Slide Control (DSC) Optimal Drift
DUCATI-GP-2552,37.1,24.3,0.2,2.0,Ducati Slide Control (DSC) Optimal Drift
DUCATI-GP-2553,39.7,63.5,1.6,7.6,Ducati Slide Control (DSC) Optimal Drift
DUCATI-GP-2554,51.1,32.6,1.4,2.8,Ducati Slide Control (DSC) Optimal Drift
DUCATI-GP-2555,58.8,92.6,2.9,14.3,Highside Risk / Instant Torque Cut
DUCATI-GP-2556,23.7,88.6,3.1,5.9,Ducati Slide Control (DSC) Optimal Drift
DUCATI-GP-2557,37.9,39.6,-1.6,4.7,Ducati Slide Control (DSC) Optimal Drift
DUCATI-GP-2558,58.6,98.7,2.2,16.0,Highside Risk / Instant Torque Cut
DUCATI-GP-2559,24.1,92.0,3.7,6.7,Ducati Slide Control (DSC) Optimal Drift
DUCATI-GP-2560,28.4,32.1,5.1,2.0,Ducati Slide Control (DSC) Optimal Drift
DUCATI-GP-2561,52.0,80.0,3.4,12.4,Ducati Slide Control (DSC) Optimal Drift
DUCATI-GP-2562,26.4,94.2,4.2,6.8,Ducati Slide Control (DSC) Optimal Drift
DUCATI-GP-2563,46.8,47.8,3.7,5.1,Ducati Slide Control (DSC) Optimal Drift
DUCATI-GP-2564,58.4,31.4,4.9,4.7,Ducati Slide Control (DSC) Optimal Drift
DUCATI-GP-2565,62.9,85.1,-0.7,17.8,Highside Risk / Instant Torque Cut
DUCATI-GP-2566,57.7,71.8,3.9,12.4,Ducati Slide Control (DSC) Optimal Drift
DUCATI-GP-2567,16.9,24.2,1.4,2.0,Ducati Slide Control (DSC) Optimal Drift
DUCATI-GP-2568,59.5,20.7,1.8,3.0,Ducati Slide Control (DSC) Optimal Drift
DUCATI-GP-2569,48.3,56.5,-2.4,8.5,Ducati Slide Control (DSC) Optimal Drift
DUCATI-GP-2570,18.9,69.4,4.8,3.9,Ducati Slide Control (DSC) Optimal Drift
DUCATI-GP-2571,58.0,43.6,4.1,6.3,Ducati Slide Control (DSC) Optimal Drift
DUCATI-GP-2572,33.4,61.0,-0.3,4.9,Ducati Slide Control (DSC) Optimal Drift
DUCATI-GP-2573,32.5,42.5,4.1,4.6,Ducati Slide Control (DSC) Optimal Drift
DUCATI-GP-2574,58.7,86.8,4.1,12.7,Ducati Slide Control (DSC) Optimal Drift
DUCATI-GP-2575,63.4,35.2,3.0,5.4,Ducati Slide Control (DSC) Optimal Drift
DUCATI-GP-2576,35.4,26.8,2.1,2.0,Ducati Slide Control (DSC) Optimal Drift
DUCATI-GP-2577,39.5,57.0,3.3,6.7,Ducati Slide Control (DSC) Optimal Drift
DUCATI-GP-2578,20.9,33.5,-0.1,3.6,Ducati Slide Control (DSC) Optimal Drift
DUCATI-GP-2579,44.7,63.9,3.3,6.4,Ducati Slide Control (DSC) Optimal Drift
DUCATI-GP-2580,31.7,94.6,1.9,10.0,Ducati Slide Control (DSC) Optimal Drift
DUCATI-GP-2581,62.3,94.4,-0.1,16.6,Highside Risk / Instant Torque Cut
DUCATI-GP-2582,62.8,97.5,-0.9,15.9,Highside Risk / Instant Torque Cut
DUCATI-GP-2583,47.0,55.5,0.5,5.3,Ducati Slide Control (DSC) Optimal Drift
DUCATI-GP-2584,36.3,98.7,3.7,11.1,Ducati Slide Control (DSC) Optimal Drift
DUCATI-GP-2585,60.6,89.5,0.6,14.4,Highside Risk / Instant Torque Cut
DUCATI-GP-2586,22.0,98.2,1.0,4.5,Ducati Slide Control (DSC) Optimal Drift
DUCATI-GP-2587,27.0,44.6,1.2,4.5,Ducati Slide Control (DSC) Optimal Drift
DUCATI-GP-2588,47.7,79.7,3.2,9.5,Ducati Slide Control (DSC) Optimal Drift
DUCATI-GP-2589,49.6,38.3,1.3,5.6,Ducati Slide Control (DSC) Optimal Drift
DUCATI-GP-2590,47.5,25.3,2.0,2.0,Ducati Slide Control (DSC) Optimal Drift
DUCATI-GP-2591,23.6,76.6,5.1,5.4,Ducati Slide Control (DSC) Optimal Drift
DUCATI-GP-2592,40.7,82.6,2.4,9.6,Ducati Slide Control (DSC) Optimal Drift
DUCATI-GP-2593,57.9,40.0,0.2,7.0,Ducati Slide Control (DSC) Optimal Drift
DUCATI-GP-2594,16.6,58.1,-0.2,2.0,Ducati Slide Control (DSC) Optimal Drift
DUCATI-GP-2595,22.5,31.5,2.4,2.9,Ducati Slide Control (DSC) Optimal Drift
DUCATI-GP-2596,24.1,95.3,1.5,6.9,Ducati Slide Control (DSC) Optimal Drift
DUCATI-GP-2597,30.9,29.7,0.7,2.7,Ducati Slide Control (DSC) Optimal Drift
DUCATI-GP-2598,22.0,69.1,4.1,5.9,Ducati Slide Control (DSC) Optimal Drift
DUCATI-GP-2599,53.6,35.2,1.0,5.6,Ducati Slide Control (DSC) Optimal Drift
DUCATI-GP-2600,39.4,46.2,-0.5,2.8,Ducati Slide Control (DSC) Optimal Drift
DUCATI-GP-2601,63.4,98.2,2.5,17.0,Highside Risk / Instant Torque Cut
DUCATI-GP-2602,42.3,32.1,1.4,4.1,Ducati Slide Control (DSC) Optimal Drift
DUCATI-GP-2603,51.8,36.5,0.8,3.1,Ducati Slide Control (DSC) Optimal Drift
DUCATI-GP-2604,18.9,33.4,3.2,2.5,Ducati Slide Control (DSC) Optimal Drift
DUCATI-GP-2605,58.4,21.2,-0.6,4.5,Ducati Slide Control (DSC) Optimal Drift
DUCATI-GP-2606,17.9,70.7,1.9,5.0,Ducati Slide Control (DSC) Optimal Drift
DUCATI-GP-2607,17.5,99.3,-0.3,6.2,Ducati Slide Control (DSC) Optimal Drift
DUCATI-GP-2608,19.9,68.1,0.4,3.4,Ducati Slide Control (DSC) Optimal Drift
DUCATI-GP-2609,16.7,97.5,-1.9,6.0,Ducati Slide Control (DSC) Optimal Drift
DUCATI-GP-2610,20.9,45.1,1.3,2.0,Ducati Slide Control (DSC) Optimal Drift
DUCATI-GP-2611,18.3,63.4,4.0,3.9,Ducati Slide Control (DSC) Optimal Drift
DUCATI-GP-2612,39.1,44.5,5.2,5.0,Ducati Slide Control (DSC) Optimal Drift
DUCATI-GP-2613,30.2,32.7,4.3,2.0,Ducati Slide Control (DSC) Optimal Drift
DUCATI-GP-2614,38.5,47.6,3.0,4.8,Ducati Slide Control (DSC) Optimal Drift
DUCATI-GP-2615,61.6,22.8,3.7,3.7,Ducati Slide Control (DSC) Optimal Drift
DUCATI-GP-2616,16.1,41.4,3.5,2.0,Ducati Slide Control (DSC) Optimal Drift
DUCATI-GP-2617,53.3,51.3,1.4,8.0,Ducati Slide Control (DSC) Optimal Drift
DUCATI-GP-2618,22.3,60.1,1.3,2.5,Ducati Slide Control (DSC) Optimal Drift
DUCATI-GP-2619,42.3,87.6,2.1,11.4,Ducati Slide Control (DSC) Optimal Drift
DUCATI-GP-2620,18.1,59.6,2.4,2.0,Ducati Slide Control (DSC) Optimal Drift
DUCATI-GP-2621,21.3,98.0,4.3,6.2,Ducati Slide Control (DSC) Optimal Drift
DUCATI-GP-2622,31.6,82.8,4.9,7.4,Ducati Slide Control (DSC) Optimal Drift
DUCATI-GP-2623,48.0,53.0,0.7,7.3,Ducati Slide Control (DSC) Optimal Drift
DUCATI-GP-2624,43.8,26.3,6.8,2.9,Ducati Slide Control (DSC) Optimal Drift
DUCATI-GP-2625,33.7,92.6,2.2,9.8,Ducati Slide Control (DSC) Optimal Drift
DUCATI-GP-2626,55.9,65.2,5.7,9.8,Ducati Slide Control (DSC) Optimal Drift
DUCATI-GP-2627,51.4,83.9,2.8,12.2,Ducati Slide Control (DSC) Optimal Drift
DUCATI-GP-2628,19.6,33.7,3.4,2.0,Ducati Slide Control (DSC) Optimal Drift
DUCATI-GP-2629,31.7,77.8,4.6,7.3,Ducati Slide Control (DSC) Optimal Drift
DUCATI-GP-2630,28.1,78.9,0.4,7.4,Ducati Slide Control (DSC) Optimal Drift
DUCATI-GP-2631,42.6,69.2,4.2,10.1,Ducati Slide Control (DSC) Optimal Drift
DUCATI-GP-2632,48.2,52.6,5.4,8.0,Ducati Slide Control (DSC) Optimal Drift
DUCATI-GP-2633,31.7,30.9,2.6,2.0,Ducati Slide Control (DSC) Optimal Drift
DUCATI-GP-2634,33.5,55.0,1.1,8.0,Ducati Slide Control (DSC) Optimal Drift
DUCATI-GP-2635,63.5,55.7,-1.7,10.9,Ducati Slide Control (DSC) Optimal Drift
DUCATI-GP-2636,40.6,86.7,2.1,12.4,Ducati Slide Control (DSC) Optimal Drift
DUCATI-GP-2637,37.9,90.7,2.5,8.4,Ducati Slide Control (DSC) Optimal Drift
DUCATI-GP-2638,40.0,75.0,3.6,9.0,Ducati Slide Control (DSC) Optimal Drift
DUCATI-GP-2639,21.7,41.8,4.0,2.5,Ducati Slide Control (DSC) Optimal Drift
DUCATI-GP-2640,59.3,37.3,0.6,4.5,Ducati Slide Control (DSC) Optimal Drift
DUCATI-GP-2641,51.1,53.8,3.3,6.4,Ducati Slide Control (DSC) Optimal Drift
DUCATI-GP-2642,28.6,81.4,2.8,5.8,Ducati Slide Control (DSC) Optimal Drift
DUCATI-GP-2643,24.8,21.4,5.6,2.0,Ducati Slide Control (DSC) Optimal Drift
DUCATI-GP-2644,47.7,35.1,1.1,4.5,Ducati Slide Control (DSC) Optimal Drift
DUCATI-GP-2645,63.8,59.3,2.8,8.7,Ducati Slide Control (DSC) Optimal Drift
DUCATI-GP-2646,39.0,69.8,1.0,6.2,Ducati Slide Control (DSC) Optimal Drift
DUCATI-GP-2647,57.0,26.7,1.6,4.0,Ducati Slide Control (DSC) Optimal Drift
DUCATI-GP-2648,17.3,87.7,3.1,3.2,Ducati Slide Control (DSC) Optimal Drift
DUCATI-GP-2649,33.6,22.1,1.6,3.1,Ducati Slide Control (DSC) Optimal Drift
DUCATI-GP-2650,49.7,85.4,2.5,10.8,Ducati Slide Control (DSC) Optimal Drift
DUCATI-GP-2651,35.0,51.1,-1.8,5.2,Ducati Slide Control (DSC) Optimal Drift
DUCATI-GP-2652,60.1,64.6,3.6,9.0,Ducati Slide Control (DSC) Optimal Drift
DUCATI-GP-2653,45.0,60.2,2.7,6.3,Ducati Slide Control (DSC) Optimal Drift
DUCATI-GP-2654,48.2,28.2,1.8,4.8,Ducati Slide Control (DSC) Optimal Drift
DUCATI-GP-2655,20.3,97.6,1.4,5.3,Ducati Slide Control (DSC) Optimal Drift
DUCATI-GP-2656,20.8,76.2,2.5,4.5,Ducati Slide Control (DSC) Optimal Drift
DUCATI-GP-2657,57.3,76.4,-0.2,11.0,Ducati Slide Control (DSC) Optimal Drift
DUCATI-GP-2658,28.9,23.0,3.2,2.0,Ducati Slide Control (DSC) Optimal Drift
DUCATI-GP-2659,53.2,86.1,2.3,13.2,Ducati Slide Control (DSC) Optimal Drift
DUCATI-GP-2660,24.5,45.6,0.7,2.1,Ducati Slide Control (DSC) Optimal Drift
DUCATI-GP-2661,38.2,21.3,3.4,4.1,Ducati Slide Control (DSC) Optimal Drift
DUCATI-GP-2662,39.8,97.8,1.2,7.9,Ducati Slide Control (DSC) Optimal Drift
DUCATI-GP-2663,49.2,72.4,0.7,10.3,Ducati Slide Control (DSC) Optimal Drift
DUCATI-GP-2664,54.5,53.3,3.6,9.9,Ducati Slide Control (DSC) Optimal Drift
DUCATI-GP-2665,37.9,89.0,-0.1,9.5,Ducati Slide Control (DSC) Optimal Drift
DUCATI-GP-2666,47.5,34.6,-0.4,3.6,Ducati Slide Control (DSC) Optimal Drift
DUCATI-GP-2667,57.9,95.8,0.9,16.2,Highside Risk / Instant Torque Cut
DUCATI-GP-2668,16.4,75.5,0.9,3.9,Ducati Slide Control (DSC) Optimal Drift
DUCATI-GP-2669,34.6,70.9,4.2,5.2,Ducati Slide Control (DSC) Optimal Drift
DUCATI-GP-2670,63.8,89.1,-0.7,14.7,Highside Risk / Instant Torque Cut
DUCATI-GP-2671,17.8,50.2,2.8,2.3,Ducati Slide Control (DSC) Optimal Drift
DUCATI-GP-2672,28.1,83.7,2.4,5.6,Ducati Slide Control (DSC) Optimal Drift
DUCATI-GP-2673,31.0,24.3,3.2,3.8,Ducati Slide Control (DSC) Optimal Drift
DUCATI-GP-2674,50.8,20.8,1.6,4.7,Ducati Slide Control (DSC) Optimal Drift
DUCATI-GP-2675,50.5,67.3,2.9,9.4,Ducati Slide Control (DSC) Optimal Drift
DUCATI-GP-2676,43.9,45.7,3.3,6.2,Ducati Slide Control (DSC) Optimal Drift
DUCATI-GP-2677,49.2,55.3,5.5,8.8,Ducati Slide Control (DSC) Optimal Drift
DUCATI-GP-2678,48.0,35.8,2.6,3.1,Ducati Slide Control (DSC) Optimal Drift
DUCATI-GP-2679,45.3,26.4,5.5,2.7,Ducati Slide Control (DSC) Optimal Drift
DUCATI-GP-2680,63.1,41.7,4.0,5.0,Ducati Slide Control (DSC) Optimal Drift
DUCATI-GP-2681,51.7,59.4,5.2,8.2,Ducati Slide Control (DSC) Optimal Drift
DUCATI-GP-2682,38.8,92.1,0.9,11.7,Ducati Slide Control (DSC) Optimal Drift
DUCATI-GP-2683,21.8,63.2,1.8,4.4,Ducati Slide Control (DSC) Optimal Drift
DUCATI-GP-2684,50.2,88.4,2.4,13.7,Ducati Slide Control (DSC) Optimal Drift
DUCATI-GP-2685,36.8,63.0,0.1,5.4,Ducati Slide Control (DSC) Optimal Drift
DUCATI-GP-2686,15.4,90.9,4.1,4.5,Ducati Slide Control (DSC) Optimal Drift
DUCATI-GP-2687,35.5,26.8,4.6,2.1,Ducati Slide Control (DSC) Optimal Drift
DUCATI-GP-2688,59.3,71.9,3.2,11.1,Ducati Slide Control (DSC) Optimal Drift
DUCATI-GP-2689,42.9,90.3,0.4,12.5,Ducati Slide Control (DSC) Optimal Drift
DUCATI-GP-2690,50.3,25.4,2.0,3.0,Ducati Slide Control (DSC) Optimal Drift
DUCATI-GP-2691,39.1,88.6,4.7,10.1,Ducati Slide Control (DSC) Optimal Drift
DUCATI-GP-2692,33.5,53.6,1.6,6.1,Ducati Slide Control (DSC) Optimal Drift
DUCATI-GP-2693,35.7,99.1,2.8,7.4,Ducati Slide Control (DSC) Optimal Drift
DUCATI-GP-2694,22.2,34.0,3.2,2.0,Ducati Slide Control (DSC) Optimal Drift
DUCATI-GP-2695,40.6,91.5,1.1,11.7,Ducati Slide Control (DSC) Optimal Drift
DUCATI-GP-2696,26.5,98.7,3.6,8.0,Ducati Slide Control (DSC) Optimal Drift
DUCATI-GP-2697,54.6,59.2,3.4,10.9,Ducati Slide Control (DSC) Optimal Drift
DUCATI-GP-2698,20.8,75.1,3.4,3.1,Ducati Slide Control (DSC) Optimal Drift
DUCATI-GP-2699,43.6,48.3,3.0,6.0,Ducati Slide Control (DSC) Optimal Drift
DUCATI-GP-2700,59.3,61.4,0.2,8.3,Ducati Slide Control (DSC) Optimal Drift
DUCATI-GP-2701,58.4,76.4,-0.2,12.6,Ducati Slide Control (DSC) Optimal Drift
DUCATI-GP-2702,42.6,79.3,3.7,6.2,Ducati Slide Control (DSC) Optimal Drift
DUCATI-GP-2703,31.3,83.0,0.5,7.0,Ducati Slide Control (DSC) Optimal Drift
DUCATI-GP-2704,31.7,22.1,4.5,2.4,Ducati Slide Control (DSC) Optimal Drift
DUCATI-GP-2705,62.6,21.3,4.8,2.1,Ducati Slide Control (DSC) Optimal Drift
DUCATI-GP-2706,25.1,70.1,4.9,2.9,Ducati Slide Control (DSC) Optimal Drift
DUCATI-GP-2707,18.7,64.7,1.1,3.5,Ducati Slide Control (DSC) Optimal Drift
DUCATI-GP-2708,15.7,31.5,2.4,2.0,Ducati Slide Control (DSC) Optimal Drift
DUCATI-GP-2709,36.6,25.0,0.3,2.0,Ducati Slide Control (DSC) Optimal Drift
DUCATI-GP-2710,62.4,26.5,8.4,4.0,Ducati Slide Control (DSC) Optimal Drift
DUCATI-GP-2711,40.7,81.2,2.9,7.5,Ducati Slide Control (DSC) Optimal Drift
DUCATI-GP-2712,56.1,25.1,1.4,3.1,Ducati Slide Control (DSC) Optimal Drift
DUCATI-GP-2713,47.4,92.8,5.0,12.2,Ducati Slide Control (DSC) Optimal Drift
DUCATI-GP-2714,32.2,62.5,5.6,5.4,Ducati Slide Control (DSC) Optimal Drift
DUCATI-GP-2715,15.1,24.0,2.8,2.0,Ducati Slide Control (DSC) Optimal Drift
DUCATI-GP-2716,51.6,50.8,4.6,8.2,Ducati Slide Control (DSC) Optimal Drift
DUCATI-GP-2717,29.0,73.4,1.8,5.6,Ducati Slide Control (DSC) Optimal Drift
DUCATI-GP-2718,40.8,35.5,0.3,3.6,Ducati Slide Control (DSC) Optimal Drift
DUCATI-GP-2719,28.3,97.2,1.7,7.4,Ducati Slide Control (DSC) Optimal Drift
DUCATI-GP-2720,20.5,21.2,3.7,2.0,Ducati Slide Control (DSC) Optimal Drift
DUCATI-GP-2721,38.1,92.2,4.2,9.9,Ducati Slide Control (DSC) Optimal Drift
DUCATI-GP-2722,49.0,40.1,2.7,4.4,Ducati Slide Control (DSC) Optimal Drift
DUCATI-GP-2723,25.2,65.1,-1.5,5.6,Ducati Slide Control (DSC) Optimal Drift
DUCATI-GP-2724,23.8,59.2,2.4,3.4,Ducati Slide Control (DSC) Optimal Drift
DUCATI-GP-2725,31.9,82.5,5.8,5.5,Ducati Slide Control (DSC) Optimal Drift
DUCATI-GP-2726,45.6,21.7,2.0,4.2,Ducati Slide Control (DSC) Optimal Drift
DUCATI-GP-2727,61.0,24.6,3.5,4.1,Ducati Slide Control (DSC) Optimal Drift
DUCATI-GP-2728,55.9,66.0,4.2,9.8,Ducati Slide Control (DSC) Optimal Drift
DUCATI-GP-2729,43.8,59.2,2.8,4.5,Ducati Slide Control (DSC) Optimal Drift
DUCATI-GP-2730,52.2,85.0,5.7,15.0,Ducati Slide Control (DSC) Optimal Drift
DUCATI-GP-2731,49.2,77.1,0.5,9.1,Ducati Slide Control (DSC) Optimal Drift
DUCATI-GP-2732,53.3,97.2,3.5,17.7,Ducati Slide Control (DSC) Optimal Drift
DUCATI-GP-2733,63.0,87.1,2.9,16.3,Highside Risk / Instant Torque Cut
DUCATI-GP-2734,27.1,20.7,3.7,2.0,Ducati Slide Control (DSC) Optimal Drift
DUCATI-GP-2735,22.6,88.4,0.8,4.5,Ducati Slide Control (DSC) Optimal Drift
DUCATI-GP-2736,18.2,93.7,4.0,4.0,Ducati Slide Control (DSC) Optimal Drift
DUCATI-GP-2737,60.5,78.6,5.3,14.4,Highside Risk / Instant Torque Cut
DUCATI-GP-2738,16.8,90.5,3.6,4.0,Ducati Slide Control (DSC) Optimal Drift
DUCATI-GP-2739,57.1,53.1,2.0,7.8,Ducati Slide Control (DSC) Optimal Drift
DUCATI-GP-2740,16.2,80.4,1.4,3.6,Ducati Slide Control (DSC) Optimal Drift
DUCATI-GP-2741,61.2,25.5,0.3,4.2,Ducati Slide Control (DSC) Optimal Drift
DUCATI-GP-2742,33.8,71.4,4.8,5.3,Ducati Slide Control (DSC) Optimal Drift
DUCATI-GP-2743,17.8,32.5,4.7,2.1,Ducati Slide Control (DSC) Optimal Drift
DUCATI-GP-2744,32.1,88.0,2.5,7.6,Ducati Slide Control (DSC) Optimal Drift
DUCATI-GP-2745,48.1,39.6,6.0,4.8,Ducati Slide Control (DSC) Optimal Drift
DUCATI-GP-2746,62.9,42.7,2.9,8.3,Ducati Slide Control (DSC) Optimal Drift
DUCATI-GP-2747,29.4,50.3,4.1,5.4,Ducati Slide Control (DSC) Optimal Drift
DUCATI-GP-2748,56.0,94.5,3.9,15.1,Highside Risk / Instant Torque Cut
DUCATI-GP-2749,47.2,80.2,4.5,8.8,Ducati Slide Control (DSC) Optimal Drift
DUCATI-GP-2750,27.1,38.5,3.1,4.7,Ducati Slide Control (DSC) Optimal Drift
DUCATI-GP-2751,35.9,69.6,4.7,8.6,Ducati Slide Control (DSC) Optimal Drift
DUCATI-GP-2752,41.0,42.6,1.2,4.5,Ducati Slide Control (DSC) Optimal Drift
DUCATI-GP-2753,34.9,64.0,0.5,5.7,Ducati Slide Control (DSC) Optimal Drift
DUCATI-GP-2754,24.2,30.5,2.4,2.0,Ducati Slide Control (DSC) Optimal Drift
DUCATI-GP-2755,48.9,55.0,1.8,9.3,Ducati Slide Control (DSC) Optimal Drift
DUCATI-GP-2756,40.5,29.1,2.5,2.0,Ducati Slide Control (DSC) Optimal Drift
DUCATI-GP-2757,36.5,79.2,2.8,7.2,Ducati Slide Control (DSC) Optimal Drift
DUCATI-GP-2758,29.0,24.4,5.1,4.0,Ducati Slide Control (DSC) Optimal Drift
DUCATI-GP-2759,31.1,53.5,1.5,2.8,Ducati Slide Control (DSC) Optimal Drift
DUCATI-GP-2760,51.6,97.0,-2.3,12.3,Ducati Slide Control (DSC) Optimal Drift
DUCATI-GP-2761,31.9,59.0,1.7,7.0,Ducati Slide Control (DSC) Optimal Drift
DUCATI-GP-2762,39.4,59.3,2.4,8.3,Ducati Slide Control (DSC) Optimal Drift
DUCATI-GP-2763,60.3,67.9,2.4,12.1,Ducati Slide Control (DSC) Optimal Drift
DUCATI-GP-2764,42.8,69.4,3.4,7.5,Ducati Slide Control (DSC) Optimal Drift
DUCATI-GP-2765,15.1,94.3,1.2,4.1,Ducati Slide Control (DSC) Optimal Drift
DUCATI-GP-2766,37.2,51.5,4.5,5.0,Ducati Slide Control (DSC) Optimal Drift
DUCATI-GP-2767,63.0,83.3,3.5,15.6,Highside Risk / Instant Torque Cut
DUCATI-GP-2768,25.2,89.1,2.6,10.6,Ducati Slide Control (DSC) Optimal Drift
DUCATI-GP-2769,45.9,87.4,2.4,11.1,Ducati Slide Control (DSC) Optimal Drift
DUCATI-GP-2770,32.9,44.5,2.2,3.7,Ducati Slide Control (DSC) Optimal Drift
DUCATI-GP-2771,15.3,32.0,3.5,2.7,Ducati Slide Control (DSC) Optimal Drift
DUCATI-GP-2772,55.9,26.1,2.2,3.3,Ducati Slide Control (DSC) Optimal Drift
DUCATI-GP-2773,29.7,44.9,2.9,4.6,Ducati Slide Control (DSC) Optimal Drift
DUCATI-GP-2774,57.6,37.3,1.7,6.8,Ducati Slide Control (DSC) Optimal Drift
DUCATI-GP-2775,30.3,98.5,-1.2,9.5,Ducati Slide Control (DSC) Optimal Drift
DUCATI-GP-2776,42.1,96.8,2.8,10.2,Ducati Slide Control (DSC) Optimal Drift
DUCATI-GP-2777,19.1,82.6,6.0,4.0,Ducati Slide Control (DSC) Optimal Drift
DUCATI-GP-2778,53.8,43.5,3.4,6.1,Ducati Slide Control (DSC) Optimal Drift
DUCATI-GP-2779,55.9,27.1,3.4,3.3,Ducati Slide Control (DSC) Optimal Drift
DUCATI-GP-2780,24.2,77.9,0.7,5.8,Ducati Slide Control (DSC) Optimal Drift
DUCATI-GP-2781,52.0,20.1,3.6,3.2,Ducati Slide Control (DSC) Optimal Drift
DUCATI-GP-2782,30.1,42.7,3.9,4.7,Ducati Slide Control (DSC) Optimal Drift
DUCATI-GP-2783,41.8,95.2,0.6,10.0,Ducati Slide Control (DSC) Optimal Drift
DUCATI-GP-2784,40.5,30.6,3.1,3.7,Ducati Slide Control (DSC) Optimal Drift
DUCATI-GP-2785,19.5,31.6,3.7,3.9,Ducati Slide Control (DSC) Optimal Drift
DUCATI-GP-2786,47.6,45.9,2.3,4.4,Ducati Slide Control (DSC) Optimal Drift
DUCATI-GP-2787,40.5,97.3,-1.6,9.6,Ducati Slide Control (DSC) Optimal Drift
DUCATI-GP-2788,36.6,53.4,1.4,7.5,Ducati Slide Control (DSC) Optimal Drift
DUCATI-GP-2789,22.2,25.8,3.7,2.0,Ducati Slide Control (DSC) Optimal Drift
DUCATI-GP-2790,58.6,62.4,1.2,10.2,Ducati Slide Control (DSC) Optimal Drift
DUCATI-GP-2791,57.9,94.5,3.0,13.9,Ducati Slide Control (DSC) Optimal Drift
DUCATI-GP-2792,61.6,62.4,3.8,10.4,Ducati Slide Control (DSC) Optimal Drift
DUCATI-GP-2793,60.4,62.2,2.9,11.1,Ducati Slide Control (DSC) Optimal Drift
DUCATI-GP-2794,54.8,73.0,2.1,12.2,Ducati Slide Control (DSC) Optimal Drift
DUCATI-GP-2795,35.4,23.3,0.5,2.4,Ducati Slide Control (DSC) Optimal Drift
DUCATI-GP-2796,62.1,94.1,4.1,15.5,Highside Risk / Instant Torque Cut
DUCATI-GP-2797,32.2,56.9,3.9,6.5,Ducati Slide Control (DSC) Optimal Drift
DUCATI-GP-2798,44.5,37.6,3.3,5.3,Ducati Slide Control (DSC) Optimal Drift
DUCATI-GP-2799,34.3,68.5,6.3,5.9,Ducati Slide Control (DSC) Optimal Drift
DUCATI-GP-2800,61.3,68.5,3.0,12.2,Ducati Slide Control (DSC) Optimal Drift
DUCATI-GP-2801,17.3,47.5,1.3,2.0,Ducati Slide Control (DSC) Optimal Drift
DUCATI-GP-2802,53.9,78.5,-0.2,13.1,Ducati Slide Control (DSC) Optimal Drift
DUCATI-GP-2803,41.0,54.6,3.0,7.4,Ducati Slide Control (DSC) Optimal Drift
DUCATI-GP-2804,20.4,48.7,3.4,2.0,Ducati Slide Control (DSC) Optimal Drift
DUCATI-GP-2805,60.4,61.0,4.3,10.5,Ducati Slide Control (DSC) Optimal Drift
DUCATI-GP-2806,59.2,68.3,2.6,13.3,Ducati Slide Control (DSC) Optimal Drift
DUCATI-GP-2807,15.6,89.2,4.2,5.5,Ducati Slide Control (DSC) Optimal Drift
DUCATI-GP-2808,50.0,73.9,2.2,10.2,Ducati Slide Control (DSC) Optimal Drift
DUCATI-GP-2809,58.1,27.5,0.7,5.5,Ducati Slide Control (DSC) Optimal Drift
DUCATI-GP-2810,20.2,32.8,3.4,2.0,Ducati Slide Control (DSC) Optimal Drift
DUCATI-GP-2811,44.9,59.6,3.5,7.4,Ducati Slide Control (DSC) Optimal Drift
DUCATI-GP-2812,55.2,98.2,1.7,17.3,Highside Risk / Instant Torque Cut
DUCATI-GP-2813,54.9,29.1,0.7,5.6,Ducati Slide Control (DSC) Optimal Drift
DUCATI-GP-2814,34.5,86.4,1.7,7.4,Ducati Slide Control (DSC) Optimal Drift
DUCATI-GP-2815,38.8,61.5,2.9,6.0,Ducati Slide Control (DSC) Optimal Drift
DUCATI-GP-2816,55.0,77.9,6.7,13.8,Ducati Slide Control (DSC) Optimal Drift
DUCATI-GP-2817,48.9,31.5,6.0,5.5,Ducati Slide Control (DSC) Optimal Drift
DUCATI-GP-2818,21.9,77.5,5.1,5.9,Ducati Slide Control (DSC) Optimal Drift
DUCATI-GP-2819,31.7,65.3,2.7,4.5,Ducati Slide Control (DSC) Optimal Drift
DUCATI-GP-2820,45.7,51.2,4.1,5.3,Ducati Slide Control (DSC) Optimal Drift
DUCATI-GP-2821,19.4,88.1,7.0,3.7,Ducati Slide Control (DSC) Optimal Drift
DUCATI-GP-2822,60.8,54.0,2.0,8.9,Ducati Slide Control (DSC) Optimal Drift
DUCATI-GP-2823,57.3,63.1,3.8,12.8,Ducati Slide Control (DSC) Optimal Drift
DUCATI-GP-2824,43.0,87.8,0.5,11.6,Ducati Slide Control (DSC) Optimal Drift
DUCATI-GP-2825,16.4,52.5,1.8,2.0,Ducati Slide Control (DSC) Optimal Drift
DUCATI-GP-2826,60.7,68.2,2.4,7.7,Ducati Slide Control (DSC) Optimal Drift
DUCATI-GP-2827,39.6,81.4,1.6,9.0,Ducati Slide Control (DSC) Optimal Drift
DUCATI-GP-2828,30.6,35.6,1.4,4.2,Ducati Slide Control (DSC) Optimal Drift
DUCATI-GP-2829,21.6,69.3,3.2,4.0,Ducati Slide Control (DSC) Optimal Drift
DUCATI-GP-2830,37.6,89.5,2.0,8.5,Ducati Slide Control (DSC) Optimal Drift
DUCATI-GP-2831,34.1,40.8,5.1,3.3,Ducati Slide Control (DSC) Optimal Drift
DUCATI-GP-2832,54.7,26.8,0.5,7.3,Ducati Slide Control (DSC) Optimal Drift
DUCATI-GP-2833,50.4,58.9,5.6,10.6,Ducati Slide Control (DSC) Optimal Drift
DUCATI-GP-2834,34.3,95.4,1.8,8.6,Ducati Slide Control (DSC) Optimal Drift
DUCATI-GP-2835,23.3,31.1,4.7,2.3,Ducati Slide Control (DSC) Optimal Drift
DUCATI-GP-2836,34.2,62.8,3.6,3.7,Ducati Slide Control (DSC) Optimal Drift
DUCATI-GP-2837,25.3,56.6,2.7,3.2,Ducati Slide Control (DSC) Optimal Drift
DUCATI-GP-2838,50.1,34.2,3.1,8.5,Ducati Slide Control (DSC) Optimal Drift
DUCATI-GP-2839,61.8,66.1,3.8,11.9,Ducati Slide Control (DSC) Optimal Drift
DUCATI-GP-2840,46.9,83.8,3.0,10.7,Ducati Slide Control (DSC) Optimal Drift
DUCATI-GP-2841,45.3,33.3,4.0,3.4,Ducati Slide Control (DSC) Optimal Drift
DUCATI-GP-2842,41.1,29.7,0.5,4.0,Ducati Slide Control (DSC) Optimal Drift
DUCATI-GP-2843,23.2,30.6,-0.7,2.0,Ducati Slide Control (DSC) Optimal Drift
DUCATI-GP-2844,25.4,44.8,3.2,2.3,Ducati Slide Control (DSC) Optimal Drift
DUCATI-GP-2845,55.0,95.8,2.0,13.9,Ducati Slide Control (DSC) Optimal Drift
DUCATI-GP-2846,28.6,23.2,2.8,2.0,Ducati Slide Control (DSC) Optimal Drift
DUCATI-GP-2847,43.1,64.7,2.7,8.8,Ducati Slide Control (DSC) Optimal Drift
DUCATI-GP-2848,50.1,80.3,4.6,11.4,Ducati Slide Control (DSC) Optimal Drift
DUCATI-GP-2849,55.9,94.8,3.9,15.9,Highside Risk / Instant Torque Cut
DUCATI-GP-2850,60.5,66.5,3.4,9.4,Ducati Slide Control (DSC) Optimal Drift
DUCATI-GP-2851,34.0,50.8,4.5,2.5,Ducati Slide Control (DSC) Optimal Drift
DUCATI-GP-2852,61.9,67.8,2.3,12.8,Ducati Slide Control (DSC) Optimal Drift
DUCATI-GP-2853,27.5,47.2,1.2,2.8,Ducati Slide Control (DSC) Optimal Drift
DUCATI-GP-2854,62.1,75.9,2.5,13.1,Ducati Slide Control (DSC) Optimal Drift
DUCATI-GP-2855,17.1,97.3,6.1,3.2,Ducati Slide Control (DSC) Optimal Drift
DUCATI-GP-2856,29.1,61.8,1.3,6.5,Ducati Slide Control (DSC) Optimal Drift
DUCATI-GP-2857,50.9,68.0,3.4,8.3,Ducati Slide Control (DSC) Optimal Drift
DUCATI-GP-2858,58.4,54.2,4.7,8.1,Ducati Slide Control (DSC) Optimal Drift
DUCATI-GP-2859,62.0,31.8,5.6,4.7,Ducati Slide Control (DSC) Optimal Drift
DUCATI-GP-2860,21.7,68.3,3.5,4.0,Ducati Slide Control (DSC) Optimal Drift
DUCATI-GP-2861,51.0,31.9,1.0,6.9,Ducati Slide Control (DSC) Optimal Drift
DUCATI-GP-2862,60.7,88.0,2.6,11.7,Ducati Slide Control (DSC) Optimal Drift
DUCATI-GP-2863,57.0,99.3,0.5,14.8,Highside Risk / Instant Torque Cut
DUCATI-GP-2864,46.9,41.7,6.2,3.8,Ducati Slide Control (DSC) Optimal Drift
DUCATI-GP-2865,19.3,31.3,1.9,4.4,Ducati Slide Control (DSC) Optimal Drift
DUCATI-GP-2866,53.6,83.7,2.4,12.9,Ducati Slide Control (DSC) Optimal Drift
DUCATI-GP-2867,30.1,93.6,2.8,7.0,Ducati Slide Control (DSC) Optimal Drift
DUCATI-GP-2868,30.3,91.8,0.3,9.0,Ducati Slide Control (DSC) Optimal Drift
DUCATI-GP-2869,50.0,72.3,3.6,9.7,Ducati Slide Control (DSC) Optimal Drift
DUCATI-GP-2870,30.3,37.2,3.9,2.4,Ducati Slide Control (DSC) Optimal Drift
DUCATI-GP-2871,21.5,68.6,2.5,5.8,Ducati Slide Control (DSC) Optimal Drift
DUCATI-GP-2872,36.3,53.2,-1.0,5.9,Ducati Slide Control (DSC) Optimal Drift
DUCATI-GP-2873,50.9,50.4,2.0,8.7,Ducati Slide Control (DSC) Optimal Drift
DUCATI-GP-2874,55.8,65.6,3.7,10.7,Ducati Slide Control (DSC) Optimal Drift
DUCATI-GP-2875,46.8,83.7,5.4,10.8,Ducati Slide Control (DSC) Optimal Drift
DUCATI-GP-2876,63.2,44.6,0.9,8.0,Ducati Slide Control (DSC) Optimal Drift
DUCATI-GP-2877,17.1,62.0,3.2,3.5,Ducati Slide Control (DSC) Optimal Drift
DUCATI-GP-2878,22.9,64.1,2.6,3.3,Ducati Slide Control (DSC) Optimal Drift
DUCATI-GP-2879,31.9,92.2,0.7,7.5,Ducati Slide Control (DSC) Optimal Drift
DUCATI-GP-2880,46.3,70.2,2.0,6.6,Ducati Slide Control (DSC) Optimal Drift
DUCATI-GP-2881,41.7,45.7,2.5,7.0,Ducati Slide Control (DSC) Optimal Drift
DUCATI-GP-2882,24.7,69.5,2.4,6.1,Ducati Slide Control (DSC) Optimal Drift
DUCATI-GP-2883,36.6,51.5,1.1,5.2,Ducati Slide Control (DSC) Optimal Drift
DUCATI-GP-2884,35.5,66.0,2.3,5.9,Ducati Slide Control (DSC) Optimal Drift
DUCATI-GP-2885,61.4,53.8,4.1,11.6,Ducati Slide Control (DSC) Optimal Drift
DUCATI-GP-2886,30.8,80.0,4.1,4.6,Ducati Slide Control (DSC) Optimal Drift
DUCATI-GP-2887,63.9,66.0,2.1,13.4,Ducati Slide Control (DSC) Optimal Drift
DUCATI-GP-2888,50.8,82.0,6.2,10.5,Ducati Slide Control (DSC) Optimal Drift
DUCATI-GP-2889,25.8,73.8,4.2,5.6,Ducati Slide Control (DSC) Optimal Drift
DUCATI-GP-2890,45.9,42.0,2.7,4.3,Ducati Slide Control (DSC) Optimal Drift
DUCATI-GP-2891,47.5,23.8,2.1,3.9,Ducati Slide Control (DSC) Optimal Drift
DUCATI-GP-2892,34.5,76.4,3.3,8.5,Ducati Slide Control (DSC) Optimal Drift
DUCATI-GP-2893,59.6,25.7,4.1,4.7,Ducati Slide Control (DSC) Optimal Drift
DUCATI-GP-2894,18.3,21.6,3.6,2.0,Ducati Slide Control (DSC) Optimal Drift
DUCATI-GP-2895,39.9,44.2,1.0,3.0,Ducati Slide Control (DSC) Optimal Drift
DUCATI-GP-2896,40.1,24.6,1.6,2.0,Ducati Slide Control (DSC) Optimal Drift
DUCATI-GP-2897,29.1,30.2,3.8,2.0,Ducati Slide Control (DSC) Optimal Drift
DUCATI-GP-2898,44.5,31.6,2.6,2.0,Ducati Slide Control (DSC) Optimal Drift
DUCATI-GP-2899,62.0,24.2,2.9,3.7,Ducati Slide Control (DSC) Optimal Drift
DUCATI-GP-2900,38.6,54.7,4.1,7.6,Ducati Slide Control (DSC) Optimal Drift
DUCATI-GP-2901,34.3,96.4,0.5,9.5,Ducati Slide Control (DSC) Optimal Drift
DUCATI-GP-2902,16.7,69.9,0.8,2.0,Ducati Slide Control (DSC) Optimal Drift
DUCATI-GP-2903,33.8,77.2,1.3,7.8,Ducati Slide Control (DSC) Optimal Drift
DUCATI-GP-2904,43.5,37.4,4.9,5.0,Ducati Slide Control (DSC) Optimal Drift
DUCATI-GP-2905,17.5,99.8,5.6,5.7,Ducati Slide Control (DSC) Optimal Drift
DUCATI-GP-2906,48.7,71.8,2.9,7.9,Ducati Slide Control (DSC) Optimal Drift
DUCATI-GP-2907,47.5,42.3,1.0,4.0,Ducati Slide Control (DSC) Optimal Drift
DUCATI-GP-2908,52.3,39.4,3.7,5.3,Ducati Slide Control (DSC) Optimal Drift
DUCATI-GP-2909,62.8,77.4,2.2,12.4,Ducati Slide Control (DSC) Optimal Drift
DUCATI-GP-2910,57.9,80.2,3.0,16.1,Highside Risk / Instant Torque Cut
DUCATI-GP-2911,35.1,99.3,4.8,10.5,Ducati Slide Control (DSC) Optimal Drift
DUCATI-GP-2912,63.4,84.6,2.8,16.3,Highside Risk / Instant Torque Cut
DUCATI-GP-2913,16.4,66.9,2.5,2.0,Ducati Slide Control (DSC) Optimal Drift
DUCATI-GP-2914,19.8,70.8,2.8,3.3,Ducati Slide Control (DSC) Optimal Drift
DUCATI-GP-2915,26.4,84.4,0.5,6.4,Ducati Slide Control (DSC) Optimal Drift
DUCATI-GP-2916,50.7,79.6,1.6,11.9,Ducati Slide Control (DSC) Optimal Drift
DUCATI-GP-2917,42.3,73.7,2.7,10.2,Ducati Slide Control (DSC) Optimal Drift
DUCATI-GP-2918,43.8,40.0,-1.5,6.9,Ducati Slide Control (DSC) Optimal Drift
DUCATI-GP-2919,62.8,26.1,-1.5,4.8,Ducati Slide Control (DSC) Optimal Drift
DUCATI-GP-2920,24.9,63.0,0.2,3.5,Ducati Slide Control (DSC) Optimal Drift
DUCATI-GP-2921,53.9,88.7,-0.8,13.3,Ducati Slide Control (DSC) Optimal Drift
DUCATI-GP-2922,26.3,58.9,3.6,2.6,Ducati Slide Control (DSC) Optimal Drift
DUCATI-GP-2923,55.2,50.7,4.0,8.0,Ducati Slide Control (DSC) Optimal Drift
DUCATI-GP-2924,36.0,29.3,3.5,2.2,Ducati Slide Control (DSC) Optimal Drift
DUCATI-GP-2925,54.0,73.7,0.3,12.3,Ducati Slide Control (DSC) Optimal Drift
DUCATI-GP-2926,55.8,25.8,1.8,2.3,Ducati Slide Control (DSC) Optimal Drift
DUCATI-GP-2927,34.9,70.9,-0.5,6.3,Ducati Slide Control (DSC) Optimal Drift
DUCATI-GP-2928,25.8,55.1,3.5,5.2,Ducati Slide Control (DSC) Optimal Drift
DUCATI-GP-2929,25.3,39.9,4.6,2.6,Ducati Slide Control (DSC) Optimal Drift
DUCATI-GP-2930,57.2,54.0,3.7,8.0,Ducati Slide Control (DSC) Optimal Drift
DUCATI-GP-2931,56.7,54.5,0.9,8.1,Ducati Slide Control (DSC) Optimal Drift
DUCATI-GP-2932,53.6,68.8,2.3,10.8,Ducati Slide Control (DSC) Optimal Drift
DUCATI-GP-2933,59.2,60.0,1.5,10.4,Ducati Slide Control (DSC) Optimal Drift
DUCATI-GP-2934,46.7,26.2,3.8,4.1,Ducati Slide Control (DSC) Optimal Drift
DUCATI-GP-2935,26.5,60.7,2.7,4.5,Ducati Slide Control (DSC) Optimal Drift
DUCATI-GP-2936,27.5,35.9,5.4,4.4,Ducati Slide Control (DSC) Optimal Drift
DUCATI-GP-2937,62.1,33.7,2.0,4.0,Ducati Slide Control (DSC) Optimal Drift
DUCATI-GP-2938,36.0,69.8,0.5,6.8,Ducati Slide Control (DSC) Optimal Drift
DUCATI-GP-2939,43.3,86.3,0.8,9.6,Ducati Slide Control (DSC) Optimal Drift
DUCATI-GP-2940,53.4,58.4,3.9,10.4,Ducati Slide Control (DSC) Optimal Drift
DUCATI-GP-2941,40.1,64.1,4.5,8.4,Ducati Slide Control (DSC) Optimal Drift
DUCATI-GP-2942,38.3,25.2,3.1,3.1,Ducati Slide Control (DSC) Optimal Drift
DUCATI-GP-2943,29.2,88.1,2.2,5.0,Ducati Slide Control (DSC) Optimal Drift
DUCATI-GP-2944,20.5,20.2,0.3,2.0,Ducati Slide Control (DSC) Optimal Drift
DUCATI-GP-2945,31.8,62.8,4.2,7.9,Ducati Slide Control (DSC) Optimal Drift
DUCATI-GP-2946,35.4,66.4,2.2,7.8,Ducati Slide Control (DSC) Optimal Drift
DUCATI-GP-2947,60.7,89.7,6.7,15.5,Highside Risk / Instant Torque Cut
DUCATI-GP-2948,29.7,40.7,0.9,2.0,Ducati Slide Control (DSC) Optimal Drift
DUCATI-GP-2949,16.9,92.7,-0.9,3.8,Ducati Slide Control (DSC) Optimal Drift
DUCATI-GP-2950,53.1,88.0,3.4,13.1,Ducati Slide Control (DSC) Optimal Drift
DUCATI-GP-2951,61.6,84.4,2.6,12.0,Ducati Slide Control (DSC) Optimal Drift
DUCATI-GP-2952,54.1,93.6,3.1,11.9,Ducati Slide Control (DSC) Optimal Drift
DUCATI-GP-2953,16.9,32.5,2.7,2.0,Ducati Slide Control (DSC) Optimal Drift
DUCATI-GP-2954,20.0,42.1,4.2,2.0,Ducati Slide Control (DSC) Optimal Drift
DUCATI-GP-2955,60.5,55.0,3.6,10.4,Ducati Slide Control (DSC) Optimal Drift
DUCATI-GP-2956,36.9,46.7,3.6,2.9,Ducati Slide Control (DSC) Optimal Drift
DUCATI-GP-2957,61.0,25.7,-0.3,4.6,Ducati Slide Control (DSC) Optimal Drift
DUCATI-GP-2958,47.1,95.1,3.2,13.3,Ducati Slide Control (DSC) Optimal Drift
DUCATI-GP-2959,59.2,82.5,3.8,12.7,Ducati Slide Control (DSC) Optimal Drift
DUCATI-GP-2960,42.4,87.4,1.4,10.9,Ducati Slide Control (DSC) Optimal Drift
DUCATI-GP-2961,44.7,65.9,4.6,9.1,Ducati Slide Control (DSC) Optimal Drift
DUCATI-GP-2962,35.5,46.2,0.3,6.7,Ducati Slide Control (DSC) Optimal Drift
DUCATI-GP-2963,26.8,59.4,7.1,6.5,Ducati Slide Control (DSC) Optimal Drift
DUCATI-GP-2964,53.1,44.4,-1.9,5.9,Ducati Slide Control (DSC) Optimal Drift
DUCATI-GP-2965,32.7,22.9,-2.0,3.1,Ducati Slide Control (DSC) Optimal Drift
DUCATI-GP-2966,59.1,80.9,2.3,14.6,Highside Risk / Instant Torque Cut
DUCATI-GP-2967,16.5,32.8,3.2,2.6,Ducati Slide Control (DSC) Optimal Drift
DUCATI-GP-2968,62.6,59.6,4.2,12.0,Ducati Slide Control (DSC) Optimal Drift
DUCATI-GP-2969,49.0,27.2,0.3,4.1,Ducati Slide Control (DSC) Optimal Drift
DUCATI-GP-2970,62.5,23.0,-0.1,3.2,Ducati Slide Control (DSC) Optimal Drift
DUCATI-GP-2971,49.8,52.7,0.6,5.7,Ducati Slide Control (DSC) Optimal Drift
DUCATI-GP-2972,55.5,72.2,2.9,12.1,Ducati Slide Control (DSC) Optimal Drift
DUCATI-GP-2973,18.1,83.1,0.7,3.5,Ducati Slide Control (DSC) Optimal Drift
DUCATI-GP-2974,38.1,41.9,3.7,3.9,Ducati Slide Control (DSC) Optimal Drift
DUCATI-GP-2975,39.6,34.2,1.4,5.6,Ducati Slide Control (DSC) Optimal Drift
DUCATI-GP-2976,40.1,88.7,-0.6,10.7,Ducati Slide Control (DSC) Optimal Drift
DUCATI-GP-2977,42.9,38.0,2.8,4.5,Ducati Slide Control (DSC) Optimal Drift
DUCATI-GP-2978,61.9,84.7,1.2,15.8,Highside Risk / Instant Torque Cut
DUCATI-GP-2979,34.4,40.5,5.5,2.9,Ducati Slide Control (DSC) Optimal Drift
DUCATI-GP-2980,42.4,20.9,1.0,3.2,Ducati Slide Control (DSC) Optimal Drift
DUCATI-GP-2981,21.4,58.3,0.5,4.6,Ducati Slide Control (DSC) Optimal Drift
DUCATI-GP-2982,55.6,64.7,3.8,9.9,Ducati Slide Control (DSC) Optimal Drift
DUCATI-GP-2983,20.8,87.4,3.7,5.3,Ducati Slide Control (DSC) Optimal Drift
DUCATI-GP-2984,42.4,34.2,5.2,4.2,Ducati Slide Control (DSC) Optimal Drift
DUCATI-GP-2985,19.1,48.4,-0.4,2.0,Ducati Slide Control (DSC) Optimal Drift
DUCATI-GP-2986,26.3,88.0,1.0,6.8,Ducati Slide Control (DSC) Optimal Drift
DUCATI-GP-2987,37.6,31.0,2.4,3.3,Ducati Slide Control (DSC) Optimal Drift
DUCATI-GP-2988,43.5,42.9,0.8,6.1,Ducati Slide Control (DSC) Optimal Drift
DUCATI-GP-2989,56.5,35.2,2.3,5.4,Ducati Slide Control (DSC) Optimal Drift
DUCATI-GP-2990,16.3,59.1,3.7,2.8,Ducati Slide Control (DSC) Optimal Drift
DUCATI-GP-2991,15.2,77.3,4.3,4.5,Ducati Slide Control (DSC) Optimal Drift
DUCATI-GP-2992,62.3,60.5,0.5,10.4,Ducati Slide Control (DSC) Optimal Drift
DUCATI-GP-2993,56.9,43.8,0.8,7.3,Ducati Slide Control (DSC) Optimal Drift
DUCATI-GP-2994,22.4,21.4,0.8,2.0,Ducati Slide Control (DSC) Optimal Drift
DUCATI-GP-2995,17.5,38.4,1.9,2.2,Ducati Slide Control (DSC) Optimal Drift
DUCATI-GP-2996,16.6,79.9,2.8,2.8,Ducati Slide Control (DSC) Optimal Drift
DUCATI-GP-2997,32.6,91.3,-2.4,9.9,Ducati Slide Control (DSC) Optimal Drift
DUCATI-GP-2998,27.3,94.4,0.8,8.2,Ducati Slide Control (DSC) Optimal Drift
DUCATI-GP-2999,19.5,85.4,-1.2,4.7,Ducati Slide Control (DSC) Optimal Drift
DUCATI-GP-3000,21.4,50.4,2.8,2.0,Ducati Slide Control (DSC) Optimal Drift
DUCATI-GP-3001,26.5,28.4,1.5,2.0,Ducati Slide Control (DSC) Optimal Drift
DUCATI-GP-3002,63.8,37.6,0.3,6.8,Ducati Slide Control (DSC) Optimal Drift
DUCATI-GP-3003,51.4,67.5,1.5,9.1,Ducati Slide Control (DSC) Optimal Drift
DUCATI-GP-3004,52.4,92.0,3.4,13.2,Ducati Slide Control (DSC) Optimal Drift
DUCATI-GP-3005,23.0,87.6,0.8,5.3,Ducati Slide Control (DSC) Optimal Drift
DUCATI-GP-3006,43.1,37.6,-0.7,3.9,Ducati Slide Control (DSC) Optimal Drift
DUCATI-GP-3007,45.0,57.3,3.3,7.5,Ducati Slide Control (DSC) Optimal Drift
DUCATI-GP-3008,25.5,52.3,2.9,3.2,Ducati Slide Control (DSC) Optimal Drift
DUCATI-GP-3009,62.8,78.2,3.6,12.3,Ducati Slide Control (DSC) Optimal Drift
DUCATI-GP-3010,53.6,24.0,3.9,2.9,Ducati Slide Control (DSC) Optimal Drift
DUCATI-GP-3011,18.8,56.8,1.6,3.3,Ducati Slide Control (DSC) Optimal Drift
DUCATI-GP-3012,26.1,54.8,2.3,3.2,Ducati Slide Control (DSC) Optimal Drift
DUCATI-GP-3013,20.9,28.4,0.7,2.0,Ducati Slide Control (DSC) Optimal Drift
DUCATI-GP-3014,44.0,84.6,1.1,11.6,Ducati Slide Control (DSC) Optimal Drift
DUCATI-GP-3015,19.7,30.7,3.6,2.2,Ducati Slide Control (DSC) Optimal Drift
DUCATI-GP-3016,15.3,54.8,1.0,2.9,Ducati Slide Control (DSC) Optimal Drift
DUCATI-GP-3017,61.8,81.1,1.7,14.0,Ducati Slide Control (DSC) Optimal Drift
DUCATI-GP-3018,54.0,87.1,4.8,14.8,Ducati Slide Control (DSC) Optimal Drift
DUCATI-GP-3019,38.4,66.8,-0.8,8.7,Ducati Slide Control (DSC) Optimal Drift
DUCATI-GP-3020,51.7,64.7,2.6,10.3,Ducati Slide Control (DSC) Optimal Drift
DUCATI-GP-3021,46.2,35.1,1.7,2.2,Ducati Slide Control (DSC) Optimal Drift
DUCATI-GP-3022,36.0,64.7,2.8,6.7,Ducati Slide Control (DSC) Optimal Drift
DUCATI-GP-3023,36.3,60.5,3.9,6.9,Ducati Slide Control (DSC) Optimal Drift
DUCATI-GP-3024,55.3,45.7,1.0,6.3,Ducati Slide Control (DSC) Optimal Drift
DUCATI-GP-3025,23.7,76.5,4.3,3.6,Ducati Slide Control (DSC) Optimal Drift
DUCATI-GP-3026,46.0,94.9,5.7,9.8,Ducati Slide Control (DSC) Optimal Drift
DUCATI-GP-3027,36.4,25.0,-0.8,2.0,Ducati Slide Control (DSC) Optimal Drift
DUCATI-GP-3028,16.9,34.2,3.0,2.0,Ducati Slide Control (DSC) Optimal Drift
DUCATI-GP-3029,60.7,47.8,1.7,11.3,Ducati Slide Control (DSC) Optimal Drift
DUCATI-GP-3030,52.3,43.6,0.8,5.2,Ducati Slide Control (DSC) Optimal Drift
DUCATI-GP-3031,32.4,35.7,0.8,2.0,Ducati Slide Control (DSC) Optimal Drift
DUCATI-GP-3032,25.8,31.9,1.0,2.7,Ducati Slide Control (DSC) Optimal Drift
DUCATI-GP-3033,64.0,77.7,0.4,13.6,Ducati Slide Control (DSC) Optimal Drift
DUCATI-GP-3034,58.4,78.9,1.4,11.5,Ducati Slide Control (DSC) Optimal Drift
DUCATI-GP-3035,20.9,74.7,4.2,5.8,Ducati Slide Control (DSC) Optimal Drift
DUCATI-GP-3036,22.5,36.3,3.7,2.6,Ducati Slide Control (DSC) Optimal Drift
DUCATI-GP-3037,32.9,34.1,1.3,4.5,Ducati Slide Control (DSC) Optimal Drift
DUCATI-GP-3038,36.4,50.0,3.2,7.1,Ducati Slide Control (DSC) Optimal Drift
DUCATI-GP-3039,17.1,96.6,2.4,6.4,Ducati Slide Control (DSC) Optimal Drift
DUCATI-GP-3040,41.8,99.2,1.9,13.1,Ducati Slide Control (DSC) Optimal Drift
DUCATI-GP-3041,22.9,44.0,2.1,2.7,Ducati Slide Control (DSC) Optimal Drift
DUCATI-GP-3042,44.6,82.3,-0.6,8.5,Ducati Slide Control (DSC) Optimal Drift
DUCATI-GP-3043,25.7,83.3,2.4,7.3,Ducati Slide Control (DSC) Optimal Drift
DUCATI-GP-3044,63.0,51.4,2.7,9.6,Ducati Slide Control (DSC) Optimal Drift
DUCATI-GP-3045,46.7,60.9,2.1,8.7,Ducati Slide Control (DSC) Optimal Drift
DUCATI-GP-3046,19.3,20.2,2.4,2.0,Ducati Slide Control (DSC) Optimal Drift
DUCATI-GP-3047,52.4,94.8,2.2,12.5,Ducati Slide Control (DSC) Optimal Drift
DUCATI-GP-3048,45.9,97.3,1.5,12.7,Ducati Slide Control (DSC) Optimal Drift
DUCATI-GP-3049,34.9,50.3,1.5,3.5,Ducati Slide Control (DSC) Optimal Drift
DUCATI-GP-3050,32.0,79.1,7.7,6.0,Ducati Slide Control (DSC) Optimal Drift
DUCATI-GP-3051,61.2,91.3,3.1,17.3,Highside Risk / Instant Torque Cut
DUCATI-GP-3052,52.7,74.4,4.4,9.4,Ducati Slide Control (DSC) Optimal Drift
DUCATI-GP-3053,16.9,46.4,-0.4,3.0,Ducati Slide Control (DSC) Optimal Drift
DUCATI-GP-3054,56.3,52.3,2.8,7.0,Ducati Slide Control (DSC) Optimal Drift
DUCATI-GP-3055,58.5,49.7,2.9,7.7,Ducati Slide Control (DSC) Optimal Drift
DUCATI-GP-3056,41.5,57.7,1.7,7.1,Ducati Slide Control (DSC) Optimal Drift
DUCATI-GP-3057,45.2,38.9,3.6,4.4,Ducati Slide Control (DSC) Optimal Drift
DUCATI-GP-3058,47.2,31.5,2.6,2.6,Ducati Slide Control (DSC) Optimal Drift
DUCATI-GP-3059,34.4,95.6,2.3,10.0,Ducati Slide Control (DSC) Optimal Drift
DUCATI-GP-3060,17.8,32.2,3.9,2.0,Ducati Slide Control (DSC) Optimal Drift
DUCATI-GP-3061,20.7,85.1,2.3,6.8,Ducati Slide Control (DSC) Optimal Drift
DUCATI-GP-3062,25.6,46.3,2.2,4.0,Ducati Slide Control (DSC) Optimal Drift
DUCATI-GP-3063,15.1,93.2,4.1,4.4,Ducati Slide Control (DSC) Optimal Drift
DUCATI-GP-3064,23.0,93.9,4.5,4.5,Ducati Slide Control (DSC) Optimal Drift
DUCATI-GP-3065,34.1,37.5,6.9,3.5,Ducati Slide Control (DSC) Optimal Drift
DUCATI-GP-3066,42.3,70.6,1.7,8.3,Ducati Slide Control (DSC) Optimal Drift
DUCATI-GP-3067,57.2,51.3,1.9,6.9,Ducati Slide Control (DSC) Optimal Drift
DUCATI-GP-3068,44.1,97.4,3.6,12.6,Ducati Slide Control (DSC) Optimal Drift
DUCATI-GP-3069,30.9,33.6,0.5,2.0,Ducati Slide Control (DSC) Optimal Drift
DUCATI-GP-3070,21.4,37.9,1.9,2.0,Ducati Slide Control (DSC) Optimal Drift
DUCATI-GP-3071,63.0,28.3,1.2,3.2,Ducati Slide Control (DSC) Optimal Drift
DUCATI-GP-3072,53.6,21.3,2.2,4.9,Ducati Slide Control (DSC) Optimal Drift
DUCATI-GP-3073,21.1,48.8,1.8,2.7,Ducati Slide Control (DSC) Optimal Drift
DUCATI-GP-3074,25.8,70.1,2.7,3.2,Ducati Slide Control (DSC) Optimal Drift
DUCATI-GP-3075,37.1,77.1,2.6,7.2,Ducati Slide Control (DSC) Optimal Drift
DUCATI-GP-3076,62.3,99.7,0.9,16.6,Highside Risk / Instant Torque Cut
DUCATI-GP-3077,48.1,72.2,1.6,11.1,Ducati Slide Control (DSC) Optimal Drift
DUCATI-GP-3078,46.1,59.4,2.0,8.5,Ducati Slide Control (DSC) Optimal Drift
DUCATI-GP-3079,28.3,54.0,4.6,4.4,Ducati Slide Control (DSC) Optimal Drift
DUCATI-GP-3080,60.5,30.9,-0.4,5.0,Ducati Slide Control (DSC) Optimal Drift
DUCATI-GP-3081,58.1,29.8,1.3,3.9,Ducati Slide Control (DSC) Optimal Drift
DUCATI-GP-3082,54.2,55.7,3.1,9.2,Ducati Slide Control (DSC) Optimal Drift
DUCATI-GP-3083,42.5,87.7,1.8,9.3,Ducati Slide Control (DSC) Optimal Drift
DUCATI-GP-3084,39.5,92.6,2.3,9.2,Ducati Slide Control (DSC) Optimal Drift
DUCATI-GP-3085,60.9,72.9,1.1,12.9,Ducati Slide Control (DSC) Optimal Drift
DUCATI-GP-3086,33.2,76.2,1.3,6.3,Ducati Slide Control (DSC) Optimal Drift
DUCATI-GP-3087,18.8,64.3,-1.1,2.0,Ducati Slide Control (DSC) Optimal Drift
DUCATI-GP-3088,47.2,71.5,0.2,9.0,Ducati Slide Control (DSC) Optimal Drift
DUCATI-GP-3089,28.4,45.2,4.0,4.5,Ducati Slide Control (DSC) Optimal Drift
DUCATI-GP-3090,58.3,37.9,2.5,5.8,Ducati Slide Control (DSC) Optimal Drift
DUCATI-GP-3091,26.7,81.3,2.8,5.6,Ducati Slide Control (DSC) Optimal Drift
DUCATI-GP-3092,46.7,43.9,1.8,6.1,Ducati Slide Control (DSC) Optimal Drift
DUCATI-GP-3093,58.1,20.1,3.9,2.0,Ducati Slide Control (DSC) Optimal Drift
DUCATI-GP-3094,50.4,92.4,5.1,13.4,Ducati Slide Control (DSC) Optimal Drift
DUCATI-GP-3095,58.2,74.4,3.5,12.8,Ducati Slide Control (DSC) Optimal Drift
DUCATI-GP-3096,62.8,84.7,6.5,15.9,Highside Risk / Instant Torque Cut
DUCATI-GP-3097,52.1,99.3,5.2,14.6,Ducati Slide Control (DSC) Optimal Drift
DUCATI-GP-3098,42.1,36.6,0.0,3.5,Ducati Slide Control (DSC) Optimal Drift
DUCATI-GP-3099,30.7,51.5,0.3,4.1,Ducati Slide Control (DSC) Optimal Drift
DUCATI-GP-3100,62.9,34.1,-1.1,2.7,Ducati Slide Control (DSC) Optimal Drift
DUCATI-GP-3101,37.4,37.7,1.4,4.3,Ducati Slide Control (DSC) Optimal Drift
DUCATI-GP-3102,52.2,85.6,2.7,12.1,Ducati Slide Control (DSC) Optimal Drift
DUCATI-GP-3103,36.6,91.5,4.3,9.4,Ducati Slide Control (DSC) Optimal Drift
DUCATI-GP-3104,33.9,56.7,1.5,4.3,Ducati Slide Control (DSC) Optimal Drift
DUCATI-GP-3105,63.6,99.1,3.7,17.7,Highside Risk / Instant Torque Cut
DUCATI-GP-3106,57.8,50.9,-0.7,8.7,Ducati Slide Control (DSC) Optimal Drift
DUCATI-GP-3107,30.3,35.7,5.7,4.6,Ducati Slide Control (DSC) Optimal Drift
DUCATI-GP-3108,57.4,33.9,2.3,8.0,Ducati Slide Control (DSC) Optimal Drift
DUCATI-GP-3109,26.7,47.3,2.4,3.1,Ducati Slide Control (DSC) Optimal Drift
DUCATI-GP-3110,44.2,89.8,-0.3,10.2,Ducati Slide Control (DSC) Optimal Drift
DUCATI-GP-3111,24.3,64.5,4.2,2.1,Ducati Slide Control (DSC) Optimal Drift
DUCATI-GP-3112,54.2,97.4,2.9,14.2,Ducati Slide Control (DSC) Optimal Drift
DUCATI-GP-3113,21.4,30.3,1.7,2.0,Ducati Slide Control (DSC) Optimal Drift
DUCATI-GP-3114,48.5,31.0,4.4,3.6,Ducati Slide Control (DSC) Optimal Drift
DUCATI-GP-3115,34.6,54.1,1.3,4.7,Ducati Slide Control (DSC) Optimal Drift
DUCATI-GP-3116,23.6,98.0,1.8,8.3,Ducati Slide Control (DSC) Optimal Drift
DUCATI-GP-3117,55.7,57.7,1.2,6.7,Ducati Slide Control (DSC) Optimal Drift
DUCATI-GP-3118,32.2,35.0,1.9,5.1,Ducati Slide Control (DSC) Optimal Drift
DUCATI-GP-3119,57.3,89.7,3.1,13.3,Ducati Slide Control (DSC) Optimal Drift
DUCATI-GP-3120,26.8,57.4,1.4,2.2,Ducati Slide Control (DSC) Optimal Drift
DUCATI-GP-3121,44.6,94.3,3.7,13.5,Ducati Slide Control (DSC) Optimal Drift
DUCATI-GP-3122,43.7,98.5,1.3,12.9,Ducati Slide Control (DSC) Optimal Drift
DUCATI-GP-3123,32.2,48.3,1.5,3.6,Ducati Slide Control (DSC) Optimal Drift
DUCATI-GP-3124,34.0,99.0,5.2,9.1,Ducati Slide Control (DSC) Optimal Drift
DUCATI-GP-3125,59.0,42.9,0.1,7.9,Ducati Slide Control (DSC) Optimal Drift
DUCATI-GP-3126,63.9,83.7,4.8,13.1,Ducati Slide Control (DSC) Optimal Drift
DUCATI-GP-3127,56.3,22.3,3.7,4.7,Ducati Slide Control (DSC) Optimal Drift
DUCATI-GP-3128,29.3,86.7,0.7,9.1,Ducati Slide Control (DSC) Optimal Drift
DUCATI-GP-3129,56.7,46.0,-1.6,6.4,Ducati Slide Control (DSC) Optimal Drift
DUCATI-GP-3130,54.1,66.5,2.2,12.7,Ducati Slide Control (DSC) Optimal Drift
DUCATI-GP-3131,29.0,42.2,5.5,3.4,Ducati Slide Control (DSC) Optimal Drift
DUCATI-GP-3132,32.4,98.4,2.4,8.2,Ducati Slide Control (DSC) Optimal Drift
DUCATI-GP-3133,62.9,73.6,1.9,13.0,Ducati Slide Control (DSC) Optimal Drift
DUCATI-GP-3134,43.7,90.1,3.4,9.7,Ducati Slide Control (DSC) Optimal Drift
DUCATI-GP-3135,17.2,55.2,5.4,2.0,Ducati Slide Control (DSC) Optimal Drift
DUCATI-GP-3136,28.0,60.1,2.8,5.3,Ducati Slide Control (DSC) Optimal Drift
DUCATI-GP-3137,62.7,59.4,2.6,11.4,Ducati Slide Control (DSC) Optimal Drift
DUCATI-GP-3138,34.9,91.0,3.6,10.1,Ducati Slide Control (DSC) Optimal Drift
DUCATI-GP-3139,63.8,32.1,2.6,4.3,Ducati Slide Control (DSC) Optimal Drift
DUCATI-GP-3140,47.9,53.3,3.5,6.7,Ducati Slide Control (DSC) Optimal Drift
DUCATI-GP-3141,45.8,85.4,2.7,11.0,Ducati Slide Control (DSC) Optimal Drift
DUCATI-GP-3142,16.7,55.4,1.4,2.0,Ducati Slide Control (DSC) Optimal Drift
DUCATI-GP-3143,58.3,28.3,2.1,4.7,Ducati Slide Control (DSC) Optimal Drift
DUCATI-GP-3144,24.5,91.0,-0.8,5.9,Ducati Slide Control (DSC) Optimal Drift
DUCATI-GP-3145,61.9,76.9,1.7,9.8,Ducati Slide Control (DSC) Optimal Drift
DUCATI-GP-3146,41.4,46.1,1.2,5.7,Ducati Slide Control (DSC) Optimal Drift
DUCATI-GP-3147,60.8,45.9,3.6,9.0,Ducati Slide Control (DSC) Optimal Drift
DUCATI-GP-3148,39.2,21.5,7.5,2.0,Ducati Slide Control (DSC) Optimal Drift
DUCATI-GP-3149,18.1,41.8,1.5,3.2,Ducati Slide Control (DSC) Optimal Drift
DUCATI-GP-3150,55.2,54.4,0.7,8.9,Ducati Slide Control (DSC) Optimal Drift
DUCATI-GP-3151,26.3,71.1,0.7,6.7,Ducati Slide Control (DSC) Optimal Drift
DUCATI-GP-3152,54.6,38.2,3.9,5.7,Ducati Slide Control (DSC) Optimal Drift
DUCATI-GP-3153,43.0,50.0,1.9,7.8,Ducati Slide Control (DSC) Optimal Drift
DUCATI-GP-3154,35.7,25.0,0.6,3.2,Ducati Slide Control (DSC) Optimal Drift
DUCATI-GP-3155,59.6,99.4,2.3,15.4,Highside Risk / Instant Torque Cut
DUCATI-GP-3156,46.9,64.6,0.7,9.5,Ducati Slide Control (DSC) Optimal Drift
DUCATI-GP-3157,33.0,72.9,4.8,6.6,Ducati Slide Control (DSC) Optimal Drift
DUCATI-GP-3158,37.9,25.9,4.4,2.2,Ducati Slide Control (DSC) Optimal Drift
DUCATI-GP-3159,27.6,47.6,3.5,4.2,Ducati Slide Control (DSC) Optimal Drift
DUCATI-GP-3160,37.7,95.6,6.2,10.1,Ducati Slide Control (DSC) Optimal Drift
DUCATI-GP-3161,60.3,27.6,-3.4,4.1,Ducati Slide Control (DSC) Optimal Drift
DUCATI-GP-3162,36.6,47.2,1.6,3.8,Ducati Slide Control (DSC) Optimal Drift
DUCATI-GP-3163,37.9,61.0,2.4,4.0,Ducati Slide Control (DSC) Optimal Drift
DUCATI-GP-3164,63.6,75.2,-0.9,14.3,Highside Risk / Instant Torque Cut
DUCATI-GP-3165,60.4,34.6,4.6,5.0,Ducati Slide Control (DSC) Optimal Drift
DUCATI-GP-3166,35.1,36.4,1.8,5.9,Ducati Slide Control (DSC) Optimal Drift
DUCATI-GP-3167,63.8,35.8,2.3,6.4,Ducati Slide Control (DSC) Optimal Drift
DUCATI-GP-3168,46.6,86.1,1.8,10.4,Ducati Slide Control (DSC) Optimal Drift
DUCATI-GP-3169,54.1,35.2,0.1,6.5,Ducati Slide Control (DSC) Optimal Drift
DUCATI-GP-3170,17.4,30.4,3.4,2.0,Ducati Slide Control (DSC) Optimal Drift
DUCATI-GP-3171,63.6,61.0,0.4,11.9,Ducati Slide Control (DSC) Optimal Drift
DUCATI-GP-3172,54.2,32.6,-1.2,4.1,Ducati Slide Control (DSC) Optimal Drift
DUCATI-GP-3173,23.9,49.4,3.8,3.4,Ducati Slide Control (DSC) Optimal Drift
DUCATI-GP-3174,33.8,89.6,1.3,8.4,Ducati Slide Control (DSC) Optimal Drift
DUCATI-GP-3175,61.7,58.6,2.3,9.0,Ducati Slide Control (DSC) Optimal Drift
DUCATI-GP-3176,63.2,32.2,0.7,5.1,Ducati Slide Control (DSC) Optimal Drift
DUCATI-GP-3177,36.8,27.2,1.4,2.1,Ducati Slide Control (DSC) Optimal Drift
DUCATI-GP-3178,52.2,62.9,-1.3,7.5,Ducati Slide Control (DSC) Optimal Drift
DUCATI-GP-3179,28.2,55.4,2.9,4.8,Ducati Slide Control (DSC) Optimal Drift
DUCATI-GP-3180,62.8,24.0,0.9,3.7,Ducati Slide Control (DSC) Optimal Drift
DUCATI-GP-3181,42.7,79.2,3.4,9.7,Ducati Slide Control (DSC) Optimal Drift
DUCATI-GP-3182,43.4,70.5,3.0,8.6,Ducati Slide Control (DSC) Optimal Drift
DUCATI-GP-3183,23.7,37.5,6.6,3.3,Ducati Slide Control (DSC) Optimal Drift
DUCATI-GP-3184,53.8,24.2,1.1,3.4,Ducati Slide Control (DSC) Optimal Drift
DUCATI-GP-3185,49.8,54.8,2.2,7.1,Ducati Slide Control (DSC) Optimal Drift
DUCATI-GP-3186,45.8,80.4,-0.4,10.5,Ducati Slide Control (DSC) Optimal Drift
DUCATI-GP-3187,63.6,89.6,3.8,14.5,Highside Risk / Instant Torque Cut
DUCATI-GP-3188,34.2,74.1,3.8,7.8,Ducati Slide Control (DSC) Optimal Drift
DUCATI-GP-3189,36.5,45.8,3.9,5.0,Ducati Slide Control (DSC) Optimal Drift
DUCATI-GP-3190,31.0,95.0,4.5,7.5,Ducati Slide Control (DSC) Optimal Drift
DUCATI-GP-3191,42.5,40.5,3.6,4.0,Ducati Slide Control (DSC) Optimal Drift
DUCATI-GP-3192,47.0,99.9,0.6,14.0,Ducati Slide Control (DSC) Optimal Drift
DUCATI-GP-3193,48.9,64.2,1.9,10.4,Ducati Slide Control (DSC) Optimal Drift
DUCATI-GP-3194,51.2,72.0,1.9,9.9,Ducati Slide Control (DSC) Optimal Drift
DUCATI-GP-3195,24.5,44.9,1.8,2.0,Ducati Slide Control (DSC) Optimal Drift
DUCATI-GP-3196,29.5,93.6,2.0,7.3,Ducati Slide Control (DSC) Optimal Drift
DUCATI-GP-3197,15.8,74.8,3.2,2.8,Ducati Slide Control (DSC) Optimal Drift
DUCATI-GP-3198,24.8,98.3,3.5,4.5,Ducati Slide Control (DSC) Optimal Drift
DUCATI-GP-3199,19.6,60.3,4.8,2.5,Ducati Slide Control (DSC) Optimal Drift
DUCATI-GP-3200,17.0,58.3,3.5,3.0,Ducati Slide Control (DSC) Optimal Drift
DUCATI-GP-3201,34.7,94.8,-0.6,9.3,Ducati Slide Control (DSC) Optimal Drift
DUCATI-GP-3202,46.9,56.4,3.3,5.5,Ducati Slide Control (DSC) Optimal Drift
DUCATI-GP-3203,61.2,91.5,4.5,17.5,Highside Risk / Instant Torque Cut
DUCATI-GP-3204,57.5,76.2,1.9,12.6,Ducati Slide Control (DSC) Optimal Drift
DUCATI-GP-3205,36.6,43.4,3.1,2.4,Ducati Slide Control (DSC) Optimal Drift
DUCATI-GP-3206,28.1,75.0,4.4,7.1,Ducati Slide Control (DSC) Optimal Drift
DUCATI-GP-3207,47.7,29.0,5.1,3.1,Ducati Slide Control (DSC) Optimal Drift
DUCATI-GP-3208,43.6,94.7,4.3,9.7,Ducati Slide Control (DSC) Optimal Drift
DUCATI-GP-3209,39.5,83.1,0.7,10.4,Ducati Slide Control (DSC) Optimal Drift
DUCATI-GP-3210,50.6,63.2,4.4,7.8,Ducati Slide Control (DSC) Optimal Drift
DUCATI-GP-3211,60.1,91.0,1.8,16.1,Highside Risk / Instant Torque Cut
DUCATI-GP-3212,53.0,83.4,0.4,12.4,Ducati Slide Control (DSC) Optimal Drift
DUCATI-GP-3213,47.2,22.9,2.1,4.4,Ducati Slide Control (DSC) Optimal Drift
DUCATI-GP-3214,38.0,73.7,0.5,7.2,Ducati Slide Control (DSC) Optimal Drift
DUCATI-GP-3215,22.7,56.4,2.2,3.7,Ducati Slide Control (DSC) Optimal Drift
DUCATI-GP-3216,51.8,20.9,0.5,3.7,Ducati Slide Control (DSC) Optimal Drift
DUCATI-GP-3217,49.1,30.0,3.3,5.7,Ducati Slide Control (DSC) Optimal Drift
DUCATI-GP-3218,29.8,79.9,4.5,3.6,Ducati Slide Control (DSC) Optimal Drift
DUCATI-GP-3219,28.9,23.5,4.1,2.0,Ducati Slide Control (DSC) Optimal Drift
DUCATI-GP-3220,23.7,32.2,1.6,2.0,Ducati Slide Control (DSC) Optimal Drift
DUCATI-GP-3221,45.6,57.9,0.3,6.9,Ducati Slide Control (DSC) Optimal Drift
DUCATI-GP-3222,57.7,70.3,-0.0,9.0,Ducati Slide Control (DSC) Optimal Drift
DUCATI-GP-3223,50.9,63.5,3.6,8.0,Ducati Slide Control (DSC) Optimal Drift
DUCATI-GP-3224,44.5,47.6,3.7,6.0,Ducati Slide Control (DSC) Optimal Drift
DUCATI-GP-3225,45.2,32.7,4.9,3.5,Ducati Slide Control (DSC) Optimal Drift
DUCATI-GP-3226,57.4,91.7,1.7,15.8,Highside Risk / Instant Torque Cut
DUCATI-GP-3227,61.6,42.9,1.6,5.3,Ducati Slide Control (DSC) Optimal Drift
DUCATI-GP-3228,30.4,58.0,1.0,4.7,Ducati Slide Control (DSC) Optimal Drift
DUCATI-GP-3229,53.7,70.8,2.4,9.4,Ducati Slide Control (DSC) Optimal Drift
DUCATI-GP-3230,21.3,78.7,3.2,4.6,Ducati Slide Control (DSC) Optimal Drift
DUCATI-GP-3231,33.5,44.2,3.6,4.7,Ducati Slide Control (DSC) Optimal Drift
DUCATI-GP-3232,19.5,32.9,0.3,2.0,Ducati Slide Control (DSC) Optimal Drift
DUCATI-GP-3233,29.6,94.3,4.6,8.3,Ducati Slide Control (DSC) Optimal Drift
DUCATI-GP-3234,59.0,32.5,2.6,7.1,Ducati Slide Control (DSC) Optimal Drift
DUCATI-GP-3235,21.5,96.4,1.7,5.0,Ducati Slide Control (DSC) Optimal Drift
DUCATI-GP-3236,51.2,37.2,3.8,4.4,Ducati Slide Control (DSC) Optimal Drift
DUCATI-GP-3237,46.2,24.1,0.8,2.2,Ducati Slide Control (DSC) Optimal Drift
DUCATI-GP-3238,44.1,47.0,3.3,4.6,Ducati Slide Control (DSC) Optimal Drift
DUCATI-GP-3239,26.9,39.1,3.9,2.0,Ducati Slide Control (DSC) Optimal Drift
DUCATI-GP-3240,41.6,67.6,1.2,9.3,Ducati Slide Control (DSC) Optimal Drift
DUCATI-GP-3241,19.7,23.2,1.8,2.0,Ducati Slide Control (DSC) Optimal Drift
DUCATI-GP-3242,26.4,96.3,0.9,8.3,Ducati Slide Control (DSC) Optimal Drift
DUCATI-GP-3243,53.5,70.5,2.0,10.1,Ducati Slide Control (DSC) Optimal Drift
DUCATI-GP-3244,38.8,55.5,0.8,3.6,Ducati Slide Control (DSC) Optimal Drift
DUCATI-GP-3245,57.6,23.6,1.5,4.2,Ducati Slide Control (DSC) Optimal Drift
DUCATI-GP-3246,19.6,40.4,6.6,2.0,Ducati Slide Control (DSC) Optimal Drift
DUCATI-GP-3247,62.8,55.5,3.9,9.2,Ducati Slide Control (DSC) Optimal Drift
DUCATI-GP-3248,55.4,69.9,4.5,9.6,Ducati Slide Control (DSC) Optimal Drift
DUCATI-GP-3249,28.6,50.7,1.8,3.7,Ducati Slide Control (DSC) Optimal Drift
DUCATI-GP-3250,59.1,31.4,5.4,2.9,Ducati Slide Control (DSC) Optimal Drift
DUCATI-GP-3251,47.3,81.3,3.3,10.0,Ducati Slide Control (DSC) Optimal Drift
DUCATI-GP-3252,41.3,55.9,2.1,7.6,Ducati Slide Control (DSC) Optimal Drift
DUCATI-GP-3253,17.9,36.5,1.4,2.0,Ducati Slide Control (DSC) Optimal Drift
DUCATI-GP-3254,63.4,71.9,3.7,12.9,Ducati Slide Control (DSC) Optimal Drift
DUCATI-GP-3255,20.1,96.1,3.4,6.2,Ducati Slide Control (DSC) Optimal Drift
DUCATI-GP-3256,43.4,34.1,3.9,5.4,Ducati Slide Control (DSC) Optimal Drift
DUCATI-GP-3257,49.8,29.3,1.6,2.0,Ducati Slide Control (DSC) Optimal Drift
DUCATI-GP-3258,19.5,92.1,2.1,2.1,Ducati Slide Control (DSC) Optimal Drift
DUCATI-GP-3259,59.2,31.5,4.0,4.4,Ducati Slide Control (DSC) Optimal Drift
DUCATI-GP-3260,37.6,49.4,5.0,6.9,Ducati Slide Control (DSC) Optimal Drift
DUCATI-GP-3261,27.9,26.7,3.3,2.1,Ducati Slide Control (DSC) Optimal Drift
DUCATI-GP-3262,34.9,35.6,2.5,4.3,Ducati Slide Control (DSC) Optimal Drift
DUCATI-GP-3263,40.1,83.6,2.1,7.6,Ducati Slide Control (DSC) Optimal Drift
DUCATI-GP-3264,56.4,59.5,5.2,10.4,Ducati Slide Control (DSC) Optimal Drift
DUCATI-GP-3265,51.1,58.2,2.7,8.1,Ducati Slide Control (DSC) Optimal Drift
DUCATI-GP-3266,19.2,68.6,4.9,2.0,Ducati Slide Control (DSC) Optimal Drift
DUCATI-GP-3267,34.4,59.7,-1.8,6.1,Ducati Slide Control (DSC) Optimal Drift
DUCATI-GP-3268,50.1,37.0,3.2,5.1,Ducati Slide Control (DSC) Optimal Drift
DUCATI-GP-3269,59.4,46.1,2.5,7.0,Ducati Slide Control (DSC) Optimal Drift
DUCATI-GP-3270,55.7,39.6,3.4,7.1,Ducati Slide Control (DSC) Optimal Drift
DUCATI-GP-3271,56.0,96.7,1.4,15.6,Highside Risk / Instant Torque Cut
DUCATI-GP-3272,39.5,95.6,3.5,11.6,Ducati Slide Control (DSC) Optimal Drift
DUCATI-GP-3273,22.6,41.0,1.3,2.0,Ducati Slide Control (DSC) Optimal Drift
DUCATI-GP-3274,33.8,75.8,3.0,9.1,Ducati Slide Control (DSC) Optimal Drift
DUCATI-GP-3275,55.7,96.1,2.1,14.8,Highside Risk / Instant Torque Cut
DUCATI-GP-3276,29.9,65.2,1.2,3.6,Ducati Slide Control (DSC) Optimal Drift
DUCATI-GP-3277,38.1,53.3,4.4,2.1,Ducati Slide Control (DSC) Optimal Drift
DUCATI-GP-3278,53.6,97.0,2.2,17.5,Ducati Slide Control (DSC) Optimal Drift
DUCATI-GP-3279,58.2,74.3,3.3,9.5,Ducati Slide Control (DSC) Optimal Drift
DUCATI-GP-3280,23.5,60.0,0.5,5.2,Ducati Slide Control (DSC) Optimal Drift
DUCATI-GP-3281,28.1,26.2,0.4,2.1,Ducati Slide Control (DSC) Optimal Drift
DUCATI-GP-3282,59.7,26.7,3.9,5.2,Ducati Slide Control (DSC) Optimal Drift
DUCATI-GP-3283,44.7,55.3,1.4,9.2,Ducati Slide Control (DSC) Optimal Drift
DUCATI-GP-3284,34.8,82.2,6.8,8.3,Ducati Slide Control (DSC) Optimal Drift
DUCATI-GP-3285,27.6,34.9,3.5,4.5,Ducati Slide Control (DSC) Optimal Drift
DUCATI-GP-3286,35.1,74.6,0.4,4.6,Ducati Slide Control (DSC) Optimal Drift
DUCATI-GP-3287,52.2,78.9,0.1,12.0,Ducati Slide Control (DSC) Optimal Drift
DUCATI-GP-3288,25.4,65.0,0.3,4.5,Ducati Slide Control (DSC) Optimal Drift
DUCATI-GP-3289,24.1,40.4,3.6,3.6,Ducati Slide Control (DSC) Optimal Drift
DUCATI-GP-3290,51.3,43.9,0.6,5.9,Ducati Slide Control (DSC) Optimal Drift
DUCATI-GP-3291,48.7,81.1,2.9,8.7,Ducati Slide Control (DSC) Optimal Drift
DUCATI-GP-3292,59.9,80.3,6.6,13.0,Ducati Slide Control (DSC) Optimal Drift
DUCATI-GP-3293,64.0,75.3,3.7,14.0,Ducati Slide Control (DSC) Optimal Drift
DUCATI-GP-3294,28.7,82.5,2.9,6.4,Ducati Slide Control (DSC) Optimal Drift
DUCATI-GP-3295,56.1,93.7,1.4,14.6,Highside Risk / Instant Torque Cut
DUCATI-GP-3296,35.6,27.5,-0.3,2.8,Ducati Slide Control (DSC) Optimal Drift
DUCATI-GP-3297,26.2,22.1,0.3,2.0,Ducati Slide Control (DSC) Optimal Drift
DUCATI-GP-3298,21.1,57.8,2.1,2.5,Ducati Slide Control (DSC) Optimal Drift
DUCATI-GP-3299,41.8,55.1,2.7,6.8,Ducati Slide Control (DSC) Optimal Drift
DUCATI-GP-3300,35.0,72.4,2.3,8.8,Ducati Slide Control (DSC) Optimal Drift
DUCATI-GP-3301,61.2,51.7,3.0,11.5,Ducati Slide Control (DSC) Optimal Drift
DUCATI-GP-3302,42.2,41.5,2.5,6.4,Ducati Slide Control (DSC) Optimal Drift
DUCATI-GP-3303,45.4,60.1,0.5,7.2,Ducati Slide Control (DSC) Optimal Drift
DUCATI-GP-3304,53.8,55.0,0.5,8.2,Ducati Slide Control (DSC) Optimal Drift
DUCATI-GP-3305,52.5,75.6,0.9,9.3,Ducati Slide Control (DSC) Optimal Drift
DUCATI-GP-3306,40.2,26.9,0.2,5.4,Ducati Slide Control (DSC) Optimal Drift
DUCATI-GP-3307,37.2,22.6,1.6,2.6,Ducati Slide Control (DSC) Optimal Drift
DUCATI-GP-3308,43.9,22.4,3.7,2.9,Ducati Slide Control (DSC) Optimal Drift
DUCATI-GP-3309,19.4,47.6,3.0,3.0,Ducati Slide Control (DSC) Optimal Drift
DUCATI-GP-3310,51.3,35.9,3.9,5.8,Ducati Slide Control (DSC) Optimal Drift
DUCATI-GP-3311,52.6,99.2,2.1,15.2,Ducati Slide Control (DSC) Optimal Drift
DUCATI-GP-3312,41.7,73.8,3.8,10.1,Ducati Slide Control (DSC) Optimal Drift
DUCATI-GP-3313,42.8,74.0,3.4,7.7,Ducati Slide Control (DSC) Optimal Drift
DUCATI-GP-3314,55.4,92.8,3.5,12.5,Ducati Slide Control (DSC) Optimal Drift
DUCATI-GP-3315,26.8,22.8,5.1,2.3,Ducati Slide Control (DSC) Optimal Drift
DUCATI-GP-3316,45.5,58.9,3.7,5.4,Ducati Slide Control (DSC) Optimal Drift
DUCATI-GP-3317,55.5,65.3,2.6,8.7,Ducati Slide Control (DSC) Optimal Drift
DUCATI-GP-3318,42.7,50.8,2.0,7.5,Ducati Slide Control (DSC) Optimal Drift
DUCATI-GP-3319,58.0,97.8,-0.3,15.8,Highside Risk / Instant Torque Cut
DUCATI-GP-3320,63.0,20.2,1.0,4.9,Ducati Slide Control (DSC) Optimal Drift
DUCATI-GP-3321,31.3,52.4,2.8,4.8,Ducati Slide Control (DSC) Optimal Drift
DUCATI-GP-3322,20.4,66.7,-1.3,3.0,Ducati Slide Control (DSC) Optimal Drift
DUCATI-GP-3323,51.1,48.8,-0.6,10.2,Ducati Slide Control (DSC) Optimal Drift
DUCATI-GP-3324,24.5,54.8,4.0,4.7,Ducati Slide Control (DSC) Optimal Drift
DUCATI-GP-3325,27.8,80.2,3.4,5.0,Ducati Slide Control (DSC) Optimal Drift
DUCATI-GP-3326,18.4,20.0,1.0,2.0,Ducati Slide Control (DSC) Optimal Drift
DUCATI-GP-3327,31.0,92.9,2.8,7.6,Ducati Slide Control (DSC) Optimal Drift
DUCATI-GP-3328,31.9,97.4,2.7,7.6,Ducati Slide Control (DSC) Optimal Drift
DUCATI-GP-3329,49.0,64.7,5.2,6.8,Ducati Slide Control (DSC) Optimal Drift
DUCATI-GP-3330,19.3,53.1,0.6,2.1,Ducati Slide Control (DSC) Optimal Drift
DUCATI-GP-3331,62.2,99.7,2.5,17.4,Highside Risk / Instant Torque Cut
DUCATI-GP-3332,20.8,76.8,1.9,5.6,Ducati Slide Control (DSC) Optimal Drift
DUCATI-GP-3333,63.7,37.9,3.9,7.2,Ducati Slide Control (DSC) Optimal Drift
DUCATI-GP-3334,31.2,56.0,4.0,5.9,Ducati Slide Control (DSC) Optimal Drift
DUCATI-GP-3335,35.0,48.7,3.8,5.9,Ducati Slide Control (DSC) Optimal Drift
DUCATI-GP-3336,20.9,76.7,3.3,5.6,Ducati Slide Control (DSC) Optimal Drift
DUCATI-GP-3337,24.7,66.4,-0.5,4.2,Ducati Slide Control (DSC) Optimal Drift
DUCATI-GP-3338,29.9,79.9,3.0,8.1,Ducati Slide Control (DSC) Optimal Drift
DUCATI-GP-3339,30.5,94.2,3.4,8.2,Ducati Slide Control (DSC) Optimal Drift
DUCATI-GP-3340,52.2,47.8,2.8,4.8,Ducati Slide Control (DSC) Optimal Drift
DUCATI-GP-3341,19.8,98.4,3.3,3.9,Ducati Slide Control (DSC) Optimal Drift
DUCATI-GP-3342,28.2,23.3,1.4,2.0,Ducati Slide Control (DSC) Optimal Drift
DUCATI-GP-3343,56.8,33.8,2.5,4.1,Ducati Slide Control (DSC) Optimal Drift
DUCATI-GP-3344,53.2,88.9,3.6,11.7,Ducati Slide Control (DSC) Optimal Drift
DUCATI-GP-3345,59.2,69.9,1.2,10.4,Ducati Slide Control (DSC) Optimal Drift
DUCATI-GP-3346,54.1,92.6,1.9,15.0,Ducati Slide Control (DSC) Optimal Drift
DUCATI-GP-3347,25.7,81.6,4.5,5.1,Ducati Slide Control (DSC) Optimal Drift
DUCATI-GP-3348,25.1,49.9,1.6,4.0,Ducati Slide Control (DSC) Optimal Drift
DUCATI-GP-3349,30.9,77.2,3.4,4.8,Ducati Slide Control (DSC) Optimal Drift
DUCATI-GP-3350,35.3,51.5,3.3,5.7,Ducati Slide Control (DSC) Optimal Drift
DUCATI-GP-3351,33.6,24.0,1.5,4.0,Ducati Slide Control (DSC) Optimal Drift
DUCATI-GP-3352,61.5,31.5,-1.0,4.8,Ducati Slide Control (DSC) Optimal Drift
DUCATI-GP-3353,51.8,39.8,1.8,7.0,Ducati Slide Control (DSC) Optimal Drift
DUCATI-GP-3354,26.8,33.5,1.0,2.0,Ducati Slide Control (DSC) Optimal Drift
DUCATI-GP-3355,49.3,70.4,0.8,9.5,Ducati Slide Control (DSC) Optimal Drift
DUCATI-GP-3356,34.8,26.0,0.0,2.3,Ducati Slide Control (DSC) Optimal Drift
DUCATI-GP-3357,57.7,47.5,4.6,9.5,Ducati Slide Control (DSC) Optimal Drift
DUCATI-GP-3358,34.6,21.7,0.6,4.1,Ducati Slide Control (DSC) Optimal Drift
DUCATI-GP-3359,51.2,42.9,6.1,7.7,Ducati Slide Control (DSC) Optimal Drift
DUCATI-GP-3360,28.1,54.7,4.4,5.9,Ducati Slide Control (DSC) Optimal Drift
DUCATI-GP-3361,55.4,96.7,4.3,14.3,Highside Risk / Instant Torque Cut
DUCATI-GP-3362,35.1,38.9,2.7,2.0,Ducati Slide Control (DSC) Optimal Drift
DUCATI-GP-3363,34.3,86.2,2.1,5.7,Ducati Slide Control (DSC) Optimal Drift
DUCATI-GP-3364,49.6,32.1,3.0,2.9,Ducati Slide Control (DSC) Optimal Drift
DUCATI-GP-3365,52.3,42.5,2.2,8.2,Ducati Slide Control (DSC) Optimal Drift
DUCATI-GP-3366,26.8,74.3,0.0,4.8,Ducati Slide Control (DSC) Optimal Drift
DUCATI-GP-3367,15.9,58.5,3.3,3.1,Ducati Slide Control (DSC) Optimal Drift
DUCATI-GP-3368,51.5,42.2,3.3,7.5,Ducati Slide Control (DSC) Optimal Drift
DUCATI-GP-3369,36.0,75.2,3.3,9.3,Ducati Slide Control (DSC) Optimal Drift
DUCATI-GP-3370,50.6,23.0,3.3,4.2,Ducati Slide Control (DSC) Optimal Drift
DUCATI-GP-3371,54.7,90.1,2.7,13.9,Ducati Slide Control (DSC) Optimal Drift
DUCATI-GP-3372,21.1,78.6,2.7,3.4,Ducati Slide Control (DSC) Optimal Drift
DUCATI-GP-3373,37.5,56.1,1.2,3.8,Ducati Slide Control (DSC) Optimal Drift
DUCATI-GP-3374,57.6,58.4,5.1,10.1,Ducati Slide Control (DSC) Optimal Drift
DUCATI-GP-3375,33.2,74.3,2.6,8.9,Ducati Slide Control (DSC) Optimal Drift
DUCATI-GP-3376,38.6,84.3,4.5,10.3,Ducati Slide Control (DSC) Optimal Drift
DUCATI-GP-3377,19.0,46.0,4.8,2.0,Ducati Slide Control (DSC) Optimal Drift
DUCATI-GP-3378,63.9,43.5,2.9,9.1,Ducati Slide Control (DSC) Optimal Drift
DUCATI-GP-3379,22.4,35.3,1.5,2.0,Ducati Slide Control (DSC) Optimal Drift
DUCATI-GP-3380,58.9,69.8,2.3,12.3,Ducati Slide Control (DSC) Optimal Drift
DUCATI-GP-3381,18.9,21.6,3.5,2.0,Ducati Slide Control (DSC) Optimal Drift
DUCATI-GP-3382,16.2,26.3,0.4,2.0,Ducati Slide Control (DSC) Optimal Drift
DUCATI-GP-3383,25.4,77.6,1.8,6.0,Ducati Slide Control (DSC) Optimal Drift
DUCATI-GP-3384,60.4,63.4,2.0,9.8,Ducati Slide Control (DSC) Optimal Drift
DUCATI-GP-3385,38.6,81.7,-0.6,10.8,Ducati Slide Control (DSC) Optimal Drift
DUCATI-GP-3386,50.5,21.1,3.3,2.0,Ducati Slide Control (DSC) Optimal Drift
DUCATI-GP-3387,55.8,85.0,4.3,13.6,Ducati Slide Control (DSC) Optimal Drift
DUCATI-GP-3388,29.7,30.0,1.1,2.0,Ducati Slide Control (DSC) Optimal Drift
DUCATI-GP-3389,46.7,42.3,1.9,5.4,Ducati Slide Control (DSC) Optimal Drift
DUCATI-GP-3390,47.8,93.3,5.4,12.8,Ducati Slide Control (DSC) Optimal Drift
DUCATI-GP-3391,53.9,92.3,3.9,13.8,Ducati Slide Control (DSC) Optimal Drift
DUCATI-GP-3392,63.9,53.7,0.4,7.6,Ducati Slide Control (DSC) Optimal Drift
DUCATI-GP-3393,48.2,36.5,0.9,3.0,Ducati Slide Control (DSC) Optimal Drift
DUCATI-GP-3394,42.4,82.7,4.6,9.0,Ducati Slide Control (DSC) Optimal Drift
DUCATI-GP-3395,59.0,29.2,0.3,4.1,Ducati Slide Control (DSC) Optimal Drift
DUCATI-GP-3396,24.2,90.1,3.1,6.3,Ducati Slide Control (DSC) Optimal Drift
DUCATI-GP-3397,23.1,56.6,1.4,4.1,Ducati Slide Control (DSC) Optimal Drift
DUCATI-GP-3398,18.2,80.4,7.1,4.7,Ducati Slide Control (DSC) Optimal Drift
DUCATI-GP-3399,24.3,30.7,3.2,2.0,Ducati Slide Control (DSC) Optimal Drift
DUCATI-GP-3400,49.4,45.8,2.6,6.4,Ducati Slide Control (DSC) Optimal Drift
DUCATI-GP-3401,41.9,28.4,3.0,2.3,Ducati Slide Control (DSC) Optimal Drift
DUCATI-GP-3402,21.1,89.7,5.6,8.5,Ducati Slide Control (DSC) Optimal Drift
DUCATI-GP-3403,17.9,98.1,3.9,5.2,Ducati Slide Control (DSC) Optimal Drift
DUCATI-GP-3404,26.9,97.5,2.1,8.4,Ducati Slide Control (DSC) Optimal Drift
DUCATI-GP-3405,34.8,42.7,0.6,3.2,Ducati Slide Control (DSC) Optimal Drift
DUCATI-GP-3406,35.0,67.0,6.1,5.3,Ducati Slide Control (DSC) Optimal Drift
DUCATI-GP-3407,57.8,80.5,1.2,12.1,Ducati Slide Control (DSC) Optimal Drift
DUCATI-GP-3408,19.4,33.3,3.5,2.4,Ducati Slide Control (DSC) Optimal Drift
DUCATI-GP-3409,55.5,80.0,3.5,12.4,Ducati Slide Control (DSC) Optimal Drift
DUCATI-GP-3410,49.8,22.3,1.9,2.0,Ducati Slide Control (DSC) Optimal Drift
DUCATI-GP-3411,41.9,58.8,0.4,7.8,Ducati Slide Control (DSC) Optimal Drift
DUCATI-GP-3412,23.7,53.1,1.5,3.7,Ducati Slide Control (DSC) Optimal Drift
DUCATI-GP-3413,38.5,95.1,1.6,10.6,Ducati Slide Control (DSC) Optimal Drift
DUCATI-GP-3414,30.5,96.1,4.4,8.4,Ducati Slide Control (DSC) Optimal Drift
DUCATI-GP-3415,52.0,69.3,-0.9,10.8,Ducati Slide Control (DSC) Optimal Drift
DUCATI-GP-3416,48.8,81.9,1.4,11.1,Ducati Slide Control (DSC) Optimal Drift
DUCATI-GP-3417,58.8,62.8,3.5,9.9,Ducati Slide Control (DSC) Optimal Drift
DUCATI-GP-3418,35.5,32.7,2.7,4.1,Ducati Slide Control (DSC) Optimal Drift
DUCATI-GP-3419,27.2,45.4,3.8,3.0,Ducati Slide Control (DSC) Optimal Drift
DUCATI-GP-3420,45.9,92.2,2.7,11.0,Ducati Slide Control (DSC) Optimal Drift
DUCATI-GP-3421,45.4,71.5,2.0,8.8,Ducati Slide Control (DSC) Optimal Drift
DUCATI-GP-3422,61.4,39.5,4.5,6.4,Ducati Slide Control (DSC) Optimal Drift
DUCATI-GP-3423,25.3,81.5,3.0,6.2,Ducati Slide Control (DSC) Optimal Drift
DUCATI-GP-3424,33.1,45.9,2.3,6.2,Ducati Slide Control (DSC) Optimal Drift
DUCATI-GP-3425,49.4,65.4,0.4,9.0,Ducati Slide Control (DSC) Optimal Drift
DUCATI-GP-3426,55.9,48.0,2.6,7.9,Ducati Slide Control (DSC) Optimal Drift
DUCATI-GP-3427,59.4,28.5,2.2,2.0,Ducati Slide Control (DSC) Optimal Drift
DUCATI-GP-3428,33.9,96.7,0.5,10.7,Ducati Slide Control (DSC) Optimal Drift
DUCATI-GP-3429,25.4,42.8,3.8,2.2,Ducati Slide Control (DSC) Optimal Drift
DUCATI-GP-3430,40.5,52.2,3.4,5.9,Ducati Slide Control (DSC) Optimal Drift
DUCATI-GP-3431,42.2,40.8,3.6,3.2,Ducati Slide Control (DSC) Optimal Drift
DUCATI-GP-3432,24.3,77.8,5.5,2.0,Ducati Slide Control (DSC) Optimal Drift
DUCATI-GP-3433,39.9,74.5,2.8,7.9,Ducati Slide Control (DSC) Optimal Drift
DUCATI-GP-3434,49.2,56.5,3.1,7.7,Ducati Slide Control (DSC) Optimal Drift
DUCATI-GP-3435,42.3,48.4,-1.3,5.5,Ducati Slide Control (DSC) Optimal Drift
DUCATI-GP-3436,60.3,93.3,1.0,15.8,Highside Risk / Instant Torque Cut
DUCATI-GP-3437,57.2,47.6,1.8,8.4,Ducati Slide Control (DSC) Optimal Drift
DUCATI-GP-3438,49.9,57.5,3.3,8.3,Ducati Slide Control (DSC) Optimal Drift
DUCATI-GP-3439,33.2,70.7,5.8,8.1,Ducati Slide Control (DSC) Optimal Drift
DUCATI-GP-3440,50.7,65.7,3.7,9.0,Ducati Slide Control (DSC) Optimal Drift
DUCATI-GP-3441,61.2,55.2,5.1,9.1,Ducati Slide Control (DSC) Optimal Drift
DUCATI-GP-3442,29.9,53.1,4.6,4.9,Ducati Slide Control (DSC) Optimal Drift
DUCATI-GP-3443,37.0,82.0,3.4,8.9,Ducati Slide Control (DSC) Optimal Drift
DUCATI-GP-3444,53.6,85.9,1.1,13.0,Ducati Slide Control (DSC) Optimal Drift
DUCATI-GP-3445,59.2,23.9,2.2,2.9,Ducati Slide Control (DSC) Optimal Drift
DUCATI-GP-3446,25.1,30.6,3.4,2.0,Ducati Slide Control (DSC) Optimal Drift
DUCATI-GP-3447,29.8,44.4,3.5,2.1,Ducati Slide Control (DSC) Optimal Drift
DUCATI-GP-3448,33.3,62.3,2.8,2.2,Ducati Slide Control (DSC) Optimal Drift
DUCATI-GP-3449,54.8,25.5,1.6,5.0,Ducati Slide Control (DSC) Optimal Drift
DUCATI-GP-3450,57.9,36.2,3.2,7.2,Ducati Slide Control (DSC) Optimal Drift
DUCATI-GP-3451,36.1,59.7,1.5,6.6,Ducati Slide Control (DSC) Optimal Drift
DUCATI-GP-3452,40.4,94.3,-1.1,9.2,Ducati Slide Control (DSC) Optimal Drift
DUCATI-GP-3453,15.1,82.3,1.2,3.8,Ducati Slide Control (DSC) Optimal Drift
DUCATI-GP-3454,52.8,68.2,3.4,10.5,Ducati Slide Control (DSC) Optimal Drift
DUCATI-GP-3455,34.6,92.1,2.8,7.4,Ducati Slide Control (DSC) Optimal Drift
DUCATI-GP-3456,38.2,67.0,1.2,6.9,Ducati Slide Control (DSC) Optimal Drift
DUCATI-GP-3457,22.4,68.5,3.6,7.3,Ducati Slide Control (DSC) Optimal Drift
DUCATI-GP-3458,43.5,66.2,-0.9,8.0,Ducati Slide Control (DSC) Optimal Drift
DUCATI-GP-3459,36.9,39.1,-0.4,2.0,Ducati Slide Control (DSC) Optimal Drift
DUCATI-GP-3460,30.0,59.2,-0.5,4.4,Ducati Slide Control (DSC) Optimal Drift
DUCATI-GP-3461,59.7,33.3,4.5,4.5,Ducati Slide Control (DSC) Optimal Drift
DUCATI-GP-3462,48.0,30.5,1.1,3.3,Ducati Slide Control (DSC) Optimal Drift
DUCATI-GP-3463,61.6,21.4,1.1,3.9,Ducati Slide Control (DSC) Optimal Drift
DUCATI-GP-3464,46.9,86.0,4.1,10.8,Ducati Slide Control (DSC) Optimal Drift
DUCATI-GP-3465,21.7,78.2,5.4,6.9,Ducati Slide Control (DSC) Optimal Drift
DUCATI-GP-3466,24.8,25.1,2.0,2.0,Ducati Slide Control (DSC) Optimal Drift
DUCATI-GP-3467,19.8,63.7,4.8,3.7,Ducati Slide Control (DSC) Optimal Drift
DUCATI-GP-3468,62.5,75.6,5.9,13.0,Ducati Slide Control (DSC) Optimal Drift
DUCATI-GP-3469,57.4,54.2,-1.3,9.2,Ducati Slide Control (DSC) Optimal Drift
DUCATI-GP-3470,16.1,84.1,3.3,5.1,Ducati Slide Control (DSC) Optimal Drift
DUCATI-GP-3471,53.6,52.6,-0.5,7.6,Ducati Slide Control (DSC) Optimal Drift
DUCATI-GP-3472,47.9,81.0,6.3,11.0,Ducati Slide Control (DSC) Optimal Drift
DUCATI-GP-3473,37.9,28.1,5.5,3.8,Ducati Slide Control (DSC) Optimal Drift
DUCATI-GP-3474,52.1,64.9,3.0,10.2,Ducati Slide Control (DSC) Optimal Drift
DUCATI-GP-3475,33.0,27.0,2.5,3.7,Ducati Slide Control (DSC) Optimal Drift
DUCATI-GP-3476,28.8,79.9,4.2,5.9,Ducati Slide Control (DSC) Optimal Drift
DUCATI-GP-3477,55.7,61.7,4.0,8.7,Ducati Slide Control (DSC) Optimal Drift
DUCATI-GP-3478,61.8,80.8,3.7,13.0,Ducati Slide Control (DSC) Optimal Drift
DUCATI-GP-3479,55.6,95.6,2.2,11.5,Ducati Slide Control (DSC) Optimal Drift
DUCATI-GP-3480,39.1,97.1,0.9,10.2,Ducati Slide Control (DSC) Optimal Drift
DUCATI-GP-3481,56.1,58.8,1.5,10.0,Ducati Slide Control (DSC) Optimal Drift
DUCATI-GP-3482,45.1,53.9,3.8,7.0,Ducati Slide Control (DSC) Optimal Drift
DUCATI-GP-3483,17.6,71.1,3.3,3.2,Ducati Slide Control (DSC) Optimal Drift
DUCATI-GP-3484,59.6,30.8,5.2,4.5,Ducati Slide Control (DSC) Optimal Drift
DUCATI-GP-3485,63.8,81.7,0.8,14.3,Highside Risk / Instant Torque Cut
DUCATI-GP-3486,31.5,56.8,1.5,5.3,Ducati Slide Control (DSC) Optimal Drift
DUCATI-GP-3487,35.0,37.0,4.4,5.9,Ducati Slide Control (DSC) Optimal Drift
DUCATI-GP-3488,29.9,52.5,2.6,5.8,Ducati Slide Control (DSC) Optimal Drift
DUCATI-GP-3489,62.5,45.6,3.2,8.4,Ducati Slide Control (DSC) Optimal Drift
DUCATI-GP-3490,38.8,91.2,1.7,11.7,Ducati Slide Control (DSC) Optimal Drift
DUCATI-GP-3491,40.2,88.2,0.2,9.5,Ducati Slide Control (DSC) Optimal Drift
DUCATI-GP-3492,37.4,30.9,1.6,4.5,Ducati Slide Control (DSC) Optimal Drift
DUCATI-GP-3493,46.8,34.0,-0.1,5.0,Ducati Slide Control (DSC) Optimal Drift
DUCATI-GP-3494,23.1,77.3,4.6,5.1,Ducati Slide Control (DSC) Optimal Drift
DUCATI-GP-3495,39.9,69.1,3.3,7.6,Ducati Slide Control (DSC) Optimal Drift
DUCATI-GP-3496,59.8,90.0,2.7,14.4,Highside Risk / Instant Torque Cut
DUCATI-GP-3497,42.0,48.9,3.2,4.8,Ducati Slide Control (DSC) Optimal Drift
DUCATI-GP-3498,23.1,20.4,0.1,2.0,Ducati Slide Control (DSC) Optimal Drift
DUCATI-GP-3499,28.7,41.2,3.5,3.2,Ducati Slide Control (DSC) Optimal Drift
DUCATI-GP-3500,63.2,61.7,0.3,11.1,Ducati Slide Control (DSC) Optimal Drift
DUCATI-GP-3501,50.8,88.2,3.4,12.1,Ducati Slide Control (DSC) Optimal Drift
DUCATI-GP-3502,35.0,76.0,1.6,8.0,Ducati Slide Control (DSC) Optimal Drift
DUCATI-GP-3503,55.9,88.1,2.0,13.1,Ducati Slide Control (DSC) Optimal Drift
DUCATI-GP-3504,26.0,51.6,4.4,4.5,Ducati Slide Control (DSC) Optimal Drift
DUCATI-GP-3505,47.4,48.0,2.4,8.5,Ducati Slide Control (DSC) Optimal Drift
DUCATI-GP-3506,46.1,21.4,-0.4,3.5,Ducati Slide Control (DSC) Optimal Drift
DUCATI-GP-3507,16.1,70.3,6.9,2.0,Ducati Slide Control (DSC) Optimal Drift
DUCATI-GP-3508,53.8,97.2,2.5,15.4,Ducati Slide Control (DSC) Optimal Drift
DUCATI-GP-3509,34.3,61.2,2.9,5.4,Ducati Slide Control (DSC) Optimal Drift
DUCATI-GP-3510,43.4,26.4,2.6,3.8,Ducati Slide Control (DSC) Optimal Drift
DUCATI-GP-3511,23.9,45.0,0.8,2.2,Ducati Slide Control (DSC) Optimal Drift
DUCATI-GP-3512,49.2,24.7,0.4,2.8,Ducati Slide Control (DSC) Optimal Drift
DUCATI-GP-3513,25.0,72.5,0.8,3.2,Ducati Slide Control (DSC) Optimal Drift
DUCATI-GP-3514,40.3,95.4,2.6,8.7,Ducati Slide Control (DSC) Optimal Drift
DUCATI-GP-3515,23.7,91.6,1.6,4.2,Ducati Slide Control (DSC) Optimal Drift
DUCATI-GP-3516,59.2,78.9,-0.1,13.7,Ducati Slide Control (DSC) Optimal Drift
DUCATI-GP-3517,45.8,67.0,-0.3,10.7,Ducati Slide Control (DSC) Optimal Drift
DUCATI-GP-3518,22.0,29.3,-0.2,2.6,Ducati Slide Control (DSC) Optimal Drift
DUCATI-GP-3519,47.5,47.4,0.8,5.0,Ducati Slide Control (DSC) Optimal Drift
DUCATI-GP-3520,59.9,92.8,4.8,14.3,Highside Risk / Instant Torque Cut
DUCATI-GP-3521,61.4,60.5,-0.6,6.7,Ducati Slide Control (DSC) Optimal Drift
DUCATI-GP-3522,32.4,57.9,2.6,6.1,Ducati Slide Control (DSC) Optimal Drift
DUCATI-GP-3523,20.1,27.3,2.9,2.0,Ducati Slide Control (DSC) Optimal Drift
DUCATI-GP-3524,23.7,67.3,0.2,6.1,Ducati Slide Control (DSC) Optimal Drift
DUCATI-GP-3525,50.3,24.0,4.4,2.4,Ducati Slide Control (DSC) Optimal Drift
DUCATI-GP-3526,22.8,74.6,1.5,2.9,Ducati Slide Control (DSC) Optimal Drift
DUCATI-GP-3527,26.4,45.7,5.2,3.0,Ducati Slide Control (DSC) Optimal Drift
DUCATI-GP-3528,35.3,22.1,2.1,4.2,Ducati Slide Control (DSC) Optimal Drift
DUCATI-GP-3529,26.7,28.4,1.7,2.0,Ducati Slide Control (DSC) Optimal Drift
DUCATI-GP-3530,21.0,89.0,3.2,3.8,Ducati Slide Control (DSC) Optimal Drift
DUCATI-GP-3531,27.8,43.8,6.3,3.2,Ducati Slide Control (DSC) Optimal Drift
DUCATI-GP-3532,21.4,32.0,2.5,3.8,Ducati Slide Control (DSC) Optimal Drift
DUCATI-GP-3533,27.1,47.1,1.9,4.4,Ducati Slide Control (DSC) Optimal Drift
DUCATI-GP-3534,51.0,91.8,1.5,13.2,Ducati Slide Control (DSC) Optimal Drift
DUCATI-GP-3535,42.4,34.6,4.0,4.6,Ducati Slide Control (DSC) Optimal Drift
DUCATI-GP-3536,30.2,79.3,0.4,6.3,Ducati Slide Control (DSC) Optimal Drift
DUCATI-GP-3537,16.2,59.7,0.3,3.8,Ducati Slide Control (DSC) Optimal Drift
DUCATI-GP-3538,54.7,82.2,4.7,11.2,Ducati Slide Control (DSC) Optimal Drift
DUCATI-GP-3539,43.9,27.3,4.0,2.4,Ducati Slide Control (DSC) Optimal Drift
DUCATI-GP-3540,56.9,24.8,4.8,3.4,Ducati Slide Control (DSC) Optimal Drift
DUCATI-GP-3541,31.9,83.6,2.2,4.9,Ducati Slide Control (DSC) Optimal Drift
DUCATI-GP-3542,45.1,48.3,7.7,6.4,Ducati Slide Control (DSC) Optimal Drift
DUCATI-GP-3543,27.3,92.4,3.1,7.9,Ducati Slide Control (DSC) Optimal Drift
DUCATI-GP-3544,29.3,97.9,4.0,8.2,Ducati Slide Control (DSC) Optimal Drift
DUCATI-GP-3545,34.9,31.8,4.3,3.6,Ducati Slide Control (DSC) Optimal Drift
DUCATI-GP-3546,55.9,26.3,2.9,4.6,Ducati Slide Control (DSC) Optimal Drift
DUCATI-GP-3547,53.6,65.6,1.7,9.6,Ducati Slide Control (DSC) Optimal Drift
DUCATI-GP-3548,21.0,32.2,0.9,2.0,Ducati Slide Control (DSC) Optimal Drift
DUCATI-GP-3549,62.3,92.8,3.5,14.4,Highside Risk / Instant Torque Cut
DUCATI-GP-3550,16.3,79.4,3.5,3.3,Ducati Slide Control (DSC) Optimal Drift
DUCATI-GP-3551,59.2,80.1,1.1,13.1,Ducati Slide Control (DSC) Optimal Drift
DUCATI-GP-3552,25.9,79.7,1.2,6.4,Ducati Slide Control (DSC) Optimal Drift
DUCATI-GP-3553,30.1,84.2,2.0,5.1,Ducati Slide Control (DSC) Optimal Drift
DUCATI-GP-3554,17.0,29.4,3.5,2.0,Ducati Slide Control (DSC) Optimal Drift
DUCATI-GP-3555,15.9,36.8,3.2,2.6,Ducati Slide Control (DSC) Optimal Drift
DUCATI-GP-3556,43.3,45.0,2.9,5.4,Ducati Slide Control (DSC) Optimal Drift
DUCATI-GP-3557,41.4,48.7,0.7,4.4,Ducati Slide Control (DSC) Optimal Drift
DUCATI-GP-3558,44.7,88.4,0.1,14.3,Ducati Slide Control (DSC) Optimal Drift
DUCATI-GP-3559,58.0,68.6,3.6,11.1,Ducati Slide Control (DSC) Optimal Drift
DUCATI-GP-3560,17.6,29.1,2.9,2.0,Ducati Slide Control (DSC) Optimal Drift
DUCATI-GP-3561,44.8,72.5,0.6,9.5,Ducati Slide Control (DSC) Optimal Drift
DUCATI-GP-3562,58.0,55.0,3.5,12.0,Ducati Slide Control (DSC) Optimal Drift
DUCATI-GP-3563,40.3,82.0,6.6,8.4,Ducati Slide Control (DSC) Optimal Drift
DUCATI-GP-3564,34.5,83.8,3.6,8.8,Ducati Slide Control (DSC) Optimal Drift
DUCATI-GP-3565,61.7,69.7,2.0,11.4,Ducati Slide Control (DSC) Optimal Drift
DUCATI-GP-3566,41.3,68.2,1.2,6.2,Ducati Slide Control (DSC) Optimal Drift
DUCATI-GP-3567,32.5,44.9,5.6,4.2,Ducati Slide Control (DSC) Optimal Drift
DUCATI-GP-3568,53.8,24.8,3.4,4.0,Ducati Slide Control (DSC) Optimal Drift
DUCATI-GP-3569,62.9,24.2,2.6,5.1,Ducati Slide Control (DSC) Optimal Drift
DUCATI-GP-3570,52.3,54.9,-0.1,8.7,Ducati Slide Control (DSC) Optimal Drift
DUCATI-GP-3571,16.3,32.6,1.2,2.0,Ducati Slide Control (DSC) Optimal Drift
DUCATI-GP-3572,60.0,57.2,1.9,11.8,Ducati Slide Control (DSC) Optimal Drift
DUCATI-GP-3573,57.2,56.5,3.4,7.4,Ducati Slide Control (DSC) Optimal Drift
DUCATI-GP-3574,54.9,87.4,5.3,12.5,Ducati Slide Control (DSC) Optimal Drift
DUCATI-GP-3575,62.8,25.7,0.3,3.8,Ducati Slide Control (DSC) Optimal Drift
DUCATI-GP-3576,36.5,23.8,3.8,3.9,Ducati Slide Control (DSC) Optimal Drift
DUCATI-GP-3577,49.0,57.5,1.8,6.1,Ducati Slide Control (DSC) Optimal Drift
DUCATI-GP-3578,32.5,83.9,2.8,8.0,Ducati Slide Control (DSC) Optimal Drift
DUCATI-GP-3579,29.8,34.9,3.1,2.0,Ducati Slide Control (DSC) Optimal Drift
DUCATI-GP-3580,32.4,91.3,4.3,6.3,Ducati Slide Control (DSC) Optimal Drift
DUCATI-GP-3581,31.4,99.7,-0.1,10.3,Ducati Slide Control (DSC) Optimal Drift
DUCATI-GP-3582,60.8,39.0,4.6,5.5,Ducati Slide Control (DSC) Optimal Drift
DUCATI-GP-3583,45.6,30.8,1.7,4.7,Ducati Slide Control (DSC) Optimal Drift
DUCATI-GP-3584,45.1,62.0,5.0,8.2,Ducati Slide Control (DSC) Optimal Drift
DUCATI-GP-3585,24.9,33.0,1.8,4.8,Ducati Slide Control (DSC) Optimal Drift
DUCATI-GP-3586,53.0,32.9,2.5,3.9,Ducati Slide Control (DSC) Optimal Drift
DUCATI-GP-3587,37.2,20.0,3.2,2.7,Ducati Slide Control (DSC) Optimal Drift
DUCATI-GP-3588,20.1,94.5,1.9,5.2,Ducati Slide Control (DSC) Optimal Drift
DUCATI-GP-3589,19.3,29.5,3.3,3.5,Ducati Slide Control (DSC) Optimal Drift
DUCATI-GP-3590,29.1,32.5,-0.9,2.5,Ducati Slide Control (DSC) Optimal Drift
DUCATI-GP-3591,28.6,87.3,3.4,7.0,Ducati Slide Control (DSC) Optimal Drift
DUCATI-GP-3592,50.7,65.8,-1.9,7.9,Ducati Slide Control (DSC) Optimal Drift
DUCATI-GP-3593,40.0,22.7,5.7,3.5,Ducati Slide Control (DSC) Optimal Drift
DUCATI-GP-3594,22.2,92.0,6.2,9.0,Ducati Slide Control (DSC) Optimal Drift
DUCATI-GP-3595,58.2,60.0,1.7,7.6,Ducati Slide Control (DSC) Optimal Drift
DUCATI-GP-3596,58.8,25.9,0.1,2.9,Ducati Slide Control (DSC) Optimal Drift
DUCATI-GP-3597,37.7,30.0,2.3,5.3,Ducati Slide Control (DSC) Optimal Drift
DUCATI-GP-3598,50.4,33.0,-1.2,4.4,Ducati Slide Control (DSC) Optimal Drift
DUCATI-GP-3599,17.9,62.4,4.4,2.3,Ducati Slide Control (DSC) Optimal Drift
DUCATI-GP-3600,40.7,20.4,0.7,2.3,Ducati Slide Control (DSC) Optimal Drift
DUCATI-GP-3601,34.6,56.0,4.6,6.3,Ducati Slide Control (DSC) Optimal Drift
DUCATI-GP-3602,48.6,62.2,5.5,8.4,Ducati Slide Control (DSC) Optimal Drift
DUCATI-GP-3603,63.8,92.6,-1.7,17.4,Highside Risk / Instant Torque Cut
DUCATI-GP-3604,19.0,61.0,2.2,4.4,Ducati Slide Control (DSC) Optimal Drift
DUCATI-GP-3605,50.2,77.1,1.9,10.3,Ducati Slide Control (DSC) Optimal Drift
DUCATI-GP-3606,44.7,51.6,-1.3,8.2,Ducati Slide Control (DSC) Optimal Drift
DUCATI-GP-3607,17.3,68.7,2.1,2.2,Ducati Slide Control (DSC) Optimal Drift
DUCATI-GP-3608,40.1,25.1,1.5,2.8,Ducati Slide Control (DSC) Optimal Drift
DUCATI-GP-3609,40.5,46.4,5.4,5.9,Ducati Slide Control (DSC) Optimal Drift
DUCATI-GP-3610,41.7,31.9,2.2,3.8,Ducati Slide Control (DSC) Optimal Drift
DUCATI-GP-3611,44.0,47.3,4.1,4.1,Ducati Slide Control (DSC) Optimal Drift
DUCATI-GP-3612,29.8,65.5,1.5,5.2,Ducati Slide Control (DSC) Optimal Drift
DUCATI-GP-3613,17.1,91.9,2.1,4.6,Ducati Slide Control (DSC) Optimal Drift
DUCATI-GP-3614,18.5,27.4,-0.7,4.3,Ducati Slide Control (DSC) Optimal Drift
DUCATI-GP-3615,39.4,43.5,0.7,6.4,Ducati Slide Control (DSC) Optimal Drift
DUCATI-GP-3616,52.6,91.2,2.5,11.7,Ducati Slide Control (DSC) Optimal Drift
DUCATI-GP-3617,34.6,69.3,4.0,7.2,Ducati Slide Control (DSC) Optimal Drift
DUCATI-GP-3618,15.3,89.1,2.7,2.0,Ducati Slide Control (DSC) Optimal Drift
DUCATI-GP-3619,19.4,38.6,3.4,2.2,Ducati Slide Control (DSC) Optimal Drift
DUCATI-GP-3620,32.9,50.0,2.1,7.4,Ducati Slide Control (DSC) Optimal Drift
DUCATI-GP-3621,21.7,41.8,-0.0,3.9,Ducati Slide Control (DSC) Optimal Drift
DUCATI-GP-3622,19.7,25.2,2.3,2.4,Ducati Slide Control (DSC) Optimal Drift
DUCATI-GP-3623,41.7,47.1,4.9,7.0,Ducati Slide Control (DSC) Optimal Drift
DUCATI-GP-3624,28.4,83.0,4.5,7.9,Ducati Slide Control (DSC) Optimal Drift
DUCATI-GP-3625,18.2,96.9,-1.1,3.4,Ducati Slide Control (DSC) Optimal Drift
DUCATI-GP-3626,26.2,69.7,4.1,6.5,Ducati Slide Control (DSC) Optimal Drift
DUCATI-GP-3627,21.3,66.5,0.8,3.6,Ducati Slide Control (DSC) Optimal Drift
DUCATI-GP-3628,52.5,39.8,2.6,5.5,Ducati Slide Control (DSC) Optimal Drift
DUCATI-GP-3629,57.1,71.6,1.8,11.5,Ducati Slide Control (DSC) Optimal Drift
DUCATI-GP-3630,32.6,93.7,1.6,9.8,Ducati Slide Control (DSC) Optimal Drift
DUCATI-GP-3631,42.6,62.2,5.3,7.4,Ducati Slide Control (DSC) Optimal Drift
DUCATI-GP-3632,36.1,58.8,3.5,7.0,Ducati Slide Control (DSC) Optimal Drift
DUCATI-GP-3633,60.0,59.8,4.6,9.6,Ducati Slide Control (DSC) Optimal Drift
DUCATI-GP-3634,21.4,24.3,-0.4,2.0,Ducati Slide Control (DSC) Optimal Drift
DUCATI-GP-3635,25.1,78.0,1.4,5.2,Ducati Slide Control (DSC) Optimal Drift
DUCATI-GP-3636,25.5,25.3,3.1,2.1,Ducati Slide Control (DSC) Optimal Drift
DUCATI-GP-3637,27.6,44.9,4.3,2.0,Ducati Slide Control (DSC) Optimal Drift
DUCATI-GP-3638,37.9,90.1,3.7,8.9,Ducati Slide Control (DSC) Optimal Drift
DUCATI-GP-3639,35.1,69.3,3.9,6.7,Ducati Slide Control (DSC) Optimal Drift
DUCATI-GP-3640,25.2,83.8,2.1,6.0,Ducati Slide Control (DSC) Optimal Drift
DUCATI-GP-3641,46.8,99.4,0.9,12.0,Ducati Slide Control (DSC) Optimal Drift
DUCATI-GP-3642,41.1,82.6,3.4,8.6,Ducati Slide Control (DSC) Optimal Drift
DUCATI-GP-3643,53.3,26.6,4.4,4.3,Ducati Slide Control (DSC) Optimal Drift
DUCATI-GP-3644,42.3,83.2,2.1,10.2,Ducati Slide Control (DSC) Optimal Drift
DUCATI-GP-3645,20.8,42.2,2.6,2.9,Ducati Slide Control (DSC) Optimal Drift
DUCATI-GP-3646,42.9,54.6,3.8,7.3,Ducati Slide Control (DSC) Optimal Drift
DUCATI-GP-3647,27.3,98.9,3.6,7.5,Ducati Slide Control (DSC) Optimal Drift
DUCATI-GP-3648,50.2,26.8,4.1,2.9,Ducati Slide Control (DSC) Optimal Drift
DUCATI-GP-3649,21.8,51.4,0.8,4.1,Ducati Slide Control (DSC) Optimal Drift
DUCATI-GP-3650,22.4,80.3,3.5,5.0,Ducati Slide Control (DSC) Optimal Drift
DUCATI-GP-3651,32.6,22.9,1.1,2.3,Ducati Slide Control (DSC) Optimal Drift
DUCATI-GP-3652,36.8,31.8,3.4,3.5,Ducati Slide Control (DSC) Optimal Drift
DUCATI-GP-3653,44.4,72.3,1.3,9.3,Ducati Slide Control (DSC) Optimal Drift
DUCATI-GP-3654,52.0,43.3,4.8,6.0,Ducati Slide Control (DSC) Optimal Drift
DUCATI-GP-3655,32.6,81.6,2.2,7.5,Ducati Slide Control (DSC) Optimal Drift
DUCATI-GP-3656,58.9,71.4,3.2,13.4,Ducati Slide Control (DSC) Optimal Drift
DUCATI-GP-3657,20.2,36.2,0.7,2.2,Ducati Slide Control (DSC) Optimal Drift
DUCATI-GP-3658,25.7,34.7,0.4,4.1,Ducati Slide Control (DSC) Optimal Drift
DUCATI-GP-3659,47.2,71.0,3.5,8.9,Ducati Slide Control (DSC) Optimal Drift
DUCATI-GP-3660,62.9,25.8,-0.5,5.4,Ducati Slide Control (DSC) Optimal Drift
DUCATI-GP-3661,36.0,60.0,3.5,6.7,Ducati Slide Control (DSC) Optimal Drift
DUCATI-GP-3662,54.9,80.7,1.7,13.4,Ducati Slide Control (DSC) Optimal Drift
DUCATI-GP-3663,60.9,37.8,1.9,9.0,Ducati Slide Control (DSC) Optimal Drift
DUCATI-GP-3664,15.5,81.2,3.8,3.3,Ducati Slide Control (DSC) Optimal Drift
DUCATI-GP-3665,45.9,36.8,1.6,5.4,Ducati Slide Control (DSC) Optimal Drift
DUCATI-GP-3666,44.9,46.5,4.0,5.2,Ducati Slide Control (DSC) Optimal Drift
DUCATI-GP-3667,23.3,73.3,2.9,3.8,Ducati Slide Control (DSC) Optimal Drift
DUCATI-GP-3668,55.2,79.6,2.1,11.4,Ducati Slide Control (DSC) Optimal Drift
DUCATI-GP-3669,37.0,94.8,1.4,8.3,Ducati Slide Control (DSC) Optimal Drift
DUCATI-GP-3670,40.2,82.1,2.9,9.8,Ducati Slide Control (DSC) Optimal Drift
DUCATI-GP-3671,41.1,46.6,-0.1,4.4,Ducati Slide Control (DSC) Optimal Drift
DUCATI-GP-3672,41.6,58.6,3.5,7.1,Ducati Slide Control (DSC) Optimal Drift
DUCATI-GP-3673,51.0,27.2,1.3,2.9,Ducati Slide Control (DSC) Optimal Drift
DUCATI-GP-3674,37.4,90.8,7.1,11.5,Ducati Slide Control (DSC) Optimal Drift
DUCATI-GP-3675,37.6,46.4,5.3,3.0,Ducati Slide Control (DSC) Optimal Drift
DUCATI-GP-3676,62.8,22.6,1.3,3.6,Ducati Slide Control (DSC) Optimal Drift
DUCATI-GP-3677,60.7,45.1,4.9,7.8,Ducati Slide Control (DSC) Optimal Drift
DUCATI-GP-3678,56.4,63.6,1.9,9.8,Ducati Slide Control (DSC) Optimal Drift
DUCATI-GP-3679,60.5,56.0,1.9,10.7,Ducati Slide Control (DSC) Optimal Drift
DUCATI-GP-3680,33.4,63.2,1.5,5.1,Ducati Slide Control (DSC) Optimal Drift
DUCATI-GP-3681,52.0,39.9,-1.1,5.9,Ducati Slide Control (DSC) Optimal Drift
DUCATI-GP-3682,40.2,28.1,4.1,2.6,Ducati Slide Control (DSC) Optimal Drift
DUCATI-GP-3683,53.8,84.3,0.5,11.5,Ducati Slide Control (DSC) Optimal Drift
DUCATI-GP-3684,59.0,47.5,1.8,8.1,Ducati Slide Control (DSC) Optimal Drift
DUCATI-GP-3685,27.1,58.2,1.6,4.6,Ducati Slide Control (DSC) Optimal Drift
DUCATI-GP-3686,41.5,77.0,6.5,8.9,Ducati Slide Control (DSC) Optimal Drift
DUCATI-GP-3687,19.2,76.7,3.5,4.7,Ducati Slide Control (DSC) Optimal Drift
DUCATI-GP-3688,35.8,41.5,2.5,4.0,Ducati Slide Control (DSC) Optimal Drift
DUCATI-GP-3689,22.0,93.1,3.7,7.1,Ducati Slide Control (DSC) Optimal Drift
DUCATI-GP-3690,43.1,82.8,1.0,10.1,Ducati Slide Control (DSC) Optimal Drift
DUCATI-GP-3691,51.7,71.1,3.4,11.1,Ducati Slide Control (DSC) Optimal Drift
DUCATI-GP-3692,56.8,99.8,2.1,15.9,Highside Risk / Instant Torque Cut
DUCATI-GP-3693,24.8,81.5,3.4,6.3,Ducati Slide Control (DSC) Optimal Drift
DUCATI-GP-3694,48.2,41.9,0.5,5.4,Ducati Slide Control (DSC) Optimal Drift
DUCATI-GP-3695,61.1,73.3,2.0,13.1,Ducati Slide Control (DSC) Optimal Drift
DUCATI-GP-3696,37.7,31.9,-0.5,2.0,Ducati Slide Control (DSC) Optimal Drift
DUCATI-GP-3697,29.2,29.7,3.6,2.0,Ducati Slide Control (DSC) Optimal Drift
DUCATI-GP-3698,17.1,91.8,5.5,4.6,Ducati Slide Control (DSC) Optimal Drift
DUCATI-GP-3699,56.6,61.7,0.7,10.3,Ducati Slide Control (DSC) Optimal Drift
DUCATI-GP-3700,49.1,68.1,2.0,10.5,Ducati Slide Control (DSC) Optimal Drift
DUCATI-GP-3701,56.8,88.4,6.0,12.9,Ducati Slide Control (DSC) Optimal Drift
DUCATI-GP-3702,50.5,25.4,1.7,5.4,Ducati Slide Control (DSC) Optimal Drift
DUCATI-GP-3703,24.7,84.1,2.3,7.2,Ducati Slide Control (DSC) Optimal Drift
DUCATI-GP-3704,41.9,81.7,2.5,11.8,Ducati Slide Control (DSC) Optimal Drift
DUCATI-GP-3705,39.2,44.1,1.5,4.5,Ducati Slide Control (DSC) Optimal Drift
DUCATI-GP-3706,58.8,60.2,2.4,11.5,Ducati Slide Control (DSC) Optimal Drift
DUCATI-GP-3707,30.3,90.6,3.8,7.5,Ducati Slide Control (DSC) Optimal Drift
DUCATI-GP-3708,47.8,64.2,2.3,8.0,Ducati Slide Control (DSC) Optimal Drift
DUCATI-GP-3709,35.9,55.9,4.2,3.9,Ducati Slide Control (DSC) Optimal Drift
DUCATI-GP-3710,33.8,80.4,2.7,8.3,Ducati Slide Control (DSC) Optimal Drift
DUCATI-GP-3711,46.6,58.8,4.5,9.1,Ducati Slide Control (DSC) Optimal Drift
DUCATI-GP-3712,61.1,91.5,1.3,12.3,Ducati Slide Control (DSC) Optimal Drift
DUCATI-GP-3713,39.6,24.8,1.5,3.6,Ducati Slide Control (DSC) Optimal Drift
DUCATI-GP-3714,22.8,39.9,5.6,2.0,Ducati Slide Control (DSC) Optimal Drift
DUCATI-GP-3715,24.5,80.8,0.9,6.5,Ducati Slide Control (DSC) Optimal Drift
DUCATI-GP-3716,16.9,24.3,0.9,2.0,Ducati Slide Control (DSC) Optimal Drift
DUCATI-GP-3717,53.5,63.6,3.6,8.8,Ducati Slide Control (DSC) Optimal Drift
DUCATI-GP-3718,39.7,32.7,2.4,3.1,Ducati Slide Control (DSC) Optimal Drift
DUCATI-GP-3719,47.3,55.9,0.3,8.4,Ducati Slide Control (DSC) Optimal Drift
DUCATI-GP-3720,20.1,81.2,2.9,3.0,Ducati Slide Control (DSC) Optimal Drift
DUCATI-GP-3721,28.5,51.4,3.4,3.2,Ducati Slide Control (DSC) Optimal Drift
DUCATI-GP-3722,34.3,37.7,2.7,2.5,Ducati Slide Control (DSC) Optimal Drift
DUCATI-GP-3723,17.4,43.7,2.1,2.8,Ducati Slide Control (DSC) Optimal Drift
DUCATI-GP-3724,27.3,61.6,2.3,3.4,Ducati Slide Control (DSC) Optimal Drift
DUCATI-GP-3725,23.7,51.7,3.5,4.9,Ducati Slide Control (DSC) Optimal Drift
DUCATI-GP-3726,17.6,41.5,3.4,2.2,Ducati Slide Control (DSC) Optimal Drift
DUCATI-GP-3727,34.2,66.9,1.1,3.0,Ducati Slide Control (DSC) Optimal Drift
DUCATI-GP-3728,19.4,78.2,3.8,2.0,Ducati Slide Control (DSC) Optimal Drift
DUCATI-GP-3729,28.3,82.1,3.1,6.1,Ducati Slide Control (DSC) Optimal Drift
DUCATI-GP-3730,41.0,90.4,2.0,10.7,Ducati Slide Control (DSC) Optimal Drift
DUCATI-GP-3731,15.8,44.7,6.4,2.0,Ducati Slide Control (DSC) Optimal Drift
DUCATI-GP-3732,51.7,54.6,3.3,7.0,Ducati Slide Control (DSC) Optimal Drift
DUCATI-GP-3733,43.4,80.0,0.5,9.4,Ducati Slide Control (DSC) Optimal Drift
DUCATI-GP-3734,30.9,88.5,1.7,7.4,Ducati Slide Control (DSC) Optimal Drift
DUCATI-GP-3735,47.0,68.2,2.1,9.4,Ducati Slide Control (DSC) Optimal Drift
DUCATI-GP-3736,39.2,69.2,2.8,6.7,Ducati Slide Control (DSC) Optimal Drift
DUCATI-GP-3737,61.6,84.6,2.0,13.8,Ducati Slide Control (DSC) Optimal Drift
DUCATI-GP-3738,19.5,81.7,5.3,2.0,Ducati Slide Control (DSC) Optimal Drift
DUCATI-GP-3739,45.3,22.6,2.6,3.7,Ducati Slide Control (DSC) Optimal Drift
DUCATI-GP-3740,29.7,58.8,1.3,7.0,Ducati Slide Control (DSC) Optimal Drift
DUCATI-GP-3741,16.9,73.2,2.4,4.8,Ducati Slide Control (DSC) Optimal Drift
DUCATI-GP-3742,58.7,89.2,1.6,14.0,Ducati Slide Control (DSC) Optimal Drift
DUCATI-GP-3743,19.0,37.9,1.8,2.3,Ducati Slide Control (DSC) Optimal Drift
DUCATI-GP-3744,49.8,92.0,2.3,13.1,Ducati Slide Control (DSC) Optimal Drift
DUCATI-GP-3745,46.2,75.3,0.4,9.7,Ducati Slide Control (DSC) Optimal Drift
DUCATI-GP-3746,48.8,22.7,2.2,3.4,Ducati Slide Control (DSC) Optimal Drift
DUCATI-GP-3747,29.1,22.0,0.8,4.8,Ducati Slide Control (DSC) Optimal Drift
DUCATI-GP-3748,30.8,48.4,1.2,5.5,Ducati Slide Control (DSC) Optimal Drift
DUCATI-GP-3749,57.0,96.7,-0.2,16.3,Highside Risk / Instant Torque Cut
DUCATI-GP-3750,35.6,22.6,4.6,2.0,Ducati Slide Control (DSC) Optimal Drift
DUCATI-GP-3751,20.0,98.9,-0.1,4.4,Ducati Slide Control (DSC) Optimal Drift
DUCATI-GP-3752,57.6,77.0,1.7,12.5,Ducati Slide Control (DSC) Optimal Drift
DUCATI-GP-3753,28.4,67.3,4.0,7.2,Ducati Slide Control (DSC) Optimal Drift
DUCATI-GP-3754,57.6,21.3,4.0,2.9,Ducati Slide Control (DSC) Optimal Drift
DUCATI-GP-3755,17.3,82.9,2.3,3.3,Ducati Slide Control (DSC) Optimal Drift
DUCATI-GP-3756,40.0,72.9,-0.3,10.2,Ducati Slide Control (DSC) Optimal Drift
DUCATI-GP-3757,31.0,88.8,2.7,9.5,Ducati Slide Control (DSC) Optimal Drift
DUCATI-GP-3758,62.6,88.1,5.5,12.9,Ducati Slide Control (DSC) Optimal Drift
DUCATI-GP-3759,38.3,89.9,0.0,8.1,Ducati Slide Control (DSC) Optimal Drift
DUCATI-GP-3760,23.1,53.7,2.8,3.6,Ducati Slide Control (DSC) Optimal Drift
DUCATI-GP-3761,63.8,67.0,6.0,12.8,Ducati Slide Control (DSC) Optimal Drift
DUCATI-GP-3762,20.8,54.9,4.4,4.2,Ducati Slide Control (DSC) Optimal Drift
DUCATI-GP-3763,39.4,94.2,0.5,9.3,Ducati Slide Control (DSC) Optimal Drift
DUCATI-GP-3764,16.6,22.2,1.5,2.0,Ducati Slide Control (DSC) Optimal Drift
DUCATI-GP-3765,21.7,85.8,3.4,5.2,Ducati Slide Control (DSC) Optimal Drift
DUCATI-GP-3766,63.4,49.1,1.7,8.2,Ducati Slide Control (DSC) Optimal Drift
DUCATI-GP-3767,20.0,67.4,2.5,2.8,Ducati Slide Control (DSC) Optimal Drift
DUCATI-GP-3768,24.8,44.9,3.5,2.0,Ducati Slide Control (DSC) Optimal Drift
DUCATI-GP-3769,53.8,97.3,4.0,12.7,Ducati Slide Control (DSC) Optimal Drift
DUCATI-GP-3770,59.0,27.1,-0.4,2.4,Ducati Slide Control (DSC) Optimal Drift
DUCATI-GP-3771,43.8,63.4,0.1,8.2,Ducati Slide Control (DSC) Optimal Drift
DUCATI-GP-3772,55.3,85.6,2.7,12.5,Ducati Slide Control (DSC) Optimal Drift
DUCATI-GP-3773,54.9,79.5,6.3,11.8,Ducati Slide Control (DSC) Optimal Drift
DUCATI-GP-3774,46.4,25.5,-1.7,3.4,Ducati Slide Control (DSC) Optimal Drift
DUCATI-GP-3775,15.3,32.1,2.9,2.0,Ducati Slide Control (DSC) Optimal Drift
DUCATI-GP-3776,44.9,72.8,-0.2,10.2,Ducati Slide Control (DSC) Optimal Drift
DUCATI-GP-3777,31.9,66.6,0.5,4.3,Ducati Slide Control (DSC) Optimal Drift
DUCATI-GP-3778,24.6,31.0,0.1,3.5,Ducati Slide Control (DSC) Optimal Drift
DUCATI-GP-3779,34.0,29.1,4.4,3.7,Ducati Slide Control (DSC) Optimal Drift
DUCATI-GP-3780,24.8,39.3,3.2,2.0,Ducati Slide Control (DSC) Optimal Drift
DUCATI-GP-3781,40.7,90.2,1.4,7.5,Ducati Slide Control (DSC) Optimal Drift
DUCATI-GP-3782,26.6,95.0,3.8,6.6,Ducati Slide Control (DSC) Optimal Drift
DUCATI-GP-3783,62.0,68.5,-0.0,11.7,Ducati Slide Control (DSC) Optimal Drift
DUCATI-GP-3784,37.7,35.6,1.3,3.9,Ducati Slide Control (DSC) Optimal Drift
DUCATI-GP-3785,21.8,34.9,0.6,2.8,Ducati Slide Control (DSC) Optimal Drift
DUCATI-GP-3786,53.4,49.3,1.0,9.0,Ducati Slide Control (DSC) Optimal Drift
DUCATI-GP-3787,20.7,79.4,5.5,3.9,Ducati Slide Control (DSC) Optimal Drift
DUCATI-GP-3788,47.5,61.5,3.3,7.2,Ducati Slide Control (DSC) Optimal Drift
DUCATI-GP-3789,62.9,78.3,0.8,12.3,Ducati Slide Control (DSC) Optimal Drift
DUCATI-GP-3790,37.3,78.6,0.0,8.1,Ducati Slide Control (DSC) Optimal Drift
DUCATI-GP-3791,34.3,71.9,4.4,8.5,Ducati Slide Control (DSC) Optimal Drift
DUCATI-GP-3792,15.4,62.5,4.6,3.2,Ducati Slide Control (DSC) Optimal Drift
DUCATI-GP-3793,32.3,81.0,0.9,7.5,Ducati Slide Control (DSC) Optimal Drift
DUCATI-GP-3794,19.9,23.2,-1.5,2.0,Ducati Slide Control (DSC) Optimal Drift
DUCATI-GP-3795,46.7,69.3,1.1,10.6,Ducati Slide Control (DSC) Optimal Drift
DUCATI-GP-3796,47.6,69.1,2.7,9.4,Ducati Slide Control (DSC) Optimal Drift
DUCATI-GP-3797,21.9,83.1,1.3,5.2,Ducati Slide Control (DSC) Optimal Drift
DUCATI-GP-3798,23.6,89.4,3.2,5.3,Ducati Slide Control (DSC) Optimal Drift
DUCATI-GP-3799,44.5,62.0,0.6,7.0,Ducati Slide Control (DSC) Optimal Drift
