Terrain_Run_ID,Wheel_Slip_Ratio_pct,Soil_Shear_Strength_kPa,ATPC_Crawl_Speed_kmh,Wheel_Articulation_Travel_mm,Terrain_Classification
DEFENDER-ATPC-1000,18.8,75.3,5.8,147.2,Optimal Rock Crawl / Grass-Gravel Grip
DEFENDER-ATPC-1001,19.4,26.5,2.8,187.0,Deep Sand / Mud Bog Ruts Active
DEFENDER-ATPC-1002,26.6,83.0,5.6,452.7,Optimal Rock Crawl / Grass-Gravel Grip
DEFENDER-ATPC-1003,41.2,79.9,4.9,237.6,Optimal Rock Crawl / Grass-Gravel Grip
DEFENDER-ATPC-1004,4.9,64.4,6.0,376.6,Optimal Rock Crawl / Grass-Gravel Grip
DEFENDER-ATPC-1005,37.2,85.3,5.3,173.4,Optimal Rock Crawl / Grass-Gravel Grip
DEFENDER-ATPC-1006,34.1,33.2,2.3,450.1,Deep Sand / Mud Bog Ruts Active
DEFENDER-ATPC-1007,4.3,20.9,3.3,414.1,Deep Sand / Mud Bog Ruts Active
DEFENDER-ATPC-1008,30.6,36.9,2.2,387.0,Optimal Rock Crawl / Grass-Gravel Grip
DEFENDER-ATPC-1009,32.3,94.5,6.1,370.7,Optimal Rock Crawl / Grass-Gravel Grip
DEFENDER-ATPC-1010,40.5,54.0,3.1,143.0,Optimal Rock Crawl / Grass-Gravel Grip
DEFENDER-ATPC-1011,5.7,84.1,7.4,195.8,Optimal Rock Crawl / Grass-Gravel Grip
DEFENDER-ATPC-1012,14.9,49.5,4.3,129.0,Optimal Rock Crawl / Grass-Gravel Grip
DEFENDER-ATPC-1013,5.2,76.6,6.5,421.9,Optimal Rock Crawl / Grass-Gravel Grip
DEFENDER-ATPC-1014,19.3,57.9,5.0,252.2,Optimal Rock Crawl / Grass-Gravel Grip
DEFENDER-ATPC-1015,27.2,66.9,4.7,268.3,Optimal Rock Crawl / Grass-Gravel Grip
DEFENDER-ATPC-1016,4.2,82.4,7.5,440.3,Optimal Rock Crawl / Grass-Gravel Grip
DEFENDER-ATPC-1017,23.7,25.8,1.9,247.9,Deep Sand / Mud Bog Ruts Active
DEFENDER-ATPC-1018,19.7,60.4,4.0,177.6,Optimal Rock Crawl / Grass-Gravel Grip
DEFENDER-ATPC-1019,28.7,81.3,5.3,279.6,Optimal Rock Crawl / Grass-Gravel Grip
DEFENDER-ATPC-1020,14.4,30.7,3.2,249.1,Deep Sand / Mud Bog Ruts Active
DEFENDER-ATPC-1021,29.8,46.9,3.5,378.3,Optimal Rock Crawl / Grass-Gravel Grip
DEFENDER-ATPC-1022,19.0,73.3,5.2,479.0,Optimal Rock Crawl / Grass-Gravel Grip
DEFENDER-ATPC-1023,17.0,69.9,5.9,305.2,Optimal Rock Crawl / Grass-Gravel Grip
DEFENDER-ATPC-1024,11.3,64.9,5.3,474.8,Optimal Rock Crawl / Grass-Gravel Grip
DEFENDER-ATPC-1025,24.2,76.3,6.1,230.6,Optimal Rock Crawl / Grass-Gravel Grip
DEFENDER-ATPC-1026,28.0,86.4,5.9,136.5,Optimal Rock Crawl / Grass-Gravel Grip
DEFENDER-ATPC-1027,25.9,23.0,1.9,405.0,Deep Sand / Mud Bog Ruts Active
DEFENDER-ATPC-1028,18.0,44.0,4.0,397.2,Optimal Rock Crawl / Grass-Gravel Grip
DEFENDER-ATPC-1029,26.6,90.0,6.1,231.4,Optimal Rock Crawl / Grass-Gravel Grip
DEFENDER-ATPC-1030,5.0,22.9,2.9,217.2,Deep Sand / Mud Bog Ruts Active
DEFENDER-ATPC-1031,19.6,35.0,3.5,272.6,Deep Sand / Mud Bog Ruts Active
DEFENDER-ATPC-1032,10.1,76.7,6.6,129.0,Optimal Rock Crawl / Grass-Gravel Grip
DEFENDER-ATPC-1033,19.4,91.0,6.9,261.0,Optimal Rock Crawl / Grass-Gravel Grip
DEFENDER-ATPC-1034,7.8,54.2,5.0,274.0,Optimal Rock Crawl / Grass-Gravel Grip
DEFENDER-ATPC-1035,36.5,17.2,1.0,214.2,Deep Sand / Mud Bog Ruts Active
DEFENDER-ATPC-1036,36.9,64.9,3.4,420.4,Optimal Rock Crawl / Grass-Gravel Grip
DEFENDER-ATPC-1037,5.4,34.0,3.4,368.0,Deep Sand / Mud Bog Ruts Active
DEFENDER-ATPC-1038,8.1,59.5,5.0,328.7,Optimal Rock Crawl / Grass-Gravel Grip
DEFENDER-ATPC-1039,7.8,47.4,4.2,478.3,Optimal Rock Crawl / Grass-Gravel Grip
DEFENDER-ATPC-1040,6.8,24.2,3.0,157.8,Deep Sand / Mud Bog Ruts Active
DEFENDER-ATPC-1041,10.5,59.6,5.3,321.8,Optimal Rock Crawl / Grass-Gravel Grip
DEFENDER-ATPC-1042,29.5,27.6,1.4,396.9,Deep Sand / Mud Bog Ruts Active
DEFENDER-ATPC-1043,6.7,80.1,7.0,437.1,Optimal Rock Crawl / Grass-Gravel Grip
DEFENDER-ATPC-1044,12.0,89.1,7.2,473.8,Optimal Rock Crawl / Grass-Gravel Grip
DEFENDER-ATPC-1045,5.3,46.7,4.7,223.0,Optimal Rock Crawl / Grass-Gravel Grip
DEFENDER-ATPC-1046,20.5,59.9,5.0,419.9,Optimal Rock Crawl / Grass-Gravel Grip
DEFENDER-ATPC-1047,12.0,87.8,7.3,205.2,Optimal Rock Crawl / Grass-Gravel Grip
DEFENDER-ATPC-1048,30.8,40.3,2.6,266.6,Optimal Rock Crawl / Grass-Gravel Grip
DEFENDER-ATPC-1049,10.0,72.8,6.3,406.1,Optimal Rock Crawl / Grass-Gravel Grip
DEFENDER-ATPC-1050,2.8,23.4,3.2,414.9,Deep Sand / Mud Bog Ruts Active
DEFENDER-ATPC-1051,37.8,15.7,1.0,452.9,Deep Sand / Mud Bog Ruts Active
DEFENDER-ATPC-1052,6.9,43.9,4.7,386.7,Optimal Rock Crawl / Grass-Gravel Grip
DEFENDER-ATPC-1053,15.6,38.1,3.4,381.3,Optimal Rock Crawl / Grass-Gravel Grip
DEFENDER-ATPC-1054,26.8,17.8,1.6,201.7,Deep Sand / Mud Bog Ruts Active
DEFENDER-ATPC-1055,6.5,20.0,2.7,180.0,Deep Sand / Mud Bog Ruts Active
DEFENDER-ATPC-1056,12.4,32.1,3.3,456.2,Deep Sand / Mud Bog Ruts Active
DEFENDER-ATPC-1057,32.3,20.8,1.6,403.1,Deep Sand / Mud Bog Ruts Active
DEFENDER-ATPC-1058,31.7,34.6,2.3,401.5,Deep Sand / Mud Bog Ruts Active
DEFENDER-ATPC-1059,33.4,57.6,3.2,122.0,Optimal Rock Crawl / Grass-Gravel Grip
DEFENDER-ATPC-1060,27.1,71.2,5.3,443.9,Optimal Rock Crawl / Grass-Gravel Grip
DEFENDER-ATPC-1061,4.3,78.3,7.0,477.2,Optimal Rock Crawl / Grass-Gravel Grip
DEFENDER-ATPC-1062,20.5,43.9,3.5,287.7,Optimal Rock Crawl / Grass-Gravel Grip
DEFENDER-ATPC-1063,14.0,57.6,5.3,275.0,Optimal Rock Crawl / Grass-Gravel Grip
DEFENDER-ATPC-1064,8.0,61.0,5.3,428.2,Optimal Rock Crawl / Grass-Gravel Grip
DEFENDER-ATPC-1065,23.1,16.6,1.7,352.9,Deep Sand / Mud Bog Ruts Active
DEFENDER-ATPC-1066,7.2,79.2,7.3,282.4,Optimal Rock Crawl / Grass-Gravel Grip
DEFENDER-ATPC-1067,35.0,37.3,2.3,414.7,Optimal Rock Crawl / Grass-Gravel Grip
DEFENDER-ATPC-1068,40.7,25.8,1.3,465.6,Deep Sand / Mud Bog Ruts Active
DEFENDER-ATPC-1069,13.7,84.0,6.7,353.2,Optimal Rock Crawl / Grass-Gravel Grip
DEFENDER-ATPC-1070,29.8,90.8,5.8,256.4,Optimal Rock Crawl / Grass-Gravel Grip
DEFENDER-ATPC-1071,36.2,25.3,1.0,212.1,Deep Sand / Mud Bog Ruts Active
DEFENDER-ATPC-1072,7.9,53.0,5.3,287.0,Optimal Rock Crawl / Grass-Gravel Grip
DEFENDER-ATPC-1073,27.8,83.8,5.9,413.3,Optimal Rock Crawl / Grass-Gravel Grip
DEFENDER-ATPC-1074,23.1,20.8,1.9,274.2,Deep Sand / Mud Bog Ruts Active
DEFENDER-ATPC-1075,25.5,72.9,5.2,255.1,Optimal Rock Crawl / Grass-Gravel Grip
DEFENDER-ATPC-1076,9.5,22.2,2.4,190.9,Deep Sand / Mud Bog Ruts Active
DEFENDER-ATPC-1077,9.8,61.5,5.7,420.8,Optimal Rock Crawl / Grass-Gravel Grip
DEFENDER-ATPC-1078,13.8,15.8,2.1,208.5,Deep Sand / Mud Bog Ruts Active
DEFENDER-ATPC-1079,32.0,22.8,1.3,478.2,Deep Sand / Mud Bog Ruts Active
DEFENDER-ATPC-1080,10.3,57.4,5.1,466.5,Optimal Rock Crawl / Grass-Gravel Grip
DEFENDER-ATPC-1081,7.8,39.1,4.3,305.7,Optimal Rock Crawl / Grass-Gravel Grip
DEFENDER-ATPC-1082,28.5,52.2,3.7,373.4,Optimal Rock Crawl / Grass-Gravel Grip
DEFENDER-ATPC-1083,24.6,58.4,4.1,232.9,Optimal Rock Crawl / Grass-Gravel Grip
DEFENDER-ATPC-1084,3.2,88.9,8.2,273.9,Optimal Rock Crawl / Grass-Gravel Grip
DEFENDER-ATPC-1085,31.3,52.3,3.9,191.4,Optimal Rock Crawl / Grass-Gravel Grip
DEFENDER-ATPC-1086,27.7,89.3,6.3,434.1,Optimal Rock Crawl / Grass-Gravel Grip
DEFENDER-ATPC-1087,36.7,43.9,2.8,462.3,Optimal Rock Crawl / Grass-Gravel Grip
DEFENDER-ATPC-1088,25.3,24.5,2.2,291.9,Deep Sand / Mud Bog Ruts Active
DEFENDER-ATPC-1089,22.6,64.3,4.9,213.7,Optimal Rock Crawl / Grass-Gravel Grip
DEFENDER-ATPC-1090,28.6,44.9,2.8,257.8,Optimal Rock Crawl / Grass-Gravel Grip
DEFENDER-ATPC-1091,31.9,64.4,4.1,248.0,Optimal Rock Crawl / Grass-Gravel Grip
DEFENDER-ATPC-1092,30.8,32.8,2.5,156.4,Deep Sand / Mud Bog Ruts Active
DEFENDER-ATPC-1093,30.0,68.9,4.6,398.6,Optimal Rock Crawl / Grass-Gravel Grip
DEFENDER-ATPC-1094,13.0,63.3,5.5,276.9,Optimal Rock Crawl / Grass-Gravel Grip
DEFENDER-ATPC-1095,34.8,22.1,1.0,145.7,Deep Sand / Mud Bog Ruts Active
DEFENDER-ATPC-1096,19.6,36.4,3.3,159.5,Optimal Rock Crawl / Grass-Gravel Grip
DEFENDER-ATPC-1097,31.2,43.5,2.6,411.2,Optimal Rock Crawl / Grass-Gravel Grip
DEFENDER-ATPC-1098,10.7,44.1,4.4,284.8,Optimal Rock Crawl / Grass-Gravel Grip
DEFENDER-ATPC-1099,40.6,30.7,1.2,277.8,Deep Sand / Mud Bog Ruts Active
DEFENDER-ATPC-1100,10.0,36.8,3.3,417.3,Optimal Rock Crawl / Grass-Gravel Grip
DEFENDER-ATPC-1101,2.4,59.8,5.8,258.6,Optimal Rock Crawl / Grass-Gravel Grip
DEFENDER-ATPC-1102,29.0,55.7,3.9,196.4,Optimal Rock Crawl / Grass-Gravel Grip
DEFENDER-ATPC-1103,30.0,19.5,1.7,425.7,Deep Sand / Mud Bog Ruts Active
DEFENDER-ATPC-1104,21.8,39.5,3.2,467.4,Optimal Rock Crawl / Grass-Gravel Grip
DEFENDER-ATPC-1105,12.7,63.4,5.5,324.9,Optimal Rock Crawl / Grass-Gravel Grip
DEFENDER-ATPC-1106,5.0,28.4,2.5,201.8,Deep Sand / Mud Bog Ruts Active
DEFENDER-ATPC-1107,28.6,54.1,4.3,381.7,Optimal Rock Crawl / Grass-Gravel Grip
DEFENDER-ATPC-1108,27.2,24.5,2.4,193.4,Deep Sand / Mud Bog Ruts Active
DEFENDER-ATPC-1109,30.2,30.2,2.4,380.5,Deep Sand / Mud Bog Ruts Active
DEFENDER-ATPC-1110,11.5,83.6,7.2,326.1,Optimal Rock Crawl / Grass-Gravel Grip
DEFENDER-ATPC-1111,26.6,32.7,2.2,334.5,Deep Sand / Mud Bog Ruts Active
DEFENDER-ATPC-1112,20.9,33.5,3.0,297.5,Deep Sand / Mud Bog Ruts Active
DEFENDER-ATPC-1113,16.7,79.0,6.6,165.3,Optimal Rock Crawl / Grass-Gravel Grip
DEFENDER-ATPC-1114,15.7,46.6,3.9,153.2,Optimal Rock Crawl / Grass-Gravel Grip
DEFENDER-ATPC-1115,9.0,21.9,2.5,157.5,Deep Sand / Mud Bog Ruts Active
DEFENDER-ATPC-1116,5.6,78.5,6.4,416.3,Optimal Rock Crawl / Grass-Gravel Grip
DEFENDER-ATPC-1117,9.4,65.1,5.4,285.8,Optimal Rock Crawl / Grass-Gravel Grip
DEFENDER-ATPC-1118,41.5,73.3,4.7,470.3,Optimal Rock Crawl / Grass-Gravel Grip
DEFENDER-ATPC-1119,27.3,74.3,5.2,404.6,Optimal Rock Crawl / Grass-Gravel Grip
DEFENDER-ATPC-1120,39.9,34.8,2.5,308.6,Deep Sand / Mud Bog Ruts Active
DEFENDER-ATPC-1121,39.3,16.3,1.0,326.2,Deep Sand / Mud Bog Ruts Active
DEFENDER-ATPC-1122,5.7,65.8,5.7,178.9,Optimal Rock Crawl / Grass-Gravel Grip
DEFENDER-ATPC-1123,8.6,86.3,7.7,232.0,Optimal Rock Crawl / Grass-Gravel Grip
DEFENDER-ATPC-1124,30.5,93.9,6.8,233.9,Optimal Rock Crawl / Grass-Gravel Grip
DEFENDER-ATPC-1125,10.7,41.7,4.0,383.7,Optimal Rock Crawl / Grass-Gravel Grip
DEFENDER-ATPC-1126,28.4,87.9,6.2,367.5,Optimal Rock Crawl / Grass-Gravel Grip
DEFENDER-ATPC-1127,6.7,38.9,4.3,361.8,Optimal Rock Crawl / Grass-Gravel Grip
DEFENDER-ATPC-1128,25.5,31.1,2.1,356.5,Deep Sand / Mud Bog Ruts Active
DEFENDER-ATPC-1129,26.3,76.2,5.7,450.2,Optimal Rock Crawl / Grass-Gravel Grip
DEFENDER-ATPC-1130,19.5,27.5,2.1,231.2,Deep Sand / Mud Bog Ruts Active
DEFENDER-ATPC-1131,5.6,82.7,7.5,420.5,Optimal Rock Crawl / Grass-Gravel Grip
DEFENDER-ATPC-1132,40.1,66.9,3.8,439.8,Optimal Rock Crawl / Grass-Gravel Grip
DEFENDER-ATPC-1133,18.6,44.1,3.4,228.3,Optimal Rock Crawl / Grass-Gravel Grip
DEFENDER-ATPC-1134,32.2,72.5,5.1,202.8,Optimal Rock Crawl / Grass-Gravel Grip
DEFENDER-ATPC-1135,7.9,15.6,2.5,213.0,Deep Sand / Mud Bog Ruts Active
DEFENDER-ATPC-1136,32.4,47.3,3.4,282.8,Optimal Rock Crawl / Grass-Gravel Grip
DEFENDER-ATPC-1137,31.6,36.4,2.2,312.9,Optimal Rock Crawl / Grass-Gravel Grip
DEFENDER-ATPC-1138,2.4,25.5,3.4,273.2,Deep Sand / Mud Bog Ruts Active
DEFENDER-ATPC-1139,23.9,48.1,3.5,409.2,Optimal Rock Crawl / Grass-Gravel Grip
DEFENDER-ATPC-1140,13.3,39.4,4.0,245.9,Optimal Rock Crawl / Grass-Gravel Grip
DEFENDER-ATPC-1141,13.5,94.5,7.8,175.5,Optimal Rock Crawl / Grass-Gravel Grip
DEFENDER-ATPC-1142,10.6,33.3,3.5,432.6,Deep Sand / Mud Bog Ruts Active
DEFENDER-ATPC-1143,29.0,78.3,5.4,366.6,Optimal Rock Crawl / Grass-Gravel Grip
DEFENDER-ATPC-1144,33.8,86.8,6.1,122.6,Optimal Rock Crawl / Grass-Gravel Grip
DEFENDER-ATPC-1145,35.8,34.0,1.9,428.8,Deep Sand / Mud Bog Ruts Active
DEFENDER-ATPC-1146,35.9,75.6,4.8,252.2,Optimal Rock Crawl / Grass-Gravel Grip
DEFENDER-ATPC-1147,28.4,54.1,4.1,296.7,Optimal Rock Crawl / Grass-Gravel Grip
DEFENDER-ATPC-1148,19.6,62.0,4.1,318.3,Optimal Rock Crawl / Grass-Gravel Grip
DEFENDER-ATPC-1149,31.4,22.1,1.2,393.0,Deep Sand / Mud Bog Ruts Active
DEFENDER-ATPC-1150,31.6,68.4,5.1,336.6,Optimal Rock Crawl / Grass-Gravel Grip
DEFENDER-ATPC-1151,41.4,51.1,3.3,444.8,Optimal Rock Crawl / Grass-Gravel Grip
DEFENDER-ATPC-1152,26.1,38.0,2.6,267.5,Optimal Rock Crawl / Grass-Gravel Grip
DEFENDER-ATPC-1153,10.9,26.1,3.0,320.5,Deep Sand / Mud Bog Ruts Active
DEFENDER-ATPC-1154,35.9,79.5,4.9,409.2,Optimal Rock Crawl / Grass-Gravel Grip
DEFENDER-ATPC-1155,4.8,57.8,5.2,221.1,Optimal Rock Crawl / Grass-Gravel Grip
DEFENDER-ATPC-1156,18.4,53.0,4.4,429.0,Optimal Rock Crawl / Grass-Gravel Grip
DEFENDER-ATPC-1157,2.2,30.4,3.3,239.5,Deep Sand / Mud Bog Ruts Active
DEFENDER-ATPC-1158,11.4,30.2,2.9,448.4,Deep Sand / Mud Bog Ruts Active
DEFENDER-ATPC-1159,41.5,37.2,1.9,207.3,Optimal Rock Crawl / Grass-Gravel Grip
DEFENDER-ATPC-1160,15.1,43.9,4.1,259.0,Optimal Rock Crawl / Grass-Gravel Grip
DEFENDER-ATPC-1161,4.3,66.2,6.2,432.8,Optimal Rock Crawl / Grass-Gravel Grip
DEFENDER-ATPC-1162,34.6,54.4,3.8,343.8,Optimal Rock Crawl / Grass-Gravel Grip
DEFENDER-ATPC-1163,17.1,78.0,6.0,399.3,Optimal Rock Crawl / Grass-Gravel Grip
DEFENDER-ATPC-1164,12.7,58.2,4.9,144.6,Optimal Rock Crawl / Grass-Gravel Grip
DEFENDER-ATPC-1165,31.8,67.8,4.9,433.1,Optimal Rock Crawl / Grass-Gravel Grip
DEFENDER-ATPC-1166,36.7,86.5,5.9,215.3,Optimal Rock Crawl / Grass-Gravel Grip
DEFENDER-ATPC-1167,9.4,27.0,3.2,192.3,Deep Sand / Mud Bog Ruts Active
DEFENDER-ATPC-1168,31.1,69.2,5.0,228.5,Optimal Rock Crawl / Grass-Gravel Grip
DEFENDER-ATPC-1169,19.6,67.5,5.5,198.8,Optimal Rock Crawl / Grass-Gravel Grip
DEFENDER-ATPC-1170,11.8,52.3,4.6,167.7,Optimal Rock Crawl / Grass-Gravel Grip
DEFENDER-ATPC-1171,39.9,45.9,2.5,265.8,Optimal Rock Crawl / Grass-Gravel Grip
DEFENDER-ATPC-1172,38.5,36.0,2.6,156.5,Optimal Rock Crawl / Grass-Gravel Grip
DEFENDER-ATPC-1173,32.1,20.2,1.1,469.5,Deep Sand / Mud Bog Ruts Active
DEFENDER-ATPC-1174,40.2,81.9,4.7,268.4,Optimal Rock Crawl / Grass-Gravel Grip
DEFENDER-ATPC-1175,15.6,75.0,5.7,171.2,Optimal Rock Crawl / Grass-Gravel Grip
DEFENDER-ATPC-1176,29.9,61.9,4.7,235.2,Optimal Rock Crawl / Grass-Gravel Grip
DEFENDER-ATPC-1177,13.3,31.1,2.8,293.2,Deep Sand / Mud Bog Ruts Active
DEFENDER-ATPC-1178,3.3,28.5,3.0,332.8,Deep Sand / Mud Bog Ruts Active
DEFENDER-ATPC-1179,5.7,79.1,6.9,359.2,Optimal Rock Crawl / Grass-Gravel Grip
DEFENDER-ATPC-1180,41.6,15.7,1.0,351.8,Deep Sand / Mud Bog Ruts Active
DEFENDER-ATPC-1181,14.5,47.6,4.3,261.5,Optimal Rock Crawl / Grass-Gravel Grip
DEFENDER-ATPC-1182,33.8,50.2,3.4,172.0,Optimal Rock Crawl / Grass-Gravel Grip
DEFENDER-ATPC-1183,27.5,40.5,3.0,457.9,Optimal Rock Crawl / Grass-Gravel Grip
DEFENDER-ATPC-1184,15.2,21.2,2.7,423.8,Deep Sand / Mud Bog Ruts Active
DEFENDER-ATPC-1185,16.7,41.8,3.3,338.3,Optimal Rock Crawl / Grass-Gravel Grip
DEFENDER-ATPC-1186,28.6,15.5,1.6,371.6,Deep Sand / Mud Bog Ruts Active
DEFENDER-ATPC-1187,39.1,29.5,1.5,301.4,Deep Sand / Mud Bog Ruts Active
DEFENDER-ATPC-1188,13.2,53.2,5.2,301.3,Optimal Rock Crawl / Grass-Gravel Grip
DEFENDER-ATPC-1189,28.1,34.0,2.5,468.1,Deep Sand / Mud Bog Ruts Active
DEFENDER-ATPC-1190,33.9,55.9,3.6,317.0,Optimal Rock Crawl / Grass-Gravel Grip
DEFENDER-ATPC-1191,37.0,36.5,2.3,203.4,Optimal Rock Crawl / Grass-Gravel Grip
DEFENDER-ATPC-1192,20.8,58.8,4.6,427.4,Optimal Rock Crawl / Grass-Gravel Grip
DEFENDER-ATPC-1193,14.0,46.0,4.1,168.1,Optimal Rock Crawl / Grass-Gravel Grip
DEFENDER-ATPC-1194,28.0,53.6,3.6,157.8,Optimal Rock Crawl / Grass-Gravel Grip
DEFENDER-ATPC-1195,32.3,34.3,2.0,173.3,Deep Sand / Mud Bog Ruts Active
DEFENDER-ATPC-1196,19.0,79.8,6.2,329.3,Optimal Rock Crawl / Grass-Gravel Grip
DEFENDER-ATPC-1197,13.5,51.9,5.2,343.2,Optimal Rock Crawl / Grass-Gravel Grip
DEFENDER-ATPC-1198,15.8,91.5,6.5,207.9,Optimal Rock Crawl / Grass-Gravel Grip
DEFENDER-ATPC-1199,16.3,93.6,7.5,471.5,Optimal Rock Crawl / Grass-Gravel Grip
DEFENDER-ATPC-1200,23.0,64.0,4.9,255.4,Optimal Rock Crawl / Grass-Gravel Grip
DEFENDER-ATPC-1201,41.5,83.4,4.8,278.0,Optimal Rock Crawl / Grass-Gravel Grip
DEFENDER-ATPC-1202,3.4,53.2,5.2,171.0,Optimal Rock Crawl / Grass-Gravel Grip
DEFENDER-ATPC-1203,9.1,32.7,3.2,453.8,Deep Sand / Mud Bog Ruts Active
DEFENDER-ATPC-1204,27.4,29.6,2.0,270.6,Deep Sand / Mud Bog Ruts Active
DEFENDER-ATPC-1205,10.3,37.6,4.0,312.0,Optimal Rock Crawl / Grass-Gravel Grip
DEFENDER-ATPC-1206,7.1,64.9,5.6,266.1,Optimal Rock Crawl / Grass-Gravel Grip
DEFENDER-ATPC-1207,11.4,32.0,3.4,218.4,Deep Sand / Mud Bog Ruts Active
DEFENDER-ATPC-1208,27.1,34.3,2.4,155.2,Deep Sand / Mud Bog Ruts Active
DEFENDER-ATPC-1209,38.8,84.1,5.0,139.3,Optimal Rock Crawl / Grass-Gravel Grip
DEFENDER-ATPC-1210,37.2,39.9,2.6,425.8,Optimal Rock Crawl / Grass-Gravel Grip
DEFENDER-ATPC-1211,10.7,63.9,5.1,307.5,Optimal Rock Crawl / Grass-Gravel Grip
DEFENDER-ATPC-1212,36.6,90.5,5.7,326.6,Optimal Rock Crawl / Grass-Gravel Grip
DEFENDER-ATPC-1213,41.1,65.0,4.0,469.4,Optimal Rock Crawl / Grass-Gravel Grip
DEFENDER-ATPC-1214,12.1,78.5,6.2,454.0,Optimal Rock Crawl / Grass-Gravel Grip
DEFENDER-ATPC-1215,29.3,37.5,2.9,346.2,Optimal Rock Crawl / Grass-Gravel Grip
DEFENDER-ATPC-1216,12.0,73.9,6.0,331.6,Optimal Rock Crawl / Grass-Gravel Grip
DEFENDER-ATPC-1217,25.4,68.4,4.4,253.3,Optimal Rock Crawl / Grass-Gravel Grip
DEFENDER-ATPC-1218,33.5,91.2,5.9,406.7,Optimal Rock Crawl / Grass-Gravel Grip
DEFENDER-ATPC-1219,30.0,38.4,2.3,152.5,Optimal Rock Crawl / Grass-Gravel Grip
DEFENDER-ATPC-1220,32.0,64.0,4.2,444.0,Optimal Rock Crawl / Grass-Gravel Grip
DEFENDER-ATPC-1221,27.0,57.3,4.2,249.0,Optimal Rock Crawl / Grass-Gravel Grip
DEFENDER-ATPC-1222,32.2,40.5,2.2,399.4,Optimal Rock Crawl / Grass-Gravel Grip
DEFENDER-ATPC-1223,27.4,92.4,6.8,374.1,Optimal Rock Crawl / Grass-Gravel Grip
DEFENDER-ATPC-1224,19.6,48.5,4.4,345.8,Optimal Rock Crawl / Grass-Gravel Grip
DEFENDER-ATPC-1225,41.5,18.7,1.0,195.6,Deep Sand / Mud Bog Ruts Active
DEFENDER-ATPC-1226,31.6,36.2,2.8,413.5,Optimal Rock Crawl / Grass-Gravel Grip
DEFENDER-ATPC-1227,35.6,89.9,6.1,374.4,Optimal Rock Crawl / Grass-Gravel Grip
DEFENDER-ATPC-1228,25.9,42.8,3.2,463.1,Optimal Rock Crawl / Grass-Gravel Grip
DEFENDER-ATPC-1229,16.6,78.5,6.4,232.2,Optimal Rock Crawl / Grass-Gravel Grip
DEFENDER-ATPC-1230,5.9,66.5,6.1,454.9,Optimal Rock Crawl / Grass-Gravel Grip
DEFENDER-ATPC-1231,37.8,70.6,4.6,379.2,Optimal Rock Crawl / Grass-Gravel Grip
DEFENDER-ATPC-1232,29.2,25.8,1.4,311.7,Deep Sand / Mud Bog Ruts Active
DEFENDER-ATPC-1233,36.9,45.8,2.9,127.0,Optimal Rock Crawl / Grass-Gravel Grip
DEFENDER-ATPC-1234,38.2,16.6,1.0,270.3,Deep Sand / Mud Bog Ruts Active
DEFENDER-ATPC-1235,36.2,93.4,5.9,129.4,Optimal Rock Crawl / Grass-Gravel Grip
DEFENDER-ATPC-1236,40.0,88.9,5.0,269.0,Optimal Rock Crawl / Grass-Gravel Grip
DEFENDER-ATPC-1237,24.7,41.3,3.1,300.8,Optimal Rock Crawl / Grass-Gravel Grip
DEFENDER-ATPC-1238,15.6,41.8,3.5,256.0,Optimal Rock Crawl / Grass-Gravel Grip
DEFENDER-ATPC-1239,26.8,23.7,1.9,384.4,Deep Sand / Mud Bog Ruts Active
DEFENDER-ATPC-1240,34.7,42.4,3.0,355.5,Optimal Rock Crawl / Grass-Gravel Grip
DEFENDER-ATPC-1241,24.3,88.6,6.6,375.5,Optimal Rock Crawl / Grass-Gravel Grip
DEFENDER-ATPC-1242,39.1,52.6,2.9,372.2,Optimal Rock Crawl / Grass-Gravel Grip
DEFENDER-ATPC-1243,25.7,78.2,6.0,462.3,Optimal Rock Crawl / Grass-Gravel Grip
DEFENDER-ATPC-1244,41.9,55.8,3.1,415.2,Optimal Rock Crawl / Grass-Gravel Grip
DEFENDER-ATPC-1245,11.4,77.8,6.0,197.6,Optimal Rock Crawl / Grass-Gravel Grip
DEFENDER-ATPC-1246,37.9,32.0,2.0,478.8,Deep Sand / Mud Bog Ruts Active
DEFENDER-ATPC-1247,41.9,77.5,5.0,362.8,Optimal Rock Crawl / Grass-Gravel Grip
DEFENDER-ATPC-1248,41.0,89.1,5.0,256.6,Optimal Rock Crawl / Grass-Gravel Grip
DEFENDER-ATPC-1249,37.2,61.1,3.6,164.1,Optimal Rock Crawl / Grass-Gravel Grip
DEFENDER-ATPC-1250,15.3,36.1,3.4,331.7,Optimal Rock Crawl / Grass-Gravel Grip
DEFENDER-ATPC-1251,31.5,45.4,2.9,462.0,Optimal Rock Crawl / Grass-Gravel Grip
DEFENDER-ATPC-1252,28.3,67.1,4.3,246.8,Optimal Rock Crawl / Grass-Gravel Grip
DEFENDER-ATPC-1253,34.7,46.2,2.6,131.5,Optimal Rock Crawl / Grass-Gravel Grip
DEFENDER-ATPC-1254,14.6,52.1,4.2,452.6,Optimal Rock Crawl / Grass-Gravel Grip
DEFENDER-ATPC-1255,39.0,89.2,6.1,455.0,Optimal Rock Crawl / Grass-Gravel Grip
DEFENDER-ATPC-1256,5.1,26.8,2.6,339.2,Deep Sand / Mud Bog Ruts Active
DEFENDER-ATPC-1257,8.7,50.3,4.5,184.3,Optimal Rock Crawl / Grass-Gravel Grip
DEFENDER-ATPC-1258,5.7,21.0,3.1,162.4,Deep Sand / Mud Bog Ruts Active
DEFENDER-ATPC-1259,20.8,84.5,6.0,408.1,Optimal Rock Crawl / Grass-Gravel Grip
DEFENDER-ATPC-1260,38.7,55.6,3.4,359.9,Optimal Rock Crawl / Grass-Gravel Grip
DEFENDER-ATPC-1261,39.2,51.6,2.7,431.8,Optimal Rock Crawl / Grass-Gravel Grip
DEFENDER-ATPC-1262,37.0,68.4,4.3,143.2,Optimal Rock Crawl / Grass-Gravel Grip
DEFENDER-ATPC-1263,19.3,71.9,5.3,122.7,Optimal Rock Crawl / Grass-Gravel Grip
DEFENDER-ATPC-1264,7.7,43.8,4.3,190.7,Optimal Rock Crawl / Grass-Gravel Grip
DEFENDER-ATPC-1265,14.2,61.5,4.9,351.7,Optimal Rock Crawl / Grass-Gravel Grip
DEFENDER-ATPC-1266,35.3,69.9,4.5,411.7,Optimal Rock Crawl / Grass-Gravel Grip
DEFENDER-ATPC-1267,27.4,25.3,1.5,130.5,Deep Sand / Mud Bog Ruts Active
DEFENDER-ATPC-1268,37.9,51.5,3.7,183.4,Optimal Rock Crawl / Grass-Gravel Grip
DEFENDER-ATPC-1269,3.0,93.8,8.0,289.8,Optimal Rock Crawl / Grass-Gravel Grip
DEFENDER-ATPC-1270,16.4,57.1,4.5,331.9,Optimal Rock Crawl / Grass-Gravel Grip
DEFENDER-ATPC-1271,12.6,48.6,4.6,322.6,Optimal Rock Crawl / Grass-Gravel Grip
DEFENDER-ATPC-1272,4.4,70.5,6.6,474.1,Optimal Rock Crawl / Grass-Gravel Grip
DEFENDER-ATPC-1273,29.8,57.9,4.0,376.4,Optimal Rock Crawl / Grass-Gravel Grip
DEFENDER-ATPC-1274,27.6,83.3,5.7,345.8,Optimal Rock Crawl / Grass-Gravel Grip
DEFENDER-ATPC-1275,3.3,37.8,4.5,266.7,Optimal Rock Crawl / Grass-Gravel Grip
DEFENDER-ATPC-1276,26.6,36.5,2.4,222.2,Optimal Rock Crawl / Grass-Gravel Grip
DEFENDER-ATPC-1277,3.2,90.5,7.8,415.5,Optimal Rock Crawl / Grass-Gravel Grip
DEFENDER-ATPC-1278,30.9,46.4,2.8,309.0,Optimal Rock Crawl / Grass-Gravel Grip
DEFENDER-ATPC-1279,8.8,60.2,5.1,277.7,Optimal Rock Crawl / Grass-Gravel Grip
DEFENDER-ATPC-1280,22.5,25.6,2.2,232.4,Deep Sand / Mud Bog Ruts Active
DEFENDER-ATPC-1281,23.1,89.6,6.2,469.0,Optimal Rock Crawl / Grass-Gravel Grip
DEFENDER-ATPC-1282,17.7,86.2,7.5,408.7,Optimal Rock Crawl / Grass-Gravel Grip
DEFENDER-ATPC-1283,12.7,87.9,7.3,194.4,Optimal Rock Crawl / Grass-Gravel Grip
DEFENDER-ATPC-1284,30.0,38.6,2.9,206.9,Optimal Rock Crawl / Grass-Gravel Grip
DEFENDER-ATPC-1285,39.0,44.4,2.3,382.3,Optimal Rock Crawl / Grass-Gravel Grip
DEFENDER-ATPC-1286,31.9,84.0,5.5,213.6,Optimal Rock Crawl / Grass-Gravel Grip
DEFENDER-ATPC-1287,12.1,64.7,5.3,145.4,Optimal Rock Crawl / Grass-Gravel Grip
DEFENDER-ATPC-1288,4.7,28.4,3.4,257.8,Deep Sand / Mud Bog Ruts Active
DEFENDER-ATPC-1289,39.5,38.2,1.9,262.9,Optimal Rock Crawl / Grass-Gravel Grip
DEFENDER-ATPC-1290,14.7,77.7,6.3,439.2,Optimal Rock Crawl / Grass-Gravel Grip
DEFENDER-ATPC-1291,26.5,37.1,3.0,254.9,Optimal Rock Crawl / Grass-Gravel Grip
DEFENDER-ATPC-1292,38.7,73.7,4.5,309.5,Optimal Rock Crawl / Grass-Gravel Grip
DEFENDER-ATPC-1293,7.7,56.9,4.8,297.7,Optimal Rock Crawl / Grass-Gravel Grip
DEFENDER-ATPC-1294,5.0,62.9,6.0,472.2,Optimal Rock Crawl / Grass-Gravel Grip
DEFENDER-ATPC-1295,16.1,21.0,2.6,163.9,Deep Sand / Mud Bog Ruts Active
DEFENDER-ATPC-1296,23.8,65.4,4.2,377.2,Optimal Rock Crawl / Grass-Gravel Grip
DEFENDER-ATPC-1297,9.5,77.4,6.6,234.8,Optimal Rock Crawl / Grass-Gravel Grip
DEFENDER-ATPC-1298,6.8,92.6,7.6,321.3,Optimal Rock Crawl / Grass-Gravel Grip
DEFENDER-ATPC-1299,13.0,93.7,7.4,203.5,Optimal Rock Crawl / Grass-Gravel Grip
DEFENDER-ATPC-1300,12.3,41.8,4.3,361.8,Optimal Rock Crawl / Grass-Gravel Grip
DEFENDER-ATPC-1301,8.5,85.3,7.0,292.2,Optimal Rock Crawl / Grass-Gravel Grip
DEFENDER-ATPC-1302,17.3,62.3,5.0,303.1,Optimal Rock Crawl / Grass-Gravel Grip
DEFENDER-ATPC-1303,7.9,43.0,4.4,409.6,Optimal Rock Crawl / Grass-Gravel Grip
DEFENDER-ATPC-1304,12.5,79.7,6.1,122.3,Optimal Rock Crawl / Grass-Gravel Grip
DEFENDER-ATPC-1305,19.5,84.8,6.5,230.5,Optimal Rock Crawl / Grass-Gravel Grip
DEFENDER-ATPC-1306,37.5,82.3,5.6,302.6,Optimal Rock Crawl / Grass-Gravel Grip
DEFENDER-ATPC-1307,8.8,48.3,4.9,184.7,Optimal Rock Crawl / Grass-Gravel Grip
DEFENDER-ATPC-1308,32.9,31.9,2.3,446.9,Deep Sand / Mud Bog Ruts Active
DEFENDER-ATPC-1309,33.4,93.1,6.5,196.3,Optimal Rock Crawl / Grass-Gravel Grip
DEFENDER-ATPC-1310,3.2,39.6,4.1,153.6,Optimal Rock Crawl / Grass-Gravel Grip
DEFENDER-ATPC-1311,32.1,49.3,3.6,144.4,Optimal Rock Crawl / Grass-Gravel Grip
DEFENDER-ATPC-1312,15.0,40.1,3.8,152.6,Optimal Rock Crawl / Grass-Gravel Grip
DEFENDER-ATPC-1313,36.6,67.8,3.7,299.7,Optimal Rock Crawl / Grass-Gravel Grip
DEFENDER-ATPC-1314,28.5,88.8,5.8,171.1,Optimal Rock Crawl / Grass-Gravel Grip
DEFENDER-ATPC-1315,39.6,41.5,2.2,422.4,Optimal Rock Crawl / Grass-Gravel Grip
DEFENDER-ATPC-1316,40.3,39.8,2.1,324.7,Optimal Rock Crawl / Grass-Gravel Grip
DEFENDER-ATPC-1317,37.0,74.1,4.7,239.0,Optimal Rock Crawl / Grass-Gravel Grip
DEFENDER-ATPC-1318,31.5,92.0,6.3,270.2,Optimal Rock Crawl / Grass-Gravel Grip
DEFENDER-ATPC-1319,37.2,20.1,1.0,405.1,Deep Sand / Mud Bog Ruts Active
DEFENDER-ATPC-1320,22.4,77.4,5.8,160.4,Optimal Rock Crawl / Grass-Gravel Grip
DEFENDER-ATPC-1321,20.0,57.1,4.8,308.9,Optimal Rock Crawl / Grass-Gravel Grip
DEFENDER-ATPC-1322,19.8,56.4,4.5,332.8,Optimal Rock Crawl / Grass-Gravel Grip
DEFENDER-ATPC-1323,31.0,41.4,3.0,414.6,Optimal Rock Crawl / Grass-Gravel Grip
DEFENDER-ATPC-1324,37.1,22.5,1.5,336.8,Deep Sand / Mud Bog Ruts Active
DEFENDER-ATPC-1325,16.5,49.8,4.4,424.6,Optimal Rock Crawl / Grass-Gravel Grip
DEFENDER-ATPC-1326,41.8,42.6,2.0,259.0,Optimal Rock Crawl / Grass-Gravel Grip
DEFENDER-ATPC-1327,10.8,89.9,7.3,449.1,Optimal Rock Crawl / Grass-Gravel Grip
DEFENDER-ATPC-1328,39.9,57.9,3.2,315.9,Optimal Rock Crawl / Grass-Gravel Grip
DEFENDER-ATPC-1329,25.1,75.3,5.6,306.6,Optimal Rock Crawl / Grass-Gravel Grip
DEFENDER-ATPC-1330,10.0,78.8,6.7,264.4,Optimal Rock Crawl / Grass-Gravel Grip
DEFENDER-ATPC-1331,27.3,78.0,5.4,295.0,Optimal Rock Crawl / Grass-Gravel Grip
DEFENDER-ATPC-1332,2.0,82.8,7.3,470.9,Optimal Rock Crawl / Grass-Gravel Grip
DEFENDER-ATPC-1333,21.1,91.4,7.0,345.8,Optimal Rock Crawl / Grass-Gravel Grip
DEFENDER-ATPC-1334,14.8,42.0,3.7,193.3,Optimal Rock Crawl / Grass-Gravel Grip
DEFENDER-ATPC-1335,22.8,88.7,6.3,329.6,Optimal Rock Crawl / Grass-Gravel Grip
DEFENDER-ATPC-1336,5.0,49.4,4.1,220.6,Optimal Rock Crawl / Grass-Gravel Grip
DEFENDER-ATPC-1337,5.1,83.5,7.2,186.4,Optimal Rock Crawl / Grass-Gravel Grip
DEFENDER-ATPC-1338,12.4,57.3,5.0,278.6,Optimal Rock Crawl / Grass-Gravel Grip
DEFENDER-ATPC-1339,26.7,94.6,7.0,409.7,Optimal Rock Crawl / Grass-Gravel Grip
DEFENDER-ATPC-1340,10.6,39.1,3.7,310.1,Optimal Rock Crawl / Grass-Gravel Grip
DEFENDER-ATPC-1341,41.9,86.5,5.5,263.6,Optimal Rock Crawl / Grass-Gravel Grip
DEFENDER-ATPC-1342,12.2,49.3,4.6,341.7,Optimal Rock Crawl / Grass-Gravel Grip
DEFENDER-ATPC-1343,8.1,57.5,5.0,234.8,Optimal Rock Crawl / Grass-Gravel Grip
DEFENDER-ATPC-1344,10.5,77.2,6.9,394.0,Optimal Rock Crawl / Grass-Gravel Grip
DEFENDER-ATPC-1345,28.3,57.3,4.2,312.7,Optimal Rock Crawl / Grass-Gravel Grip
DEFENDER-ATPC-1346,19.0,90.0,6.8,135.5,Optimal Rock Crawl / Grass-Gravel Grip
DEFENDER-ATPC-1347,35.2,32.3,1.8,320.9,Deep Sand / Mud Bog Ruts Active
DEFENDER-ATPC-1348,4.8,59.0,4.7,224.3,Optimal Rock Crawl / Grass-Gravel Grip
DEFENDER-ATPC-1349,30.4,46.4,3.2,122.0,Optimal Rock Crawl / Grass-Gravel Grip
DEFENDER-ATPC-1350,30.7,66.2,4.4,217.9,Optimal Rock Crawl / Grass-Gravel Grip
DEFENDER-ATPC-1351,32.6,50.0,3.6,422.9,Optimal Rock Crawl / Grass-Gravel Grip
DEFENDER-ATPC-1352,35.2,84.2,5.7,380.1,Optimal Rock Crawl / Grass-Gravel Grip
DEFENDER-ATPC-1353,24.8,60.2,4.9,216.0,Optimal Rock Crawl / Grass-Gravel Grip
DEFENDER-ATPC-1354,41.2,39.6,1.9,346.2,Optimal Rock Crawl / Grass-Gravel Grip
DEFENDER-ATPC-1355,22.1,92.7,6.5,251.4,Optimal Rock Crawl / Grass-Gravel Grip
DEFENDER-ATPC-1356,14.4,28.7,3.1,458.2,Deep Sand / Mud Bog Ruts Active
DEFENDER-ATPC-1357,28.3,60.5,4.6,397.5,Optimal Rock Crawl / Grass-Gravel Grip
DEFENDER-ATPC-1358,20.8,49.8,4.2,270.5,Optimal Rock Crawl / Grass-Gravel Grip
DEFENDER-ATPC-1359,6.9,40.5,4.5,163.0,Optimal Rock Crawl / Grass-Gravel Grip
DEFENDER-ATPC-1360,12.5,84.8,6.9,217.1,Optimal Rock Crawl / Grass-Gravel Grip
DEFENDER-ATPC-1361,28.7,17.9,1.1,433.3,Deep Sand / Mud Bog Ruts Active
DEFENDER-ATPC-1362,41.5,63.2,3.4,155.8,Optimal Rock Crawl / Grass-Gravel Grip
DEFENDER-ATPC-1363,28.5,68.7,4.7,176.4,Optimal Rock Crawl / Grass-Gravel Grip
DEFENDER-ATPC-1364,15.2,47.3,3.7,199.1,Optimal Rock Crawl / Grass-Gravel Grip
DEFENDER-ATPC-1365,28.0,27.9,2.3,234.9,Deep Sand / Mud Bog Ruts Active
DEFENDER-ATPC-1366,36.3,30.1,1.8,239.5,Deep Sand / Mud Bog Ruts Active
DEFENDER-ATPC-1367,32.2,40.4,3.0,194.0,Optimal Rock Crawl / Grass-Gravel Grip
DEFENDER-ATPC-1368,13.0,75.2,5.8,220.7,Optimal Rock Crawl / Grass-Gravel Grip
DEFENDER-ATPC-1369,13.2,85.8,6.8,218.6,Optimal Rock Crawl / Grass-Gravel Grip
DEFENDER-ATPC-1370,16.3,20.9,2.2,432.7,Deep Sand / Mud Bog Ruts Active
DEFENDER-ATPC-1371,32.4,51.1,3.7,243.2,Optimal Rock Crawl / Grass-Gravel Grip
DEFENDER-ATPC-1372,28.8,16.8,1.2,237.7,Deep Sand / Mud Bog Ruts Active
DEFENDER-ATPC-1373,34.7,51.9,3.4,393.3,Optimal Rock Crawl / Grass-Gravel Grip
DEFENDER-ATPC-1374,20.7,94.6,7.2,401.9,Optimal Rock Crawl / Grass-Gravel Grip
DEFENDER-ATPC-1375,38.0,25.8,1.0,379.6,Deep Sand / Mud Bog Ruts Active
DEFENDER-ATPC-1376,17.0,28.0,3.1,299.0,Deep Sand / Mud Bog Ruts Active
DEFENDER-ATPC-1377,2.8,19.2,3.2,120.9,Deep Sand / Mud Bog Ruts Active
DEFENDER-ATPC-1378,8.7,60.2,5.1,359.6,Optimal Rock Crawl / Grass-Gravel Grip
DEFENDER-ATPC-1379,7.7,17.7,2.4,349.0,Deep Sand / Mud Bog Ruts Active
DEFENDER-ATPC-1380,15.0,35.5,3.3,289.1,Optimal Rock Crawl / Grass-Gravel Grip
DEFENDER-ATPC-1381,21.3,21.2,1.9,470.1,Deep Sand / Mud Bog Ruts Active
DEFENDER-ATPC-1382,21.4,38.2,3.4,455.8,Optimal Rock Crawl / Grass-Gravel Grip
DEFENDER-ATPC-1383,4.4,34.0,3.8,353.0,Deep Sand / Mud Bog Ruts Active
DEFENDER-ATPC-1384,32.4,27.9,1.5,327.8,Deep Sand / Mud Bog Ruts Active
DEFENDER-ATPC-1385,32.9,83.7,5.3,340.1,Optimal Rock Crawl / Grass-Gravel Grip
DEFENDER-ATPC-1386,5.0,20.0,2.7,433.7,Deep Sand / Mud Bog Ruts Active
DEFENDER-ATPC-1387,10.4,36.5,3.6,383.0,Optimal Rock Crawl / Grass-Gravel Grip
DEFENDER-ATPC-1388,36.9,64.7,4.6,238.1,Optimal Rock Crawl / Grass-Gravel Grip
DEFENDER-ATPC-1389,39.9,47.3,2.8,445.0,Optimal Rock Crawl / Grass-Gravel Grip
DEFENDER-ATPC-1390,4.6,52.2,4.9,334.8,Optimal Rock Crawl / Grass-Gravel Grip
DEFENDER-ATPC-1391,22.3,57.0,4.4,265.5,Optimal Rock Crawl / Grass-Gravel Grip
DEFENDER-ATPC-1392,34.9,69.8,4.4,329.1,Optimal Rock Crawl / Grass-Gravel Grip
DEFENDER-ATPC-1393,41.8,21.6,1.2,394.5,Deep Sand / Mud Bog Ruts Active
DEFENDER-ATPC-1394,11.8,50.7,5.2,285.4,Optimal Rock Crawl / Grass-Gravel Grip
DEFENDER-ATPC-1395,27.5,82.2,6.4,287.7,Optimal Rock Crawl / Grass-Gravel Grip
DEFENDER-ATPC-1396,13.6,20.5,2.7,132.9,Deep Sand / Mud Bog Ruts Active
DEFENDER-ATPC-1397,32.4,34.5,2.6,290.0,Deep Sand / Mud Bog Ruts Active
DEFENDER-ATPC-1398,20.7,76.0,6.0,419.7,Optimal Rock Crawl / Grass-Gravel Grip
DEFENDER-ATPC-1399,13.6,81.1,6.7,255.8,Optimal Rock Crawl / Grass-Gravel Grip
DEFENDER-ATPC-1400,33.8,86.3,6.3,343.5,Optimal Rock Crawl / Grass-Gravel Grip
DEFENDER-ATPC-1401,29.1,68.1,5.3,298.0,Optimal Rock Crawl / Grass-Gravel Grip
DEFENDER-ATPC-1402,14.0,44.7,4.3,461.3,Optimal Rock Crawl / Grass-Gravel Grip
DEFENDER-ATPC-1403,7.9,55.3,4.7,354.1,Optimal Rock Crawl / Grass-Gravel Grip
DEFENDER-ATPC-1404,7.5,94.2,7.9,260.3,Optimal Rock Crawl / Grass-Gravel Grip
DEFENDER-ATPC-1405,5.0,53.2,5.0,181.3,Optimal Rock Crawl / Grass-Gravel Grip
DEFENDER-ATPC-1406,36.7,20.9,1.0,146.2,Deep Sand / Mud Bog Ruts Active
DEFENDER-ATPC-1407,21.4,22.6,1.8,129.9,Deep Sand / Mud Bog Ruts Active
DEFENDER-ATPC-1408,3.9,60.2,5.6,234.1,Optimal Rock Crawl / Grass-Gravel Grip
DEFENDER-ATPC-1409,17.6,68.9,6.1,166.0,Optimal Rock Crawl / Grass-Gravel Grip
DEFENDER-ATPC-1410,40.2,92.0,5.6,409.9,Optimal Rock Crawl / Grass-Gravel Grip
DEFENDER-ATPC-1411,9.2,22.3,2.9,416.1,Deep Sand / Mud Bog Ruts Active
DEFENDER-ATPC-1412,22.0,35.3,3.0,183.9,Optimal Rock Crawl / Grass-Gravel Grip
DEFENDER-ATPC-1413,33.4,55.5,4.1,257.1,Optimal Rock Crawl / Grass-Gravel Grip
DEFENDER-ATPC-1414,22.5,20.0,2.2,204.7,Deep Sand / Mud Bog Ruts Active
DEFENDER-ATPC-1415,35.7,21.2,1.0,278.8,Deep Sand / Mud Bog Ruts Active
DEFENDER-ATPC-1416,8.5,60.7,5.3,412.4,Optimal Rock Crawl / Grass-Gravel Grip
DEFENDER-ATPC-1417,11.8,79.0,6.4,451.5,Optimal Rock Crawl / Grass-Gravel Grip
DEFENDER-ATPC-1418,19.9,15.8,1.9,182.1,Deep Sand / Mud Bog Ruts Active
DEFENDER-ATPC-1419,4.7,90.0,8.1,122.7,Optimal Rock Crawl / Grass-Gravel Grip
DEFENDER-ATPC-1420,11.2,71.7,5.2,158.6,Optimal Rock Crawl / Grass-Gravel Grip
DEFENDER-ATPC-1421,32.7,23.1,1.3,146.6,Deep Sand / Mud Bog Ruts Active
DEFENDER-ATPC-1422,7.0,20.8,2.2,453.5,Deep Sand / Mud Bog Ruts Active
DEFENDER-ATPC-1423,23.8,57.2,4.1,415.3,Optimal Rock Crawl / Grass-Gravel Grip
DEFENDER-ATPC-1424,26.6,94.5,6.9,323.9,Optimal Rock Crawl / Grass-Gravel Grip
DEFENDER-ATPC-1425,6.4,27.1,3.6,311.0,Deep Sand / Mud Bog Ruts Active
DEFENDER-ATPC-1426,13.3,40.5,3.8,258.7,Optimal Rock Crawl / Grass-Gravel Grip
DEFENDER-ATPC-1427,16.0,36.1,3.3,443.9,Optimal Rock Crawl / Grass-Gravel Grip
DEFENDER-ATPC-1428,17.6,75.2,6.3,216.9,Optimal Rock Crawl / Grass-Gravel Grip
DEFENDER-ATPC-1429,14.4,64.6,5.0,379.8,Optimal Rock Crawl / Grass-Gravel Grip
DEFENDER-ATPC-1430,32.1,32.5,2.0,366.5,Deep Sand / Mud Bog Ruts Active
DEFENDER-ATPC-1431,36.8,34.8,2.1,322.0,Deep Sand / Mud Bog Ruts Active
DEFENDER-ATPC-1432,2.1,29.0,3.6,278.0,Deep Sand / Mud Bog Ruts Active
DEFENDER-ATPC-1433,17.8,88.7,6.9,157.6,Optimal Rock Crawl / Grass-Gravel Grip
DEFENDER-ATPC-1434,14.7,40.8,3.3,402.9,Optimal Rock Crawl / Grass-Gravel Grip
DEFENDER-ATPC-1435,25.9,16.0,1.7,459.6,Deep Sand / Mud Bog Ruts Active
DEFENDER-ATPC-1436,38.0,30.6,2.2,350.6,Deep Sand / Mud Bog Ruts Active
DEFENDER-ATPC-1437,39.9,21.3,1.2,176.0,Deep Sand / Mud Bog Ruts Active
DEFENDER-ATPC-1438,11.9,36.9,3.7,292.2,Optimal Rock Crawl / Grass-Gravel Grip
DEFENDER-ATPC-1439,22.0,46.0,3.7,148.1,Optimal Rock Crawl / Grass-Gravel Grip
DEFENDER-ATPC-1440,23.1,52.7,4.5,321.2,Optimal Rock Crawl / Grass-Gravel Grip
DEFENDER-ATPC-1441,11.5,44.6,4.4,135.0,Optimal Rock Crawl / Grass-Gravel Grip
DEFENDER-ATPC-1442,27.2,25.3,1.4,121.2,Deep Sand / Mud Bog Ruts Active
DEFENDER-ATPC-1443,8.1,15.0,2.6,338.0,Deep Sand / Mud Bog Ruts Active
DEFENDER-ATPC-1444,5.3,45.8,4.7,218.6,Optimal Rock Crawl / Grass-Gravel Grip
DEFENDER-ATPC-1445,34.7,56.4,3.4,330.8,Optimal Rock Crawl / Grass-Gravel Grip
DEFENDER-ATPC-1446,24.8,61.7,4.1,389.3,Optimal Rock Crawl / Grass-Gravel Grip
DEFENDER-ATPC-1447,23.1,66.2,5.1,428.8,Optimal Rock Crawl / Grass-Gravel Grip
DEFENDER-ATPC-1448,38.2,26.8,1.0,456.3,Deep Sand / Mud Bog Ruts Active
DEFENDER-ATPC-1449,8.3,38.0,3.9,215.4,Optimal Rock Crawl / Grass-Gravel Grip
DEFENDER-ATPC-1450,3.8,55.1,5.5,279.4,Optimal Rock Crawl / Grass-Gravel Grip
DEFENDER-ATPC-1451,18.5,78.2,6.1,165.2,Optimal Rock Crawl / Grass-Gravel Grip
DEFENDER-ATPC-1452,28.6,52.5,3.4,450.3,Optimal Rock Crawl / Grass-Gravel Grip
DEFENDER-ATPC-1453,17.0,44.2,3.8,397.9,Optimal Rock Crawl / Grass-Gravel Grip
DEFENDER-ATPC-1454,4.2,46.3,4.7,407.4,Optimal Rock Crawl / Grass-Gravel Grip
DEFENDER-ATPC-1455,28.3,89.1,6.1,307.1,Optimal Rock Crawl / Grass-Gravel Grip
DEFENDER-ATPC-1456,30.9,78.0,5.3,439.2,Optimal Rock Crawl / Grass-Gravel Grip
DEFENDER-ATPC-1457,8.4,71.6,6.1,246.1,Optimal Rock Crawl / Grass-Gravel Grip
DEFENDER-ATPC-1458,9.1,83.9,6.6,361.6,Optimal Rock Crawl / Grass-Gravel Grip
DEFENDER-ATPC-1459,21.9,46.0,3.4,433.4,Optimal Rock Crawl / Grass-Gravel Grip
DEFENDER-ATPC-1460,14.9,61.5,5.0,226.5,Optimal Rock Crawl / Grass-Gravel Grip
DEFENDER-ATPC-1461,7.0,83.4,6.7,344.5,Optimal Rock Crawl / Grass-Gravel Grip
DEFENDER-ATPC-1462,19.9,38.4,3.4,363.9,Optimal Rock Crawl / Grass-Gravel Grip
DEFENDER-ATPC-1463,14.8,76.4,5.9,285.4,Optimal Rock Crawl / Grass-Gravel Grip
DEFENDER-ATPC-1464,34.9,84.8,5.2,175.3,Optimal Rock Crawl / Grass-Gravel Grip
DEFENDER-ATPC-1465,31.0,32.6,1.9,177.9,Deep Sand / Mud Bog Ruts Active
DEFENDER-ATPC-1466,22.9,51.7,4.3,258.4,Optimal Rock Crawl / Grass-Gravel Grip
DEFENDER-ATPC-1467,21.8,18.3,1.7,440.8,Deep Sand / Mud Bog Ruts Active
DEFENDER-ATPC-1468,11.9,71.0,5.9,275.3,Optimal Rock Crawl / Grass-Gravel Grip
DEFENDER-ATPC-1469,39.9,47.1,3.1,241.6,Optimal Rock Crawl / Grass-Gravel Grip
DEFENDER-ATPC-1470,39.9,84.9,5.6,176.9,Optimal Rock Crawl / Grass-Gravel Grip
DEFENDER-ATPC-1471,7.7,51.6,5.4,248.7,Optimal Rock Crawl / Grass-Gravel Grip
DEFENDER-ATPC-1472,32.3,39.9,2.3,409.0,Optimal Rock Crawl / Grass-Gravel Grip
DEFENDER-ATPC-1473,13.0,74.9,5.8,154.2,Optimal Rock Crawl / Grass-Gravel Grip
DEFENDER-ATPC-1474,23.4,74.1,5.5,401.4,Optimal Rock Crawl / Grass-Gravel Grip
DEFENDER-ATPC-1475,34.7,35.3,2.6,170.4,Optimal Rock Crawl / Grass-Gravel Grip
DEFENDER-ATPC-1476,29.1,43.5,3.0,121.8,Optimal Rock Crawl / Grass-Gravel Grip
DEFENDER-ATPC-1477,20.0,28.4,3.0,247.6,Deep Sand / Mud Bog Ruts Active
DEFENDER-ATPC-1478,31.9,35.2,2.2,386.2,Optimal Rock Crawl / Grass-Gravel Grip
DEFENDER-ATPC-1479,29.1,37.6,3.3,301.5,Optimal Rock Crawl / Grass-Gravel Grip
DEFENDER-ATPC-1480,12.9,19.4,2.3,344.7,Deep Sand / Mud Bog Ruts Active
DEFENDER-ATPC-1481,39.8,30.3,2.0,310.4,Deep Sand / Mud Bog Ruts Active
DEFENDER-ATPC-1482,18.2,73.8,5.7,464.0,Optimal Rock Crawl / Grass-Gravel Grip
DEFENDER-ATPC-1483,36.3,78.4,5.0,465.0,Optimal Rock Crawl / Grass-Gravel Grip
DEFENDER-ATPC-1484,6.1,88.3,7.7,187.5,Optimal Rock Crawl / Grass-Gravel Grip
DEFENDER-ATPC-1485,38.7,87.7,5.4,220.7,Optimal Rock Crawl / Grass-Gravel Grip
DEFENDER-ATPC-1486,18.8,19.7,2.3,397.1,Deep Sand / Mud Bog Ruts Active
DEFENDER-ATPC-1487,4.2,80.2,6.6,295.2,Optimal Rock Crawl / Grass-Gravel Grip
DEFENDER-ATPC-1488,24.4,34.0,2.2,296.2,Deep Sand / Mud Bog Ruts Active
DEFENDER-ATPC-1489,4.9,75.9,6.7,407.6,Optimal Rock Crawl / Grass-Gravel Grip
DEFENDER-ATPC-1490,39.8,79.4,4.4,184.7,Optimal Rock Crawl / Grass-Gravel Grip
DEFENDER-ATPC-1491,11.1,36.3,4.0,181.3,Optimal Rock Crawl / Grass-Gravel Grip
DEFENDER-ATPC-1492,35.3,19.5,1.3,228.1,Deep Sand / Mud Bog Ruts Active
DEFENDER-ATPC-1493,34.9,52.4,3.2,208.0,Optimal Rock Crawl / Grass-Gravel Grip
DEFENDER-ATPC-1494,21.0,21.7,2.4,422.7,Deep Sand / Mud Bog Ruts Active
DEFENDER-ATPC-1495,14.1,58.4,5.1,210.3,Optimal Rock Crawl / Grass-Gravel Grip
DEFENDER-ATPC-1496,8.2,36.3,4.3,477.1,Optimal Rock Crawl / Grass-Gravel Grip
DEFENDER-ATPC-1497,16.0,51.7,4.4,381.1,Optimal Rock Crawl / Grass-Gravel Grip
DEFENDER-ATPC-1498,35.5,81.6,5.3,395.0,Optimal Rock Crawl / Grass-Gravel Grip
DEFENDER-ATPC-1499,10.6,36.0,3.9,426.7,Optimal Rock Crawl / Grass-Gravel Grip
DEFENDER-ATPC-1500,19.6,84.7,5.6,190.4,Optimal Rock Crawl / Grass-Gravel Grip
DEFENDER-ATPC-1501,37.8,29.7,1.6,431.5,Deep Sand / Mud Bog Ruts Active
DEFENDER-ATPC-1502,32.0,39.3,2.3,263.0,Optimal Rock Crawl / Grass-Gravel Grip
DEFENDER-ATPC-1503,32.4,42.9,2.5,146.8,Optimal Rock Crawl / Grass-Gravel Grip
DEFENDER-ATPC-1504,2.5,52.4,4.9,323.4,Optimal Rock Crawl / Grass-Gravel Grip
DEFENDER-ATPC-1505,20.2,28.5,2.6,336.2,Deep Sand / Mud Bog Ruts Active
DEFENDER-ATPC-1506,29.3,78.4,4.8,311.0,Optimal Rock Crawl / Grass-Gravel Grip
DEFENDER-ATPC-1507,21.1,70.1,5.7,337.0,Optimal Rock Crawl / Grass-Gravel Grip
DEFENDER-ATPC-1508,9.5,86.0,7.4,173.3,Optimal Rock Crawl / Grass-Gravel Grip
DEFENDER-ATPC-1509,12.8,69.4,5.7,460.3,Optimal Rock Crawl / Grass-Gravel Grip
DEFENDER-ATPC-1510,13.2,76.5,6.2,395.2,Optimal Rock Crawl / Grass-Gravel Grip
DEFENDER-ATPC-1511,5.0,23.3,2.8,206.6,Deep Sand / Mud Bog Ruts Active
DEFENDER-ATPC-1512,39.9,30.6,1.5,173.2,Deep Sand / Mud Bog Ruts Active
DEFENDER-ATPC-1513,36.1,51.8,3.4,128.5,Optimal Rock Crawl / Grass-Gravel Grip
DEFENDER-ATPC-1514,35.7,78.9,5.2,251.8,Optimal Rock Crawl / Grass-Gravel Grip
DEFENDER-ATPC-1515,5.3,65.2,6.0,382.2,Optimal Rock Crawl / Grass-Gravel Grip
DEFENDER-ATPC-1516,37.8,26.5,1.3,166.7,Deep Sand / Mud Bog Ruts Active
DEFENDER-ATPC-1517,38.9,32.9,1.7,397.2,Deep Sand / Mud Bog Ruts Active
DEFENDER-ATPC-1518,36.0,59.1,4.3,149.9,Optimal Rock Crawl / Grass-Gravel Grip
DEFENDER-ATPC-1519,27.8,82.9,6.3,470.4,Optimal Rock Crawl / Grass-Gravel Grip
DEFENDER-ATPC-1520,4.7,22.4,3.0,259.5,Deep Sand / Mud Bog Ruts Active
DEFENDER-ATPC-1521,29.7,62.3,4.2,434.0,Optimal Rock Crawl / Grass-Gravel Grip
DEFENDER-ATPC-1522,10.8,36.4,3.9,384.2,Optimal Rock Crawl / Grass-Gravel Grip
DEFENDER-ATPC-1523,12.7,31.3,2.5,354.5,Deep Sand / Mud Bog Ruts Active
DEFENDER-ATPC-1524,41.1,36.1,1.7,386.1,Optimal Rock Crawl / Grass-Gravel Grip
DEFENDER-ATPC-1525,37.7,95.0,6.4,395.4,Optimal Rock Crawl / Grass-Gravel Grip
DEFENDER-ATPC-1526,5.9,79.6,6.9,143.5,Optimal Rock Crawl / Grass-Gravel Grip
DEFENDER-ATPC-1527,41.6,42.5,2.2,411.7,Optimal Rock Crawl / Grass-Gravel Grip
DEFENDER-ATPC-1528,3.1,73.7,7.2,263.1,Optimal Rock Crawl / Grass-Gravel Grip
DEFENDER-ATPC-1529,7.2,83.4,7.4,278.9,Optimal Rock Crawl / Grass-Gravel Grip
DEFENDER-ATPC-1530,24.9,76.4,5.6,394.8,Optimal Rock Crawl / Grass-Gravel Grip
DEFENDER-ATPC-1531,23.1,57.2,4.7,265.1,Optimal Rock Crawl / Grass-Gravel Grip
DEFENDER-ATPC-1532,40.9,85.0,5.4,408.5,Optimal Rock Crawl / Grass-Gravel Grip
DEFENDER-ATPC-1533,21.5,50.8,3.4,439.2,Optimal Rock Crawl / Grass-Gravel Grip
DEFENDER-ATPC-1534,41.5,66.1,3.5,429.2,Optimal Rock Crawl / Grass-Gravel Grip
DEFENDER-ATPC-1535,39.9,74.0,4.7,375.4,Optimal Rock Crawl / Grass-Gravel Grip
DEFENDER-ATPC-1536,10.6,58.7,5.0,420.4,Optimal Rock Crawl / Grass-Gravel Grip
DEFENDER-ATPC-1537,14.9,86.6,7.1,309.1,Optimal Rock Crawl / Grass-Gravel Grip
DEFENDER-ATPC-1538,35.9,42.6,2.4,237.2,Optimal Rock Crawl / Grass-Gravel Grip
DEFENDER-ATPC-1539,12.3,50.4,4.4,465.7,Optimal Rock Crawl / Grass-Gravel Grip
DEFENDER-ATPC-1540,34.9,62.0,4.0,363.2,Optimal Rock Crawl / Grass-Gravel Grip
DEFENDER-ATPC-1541,2.3,44.3,5.1,155.8,Optimal Rock Crawl / Grass-Gravel Grip
DEFENDER-ATPC-1542,3.9,95.0,8.3,176.9,Optimal Rock Crawl / Grass-Gravel Grip
DEFENDER-ATPC-1543,7.5,93.3,7.8,408.4,Optimal Rock Crawl / Grass-Gravel Grip
DEFENDER-ATPC-1544,2.8,68.5,6.9,307.2,Optimal Rock Crawl / Grass-Gravel Grip
DEFENDER-ATPC-1545,3.6,48.6,5.5,193.9,Optimal Rock Crawl / Grass-Gravel Grip
DEFENDER-ATPC-1546,2.3,64.0,5.9,181.5,Optimal Rock Crawl / Grass-Gravel Grip
DEFENDER-ATPC-1547,23.4,75.8,5.7,219.8,Optimal Rock Crawl / Grass-Gravel Grip
DEFENDER-ATPC-1548,2.8,72.3,6.3,299.2,Optimal Rock Crawl / Grass-Gravel Grip
DEFENDER-ATPC-1549,20.2,41.4,3.5,247.2,Optimal Rock Crawl / Grass-Gravel Grip
DEFENDER-ATPC-1550,35.9,20.8,1.1,479.7,Deep Sand / Mud Bog Ruts Active
DEFENDER-ATPC-1551,17.8,80.1,5.7,448.4,Optimal Rock Crawl / Grass-Gravel Grip
DEFENDER-ATPC-1552,20.1,68.6,5.0,417.9,Optimal Rock Crawl / Grass-Gravel Grip
DEFENDER-ATPC-1553,22.8,47.1,3.6,254.2,Optimal Rock Crawl / Grass-Gravel Grip
DEFENDER-ATPC-1554,16.0,63.8,5.0,256.8,Optimal Rock Crawl / Grass-Gravel Grip
DEFENDER-ATPC-1555,4.1,78.1,6.8,345.5,Optimal Rock Crawl / Grass-Gravel Grip
DEFENDER-ATPC-1556,33.8,75.6,5.1,476.9,Optimal Rock Crawl / Grass-Gravel Grip
DEFENDER-ATPC-1557,10.9,29.0,3.6,285.7,Deep Sand / Mud Bog Ruts Active
DEFENDER-ATPC-1558,14.4,46.6,3.7,156.8,Optimal Rock Crawl / Grass-Gravel Grip
DEFENDER-ATPC-1559,7.9,61.8,5.3,206.9,Optimal Rock Crawl / Grass-Gravel Grip
DEFENDER-ATPC-1560,23.5,52.1,3.5,267.4,Optimal Rock Crawl / Grass-Gravel Grip
DEFENDER-ATPC-1561,32.7,38.3,2.7,179.7,Optimal Rock Crawl / Grass-Gravel Grip
DEFENDER-ATPC-1562,30.2,21.1,1.6,215.4,Deep Sand / Mud Bog Ruts Active
DEFENDER-ATPC-1563,10.8,66.8,5.6,169.9,Optimal Rock Crawl / Grass-Gravel Grip
DEFENDER-ATPC-1564,14.2,54.7,4.6,177.1,Optimal Rock Crawl / Grass-Gravel Grip
DEFENDER-ATPC-1565,22.0,35.5,2.9,420.9,Optimal Rock Crawl / Grass-Gravel Grip
DEFENDER-ATPC-1566,32.6,70.5,4.5,455.3,Optimal Rock Crawl / Grass-Gravel Grip
DEFENDER-ATPC-1567,17.0,90.3,7.3,238.6,Optimal Rock Crawl / Grass-Gravel Grip
DEFENDER-ATPC-1568,40.0,85.7,5.3,324.2,Optimal Rock Crawl / Grass-Gravel Grip
DEFENDER-ATPC-1569,30.7,39.7,2.8,393.9,Optimal Rock Crawl / Grass-Gravel Grip
DEFENDER-ATPC-1570,8.2,64.7,6.0,166.3,Optimal Rock Crawl / Grass-Gravel Grip
DEFENDER-ATPC-1571,23.8,20.0,1.4,129.6,Deep Sand / Mud Bog Ruts Active
DEFENDER-ATPC-1572,40.8,78.3,4.9,280.7,Optimal Rock Crawl / Grass-Gravel Grip
DEFENDER-ATPC-1573,34.8,46.8,3.6,235.0,Optimal Rock Crawl / Grass-Gravel Grip
DEFENDER-ATPC-1574,28.0,25.3,1.5,121.2,Deep Sand / Mud Bog Ruts Active
DEFENDER-ATPC-1575,15.6,17.3,1.8,354.7,Deep Sand / Mud Bog Ruts Active
DEFENDER-ATPC-1576,6.9,83.8,7.2,389.5,Optimal Rock Crawl / Grass-Gravel Grip
DEFENDER-ATPC-1577,17.2,55.5,4.4,179.9,Optimal Rock Crawl / Grass-Gravel Grip
DEFENDER-ATPC-1578,8.3,78.6,6.3,360.0,Optimal Rock Crawl / Grass-Gravel Grip
DEFENDER-ATPC-1579,3.6,65.0,6.1,346.2,Optimal Rock Crawl / Grass-Gravel Grip
DEFENDER-ATPC-1580,4.8,27.5,3.6,245.5,Deep Sand / Mud Bog Ruts Active
DEFENDER-ATPC-1581,14.7,21.1,2.4,291.6,Deep Sand / Mud Bog Ruts Active
DEFENDER-ATPC-1582,38.0,44.1,2.2,307.2,Optimal Rock Crawl / Grass-Gravel Grip
DEFENDER-ATPC-1583,31.5,88.2,6.2,232.7,Optimal Rock Crawl / Grass-Gravel Grip
DEFENDER-ATPC-1584,18.6,55.9,4.6,333.3,Optimal Rock Crawl / Grass-Gravel Grip
DEFENDER-ATPC-1585,5.1,52.7,5.2,470.7,Optimal Rock Crawl / Grass-Gravel Grip
DEFENDER-ATPC-1586,31.7,30.9,2.2,363.7,Deep Sand / Mud Bog Ruts Active
DEFENDER-ATPC-1587,18.2,62.2,5.1,195.0,Optimal Rock Crawl / Grass-Gravel Grip
DEFENDER-ATPC-1588,32.1,55.4,3.5,399.2,Optimal Rock Crawl / Grass-Gravel Grip
DEFENDER-ATPC-1589,26.0,62.8,4.9,217.4,Optimal Rock Crawl / Grass-Gravel Grip
DEFENDER-ATPC-1590,30.4,28.6,1.2,367.1,Deep Sand / Mud Bog Ruts Active
DEFENDER-ATPC-1591,21.3,88.8,6.7,292.7,Optimal Rock Crawl / Grass-Gravel Grip
DEFENDER-ATPC-1592,20.0,48.6,4.1,436.5,Optimal Rock Crawl / Grass-Gravel Grip
DEFENDER-ATPC-1593,41.8,37.0,1.4,291.7,Optimal Rock Crawl / Grass-Gravel Grip
DEFENDER-ATPC-1594,31.0,68.6,4.8,358.3,Optimal Rock Crawl / Grass-Gravel Grip
DEFENDER-ATPC-1595,15.0,92.0,6.7,294.7,Optimal Rock Crawl / Grass-Gravel Grip
DEFENDER-ATPC-1596,26.4,62.7,4.7,427.2,Optimal Rock Crawl / Grass-Gravel Grip
DEFENDER-ATPC-1597,15.9,18.1,1.8,450.6,Deep Sand / Mud Bog Ruts Active
DEFENDER-ATPC-1598,19.4,31.1,2.8,347.4,Deep Sand / Mud Bog Ruts Active
DEFENDER-ATPC-1599,21.1,91.6,6.8,161.0,Optimal Rock Crawl / Grass-Gravel Grip
DEFENDER-ATPC-1600,26.3,72.3,5.3,360.2,Optimal Rock Crawl / Grass-Gravel Grip
DEFENDER-ATPC-1601,19.6,69.9,4.9,360.2,Optimal Rock Crawl / Grass-Gravel Grip
DEFENDER-ATPC-1602,33.2,28.1,1.7,395.6,Deep Sand / Mud Bog Ruts Active
DEFENDER-ATPC-1603,37.0,87.4,6.0,273.1,Optimal Rock Crawl / Grass-Gravel Grip
DEFENDER-ATPC-1604,20.1,37.1,3.1,154.1,Optimal Rock Crawl / Grass-Gravel Grip
DEFENDER-ATPC-1605,18.3,30.9,2.4,221.2,Deep Sand / Mud Bog Ruts Active
DEFENDER-ATPC-1606,3.5,20.6,3.0,437.7,Deep Sand / Mud Bog Ruts Active
DEFENDER-ATPC-1607,12.5,56.1,4.8,122.8,Optimal Rock Crawl / Grass-Gravel Grip
DEFENDER-ATPC-1608,39.2,86.7,5.2,470.7,Optimal Rock Crawl / Grass-Gravel Grip
DEFENDER-ATPC-1609,9.4,40.6,3.9,358.4,Optimal Rock Crawl / Grass-Gravel Grip
DEFENDER-ATPC-1610,18.3,16.3,1.6,447.4,Deep Sand / Mud Bog Ruts Active
DEFENDER-ATPC-1611,23.4,19.0,1.8,437.0,Deep Sand / Mud Bog Ruts Active
DEFENDER-ATPC-1612,19.0,92.0,6.8,164.6,Optimal Rock Crawl / Grass-Gravel Grip
DEFENDER-ATPC-1613,25.3,18.1,1.3,281.5,Deep Sand / Mud Bog Ruts Active
DEFENDER-ATPC-1614,38.4,17.2,1.0,214.5,Deep Sand / Mud Bog Ruts Active
DEFENDER-ATPC-1615,30.4,87.5,5.9,271.8,Optimal Rock Crawl / Grass-Gravel Grip
DEFENDER-ATPC-1616,15.5,52.0,4.7,269.9,Optimal Rock Crawl / Grass-Gravel Grip
DEFENDER-ATPC-1617,40.0,46.9,2.9,235.8,Optimal Rock Crawl / Grass-Gravel Grip
DEFENDER-ATPC-1618,33.6,15.8,1.0,158.1,Deep Sand / Mud Bog Ruts Active
DEFENDER-ATPC-1619,27.7,85.6,6.3,453.2,Optimal Rock Crawl / Grass-Gravel Grip
DEFENDER-ATPC-1620,23.5,82.0,6.3,455.5,Optimal Rock Crawl / Grass-Gravel Grip
DEFENDER-ATPC-1621,16.2,17.9,1.9,307.9,Deep Sand / Mud Bog Ruts Active
DEFENDER-ATPC-1622,22.2,22.9,1.8,320.5,Deep Sand / Mud Bog Ruts Active
DEFENDER-ATPC-1623,2.8,90.2,8.4,428.5,Optimal Rock Crawl / Grass-Gravel Grip
DEFENDER-ATPC-1624,31.1,15.7,1.0,284.5,Deep Sand / Mud Bog Ruts Active
DEFENDER-ATPC-1625,33.4,69.6,4.6,136.8,Optimal Rock Crawl / Grass-Gravel Grip
DEFENDER-ATPC-1626,11.1,57.5,4.8,236.8,Optimal Rock Crawl / Grass-Gravel Grip
DEFENDER-ATPC-1627,18.0,68.9,5.4,154.1,Optimal Rock Crawl / Grass-Gravel Grip
DEFENDER-ATPC-1628,2.9,56.3,5.2,242.1,Optimal Rock Crawl / Grass-Gravel Grip
DEFENDER-ATPC-1629,9.0,45.1,4.5,402.7,Optimal Rock Crawl / Grass-Gravel Grip
DEFENDER-ATPC-1630,2.6,74.5,6.1,420.6,Optimal Rock Crawl / Grass-Gravel Grip
DEFENDER-ATPC-1631,21.9,19.8,1.9,165.7,Deep Sand / Mud Bog Ruts Active
DEFENDER-ATPC-1632,13.6,49.7,4.2,367.3,Optimal Rock Crawl / Grass-Gravel Grip
DEFENDER-ATPC-1633,18.2,75.3,6.0,455.8,Optimal Rock Crawl / Grass-Gravel Grip
DEFENDER-ATPC-1634,38.0,28.3,1.3,316.6,Deep Sand / Mud Bog Ruts Active
DEFENDER-ATPC-1635,20.6,76.0,5.7,327.0,Optimal Rock Crawl / Grass-Gravel Grip
DEFENDER-ATPC-1636,2.4,52.6,5.0,336.4,Optimal Rock Crawl / Grass-Gravel Grip
DEFENDER-ATPC-1637,32.5,58.7,3.7,296.2,Optimal Rock Crawl / Grass-Gravel Grip
DEFENDER-ATPC-1638,10.1,21.4,2.2,302.2,Deep Sand / Mud Bog Ruts Active
DEFENDER-ATPC-1639,33.8,30.2,1.7,238.8,Deep Sand / Mud Bog Ruts Active
DEFENDER-ATPC-1640,15.0,92.4,7.1,169.0,Optimal Rock Crawl / Grass-Gravel Grip
DEFENDER-ATPC-1641,30.4,88.7,5.8,285.2,Optimal Rock Crawl / Grass-Gravel Grip
DEFENDER-ATPC-1642,40.2,30.3,1.6,407.6,Deep Sand / Mud Bog Ruts Active
DEFENDER-ATPC-1643,8.3,21.1,3.2,287.2,Deep Sand / Mud Bog Ruts Active
DEFENDER-ATPC-1644,25.1,20.6,1.1,419.2,Deep Sand / Mud Bog Ruts Active
DEFENDER-ATPC-1645,32.9,31.0,2.1,236.6,Deep Sand / Mud Bog Ruts Active
DEFENDER-ATPC-1646,39.0,32.4,1.3,336.3,Deep Sand / Mud Bog Ruts Active
DEFENDER-ATPC-1647,20.4,62.1,4.3,426.7,Optimal Rock Crawl / Grass-Gravel Grip
DEFENDER-ATPC-1648,10.9,43.9,3.9,304.6,Optimal Rock Crawl / Grass-Gravel Grip
DEFENDER-ATPC-1649,25.6,85.7,5.7,334.3,Optimal Rock Crawl / Grass-Gravel Grip
DEFENDER-ATPC-1650,40.6,46.2,2.4,371.8,Optimal Rock Crawl / Grass-Gravel Grip
DEFENDER-ATPC-1651,20.7,83.5,6.0,189.4,Optimal Rock Crawl / Grass-Gravel Grip
DEFENDER-ATPC-1652,23.8,55.8,4.6,358.7,Optimal Rock Crawl / Grass-Gravel Grip
DEFENDER-ATPC-1653,17.1,44.2,4.3,187.3,Optimal Rock Crawl / Grass-Gravel Grip
DEFENDER-ATPC-1654,7.9,59.8,5.7,324.3,Optimal Rock Crawl / Grass-Gravel Grip
DEFENDER-ATPC-1655,9.2,17.9,2.7,401.8,Deep Sand / Mud Bog Ruts Active
DEFENDER-ATPC-1656,39.2,45.7,3.2,175.4,Optimal Rock Crawl / Grass-Gravel Grip
DEFENDER-ATPC-1657,6.6,54.8,5.1,317.2,Optimal Rock Crawl / Grass-Gravel Grip
DEFENDER-ATPC-1658,12.5,74.7,6.5,305.1,Optimal Rock Crawl / Grass-Gravel Grip
DEFENDER-ATPC-1659,7.4,85.4,7.3,298.6,Optimal Rock Crawl / Grass-Gravel Grip
DEFENDER-ATPC-1660,26.5,23.4,1.8,332.5,Deep Sand / Mud Bog Ruts Active
DEFENDER-ATPC-1661,41.6,19.1,1.0,301.2,Deep Sand / Mud Bog Ruts Active
DEFENDER-ATPC-1662,11.9,51.2,4.4,297.4,Optimal Rock Crawl / Grass-Gravel Grip
DEFENDER-ATPC-1663,29.0,78.1,5.5,305.4,Optimal Rock Crawl / Grass-Gravel Grip
DEFENDER-ATPC-1664,22.1,81.6,6.5,425.8,Optimal Rock Crawl / Grass-Gravel Grip
DEFENDER-ATPC-1665,11.3,28.2,2.9,138.8,Deep Sand / Mud Bog Ruts Active
DEFENDER-ATPC-1666,26.1,90.1,6.0,303.5,Optimal Rock Crawl / Grass-Gravel Grip
DEFENDER-ATPC-1667,16.1,21.4,2.2,475.4,Deep Sand / Mud Bog Ruts Active
DEFENDER-ATPC-1668,32.6,20.4,1.4,282.4,Deep Sand / Mud Bog Ruts Active
DEFENDER-ATPC-1669,31.4,75.0,4.9,287.7,Optimal Rock Crawl / Grass-Gravel Grip
DEFENDER-ATPC-1670,16.2,29.0,2.9,463.0,Deep Sand / Mud Bog Ruts Active
DEFENDER-ATPC-1671,40.7,18.4,1.0,120.6,Deep Sand / Mud Bog Ruts Active
DEFENDER-ATPC-1672,37.8,38.8,2.7,357.6,Optimal Rock Crawl / Grass-Gravel Grip
DEFENDER-ATPC-1673,35.4,16.4,1.0,472.9,Deep Sand / Mud Bog Ruts Active
DEFENDER-ATPC-1674,8.5,16.0,2.8,212.7,Deep Sand / Mud Bog Ruts Active
DEFENDER-ATPC-1675,8.9,19.1,2.5,170.2,Deep Sand / Mud Bog Ruts Active
DEFENDER-ATPC-1676,4.5,87.8,7.4,202.0,Optimal Rock Crawl / Grass-Gravel Grip
DEFENDER-ATPC-1677,23.0,88.0,6.5,370.0,Optimal Rock Crawl / Grass-Gravel Grip
DEFENDER-ATPC-1678,3.9,86.7,7.2,402.7,Optimal Rock Crawl / Grass-Gravel Grip
DEFENDER-ATPC-1679,14.5,60.2,4.7,333.0,Optimal Rock Crawl / Grass-Gravel Grip
DEFENDER-ATPC-1680,28.0,15.8,1.5,296.8,Deep Sand / Mud Bog Ruts Active
DEFENDER-ATPC-1681,39.3,38.3,2.1,374.9,Optimal Rock Crawl / Grass-Gravel Grip
DEFENDER-ATPC-1682,12.1,30.7,2.9,209.7,Deep Sand / Mud Bog Ruts Active
DEFENDER-ATPC-1683,34.5,61.2,3.6,351.8,Optimal Rock Crawl / Grass-Gravel Grip
DEFENDER-ATPC-1684,29.6,49.5,3.2,342.0,Optimal Rock Crawl / Grass-Gravel Grip
DEFENDER-ATPC-1685,8.2,80.5,7.1,335.5,Optimal Rock Crawl / Grass-Gravel Grip
DEFENDER-ATPC-1686,41.5,49.9,3.0,255.3,Optimal Rock Crawl / Grass-Gravel Grip
DEFENDER-ATPC-1687,35.0,79.5,5.3,153.9,Optimal Rock Crawl / Grass-Gravel Grip
DEFENDER-ATPC-1688,32.5,70.5,4.9,345.9,Optimal Rock Crawl / Grass-Gravel Grip
DEFENDER-ATPC-1689,15.7,36.1,3.8,308.4,Optimal Rock Crawl / Grass-Gravel Grip
DEFENDER-ATPC-1690,23.9,78.4,6.3,240.9,Optimal Rock Crawl / Grass-Gravel Grip
DEFENDER-ATPC-1691,9.9,23.0,2.3,258.6,Deep Sand / Mud Bog Ruts Active
DEFENDER-ATPC-1692,19.9,30.4,2.6,369.6,Deep Sand / Mud Bog Ruts Active
DEFENDER-ATPC-1693,33.9,40.8,2.9,253.9,Optimal Rock Crawl / Grass-Gravel Grip
DEFENDER-ATPC-1694,7.6,81.8,6.9,292.5,Optimal Rock Crawl / Grass-Gravel Grip
DEFENDER-ATPC-1695,22.1,36.7,2.9,402.6,Optimal Rock Crawl / Grass-Gravel Grip
DEFENDER-ATPC-1696,8.9,72.6,6.1,379.4,Optimal Rock Crawl / Grass-Gravel Grip
DEFENDER-ATPC-1697,20.0,87.4,6.0,414.8,Optimal Rock Crawl / Grass-Gravel Grip
DEFENDER-ATPC-1698,35.6,42.9,2.9,319.5,Optimal Rock Crawl / Grass-Gravel Grip
DEFENDER-ATPC-1699,30.8,48.4,3.5,156.9,Optimal Rock Crawl / Grass-Gravel Grip
DEFENDER-ATPC-1700,35.9,22.7,1.1,170.1,Deep Sand / Mud Bog Ruts Active
DEFENDER-ATPC-1701,39.2,77.6,4.4,168.3,Optimal Rock Crawl / Grass-Gravel Grip
DEFENDER-ATPC-1702,29.6,21.0,1.6,288.4,Deep Sand / Mud Bog Ruts Active
DEFENDER-ATPC-1703,32.4,20.2,1.1,453.3,Deep Sand / Mud Bog Ruts Active
DEFENDER-ATPC-1704,22.7,19.7,2.0,416.5,Deep Sand / Mud Bog Ruts Active
DEFENDER-ATPC-1705,28.8,87.4,6.4,145.3,Optimal Rock Crawl / Grass-Gravel Grip
DEFENDER-ATPC-1706,2.8,34.7,3.6,184.5,Deep Sand / Mud Bog Ruts Active
DEFENDER-ATPC-1707,4.0,24.0,3.4,386.6,Deep Sand / Mud Bog Ruts Active
DEFENDER-ATPC-1708,32.4,51.7,3.9,321.5,Optimal Rock Crawl / Grass-Gravel Grip
DEFENDER-ATPC-1709,15.0,24.9,2.6,359.1,Deep Sand / Mud Bog Ruts Active
DEFENDER-ATPC-1710,18.6,57.3,4.7,274.6,Optimal Rock Crawl / Grass-Gravel Grip
DEFENDER-ATPC-1711,36.9,61.3,3.7,411.1,Optimal Rock Crawl / Grass-Gravel Grip
DEFENDER-ATPC-1712,4.6,64.3,6.1,400.7,Optimal Rock Crawl / Grass-Gravel Grip
DEFENDER-ATPC-1713,11.4,39.6,3.7,150.3,Optimal Rock Crawl / Grass-Gravel Grip
DEFENDER-ATPC-1714,29.2,68.5,4.2,211.1,Optimal Rock Crawl / Grass-Gravel Grip
DEFENDER-ATPC-1715,3.3,20.4,2.6,172.3,Deep Sand / Mud Bog Ruts Active
DEFENDER-ATPC-1716,11.2,63.4,5.4,161.0,Optimal Rock Crawl / Grass-Gravel Grip
DEFENDER-ATPC-1717,24.7,22.6,1.7,438.0,Deep Sand / Mud Bog Ruts Active
DEFENDER-ATPC-1718,30.8,80.9,5.7,426.9,Optimal Rock Crawl / Grass-Gravel Grip
DEFENDER-ATPC-1719,12.5,80.6,6.2,385.7,Optimal Rock Crawl / Grass-Gravel Grip
DEFENDER-ATPC-1720,35.1,70.0,5.0,445.8,Optimal Rock Crawl / Grass-Gravel Grip
DEFENDER-ATPC-1721,11.2,43.6,3.7,420.2,Optimal Rock Crawl / Grass-Gravel Grip
DEFENDER-ATPC-1722,16.8,46.5,3.8,270.6,Optimal Rock Crawl / Grass-Gravel Grip
DEFENDER-ATPC-1723,2.1,85.8,7.6,259.8,Optimal Rock Crawl / Grass-Gravel Grip
DEFENDER-ATPC-1724,33.1,27.0,1.8,128.3,Deep Sand / Mud Bog Ruts Active
DEFENDER-ATPC-1725,16.3,24.5,2.5,220.6,Deep Sand / Mud Bog Ruts Active
DEFENDER-ATPC-1726,19.2,77.5,5.5,446.7,Optimal Rock Crawl / Grass-Gravel Grip
DEFENDER-ATPC-1727,13.3,67.2,5.6,228.7,Optimal Rock Crawl / Grass-Gravel Grip
DEFENDER-ATPC-1728,6.1,43.1,3.6,413.6,Optimal Rock Crawl / Grass-Gravel Grip
DEFENDER-ATPC-1729,31.4,61.7,4.0,171.9,Optimal Rock Crawl / Grass-Gravel Grip
DEFENDER-ATPC-1730,5.0,79.4,7.0,453.4,Optimal Rock Crawl / Grass-Gravel Grip
DEFENDER-ATPC-1731,28.4,61.6,4.1,241.9,Optimal Rock Crawl / Grass-Gravel Grip
DEFENDER-ATPC-1732,25.5,63.2,4.5,254.5,Optimal Rock Crawl / Grass-Gravel Grip
DEFENDER-ATPC-1733,35.1,89.8,6.0,222.2,Optimal Rock Crawl / Grass-Gravel Grip
DEFENDER-ATPC-1734,19.9,91.3,6.9,418.6,Optimal Rock Crawl / Grass-Gravel Grip
DEFENDER-ATPC-1735,25.6,25.4,1.6,440.8,Deep Sand / Mud Bog Ruts Active
DEFENDER-ATPC-1736,20.7,19.7,2.0,345.4,Deep Sand / Mud Bog Ruts Active
DEFENDER-ATPC-1737,20.9,51.8,3.9,370.8,Optimal Rock Crawl / Grass-Gravel Grip
DEFENDER-ATPC-1738,39.9,49.9,3.4,141.0,Optimal Rock Crawl / Grass-Gravel Grip
DEFENDER-ATPC-1739,11.5,88.2,7.2,167.1,Optimal Rock Crawl / Grass-Gravel Grip
DEFENDER-ATPC-1740,10.6,21.8,3.1,278.6,Deep Sand / Mud Bog Ruts Active
DEFENDER-ATPC-1741,18.9,15.6,1.4,161.0,Deep Sand / Mud Bog Ruts Active
DEFENDER-ATPC-1742,21.0,52.6,4.0,442.5,Optimal Rock Crawl / Grass-Gravel Grip
DEFENDER-ATPC-1743,29.6,93.7,6.5,242.5,Optimal Rock Crawl / Grass-Gravel Grip
DEFENDER-ATPC-1744,8.6,35.4,3.7,153.2,Optimal Rock Crawl / Grass-Gravel Grip
DEFENDER-ATPC-1745,13.5,81.5,6.5,219.1,Optimal Rock Crawl / Grass-Gravel Grip
DEFENDER-ATPC-1746,32.0,61.6,3.9,230.5,Optimal Rock Crawl / Grass-Gravel Grip
DEFENDER-ATPC-1747,9.8,34.6,3.5,458.7,Deep Sand / Mud Bog Ruts Active
DEFENDER-ATPC-1748,29.0,90.0,6.2,158.1,Optimal Rock Crawl / Grass-Gravel Grip
DEFENDER-ATPC-1749,26.1,20.1,1.9,209.4,Deep Sand / Mud Bog Ruts Active
DEFENDER-ATPC-1750,40.0,86.7,5.7,171.5,Optimal Rock Crawl / Grass-Gravel Grip
DEFENDER-ATPC-1751,23.5,35.4,3.2,175.2,Optimal Rock Crawl / Grass-Gravel Grip
DEFENDER-ATPC-1752,22.4,45.4,3.6,306.2,Optimal Rock Crawl / Grass-Gravel Grip
DEFENDER-ATPC-1753,30.2,83.0,5.4,375.9,Optimal Rock Crawl / Grass-Gravel Grip
DEFENDER-ATPC-1754,20.6,51.7,4.0,156.1,Optimal Rock Crawl / Grass-Gravel Grip
DEFENDER-ATPC-1755,7.0,64.2,5.7,352.5,Optimal Rock Crawl / Grass-Gravel Grip
DEFENDER-ATPC-1756,20.7,49.6,4.2,208.0,Optimal Rock Crawl / Grass-Gravel Grip
DEFENDER-ATPC-1757,36.8,37.5,2.4,287.5,Optimal Rock Crawl / Grass-Gravel Grip
DEFENDER-ATPC-1758,27.7,91.6,6.2,346.7,Optimal Rock Crawl / Grass-Gravel Grip
DEFENDER-ATPC-1759,32.5,61.4,3.7,345.4,Optimal Rock Crawl / Grass-Gravel Grip
DEFENDER-ATPC-1760,3.1,72.4,7.0,121.2,Optimal Rock Crawl / Grass-Gravel Grip
DEFENDER-ATPC-1761,32.6,35.4,2.4,264.1,Optimal Rock Crawl / Grass-Gravel Grip
DEFENDER-ATPC-1762,30.1,66.6,4.7,201.8,Optimal Rock Crawl / Grass-Gravel Grip
DEFENDER-ATPC-1763,15.4,74.2,5.7,347.5,Optimal Rock Crawl / Grass-Gravel Grip
DEFENDER-ATPC-1764,12.9,73.7,6.4,279.1,Optimal Rock Crawl / Grass-Gravel Grip
DEFENDER-ATPC-1765,31.8,68.9,4.8,197.0,Optimal Rock Crawl / Grass-Gravel Grip
DEFENDER-ATPC-1766,11.8,83.1,6.7,423.7,Optimal Rock Crawl / Grass-Gravel Grip
DEFENDER-ATPC-1767,17.4,52.7,3.9,313.3,Optimal Rock Crawl / Grass-Gravel Grip
DEFENDER-ATPC-1768,11.3,53.7,5.2,330.8,Optimal Rock Crawl / Grass-Gravel Grip
DEFENDER-ATPC-1769,15.1,57.1,4.9,437.4,Optimal Rock Crawl / Grass-Gravel Grip
DEFENDER-ATPC-1770,28.2,69.1,4.8,342.8,Optimal Rock Crawl / Grass-Gravel Grip
DEFENDER-ATPC-1771,38.3,31.5,1.9,363.3,Deep Sand / Mud Bog Ruts Active
DEFENDER-ATPC-1772,6.3,68.7,5.9,317.4,Optimal Rock Crawl / Grass-Gravel Grip
DEFENDER-ATPC-1773,26.2,19.2,1.5,374.2,Deep Sand / Mud Bog Ruts Active
DEFENDER-ATPC-1774,9.7,34.3,3.8,447.1,Deep Sand / Mud Bog Ruts Active
DEFENDER-ATPC-1775,19.9,19.0,1.9,355.5,Deep Sand / Mud Bog Ruts Active
DEFENDER-ATPC-1776,29.6,60.9,4.0,214.6,Optimal Rock Crawl / Grass-Gravel Grip
DEFENDER-ATPC-1777,16.1,47.8,4.8,261.5,Optimal Rock Crawl / Grass-Gravel Grip
DEFENDER-ATPC-1778,23.3,23.4,2.1,219.1,Deep Sand / Mud Bog Ruts Active
DEFENDER-ATPC-1779,13.8,72.9,6.2,451.5,Optimal Rock Crawl / Grass-Gravel Grip
DEFENDER-ATPC-1780,35.8,72.3,4.4,435.0,Optimal Rock Crawl / Grass-Gravel Grip
DEFENDER-ATPC-1781,41.9,28.9,1.1,220.4,Deep Sand / Mud Bog Ruts Active
DEFENDER-ATPC-1782,9.0,74.9,5.8,336.0,Optimal Rock Crawl / Grass-Gravel Grip
DEFENDER-ATPC-1783,12.7,38.2,3.7,181.8,Optimal Rock Crawl / Grass-Gravel Grip
DEFENDER-ATPC-1784,29.7,54.5,3.8,477.7,Optimal Rock Crawl / Grass-Gravel Grip
DEFENDER-ATPC-1785,23.1,68.0,5.0,170.2,Optimal Rock Crawl / Grass-Gravel Grip
DEFENDER-ATPC-1786,8.8,81.7,6.9,427.4,Optimal Rock Crawl / Grass-Gravel Grip
DEFENDER-ATPC-1787,27.0,33.1,2.2,269.7,Deep Sand / Mud Bog Ruts Active
DEFENDER-ATPC-1788,31.8,74.2,5.5,268.5,Optimal Rock Crawl / Grass-Gravel Grip
DEFENDER-ATPC-1789,33.5,38.6,2.2,356.0,Optimal Rock Crawl / Grass-Gravel Grip
DEFENDER-ATPC-1790,35.3,54.9,3.8,190.9,Optimal Rock Crawl / Grass-Gravel Grip
DEFENDER-ATPC-1791,32.8,18.4,1.0,384.8,Deep Sand / Mud Bog Ruts Active
DEFENDER-ATPC-1792,40.2,87.1,5.3,285.8,Optimal Rock Crawl / Grass-Gravel Grip
DEFENDER-ATPC-1793,34.3,74.8,5.5,474.8,Optimal Rock Crawl / Grass-Gravel Grip
DEFENDER-ATPC-1794,24.9,15.3,1.6,439.1,Deep Sand / Mud Bog Ruts Active
DEFENDER-ATPC-1795,24.7,64.2,5.1,360.3,Optimal Rock Crawl / Grass-Gravel Grip
DEFENDER-ATPC-1796,7.1,17.4,2.8,395.0,Deep Sand / Mud Bog Ruts Active
DEFENDER-ATPC-1797,14.3,41.4,3.6,376.5,Optimal Rock Crawl / Grass-Gravel Grip
DEFENDER-ATPC-1798,25.1,88.1,6.2,417.8,Optimal Rock Crawl / Grass-Gravel Grip
DEFENDER-ATPC-1799,19.8,68.0,4.9,463.5,Optimal Rock Crawl / Grass-Gravel Grip
DEFENDER-ATPC-1800,23.6,43.4,3.1,337.9,Optimal Rock Crawl / Grass-Gravel Grip
DEFENDER-ATPC-1801,23.8,49.3,3.5,224.8,Optimal Rock Crawl / Grass-Gravel Grip
DEFENDER-ATPC-1802,38.3,61.9,4.0,274.5,Optimal Rock Crawl / Grass-Gravel Grip
DEFENDER-ATPC-1803,34.4,30.8,2.1,296.5,Deep Sand / Mud Bog Ruts Active
DEFENDER-ATPC-1804,32.9,92.0,5.6,404.5,Optimal Rock Crawl / Grass-Gravel Grip
DEFENDER-ATPC-1805,41.5,81.9,5.3,151.3,Optimal Rock Crawl / Grass-Gravel Grip
DEFENDER-ATPC-1806,3.8,66.6,6.1,381.5,Optimal Rock Crawl / Grass-Gravel Grip
DEFENDER-ATPC-1807,37.1,43.4,3.0,251.5,Optimal Rock Crawl / Grass-Gravel Grip
DEFENDER-ATPC-1808,35.9,76.2,4.4,224.8,Optimal Rock Crawl / Grass-Gravel Grip
DEFENDER-ATPC-1809,29.1,45.8,3.1,319.3,Optimal Rock Crawl / Grass-Gravel Grip
DEFENDER-ATPC-1810,13.1,45.0,4.4,371.0,Optimal Rock Crawl / Grass-Gravel Grip
DEFENDER-ATPC-1811,37.8,33.3,2.0,269.0,Deep Sand / Mud Bog Ruts Active
DEFENDER-ATPC-1812,14.0,73.4,5.7,316.8,Optimal Rock Crawl / Grass-Gravel Grip
DEFENDER-ATPC-1813,15.5,62.9,4.8,311.2,Optimal Rock Crawl / Grass-Gravel Grip
DEFENDER-ATPC-1814,31.3,26.7,1.7,333.7,Deep Sand / Mud Bog Ruts Active
DEFENDER-ATPC-1815,36.0,51.3,3.6,206.2,Optimal Rock Crawl / Grass-Gravel Grip
DEFENDER-ATPC-1816,21.6,65.5,5.5,278.0,Optimal Rock Crawl / Grass-Gravel Grip
DEFENDER-ATPC-1817,14.7,83.6,7.2,375.2,Optimal Rock Crawl / Grass-Gravel Grip
DEFENDER-ATPC-1818,26.2,33.7,2.5,389.5,Deep Sand / Mud Bog Ruts Active
DEFENDER-ATPC-1819,30.1,87.5,5.8,137.7,Optimal Rock Crawl / Grass-Gravel Grip
DEFENDER-ATPC-1820,28.2,58.0,4.2,201.8,Optimal Rock Crawl / Grass-Gravel Grip
DEFENDER-ATPC-1821,40.0,33.2,2.0,317.5,Deep Sand / Mud Bog Ruts Active
DEFENDER-ATPC-1822,26.0,79.5,6.0,447.2,Optimal Rock Crawl / Grass-Gravel Grip
DEFENDER-ATPC-1823,28.2,44.4,3.0,439.4,Optimal Rock Crawl / Grass-Gravel Grip
DEFENDER-ATPC-1824,15.8,19.1,2.3,164.7,Deep Sand / Mud Bog Ruts Active
DEFENDER-ATPC-1825,28.2,84.5,5.8,259.1,Optimal Rock Crawl / Grass-Gravel Grip
DEFENDER-ATPC-1826,9.7,16.5,2.6,194.7,Deep Sand / Mud Bog Ruts Active
DEFENDER-ATPC-1827,18.1,62.1,5.1,145.9,Optimal Rock Crawl / Grass-Gravel Grip
DEFENDER-ATPC-1828,34.6,80.7,5.6,384.8,Optimal Rock Crawl / Grass-Gravel Grip
DEFENDER-ATPC-1829,22.7,43.2,3.5,268.3,Optimal Rock Crawl / Grass-Gravel Grip
DEFENDER-ATPC-1830,22.9,57.5,4.5,329.0,Optimal Rock Crawl / Grass-Gravel Grip
DEFENDER-ATPC-1831,40.0,21.0,1.0,402.7,Deep Sand / Mud Bog Ruts Active
DEFENDER-ATPC-1832,17.7,56.3,4.5,227.5,Optimal Rock Crawl / Grass-Gravel Grip
DEFENDER-ATPC-1833,33.5,88.6,6.4,140.0,Optimal Rock Crawl / Grass-Gravel Grip
DEFENDER-ATPC-1834,20.4,17.3,1.6,272.8,Deep Sand / Mud Bog Ruts Active
DEFENDER-ATPC-1835,23.4,81.7,6.0,211.2,Optimal Rock Crawl / Grass-Gravel Grip
DEFENDER-ATPC-1836,41.0,32.7,1.4,340.8,Deep Sand / Mud Bog Ruts Active
DEFENDER-ATPC-1837,11.4,90.0,6.9,328.0,Optimal Rock Crawl / Grass-Gravel Grip
DEFENDER-ATPC-1838,23.6,81.9,5.8,294.3,Optimal Rock Crawl / Grass-Gravel Grip
DEFENDER-ATPC-1839,12.4,60.5,5.4,374.5,Optimal Rock Crawl / Grass-Gravel Grip
DEFENDER-ATPC-1840,27.3,43.5,3.3,277.3,Optimal Rock Crawl / Grass-Gravel Grip
DEFENDER-ATPC-1841,18.8,18.3,2.4,200.7,Deep Sand / Mud Bog Ruts Active
DEFENDER-ATPC-1842,3.5,72.7,6.7,189.8,Optimal Rock Crawl / Grass-Gravel Grip
DEFENDER-ATPC-1843,30.0,67.0,4.3,223.9,Optimal Rock Crawl / Grass-Gravel Grip
DEFENDER-ATPC-1844,40.7,54.6,3.1,396.3,Optimal Rock Crawl / Grass-Gravel Grip
DEFENDER-ATPC-1845,13.8,55.7,5.2,143.4,Optimal Rock Crawl / Grass-Gravel Grip
DEFENDER-ATPC-1846,10.7,48.5,4.6,224.2,Optimal Rock Crawl / Grass-Gravel Grip
DEFENDER-ATPC-1847,32.9,92.8,6.2,321.1,Optimal Rock Crawl / Grass-Gravel Grip
DEFENDER-ATPC-1848,37.1,38.1,1.5,370.2,Optimal Rock Crawl / Grass-Gravel Grip
DEFENDER-ATPC-1849,38.6,23.8,1.1,223.5,Deep Sand / Mud Bog Ruts Active
DEFENDER-ATPC-1850,14.3,81.5,6.9,121.1,Optimal Rock Crawl / Grass-Gravel Grip
DEFENDER-ATPC-1851,14.2,49.2,4.4,460.9,Optimal Rock Crawl / Grass-Gravel Grip
DEFENDER-ATPC-1852,29.5,20.4,1.3,142.5,Deep Sand / Mud Bog Ruts Active
DEFENDER-ATPC-1853,28.2,63.6,4.1,374.3,Optimal Rock Crawl / Grass-Gravel Grip
DEFENDER-ATPC-1854,4.0,92.1,7.4,380.4,Optimal Rock Crawl / Grass-Gravel Grip
DEFENDER-ATPC-1855,33.9,64.2,4.2,249.2,Optimal Rock Crawl / Grass-Gravel Grip
DEFENDER-ATPC-1856,10.2,49.1,4.5,206.4,Optimal Rock Crawl / Grass-Gravel Grip
DEFENDER-ATPC-1857,28.0,64.8,4.2,441.0,Optimal Rock Crawl / Grass-Gravel Grip
DEFENDER-ATPC-1858,16.5,70.1,6.0,295.1,Optimal Rock Crawl / Grass-Gravel Grip
DEFENDER-ATPC-1859,5.7,61.3,5.6,189.6,Optimal Rock Crawl / Grass-Gravel Grip
DEFENDER-ATPC-1860,41.2,86.5,5.4,416.5,Optimal Rock Crawl / Grass-Gravel Grip
DEFENDER-ATPC-1861,18.5,35.7,3.4,156.7,Optimal Rock Crawl / Grass-Gravel Grip
DEFENDER-ATPC-1862,3.9,69.4,6.3,462.7,Optimal Rock Crawl / Grass-Gravel Grip
DEFENDER-ATPC-1863,39.8,58.2,3.7,216.1,Optimal Rock Crawl / Grass-Gravel Grip
DEFENDER-ATPC-1864,41.6,87.8,4.9,387.3,Optimal Rock Crawl / Grass-Gravel Grip
DEFENDER-ATPC-1865,4.3,57.0,5.4,475.0,Optimal Rock Crawl / Grass-Gravel Grip
DEFENDER-ATPC-1866,35.6,57.4,3.6,345.9,Optimal Rock Crawl / Grass-Gravel Grip
DEFENDER-ATPC-1867,20.1,69.8,5.4,459.0,Optimal Rock Crawl / Grass-Gravel Grip
DEFENDER-ATPC-1868,13.2,80.7,6.8,420.3,Optimal Rock Crawl / Grass-Gravel Grip
DEFENDER-ATPC-1869,35.6,61.8,4.0,344.1,Optimal Rock Crawl / Grass-Gravel Grip
DEFENDER-ATPC-1870,26.1,50.9,3.4,264.1,Optimal Rock Crawl / Grass-Gravel Grip
DEFENDER-ATPC-1871,39.2,46.3,2.4,279.4,Optimal Rock Crawl / Grass-Gravel Grip
DEFENDER-ATPC-1872,18.9,65.6,5.4,328.0,Optimal Rock Crawl / Grass-Gravel Grip
DEFENDER-ATPC-1873,32.0,30.9,2.1,214.4,Deep Sand / Mud Bog Ruts Active
DEFENDER-ATPC-1874,5.4,45.8,4.1,425.8,Optimal Rock Crawl / Grass-Gravel Grip
DEFENDER-ATPC-1875,7.4,15.8,3.2,186.2,Deep Sand / Mud Bog Ruts Active
DEFENDER-ATPC-1876,9.9,43.0,3.2,355.6,Optimal Rock Crawl / Grass-Gravel Grip
DEFENDER-ATPC-1877,29.3,46.9,2.7,459.4,Optimal Rock Crawl / Grass-Gravel Grip
DEFENDER-ATPC-1878,35.9,67.6,4.3,128.5,Optimal Rock Crawl / Grass-Gravel Grip
DEFENDER-ATPC-1879,40.0,35.7,1.9,242.5,Optimal Rock Crawl / Grass-Gravel Grip
DEFENDER-ATPC-1880,35.6,61.5,4.7,381.3,Optimal Rock Crawl / Grass-Gravel Grip
DEFENDER-ATPC-1881,6.0,67.4,6.1,303.6,Optimal Rock Crawl / Grass-Gravel Grip
DEFENDER-ATPC-1882,12.4,76.4,6.4,440.9,Optimal Rock Crawl / Grass-Gravel Grip
DEFENDER-ATPC-1883,17.3,66.4,5.1,136.2,Optimal Rock Crawl / Grass-Gravel Grip
DEFENDER-ATPC-1884,40.9,24.5,1.0,285.4,Deep Sand / Mud Bog Ruts Active
DEFENDER-ATPC-1885,2.3,29.6,3.4,323.6,Deep Sand / Mud Bog Ruts Active
DEFENDER-ATPC-1886,26.5,31.2,2.3,257.9,Deep Sand / Mud Bog Ruts Active
DEFENDER-ATPC-1887,18.7,93.5,6.5,252.8,Optimal Rock Crawl / Grass-Gravel Grip
DEFENDER-ATPC-1888,37.3,60.2,3.4,464.4,Optimal Rock Crawl / Grass-Gravel Grip
DEFENDER-ATPC-1889,40.3,28.9,1.6,300.8,Deep Sand / Mud Bog Ruts Active
DEFENDER-ATPC-1890,37.7,93.7,6.6,269.2,Optimal Rock Crawl / Grass-Gravel Grip
DEFENDER-ATPC-1891,16.4,57.7,4.4,336.2,Optimal Rock Crawl / Grass-Gravel Grip
DEFENDER-ATPC-1892,7.8,20.2,1.8,136.0,Deep Sand / Mud Bog Ruts Active
DEFENDER-ATPC-1893,6.4,42.9,4.0,188.1,Optimal Rock Crawl / Grass-Gravel Grip
DEFENDER-ATPC-1894,36.0,90.2,6.3,416.2,Optimal Rock Crawl / Grass-Gravel Grip
DEFENDER-ATPC-1895,7.2,69.3,6.0,236.9,Optimal Rock Crawl / Grass-Gravel Grip
DEFENDER-ATPC-1896,41.2,84.2,4.8,391.8,Optimal Rock Crawl / Grass-Gravel Grip
DEFENDER-ATPC-1897,19.0,79.6,6.4,307.7,Optimal Rock Crawl / Grass-Gravel Grip
DEFENDER-ATPC-1898,11.7,34.5,3.3,438.3,Deep Sand / Mud Bog Ruts Active
DEFENDER-ATPC-1899,38.0,52.5,3.2,216.4,Optimal Rock Crawl / Grass-Gravel Grip
DEFENDER-ATPC-1900,27.6,42.5,3.1,459.1,Optimal Rock Crawl / Grass-Gravel Grip
DEFENDER-ATPC-1901,15.2,85.7,6.5,441.3,Optimal Rock Crawl / Grass-Gravel Grip
DEFENDER-ATPC-1902,9.3,30.2,3.4,143.8,Deep Sand / Mud Bog Ruts Active
DEFENDER-ATPC-1903,37.7,90.2,5.9,219.2,Optimal Rock Crawl / Grass-Gravel Grip
DEFENDER-ATPC-1904,15.3,61.1,4.9,386.7,Optimal Rock Crawl / Grass-Gravel Grip
DEFENDER-ATPC-1905,39.8,60.9,3.8,436.2,Optimal Rock Crawl / Grass-Gravel Grip
DEFENDER-ATPC-1906,12.3,52.9,5.1,126.9,Optimal Rock Crawl / Grass-Gravel Grip
DEFENDER-ATPC-1907,7.5,73.2,6.1,184.2,Optimal Rock Crawl / Grass-Gravel Grip
DEFENDER-ATPC-1908,41.1,37.6,2.2,404.3,Optimal Rock Crawl / Grass-Gravel Grip
DEFENDER-ATPC-1909,27.9,77.0,5.7,437.8,Optimal Rock Crawl / Grass-Gravel Grip
DEFENDER-ATPC-1910,27.6,59.0,4.3,411.3,Optimal Rock Crawl / Grass-Gravel Grip
DEFENDER-ATPC-1911,21.5,44.5,3.6,403.7,Optimal Rock Crawl / Grass-Gravel Grip
DEFENDER-ATPC-1912,33.9,91.0,6.5,299.8,Optimal Rock Crawl / Grass-Gravel Grip
DEFENDER-ATPC-1913,39.0,67.0,3.8,263.2,Optimal Rock Crawl / Grass-Gravel Grip
DEFENDER-ATPC-1914,26.8,93.4,7.1,374.1,Optimal Rock Crawl / Grass-Gravel Grip
DEFENDER-ATPC-1915,38.8,79.1,5.0,342.7,Optimal Rock Crawl / Grass-Gravel Grip
DEFENDER-ATPC-1916,29.0,69.9,4.8,351.5,Optimal Rock Crawl / Grass-Gravel Grip
DEFENDER-ATPC-1917,13.7,46.9,4.6,424.3,Optimal Rock Crawl / Grass-Gravel Grip
DEFENDER-ATPC-1918,13.1,53.8,4.5,462.4,Optimal Rock Crawl / Grass-Gravel Grip
DEFENDER-ATPC-1919,8.8,93.7,8.0,152.8,Optimal Rock Crawl / Grass-Gravel Grip
DEFENDER-ATPC-1920,37.2,88.7,5.7,409.6,Optimal Rock Crawl / Grass-Gravel Grip
DEFENDER-ATPC-1921,14.1,64.0,5.5,154.9,Optimal Rock Crawl / Grass-Gravel Grip
DEFENDER-ATPC-1922,19.5,55.7,4.6,449.1,Optimal Rock Crawl / Grass-Gravel Grip
DEFENDER-ATPC-1923,10.1,84.0,6.7,285.9,Optimal Rock Crawl / Grass-Gravel Grip
DEFENDER-ATPC-1924,24.0,92.6,6.9,335.2,Optimal Rock Crawl / Grass-Gravel Grip
DEFENDER-ATPC-1925,30.7,32.7,2.4,280.8,Deep Sand / Mud Bog Ruts Active
DEFENDER-ATPC-1926,40.6,92.3,5.4,199.3,Optimal Rock Crawl / Grass-Gravel Grip
DEFENDER-ATPC-1927,40.6,25.5,1.1,232.1,Deep Sand / Mud Bog Ruts Active
DEFENDER-ATPC-1928,29.6,36.6,2.8,478.8,Optimal Rock Crawl / Grass-Gravel Grip
DEFENDER-ATPC-1929,38.0,62.6,4.1,456.2,Optimal Rock Crawl / Grass-Gravel Grip
DEFENDER-ATPC-1930,3.2,73.3,6.9,452.4,Optimal Rock Crawl / Grass-Gravel Grip
DEFENDER-ATPC-1931,31.5,65.3,4.4,398.2,Optimal Rock Crawl / Grass-Gravel Grip
DEFENDER-ATPC-1932,20.7,87.7,6.6,364.9,Optimal Rock Crawl / Grass-Gravel Grip
DEFENDER-ATPC-1933,32.5,67.1,4.2,447.8,Optimal Rock Crawl / Grass-Gravel Grip
DEFENDER-ATPC-1934,33.9,65.9,4.2,290.1,Optimal Rock Crawl / Grass-Gravel Grip
DEFENDER-ATPC-1935,11.9,57.9,5.1,440.0,Optimal Rock Crawl / Grass-Gravel Grip
DEFENDER-ATPC-1936,23.3,65.2,4.6,403.0,Optimal Rock Crawl / Grass-Gravel Grip
DEFENDER-ATPC-1937,30.5,79.1,5.3,468.7,Optimal Rock Crawl / Grass-Gravel Grip
DEFENDER-ATPC-1938,12.5,39.5,4.0,333.3,Optimal Rock Crawl / Grass-Gravel Grip
DEFENDER-ATPC-1939,15.9,79.0,6.5,308.0,Optimal Rock Crawl / Grass-Gravel Grip
DEFENDER-ATPC-1940,29.4,82.6,5.6,311.1,Optimal Rock Crawl / Grass-Gravel Grip
DEFENDER-ATPC-1941,29.2,27.2,1.8,443.4,Deep Sand / Mud Bog Ruts Active
DEFENDER-ATPC-1942,10.8,81.6,7.5,282.0,Optimal Rock Crawl / Grass-Gravel Grip
DEFENDER-ATPC-1943,9.9,82.4,6.9,443.9,Optimal Rock Crawl / Grass-Gravel Grip
DEFENDER-ATPC-1944,17.3,44.3,3.8,180.9,Optimal Rock Crawl / Grass-Gravel Grip
DEFENDER-ATPC-1945,24.7,55.4,4.3,399.7,Optimal Rock Crawl / Grass-Gravel Grip
DEFENDER-ATPC-1946,12.4,69.2,5.6,155.5,Optimal Rock Crawl / Grass-Gravel Grip
DEFENDER-ATPC-1947,30.5,85.7,5.9,150.3,Optimal Rock Crawl / Grass-Gravel Grip
DEFENDER-ATPC-1948,25.5,28.9,2.5,399.6,Deep Sand / Mud Bog Ruts Active
DEFENDER-ATPC-1949,15.8,15.6,2.3,252.3,Deep Sand / Mud Bog Ruts Active
DEFENDER-ATPC-1950,36.6,60.5,3.8,443.4,Optimal Rock Crawl / Grass-Gravel Grip
DEFENDER-ATPC-1951,30.3,85.2,6.4,208.4,Optimal Rock Crawl / Grass-Gravel Grip
DEFENDER-ATPC-1952,33.9,87.1,6.2,349.8,Optimal Rock Crawl / Grass-Gravel Grip
DEFENDER-ATPC-1953,12.8,71.8,6.1,454.0,Optimal Rock Crawl / Grass-Gravel Grip
DEFENDER-ATPC-1954,35.1,17.5,1.0,355.4,Deep Sand / Mud Bog Ruts Active
DEFENDER-ATPC-1955,15.6,15.9,2.0,438.3,Deep Sand / Mud Bog Ruts Active
DEFENDER-ATPC-1956,19.9,40.4,3.6,302.8,Optimal Rock Crawl / Grass-Gravel Grip
DEFENDER-ATPC-1957,11.7,87.6,7.1,156.7,Optimal Rock Crawl / Grass-Gravel Grip
DEFENDER-ATPC-1958,2.0,78.2,6.6,231.6,Optimal Rock Crawl / Grass-Gravel Grip
DEFENDER-ATPC-1959,3.3,90.3,8.1,255.8,Optimal Rock Crawl / Grass-Gravel Grip
DEFENDER-ATPC-1960,29.4,17.5,1.0,131.9,Deep Sand / Mud Bog Ruts Active
DEFENDER-ATPC-1961,29.3,91.0,6.0,364.3,Optimal Rock Crawl / Grass-Gravel Grip
DEFENDER-ATPC-1962,8.5,40.5,3.8,476.6,Optimal Rock Crawl / Grass-Gravel Grip
DEFENDER-ATPC-1963,33.4,48.5,2.7,304.8,Optimal Rock Crawl / Grass-Gravel Grip
DEFENDER-ATPC-1964,27.5,74.5,5.4,276.3,Optimal Rock Crawl / Grass-Gravel Grip
DEFENDER-ATPC-1965,18.5,38.2,3.5,218.2,Optimal Rock Crawl / Grass-Gravel Grip
DEFENDER-ATPC-1966,31.5,43.0,2.8,158.7,Optimal Rock Crawl / Grass-Gravel Grip
DEFENDER-ATPC-1967,18.9,22.3,2.3,258.4,Deep Sand / Mud Bog Ruts Active
DEFENDER-ATPC-1968,9.8,92.7,7.4,133.6,Optimal Rock Crawl / Grass-Gravel Grip
DEFENDER-ATPC-1969,17.4,56.1,4.2,460.3,Optimal Rock Crawl / Grass-Gravel Grip
DEFENDER-ATPC-1970,6.8,55.8,5.1,260.6,Optimal Rock Crawl / Grass-Gravel Grip
DEFENDER-ATPC-1971,10.7,44.6,4.0,355.8,Optimal Rock Crawl / Grass-Gravel Grip
DEFENDER-ATPC-1972,27.6,87.7,6.1,129.4,Optimal Rock Crawl / Grass-Gravel Grip
DEFENDER-ATPC-1973,4.0,57.6,5.7,325.6,Optimal Rock Crawl / Grass-Gravel Grip
DEFENDER-ATPC-1974,5.9,22.5,3.1,379.8,Deep Sand / Mud Bog Ruts Active
DEFENDER-ATPC-1975,20.6,16.4,1.7,179.1,Deep Sand / Mud Bog Ruts Active
DEFENDER-ATPC-1976,20.7,58.1,4.0,428.3,Optimal Rock Crawl / Grass-Gravel Grip
DEFENDER-ATPC-1977,14.5,72.8,6.5,432.2,Optimal Rock Crawl / Grass-Gravel Grip
DEFENDER-ATPC-1978,18.1,93.1,7.1,306.8,Optimal Rock Crawl / Grass-Gravel Grip
DEFENDER-ATPC-1979,29.2,25.9,2.0,397.8,Deep Sand / Mud Bog Ruts Active
DEFENDER-ATPC-1980,39.8,51.9,2.6,333.7,Optimal Rock Crawl / Grass-Gravel Grip
DEFENDER-ATPC-1981,32.9,66.3,4.1,146.7,Optimal Rock Crawl / Grass-Gravel Grip
DEFENDER-ATPC-1982,30.2,67.9,4.3,165.7,Optimal Rock Crawl / Grass-Gravel Grip
DEFENDER-ATPC-1983,18.8,93.8,7.4,153.4,Optimal Rock Crawl / Grass-Gravel Grip
DEFENDER-ATPC-1984,15.9,28.0,2.9,266.3,Deep Sand / Mud Bog Ruts Active
DEFENDER-ATPC-1985,16.4,71.5,5.4,215.7,Optimal Rock Crawl / Grass-Gravel Grip
DEFENDER-ATPC-1986,30.8,83.4,5.9,203.4,Optimal Rock Crawl / Grass-Gravel Grip
DEFENDER-ATPC-1987,34.2,24.4,1.5,380.6,Deep Sand / Mud Bog Ruts Active
DEFENDER-ATPC-1988,5.0,19.5,3.2,429.7,Deep Sand / Mud Bog Ruts Active
DEFENDER-ATPC-1989,24.2,82.3,5.4,220.7,Optimal Rock Crawl / Grass-Gravel Grip
DEFENDER-ATPC-1990,32.9,89.9,5.5,221.7,Optimal Rock Crawl / Grass-Gravel Grip
DEFENDER-ATPC-1991,10.6,30.0,3.2,351.0,Deep Sand / Mud Bog Ruts Active
DEFENDER-ATPC-1992,31.7,31.1,1.7,124.7,Deep Sand / Mud Bog Ruts Active
DEFENDER-ATPC-1993,39.9,82.6,5.2,199.7,Optimal Rock Crawl / Grass-Gravel Grip
DEFENDER-ATPC-1994,3.4,71.8,6.4,477.1,Optimal Rock Crawl / Grass-Gravel Grip
DEFENDER-ATPC-1995,31.6,52.9,3.8,197.2,Optimal Rock Crawl / Grass-Gravel Grip
DEFENDER-ATPC-1996,8.2,80.5,6.9,311.4,Optimal Rock Crawl / Grass-Gravel Grip
DEFENDER-ATPC-1997,10.4,85.3,7.1,477.4,Optimal Rock Crawl / Grass-Gravel Grip
DEFENDER-ATPC-1998,25.3,72.5,5.3,267.1,Optimal Rock Crawl / Grass-Gravel Grip
DEFENDER-ATPC-1999,16.8,84.6,6.3,334.6,Optimal Rock Crawl / Grass-Gravel Grip
DEFENDER-ATPC-2000,35.9,61.3,3.8,175.9,Optimal Rock Crawl / Grass-Gravel Grip
DEFENDER-ATPC-2001,34.8,42.0,3.1,383.6,Optimal Rock Crawl / Grass-Gravel Grip
DEFENDER-ATPC-2002,33.1,59.8,3.8,129.4,Optimal Rock Crawl / Grass-Gravel Grip
DEFENDER-ATPC-2003,26.9,26.7,1.8,347.1,Deep Sand / Mud Bog Ruts Active
DEFENDER-ATPC-2004,26.7,80.3,5.5,228.1,Optimal Rock Crawl / Grass-Gravel Grip
DEFENDER-ATPC-2005,19.0,92.9,7.1,419.8,Optimal Rock Crawl / Grass-Gravel Grip
DEFENDER-ATPC-2006,4.7,77.5,6.6,230.9,Optimal Rock Crawl / Grass-Gravel Grip
DEFENDER-ATPC-2007,40.7,73.2,4.1,196.0,Optimal Rock Crawl / Grass-Gravel Grip
DEFENDER-ATPC-2008,19.1,83.1,6.0,301.9,Optimal Rock Crawl / Grass-Gravel Grip
DEFENDER-ATPC-2009,5.6,63.9,5.7,285.1,Optimal Rock Crawl / Grass-Gravel Grip
DEFENDER-ATPC-2010,6.7,76.9,6.2,444.9,Optimal Rock Crawl / Grass-Gravel Grip
DEFENDER-ATPC-2011,10.3,34.9,3.2,307.5,Deep Sand / Mud Bog Ruts Active
DEFENDER-ATPC-2012,6.4,24.9,3.2,463.6,Deep Sand / Mud Bog Ruts Active
DEFENDER-ATPC-2013,26.3,68.7,5.3,322.3,Optimal Rock Crawl / Grass-Gravel Grip
DEFENDER-ATPC-2014,35.8,23.1,1.1,254.2,Deep Sand / Mud Bog Ruts Active
DEFENDER-ATPC-2015,21.6,36.0,2.3,142.5,Optimal Rock Crawl / Grass-Gravel Grip
DEFENDER-ATPC-2016,26.8,24.6,1.6,258.3,Deep Sand / Mud Bog Ruts Active
DEFENDER-ATPC-2017,9.8,16.8,1.9,322.8,Deep Sand / Mud Bog Ruts Active
DEFENDER-ATPC-2018,30.7,50.0,3.6,236.8,Optimal Rock Crawl / Grass-Gravel Grip
DEFENDER-ATPC-2019,23.9,31.2,2.7,164.6,Deep Sand / Mud Bog Ruts Active
DEFENDER-ATPC-2020,15.8,59.8,4.6,314.7,Optimal Rock Crawl / Grass-Gravel Grip
DEFENDER-ATPC-2021,22.3,25.3,2.1,194.8,Deep Sand / Mud Bog Ruts Active
DEFENDER-ATPC-2022,34.8,91.2,5.8,372.6,Optimal Rock Crawl / Grass-Gravel Grip
DEFENDER-ATPC-2023,2.5,71.3,6.5,473.8,Optimal Rock Crawl / Grass-Gravel Grip
DEFENDER-ATPC-2024,37.5,37.0,1.9,166.1,Optimal Rock Crawl / Grass-Gravel Grip
DEFENDER-ATPC-2025,32.7,90.2,5.7,182.1,Optimal Rock Crawl / Grass-Gravel Grip
DEFENDER-ATPC-2026,16.7,42.4,3.8,450.9,Optimal Rock Crawl / Grass-Gravel Grip
DEFENDER-ATPC-2027,38.8,89.2,5.9,457.7,Optimal Rock Crawl / Grass-Gravel Grip
DEFENDER-ATPC-2028,30.3,32.1,2.3,412.7,Deep Sand / Mud Bog Ruts Active
DEFENDER-ATPC-2029,41.7,26.3,1.2,187.0,Deep Sand / Mud Bog Ruts Active
DEFENDER-ATPC-2030,5.5,85.0,7.3,142.6,Optimal Rock Crawl / Grass-Gravel Grip
DEFENDER-ATPC-2031,31.1,32.2,2.2,183.6,Deep Sand / Mud Bog Ruts Active
DEFENDER-ATPC-2032,5.6,83.4,7.4,204.4,Optimal Rock Crawl / Grass-Gravel Grip
DEFENDER-ATPC-2033,27.7,74.7,5.4,233.4,Optimal Rock Crawl / Grass-Gravel Grip
DEFENDER-ATPC-2034,15.8,59.1,5.0,126.5,Optimal Rock Crawl / Grass-Gravel Grip
DEFENDER-ATPC-2035,23.4,60.2,4.8,150.8,Optimal Rock Crawl / Grass-Gravel Grip
DEFENDER-ATPC-2036,3.0,37.9,4.4,386.2,Optimal Rock Crawl / Grass-Gravel Grip
DEFENDER-ATPC-2037,17.9,48.4,4.3,392.5,Optimal Rock Crawl / Grass-Gravel Grip
DEFENDER-ATPC-2038,9.7,28.5,2.9,263.9,Deep Sand / Mud Bog Ruts Active
DEFENDER-ATPC-2039,23.2,67.7,5.4,216.6,Optimal Rock Crawl / Grass-Gravel Grip
DEFENDER-ATPC-2040,21.2,67.3,5.0,314.6,Optimal Rock Crawl / Grass-Gravel Grip
DEFENDER-ATPC-2041,3.3,76.2,6.5,149.6,Optimal Rock Crawl / Grass-Gravel Grip
DEFENDER-ATPC-2042,27.5,94.1,7.2,296.2,Optimal Rock Crawl / Grass-Gravel Grip
DEFENDER-ATPC-2043,12.5,33.6,3.0,254.4,Deep Sand / Mud Bog Ruts Active
DEFENDER-ATPC-2044,2.1,19.9,3.0,293.9,Deep Sand / Mud Bog Ruts Active
DEFENDER-ATPC-2045,5.0,23.3,3.4,297.3,Deep Sand / Mud Bog Ruts Active
DEFENDER-ATPC-2046,40.4,92.6,5.7,331.3,Optimal Rock Crawl / Grass-Gravel Grip
DEFENDER-ATPC-2047,38.6,65.5,4.1,171.0,Optimal Rock Crawl / Grass-Gravel Grip
DEFENDER-ATPC-2048,34.6,50.0,3.2,423.5,Optimal Rock Crawl / Grass-Gravel Grip
DEFENDER-ATPC-2049,20.6,21.5,2.3,277.7,Deep Sand / Mud Bog Ruts Active
DEFENDER-ATPC-2050,38.2,16.0,1.0,226.0,Deep Sand / Mud Bog Ruts Active
DEFENDER-ATPC-2051,13.5,57.4,4.9,325.5,Optimal Rock Crawl / Grass-Gravel Grip
DEFENDER-ATPC-2052,17.4,82.7,6.3,373.6,Optimal Rock Crawl / Grass-Gravel Grip
DEFENDER-ATPC-2053,36.7,52.7,3.4,344.4,Optimal Rock Crawl / Grass-Gravel Grip
DEFENDER-ATPC-2054,30.3,68.1,4.1,181.2,Optimal Rock Crawl / Grass-Gravel Grip
DEFENDER-ATPC-2055,35.2,81.5,5.2,226.5,Optimal Rock Crawl / Grass-Gravel Grip
DEFENDER-ATPC-2056,32.3,41.1,2.9,156.9,Optimal Rock Crawl / Grass-Gravel Grip
DEFENDER-ATPC-2057,15.7,43.4,3.4,196.8,Optimal Rock Crawl / Grass-Gravel Grip
DEFENDER-ATPC-2058,26.0,55.8,4.2,433.7,Optimal Rock Crawl / Grass-Gravel Grip
DEFENDER-ATPC-2059,6.5,32.6,3.6,254.1,Deep Sand / Mud Bog Ruts Active
DEFENDER-ATPC-2060,30.0,77.9,6.0,381.5,Optimal Rock Crawl / Grass-Gravel Grip
DEFENDER-ATPC-2061,27.4,51.7,3.8,217.6,Optimal Rock Crawl / Grass-Gravel Grip
DEFENDER-ATPC-2062,3.0,43.0,4.8,242.1,Optimal Rock Crawl / Grass-Gravel Grip
DEFENDER-ATPC-2063,34.2,63.2,4.0,120.2,Optimal Rock Crawl / Grass-Gravel Grip
DEFENDER-ATPC-2064,31.9,26.1,1.8,370.3,Deep Sand / Mud Bog Ruts Active
DEFENDER-ATPC-2065,10.5,50.2,4.3,325.2,Optimal Rock Crawl / Grass-Gravel Grip
DEFENDER-ATPC-2066,17.7,15.3,1.7,357.7,Deep Sand / Mud Bog Ruts Active
DEFENDER-ATPC-2067,37.4,87.9,5.7,324.9,Optimal Rock Crawl / Grass-Gravel Grip
DEFENDER-ATPC-2068,40.3,34.0,1.5,472.1,Deep Sand / Mud Bog Ruts Active
DEFENDER-ATPC-2069,28.1,38.6,2.3,339.4,Optimal Rock Crawl / Grass-Gravel Grip
DEFENDER-ATPC-2070,40.8,23.1,1.0,187.3,Deep Sand / Mud Bog Ruts Active
DEFENDER-ATPC-2071,14.3,81.1,6.5,285.5,Optimal Rock Crawl / Grass-Gravel Grip
DEFENDER-ATPC-2072,39.4,63.8,4.0,124.8,Optimal Rock Crawl / Grass-Gravel Grip
DEFENDER-ATPC-2073,41.7,72.8,4.0,287.7,Optimal Rock Crawl / Grass-Gravel Grip
DEFENDER-ATPC-2074,36.2,72.5,4.6,368.3,Optimal Rock Crawl / Grass-Gravel Grip
DEFENDER-ATPC-2075,4.9,37.0,3.6,264.5,Optimal Rock Crawl / Grass-Gravel Grip
DEFENDER-ATPC-2076,35.9,52.6,3.0,207.3,Optimal Rock Crawl / Grass-Gravel Grip
DEFENDER-ATPC-2077,29.5,17.5,1.0,376.5,Deep Sand / Mud Bog Ruts Active
DEFENDER-ATPC-2078,9.2,52.8,4.7,212.3,Optimal Rock Crawl / Grass-Gravel Grip
DEFENDER-ATPC-2079,39.7,16.4,1.0,138.7,Deep Sand / Mud Bog Ruts Active
DEFENDER-ATPC-2080,20.2,59.5,4.3,446.8,Optimal Rock Crawl / Grass-Gravel Grip
DEFENDER-ATPC-2081,31.3,60.9,4.4,269.6,Optimal Rock Crawl / Grass-Gravel Grip
DEFENDER-ATPC-2082,28.9,41.3,3.0,279.2,Optimal Rock Crawl / Grass-Gravel Grip
DEFENDER-ATPC-2083,41.5,41.7,2.4,471.8,Optimal Rock Crawl / Grass-Gravel Grip
DEFENDER-ATPC-2084,29.9,42.5,3.8,300.1,Optimal Rock Crawl / Grass-Gravel Grip
DEFENDER-ATPC-2085,25.8,23.7,1.9,180.2,Deep Sand / Mud Bog Ruts Active
DEFENDER-ATPC-2086,26.8,67.1,5.1,422.0,Optimal Rock Crawl / Grass-Gravel Grip
DEFENDER-ATPC-2087,4.0,39.0,4.3,421.7,Optimal Rock Crawl / Grass-Gravel Grip
DEFENDER-ATPC-2088,17.1,24.8,2.7,400.1,Deep Sand / Mud Bog Ruts Active
DEFENDER-ATPC-2089,30.0,25.9,2.4,251.5,Deep Sand / Mud Bog Ruts Active
DEFENDER-ATPC-2090,27.7,29.8,2.0,415.5,Deep Sand / Mud Bog Ruts Active
DEFENDER-ATPC-2091,13.5,67.8,5.5,407.8,Optimal Rock Crawl / Grass-Gravel Grip
DEFENDER-ATPC-2092,11.8,51.0,4.8,258.0,Optimal Rock Crawl / Grass-Gravel Grip
DEFENDER-ATPC-2093,31.6,19.5,1.7,459.1,Deep Sand / Mud Bog Ruts Active
DEFENDER-ATPC-2094,28.7,25.8,1.7,337.8,Deep Sand / Mud Bog Ruts Active
DEFENDER-ATPC-2095,10.6,87.2,7.5,301.8,Optimal Rock Crawl / Grass-Gravel Grip
DEFENDER-ATPC-2096,33.9,32.1,1.7,428.3,Deep Sand / Mud Bog Ruts Active
DEFENDER-ATPC-2097,16.3,56.0,4.5,189.2,Optimal Rock Crawl / Grass-Gravel Grip
DEFENDER-ATPC-2098,36.0,91.7,5.9,261.8,Optimal Rock Crawl / Grass-Gravel Grip
DEFENDER-ATPC-2099,3.1,22.9,2.9,425.0,Deep Sand / Mud Bog Ruts Active
DEFENDER-ATPC-2100,34.4,35.7,2.3,200.0,Optimal Rock Crawl / Grass-Gravel Grip
DEFENDER-ATPC-2101,33.4,81.2,5.1,303.6,Optimal Rock Crawl / Grass-Gravel Grip
DEFENDER-ATPC-2102,17.9,70.9,5.3,476.2,Optimal Rock Crawl / Grass-Gravel Grip
DEFENDER-ATPC-2103,31.7,36.9,2.0,304.0,Optimal Rock Crawl / Grass-Gravel Grip
DEFENDER-ATPC-2104,19.4,81.0,6.5,180.8,Optimal Rock Crawl / Grass-Gravel Grip
DEFENDER-ATPC-2105,41.7,43.5,2.5,308.6,Optimal Rock Crawl / Grass-Gravel Grip
DEFENDER-ATPC-2106,6.5,46.4,4.5,248.5,Optimal Rock Crawl / Grass-Gravel Grip
DEFENDER-ATPC-2107,30.7,41.1,2.9,182.4,Optimal Rock Crawl / Grass-Gravel Grip
DEFENDER-ATPC-2108,41.7,40.2,2.0,317.0,Optimal Rock Crawl / Grass-Gravel Grip
DEFENDER-ATPC-2109,10.9,55.1,5.0,352.6,Optimal Rock Crawl / Grass-Gravel Grip
DEFENDER-ATPC-2110,25.7,40.9,2.9,184.5,Optimal Rock Crawl / Grass-Gravel Grip
DEFENDER-ATPC-2111,8.7,49.8,4.5,423.4,Optimal Rock Crawl / Grass-Gravel Grip
DEFENDER-ATPC-2112,36.2,17.1,1.0,475.4,Deep Sand / Mud Bog Ruts Active
DEFENDER-ATPC-2113,25.3,50.3,3.8,300.5,Optimal Rock Crawl / Grass-Gravel Grip
DEFENDER-ATPC-2114,17.4,61.5,5.0,284.0,Optimal Rock Crawl / Grass-Gravel Grip
DEFENDER-ATPC-2115,40.1,70.6,4.2,423.9,Optimal Rock Crawl / Grass-Gravel Grip
DEFENDER-ATPC-2116,22.7,62.3,4.3,153.8,Optimal Rock Crawl / Grass-Gravel Grip
DEFENDER-ATPC-2117,29.3,65.1,4.3,468.2,Optimal Rock Crawl / Grass-Gravel Grip
DEFENDER-ATPC-2118,39.1,88.1,5.3,471.0,Optimal Rock Crawl / Grass-Gravel Grip
DEFENDER-ATPC-2119,29.8,59.0,4.5,318.8,Optimal Rock Crawl / Grass-Gravel Grip
DEFENDER-ATPC-2120,5.6,38.2,3.5,465.3,Optimal Rock Crawl / Grass-Gravel Grip
DEFENDER-ATPC-2121,38.1,57.6,3.4,137.9,Optimal Rock Crawl / Grass-Gravel Grip
DEFENDER-ATPC-2122,26.3,92.9,6.4,130.6,Optimal Rock Crawl / Grass-Gravel Grip
DEFENDER-ATPC-2123,41.4,39.6,2.2,122.3,Optimal Rock Crawl / Grass-Gravel Grip
DEFENDER-ATPC-2124,7.3,58.1,5.1,416.8,Optimal Rock Crawl / Grass-Gravel Grip
DEFENDER-ATPC-2125,39.0,65.3,3.9,286.2,Optimal Rock Crawl / Grass-Gravel Grip
DEFENDER-ATPC-2126,31.1,58.2,3.8,344.8,Optimal Rock Crawl / Grass-Gravel Grip
DEFENDER-ATPC-2127,8.4,76.7,6.2,283.5,Optimal Rock Crawl / Grass-Gravel Grip
DEFENDER-ATPC-2128,23.4,68.4,4.9,348.1,Optimal Rock Crawl / Grass-Gravel Grip
DEFENDER-ATPC-2129,25.2,75.8,5.3,387.2,Optimal Rock Crawl / Grass-Gravel Grip
DEFENDER-ATPC-2130,6.0,20.3,3.0,347.0,Deep Sand / Mud Bog Ruts Active
DEFENDER-ATPC-2131,35.3,59.8,3.7,288.4,Optimal Rock Crawl / Grass-Gravel Grip
DEFENDER-ATPC-2132,28.0,49.4,3.4,358.9,Optimal Rock Crawl / Grass-Gravel Grip
DEFENDER-ATPC-2133,9.3,80.7,6.6,264.7,Optimal Rock Crawl / Grass-Gravel Grip
DEFENDER-ATPC-2134,20.8,89.2,6.7,249.8,Optimal Rock Crawl / Grass-Gravel Grip
DEFENDER-ATPC-2135,13.4,84.4,7.0,446.1,Optimal Rock Crawl / Grass-Gravel Grip
DEFENDER-ATPC-2136,40.5,24.2,1.0,402.2,Deep Sand / Mud Bog Ruts Active
DEFENDER-ATPC-2137,2.5,84.3,7.9,309.8,Optimal Rock Crawl / Grass-Gravel Grip
DEFENDER-ATPC-2138,4.6,93.7,7.8,204.0,Optimal Rock Crawl / Grass-Gravel Grip
DEFENDER-ATPC-2139,2.3,31.1,3.8,343.5,Deep Sand / Mud Bog Ruts Active
DEFENDER-ATPC-2140,10.2,33.7,3.2,432.8,Deep Sand / Mud Bog Ruts Active
DEFENDER-ATPC-2141,20.5,65.8,4.9,426.0,Optimal Rock Crawl / Grass-Gravel Grip
DEFENDER-ATPC-2142,18.9,21.1,2.4,289.7,Deep Sand / Mud Bog Ruts Active
DEFENDER-ATPC-2143,16.0,39.0,3.6,478.4,Optimal Rock Crawl / Grass-Gravel Grip
DEFENDER-ATPC-2144,4.1,37.4,4.1,427.9,Optimal Rock Crawl / Grass-Gravel Grip
DEFENDER-ATPC-2145,39.5,58.2,3.5,143.0,Optimal Rock Crawl / Grass-Gravel Grip
DEFENDER-ATPC-2146,15.9,71.5,5.3,310.1,Optimal Rock Crawl / Grass-Gravel Grip
DEFENDER-ATPC-2147,28.5,48.5,3.8,418.4,Optimal Rock Crawl / Grass-Gravel Grip
DEFENDER-ATPC-2148,34.4,73.2,4.6,139.6,Optimal Rock Crawl / Grass-Gravel Grip
DEFENDER-ATPC-2149,15.2,42.8,4.2,470.9,Optimal Rock Crawl / Grass-Gravel Grip
DEFENDER-ATPC-2150,41.5,24.0,1.0,343.8,Deep Sand / Mud Bog Ruts Active
DEFENDER-ATPC-2151,6.0,50.7,4.6,245.0,Optimal Rock Crawl / Grass-Gravel Grip
DEFENDER-ATPC-2152,17.3,68.1,5.6,142.9,Optimal Rock Crawl / Grass-Gravel Grip
DEFENDER-ATPC-2153,41.3,64.8,3.7,171.5,Optimal Rock Crawl / Grass-Gravel Grip
DEFENDER-ATPC-2154,6.3,85.3,7.2,143.5,Optimal Rock Crawl / Grass-Gravel Grip
DEFENDER-ATPC-2155,29.1,62.8,4.3,457.2,Optimal Rock Crawl / Grass-Gravel Grip
DEFENDER-ATPC-2156,3.4,74.4,6.3,205.5,Optimal Rock Crawl / Grass-Gravel Grip
DEFENDER-ATPC-2157,11.2,83.4,7.0,288.4,Optimal Rock Crawl / Grass-Gravel Grip
DEFENDER-ATPC-2158,9.7,56.4,5.1,162.6,Optimal Rock Crawl / Grass-Gravel Grip
DEFENDER-ATPC-2159,34.2,48.8,3.6,390.8,Optimal Rock Crawl / Grass-Gravel Grip
DEFENDER-ATPC-2160,5.9,22.2,3.1,366.3,Deep Sand / Mud Bog Ruts Active
DEFENDER-ATPC-2161,12.8,52.8,5.3,472.7,Optimal Rock Crawl / Grass-Gravel Grip
DEFENDER-ATPC-2162,7.4,71.0,6.6,186.6,Optimal Rock Crawl / Grass-Gravel Grip
DEFENDER-ATPC-2163,16.6,24.9,2.0,227.2,Deep Sand / Mud Bog Ruts Active
DEFENDER-ATPC-2164,18.2,85.0,6.6,141.8,Optimal Rock Crawl / Grass-Gravel Grip
DEFENDER-ATPC-2165,34.5,62.5,4.2,315.2,Optimal Rock Crawl / Grass-Gravel Grip
DEFENDER-ATPC-2166,16.3,91.8,7.7,293.1,Optimal Rock Crawl / Grass-Gravel Grip
DEFENDER-ATPC-2167,27.9,66.7,4.2,238.4,Optimal Rock Crawl / Grass-Gravel Grip
DEFENDER-ATPC-2168,23.2,49.8,3.9,231.2,Optimal Rock Crawl / Grass-Gravel Grip
DEFENDER-ATPC-2169,29.0,24.5,2.1,272.0,Deep Sand / Mud Bog Ruts Active
DEFENDER-ATPC-2170,41.5,17.5,1.0,250.1,Deep Sand / Mud Bog Ruts Active
DEFENDER-ATPC-2171,23.0,57.9,4.5,475.3,Optimal Rock Crawl / Grass-Gravel Grip
DEFENDER-ATPC-2172,39.6,31.0,1.7,146.1,Deep Sand / Mud Bog Ruts Active
DEFENDER-ATPC-2173,6.7,68.5,6.5,306.4,Optimal Rock Crawl / Grass-Gravel Grip
DEFENDER-ATPC-2174,4.0,54.7,5.7,456.4,Optimal Rock Crawl / Grass-Gravel Grip
DEFENDER-ATPC-2175,40.4,79.1,4.3,329.5,Optimal Rock Crawl / Grass-Gravel Grip
DEFENDER-ATPC-2176,31.8,60.5,3.6,184.5,Optimal Rock Crawl / Grass-Gravel Grip
DEFENDER-ATPC-2177,22.7,62.4,4.9,234.3,Optimal Rock Crawl / Grass-Gravel Grip
DEFENDER-ATPC-2178,40.2,58.4,3.1,238.4,Optimal Rock Crawl / Grass-Gravel Grip
DEFENDER-ATPC-2179,2.2,45.4,4.5,240.4,Optimal Rock Crawl / Grass-Gravel Grip
DEFENDER-ATPC-2180,30.1,55.5,3.9,234.7,Optimal Rock Crawl / Grass-Gravel Grip
DEFENDER-ATPC-2181,41.2,49.8,2.2,265.8,Optimal Rock Crawl / Grass-Gravel Grip
DEFENDER-ATPC-2182,13.1,89.9,7.0,244.4,Optimal Rock Crawl / Grass-Gravel Grip
DEFENDER-ATPC-2183,29.0,32.1,2.4,299.1,Deep Sand / Mud Bog Ruts Active
DEFENDER-ATPC-2184,2.8,72.1,6.4,248.0,Optimal Rock Crawl / Grass-Gravel Grip
DEFENDER-ATPC-2185,22.7,41.8,2.9,186.6,Optimal Rock Crawl / Grass-Gravel Grip
DEFENDER-ATPC-2186,3.3,91.7,7.4,181.7,Optimal Rock Crawl / Grass-Gravel Grip
DEFENDER-ATPC-2187,13.1,79.3,6.7,278.4,Optimal Rock Crawl / Grass-Gravel Grip
DEFENDER-ATPC-2188,8.3,53.5,4.7,180.2,Optimal Rock Crawl / Grass-Gravel Grip
DEFENDER-ATPC-2189,24.9,58.2,4.5,214.6,Optimal Rock Crawl / Grass-Gravel Grip
DEFENDER-ATPC-2190,9.7,38.0,3.7,299.3,Optimal Rock Crawl / Grass-Gravel Grip
DEFENDER-ATPC-2191,27.0,63.2,4.8,434.4,Optimal Rock Crawl / Grass-Gravel Grip
DEFENDER-ATPC-2192,15.1,87.6,6.6,349.6,Optimal Rock Crawl / Grass-Gravel Grip
DEFENDER-ATPC-2193,17.5,27.8,3.1,319.7,Deep Sand / Mud Bog Ruts Active
DEFENDER-ATPC-2194,40.2,42.2,2.4,140.2,Optimal Rock Crawl / Grass-Gravel Grip
DEFENDER-ATPC-2195,17.5,76.7,5.8,191.8,Optimal Rock Crawl / Grass-Gravel Grip
DEFENDER-ATPC-2196,40.7,21.2,1.0,350.9,Deep Sand / Mud Bog Ruts Active
DEFENDER-ATPC-2197,16.6,24.7,2.9,475.1,Deep Sand / Mud Bog Ruts Active
DEFENDER-ATPC-2198,27.6,16.3,1.2,140.9,Deep Sand / Mud Bog Ruts Active
DEFENDER-ATPC-2199,22.9,33.4,3.2,454.2,Deep Sand / Mud Bog Ruts Active
DEFENDER-ATPC-2200,4.4,85.1,7.3,179.4,Optimal Rock Crawl / Grass-Gravel Grip
DEFENDER-ATPC-2201,2.5,29.2,3.6,310.4,Deep Sand / Mud Bog Ruts Active
DEFENDER-ATPC-2202,14.9,65.6,4.7,435.2,Optimal Rock Crawl / Grass-Gravel Grip
DEFENDER-ATPC-2203,13.2,71.5,6.2,167.5,Optimal Rock Crawl / Grass-Gravel Grip
DEFENDER-ATPC-2204,34.0,87.1,5.3,284.2,Optimal Rock Crawl / Grass-Gravel Grip
DEFENDER-ATPC-2205,15.2,87.5,7.0,352.5,Optimal Rock Crawl / Grass-Gravel Grip
DEFENDER-ATPC-2206,24.3,46.0,3.1,217.2,Optimal Rock Crawl / Grass-Gravel Grip
DEFENDER-ATPC-2207,24.4,28.3,1.8,359.3,Deep Sand / Mud Bog Ruts Active
DEFENDER-ATPC-2208,16.7,18.2,2.0,215.6,Deep Sand / Mud Bog Ruts Active
DEFENDER-ATPC-2209,12.9,37.9,3.4,459.4,Optimal Rock Crawl / Grass-Gravel Grip
DEFENDER-ATPC-2210,33.0,84.3,5.3,224.3,Optimal Rock Crawl / Grass-Gravel Grip
DEFENDER-ATPC-2211,36.4,31.2,2.0,154.5,Deep Sand / Mud Bog Ruts Active
DEFENDER-ATPC-2212,30.7,66.6,4.2,244.1,Optimal Rock Crawl / Grass-Gravel Grip
DEFENDER-ATPC-2213,23.0,19.3,2.2,271.8,Deep Sand / Mud Bog Ruts Active
DEFENDER-ATPC-2214,41.7,18.8,1.0,145.5,Deep Sand / Mud Bog Ruts Active
DEFENDER-ATPC-2215,34.6,67.8,3.9,247.9,Optimal Rock Crawl / Grass-Gravel Grip
DEFENDER-ATPC-2216,28.1,79.6,5.6,258.7,Optimal Rock Crawl / Grass-Gravel Grip
DEFENDER-ATPC-2217,26.4,73.4,5.1,461.6,Optimal Rock Crawl / Grass-Gravel Grip
DEFENDER-ATPC-2218,31.1,19.9,1.3,232.1,Deep Sand / Mud Bog Ruts Active
DEFENDER-ATPC-2219,34.6,22.9,1.3,177.2,Deep Sand / Mud Bog Ruts Active
DEFENDER-ATPC-2220,6.8,26.7,3.3,151.5,Deep Sand / Mud Bog Ruts Active
DEFENDER-ATPC-2221,25.2,49.3,3.2,434.7,Optimal Rock Crawl / Grass-Gravel Grip
DEFENDER-ATPC-2222,35.4,66.6,4.2,463.2,Optimal Rock Crawl / Grass-Gravel Grip
DEFENDER-ATPC-2223,10.7,47.6,4.8,275.6,Optimal Rock Crawl / Grass-Gravel Grip
DEFENDER-ATPC-2224,38.8,53.4,3.4,370.0,Optimal Rock Crawl / Grass-Gravel Grip
DEFENDER-ATPC-2225,28.6,40.3,2.8,477.3,Optimal Rock Crawl / Grass-Gravel Grip
DEFENDER-ATPC-2226,17.1,46.8,3.3,328.2,Optimal Rock Crawl / Grass-Gravel Grip
DEFENDER-ATPC-2227,16.9,44.3,3.5,231.4,Optimal Rock Crawl / Grass-Gravel Grip
DEFENDER-ATPC-2228,14.4,85.0,7.1,250.4,Optimal Rock Crawl / Grass-Gravel Grip
DEFENDER-ATPC-2229,38.9,94.4,6.2,479.9,Optimal Rock Crawl / Grass-Gravel Grip
DEFENDER-ATPC-2230,25.7,89.1,6.4,386.2,Optimal Rock Crawl / Grass-Gravel Grip
DEFENDER-ATPC-2231,11.8,21.4,3.4,429.4,Deep Sand / Mud Bog Ruts Active
DEFENDER-ATPC-2232,39.0,92.8,6.1,338.0,Optimal Rock Crawl / Grass-Gravel Grip
DEFENDER-ATPC-2233,11.1,39.3,3.8,300.9,Optimal Rock Crawl / Grass-Gravel Grip
DEFENDER-ATPC-2234,22.2,26.7,2.1,149.7,Deep Sand / Mud Bog Ruts Active
DEFENDER-ATPC-2235,14.3,36.8,4.0,273.3,Optimal Rock Crawl / Grass-Gravel Grip
DEFENDER-ATPC-2236,14.4,28.1,3.1,389.9,Deep Sand / Mud Bog Ruts Active
DEFENDER-ATPC-2237,6.1,22.3,3.1,267.3,Deep Sand / Mud Bog Ruts Active
DEFENDER-ATPC-2238,19.5,25.0,2.6,280.4,Deep Sand / Mud Bog Ruts Active
DEFENDER-ATPC-2239,18.5,48.9,4.2,144.8,Optimal Rock Crawl / Grass-Gravel Grip
DEFENDER-ATPC-2240,24.8,82.7,6.4,167.7,Optimal Rock Crawl / Grass-Gravel Grip
DEFENDER-ATPC-2241,16.8,29.3,2.4,429.2,Deep Sand / Mud Bog Ruts Active
DEFENDER-ATPC-2242,27.1,36.4,2.5,125.2,Optimal Rock Crawl / Grass-Gravel Grip
DEFENDER-ATPC-2243,10.2,69.0,5.8,306.0,Optimal Rock Crawl / Grass-Gravel Grip
DEFENDER-ATPC-2244,18.0,67.0,4.8,221.8,Optimal Rock Crawl / Grass-Gravel Grip
DEFENDER-ATPC-2245,18.3,72.2,5.8,196.9,Optimal Rock Crawl / Grass-Gravel Grip
DEFENDER-ATPC-2246,4.5,46.3,5.1,296.4,Optimal Rock Crawl / Grass-Gravel Grip
DEFENDER-ATPC-2247,3.9,90.7,7.7,141.7,Optimal Rock Crawl / Grass-Gravel Grip
DEFENDER-ATPC-2248,37.2,19.9,1.0,437.7,Deep Sand / Mud Bog Ruts Active
DEFENDER-ATPC-2249,13.6,69.4,6.1,408.1,Optimal Rock Crawl / Grass-Gravel Grip
DEFENDER-ATPC-2250,20.5,31.4,2.6,458.8,Deep Sand / Mud Bog Ruts Active
DEFENDER-ATPC-2251,33.9,59.4,3.5,134.6,Optimal Rock Crawl / Grass-Gravel Grip
DEFENDER-ATPC-2252,7.7,41.0,3.8,194.6,Optimal Rock Crawl / Grass-Gravel Grip
DEFENDER-ATPC-2253,4.5,80.5,6.9,424.0,Optimal Rock Crawl / Grass-Gravel Grip
DEFENDER-ATPC-2254,25.5,80.6,6.4,138.9,Optimal Rock Crawl / Grass-Gravel Grip
DEFENDER-ATPC-2255,10.5,23.5,2.7,257.1,Deep Sand / Mud Bog Ruts Active
DEFENDER-ATPC-2256,2.0,73.0,6.5,305.0,Optimal Rock Crawl / Grass-Gravel Grip
DEFENDER-ATPC-2257,7.5,25.9,3.2,384.9,Deep Sand / Mud Bog Ruts Active
DEFENDER-ATPC-2258,6.1,88.5,6.9,249.9,Optimal Rock Crawl / Grass-Gravel Grip
DEFENDER-ATPC-2259,25.4,68.6,5.1,317.5,Optimal Rock Crawl / Grass-Gravel Grip
DEFENDER-ATPC-2260,3.6,91.3,8.1,364.2,Optimal Rock Crawl / Grass-Gravel Grip
DEFENDER-ATPC-2261,34.6,72.7,4.8,275.2,Optimal Rock Crawl / Grass-Gravel Grip
DEFENDER-ATPC-2262,16.8,44.5,4.0,214.4,Optimal Rock Crawl / Grass-Gravel Grip
DEFENDER-ATPC-2263,37.2,89.2,5.5,320.7,Optimal Rock Crawl / Grass-Gravel Grip
DEFENDER-ATPC-2264,29.5,60.3,3.7,355.7,Optimal Rock Crawl / Grass-Gravel Grip
DEFENDER-ATPC-2265,37.6,86.5,5.6,202.5,Optimal Rock Crawl / Grass-Gravel Grip
DEFENDER-ATPC-2266,26.5,25.5,2.1,342.8,Deep Sand / Mud Bog Ruts Active
DEFENDER-ATPC-2267,40.5,94.6,5.7,260.8,Optimal Rock Crawl / Grass-Gravel Grip
DEFENDER-ATPC-2268,2.6,37.0,3.9,302.1,Optimal Rock Crawl / Grass-Gravel Grip
DEFENDER-ATPC-2269,37.4,24.7,1.5,255.3,Deep Sand / Mud Bog Ruts Active
DEFENDER-ATPC-2270,29.7,56.1,3.8,163.5,Optimal Rock Crawl / Grass-Gravel Grip
DEFENDER-ATPC-2271,17.3,29.3,2.7,339.1,Deep Sand / Mud Bog Ruts Active
DEFENDER-ATPC-2272,19.2,86.5,6.6,423.9,Optimal Rock Crawl / Grass-Gravel Grip
DEFENDER-ATPC-2273,4.0,38.6,4.7,241.2,Optimal Rock Crawl / Grass-Gravel Grip
DEFENDER-ATPC-2274,26.3,56.0,4.5,294.2,Optimal Rock Crawl / Grass-Gravel Grip
DEFENDER-ATPC-2275,21.9,81.8,5.9,409.7,Optimal Rock Crawl / Grass-Gravel Grip
DEFENDER-ATPC-2276,23.4,43.9,3.4,457.8,Optimal Rock Crawl / Grass-Gravel Grip
DEFENDER-ATPC-2277,12.8,57.7,5.0,158.8,Optimal Rock Crawl / Grass-Gravel Grip
DEFENDER-ATPC-2278,40.3,69.4,3.8,283.8,Optimal Rock Crawl / Grass-Gravel Grip
DEFENDER-ATPC-2279,38.2,15.4,1.0,147.7,Deep Sand / Mud Bog Ruts Active
DEFENDER-ATPC-2280,12.3,69.1,6.4,285.6,Optimal Rock Crawl / Grass-Gravel Grip
DEFENDER-ATPC-2281,32.8,38.2,2.7,243.3,Optimal Rock Crawl / Grass-Gravel Grip
DEFENDER-ATPC-2282,22.3,70.4,5.5,233.1,Optimal Rock Crawl / Grass-Gravel Grip
DEFENDER-ATPC-2283,16.5,74.5,6.0,450.2,Optimal Rock Crawl / Grass-Gravel Grip
DEFENDER-ATPC-2284,26.7,94.1,6.7,188.8,Optimal Rock Crawl / Grass-Gravel Grip
DEFENDER-ATPC-2285,15.8,68.9,5.3,389.3,Optimal Rock Crawl / Grass-Gravel Grip
DEFENDER-ATPC-2286,20.8,87.8,6.8,144.5,Optimal Rock Crawl / Grass-Gravel Grip
DEFENDER-ATPC-2287,14.5,67.8,5.3,341.2,Optimal Rock Crawl / Grass-Gravel Grip
DEFENDER-ATPC-2288,2.4,75.5,6.6,125.5,Optimal Rock Crawl / Grass-Gravel Grip
DEFENDER-ATPC-2289,21.3,88.3,6.5,299.7,Optimal Rock Crawl / Grass-Gravel Grip
DEFENDER-ATPC-2290,41.3,90.6,5.6,439.7,Optimal Rock Crawl / Grass-Gravel Grip
DEFENDER-ATPC-2291,18.6,17.3,1.8,326.7,Deep Sand / Mud Bog Ruts Active
DEFENDER-ATPC-2292,19.4,46.6,3.8,256.9,Optimal Rock Crawl / Grass-Gravel Grip
DEFENDER-ATPC-2293,30.4,18.8,1.0,371.5,Deep Sand / Mud Bog Ruts Active
DEFENDER-ATPC-2294,10.6,74.6,6.0,317.1,Optimal Rock Crawl / Grass-Gravel Grip
DEFENDER-ATPC-2295,19.7,63.8,5.1,392.3,Optimal Rock Crawl / Grass-Gravel Grip
DEFENDER-ATPC-2296,16.4,83.2,6.3,310.9,Optimal Rock Crawl / Grass-Gravel Grip
DEFENDER-ATPC-2297,37.7,27.2,1.3,320.5,Deep Sand / Mud Bog Ruts Active
DEFENDER-ATPC-2298,2.0,69.5,6.5,398.4,Optimal Rock Crawl / Grass-Gravel Grip
DEFENDER-ATPC-2299,38.9,81.7,5.4,242.2,Optimal Rock Crawl / Grass-Gravel Grip
DEFENDER-ATPC-2300,38.9,78.8,5.2,326.2,Optimal Rock Crawl / Grass-Gravel Grip
DEFENDER-ATPC-2301,5.1,59.5,5.3,231.0,Optimal Rock Crawl / Grass-Gravel Grip
DEFENDER-ATPC-2302,32.6,26.3,1.2,130.4,Deep Sand / Mud Bog Ruts Active
DEFENDER-ATPC-2303,22.7,89.1,6.9,260.2,Optimal Rock Crawl / Grass-Gravel Grip
DEFENDER-ATPC-2304,38.0,67.3,3.8,288.4,Optimal Rock Crawl / Grass-Gravel Grip
DEFENDER-ATPC-2305,41.6,66.3,3.3,168.7,Optimal Rock Crawl / Grass-Gravel Grip
DEFENDER-ATPC-2306,20.8,35.9,2.7,394.8,Optimal Rock Crawl / Grass-Gravel Grip
DEFENDER-ATPC-2307,27.5,50.1,3.4,311.0,Optimal Rock Crawl / Grass-Gravel Grip
DEFENDER-ATPC-2308,22.5,92.3,6.4,460.7,Optimal Rock Crawl / Grass-Gravel Grip
DEFENDER-ATPC-2309,20.4,46.9,3.7,367.6,Optimal Rock Crawl / Grass-Gravel Grip
DEFENDER-ATPC-2310,29.1,28.5,2.3,434.3,Deep Sand / Mud Bog Ruts Active
DEFENDER-ATPC-2311,6.4,56.5,5.5,276.1,Optimal Rock Crawl / Grass-Gravel Grip
DEFENDER-ATPC-2312,38.4,82.0,4.7,269.5,Optimal Rock Crawl / Grass-Gravel Grip
DEFENDER-ATPC-2313,5.5,47.7,4.7,194.2,Optimal Rock Crawl / Grass-Gravel Grip
DEFENDER-ATPC-2314,34.5,58.8,3.4,197.7,Optimal Rock Crawl / Grass-Gravel Grip
DEFENDER-ATPC-2315,4.6,34.6,3.9,441.5,Deep Sand / Mud Bog Ruts Active
DEFENDER-ATPC-2316,21.1,24.4,2.6,277.6,Deep Sand / Mud Bog Ruts Active
DEFENDER-ATPC-2317,30.9,55.5,3.7,331.2,Optimal Rock Crawl / Grass-Gravel Grip
DEFENDER-ATPC-2318,38.2,50.5,3.1,241.8,Optimal Rock Crawl / Grass-Gravel Grip
DEFENDER-ATPC-2319,17.4,72.6,5.5,180.9,Optimal Rock Crawl / Grass-Gravel Grip
DEFENDER-ATPC-2320,21.9,76.5,5.4,226.1,Optimal Rock Crawl / Grass-Gravel Grip
DEFENDER-ATPC-2321,39.4,74.5,4.5,244.0,Optimal Rock Crawl / Grass-Gravel Grip
DEFENDER-ATPC-2322,39.3,90.3,5.5,258.7,Optimal Rock Crawl / Grass-Gravel Grip
DEFENDER-ATPC-2323,15.2,25.7,2.7,444.8,Deep Sand / Mud Bog Ruts Active
DEFENDER-ATPC-2324,26.4,26.7,2.5,474.1,Deep Sand / Mud Bog Ruts Active
DEFENDER-ATPC-2325,27.6,87.8,6.1,252.7,Optimal Rock Crawl / Grass-Gravel Grip
DEFENDER-ATPC-2326,15.7,33.7,3.8,380.5,Deep Sand / Mud Bog Ruts Active
DEFENDER-ATPC-2327,36.2,73.4,4.7,177.0,Optimal Rock Crawl / Grass-Gravel Grip
DEFENDER-ATPC-2328,30.7,64.6,4.8,377.5,Optimal Rock Crawl / Grass-Gravel Grip
DEFENDER-ATPC-2329,37.6,24.6,1.6,332.9,Deep Sand / Mud Bog Ruts Active
DEFENDER-ATPC-2330,11.3,39.1,3.8,328.6,Optimal Rock Crawl / Grass-Gravel Grip
DEFENDER-ATPC-2331,7.8,91.3,7.5,275.9,Optimal Rock Crawl / Grass-Gravel Grip
DEFENDER-ATPC-2332,34.8,65.1,4.5,368.2,Optimal Rock Crawl / Grass-Gravel Grip
DEFENDER-ATPC-2333,12.6,72.1,5.8,309.9,Optimal Rock Crawl / Grass-Gravel Grip
DEFENDER-ATPC-2334,20.3,42.9,3.3,466.8,Optimal Rock Crawl / Grass-Gravel Grip
DEFENDER-ATPC-2335,28.3,37.2,2.9,318.6,Optimal Rock Crawl / Grass-Gravel Grip
DEFENDER-ATPC-2336,11.7,29.1,2.6,217.2,Deep Sand / Mud Bog Ruts Active
DEFENDER-ATPC-2337,21.9,88.9,6.6,260.8,Optimal Rock Crawl / Grass-Gravel Grip
DEFENDER-ATPC-2338,30.5,81.2,5.5,422.4,Optimal Rock Crawl / Grass-Gravel Grip
DEFENDER-ATPC-2339,15.9,86.2,7.2,284.7,Optimal Rock Crawl / Grass-Gravel Grip
DEFENDER-ATPC-2340,11.7,17.7,2.5,156.3,Deep Sand / Mud Bog Ruts Active
DEFENDER-ATPC-2341,15.8,17.1,1.9,272.1,Deep Sand / Mud Bog Ruts Active
DEFENDER-ATPC-2342,9.7,76.1,6.6,367.7,Optimal Rock Crawl / Grass-Gravel Grip
DEFENDER-ATPC-2343,5.4,48.2,5.0,361.2,Optimal Rock Crawl / Grass-Gravel Grip
DEFENDER-ATPC-2344,33.0,86.5,5.9,295.1,Optimal Rock Crawl / Grass-Gravel Grip
DEFENDER-ATPC-2345,41.5,23.9,1.0,438.6,Deep Sand / Mud Bog Ruts Active
DEFENDER-ATPC-2346,29.6,18.9,1.3,167.1,Deep Sand / Mud Bog Ruts Active
DEFENDER-ATPC-2347,6.6,23.1,2.8,402.4,Deep Sand / Mud Bog Ruts Active
DEFENDER-ATPC-2348,35.4,46.0,2.6,320.7,Optimal Rock Crawl / Grass-Gravel Grip
DEFENDER-ATPC-2349,25.8,79.2,5.5,423.5,Optimal Rock Crawl / Grass-Gravel Grip
DEFENDER-ATPC-2350,8.3,71.5,5.8,410.8,Optimal Rock Crawl / Grass-Gravel Grip
DEFENDER-ATPC-2351,39.7,20.8,1.0,472.3,Deep Sand / Mud Bog Ruts Active
DEFENDER-ATPC-2352,37.0,33.8,2.0,223.4,Deep Sand / Mud Bog Ruts Active
DEFENDER-ATPC-2353,17.1,65.0,4.8,139.7,Optimal Rock Crawl / Grass-Gravel Grip
DEFENDER-ATPC-2354,33.3,76.1,4.7,381.7,Optimal Rock Crawl / Grass-Gravel Grip
DEFENDER-ATPC-2355,36.8,51.0,3.1,285.0,Optimal Rock Crawl / Grass-Gravel Grip
DEFENDER-ATPC-2356,30.1,33.5,2.7,206.0,Deep Sand / Mud Bog Ruts Active
DEFENDER-ATPC-2357,12.2,65.8,5.7,322.9,Optimal Rock Crawl / Grass-Gravel Grip
DEFENDER-ATPC-2358,35.0,16.0,1.0,399.1,Deep Sand / Mud Bog Ruts Active
DEFENDER-ATPC-2359,15.3,59.3,4.9,283.8,Optimal Rock Crawl / Grass-Gravel Grip
DEFENDER-ATPC-2360,16.6,72.7,5.7,433.8,Optimal Rock Crawl / Grass-Gravel Grip
DEFENDER-ATPC-2361,19.9,24.1,2.9,154.4,Deep Sand / Mud Bog Ruts Active
DEFENDER-ATPC-2362,22.9,56.7,4.3,125.0,Optimal Rock Crawl / Grass-Gravel Grip
DEFENDER-ATPC-2363,2.7,64.3,5.9,300.9,Optimal Rock Crawl / Grass-Gravel Grip
DEFENDER-ATPC-2364,13.0,47.5,4.3,272.6,Optimal Rock Crawl / Grass-Gravel Grip
DEFENDER-ATPC-2365,33.7,55.8,3.9,133.2,Optimal Rock Crawl / Grass-Gravel Grip
DEFENDER-ATPC-2366,38.6,23.0,1.0,228.0,Deep Sand / Mud Bog Ruts Active
DEFENDER-ATPC-2367,27.1,52.8,3.9,180.1,Optimal Rock Crawl / Grass-Gravel Grip
DEFENDER-ATPC-2368,6.4,16.6,2.5,376.3,Deep Sand / Mud Bog Ruts Active
DEFENDER-ATPC-2369,5.0,28.2,3.4,329.0,Deep Sand / Mud Bog Ruts Active
DEFENDER-ATPC-2370,11.8,38.3,3.8,136.3,Optimal Rock Crawl / Grass-Gravel Grip
DEFENDER-ATPC-2371,39.7,19.9,1.0,333.6,Deep Sand / Mud Bog Ruts Active
DEFENDER-ATPC-2372,18.9,82.7,6.4,162.2,Optimal Rock Crawl / Grass-Gravel Grip
DEFENDER-ATPC-2373,37.2,19.8,1.3,300.0,Deep Sand / Mud Bog Ruts Active
DEFENDER-ATPC-2374,18.9,76.0,5.5,238.2,Optimal Rock Crawl / Grass-Gravel Grip
DEFENDER-ATPC-2375,20.2,34.5,2.6,130.4,Deep Sand / Mud Bog Ruts Active
DEFENDER-ATPC-2376,11.6,93.9,7.2,286.3,Optimal Rock Crawl / Grass-Gravel Grip
DEFENDER-ATPC-2377,29.4,88.6,6.0,350.6,Optimal Rock Crawl / Grass-Gravel Grip
DEFENDER-ATPC-2378,27.7,51.0,3.5,258.8,Optimal Rock Crawl / Grass-Gravel Grip
DEFENDER-ATPC-2379,2.7,42.8,4.5,401.0,Optimal Rock Crawl / Grass-Gravel Grip
DEFENDER-ATPC-2380,37.8,72.8,4.9,150.7,Optimal Rock Crawl / Grass-Gravel Grip
DEFENDER-ATPC-2381,3.8,21.5,2.9,229.3,Deep Sand / Mud Bog Ruts Active
DEFENDER-ATPC-2382,33.0,64.5,4.6,220.6,Optimal Rock Crawl / Grass-Gravel Grip
DEFENDER-ATPC-2383,10.9,50.1,4.3,172.7,Optimal Rock Crawl / Grass-Gravel Grip
DEFENDER-ATPC-2384,38.7,64.6,3.8,323.0,Optimal Rock Crawl / Grass-Gravel Grip
DEFENDER-ATPC-2385,27.3,92.1,6.4,178.1,Optimal Rock Crawl / Grass-Gravel Grip
DEFENDER-ATPC-2386,27.3,49.1,4.0,315.6,Optimal Rock Crawl / Grass-Gravel Grip
DEFENDER-ATPC-2387,41.3,92.0,5.8,124.9,Optimal Rock Crawl / Grass-Gravel Grip
DEFENDER-ATPC-2388,32.2,17.2,1.0,427.1,Deep Sand / Mud Bog Ruts Active
DEFENDER-ATPC-2389,30.9,57.4,4.1,237.8,Optimal Rock Crawl / Grass-Gravel Grip
DEFENDER-ATPC-2390,22.4,91.8,7.4,380.1,Optimal Rock Crawl / Grass-Gravel Grip
DEFENDER-ATPC-2391,5.9,65.1,5.7,384.2,Optimal Rock Crawl / Grass-Gravel Grip
DEFENDER-ATPC-2392,28.9,53.5,3.6,271.1,Optimal Rock Crawl / Grass-Gravel Grip
DEFENDER-ATPC-2393,11.0,92.5,7.8,262.5,Optimal Rock Crawl / Grass-Gravel Grip
DEFENDER-ATPC-2394,36.8,20.0,1.1,222.5,Deep Sand / Mud Bog Ruts Active
DEFENDER-ATPC-2395,34.7,61.6,4.0,229.1,Optimal Rock Crawl / Grass-Gravel Grip
DEFENDER-ATPC-2396,32.2,57.3,3.8,361.1,Optimal Rock Crawl / Grass-Gravel Grip
DEFENDER-ATPC-2397,12.3,40.3,4.1,417.8,Optimal Rock Crawl / Grass-Gravel Grip
DEFENDER-ATPC-2398,10.0,73.7,6.5,244.0,Optimal Rock Crawl / Grass-Gravel Grip
DEFENDER-ATPC-2399,20.8,91.5,7.0,293.6,Optimal Rock Crawl / Grass-Gravel Grip
DEFENDER-ATPC-2400,39.4,70.4,4.4,283.7,Optimal Rock Crawl / Grass-Gravel Grip
DEFENDER-ATPC-2401,16.2,62.0,5.1,186.9,Optimal Rock Crawl / Grass-Gravel Grip
DEFENDER-ATPC-2402,2.5,16.8,2.5,167.8,Deep Sand / Mud Bog Ruts Active
DEFENDER-ATPC-2403,15.7,37.4,3.2,317.3,Optimal Rock Crawl / Grass-Gravel Grip
DEFENDER-ATPC-2404,29.2,43.8,3.3,357.2,Optimal Rock Crawl / Grass-Gravel Grip
DEFENDER-ATPC-2405,42.0,45.0,2.8,375.6,Optimal Rock Crawl / Grass-Gravel Grip
DEFENDER-ATPC-2406,31.9,59.9,3.5,266.7,Optimal Rock Crawl / Grass-Gravel Grip
DEFENDER-ATPC-2407,5.5,77.0,6.4,215.4,Optimal Rock Crawl / Grass-Gravel Grip
DEFENDER-ATPC-2408,12.5,41.9,4.2,250.1,Optimal Rock Crawl / Grass-Gravel Grip
DEFENDER-ATPC-2409,19.5,24.7,2.8,389.2,Deep Sand / Mud Bog Ruts Active
DEFENDER-ATPC-2410,18.3,61.1,4.8,357.5,Optimal Rock Crawl / Grass-Gravel Grip
DEFENDER-ATPC-2411,17.0,34.8,2.7,188.6,Deep Sand / Mud Bog Ruts Active
DEFENDER-ATPC-2412,3.0,41.5,4.7,256.5,Optimal Rock Crawl / Grass-Gravel Grip
DEFENDER-ATPC-2413,39.7,51.4,2.5,295.5,Optimal Rock Crawl / Grass-Gravel Grip
DEFENDER-ATPC-2414,3.9,59.6,5.5,359.4,Optimal Rock Crawl / Grass-Gravel Grip
DEFENDER-ATPC-2415,5.4,33.7,3.7,388.4,Deep Sand / Mud Bog Ruts Active
DEFENDER-ATPC-2416,31.6,51.1,3.6,162.1,Optimal Rock Crawl / Grass-Gravel Grip
DEFENDER-ATPC-2417,30.5,25.1,2.4,190.3,Deep Sand / Mud Bog Ruts Active
DEFENDER-ATPC-2418,13.6,23.3,2.8,120.5,Deep Sand / Mud Bog Ruts Active
DEFENDER-ATPC-2419,38.3,64.2,4.0,333.6,Optimal Rock Crawl / Grass-Gravel Grip
DEFENDER-ATPC-2420,21.4,23.3,2.5,255.8,Deep Sand / Mud Bog Ruts Active
DEFENDER-ATPC-2421,25.1,75.0,5.4,150.4,Optimal Rock Crawl / Grass-Gravel Grip
DEFENDER-ATPC-2422,24.0,52.5,3.7,343.8,Optimal Rock Crawl / Grass-Gravel Grip
DEFENDER-ATPC-2423,22.3,87.9,6.1,472.8,Optimal Rock Crawl / Grass-Gravel Grip
DEFENDER-ATPC-2424,12.7,56.3,5.4,303.3,Optimal Rock Crawl / Grass-Gravel Grip
DEFENDER-ATPC-2425,39.4,33.5,1.3,281.5,Deep Sand / Mud Bog Ruts Active
DEFENDER-ATPC-2426,26.8,16.3,1.0,130.0,Deep Sand / Mud Bog Ruts Active
DEFENDER-ATPC-2427,24.3,59.7,4.1,199.0,Optimal Rock Crawl / Grass-Gravel Grip
DEFENDER-ATPC-2428,32.0,83.6,5.3,358.1,Optimal Rock Crawl / Grass-Gravel Grip
DEFENDER-ATPC-2429,40.1,90.3,5.2,437.1,Optimal Rock Crawl / Grass-Gravel Grip
DEFENDER-ATPC-2430,29.7,41.7,2.6,337.2,Optimal Rock Crawl / Grass-Gravel Grip
DEFENDER-ATPC-2431,34.9,64.6,4.0,294.0,Optimal Rock Crawl / Grass-Gravel Grip
DEFENDER-ATPC-2432,11.1,58.5,5.4,401.0,Optimal Rock Crawl / Grass-Gravel Grip
DEFENDER-ATPC-2433,6.5,81.2,7.4,434.3,Optimal Rock Crawl / Grass-Gravel Grip
DEFENDER-ATPC-2434,8.4,74.5,6.3,198.4,Optimal Rock Crawl / Grass-Gravel Grip
DEFENDER-ATPC-2435,2.4,71.8,6.6,250.8,Optimal Rock Crawl / Grass-Gravel Grip
DEFENDER-ATPC-2436,7.4,77.1,6.4,287.8,Optimal Rock Crawl / Grass-Gravel Grip
DEFENDER-ATPC-2437,41.5,75.7,4.7,237.2,Optimal Rock Crawl / Grass-Gravel Grip
DEFENDER-ATPC-2438,37.1,89.0,5.6,206.6,Optimal Rock Crawl / Grass-Gravel Grip
DEFENDER-ATPC-2439,41.8,54.7,3.5,473.3,Optimal Rock Crawl / Grass-Gravel Grip
DEFENDER-ATPC-2440,38.8,33.8,1.7,202.5,Deep Sand / Mud Bog Ruts Active
DEFENDER-ATPC-2441,21.6,58.5,5.1,299.8,Optimal Rock Crawl / Grass-Gravel Grip
DEFENDER-ATPC-2442,29.4,50.6,3.9,302.8,Optimal Rock Crawl / Grass-Gravel Grip
DEFENDER-ATPC-2443,19.3,61.5,5.0,177.2,Optimal Rock Crawl / Grass-Gravel Grip
DEFENDER-ATPC-2444,36.5,43.3,2.4,225.9,Optimal Rock Crawl / Grass-Gravel Grip
DEFENDER-ATPC-2445,4.3,75.2,6.8,450.9,Optimal Rock Crawl / Grass-Gravel Grip
DEFENDER-ATPC-2446,39.5,86.1,5.3,218.6,Optimal Rock Crawl / Grass-Gravel Grip
DEFENDER-ATPC-2447,4.8,54.7,5.2,387.1,Optimal Rock Crawl / Grass-Gravel Grip
DEFENDER-ATPC-2448,41.4,31.5,1.3,167.8,Deep Sand / Mud Bog Ruts Active
DEFENDER-ATPC-2449,41.6,40.6,2.1,249.1,Optimal Rock Crawl / Grass-Gravel Grip
DEFENDER-ATPC-2450,10.1,54.4,5.0,327.9,Optimal Rock Crawl / Grass-Gravel Grip
DEFENDER-ATPC-2451,24.5,66.3,4.5,266.3,Optimal Rock Crawl / Grass-Gravel Grip
DEFENDER-ATPC-2452,41.1,76.4,4.3,175.4,Optimal Rock Crawl / Grass-Gravel Grip
DEFENDER-ATPC-2453,29.6,36.9,2.5,341.0,Optimal Rock Crawl / Grass-Gravel Grip
DEFENDER-ATPC-2454,19.9,54.0,4.1,190.5,Optimal Rock Crawl / Grass-Gravel Grip
DEFENDER-ATPC-2455,8.8,35.9,4.0,151.3,Optimal Rock Crawl / Grass-Gravel Grip
DEFENDER-ATPC-2456,4.0,80.5,7.1,435.1,Optimal Rock Crawl / Grass-Gravel Grip
DEFENDER-ATPC-2457,31.9,23.3,1.0,361.3,Deep Sand / Mud Bog Ruts Active
DEFENDER-ATPC-2458,15.9,78.6,5.9,417.4,Optimal Rock Crawl / Grass-Gravel Grip
DEFENDER-ATPC-2459,17.2,56.3,4.5,348.6,Optimal Rock Crawl / Grass-Gravel Grip
DEFENDER-ATPC-2460,12.8,54.7,4.7,133.1,Optimal Rock Crawl / Grass-Gravel Grip
DEFENDER-ATPC-2461,32.0,62.2,4.5,340.2,Optimal Rock Crawl / Grass-Gravel Grip
DEFENDER-ATPC-2462,36.4,67.3,4.2,145.8,Optimal Rock Crawl / Grass-Gravel Grip
DEFENDER-ATPC-2463,24.3,85.4,5.6,428.6,Optimal Rock Crawl / Grass-Gravel Grip
DEFENDER-ATPC-2464,5.5,77.5,6.6,364.5,Optimal Rock Crawl / Grass-Gravel Grip
DEFENDER-ATPC-2465,33.7,33.7,1.7,383.5,Deep Sand / Mud Bog Ruts Active
DEFENDER-ATPC-2466,39.3,73.3,5.1,224.9,Optimal Rock Crawl / Grass-Gravel Grip
DEFENDER-ATPC-2467,2.3,66.6,6.6,269.6,Optimal Rock Crawl / Grass-Gravel Grip
DEFENDER-ATPC-2468,34.7,92.8,6.2,452.7,Optimal Rock Crawl / Grass-Gravel Grip
DEFENDER-ATPC-2469,28.5,85.7,5.6,230.2,Optimal Rock Crawl / Grass-Gravel Grip
DEFENDER-ATPC-2470,32.8,94.9,6.6,425.1,Optimal Rock Crawl / Grass-Gravel Grip
DEFENDER-ATPC-2471,32.3,46.9,2.4,289.6,Optimal Rock Crawl / Grass-Gravel Grip
DEFENDER-ATPC-2472,20.4,82.8,6.6,208.6,Optimal Rock Crawl / Grass-Gravel Grip
DEFENDER-ATPC-2473,25.0,69.9,5.1,176.5,Optimal Rock Crawl / Grass-Gravel Grip
DEFENDER-ATPC-2474,30.1,24.5,1.6,346.5,Deep Sand / Mud Bog Ruts Active
DEFENDER-ATPC-2475,34.1,70.7,4.7,220.9,Optimal Rock Crawl / Grass-Gravel Grip
DEFENDER-ATPC-2476,14.8,61.1,5.0,395.0,Optimal Rock Crawl / Grass-Gravel Grip
DEFENDER-ATPC-2477,33.5,49.7,3.2,465.1,Optimal Rock Crawl / Grass-Gravel Grip
DEFENDER-ATPC-2478,19.2,40.4,3.4,356.8,Optimal Rock Crawl / Grass-Gravel Grip
DEFENDER-ATPC-2479,10.2,55.0,4.6,457.5,Optimal Rock Crawl / Grass-Gravel Grip
DEFENDER-ATPC-2480,27.0,60.4,4.0,190.1,Optimal Rock Crawl / Grass-Gravel Grip
DEFENDER-ATPC-2481,41.6,80.3,4.8,364.6,Optimal Rock Crawl / Grass-Gravel Grip
DEFENDER-ATPC-2482,40.9,62.6,3.6,330.8,Optimal Rock Crawl / Grass-Gravel Grip
DEFENDER-ATPC-2483,32.6,37.7,2.9,448.6,Optimal Rock Crawl / Grass-Gravel Grip
DEFENDER-ATPC-2484,16.7,56.1,4.8,443.2,Optimal Rock Crawl / Grass-Gravel Grip
DEFENDER-ATPC-2485,12.9,24.3,2.5,259.7,Deep Sand / Mud Bog Ruts Active
DEFENDER-ATPC-2486,24.1,41.8,3.2,399.6,Optimal Rock Crawl / Grass-Gravel Grip
DEFENDER-ATPC-2487,30.6,78.2,5.4,352.1,Optimal Rock Crawl / Grass-Gravel Grip
DEFENDER-ATPC-2488,22.1,84.3,6.0,178.9,Optimal Rock Crawl / Grass-Gravel Grip
DEFENDER-ATPC-2489,38.8,26.7,1.0,255.1,Deep Sand / Mud Bog Ruts Active
DEFENDER-ATPC-2490,23.8,44.8,3.5,371.3,Optimal Rock Crawl / Grass-Gravel Grip
DEFENDER-ATPC-2491,35.6,64.9,3.7,356.2,Optimal Rock Crawl / Grass-Gravel Grip
DEFENDER-ATPC-2492,25.2,31.9,2.8,283.4,Deep Sand / Mud Bog Ruts Active
DEFENDER-ATPC-2493,22.5,54.7,3.3,394.4,Optimal Rock Crawl / Grass-Gravel Grip
DEFENDER-ATPC-2494,34.9,35.8,1.9,137.8,Optimal Rock Crawl / Grass-Gravel Grip
DEFENDER-ATPC-2495,3.8,25.1,2.7,314.9,Deep Sand / Mud Bog Ruts Active
DEFENDER-ATPC-2496,9.4,22.7,2.6,295.8,Deep Sand / Mud Bog Ruts Active
DEFENDER-ATPC-2497,25.7,78.6,6.0,123.1,Optimal Rock Crawl / Grass-Gravel Grip
DEFENDER-ATPC-2498,41.7,46.9,2.6,158.3,Optimal Rock Crawl / Grass-Gravel Grip
DEFENDER-ATPC-2499,23.1,85.6,6.2,160.5,Optimal Rock Crawl / Grass-Gravel Grip
DEFENDER-ATPC-2500,23.0,70.8,5.9,326.8,Optimal Rock Crawl / Grass-Gravel Grip
DEFENDER-ATPC-2501,12.9,81.4,6.4,147.9,Optimal Rock Crawl / Grass-Gravel Grip
DEFENDER-ATPC-2502,8.3,93.4,7.0,262.2,Optimal Rock Crawl / Grass-Gravel Grip
DEFENDER-ATPC-2503,15.4,23.4,2.5,290.3,Deep Sand / Mud Bog Ruts Active
DEFENDER-ATPC-2504,10.3,56.7,5.2,148.2,Optimal Rock Crawl / Grass-Gravel Grip
DEFENDER-ATPC-2505,32.7,83.0,5.3,268.1,Optimal Rock Crawl / Grass-Gravel Grip
DEFENDER-ATPC-2506,9.6,85.3,6.6,227.2,Optimal Rock Crawl / Grass-Gravel Grip
DEFENDER-ATPC-2507,22.7,89.5,6.7,362.8,Optimal Rock Crawl / Grass-Gravel Grip
DEFENDER-ATPC-2508,26.9,52.6,3.7,413.1,Optimal Rock Crawl / Grass-Gravel Grip
DEFENDER-ATPC-2509,28.0,66.4,4.2,159.5,Optimal Rock Crawl / Grass-Gravel Grip
DEFENDER-ATPC-2510,25.8,46.9,2.8,352.9,Optimal Rock Crawl / Grass-Gravel Grip
DEFENDER-ATPC-2511,22.8,23.0,2.2,398.2,Deep Sand / Mud Bog Ruts Active
DEFENDER-ATPC-2512,37.6,64.3,3.3,402.6,Optimal Rock Crawl / Grass-Gravel Grip
DEFENDER-ATPC-2513,40.0,65.5,4.2,357.6,Optimal Rock Crawl / Grass-Gravel Grip
DEFENDER-ATPC-2514,2.4,45.9,4.6,447.4,Optimal Rock Crawl / Grass-Gravel Grip
DEFENDER-ATPC-2515,19.3,61.3,5.2,407.5,Optimal Rock Crawl / Grass-Gravel Grip
DEFENDER-ATPC-2516,35.6,55.8,3.8,284.9,Optimal Rock Crawl / Grass-Gravel Grip
DEFENDER-ATPC-2517,34.2,57.3,4.2,231.5,Optimal Rock Crawl / Grass-Gravel Grip
DEFENDER-ATPC-2518,41.1,66.9,4.0,209.8,Optimal Rock Crawl / Grass-Gravel Grip
DEFENDER-ATPC-2519,36.6,44.3,2.2,194.5,Optimal Rock Crawl / Grass-Gravel Grip
DEFENDER-ATPC-2520,14.7,35.3,2.8,238.8,Optimal Rock Crawl / Grass-Gravel Grip
DEFENDER-ATPC-2521,20.5,72.5,6.2,385.2,Optimal Rock Crawl / Grass-Gravel Grip
DEFENDER-ATPC-2522,37.9,53.5,3.3,284.6,Optimal Rock Crawl / Grass-Gravel Grip
DEFENDER-ATPC-2523,22.9,48.7,3.4,333.0,Optimal Rock Crawl / Grass-Gravel Grip
DEFENDER-ATPC-2524,35.9,51.7,3.9,143.0,Optimal Rock Crawl / Grass-Gravel Grip
DEFENDER-ATPC-2525,35.9,34.0,1.5,356.4,Deep Sand / Mud Bog Ruts Active
DEFENDER-ATPC-2526,38.1,39.0,2.2,339.2,Optimal Rock Crawl / Grass-Gravel Grip
DEFENDER-ATPC-2527,37.5,29.4,1.2,132.2,Deep Sand / Mud Bog Ruts Active
DEFENDER-ATPC-2528,10.1,55.8,5.2,472.1,Optimal Rock Crawl / Grass-Gravel Grip
DEFENDER-ATPC-2529,23.2,34.9,2.8,219.0,Deep Sand / Mud Bog Ruts Active
DEFENDER-ATPC-2530,25.8,80.4,5.5,198.1,Optimal Rock Crawl / Grass-Gravel Grip
DEFENDER-ATPC-2531,3.4,38.3,4.5,277.8,Optimal Rock Crawl / Grass-Gravel Grip
DEFENDER-ATPC-2532,37.9,89.6,5.6,269.3,Optimal Rock Crawl / Grass-Gravel Grip
DEFENDER-ATPC-2533,12.8,51.9,4.7,329.0,Optimal Rock Crawl / Grass-Gravel Grip
DEFENDER-ATPC-2534,38.2,84.0,5.2,148.6,Optimal Rock Crawl / Grass-Gravel Grip
DEFENDER-ATPC-2535,24.6,72.1,5.2,402.1,Optimal Rock Crawl / Grass-Gravel Grip
DEFENDER-ATPC-2536,17.0,70.2,5.6,163.1,Optimal Rock Crawl / Grass-Gravel Grip
DEFENDER-ATPC-2537,39.7,85.6,5.4,164.3,Optimal Rock Crawl / Grass-Gravel Grip
DEFENDER-ATPC-2538,20.1,31.7,2.4,439.2,Deep Sand / Mud Bog Ruts Active
DEFENDER-ATPC-2539,14.8,34.6,3.5,238.1,Deep Sand / Mud Bog Ruts Active
DEFENDER-ATPC-2540,2.5,78.3,7.4,251.3,Optimal Rock Crawl / Grass-Gravel Grip
DEFENDER-ATPC-2541,8.0,59.1,5.2,393.4,Optimal Rock Crawl / Grass-Gravel Grip
DEFENDER-ATPC-2542,14.1,23.6,2.7,465.1,Deep Sand / Mud Bog Ruts Active
DEFENDER-ATPC-2543,16.4,72.0,6.3,128.0,Optimal Rock Crawl / Grass-Gravel Grip
DEFENDER-ATPC-2544,5.0,85.8,7.7,389.0,Optimal Rock Crawl / Grass-Gravel Grip
DEFENDER-ATPC-2545,30.8,38.8,3.0,454.8,Optimal Rock Crawl / Grass-Gravel Grip
DEFENDER-ATPC-2546,38.6,22.8,1.0,473.3,Deep Sand / Mud Bog Ruts Active
DEFENDER-ATPC-2547,3.3,77.7,7.3,192.2,Optimal Rock Crawl / Grass-Gravel Grip
DEFENDER-ATPC-2548,39.7,19.5,1.0,236.3,Deep Sand / Mud Bog Ruts Active
DEFENDER-ATPC-2549,31.6,30.8,1.7,433.3,Deep Sand / Mud Bog Ruts Active
DEFENDER-ATPC-2550,34.0,83.5,5.0,248.7,Optimal Rock Crawl / Grass-Gravel Grip
DEFENDER-ATPC-2551,18.4,71.6,5.9,380.2,Optimal Rock Crawl / Grass-Gravel Grip
DEFENDER-ATPC-2552,12.4,33.7,3.4,344.5,Deep Sand / Mud Bog Ruts Active
DEFENDER-ATPC-2553,39.5,20.0,1.0,354.1,Deep Sand / Mud Bog Ruts Active
DEFENDER-ATPC-2554,29.7,35.5,2.6,420.7,Optimal Rock Crawl / Grass-Gravel Grip
DEFENDER-ATPC-2555,22.4,75.7,5.9,262.8,Optimal Rock Crawl / Grass-Gravel Grip
DEFENDER-ATPC-2556,29.8,70.2,4.6,417.3,Optimal Rock Crawl / Grass-Gravel Grip
DEFENDER-ATPC-2557,25.2,90.7,6.9,337.3,Optimal Rock Crawl / Grass-Gravel Grip
DEFENDER-ATPC-2558,25.8,36.8,2.9,383.9,Optimal Rock Crawl / Grass-Gravel Grip
DEFENDER-ATPC-2559,4.7,16.5,3.0,229.8,Deep Sand / Mud Bog Ruts Active
DEFENDER-ATPC-2560,19.7,71.0,5.4,265.2,Optimal Rock Crawl / Grass-Gravel Grip
DEFENDER-ATPC-2561,28.6,38.4,2.3,382.4,Optimal Rock Crawl / Grass-Gravel Grip
DEFENDER-ATPC-2562,24.2,70.0,5.7,224.2,Optimal Rock Crawl / Grass-Gravel Grip
DEFENDER-ATPC-2563,19.2,38.1,3.5,468.2,Optimal Rock Crawl / Grass-Gravel Grip
DEFENDER-ATPC-2564,12.0,74.2,6.2,425.7,Optimal Rock Crawl / Grass-Gravel Grip
DEFENDER-ATPC-2565,11.9,62.4,5.2,430.3,Optimal Rock Crawl / Grass-Gravel Grip
DEFENDER-ATPC-2566,6.7,60.3,5.6,285.6,Optimal Rock Crawl / Grass-Gravel Grip
DEFENDER-ATPC-2567,27.4,72.8,5.5,275.1,Optimal Rock Crawl / Grass-Gravel Grip
DEFENDER-ATPC-2568,31.3,36.0,2.3,263.7,Optimal Rock Crawl / Grass-Gravel Grip
DEFENDER-ATPC-2569,29.8,38.3,3.1,258.7,Optimal Rock Crawl / Grass-Gravel Grip
DEFENDER-ATPC-2570,20.7,59.4,4.5,457.8,Optimal Rock Crawl / Grass-Gravel Grip
DEFENDER-ATPC-2571,3.9,83.2,7.1,138.8,Optimal Rock Crawl / Grass-Gravel Grip
DEFENDER-ATPC-2572,7.3,53.4,4.7,301.9,Optimal Rock Crawl / Grass-Gravel Grip
DEFENDER-ATPC-2573,21.2,18.0,2.2,461.6,Deep Sand / Mud Bog Ruts Active
DEFENDER-ATPC-2574,35.0,32.9,1.8,384.0,Deep Sand / Mud Bog Ruts Active
DEFENDER-ATPC-2575,15.8,45.8,4.0,351.3,Optimal Rock Crawl / Grass-Gravel Grip
DEFENDER-ATPC-2576,39.0,33.6,1.8,320.2,Deep Sand / Mud Bog Ruts Active
DEFENDER-ATPC-2577,36.7,17.1,1.0,240.4,Deep Sand / Mud Bog Ruts Active
DEFENDER-ATPC-2578,7.3,88.3,6.9,303.4,Optimal Rock Crawl / Grass-Gravel Grip
DEFENDER-ATPC-2579,2.1,64.8,5.8,395.4,Optimal Rock Crawl / Grass-Gravel Grip
DEFENDER-ATPC-2580,3.6,67.3,6.2,327.2,Optimal Rock Crawl / Grass-Gravel Grip
DEFENDER-ATPC-2581,36.3,16.4,1.0,350.2,Deep Sand / Mud Bog Ruts Active
DEFENDER-ATPC-2582,35.5,66.7,4.0,317.7,Optimal Rock Crawl / Grass-Gravel Grip
DEFENDER-ATPC-2583,37.7,35.8,2.0,248.6,Optimal Rock Crawl / Grass-Gravel Grip
DEFENDER-ATPC-2584,8.7,59.1,5.2,275.8,Optimal Rock Crawl / Grass-Gravel Grip
DEFENDER-ATPC-2585,8.7,22.2,4.0,245.1,Deep Sand / Mud Bog Ruts Active
DEFENDER-ATPC-2586,27.6,43.2,2.9,254.9,Optimal Rock Crawl / Grass-Gravel Grip
DEFENDER-ATPC-2587,6.9,70.7,6.2,246.3,Optimal Rock Crawl / Grass-Gravel Grip
DEFENDER-ATPC-2588,28.1,89.2,6.0,449.6,Optimal Rock Crawl / Grass-Gravel Grip
DEFENDER-ATPC-2589,14.2,75.7,5.9,305.2,Optimal Rock Crawl / Grass-Gravel Grip
DEFENDER-ATPC-2590,18.9,29.9,2.8,146.6,Deep Sand / Mud Bog Ruts Active
DEFENDER-ATPC-2591,26.9,18.5,1.4,166.0,Deep Sand / Mud Bog Ruts Active
DEFENDER-ATPC-2592,26.6,91.0,6.4,150.3,Optimal Rock Crawl / Grass-Gravel Grip
DEFENDER-ATPC-2593,36.4,63.5,4.2,346.6,Optimal Rock Crawl / Grass-Gravel Grip
DEFENDER-ATPC-2594,22.3,29.5,2.0,242.3,Deep Sand / Mud Bog Ruts Active
DEFENDER-ATPC-2595,40.2,87.7,5.6,287.1,Optimal Rock Crawl / Grass-Gravel Grip
DEFENDER-ATPC-2596,39.0,57.8,4.3,414.2,Optimal Rock Crawl / Grass-Gravel Grip
DEFENDER-ATPC-2597,19.2,52.6,4.6,463.8,Optimal Rock Crawl / Grass-Gravel Grip
DEFENDER-ATPC-2598,10.4,84.8,7.4,328.1,Optimal Rock Crawl / Grass-Gravel Grip
DEFENDER-ATPC-2599,6.5,69.9,6.2,415.0,Optimal Rock Crawl / Grass-Gravel Grip
DEFENDER-ATPC-2600,13.7,70.5,6.3,307.1,Optimal Rock Crawl / Grass-Gravel Grip
DEFENDER-ATPC-2601,2.5,37.9,4.0,155.3,Optimal Rock Crawl / Grass-Gravel Grip
DEFENDER-ATPC-2602,4.3,58.7,5.5,335.3,Optimal Rock Crawl / Grass-Gravel Grip
DEFENDER-ATPC-2603,37.9,82.0,5.3,445.4,Optimal Rock Crawl / Grass-Gravel Grip
DEFENDER-ATPC-2604,27.8,34.9,3.0,404.1,Deep Sand / Mud Bog Ruts Active
DEFENDER-ATPC-2605,21.8,92.2,7.0,275.4,Optimal Rock Crawl / Grass-Gravel Grip
DEFENDER-ATPC-2606,5.5,91.8,7.4,355.1,Optimal Rock Crawl / Grass-Gravel Grip
DEFENDER-ATPC-2607,38.8,47.3,2.9,246.9,Optimal Rock Crawl / Grass-Gravel Grip
DEFENDER-ATPC-2608,3.6,36.1,3.4,289.9,Optimal Rock Crawl / Grass-Gravel Grip
DEFENDER-ATPC-2609,23.5,26.0,1.9,445.0,Deep Sand / Mud Bog Ruts Active
DEFENDER-ATPC-2610,20.6,92.5,6.2,257.3,Optimal Rock Crawl / Grass-Gravel Grip
DEFENDER-ATPC-2611,29.4,37.5,3.5,467.8,Optimal Rock Crawl / Grass-Gravel Grip
DEFENDER-ATPC-2612,39.4,65.1,4.3,340.7,Optimal Rock Crawl / Grass-Gravel Grip
DEFENDER-ATPC-2613,9.4,37.3,3.6,320.0,Optimal Rock Crawl / Grass-Gravel Grip
DEFENDER-ATPC-2614,23.6,36.7,3.2,179.1,Optimal Rock Crawl / Grass-Gravel Grip
DEFENDER-ATPC-2615,28.8,63.2,4.4,352.7,Optimal Rock Crawl / Grass-Gravel Grip
DEFENDER-ATPC-2616,39.2,82.3,5.4,195.7,Optimal Rock Crawl / Grass-Gravel Grip
DEFENDER-ATPC-2617,19.0,26.9,2.5,141.7,Deep Sand / Mud Bog Ruts Active
DEFENDER-ATPC-2618,33.5,83.4,5.4,253.0,Optimal Rock Crawl / Grass-Gravel Grip
DEFENDER-ATPC-2619,9.6,85.2,7.0,132.8,Optimal Rock Crawl / Grass-Gravel Grip
DEFENDER-ATPC-2620,24.1,77.4,5.7,427.6,Optimal Rock Crawl / Grass-Gravel Grip
DEFENDER-ATPC-2621,6.4,81.3,7.0,280.5,Optimal Rock Crawl / Grass-Gravel Grip
DEFENDER-ATPC-2622,2.8,16.5,2.7,192.8,Deep Sand / Mud Bog Ruts Active
DEFENDER-ATPC-2623,34.5,40.3,2.6,343.4,Optimal Rock Crawl / Grass-Gravel Grip
DEFENDER-ATPC-2624,29.0,60.6,4.4,353.6,Optimal Rock Crawl / Grass-Gravel Grip
DEFENDER-ATPC-2625,28.5,29.1,2.1,445.3,Deep Sand / Mud Bog Ruts Active
DEFENDER-ATPC-2626,6.0,27.6,2.9,356.2,Deep Sand / Mud Bog Ruts Active
DEFENDER-ATPC-2627,29.8,75.9,5.4,323.7,Optimal Rock Crawl / Grass-Gravel Grip
DEFENDER-ATPC-2628,17.7,27.1,2.7,219.4,Deep Sand / Mud Bog Ruts Active
DEFENDER-ATPC-2629,3.0,82.7,7.4,387.5,Optimal Rock Crawl / Grass-Gravel Grip
DEFENDER-ATPC-2630,3.2,34.4,4.3,127.0,Deep Sand / Mud Bog Ruts Active
DEFENDER-ATPC-2631,24.3,21.8,1.6,362.9,Deep Sand / Mud Bog Ruts Active
DEFENDER-ATPC-2632,33.6,73.0,5.5,292.7,Optimal Rock Crawl / Grass-Gravel Grip
DEFENDER-ATPC-2633,16.2,61.6,5.0,363.8,Optimal Rock Crawl / Grass-Gravel Grip
DEFENDER-ATPC-2634,39.1,73.1,4.6,215.0,Optimal Rock Crawl / Grass-Gravel Grip
DEFENDER-ATPC-2635,21.0,36.7,2.8,223.1,Optimal Rock Crawl / Grass-Gravel Grip
DEFENDER-ATPC-2636,40.4,75.9,4.6,437.5,Optimal Rock Crawl / Grass-Gravel Grip
DEFENDER-ATPC-2637,28.2,84.0,6.1,410.6,Optimal Rock Crawl / Grass-Gravel Grip
DEFENDER-ATPC-2638,4.7,44.6,4.9,177.1,Optimal Rock Crawl / Grass-Gravel Grip
DEFENDER-ATPC-2639,21.0,24.1,2.8,354.0,Deep Sand / Mud Bog Ruts Active
DEFENDER-ATPC-2640,35.1,78.1,5.0,315.1,Optimal Rock Crawl / Grass-Gravel Grip
DEFENDER-ATPC-2641,25.5,93.3,7.1,370.6,Optimal Rock Crawl / Grass-Gravel Grip
DEFENDER-ATPC-2642,19.6,22.7,2.2,434.9,Deep Sand / Mud Bog Ruts Active
DEFENDER-ATPC-2643,32.6,64.0,4.2,401.8,Optimal Rock Crawl / Grass-Gravel Grip
DEFENDER-ATPC-2644,19.2,60.9,5.0,214.3,Optimal Rock Crawl / Grass-Gravel Grip
DEFENDER-ATPC-2645,16.8,84.3,6.9,406.5,Optimal Rock Crawl / Grass-Gravel Grip
DEFENDER-ATPC-2646,25.7,32.4,2.2,408.4,Deep Sand / Mud Bog Ruts Active
DEFENDER-ATPC-2647,20.9,18.2,1.7,430.4,Deep Sand / Mud Bog Ruts Active
DEFENDER-ATPC-2648,22.8,70.4,5.7,408.4,Optimal Rock Crawl / Grass-Gravel Grip
DEFENDER-ATPC-2649,13.2,53.7,4.9,294.8,Optimal Rock Crawl / Grass-Gravel Grip
DEFENDER-ATPC-2650,4.7,16.2,3.0,477.0,Deep Sand / Mud Bog Ruts Active
DEFENDER-ATPC-2651,3.2,63.9,6.5,203.2,Optimal Rock Crawl / Grass-Gravel Grip
DEFENDER-ATPC-2652,34.9,53.2,3.2,224.2,Optimal Rock Crawl / Grass-Gravel Grip
DEFENDER-ATPC-2653,16.5,16.0,2.0,299.6,Deep Sand / Mud Bog Ruts Active
DEFENDER-ATPC-2654,41.4,20.1,1.0,327.0,Deep Sand / Mud Bog Ruts Active
DEFENDER-ATPC-2655,4.6,63.2,5.7,395.8,Optimal Rock Crawl / Grass-Gravel Grip
DEFENDER-ATPC-2656,38.5,68.5,4.3,255.9,Optimal Rock Crawl / Grass-Gravel Grip
DEFENDER-ATPC-2657,4.2,43.9,4.8,351.0,Optimal Rock Crawl / Grass-Gravel Grip
DEFENDER-ATPC-2658,39.8,47.3,2.6,322.4,Optimal Rock Crawl / Grass-Gravel Grip
DEFENDER-ATPC-2659,20.4,67.7,5.6,372.9,Optimal Rock Crawl / Grass-Gravel Grip
DEFENDER-ATPC-2660,8.2,27.9,3.0,245.0,Deep Sand / Mud Bog Ruts Active
DEFENDER-ATPC-2661,34.2,68.2,4.5,384.4,Optimal Rock Crawl / Grass-Gravel Grip
DEFENDER-ATPC-2662,3.1,58.1,5.7,410.9,Optimal Rock Crawl / Grass-Gravel Grip
DEFENDER-ATPC-2663,19.5,42.7,3.5,414.2,Optimal Rock Crawl / Grass-Gravel Grip
DEFENDER-ATPC-2664,31.8,72.2,4.9,384.5,Optimal Rock Crawl / Grass-Gravel Grip
DEFENDER-ATPC-2665,10.9,64.0,5.4,207.7,Optimal Rock Crawl / Grass-Gravel Grip
DEFENDER-ATPC-2666,22.1,59.7,4.4,337.9,Optimal Rock Crawl / Grass-Gravel Grip
DEFENDER-ATPC-2667,2.1,77.4,6.7,375.3,Optimal Rock Crawl / Grass-Gravel Grip
DEFENDER-ATPC-2668,8.6,60.4,5.5,336.9,Optimal Rock Crawl / Grass-Gravel Grip
DEFENDER-ATPC-2669,20.8,83.1,6.0,442.7,Optimal Rock Crawl / Grass-Gravel Grip
DEFENDER-ATPC-2670,37.6,24.2,1.1,321.9,Deep Sand / Mud Bog Ruts Active
DEFENDER-ATPC-2671,17.1,73.1,5.9,389.4,Optimal Rock Crawl / Grass-Gravel Grip
DEFENDER-ATPC-2672,17.5,72.6,5.8,140.8,Optimal Rock Crawl / Grass-Gravel Grip
DEFENDER-ATPC-2673,21.4,31.4,2.7,273.3,Deep Sand / Mud Bog Ruts Active
DEFENDER-ATPC-2674,15.0,91.0,7.3,397.4,Optimal Rock Crawl / Grass-Gravel Grip
DEFENDER-ATPC-2675,30.1,50.0,3.4,327.6,Optimal Rock Crawl / Grass-Gravel Grip
DEFENDER-ATPC-2676,21.4,44.3,3.7,449.3,Optimal Rock Crawl / Grass-Gravel Grip
DEFENDER-ATPC-2677,20.8,76.5,6.0,256.4,Optimal Rock Crawl / Grass-Gravel Grip
DEFENDER-ATPC-2678,31.5,69.7,4.4,338.7,Optimal Rock Crawl / Grass-Gravel Grip
DEFENDER-ATPC-2679,23.5,35.2,2.8,419.8,Optimal Rock Crawl / Grass-Gravel Grip
DEFENDER-ATPC-2680,32.4,73.2,4.4,219.0,Optimal Rock Crawl / Grass-Gravel Grip
DEFENDER-ATPC-2681,28.9,34.9,2.5,159.0,Deep Sand / Mud Bog Ruts Active
DEFENDER-ATPC-2682,37.8,39.5,2.4,257.4,Optimal Rock Crawl / Grass-Gravel Grip
DEFENDER-ATPC-2683,37.3,37.2,2.7,323.9,Optimal Rock Crawl / Grass-Gravel Grip
DEFENDER-ATPC-2684,40.8,17.4,1.0,367.9,Deep Sand / Mud Bog Ruts Active
DEFENDER-ATPC-2685,41.6,54.4,3.3,326.4,Optimal Rock Crawl / Grass-Gravel Grip
DEFENDER-ATPC-2686,8.8,19.0,2.8,184.4,Deep Sand / Mud Bog Ruts Active
DEFENDER-ATPC-2687,8.4,47.0,4.4,120.8,Optimal Rock Crawl / Grass-Gravel Grip
DEFENDER-ATPC-2688,29.4,84.7,5.7,438.8,Optimal Rock Crawl / Grass-Gravel Grip
DEFENDER-ATPC-2689,9.7,32.3,3.3,167.0,Deep Sand / Mud Bog Ruts Active
DEFENDER-ATPC-2690,4.5,56.4,5.0,243.9,Optimal Rock Crawl / Grass-Gravel Grip
DEFENDER-ATPC-2691,33.8,50.5,3.2,201.5,Optimal Rock Crawl / Grass-Gravel Grip
DEFENDER-ATPC-2692,17.4,62.8,4.9,174.3,Optimal Rock Crawl / Grass-Gravel Grip
DEFENDER-ATPC-2693,12.7,40.5,3.9,139.9,Optimal Rock Crawl / Grass-Gravel Grip
DEFENDER-ATPC-2694,28.9,55.4,4.1,405.0,Optimal Rock Crawl / Grass-Gravel Grip
DEFENDER-ATPC-2695,4.3,55.9,5.4,418.8,Optimal Rock Crawl / Grass-Gravel Grip
DEFENDER-ATPC-2696,15.5,27.7,3.0,379.7,Deep Sand / Mud Bog Ruts Active
DEFENDER-ATPC-2697,27.3,81.0,6.0,417.7,Optimal Rock Crawl / Grass-Gravel Grip
DEFENDER-ATPC-2698,17.3,28.0,3.2,369.7,Deep Sand / Mud Bog Ruts Active
DEFENDER-ATPC-2699,18.5,38.4,3.3,422.8,Optimal Rock Crawl / Grass-Gravel Grip
DEFENDER-ATPC-2700,4.2,59.8,6.0,347.1,Optimal Rock Crawl / Grass-Gravel Grip
DEFENDER-ATPC-2701,12.6,62.1,5.1,237.5,Optimal Rock Crawl / Grass-Gravel Grip
DEFENDER-ATPC-2702,31.3,45.8,2.6,149.8,Optimal Rock Crawl / Grass-Gravel Grip
DEFENDER-ATPC-2703,32.6,55.6,3.5,234.0,Optimal Rock Crawl / Grass-Gravel Grip
DEFENDER-ATPC-2704,10.1,57.5,4.6,176.6,Optimal Rock Crawl / Grass-Gravel Grip
DEFENDER-ATPC-2705,9.3,24.0,3.0,254.6,Deep Sand / Mud Bog Ruts Active
DEFENDER-ATPC-2706,38.1,94.1,5.4,358.6,Optimal Rock Crawl / Grass-Gravel Grip
DEFENDER-ATPC-2707,26.3,83.2,6.5,243.1,Optimal Rock Crawl / Grass-Gravel Grip
DEFENDER-ATPC-2708,36.4,52.9,3.7,217.5,Optimal Rock Crawl / Grass-Gravel Grip
DEFENDER-ATPC-2709,31.6,49.2,3.3,331.6,Optimal Rock Crawl / Grass-Gravel Grip
DEFENDER-ATPC-2710,4.0,17.1,3.0,198.9,Deep Sand / Mud Bog Ruts Active
DEFENDER-ATPC-2711,12.8,46.9,4.1,434.7,Optimal Rock Crawl / Grass-Gravel Grip
DEFENDER-ATPC-2712,41.4,38.8,2.1,277.0,Optimal Rock Crawl / Grass-Gravel Grip
DEFENDER-ATPC-2713,16.4,23.8,2.6,401.3,Deep Sand / Mud Bog Ruts Active
DEFENDER-ATPC-2714,5.7,87.7,7.9,347.0,Optimal Rock Crawl / Grass-Gravel Grip
DEFENDER-ATPC-2715,29.1,54.0,4.0,184.7,Optimal Rock Crawl / Grass-Gravel Grip
DEFENDER-ATPC-2716,37.9,81.7,5.4,309.7,Optimal Rock Crawl / Grass-Gravel Grip
DEFENDER-ATPC-2717,19.5,44.4,3.4,204.6,Optimal Rock Crawl / Grass-Gravel Grip
DEFENDER-ATPC-2718,28.7,34.2,2.6,419.5,Deep Sand / Mud Bog Ruts Active
DEFENDER-ATPC-2719,13.4,59.6,5.0,147.2,Optimal Rock Crawl / Grass-Gravel Grip
DEFENDER-ATPC-2720,12.3,22.3,2.7,397.9,Deep Sand / Mud Bog Ruts Active
DEFENDER-ATPC-2721,33.4,48.7,3.5,226.3,Optimal Rock Crawl / Grass-Gravel Grip
DEFENDER-ATPC-2722,28.1,73.8,5.3,438.0,Optimal Rock Crawl / Grass-Gravel Grip
DEFENDER-ATPC-2723,6.2,82.7,7.0,367.5,Optimal Rock Crawl / Grass-Gravel Grip
DEFENDER-ATPC-2724,14.3,54.6,4.7,328.4,Optimal Rock Crawl / Grass-Gravel Grip
DEFENDER-ATPC-2725,14.5,88.1,7.3,195.2,Optimal Rock Crawl / Grass-Gravel Grip
DEFENDER-ATPC-2726,30.4,32.4,1.6,220.6,Deep Sand / Mud Bog Ruts Active
DEFENDER-ATPC-2727,38.1,88.9,5.8,279.5,Optimal Rock Crawl / Grass-Gravel Grip
DEFENDER-ATPC-2728,10.7,92.3,7.7,156.5,Optimal Rock Crawl / Grass-Gravel Grip
DEFENDER-ATPC-2729,11.8,30.2,3.0,261.4,Deep Sand / Mud Bog Ruts Active
DEFENDER-ATPC-2730,19.1,62.2,4.6,192.2,Optimal Rock Crawl / Grass-Gravel Grip
DEFENDER-ATPC-2731,28.1,87.6,5.8,138.7,Optimal Rock Crawl / Grass-Gravel Grip
DEFENDER-ATPC-2732,10.2,93.7,7.8,365.5,Optimal Rock Crawl / Grass-Gravel Grip
DEFENDER-ATPC-2733,22.4,63.9,4.7,249.8,Optimal Rock Crawl / Grass-Gravel Grip
DEFENDER-ATPC-2734,8.7,21.2,2.8,418.4,Deep Sand / Mud Bog Ruts Active
DEFENDER-ATPC-2735,12.7,58.6,5.2,232.0,Optimal Rock Crawl / Grass-Gravel Grip
DEFENDER-ATPC-2736,20.5,90.4,6.5,235.7,Optimal Rock Crawl / Grass-Gravel Grip
DEFENDER-ATPC-2737,20.3,75.9,5.5,138.0,Optimal Rock Crawl / Grass-Gravel Grip
DEFENDER-ATPC-2738,5.5,80.8,6.6,391.7,Optimal Rock Crawl / Grass-Gravel Grip
DEFENDER-ATPC-2739,11.2,89.6,6.9,189.5,Optimal Rock Crawl / Grass-Gravel Grip
DEFENDER-ATPC-2740,12.1,90.5,7.2,219.7,Optimal Rock Crawl / Grass-Gravel Grip
DEFENDER-ATPC-2741,37.9,32.2,2.0,338.6,Deep Sand / Mud Bog Ruts Active
DEFENDER-ATPC-2742,16.5,41.8,3.5,475.9,Optimal Rock Crawl / Grass-Gravel Grip
DEFENDER-ATPC-2743,27.4,49.7,3.8,360.0,Optimal Rock Crawl / Grass-Gravel Grip
DEFENDER-ATPC-2744,33.9,42.0,3.4,292.5,Optimal Rock Crawl / Grass-Gravel Grip
DEFENDER-ATPC-2745,13.6,89.8,7.1,469.2,Optimal Rock Crawl / Grass-Gravel Grip
DEFENDER-ATPC-2746,38.0,92.4,5.7,427.9,Optimal Rock Crawl / Grass-Gravel Grip
DEFENDER-ATPC-2747,11.2,49.1,4.7,394.4,Optimal Rock Crawl / Grass-Gravel Grip
DEFENDER-ATPC-2748,23.2,82.4,6.0,425.6,Optimal Rock Crawl / Grass-Gravel Grip
DEFENDER-ATPC-2749,6.1,47.4,4.7,368.4,Optimal Rock Crawl / Grass-Gravel Grip
DEFENDER-ATPC-2750,32.8,87.9,6.0,357.6,Optimal Rock Crawl / Grass-Gravel Grip
DEFENDER-ATPC-2751,12.7,76.1,6.0,259.8,Optimal Rock Crawl / Grass-Gravel Grip
DEFENDER-ATPC-2752,29.7,46.8,2.9,401.9,Optimal Rock Crawl / Grass-Gravel Grip
DEFENDER-ATPC-2753,5.5,60.1,6.0,467.8,Optimal Rock Crawl / Grass-Gravel Grip
DEFENDER-ATPC-2754,23.1,59.8,4.6,146.3,Optimal Rock Crawl / Grass-Gravel Grip
DEFENDER-ATPC-2755,36.4,81.2,5.5,453.3,Optimal Rock Crawl / Grass-Gravel Grip
DEFENDER-ATPC-2756,19.4,18.7,1.9,229.2,Deep Sand / Mud Bog Ruts Active
DEFENDER-ATPC-2757,10.4,78.1,6.9,326.3,Optimal Rock Crawl / Grass-Gravel Grip
DEFENDER-ATPC-2758,14.8,57.4,4.1,341.9,Optimal Rock Crawl / Grass-Gravel Grip
DEFENDER-ATPC-2759,40.3,26.9,1.2,195.1,Deep Sand / Mud Bog Ruts Active
DEFENDER-ATPC-2760,3.8,62.0,5.5,319.0,Optimal Rock Crawl / Grass-Gravel Grip
DEFENDER-ATPC-2761,31.1,57.8,3.3,406.9,Optimal Rock Crawl / Grass-Gravel Grip
DEFENDER-ATPC-2762,36.0,64.1,3.6,238.6,Optimal Rock Crawl / Grass-Gravel Grip
DEFENDER-ATPC-2763,16.4,70.4,5.1,422.8,Optimal Rock Crawl / Grass-Gravel Grip
DEFENDER-ATPC-2764,5.9,65.8,5.6,171.1,Optimal Rock Crawl / Grass-Gravel Grip
DEFENDER-ATPC-2765,13.4,92.7,7.0,359.7,Optimal Rock Crawl / Grass-Gravel Grip
DEFENDER-ATPC-2766,29.6,77.1,5.2,243.7,Optimal Rock Crawl / Grass-Gravel Grip
DEFENDER-ATPC-2767,21.7,77.2,5.7,468.1,Optimal Rock Crawl / Grass-Gravel Grip
DEFENDER-ATPC-2768,27.2,34.2,2.6,309.7,Deep Sand / Mud Bog Ruts Active
DEFENDER-ATPC-2769,37.6,76.5,4.7,348.4,Optimal Rock Crawl / Grass-Gravel Grip
DEFENDER-ATPC-2770,36.0,59.6,3.7,377.3,Optimal Rock Crawl / Grass-Gravel Grip
DEFENDER-ATPC-2771,3.2,55.9,5.2,455.8,Optimal Rock Crawl / Grass-Gravel Grip
DEFENDER-ATPC-2772,15.4,56.5,4.7,369.4,Optimal Rock Crawl / Grass-Gravel Grip
DEFENDER-ATPC-2773,27.1,89.5,6.3,346.1,Optimal Rock Crawl / Grass-Gravel Grip
DEFENDER-ATPC-2774,37.3,45.2,2.4,193.9,Optimal Rock Crawl / Grass-Gravel Grip
DEFENDER-ATPC-2775,11.1,91.3,7.8,384.7,Optimal Rock Crawl / Grass-Gravel Grip
DEFENDER-ATPC-2776,33.9,50.4,3.7,208.1,Optimal Rock Crawl / Grass-Gravel Grip
DEFENDER-ATPC-2777,12.5,56.8,4.6,366.1,Optimal Rock Crawl / Grass-Gravel Grip
DEFENDER-ATPC-2778,37.7,47.1,2.8,300.9,Optimal Rock Crawl / Grass-Gravel Grip
DEFENDER-ATPC-2779,19.5,49.3,4.0,243.9,Optimal Rock Crawl / Grass-Gravel Grip
DEFENDER-ATPC-2780,39.4,60.5,3.1,363.0,Optimal Rock Crawl / Grass-Gravel Grip
DEFENDER-ATPC-2781,27.5,73.2,5.1,265.2,Optimal Rock Crawl / Grass-Gravel Grip
DEFENDER-ATPC-2782,27.0,69.5,4.7,146.6,Optimal Rock Crawl / Grass-Gravel Grip
DEFENDER-ATPC-2783,36.9,47.4,2.6,266.9,Optimal Rock Crawl / Grass-Gravel Grip
DEFENDER-ATPC-2784,18.6,75.5,5.8,287.0,Optimal Rock Crawl / Grass-Gravel Grip
DEFENDER-ATPC-2785,29.1,44.8,2.9,428.4,Optimal Rock Crawl / Grass-Gravel Grip
DEFENDER-ATPC-2786,4.5,37.3,4.0,162.3,Optimal Rock Crawl / Grass-Gravel Grip
DEFENDER-ATPC-2787,7.9,50.3,4.7,421.3,Optimal Rock Crawl / Grass-Gravel Grip
DEFENDER-ATPC-2788,33.6,65.3,3.5,203.8,Optimal Rock Crawl / Grass-Gravel Grip
DEFENDER-ATPC-2789,25.3,75.7,5.9,163.1,Optimal Rock Crawl / Grass-Gravel Grip
DEFENDER-ATPC-2790,9.4,17.9,2.9,333.8,Deep Sand / Mud Bog Ruts Active
DEFENDER-ATPC-2791,38.3,72.7,3.9,382.1,Optimal Rock Crawl / Grass-Gravel Grip
DEFENDER-ATPC-2792,17.6,54.6,4.5,189.3,Optimal Rock Crawl / Grass-Gravel Grip
DEFENDER-ATPC-2793,20.2,68.0,5.6,189.9,Optimal Rock Crawl / Grass-Gravel Grip
DEFENDER-ATPC-2794,19.1,45.9,3.6,345.2,Optimal Rock Crawl / Grass-Gravel Grip
DEFENDER-ATPC-2795,34.4,68.3,4.4,152.5,Optimal Rock Crawl / Grass-Gravel Grip
DEFENDER-ATPC-2796,2.6,86.0,7.5,365.6,Optimal Rock Crawl / Grass-Gravel Grip
DEFENDER-ATPC-2797,27.9,49.7,3.4,342.7,Optimal Rock Crawl / Grass-Gravel Grip
DEFENDER-ATPC-2798,14.5,29.3,2.9,420.9,Deep Sand / Mud Bog Ruts Active
DEFENDER-ATPC-2799,32.2,81.1,5.6,420.8,Optimal Rock Crawl / Grass-Gravel Grip
DEFENDER-ATPC-2800,5.0,64.9,6.2,171.2,Optimal Rock Crawl / Grass-Gravel Grip
DEFENDER-ATPC-2801,6.9,56.3,5.4,394.6,Optimal Rock Crawl / Grass-Gravel Grip
DEFENDER-ATPC-2802,2.8,17.9,2.6,438.4,Deep Sand / Mud Bog Ruts Active
DEFENDER-ATPC-2803,9.8,88.0,7.2,187.9,Optimal Rock Crawl / Grass-Gravel Grip
DEFENDER-ATPC-2804,22.4,41.4,3.3,359.5,Optimal Rock Crawl / Grass-Gravel Grip
DEFENDER-ATPC-2805,10.5,78.5,6.6,409.5,Optimal Rock Crawl / Grass-Gravel Grip
DEFENDER-ATPC-2806,29.4,46.1,3.0,315.1,Optimal Rock Crawl / Grass-Gravel Grip
DEFENDER-ATPC-2807,20.3,59.1,5.1,369.6,Optimal Rock Crawl / Grass-Gravel Grip
DEFENDER-ATPC-2808,28.2,52.8,3.3,365.3,Optimal Rock Crawl / Grass-Gravel Grip
DEFENDER-ATPC-2809,19.5,67.6,5.2,234.2,Optimal Rock Crawl / Grass-Gravel Grip
DEFENDER-ATPC-2810,33.9,36.8,2.2,476.6,Optimal Rock Crawl / Grass-Gravel Grip
DEFENDER-ATPC-2811,32.5,20.6,1.1,392.2,Deep Sand / Mud Bog Ruts Active
DEFENDER-ATPC-2812,2.4,47.5,5.1,215.5,Optimal Rock Crawl / Grass-Gravel Grip
DEFENDER-ATPC-2813,36.4,81.2,5.3,167.7,Optimal Rock Crawl / Grass-Gravel Grip
DEFENDER-ATPC-2814,7.9,53.6,4.9,325.4,Optimal Rock Crawl / Grass-Gravel Grip
DEFENDER-ATPC-2815,4.8,36.3,3.9,393.3,Optimal Rock Crawl / Grass-Gravel Grip
DEFENDER-ATPC-2816,19.6,45.0,3.4,426.0,Optimal Rock Crawl / Grass-Gravel Grip
DEFENDER-ATPC-2817,8.6,94.8,7.8,324.7,Optimal Rock Crawl / Grass-Gravel Grip
DEFENDER-ATPC-2818,35.6,84.4,5.3,232.1,Optimal Rock Crawl / Grass-Gravel Grip
DEFENDER-ATPC-2819,24.1,88.9,6.6,271.6,Optimal Rock Crawl / Grass-Gravel Grip
DEFENDER-ATPC-2820,10.7,51.9,5.3,177.2,Optimal Rock Crawl / Grass-Gravel Grip
DEFENDER-ATPC-2821,3.5,49.8,5.0,432.2,Optimal Rock Crawl / Grass-Gravel Grip
DEFENDER-ATPC-2822,14.9,85.5,6.9,292.5,Optimal Rock Crawl / Grass-Gravel Grip
DEFENDER-ATPC-2823,41.8,80.2,4.9,163.0,Optimal Rock Crawl / Grass-Gravel Grip
DEFENDER-ATPC-2824,25.5,43.8,3.3,235.3,Optimal Rock Crawl / Grass-Gravel Grip
DEFENDER-ATPC-2825,17.3,77.2,6.4,356.5,Optimal Rock Crawl / Grass-Gravel Grip
DEFENDER-ATPC-2826,9.6,21.1,2.6,314.1,Deep Sand / Mud Bog Ruts Active
DEFENDER-ATPC-2827,41.8,56.3,3.4,204.2,Optimal Rock Crawl / Grass-Gravel Grip
DEFENDER-ATPC-2828,14.3,21.5,2.3,386.7,Deep Sand / Mud Bog Ruts Active
DEFENDER-ATPC-2829,17.0,83.6,6.2,267.1,Optimal Rock Crawl / Grass-Gravel Grip
DEFENDER-ATPC-2830,8.8,18.6,2.5,270.3,Deep Sand / Mud Bog Ruts Active
DEFENDER-ATPC-2831,29.3,53.5,3.3,364.4,Optimal Rock Crawl / Grass-Gravel Grip
DEFENDER-ATPC-2832,29.2,94.9,6.5,417.2,Optimal Rock Crawl / Grass-Gravel Grip
DEFENDER-ATPC-2833,21.3,84.0,6.1,354.7,Optimal Rock Crawl / Grass-Gravel Grip
DEFENDER-ATPC-2834,5.8,73.9,6.6,405.6,Optimal Rock Crawl / Grass-Gravel Grip
DEFENDER-ATPC-2835,6.5,79.2,6.7,300.6,Optimal Rock Crawl / Grass-Gravel Grip
DEFENDER-ATPC-2836,39.9,77.4,4.3,295.1,Optimal Rock Crawl / Grass-Gravel Grip
DEFENDER-ATPC-2837,4.4,79.5,7.5,413.2,Optimal Rock Crawl / Grass-Gravel Grip
DEFENDER-ATPC-2838,30.5,25.0,1.6,192.0,Deep Sand / Mud Bog Ruts Active
DEFENDER-ATPC-2839,24.1,51.0,3.7,393.8,Optimal Rock Crawl / Grass-Gravel Grip
DEFENDER-ATPC-2840,21.8,91.6,6.8,176.9,Optimal Rock Crawl / Grass-Gravel Grip
DEFENDER-ATPC-2841,20.3,92.3,7.2,279.8,Optimal Rock Crawl / Grass-Gravel Grip
DEFENDER-ATPC-2842,39.8,35.7,1.5,378.9,Optimal Rock Crawl / Grass-Gravel Grip
DEFENDER-ATPC-2843,34.2,37.3,1.8,328.6,Optimal Rock Crawl / Grass-Gravel Grip
DEFENDER-ATPC-2844,39.3,57.2,3.5,465.0,Optimal Rock Crawl / Grass-Gravel Grip
DEFENDER-ATPC-2845,22.5,26.6,2.2,461.5,Deep Sand / Mud Bog Ruts Active
DEFENDER-ATPC-2846,37.1,90.9,5.6,370.4,Optimal Rock Crawl / Grass-Gravel Grip
DEFENDER-ATPC-2847,2.3,79.0,7.3,314.6,Optimal Rock Crawl / Grass-Gravel Grip
DEFENDER-ATPC-2848,3.7,38.2,3.7,466.4,Optimal Rock Crawl / Grass-Gravel Grip
DEFENDER-ATPC-2849,23.8,51.1,3.9,123.9,Optimal Rock Crawl / Grass-Gravel Grip
DEFENDER-ATPC-2850,32.6,50.9,3.2,174.5,Optimal Rock Crawl / Grass-Gravel Grip
DEFENDER-ATPC-2851,3.1,15.3,2.9,123.5,Deep Sand / Mud Bog Ruts Active
DEFENDER-ATPC-2852,37.7,89.4,5.5,472.3,Optimal Rock Crawl / Grass-Gravel Grip
DEFENDER-ATPC-2853,17.6,83.9,7.0,417.3,Optimal Rock Crawl / Grass-Gravel Grip
DEFENDER-ATPC-2854,22.6,39.5,3.2,313.2,Optimal Rock Crawl / Grass-Gravel Grip
DEFENDER-ATPC-2855,32.9,50.4,2.7,421.1,Optimal Rock Crawl / Grass-Gravel Grip
DEFENDER-ATPC-2856,35.3,32.6,2.1,253.6,Deep Sand / Mud Bog Ruts Active
DEFENDER-ATPC-2857,33.4,18.1,1.3,163.6,Deep Sand / Mud Bog Ruts Active
DEFENDER-ATPC-2858,27.6,60.6,4.5,151.8,Optimal Rock Crawl / Grass-Gravel Grip
DEFENDER-ATPC-2859,3.3,80.7,6.4,151.8,Optimal Rock Crawl / Grass-Gravel Grip
DEFENDER-ATPC-2860,5.5,78.2,6.9,227.3,Optimal Rock Crawl / Grass-Gravel Grip
DEFENDER-ATPC-2861,13.2,81.9,6.5,125.4,Optimal Rock Crawl / Grass-Gravel Grip
DEFENDER-ATPC-2862,41.8,51.6,3.0,129.4,Optimal Rock Crawl / Grass-Gravel Grip
DEFENDER-ATPC-2863,27.7,37.9,2.5,207.6,Optimal Rock Crawl / Grass-Gravel Grip
DEFENDER-ATPC-2864,12.4,44.3,4.2,341.0,Optimal Rock Crawl / Grass-Gravel Grip
DEFENDER-ATPC-2865,33.2,58.5,4.4,189.5,Optimal Rock Crawl / Grass-Gravel Grip
DEFENDER-ATPC-2866,10.1,56.1,5.4,428.5,Optimal Rock Crawl / Grass-Gravel Grip
DEFENDER-ATPC-2867,6.9,27.1,2.9,162.9,Deep Sand / Mud Bog Ruts Active
DEFENDER-ATPC-2868,41.0,42.8,2.6,295.5,Optimal Rock Crawl / Grass-Gravel Grip
DEFENDER-ATPC-2869,32.6,75.0,5.1,428.0,Optimal Rock Crawl / Grass-Gravel Grip
DEFENDER-ATPC-2870,39.2,60.9,3.5,357.6,Optimal Rock Crawl / Grass-Gravel Grip
DEFENDER-ATPC-2871,37.9,54.8,3.9,381.8,Optimal Rock Crawl / Grass-Gravel Grip
DEFENDER-ATPC-2872,17.3,66.6,6.1,366.0,Optimal Rock Crawl / Grass-Gravel Grip
DEFENDER-ATPC-2873,37.5,30.8,1.7,461.9,Deep Sand / Mud Bog Ruts Active
DEFENDER-ATPC-2874,18.5,34.7,3.0,273.9,Deep Sand / Mud Bog Ruts Active
DEFENDER-ATPC-2875,16.5,89.3,7.3,297.9,Optimal Rock Crawl / Grass-Gravel Grip
DEFENDER-ATPC-2876,40.8,28.1,1.0,120.6,Deep Sand / Mud Bog Ruts Active
DEFENDER-ATPC-2877,38.2,80.7,5.5,353.3,Optimal Rock Crawl / Grass-Gravel Grip
DEFENDER-ATPC-2878,10.0,37.7,3.4,330.3,Optimal Rock Crawl / Grass-Gravel Grip
DEFENDER-ATPC-2879,37.4,58.2,3.8,293.6,Optimal Rock Crawl / Grass-Gravel Grip
DEFENDER-ATPC-2880,36.8,44.0,2.8,399.4,Optimal Rock Crawl / Grass-Gravel Grip
DEFENDER-ATPC-2881,26.7,88.4,5.5,376.4,Optimal Rock Crawl / Grass-Gravel Grip
DEFENDER-ATPC-2882,29.2,33.0,2.7,274.4,Deep Sand / Mud Bog Ruts Active
DEFENDER-ATPC-2883,19.4,85.2,6.6,413.8,Optimal Rock Crawl / Grass-Gravel Grip
DEFENDER-ATPC-2884,6.4,49.4,4.6,416.5,Optimal Rock Crawl / Grass-Gravel Grip
DEFENDER-ATPC-2885,12.7,93.6,7.5,241.1,Optimal Rock Crawl / Grass-Gravel Grip
DEFENDER-ATPC-2886,20.8,75.4,5.9,247.1,Optimal Rock Crawl / Grass-Gravel Grip
DEFENDER-ATPC-2887,17.9,70.9,5.6,144.8,Optimal Rock Crawl / Grass-Gravel Grip
DEFENDER-ATPC-2888,32.8,73.0,4.8,358.0,Optimal Rock Crawl / Grass-Gravel Grip
DEFENDER-ATPC-2889,23.8,93.1,6.3,318.1,Optimal Rock Crawl / Grass-Gravel Grip
DEFENDER-ATPC-2890,15.6,34.0,4.0,238.7,Deep Sand / Mud Bog Ruts Active
DEFENDER-ATPC-2891,8.0,31.1,3.5,301.4,Deep Sand / Mud Bog Ruts Active
DEFENDER-ATPC-2892,5.6,91.4,8.4,199.2,Optimal Rock Crawl / Grass-Gravel Grip
DEFENDER-ATPC-2893,6.1,48.5,4.5,153.9,Optimal Rock Crawl / Grass-Gravel Grip
DEFENDER-ATPC-2894,29.8,55.2,4.1,312.1,Optimal Rock Crawl / Grass-Gravel Grip
DEFENDER-ATPC-2895,16.5,50.3,4.0,395.0,Optimal Rock Crawl / Grass-Gravel Grip
DEFENDER-ATPC-2896,17.9,91.5,6.6,167.3,Optimal Rock Crawl / Grass-Gravel Grip
DEFENDER-ATPC-2897,6.7,25.1,3.0,472.8,Deep Sand / Mud Bog Ruts Active
DEFENDER-ATPC-2898,23.0,37.4,3.2,458.2,Optimal Rock Crawl / Grass-Gravel Grip
DEFENDER-ATPC-2899,41.8,89.7,5.5,164.9,Optimal Rock Crawl / Grass-Gravel Grip
DEFENDER-ATPC-2900,11.1,86.7,7.2,285.5,Optimal Rock Crawl / Grass-Gravel Grip
DEFENDER-ATPC-2901,21.6,52.1,4.4,450.6,Optimal Rock Crawl / Grass-Gravel Grip
DEFENDER-ATPC-2902,20.6,51.0,4.5,242.3,Optimal Rock Crawl / Grass-Gravel Grip
DEFENDER-ATPC-2903,41.2,45.2,2.6,364.5,Optimal Rock Crawl / Grass-Gravel Grip
DEFENDER-ATPC-2904,2.5,53.9,5.5,266.9,Optimal Rock Crawl / Grass-Gravel Grip
DEFENDER-ATPC-2905,41.1,82.1,5.1,227.7,Optimal Rock Crawl / Grass-Gravel Grip
DEFENDER-ATPC-2906,34.4,80.5,5.2,371.8,Optimal Rock Crawl / Grass-Gravel Grip
DEFENDER-ATPC-2907,12.4,18.5,2.0,245.8,Deep Sand / Mud Bog Ruts Active
DEFENDER-ATPC-2908,18.7,32.1,3.4,381.5,Deep Sand / Mud Bog Ruts Active
DEFENDER-ATPC-2909,32.9,79.7,5.8,430.3,Optimal Rock Crawl / Grass-Gravel Grip
DEFENDER-ATPC-2910,36.0,51.7,3.5,362.5,Optimal Rock Crawl / Grass-Gravel Grip
DEFENDER-ATPC-2911,26.9,60.8,4.4,312.6,Optimal Rock Crawl / Grass-Gravel Grip
DEFENDER-ATPC-2912,15.3,71.5,5.8,377.7,Optimal Rock Crawl / Grass-Gravel Grip
DEFENDER-ATPC-2913,16.9,55.7,4.8,372.7,Optimal Rock Crawl / Grass-Gravel Grip
DEFENDER-ATPC-2914,12.9,35.0,3.0,422.9,Optimal Rock Crawl / Grass-Gravel Grip
DEFENDER-ATPC-2915,14.3,91.2,7.3,235.3,Optimal Rock Crawl / Grass-Gravel Grip
DEFENDER-ATPC-2916,9.4,17.5,2.5,369.3,Deep Sand / Mud Bog Ruts Active
DEFENDER-ATPC-2917,4.2,66.3,6.0,226.1,Optimal Rock Crawl / Grass-Gravel Grip
DEFENDER-ATPC-2918,30.8,83.2,5.9,228.4,Optimal Rock Crawl / Grass-Gravel Grip
DEFENDER-ATPC-2919,6.0,32.3,4.0,199.7,Deep Sand / Mud Bog Ruts Active
DEFENDER-ATPC-2920,11.3,69.6,6.2,205.5,Optimal Rock Crawl / Grass-Gravel Grip
DEFENDER-ATPC-2921,15.6,48.7,4.5,374.7,Optimal Rock Crawl / Grass-Gravel Grip
DEFENDER-ATPC-2922,30.7,70.6,5.0,343.5,Optimal Rock Crawl / Grass-Gravel Grip
DEFENDER-ATPC-2923,21.9,78.9,6.1,419.0,Optimal Rock Crawl / Grass-Gravel Grip
DEFENDER-ATPC-2924,11.8,84.9,6.7,436.8,Optimal Rock Crawl / Grass-Gravel Grip
DEFENDER-ATPC-2925,24.3,47.3,3.5,466.1,Optimal Rock Crawl / Grass-Gravel Grip
DEFENDER-ATPC-2926,31.5,17.8,1.0,438.0,Deep Sand / Mud Bog Ruts Active
DEFENDER-ATPC-2927,30.1,69.4,4.8,331.9,Optimal Rock Crawl / Grass-Gravel Grip
DEFENDER-ATPC-2928,5.2,54.2,5.4,175.2,Optimal Rock Crawl / Grass-Gravel Grip
DEFENDER-ATPC-2929,33.4,72.7,4.0,208.9,Optimal Rock Crawl / Grass-Gravel Grip
DEFENDER-ATPC-2930,24.1,82.9,5.9,194.0,Optimal Rock Crawl / Grass-Gravel Grip
DEFENDER-ATPC-2931,22.4,56.8,3.9,418.4,Optimal Rock Crawl / Grass-Gravel Grip
DEFENDER-ATPC-2932,22.5,79.7,6.5,409.5,Optimal Rock Crawl / Grass-Gravel Grip
DEFENDER-ATPC-2933,20.8,56.1,5.0,190.4,Optimal Rock Crawl / Grass-Gravel Grip
DEFENDER-ATPC-2934,30.7,76.4,4.5,246.5,Optimal Rock Crawl / Grass-Gravel Grip
DEFENDER-ATPC-2935,18.5,93.2,7.0,315.5,Optimal Rock Crawl / Grass-Gravel Grip
DEFENDER-ATPC-2936,38.0,77.0,4.3,415.0,Optimal Rock Crawl / Grass-Gravel Grip
DEFENDER-ATPC-2937,28.7,80.7,5.5,370.6,Optimal Rock Crawl / Grass-Gravel Grip
DEFENDER-ATPC-2938,13.7,92.5,7.0,330.1,Optimal Rock Crawl / Grass-Gravel Grip
DEFENDER-ATPC-2939,40.5,33.7,1.8,333.9,Deep Sand / Mud Bog Ruts Active
DEFENDER-ATPC-2940,36.7,81.4,5.7,333.5,Optimal Rock Crawl / Grass-Gravel Grip
DEFENDER-ATPC-2941,21.0,53.5,4.2,181.1,Optimal Rock Crawl / Grass-Gravel Grip
DEFENDER-ATPC-2942,24.9,16.6,1.3,319.1,Deep Sand / Mud Bog Ruts Active
DEFENDER-ATPC-2943,3.7,43.4,4.8,208.5,Optimal Rock Crawl / Grass-Gravel Grip
DEFENDER-ATPC-2944,42.0,57.6,3.7,289.5,Optimal Rock Crawl / Grass-Gravel Grip
DEFENDER-ATPC-2945,38.2,58.7,3.7,191.4,Optimal Rock Crawl / Grass-Gravel Grip
DEFENDER-ATPC-2946,36.5,64.4,3.7,380.5,Optimal Rock Crawl / Grass-Gravel Grip
DEFENDER-ATPC-2947,3.2,15.6,2.6,343.0,Deep Sand / Mud Bog Ruts Active
DEFENDER-ATPC-2948,26.6,68.3,4.7,259.9,Optimal Rock Crawl / Grass-Gravel Grip
DEFENDER-ATPC-2949,19.7,91.6,6.8,152.8,Optimal Rock Crawl / Grass-Gravel Grip
DEFENDER-ATPC-2950,38.4,26.6,1.1,313.2,Deep Sand / Mud Bog Ruts Active
DEFENDER-ATPC-2951,7.3,74.7,6.5,473.0,Optimal Rock Crawl / Grass-Gravel Grip
DEFENDER-ATPC-2952,3.8,82.7,7.1,224.1,Optimal Rock Crawl / Grass-Gravel Grip
DEFENDER-ATPC-2953,8.9,35.9,3.8,294.2,Optimal Rock Crawl / Grass-Gravel Grip
DEFENDER-ATPC-2954,6.2,72.7,6.5,458.7,Optimal Rock Crawl / Grass-Gravel Grip
DEFENDER-ATPC-2955,35.3,78.4,5.0,367.0,Optimal Rock Crawl / Grass-Gravel Grip
DEFENDER-ATPC-2956,30.2,63.7,3.8,471.9,Optimal Rock Crawl / Grass-Gravel Grip
DEFENDER-ATPC-2957,18.0,47.7,3.8,257.1,Optimal Rock Crawl / Grass-Gravel Grip
DEFENDER-ATPC-2958,33.1,30.7,1.4,427.9,Deep Sand / Mud Bog Ruts Active
DEFENDER-ATPC-2959,30.6,85.1,6.2,123.3,Optimal Rock Crawl / Grass-Gravel Grip
DEFENDER-ATPC-2960,30.1,60.7,4.3,270.8,Optimal Rock Crawl / Grass-Gravel Grip
DEFENDER-ATPC-2961,37.2,89.6,5.8,189.9,Optimal Rock Crawl / Grass-Gravel Grip
DEFENDER-ATPC-2962,20.7,47.3,3.9,339.9,Optimal Rock Crawl / Grass-Gravel Grip
DEFENDER-ATPC-2963,41.2,50.6,3.0,137.9,Optimal Rock Crawl / Grass-Gravel Grip
DEFENDER-ATPC-2964,25.1,68.9,4.8,191.7,Optimal Rock Crawl / Grass-Gravel Grip
DEFENDER-ATPC-2965,16.5,47.6,4.1,434.8,Optimal Rock Crawl / Grass-Gravel Grip
DEFENDER-ATPC-2966,18.0,32.0,2.9,189.4,Deep Sand / Mud Bog Ruts Active
DEFENDER-ATPC-2967,30.3,82.4,5.5,443.6,Optimal Rock Crawl / Grass-Gravel Grip
DEFENDER-ATPC-2968,14.3,93.5,7.4,468.5,Optimal Rock Crawl / Grass-Gravel Grip
DEFENDER-ATPC-2969,16.7,46.5,3.8,427.1,Optimal Rock Crawl / Grass-Gravel Grip
DEFENDER-ATPC-2970,22.3,42.3,2.8,342.2,Optimal Rock Crawl / Grass-Gravel Grip
DEFENDER-ATPC-2971,26.7,34.6,2.5,259.7,Deep Sand / Mud Bog Ruts Active
DEFENDER-ATPC-2972,34.6,43.3,2.5,137.9,Optimal Rock Crawl / Grass-Gravel Grip
DEFENDER-ATPC-2973,26.4,42.0,3.1,189.1,Optimal Rock Crawl / Grass-Gravel Grip
DEFENDER-ATPC-2974,11.0,73.6,5.7,214.8,Optimal Rock Crawl / Grass-Gravel Grip
DEFENDER-ATPC-2975,5.7,51.4,4.8,153.0,Optimal Rock Crawl / Grass-Gravel Grip
DEFENDER-ATPC-2976,5.7,54.6,4.7,288.1,Optimal Rock Crawl / Grass-Gravel Grip
DEFENDER-ATPC-2977,24.7,41.2,2.8,360.0,Optimal Rock Crawl / Grass-Gravel Grip
DEFENDER-ATPC-2978,8.3,48.0,4.9,258.7,Optimal Rock Crawl / Grass-Gravel Grip
DEFENDER-ATPC-2979,2.3,28.8,4.2,302.4,Deep Sand / Mud Bog Ruts Active
DEFENDER-ATPC-2980,38.2,80.2,4.9,254.4,Optimal Rock Crawl / Grass-Gravel Grip
DEFENDER-ATPC-2981,20.2,43.4,4.2,243.7,Optimal Rock Crawl / Grass-Gravel Grip
DEFENDER-ATPC-2982,29.2,81.4,5.3,415.9,Optimal Rock Crawl / Grass-Gravel Grip
DEFENDER-ATPC-2983,10.7,82.4,6.9,303.6,Optimal Rock Crawl / Grass-Gravel Grip
DEFENDER-ATPC-2984,38.2,36.6,1.4,287.0,Optimal Rock Crawl / Grass-Gravel Grip
DEFENDER-ATPC-2985,9.9,89.0,7.5,254.6,Optimal Rock Crawl / Grass-Gravel Grip
DEFENDER-ATPC-2986,31.1,48.2,4.0,279.6,Optimal Rock Crawl / Grass-Gravel Grip
DEFENDER-ATPC-2987,4.8,18.1,3.0,192.2,Deep Sand / Mud Bog Ruts Active
DEFENDER-ATPC-2988,2.6,29.6,3.7,301.6,Deep Sand / Mud Bog Ruts Active
DEFENDER-ATPC-2989,10.0,19.1,2.4,128.6,Deep Sand / Mud Bog Ruts Active
DEFENDER-ATPC-2990,16.9,76.4,6.0,302.7,Optimal Rock Crawl / Grass-Gravel Grip
DEFENDER-ATPC-2991,32.0,59.3,4.1,178.9,Optimal Rock Crawl / Grass-Gravel Grip
DEFENDER-ATPC-2992,10.5,39.4,4.0,273.4,Optimal Rock Crawl / Grass-Gravel Grip
DEFENDER-ATPC-2993,11.4,66.2,5.5,434.0,Optimal Rock Crawl / Grass-Gravel Grip
DEFENDER-ATPC-2994,23.2,31.0,2.8,269.9,Deep Sand / Mud Bog Ruts Active
DEFENDER-ATPC-2995,40.9,86.1,5.3,395.0,Optimal Rock Crawl / Grass-Gravel Grip
DEFENDER-ATPC-2996,24.3,57.3,4.7,130.6,Optimal Rock Crawl / Grass-Gravel Grip
DEFENDER-ATPC-2997,12.4,63.2,5.1,249.0,Optimal Rock Crawl / Grass-Gravel Grip
DEFENDER-ATPC-2998,41.7,74.6,4.8,132.7,Optimal Rock Crawl / Grass-Gravel Grip
DEFENDER-ATPC-2999,19.7,37.6,3.8,403.1,Optimal Rock Crawl / Grass-Gravel Grip
DEFENDER-ATPC-3000,29.6,70.7,5.2,172.0,Optimal Rock Crawl / Grass-Gravel Grip
DEFENDER-ATPC-3001,2.9,19.3,2.9,474.7,Deep Sand / Mud Bog Ruts Active
DEFENDER-ATPC-3002,12.3,38.5,3.8,463.2,Optimal Rock Crawl / Grass-Gravel Grip
DEFENDER-ATPC-3003,17.6,70.8,5.7,296.4,Optimal Rock Crawl / Grass-Gravel Grip
DEFENDER-ATPC-3004,24.4,49.3,3.3,182.4,Optimal Rock Crawl / Grass-Gravel Grip
DEFENDER-ATPC-3005,26.0,65.3,4.2,444.9,Optimal Rock Crawl / Grass-Gravel Grip
DEFENDER-ATPC-3006,39.0,85.3,5.4,233.0,Optimal Rock Crawl / Grass-Gravel Grip
DEFENDER-ATPC-3007,28.0,60.4,4.2,459.6,Optimal Rock Crawl / Grass-Gravel Grip
DEFENDER-ATPC-3008,35.5,55.8,3.9,275.5,Optimal Rock Crawl / Grass-Gravel Grip
DEFENDER-ATPC-3009,17.6,27.3,2.8,190.2,Deep Sand / Mud Bog Ruts Active
DEFENDER-ATPC-3010,14.8,68.9,5.2,144.6,Optimal Rock Crawl / Grass-Gravel Grip
DEFENDER-ATPC-3011,14.6,78.4,6.5,208.0,Optimal Rock Crawl / Grass-Gravel Grip
DEFENDER-ATPC-3012,29.1,51.8,3.8,180.9,Optimal Rock Crawl / Grass-Gravel Grip
DEFENDER-ATPC-3013,36.0,19.5,1.0,168.3,Deep Sand / Mud Bog Ruts Active
DEFENDER-ATPC-3014,18.4,27.9,2.5,422.5,Deep Sand / Mud Bog Ruts Active
DEFENDER-ATPC-3015,15.6,22.0,1.8,323.9,Deep Sand / Mud Bog Ruts Active
DEFENDER-ATPC-3016,40.1,44.5,2.8,229.0,Optimal Rock Crawl / Grass-Gravel Grip
DEFENDER-ATPC-3017,4.0,34.5,4.0,251.2,Deep Sand / Mud Bog Ruts Active
DEFENDER-ATPC-3018,39.6,84.1,5.3,344.0,Optimal Rock Crawl / Grass-Gravel Grip
DEFENDER-ATPC-3019,38.1,68.6,4.6,385.1,Optimal Rock Crawl / Grass-Gravel Grip
DEFENDER-ATPC-3020,27.4,39.4,2.2,131.9,Optimal Rock Crawl / Grass-Gravel Grip
DEFENDER-ATPC-3021,4.0,19.2,2.9,436.4,Deep Sand / Mud Bog Ruts Active
DEFENDER-ATPC-3022,2.1,24.7,3.4,477.7,Deep Sand / Mud Bog Ruts Active
DEFENDER-ATPC-3023,3.8,57.1,5.1,354.8,Optimal Rock Crawl / Grass-Gravel Grip
DEFENDER-ATPC-3024,8.8,71.8,6.4,458.4,Optimal Rock Crawl / Grass-Gravel Grip
DEFENDER-ATPC-3025,11.0,53.6,4.3,179.8,Optimal Rock Crawl / Grass-Gravel Grip
DEFENDER-ATPC-3026,24.3,63.6,4.5,269.3,Optimal Rock Crawl / Grass-Gravel Grip
DEFENDER-ATPC-3027,19.1,58.6,4.4,403.6,Optimal Rock Crawl / Grass-Gravel Grip
DEFENDER-ATPC-3028,24.0,27.7,1.7,477.9,Deep Sand / Mud Bog Ruts Active
DEFENDER-ATPC-3029,12.2,71.4,6.5,295.2,Optimal Rock Crawl / Grass-Gravel Grip
DEFENDER-ATPC-3030,20.9,68.2,5.4,471.3,Optimal Rock Crawl / Grass-Gravel Grip
DEFENDER-ATPC-3031,14.7,85.9,6.4,369.9,Optimal Rock Crawl / Grass-Gravel Grip
DEFENDER-ATPC-3032,10.6,15.5,2.5,345.3,Deep Sand / Mud Bog Ruts Active
DEFENDER-ATPC-3033,29.2,42.7,3.0,240.2,Optimal Rock Crawl / Grass-Gravel Grip
DEFENDER-ATPC-3034,24.0,71.2,5.5,442.2,Optimal Rock Crawl / Grass-Gravel Grip
DEFENDER-ATPC-3035,35.2,70.3,4.1,262.5,Optimal Rock Crawl / Grass-Gravel Grip
DEFENDER-ATPC-3036,16.5,31.8,3.1,343.7,Deep Sand / Mud Bog Ruts Active
DEFENDER-ATPC-3037,15.7,68.2,5.6,470.7,Optimal Rock Crawl / Grass-Gravel Grip
DEFENDER-ATPC-3038,23.4,43.6,3.5,169.7,Optimal Rock Crawl / Grass-Gravel Grip
DEFENDER-ATPC-3039,26.3,71.9,4.9,321.7,Optimal Rock Crawl / Grass-Gravel Grip
DEFENDER-ATPC-3040,10.0,68.9,6.0,203.7,Optimal Rock Crawl / Grass-Gravel Grip
DEFENDER-ATPC-3041,30.3,40.7,2.7,421.8,Optimal Rock Crawl / Grass-Gravel Grip
DEFENDER-ATPC-3042,11.6,27.0,2.9,315.7,Deep Sand / Mud Bog Ruts Active
DEFENDER-ATPC-3043,18.9,25.3,2.4,408.4,Deep Sand / Mud Bog Ruts Active
DEFENDER-ATPC-3044,19.6,39.5,3.4,133.2,Optimal Rock Crawl / Grass-Gravel Grip
DEFENDER-ATPC-3045,11.3,45.8,4.6,273.0,Optimal Rock Crawl / Grass-Gravel Grip
DEFENDER-ATPC-3046,33.6,74.3,5.1,270.6,Optimal Rock Crawl / Grass-Gravel Grip
DEFENDER-ATPC-3047,16.8,32.2,2.6,245.7,Deep Sand / Mud Bog Ruts Active
DEFENDER-ATPC-3048,24.3,58.7,4.2,448.1,Optimal Rock Crawl / Grass-Gravel Grip
DEFENDER-ATPC-3049,37.6,39.9,2.8,127.4,Optimal Rock Crawl / Grass-Gravel Grip
DEFENDER-ATPC-3050,4.2,81.1,7.0,428.4,Optimal Rock Crawl / Grass-Gravel Grip
DEFENDER-ATPC-3051,22.2,60.2,4.7,237.6,Optimal Rock Crawl / Grass-Gravel Grip
DEFENDER-ATPC-3052,32.6,57.6,3.6,167.2,Optimal Rock Crawl / Grass-Gravel Grip
DEFENDER-ATPC-3053,28.8,15.3,1.0,159.2,Deep Sand / Mud Bog Ruts Active
DEFENDER-ATPC-3054,21.2,53.3,4.0,315.9,Optimal Rock Crawl / Grass-Gravel Grip
DEFENDER-ATPC-3055,26.1,57.3,4.6,137.4,Optimal Rock Crawl / Grass-Gravel Grip
DEFENDER-ATPC-3056,36.7,27.6,1.8,425.5,Deep Sand / Mud Bog Ruts Active
DEFENDER-ATPC-3057,22.7,18.1,1.8,295.4,Deep Sand / Mud Bog Ruts Active
DEFENDER-ATPC-3058,26.5,56.1,4.1,338.0,Optimal Rock Crawl / Grass-Gravel Grip
DEFENDER-ATPC-3059,8.5,51.6,4.6,298.6,Optimal Rock Crawl / Grass-Gravel Grip
DEFENDER-ATPC-3060,9.9,59.3,5.6,432.4,Optimal Rock Crawl / Grass-Gravel Grip
DEFENDER-ATPC-3061,36.8,68.7,5.0,271.9,Optimal Rock Crawl / Grass-Gravel Grip
DEFENDER-ATPC-3062,32.7,16.8,1.0,184.5,Deep Sand / Mud Bog Ruts Active
DEFENDER-ATPC-3063,39.3,69.0,4.2,364.5,Optimal Rock Crawl / Grass-Gravel Grip
DEFENDER-ATPC-3064,6.0,26.8,3.3,162.1,Deep Sand / Mud Bog Ruts Active
DEFENDER-ATPC-3065,40.2,93.3,5.6,217.1,Optimal Rock Crawl / Grass-Gravel Grip
DEFENDER-ATPC-3066,28.9,83.4,5.6,311.1,Optimal Rock Crawl / Grass-Gravel Grip
DEFENDER-ATPC-3067,2.6,86.3,8.2,180.7,Optimal Rock Crawl / Grass-Gravel Grip
DEFENDER-ATPC-3068,31.7,23.7,1.0,460.7,Deep Sand / Mud Bog Ruts Active
DEFENDER-ATPC-3069,9.7,56.7,5.2,438.2,Optimal Rock Crawl / Grass-Gravel Grip
DEFENDER-ATPC-3070,29.8,66.6,5.0,313.8,Optimal Rock Crawl / Grass-Gravel Grip
DEFENDER-ATPC-3071,41.8,49.7,2.6,338.1,Optimal Rock Crawl / Grass-Gravel Grip
DEFENDER-ATPC-3072,6.6,85.7,7.4,405.3,Optimal Rock Crawl / Grass-Gravel Grip
DEFENDER-ATPC-3073,20.7,36.1,2.8,124.6,Optimal Rock Crawl / Grass-Gravel Grip
DEFENDER-ATPC-3074,34.4,34.5,1.9,433.0,Deep Sand / Mud Bog Ruts Active
DEFENDER-ATPC-3075,37.9,80.0,5.0,401.6,Optimal Rock Crawl / Grass-Gravel Grip
DEFENDER-ATPC-3076,40.9,57.6,3.2,164.1,Optimal Rock Crawl / Grass-Gravel Grip
DEFENDER-ATPC-3077,37.9,30.6,1.1,468.2,Deep Sand / Mud Bog Ruts Active
DEFENDER-ATPC-3078,21.3,24.8,2.6,209.5,Deep Sand / Mud Bog Ruts Active
DEFENDER-ATPC-3079,6.7,34.4,3.7,189.8,Deep Sand / Mud Bog Ruts Active
DEFENDER-ATPC-3080,40.2,73.7,4.4,219.6,Optimal Rock Crawl / Grass-Gravel Grip
DEFENDER-ATPC-3081,35.8,67.7,4.3,325.3,Optimal Rock Crawl / Grass-Gravel Grip
DEFENDER-ATPC-3082,34.2,77.4,5.1,256.9,Optimal Rock Crawl / Grass-Gravel Grip
DEFENDER-ATPC-3083,18.6,83.6,5.9,344.7,Optimal Rock Crawl / Grass-Gravel Grip
DEFENDER-ATPC-3084,19.3,83.5,6.3,386.5,Optimal Rock Crawl / Grass-Gravel Grip
DEFENDER-ATPC-3085,16.1,87.4,6.8,257.6,Optimal Rock Crawl / Grass-Gravel Grip
DEFENDER-ATPC-3086,20.3,77.2,5.8,204.4,Optimal Rock Crawl / Grass-Gravel Grip
DEFENDER-ATPC-3087,14.4,61.3,5.4,473.3,Optimal Rock Crawl / Grass-Gravel Grip
DEFENDER-ATPC-3088,15.3,56.0,4.9,456.4,Optimal Rock Crawl / Grass-Gravel Grip
DEFENDER-ATPC-3089,7.6,57.9,5.2,453.6,Optimal Rock Crawl / Grass-Gravel Grip
DEFENDER-ATPC-3090,41.8,68.6,4.0,204.5,Optimal Rock Crawl / Grass-Gravel Grip
DEFENDER-ATPC-3091,14.3,23.1,2.2,229.8,Deep Sand / Mud Bog Ruts Active
DEFENDER-ATPC-3092,27.8,43.3,2.8,350.1,Optimal Rock Crawl / Grass-Gravel Grip
DEFENDER-ATPC-3093,8.6,28.5,3.1,169.4,Deep Sand / Mud Bog Ruts Active
DEFENDER-ATPC-3094,23.2,48.3,3.4,325.2,Optimal Rock Crawl / Grass-Gravel Grip
DEFENDER-ATPC-3095,18.5,37.6,3.6,200.3,Optimal Rock Crawl / Grass-Gravel Grip
DEFENDER-ATPC-3096,13.6,37.8,4.0,282.4,Optimal Rock Crawl / Grass-Gravel Grip
DEFENDER-ATPC-3097,33.5,58.7,3.2,446.8,Optimal Rock Crawl / Grass-Gravel Grip
DEFENDER-ATPC-3098,3.4,41.3,4.6,265.7,Optimal Rock Crawl / Grass-Gravel Grip
DEFENDER-ATPC-3099,26.4,60.8,4.7,269.6,Optimal Rock Crawl / Grass-Gravel Grip
DEFENDER-ATPC-3100,11.8,26.2,2.9,135.5,Deep Sand / Mud Bog Ruts Active
DEFENDER-ATPC-3101,4.4,55.1,5.2,317.3,Optimal Rock Crawl / Grass-Gravel Grip
DEFENDER-ATPC-3102,5.1,79.6,6.8,274.4,Optimal Rock Crawl / Grass-Gravel Grip
DEFENDER-ATPC-3103,2.1,90.4,7.5,334.6,Optimal Rock Crawl / Grass-Gravel Grip
DEFENDER-ATPC-3104,39.6,74.9,4.7,247.2,Optimal Rock Crawl / Grass-Gravel Grip
DEFENDER-ATPC-3105,30.7,26.2,1.1,315.6,Deep Sand / Mud Bog Ruts Active
DEFENDER-ATPC-3106,30.2,70.8,4.4,188.3,Optimal Rock Crawl / Grass-Gravel Grip
DEFENDER-ATPC-3107,35.0,20.5,1.5,269.3,Deep Sand / Mud Bog Ruts Active
DEFENDER-ATPC-3108,4.1,33.7,4.2,137.7,Deep Sand / Mud Bog Ruts Active
DEFENDER-ATPC-3109,13.1,88.7,6.9,401.0,Optimal Rock Crawl / Grass-Gravel Grip
DEFENDER-ATPC-3110,31.2,55.1,4.2,324.7,Optimal Rock Crawl / Grass-Gravel Grip
DEFENDER-ATPC-3111,8.2,67.0,5.6,389.6,Optimal Rock Crawl / Grass-Gravel Grip
DEFENDER-ATPC-3112,34.5,23.8,1.1,141.0,Deep Sand / Mud Bog Ruts Active
DEFENDER-ATPC-3113,4.3,83.4,7.1,296.0,Optimal Rock Crawl / Grass-Gravel Grip
DEFENDER-ATPC-3114,24.7,62.8,4.9,393.0,Optimal Rock Crawl / Grass-Gravel Grip
DEFENDER-ATPC-3115,17.1,67.5,5.6,331.6,Optimal Rock Crawl / Grass-Gravel Grip
DEFENDER-ATPC-3116,5.4,22.5,2.8,138.4,Deep Sand / Mud Bog Ruts Active
DEFENDER-ATPC-3117,15.3,52.0,4.7,396.7,Optimal Rock Crawl / Grass-Gravel Grip
DEFENDER-ATPC-3118,26.4,19.1,1.6,299.5,Deep Sand / Mud Bog Ruts Active
DEFENDER-ATPC-3119,32.4,88.6,6.3,190.3,Optimal Rock Crawl / Grass-Gravel Grip
DEFENDER-ATPC-3120,20.3,91.8,6.9,142.5,Optimal Rock Crawl / Grass-Gravel Grip
DEFENDER-ATPC-3121,13.1,93.7,7.7,238.6,Optimal Rock Crawl / Grass-Gravel Grip
DEFENDER-ATPC-3122,14.4,81.6,6.4,390.3,Optimal Rock Crawl / Grass-Gravel Grip
DEFENDER-ATPC-3123,37.7,36.6,2.5,417.8,Optimal Rock Crawl / Grass-Gravel Grip
DEFENDER-ATPC-3124,24.3,84.5,5.7,146.7,Optimal Rock Crawl / Grass-Gravel Grip
DEFENDER-ATPC-3125,11.4,50.2,4.3,200.2,Optimal Rock Crawl / Grass-Gravel Grip
DEFENDER-ATPC-3126,6.7,46.5,4.7,304.0,Optimal Rock Crawl / Grass-Gravel Grip
DEFENDER-ATPC-3127,17.2,29.8,3.0,159.3,Deep Sand / Mud Bog Ruts Active
DEFENDER-ATPC-3128,14.5,51.9,4.9,287.2,Optimal Rock Crawl / Grass-Gravel Grip
DEFENDER-ATPC-3129,5.1,54.6,4.8,241.4,Optimal Rock Crawl / Grass-Gravel Grip
DEFENDER-ATPC-3130,18.8,78.9,6.1,148.6,Optimal Rock Crawl / Grass-Gravel Grip
DEFENDER-ATPC-3131,18.7,46.3,4.1,163.5,Optimal Rock Crawl / Grass-Gravel Grip
DEFENDER-ATPC-3132,4.9,43.6,4.7,380.2,Optimal Rock Crawl / Grass-Gravel Grip
DEFENDER-ATPC-3133,10.9,63.5,5.4,438.6,Optimal Rock Crawl / Grass-Gravel Grip
DEFENDER-ATPC-3134,39.8,64.6,3.4,351.3,Optimal Rock Crawl / Grass-Gravel Grip
DEFENDER-ATPC-3135,36.0,71.9,4.9,323.3,Optimal Rock Crawl / Grass-Gravel Grip
DEFENDER-ATPC-3136,2.5,35.5,3.3,425.0,Optimal Rock Crawl / Grass-Gravel Grip
DEFENDER-ATPC-3137,23.3,81.2,5.8,449.0,Optimal Rock Crawl / Grass-Gravel Grip
DEFENDER-ATPC-3138,6.6,73.7,7.2,379.6,Optimal Rock Crawl / Grass-Gravel Grip
DEFENDER-ATPC-3139,21.0,29.4,2.8,205.2,Deep Sand / Mud Bog Ruts Active
DEFENDER-ATPC-3140,16.2,56.6,4.4,372.1,Optimal Rock Crawl / Grass-Gravel Grip
DEFENDER-ATPC-3141,35.6,89.3,5.4,185.6,Optimal Rock Crawl / Grass-Gravel Grip
DEFENDER-ATPC-3142,22.0,53.6,4.0,317.2,Optimal Rock Crawl / Grass-Gravel Grip
DEFENDER-ATPC-3143,35.0,91.7,5.9,381.9,Optimal Rock Crawl / Grass-Gravel Grip
DEFENDER-ATPC-3144,25.2,45.7,3.4,402.0,Optimal Rock Crawl / Grass-Gravel Grip
DEFENDER-ATPC-3145,12.1,94.1,8.0,398.6,Optimal Rock Crawl / Grass-Gravel Grip
DEFENDER-ATPC-3146,36.3,86.2,5.4,397.6,Optimal Rock Crawl / Grass-Gravel Grip
DEFENDER-ATPC-3147,10.0,23.4,3.1,261.6,Deep Sand / Mud Bog Ruts Active
DEFENDER-ATPC-3148,39.6,31.7,1.4,187.3,Deep Sand / Mud Bog Ruts Active
DEFENDER-ATPC-3149,5.4,91.2,8.3,416.7,Optimal Rock Crawl / Grass-Gravel Grip
DEFENDER-ATPC-3150,8.6,72.0,6.0,187.3,Optimal Rock Crawl / Grass-Gravel Grip
DEFENDER-ATPC-3151,2.4,18.8,3.3,179.9,Deep Sand / Mud Bog Ruts Active
DEFENDER-ATPC-3152,24.6,42.7,3.6,388.3,Optimal Rock Crawl / Grass-Gravel Grip
DEFENDER-ATPC-3153,22.3,53.5,4.0,232.2,Optimal Rock Crawl / Grass-Gravel Grip
DEFENDER-ATPC-3154,26.2,29.5,2.1,231.1,Deep Sand / Mud Bog Ruts Active
DEFENDER-ATPC-3155,29.8,20.7,1.0,238.2,Deep Sand / Mud Bog Ruts Active
DEFENDER-ATPC-3156,30.3,86.3,6.0,186.5,Optimal Rock Crawl / Grass-Gravel Grip
DEFENDER-ATPC-3157,29.5,23.5,2.1,299.4,Deep Sand / Mud Bog Ruts Active
DEFENDER-ATPC-3158,31.8,69.7,4.4,125.6,Optimal Rock Crawl / Grass-Gravel Grip
DEFENDER-ATPC-3159,2.1,42.6,4.4,283.6,Optimal Rock Crawl / Grass-Gravel Grip
DEFENDER-ATPC-3160,38.5,59.7,3.8,182.0,Optimal Rock Crawl / Grass-Gravel Grip
DEFENDER-ATPC-3161,25.8,94.6,6.7,378.5,Optimal Rock Crawl / Grass-Gravel Grip
DEFENDER-ATPC-3162,8.2,24.9,3.0,300.8,Deep Sand / Mud Bog Ruts Active
DEFENDER-ATPC-3163,41.2,34.7,1.3,197.0,Deep Sand / Mud Bog Ruts Active
DEFENDER-ATPC-3164,9.5,81.8,6.7,274.9,Optimal Rock Crawl / Grass-Gravel Grip
DEFENDER-ATPC-3165,7.2,43.9,4.6,378.2,Optimal Rock Crawl / Grass-Gravel Grip
DEFENDER-ATPC-3166,6.4,76.1,6.9,360.8,Optimal Rock Crawl / Grass-Gravel Grip
DEFENDER-ATPC-3167,29.5,51.1,3.3,353.5,Optimal Rock Crawl / Grass-Gravel Grip
DEFENDER-ATPC-3168,11.0,58.4,5.7,351.1,Optimal Rock Crawl / Grass-Gravel Grip
DEFENDER-ATPC-3169,6.7,65.4,6.6,201.1,Optimal Rock Crawl / Grass-Gravel Grip
DEFENDER-ATPC-3170,33.8,55.7,3.5,334.9,Optimal Rock Crawl / Grass-Gravel Grip
DEFENDER-ATPC-3171,7.0,89.2,7.4,431.5,Optimal Rock Crawl / Grass-Gravel Grip
DEFENDER-ATPC-3172,3.9,45.7,4.8,243.4,Optimal Rock Crawl / Grass-Gravel Grip
DEFENDER-ATPC-3173,8.1,89.5,7.4,380.6,Optimal Rock Crawl / Grass-Gravel Grip
DEFENDER-ATPC-3174,3.5,81.9,7.1,373.1,Optimal Rock Crawl / Grass-Gravel Grip
DEFENDER-ATPC-3175,20.8,15.5,1.9,278.6,Deep Sand / Mud Bog Ruts Active
DEFENDER-ATPC-3176,27.1,93.6,6.4,435.6,Optimal Rock Crawl / Grass-Gravel Grip
DEFENDER-ATPC-3177,33.3,56.0,3.7,382.1,Optimal Rock Crawl / Grass-Gravel Grip
DEFENDER-ATPC-3178,2.6,40.4,3.9,363.0,Optimal Rock Crawl / Grass-Gravel Grip
DEFENDER-ATPC-3179,32.1,72.0,4.7,186.3,Optimal Rock Crawl / Grass-Gravel Grip
DEFENDER-ATPC-3180,27.0,83.7,6.4,177.1,Optimal Rock Crawl / Grass-Gravel Grip
DEFENDER-ATPC-3181,38.5,25.2,1.1,413.3,Deep Sand / Mud Bog Ruts Active
DEFENDER-ATPC-3182,9.3,61.7,4.9,242.1,Optimal Rock Crawl / Grass-Gravel Grip
DEFENDER-ATPC-3183,25.6,30.4,2.1,340.7,Deep Sand / Mud Bog Ruts Active
DEFENDER-ATPC-3184,18.8,61.0,4.8,145.8,Optimal Rock Crawl / Grass-Gravel Grip
DEFENDER-ATPC-3185,38.7,39.5,1.8,382.3,Optimal Rock Crawl / Grass-Gravel Grip
DEFENDER-ATPC-3186,19.7,62.9,4.7,361.3,Optimal Rock Crawl / Grass-Gravel Grip
DEFENDER-ATPC-3187,33.5,37.1,2.3,317.2,Optimal Rock Crawl / Grass-Gravel Grip
DEFENDER-ATPC-3188,6.3,88.2,7.4,449.4,Optimal Rock Crawl / Grass-Gravel Grip
DEFENDER-ATPC-3189,32.6,48.6,3.4,293.2,Optimal Rock Crawl / Grass-Gravel Grip
DEFENDER-ATPC-3190,32.6,56.9,3.7,415.9,Optimal Rock Crawl / Grass-Gravel Grip
DEFENDER-ATPC-3191,6.0,80.2,6.8,258.7,Optimal Rock Crawl / Grass-Gravel Grip
DEFENDER-ATPC-3192,37.8,47.4,3.3,384.4,Optimal Rock Crawl / Grass-Gravel Grip
DEFENDER-ATPC-3193,13.1,92.2,7.5,375.0,Optimal Rock Crawl / Grass-Gravel Grip
DEFENDER-ATPC-3194,35.2,87.7,5.4,120.3,Optimal Rock Crawl / Grass-Gravel Grip
DEFENDER-ATPC-3195,18.8,38.5,3.3,290.0,Optimal Rock Crawl / Grass-Gravel Grip
DEFENDER-ATPC-3196,30.1,40.9,2.9,298.4,Optimal Rock Crawl / Grass-Gravel Grip
DEFENDER-ATPC-3197,36.8,56.3,3.5,369.4,Optimal Rock Crawl / Grass-Gravel Grip
DEFENDER-ATPC-3198,33.1,73.0,4.9,449.2,Optimal Rock Crawl / Grass-Gravel Grip
DEFENDER-ATPC-3199,23.9,21.0,1.7,127.0,Deep Sand / Mud Bog Ruts Active
DEFENDER-ATPC-3200,30.0,32.2,2.3,417.2,Deep Sand / Mud Bog Ruts Active
DEFENDER-ATPC-3201,11.0,57.8,5.6,265.2,Optimal Rock Crawl / Grass-Gravel Grip
DEFENDER-ATPC-3202,18.4,33.2,2.5,244.6,Deep Sand / Mud Bog Ruts Active
DEFENDER-ATPC-3203,35.9,37.5,2.6,385.2,Optimal Rock Crawl / Grass-Gravel Grip
DEFENDER-ATPC-3204,37.5,63.7,4.0,406.0,Optimal Rock Crawl / Grass-Gravel Grip
DEFENDER-ATPC-3205,25.2,20.9,1.5,250.8,Deep Sand / Mud Bog Ruts Active
DEFENDER-ATPC-3206,32.9,57.0,4.2,331.1,Optimal Rock Crawl / Grass-Gravel Grip
DEFENDER-ATPC-3207,11.0,38.2,3.6,250.8,Optimal Rock Crawl / Grass-Gravel Grip
DEFENDER-ATPC-3208,5.1,81.2,6.4,159.2,Optimal Rock Crawl / Grass-Gravel Grip
DEFENDER-ATPC-3209,15.7,47.0,3.9,337.5,Optimal Rock Crawl / Grass-Gravel Grip
DEFENDER-ATPC-3210,18.2,73.2,6.0,416.1,Optimal Rock Crawl / Grass-Gravel Grip
DEFENDER-ATPC-3211,32.3,18.4,1.0,471.3,Deep Sand / Mud Bog Ruts Active
DEFENDER-ATPC-3212,41.0,25.6,1.0,203.1,Deep Sand / Mud Bog Ruts Active
DEFENDER-ATPC-3213,19.1,83.3,6.4,186.7,Optimal Rock Crawl / Grass-Gravel Grip
DEFENDER-ATPC-3214,23.3,37.8,2.8,347.2,Optimal Rock Crawl / Grass-Gravel Grip
DEFENDER-ATPC-3215,16.8,18.9,2.0,280.0,Deep Sand / Mud Bog Ruts Active
DEFENDER-ATPC-3216,20.7,78.7,5.9,432.9,Optimal Rock Crawl / Grass-Gravel Grip
DEFENDER-ATPC-3217,38.5,29.8,1.9,356.6,Deep Sand / Mud Bog Ruts Active
DEFENDER-ATPC-3218,3.8,71.7,6.6,150.4,Optimal Rock Crawl / Grass-Gravel Grip
DEFENDER-ATPC-3219,19.4,63.0,4.6,187.7,Optimal Rock Crawl / Grass-Gravel Grip
DEFENDER-ATPC-3220,23.8,25.2,1.7,233.3,Deep Sand / Mud Bog Ruts Active
DEFENDER-ATPC-3221,27.0,66.2,4.5,205.8,Optimal Rock Crawl / Grass-Gravel Grip
DEFENDER-ATPC-3222,40.7,76.4,4.5,292.7,Optimal Rock Crawl / Grass-Gravel Grip
DEFENDER-ATPC-3223,10.3,18.5,2.5,260.0,Deep Sand / Mud Bog Ruts Active
DEFENDER-ATPC-3224,19.7,75.5,5.6,362.5,Optimal Rock Crawl / Grass-Gravel Grip
DEFENDER-ATPC-3225,18.9,52.9,4.2,424.5,Optimal Rock Crawl / Grass-Gravel Grip
DEFENDER-ATPC-3226,14.4,35.8,3.3,306.6,Optimal Rock Crawl / Grass-Gravel Grip
DEFENDER-ATPC-3227,24.9,87.6,6.4,264.1,Optimal Rock Crawl / Grass-Gravel Grip
DEFENDER-ATPC-3228,38.3,53.3,3.2,141.7,Optimal Rock Crawl / Grass-Gravel Grip
DEFENDER-ATPC-3229,26.2,46.9,3.4,320.9,Optimal Rock Crawl / Grass-Gravel Grip
DEFENDER-ATPC-3230,39.5,56.4,3.2,129.7,Optimal Rock Crawl / Grass-Gravel Grip
DEFENDER-ATPC-3231,36.0,73.5,4.8,193.9,Optimal Rock Crawl / Grass-Gravel Grip
DEFENDER-ATPC-3232,31.1,76.1,5.4,417.7,Optimal Rock Crawl / Grass-Gravel Grip
DEFENDER-ATPC-3233,24.4,91.6,6.7,452.3,Optimal Rock Crawl / Grass-Gravel Grip
DEFENDER-ATPC-3234,20.0,67.3,5.1,222.8,Optimal Rock Crawl / Grass-Gravel Grip
DEFENDER-ATPC-3235,8.3,48.0,4.4,198.5,Optimal Rock Crawl / Grass-Gravel Grip
DEFENDER-ATPC-3236,15.2,84.5,6.9,426.2,Optimal Rock Crawl / Grass-Gravel Grip
DEFENDER-ATPC-3237,38.2,61.6,3.7,183.6,Optimal Rock Crawl / Grass-Gravel Grip
DEFENDER-ATPC-3238,12.2,78.8,6.1,440.8,Optimal Rock Crawl / Grass-Gravel Grip
DEFENDER-ATPC-3239,23.3,16.4,1.4,186.0,Deep Sand / Mud Bog Ruts Active
DEFENDER-ATPC-3240,24.7,64.8,4.2,229.4,Optimal Rock Crawl / Grass-Gravel Grip
DEFENDER-ATPC-3241,17.2,16.7,2.2,204.9,Deep Sand / Mud Bog Ruts Active
DEFENDER-ATPC-3242,19.5,85.5,7.0,479.0,Optimal Rock Crawl / Grass-Gravel Grip
DEFENDER-ATPC-3243,7.9,54.9,5.0,242.8,Optimal Rock Crawl / Grass-Gravel Grip
DEFENDER-ATPC-3244,19.7,73.4,5.4,383.7,Optimal Rock Crawl / Grass-Gravel Grip
DEFENDER-ATPC-3245,4.1,62.0,5.5,135.1,Optimal Rock Crawl / Grass-Gravel Grip
DEFENDER-ATPC-3246,37.8,63.4,3.3,134.8,Optimal Rock Crawl / Grass-Gravel Grip
DEFENDER-ATPC-3247,35.4,35.0,2.3,271.1,Optimal Rock Crawl / Grass-Gravel Grip
DEFENDER-ATPC-3248,27.0,21.1,1.3,224.6,Deep Sand / Mud Bog Ruts Active
DEFENDER-ATPC-3249,22.1,86.1,6.5,475.8,Optimal Rock Crawl / Grass-Gravel Grip
DEFENDER-ATPC-3250,27.8,79.1,5.6,224.0,Optimal Rock Crawl / Grass-Gravel Grip
DEFENDER-ATPC-3251,38.7,62.7,3.6,292.0,Optimal Rock Crawl / Grass-Gravel Grip
DEFENDER-ATPC-3252,3.8,30.2,3.7,426.8,Deep Sand / Mud Bog Ruts Active
DEFENDER-ATPC-3253,20.9,66.1,5.1,445.7,Optimal Rock Crawl / Grass-Gravel Grip
DEFENDER-ATPC-3254,15.9,60.9,4.8,134.1,Optimal Rock Crawl / Grass-Gravel Grip
DEFENDER-ATPC-3255,38.1,89.5,5.2,161.3,Optimal Rock Crawl / Grass-Gravel Grip
DEFENDER-ATPC-3256,9.6,47.7,4.3,144.9,Optimal Rock Crawl / Grass-Gravel Grip
DEFENDER-ATPC-3257,38.0,33.9,1.9,239.4,Deep Sand / Mud Bog Ruts Active
DEFENDER-ATPC-3258,2.5,79.6,7.4,313.4,Optimal Rock Crawl / Grass-Gravel Grip
DEFENDER-ATPC-3259,34.7,68.5,4.5,207.0,Optimal Rock Crawl / Grass-Gravel Grip
DEFENDER-ATPC-3260,37.2,35.3,1.7,467.3,Optimal Rock Crawl / Grass-Gravel Grip
DEFENDER-ATPC-3261,11.4,61.8,5.5,311.5,Optimal Rock Crawl / Grass-Gravel Grip
DEFENDER-ATPC-3262,6.1,20.4,2.6,478.1,Deep Sand / Mud Bog Ruts Active
DEFENDER-ATPC-3263,37.4,82.9,5.4,291.5,Optimal Rock Crawl / Grass-Gravel Grip
DEFENDER-ATPC-3264,26.1,71.4,4.9,294.3,Optimal Rock Crawl / Grass-Gravel Grip
DEFENDER-ATPC-3265,31.3,78.6,4.8,223.4,Optimal Rock Crawl / Grass-Gravel Grip
DEFENDER-ATPC-3266,41.9,15.3,1.0,185.6,Deep Sand / Mud Bog Ruts Active
DEFENDER-ATPC-3267,27.4,78.7,5.6,251.3,Optimal Rock Crawl / Grass-Gravel Grip
DEFENDER-ATPC-3268,36.4,45.8,2.7,410.0,Optimal Rock Crawl / Grass-Gravel Grip
DEFENDER-ATPC-3269,27.4,48.9,3.8,162.4,Optimal Rock Crawl / Grass-Gravel Grip
DEFENDER-ATPC-3270,15.5,82.7,6.6,475.2,Optimal Rock Crawl / Grass-Gravel Grip
DEFENDER-ATPC-3271,34.5,86.7,5.5,242.2,Optimal Rock Crawl / Grass-Gravel Grip
DEFENDER-ATPC-3272,3.6,66.7,6.1,185.9,Optimal Rock Crawl / Grass-Gravel Grip
DEFENDER-ATPC-3273,12.6,58.2,4.5,131.0,Optimal Rock Crawl / Grass-Gravel Grip
DEFENDER-ATPC-3274,35.6,94.1,6.4,381.3,Optimal Rock Crawl / Grass-Gravel Grip
DEFENDER-ATPC-3275,30.8,16.5,1.0,333.0,Deep Sand / Mud Bog Ruts Active
DEFENDER-ATPC-3276,32.4,54.6,3.5,145.0,Optimal Rock Crawl / Grass-Gravel Grip
DEFENDER-ATPC-3277,27.2,69.8,5.6,335.9,Optimal Rock Crawl / Grass-Gravel Grip
DEFENDER-ATPC-3278,39.7,51.2,3.2,310.7,Optimal Rock Crawl / Grass-Gravel Grip
DEFENDER-ATPC-3279,31.6,31.7,2.6,422.9,Deep Sand / Mud Bog Ruts Active
DEFENDER-ATPC-3280,23.9,30.3,2.0,477.3,Deep Sand / Mud Bog Ruts Active
DEFENDER-ATPC-3281,34.1,93.9,5.7,123.7,Optimal Rock Crawl / Grass-Gravel Grip
DEFENDER-ATPC-3282,4.1,37.4,3.9,209.6,Optimal Rock Crawl / Grass-Gravel Grip
DEFENDER-ATPC-3283,31.6,47.8,3.3,317.9,Optimal Rock Crawl / Grass-Gravel Grip
DEFENDER-ATPC-3284,19.5,15.8,1.6,267.7,Deep Sand / Mud Bog Ruts Active
DEFENDER-ATPC-3285,4.6,30.2,3.5,236.3,Deep Sand / Mud Bog Ruts Active
DEFENDER-ATPC-3286,6.1,73.8,6.5,293.1,Optimal Rock Crawl / Grass-Gravel Grip
DEFENDER-ATPC-3287,33.7,31.8,1.6,321.4,Deep Sand / Mud Bog Ruts Active
DEFENDER-ATPC-3288,23.6,16.6,1.5,450.9,Deep Sand / Mud Bog Ruts Active
DEFENDER-ATPC-3289,38.4,26.1,1.5,422.6,Deep Sand / Mud Bog Ruts Active
DEFENDER-ATPC-3290,3.9,21.6,2.8,322.3,Deep Sand / Mud Bog Ruts Active
DEFENDER-ATPC-3291,20.3,75.0,5.8,464.6,Optimal Rock Crawl / Grass-Gravel Grip
DEFENDER-ATPC-3292,9.0,37.8,4.0,164.6,Optimal Rock Crawl / Grass-Gravel Grip
DEFENDER-ATPC-3293,33.5,18.9,1.2,330.5,Deep Sand / Mud Bog Ruts Active
DEFENDER-ATPC-3294,17.5,76.4,6.1,332.4,Optimal Rock Crawl / Grass-Gravel Grip
DEFENDER-ATPC-3295,41.9,28.9,1.0,272.7,Deep Sand / Mud Bog Ruts Active
DEFENDER-ATPC-3296,9.6,35.1,3.6,144.9,Optimal Rock Crawl / Grass-Gravel Grip
DEFENDER-ATPC-3297,7.7,93.2,8.0,420.1,Optimal Rock Crawl / Grass-Gravel Grip
DEFENDER-ATPC-3298,19.3,61.1,4.8,209.4,Optimal Rock Crawl / Grass-Gravel Grip
DEFENDER-ATPC-3299,28.2,94.5,6.9,136.3,Optimal Rock Crawl / Grass-Gravel Grip
DEFENDER-ATPC-3300,11.7,71.9,6.3,372.2,Optimal Rock Crawl / Grass-Gravel Grip
DEFENDER-ATPC-3301,21.0,26.5,2.0,352.4,Deep Sand / Mud Bog Ruts Active
DEFENDER-ATPC-3302,31.1,51.1,3.0,121.5,Optimal Rock Crawl / Grass-Gravel Grip
DEFENDER-ATPC-3303,40.7,15.7,1.0,434.6,Deep Sand / Mud Bog Ruts Active
DEFENDER-ATPC-3304,5.5,37.1,3.6,449.1,Optimal Rock Crawl / Grass-Gravel Grip
DEFENDER-ATPC-3305,4.3,32.4,4.5,241.9,Deep Sand / Mud Bog Ruts Active
DEFENDER-ATPC-3306,26.3,63.0,4.9,454.1,Optimal Rock Crawl / Grass-Gravel Grip
DEFENDER-ATPC-3307,12.9,92.7,7.2,246.0,Optimal Rock Crawl / Grass-Gravel Grip
DEFENDER-ATPC-3308,19.9,43.7,3.5,477.4,Optimal Rock Crawl / Grass-Gravel Grip
DEFENDER-ATPC-3309,17.8,61.9,5.3,253.1,Optimal Rock Crawl / Grass-Gravel Grip
DEFENDER-ATPC-3310,37.3,88.5,5.6,373.5,Optimal Rock Crawl / Grass-Gravel Grip
DEFENDER-ATPC-3311,37.7,19.9,1.0,187.4,Deep Sand / Mud Bog Ruts Active
DEFENDER-ATPC-3312,3.7,42.5,4.2,352.1,Optimal Rock Crawl / Grass-Gravel Grip
DEFENDER-ATPC-3313,4.5,23.8,2.7,166.0,Deep Sand / Mud Bog Ruts Active
DEFENDER-ATPC-3314,17.8,90.6,7.1,196.6,Optimal Rock Crawl / Grass-Gravel Grip
DEFENDER-ATPC-3315,34.5,93.5,6.0,226.9,Optimal Rock Crawl / Grass-Gravel Grip
DEFENDER-ATPC-3316,2.5,21.9,3.4,325.7,Deep Sand / Mud Bog Ruts Active
DEFENDER-ATPC-3317,20.1,49.9,3.9,319.1,Optimal Rock Crawl / Grass-Gravel Grip
DEFENDER-ATPC-3318,8.4,45.9,5.0,127.6,Optimal Rock Crawl / Grass-Gravel Grip
DEFENDER-ATPC-3319,32.3,46.6,2.9,479.7,Optimal Rock Crawl / Grass-Gravel Grip
DEFENDER-ATPC-3320,41.4,83.3,5.6,460.3,Optimal Rock Crawl / Grass-Gravel Grip
DEFENDER-ATPC-3321,11.7,35.2,3.5,253.8,Optimal Rock Crawl / Grass-Gravel Grip
DEFENDER-ATPC-3322,32.3,55.7,3.9,474.5,Optimal Rock Crawl / Grass-Gravel Grip
DEFENDER-ATPC-3323,29.5,42.3,3.7,305.8,Optimal Rock Crawl / Grass-Gravel Grip
DEFENDER-ATPC-3324,41.9,20.0,1.4,185.7,Deep Sand / Mud Bog Ruts Active
DEFENDER-ATPC-3325,33.0,90.3,6.4,187.6,Optimal Rock Crawl / Grass-Gravel Grip
DEFENDER-ATPC-3326,39.9,59.2,4.0,269.2,Optimal Rock Crawl / Grass-Gravel Grip
DEFENDER-ATPC-3327,27.8,82.8,5.6,426.4,Optimal Rock Crawl / Grass-Gravel Grip
DEFENDER-ATPC-3328,29.3,28.9,2.2,306.4,Deep Sand / Mud Bog Ruts Active
DEFENDER-ATPC-3329,34.5,79.1,4.5,369.0,Optimal Rock Crawl / Grass-Gravel Grip
DEFENDER-ATPC-3330,4.7,68.1,5.9,322.4,Optimal Rock Crawl / Grass-Gravel Grip
DEFENDER-ATPC-3331,14.9,63.6,5.3,174.5,Optimal Rock Crawl / Grass-Gravel Grip
DEFENDER-ATPC-3332,26.2,49.2,3.3,401.7,Optimal Rock Crawl / Grass-Gravel Grip
DEFENDER-ATPC-3333,38.8,31.4,2.0,212.7,Deep Sand / Mud Bog Ruts Active
DEFENDER-ATPC-3334,32.2,20.2,1.0,432.6,Deep Sand / Mud Bog Ruts Active
DEFENDER-ATPC-3335,38.2,70.5,4.9,340.9,Optimal Rock Crawl / Grass-Gravel Grip
DEFENDER-ATPC-3336,35.9,44.1,3.1,314.8,Optimal Rock Crawl / Grass-Gravel Grip
DEFENDER-ATPC-3337,36.9,37.0,2.6,392.2,Optimal Rock Crawl / Grass-Gravel Grip
DEFENDER-ATPC-3338,2.2,47.1,4.7,275.0,Optimal Rock Crawl / Grass-Gravel Grip
DEFENDER-ATPC-3339,9.0,44.3,4.5,359.9,Optimal Rock Crawl / Grass-Gravel Grip
DEFENDER-ATPC-3340,33.6,53.8,3.5,257.2,Optimal Rock Crawl / Grass-Gravel Grip
DEFENDER-ATPC-3341,7.5,34.5,3.6,309.7,Deep Sand / Mud Bog Ruts Active
DEFENDER-ATPC-3342,36.7,71.8,4.6,446.4,Optimal Rock Crawl / Grass-Gravel Grip
DEFENDER-ATPC-3343,22.9,73.4,5.1,454.0,Optimal Rock Crawl / Grass-Gravel Grip
DEFENDER-ATPC-3344,37.0,61.0,3.8,433.0,Optimal Rock Crawl / Grass-Gravel Grip
DEFENDER-ATPC-3345,40.7,48.9,2.8,239.2,Optimal Rock Crawl / Grass-Gravel Grip
DEFENDER-ATPC-3346,11.8,32.3,3.6,396.4,Deep Sand / Mud Bog Ruts Active
DEFENDER-ATPC-3347,12.4,37.9,3.8,267.9,Optimal Rock Crawl / Grass-Gravel Grip
DEFENDER-ATPC-3348,23.9,62.1,4.6,263.6,Optimal Rock Crawl / Grass-Gravel Grip
DEFENDER-ATPC-3349,5.9,21.0,2.7,296.0,Deep Sand / Mud Bog Ruts Active
DEFENDER-ATPC-3350,29.0,73.3,5.4,210.5,Optimal Rock Crawl / Grass-Gravel Grip
DEFENDER-ATPC-3351,16.5,50.3,3.9,418.4,Optimal Rock Crawl / Grass-Gravel Grip
DEFENDER-ATPC-3352,28.2,56.7,4.2,138.9,Optimal Rock Crawl / Grass-Gravel Grip
DEFENDER-ATPC-3353,21.7,80.1,5.9,386.7,Optimal Rock Crawl / Grass-Gravel Grip
DEFENDER-ATPC-3354,3.7,78.3,6.7,199.1,Optimal Rock Crawl / Grass-Gravel Grip
DEFENDER-ATPC-3355,24.5,22.9,1.7,447.9,Deep Sand / Mud Bog Ruts Active
DEFENDER-ATPC-3356,15.1,52.1,3.8,301.4,Optimal Rock Crawl / Grass-Gravel Grip
DEFENDER-ATPC-3357,26.6,52.6,3.7,472.5,Optimal Rock Crawl / Grass-Gravel Grip
DEFENDER-ATPC-3358,2.5,81.4,6.4,229.3,Optimal Rock Crawl / Grass-Gravel Grip
DEFENDER-ATPC-3359,19.9,66.5,5.1,413.4,Optimal Rock Crawl / Grass-Gravel Grip
DEFENDER-ATPC-3360,16.6,72.0,5.9,404.4,Optimal Rock Crawl / Grass-Gravel Grip
DEFENDER-ATPC-3361,19.5,58.3,4.8,339.6,Optimal Rock Crawl / Grass-Gravel Grip
DEFENDER-ATPC-3362,41.0,82.4,5.1,310.4,Optimal Rock Crawl / Grass-Gravel Grip
DEFENDER-ATPC-3363,36.8,24.4,1.4,300.9,Deep Sand / Mud Bog Ruts Active
DEFENDER-ATPC-3364,41.4,66.0,4.2,159.3,Optimal Rock Crawl / Grass-Gravel Grip
DEFENDER-ATPC-3365,22.3,73.4,5.2,339.1,Optimal Rock Crawl / Grass-Gravel Grip
DEFENDER-ATPC-3366,16.2,86.9,6.8,275.0,Optimal Rock Crawl / Grass-Gravel Grip
DEFENDER-ATPC-3367,26.8,26.9,1.8,224.7,Deep Sand / Mud Bog Ruts Active
DEFENDER-ATPC-3368,11.9,53.8,4.5,420.4,Optimal Rock Crawl / Grass-Gravel Grip
DEFENDER-ATPC-3369,24.3,62.8,5.1,355.8,Optimal Rock Crawl / Grass-Gravel Grip
DEFENDER-ATPC-3370,37.2,35.0,1.9,430.0,Optimal Rock Crawl / Grass-Gravel Grip
DEFENDER-ATPC-3371,14.4,18.4,2.4,437.4,Deep Sand / Mud Bog Ruts Active
DEFENDER-ATPC-3372,18.9,34.0,3.4,124.2,Deep Sand / Mud Bog Ruts Active
DEFENDER-ATPC-3373,12.1,33.7,3.4,282.5,Deep Sand / Mud Bog Ruts Active
DEFENDER-ATPC-3374,8.7,57.8,5.3,336.3,Optimal Rock Crawl / Grass-Gravel Grip
DEFENDER-ATPC-3375,40.3,31.5,1.4,321.4,Deep Sand / Mud Bog Ruts Active
DEFENDER-ATPC-3376,4.6,55.7,5.2,133.8,Optimal Rock Crawl / Grass-Gravel Grip
DEFENDER-ATPC-3377,38.8,87.0,5.4,168.4,Optimal Rock Crawl / Grass-Gravel Grip
DEFENDER-ATPC-3378,13.5,83.9,7.0,184.5,Optimal Rock Crawl / Grass-Gravel Grip
DEFENDER-ATPC-3379,23.0,51.7,3.5,191.0,Optimal Rock Crawl / Grass-Gravel Grip
DEFENDER-ATPC-3380,23.1,58.9,4.9,140.7,Optimal Rock Crawl / Grass-Gravel Grip
DEFENDER-ATPC-3381,41.0,27.2,1.0,204.4,Deep Sand / Mud Bog Ruts Active
DEFENDER-ATPC-3382,36.7,74.0,5.1,215.8,Optimal Rock Crawl / Grass-Gravel Grip
DEFENDER-ATPC-3383,14.8,88.6,6.9,277.9,Optimal Rock Crawl / Grass-Gravel Grip
DEFENDER-ATPC-3384,13.0,44.0,4.4,422.2,Optimal Rock Crawl / Grass-Gravel Grip
DEFENDER-ATPC-3385,21.3,75.7,6.6,304.2,Optimal Rock Crawl / Grass-Gravel Grip
DEFENDER-ATPC-3386,4.5,67.9,5.7,291.4,Optimal Rock Crawl / Grass-Gravel Grip
DEFENDER-ATPC-3387,10.0,25.3,3.1,393.2,Deep Sand / Mud Bog Ruts Active
DEFENDER-ATPC-3388,22.5,52.3,4.1,210.3,Optimal Rock Crawl / Grass-Gravel Grip
DEFENDER-ATPC-3389,37.1,88.9,5.5,358.5,Optimal Rock Crawl / Grass-Gravel Grip
DEFENDER-ATPC-3390,14.1,18.7,2.3,278.8,Deep Sand / Mud Bog Ruts Active
DEFENDER-ATPC-3391,25.9,49.6,4.3,214.9,Optimal Rock Crawl / Grass-Gravel Grip
DEFENDER-ATPC-3392,25.7,92.1,6.5,443.1,Optimal Rock Crawl / Grass-Gravel Grip
DEFENDER-ATPC-3393,8.3,80.2,7.2,239.9,Optimal Rock Crawl / Grass-Gravel Grip
DEFENDER-ATPC-3394,8.3,36.6,3.1,301.3,Optimal Rock Crawl / Grass-Gravel Grip
DEFENDER-ATPC-3395,24.0,94.8,6.9,476.5,Optimal Rock Crawl / Grass-Gravel Grip
DEFENDER-ATPC-3396,40.9,51.0,2.7,232.3,Optimal Rock Crawl / Grass-Gravel Grip
DEFENDER-ATPC-3397,39.9,57.2,2.9,460.0,Optimal Rock Crawl / Grass-Gravel Grip
DEFENDER-ATPC-3398,2.2,40.5,4.7,302.1,Optimal Rock Crawl / Grass-Gravel Grip
DEFENDER-ATPC-3399,27.5,67.8,4.5,464.1,Optimal Rock Crawl / Grass-Gravel Grip
DEFENDER-ATPC-3400,14.1,66.5,5.1,283.2,Optimal Rock Crawl / Grass-Gravel Grip
DEFENDER-ATPC-3401,31.2,25.5,1.7,248.9,Deep Sand / Mud Bog Ruts Active
DEFENDER-ATPC-3402,28.3,89.5,6.4,140.7,Optimal Rock Crawl / Grass-Gravel Grip
DEFENDER-ATPC-3403,18.1,79.6,5.3,153.4,Optimal Rock Crawl / Grass-Gravel Grip
DEFENDER-ATPC-3404,8.2,83.6,7.1,223.2,Optimal Rock Crawl / Grass-Gravel Grip
DEFENDER-ATPC-3405,29.8,51.1,2.7,442.9,Optimal Rock Crawl / Grass-Gravel Grip
DEFENDER-ATPC-3406,26.9,23.5,1.4,312.7,Deep Sand / Mud Bog Ruts Active
DEFENDER-ATPC-3407,32.9,72.9,5.3,283.8,Optimal Rock Crawl / Grass-Gravel Grip
DEFENDER-ATPC-3408,26.9,90.7,6.3,169.2,Optimal Rock Crawl / Grass-Gravel Grip
DEFENDER-ATPC-3409,25.5,39.9,2.9,201.0,Optimal Rock Crawl / Grass-Gravel Grip
DEFENDER-ATPC-3410,14.2,45.3,4.1,128.8,Optimal Rock Crawl / Grass-Gravel Grip
DEFENDER-ATPC-3411,21.5,28.1,2.4,427.4,Deep Sand / Mud Bog Ruts Active
DEFENDER-ATPC-3412,39.3,16.3,1.0,418.5,Deep Sand / Mud Bog Ruts Active
DEFENDER-ATPC-3413,23.8,20.9,1.8,347.8,Deep Sand / Mud Bog Ruts Active
DEFENDER-ATPC-3414,27.4,67.7,5.0,258.1,Optimal Rock Crawl / Grass-Gravel Grip
DEFENDER-ATPC-3415,11.9,88.8,6.6,394.6,Optimal Rock Crawl / Grass-Gravel Grip
DEFENDER-ATPC-3416,11.4,78.7,6.4,290.6,Optimal Rock Crawl / Grass-Gravel Grip
DEFENDER-ATPC-3417,21.6,76.0,5.8,276.9,Optimal Rock Crawl / Grass-Gravel Grip
DEFENDER-ATPC-3418,27.9,32.6,2.2,399.3,Deep Sand / Mud Bog Ruts Active
DEFENDER-ATPC-3419,14.9,81.6,7.1,145.9,Optimal Rock Crawl / Grass-Gravel Grip
DEFENDER-ATPC-3420,30.7,52.1,3.1,218.9,Optimal Rock Crawl / Grass-Gravel Grip
DEFENDER-ATPC-3421,7.9,46.1,5.2,347.8,Optimal Rock Crawl / Grass-Gravel Grip
DEFENDER-ATPC-3422,23.8,87.7,6.6,226.2,Optimal Rock Crawl / Grass-Gravel Grip
DEFENDER-ATPC-3423,22.5,64.5,5.1,286.4,Optimal Rock Crawl / Grass-Gravel Grip
DEFENDER-ATPC-3424,38.3,62.5,4.2,421.7,Optimal Rock Crawl / Grass-Gravel Grip
DEFENDER-ATPC-3425,19.7,32.4,2.5,173.6,Deep Sand / Mud Bog Ruts Active
DEFENDER-ATPC-3426,36.8,60.2,3.4,439.5,Optimal Rock Crawl / Grass-Gravel Grip
DEFENDER-ATPC-3427,34.3,36.4,2.5,477.9,Optimal Rock Crawl / Grass-Gravel Grip
DEFENDER-ATPC-3428,35.7,69.8,4.2,446.7,Optimal Rock Crawl / Grass-Gravel Grip
DEFENDER-ATPC-3429,12.8,25.7,3.0,169.7,Deep Sand / Mud Bog Ruts Active
DEFENDER-ATPC-3430,17.5,37.4,3.5,401.2,Optimal Rock Crawl / Grass-Gravel Grip
DEFENDER-ATPC-3431,13.3,64.3,5.1,207.7,Optimal Rock Crawl / Grass-Gravel Grip
DEFENDER-ATPC-3432,37.8,39.9,2.2,446.3,Optimal Rock Crawl / Grass-Gravel Grip
DEFENDER-ATPC-3433,39.4,25.7,1.0,133.8,Deep Sand / Mud Bog Ruts Active
DEFENDER-ATPC-3434,37.5,34.9,1.9,457.4,Deep Sand / Mud Bog Ruts Active
DEFENDER-ATPC-3435,29.6,65.6,4.8,321.9,Optimal Rock Crawl / Grass-Gravel Grip
DEFENDER-ATPC-3436,19.8,49.1,4.4,420.5,Optimal Rock Crawl / Grass-Gravel Grip
DEFENDER-ATPC-3437,28.8,37.1,2.7,325.6,Optimal Rock Crawl / Grass-Gravel Grip
DEFENDER-ATPC-3438,22.3,74.0,5.7,298.3,Optimal Rock Crawl / Grass-Gravel Grip
DEFENDER-ATPC-3439,26.6,27.4,2.0,361.5,Deep Sand / Mud Bog Ruts Active
DEFENDER-ATPC-3440,34.6,69.9,4.1,295.5,Optimal Rock Crawl / Grass-Gravel Grip
DEFENDER-ATPC-3441,33.7,81.8,4.7,396.2,Optimal Rock Crawl / Grass-Gravel Grip
DEFENDER-ATPC-3442,32.5,56.8,3.7,198.7,Optimal Rock Crawl / Grass-Gravel Grip
DEFENDER-ATPC-3443,22.7,93.2,6.9,242.9,Optimal Rock Crawl / Grass-Gravel Grip
DEFENDER-ATPC-3444,32.7,60.7,4.5,309.0,Optimal Rock Crawl / Grass-Gravel Grip
DEFENDER-ATPC-3445,10.8,73.3,6.2,367.2,Optimal Rock Crawl / Grass-Gravel Grip
DEFENDER-ATPC-3446,9.2,42.4,4.0,394.1,Optimal Rock Crawl / Grass-Gravel Grip
DEFENDER-ATPC-3447,7.7,19.1,2.5,396.5,Deep Sand / Mud Bog Ruts Active
DEFENDER-ATPC-3448,10.9,53.4,4.5,395.3,Optimal Rock Crawl / Grass-Gravel Grip
DEFENDER-ATPC-3449,38.7,50.1,3.2,201.4,Optimal Rock Crawl / Grass-Gravel Grip
DEFENDER-ATPC-3450,34.7,45.0,2.5,312.4,Optimal Rock Crawl / Grass-Gravel Grip
DEFENDER-ATPC-3451,36.2,21.5,1.4,331.0,Deep Sand / Mud Bog Ruts Active
DEFENDER-ATPC-3452,11.1,22.4,2.6,444.3,Deep Sand / Mud Bog Ruts Active
DEFENDER-ATPC-3453,15.5,59.9,4.7,370.8,Optimal Rock Crawl / Grass-Gravel Grip
DEFENDER-ATPC-3454,28.2,89.9,6.1,130.1,Optimal Rock Crawl / Grass-Gravel Grip
DEFENDER-ATPC-3455,25.7,17.7,1.4,309.1,Deep Sand / Mud Bog Ruts Active
DEFENDER-ATPC-3456,21.4,19.0,2.0,271.6,Deep Sand / Mud Bog Ruts Active
DEFENDER-ATPC-3457,21.5,80.5,6.1,296.8,Optimal Rock Crawl / Grass-Gravel Grip
DEFENDER-ATPC-3458,2.6,51.3,5.1,380.6,Optimal Rock Crawl / Grass-Gravel Grip
DEFENDER-ATPC-3459,8.6,44.3,4.4,126.4,Optimal Rock Crawl / Grass-Gravel Grip
DEFENDER-ATPC-3460,18.2,34.3,2.8,190.2,Deep Sand / Mud Bog Ruts Active
DEFENDER-ATPC-3461,22.4,84.1,5.9,176.3,Optimal Rock Crawl / Grass-Gravel Grip
DEFENDER-ATPC-3462,11.1,42.5,3.7,456.7,Optimal Rock Crawl / Grass-Gravel Grip
DEFENDER-ATPC-3463,14.2,89.8,6.9,461.7,Optimal Rock Crawl / Grass-Gravel Grip
DEFENDER-ATPC-3464,16.2,70.0,5.4,293.8,Optimal Rock Crawl / Grass-Gravel Grip
DEFENDER-ATPC-3465,25.7,77.6,6.0,195.6,Optimal Rock Crawl / Grass-Gravel Grip
DEFENDER-ATPC-3466,41.9,21.3,1.0,144.5,Deep Sand / Mud Bog Ruts Active
DEFENDER-ATPC-3467,8.2,63.5,6.0,371.6,Optimal Rock Crawl / Grass-Gravel Grip
DEFENDER-ATPC-3468,10.3,89.7,8.2,349.5,Optimal Rock Crawl / Grass-Gravel Grip
DEFENDER-ATPC-3469,7.4,64.6,5.9,396.5,Optimal Rock Crawl / Grass-Gravel Grip
DEFENDER-ATPC-3470,31.4,17.9,1.5,379.2,Deep Sand / Mud Bog Ruts Active
DEFENDER-ATPC-3471,6.4,30.4,3.3,199.5,Deep Sand / Mud Bog Ruts Active
DEFENDER-ATPC-3472,24.1,46.4,3.2,277.1,Optimal Rock Crawl / Grass-Gravel Grip
DEFENDER-ATPC-3473,20.7,55.0,4.5,419.9,Optimal Rock Crawl / Grass-Gravel Grip
DEFENDER-ATPC-3474,14.1,44.3,4.0,345.0,Optimal Rock Crawl / Grass-Gravel Grip
DEFENDER-ATPC-3475,7.4,91.7,7.6,249.0,Optimal Rock Crawl / Grass-Gravel Grip
DEFENDER-ATPC-3476,28.4,29.8,1.8,474.2,Deep Sand / Mud Bog Ruts Active
DEFENDER-ATPC-3477,8.6,47.2,4.2,404.0,Optimal Rock Crawl / Grass-Gravel Grip
DEFENDER-ATPC-3478,14.4,80.2,6.0,126.1,Optimal Rock Crawl / Grass-Gravel Grip
DEFENDER-ATPC-3479,28.3,58.3,4.0,219.5,Optimal Rock Crawl / Grass-Gravel Grip
DEFENDER-ATPC-3480,24.5,43.2,3.4,256.5,Optimal Rock Crawl / Grass-Gravel Grip
DEFENDER-ATPC-3481,26.5,52.8,3.9,184.3,Optimal Rock Crawl / Grass-Gravel Grip
DEFENDER-ATPC-3482,33.3,49.6,3.2,234.8,Optimal Rock Crawl / Grass-Gravel Grip
DEFENDER-ATPC-3483,2.9,51.5,5.0,332.7,Optimal Rock Crawl / Grass-Gravel Grip
DEFENDER-ATPC-3484,37.7,66.8,4.1,314.6,Optimal Rock Crawl / Grass-Gravel Grip
DEFENDER-ATPC-3485,31.4,86.2,5.9,203.0,Optimal Rock Crawl / Grass-Gravel Grip
DEFENDER-ATPC-3486,10.5,69.5,6.1,228.3,Optimal Rock Crawl / Grass-Gravel Grip
DEFENDER-ATPC-3487,4.4,63.0,5.6,141.1,Optimal Rock Crawl / Grass-Gravel Grip
DEFENDER-ATPC-3488,41.9,53.4,2.7,126.9,Optimal Rock Crawl / Grass-Gravel Grip
DEFENDER-ATPC-3489,25.6,73.4,5.6,206.6,Optimal Rock Crawl / Grass-Gravel Grip
DEFENDER-ATPC-3490,16.6,92.4,7.5,219.9,Optimal Rock Crawl / Grass-Gravel Grip
DEFENDER-ATPC-3491,15.1,78.1,6.3,130.7,Optimal Rock Crawl / Grass-Gravel Grip
DEFENDER-ATPC-3492,16.4,63.7,5.2,310.0,Optimal Rock Crawl / Grass-Gravel Grip
DEFENDER-ATPC-3493,34.1,89.5,5.4,282.4,Optimal Rock Crawl / Grass-Gravel Grip
DEFENDER-ATPC-3494,32.5,71.0,4.9,474.8,Optimal Rock Crawl / Grass-Gravel Grip
DEFENDER-ATPC-3495,13.9,87.5,6.8,466.6,Optimal Rock Crawl / Grass-Gravel Grip
DEFENDER-ATPC-3496,25.5,33.3,2.5,465.1,Deep Sand / Mud Bog Ruts Active
DEFENDER-ATPC-3497,15.7,22.1,2.3,417.2,Deep Sand / Mud Bog Ruts Active
DEFENDER-ATPC-3498,33.2,29.5,2.2,256.0,Deep Sand / Mud Bog Ruts Active
DEFENDER-ATPC-3499,35.4,63.3,3.9,307.4,Optimal Rock Crawl / Grass-Gravel Grip
DEFENDER-ATPC-3500,10.1,89.8,6.8,415.9,Optimal Rock Crawl / Grass-Gravel Grip
DEFENDER-ATPC-3501,39.5,22.4,1.3,230.5,Deep Sand / Mud Bog Ruts Active
DEFENDER-ATPC-3502,6.7,40.9,4.7,243.4,Optimal Rock Crawl / Grass-Gravel Grip
DEFENDER-ATPC-3503,22.5,78.6,6.3,170.4,Optimal Rock Crawl / Grass-Gravel Grip
DEFENDER-ATPC-3504,26.3,55.7,3.9,156.9,Optimal Rock Crawl / Grass-Gravel Grip
DEFENDER-ATPC-3505,24.1,35.5,2.8,259.1,Optimal Rock Crawl / Grass-Gravel Grip
DEFENDER-ATPC-3506,28.6,23.9,1.9,170.9,Deep Sand / Mud Bog Ruts Active
DEFENDER-ATPC-3507,4.5,49.7,5.4,277.7,Optimal Rock Crawl / Grass-Gravel Grip
DEFENDER-ATPC-3508,14.9,15.0,1.3,413.1,Deep Sand / Mud Bog Ruts Active
DEFENDER-ATPC-3509,25.3,67.3,4.4,254.8,Optimal Rock Crawl / Grass-Gravel Grip
DEFENDER-ATPC-3510,4.4,89.0,7.6,432.7,Optimal Rock Crawl / Grass-Gravel Grip
DEFENDER-ATPC-3511,34.2,49.9,3.3,289.4,Optimal Rock Crawl / Grass-Gravel Grip
DEFENDER-ATPC-3512,23.4,55.1,4.2,341.6,Optimal Rock Crawl / Grass-Gravel Grip
DEFENDER-ATPC-3513,36.2,35.2,1.5,171.0,Optimal Rock Crawl / Grass-Gravel Grip
DEFENDER-ATPC-3514,12.9,71.7,6.3,378.3,Optimal Rock Crawl / Grass-Gravel Grip
DEFENDER-ATPC-3515,4.5,15.5,2.5,423.8,Deep Sand / Mud Bog Ruts Active
DEFENDER-ATPC-3516,20.1,69.7,5.4,140.2,Optimal Rock Crawl / Grass-Gravel Grip
DEFENDER-ATPC-3517,23.3,81.1,5.1,470.8,Optimal Rock Crawl / Grass-Gravel Grip
DEFENDER-ATPC-3518,15.7,34.1,3.1,439.9,Deep Sand / Mud Bog Ruts Active
DEFENDER-ATPC-3519,18.0,78.4,5.5,316.9,Optimal Rock Crawl / Grass-Gravel Grip
DEFENDER-ATPC-3520,4.8,38.9,4.3,262.1,Optimal Rock Crawl / Grass-Gravel Grip
DEFENDER-ATPC-3521,4.0,57.6,5.6,180.0,Optimal Rock Crawl / Grass-Gravel Grip
DEFENDER-ATPC-3522,32.0,58.0,4.3,456.1,Optimal Rock Crawl / Grass-Gravel Grip
DEFENDER-ATPC-3523,12.7,19.0,2.8,229.3,Deep Sand / Mud Bog Ruts Active
DEFENDER-ATPC-3524,15.0,60.4,4.9,200.4,Optimal Rock Crawl / Grass-Gravel Grip
DEFENDER-ATPC-3525,20.3,61.5,4.3,470.6,Optimal Rock Crawl / Grass-Gravel Grip
DEFENDER-ATPC-3526,41.0,42.7,2.5,290.3,Optimal Rock Crawl / Grass-Gravel Grip
DEFENDER-ATPC-3527,11.2,21.9,2.6,325.5,Deep Sand / Mud Bog Ruts Active
DEFENDER-ATPC-3528,33.3,93.5,6.8,421.4,Optimal Rock Crawl / Grass-Gravel Grip
DEFENDER-ATPC-3529,26.1,46.7,3.2,168.8,Optimal Rock Crawl / Grass-Gravel Grip
DEFENDER-ATPC-3530,32.0,79.6,4.8,386.3,Optimal Rock Crawl / Grass-Gravel Grip
DEFENDER-ATPC-3531,31.4,63.1,4.1,323.8,Optimal Rock Crawl / Grass-Gravel Grip
DEFENDER-ATPC-3532,39.1,15.9,1.0,172.0,Deep Sand / Mud Bog Ruts Active
DEFENDER-ATPC-3533,28.3,88.3,6.6,457.7,Optimal Rock Crawl / Grass-Gravel Grip
DEFENDER-ATPC-3534,11.1,16.3,1.2,193.0,Deep Sand / Mud Bog Ruts Active
DEFENDER-ATPC-3535,38.5,72.3,4.6,410.5,Optimal Rock Crawl / Grass-Gravel Grip
DEFENDER-ATPC-3536,39.3,93.5,6.0,220.0,Optimal Rock Crawl / Grass-Gravel Grip
DEFENDER-ATPC-3537,21.1,83.3,5.8,449.6,Optimal Rock Crawl / Grass-Gravel Grip
DEFENDER-ATPC-3538,17.0,59.8,4.7,369.3,Optimal Rock Crawl / Grass-Gravel Grip
DEFENDER-ATPC-3539,4.3,75.6,6.9,275.8,Optimal Rock Crawl / Grass-Gravel Grip
DEFENDER-ATPC-3540,36.3,85.4,5.2,194.8,Optimal Rock Crawl / Grass-Gravel Grip
DEFENDER-ATPC-3541,14.9,50.1,4.7,295.9,Optimal Rock Crawl / Grass-Gravel Grip
DEFENDER-ATPC-3542,10.0,27.5,3.9,242.6,Deep Sand / Mud Bog Ruts Active
DEFENDER-ATPC-3543,22.0,51.3,4.4,306.8,Optimal Rock Crawl / Grass-Gravel Grip
DEFENDER-ATPC-3544,32.9,25.4,1.3,225.9,Deep Sand / Mud Bog Ruts Active
DEFENDER-ATPC-3545,39.5,45.8,2.8,249.4,Optimal Rock Crawl / Grass-Gravel Grip
DEFENDER-ATPC-3546,24.2,18.1,1.6,197.3,Deep Sand / Mud Bog Ruts Active
DEFENDER-ATPC-3547,29.9,54.3,3.4,231.6,Optimal Rock Crawl / Grass-Gravel Grip
DEFENDER-ATPC-3548,31.9,82.9,5.7,122.2,Optimal Rock Crawl / Grass-Gravel Grip
DEFENDER-ATPC-3549,2.9,71.6,6.4,233.3,Optimal Rock Crawl / Grass-Gravel Grip
DEFENDER-ATPC-3550,16.0,72.2,5.5,351.9,Optimal Rock Crawl / Grass-Gravel Grip
DEFENDER-ATPC-3551,7.0,66.2,6.0,459.6,Optimal Rock Crawl / Grass-Gravel Grip
DEFENDER-ATPC-3552,25.8,18.7,1.6,321.4,Deep Sand / Mud Bog Ruts Active
DEFENDER-ATPC-3553,13.6,89.2,6.6,433.5,Optimal Rock Crawl / Grass-Gravel Grip
DEFENDER-ATPC-3554,10.6,15.7,2.0,147.9,Deep Sand / Mud Bog Ruts Active
DEFENDER-ATPC-3555,26.2,73.3,5.2,152.1,Optimal Rock Crawl / Grass-Gravel Grip
DEFENDER-ATPC-3556,8.8,76.1,7.1,378.5,Optimal Rock Crawl / Grass-Gravel Grip
DEFENDER-ATPC-3557,20.7,76.1,5.9,388.5,Optimal Rock Crawl / Grass-Gravel Grip
DEFENDER-ATPC-3558,32.2,36.5,2.3,445.2,Optimal Rock Crawl / Grass-Gravel Grip
DEFENDER-ATPC-3559,19.1,47.1,4.2,305.1,Optimal Rock Crawl / Grass-Gravel Grip
DEFENDER-ATPC-3560,22.1,20.7,2.3,143.5,Deep Sand / Mud Bog Ruts Active
DEFENDER-ATPC-3561,9.2,79.0,6.9,463.4,Optimal Rock Crawl / Grass-Gravel Grip
DEFENDER-ATPC-3562,33.1,33.8,2.0,162.9,Deep Sand / Mud Bog Ruts Active
DEFENDER-ATPC-3563,17.5,38.5,3.1,255.6,Optimal Rock Crawl / Grass-Gravel Grip
DEFENDER-ATPC-3564,13.4,62.8,5.2,424.8,Optimal Rock Crawl / Grass-Gravel Grip
DEFENDER-ATPC-3565,10.7,68.1,5.7,154.3,Optimal Rock Crawl / Grass-Gravel Grip
DEFENDER-ATPC-3566,36.5,19.0,1.1,219.3,Deep Sand / Mud Bog Ruts Active
DEFENDER-ATPC-3567,35.3,16.6,1.0,179.6,Deep Sand / Mud Bog Ruts Active
DEFENDER-ATPC-3568,17.2,48.0,3.8,432.6,Optimal Rock Crawl / Grass-Gravel Grip
DEFENDER-ATPC-3569,16.6,86.5,7.2,369.0,Optimal Rock Crawl / Grass-Gravel Grip
DEFENDER-ATPC-3570,36.3,55.4,3.5,235.3,Optimal Rock Crawl / Grass-Gravel Grip
DEFENDER-ATPC-3571,40.6,59.9,3.5,225.5,Optimal Rock Crawl / Grass-Gravel Grip
DEFENDER-ATPC-3572,9.7,56.5,4.9,321.8,Optimal Rock Crawl / Grass-Gravel Grip
DEFENDER-ATPC-3573,16.5,61.1,4.5,251.4,Optimal Rock Crawl / Grass-Gravel Grip
DEFENDER-ATPC-3574,35.4,35.2,2.2,220.7,Optimal Rock Crawl / Grass-Gravel Grip
DEFENDER-ATPC-3575,30.6,42.5,2.7,130.5,Optimal Rock Crawl / Grass-Gravel Grip
DEFENDER-ATPC-3576,29.4,62.0,4.2,178.3,Optimal Rock Crawl / Grass-Gravel Grip
DEFENDER-ATPC-3577,9.2,20.9,2.2,398.6,Deep Sand / Mud Bog Ruts Active
DEFENDER-ATPC-3578,32.3,94.9,5.8,126.0,Optimal Rock Crawl / Grass-Gravel Grip
DEFENDER-ATPC-3579,21.5,20.2,1.9,275.3,Deep Sand / Mud Bog Ruts Active
DEFENDER-ATPC-3580,6.6,75.0,6.3,289.0,Optimal Rock Crawl / Grass-Gravel Grip
DEFENDER-ATPC-3581,10.2,48.6,4.6,293.2,Optimal Rock Crawl / Grass-Gravel Grip
DEFENDER-ATPC-3582,14.3,22.1,3.1,221.8,Deep Sand / Mud Bog Ruts Active
DEFENDER-ATPC-3583,17.3,52.7,4.3,323.1,Optimal Rock Crawl / Grass-Gravel Grip
DEFENDER-ATPC-3584,22.5,86.0,6.3,216.2,Optimal Rock Crawl / Grass-Gravel Grip
DEFENDER-ATPC-3585,37.4,63.9,3.9,237.8,Optimal Rock Crawl / Grass-Gravel Grip
DEFENDER-ATPC-3586,17.1,15.4,1.8,433.0,Deep Sand / Mud Bog Ruts Active
DEFENDER-ATPC-3587,23.7,35.9,3.2,149.4,Optimal Rock Crawl / Grass-Gravel Grip
DEFENDER-ATPC-3588,29.0,23.1,1.5,158.5,Deep Sand / Mud Bog Ruts Active
DEFENDER-ATPC-3589,9.4,16.4,2.6,201.1,Deep Sand / Mud Bog Ruts Active
DEFENDER-ATPC-3590,17.8,79.6,6.1,416.3,Optimal Rock Crawl / Grass-Gravel Grip
DEFENDER-ATPC-3591,41.6,19.2,1.2,182.9,Deep Sand / Mud Bog Ruts Active
DEFENDER-ATPC-3592,6.8,61.1,5.7,278.0,Optimal Rock Crawl / Grass-Gravel Grip
DEFENDER-ATPC-3593,8.4,18.1,2.2,415.8,Deep Sand / Mud Bog Ruts Active
DEFENDER-ATPC-3594,8.1,78.1,6.3,432.9,Optimal Rock Crawl / Grass-Gravel Grip
DEFENDER-ATPC-3595,7.0,71.1,6.2,282.3,Optimal Rock Crawl / Grass-Gravel Grip
DEFENDER-ATPC-3596,23.5,42.1,3.3,185.4,Optimal Rock Crawl / Grass-Gravel Grip
DEFENDER-ATPC-3597,8.9,54.7,5.2,436.8,Optimal Rock Crawl / Grass-Gravel Grip
DEFENDER-ATPC-3598,8.6,75.6,6.3,281.7,Optimal Rock Crawl / Grass-Gravel Grip
DEFENDER-ATPC-3599,13.3,72.0,5.5,316.0,Optimal Rock Crawl / Grass-Gravel Grip
