Nevera_Run_ID,Vehicle_Speed_kmh,Lateral_Acceleration_G,Vehicle_Yaw_Rate_deg_s,Left_Right_Torque_Delta_Nm,Inverter_Response_Latency_us,Vectoring_Status
RIMAC-RAWTV-1000,157.8,-0.81,-10.4,-694.9,147,Balanced All-Wheel Traction
RIMAC-RAWTV-1001,199.0,-0.42,-7.7,-336.6,126,Balanced All-Wheel Traction
RIMAC-RAWTV-1002,205.9,-1.04,-16.8,-891.9,150,Balanced All-Wheel Traction
RIMAC-RAWTV-1003,249.5,0.74,10.2,713.7,156,Balanced All-Wheel Traction
RIMAC-RAWTV-1004,261.4,1.49,20.2,1315.9,159,Active R-AWTV High-G Yaw Vectoring
RIMAC-RAWTV-1005,119.4,0.19,1.5,183.3,132,Balanced All-Wheel Traction
RIMAC-RAWTV-1006,260.1,1.21,17.3,965.3,156,Balanced All-Wheel Traction
RIMAC-RAWTV-1007,126.0,0.74,9.7,662.3,151,Balanced All-Wheel Traction
RIMAC-RAWTV-1008,87.6,0.88,12.8,666.6,146,Balanced All-Wheel Traction
RIMAC-RAWTV-1009,235.6,0.52,6.2,477.3,118,Balanced All-Wheel Traction
RIMAC-RAWTV-1010,288.0,0.32,5.4,301.1,143,Balanced All-Wheel Traction
RIMAC-RAWTV-1011,276.3,-1.45,-20.2,-1315.2,168,Active R-AWTV High-G Yaw Vectoring
RIMAC-RAWTV-1012,318.6,0.59,9.9,551.2,132,Balanced All-Wheel Traction
RIMAC-RAWTV-1013,132.6,-0.22,-3.0,-221.8,115,Balanced All-Wheel Traction
RIMAC-RAWTV-1014,161.8,-0.12,-2.5,-50.0,126,Balanced All-Wheel Traction
RIMAC-RAWTV-1015,289.7,-0.06,-0.5,-103.1,126,Balanced All-Wheel Traction
RIMAC-RAWTV-1016,269.1,1.31,17.8,1151.1,169,Active R-AWTV High-G Yaw Vectoring
RIMAC-RAWTV-1017,302.1,-1.49,-22.8,-1266.4,172,Active R-AWTV High-G Yaw Vectoring
RIMAC-RAWTV-1018,171.9,-0.68,-9.2,-586.2,154,Balanced All-Wheel Traction
RIMAC-RAWTV-1019,63.1,-1.04,-14.7,-802.5,153,Balanced All-Wheel Traction
RIMAC-RAWTV-1020,141.7,-1.09,-16.3,-924.0,148,Balanced All-Wheel Traction
RIMAC-RAWTV-1021,79.6,1.38,17.8,1216.7,176,Active R-AWTV High-G Yaw Vectoring
RIMAC-RAWTV-1022,233.5,-0.63,-9.8,-547.2,129,Balanced All-Wheel Traction
RIMAC-RAWTV-1023,312.2,0.61,7.9,539.9,142,Balanced All-Wheel Traction
RIMAC-RAWTV-1024,222.8,-1.36,-19.3,-1240.2,157,Active R-AWTV High-G Yaw Vectoring
RIMAC-RAWTV-1025,106.8,1.5,22.3,1213.3,190,Active R-AWTV High-G Yaw Vectoring
RIMAC-RAWTV-1026,104.3,-0.58,-7.1,-455.8,142,Balanced All-Wheel Traction
RIMAC-RAWTV-1027,311.7,0.09,1.5,63.1,121,Balanced All-Wheel Traction
RIMAC-RAWTV-1028,174.9,-0.18,-2.8,-169.9,131,Balanced All-Wheel Traction
RIMAC-RAWTV-1029,68.9,0.03,0.9,56.6,104,Balanced All-Wheel Traction
RIMAC-RAWTV-1030,296.8,-0.57,-7.5,-453.5,144,Balanced All-Wheel Traction
RIMAC-RAWTV-1031,253.7,0.44,4.4,358.8,125,Balanced All-Wheel Traction
RIMAC-RAWTV-1032,134.3,0.88,11.6,783.4,150,Balanced All-Wheel Traction
RIMAC-RAWTV-1033,243.1,-0.26,-3.2,-173.7,127,Balanced All-Wheel Traction
RIMAC-RAWTV-1034,318.6,0.68,10.3,552.9,130,Balanced All-Wheel Traction
RIMAC-RAWTV-1035,126.0,-0.64,-8.8,-566.1,140,Balanced All-Wheel Traction
RIMAC-RAWTV-1036,173.4,1.33,19.4,1031.6,162,Active R-AWTV High-G Yaw Vectoring
RIMAC-RAWTV-1037,171.6,0.44,7.7,421.3,136,Balanced All-Wheel Traction
RIMAC-RAWTV-1038,211.2,-0.43,-6.3,-347.2,124,Balanced All-Wheel Traction
RIMAC-RAWTV-1039,272.8,0.14,2.3,162.5,116,Balanced All-Wheel Traction
RIMAC-RAWTV-1040,291.6,0.94,12.0,755.9,164,Balanced All-Wheel Traction
RIMAC-RAWTV-1041,102.4,-0.53,-7.9,-460.4,133,Balanced All-Wheel Traction
RIMAC-RAWTV-1042,243.2,0.52,6.3,488.7,133,Balanced All-Wheel Traction
RIMAC-RAWTV-1043,285.8,-1.52,-23.6,-1232.9,167,Active R-AWTV High-G Yaw Vectoring
RIMAC-RAWTV-1044,255.4,1.1,16.4,1010.1,170,Balanced All-Wheel Traction
RIMAC-RAWTV-1045,266.3,-1.49,-20.4,-1299.9,177,Active R-AWTV High-G Yaw Vectoring
RIMAC-RAWTV-1046,237.4,-0.71,-9.6,-617.0,138,Balanced All-Wheel Traction
RIMAC-RAWTV-1047,308.6,0.11,3.4,22.8,108,Balanced All-Wheel Traction
RIMAC-RAWTV-1048,125.8,0.78,10.5,611.0,143,Balanced All-Wheel Traction
RIMAC-RAWTV-1049,124.6,-0.97,-13.9,-781.9,136,Balanced All-Wheel Traction
RIMAC-RAWTV-1050,175.3,-0.93,-14.4,-822.3,162,Balanced All-Wheel Traction
RIMAC-RAWTV-1051,156.1,-1.41,-20.7,-1203.6,164,Active R-AWTV High-G Yaw Vectoring
RIMAC-RAWTV-1052,83.2,1.13,16.3,1011.2,159,Balanced All-Wheel Traction
RIMAC-RAWTV-1053,230.7,0.13,1.4,24.2,123,Balanced All-Wheel Traction
RIMAC-RAWTV-1054,69.7,0.21,2.1,156.4,114,Balanced All-Wheel Traction
RIMAC-RAWTV-1055,152.8,1.56,26.7,1400.0,181,Active R-AWTV High-G Yaw Vectoring
RIMAC-RAWTV-1056,197.0,-0.57,-8.7,-531.4,138,Balanced All-Wheel Traction
RIMAC-RAWTV-1057,75.8,0.09,1.1,128.5,121,Balanced All-Wheel Traction
RIMAC-RAWTV-1058,87.5,0.62,8.8,483.3,143,Balanced All-Wheel Traction
RIMAC-RAWTV-1059,268.3,1.41,18.0,1192.0,166,Active R-AWTV High-G Yaw Vectoring
RIMAC-RAWTV-1060,302.3,1.47,23.2,1261.3,175,Active R-AWTV High-G Yaw Vectoring
RIMAC-RAWTV-1061,170.4,0.67,8.8,560.1,146,Balanced All-Wheel Traction
RIMAC-RAWTV-1062,298.7,0.41,3.4,379.9,141,Balanced All-Wheel Traction
RIMAC-RAWTV-1063,274.7,-1.13,-19.0,-902.7,160,Balanced All-Wheel Traction
RIMAC-RAWTV-1064,249.2,1.18,17.6,902.5,180,Balanced All-Wheel Traction
RIMAC-RAWTV-1065,276.5,-0.97,-13.7,-722.5,157,Balanced All-Wheel Traction
RIMAC-RAWTV-1066,226.4,-1.31,-19.1,-1035.2,153,Active R-AWTV High-G Yaw Vectoring
RIMAC-RAWTV-1067,77.8,-0.74,-11.4,-648.1,136,Balanced All-Wheel Traction
RIMAC-RAWTV-1068,143.8,-0.66,-9.3,-510.2,142,Balanced All-Wheel Traction
RIMAC-RAWTV-1069,286.9,-0.79,-10.2,-642.8,139,Balanced All-Wheel Traction
RIMAC-RAWTV-1070,311.3,-0.37,-6.3,-343.4,124,Balanced All-Wheel Traction
RIMAC-RAWTV-1071,183.8,-0.22,-4.1,-254.9,138,Balanced All-Wheel Traction
RIMAC-RAWTV-1072,77.4,1.04,14.4,862.2,149,Balanced All-Wheel Traction
RIMAC-RAWTV-1073,276.8,1.2,18.0,1063.8,162,Balanced All-Wheel Traction
RIMAC-RAWTV-1074,255.4,-0.27,-6.3,-79.8,128,Balanced All-Wheel Traction
RIMAC-RAWTV-1075,197.4,0.06,1.5,72.9,141,Balanced All-Wheel Traction
RIMAC-RAWTV-1076,295.0,0.19,2.4,112.0,129,Balanced All-Wheel Traction
RIMAC-RAWTV-1077,106.1,-0.03,0.7,-5.0,123,Balanced All-Wheel Traction
RIMAC-RAWTV-1078,258.5,1.14,16.5,965.4,148,Balanced All-Wheel Traction
RIMAC-RAWTV-1079,225.2,-0.48,-8.4,-277.2,141,Balanced All-Wheel Traction
RIMAC-RAWTV-1080,72.7,-0.53,-7.0,-458.7,125,Balanced All-Wheel Traction
RIMAC-RAWTV-1081,296.5,1.08,15.2,872.6,141,Balanced All-Wheel Traction
RIMAC-RAWTV-1082,274.1,0.76,9.9,618.3,151,Balanced All-Wheel Traction
RIMAC-RAWTV-1083,127.3,-1.07,-16.0,-873.6,158,Balanced All-Wheel Traction
RIMAC-RAWTV-1084,101.0,-0.28,-4.7,-255.8,141,Balanced All-Wheel Traction
RIMAC-RAWTV-1085,140.1,0.49,10.9,365.0,144,Balanced All-Wheel Traction
RIMAC-RAWTV-1086,260.9,1.04,14.6,858.9,167,Balanced All-Wheel Traction
RIMAC-RAWTV-1087,273.8,1.15,17.0,1012.9,162,Balanced All-Wheel Traction
RIMAC-RAWTV-1088,283.5,-1.55,-19.8,-1212.4,181,Active R-AWTV High-G Yaw Vectoring
RIMAC-RAWTV-1089,279.9,0.94,13.3,809.3,158,Balanced All-Wheel Traction
RIMAC-RAWTV-1090,297.8,0.92,14.6,847.5,156,Balanced All-Wheel Traction
RIMAC-RAWTV-1091,66.4,-0.83,-10.7,-667.2,135,Balanced All-Wheel Traction
RIMAC-RAWTV-1092,264.7,0.7,11.5,606.6,142,Balanced All-Wheel Traction
RIMAC-RAWTV-1093,285.1,-0.93,-13.1,-755.7,148,Balanced All-Wheel Traction
RIMAC-RAWTV-1094,181.1,0.39,7.9,450.1,135,Balanced All-Wheel Traction
RIMAC-RAWTV-1095,217.9,-0.73,-9.6,-573.8,156,Balanced All-Wheel Traction
RIMAC-RAWTV-1096,78.2,0.26,5.3,225.1,135,Balanced All-Wheel Traction
RIMAC-RAWTV-1097,315.5,0.65,9.6,550.9,154,Balanced All-Wheel Traction
RIMAC-RAWTV-1098,305.5,-0.03,-1.5,-32.7,115,Balanced All-Wheel Traction
RIMAC-RAWTV-1099,179.0,-1.27,-17.3,-1075.8,158,Balanced All-Wheel Traction
RIMAC-RAWTV-1100,109.7,1.37,21.8,1099.1,157,Active R-AWTV High-G Yaw Vectoring
RIMAC-RAWTV-1101,201.2,-0.14,-2.7,-121.9,122,Balanced All-Wheel Traction
RIMAC-RAWTV-1102,71.8,1.22,17.4,1062.4,149,Balanced All-Wheel Traction
RIMAC-RAWTV-1103,281.7,-0.95,-15.0,-790.6,159,Balanced All-Wheel Traction
RIMAC-RAWTV-1104,68.9,0.21,4.5,159.5,127,Balanced All-Wheel Traction
RIMAC-RAWTV-1105,122.9,0.09,1.7,10.0,124,Balanced All-Wheel Traction
RIMAC-RAWTV-1106,203.3,-0.33,-4.7,-236.8,146,Balanced All-Wheel Traction
RIMAC-RAWTV-1107,290.3,0.01,-0.7,36.7,108,Balanced All-Wheel Traction
RIMAC-RAWTV-1108,209.5,1.2,15.7,1043.2,169,Balanced All-Wheel Traction
RIMAC-RAWTV-1109,93.2,-0.96,-13.6,-799.9,160,Balanced All-Wheel Traction
RIMAC-RAWTV-1110,116.7,-0.86,-11.0,-668.9,155,Balanced All-Wheel Traction
RIMAC-RAWTV-1111,295.3,-0.32,-2.9,-256.8,134,Balanced All-Wheel Traction
RIMAC-RAWTV-1112,102.5,-0.4,-5.5,-396.0,128,Balanced All-Wheel Traction
RIMAC-RAWTV-1113,185.9,-0.36,-5.5,-169.9,122,Balanced All-Wheel Traction
RIMAC-RAWTV-1114,270.6,-0.48,-6.6,-370.1,155,Balanced All-Wheel Traction
RIMAC-RAWTV-1115,129.7,0.95,14.6,760.2,166,Balanced All-Wheel Traction
RIMAC-RAWTV-1116,276.7,-0.98,-15.1,-788.4,167,Balanced All-Wheel Traction
RIMAC-RAWTV-1117,300.7,0.27,3.7,261.5,122,Balanced All-Wheel Traction
RIMAC-RAWTV-1118,115.0,-0.42,-6.5,-416.1,130,Balanced All-Wheel Traction
RIMAC-RAWTV-1119,142.6,-1.46,-22.1,-1240.9,162,Active R-AWTV High-G Yaw Vectoring
RIMAC-RAWTV-1120,74.2,0.42,7.0,458.8,130,Balanced All-Wheel Traction
RIMAC-RAWTV-1121,301.4,-0.79,-13.0,-712.9,150,Balanced All-Wheel Traction
RIMAC-RAWTV-1122,318.0,0.31,2.2,218.0,128,Balanced All-Wheel Traction
RIMAC-RAWTV-1123,256.7,-0.39,-5.5,-298.9,130,Balanced All-Wheel Traction
RIMAC-RAWTV-1124,109.0,-1.48,-20.6,-1243.3,177,Active R-AWTV High-G Yaw Vectoring
RIMAC-RAWTV-1125,233.7,0.39,6.4,368.8,139,Balanced All-Wheel Traction
RIMAC-RAWTV-1126,210.7,1.43,20.6,1193.1,149,Active R-AWTV High-G Yaw Vectoring
RIMAC-RAWTV-1127,144.7,1.38,19.1,1151.0,155,Active R-AWTV High-G Yaw Vectoring
RIMAC-RAWTV-1128,270.4,-0.28,-4.6,-309.8,128,Balanced All-Wheel Traction
RIMAC-RAWTV-1129,311.9,-0.41,-6.3,-359.5,130,Balanced All-Wheel Traction
RIMAC-RAWTV-1130,285.8,-0.49,-8.9,-463.6,143,Balanced All-Wheel Traction
RIMAC-RAWTV-1131,108.4,-0.65,-9.3,-512.7,122,Balanced All-Wheel Traction
RIMAC-RAWTV-1132,146.1,-0.59,-9.4,-485.8,143,Balanced All-Wheel Traction
RIMAC-RAWTV-1133,196.2,1.45,21.1,1265.2,176,Active R-AWTV High-G Yaw Vectoring
RIMAC-RAWTV-1134,230.4,0.76,11.1,661.1,125,Balanced All-Wheel Traction
RIMAC-RAWTV-1135,84.2,0.84,13.9,729.0,156,Balanced All-Wheel Traction
RIMAC-RAWTV-1136,301.8,0.71,8.5,563.3,127,Balanced All-Wheel Traction
RIMAC-RAWTV-1137,70.0,-0.62,-8.2,-521.6,151,Balanced All-Wheel Traction
RIMAC-RAWTV-1138,79.9,0.26,2.7,248.2,128,Balanced All-Wheel Traction
RIMAC-RAWTV-1139,99.6,-0.81,-11.7,-650.6,138,Balanced All-Wheel Traction
RIMAC-RAWTV-1140,208.8,1.12,17.4,907.3,165,Balanced All-Wheel Traction
RIMAC-RAWTV-1141,104.3,0.37,5.0,282.9,125,Balanced All-Wheel Traction
RIMAC-RAWTV-1142,222.8,0.11,3.7,128.7,121,Balanced All-Wheel Traction
RIMAC-RAWTV-1143,63.9,-1.02,-15.8,-889.2,159,Balanced All-Wheel Traction
RIMAC-RAWTV-1144,252.0,1.54,23.0,1198.9,180,Active R-AWTV High-G Yaw Vectoring
RIMAC-RAWTV-1145,69.0,-1.04,-17.9,-857.9,166,Balanced All-Wheel Traction
RIMAC-RAWTV-1146,283.9,0.23,3.7,160.6,123,Balanced All-Wheel Traction
RIMAC-RAWTV-1147,154.1,-0.61,-8.7,-600.5,158,Balanced All-Wheel Traction
RIMAC-RAWTV-1148,175.6,1.19,16.7,1003.7,169,Balanced All-Wheel Traction
RIMAC-RAWTV-1149,271.6,-0.75,-12.1,-611.3,154,Balanced All-Wheel Traction
RIMAC-RAWTV-1150,93.8,-0.95,-14.9,-801.5,163,Balanced All-Wheel Traction
RIMAC-RAWTV-1151,181.3,-0.8,-11.0,-649.0,138,Balanced All-Wheel Traction
RIMAC-RAWTV-1152,104.3,0.67,10.6,629.0,166,Balanced All-Wheel Traction
RIMAC-RAWTV-1153,189.3,0.51,6.5,435.4,143,Balanced All-Wheel Traction
RIMAC-RAWTV-1154,72.7,1.3,20.0,1065.2,167,Balanced All-Wheel Traction
RIMAC-RAWTV-1155,176.1,1.54,24.0,1346.7,161,Active R-AWTV High-G Yaw Vectoring
RIMAC-RAWTV-1156,95.8,0.41,7.4,312.3,122,Balanced All-Wheel Traction
RIMAC-RAWTV-1157,269.8,0.92,12.4,691.7,150,Balanced All-Wheel Traction
RIMAC-RAWTV-1158,169.0,-0.94,-11.2,-816.9,156,Balanced All-Wheel Traction
RIMAC-RAWTV-1159,306.6,-1.18,-15.2,-1030.9,158,Balanced All-Wheel Traction
RIMAC-RAWTV-1160,285.6,0.76,10.9,668.0,154,Balanced All-Wheel Traction
RIMAC-RAWTV-1161,154.2,-0.23,-5.7,-189.8,126,Balanced All-Wheel Traction
RIMAC-RAWTV-1162,305.0,0.74,10.9,641.7,139,Balanced All-Wheel Traction
RIMAC-RAWTV-1163,311.9,-0.9,-14.5,-807.2,146,Balanced All-Wheel Traction
RIMAC-RAWTV-1164,224.6,1.19,17.6,999.0,157,Balanced All-Wheel Traction
RIMAC-RAWTV-1165,171.6,0.68,9.8,617.8,132,Balanced All-Wheel Traction
RIMAC-RAWTV-1166,266.1,0.77,12.4,601.5,136,Balanced All-Wheel Traction
RIMAC-RAWTV-1167,238.0,-1.3,-17.5,-1109.1,157,Balanced All-Wheel Traction
RIMAC-RAWTV-1168,275.6,-1.16,-17.3,-1008.4,154,Balanced All-Wheel Traction
RIMAC-RAWTV-1169,199.7,-0.91,-14.5,-776.9,154,Balanced All-Wheel Traction
RIMAC-RAWTV-1170,241.0,0.41,4.6,289.0,135,Balanced All-Wheel Traction
RIMAC-RAWTV-1171,190.5,0.08,1.3,127.1,120,Balanced All-Wheel Traction
RIMAC-RAWTV-1172,205.4,0.61,8.3,585.4,141,Balanced All-Wheel Traction
RIMAC-RAWTV-1173,210.8,-1.13,-16.7,-887.2,167,Balanced All-Wheel Traction
RIMAC-RAWTV-1174,120.2,-1.19,-18.7,-1022.2,151,Balanced All-Wheel Traction
RIMAC-RAWTV-1175,271.4,-0.46,-7.9,-421.9,141,Balanced All-Wheel Traction
RIMAC-RAWTV-1176,234.0,0.25,5.7,256.8,127,Balanced All-Wheel Traction
RIMAC-RAWTV-1177,148.5,1.57,23.5,1370.8,167,Active R-AWTV High-G Yaw Vectoring
RIMAC-RAWTV-1178,165.2,1.23,17.1,1027.2,162,Balanced All-Wheel Traction
RIMAC-RAWTV-1179,164.3,-0.44,-5.9,-386.0,135,Balanced All-Wheel Traction
RIMAC-RAWTV-1180,64.7,-1.3,-18.8,-1128.6,173,Balanced All-Wheel Traction
RIMAC-RAWTV-1181,179.9,-1.15,-17.5,-963.4,159,Balanced All-Wheel Traction
RIMAC-RAWTV-1182,240.8,-0.66,-9.0,-656.9,142,Balanced All-Wheel Traction
RIMAC-RAWTV-1183,201.7,0.99,13.8,856.8,161,Balanced All-Wheel Traction
RIMAC-RAWTV-1184,61.5,0.64,7.2,518.0,146,Balanced All-Wheel Traction
RIMAC-RAWTV-1185,176.1,-1.13,-16.3,-985.0,158,Balanced All-Wheel Traction
RIMAC-RAWTV-1186,243.9,0.9,12.7,773.7,151,Balanced All-Wheel Traction
RIMAC-RAWTV-1187,170.7,0.64,10.0,544.1,129,Balanced All-Wheel Traction
RIMAC-RAWTV-1188,289.8,0.23,2.8,256.7,131,Balanced All-Wheel Traction
RIMAC-RAWTV-1189,180.4,-0.42,-5.6,-354.3,140,Balanced All-Wheel Traction
RIMAC-RAWTV-1190,113.3,-0.11,-1.1,-10.7,104,Balanced All-Wheel Traction
RIMAC-RAWTV-1191,179.1,-0.09,-3.6,-29.4,122,Balanced All-Wheel Traction
RIMAC-RAWTV-1192,235.2,1.03,15.2,900.3,160,Balanced All-Wheel Traction
RIMAC-RAWTV-1193,241.6,-1.53,-22.0,-1315.3,178,Active R-AWTV High-G Yaw Vectoring
RIMAC-RAWTV-1194,109.3,0.28,5.6,258.5,139,Balanced All-Wheel Traction
RIMAC-RAWTV-1195,153.6,1.07,14.3,932.5,149,Balanced All-Wheel Traction
RIMAC-RAWTV-1196,261.2,-1.28,-18.2,-1016.9,158,Balanced All-Wheel Traction
RIMAC-RAWTV-1197,134.0,-0.58,-9.9,-492.1,142,Balanced All-Wheel Traction
RIMAC-RAWTV-1198,125.8,0.73,11.2,649.5,157,Balanced All-Wheel Traction
RIMAC-RAWTV-1199,307.2,-1.35,-18.3,-1097.1,175,Active R-AWTV High-G Yaw Vectoring
RIMAC-RAWTV-1200,137.7,0.83,10.2,670.6,146,Balanced All-Wheel Traction
RIMAC-RAWTV-1201,223.2,-0.5,-5.4,-454.3,135,Balanced All-Wheel Traction
RIMAC-RAWTV-1202,262.0,0.03,-1.0,29.9,110,Balanced All-Wheel Traction
RIMAC-RAWTV-1203,313.7,-1.57,-22.2,-1322.8,195,Active R-AWTV High-G Yaw Vectoring
RIMAC-RAWTV-1204,253.4,-0.41,-4.9,-378.2,126,Balanced All-Wheel Traction
RIMAC-RAWTV-1205,90.9,-1.1,-15.0,-883.9,168,Balanced All-Wheel Traction
RIMAC-RAWTV-1206,316.1,0.18,1.0,146.1,124,Balanced All-Wheel Traction
RIMAC-RAWTV-1207,171.6,0.22,3.0,168.3,123,Balanced All-Wheel Traction
RIMAC-RAWTV-1208,229.7,1.03,14.4,909.9,153,Balanced All-Wheel Traction
RIMAC-RAWTV-1209,262.3,-0.84,-12.5,-748.1,145,Balanced All-Wheel Traction
RIMAC-RAWTV-1210,287.5,-1.01,-15.9,-895.9,155,Balanced All-Wheel Traction
RIMAC-RAWTV-1211,97.4,0.16,4.4,152.7,113,Balanced All-Wheel Traction
RIMAC-RAWTV-1212,97.6,1.53,22.9,1332.8,163,Active R-AWTV High-G Yaw Vectoring
RIMAC-RAWTV-1213,127.9,-1.25,-20.1,-955.4,170,Balanced All-Wheel Traction
RIMAC-RAWTV-1214,190.8,-1.53,-22.3,-1271.5,169,Active R-AWTV High-G Yaw Vectoring
RIMAC-RAWTV-1215,217.2,-1.21,-16.1,-1017.6,168,Balanced All-Wheel Traction
RIMAC-RAWTV-1216,201.2,0.79,9.4,610.9,142,Balanced All-Wheel Traction
RIMAC-RAWTV-1217,111.5,0.95,15.1,850.4,160,Balanced All-Wheel Traction
RIMAC-RAWTV-1218,239.8,0.78,12.3,617.8,137,Balanced All-Wheel Traction
RIMAC-RAWTV-1219,73.5,1.37,18.7,1129.2,154,Active R-AWTV High-G Yaw Vectoring
RIMAC-RAWTV-1220,290.1,1.29,18.2,1064.4,153,Balanced All-Wheel Traction
RIMAC-RAWTV-1221,203.0,-1.29,-18.5,-1123.1,153,Balanced All-Wheel Traction
RIMAC-RAWTV-1222,72.1,-0.94,-12.0,-828.4,156,Balanced All-Wheel Traction
RIMAC-RAWTV-1223,79.5,-0.37,-4.5,-309.5,138,Balanced All-Wheel Traction
RIMAC-RAWTV-1224,233.8,-0.99,-13.5,-840.9,153,Balanced All-Wheel Traction
RIMAC-RAWTV-1225,147.4,0.14,2.1,119.4,129,Balanced All-Wheel Traction
RIMAC-RAWTV-1226,313.2,1.04,15.6,868.0,142,Balanced All-Wheel Traction
RIMAC-RAWTV-1227,316.0,-0.49,-7.3,-289.4,130,Balanced All-Wheel Traction
RIMAC-RAWTV-1228,290.6,-1.28,-16.0,-1101.4,154,Balanced All-Wheel Traction
RIMAC-RAWTV-1229,60.4,-0.91,-13.1,-771.3,124,Balanced All-Wheel Traction
RIMAC-RAWTV-1230,96.0,0.87,12.8,772.7,147,Balanced All-Wheel Traction
RIMAC-RAWTV-1231,104.9,-1.6,-21.2,-1344.0,164,Active R-AWTV High-G Yaw Vectoring
RIMAC-RAWTV-1232,239.3,-0.54,-7.3,-489.6,128,Balanced All-Wheel Traction
RIMAC-RAWTV-1233,259.0,-1.31,-17.9,-1147.7,172,Active R-AWTV High-G Yaw Vectoring
RIMAC-RAWTV-1234,241.7,0.46,8.4,388.9,146,Balanced All-Wheel Traction
RIMAC-RAWTV-1235,259.0,0.29,5.2,204.7,133,Balanced All-Wheel Traction
RIMAC-RAWTV-1236,154.8,0.98,12.8,865.0,175,Balanced All-Wheel Traction
RIMAC-RAWTV-1237,192.7,-0.37,-5.6,-263.5,120,Balanced All-Wheel Traction
RIMAC-RAWTV-1238,214.6,-0.93,-10.7,-766.5,152,Balanced All-Wheel Traction
RIMAC-RAWTV-1239,208.8,0.86,12.2,829.2,155,Balanced All-Wheel Traction
RIMAC-RAWTV-1240,315.6,1.45,21.6,1297.6,182,Active R-AWTV High-G Yaw Vectoring
RIMAC-RAWTV-1241,214.5,1.33,19.6,1086.5,165,Active R-AWTV High-G Yaw Vectoring
RIMAC-RAWTV-1242,308.4,1.27,17.7,1129.8,163,Balanced All-Wheel Traction
RIMAC-RAWTV-1243,169.8,-0.84,-12.6,-731.2,140,Balanced All-Wheel Traction
RIMAC-RAWTV-1244,294.9,0.71,9.0,681.4,170,Balanced All-Wheel Traction
RIMAC-RAWTV-1245,219.9,0.03,0.9,46.1,97,Balanced All-Wheel Traction
RIMAC-RAWTV-1246,165.6,0.69,12.0,540.9,151,Balanced All-Wheel Traction
RIMAC-RAWTV-1247,290.0,-0.87,-13.7,-742.9,160,Balanced All-Wheel Traction
RIMAC-RAWTV-1248,162.5,1.6,23.0,1400.0,191,Active R-AWTV High-G Yaw Vectoring
RIMAC-RAWTV-1249,249.1,-1.21,-18.3,-975.8,161,Balanced All-Wheel Traction
RIMAC-RAWTV-1250,199.3,-1.53,-23.2,-1288.2,182,Active R-AWTV High-G Yaw Vectoring
RIMAC-RAWTV-1251,263.5,1.1,16.6,872.8,171,Balanced All-Wheel Traction
RIMAC-RAWTV-1252,73.1,0.85,10.9,822.4,144,Balanced All-Wheel Traction
RIMAC-RAWTV-1253,76.5,-0.37,-5.5,-290.6,128,Balanced All-Wheel Traction
RIMAC-RAWTV-1254,85.6,0.29,5.2,164.9,140,Balanced All-Wheel Traction
RIMAC-RAWTV-1255,138.3,-1.4,-21.4,-1216.2,169,Active R-AWTV High-G Yaw Vectoring
RIMAC-RAWTV-1256,151.4,-0.15,-0.8,-147.0,107,Balanced All-Wheel Traction
RIMAC-RAWTV-1257,169.7,-0.83,-13.0,-767.0,154,Balanced All-Wheel Traction
RIMAC-RAWTV-1258,127.3,-1.31,-18.3,-1056.3,154,Active R-AWTV High-G Yaw Vectoring
RIMAC-RAWTV-1259,68.5,-0.86,-10.4,-725.8,160,Balanced All-Wheel Traction
RIMAC-RAWTV-1260,206.1,-0.35,-6.2,-300.9,155,Balanced All-Wheel Traction
RIMAC-RAWTV-1261,238.9,0.15,1.3,92.3,139,Balanced All-Wheel Traction
RIMAC-RAWTV-1262,273.8,1.37,18.6,1229.7,179,Active R-AWTV High-G Yaw Vectoring
RIMAC-RAWTV-1263,150.6,0.09,-0.4,75.7,120,Balanced All-Wheel Traction
RIMAC-RAWTV-1264,309.7,0.17,3.0,211.1,118,Balanced All-Wheel Traction
RIMAC-RAWTV-1265,89.1,-0.81,-12.9,-744.5,140,Balanced All-Wheel Traction
RIMAC-RAWTV-1266,160.4,0.55,7.8,414.3,137,Balanced All-Wheel Traction
RIMAC-RAWTV-1267,314.0,1.59,21.4,1333.5,181,Active R-AWTV High-G Yaw Vectoring
RIMAC-RAWTV-1268,193.2,-0.16,-2.9,-133.3,123,Balanced All-Wheel Traction
RIMAC-RAWTV-1269,265.7,-1.27,-18.6,-1172.7,150,Balanced All-Wheel Traction
RIMAC-RAWTV-1270,131.0,1.05,16.9,854.5,163,Balanced All-Wheel Traction
RIMAC-RAWTV-1271,234.1,-0.83,-12.8,-713.0,150,Balanced All-Wheel Traction
RIMAC-RAWTV-1272,195.5,-0.14,-2.0,-104.1,129,Balanced All-Wheel Traction
RIMAC-RAWTV-1273,211.9,0.92,13.7,830.0,155,Balanced All-Wheel Traction
RIMAC-RAWTV-1274,302.3,1.25,16.9,1034.7,149,Balanced All-Wheel Traction
RIMAC-RAWTV-1275,110.1,1.17,15.4,869.0,160,Balanced All-Wheel Traction
RIMAC-RAWTV-1276,131.8,1.22,18.1,1030.6,169,Balanced All-Wheel Traction
RIMAC-RAWTV-1277,110.5,0.42,7.2,397.2,130,Balanced All-Wheel Traction
RIMAC-RAWTV-1278,119.5,-0.49,-6.3,-317.4,131,Balanced All-Wheel Traction
RIMAC-RAWTV-1279,245.8,0.38,6.3,275.3,129,Balanced All-Wheel Traction
RIMAC-RAWTV-1280,62.0,-0.87,-13.6,-734.9,145,Balanced All-Wheel Traction
RIMAC-RAWTV-1281,126.2,0.26,5.8,180.8,143,Balanced All-Wheel Traction
RIMAC-RAWTV-1282,253.5,-0.95,-14.2,-763.7,149,Balanced All-Wheel Traction
RIMAC-RAWTV-1283,169.4,1.38,20.2,1187.5,178,Active R-AWTV High-G Yaw Vectoring
RIMAC-RAWTV-1284,304.9,-0.1,-1.5,-105.1,128,Balanced All-Wheel Traction
RIMAC-RAWTV-1285,238.0,0.95,13.0,761.1,146,Balanced All-Wheel Traction
RIMAC-RAWTV-1286,146.5,0.76,12.3,652.2,166,Balanced All-Wheel Traction
RIMAC-RAWTV-1287,103.4,0.53,5.2,459.0,154,Balanced All-Wheel Traction
RIMAC-RAWTV-1288,196.4,1.32,17.6,1137.3,176,Active R-AWTV High-G Yaw Vectoring
RIMAC-RAWTV-1289,179.9,0.02,0.8,75.3,124,Balanced All-Wheel Traction
RIMAC-RAWTV-1290,272.8,1.02,15.0,911.0,157,Balanced All-Wheel Traction
RIMAC-RAWTV-1291,129.7,-0.26,-1.8,-201.9,122,Balanced All-Wheel Traction
RIMAC-RAWTV-1292,120.3,0.74,11.0,639.5,162,Balanced All-Wheel Traction
RIMAC-RAWTV-1293,94.1,-0.26,-2.1,-105.9,115,Balanced All-Wheel Traction
RIMAC-RAWTV-1294,122.9,0.26,4.8,250.9,126,Balanced All-Wheel Traction
RIMAC-RAWTV-1295,77.3,-1.54,-22.1,-1359.1,168,Active R-AWTV High-G Yaw Vectoring
RIMAC-RAWTV-1296,148.3,-1.11,-15.0,-884.7,167,Balanced All-Wheel Traction
RIMAC-RAWTV-1297,118.4,-0.74,-9.0,-536.4,150,Balanced All-Wheel Traction
RIMAC-RAWTV-1298,199.0,-0.55,-8.2,-554.4,151,Balanced All-Wheel Traction
RIMAC-RAWTV-1299,225.4,-1.4,-20.7,-1127.8,178,Active R-AWTV High-G Yaw Vectoring
RIMAC-RAWTV-1300,177.1,0.74,10.6,633.2,167,Balanced All-Wheel Traction
RIMAC-RAWTV-1301,237.9,0.12,0.8,32.2,140,Balanced All-Wheel Traction
RIMAC-RAWTV-1302,172.2,-1.32,-17.7,-1134.6,168,Active R-AWTV High-G Yaw Vectoring
RIMAC-RAWTV-1303,254.8,0.73,8.8,664.1,155,Balanced All-Wheel Traction
RIMAC-RAWTV-1304,149.9,1.25,17.5,1101.0,178,Balanced All-Wheel Traction
RIMAC-RAWTV-1305,240.3,-0.03,0.7,-6.4,124,Balanced All-Wheel Traction
RIMAC-RAWTV-1306,269.4,0.78,11.2,644.5,153,Balanced All-Wheel Traction
RIMAC-RAWTV-1307,167.4,-0.26,-2.8,-226.4,126,Balanced All-Wheel Traction
RIMAC-RAWTV-1308,260.1,-0.07,-0.9,-54.9,121,Balanced All-Wheel Traction
RIMAC-RAWTV-1309,259.6,0.14,1.0,90.1,108,Balanced All-Wheel Traction
RIMAC-RAWTV-1310,237.6,-0.47,-7.1,-400.8,149,Balanced All-Wheel Traction
RIMAC-RAWTV-1311,175.9,-0.54,-8.6,-415.6,129,Balanced All-Wheel Traction
RIMAC-RAWTV-1312,124.0,-0.22,-5.1,-151.3,119,Balanced All-Wheel Traction
RIMAC-RAWTV-1313,319.6,-1.36,-19.7,-1230.4,168,Active R-AWTV High-G Yaw Vectoring
RIMAC-RAWTV-1314,312.8,1.04,14.8,891.7,162,Balanced All-Wheel Traction
RIMAC-RAWTV-1315,67.2,-0.15,-4.6,-143.8,114,Balanced All-Wheel Traction
RIMAC-RAWTV-1316,164.0,-1.22,-18.0,-1029.7,166,Balanced All-Wheel Traction
RIMAC-RAWTV-1317,84.1,1.33,20.8,1139.4,158,Active R-AWTV High-G Yaw Vectoring
RIMAC-RAWTV-1318,162.0,-0.91,-14.7,-801.3,142,Balanced All-Wheel Traction
RIMAC-RAWTV-1319,252.1,-0.11,-2.2,-151.2,105,Balanced All-Wheel Traction
RIMAC-RAWTV-1320,229.5,-1.28,-18.9,-1022.8,173,Balanced All-Wheel Traction
RIMAC-RAWTV-1321,224.1,0.23,2.5,241.9,133,Balanced All-Wheel Traction
RIMAC-RAWTV-1322,311.9,-0.6,-8.7,-526.3,148,Balanced All-Wheel Traction
RIMAC-RAWTV-1323,221.8,-0.42,-5.1,-338.4,148,Balanced All-Wheel Traction
RIMAC-RAWTV-1324,317.0,0.35,7.6,258.2,129,Balanced All-Wheel Traction
RIMAC-RAWTV-1325,187.1,0.7,9.2,527.2,149,Balanced All-Wheel Traction
RIMAC-RAWTV-1326,96.7,0.39,2.5,349.2,113,Balanced All-Wheel Traction
RIMAC-RAWTV-1327,187.4,0.81,10.7,628.3,135,Balanced All-Wheel Traction
RIMAC-RAWTV-1328,258.5,-1.39,-20.1,-1202.4,170,Active R-AWTV High-G Yaw Vectoring
RIMAC-RAWTV-1329,170.5,-0.51,-7.9,-447.3,134,Balanced All-Wheel Traction
RIMAC-RAWTV-1330,297.1,0.21,2.8,193.7,134,Balanced All-Wheel Traction
RIMAC-RAWTV-1331,108.4,-0.23,-3.8,-224.7,119,Balanced All-Wheel Traction
RIMAC-RAWTV-1332,260.0,-0.26,-3.4,-242.2,130,Balanced All-Wheel Traction
RIMAC-RAWTV-1333,273.6,0.79,10.2,739.2,157,Balanced All-Wheel Traction
RIMAC-RAWTV-1334,150.2,-1.49,-22.2,-1218.5,161,Active R-AWTV High-G Yaw Vectoring
RIMAC-RAWTV-1335,164.3,0.96,13.7,787.2,144,Balanced All-Wheel Traction
RIMAC-RAWTV-1336,234.3,0.83,11.7,677.4,139,Balanced All-Wheel Traction
RIMAC-RAWTV-1337,68.0,1.36,18.9,1137.3,156,Active R-AWTV High-G Yaw Vectoring
RIMAC-RAWTV-1338,311.7,-0.12,-1.4,-156.7,137,Balanced All-Wheel Traction
RIMAC-RAWTV-1339,184.7,0.32,3.8,255.8,138,Balanced All-Wheel Traction
RIMAC-RAWTV-1340,124.7,0.69,10.6,654.7,149,Balanced All-Wheel Traction
RIMAC-RAWTV-1341,215.5,0.43,8.8,480.1,130,Balanced All-Wheel Traction
RIMAC-RAWTV-1342,152.2,-1.01,-14.4,-916.1,151,Balanced All-Wheel Traction
RIMAC-RAWTV-1343,227.1,0.96,15.4,808.3,147,Balanced All-Wheel Traction
RIMAC-RAWTV-1344,142.9,-1.23,-19.5,-1004.5,168,Balanced All-Wheel Traction
RIMAC-RAWTV-1345,105.2,-0.1,-0.9,-25.7,105,Balanced All-Wheel Traction
RIMAC-RAWTV-1346,74.1,0.51,5.1,464.2,117,Balanced All-Wheel Traction
RIMAC-RAWTV-1347,174.8,0.37,5.1,291.2,129,Balanced All-Wheel Traction
RIMAC-RAWTV-1348,289.0,1.07,15.3,938.9,119,Balanced All-Wheel Traction
RIMAC-RAWTV-1349,137.3,0.23,3.1,230.5,117,Balanced All-Wheel Traction
RIMAC-RAWTV-1350,223.6,1.19,17.0,1044.0,160,Balanced All-Wheel Traction
RIMAC-RAWTV-1351,69.3,0.5,8.6,389.2,136,Balanced All-Wheel Traction
RIMAC-RAWTV-1352,66.1,-0.02,0.7,41.9,138,Balanced All-Wheel Traction
RIMAC-RAWTV-1353,315.3,-0.11,-1.0,-68.4,123,Balanced All-Wheel Traction
RIMAC-RAWTV-1354,145.2,-0.34,-5.8,-257.0,140,Balanced All-Wheel Traction
RIMAC-RAWTV-1355,73.1,0.47,7.2,389.9,133,Balanced All-Wheel Traction
RIMAC-RAWTV-1356,278.9,-0.22,-3.2,-222.3,98,Balanced All-Wheel Traction
RIMAC-RAWTV-1357,218.4,-0.21,-4.1,-100.2,131,Balanced All-Wheel Traction
RIMAC-RAWTV-1358,274.2,0.78,11.8,592.4,132,Balanced All-Wheel Traction
RIMAC-RAWTV-1359,159.5,1.48,20.6,1251.4,173,Active R-AWTV High-G Yaw Vectoring
RIMAC-RAWTV-1360,308.3,0.31,5.4,294.0,118,Balanced All-Wheel Traction
RIMAC-RAWTV-1361,118.1,-0.82,-10.7,-666.8,149,Balanced All-Wheel Traction
RIMAC-RAWTV-1362,203.3,-0.24,-3.6,-199.1,127,Balanced All-Wheel Traction
RIMAC-RAWTV-1363,221.2,-1.51,-24.1,-1219.5,161,Active R-AWTV High-G Yaw Vectoring
RIMAC-RAWTV-1364,306.6,1.57,20.7,1376.5,179,Active R-AWTV High-G Yaw Vectoring
RIMAC-RAWTV-1365,74.8,-0.86,-12.1,-757.1,160,Balanced All-Wheel Traction
RIMAC-RAWTV-1366,68.4,-0.03,0.4,-75.0,115,Balanced All-Wheel Traction
RIMAC-RAWTV-1367,225.4,0.05,1.0,-26.7,127,Balanced All-Wheel Traction
RIMAC-RAWTV-1368,156.6,0.02,0.2,3.0,137,Balanced All-Wheel Traction
RIMAC-RAWTV-1369,263.2,-0.03,0.7,-82.1,108,Balanced All-Wheel Traction
RIMAC-RAWTV-1370,78.8,-0.26,-4.0,-306.5,131,Balanced All-Wheel Traction
RIMAC-RAWTV-1371,70.8,0.91,13.3,741.8,155,Balanced All-Wheel Traction
RIMAC-RAWTV-1372,291.7,-1.25,-18.6,-1068.2,163,Balanced All-Wheel Traction
RIMAC-RAWTV-1373,78.7,-0.56,-8.8,-458.4,144,Balanced All-Wheel Traction
RIMAC-RAWTV-1374,168.5,0.09,1.4,127.5,122,Balanced All-Wheel Traction
RIMAC-RAWTV-1375,162.4,-1.33,-19.2,-1160.8,166,Active R-AWTV High-G Yaw Vectoring
RIMAC-RAWTV-1376,282.2,0.87,11.6,666.0,124,Balanced All-Wheel Traction
RIMAC-RAWTV-1377,315.4,-0.11,-1.2,-76.8,132,Balanced All-Wheel Traction
RIMAC-RAWTV-1378,315.2,-1.03,-15.7,-907.3,166,Balanced All-Wheel Traction
RIMAC-RAWTV-1379,192.3,1.3,18.7,1168.8,175,Balanced All-Wheel Traction
RIMAC-RAWTV-1380,243.8,0.92,12.8,685.9,157,Balanced All-Wheel Traction
RIMAC-RAWTV-1381,219.0,1.1,15.9,1013.2,168,Balanced All-Wheel Traction
RIMAC-RAWTV-1382,156.7,-0.6,-6.8,-467.4,159,Balanced All-Wheel Traction
RIMAC-RAWTV-1383,151.8,-1.17,-17.3,-930.4,153,Balanced All-Wheel Traction
RIMAC-RAWTV-1384,238.8,-1.23,-17.1,-1110.9,169,Balanced All-Wheel Traction
RIMAC-RAWTV-1385,99.1,-0.26,-2.4,-163.0,115,Balanced All-Wheel Traction
RIMAC-RAWTV-1386,139.2,-0.5,-8.4,-492.0,127,Balanced All-Wheel Traction
RIMAC-RAWTV-1387,75.0,0.65,12.1,601.3,138,Balanced All-Wheel Traction
RIMAC-RAWTV-1388,238.0,0.52,6.8,445.2,134,Balanced All-Wheel Traction
RIMAC-RAWTV-1389,278.2,-0.65,-11.8,-558.5,150,Balanced All-Wheel Traction
RIMAC-RAWTV-1390,142.5,-1.13,-17.3,-973.7,157,Balanced All-Wheel Traction
RIMAC-RAWTV-1391,279.1,-0.41,-5.8,-409.9,130,Balanced All-Wheel Traction
RIMAC-RAWTV-1392,61.3,0.45,7.6,331.9,139,Balanced All-Wheel Traction
RIMAC-RAWTV-1393,113.8,0.88,11.9,735.8,152,Balanced All-Wheel Traction
RIMAC-RAWTV-1394,93.2,-0.36,-5.2,-323.0,132,Balanced All-Wheel Traction
RIMAC-RAWTV-1395,245.5,0.09,0.9,47.7,128,Balanced All-Wheel Traction
RIMAC-RAWTV-1396,301.2,1.22,17.0,989.0,164,Balanced All-Wheel Traction
RIMAC-RAWTV-1397,102.7,0.09,1.1,104.3,127,Balanced All-Wheel Traction
RIMAC-RAWTV-1398,97.0,-0.67,-8.6,-547.6,149,Balanced All-Wheel Traction
RIMAC-RAWTV-1399,213.0,1.13,16.4,929.3,164,Balanced All-Wheel Traction
RIMAC-RAWTV-1400,251.6,-0.53,-7.7,-505.8,126,Balanced All-Wheel Traction
RIMAC-RAWTV-1401,101.8,1.31,18.2,1204.2,161,Active R-AWTV High-G Yaw Vectoring
RIMAC-RAWTV-1402,259.8,0.28,3.1,308.4,107,Balanced All-Wheel Traction
RIMAC-RAWTV-1403,61.2,0.19,3.5,225.3,130,Balanced All-Wheel Traction
RIMAC-RAWTV-1404,287.7,-0.77,-10.8,-654.6,149,Balanced All-Wheel Traction
RIMAC-RAWTV-1405,196.9,-0.14,-3.0,-160.4,123,Balanced All-Wheel Traction
RIMAC-RAWTV-1406,195.5,-1.51,-21.5,-1222.0,176,Active R-AWTV High-G Yaw Vectoring
RIMAC-RAWTV-1407,79.7,-1.32,-19.6,-1096.6,156,Active R-AWTV High-G Yaw Vectoring
RIMAC-RAWTV-1408,314.0,0.18,0.7,148.4,126,Balanced All-Wheel Traction
RIMAC-RAWTV-1409,144.3,-0.49,-8.4,-423.2,136,Balanced All-Wheel Traction
RIMAC-RAWTV-1410,234.5,1.26,18.7,1084.3,136,Balanced All-Wheel Traction
RIMAC-RAWTV-1411,179.0,0.62,9.7,512.7,139,Balanced All-Wheel Traction
RIMAC-RAWTV-1412,269.8,-0.5,-6.9,-466.1,132,Balanced All-Wheel Traction
RIMAC-RAWTV-1413,222.1,-0.44,-5.4,-434.8,130,Balanced All-Wheel Traction
RIMAC-RAWTV-1414,312.1,1.15,15.1,988.6,157,Balanced All-Wheel Traction
RIMAC-RAWTV-1415,217.0,-0.68,-8.1,-597.5,140,Balanced All-Wheel Traction
RIMAC-RAWTV-1416,97.9,0.92,12.1,745.5,144,Balanced All-Wheel Traction
RIMAC-RAWTV-1417,103.1,0.29,4.5,305.7,134,Balanced All-Wheel Traction
RIMAC-RAWTV-1418,130.5,-0.56,-8.8,-490.8,145,Balanced All-Wheel Traction
RIMAC-RAWTV-1419,201.8,1.47,24.9,1213.6,162,Active R-AWTV High-G Yaw Vectoring
RIMAC-RAWTV-1420,127.2,-1.12,-16.6,-958.9,145,Balanced All-Wheel Traction
RIMAC-RAWTV-1421,212.9,-0.8,-12.8,-652.0,166,Balanced All-Wheel Traction
RIMAC-RAWTV-1422,194.0,0.46,5.9,359.7,132,Balanced All-Wheel Traction
RIMAC-RAWTV-1423,113.5,-0.01,0.1,11.0,108,Balanced All-Wheel Traction
RIMAC-RAWTV-1424,73.5,-0.11,-0.8,-108.3,129,Balanced All-Wheel Traction
RIMAC-RAWTV-1425,260.5,-0.76,-10.9,-682.1,162,Balanced All-Wheel Traction
RIMAC-RAWTV-1426,169.2,-1.16,-15.8,-965.7,162,Balanced All-Wheel Traction
RIMAC-RAWTV-1427,176.7,0.92,15.4,801.3,162,Balanced All-Wheel Traction
RIMAC-RAWTV-1428,297.6,0.95,13.7,839.3,162,Balanced All-Wheel Traction
RIMAC-RAWTV-1429,297.5,0.66,9.0,593.2,143,Balanced All-Wheel Traction
RIMAC-RAWTV-1430,282.5,0.1,1.1,30.2,124,Balanced All-Wheel Traction
RIMAC-RAWTV-1431,169.7,0.6,8.5,509.9,139,Balanced All-Wheel Traction
RIMAC-RAWTV-1432,310.4,-0.06,-1.9,11.8,131,Balanced All-Wheel Traction
RIMAC-RAWTV-1433,193.5,0.95,14.1,884.5,146,Balanced All-Wheel Traction
RIMAC-RAWTV-1434,226.2,-1.07,-15.7,-961.4,162,Balanced All-Wheel Traction
RIMAC-RAWTV-1435,134.6,0.89,11.4,803.8,163,Balanced All-Wheel Traction
RIMAC-RAWTV-1436,314.5,-0.67,-11.7,-657.5,150,Balanced All-Wheel Traction
RIMAC-RAWTV-1437,307.4,-0.42,-6.0,-374.6,128,Balanced All-Wheel Traction
RIMAC-RAWTV-1438,91.7,0.3,3.8,262.0,119,Balanced All-Wheel Traction
RIMAC-RAWTV-1439,215.9,-0.93,-14.0,-807.8,138,Balanced All-Wheel Traction
RIMAC-RAWTV-1440,274.3,-1.19,-16.6,-968.6,149,Balanced All-Wheel Traction
RIMAC-RAWTV-1441,218.9,1.33,19.3,1152.3,174,Active R-AWTV High-G Yaw Vectoring
RIMAC-RAWTV-1442,182.2,-1.34,-19.0,-1061.8,174,Active R-AWTV High-G Yaw Vectoring
RIMAC-RAWTV-1443,244.1,1.21,15.7,1088.0,161,Balanced All-Wheel Traction
RIMAC-RAWTV-1444,219.8,0.95,13.3,815.7,146,Balanced All-Wheel Traction
RIMAC-RAWTV-1445,255.5,-1.18,-17.8,-987.5,163,Balanced All-Wheel Traction
RIMAC-RAWTV-1446,167.4,-0.06,-2.5,-23.2,129,Balanced All-Wheel Traction
RIMAC-RAWTV-1447,154.6,1.01,14.8,891.6,145,Balanced All-Wheel Traction
RIMAC-RAWTV-1448,180.8,0.13,1.9,85.9,127,Balanced All-Wheel Traction
RIMAC-RAWTV-1449,211.9,-0.57,-9.9,-484.2,144,Balanced All-Wheel Traction
RIMAC-RAWTV-1450,251.6,1.03,13.9,802.1,149,Balanced All-Wheel Traction
RIMAC-RAWTV-1451,297.8,0.34,4.8,265.2,139,Balanced All-Wheel Traction
RIMAC-RAWTV-1452,155.5,0.45,8.2,403.8,140,Balanced All-Wheel Traction
RIMAC-RAWTV-1453,105.5,0.23,4.3,169.2,137,Balanced All-Wheel Traction
RIMAC-RAWTV-1454,211.5,0.89,11.6,775.1,149,Balanced All-Wheel Traction
RIMAC-RAWTV-1455,121.3,0.83,11.0,757.1,139,Balanced All-Wheel Traction
RIMAC-RAWTV-1456,274.2,0.82,12.8,694.7,145,Balanced All-Wheel Traction
RIMAC-RAWTV-1457,91.0,-0.79,-11.0,-738.2,141,Balanced All-Wheel Traction
RIMAC-RAWTV-1458,240.7,1.03,15.5,888.5,147,Balanced All-Wheel Traction
RIMAC-RAWTV-1459,261.8,0.8,11.0,679.0,159,Balanced All-Wheel Traction
RIMAC-RAWTV-1460,319.5,-1.08,-16.6,-866.2,172,Balanced All-Wheel Traction
RIMAC-RAWTV-1461,195.5,0.98,14.1,880.7,169,Balanced All-Wheel Traction
RIMAC-RAWTV-1462,259.5,-1.45,-21.9,-1266.7,185,Active R-AWTV High-G Yaw Vectoring
RIMAC-RAWTV-1463,184.1,-0.1,0.4,-71.0,118,Balanced All-Wheel Traction
RIMAC-RAWTV-1464,128.2,-0.88,-11.9,-730.1,159,Balanced All-Wheel Traction
RIMAC-RAWTV-1465,273.3,1.5,20.9,1295.9,167,Active R-AWTV High-G Yaw Vectoring
RIMAC-RAWTV-1466,111.6,-1.57,-23.8,-1399.9,176,Active R-AWTV High-G Yaw Vectoring
RIMAC-RAWTV-1467,109.5,-0.79,-11.0,-618.9,163,Balanced All-Wheel Traction
RIMAC-RAWTV-1468,292.1,-0.08,-1.3,-63.9,128,Balanced All-Wheel Traction
RIMAC-RAWTV-1469,170.6,0.23,2.3,221.9,155,Balanced All-Wheel Traction
RIMAC-RAWTV-1470,306.7,0.51,7.7,484.7,149,Balanced All-Wheel Traction
RIMAC-RAWTV-1471,114.7,-1.56,-23.2,-1339.2,162,Active R-AWTV High-G Yaw Vectoring
RIMAC-RAWTV-1472,137.5,-0.72,-9.2,-617.5,150,Balanced All-Wheel Traction
RIMAC-RAWTV-1473,67.2,-0.14,-3.8,-99.5,153,Balanced All-Wheel Traction
RIMAC-RAWTV-1474,185.5,-0.34,-1.7,-349.7,127,Balanced All-Wheel Traction
RIMAC-RAWTV-1475,112.0,1.07,16.7,859.8,146,Balanced All-Wheel Traction
RIMAC-RAWTV-1476,201.0,-1.18,-17.3,-1054.6,163,Balanced All-Wheel Traction
RIMAC-RAWTV-1477,295.4,0.19,3.5,169.7,119,Balanced All-Wheel Traction
RIMAC-RAWTV-1478,208.8,1.51,22.6,1125.9,169,Active R-AWTV High-G Yaw Vectoring
RIMAC-RAWTV-1479,284.0,1.5,21.6,1252.9,171,Active R-AWTV High-G Yaw Vectoring
RIMAC-RAWTV-1480,236.6,0.17,2.0,99.9,150,Balanced All-Wheel Traction
RIMAC-RAWTV-1481,199.6,1.45,17.9,1195.0,161,Active R-AWTV High-G Yaw Vectoring
RIMAC-RAWTV-1482,182.3,0.08,1.2,-7.5,123,Balanced All-Wheel Traction
RIMAC-RAWTV-1483,196.0,-0.02,0.2,-28.2,123,Balanced All-Wheel Traction
RIMAC-RAWTV-1484,180.3,-0.06,0.3,-97.9,120,Balanced All-Wheel Traction
RIMAC-RAWTV-1485,118.1,1.3,18.6,1078.8,160,Balanced All-Wheel Traction
RIMAC-RAWTV-1486,304.2,-0.48,-7.0,-368.6,128,Balanced All-Wheel Traction
RIMAC-RAWTV-1487,178.2,-0.14,-1.2,-168.6,124,Balanced All-Wheel Traction
RIMAC-RAWTV-1488,290.7,-0.68,-9.4,-596.1,148,Balanced All-Wheel Traction
RIMAC-RAWTV-1489,267.1,-1.51,-22.6,-1273.0,175,Active R-AWTV High-G Yaw Vectoring
RIMAC-RAWTV-1490,283.0,0.9,12.6,689.2,145,Balanced All-Wheel Traction
RIMAC-RAWTV-1491,300.5,1.16,17.1,1000.2,157,Balanced All-Wheel Traction
RIMAC-RAWTV-1492,135.7,0.38,5.1,260.3,120,Balanced All-Wheel Traction
RIMAC-RAWTV-1493,279.2,1.45,22.7,1249.9,185,Active R-AWTV High-G Yaw Vectoring
RIMAC-RAWTV-1494,180.4,0.74,11.8,652.3,137,Balanced All-Wheel Traction
RIMAC-RAWTV-1495,265.5,0.56,7.6,414.1,131,Balanced All-Wheel Traction
RIMAC-RAWTV-1496,214.2,0.87,12.8,763.3,148,Balanced All-Wheel Traction
RIMAC-RAWTV-1497,275.9,-0.71,-9.6,-681.9,144,Balanced All-Wheel Traction
RIMAC-RAWTV-1498,117.7,-1.07,-16.1,-1016.1,144,Balanced All-Wheel Traction
RIMAC-RAWTV-1499,307.7,-1.12,-17.5,-914.9,164,Balanced All-Wheel Traction
RIMAC-RAWTV-1500,76.9,-0.82,-9.8,-689.4,151,Balanced All-Wheel Traction
RIMAC-RAWTV-1501,175.3,-0.87,-11.5,-765.7,142,Balanced All-Wheel Traction
RIMAC-RAWTV-1502,148.6,0.73,9.3,584.8,140,Balanced All-Wheel Traction
RIMAC-RAWTV-1503,268.1,0.44,6.8,420.5,129,Balanced All-Wheel Traction
RIMAC-RAWTV-1504,229.5,-1.14,-17.8,-1037.0,176,Balanced All-Wheel Traction
RIMAC-RAWTV-1505,285.7,-1.31,-18.4,-1129.7,175,Active R-AWTV High-G Yaw Vectoring
RIMAC-RAWTV-1506,71.3,-1.16,-17.0,-949.4,158,Balanced All-Wheel Traction
RIMAC-RAWTV-1507,270.4,-0.79,-12.7,-602.0,138,Balanced All-Wheel Traction
RIMAC-RAWTV-1508,179.3,-0.61,-9.1,-467.3,136,Balanced All-Wheel Traction
RIMAC-RAWTV-1509,319.3,-1.25,-17.4,-1050.6,177,Balanced All-Wheel Traction
RIMAC-RAWTV-1510,210.7,1.19,18.0,925.4,162,Balanced All-Wheel Traction
RIMAC-RAWTV-1511,275.5,-1.33,-17.7,-1107.1,156,Active R-AWTV High-G Yaw Vectoring
RIMAC-RAWTV-1512,248.3,1.51,21.2,1344.1,177,Active R-AWTV High-G Yaw Vectoring
RIMAC-RAWTV-1513,294.0,0.93,13.1,834.0,140,Balanced All-Wheel Traction
RIMAC-RAWTV-1514,238.3,-1.52,-23.2,-1278.8,177,Active R-AWTV High-G Yaw Vectoring
RIMAC-RAWTV-1515,129.8,0.52,7.4,431.1,146,Balanced All-Wheel Traction
RIMAC-RAWTV-1516,144.0,-1.44,-19.3,-1235.7,181,Active R-AWTV High-G Yaw Vectoring
RIMAC-RAWTV-1517,244.8,0.02,-0.4,121.6,121,Balanced All-Wheel Traction
RIMAC-RAWTV-1518,107.6,0.25,5.1,161.3,118,Balanced All-Wheel Traction
RIMAC-RAWTV-1519,98.7,-0.06,-0.8,-13.0,113,Balanced All-Wheel Traction
RIMAC-RAWTV-1520,142.7,1.09,14.2,880.2,159,Balanced All-Wheel Traction
RIMAC-RAWTV-1521,87.5,0.17,1.2,174.6,117,Balanced All-Wheel Traction
RIMAC-RAWTV-1522,277.8,-0.22,-2.1,-244.0,110,Balanced All-Wheel Traction
RIMAC-RAWTV-1523,109.0,0.8,11.9,731.6,152,Balanced All-Wheel Traction
RIMAC-RAWTV-1524,91.0,-0.88,-13.1,-780.5,160,Balanced All-Wheel Traction
RIMAC-RAWTV-1525,145.3,0.05,-0.2,37.7,112,Balanced All-Wheel Traction
RIMAC-RAWTV-1526,66.1,-1.47,-22.4,-1167.1,167,Active R-AWTV High-G Yaw Vectoring
RIMAC-RAWTV-1527,153.1,-0.43,-5.8,-286.1,142,Balanced All-Wheel Traction
RIMAC-RAWTV-1528,174.0,1.53,22.3,1311.9,169,Active R-AWTV High-G Yaw Vectoring
RIMAC-RAWTV-1529,262.1,-1.18,-17.7,-1030.7,157,Balanced All-Wheel Traction
RIMAC-RAWTV-1530,64.4,0.41,5.9,294.8,130,Balanced All-Wheel Traction
RIMAC-RAWTV-1531,158.0,0.1,1.3,71.9,127,Balanced All-Wheel Traction
RIMAC-RAWTV-1532,133.4,-1.53,-23.0,-1298.6,166,Active R-AWTV High-G Yaw Vectoring
RIMAC-RAWTV-1533,87.0,0.97,11.7,861.8,151,Balanced All-Wheel Traction
RIMAC-RAWTV-1534,71.5,-1.4,-19.3,-1217.7,170,Active R-AWTV High-G Yaw Vectoring
RIMAC-RAWTV-1535,256.0,-0.28,-6.3,-211.5,125,Balanced All-Wheel Traction
RIMAC-RAWTV-1536,287.1,0.4,7.7,241.1,143,Balanced All-Wheel Traction
RIMAC-RAWTV-1537,279.7,1.4,18.2,1166.6,161,Active R-AWTV High-G Yaw Vectoring
RIMAC-RAWTV-1538,72.5,-0.9,-13.7,-746.0,157,Balanced All-Wheel Traction
RIMAC-RAWTV-1539,63.1,0.38,6.5,273.2,122,Balanced All-Wheel Traction
RIMAC-RAWTV-1540,121.3,-1.53,-20.9,-1168.0,156,Active R-AWTV High-G Yaw Vectoring
RIMAC-RAWTV-1541,227.5,-0.46,-7.2,-348.0,137,Balanced All-Wheel Traction
RIMAC-RAWTV-1542,168.5,0.83,12.3,721.9,153,Balanced All-Wheel Traction
RIMAC-RAWTV-1543,90.5,1.37,18.6,1129.3,172,Active R-AWTV High-G Yaw Vectoring
RIMAC-RAWTV-1544,134.8,1.4,20.4,1250.8,162,Active R-AWTV High-G Yaw Vectoring
RIMAC-RAWTV-1545,147.2,-0.82,-11.9,-682.7,144,Balanced All-Wheel Traction
RIMAC-RAWTV-1546,298.8,-0.21,-2.9,-241.1,128,Balanced All-Wheel Traction
RIMAC-RAWTV-1547,159.4,-1.39,-20.6,-1166.2,162,Active R-AWTV High-G Yaw Vectoring
RIMAC-RAWTV-1548,198.2,-0.65,-7.7,-473.5,144,Balanced All-Wheel Traction
RIMAC-RAWTV-1549,222.7,1.21,18.9,973.5,178,Balanced All-Wheel Traction
RIMAC-RAWTV-1550,247.7,0.54,6.5,440.5,141,Balanced All-Wheel Traction
RIMAC-RAWTV-1551,216.3,0.72,14.4,611.0,158,Balanced All-Wheel Traction
RIMAC-RAWTV-1552,96.9,0.96,14.9,839.7,157,Balanced All-Wheel Traction
RIMAC-RAWTV-1553,151.8,-0.33,-4.3,-284.3,119,Balanced All-Wheel Traction
RIMAC-RAWTV-1554,280.9,0.07,3.5,63.6,141,Balanced All-Wheel Traction
RIMAC-RAWTV-1555,127.1,-1.26,-18.1,-1020.8,170,Balanced All-Wheel Traction
RIMAC-RAWTV-1556,130.9,-0.68,-10.3,-497.6,149,Balanced All-Wheel Traction
RIMAC-RAWTV-1557,247.8,-0.14,-2.9,-122.1,131,Balanced All-Wheel Traction
RIMAC-RAWTV-1558,309.7,1.4,20.9,1197.6,153,Active R-AWTV High-G Yaw Vectoring
RIMAC-RAWTV-1559,106.2,-0.83,-12.4,-797.3,161,Balanced All-Wheel Traction
RIMAC-RAWTV-1560,216.9,-0.28,-4.2,-283.2,129,Balanced All-Wheel Traction
RIMAC-RAWTV-1561,88.8,1.09,16.2,936.4,156,Balanced All-Wheel Traction
RIMAC-RAWTV-1562,157.7,1.51,21.4,1291.3,175,Active R-AWTV High-G Yaw Vectoring
RIMAC-RAWTV-1563,117.8,1.28,17.9,1104.6,176,Balanced All-Wheel Traction
RIMAC-RAWTV-1564,310.3,0.12,1.5,67.0,120,Balanced All-Wheel Traction
RIMAC-RAWTV-1565,210.6,0.97,13.0,839.8,164,Balanced All-Wheel Traction
RIMAC-RAWTV-1566,94.7,-0.2,-2.1,-192.5,129,Balanced All-Wheel Traction
RIMAC-RAWTV-1567,265.1,-1.15,-15.4,-1019.1,160,Balanced All-Wheel Traction
RIMAC-RAWTV-1568,271.6,1.16,15.4,1005.3,162,Balanced All-Wheel Traction
RIMAC-RAWTV-1569,130.5,-1.14,-16.6,-928.4,172,Balanced All-Wheel Traction
RIMAC-RAWTV-1570,234.7,-0.5,-7.0,-404.4,122,Balanced All-Wheel Traction
RIMAC-RAWTV-1571,159.2,-0.64,-7.5,-553.9,151,Balanced All-Wheel Traction
RIMAC-RAWTV-1572,126.2,-1.56,-21.6,-1253.9,171,Active R-AWTV High-G Yaw Vectoring
RIMAC-RAWTV-1573,121.7,-0.94,-12.2,-785.2,167,Balanced All-Wheel Traction
RIMAC-RAWTV-1574,157.8,0.14,2.3,142.3,130,Balanced All-Wheel Traction
RIMAC-RAWTV-1575,255.6,-1.35,-19.5,-1162.6,166,Active R-AWTV High-G Yaw Vectoring
RIMAC-RAWTV-1576,205.2,1.44,22.4,1265.9,147,Active R-AWTV High-G Yaw Vectoring
RIMAC-RAWTV-1577,192.1,-1.54,-22.6,-1316.2,192,Active R-AWTV High-G Yaw Vectoring
RIMAC-RAWTV-1578,219.3,-0.67,-9.4,-543.5,148,Balanced All-Wheel Traction
RIMAC-RAWTV-1579,103.2,0.61,7.0,457.3,130,Balanced All-Wheel Traction
RIMAC-RAWTV-1580,221.6,1.02,16.3,811.9,171,Balanced All-Wheel Traction
RIMAC-RAWTV-1581,280.3,1.3,16.4,1094.2,172,Active R-AWTV High-G Yaw Vectoring
RIMAC-RAWTV-1582,315.6,-0.07,-0.6,-7.4,127,Balanced All-Wheel Traction
RIMAC-RAWTV-1583,107.6,-1.16,-16.3,-924.9,161,Balanced All-Wheel Traction
RIMAC-RAWTV-1584,150.0,-1.6,-23.0,-1377.8,180,Active R-AWTV High-G Yaw Vectoring
RIMAC-RAWTV-1585,282.6,0.02,0.3,68.0,128,Balanced All-Wheel Traction
RIMAC-RAWTV-1586,160.3,0.95,14.4,796.7,138,Balanced All-Wheel Traction
RIMAC-RAWTV-1587,169.5,-1.51,-19.2,-1285.9,193,Active R-AWTV High-G Yaw Vectoring
RIMAC-RAWTV-1588,83.0,-0.94,-11.8,-858.2,130,Balanced All-Wheel Traction
RIMAC-RAWTV-1589,242.4,1.33,18.5,1140.1,165,Active R-AWTV High-G Yaw Vectoring
RIMAC-RAWTV-1590,250.5,-1.47,-20.4,-1218.8,182,Active R-AWTV High-G Yaw Vectoring
RIMAC-RAWTV-1591,207.0,-0.78,-10.5,-624.2,139,Balanced All-Wheel Traction
RIMAC-RAWTV-1592,304.5,0.87,12.4,732.9,158,Balanced All-Wheel Traction
RIMAC-RAWTV-1593,165.1,-1.13,-15.9,-959.1,155,Balanced All-Wheel Traction
RIMAC-RAWTV-1594,75.5,-1.45,-20.9,-1190.7,170,Active R-AWTV High-G Yaw Vectoring
RIMAC-RAWTV-1595,98.1,1.43,19.6,1250.1,168,Active R-AWTV High-G Yaw Vectoring
RIMAC-RAWTV-1596,214.8,-1.33,-18.1,-1151.3,179,Active R-AWTV High-G Yaw Vectoring
RIMAC-RAWTV-1597,98.1,-0.03,0.6,-66.6,144,Balanced All-Wheel Traction
RIMAC-RAWTV-1598,164.5,-1.13,-16.1,-1037.7,174,Balanced All-Wheel Traction
RIMAC-RAWTV-1599,123.8,1.54,22.0,1320.4,172,Active R-AWTV High-G Yaw Vectoring
RIMAC-RAWTV-1600,166.2,-0.97,-14.2,-786.9,155,Balanced All-Wheel Traction
RIMAC-RAWTV-1601,117.4,-1.16,-16.8,-946.2,148,Balanced All-Wheel Traction
RIMAC-RAWTV-1602,94.3,-1.33,-20.4,-1129.9,158,Active R-AWTV High-G Yaw Vectoring
RIMAC-RAWTV-1603,307.5,-1.21,-17.2,-1084.7,162,Balanced All-Wheel Traction
RIMAC-RAWTV-1604,217.9,-1.42,-20.9,-1111.4,179,Active R-AWTV High-G Yaw Vectoring
RIMAC-RAWTV-1605,111.4,0.84,13.8,682.7,162,Balanced All-Wheel Traction
RIMAC-RAWTV-1606,68.7,-1.13,-17.3,-928.7,161,Balanced All-Wheel Traction
RIMAC-RAWTV-1607,206.0,0.66,12.2,597.3,145,Balanced All-Wheel Traction
RIMAC-RAWTV-1608,259.8,-0.93,-16.5,-741.4,153,Balanced All-Wheel Traction
RIMAC-RAWTV-1609,261.0,-0.18,-5.2,-171.3,116,Balanced All-Wheel Traction
RIMAC-RAWTV-1610,299.0,-1.32,-17.1,-1114.0,154,Active R-AWTV High-G Yaw Vectoring
RIMAC-RAWTV-1611,157.8,1.16,18.4,924.8,156,Balanced All-Wheel Traction
RIMAC-RAWTV-1612,184.0,-0.35,-5.0,-287.4,123,Balanced All-Wheel Traction
RIMAC-RAWTV-1613,313.1,-0.42,-6.5,-335.8,145,Balanced All-Wheel Traction
RIMAC-RAWTV-1614,314.7,-0.5,-5.1,-448.0,152,Balanced All-Wheel Traction
RIMAC-RAWTV-1615,147.3,-0.3,-3.7,-248.5,117,Balanced All-Wheel Traction
RIMAC-RAWTV-1616,126.0,0.21,4.0,228.3,138,Balanced All-Wheel Traction
RIMAC-RAWTV-1617,226.2,-1.36,-19.3,-1094.1,178,Active R-AWTV High-G Yaw Vectoring
RIMAC-RAWTV-1618,283.1,-0.48,-6.0,-385.3,148,Balanced All-Wheel Traction
RIMAC-RAWTV-1619,199.8,0.41,3.9,379.8,130,Balanced All-Wheel Traction
RIMAC-RAWTV-1620,300.5,-0.1,-1.3,-108.5,118,Balanced All-Wheel Traction
RIMAC-RAWTV-1621,176.3,-0.62,-8.5,-580.7,135,Balanced All-Wheel Traction
RIMAC-RAWTV-1622,143.5,-0.77,-11.2,-726.4,142,Balanced All-Wheel Traction
RIMAC-RAWTV-1623,189.6,-0.64,-8.4,-495.0,145,Balanced All-Wheel Traction
RIMAC-RAWTV-1624,107.4,0.25,4.0,251.1,117,Balanced All-Wheel Traction
RIMAC-RAWTV-1625,70.4,-0.27,-5.1,-261.9,130,Balanced All-Wheel Traction
RIMAC-RAWTV-1626,74.2,1.35,21.2,1167.3,166,Active R-AWTV High-G Yaw Vectoring
RIMAC-RAWTV-1627,163.5,0.96,13.8,795.3,155,Balanced All-Wheel Traction
RIMAC-RAWTV-1628,204.9,0.25,4.7,224.4,134,Balanced All-Wheel Traction
RIMAC-RAWTV-1629,148.6,-1.0,-13.5,-795.8,160,Balanced All-Wheel Traction
RIMAC-RAWTV-1630,314.3,-1.14,-16.1,-898.7,168,Balanced All-Wheel Traction
RIMAC-RAWTV-1631,242.7,-0.3,-5.3,-231.9,145,Balanced All-Wheel Traction
RIMAC-RAWTV-1632,100.8,-1.17,-17.0,-938.2,168,Balanced All-Wheel Traction
RIMAC-RAWTV-1633,252.9,-1.56,-21.6,-1282.0,183,Active R-AWTV High-G Yaw Vectoring
RIMAC-RAWTV-1634,276.3,-1.08,-15.4,-949.7,160,Balanced All-Wheel Traction
RIMAC-RAWTV-1635,194.5,0.85,12.6,746.3,147,Balanced All-Wheel Traction
RIMAC-RAWTV-1636,298.1,-0.69,-10.8,-572.7,151,Balanced All-Wheel Traction
RIMAC-RAWTV-1637,257.6,0.36,6.0,306.7,131,Balanced All-Wheel Traction
RIMAC-RAWTV-1638,232.3,1.26,19.3,1118.2,159,Balanced All-Wheel Traction
RIMAC-RAWTV-1639,121.2,1.44,21.6,1270.3,174,Active R-AWTV High-G Yaw Vectoring
RIMAC-RAWTV-1640,201.5,-1.03,-14.8,-849.4,155,Balanced All-Wheel Traction
RIMAC-RAWTV-1641,220.9,1.54,24.5,1314.7,184,Active R-AWTV High-G Yaw Vectoring
RIMAC-RAWTV-1642,317.3,1.55,23.6,1350.5,187,Active R-AWTV High-G Yaw Vectoring
RIMAC-RAWTV-1643,283.4,-1.58,-23.2,-1395.1,164,Active R-AWTV High-G Yaw Vectoring
RIMAC-RAWTV-1644,266.0,-1.2,-14.5,-988.4,157,Balanced All-Wheel Traction
RIMAC-RAWTV-1645,276.4,-0.86,-12.8,-688.0,162,Balanced All-Wheel Traction
RIMAC-RAWTV-1646,208.0,1.07,14.9,927.1,153,Balanced All-Wheel Traction
RIMAC-RAWTV-1647,127.6,0.97,13.5,840.3,155,Balanced All-Wheel Traction
RIMAC-RAWTV-1648,186.5,-1.24,-16.2,-1044.7,179,Balanced All-Wheel Traction
RIMAC-RAWTV-1649,158.8,1.15,14.7,924.0,168,Balanced All-Wheel Traction
RIMAC-RAWTV-1650,291.9,-1.05,-16.0,-836.0,158,Balanced All-Wheel Traction
RIMAC-RAWTV-1651,128.4,-1.15,-15.4,-907.4,157,Balanced All-Wheel Traction
RIMAC-RAWTV-1652,269.6,0.45,7.0,349.1,134,Balanced All-Wheel Traction
RIMAC-RAWTV-1653,131.1,-0.38,-5.4,-307.2,123,Balanced All-Wheel Traction
RIMAC-RAWTV-1654,69.0,0.84,10.9,675.9,149,Balanced All-Wheel Traction
RIMAC-RAWTV-1655,65.3,1.01,13.9,833.9,154,Balanced All-Wheel Traction
RIMAC-RAWTV-1656,288.8,-0.33,-5.8,-261.7,138,Balanced All-Wheel Traction
RIMAC-RAWTV-1657,143.4,-0.65,-10.5,-476.2,155,Balanced All-Wheel Traction
RIMAC-RAWTV-1658,276.0,-1.14,-16.3,-994.9,171,Balanced All-Wheel Traction
RIMAC-RAWTV-1659,307.0,0.01,-0.1,15.2,129,Balanced All-Wheel Traction
RIMAC-RAWTV-1660,163.5,-0.15,2.8,-107.9,108,Balanced All-Wheel Traction
RIMAC-RAWTV-1661,298.4,0.78,11.7,683.1,155,Balanced All-Wheel Traction
RIMAC-RAWTV-1662,86.2,1.13,16.9,956.2,148,Balanced All-Wheel Traction
RIMAC-RAWTV-1663,277.2,-0.17,-1.7,-228.0,133,Balanced All-Wheel Traction
RIMAC-RAWTV-1664,170.3,0.32,6.9,266.8,129,Balanced All-Wheel Traction
RIMAC-RAWTV-1665,248.7,-1.29,-19.7,-1106.4,174,Balanced All-Wheel Traction
RIMAC-RAWTV-1666,267.2,-0.49,-6.5,-424.8,140,Balanced All-Wheel Traction
RIMAC-RAWTV-1667,208.6,1.4,19.9,1142.4,157,Active R-AWTV High-G Yaw Vectoring
RIMAC-RAWTV-1668,267.4,0.45,6.7,349.0,143,Balanced All-Wheel Traction
RIMAC-RAWTV-1669,141.9,0.77,11.2,663.1,148,Balanced All-Wheel Traction
RIMAC-RAWTV-1670,263.4,1.47,20.8,1167.3,158,Active R-AWTV High-G Yaw Vectoring
RIMAC-RAWTV-1671,277.7,1.47,21.6,1267.9,169,Active R-AWTV High-G Yaw Vectoring
RIMAC-RAWTV-1672,266.4,0.14,4.1,209.7,125,Balanced All-Wheel Traction
RIMAC-RAWTV-1673,250.5,-1.5,-23.9,-1366.8,177,Active R-AWTV High-G Yaw Vectoring
RIMAC-RAWTV-1674,317.1,-0.11,-0.2,-111.2,118,Balanced All-Wheel Traction
RIMAC-RAWTV-1675,317.7,1.36,17.9,1111.8,166,Active R-AWTV High-G Yaw Vectoring
RIMAC-RAWTV-1676,113.1,-0.51,-5.9,-407.3,169,Balanced All-Wheel Traction
RIMAC-RAWTV-1677,119.1,1.28,18.3,1093.6,171,Balanced All-Wheel Traction
RIMAC-RAWTV-1678,102.8,0.28,2.6,281.5,114,Balanced All-Wheel Traction
RIMAC-RAWTV-1679,168.1,-1.59,-22.2,-1332.6,184,Active R-AWTV High-G Yaw Vectoring
RIMAC-RAWTV-1680,176.1,-1.2,-18.2,-1005.6,145,Balanced All-Wheel Traction
RIMAC-RAWTV-1681,199.3,0.85,12.1,665.7,158,Balanced All-Wheel Traction
RIMAC-RAWTV-1682,168.8,-0.67,-10.1,-574.8,164,Balanced All-Wheel Traction
RIMAC-RAWTV-1683,214.9,-0.63,-10.6,-522.0,148,Balanced All-Wheel Traction
RIMAC-RAWTV-1684,223.7,0.15,2.0,29.9,123,Balanced All-Wheel Traction
RIMAC-RAWTV-1685,303.5,-0.47,-5.7,-405.2,137,Balanced All-Wheel Traction
RIMAC-RAWTV-1686,133.5,-0.58,-6.4,-413.4,148,Balanced All-Wheel Traction
RIMAC-RAWTV-1687,191.3,0.09,1.3,20.2,132,Balanced All-Wheel Traction
RIMAC-RAWTV-1688,151.8,-0.75,-11.5,-671.8,146,Balanced All-Wheel Traction
RIMAC-RAWTV-1689,318.0,1.59,24.4,1400.0,176,Active R-AWTV High-G Yaw Vectoring
RIMAC-RAWTV-1690,60.1,-1.43,-19.4,-1278.3,156,Active R-AWTV High-G Yaw Vectoring
RIMAC-RAWTV-1691,230.4,0.68,10.4,651.4,142,Balanced All-Wheel Traction
RIMAC-RAWTV-1692,153.4,0.17,0.9,82.3,139,Balanced All-Wheel Traction
RIMAC-RAWTV-1693,272.1,-0.44,-4.9,-413.8,140,Balanced All-Wheel Traction
RIMAC-RAWTV-1694,66.6,0.78,12.3,651.2,141,Balanced All-Wheel Traction
RIMAC-RAWTV-1695,65.4,-0.16,-2.1,-140.8,131,Balanced All-Wheel Traction
RIMAC-RAWTV-1696,124.9,0.55,7.2,471.4,129,Balanced All-Wheel Traction
RIMAC-RAWTV-1697,318.5,1.25,17.2,1025.9,155,Balanced All-Wheel Traction
RIMAC-RAWTV-1698,183.3,0.02,-1.2,75.5,130,Balanced All-Wheel Traction
RIMAC-RAWTV-1699,150.3,1.16,15.9,962.7,165,Balanced All-Wheel Traction
RIMAC-RAWTV-1700,200.0,-1.05,-16.0,-879.0,154,Balanced All-Wheel Traction
RIMAC-RAWTV-1701,208.0,-0.07,-0.8,-7.8,120,Balanced All-Wheel Traction
RIMAC-RAWTV-1702,272.5,1.42,22.9,1193.3,174,Active R-AWTV High-G Yaw Vectoring
RIMAC-RAWTV-1703,100.2,-0.47,-7.1,-397.2,148,Balanced All-Wheel Traction
RIMAC-RAWTV-1704,245.2,-0.58,-7.3,-493.7,142,Balanced All-Wheel Traction
RIMAC-RAWTV-1705,301.1,-0.8,-13.9,-710.5,153,Balanced All-Wheel Traction
RIMAC-RAWTV-1706,317.0,-1.44,-22.2,-1299.7,159,Active R-AWTV High-G Yaw Vectoring
RIMAC-RAWTV-1707,218.8,0.35,3.8,365.5,129,Balanced All-Wheel Traction
RIMAC-RAWTV-1708,317.3,-0.2,-2.3,-117.2,139,Balanced All-Wheel Traction
RIMAC-RAWTV-1709,191.1,0.25,4.4,184.8,129,Balanced All-Wheel Traction
RIMAC-RAWTV-1710,250.0,0.23,3.3,229.5,123,Balanced All-Wheel Traction
RIMAC-RAWTV-1711,87.6,-0.83,-14.3,-702.5,146,Balanced All-Wheel Traction
RIMAC-RAWTV-1712,223.7,0.08,3.0,75.9,121,Balanced All-Wheel Traction
RIMAC-RAWTV-1713,270.6,0.89,13.9,714.9,155,Balanced All-Wheel Traction
RIMAC-RAWTV-1714,309.4,-1.22,-18.6,-909.7,172,Balanced All-Wheel Traction
RIMAC-RAWTV-1715,188.1,-1.11,-14.0,-868.8,156,Balanced All-Wheel Traction
RIMAC-RAWTV-1716,118.5,1.11,15.9,856.7,145,Balanced All-Wheel Traction
RIMAC-RAWTV-1717,203.6,-0.74,-8.6,-609.8,162,Balanced All-Wheel Traction
RIMAC-RAWTV-1718,134.9,-0.15,-3.3,-171.9,116,Balanced All-Wheel Traction
RIMAC-RAWTV-1719,310.2,0.03,-0.0,68.4,133,Balanced All-Wheel Traction
RIMAC-RAWTV-1720,117.9,1.03,13.1,705.1,160,Balanced All-Wheel Traction
RIMAC-RAWTV-1721,196.4,0.39,6.0,302.2,138,Balanced All-Wheel Traction
RIMAC-RAWTV-1722,165.6,-0.46,-7.8,-439.5,145,Balanced All-Wheel Traction
RIMAC-RAWTV-1723,232.8,1.38,19.6,1144.9,164,Active R-AWTV High-G Yaw Vectoring
RIMAC-RAWTV-1724,180.6,1.5,22.1,1242.9,172,Active R-AWTV High-G Yaw Vectoring
RIMAC-RAWTV-1725,142.3,0.12,2.1,139.5,114,Balanced All-Wheel Traction
RIMAC-RAWTV-1726,297.9,1.2,16.5,948.9,162,Balanced All-Wheel Traction
RIMAC-RAWTV-1727,274.2,0.08,-0.6,57.7,117,Balanced All-Wheel Traction
RIMAC-RAWTV-1728,222.3,1.44,22.0,1278.9,167,Active R-AWTV High-G Yaw Vectoring
RIMAC-RAWTV-1729,302.9,1.02,16.0,865.2,159,Balanced All-Wheel Traction
RIMAC-RAWTV-1730,295.4,-0.3,-3.1,-221.0,119,Balanced All-Wheel Traction
RIMAC-RAWTV-1731,282.5,-0.21,-2.9,-249.7,130,Balanced All-Wheel Traction
RIMAC-RAWTV-1732,60.7,1.3,18.8,1112.9,179,Balanced All-Wheel Traction
RIMAC-RAWTV-1733,296.0,-0.75,-10.2,-641.4,141,Balanced All-Wheel Traction
RIMAC-RAWTV-1734,73.6,1.33,19.9,1123.2,165,Active R-AWTV High-G Yaw Vectoring
RIMAC-RAWTV-1735,167.6,-0.13,-0.6,-215.8,124,Balanced All-Wheel Traction
RIMAC-RAWTV-1736,190.9,1.29,18.4,1116.2,184,Balanced All-Wheel Traction
RIMAC-RAWTV-1737,284.1,-1.57,-22.7,-1333.2,171,Active R-AWTV High-G Yaw Vectoring
RIMAC-RAWTV-1738,113.9,-0.65,-10.2,-593.8,159,Balanced All-Wheel Traction
RIMAC-RAWTV-1739,85.7,-0.35,-6.7,-290.4,129,Balanced All-Wheel Traction
RIMAC-RAWTV-1740,311.9,-1.28,-21.1,-1083.0,169,Balanced All-Wheel Traction
RIMAC-RAWTV-1741,86.8,0.34,0.9,248.9,127,Balanced All-Wheel Traction
RIMAC-RAWTV-1742,147.5,1.17,16.4,1064.5,151,Balanced All-Wheel Traction
RIMAC-RAWTV-1743,237.2,-0.68,-10.0,-495.7,135,Balanced All-Wheel Traction
RIMAC-RAWTV-1744,290.6,-1.44,-19.2,-1285.7,147,Active R-AWTV High-G Yaw Vectoring
RIMAC-RAWTV-1745,282.2,0.98,15.3,807.8,151,Balanced All-Wheel Traction
RIMAC-RAWTV-1746,141.4,0.83,10.5,688.2,148,Balanced All-Wheel Traction
RIMAC-RAWTV-1747,305.8,-1.03,-13.7,-847.3,155,Balanced All-Wheel Traction
RIMAC-RAWTV-1748,132.1,0.74,8.9,662.5,142,Balanced All-Wheel Traction
RIMAC-RAWTV-1749,91.7,0.91,11.2,775.8,163,Balanced All-Wheel Traction
RIMAC-RAWTV-1750,209.4,1.01,11.7,854.7,158,Balanced All-Wheel Traction
RIMAC-RAWTV-1751,265.3,0.09,1.1,114.7,136,Balanced All-Wheel Traction
RIMAC-RAWTV-1752,97.1,-1.27,-19.4,-1036.4,159,Balanced All-Wheel Traction
RIMAC-RAWTV-1753,80.5,-1.0,-12.3,-846.5,132,Balanced All-Wheel Traction
RIMAC-RAWTV-1754,157.6,0.11,3.1,94.1,118,Balanced All-Wheel Traction
RIMAC-RAWTV-1755,301.3,1.31,19.1,1128.3,157,Active R-AWTV High-G Yaw Vectoring
RIMAC-RAWTV-1756,232.2,-0.64,-9.0,-493.1,137,Balanced All-Wheel Traction
RIMAC-RAWTV-1757,94.4,-1.53,-21.2,-1312.8,169,Active R-AWTV High-G Yaw Vectoring
RIMAC-RAWTV-1758,154.6,-0.84,-11.0,-738.2,156,Balanced All-Wheel Traction
RIMAC-RAWTV-1759,145.6,1.4,21.4,1245.1,164,Active R-AWTV High-G Yaw Vectoring
RIMAC-RAWTV-1760,143.5,0.27,5.1,192.7,122,Balanced All-Wheel Traction
RIMAC-RAWTV-1761,93.2,0.85,11.0,773.8,166,Balanced All-Wheel Traction
RIMAC-RAWTV-1762,181.5,0.74,10.6,577.0,144,Balanced All-Wheel Traction
RIMAC-RAWTV-1763,151.7,-1.05,-14.9,-971.3,162,Balanced All-Wheel Traction
RIMAC-RAWTV-1764,125.8,0.57,9.7,537.4,137,Balanced All-Wheel Traction
RIMAC-RAWTV-1765,206.9,1.44,22.4,1248.3,164,Active R-AWTV High-G Yaw Vectoring
RIMAC-RAWTV-1766,228.6,0.11,1.1,137.7,118,Balanced All-Wheel Traction
RIMAC-RAWTV-1767,66.4,-1.31,-18.9,-1111.6,181,Active R-AWTV High-G Yaw Vectoring
RIMAC-RAWTV-1768,117.1,-0.45,-5.5,-362.3,141,Balanced All-Wheel Traction
RIMAC-RAWTV-1769,226.5,-0.09,0.2,-22.0,143,Balanced All-Wheel Traction
RIMAC-RAWTV-1770,263.4,-0.61,-10.2,-518.3,122,Balanced All-Wheel Traction
RIMAC-RAWTV-1771,153.6,-0.15,-2.6,-95.9,112,Balanced All-Wheel Traction
RIMAC-RAWTV-1772,231.9,-1.16,-17.2,-1065.0,143,Balanced All-Wheel Traction
RIMAC-RAWTV-1773,149.8,-1.38,-20.4,-1202.8,162,Active R-AWTV High-G Yaw Vectoring
RIMAC-RAWTV-1774,140.3,0.19,2.8,196.1,128,Balanced All-Wheel Traction
RIMAC-RAWTV-1775,170.6,-1.23,-17.5,-1085.7,156,Balanced All-Wheel Traction
RIMAC-RAWTV-1776,231.3,-1.26,-16.9,-1067.3,167,Balanced All-Wheel Traction
RIMAC-RAWTV-1777,281.3,-0.75,-9.5,-614.7,151,Balanced All-Wheel Traction
RIMAC-RAWTV-1778,163.6,1.56,23.5,1322.8,203,Active R-AWTV High-G Yaw Vectoring
RIMAC-RAWTV-1779,316.8,-0.73,-9.9,-662.7,124,Balanced All-Wheel Traction
RIMAC-RAWTV-1780,270.0,0.34,3.7,264.8,129,Balanced All-Wheel Traction
RIMAC-RAWTV-1781,200.8,-0.71,-8.0,-636.1,153,Balanced All-Wheel Traction
RIMAC-RAWTV-1782,239.4,0.75,12.2,663.4,165,Balanced All-Wheel Traction
RIMAC-RAWTV-1783,185.0,0.13,0.3,107.0,148,Balanced All-Wheel Traction
RIMAC-RAWTV-1784,177.1,-0.58,-7.1,-552.2,151,Balanced All-Wheel Traction
RIMAC-RAWTV-1785,154.4,1.33,20.5,1157.3,175,Active R-AWTV High-G Yaw Vectoring
RIMAC-RAWTV-1786,65.4,0.36,4.5,366.2,124,Balanced All-Wheel Traction
RIMAC-RAWTV-1787,66.3,0.11,1.5,94.5,130,Balanced All-Wheel Traction
RIMAC-RAWTV-1788,267.8,-1.15,-18.2,-930.0,148,Balanced All-Wheel Traction
RIMAC-RAWTV-1789,237.6,-0.3,-6.5,-212.5,132,Balanced All-Wheel Traction
RIMAC-RAWTV-1790,247.9,-0.83,-12.9,-688.3,138,Balanced All-Wheel Traction
RIMAC-RAWTV-1791,233.7,1.01,13.6,932.6,158,Balanced All-Wheel Traction
RIMAC-RAWTV-1792,154.1,1.49,22.3,1327.9,163,Active R-AWTV High-G Yaw Vectoring
RIMAC-RAWTV-1793,138.6,-0.66,-11.0,-568.7,168,Balanced All-Wheel Traction
RIMAC-RAWTV-1794,113.1,-0.03,-1.1,-5.6,114,Balanced All-Wheel Traction
RIMAC-RAWTV-1795,225.7,-0.15,-3.3,-130.9,123,Balanced All-Wheel Traction
RIMAC-RAWTV-1796,295.2,1.22,17.4,988.5,175,Balanced All-Wheel Traction
RIMAC-RAWTV-1797,140.2,0.41,5.2,330.0,115,Balanced All-Wheel Traction
RIMAC-RAWTV-1798,210.1,1.37,18.0,1185.7,179,Active R-AWTV High-G Yaw Vectoring
RIMAC-RAWTV-1799,164.2,1.19,19.2,1010.7,161,Balanced All-Wheel Traction
RIMAC-RAWTV-1800,206.8,0.32,5.2,206.3,136,Balanced All-Wheel Traction
RIMAC-RAWTV-1801,186.1,-0.98,-15.8,-774.1,146,Balanced All-Wheel Traction
RIMAC-RAWTV-1802,170.8,0.46,6.6,334.4,145,Balanced All-Wheel Traction
RIMAC-RAWTV-1803,248.2,1.47,20.6,1253.7,187,Active R-AWTV High-G Yaw Vectoring
RIMAC-RAWTV-1804,276.7,-0.36,-6.4,-357.7,146,Balanced All-Wheel Traction
RIMAC-RAWTV-1805,73.5,-0.51,-8.4,-350.5,129,Balanced All-Wheel Traction
RIMAC-RAWTV-1806,167.0,0.61,8.7,519.7,140,Balanced All-Wheel Traction
RIMAC-RAWTV-1807,108.5,-0.65,-10.2,-565.6,146,Balanced All-Wheel Traction
RIMAC-RAWTV-1808,116.9,-0.71,-8.7,-646.4,122,Balanced All-Wheel Traction
RIMAC-RAWTV-1809,201.0,-0.48,-7.4,-393.6,130,Balanced All-Wheel Traction
RIMAC-RAWTV-1810,117.3,-0.39,-5.0,-294.2,139,Balanced All-Wheel Traction
RIMAC-RAWTV-1811,284.7,1.28,18.2,1032.6,168,Balanced All-Wheel Traction
RIMAC-RAWTV-1812,89.6,0.74,11.2,674.3,148,Balanced All-Wheel Traction
RIMAC-RAWTV-1813,238.2,-0.05,-1.5,-44.2,113,Balanced All-Wheel Traction
RIMAC-RAWTV-1814,158.4,0.75,9.9,617.1,149,Balanced All-Wheel Traction
RIMAC-RAWTV-1815,126.6,0.77,9.9,714.4,128,Balanced All-Wheel Traction
RIMAC-RAWTV-1816,152.2,-0.43,-4.2,-345.9,129,Balanced All-Wheel Traction
RIMAC-RAWTV-1817,133.3,-1.41,-21.5,-1114.7,187,Active R-AWTV High-G Yaw Vectoring
RIMAC-RAWTV-1818,259.1,1.28,19.8,1057.7,148,Balanced All-Wheel Traction
RIMAC-RAWTV-1819,118.8,-1.46,-21.6,-1180.8,183,Active R-AWTV High-G Yaw Vectoring
RIMAC-RAWTV-1820,76.7,-1.03,-16.8,-857.3,169,Balanced All-Wheel Traction
RIMAC-RAWTV-1821,296.8,1.26,17.6,1134.4,188,Balanced All-Wheel Traction
RIMAC-RAWTV-1822,190.3,-1.06,-15.9,-924.7,165,Balanced All-Wheel Traction
RIMAC-RAWTV-1823,115.7,1.38,20.6,1124.0,167,Active R-AWTV High-G Yaw Vectoring
RIMAC-RAWTV-1824,233.3,-0.78,-11.6,-651.3,159,Balanced All-Wheel Traction
RIMAC-RAWTV-1825,304.6,-0.35,-5.9,-315.1,121,Balanced All-Wheel Traction
RIMAC-RAWTV-1826,224.5,-0.89,-13.1,-710.2,167,Balanced All-Wheel Traction
RIMAC-RAWTV-1827,250.6,-1.16,-17.0,-895.8,160,Balanced All-Wheel Traction
RIMAC-RAWTV-1828,190.9,-0.86,-13.8,-674.2,163,Balanced All-Wheel Traction
RIMAC-RAWTV-1829,118.6,0.65,9.4,556.6,123,Balanced All-Wheel Traction
RIMAC-RAWTV-1830,67.5,-1.14,-17.3,-1037.9,161,Balanced All-Wheel Traction
RIMAC-RAWTV-1831,153.2,1.09,15.1,918.5,151,Balanced All-Wheel Traction
RIMAC-RAWTV-1832,200.8,-0.63,-11.5,-547.0,143,Balanced All-Wheel Traction
RIMAC-RAWTV-1833,235.6,1.07,15.3,897.4,158,Balanced All-Wheel Traction
RIMAC-RAWTV-1834,256.8,1.5,21.9,1330.1,161,Active R-AWTV High-G Yaw Vectoring
RIMAC-RAWTV-1835,180.7,1.18,17.2,963.0,177,Balanced All-Wheel Traction
RIMAC-RAWTV-1836,266.7,1.32,20.0,1113.9,160,Active R-AWTV High-G Yaw Vectoring
RIMAC-RAWTV-1837,308.8,-1.04,-13.2,-892.4,171,Balanced All-Wheel Traction
RIMAC-RAWTV-1838,262.0,0.84,10.8,718.0,149,Balanced All-Wheel Traction
RIMAC-RAWTV-1839,176.1,-0.65,-11.1,-579.2,154,Balanced All-Wheel Traction
RIMAC-RAWTV-1840,276.0,-1.2,-18.8,-1032.2,159,Balanced All-Wheel Traction
RIMAC-RAWTV-1841,127.0,1.39,21.5,1241.9,173,Active R-AWTV High-G Yaw Vectoring
RIMAC-RAWTV-1842,208.1,-0.61,-6.7,-444.0,166,Balanced All-Wheel Traction
RIMAC-RAWTV-1843,215.6,1.01,15.0,799.3,127,Balanced All-Wheel Traction
RIMAC-RAWTV-1844,70.5,-0.94,-12.5,-795.4,149,Balanced All-Wheel Traction
RIMAC-RAWTV-1845,208.2,0.57,9.6,569.8,134,Balanced All-Wheel Traction
RIMAC-RAWTV-1846,151.3,-0.53,-7.4,-415.3,134,Balanced All-Wheel Traction
RIMAC-RAWTV-1847,105.7,0.89,14.4,751.9,150,Balanced All-Wheel Traction
RIMAC-RAWTV-1848,270.9,1.53,23.0,1283.1,178,Active R-AWTV High-G Yaw Vectoring
RIMAC-RAWTV-1849,308.5,-0.25,-3.4,-216.2,126,Balanced All-Wheel Traction
RIMAC-RAWTV-1850,161.7,1.4,19.1,1209.7,174,Active R-AWTV High-G Yaw Vectoring
RIMAC-RAWTV-1851,117.0,-1.54,-20.6,-1346.1,174,Active R-AWTV High-G Yaw Vectoring
RIMAC-RAWTV-1852,82.5,-1.59,-22.3,-1316.2,176,Active R-AWTV High-G Yaw Vectoring
RIMAC-RAWTV-1853,304.1,0.39,7.8,317.5,146,Balanced All-Wheel Traction
RIMAC-RAWTV-1854,258.5,-1.15,-15.5,-894.0,157,Balanced All-Wheel Traction
RIMAC-RAWTV-1855,157.6,0.9,15.2,785.2,148,Balanced All-Wheel Traction
RIMAC-RAWTV-1856,142.9,-0.28,-3.6,-200.0,118,Balanced All-Wheel Traction
RIMAC-RAWTV-1857,61.9,0.65,7.4,606.9,155,Balanced All-Wheel Traction
RIMAC-RAWTV-1858,75.0,-0.31,-4.7,-288.2,122,Balanced All-Wheel Traction
RIMAC-RAWTV-1859,318.0,0.0,-0.1,21.1,112,Balanced All-Wheel Traction
RIMAC-RAWTV-1860,134.1,-0.54,-7.1,-493.6,150,Balanced All-Wheel Traction
RIMAC-RAWTV-1861,291.3,0.06,1.0,100.3,116,Balanced All-Wheel Traction
RIMAC-RAWTV-1862,125.9,-0.81,-11.9,-665.5,147,Balanced All-Wheel Traction
RIMAC-RAWTV-1863,289.3,-0.49,-6.4,-417.0,127,Balanced All-Wheel Traction
RIMAC-RAWTV-1864,173.9,1.0,15.5,887.9,150,Balanced All-Wheel Traction
RIMAC-RAWTV-1865,318.1,1.17,15.9,1010.0,160,Balanced All-Wheel Traction
RIMAC-RAWTV-1866,125.9,1.17,18.0,917.6,153,Balanced All-Wheel Traction
RIMAC-RAWTV-1867,259.4,-0.88,-14.0,-732.6,151,Balanced All-Wheel Traction
RIMAC-RAWTV-1868,277.0,0.16,2.1,155.4,127,Balanced All-Wheel Traction
RIMAC-RAWTV-1869,243.3,1.0,14.6,847.1,158,Balanced All-Wheel Traction
RIMAC-RAWTV-1870,81.7,0.16,0.7,65.0,137,Balanced All-Wheel Traction
RIMAC-RAWTV-1871,114.5,0.36,3.1,335.2,129,Balanced All-Wheel Traction
RIMAC-RAWTV-1872,258.0,0.15,1.2,101.3,99,Balanced All-Wheel Traction
RIMAC-RAWTV-1873,76.2,-1.3,-20.6,-1156.0,175,Balanced All-Wheel Traction
RIMAC-RAWTV-1874,70.8,1.17,19.4,1032.4,178,Balanced All-Wheel Traction
RIMAC-RAWTV-1875,289.7,-0.94,-16.0,-731.8,140,Balanced All-Wheel Traction
RIMAC-RAWTV-1876,216.4,0.94,11.9,769.3,161,Balanced All-Wheel Traction
RIMAC-RAWTV-1877,296.2,-1.49,-19.9,-1229.6,168,Active R-AWTV High-G Yaw Vectoring
RIMAC-RAWTV-1878,276.9,-1.01,-16.9,-899.5,148,Balanced All-Wheel Traction
RIMAC-RAWTV-1879,144.8,-0.83,-11.1,-696.7,165,Balanced All-Wheel Traction
RIMAC-RAWTV-1880,110.6,-1.0,-13.0,-941.5,144,Balanced All-Wheel Traction
RIMAC-RAWTV-1881,171.2,1.44,20.9,1206.6,138,Active R-AWTV High-G Yaw Vectoring
RIMAC-RAWTV-1882,149.1,1.11,17.7,962.9,132,Balanced All-Wheel Traction
RIMAC-RAWTV-1883,303.7,-0.74,-11.0,-714.0,144,Balanced All-Wheel Traction
RIMAC-RAWTV-1884,211.4,-0.79,-10.0,-632.7,125,Balanced All-Wheel Traction
RIMAC-RAWTV-1885,281.0,-0.54,-8.6,-527.2,145,Balanced All-Wheel Traction
RIMAC-RAWTV-1886,144.1,-0.82,-11.4,-775.1,139,Balanced All-Wheel Traction
RIMAC-RAWTV-1887,168.6,0.5,7.4,479.6,145,Balanced All-Wheel Traction
RIMAC-RAWTV-1888,288.5,-0.26,-3.3,-244.9,125,Balanced All-Wheel Traction
RIMAC-RAWTV-1889,100.1,0.07,2.1,49.6,126,Balanced All-Wheel Traction
RIMAC-RAWTV-1890,241.7,1.02,14.9,864.0,156,Balanced All-Wheel Traction
RIMAC-RAWTV-1891,138.5,-0.6,-7.7,-456.8,152,Balanced All-Wheel Traction
RIMAC-RAWTV-1892,135.8,0.39,7.2,431.2,156,Balanced All-Wheel Traction
RIMAC-RAWTV-1893,291.4,-0.45,-6.5,-473.1,118,Balanced All-Wheel Traction
RIMAC-RAWTV-1894,256.5,-0.0,-0.3,57.2,114,Balanced All-Wheel Traction
RIMAC-RAWTV-1895,64.4,0.34,4.9,361.4,139,Balanced All-Wheel Traction
RIMAC-RAWTV-1896,69.1,-0.65,-9.3,-608.7,154,Balanced All-Wheel Traction
RIMAC-RAWTV-1897,169.9,-0.74,-11.2,-641.1,135,Balanced All-Wheel Traction
RIMAC-RAWTV-1898,279.1,1.4,19.3,1206.1,176,Active R-AWTV High-G Yaw Vectoring
RIMAC-RAWTV-1899,263.8,0.86,11.9,687.5,145,Balanced All-Wheel Traction
RIMAC-RAWTV-1900,78.3,-1.44,-21.2,-1252.1,180,Active R-AWTV High-G Yaw Vectoring
RIMAC-RAWTV-1901,60.5,-0.66,-8.6,-580.4,146,Balanced All-Wheel Traction
RIMAC-RAWTV-1902,119.8,-0.35,-4.9,-283.7,140,Balanced All-Wheel Traction
RIMAC-RAWTV-1903,311.5,1.42,19.7,1219.9,169,Active R-AWTV High-G Yaw Vectoring
RIMAC-RAWTV-1904,82.4,-0.76,-11.2,-628.0,148,Balanced All-Wheel Traction
RIMAC-RAWTV-1905,159.0,-0.14,-0.9,-112.6,119,Balanced All-Wheel Traction
RIMAC-RAWTV-1906,310.6,1.08,16.2,938.1,146,Balanced All-Wheel Traction
RIMAC-RAWTV-1907,271.2,-0.44,-6.1,-385.1,142,Balanced All-Wheel Traction
RIMAC-RAWTV-1908,250.6,0.83,11.6,626.1,158,Balanced All-Wheel Traction
RIMAC-RAWTV-1909,89.1,-1.4,-19.5,-1221.7,156,Active R-AWTV High-G Yaw Vectoring
RIMAC-RAWTV-1910,108.5,1.27,18.5,1152.7,161,Balanced All-Wheel Traction
RIMAC-RAWTV-1911,180.8,0.21,4.3,139.4,116,Balanced All-Wheel Traction
RIMAC-RAWTV-1912,73.6,1.34,18.3,1112.2,174,Active R-AWTV High-G Yaw Vectoring
RIMAC-RAWTV-1913,274.4,1.25,16.9,1123.2,154,Balanced All-Wheel Traction
RIMAC-RAWTV-1914,213.6,-1.53,-19.9,-1238.1,177,Active R-AWTV High-G Yaw Vectoring
RIMAC-RAWTV-1915,304.4,-0.23,-0.7,-263.7,122,Balanced All-Wheel Traction
RIMAC-RAWTV-1916,280.1,-0.85,-12.7,-740.5,151,Balanced All-Wheel Traction
RIMAC-RAWTV-1917,253.7,0.37,5.7,397.7,128,Balanced All-Wheel Traction
RIMAC-RAWTV-1918,65.2,0.67,10.4,541.4,138,Balanced All-Wheel Traction
RIMAC-RAWTV-1919,207.2,1.56,21.2,1400.0,169,Active R-AWTV High-G Yaw Vectoring
RIMAC-RAWTV-1920,107.4,0.38,3.6,284.8,137,Balanced All-Wheel Traction
RIMAC-RAWTV-1921,242.2,0.35,6.3,271.3,139,Balanced All-Wheel Traction
RIMAC-RAWTV-1922,195.7,-0.83,-11.6,-690.9,150,Balanced All-Wheel Traction
RIMAC-RAWTV-1923,209.7,-0.27,-3.1,-192.0,130,Balanced All-Wheel Traction
RIMAC-RAWTV-1924,310.5,-1.12,-16.0,-956.7,167,Balanced All-Wheel Traction
RIMAC-RAWTV-1925,257.5,-0.03,2.0,-15.8,117,Balanced All-Wheel Traction
RIMAC-RAWTV-1926,311.6,0.62,8.0,516.5,133,Balanced All-Wheel Traction
RIMAC-RAWTV-1927,307.3,1.2,18.9,1025.1,167,Balanced All-Wheel Traction
RIMAC-RAWTV-1928,136.0,-1.27,-20.5,-1001.9,172,Balanced All-Wheel Traction
RIMAC-RAWTV-1929,257.4,-1.27,-19.1,-1087.5,156,Balanced All-Wheel Traction
RIMAC-RAWTV-1930,293.4,0.8,11.4,687.4,149,Balanced All-Wheel Traction
RIMAC-RAWTV-1931,126.3,-0.63,-8.6,-575.4,123,Balanced All-Wheel Traction
RIMAC-RAWTV-1932,131.7,-0.29,-4.3,-239.8,135,Balanced All-Wheel Traction
RIMAC-RAWTV-1933,286.2,-1.53,-21.7,-1376.2,174,Active R-AWTV High-G Yaw Vectoring
RIMAC-RAWTV-1934,74.1,0.3,5.1,202.5,128,Balanced All-Wheel Traction
RIMAC-RAWTV-1935,66.7,1.42,20.5,1140.4,165,Active R-AWTV High-G Yaw Vectoring
RIMAC-RAWTV-1936,131.5,1.12,17.9,1007.3,169,Balanced All-Wheel Traction
RIMAC-RAWTV-1937,88.4,-0.31,-3.4,-225.8,141,Balanced All-Wheel Traction
RIMAC-RAWTV-1938,267.6,-0.14,-3.5,-111.0,118,Balanced All-Wheel Traction
RIMAC-RAWTV-1939,300.7,-1.33,-20.5,-1107.7,167,Active R-AWTV High-G Yaw Vectoring
RIMAC-RAWTV-1940,108.0,0.13,2.7,88.6,118,Balanced All-Wheel Traction
RIMAC-RAWTV-1941,301.5,-0.34,-5.2,-254.3,139,Balanced All-Wheel Traction
RIMAC-RAWTV-1942,87.7,-0.66,-8.9,-447.9,134,Balanced All-Wheel Traction
RIMAC-RAWTV-1943,284.1,1.12,15.4,930.8,166,Balanced All-Wheel Traction
RIMAC-RAWTV-1944,277.8,0.73,10.2,639.8,143,Balanced All-Wheel Traction
RIMAC-RAWTV-1945,63.2,-0.78,-10.6,-682.8,146,Balanced All-Wheel Traction
RIMAC-RAWTV-1946,257.4,-0.48,-8.6,-428.1,137,Balanced All-Wheel Traction
RIMAC-RAWTV-1947,198.5,0.5,8.4,410.9,140,Balanced All-Wheel Traction
RIMAC-RAWTV-1948,261.0,0.41,5.9,294.2,144,Balanced All-Wheel Traction
RIMAC-RAWTV-1949,166.5,0.45,7.9,378.6,130,Balanced All-Wheel Traction
RIMAC-RAWTV-1950,229.4,-1.41,-19.6,-1277.6,182,Active R-AWTV High-G Yaw Vectoring
RIMAC-RAWTV-1951,167.0,0.37,5.5,378.1,129,Balanced All-Wheel Traction
RIMAC-RAWTV-1952,240.4,-1.1,-14.2,-939.4,153,Balanced All-Wheel Traction
RIMAC-RAWTV-1953,224.1,-1.25,-17.5,-1031.7,156,Balanced All-Wheel Traction
RIMAC-RAWTV-1954,217.2,-1.59,-21.3,-1393.8,190,Active R-AWTV High-G Yaw Vectoring
RIMAC-RAWTV-1955,289.7,-1.24,-16.8,-1083.8,177,Balanced All-Wheel Traction
RIMAC-RAWTV-1956,171.0,1.52,23.4,1332.5,173,Active R-AWTV High-G Yaw Vectoring
RIMAC-RAWTV-1957,122.7,-0.78,-12.8,-608.3,146,Balanced All-Wheel Traction
RIMAC-RAWTV-1958,262.7,-1.26,-16.8,-1087.3,165,Balanced All-Wheel Traction
RIMAC-RAWTV-1959,147.3,1.16,19.4,1038.8,171,Balanced All-Wheel Traction
RIMAC-RAWTV-1960,218.5,-0.44,-6.3,-389.2,142,Balanced All-Wheel Traction
RIMAC-RAWTV-1961,103.5,-0.76,-10.7,-639.6,144,Balanced All-Wheel Traction
RIMAC-RAWTV-1962,189.1,-1.25,-18.6,-1070.3,170,Balanced All-Wheel Traction
RIMAC-RAWTV-1963,61.4,-0.91,-12.8,-792.2,161,Balanced All-Wheel Traction
RIMAC-RAWTV-1964,259.9,-0.68,-11.0,-521.7,131,Balanced All-Wheel Traction
RIMAC-RAWTV-1965,263.2,-0.44,-7.2,-362.6,126,Balanced All-Wheel Traction
RIMAC-RAWTV-1966,290.7,-1.33,-21.4,-1131.7,175,Active R-AWTV High-G Yaw Vectoring
RIMAC-RAWTV-1967,111.4,0.49,5.3,438.2,142,Balanced All-Wheel Traction
RIMAC-RAWTV-1968,168.8,-1.44,-21.4,-1138.5,158,Active R-AWTV High-G Yaw Vectoring
RIMAC-RAWTV-1969,93.3,-1.4,-17.7,-1182.4,159,Active R-AWTV High-G Yaw Vectoring
RIMAC-RAWTV-1970,309.4,0.22,3.8,193.5,128,Balanced All-Wheel Traction
RIMAC-RAWTV-1971,302.7,-0.4,-3.7,-328.2,147,Balanced All-Wheel Traction
RIMAC-RAWTV-1972,177.1,0.23,5.2,222.6,130,Balanced All-Wheel Traction
RIMAC-RAWTV-1973,60.1,-1.47,-19.1,-1281.9,162,Active R-AWTV High-G Yaw Vectoring
RIMAC-RAWTV-1974,136.0,-0.97,-14.1,-746.8,138,Balanced All-Wheel Traction
RIMAC-RAWTV-1975,304.5,-1.16,-17.3,-1002.9,158,Balanced All-Wheel Traction
RIMAC-RAWTV-1976,222.3,1.29,17.0,1129.0,172,Balanced All-Wheel Traction
RIMAC-RAWTV-1977,137.6,0.48,5.5,391.1,135,Balanced All-Wheel Traction
RIMAC-RAWTV-1978,72.7,1.33,19.1,1151.4,167,Active R-AWTV High-G Yaw Vectoring
RIMAC-RAWTV-1979,171.8,0.29,4.3,194.3,134,Balanced All-Wheel Traction
RIMAC-RAWTV-1980,120.0,-1.47,-22.2,-1357.8,177,Active R-AWTV High-G Yaw Vectoring
RIMAC-RAWTV-1981,150.6,-1.25,-19.3,-1078.6,164,Balanced All-Wheel Traction
RIMAC-RAWTV-1982,105.0,-0.52,-7.9,-449.9,154,Balanced All-Wheel Traction
RIMAC-RAWTV-1983,127.8,0.74,11.4,619.3,157,Balanced All-Wheel Traction
RIMAC-RAWTV-1984,279.5,0.99,15.2,807.5,163,Balanced All-Wheel Traction
RIMAC-RAWTV-1985,160.2,0.61,6.2,476.0,151,Balanced All-Wheel Traction
RIMAC-RAWTV-1986,164.5,0.86,13.5,745.5,159,Balanced All-Wheel Traction
RIMAC-RAWTV-1987,155.8,-0.99,-14.9,-927.2,143,Balanced All-Wheel Traction
RIMAC-RAWTV-1988,222.1,1.54,20.8,1285.0,189,Active R-AWTV High-G Yaw Vectoring
RIMAC-RAWTV-1989,169.4,0.43,7.0,355.1,124,Balanced All-Wheel Traction
RIMAC-RAWTV-1990,68.5,0.24,4.2,180.3,115,Balanced All-Wheel Traction
RIMAC-RAWTV-1991,234.8,-1.55,-21.2,-1302.8,168,Active R-AWTV High-G Yaw Vectoring
RIMAC-RAWTV-1992,148.2,-0.62,-8.4,-511.1,134,Balanced All-Wheel Traction
RIMAC-RAWTV-1993,156.6,-0.34,-3.8,-241.1,131,Balanced All-Wheel Traction
RIMAC-RAWTV-1994,219.6,-1.17,-18.0,-999.8,175,Balanced All-Wheel Traction
RIMAC-RAWTV-1995,130.3,-0.46,-6.0,-412.1,144,Balanced All-Wheel Traction
RIMAC-RAWTV-1996,129.5,-0.42,-8.0,-376.4,139,Balanced All-Wheel Traction
RIMAC-RAWTV-1997,270.7,0.9,12.6,746.4,148,Balanced All-Wheel Traction
RIMAC-RAWTV-1998,145.7,-1.44,-19.8,-1195.9,171,Active R-AWTV High-G Yaw Vectoring
RIMAC-RAWTV-1999,298.9,0.74,9.1,582.8,129,Balanced All-Wheel Traction
RIMAC-RAWTV-2000,225.2,-0.07,-1.2,-109.9,128,Balanced All-Wheel Traction
RIMAC-RAWTV-2001,204.0,1.53,22.2,1214.4,174,Active R-AWTV High-G Yaw Vectoring
RIMAC-RAWTV-2002,284.8,-0.62,-7.5,-525.5,143,Balanced All-Wheel Traction
RIMAC-RAWTV-2003,193.3,-1.12,-14.9,-980.3,159,Balanced All-Wheel Traction
RIMAC-RAWTV-2004,279.1,1.15,15.6,925.6,168,Balanced All-Wheel Traction
RIMAC-RAWTV-2005,108.0,-0.37,-6.0,-333.5,139,Balanced All-Wheel Traction
RIMAC-RAWTV-2006,187.1,-0.37,-8.3,-350.3,141,Balanced All-Wheel Traction
RIMAC-RAWTV-2007,157.9,0.94,11.4,830.4,159,Balanced All-Wheel Traction
RIMAC-RAWTV-2008,79.6,-0.58,-7.5,-561.4,146,Balanced All-Wheel Traction
RIMAC-RAWTV-2009,118.9,-0.62,-8.1,-550.3,145,Balanced All-Wheel Traction
RIMAC-RAWTV-2010,162.6,-0.73,-9.2,-765.7,150,Balanced All-Wheel Traction
RIMAC-RAWTV-2011,257.7,-0.21,-1.6,-259.8,130,Balanced All-Wheel Traction
RIMAC-RAWTV-2012,146.1,1.27,16.3,1010.8,164,Balanced All-Wheel Traction
RIMAC-RAWTV-2013,296.4,0.89,12.4,728.4,169,Balanced All-Wheel Traction
RIMAC-RAWTV-2014,111.2,0.21,4.2,195.7,119,Balanced All-Wheel Traction
RIMAC-RAWTV-2015,75.0,-0.36,-4.4,-308.6,128,Balanced All-Wheel Traction
RIMAC-RAWTV-2016,271.5,-0.83,-13.3,-695.1,153,Balanced All-Wheel Traction
RIMAC-RAWTV-2017,81.7,0.04,-0.2,-56.2,122,Balanced All-Wheel Traction
RIMAC-RAWTV-2018,282.1,-0.17,-3.3,-78.6,127,Balanced All-Wheel Traction
RIMAC-RAWTV-2019,122.9,-0.44,-6.2,-424.6,136,Balanced All-Wheel Traction
RIMAC-RAWTV-2020,64.4,-0.17,-2.7,-80.2,117,Balanced All-Wheel Traction
RIMAC-RAWTV-2021,170.3,0.74,11.0,661.6,152,Balanced All-Wheel Traction
RIMAC-RAWTV-2022,183.5,0.21,3.7,152.0,126,Balanced All-Wheel Traction
RIMAC-RAWTV-2023,205.0,0.65,6.2,614.0,167,Balanced All-Wheel Traction
RIMAC-RAWTV-2024,135.5,0.81,10.9,634.4,160,Balanced All-Wheel Traction
RIMAC-RAWTV-2025,189.8,-0.44,-6.6,-368.7,155,Balanced All-Wheel Traction
RIMAC-RAWTV-2026,114.0,-0.37,-5.5,-384.1,119,Balanced All-Wheel Traction
RIMAC-RAWTV-2027,117.4,-1.41,-20.2,-1160.5,177,Active R-AWTV High-G Yaw Vectoring
RIMAC-RAWTV-2028,86.8,0.45,7.1,406.4,146,Balanced All-Wheel Traction
RIMAC-RAWTV-2029,251.5,-0.04,-1.6,59.2,120,Balanced All-Wheel Traction
RIMAC-RAWTV-2030,119.0,0.12,2.6,164.1,133,Balanced All-Wheel Traction
RIMAC-RAWTV-2031,297.7,-1.16,-18.6,-977.0,158,Balanced All-Wheel Traction
RIMAC-RAWTV-2032,74.3,-1.16,-16.7,-1012.5,165,Balanced All-Wheel Traction
RIMAC-RAWTV-2033,249.2,0.45,6.1,405.9,136,Balanced All-Wheel Traction
RIMAC-RAWTV-2034,142.4,0.79,9.3,731.2,131,Balanced All-Wheel Traction
RIMAC-RAWTV-2035,314.8,-1.35,-19.9,-1154.1,164,Active R-AWTV High-G Yaw Vectoring
RIMAC-RAWTV-2036,297.2,-0.77,-11.2,-680.6,150,Balanced All-Wheel Traction
RIMAC-RAWTV-2037,239.0,1.55,23.4,1311.1,173,Active R-AWTV High-G Yaw Vectoring
RIMAC-RAWTV-2038,76.8,-0.02,-0.7,-10.2,115,Balanced All-Wheel Traction
RIMAC-RAWTV-2039,297.1,-1.42,-21.6,-1227.9,160,Active R-AWTV High-G Yaw Vectoring
RIMAC-RAWTV-2040,191.0,-0.45,-5.8,-327.8,128,Balanced All-Wheel Traction
RIMAC-RAWTV-2041,284.7,-1.47,-22.1,-1355.2,182,Active R-AWTV High-G Yaw Vectoring
RIMAC-RAWTV-2042,92.6,-0.25,-3.1,-179.2,121,Balanced All-Wheel Traction
RIMAC-RAWTV-2043,183.4,0.03,1.0,-47.0,118,Balanced All-Wheel Traction
RIMAC-RAWTV-2044,219.0,-1.42,-20.7,-1217.1,152,Active R-AWTV High-G Yaw Vectoring
RIMAC-RAWTV-2045,182.4,-1.11,-14.8,-999.2,166,Balanced All-Wheel Traction
RIMAC-RAWTV-2046,139.6,-1.06,-13.9,-890.8,151,Balanced All-Wheel Traction
RIMAC-RAWTV-2047,194.9,-1.22,-18.2,-1021.0,179,Balanced All-Wheel Traction
RIMAC-RAWTV-2048,238.1,-0.07,-2.7,-89.6,123,Balanced All-Wheel Traction
RIMAC-RAWTV-2049,185.7,-1.0,-13.4,-859.6,137,Balanced All-Wheel Traction
RIMAC-RAWTV-2050,162.8,0.4,4.9,370.4,141,Balanced All-Wheel Traction
RIMAC-RAWTV-2051,188.3,1.19,17.0,1024.7,149,Balanced All-Wheel Traction
RIMAC-RAWTV-2052,300.4,0.85,13.3,692.6,148,Balanced All-Wheel Traction
RIMAC-RAWTV-2053,263.6,1.1,16.7,885.0,169,Balanced All-Wheel Traction
RIMAC-RAWTV-2054,244.3,1.15,18.1,1001.1,149,Balanced All-Wheel Traction
RIMAC-RAWTV-2055,280.6,-0.34,-3.9,-278.0,136,Balanced All-Wheel Traction
RIMAC-RAWTV-2056,300.2,0.53,7.0,423.4,134,Balanced All-Wheel Traction
RIMAC-RAWTV-2057,97.4,0.28,2.9,279.8,146,Balanced All-Wheel Traction
RIMAC-RAWTV-2058,282.0,0.25,5.4,279.2,141,Balanced All-Wheel Traction
RIMAC-RAWTV-2059,195.7,-0.21,-2.4,-208.1,124,Balanced All-Wheel Traction
RIMAC-RAWTV-2060,229.0,0.22,4.2,157.4,118,Balanced All-Wheel Traction
RIMAC-RAWTV-2061,149.3,-1.01,-17.4,-835.9,158,Balanced All-Wheel Traction
RIMAC-RAWTV-2062,190.2,0.74,9.9,627.3,147,Balanced All-Wheel Traction
RIMAC-RAWTV-2063,115.0,1.4,16.9,1175.5,161,Active R-AWTV High-G Yaw Vectoring
RIMAC-RAWTV-2064,259.4,-0.63,-8.9,-483.0,143,Balanced All-Wheel Traction
RIMAC-RAWTV-2065,308.6,0.32,3.6,305.4,123,Balanced All-Wheel Traction
RIMAC-RAWTV-2066,266.3,-0.9,-13.7,-792.0,123,Balanced All-Wheel Traction
RIMAC-RAWTV-2067,172.0,1.02,15.3,836.7,159,Balanced All-Wheel Traction
RIMAC-RAWTV-2068,155.1,0.97,15.7,873.5,174,Balanced All-Wheel Traction
RIMAC-RAWTV-2069,113.5,0.9,11.4,759.8,144,Balanced All-Wheel Traction
RIMAC-RAWTV-2070,206.1,1.11,15.6,1006.3,162,Balanced All-Wheel Traction
RIMAC-RAWTV-2071,295.2,0.04,-0.2,13.5,130,Balanced All-Wheel Traction
RIMAC-RAWTV-2072,319.2,1.6,23.6,1330.0,180,Active R-AWTV High-G Yaw Vectoring
RIMAC-RAWTV-2073,118.9,0.78,10.7,667.4,148,Balanced All-Wheel Traction
RIMAC-RAWTV-2074,184.1,-1.17,-19.2,-1019.1,145,Balanced All-Wheel Traction
RIMAC-RAWTV-2075,293.6,1.02,16.0,794.9,149,Balanced All-Wheel Traction
RIMAC-RAWTV-2076,103.4,-1.12,-16.5,-1020.9,157,Balanced All-Wheel Traction
RIMAC-RAWTV-2077,128.7,-1.2,-17.0,-995.8,167,Balanced All-Wheel Traction
RIMAC-RAWTV-2078,258.2,-0.83,-10.4,-716.1,166,Balanced All-Wheel Traction
RIMAC-RAWTV-2079,292.7,0.72,11.5,524.4,126,Balanced All-Wheel Traction
RIMAC-RAWTV-2080,241.2,-1.59,-23.7,-1400.0,184,Active R-AWTV High-G Yaw Vectoring
RIMAC-RAWTV-2081,268.1,1.12,17.7,947.5,159,Balanced All-Wheel Traction
RIMAC-RAWTV-2082,171.2,1.28,18.1,1118.0,173,Balanced All-Wheel Traction
RIMAC-RAWTV-2083,62.8,0.83,10.9,724.5,142,Balanced All-Wheel Traction
RIMAC-RAWTV-2084,257.8,-1.3,-20.4,-1014.8,173,Balanced All-Wheel Traction
RIMAC-RAWTV-2085,272.2,-0.98,-12.7,-837.7,143,Balanced All-Wheel Traction
RIMAC-RAWTV-2086,242.7,0.24,1.7,193.5,113,Balanced All-Wheel Traction
RIMAC-RAWTV-2087,300.9,1.16,17.0,906.5,153,Balanced All-Wheel Traction
RIMAC-RAWTV-2088,129.9,-1.33,-19.1,-1073.8,157,Active R-AWTV High-G Yaw Vectoring
RIMAC-RAWTV-2089,243.4,0.15,1.4,115.2,115,Balanced All-Wheel Traction
RIMAC-RAWTV-2090,136.7,-0.95,-15.7,-789.5,151,Balanced All-Wheel Traction
RIMAC-RAWTV-2091,310.3,-0.2,-1.8,-188.4,108,Balanced All-Wheel Traction
RIMAC-RAWTV-2092,284.6,0.93,11.9,776.8,143,Balanced All-Wheel Traction
RIMAC-RAWTV-2093,180.6,0.73,10.8,570.4,158,Balanced All-Wheel Traction
RIMAC-RAWTV-2094,90.8,0.16,3.3,160.6,130,Balanced All-Wheel Traction
RIMAC-RAWTV-2095,231.9,-0.67,-12.4,-564.7,139,Balanced All-Wheel Traction
RIMAC-RAWTV-2096,108.7,0.64,7.6,564.8,131,Balanced All-Wheel Traction
RIMAC-RAWTV-2097,256.2,-0.05,-0.8,-13.8,119,Balanced All-Wheel Traction
RIMAC-RAWTV-2098,199.8,1.05,15.7,900.2,177,Balanced All-Wheel Traction
RIMAC-RAWTV-2099,284.2,1.5,20.0,1311.1,189,Active R-AWTV High-G Yaw Vectoring
RIMAC-RAWTV-2100,270.5,-0.86,-13.8,-756.1,148,Balanced All-Wheel Traction
RIMAC-RAWTV-2101,161.5,-1.14,-13.5,-923.0,168,Balanced All-Wheel Traction
RIMAC-RAWTV-2102,128.1,-0.1,-3.3,-62.1,124,Balanced All-Wheel Traction
RIMAC-RAWTV-2103,300.3,-0.62,-10.6,-564.6,127,Balanced All-Wheel Traction
RIMAC-RAWTV-2104,317.6,-1.34,-19.2,-1110.5,159,Active R-AWTV High-G Yaw Vectoring
RIMAC-RAWTV-2105,188.5,0.73,10.7,611.2,152,Balanced All-Wheel Traction
RIMAC-RAWTV-2106,83.5,1.05,14.0,831.7,163,Balanced All-Wheel Traction
RIMAC-RAWTV-2107,125.6,0.07,2.9,65.3,131,Balanced All-Wheel Traction
RIMAC-RAWTV-2108,76.1,-1.59,-25.1,-1287.3,173,Active R-AWTV High-G Yaw Vectoring
RIMAC-RAWTV-2109,144.9,0.96,14.0,770.5,136,Balanced All-Wheel Traction
RIMAC-RAWTV-2110,296.6,1.47,20.2,1248.0,156,Active R-AWTV High-G Yaw Vectoring
RIMAC-RAWTV-2111,94.5,0.98,15.3,836.6,154,Balanced All-Wheel Traction
RIMAC-RAWTV-2112,86.5,-0.13,-3.4,-79.9,108,Balanced All-Wheel Traction
RIMAC-RAWTV-2113,209.2,1.44,21.3,1212.9,184,Active R-AWTV High-G Yaw Vectoring
RIMAC-RAWTV-2114,226.6,1.04,13.2,915.4,157,Balanced All-Wheel Traction
RIMAC-RAWTV-2115,120.7,0.86,11.6,778.5,128,Balanced All-Wheel Traction
RIMAC-RAWTV-2116,254.0,0.41,7.3,376.2,143,Balanced All-Wheel Traction
RIMAC-RAWTV-2117,161.3,-0.89,-13.7,-750.6,163,Balanced All-Wheel Traction
RIMAC-RAWTV-2118,261.0,-1.01,-14.6,-880.4,160,Balanced All-Wheel Traction
RIMAC-RAWTV-2119,78.2,1.16,15.0,971.4,153,Balanced All-Wheel Traction
RIMAC-RAWTV-2120,208.2,0.91,13.4,818.2,139,Balanced All-Wheel Traction
RIMAC-RAWTV-2121,150.9,0.35,6.3,310.3,142,Balanced All-Wheel Traction
RIMAC-RAWTV-2122,149.4,-0.62,-9.7,-488.8,131,Balanced All-Wheel Traction
RIMAC-RAWTV-2123,307.7,1.41,21.1,1215.8,183,Active R-AWTV High-G Yaw Vectoring
RIMAC-RAWTV-2124,119.2,0.62,10.0,492.7,133,Balanced All-Wheel Traction
RIMAC-RAWTV-2125,236.8,0.59,8.1,467.3,155,Balanced All-Wheel Traction
RIMAC-RAWTV-2126,122.2,0.97,15.8,819.4,156,Balanced All-Wheel Traction
RIMAC-RAWTV-2127,295.5,1.21,16.9,1023.9,169,Balanced All-Wheel Traction
RIMAC-RAWTV-2128,115.0,-1.14,-15.4,-951.2,156,Balanced All-Wheel Traction
RIMAC-RAWTV-2129,95.9,-0.85,-14.0,-717.1,144,Balanced All-Wheel Traction
RIMAC-RAWTV-2130,310.8,-0.62,-8.2,-546.1,149,Balanced All-Wheel Traction
RIMAC-RAWTV-2131,108.7,-1.58,-22.9,-1355.8,190,Active R-AWTV High-G Yaw Vectoring
RIMAC-RAWTV-2132,305.9,0.76,11.1,573.3,139,Balanced All-Wheel Traction
RIMAC-RAWTV-2133,314.9,1.48,21.4,1328.3,183,Active R-AWTV High-G Yaw Vectoring
RIMAC-RAWTV-2134,123.8,-1.24,-17.9,-956.9,146,Balanced All-Wheel Traction
RIMAC-RAWTV-2135,98.8,0.98,15.0,797.7,150,Balanced All-Wheel Traction
RIMAC-RAWTV-2136,193.6,-0.66,-9.9,-503.6,129,Balanced All-Wheel Traction
RIMAC-RAWTV-2137,266.7,1.34,19.3,1182.8,180,Active R-AWTV High-G Yaw Vectoring
RIMAC-RAWTV-2138,256.1,0.31,5.6,210.3,134,Balanced All-Wheel Traction
RIMAC-RAWTV-2139,268.7,1.23,16.6,990.8,165,Balanced All-Wheel Traction
RIMAC-RAWTV-2140,61.3,0.53,6.5,458.3,115,Balanced All-Wheel Traction
RIMAC-RAWTV-2141,131.0,-1.05,-15.3,-859.4,160,Balanced All-Wheel Traction
RIMAC-RAWTV-2142,72.3,-0.59,-7.9,-499.5,138,Balanced All-Wheel Traction
RIMAC-RAWTV-2143,287.6,0.01,-1.4,15.7,116,Balanced All-Wheel Traction
RIMAC-RAWTV-2144,206.4,-1.04,-14.8,-839.2,156,Balanced All-Wheel Traction
RIMAC-RAWTV-2145,307.4,-0.85,-11.0,-742.5,146,Balanced All-Wheel Traction
RIMAC-RAWTV-2146,204.8,-0.12,-1.1,-8.7,135,Balanced All-Wheel Traction
RIMAC-RAWTV-2147,174.1,1.12,16.2,986.1,165,Balanced All-Wheel Traction
RIMAC-RAWTV-2148,74.5,-0.63,-9.8,-528.1,138,Balanced All-Wheel Traction
RIMAC-RAWTV-2149,174.0,0.1,-0.1,14.3,127,Balanced All-Wheel Traction
RIMAC-RAWTV-2150,183.0,0.73,11.9,591.7,148,Balanced All-Wheel Traction
RIMAC-RAWTV-2151,316.7,-0.18,-1.4,-124.3,150,Balanced All-Wheel Traction
RIMAC-RAWTV-2152,306.4,-0.16,-1.2,-42.7,121,Balanced All-Wheel Traction
RIMAC-RAWTV-2153,120.5,0.89,13.3,745.7,159,Balanced All-Wheel Traction
RIMAC-RAWTV-2154,185.3,1.49,22.4,1203.0,192,Active R-AWTV High-G Yaw Vectoring
RIMAC-RAWTV-2155,278.7,-1.58,-22.7,-1313.1,163,Active R-AWTV High-G Yaw Vectoring
RIMAC-RAWTV-2156,115.5,0.57,7.7,462.5,112,Balanced All-Wheel Traction
RIMAC-RAWTV-2157,137.6,0.99,13.8,800.3,150,Balanced All-Wheel Traction
RIMAC-RAWTV-2158,268.2,-1.53,-20.8,-1294.8,169,Active R-AWTV High-G Yaw Vectoring
RIMAC-RAWTV-2159,306.9,1.57,23.7,1387.3,159,Active R-AWTV High-G Yaw Vectoring
RIMAC-RAWTV-2160,110.1,-0.41,-3.3,-349.3,129,Balanced All-Wheel Traction
RIMAC-RAWTV-2161,193.0,1.36,19.5,1200.9,157,Active R-AWTV High-G Yaw Vectoring
RIMAC-RAWTV-2162,301.7,0.06,2.3,57.6,119,Balanced All-Wheel Traction
RIMAC-RAWTV-2163,76.9,1.03,17.4,914.9,156,Balanced All-Wheel Traction
RIMAC-RAWTV-2164,184.2,1.06,14.6,890.0,162,Balanced All-Wheel Traction
RIMAC-RAWTV-2165,139.8,-1.44,-21.4,-1280.4,179,Active R-AWTV High-G Yaw Vectoring
RIMAC-RAWTV-2166,103.7,0.16,2.8,138.4,119,Balanced All-Wheel Traction
RIMAC-RAWTV-2167,199.3,1.29,18.2,1103.7,151,Balanced All-Wheel Traction
RIMAC-RAWTV-2168,276.4,-0.75,-11.4,-665.2,150,Balanced All-Wheel Traction
RIMAC-RAWTV-2169,253.7,1.41,19.7,1096.6,166,Active R-AWTV High-G Yaw Vectoring
RIMAC-RAWTV-2170,170.9,-1.24,-17.5,-1066.9,177,Balanced All-Wheel Traction
RIMAC-RAWTV-2171,207.9,0.08,1.4,102.6,142,Balanced All-Wheel Traction
RIMAC-RAWTV-2172,79.4,-0.12,-2.3,0.5,128,Balanced All-Wheel Traction
RIMAC-RAWTV-2173,302.5,-0.12,-2.2,-96.3,125,Balanced All-Wheel Traction
RIMAC-RAWTV-2174,72.4,-1.13,-14.8,-960.1,156,Balanced All-Wheel Traction
RIMAC-RAWTV-2175,85.5,-0.64,-10.4,-401.7,147,Balanced All-Wheel Traction
RIMAC-RAWTV-2176,302.1,-1.39,-22.1,-1155.9,160,Active R-AWTV High-G Yaw Vectoring
RIMAC-RAWTV-2177,61.9,-0.24,-3.6,-167.8,130,Balanced All-Wheel Traction
RIMAC-RAWTV-2178,171.7,1.56,23.4,1359.3,166,Active R-AWTV High-G Yaw Vectoring
RIMAC-RAWTV-2179,64.2,0.94,13.8,765.2,158,Balanced All-Wheel Traction
RIMAC-RAWTV-2180,232.5,0.09,0.5,29.6,135,Balanced All-Wheel Traction
RIMAC-RAWTV-2181,279.8,0.51,7.1,445.4,144,Balanced All-Wheel Traction
RIMAC-RAWTV-2182,164.4,-0.06,-1.2,-34.2,140,Balanced All-Wheel Traction
RIMAC-RAWTV-2183,104.7,1.55,22.3,1306.7,181,Active R-AWTV High-G Yaw Vectoring
RIMAC-RAWTV-2184,299.2,0.73,9.9,617.4,137,Balanced All-Wheel Traction
RIMAC-RAWTV-2185,70.6,-0.62,-9.6,-465.0,132,Balanced All-Wheel Traction
RIMAC-RAWTV-2186,281.6,1.29,21.1,1039.8,156,Balanced All-Wheel Traction
RIMAC-RAWTV-2187,285.2,1.06,15.9,869.4,173,Balanced All-Wheel Traction
RIMAC-RAWTV-2188,199.7,-0.96,-15.0,-808.7,174,Balanced All-Wheel Traction
RIMAC-RAWTV-2189,233.7,-0.04,0.0,-44.1,128,Balanced All-Wheel Traction
RIMAC-RAWTV-2190,106.3,1.39,19.7,1191.7,185,Active R-AWTV High-G Yaw Vectoring
RIMAC-RAWTV-2191,249.5,-0.07,-1.7,-19.2,132,Balanced All-Wheel Traction
RIMAC-RAWTV-2192,202.8,0.78,10.9,660.9,157,Balanced All-Wheel Traction
RIMAC-RAWTV-2193,240.9,-1.5,-21.0,-1337.6,178,Active R-AWTV High-G Yaw Vectoring
RIMAC-RAWTV-2194,144.9,-1.18,-16.6,-994.0,150,Balanced All-Wheel Traction
RIMAC-RAWTV-2195,311.5,-1.3,-19.1,-1141.9,157,Active R-AWTV High-G Yaw Vectoring
RIMAC-RAWTV-2196,117.1,0.96,14.5,826.7,160,Balanced All-Wheel Traction
RIMAC-RAWTV-2197,239.1,-0.14,-2.5,-149.2,155,Balanced All-Wheel Traction
RIMAC-RAWTV-2198,313.8,-0.16,-2.8,-128.4,111,Balanced All-Wheel Traction
RIMAC-RAWTV-2199,199.8,0.83,12.5,640.9,144,Balanced All-Wheel Traction
RIMAC-RAWTV-2200,115.7,1.53,23.1,1341.2,178,Active R-AWTV High-G Yaw Vectoring
RIMAC-RAWTV-2201,281.4,-0.93,-13.9,-785.0,129,Balanced All-Wheel Traction
RIMAC-RAWTV-2202,313.3,0.62,9.0,538.9,128,Balanced All-Wheel Traction
RIMAC-RAWTV-2203,198.5,-0.37,-6.5,-342.9,143,Balanced All-Wheel Traction
RIMAC-RAWTV-2204,287.2,1.33,19.2,1124.8,151,Active R-AWTV High-G Yaw Vectoring
RIMAC-RAWTV-2205,315.0,-0.13,-1.9,-132.5,132,Balanced All-Wheel Traction
RIMAC-RAWTV-2206,139.3,1.23,19.9,1102.7,162,Balanced All-Wheel Traction
RIMAC-RAWTV-2207,224.3,0.17,5.3,206.2,135,Balanced All-Wheel Traction
RIMAC-RAWTV-2208,111.7,0.22,3.6,93.2,121,Balanced All-Wheel Traction
RIMAC-RAWTV-2209,231.4,-0.96,-15.2,-773.1,161,Balanced All-Wheel Traction
RIMAC-RAWTV-2210,210.5,1.6,23.2,1390.3,190,Active R-AWTV High-G Yaw Vectoring
RIMAC-RAWTV-2211,129.7,-0.06,-1.4,-0.9,119,Balanced All-Wheel Traction
RIMAC-RAWTV-2212,185.7,1.03,11.6,858.5,171,Balanced All-Wheel Traction
RIMAC-RAWTV-2213,123.7,-0.25,-1.5,-244.4,135,Balanced All-Wheel Traction
RIMAC-RAWTV-2214,286.7,-1.19,-16.1,-1004.7,153,Balanced All-Wheel Traction
RIMAC-RAWTV-2215,157.4,1.42,20.0,1172.0,170,Active R-AWTV High-G Yaw Vectoring
RIMAC-RAWTV-2216,252.5,-0.28,-4.8,-214.2,148,Balanced All-Wheel Traction
RIMAC-RAWTV-2217,167.8,0.97,12.4,768.8,161,Balanced All-Wheel Traction
RIMAC-RAWTV-2218,176.4,0.06,0.2,31.8,103,Balanced All-Wheel Traction
RIMAC-RAWTV-2219,99.9,1.51,20.2,1224.0,176,Active R-AWTV High-G Yaw Vectoring
RIMAC-RAWTV-2220,217.5,0.39,6.8,341.5,113,Balanced All-Wheel Traction
RIMAC-RAWTV-2221,76.0,0.96,12.5,785.3,161,Balanced All-Wheel Traction
RIMAC-RAWTV-2222,229.6,-1.52,-22.4,-1388.9,199,Active R-AWTV High-G Yaw Vectoring
RIMAC-RAWTV-2223,159.9,-0.3,-5.3,-223.7,129,Balanced All-Wheel Traction
RIMAC-RAWTV-2224,307.9,1.17,19.9,983.4,142,Balanced All-Wheel Traction
RIMAC-RAWTV-2225,186.6,-0.67,-8.9,-593.0,135,Balanced All-Wheel Traction
RIMAC-RAWTV-2226,295.7,-0.97,-15.7,-824.1,162,Balanced All-Wheel Traction
RIMAC-RAWTV-2227,257.1,-0.78,-11.3,-614.2,144,Balanced All-Wheel Traction
RIMAC-RAWTV-2228,95.1,-1.37,-19.7,-1149.1,154,Active R-AWTV High-G Yaw Vectoring
RIMAC-RAWTV-2229,277.9,1.14,16.3,952.4,158,Balanced All-Wheel Traction
RIMAC-RAWTV-2230,131.4,1.52,22.1,1322.3,178,Active R-AWTV High-G Yaw Vectoring
RIMAC-RAWTV-2231,293.6,1.31,17.0,1084.9,159,Active R-AWTV High-G Yaw Vectoring
RIMAC-RAWTV-2232,132.8,0.8,13.2,685.5,142,Balanced All-Wheel Traction
RIMAC-RAWTV-2233,109.2,1.11,17.0,1064.0,163,Balanced All-Wheel Traction
RIMAC-RAWTV-2234,108.5,1.56,22.8,1313.8,176,Active R-AWTV High-G Yaw Vectoring
RIMAC-RAWTV-2235,127.5,0.27,4.7,336.1,119,Balanced All-Wheel Traction
RIMAC-RAWTV-2236,163.9,0.66,8.6,632.5,152,Balanced All-Wheel Traction
RIMAC-RAWTV-2237,316.7,-0.31,-2.9,-288.9,109,Balanced All-Wheel Traction
RIMAC-RAWTV-2238,111.5,-0.93,-12.7,-784.0,141,Balanced All-Wheel Traction
RIMAC-RAWTV-2239,92.5,-1.49,-20.4,-1306.4,167,Active R-AWTV High-G Yaw Vectoring
RIMAC-RAWTV-2240,136.4,-1.07,-16.5,-904.4,150,Balanced All-Wheel Traction
RIMAC-RAWTV-2241,148.2,-1.44,-21.2,-1266.9,183,Active R-AWTV High-G Yaw Vectoring
RIMAC-RAWTV-2242,164.6,-1.46,-22.0,-1248.0,158,Active R-AWTV High-G Yaw Vectoring
RIMAC-RAWTV-2243,172.6,0.6,7.6,494.3,146,Balanced All-Wheel Traction
RIMAC-RAWTV-2244,106.8,-0.43,-7.2,-359.2,141,Balanced All-Wheel Traction
RIMAC-RAWTV-2245,105.6,-0.29,-3.7,-252.7,118,Balanced All-Wheel Traction
RIMAC-RAWTV-2246,315.8,0.7,12.1,607.9,142,Balanced All-Wheel Traction
RIMAC-RAWTV-2247,112.4,1.34,19.2,1140.2,164,Active R-AWTV High-G Yaw Vectoring
RIMAC-RAWTV-2248,236.6,1.47,20.8,1249.4,158,Active R-AWTV High-G Yaw Vectoring
RIMAC-RAWTV-2249,66.9,-1.33,-21.0,-1164.4,143,Active R-AWTV High-G Yaw Vectoring
RIMAC-RAWTV-2250,253.8,-0.5,-8.5,-395.9,142,Balanced All-Wheel Traction
RIMAC-RAWTV-2251,104.1,-0.51,-6.7,-456.3,143,Balanced All-Wheel Traction
RIMAC-RAWTV-2252,160.3,-0.16,-2.8,-59.4,136,Balanced All-Wheel Traction
RIMAC-RAWTV-2253,212.3,0.44,6.7,396.5,144,Balanced All-Wheel Traction
RIMAC-RAWTV-2254,88.5,-0.07,1.7,-69.7,119,Balanced All-Wheel Traction
RIMAC-RAWTV-2255,184.8,-0.64,-9.1,-475.7,128,Balanced All-Wheel Traction
RIMAC-RAWTV-2256,271.3,-0.57,-4.9,-432.1,135,Balanced All-Wheel Traction
RIMAC-RAWTV-2257,174.8,1.28,17.4,1165.4,158,Balanced All-Wheel Traction
RIMAC-RAWTV-2258,211.0,-0.7,-10.4,-584.9,140,Balanced All-Wheel Traction
RIMAC-RAWTV-2259,96.9,-0.06,-0.2,-77.0,120,Balanced All-Wheel Traction
RIMAC-RAWTV-2260,197.2,1.57,23.5,1322.5,186,Active R-AWTV High-G Yaw Vectoring
RIMAC-RAWTV-2261,194.9,0.01,0.2,-18.3,117,Balanced All-Wheel Traction
RIMAC-RAWTV-2262,251.4,-0.88,-12.0,-835.6,139,Balanced All-Wheel Traction
RIMAC-RAWTV-2263,287.8,0.71,10.0,660.7,148,Balanced All-Wheel Traction
RIMAC-RAWTV-2264,222.0,1.0,12.7,901.7,174,Balanced All-Wheel Traction
RIMAC-RAWTV-2265,214.0,-0.08,-2.7,-88.5,126,Balanced All-Wheel Traction
RIMAC-RAWTV-2266,266.8,1.23,16.6,1090.6,171,Balanced All-Wheel Traction
RIMAC-RAWTV-2267,129.2,0.15,0.8,106.5,118,Balanced All-Wheel Traction
RIMAC-RAWTV-2268,236.0,0.16,3.7,176.1,130,Balanced All-Wheel Traction
RIMAC-RAWTV-2269,172.6,0.8,10.4,694.8,157,Balanced All-Wheel Traction
RIMAC-RAWTV-2270,272.4,-0.48,-7.1,-415.0,136,Balanced All-Wheel Traction
RIMAC-RAWTV-2271,256.3,1.22,17.8,963.1,163,Balanced All-Wheel Traction
RIMAC-RAWTV-2272,180.7,-1.34,-20.2,-1143.9,170,Active R-AWTV High-G Yaw Vectoring
RIMAC-RAWTV-2273,65.7,-0.73,-8.6,-666.2,150,Balanced All-Wheel Traction
RIMAC-RAWTV-2274,210.7,-0.31,-2.5,-242.3,142,Balanced All-Wheel Traction
RIMAC-RAWTV-2275,248.3,0.81,12.9,697.8,129,Balanced All-Wheel Traction
RIMAC-RAWTV-2276,138.3,-0.46,-7.5,-376.1,134,Balanced All-Wheel Traction
RIMAC-RAWTV-2277,102.8,-0.17,-0.9,-92.0,111,Balanced All-Wheel Traction
RIMAC-RAWTV-2278,282.6,-0.99,-11.8,-814.5,168,Balanced All-Wheel Traction
RIMAC-RAWTV-2279,218.2,0.78,13.4,699.1,145,Balanced All-Wheel Traction
RIMAC-RAWTV-2280,73.3,0.95,13.4,842.2,150,Balanced All-Wheel Traction
RIMAC-RAWTV-2281,180.3,-1.07,-16.4,-947.3,141,Balanced All-Wheel Traction
RIMAC-RAWTV-2282,211.8,-1.44,-21.6,-1233.7,171,Active R-AWTV High-G Yaw Vectoring
RIMAC-RAWTV-2283,240.2,-1.0,-15.0,-923.2,161,Balanced All-Wheel Traction
RIMAC-RAWTV-2284,158.2,-0.5,-8.5,-473.2,114,Balanced All-Wheel Traction
RIMAC-RAWTV-2285,205.6,-1.07,-17.0,-846.7,150,Balanced All-Wheel Traction
RIMAC-RAWTV-2286,230.4,0.83,11.9,589.1,139,Balanced All-Wheel Traction
RIMAC-RAWTV-2287,187.1,-0.54,-8.0,-424.8,141,Balanced All-Wheel Traction
RIMAC-RAWTV-2288,299.7,0.51,5.8,427.2,149,Balanced All-Wheel Traction
RIMAC-RAWTV-2289,60.7,-0.73,-11.5,-551.5,139,Balanced All-Wheel Traction
RIMAC-RAWTV-2290,263.3,1.26,18.3,1031.1,156,Balanced All-Wheel Traction
RIMAC-RAWTV-2291,297.7,-0.03,-0.0,6.3,109,Balanced All-Wheel Traction
RIMAC-RAWTV-2292,147.1,0.88,12.4,785.5,147,Balanced All-Wheel Traction
RIMAC-RAWTV-2293,151.1,-0.13,-0.1,-160.6,124,Balanced All-Wheel Traction
RIMAC-RAWTV-2294,231.5,0.09,3.2,92.8,112,Balanced All-Wheel Traction
RIMAC-RAWTV-2295,257.3,0.96,10.7,795.4,154,Balanced All-Wheel Traction
RIMAC-RAWTV-2296,85.4,0.85,13.1,654.3,154,Balanced All-Wheel Traction
RIMAC-RAWTV-2297,319.6,0.01,-0.5,-109.9,121,Balanced All-Wheel Traction
RIMAC-RAWTV-2298,198.5,-0.53,-7.6,-402.3,155,Balanced All-Wheel Traction
RIMAC-RAWTV-2299,166.8,1.12,17.5,894.2,142,Balanced All-Wheel Traction
RIMAC-RAWTV-2300,70.4,0.22,2.9,300.9,136,Balanced All-Wheel Traction
RIMAC-RAWTV-2301,254.5,0.3,6.0,237.0,137,Balanced All-Wheel Traction
RIMAC-RAWTV-2302,238.3,-0.27,-3.7,-216.2,108,Balanced All-Wheel Traction
RIMAC-RAWTV-2303,64.4,1.16,16.8,993.6,155,Balanced All-Wheel Traction
RIMAC-RAWTV-2304,155.4,-0.84,-12.5,-721.0,159,Balanced All-Wheel Traction
RIMAC-RAWTV-2305,244.6,0.74,10.6,701.9,144,Balanced All-Wheel Traction
RIMAC-RAWTV-2306,268.4,-0.6,-8.3,-482.8,133,Balanced All-Wheel Traction
RIMAC-RAWTV-2307,202.4,-1.4,-19.7,-1227.8,155,Active R-AWTV High-G Yaw Vectoring
RIMAC-RAWTV-2308,112.4,1.57,21.6,1225.1,166,Active R-AWTV High-G Yaw Vectoring
RIMAC-RAWTV-2309,222.0,1.12,16.6,932.6,153,Balanced All-Wheel Traction
RIMAC-RAWTV-2310,181.3,0.36,3.7,307.7,133,Balanced All-Wheel Traction
RIMAC-RAWTV-2311,109.8,0.12,2.8,86.3,114,Balanced All-Wheel Traction
RIMAC-RAWTV-2312,254.4,-1.35,-19.7,-1142.5,168,Active R-AWTV High-G Yaw Vectoring
RIMAC-RAWTV-2313,203.0,-0.11,-1.0,-9.0,103,Balanced All-Wheel Traction
RIMAC-RAWTV-2314,216.8,-1.18,-17.5,-1002.6,156,Balanced All-Wheel Traction
RIMAC-RAWTV-2315,308.1,1.44,20.5,1238.1,168,Active R-AWTV High-G Yaw Vectoring
RIMAC-RAWTV-2316,106.2,0.13,3.4,117.6,108,Balanced All-Wheel Traction
RIMAC-RAWTV-2317,292.0,1.32,18.4,1150.1,164,Active R-AWTV High-G Yaw Vectoring
RIMAC-RAWTV-2318,280.7,0.62,8.4,505.2,154,Balanced All-Wheel Traction
RIMAC-RAWTV-2319,90.9,-1.25,-19.5,-1053.8,172,Balanced All-Wheel Traction
RIMAC-RAWTV-2320,316.0,-0.3,-5.5,-298.9,137,Balanced All-Wheel Traction
RIMAC-RAWTV-2321,235.7,-1.07,-16.2,-925.6,170,Balanced All-Wheel Traction
RIMAC-RAWTV-2322,209.7,-1.36,-17.6,-1117.2,171,Active R-AWTV High-G Yaw Vectoring
RIMAC-RAWTV-2323,79.1,-0.93,-13.5,-761.8,156,Balanced All-Wheel Traction
RIMAC-RAWTV-2324,306.8,-0.98,-13.5,-834.7,158,Balanced All-Wheel Traction
RIMAC-RAWTV-2325,130.2,-1.55,-21.2,-1303.4,155,Active R-AWTV High-G Yaw Vectoring
RIMAC-RAWTV-2326,142.7,0.28,4.9,339.0,103,Balanced All-Wheel Traction
RIMAC-RAWTV-2327,220.2,1.59,22.4,1340.7,166,Active R-AWTV High-G Yaw Vectoring
RIMAC-RAWTV-2328,185.6,0.21,3.3,238.1,129,Balanced All-Wheel Traction
RIMAC-RAWTV-2329,71.4,-1.02,-14.9,-893.7,158,Balanced All-Wheel Traction
RIMAC-RAWTV-2330,213.2,0.32,3.6,277.5,151,Balanced All-Wheel Traction
RIMAC-RAWTV-2331,248.0,0.87,13.6,727.8,154,Balanced All-Wheel Traction
RIMAC-RAWTV-2332,184.2,-0.52,-8.7,-402.0,117,Balanced All-Wheel Traction
RIMAC-RAWTV-2333,207.7,0.43,5.9,267.7,130,Balanced All-Wheel Traction
RIMAC-RAWTV-2334,264.1,1.58,23.7,1310.0,181,Active R-AWTV High-G Yaw Vectoring
RIMAC-RAWTV-2335,128.5,1.36,19.2,1123.8,167,Active R-AWTV High-G Yaw Vectoring
RIMAC-RAWTV-2336,232.3,-1.14,-16.5,-1032.3,178,Balanced All-Wheel Traction
RIMAC-RAWTV-2337,177.8,-0.18,-2.5,-86.0,132,Balanced All-Wheel Traction
RIMAC-RAWTV-2338,319.2,-0.89,-12.2,-771.2,149,Balanced All-Wheel Traction
RIMAC-RAWTV-2339,159.8,0.92,12.4,760.0,145,Balanced All-Wheel Traction
RIMAC-RAWTV-2340,318.6,0.18,1.3,199.4,123,Balanced All-Wheel Traction
RIMAC-RAWTV-2341,96.1,-1.22,-15.2,-980.8,161,Balanced All-Wheel Traction
RIMAC-RAWTV-2342,170.9,0.75,10.8,710.4,159,Balanced All-Wheel Traction
RIMAC-RAWTV-2343,168.3,-0.92,-14.7,-804.7,172,Balanced All-Wheel Traction
RIMAC-RAWTV-2344,293.0,0.3,3.7,283.1,128,Balanced All-Wheel Traction
RIMAC-RAWTV-2345,77.4,0.71,10.1,559.7,149,Balanced All-Wheel Traction
RIMAC-RAWTV-2346,223.7,0.79,12.1,671.0,140,Balanced All-Wheel Traction
RIMAC-RAWTV-2347,188.8,0.45,7.0,416.6,163,Balanced All-Wheel Traction
RIMAC-RAWTV-2348,304.9,-1.44,-19.8,-1241.7,173,Active R-AWTV High-G Yaw Vectoring
RIMAC-RAWTV-2349,159.3,-1.58,-23.1,-1367.1,178,Active R-AWTV High-G Yaw Vectoring
RIMAC-RAWTV-2350,195.4,-0.87,-12.7,-777.6,151,Balanced All-Wheel Traction
RIMAC-RAWTV-2351,251.5,-1.24,-16.8,-1095.1,180,Balanced All-Wheel Traction
RIMAC-RAWTV-2352,210.6,0.34,6.2,273.4,118,Balanced All-Wheel Traction
RIMAC-RAWTV-2353,288.5,-0.96,-13.8,-852.2,162,Balanced All-Wheel Traction
RIMAC-RAWTV-2354,64.0,0.65,9.0,533.7,151,Balanced All-Wheel Traction
RIMAC-RAWTV-2355,177.3,-1.56,-21.8,-1374.3,182,Active R-AWTV High-G Yaw Vectoring
RIMAC-RAWTV-2356,95.7,-0.08,0.0,-67.5,115,Balanced All-Wheel Traction
RIMAC-RAWTV-2357,175.4,-0.15,-3.5,-177.4,132,Balanced All-Wheel Traction
RIMAC-RAWTV-2358,267.3,0.06,-0.2,23.1,137,Balanced All-Wheel Traction
RIMAC-RAWTV-2359,175.2,1.14,16.3,925.7,131,Balanced All-Wheel Traction
RIMAC-RAWTV-2360,256.8,1.05,15.2,865.1,166,Balanced All-Wheel Traction
RIMAC-RAWTV-2361,178.0,-1.47,-24.1,-1246.2,161,Active R-AWTV High-G Yaw Vectoring
RIMAC-RAWTV-2362,186.1,-1.55,-22.2,-1328.3,168,Active R-AWTV High-G Yaw Vectoring
RIMAC-RAWTV-2363,287.7,-0.63,-9.6,-497.8,133,Balanced All-Wheel Traction
RIMAC-RAWTV-2364,186.1,-0.71,-9.9,-634.1,152,Balanced All-Wheel Traction
RIMAC-RAWTV-2365,255.3,0.81,10.7,787.2,154,Balanced All-Wheel Traction
RIMAC-RAWTV-2366,143.2,-1.41,-20.2,-1169.0,166,Active R-AWTV High-G Yaw Vectoring
RIMAC-RAWTV-2367,147.7,-1.07,-16.9,-907.3,154,Balanced All-Wheel Traction
RIMAC-RAWTV-2368,271.1,1.0,12.6,817.1,158,Balanced All-Wheel Traction
RIMAC-RAWTV-2369,67.8,0.94,12.1,791.1,147,Balanced All-Wheel Traction
RIMAC-RAWTV-2370,252.0,0.61,9.1,573.4,141,Balanced All-Wheel Traction
RIMAC-RAWTV-2371,202.4,1.47,22.6,1214.8,197,Active R-AWTV High-G Yaw Vectoring
RIMAC-RAWTV-2372,119.3,-0.36,-4.3,-277.4,126,Balanced All-Wheel Traction
RIMAC-RAWTV-2373,64.6,1.02,13.6,833.9,146,Balanced All-Wheel Traction
RIMAC-RAWTV-2374,251.0,0.1,-0.7,63.7,129,Balanced All-Wheel Traction
RIMAC-RAWTV-2375,71.0,-1.29,-20.0,-1140.4,177,Balanced All-Wheel Traction
RIMAC-RAWTV-2376,210.1,-1.13,-15.8,-954.1,170,Balanced All-Wheel Traction
RIMAC-RAWTV-2377,160.8,1.46,20.3,1206.8,168,Active R-AWTV High-G Yaw Vectoring
RIMAC-RAWTV-2378,106.9,-0.07,-1.0,-49.4,131,Balanced All-Wheel Traction
RIMAC-RAWTV-2379,105.6,1.28,18.7,1043.1,167,Balanced All-Wheel Traction
RIMAC-RAWTV-2380,281.9,-0.14,-2.9,-115.2,119,Balanced All-Wheel Traction
RIMAC-RAWTV-2381,144.1,0.94,13.3,866.6,164,Balanced All-Wheel Traction
RIMAC-RAWTV-2382,267.5,0.01,-0.7,-45.1,122,Balanced All-Wheel Traction
RIMAC-RAWTV-2383,76.0,-0.52,-6.4,-519.3,127,Balanced All-Wheel Traction
RIMAC-RAWTV-2384,100.7,0.43,7.6,396.6,122,Balanced All-Wheel Traction
RIMAC-RAWTV-2385,62.6,-0.5,-6.9,-467.5,144,Balanced All-Wheel Traction
RIMAC-RAWTV-2386,134.2,0.7,10.8,675.5,167,Balanced All-Wheel Traction
RIMAC-RAWTV-2387,196.3,-1.11,-15.3,-962.2,167,Balanced All-Wheel Traction
RIMAC-RAWTV-2388,125.2,0.08,2.1,130.8,124,Balanced All-Wheel Traction
RIMAC-RAWTV-2389,164.4,-0.33,-4.2,-218.9,145,Balanced All-Wheel Traction
RIMAC-RAWTV-2390,85.3,1.52,20.8,1295.4,169,Active R-AWTV High-G Yaw Vectoring
RIMAC-RAWTV-2391,177.5,1.35,19.0,1228.8,170,Active R-AWTV High-G Yaw Vectoring
RIMAC-RAWTV-2392,278.2,-0.81,-12.0,-654.5,150,Balanced All-Wheel Traction
RIMAC-RAWTV-2393,79.8,-1.16,-15.3,-975.6,160,Balanced All-Wheel Traction
RIMAC-RAWTV-2394,137.5,1.31,19.5,1188.8,171,Active R-AWTV High-G Yaw Vectoring
RIMAC-RAWTV-2395,258.4,-0.78,-11.0,-690.3,151,Balanced All-Wheel Traction
RIMAC-RAWTV-2396,116.0,0.02,0.3,-16.2,108,Balanced All-Wheel Traction
RIMAC-RAWTV-2397,306.9,-1.32,-20.4,-1073.2,194,Active R-AWTV High-G Yaw Vectoring
RIMAC-RAWTV-2398,277.9,0.1,4.2,58.5,130,Balanced All-Wheel Traction
RIMAC-RAWTV-2399,193.3,-0.35,-4.4,-300.3,127,Balanced All-Wheel Traction
RIMAC-RAWTV-2400,271.4,-1.13,-16.1,-948.3,149,Balanced All-Wheel Traction
RIMAC-RAWTV-2401,303.8,0.69,8.4,582.7,141,Balanced All-Wheel Traction
RIMAC-RAWTV-2402,132.6,-0.54,-8.0,-416.8,127,Balanced All-Wheel Traction
RIMAC-RAWTV-2403,99.1,-0.79,-12.0,-655.8,138,Balanced All-Wheel Traction
RIMAC-RAWTV-2404,307.0,0.25,6.5,186.0,136,Balanced All-Wheel Traction
RIMAC-RAWTV-2405,129.7,-1.45,-21.7,-1259.4,161,Active R-AWTV High-G Yaw Vectoring
RIMAC-RAWTV-2406,307.7,1.38,19.8,1156.5,195,Active R-AWTV High-G Yaw Vectoring
RIMAC-RAWTV-2407,280.1,-0.8,-10.7,-739.8,143,Balanced All-Wheel Traction
RIMAC-RAWTV-2408,190.0,1.38,22.2,1098.0,163,Active R-AWTV High-G Yaw Vectoring
RIMAC-RAWTV-2409,279.0,0.47,8.1,439.9,133,Balanced All-Wheel Traction
RIMAC-RAWTV-2410,314.2,1.5,23.0,1332.2,182,Active R-AWTV High-G Yaw Vectoring
RIMAC-RAWTV-2411,151.2,-1.42,-22.8,-1272.6,171,Active R-AWTV High-G Yaw Vectoring
RIMAC-RAWTV-2412,285.5,-1.13,-15.7,-971.7,177,Balanced All-Wheel Traction
RIMAC-RAWTV-2413,219.6,-1.53,-23.4,-1293.7,174,Active R-AWTV High-G Yaw Vectoring
RIMAC-RAWTV-2414,212.1,0.92,14.4,774.0,149,Balanced All-Wheel Traction
RIMAC-RAWTV-2415,95.5,0.98,14.3,797.2,173,Balanced All-Wheel Traction
RIMAC-RAWTV-2416,247.0,-0.73,-9.8,-708.5,127,Balanced All-Wheel Traction
RIMAC-RAWTV-2417,282.2,-0.91,-14.0,-969.1,145,Balanced All-Wheel Traction
RIMAC-RAWTV-2418,166.3,-0.18,-1.7,-263.3,144,Balanced All-Wheel Traction
RIMAC-RAWTV-2419,145.9,-0.55,-7.0,-434.1,159,Balanced All-Wheel Traction
RIMAC-RAWTV-2420,187.5,-1.29,-18.0,-1085.2,175,Balanced All-Wheel Traction
RIMAC-RAWTV-2421,279.6,1.52,21.4,1255.1,177,Active R-AWTV High-G Yaw Vectoring
RIMAC-RAWTV-2422,81.3,1.12,16.7,924.0,150,Balanced All-Wheel Traction
RIMAC-RAWTV-2423,79.6,1.02,16.3,836.8,160,Balanced All-Wheel Traction
RIMAC-RAWTV-2424,314.3,1.5,22.0,1304.0,176,Active R-AWTV High-G Yaw Vectoring
RIMAC-RAWTV-2425,274.6,-0.62,-8.4,-527.2,141,Balanced All-Wheel Traction
RIMAC-RAWTV-2426,299.6,0.72,8.7,635.3,127,Balanced All-Wheel Traction
RIMAC-RAWTV-2427,227.6,0.38,5.8,401.6,145,Balanced All-Wheel Traction
RIMAC-RAWTV-2428,178.8,0.06,0.9,21.2,145,Balanced All-Wheel Traction
RIMAC-RAWTV-2429,301.6,1.22,19.2,1024.3,161,Balanced All-Wheel Traction
RIMAC-RAWTV-2430,198.5,1.02,14.5,925.9,161,Balanced All-Wheel Traction
RIMAC-RAWTV-2431,188.5,-0.1,-0.8,-58.3,133,Balanced All-Wheel Traction
RIMAC-RAWTV-2432,129.1,-0.41,-7.2,-335.4,135,Balanced All-Wheel Traction
RIMAC-RAWTV-2433,90.8,0.17,4.2,55.6,119,Balanced All-Wheel Traction
RIMAC-RAWTV-2434,209.7,0.47,4.4,380.9,145,Balanced All-Wheel Traction
RIMAC-RAWTV-2435,96.8,1.28,18.2,1132.2,156,Balanced All-Wheel Traction
RIMAC-RAWTV-2436,295.5,0.4,4.8,390.0,126,Balanced All-Wheel Traction
RIMAC-RAWTV-2437,65.5,-0.49,-8.8,-433.7,145,Balanced All-Wheel Traction
RIMAC-RAWTV-2438,184.9,-1.29,-20.2,-1063.0,158,Balanced All-Wheel Traction
RIMAC-RAWTV-2439,82.3,0.79,10.6,626.8,144,Balanced All-Wheel Traction
RIMAC-RAWTV-2440,319.3,0.87,16.1,761.1,134,Balanced All-Wheel Traction
RIMAC-RAWTV-2441,150.2,1.06,14.9,896.6,170,Balanced All-Wheel Traction
RIMAC-RAWTV-2442,72.9,-0.26,-2.1,-171.1,139,Balanced All-Wheel Traction
RIMAC-RAWTV-2443,313.8,-0.22,-4.5,-112.6,129,Balanced All-Wheel Traction
RIMAC-RAWTV-2444,172.8,-1.23,-17.9,-1048.3,168,Balanced All-Wheel Traction
RIMAC-RAWTV-2445,305.6,0.24,3.0,156.4,125,Balanced All-Wheel Traction
RIMAC-RAWTV-2446,299.7,-1.21,-17.7,-1009.5,163,Balanced All-Wheel Traction
RIMAC-RAWTV-2447,120.5,-1.01,-15.5,-864.3,137,Balanced All-Wheel Traction
RIMAC-RAWTV-2448,149.7,-0.87,-14.5,-715.9,150,Balanced All-Wheel Traction
RIMAC-RAWTV-2449,70.7,-1.33,-20.0,-1095.9,168,Active R-AWTV High-G Yaw Vectoring
RIMAC-RAWTV-2450,143.3,-0.55,-8.1,-452.7,169,Balanced All-Wheel Traction
RIMAC-RAWTV-2451,251.1,1.57,23.1,1336.8,173,Active R-AWTV High-G Yaw Vectoring
RIMAC-RAWTV-2452,278.9,-1.1,-14.9,-975.4,159,Balanced All-Wheel Traction
RIMAC-RAWTV-2453,240.1,0.83,11.1,678.0,135,Balanced All-Wheel Traction
RIMAC-RAWTV-2454,240.2,-1.27,-18.2,-1160.1,169,Balanced All-Wheel Traction
RIMAC-RAWTV-2455,303.8,1.22,18.4,1021.6,163,Balanced All-Wheel Traction
RIMAC-RAWTV-2456,128.3,0.93,11.6,782.1,165,Balanced All-Wheel Traction
RIMAC-RAWTV-2457,167.4,-1.26,-15.7,-1017.5,178,Balanced All-Wheel Traction
RIMAC-RAWTV-2458,222.2,-0.71,-11.0,-653.1,140,Balanced All-Wheel Traction
RIMAC-RAWTV-2459,167.0,-0.13,-0.0,-133.7,147,Balanced All-Wheel Traction
RIMAC-RAWTV-2460,234.0,1.29,16.2,1251.7,160,Balanced All-Wheel Traction
RIMAC-RAWTV-2461,213.0,1.51,21.6,1325.1,177,Active R-AWTV High-G Yaw Vectoring
RIMAC-RAWTV-2462,85.8,1.07,15.7,971.0,150,Balanced All-Wheel Traction
RIMAC-RAWTV-2463,118.6,1.28,19.4,1122.6,145,Balanced All-Wheel Traction
RIMAC-RAWTV-2464,149.2,-0.97,-15.7,-955.0,159,Balanced All-Wheel Traction
RIMAC-RAWTV-2465,303.3,-0.62,-9.8,-572.4,153,Balanced All-Wheel Traction
RIMAC-RAWTV-2466,86.6,0.76,11.5,616.9,161,Balanced All-Wheel Traction
RIMAC-RAWTV-2467,274.2,-0.91,-14.7,-804.5,147,Balanced All-Wheel Traction
RIMAC-RAWTV-2468,169.1,-1.06,-14.2,-862.6,164,Balanced All-Wheel Traction
RIMAC-RAWTV-2469,174.7,0.03,0.8,28.5,117,Balanced All-Wheel Traction
RIMAC-RAWTV-2470,118.4,-0.74,-13.7,-574.3,135,Balanced All-Wheel Traction
RIMAC-RAWTV-2471,127.5,0.82,11.5,701.5,143,Balanced All-Wheel Traction
RIMAC-RAWTV-2472,184.3,0.26,5.3,216.1,138,Balanced All-Wheel Traction
RIMAC-RAWTV-2473,144.4,1.33,19.7,1106.1,170,Active R-AWTV High-G Yaw Vectoring
RIMAC-RAWTV-2474,224.9,0.24,2.7,220.5,131,Balanced All-Wheel Traction
RIMAC-RAWTV-2475,266.9,1.52,21.8,1321.7,165,Active R-AWTV High-G Yaw Vectoring
RIMAC-RAWTV-2476,208.9,-0.63,-8.6,-528.3,151,Balanced All-Wheel Traction
RIMAC-RAWTV-2477,293.5,-1.28,-16.2,-1087.7,170,Balanced All-Wheel Traction
RIMAC-RAWTV-2478,296.1,-1.28,-17.9,-1101.4,177,Balanced All-Wheel Traction
RIMAC-RAWTV-2479,225.4,-1.32,-19.6,-1182.5,172,Active R-AWTV High-G Yaw Vectoring
RIMAC-RAWTV-2480,176.8,0.66,11.8,580.5,147,Balanced All-Wheel Traction
RIMAC-RAWTV-2481,144.2,0.28,6.0,264.1,150,Balanced All-Wheel Traction
RIMAC-RAWTV-2482,76.9,-0.43,-6.1,-315.5,144,Balanced All-Wheel Traction
RIMAC-RAWTV-2483,143.7,1.49,23.2,1305.6,163,Active R-AWTV High-G Yaw Vectoring
RIMAC-RAWTV-2484,283.8,-1.1,-18.0,-970.9,163,Balanced All-Wheel Traction
RIMAC-RAWTV-2485,199.3,-0.43,-5.3,-354.3,132,Balanced All-Wheel Traction
RIMAC-RAWTV-2486,257.6,1.25,20.7,1070.3,180,Balanced All-Wheel Traction
RIMAC-RAWTV-2487,133.5,-1.02,-15.9,-844.8,151,Balanced All-Wheel Traction
RIMAC-RAWTV-2488,237.3,0.54,10.0,505.7,135,Balanced All-Wheel Traction
RIMAC-RAWTV-2489,277.9,-1.0,-13.7,-829.5,141,Balanced All-Wheel Traction
RIMAC-RAWTV-2490,143.9,-1.14,-17.0,-921.1,164,Balanced All-Wheel Traction
RIMAC-RAWTV-2491,238.8,-1.44,-22.4,-1143.4,148,Active R-AWTV High-G Yaw Vectoring
RIMAC-RAWTV-2492,315.1,-0.2,-4.1,-174.8,120,Balanced All-Wheel Traction
RIMAC-RAWTV-2493,302.4,1.16,15.5,1051.9,164,Balanced All-Wheel Traction
RIMAC-RAWTV-2494,71.0,-1.36,-20.8,-1190.7,184,Active R-AWTV High-G Yaw Vectoring
RIMAC-RAWTV-2495,279.0,-0.38,-5.2,-255.2,137,Balanced All-Wheel Traction
RIMAC-RAWTV-2496,92.8,-1.3,-19.6,-1065.2,167,Balanced All-Wheel Traction
RIMAC-RAWTV-2497,133.3,-1.25,-18.3,-1073.7,155,Balanced All-Wheel Traction
RIMAC-RAWTV-2498,76.8,0.38,6.1,351.9,135,Balanced All-Wheel Traction
RIMAC-RAWTV-2499,221.1,-0.15,-0.6,-220.2,130,Balanced All-Wheel Traction
RIMAC-RAWTV-2500,215.8,-0.66,-8.5,-514.9,155,Balanced All-Wheel Traction
RIMAC-RAWTV-2501,218.2,1.2,16.1,1030.2,161,Balanced All-Wheel Traction
RIMAC-RAWTV-2502,289.8,1.28,17.7,1157.0,157,Balanced All-Wheel Traction
RIMAC-RAWTV-2503,293.0,-1.25,-17.6,-1066.1,151,Balanced All-Wheel Traction
RIMAC-RAWTV-2504,243.5,1.27,18.8,1135.8,178,Balanced All-Wheel Traction
RIMAC-RAWTV-2505,69.4,0.9,14.1,811.6,153,Balanced All-Wheel Traction
RIMAC-RAWTV-2506,260.6,1.15,17.6,921.7,159,Balanced All-Wheel Traction
RIMAC-RAWTV-2507,299.8,0.8,12.5,739.9,149,Balanced All-Wheel Traction
RIMAC-RAWTV-2508,93.2,-0.94,-13.1,-830.9,143,Balanced All-Wheel Traction
RIMAC-RAWTV-2509,187.9,-1.45,-19.7,-1261.6,170,Active R-AWTV High-G Yaw Vectoring
RIMAC-RAWTV-2510,308.6,0.12,2.3,4.5,128,Balanced All-Wheel Traction
RIMAC-RAWTV-2511,195.6,0.45,7.5,520.4,132,Balanced All-Wheel Traction
RIMAC-RAWTV-2512,159.7,0.39,4.6,364.9,112,Balanced All-Wheel Traction
RIMAC-RAWTV-2513,199.9,-0.11,-3.0,-79.7,136,Balanced All-Wheel Traction
RIMAC-RAWTV-2514,261.9,-0.31,-4.2,-245.5,124,Balanced All-Wheel Traction
RIMAC-RAWTV-2515,188.2,1.32,18.7,1108.8,183,Active R-AWTV High-G Yaw Vectoring
RIMAC-RAWTV-2516,217.8,-1.15,-15.6,-970.0,178,Balanced All-Wheel Traction
RIMAC-RAWTV-2517,288.9,0.67,9.8,559.6,152,Balanced All-Wheel Traction
RIMAC-RAWTV-2518,192.0,-0.76,-10.8,-694.0,138,Balanced All-Wheel Traction
RIMAC-RAWTV-2519,202.7,-0.17,-2.0,-136.8,120,Balanced All-Wheel Traction
RIMAC-RAWTV-2520,203.3,0.9,10.5,659.1,139,Balanced All-Wheel Traction
RIMAC-RAWTV-2521,145.6,0.48,7.6,332.5,133,Balanced All-Wheel Traction
RIMAC-RAWTV-2522,139.2,0.63,9.0,604.9,138,Balanced All-Wheel Traction
RIMAC-RAWTV-2523,274.1,0.71,10.3,570.5,133,Balanced All-Wheel Traction
RIMAC-RAWTV-2524,145.0,-1.47,-20.7,-1212.4,168,Active R-AWTV High-G Yaw Vectoring
RIMAC-RAWTV-2525,306.8,-0.5,-8.3,-396.1,151,Balanced All-Wheel Traction
RIMAC-RAWTV-2526,190.0,1.14,14.4,958.5,138,Balanced All-Wheel Traction
RIMAC-RAWTV-2527,129.1,-0.32,-6.1,-256.1,127,Balanced All-Wheel Traction
RIMAC-RAWTV-2528,149.6,0.43,5.1,374.4,142,Balanced All-Wheel Traction
RIMAC-RAWTV-2529,156.7,1.5,22.4,1273.1,179,Active R-AWTV High-G Yaw Vectoring
RIMAC-RAWTV-2530,83.7,0.52,7.5,426.3,150,Balanced All-Wheel Traction
RIMAC-RAWTV-2531,140.0,-0.09,-0.9,-156.4,120,Balanced All-Wheel Traction
RIMAC-RAWTV-2532,201.8,-0.94,-12.3,-783.3,145,Balanced All-Wheel Traction
RIMAC-RAWTV-2533,219.9,0.15,2.1,100.5,132,Balanced All-Wheel Traction
RIMAC-RAWTV-2534,174.7,0.82,10.9,623.5,141,Balanced All-Wheel Traction
RIMAC-RAWTV-2535,120.8,-1.17,-17.8,-1032.0,164,Balanced All-Wheel Traction
RIMAC-RAWTV-2536,298.6,0.89,12.7,833.7,143,Balanced All-Wheel Traction
RIMAC-RAWTV-2537,135.5,-0.05,-1.5,-113.3,118,Balanced All-Wheel Traction
RIMAC-RAWTV-2538,267.5,0.05,0.2,51.8,128,Balanced All-Wheel Traction
RIMAC-RAWTV-2539,171.2,-0.2,-3.9,-225.1,129,Balanced All-Wheel Traction
RIMAC-RAWTV-2540,74.0,-1.56,-22.6,-1400.0,165,Active R-AWTV High-G Yaw Vectoring
RIMAC-RAWTV-2541,291.6,0.81,13.4,735.3,144,Balanced All-Wheel Traction
RIMAC-RAWTV-2542,170.4,0.15,3.1,127.8,137,Balanced All-Wheel Traction
RIMAC-RAWTV-2543,317.0,-0.81,-13.1,-658.7,141,Balanced All-Wheel Traction
RIMAC-RAWTV-2544,278.0,0.78,11.5,632.4,154,Balanced All-Wheel Traction
RIMAC-RAWTV-2545,199.7,-1.58,-23.7,-1391.4,182,Active R-AWTV High-G Yaw Vectoring
RIMAC-RAWTV-2546,196.6,1.38,20.1,1046.4,165,Active R-AWTV High-G Yaw Vectoring
RIMAC-RAWTV-2547,70.3,-0.44,-6.3,-356.0,132,Balanced All-Wheel Traction
RIMAC-RAWTV-2548,194.1,0.07,0.8,-24.0,129,Balanced All-Wheel Traction
RIMAC-RAWTV-2549,141.9,1.47,21.1,1334.9,166,Active R-AWTV High-G Yaw Vectoring
RIMAC-RAWTV-2550,260.4,0.14,0.1,33.9,116,Balanced All-Wheel Traction
RIMAC-RAWTV-2551,143.4,0.65,8.7,548.4,127,Balanced All-Wheel Traction
RIMAC-RAWTV-2552,319.2,0.76,10.1,699.6,151,Balanced All-Wheel Traction
RIMAC-RAWTV-2553,242.0,-1.56,-20.0,-1342.6,188,Active R-AWTV High-G Yaw Vectoring
RIMAC-RAWTV-2554,244.4,1.04,13.7,877.1,153,Balanced All-Wheel Traction
RIMAC-RAWTV-2555,221.6,-0.9,-14.7,-786.0,143,Balanced All-Wheel Traction
RIMAC-RAWTV-2556,262.1,-0.65,-9.2,-577.1,134,Balanced All-Wheel Traction
RIMAC-RAWTV-2557,97.1,0.89,13.5,722.4,166,Balanced All-Wheel Traction
RIMAC-RAWTV-2558,119.0,-0.61,-9.8,-454.4,136,Balanced All-Wheel Traction
RIMAC-RAWTV-2559,287.3,-0.4,-6.6,-304.9,140,Balanced All-Wheel Traction
RIMAC-RAWTV-2560,138.1,1.31,19.6,1167.8,175,Active R-AWTV High-G Yaw Vectoring
RIMAC-RAWTV-2561,247.7,-0.1,-0.2,31.8,116,Balanced All-Wheel Traction
RIMAC-RAWTV-2562,314.2,0.24,3.7,213.7,129,Balanced All-Wheel Traction
RIMAC-RAWTV-2563,214.3,-1.46,-19.5,-1149.8,173,Active R-AWTV High-G Yaw Vectoring
RIMAC-RAWTV-2564,172.1,1.41,18.5,1204.5,169,Active R-AWTV High-G Yaw Vectoring
RIMAC-RAWTV-2565,271.1,-1.01,-15.7,-923.9,145,Balanced All-Wheel Traction
RIMAC-RAWTV-2566,194.6,0.04,0.9,27.7,123,Balanced All-Wheel Traction
RIMAC-RAWTV-2567,178.5,0.21,1.0,224.1,127,Balanced All-Wheel Traction
RIMAC-RAWTV-2568,286.7,-0.47,-6.9,-456.4,141,Balanced All-Wheel Traction
RIMAC-RAWTV-2569,260.7,1.23,18.7,1084.2,163,Balanced All-Wheel Traction
RIMAC-RAWTV-2570,77.4,-1.4,-19.5,-1179.4,174,Active R-AWTV High-G Yaw Vectoring
RIMAC-RAWTV-2571,60.7,-0.69,-11.4,-647.7,154,Balanced All-Wheel Traction
RIMAC-RAWTV-2572,130.4,-0.5,-6.2,-429.4,158,Balanced All-Wheel Traction
RIMAC-RAWTV-2573,291.3,1.52,22.3,1269.9,175,Active R-AWTV High-G Yaw Vectoring
RIMAC-RAWTV-2574,242.0,0.07,2.7,-8.3,119,Balanced All-Wheel Traction
RIMAC-RAWTV-2575,311.1,1.28,19.8,1051.2,174,Balanced All-Wheel Traction
RIMAC-RAWTV-2576,204.5,0.2,3.1,104.7,118,Balanced All-Wheel Traction
RIMAC-RAWTV-2577,269.5,1.54,19.3,1337.9,179,Active R-AWTV High-G Yaw Vectoring
RIMAC-RAWTV-2578,143.8,0.43,8.9,405.6,137,Balanced All-Wheel Traction
RIMAC-RAWTV-2579,103.6,0.72,11.4,576.8,133,Balanced All-Wheel Traction
RIMAC-RAWTV-2580,191.8,-1.29,-20.3,-1155.4,168,Balanced All-Wheel Traction
RIMAC-RAWTV-2581,175.6,1.26,17.7,1124.4,168,Balanced All-Wheel Traction
RIMAC-RAWTV-2582,170.8,1.25,19.0,1134.0,168,Balanced All-Wheel Traction
RIMAC-RAWTV-2583,258.5,0.37,5.3,284.3,136,Balanced All-Wheel Traction
RIMAC-RAWTV-2584,212.0,1.5,22.2,1375.8,172,Active R-AWTV High-G Yaw Vectoring
RIMAC-RAWTV-2585,205.9,-0.22,-3.4,-169.5,130,Balanced All-Wheel Traction
RIMAC-RAWTV-2586,226.2,-0.83,-11.7,-725.4,131,Balanced All-Wheel Traction
RIMAC-RAWTV-2587,221.8,0.61,7.1,502.2,139,Balanced All-Wheel Traction
RIMAC-RAWTV-2588,215.0,1.4,21.4,1267.8,177,Active R-AWTV High-G Yaw Vectoring
RIMAC-RAWTV-2589,63.7,0.02,0.6,31.2,116,Balanced All-Wheel Traction
RIMAC-RAWTV-2590,135.4,-1.59,-22.5,-1375.9,184,Active R-AWTV High-G Yaw Vectoring
RIMAC-RAWTV-2591,86.7,0.19,4.1,169.9,137,Balanced All-Wheel Traction
RIMAC-RAWTV-2592,234.7,-0.03,-0.0,-63.0,125,Balanced All-Wheel Traction
RIMAC-RAWTV-2593,216.4,0.19,2.7,171.7,134,Balanced All-Wheel Traction
RIMAC-RAWTV-2594,160.2,0.65,8.8,489.4,145,Balanced All-Wheel Traction
RIMAC-RAWTV-2595,303.1,1.18,18.0,1040.9,176,Balanced All-Wheel Traction
RIMAC-RAWTV-2596,249.5,1.13,15.9,969.5,151,Balanced All-Wheel Traction
RIMAC-RAWTV-2597,308.5,-0.46,-6.6,-421.1,132,Balanced All-Wheel Traction
RIMAC-RAWTV-2598,210.5,0.35,4.6,298.9,131,Balanced All-Wheel Traction
RIMAC-RAWTV-2599,86.9,1.4,17.8,1208.8,189,Active R-AWTV High-G Yaw Vectoring
RIMAC-RAWTV-2600,308.8,0.16,3.8,157.6,113,Balanced All-Wheel Traction
RIMAC-RAWTV-2601,172.6,-0.66,-10.3,-581.6,145,Balanced All-Wheel Traction
RIMAC-RAWTV-2602,237.6,0.85,12.8,746.7,150,Balanced All-Wheel Traction
RIMAC-RAWTV-2603,149.2,0.86,13.2,793.5,169,Balanced All-Wheel Traction
RIMAC-RAWTV-2604,250.6,1.22,16.8,1090.6,163,Balanced All-Wheel Traction
RIMAC-RAWTV-2605,216.4,0.04,2.1,32.1,123,Balanced All-Wheel Traction
RIMAC-RAWTV-2606,134.7,-1.5,-23.5,-1302.7,175,Active R-AWTV High-G Yaw Vectoring
RIMAC-RAWTV-2607,205.3,1.18,19.8,973.6,166,Balanced All-Wheel Traction
RIMAC-RAWTV-2608,212.4,-0.41,-6.5,-359.1,125,Balanced All-Wheel Traction
RIMAC-RAWTV-2609,113.8,0.96,14.3,788.5,148,Balanced All-Wheel Traction
RIMAC-RAWTV-2610,104.4,-0.47,-4.3,-386.5,148,Balanced All-Wheel Traction
RIMAC-RAWTV-2611,248.6,1.36,18.8,1134.1,164,Active R-AWTV High-G Yaw Vectoring
RIMAC-RAWTV-2612,162.4,-0.32,-4.1,-298.7,126,Balanced All-Wheel Traction
RIMAC-RAWTV-2613,85.2,-0.96,-13.6,-809.7,167,Balanced All-Wheel Traction
RIMAC-RAWTV-2614,151.1,1.23,18.8,1080.8,175,Balanced All-Wheel Traction
RIMAC-RAWTV-2615,126.3,-1.38,-20.6,-1168.3,190,Active R-AWTV High-G Yaw Vectoring
RIMAC-RAWTV-2616,193.9,1.02,15.6,883.7,155,Balanced All-Wheel Traction
RIMAC-RAWTV-2617,161.1,-0.14,-3.8,-117.8,124,Balanced All-Wheel Traction
RIMAC-RAWTV-2618,217.9,0.64,10.8,481.0,149,Balanced All-Wheel Traction
RIMAC-RAWTV-2619,215.0,-1.48,-21.8,-1324.4,148,Active R-AWTV High-G Yaw Vectoring
RIMAC-RAWTV-2620,161.8,0.29,5.6,367.9,126,Balanced All-Wheel Traction
RIMAC-RAWTV-2621,187.7,-0.69,-11.7,-552.2,150,Balanced All-Wheel Traction
RIMAC-RAWTV-2622,227.4,1.25,17.4,1166.8,169,Balanced All-Wheel Traction
RIMAC-RAWTV-2623,210.4,-0.88,-12.6,-754.8,148,Balanced All-Wheel Traction
RIMAC-RAWTV-2624,204.7,0.36,3.0,276.5,127,Balanced All-Wheel Traction
RIMAC-RAWTV-2625,148.9,0.91,12.3,784.7,161,Balanced All-Wheel Traction
RIMAC-RAWTV-2626,169.9,0.25,4.4,239.8,135,Balanced All-Wheel Traction
RIMAC-RAWTV-2627,252.3,-1.36,-21.2,-1150.0,175,Active R-AWTV High-G Yaw Vectoring
RIMAC-RAWTV-2628,172.2,1.05,13.3,891.6,150,Balanced All-Wheel Traction
RIMAC-RAWTV-2629,157.0,1.39,19.6,1105.2,176,Active R-AWTV High-G Yaw Vectoring
RIMAC-RAWTV-2630,206.5,-0.68,-8.1,-535.6,135,Balanced All-Wheel Traction
RIMAC-RAWTV-2631,191.9,-0.04,-1.6,-54.3,118,Balanced All-Wheel Traction
RIMAC-RAWTV-2632,272.2,0.92,10.9,784.7,148,Balanced All-Wheel Traction
RIMAC-RAWTV-2633,104.5,-1.13,-15.0,-895.1,167,Balanced All-Wheel Traction
RIMAC-RAWTV-2634,283.4,1.2,15.6,1085.8,158,Balanced All-Wheel Traction
RIMAC-RAWTV-2635,272.9,-1.13,-16.3,-1031.4,161,Balanced All-Wheel Traction
RIMAC-RAWTV-2636,177.8,1.09,18.4,917.7,162,Balanced All-Wheel Traction
RIMAC-RAWTV-2637,106.4,-1.23,-20.6,-978.8,150,Balanced All-Wheel Traction
RIMAC-RAWTV-2638,256.6,0.73,9.8,643.9,143,Balanced All-Wheel Traction
RIMAC-RAWTV-2639,232.6,0.32,3.7,364.6,127,Balanced All-Wheel Traction
RIMAC-RAWTV-2640,174.6,-1.4,-20.0,-1179.8,165,Active R-AWTV High-G Yaw Vectoring
RIMAC-RAWTV-2641,235.0,-0.33,-3.4,-254.3,137,Balanced All-Wheel Traction
RIMAC-RAWTV-2642,215.5,-0.46,-7.4,-458.5,141,Balanced All-Wheel Traction
RIMAC-RAWTV-2643,174.4,-0.13,-3.5,-88.3,124,Balanced All-Wheel Traction
RIMAC-RAWTV-2644,230.8,1.5,23.7,1270.7,168,Active R-AWTV High-G Yaw Vectoring
RIMAC-RAWTV-2645,100.4,0.61,8.5,458.0,136,Balanced All-Wheel Traction
RIMAC-RAWTV-2646,192.8,-0.5,-6.8,-377.6,137,Balanced All-Wheel Traction
RIMAC-RAWTV-2647,168.9,0.3,4.2,251.3,120,Balanced All-Wheel Traction
RIMAC-RAWTV-2648,79.4,-0.76,-10.8,-680.7,152,Balanced All-Wheel Traction
RIMAC-RAWTV-2649,158.8,0.78,10.8,675.7,138,Balanced All-Wheel Traction
RIMAC-RAWTV-2650,176.1,0.01,0.7,-0.7,113,Balanced All-Wheel Traction
RIMAC-RAWTV-2651,265.1,-0.72,-10.0,-630.6,140,Balanced All-Wheel Traction
RIMAC-RAWTV-2652,261.9,1.29,18.1,1124.6,181,Balanced All-Wheel Traction
RIMAC-RAWTV-2653,216.0,0.34,5.0,298.1,130,Balanced All-Wheel Traction
RIMAC-RAWTV-2654,120.9,0.74,9.6,564.3,136,Balanced All-Wheel Traction
RIMAC-RAWTV-2655,199.0,-0.87,-11.5,-705.4,168,Balanced All-Wheel Traction
RIMAC-RAWTV-2656,89.3,-1.33,-18.5,-1173.7,169,Active R-AWTV High-G Yaw Vectoring
RIMAC-RAWTV-2657,314.7,-0.23,-1.7,-161.8,127,Balanced All-Wheel Traction
RIMAC-RAWTV-2658,86.4,-1.02,-14.9,-922.4,146,Balanced All-Wheel Traction
RIMAC-RAWTV-2659,177.2,-0.33,-4.6,-337.0,128,Balanced All-Wheel Traction
RIMAC-RAWTV-2660,199.2,1.43,19.1,1147.9,170,Active R-AWTV High-G Yaw Vectoring
RIMAC-RAWTV-2661,64.5,-0.92,-14.6,-755.0,154,Balanced All-Wheel Traction
RIMAC-RAWTV-2662,105.8,0.44,7.3,422.5,135,Balanced All-Wheel Traction
RIMAC-RAWTV-2663,124.1,0.6,7.9,611.8,133,Balanced All-Wheel Traction
RIMAC-RAWTV-2664,314.4,0.52,7.0,415.7,134,Balanced All-Wheel Traction
RIMAC-RAWTV-2665,216.8,-1.56,-21.6,-1347.7,175,Active R-AWTV High-G Yaw Vectoring
RIMAC-RAWTV-2666,297.7,-0.05,-0.5,-30.3,119,Balanced All-Wheel Traction
RIMAC-RAWTV-2667,283.7,1.44,21.1,1232.2,159,Active R-AWTV High-G Yaw Vectoring
RIMAC-RAWTV-2668,277.5,1.55,23.1,1300.9,158,Active R-AWTV High-G Yaw Vectoring
RIMAC-RAWTV-2669,220.7,-1.03,-16.1,-857.8,163,Balanced All-Wheel Traction
RIMAC-RAWTV-2670,238.9,1.27,20.5,1091.2,162,Balanced All-Wheel Traction
RIMAC-RAWTV-2671,203.4,1.32,18.7,1050.1,181,Active R-AWTV High-G Yaw Vectoring
RIMAC-RAWTV-2672,298.5,1.45,21.6,1233.9,172,Active R-AWTV High-G Yaw Vectoring
RIMAC-RAWTV-2673,268.7,1.18,17.4,911.7,160,Balanced All-Wheel Traction
RIMAC-RAWTV-2674,101.2,-0.79,-11.5,-645.2,134,Balanced All-Wheel Traction
RIMAC-RAWTV-2675,265.6,-1.17,-16.5,-1004.8,156,Balanced All-Wheel Traction
RIMAC-RAWTV-2676,187.1,-0.3,-4.3,-271.4,141,Balanced All-Wheel Traction
RIMAC-RAWTV-2677,75.0,0.94,13.2,769.8,147,Balanced All-Wheel Traction
RIMAC-RAWTV-2678,268.4,-0.36,-6.1,-263.7,141,Balanced All-Wheel Traction
RIMAC-RAWTV-2679,198.3,-0.62,-9.0,-521.3,125,Balanced All-Wheel Traction
RIMAC-RAWTV-2680,133.5,-0.61,-9.1,-597.9,136,Balanced All-Wheel Traction
RIMAC-RAWTV-2681,82.9,0.64,8.9,568.7,146,Balanced All-Wheel Traction
RIMAC-RAWTV-2682,116.4,-0.04,0.3,-31.5,126,Balanced All-Wheel Traction
RIMAC-RAWTV-2683,210.8,0.43,6.3,287.5,148,Balanced All-Wheel Traction
RIMAC-RAWTV-2684,175.9,0.06,2.8,60.1,108,Balanced All-Wheel Traction
RIMAC-RAWTV-2685,285.3,0.49,5.1,449.0,141,Balanced All-Wheel Traction
RIMAC-RAWTV-2686,98.4,1.2,17.7,1046.9,153,Balanced All-Wheel Traction
RIMAC-RAWTV-2687,285.2,0.73,8.5,624.9,166,Balanced All-Wheel Traction
RIMAC-RAWTV-2688,154.7,-1.29,-20.3,-1098.0,169,Balanced All-Wheel Traction
RIMAC-RAWTV-2689,162.6,1.58,23.0,1326.8,179,Active R-AWTV High-G Yaw Vectoring
RIMAC-RAWTV-2690,214.6,-1.4,-21.1,-1152.5,167,Active R-AWTV High-G Yaw Vectoring
RIMAC-RAWTV-2691,65.6,1.49,21.8,1288.9,180,Active R-AWTV High-G Yaw Vectoring
RIMAC-RAWTV-2692,308.2,0.07,0.9,46.8,117,Balanced All-Wheel Traction
RIMAC-RAWTV-2693,304.1,0.01,0.9,-36.9,118,Balanced All-Wheel Traction
RIMAC-RAWTV-2694,115.7,-0.63,-8.6,-525.3,141,Balanced All-Wheel Traction
RIMAC-RAWTV-2695,202.4,0.47,6.3,383.0,146,Balanced All-Wheel Traction
RIMAC-RAWTV-2696,77.3,-0.7,-9.1,-611.8,150,Balanced All-Wheel Traction
RIMAC-RAWTV-2697,116.9,1.38,19.3,1230.6,175,Active R-AWTV High-G Yaw Vectoring
RIMAC-RAWTV-2698,199.4,-0.34,-4.5,-289.5,132,Balanced All-Wheel Traction
RIMAC-RAWTV-2699,122.4,-0.01,-0.3,26.7,103,Balanced All-Wheel Traction
RIMAC-RAWTV-2700,119.0,-1.06,-15.9,-937.4,162,Balanced All-Wheel Traction
RIMAC-RAWTV-2701,262.0,-1.28,-17.2,-1111.2,163,Balanced All-Wheel Traction
RIMAC-RAWTV-2702,146.3,-1.52,-23.3,-1275.4,175,Active R-AWTV High-G Yaw Vectoring
RIMAC-RAWTV-2703,296.1,-1.06,-17.3,-872.3,154,Balanced All-Wheel Traction
RIMAC-RAWTV-2704,229.0,-1.49,-22.9,-1265.5,157,Active R-AWTV High-G Yaw Vectoring
RIMAC-RAWTV-2705,238.8,-1.21,-17.9,-1059.2,169,Balanced All-Wheel Traction
RIMAC-RAWTV-2706,216.1,-0.46,-6.0,-388.2,143,Balanced All-Wheel Traction
RIMAC-RAWTV-2707,162.5,0.04,0.3,12.9,132,Balanced All-Wheel Traction
RIMAC-RAWTV-2708,78.8,-1.26,-17.6,-1064.3,175,Balanced All-Wheel Traction
RIMAC-RAWTV-2709,223.2,0.17,0.4,147.1,129,Balanced All-Wheel Traction
RIMAC-RAWTV-2710,111.9,1.24,19.2,1019.1,185,Balanced All-Wheel Traction
RIMAC-RAWTV-2711,175.8,1.11,15.5,1005.3,142,Balanced All-Wheel Traction
RIMAC-RAWTV-2712,155.3,0.49,7.4,322.5,144,Balanced All-Wheel Traction
RIMAC-RAWTV-2713,278.3,0.22,3.0,207.9,143,Balanced All-Wheel Traction
RIMAC-RAWTV-2714,165.6,1.41,22.8,1154.5,171,Active R-AWTV High-G Yaw Vectoring
RIMAC-RAWTV-2715,112.2,0.27,3.2,301.3,143,Balanced All-Wheel Traction
RIMAC-RAWTV-2716,73.5,0.38,5.3,417.9,123,Balanced All-Wheel Traction
RIMAC-RAWTV-2717,224.2,0.77,13.5,700.7,158,Balanced All-Wheel Traction
RIMAC-RAWTV-2718,199.1,-1.49,-21.8,-1245.7,158,Active R-AWTV High-G Yaw Vectoring
RIMAC-RAWTV-2719,140.4,-0.47,-5.9,-400.6,134,Balanced All-Wheel Traction
RIMAC-RAWTV-2720,154.7,-0.49,-7.2,-434.5,148,Balanced All-Wheel Traction
RIMAC-RAWTV-2721,89.1,0.08,1.8,68.7,138,Balanced All-Wheel Traction
RIMAC-RAWTV-2722,64.7,1.57,21.6,1221.6,187,Active R-AWTV High-G Yaw Vectoring
RIMAC-RAWTV-2723,104.5,1.32,20.2,1092.5,170,Active R-AWTV High-G Yaw Vectoring
RIMAC-RAWTV-2724,96.1,0.89,15.1,747.2,158,Balanced All-Wheel Traction
RIMAC-RAWTV-2725,294.9,-0.33,-5.5,-300.4,120,Balanced All-Wheel Traction
RIMAC-RAWTV-2726,63.5,0.72,10.1,632.1,156,Balanced All-Wheel Traction
RIMAC-RAWTV-2727,72.8,1.58,23.7,1356.2,171,Active R-AWTV High-G Yaw Vectoring
RIMAC-RAWTV-2728,286.5,0.36,5.2,363.2,132,Balanced All-Wheel Traction
RIMAC-RAWTV-2729,135.3,1.09,15.3,866.9,169,Balanced All-Wheel Traction
RIMAC-RAWTV-2730,222.7,0.39,6.1,295.9,131,Balanced All-Wheel Traction
RIMAC-RAWTV-2731,237.2,1.23,17.6,1081.2,177,Balanced All-Wheel Traction
RIMAC-RAWTV-2732,309.8,0.59,6.7,483.2,135,Balanced All-Wheel Traction
RIMAC-RAWTV-2733,129.1,-1.07,-15.2,-965.5,162,Balanced All-Wheel Traction
RIMAC-RAWTV-2734,141.8,-0.68,-11.5,-630.2,152,Balanced All-Wheel Traction
RIMAC-RAWTV-2735,253.4,0.36,3.8,393.1,125,Balanced All-Wheel Traction
RIMAC-RAWTV-2736,107.8,0.68,10.3,694.6,139,Balanced All-Wheel Traction
RIMAC-RAWTV-2737,145.7,0.07,2.3,74.5,123,Balanced All-Wheel Traction
RIMAC-RAWTV-2738,218.8,0.68,12.0,618.6,150,Balanced All-Wheel Traction
RIMAC-RAWTV-2739,102.7,0.51,7.4,457.4,149,Balanced All-Wheel Traction
RIMAC-RAWTV-2740,215.1,-0.13,-2.0,-105.0,139,Balanced All-Wheel Traction
RIMAC-RAWTV-2741,123.8,-1.26,-17.8,-1040.7,173,Balanced All-Wheel Traction
RIMAC-RAWTV-2742,125.1,0.86,12.1,737.1,169,Balanced All-Wheel Traction
RIMAC-RAWTV-2743,129.5,0.98,15.7,747.3,141,Balanced All-Wheel Traction
RIMAC-RAWTV-2744,212.4,-1.1,-15.3,-958.0,144,Balanced All-Wheel Traction
RIMAC-RAWTV-2745,126.6,1.52,20.9,1286.0,162,Active R-AWTV High-G Yaw Vectoring
RIMAC-RAWTV-2746,263.3,-0.95,-12.9,-724.2,148,Balanced All-Wheel Traction
RIMAC-RAWTV-2747,179.4,1.43,19.9,1255.8,180,Active R-AWTV High-G Yaw Vectoring
RIMAC-RAWTV-2748,204.2,-0.31,-4.6,-215.1,131,Balanced All-Wheel Traction
RIMAC-RAWTV-2749,161.5,0.16,0.9,96.6,120,Balanced All-Wheel Traction
RIMAC-RAWTV-2750,165.0,-0.5,-8.4,-421.1,146,Balanced All-Wheel Traction
RIMAC-RAWTV-2751,149.6,-0.58,-9.9,-459.4,147,Balanced All-Wheel Traction
RIMAC-RAWTV-2752,155.1,0.54,7.2,458.0,135,Balanced All-Wheel Traction
RIMAC-RAWTV-2753,82.2,-0.7,-9.8,-554.0,144,Balanced All-Wheel Traction
RIMAC-RAWTV-2754,317.1,1.16,15.6,958.9,152,Balanced All-Wheel Traction
RIMAC-RAWTV-2755,74.7,0.64,10.1,654.4,148,Balanced All-Wheel Traction
RIMAC-RAWTV-2756,237.9,-0.13,-4.0,-162.6,131,Balanced All-Wheel Traction
RIMAC-RAWTV-2757,78.2,0.87,15.2,747.9,141,Balanced All-Wheel Traction
RIMAC-RAWTV-2758,86.0,-0.27,-5.0,-296.0,128,Balanced All-Wheel Traction
RIMAC-RAWTV-2759,307.8,0.1,0.9,134.2,130,Balanced All-Wheel Traction
RIMAC-RAWTV-2760,116.1,-0.52,-9.1,-385.6,134,Balanced All-Wheel Traction
RIMAC-RAWTV-2761,308.0,0.34,5.6,209.9,145,Balanced All-Wheel Traction
RIMAC-RAWTV-2762,242.9,-0.21,-3.1,-181.0,124,Balanced All-Wheel Traction
RIMAC-RAWTV-2763,145.6,0.25,4.8,250.2,132,Balanced All-Wheel Traction
RIMAC-RAWTV-2764,90.6,-1.22,-16.3,-1048.5,161,Balanced All-Wheel Traction
RIMAC-RAWTV-2765,111.6,0.95,13.0,834.5,145,Balanced All-Wheel Traction
RIMAC-RAWTV-2766,319.5,0.86,13.5,753.6,147,Balanced All-Wheel Traction
RIMAC-RAWTV-2767,296.9,-0.88,-11.9,-752.0,141,Balanced All-Wheel Traction
RIMAC-RAWTV-2768,144.7,1.52,21.6,1305.7,169,Active R-AWTV High-G Yaw Vectoring
RIMAC-RAWTV-2769,116.5,0.0,-0.8,-15.7,139,Balanced All-Wheel Traction
RIMAC-RAWTV-2770,286.2,0.21,4.7,154.7,130,Balanced All-Wheel Traction
RIMAC-RAWTV-2771,288.8,-0.49,-6.5,-496.3,120,Balanced All-Wheel Traction
RIMAC-RAWTV-2772,271.5,-1.44,-21.4,-1261.5,169,Active R-AWTV High-G Yaw Vectoring
RIMAC-RAWTV-2773,85.7,-1.59,-22.7,-1324.4,164,Active R-AWTV High-G Yaw Vectoring
RIMAC-RAWTV-2774,89.2,1.31,17.7,1069.9,161,Active R-AWTV High-G Yaw Vectoring
RIMAC-RAWTV-2775,231.4,-0.49,-6.1,-413.8,132,Balanced All-Wheel Traction
RIMAC-RAWTV-2776,224.9,0.24,4.4,233.6,121,Balanced All-Wheel Traction
RIMAC-RAWTV-2777,171.0,0.33,6.1,377.8,126,Balanced All-Wheel Traction
RIMAC-RAWTV-2778,252.0,0.52,6.7,519.1,143,Balanced All-Wheel Traction
RIMAC-RAWTV-2779,247.6,0.0,-0.5,-45.3,142,Balanced All-Wheel Traction
RIMAC-RAWTV-2780,140.8,1.21,18.2,1072.9,165,Balanced All-Wheel Traction
RIMAC-RAWTV-2781,145.6,-1.26,-17.4,-1141.3,159,Balanced All-Wheel Traction
RIMAC-RAWTV-2782,169.7,-1.53,-21.3,-1281.4,198,Active R-AWTV High-G Yaw Vectoring
RIMAC-RAWTV-2783,306.3,0.01,0.0,-4.8,126,Balanced All-Wheel Traction
RIMAC-RAWTV-2784,80.1,0.57,7.6,459.9,151,Balanced All-Wheel Traction
RIMAC-RAWTV-2785,263.7,0.82,12.8,792.0,160,Balanced All-Wheel Traction
RIMAC-RAWTV-2786,120.8,0.54,10.1,505.2,145,Balanced All-Wheel Traction
RIMAC-RAWTV-2787,234.5,-1.39,-18.8,-1127.4,162,Active R-AWTV High-G Yaw Vectoring
RIMAC-RAWTV-2788,107.7,0.27,3.7,159.4,120,Balanced All-Wheel Traction
RIMAC-RAWTV-2789,216.0,1.44,22.0,1215.1,168,Active R-AWTV High-G Yaw Vectoring
RIMAC-RAWTV-2790,98.4,0.7,10.5,524.6,139,Balanced All-Wheel Traction
RIMAC-RAWTV-2791,97.2,-0.3,-4.2,-290.9,129,Balanced All-Wheel Traction
RIMAC-RAWTV-2792,226.2,0.16,3.2,170.1,141,Balanced All-Wheel Traction
RIMAC-RAWTV-2793,237.2,-1.3,-19.7,-996.0,145,Balanced All-Wheel Traction
RIMAC-RAWTV-2794,60.7,1.23,19.4,957.6,174,Balanced All-Wheel Traction
RIMAC-RAWTV-2795,223.8,-0.71,-11.1,-570.1,134,Balanced All-Wheel Traction
RIMAC-RAWTV-2796,128.4,-0.56,-9.3,-418.3,133,Balanced All-Wheel Traction
RIMAC-RAWTV-2797,96.3,-0.48,-6.8,-390.8,141,Balanced All-Wheel Traction
RIMAC-RAWTV-2798,100.5,-0.8,-10.1,-609.0,147,Balanced All-Wheel Traction
RIMAC-RAWTV-2799,303.3,-0.9,-11.7,-683.5,169,Balanced All-Wheel Traction
RIMAC-RAWTV-2800,263.1,-0.62,-7.3,-527.7,135,Balanced All-Wheel Traction
RIMAC-RAWTV-2801,141.6,-1.52,-22.3,-1319.4,183,Active R-AWTV High-G Yaw Vectoring
RIMAC-RAWTV-2802,241.6,-0.75,-9.6,-659.3,149,Balanced All-Wheel Traction
RIMAC-RAWTV-2803,175.7,0.84,9.4,675.9,170,Balanced All-Wheel Traction
RIMAC-RAWTV-2804,185.4,-0.4,-7.8,-361.2,143,Balanced All-Wheel Traction
RIMAC-RAWTV-2805,198.1,0.55,6.3,528.9,134,Balanced All-Wheel Traction
RIMAC-RAWTV-2806,231.3,-0.96,-11.1,-844.3,161,Balanced All-Wheel Traction
RIMAC-RAWTV-2807,171.0,0.14,-0.3,133.0,138,Balanced All-Wheel Traction
RIMAC-RAWTV-2808,119.0,0.38,5.7,287.7,115,Balanced All-Wheel Traction
RIMAC-RAWTV-2809,143.9,-1.13,-17.6,-975.4,170,Balanced All-Wheel Traction
RIMAC-RAWTV-2810,315.4,1.18,17.7,979.8,181,Balanced All-Wheel Traction
RIMAC-RAWTV-2811,130.2,-0.7,-10.5,-509.3,163,Balanced All-Wheel Traction
RIMAC-RAWTV-2812,171.4,-0.22,-3.0,-258.9,152,Balanced All-Wheel Traction
RIMAC-RAWTV-2813,166.9,0.97,13.7,823.1,156,Balanced All-Wheel Traction
RIMAC-RAWTV-2814,263.9,0.26,3.7,249.2,150,Balanced All-Wheel Traction
RIMAC-RAWTV-2815,123.1,-1.58,-22.7,-1254.1,184,Active R-AWTV High-G Yaw Vectoring
RIMAC-RAWTV-2816,113.4,1.38,19.5,1154.7,162,Active R-AWTV High-G Yaw Vectoring
RIMAC-RAWTV-2817,142.1,-0.43,-6.5,-367.1,137,Balanced All-Wheel Traction
RIMAC-RAWTV-2818,148.9,0.4,6.9,295.2,128,Balanced All-Wheel Traction
RIMAC-RAWTV-2819,309.9,0.37,4.8,271.4,146,Balanced All-Wheel Traction
RIMAC-RAWTV-2820,207.7,-1.39,-19.4,-1107.1,170,Active R-AWTV High-G Yaw Vectoring
RIMAC-RAWTV-2821,152.9,1.55,20.3,1318.8,178,Active R-AWTV High-G Yaw Vectoring
RIMAC-RAWTV-2822,196.0,1.22,17.0,1010.8,160,Balanced All-Wheel Traction
RIMAC-RAWTV-2823,306.4,-0.36,-5.8,-360.1,122,Balanced All-Wheel Traction
RIMAC-RAWTV-2824,177.3,-1.08,-16.8,-915.0,185,Balanced All-Wheel Traction
RIMAC-RAWTV-2825,111.6,0.32,3.1,265.5,139,Balanced All-Wheel Traction
RIMAC-RAWTV-2826,74.6,-0.22,-1.4,-204.0,133,Balanced All-Wheel Traction
RIMAC-RAWTV-2827,165.6,0.44,6.6,332.5,159,Balanced All-Wheel Traction
RIMAC-RAWTV-2828,241.6,-0.12,0.7,-116.8,131,Balanced All-Wheel Traction
RIMAC-RAWTV-2829,231.7,-0.88,-13.2,-772.6,158,Balanced All-Wheel Traction
RIMAC-RAWTV-2830,106.1,-0.53,-8.2,-506.2,131,Balanced All-Wheel Traction
RIMAC-RAWTV-2831,264.3,-0.21,-3.8,-173.4,129,Balanced All-Wheel Traction
RIMAC-RAWTV-2832,136.9,-1.25,-19.9,-1068.4,160,Balanced All-Wheel Traction
RIMAC-RAWTV-2833,290.5,-0.94,-12.1,-853.4,154,Balanced All-Wheel Traction
RIMAC-RAWTV-2834,161.6,0.85,10.4,724.6,154,Balanced All-Wheel Traction
RIMAC-RAWTV-2835,90.3,0.19,4.3,221.1,119,Balanced All-Wheel Traction
RIMAC-RAWTV-2836,311.2,-0.01,1.7,8.1,118,Balanced All-Wheel Traction
RIMAC-RAWTV-2837,84.1,-1.2,-16.0,-1020.2,161,Balanced All-Wheel Traction
RIMAC-RAWTV-2838,129.1,-0.03,-1.2,-54.0,128,Balanced All-Wheel Traction
RIMAC-RAWTV-2839,124.1,0.83,11.8,718.5,161,Balanced All-Wheel Traction
RIMAC-RAWTV-2840,305.5,-0.99,-13.1,-779.8,157,Balanced All-Wheel Traction
RIMAC-RAWTV-2841,165.8,-0.41,-6.6,-458.8,126,Balanced All-Wheel Traction
RIMAC-RAWTV-2842,252.9,0.95,12.1,919.8,164,Balanced All-Wheel Traction
RIMAC-RAWTV-2843,238.8,-0.09,-2.6,-90.0,118,Balanced All-Wheel Traction
RIMAC-RAWTV-2844,134.0,1.25,19.6,1090.9,152,Balanced All-Wheel Traction
RIMAC-RAWTV-2845,300.5,-1.37,-20.7,-1094.4,166,Active R-AWTV High-G Yaw Vectoring
RIMAC-RAWTV-2846,73.5,-1.0,-16.5,-846.8,155,Balanced All-Wheel Traction
RIMAC-RAWTV-2847,271.3,-0.35,-6.3,-366.1,136,Balanced All-Wheel Traction
RIMAC-RAWTV-2848,259.5,-1.45,-23.2,-1182.8,180,Active R-AWTV High-G Yaw Vectoring
RIMAC-RAWTV-2849,139.2,-0.75,-10.3,-642.0,142,Balanced All-Wheel Traction
RIMAC-RAWTV-2850,157.3,0.97,14.4,844.7,156,Balanced All-Wheel Traction
RIMAC-RAWTV-2851,219.4,-1.03,-15.3,-830.3,156,Balanced All-Wheel Traction
RIMAC-RAWTV-2852,170.6,-0.52,-7.7,-533.5,154,Balanced All-Wheel Traction
RIMAC-RAWTV-2853,108.1,-0.48,-6.3,-340.9,132,Balanced All-Wheel Traction
RIMAC-RAWTV-2854,155.2,1.53,25.4,1388.4,174,Active R-AWTV High-G Yaw Vectoring
RIMAC-RAWTV-2855,188.5,-0.25,-1.3,-168.2,131,Balanced All-Wheel Traction
RIMAC-RAWTV-2856,229.1,-1.39,-21.9,-1170.6,159,Active R-AWTV High-G Yaw Vectoring
RIMAC-RAWTV-2857,66.6,0.28,4.2,249.7,127,Balanced All-Wheel Traction
RIMAC-RAWTV-2858,236.4,-0.99,-14.6,-823.1,140,Balanced All-Wheel Traction
RIMAC-RAWTV-2859,273.4,1.56,24.2,1344.4,182,Active R-AWTV High-G Yaw Vectoring
RIMAC-RAWTV-2860,206.0,0.81,13.6,667.3,132,Balanced All-Wheel Traction
RIMAC-RAWTV-2861,228.8,-1.47,-20.5,-1241.6,171,Active R-AWTV High-G Yaw Vectoring
RIMAC-RAWTV-2862,227.4,-1.02,-13.2,-856.9,144,Balanced All-Wheel Traction
RIMAC-RAWTV-2863,94.9,0.68,11.5,540.2,127,Balanced All-Wheel Traction
RIMAC-RAWTV-2864,62.2,1.16,16.3,965.7,176,Balanced All-Wheel Traction
RIMAC-RAWTV-2865,139.8,0.17,2.7,272.1,132,Balanced All-Wheel Traction
RIMAC-RAWTV-2866,139.7,-0.74,-9.7,-697.7,130,Balanced All-Wheel Traction
RIMAC-RAWTV-2867,187.4,1.25,18.5,1031.6,153,Balanced All-Wheel Traction
RIMAC-RAWTV-2868,316.2,0.82,13.3,635.6,154,Balanced All-Wheel Traction
RIMAC-RAWTV-2869,314.9,0.35,4.0,305.5,122,Balanced All-Wheel Traction
RIMAC-RAWTV-2870,77.6,1.27,18.0,1140.8,184,Balanced All-Wheel Traction
RIMAC-RAWTV-2871,78.9,-1.15,-16.8,-1039.6,162,Balanced All-Wheel Traction
RIMAC-RAWTV-2872,274.9,-0.67,-8.2,-561.8,150,Balanced All-Wheel Traction
RIMAC-RAWTV-2873,143.8,-0.95,-14.6,-856.2,157,Balanced All-Wheel Traction
RIMAC-RAWTV-2874,247.0,-0.53,-9.6,-398.4,138,Balanced All-Wheel Traction
RIMAC-RAWTV-2875,218.8,0.03,-2.0,43.5,124,Balanced All-Wheel Traction
RIMAC-RAWTV-2876,105.4,-1.46,-21.8,-1189.4,185,Active R-AWTV High-G Yaw Vectoring
RIMAC-RAWTV-2877,133.8,1.39,20.0,1090.7,160,Active R-AWTV High-G Yaw Vectoring
RIMAC-RAWTV-2878,215.7,-0.38,-4.2,-358.5,151,Balanced All-Wheel Traction
RIMAC-RAWTV-2879,228.7,-1.35,-19.2,-1141.1,163,Active R-AWTV High-G Yaw Vectoring
RIMAC-RAWTV-2880,105.8,-1.56,-23.2,-1324.1,149,Active R-AWTV High-G Yaw Vectoring
RIMAC-RAWTV-2881,193.6,0.95,12.4,832.2,165,Balanced All-Wheel Traction
RIMAC-RAWTV-2882,128.8,0.94,13.3,767.0,150,Balanced All-Wheel Traction
RIMAC-RAWTV-2883,101.9,-1.16,-17.4,-971.6,179,Balanced All-Wheel Traction
RIMAC-RAWTV-2884,199.2,0.95,11.8,779.1,151,Balanced All-Wheel Traction
RIMAC-RAWTV-2885,121.3,-0.79,-11.5,-680.0,142,Balanced All-Wheel Traction
RIMAC-RAWTV-2886,278.1,-1.53,-22.3,-1350.0,186,Active R-AWTV High-G Yaw Vectoring
RIMAC-RAWTV-2887,288.1,0.06,0.0,110.7,122,Balanced All-Wheel Traction
RIMAC-RAWTV-2888,92.6,1.46,21.3,1234.2,185,Active R-AWTV High-G Yaw Vectoring
RIMAC-RAWTV-2889,156.0,-0.59,-8.7,-553.5,139,Balanced All-Wheel Traction
RIMAC-RAWTV-2890,234.8,0.12,0.3,111.8,116,Balanced All-Wheel Traction
RIMAC-RAWTV-2891,165.5,-1.25,-17.7,-1132.8,164,Balanced All-Wheel Traction
RIMAC-RAWTV-2892,301.7,-0.17,-2.7,-110.0,128,Balanced All-Wheel Traction
RIMAC-RAWTV-2893,161.5,-0.02,-1.5,-37.0,124,Balanced All-Wheel Traction
RIMAC-RAWTV-2894,183.4,0.23,1.9,170.5,138,Balanced All-Wheel Traction
RIMAC-RAWTV-2895,260.0,-1.35,-21.1,-1115.8,165,Active R-AWTV High-G Yaw Vectoring
RIMAC-RAWTV-2896,159.9,0.41,6.1,354.6,129,Balanced All-Wheel Traction
RIMAC-RAWTV-2897,76.7,-0.63,-7.3,-519.6,154,Balanced All-Wheel Traction
RIMAC-RAWTV-2898,109.5,-0.14,-1.2,-173.5,128,Balanced All-Wheel Traction
RIMAC-RAWTV-2899,216.0,-0.62,-11.4,-557.0,147,Balanced All-Wheel Traction
RIMAC-RAWTV-2900,96.7,-1.11,-15.8,-912.8,161,Balanced All-Wheel Traction
RIMAC-RAWTV-2901,316.0,0.88,11.7,723.2,152,Balanced All-Wheel Traction
RIMAC-RAWTV-2902,160.3,-1.48,-20.3,-1328.0,164,Active R-AWTV High-G Yaw Vectoring
RIMAC-RAWTV-2903,226.5,-1.05,-15.8,-893.4,160,Balanced All-Wheel Traction
RIMAC-RAWTV-2904,250.3,-0.17,-4.3,-140.8,112,Balanced All-Wheel Traction
RIMAC-RAWTV-2905,99.3,1.53,21.4,1274.8,162,Active R-AWTV High-G Yaw Vectoring
RIMAC-RAWTV-2906,200.1,1.31,18.6,1113.2,169,Active R-AWTV High-G Yaw Vectoring
RIMAC-RAWTV-2907,258.5,-0.62,-9.4,-520.2,142,Balanced All-Wheel Traction
RIMAC-RAWTV-2908,272.3,-1.54,-22.8,-1296.1,166,Active R-AWTV High-G Yaw Vectoring
RIMAC-RAWTV-2909,62.4,0.28,4.3,276.7,119,Balanced All-Wheel Traction
RIMAC-RAWTV-2910,253.5,0.04,0.3,21.0,130,Balanced All-Wheel Traction
RIMAC-RAWTV-2911,130.5,-0.54,-9.1,-524.4,136,Balanced All-Wheel Traction
RIMAC-RAWTV-2912,261.6,-0.29,-6.0,-241.9,119,Balanced All-Wheel Traction
RIMAC-RAWTV-2913,267.0,1.54,21.2,1287.0,180,Active R-AWTV High-G Yaw Vectoring
RIMAC-RAWTV-2914,110.6,0.29,2.3,184.1,142,Balanced All-Wheel Traction
RIMAC-RAWTV-2915,211.7,1.39,19.0,1157.4,174,Active R-AWTV High-G Yaw Vectoring
RIMAC-RAWTV-2916,127.2,-1.17,-17.2,-1108.3,160,Balanced All-Wheel Traction
RIMAC-RAWTV-2917,165.3,0.51,7.5,462.0,140,Balanced All-Wheel Traction
RIMAC-RAWTV-2918,297.5,-1.38,-23.6,-1133.7,157,Active R-AWTV High-G Yaw Vectoring
RIMAC-RAWTV-2919,284.4,1.04,11.8,872.3,152,Balanced All-Wheel Traction
RIMAC-RAWTV-2920,62.0,-0.09,-0.3,-144.9,112,Balanced All-Wheel Traction
RIMAC-RAWTV-2921,286.3,-1.04,-14.0,-889.1,165,Balanced All-Wheel Traction
RIMAC-RAWTV-2922,97.0,-0.12,-3.5,-70.9,94,Balanced All-Wheel Traction
RIMAC-RAWTV-2923,215.3,0.25,3.3,253.4,133,Balanced All-Wheel Traction
RIMAC-RAWTV-2924,257.0,-0.58,-6.6,-478.3,137,Balanced All-Wheel Traction
RIMAC-RAWTV-2925,212.9,-1.04,-15.2,-931.9,165,Balanced All-Wheel Traction
RIMAC-RAWTV-2926,64.1,0.56,7.5,495.1,154,Balanced All-Wheel Traction
RIMAC-RAWTV-2927,194.8,-0.92,-13.9,-788.8,147,Balanced All-Wheel Traction
RIMAC-RAWTV-2928,138.4,1.3,20.7,1128.3,189,Balanced All-Wheel Traction
RIMAC-RAWTV-2929,309.4,-1.06,-14.8,-965.7,152,Balanced All-Wheel Traction
RIMAC-RAWTV-2930,186.5,1.39,20.0,1190.5,170,Active R-AWTV High-G Yaw Vectoring
RIMAC-RAWTV-2931,218.6,0.67,10.0,581.2,152,Balanced All-Wheel Traction
RIMAC-RAWTV-2932,209.5,-1.46,-22.4,-1300.5,160,Active R-AWTV High-G Yaw Vectoring
RIMAC-RAWTV-2933,230.4,1.19,18.8,1112.5,160,Balanced All-Wheel Traction
RIMAC-RAWTV-2934,284.7,-0.48,-4.7,-389.4,154,Balanced All-Wheel Traction
RIMAC-RAWTV-2935,128.1,-1.42,-21.0,-1134.2,168,Active R-AWTV High-G Yaw Vectoring
RIMAC-RAWTV-2936,257.7,-1.44,-23.2,-1267.0,186,Active R-AWTV High-G Yaw Vectoring
RIMAC-RAWTV-2937,222.4,1.45,20.9,1305.0,163,Active R-AWTV High-G Yaw Vectoring
RIMAC-RAWTV-2938,237.4,0.04,1.8,-30.5,122,Balanced All-Wheel Traction
RIMAC-RAWTV-2939,153.4,-0.42,-5.5,-424.3,116,Balanced All-Wheel Traction
RIMAC-RAWTV-2940,141.6,1.51,23.3,1375.5,190,Active R-AWTV High-G Yaw Vectoring
RIMAC-RAWTV-2941,237.7,1.06,17.0,842.1,156,Balanced All-Wheel Traction
RIMAC-RAWTV-2942,233.7,-0.59,-7.9,-558.7,120,Balanced All-Wheel Traction
RIMAC-RAWTV-2943,136.0,-1.23,-20.0,-1097.8,172,Balanced All-Wheel Traction
RIMAC-RAWTV-2944,91.8,-1.26,-19.4,-999.7,147,Balanced All-Wheel Traction
RIMAC-RAWTV-2945,153.2,-1.23,-16.9,-1003.7,184,Balanced All-Wheel Traction
RIMAC-RAWTV-2946,219.2,-0.03,-2.4,-92.0,120,Balanced All-Wheel Traction
RIMAC-RAWTV-2947,188.4,0.26,2.7,149.2,127,Balanced All-Wheel Traction
RIMAC-RAWTV-2948,228.6,0.4,4.3,354.9,136,Balanced All-Wheel Traction
RIMAC-RAWTV-2949,157.6,0.86,12.6,853.6,118,Balanced All-Wheel Traction
RIMAC-RAWTV-2950,79.2,0.46,5.6,373.9,152,Balanced All-Wheel Traction
RIMAC-RAWTV-2951,82.1,1.45,22.6,1256.9,189,Active R-AWTV High-G Yaw Vectoring
RIMAC-RAWTV-2952,292.3,-0.78,-12.6,-676.7,146,Balanced All-Wheel Traction
RIMAC-RAWTV-2953,226.9,-0.93,-13.3,-807.1,145,Balanced All-Wheel Traction
RIMAC-RAWTV-2954,283.8,-0.21,-3.6,-188.9,136,Balanced All-Wheel Traction
RIMAC-RAWTV-2955,156.8,-1.13,-13.8,-970.7,169,Balanced All-Wheel Traction
RIMAC-RAWTV-2956,277.4,-0.33,-2.6,-286.9,121,Balanced All-Wheel Traction
RIMAC-RAWTV-2957,231.4,-0.73,-10.4,-589.2,138,Balanced All-Wheel Traction
RIMAC-RAWTV-2958,195.1,1.16,18.1,937.9,167,Balanced All-Wheel Traction
RIMAC-RAWTV-2959,180.5,1.0,13.5,840.4,155,Balanced All-Wheel Traction
RIMAC-RAWTV-2960,133.6,1.49,23.3,1309.6,154,Active R-AWTV High-G Yaw Vectoring
RIMAC-RAWTV-2961,237.8,1.05,12.7,912.1,155,Balanced All-Wheel Traction
RIMAC-RAWTV-2962,95.1,1.49,20.5,1294.6,174,Active R-AWTV High-G Yaw Vectoring
RIMAC-RAWTV-2963,182.5,0.24,5.5,191.1,125,Balanced All-Wheel Traction
RIMAC-RAWTV-2964,163.3,-0.88,-14.1,-735.9,162,Balanced All-Wheel Traction
RIMAC-RAWTV-2965,288.1,-1.56,-19.7,-1317.8,178,Active R-AWTV High-G Yaw Vectoring
RIMAC-RAWTV-2966,274.0,-0.55,-7.2,-482.9,139,Balanced All-Wheel Traction
RIMAC-RAWTV-2967,103.8,0.42,6.0,319.6,132,Balanced All-Wheel Traction
RIMAC-RAWTV-2968,258.9,-0.07,-1.0,-6.2,121,Balanced All-Wheel Traction
RIMAC-RAWTV-2969,132.3,-1.32,-18.0,-1143.4,168,Active R-AWTV High-G Yaw Vectoring
RIMAC-RAWTV-2970,233.7,0.82,11.5,689.8,142,Balanced All-Wheel Traction
RIMAC-RAWTV-2971,252.7,0.74,11.5,615.2,141,Balanced All-Wheel Traction
RIMAC-RAWTV-2972,138.7,1.07,13.8,854.7,145,Balanced All-Wheel Traction
RIMAC-RAWTV-2973,106.5,0.59,9.0,502.9,135,Balanced All-Wheel Traction
RIMAC-RAWTV-2974,128.2,0.93,12.5,820.6,145,Balanced All-Wheel Traction
RIMAC-RAWTV-2975,261.6,-0.32,-3.4,-304.2,134,Balanced All-Wheel Traction
RIMAC-RAWTV-2976,89.4,-1.51,-19.8,-1266.6,162,Active R-AWTV High-G Yaw Vectoring
RIMAC-RAWTV-2977,271.2,0.36,6.4,269.8,142,Balanced All-Wheel Traction
RIMAC-RAWTV-2978,251.6,0.19,4.7,187.6,131,Balanced All-Wheel Traction
RIMAC-RAWTV-2979,87.3,0.41,5.9,412.6,125,Balanced All-Wheel Traction
RIMAC-RAWTV-2980,248.9,1.49,20.4,1249.2,160,Active R-AWTV High-G Yaw Vectoring
RIMAC-RAWTV-2981,229.9,-0.02,-0.6,-19.3,107,Balanced All-Wheel Traction
RIMAC-RAWTV-2982,238.2,-1.39,-19.6,-1214.9,178,Active R-AWTV High-G Yaw Vectoring
RIMAC-RAWTV-2983,197.6,-0.39,-5.9,-292.9,134,Balanced All-Wheel Traction
RIMAC-RAWTV-2984,235.6,-0.01,1.3,-42.3,121,Balanced All-Wheel Traction
RIMAC-RAWTV-2985,314.9,-0.77,-10.1,-643.1,137,Balanced All-Wheel Traction
RIMAC-RAWTV-2986,236.4,1.29,20.5,1080.9,146,Balanced All-Wheel Traction
RIMAC-RAWTV-2987,64.0,0.89,11.4,791.2,146,Balanced All-Wheel Traction
RIMAC-RAWTV-2988,216.2,-1.31,-18.4,-1157.4,168,Active R-AWTV High-G Yaw Vectoring
RIMAC-RAWTV-2989,201.2,0.76,10.3,597.3,149,Balanced All-Wheel Traction
RIMAC-RAWTV-2990,231.6,-0.83,-11.1,-689.5,150,Balanced All-Wheel Traction
RIMAC-RAWTV-2991,200.3,0.4,6.0,354.6,149,Balanced All-Wheel Traction
RIMAC-RAWTV-2992,213.4,-1.25,-16.6,-1013.5,171,Balanced All-Wheel Traction
RIMAC-RAWTV-2993,112.6,0.15,2.5,73.1,128,Balanced All-Wheel Traction
RIMAC-RAWTV-2994,257.5,-0.8,-12.2,-678.5,161,Balanced All-Wheel Traction
RIMAC-RAWTV-2995,125.3,-1.41,-23.2,-1198.9,153,Active R-AWTV High-G Yaw Vectoring
RIMAC-RAWTV-2996,315.3,1.04,16.3,843.0,161,Balanced All-Wheel Traction
RIMAC-RAWTV-2997,204.8,-0.35,-2.7,-282.8,126,Balanced All-Wheel Traction
RIMAC-RAWTV-2998,151.9,0.42,4.5,352.0,144,Balanced All-Wheel Traction
RIMAC-RAWTV-2999,221.1,-1.35,-22.0,-1092.6,168,Active R-AWTV High-G Yaw Vectoring
RIMAC-RAWTV-3000,70.8,-0.69,-10.6,-703.4,134,Balanced All-Wheel Traction
RIMAC-RAWTV-3001,77.9,0.53,6.7,456.1,120,Balanced All-Wheel Traction
RIMAC-RAWTV-3002,291.6,-0.2,-3.9,-238.6,134,Balanced All-Wheel Traction
RIMAC-RAWTV-3003,284.2,0.21,3.8,188.2,113,Balanced All-Wheel Traction
RIMAC-RAWTV-3004,91.3,0.58,10.1,451.0,146,Balanced All-Wheel Traction
RIMAC-RAWTV-3005,203.2,-0.14,-3.6,-88.6,126,Balanced All-Wheel Traction
RIMAC-RAWTV-3006,74.3,-0.91,-11.8,-703.9,152,Balanced All-Wheel Traction
RIMAC-RAWTV-3007,154.1,-1.52,-20.9,-1228.0,186,Active R-AWTV High-G Yaw Vectoring
RIMAC-RAWTV-3008,141.6,0.82,11.0,653.5,173,Balanced All-Wheel Traction
RIMAC-RAWTV-3009,87.3,-1.36,-19.1,-1144.8,162,Active R-AWTV High-G Yaw Vectoring
RIMAC-RAWTV-3010,124.1,-0.54,-7.0,-460.7,146,Balanced All-Wheel Traction
RIMAC-RAWTV-3011,68.8,1.42,20.7,1233.1,166,Active R-AWTV High-G Yaw Vectoring
RIMAC-RAWTV-3012,202.4,1.1,13.9,935.2,172,Balanced All-Wheel Traction
RIMAC-RAWTV-3013,287.1,-1.32,-19.7,-1045.3,152,Active R-AWTV High-G Yaw Vectoring
RIMAC-RAWTV-3014,291.1,0.53,8.2,455.3,141,Balanced All-Wheel Traction
RIMAC-RAWTV-3015,163.6,0.69,8.6,571.9,137,Balanced All-Wheel Traction
RIMAC-RAWTV-3016,125.7,-1.32,-16.8,-1120.6,165,Active R-AWTV High-G Yaw Vectoring
RIMAC-RAWTV-3017,194.8,-0.97,-14.7,-758.8,146,Balanced All-Wheel Traction
RIMAC-RAWTV-3018,184.0,0.93,13.4,803.8,146,Balanced All-Wheel Traction
RIMAC-RAWTV-3019,176.4,1.41,21.7,1122.0,168,Active R-AWTV High-G Yaw Vectoring
RIMAC-RAWTV-3020,296.5,0.23,3.6,134.4,111,Balanced All-Wheel Traction
RIMAC-RAWTV-3021,130.9,1.41,19.8,1227.0,175,Active R-AWTV High-G Yaw Vectoring
RIMAC-RAWTV-3022,231.1,0.7,11.0,639.6,152,Balanced All-Wheel Traction
RIMAC-RAWTV-3023,246.5,-1.6,-21.8,-1352.3,170,Active R-AWTV High-G Yaw Vectoring
RIMAC-RAWTV-3024,275.3,1.42,21.1,1212.4,173,Active R-AWTV High-G Yaw Vectoring
RIMAC-RAWTV-3025,158.1,0.39,5.3,406.6,123,Balanced All-Wheel Traction
RIMAC-RAWTV-3026,248.3,1.25,18.7,1077.1,179,Balanced All-Wheel Traction
RIMAC-RAWTV-3027,220.3,-1.25,-20.4,-1086.0,170,Balanced All-Wheel Traction
RIMAC-RAWTV-3028,269.3,-1.13,-16.0,-990.0,161,Balanced All-Wheel Traction
RIMAC-RAWTV-3029,163.4,0.77,12.3,625.6,150,Balanced All-Wheel Traction
RIMAC-RAWTV-3030,243.2,0.29,3.9,142.6,128,Balanced All-Wheel Traction
RIMAC-RAWTV-3031,179.6,-1.13,-17.0,-1013.5,168,Balanced All-Wheel Traction
RIMAC-RAWTV-3032,210.9,-1.26,-16.4,-1112.9,173,Balanced All-Wheel Traction
RIMAC-RAWTV-3033,202.1,-0.36,-6.0,-229.8,134,Balanced All-Wheel Traction
RIMAC-RAWTV-3034,102.0,-1.23,-17.3,-1085.5,158,Balanced All-Wheel Traction
RIMAC-RAWTV-3035,107.8,1.21,16.8,1012.4,149,Balanced All-Wheel Traction
RIMAC-RAWTV-3036,263.7,-1.41,-19.9,-1243.5,172,Active R-AWTV High-G Yaw Vectoring
RIMAC-RAWTV-3037,63.6,1.47,24.0,1265.2,171,Active R-AWTV High-G Yaw Vectoring
RIMAC-RAWTV-3038,286.0,0.48,4.7,364.6,137,Balanced All-Wheel Traction
RIMAC-RAWTV-3039,316.6,1.2,17.9,972.6,152,Balanced All-Wheel Traction
RIMAC-RAWTV-3040,119.7,0.78,10.9,654.2,140,Balanced All-Wheel Traction
RIMAC-RAWTV-3041,205.7,1.13,15.2,915.3,144,Balanced All-Wheel Traction
RIMAC-RAWTV-3042,158.1,-1.23,-18.4,-1055.1,142,Balanced All-Wheel Traction
RIMAC-RAWTV-3043,63.9,-1.22,-17.9,-1032.6,155,Balanced All-Wheel Traction
RIMAC-RAWTV-3044,72.0,1.11,16.8,971.0,176,Balanced All-Wheel Traction
RIMAC-RAWTV-3045,149.8,-0.79,-12.8,-698.5,139,Balanced All-Wheel Traction
RIMAC-RAWTV-3046,170.3,0.59,9.2,558.5,140,Balanced All-Wheel Traction
RIMAC-RAWTV-3047,94.7,0.86,12.1,647.5,154,Balanced All-Wheel Traction
RIMAC-RAWTV-3048,227.8,-1.12,-17.6,-950.9,162,Balanced All-Wheel Traction
RIMAC-RAWTV-3049,311.2,1.04,15.1,831.7,153,Balanced All-Wheel Traction
RIMAC-RAWTV-3050,114.5,1.28,19.0,1104.5,163,Balanced All-Wheel Traction
RIMAC-RAWTV-3051,157.1,1.22,16.2,1025.6,160,Balanced All-Wheel Traction
RIMAC-RAWTV-3052,294.5,-1.31,-18.4,-1176.2,169,Active R-AWTV High-G Yaw Vectoring
RIMAC-RAWTV-3053,299.4,1.55,22.7,1331.5,183,Active R-AWTV High-G Yaw Vectoring
RIMAC-RAWTV-3054,235.9,-0.27,-4.9,-264.6,131,Balanced All-Wheel Traction
RIMAC-RAWTV-3055,135.7,-0.07,-0.6,-77.2,113,Balanced All-Wheel Traction
RIMAC-RAWTV-3056,227.2,0.36,6.8,287.2,119,Balanced All-Wheel Traction
RIMAC-RAWTV-3057,294.8,-0.69,-11.4,-571.2,160,Balanced All-Wheel Traction
RIMAC-RAWTV-3058,194.7,1.02,15.3,885.1,152,Balanced All-Wheel Traction
RIMAC-RAWTV-3059,99.3,-0.73,-9.9,-614.6,164,Balanced All-Wheel Traction
RIMAC-RAWTV-3060,168.3,-1.47,-21.8,-1253.7,160,Active R-AWTV High-G Yaw Vectoring
RIMAC-RAWTV-3061,121.7,-1.16,-16.9,-922.0,158,Balanced All-Wheel Traction
RIMAC-RAWTV-3062,111.5,-1.18,-16.9,-1086.2,176,Balanced All-Wheel Traction
RIMAC-RAWTV-3063,90.7,1.41,19.7,1182.1,159,Active R-AWTV High-G Yaw Vectoring
RIMAC-RAWTV-3064,143.6,0.51,6.3,415.6,154,Balanced All-Wheel Traction
RIMAC-RAWTV-3065,209.5,1.59,23.4,1391.1,170,Active R-AWTV High-G Yaw Vectoring
RIMAC-RAWTV-3066,228.2,0.87,13.2,754.8,158,Balanced All-Wheel Traction
RIMAC-RAWTV-3067,199.0,1.56,21.7,1334.6,164,Active R-AWTV High-G Yaw Vectoring
RIMAC-RAWTV-3068,261.5,0.27,5.0,317.8,141,Balanced All-Wheel Traction
RIMAC-RAWTV-3069,292.0,-0.1,-2.0,-86.6,133,Balanced All-Wheel Traction
RIMAC-RAWTV-3070,260.0,-0.37,-5.5,-300.4,159,Balanced All-Wheel Traction
RIMAC-RAWTV-3071,202.5,-1.59,-22.9,-1400.0,174,Active R-AWTV High-G Yaw Vectoring
RIMAC-RAWTV-3072,125.2,-1.28,-18.7,-1128.8,151,Balanced All-Wheel Traction
RIMAC-RAWTV-3073,89.8,1.48,21.2,1232.2,170,Active R-AWTV High-G Yaw Vectoring
RIMAC-RAWTV-3074,253.5,-0.46,-8.0,-389.0,140,Balanced All-Wheel Traction
RIMAC-RAWTV-3075,78.3,0.43,7.8,289.8,133,Balanced All-Wheel Traction
RIMAC-RAWTV-3076,184.7,-0.59,-8.7,-430.8,148,Balanced All-Wheel Traction
RIMAC-RAWTV-3077,203.4,-1.2,-15.6,-998.0,168,Balanced All-Wheel Traction
RIMAC-RAWTV-3078,74.1,-1.48,-23.1,-1312.3,199,Active R-AWTV High-G Yaw Vectoring
RIMAC-RAWTV-3079,254.7,-1.52,-21.8,-1290.4,174,Active R-AWTV High-G Yaw Vectoring
RIMAC-RAWTV-3080,215.3,-0.85,-10.3,-684.9,148,Balanced All-Wheel Traction
RIMAC-RAWTV-3081,84.8,0.04,0.4,-10.0,128,Balanced All-Wheel Traction
RIMAC-RAWTV-3082,300.3,0.08,0.8,127.4,154,Balanced All-Wheel Traction
RIMAC-RAWTV-3083,169.9,-1.47,-20.1,-1335.1,186,Active R-AWTV High-G Yaw Vectoring
RIMAC-RAWTV-3084,196.2,-1.37,-20.4,-1103.5,176,Active R-AWTV High-G Yaw Vectoring
RIMAC-RAWTV-3085,267.1,-1.39,-19.3,-1064.2,160,Active R-AWTV High-G Yaw Vectoring
RIMAC-RAWTV-3086,159.4,-1.35,-18.0,-1166.3,169,Active R-AWTV High-G Yaw Vectoring
RIMAC-RAWTV-3087,222.2,0.73,9.6,599.1,169,Balanced All-Wheel Traction
RIMAC-RAWTV-3088,202.6,-1.12,-15.8,-983.5,163,Balanced All-Wheel Traction
RIMAC-RAWTV-3089,120.3,-0.22,-3.7,-181.6,132,Balanced All-Wheel Traction
RIMAC-RAWTV-3090,205.5,0.54,7.6,459.8,137,Balanced All-Wheel Traction
RIMAC-RAWTV-3091,114.9,-1.35,-20.0,-1231.9,156,Active R-AWTV High-G Yaw Vectoring
RIMAC-RAWTV-3092,275.1,-0.73,-11.6,-573.8,148,Balanced All-Wheel Traction
RIMAC-RAWTV-3093,289.0,0.6,9.1,479.7,140,Balanced All-Wheel Traction
RIMAC-RAWTV-3094,146.0,0.87,13.4,800.6,137,Balanced All-Wheel Traction
RIMAC-RAWTV-3095,208.4,0.41,5.9,301.8,128,Balanced All-Wheel Traction
RIMAC-RAWTV-3096,196.8,1.6,22.5,1354.4,172,Active R-AWTV High-G Yaw Vectoring
RIMAC-RAWTV-3097,172.3,-0.58,-8.0,-426.5,133,Balanced All-Wheel Traction
RIMAC-RAWTV-3098,183.3,-1.32,-21.0,-1122.3,164,Active R-AWTV High-G Yaw Vectoring
RIMAC-RAWTV-3099,201.5,-0.5,-4.8,-349.9,151,Balanced All-Wheel Traction
RIMAC-RAWTV-3100,114.1,-1.07,-15.4,-896.7,155,Balanced All-Wheel Traction
RIMAC-RAWTV-3101,204.7,-0.44,-9.2,-414.1,113,Balanced All-Wheel Traction
RIMAC-RAWTV-3102,227.1,0.89,13.0,759.4,140,Balanced All-Wheel Traction
RIMAC-RAWTV-3103,297.2,-0.16,-1.9,-112.7,137,Balanced All-Wheel Traction
RIMAC-RAWTV-3104,137.8,1.58,22.8,1371.7,172,Active R-AWTV High-G Yaw Vectoring
RIMAC-RAWTV-3105,273.3,0.72,12.2,568.0,149,Balanced All-Wheel Traction
RIMAC-RAWTV-3106,260.3,-0.41,-7.4,-301.9,119,Balanced All-Wheel Traction
RIMAC-RAWTV-3107,131.0,1.01,14.6,841.5,170,Balanced All-Wheel Traction
RIMAC-RAWTV-3108,246.4,0.24,3.9,251.3,110,Balanced All-Wheel Traction
RIMAC-RAWTV-3109,135.4,0.25,6.0,216.0,126,Balanced All-Wheel Traction
RIMAC-RAWTV-3110,107.6,-1.51,-23.5,-1208.3,161,Active R-AWTV High-G Yaw Vectoring
RIMAC-RAWTV-3111,114.5,0.44,5.5,378.5,140,Balanced All-Wheel Traction
RIMAC-RAWTV-3112,303.1,-0.64,-9.8,-566.3,155,Balanced All-Wheel Traction
RIMAC-RAWTV-3113,284.6,0.33,3.8,313.8,129,Balanced All-Wheel Traction
RIMAC-RAWTV-3114,203.3,-0.29,-3.8,-244.1,135,Balanced All-Wheel Traction
RIMAC-RAWTV-3115,296.5,-1.03,-14.9,-889.9,149,Balanced All-Wheel Traction
RIMAC-RAWTV-3116,90.3,1.09,17.3,997.5,165,Balanced All-Wheel Traction
RIMAC-RAWTV-3117,295.4,-0.29,-7.3,-265.5,131,Balanced All-Wheel Traction
RIMAC-RAWTV-3118,221.0,0.54,7.1,424.7,136,Balanced All-Wheel Traction
RIMAC-RAWTV-3119,198.2,-0.22,-3.4,-170.5,127,Balanced All-Wheel Traction
RIMAC-RAWTV-3120,289.0,-0.43,-4.6,-371.6,142,Balanced All-Wheel Traction
RIMAC-RAWTV-3121,192.8,1.13,17.5,929.3,158,Balanced All-Wheel Traction
RIMAC-RAWTV-3122,253.8,1.11,15.6,909.5,159,Balanced All-Wheel Traction
RIMAC-RAWTV-3123,239.7,-0.04,-0.3,-20.6,116,Balanced All-Wheel Traction
RIMAC-RAWTV-3124,307.7,-0.72,-12.0,-647.1,146,Balanced All-Wheel Traction
RIMAC-RAWTV-3125,77.7,0.93,15.5,775.5,153,Balanced All-Wheel Traction
RIMAC-RAWTV-3126,179.9,-0.46,-5.2,-355.7,141,Balanced All-Wheel Traction
RIMAC-RAWTV-3127,272.5,0.22,3.1,156.9,132,Balanced All-Wheel Traction
RIMAC-RAWTV-3128,64.4,-1.03,-16.1,-949.6,153,Balanced All-Wheel Traction
RIMAC-RAWTV-3129,222.8,-0.1,-1.4,-99.3,108,Balanced All-Wheel Traction
RIMAC-RAWTV-3130,231.7,-0.32,-5.3,-266.6,131,Balanced All-Wheel Traction
RIMAC-RAWTV-3131,213.3,-1.11,-15.3,-1010.3,163,Balanced All-Wheel Traction
RIMAC-RAWTV-3132,318.3,-0.1,-0.0,-58.1,115,Balanced All-Wheel Traction
RIMAC-RAWTV-3133,288.3,-1.0,-14.6,-811.7,155,Balanced All-Wheel Traction
RIMAC-RAWTV-3134,299.5,0.21,4.5,118.3,128,Balanced All-Wheel Traction
RIMAC-RAWTV-3135,143.5,0.4,5.5,305.8,130,Balanced All-Wheel Traction
RIMAC-RAWTV-3136,172.4,1.43,19.9,1258.0,158,Active R-AWTV High-G Yaw Vectoring
RIMAC-RAWTV-3137,271.9,-0.73,-10.9,-686.9,136,Balanced All-Wheel Traction
RIMAC-RAWTV-3138,204.0,-1.43,-21.3,-1350.8,163,Active R-AWTV High-G Yaw Vectoring
RIMAC-RAWTV-3139,136.3,-0.31,-4.5,-274.9,135,Balanced All-Wheel Traction
RIMAC-RAWTV-3140,139.6,-0.06,-0.9,9.1,106,Balanced All-Wheel Traction
RIMAC-RAWTV-3141,84.4,-1.37,-22.1,-1241.4,156,Active R-AWTV High-G Yaw Vectoring
RIMAC-RAWTV-3142,86.9,0.51,7.6,372.8,131,Balanced All-Wheel Traction
RIMAC-RAWTV-3143,302.1,-1.42,-20.2,-1164.4,174,Active R-AWTV High-G Yaw Vectoring
RIMAC-RAWTV-3144,88.1,0.45,4.8,338.9,157,Balanced All-Wheel Traction
RIMAC-RAWTV-3145,284.1,1.29,21.2,1097.8,153,Balanced All-Wheel Traction
RIMAC-RAWTV-3146,112.3,0.41,6.3,359.5,150,Balanced All-Wheel Traction
RIMAC-RAWTV-3147,167.8,1.23,17.6,1135.8,157,Balanced All-Wheel Traction
RIMAC-RAWTV-3148,78.6,-1.48,-22.5,-1305.8,178,Active R-AWTV High-G Yaw Vectoring
RIMAC-RAWTV-3149,150.0,-0.47,-7.4,-426.6,146,Balanced All-Wheel Traction
RIMAC-RAWTV-3150,211.2,-0.72,-10.1,-663.6,161,Balanced All-Wheel Traction
RIMAC-RAWTV-3151,127.7,0.29,7.0,248.1,135,Balanced All-Wheel Traction
RIMAC-RAWTV-3152,241.6,1.23,17.1,945.2,180,Balanced All-Wheel Traction
RIMAC-RAWTV-3153,77.0,-0.04,-1.8,-76.4,108,Balanced All-Wheel Traction
RIMAC-RAWTV-3154,226.2,1.45,22.0,1231.9,177,Active R-AWTV High-G Yaw Vectoring
RIMAC-RAWTV-3155,292.3,0.89,13.4,763.9,152,Balanced All-Wheel Traction
RIMAC-RAWTV-3156,194.7,0.44,5.8,341.4,148,Balanced All-Wheel Traction
RIMAC-RAWTV-3157,122.1,-1.57,-23.2,-1290.9,174,Active R-AWTV High-G Yaw Vectoring
RIMAC-RAWTV-3158,93.9,-1.39,-21.1,-1190.8,178,Active R-AWTV High-G Yaw Vectoring
RIMAC-RAWTV-3159,72.3,-0.94,-11.9,-775.7,155,Balanced All-Wheel Traction
RIMAC-RAWTV-3160,66.5,0.65,9.3,531.2,151,Balanced All-Wheel Traction
RIMAC-RAWTV-3161,281.6,-1.48,-21.3,-1274.0,174,Active R-AWTV High-G Yaw Vectoring
RIMAC-RAWTV-3162,233.8,0.65,8.2,567.1,133,Balanced All-Wheel Traction
RIMAC-RAWTV-3163,212.3,-1.46,-20.9,-1256.1,176,Active R-AWTV High-G Yaw Vectoring
RIMAC-RAWTV-3164,88.8,0.58,7.6,441.0,151,Balanced All-Wheel Traction
RIMAC-RAWTV-3165,245.2,0.6,10.1,481.8,134,Balanced All-Wheel Traction
RIMAC-RAWTV-3166,288.0,0.26,3.7,348.0,130,Balanced All-Wheel Traction
RIMAC-RAWTV-3167,301.9,0.84,13.2,638.3,152,Balanced All-Wheel Traction
RIMAC-RAWTV-3168,196.2,-1.59,-23.5,-1291.5,194,Active R-AWTV High-G Yaw Vectoring
RIMAC-RAWTV-3169,182.9,-1.23,-16.8,-964.7,169,Balanced All-Wheel Traction
RIMAC-RAWTV-3170,318.7,-0.39,-4.7,-304.1,148,Balanced All-Wheel Traction
RIMAC-RAWTV-3171,114.8,-1.45,-21.0,-1181.7,180,Active R-AWTV High-G Yaw Vectoring
RIMAC-RAWTV-3172,161.8,-1.03,-14.6,-834.3,146,Balanced All-Wheel Traction
RIMAC-RAWTV-3173,132.6,1.45,20.8,1192.5,164,Active R-AWTV High-G Yaw Vectoring
RIMAC-RAWTV-3174,73.1,0.19,3.7,74.1,142,Balanced All-Wheel Traction
RIMAC-RAWTV-3175,186.7,-0.07,-1.5,-70.0,120,Balanced All-Wheel Traction
RIMAC-RAWTV-3176,93.4,0.65,8.0,570.7,151,Balanced All-Wheel Traction
RIMAC-RAWTV-3177,208.1,-0.82,-13.1,-731.7,126,Balanced All-Wheel Traction
RIMAC-RAWTV-3178,297.7,0.33,4.3,259.9,122,Balanced All-Wheel Traction
RIMAC-RAWTV-3179,103.9,1.58,20.5,1286.1,196,Active R-AWTV High-G Yaw Vectoring
RIMAC-RAWTV-3180,239.2,0.32,3.2,262.2,125,Balanced All-Wheel Traction
RIMAC-RAWTV-3181,140.8,-0.73,-10.0,-665.6,134,Balanced All-Wheel Traction
RIMAC-RAWTV-3182,121.9,-0.44,-7.7,-363.9,146,Balanced All-Wheel Traction
RIMAC-RAWTV-3183,252.8,-1.21,-20.2,-1021.1,151,Balanced All-Wheel Traction
RIMAC-RAWTV-3184,190.1,0.8,10.1,710.2,147,Balanced All-Wheel Traction
RIMAC-RAWTV-3185,189.0,-1.2,-17.2,-1052.8,160,Balanced All-Wheel Traction
RIMAC-RAWTV-3186,260.1,1.24,16.1,1078.2,154,Balanced All-Wheel Traction
RIMAC-RAWTV-3187,305.9,1.44,20.4,1237.6,167,Active R-AWTV High-G Yaw Vectoring
RIMAC-RAWTV-3188,220.6,-0.11,-1.9,-74.0,132,Balanced All-Wheel Traction
RIMAC-RAWTV-3189,90.3,0.46,8.7,359.7,151,Balanced All-Wheel Traction
RIMAC-RAWTV-3190,308.3,0.3,3.8,327.3,130,Balanced All-Wheel Traction
RIMAC-RAWTV-3191,177.9,1.57,21.6,1332.3,179,Active R-AWTV High-G Yaw Vectoring
RIMAC-RAWTV-3192,103.7,-0.78,-11.3,-708.3,152,Balanced All-Wheel Traction
RIMAC-RAWTV-3193,249.3,-0.79,-11.5,-701.4,136,Balanced All-Wheel Traction
RIMAC-RAWTV-3194,251.2,-0.78,-11.4,-588.2,143,Balanced All-Wheel Traction
RIMAC-RAWTV-3195,317.6,-0.88,-15.4,-676.5,144,Balanced All-Wheel Traction
RIMAC-RAWTV-3196,155.5,0.64,11.0,572.0,138,Balanced All-Wheel Traction
RIMAC-RAWTV-3197,276.6,0.2,1.0,183.5,125,Balanced All-Wheel Traction
RIMAC-RAWTV-3198,134.2,1.45,21.1,1284.2,157,Active R-AWTV High-G Yaw Vectoring
RIMAC-RAWTV-3199,258.3,0.98,13.8,842.3,150,Balanced All-Wheel Traction
RIMAC-RAWTV-3200,130.2,-0.76,-9.7,-678.0,145,Balanced All-Wheel Traction
RIMAC-RAWTV-3201,227.3,1.28,18.5,1051.5,163,Balanced All-Wheel Traction
RIMAC-RAWTV-3202,281.2,-0.23,-2.7,-176.9,121,Balanced All-Wheel Traction
RIMAC-RAWTV-3203,117.6,-0.87,-8.9,-804.3,160,Balanced All-Wheel Traction
RIMAC-RAWTV-3204,157.1,-0.76,-13.6,-704.3,150,Balanced All-Wheel Traction
RIMAC-RAWTV-3205,189.2,0.52,8.2,522.9,151,Balanced All-Wheel Traction
RIMAC-RAWTV-3206,64.9,-0.46,-6.5,-432.3,111,Balanced All-Wheel Traction
RIMAC-RAWTV-3207,256.7,-0.98,-15.2,-900.9,164,Balanced All-Wheel Traction
RIMAC-RAWTV-3208,151.3,-0.15,-3.2,-95.9,131,Balanced All-Wheel Traction
RIMAC-RAWTV-3209,261.4,1.09,16.9,856.4,175,Balanced All-Wheel Traction
RIMAC-RAWTV-3210,150.7,1.4,21.3,1161.8,157,Active R-AWTV High-G Yaw Vectoring
RIMAC-RAWTV-3211,267.6,-0.5,-6.4,-379.3,134,Balanced All-Wheel Traction
RIMAC-RAWTV-3212,300.6,1.15,15.2,1016.5,175,Balanced All-Wheel Traction
RIMAC-RAWTV-3213,112.4,0.7,9.8,612.9,148,Balanced All-Wheel Traction
RIMAC-RAWTV-3214,237.5,-1.05,-14.5,-956.5,153,Balanced All-Wheel Traction
RIMAC-RAWTV-3215,236.8,-1.55,-21.3,-1330.7,192,Active R-AWTV High-G Yaw Vectoring
RIMAC-RAWTV-3216,143.5,-0.61,-10.3,-485.4,125,Balanced All-Wheel Traction
RIMAC-RAWTV-3217,109.0,-0.17,-3.2,-138.6,117,Balanced All-Wheel Traction
RIMAC-RAWTV-3218,299.9,-0.18,-4.4,-170.7,130,Balanced All-Wheel Traction
RIMAC-RAWTV-3219,209.9,-0.83,-11.4,-707.8,152,Balanced All-Wheel Traction
RIMAC-RAWTV-3220,125.0,0.01,-0.4,-14.4,112,Balanced All-Wheel Traction
RIMAC-RAWTV-3221,243.2,1.08,16.9,816.5,162,Balanced All-Wheel Traction
RIMAC-RAWTV-3222,94.7,1.05,14.9,926.2,165,Balanced All-Wheel Traction
RIMAC-RAWTV-3223,114.9,-1.04,-17.7,-901.3,150,Balanced All-Wheel Traction
RIMAC-RAWTV-3224,305.7,-0.37,-4.9,-251.9,143,Balanced All-Wheel Traction
RIMAC-RAWTV-3225,256.1,0.8,12.3,699.6,149,Balanced All-Wheel Traction
RIMAC-RAWTV-3226,298.0,-0.93,-13.8,-811.0,155,Balanced All-Wheel Traction
RIMAC-RAWTV-3227,136.3,0.4,7.6,327.8,148,Balanced All-Wheel Traction
RIMAC-RAWTV-3228,184.5,-0.01,-1.6,-23.5,138,Balanced All-Wheel Traction
RIMAC-RAWTV-3229,216.6,1.08,15.3,887.2,154,Balanced All-Wheel Traction
RIMAC-RAWTV-3230,252.8,-1.39,-20.5,-1199.7,181,Active R-AWTV High-G Yaw Vectoring
RIMAC-RAWTV-3231,108.2,0.37,6.4,310.4,142,Balanced All-Wheel Traction
RIMAC-RAWTV-3232,137.6,1.34,19.8,1102.0,157,Active R-AWTV High-G Yaw Vectoring
RIMAC-RAWTV-3233,67.4,-0.26,-2.9,-289.7,137,Balanced All-Wheel Traction
RIMAC-RAWTV-3234,286.6,-0.23,-0.4,-183.7,128,Balanced All-Wheel Traction
RIMAC-RAWTV-3235,297.8,-1.07,-16.1,-899.7,149,Balanced All-Wheel Traction
RIMAC-RAWTV-3236,288.1,0.96,12.2,807.0,160,Balanced All-Wheel Traction
RIMAC-RAWTV-3237,60.6,1.08,15.8,926.5,157,Balanced All-Wheel Traction
RIMAC-RAWTV-3238,209.0,1.51,20.6,1307.6,163,Active R-AWTV High-G Yaw Vectoring
RIMAC-RAWTV-3239,264.9,0.07,1.7,31.6,130,Balanced All-Wheel Traction
RIMAC-RAWTV-3240,178.8,-1.21,-17.9,-1032.8,152,Balanced All-Wheel Traction
RIMAC-RAWTV-3241,258.2,-1.33,-19.3,-1117.5,154,Active R-AWTV High-G Yaw Vectoring
RIMAC-RAWTV-3242,88.3,1.04,15.2,848.0,160,Balanced All-Wheel Traction
RIMAC-RAWTV-3243,142.7,1.03,15.1,862.3,157,Balanced All-Wheel Traction
RIMAC-RAWTV-3244,83.9,-0.57,-7.2,-503.3,151,Balanced All-Wheel Traction
RIMAC-RAWTV-3245,186.1,-0.12,-0.9,-68.8,135,Balanced All-Wheel Traction
RIMAC-RAWTV-3246,270.1,0.91,9.6,815.8,161,Balanced All-Wheel Traction
RIMAC-RAWTV-3247,291.7,0.23,2.3,187.9,138,Balanced All-Wheel Traction
RIMAC-RAWTV-3248,183.1,-1.31,-19.1,-1115.0,182,Active R-AWTV High-G Yaw Vectoring
RIMAC-RAWTV-3249,121.9,-1.28,-20.5,-1056.5,164,Balanced All-Wheel Traction
RIMAC-RAWTV-3250,215.6,-0.58,-7.0,-505.6,145,Balanced All-Wheel Traction
RIMAC-RAWTV-3251,222.9,-0.26,-4.5,-274.5,127,Balanced All-Wheel Traction
RIMAC-RAWTV-3252,133.7,-0.22,-3.8,-264.6,103,Balanced All-Wheel Traction
RIMAC-RAWTV-3253,263.0,1.46,21.6,1235.2,162,Active R-AWTV High-G Yaw Vectoring
RIMAC-RAWTV-3254,147.9,-0.67,-11.9,-577.9,153,Balanced All-Wheel Traction
RIMAC-RAWTV-3255,181.0,-0.95,-12.8,-878.5,162,Balanced All-Wheel Traction
RIMAC-RAWTV-3256,247.2,0.29,4.3,203.6,124,Balanced All-Wheel Traction
RIMAC-RAWTV-3257,168.8,-1.4,-21.0,-1191.2,158,Active R-AWTV High-G Yaw Vectoring
RIMAC-RAWTV-3258,253.9,-1.34,-18.9,-1090.3,155,Active R-AWTV High-G Yaw Vectoring
RIMAC-RAWTV-3259,311.3,-1.51,-19.3,-1322.4,190,Active R-AWTV High-G Yaw Vectoring
RIMAC-RAWTV-3260,259.6,-1.3,-18.0,-1052.5,168,Active R-AWTV High-G Yaw Vectoring
RIMAC-RAWTV-3261,239.5,-1.16,-16.2,-973.9,152,Balanced All-Wheel Traction
RIMAC-RAWTV-3262,256.8,-1.16,-18.7,-1003.6,172,Balanced All-Wheel Traction
RIMAC-RAWTV-3263,283.7,-1.5,-22.5,-1272.9,175,Active R-AWTV High-G Yaw Vectoring
RIMAC-RAWTV-3264,192.4,-0.41,-5.4,-246.3,126,Balanced All-Wheel Traction
RIMAC-RAWTV-3265,89.8,-0.92,-13.3,-714.9,142,Balanced All-Wheel Traction
RIMAC-RAWTV-3266,76.8,-1.46,-20.7,-1306.6,178,Active R-AWTV High-G Yaw Vectoring
RIMAC-RAWTV-3267,220.4,-0.91,-13.0,-752.8,119,Balanced All-Wheel Traction
RIMAC-RAWTV-3268,105.5,0.81,11.2,690.4,140,Balanced All-Wheel Traction
RIMAC-RAWTV-3269,131.2,0.21,4.2,167.7,131,Balanced All-Wheel Traction
RIMAC-RAWTV-3270,301.0,1.18,19.1,976.4,155,Balanced All-Wheel Traction
RIMAC-RAWTV-3271,76.4,-1.5,-22.4,-1221.9,162,Active R-AWTV High-G Yaw Vectoring
RIMAC-RAWTV-3272,177.3,-0.54,-10.4,-508.0,144,Balanced All-Wheel Traction
RIMAC-RAWTV-3273,122.5,0.39,6.6,336.5,136,Balanced All-Wheel Traction
RIMAC-RAWTV-3274,66.5,-0.33,-4.7,-379.0,134,Balanced All-Wheel Traction
RIMAC-RAWTV-3275,96.0,1.44,19.5,1175.5,157,Active R-AWTV High-G Yaw Vectoring
RIMAC-RAWTV-3276,200.2,0.01,-0.4,-63.2,120,Balanced All-Wheel Traction
RIMAC-RAWTV-3277,208.2,-0.74,-10.5,-641.1,140,Balanced All-Wheel Traction
RIMAC-RAWTV-3278,100.4,-0.74,-12.1,-608.3,121,Balanced All-Wheel Traction
RIMAC-RAWTV-3279,179.7,0.4,6.1,280.8,142,Balanced All-Wheel Traction
RIMAC-RAWTV-3280,169.4,-1.38,-17.9,-1191.5,168,Active R-AWTV High-G Yaw Vectoring
RIMAC-RAWTV-3281,288.4,0.41,6.6,350.3,147,Balanced All-Wheel Traction
RIMAC-RAWTV-3282,69.3,0.86,13.5,744.5,145,Balanced All-Wheel Traction
RIMAC-RAWTV-3283,275.1,-1.18,-17.4,-989.6,170,Balanced All-Wheel Traction
RIMAC-RAWTV-3284,182.7,-0.66,-9.8,-541.9,143,Balanced All-Wheel Traction
RIMAC-RAWTV-3285,72.1,-0.38,-4.6,-291.2,114,Balanced All-Wheel Traction
RIMAC-RAWTV-3286,303.5,0.36,5.8,388.6,151,Balanced All-Wheel Traction
RIMAC-RAWTV-3287,297.0,1.13,16.7,980.1,170,Balanced All-Wheel Traction
RIMAC-RAWTV-3288,91.9,-0.5,-7.2,-419.2,140,Balanced All-Wheel Traction
RIMAC-RAWTV-3289,144.7,0.22,4.6,170.6,130,Balanced All-Wheel Traction
RIMAC-RAWTV-3290,143.2,0.92,14.5,790.6,163,Balanced All-Wheel Traction
RIMAC-RAWTV-3291,310.4,-1.13,-15.6,-928.2,159,Balanced All-Wheel Traction
RIMAC-RAWTV-3292,127.8,1.36,18.1,1106.5,166,Active R-AWTV High-G Yaw Vectoring
RIMAC-RAWTV-3293,292.6,0.37,3.9,348.7,134,Balanced All-Wheel Traction
RIMAC-RAWTV-3294,125.5,0.45,8.7,420.4,143,Balanced All-Wheel Traction
RIMAC-RAWTV-3295,93.2,0.59,9.7,507.9,146,Balanced All-Wheel Traction
RIMAC-RAWTV-3296,193.8,-1.21,-17.4,-1120.5,158,Balanced All-Wheel Traction
RIMAC-RAWTV-3297,129.2,0.38,5.3,287.2,131,Balanced All-Wheel Traction
RIMAC-RAWTV-3298,116.0,0.66,9.4,624.7,143,Balanced All-Wheel Traction
RIMAC-RAWTV-3299,245.4,0.41,7.4,309.6,133,Balanced All-Wheel Traction
RIMAC-RAWTV-3300,171.8,-0.72,-11.0,-536.9,149,Balanced All-Wheel Traction
RIMAC-RAWTV-3301,117.0,0.9,12.4,783.7,155,Balanced All-Wheel Traction
RIMAC-RAWTV-3302,78.6,1.23,17.2,1036.0,176,Balanced All-Wheel Traction
RIMAC-RAWTV-3303,299.8,1.29,18.6,1087.4,175,Balanced All-Wheel Traction
RIMAC-RAWTV-3304,247.0,1.35,19.9,1151.5,166,Active R-AWTV High-G Yaw Vectoring
RIMAC-RAWTV-3305,227.2,1.4,20.2,1237.1,150,Active R-AWTV High-G Yaw Vectoring
RIMAC-RAWTV-3306,318.5,0.47,7.7,486.8,122,Balanced All-Wheel Traction
RIMAC-RAWTV-3307,263.0,0.44,4.5,383.5,138,Balanced All-Wheel Traction
RIMAC-RAWTV-3308,152.6,0.75,12.6,722.2,150,Balanced All-Wheel Traction
RIMAC-RAWTV-3309,266.7,-0.2,-1.4,-124.7,129,Balanced All-Wheel Traction
RIMAC-RAWTV-3310,146.2,0.05,0.3,75.7,109,Balanced All-Wheel Traction
RIMAC-RAWTV-3311,240.0,0.62,9.9,550.9,140,Balanced All-Wheel Traction
RIMAC-RAWTV-3312,156.3,0.93,11.8,761.0,148,Balanced All-Wheel Traction
RIMAC-RAWTV-3313,64.7,0.98,11.8,822.1,164,Balanced All-Wheel Traction
RIMAC-RAWTV-3314,62.1,1.11,17.2,926.2,172,Balanced All-Wheel Traction
RIMAC-RAWTV-3315,124.6,1.51,20.3,1283.5,158,Active R-AWTV High-G Yaw Vectoring
RIMAC-RAWTV-3316,204.3,-0.68,-8.2,-582.0,146,Balanced All-Wheel Traction
RIMAC-RAWTV-3317,127.2,-0.38,-2.8,-315.9,144,Balanced All-Wheel Traction
RIMAC-RAWTV-3318,217.1,1.56,21.9,1228.6,180,Active R-AWTV High-G Yaw Vectoring
RIMAC-RAWTV-3319,240.9,-0.93,-15.1,-751.6,161,Balanced All-Wheel Traction
RIMAC-RAWTV-3320,298.2,-0.44,-5.6,-361.3,136,Balanced All-Wheel Traction
RIMAC-RAWTV-3321,153.1,0.24,2.7,154.7,131,Balanced All-Wheel Traction
RIMAC-RAWTV-3322,282.9,1.46,18.8,1171.1,169,Active R-AWTV High-G Yaw Vectoring
RIMAC-RAWTV-3323,247.0,1.28,18.2,1137.3,179,Balanced All-Wheel Traction
RIMAC-RAWTV-3324,236.2,-1.4,-18.1,-1186.2,151,Active R-AWTV High-G Yaw Vectoring
RIMAC-RAWTV-3325,169.1,1.26,16.0,1137.1,164,Balanced All-Wheel Traction
RIMAC-RAWTV-3326,173.3,-0.75,-11.3,-581.3,147,Balanced All-Wheel Traction
RIMAC-RAWTV-3327,146.6,1.22,19.9,1110.0,160,Balanced All-Wheel Traction
RIMAC-RAWTV-3328,273.4,0.86,12.5,726.4,151,Balanced All-Wheel Traction
RIMAC-RAWTV-3329,218.4,-1.15,-18.8,-1007.9,165,Balanced All-Wheel Traction
RIMAC-RAWTV-3330,244.9,-1.32,-20.6,-1139.3,171,Active R-AWTV High-G Yaw Vectoring
RIMAC-RAWTV-3331,64.8,-1.34,-20.6,-1138.7,174,Active R-AWTV High-G Yaw Vectoring
RIMAC-RAWTV-3332,306.8,0.56,7.5,440.2,141,Balanced All-Wheel Traction
RIMAC-RAWTV-3333,227.2,-0.87,-11.0,-764.9,148,Balanced All-Wheel Traction
RIMAC-RAWTV-3334,87.8,0.53,7.4,404.7,143,Balanced All-Wheel Traction
RIMAC-RAWTV-3335,149.0,-0.97,-12.7,-842.5,140,Balanced All-Wheel Traction
RIMAC-RAWTV-3336,267.9,1.32,19.1,1046.8,167,Active R-AWTV High-G Yaw Vectoring
RIMAC-RAWTV-3337,301.8,-0.23,-3.5,-199.6,138,Balanced All-Wheel Traction
RIMAC-RAWTV-3338,176.4,-1.43,-20.9,-1171.6,170,Active R-AWTV High-G Yaw Vectoring
RIMAC-RAWTV-3339,111.2,-0.04,-1.3,-29.1,132,Balanced All-Wheel Traction
RIMAC-RAWTV-3340,259.6,-0.59,-8.0,-483.7,134,Balanced All-Wheel Traction
RIMAC-RAWTV-3341,120.8,-0.52,-6.6,-453.4,128,Balanced All-Wheel Traction
RIMAC-RAWTV-3342,177.7,-0.27,-3.3,-245.7,136,Balanced All-Wheel Traction
RIMAC-RAWTV-3343,264.6,-1.01,-14.3,-869.0,179,Balanced All-Wheel Traction
RIMAC-RAWTV-3344,317.1,0.66,8.5,606.2,146,Balanced All-Wheel Traction
RIMAC-RAWTV-3345,69.1,-1.57,-23.7,-1391.1,175,Active R-AWTV High-G Yaw Vectoring
RIMAC-RAWTV-3346,120.1,-0.04,0.4,-55.2,136,Balanced All-Wheel Traction
RIMAC-RAWTV-3347,238.3,0.79,11.2,676.1,144,Balanced All-Wheel Traction
RIMAC-RAWTV-3348,230.4,0.43,6.7,316.3,134,Balanced All-Wheel Traction
RIMAC-RAWTV-3349,103.8,-1.46,-22.0,-1258.3,187,Active R-AWTV High-G Yaw Vectoring
RIMAC-RAWTV-3350,243.2,-1.34,-18.9,-1030.6,137,Active R-AWTV High-G Yaw Vectoring
RIMAC-RAWTV-3351,201.6,1.59,21.1,1395.7,162,Active R-AWTV High-G Yaw Vectoring
RIMAC-RAWTV-3352,264.1,0.74,10.4,631.6,143,Balanced All-Wheel Traction
RIMAC-RAWTV-3353,194.1,0.06,1.2,77.3,124,Balanced All-Wheel Traction
RIMAC-RAWTV-3354,114.2,-1.33,-20.2,-1054.6,174,Active R-AWTV High-G Yaw Vectoring
RIMAC-RAWTV-3355,173.9,0.46,6.8,473.3,129,Balanced All-Wheel Traction
RIMAC-RAWTV-3356,262.8,-0.27,-3.8,-192.5,127,Balanced All-Wheel Traction
RIMAC-RAWTV-3357,173.6,0.73,9.8,622.6,150,Balanced All-Wheel Traction
RIMAC-RAWTV-3358,299.9,-1.22,-18.8,-979.7,169,Balanced All-Wheel Traction
RIMAC-RAWTV-3359,283.8,0.8,10.5,642.4,146,Balanced All-Wheel Traction
RIMAC-RAWTV-3360,306.9,-1.24,-18.1,-1071.2,166,Balanced All-Wheel Traction
RIMAC-RAWTV-3361,233.7,-0.41,-8.4,-370.4,124,Balanced All-Wheel Traction
RIMAC-RAWTV-3362,207.3,-0.7,-9.7,-641.8,150,Balanced All-Wheel Traction
RIMAC-RAWTV-3363,311.2,1.06,15.6,856.1,155,Balanced All-Wheel Traction
RIMAC-RAWTV-3364,317.5,1.52,23.4,1271.8,181,Active R-AWTV High-G Yaw Vectoring
RIMAC-RAWTV-3365,249.8,-1.53,-20.6,-1234.7,171,Active R-AWTV High-G Yaw Vectoring
RIMAC-RAWTV-3366,91.2,-0.01,1.5,-10.3,97,Balanced All-Wheel Traction
RIMAC-RAWTV-3367,290.6,-0.82,-12.7,-604.2,160,Balanced All-Wheel Traction
RIMAC-RAWTV-3368,82.2,-0.15,-1.1,-93.3,140,Balanced All-Wheel Traction
RIMAC-RAWTV-3369,209.0,-1.46,-21.7,-1261.8,183,Active R-AWTV High-G Yaw Vectoring
RIMAC-RAWTV-3370,239.2,-0.39,-4.4,-306.2,133,Balanced All-Wheel Traction
RIMAC-RAWTV-3371,133.1,0.33,5.0,270.1,122,Balanced All-Wheel Traction
RIMAC-RAWTV-3372,194.2,0.19,4.5,200.0,134,Balanced All-Wheel Traction
RIMAC-RAWTV-3373,286.2,-0.47,-7.0,-402.3,155,Balanced All-Wheel Traction
RIMAC-RAWTV-3374,72.7,0.2,4.6,180.4,129,Balanced All-Wheel Traction
RIMAC-RAWTV-3375,67.1,1.15,16.5,1049.8,171,Balanced All-Wheel Traction
RIMAC-RAWTV-3376,199.2,-1.46,-18.4,-1263.7,157,Active R-AWTV High-G Yaw Vectoring
RIMAC-RAWTV-3377,103.5,0.7,9.1,585.1,157,Balanced All-Wheel Traction
RIMAC-RAWTV-3378,80.8,-1.2,-16.3,-1016.6,199,Balanced All-Wheel Traction
RIMAC-RAWTV-3379,307.0,-0.78,-10.6,-712.4,126,Balanced All-Wheel Traction
RIMAC-RAWTV-3380,273.2,1.37,19.9,1255.9,155,Active R-AWTV High-G Yaw Vectoring
RIMAC-RAWTV-3381,280.4,0.54,8.0,484.5,137,Balanced All-Wheel Traction
RIMAC-RAWTV-3382,91.6,-0.01,-2.0,19.3,130,Balanced All-Wheel Traction
RIMAC-RAWTV-3383,173.1,0.7,9.9,637.2,144,Balanced All-Wheel Traction
RIMAC-RAWTV-3384,269.0,-0.1,-1.1,-124.6,124,Balanced All-Wheel Traction
RIMAC-RAWTV-3385,160.9,-0.38,-4.3,-315.1,145,Balanced All-Wheel Traction
RIMAC-RAWTV-3386,86.0,-0.89,-14.8,-656.3,147,Balanced All-Wheel Traction
RIMAC-RAWTV-3387,308.8,-0.44,-6.1,-368.7,133,Balanced All-Wheel Traction
RIMAC-RAWTV-3388,296.2,-0.86,-12.0,-776.9,159,Balanced All-Wheel Traction
RIMAC-RAWTV-3389,202.5,-0.79,-12.3,-623.6,152,Balanced All-Wheel Traction
RIMAC-RAWTV-3390,227.2,1.38,18.4,1226.8,171,Active R-AWTV High-G Yaw Vectoring
RIMAC-RAWTV-3391,132.2,-0.97,-12.6,-792.5,149,Balanced All-Wheel Traction
RIMAC-RAWTV-3392,177.1,0.33,4.8,301.8,133,Balanced All-Wheel Traction
RIMAC-RAWTV-3393,255.3,-1.22,-19.5,-1038.9,167,Balanced All-Wheel Traction
RIMAC-RAWTV-3394,222.7,-1.58,-21.6,-1371.5,165,Active R-AWTV High-G Yaw Vectoring
RIMAC-RAWTV-3395,230.9,-0.47,-5.2,-379.5,128,Balanced All-Wheel Traction
RIMAC-RAWTV-3396,312.6,-1.18,-17.6,-1017.8,149,Balanced All-Wheel Traction
RIMAC-RAWTV-3397,217.8,-0.11,-1.3,-109.8,135,Balanced All-Wheel Traction
RIMAC-RAWTV-3398,307.5,-1.55,-20.0,-1269.8,182,Active R-AWTV High-G Yaw Vectoring
RIMAC-RAWTV-3399,298.7,-1.34,-18.9,-1211.5,163,Active R-AWTV High-G Yaw Vectoring
RIMAC-RAWTV-3400,190.6,-1.02,-14.3,-864.1,150,Balanced All-Wheel Traction
RIMAC-RAWTV-3401,105.6,0.28,3.3,241.6,132,Balanced All-Wheel Traction
RIMAC-RAWTV-3402,184.2,-0.36,-6.5,-353.8,144,Balanced All-Wheel Traction
RIMAC-RAWTV-3403,244.9,1.24,19.9,1063.3,154,Balanced All-Wheel Traction
RIMAC-RAWTV-3404,248.4,1.58,24.3,1400.0,175,Active R-AWTV High-G Yaw Vectoring
RIMAC-RAWTV-3405,237.9,1.29,21.9,1120.2,168,Balanced All-Wheel Traction
RIMAC-RAWTV-3406,191.9,-0.33,-4.8,-242.5,124,Balanced All-Wheel Traction
RIMAC-RAWTV-3407,61.5,-1.24,-16.1,-1086.6,194,Balanced All-Wheel Traction
RIMAC-RAWTV-3408,109.7,-0.85,-12.5,-717.2,152,Balanced All-Wheel Traction
RIMAC-RAWTV-3409,315.7,0.17,2.7,85.1,129,Balanced All-Wheel Traction
RIMAC-RAWTV-3410,280.1,0.7,10.3,603.5,128,Balanced All-Wheel Traction
RIMAC-RAWTV-3411,296.2,-0.95,-13.0,-860.8,152,Balanced All-Wheel Traction
RIMAC-RAWTV-3412,130.1,-0.21,-1.8,-173.5,126,Balanced All-Wheel Traction
RIMAC-RAWTV-3413,163.8,1.34,18.3,1153.2,151,Active R-AWTV High-G Yaw Vectoring
RIMAC-RAWTV-3414,243.5,0.99,15.2,870.7,141,Balanced All-Wheel Traction
RIMAC-RAWTV-3415,151.7,-0.1,-2.4,-49.8,129,Balanced All-Wheel Traction
RIMAC-RAWTV-3416,241.5,-1.02,-14.8,-875.3,168,Balanced All-Wheel Traction
RIMAC-RAWTV-3417,309.2,0.82,11.5,693.0,151,Balanced All-Wheel Traction
RIMAC-RAWTV-3418,101.3,1.37,18.7,1092.6,176,Active R-AWTV High-G Yaw Vectoring
RIMAC-RAWTV-3419,203.2,0.95,11.8,775.5,146,Balanced All-Wheel Traction
RIMAC-RAWTV-3420,238.4,-1.48,-23.5,-1258.3,178,Active R-AWTV High-G Yaw Vectoring
RIMAC-RAWTV-3421,189.6,-1.5,-23.7,-1223.3,166,Active R-AWTV High-G Yaw Vectoring
RIMAC-RAWTV-3422,195.0,-0.34,-6.1,-317.1,122,Balanced All-Wheel Traction
RIMAC-RAWTV-3423,241.6,-0.28,-3.4,-284.8,131,Balanced All-Wheel Traction
RIMAC-RAWTV-3424,274.5,-1.0,-13.6,-880.2,164,Balanced All-Wheel Traction
RIMAC-RAWTV-3425,74.9,1.16,17.2,1042.8,163,Balanced All-Wheel Traction
RIMAC-RAWTV-3426,265.5,1.46,22.3,1330.7,183,Active R-AWTV High-G Yaw Vectoring
RIMAC-RAWTV-3427,89.0,-0.24,-1.9,-234.2,128,Balanced All-Wheel Traction
RIMAC-RAWTV-3428,60.5,0.03,0.9,-24.7,104,Balanced All-Wheel Traction
RIMAC-RAWTV-3429,62.2,-1.14,-15.5,-942.1,143,Balanced All-Wheel Traction
RIMAC-RAWTV-3430,163.5,-0.86,-14.4,-763.7,134,Balanced All-Wheel Traction
RIMAC-RAWTV-3431,217.4,0.6,6.5,529.6,165,Balanced All-Wheel Traction
RIMAC-RAWTV-3432,185.9,-0.34,-4.3,-116.5,125,Balanced All-Wheel Traction
RIMAC-RAWTV-3433,133.7,-0.59,-9.2,-558.1,153,Balanced All-Wheel Traction
RIMAC-RAWTV-3434,280.9,0.97,14.5,736.7,157,Balanced All-Wheel Traction
RIMAC-RAWTV-3435,159.1,-1.32,-18.1,-1015.7,156,Active R-AWTV High-G Yaw Vectoring
RIMAC-RAWTV-3436,271.2,1.13,16.5,947.4,161,Balanced All-Wheel Traction
RIMAC-RAWTV-3437,187.6,0.25,4.7,236.7,137,Balanced All-Wheel Traction
RIMAC-RAWTV-3438,274.3,1.49,20.9,1245.9,174,Active R-AWTV High-G Yaw Vectoring
RIMAC-RAWTV-3439,153.9,0.43,5.4,340.6,126,Balanced All-Wheel Traction
RIMAC-RAWTV-3440,103.8,-0.8,-12.2,-652.4,158,Balanced All-Wheel Traction
RIMAC-RAWTV-3441,102.2,0.46,7.4,391.9,131,Balanced All-Wheel Traction
RIMAC-RAWTV-3442,125.8,-1.5,-23.4,-1225.4,183,Active R-AWTV High-G Yaw Vectoring
RIMAC-RAWTV-3443,136.3,-1.41,-21.0,-1230.6,174,Active R-AWTV High-G Yaw Vectoring
RIMAC-RAWTV-3444,155.4,0.2,1.3,175.7,135,Balanced All-Wheel Traction
RIMAC-RAWTV-3445,155.1,-0.08,-0.6,-74.5,145,Balanced All-Wheel Traction
RIMAC-RAWTV-3446,140.5,-1.54,-21.8,-1237.9,157,Active R-AWTV High-G Yaw Vectoring
RIMAC-RAWTV-3447,104.6,-1.31,-19.0,-1063.1,184,Active R-AWTV High-G Yaw Vectoring
RIMAC-RAWTV-3448,217.1,-1.19,-17.3,-983.5,152,Balanced All-Wheel Traction
RIMAC-RAWTV-3449,289.6,1.44,22.5,1241.7,166,Active R-AWTV High-G Yaw Vectoring
RIMAC-RAWTV-3450,247.5,-1.02,-16.2,-860.6,141,Balanced All-Wheel Traction
RIMAC-RAWTV-3451,110.2,-0.16,-2.0,-185.9,130,Balanced All-Wheel Traction
RIMAC-RAWTV-3452,88.2,0.18,3.0,167.4,150,Balanced All-Wheel Traction
RIMAC-RAWTV-3453,307.5,-0.63,-9.0,-474.5,127,Balanced All-Wheel Traction
RIMAC-RAWTV-3454,263.4,-0.38,-2.5,-310.9,140,Balanced All-Wheel Traction
RIMAC-RAWTV-3455,263.3,-0.42,-5.6,-398.9,145,Balanced All-Wheel Traction
RIMAC-RAWTV-3456,162.3,0.89,12.9,766.5,149,Balanced All-Wheel Traction
RIMAC-RAWTV-3457,251.0,-0.16,-1.3,-124.4,121,Balanced All-Wheel Traction
RIMAC-RAWTV-3458,120.4,0.97,15.7,890.3,147,Balanced All-Wheel Traction
RIMAC-RAWTV-3459,165.3,1.46,20.3,1202.3,166,Active R-AWTV High-G Yaw Vectoring
RIMAC-RAWTV-3460,269.9,-0.42,-4.3,-362.9,133,Balanced All-Wheel Traction
RIMAC-RAWTV-3461,302.3,1.5,22.3,1223.2,149,Active R-AWTV High-G Yaw Vectoring
RIMAC-RAWTV-3462,176.2,-1.32,-21.5,-1082.6,171,Active R-AWTV High-G Yaw Vectoring
RIMAC-RAWTV-3463,72.9,0.07,0.5,-8.1,106,Balanced All-Wheel Traction
RIMAC-RAWTV-3464,165.2,1.36,19.0,1116.8,158,Active R-AWTV High-G Yaw Vectoring
RIMAC-RAWTV-3465,197.3,1.46,20.3,1126.1,161,Active R-AWTV High-G Yaw Vectoring
RIMAC-RAWTV-3466,237.5,0.55,7.6,461.2,133,Balanced All-Wheel Traction
RIMAC-RAWTV-3467,177.2,0.43,6.3,401.0,137,Balanced All-Wheel Traction
RIMAC-RAWTV-3468,80.4,-1.52,-21.4,-1353.9,159,Active R-AWTV High-G Yaw Vectoring
RIMAC-RAWTV-3469,166.0,-0.98,-15.5,-845.8,151,Balanced All-Wheel Traction
RIMAC-RAWTV-3470,208.3,-0.71,-10.4,-531.3,147,Balanced All-Wheel Traction
RIMAC-RAWTV-3471,239.5,-0.03,1.2,9.3,115,Balanced All-Wheel Traction
RIMAC-RAWTV-3472,117.4,-1.21,-16.3,-1052.3,159,Balanced All-Wheel Traction
RIMAC-RAWTV-3473,268.2,0.57,8.5,459.9,137,Balanced All-Wheel Traction
RIMAC-RAWTV-3474,134.1,-1.36,-18.6,-1136.6,163,Active R-AWTV High-G Yaw Vectoring
RIMAC-RAWTV-3475,200.9,-1.38,-19.7,-1196.8,165,Active R-AWTV High-G Yaw Vectoring
RIMAC-RAWTV-3476,195.0,-1.1,-17.0,-966.1,169,Balanced All-Wheel Traction
RIMAC-RAWTV-3477,318.6,1.17,18.0,1043.0,154,Balanced All-Wheel Traction
RIMAC-RAWTV-3478,271.5,0.19,2.1,214.7,127,Balanced All-Wheel Traction
RIMAC-RAWTV-3479,212.2,0.89,12.6,766.6,139,Balanced All-Wheel Traction
RIMAC-RAWTV-3480,114.0,-0.42,-4.2,-297.0,150,Balanced All-Wheel Traction
RIMAC-RAWTV-3481,108.5,0.13,3.5,107.2,134,Balanced All-Wheel Traction
RIMAC-RAWTV-3482,221.1,1.24,17.5,1073.2,140,Balanced All-Wheel Traction
RIMAC-RAWTV-3483,245.5,0.07,1.3,82.7,134,Balanced All-Wheel Traction
RIMAC-RAWTV-3484,256.5,-1.31,-18.7,-1078.0,164,Active R-AWTV High-G Yaw Vectoring
RIMAC-RAWTV-3485,179.8,0.57,8.4,524.8,143,Balanced All-Wheel Traction
RIMAC-RAWTV-3486,154.9,0.57,8.5,470.6,145,Balanced All-Wheel Traction
RIMAC-RAWTV-3487,275.0,0.58,8.1,400.5,131,Balanced All-Wheel Traction
RIMAC-RAWTV-3488,145.4,0.01,0.2,85.9,139,Balanced All-Wheel Traction
RIMAC-RAWTV-3489,284.9,-1.54,-25.3,-1330.5,168,Active R-AWTV High-G Yaw Vectoring
RIMAC-RAWTV-3490,167.3,1.41,22.0,1150.8,171,Active R-AWTV High-G Yaw Vectoring
RIMAC-RAWTV-3491,161.3,0.08,0.3,45.1,123,Balanced All-Wheel Traction
RIMAC-RAWTV-3492,228.8,-1.0,-13.6,-935.8,143,Balanced All-Wheel Traction
RIMAC-RAWTV-3493,289.0,-0.77,-12.7,-699.5,159,Balanced All-Wheel Traction
RIMAC-RAWTV-3494,239.1,0.09,2.2,134.5,127,Balanced All-Wheel Traction
RIMAC-RAWTV-3495,242.7,0.98,15.4,873.1,153,Balanced All-Wheel Traction
RIMAC-RAWTV-3496,175.2,-1.03,-16.7,-913.3,139,Balanced All-Wheel Traction
RIMAC-RAWTV-3497,155.3,-0.0,0.9,43.0,112,Balanced All-Wheel Traction
RIMAC-RAWTV-3498,304.6,0.39,1.5,351.7,115,Balanced All-Wheel Traction
RIMAC-RAWTV-3499,135.6,1.35,19.1,1183.2,171,Active R-AWTV High-G Yaw Vectoring
RIMAC-RAWTV-3500,134.0,-1.15,-16.3,-1039.4,161,Balanced All-Wheel Traction
RIMAC-RAWTV-3501,190.9,0.53,9.0,395.6,138,Balanced All-Wheel Traction
RIMAC-RAWTV-3502,91.0,-1.18,-14.7,-986.0,160,Balanced All-Wheel Traction
RIMAC-RAWTV-3503,130.0,1.24,18.3,1068.6,163,Balanced All-Wheel Traction
RIMAC-RAWTV-3504,109.5,1.42,20.9,1181.0,171,Active R-AWTV High-G Yaw Vectoring
RIMAC-RAWTV-3505,248.7,-0.12,-3.1,-59.9,133,Balanced All-Wheel Traction
RIMAC-RAWTV-3506,60.1,1.51,22.7,1372.3,174,Active R-AWTV High-G Yaw Vectoring
RIMAC-RAWTV-3507,140.4,1.14,16.8,989.6,149,Balanced All-Wheel Traction
RIMAC-RAWTV-3508,303.1,0.77,12.5,684.2,153,Balanced All-Wheel Traction
RIMAC-RAWTV-3509,125.8,-0.89,-13.1,-686.6,151,Balanced All-Wheel Traction
RIMAC-RAWTV-3510,143.3,1.26,16.8,1045.3,173,Balanced All-Wheel Traction
RIMAC-RAWTV-3511,176.0,-0.6,-9.7,-482.6,142,Balanced All-Wheel Traction
RIMAC-RAWTV-3512,217.7,-0.09,0.3,-83.6,111,Balanced All-Wheel Traction
RIMAC-RAWTV-3513,290.8,-1.4,-19.9,-1135.7,166,Active R-AWTV High-G Yaw Vectoring
RIMAC-RAWTV-3514,263.5,-1.27,-18.2,-1002.4,171,Balanced All-Wheel Traction
RIMAC-RAWTV-3515,223.1,-0.47,-5.9,-381.6,135,Balanced All-Wheel Traction
RIMAC-RAWTV-3516,239.0,0.85,13.0,706.9,154,Balanced All-Wheel Traction
RIMAC-RAWTV-3517,84.9,-0.31,-3.9,-234.9,135,Balanced All-Wheel Traction
RIMAC-RAWTV-3518,181.7,-1.56,-21.8,-1365.9,180,Active R-AWTV High-G Yaw Vectoring
RIMAC-RAWTV-3519,209.1,0.72,9.9,557.5,162,Balanced All-Wheel Traction
RIMAC-RAWTV-3520,314.3,-0.87,-13.7,-700.8,145,Balanced All-Wheel Traction
RIMAC-RAWTV-3521,313.3,-1.21,-18.2,-976.2,164,Balanced All-Wheel Traction
RIMAC-RAWTV-3522,223.4,-0.43,-7.6,-377.5,129,Balanced All-Wheel Traction
RIMAC-RAWTV-3523,180.4,-0.26,-5.0,-262.1,127,Balanced All-Wheel Traction
RIMAC-RAWTV-3524,139.2,-0.4,-5.9,-390.2,145,Balanced All-Wheel Traction
RIMAC-RAWTV-3525,270.7,0.19,4.4,203.4,117,Balanced All-Wheel Traction
RIMAC-RAWTV-3526,274.9,0.66,9.3,564.9,156,Balanced All-Wheel Traction
RIMAC-RAWTV-3527,200.2,0.17,2.4,75.2,118,Balanced All-Wheel Traction
RIMAC-RAWTV-3528,311.3,1.17,16.0,1057.1,143,Balanced All-Wheel Traction
RIMAC-RAWTV-3529,140.0,0.33,6.3,298.1,121,Balanced All-Wheel Traction
RIMAC-RAWTV-3530,180.0,0.59,9.9,551.3,150,Balanced All-Wheel Traction
RIMAC-RAWTV-3531,141.7,-0.29,-1.6,-235.2,124,Balanced All-Wheel Traction
RIMAC-RAWTV-3532,160.9,-0.61,-9.6,-512.6,123,Balanced All-Wheel Traction
RIMAC-RAWTV-3533,64.0,1.17,16.8,1013.7,155,Balanced All-Wheel Traction
RIMAC-RAWTV-3534,302.3,0.82,11.2,714.7,146,Balanced All-Wheel Traction
RIMAC-RAWTV-3535,78.0,-1.57,-22.7,-1245.9,179,Active R-AWTV High-G Yaw Vectoring
RIMAC-RAWTV-3536,287.5,0.22,2.3,117.9,115,Balanced All-Wheel Traction
RIMAC-RAWTV-3537,277.0,-0.49,-8.2,-484.3,140,Balanced All-Wheel Traction
RIMAC-RAWTV-3538,261.8,0.23,2.5,230.4,128,Balanced All-Wheel Traction
RIMAC-RAWTV-3539,232.2,-0.64,-9.1,-539.2,135,Balanced All-Wheel Traction
RIMAC-RAWTV-3540,177.3,0.69,9.1,506.0,141,Balanced All-Wheel Traction
RIMAC-RAWTV-3541,315.4,-1.1,-16.3,-883.6,139,Balanced All-Wheel Traction
RIMAC-RAWTV-3542,270.8,-0.95,-11.7,-776.5,159,Balanced All-Wheel Traction
RIMAC-RAWTV-3543,230.9,1.44,20.7,1199.9,156,Active R-AWTV High-G Yaw Vectoring
RIMAC-RAWTV-3544,150.2,0.94,13.1,793.4,150,Balanced All-Wheel Traction
RIMAC-RAWTV-3545,298.0,-0.9,-13.2,-841.8,136,Balanced All-Wheel Traction
RIMAC-RAWTV-3546,244.7,1.59,22.8,1400.0,167,Active R-AWTV High-G Yaw Vectoring
RIMAC-RAWTV-3547,105.5,-0.31,-3.6,-221.1,144,Balanced All-Wheel Traction
RIMAC-RAWTV-3548,212.1,0.63,8.0,537.6,155,Balanced All-Wheel Traction
RIMAC-RAWTV-3549,255.8,-1.3,-19.8,-1060.4,172,Balanced All-Wheel Traction
RIMAC-RAWTV-3550,304.7,-1.39,-20.9,-1252.7,178,Active R-AWTV High-G Yaw Vectoring
RIMAC-RAWTV-3551,101.7,1.56,23.9,1317.6,180,Active R-AWTV High-G Yaw Vectoring
RIMAC-RAWTV-3552,61.2,-0.7,-10.1,-595.5,135,Balanced All-Wheel Traction
RIMAC-RAWTV-3553,170.1,-0.87,-11.5,-698.3,139,Balanced All-Wheel Traction
RIMAC-RAWTV-3554,75.4,0.76,11.0,691.8,135,Balanced All-Wheel Traction
RIMAC-RAWTV-3555,67.9,-1.36,-20.2,-1171.1,163,Active R-AWTV High-G Yaw Vectoring
RIMAC-RAWTV-3556,100.4,0.74,12.7,630.9,155,Balanced All-Wheel Traction
RIMAC-RAWTV-3557,315.0,-0.75,-11.9,-615.1,145,Balanced All-Wheel Traction
RIMAC-RAWTV-3558,220.4,-1.07,-16.2,-940.6,171,Balanced All-Wheel Traction
RIMAC-RAWTV-3559,159.8,-1.16,-16.8,-992.7,160,Balanced All-Wheel Traction
RIMAC-RAWTV-3560,210.0,1.05,16.8,938.6,162,Balanced All-Wheel Traction
RIMAC-RAWTV-3561,208.1,-0.34,-5.9,-203.3,137,Balanced All-Wheel Traction
RIMAC-RAWTV-3562,70.3,1.18,16.2,1006.3,169,Balanced All-Wheel Traction
RIMAC-RAWTV-3563,156.6,-0.16,-2.2,-105.3,122,Balanced All-Wheel Traction
RIMAC-RAWTV-3564,115.3,-1.32,-18.5,-1087.2,168,Active R-AWTV High-G Yaw Vectoring
RIMAC-RAWTV-3565,161.9,-0.85,-10.8,-679.5,154,Balanced All-Wheel Traction
RIMAC-RAWTV-3566,215.1,1.59,23.6,1346.9,179,Active R-AWTV High-G Yaw Vectoring
RIMAC-RAWTV-3567,176.3,-1.06,-16.6,-901.4,168,Balanced All-Wheel Traction
RIMAC-RAWTV-3568,96.5,-0.51,-6.9,-394.4,134,Balanced All-Wheel Traction
RIMAC-RAWTV-3569,72.6,-1.0,-12.6,-858.4,144,Balanced All-Wheel Traction
RIMAC-RAWTV-3570,285.1,0.86,11.5,712.9,140,Balanced All-Wheel Traction
RIMAC-RAWTV-3571,196.7,0.5,8.2,385.4,141,Balanced All-Wheel Traction
RIMAC-RAWTV-3572,316.6,-0.27,-3.6,-199.8,134,Balanced All-Wheel Traction
RIMAC-RAWTV-3573,95.0,-0.29,-5.2,-196.9,136,Balanced All-Wheel Traction
RIMAC-RAWTV-3574,93.1,-0.86,-11.1,-681.7,167,Balanced All-Wheel Traction
RIMAC-RAWTV-3575,163.0,-0.71,-9.8,-637.5,157,Balanced All-Wheel Traction
RIMAC-RAWTV-3576,198.0,-0.54,-7.5,-402.4,142,Balanced All-Wheel Traction
RIMAC-RAWTV-3577,62.4,-0.63,-9.2,-543.2,129,Balanced All-Wheel Traction
RIMAC-RAWTV-3578,238.1,0.25,0.5,228.8,130,Balanced All-Wheel Traction
RIMAC-RAWTV-3579,178.9,0.71,11.4,611.7,153,Balanced All-Wheel Traction
RIMAC-RAWTV-3580,295.8,0.14,0.4,116.6,122,Balanced All-Wheel Traction
RIMAC-RAWTV-3581,88.0,-0.73,-10.5,-589.5,145,Balanced All-Wheel Traction
RIMAC-RAWTV-3582,128.0,-0.05,0.7,-130.1,132,Balanced All-Wheel Traction
RIMAC-RAWTV-3583,81.5,-0.78,-12.3,-724.3,138,Balanced All-Wheel Traction
RIMAC-RAWTV-3584,242.2,0.78,13.5,591.6,149,Balanced All-Wheel Traction
RIMAC-RAWTV-3585,63.7,-0.89,-12.7,-771.8,155,Balanced All-Wheel Traction
RIMAC-RAWTV-3586,201.8,-0.32,-4.5,-219.2,125,Balanced All-Wheel Traction
RIMAC-RAWTV-3587,282.5,-0.31,-0.9,-328.9,117,Balanced All-Wheel Traction
RIMAC-RAWTV-3588,174.7,0.7,9.6,523.0,131,Balanced All-Wheel Traction
RIMAC-RAWTV-3589,255.5,1.46,20.8,1305.6,182,Active R-AWTV High-G Yaw Vectoring
RIMAC-RAWTV-3590,163.0,-1.38,-20.0,-1111.3,146,Active R-AWTV High-G Yaw Vectoring
RIMAC-RAWTV-3591,68.7,-0.65,-10.9,-579.0,133,Balanced All-Wheel Traction
RIMAC-RAWTV-3592,232.5,-0.24,-3.6,-164.6,135,Balanced All-Wheel Traction
RIMAC-RAWTV-3593,245.8,1.28,17.8,1127.5,155,Balanced All-Wheel Traction
RIMAC-RAWTV-3594,185.4,1.02,16.7,960.2,167,Balanced All-Wheel Traction
RIMAC-RAWTV-3595,319.0,0.48,7.7,390.4,142,Balanced All-Wheel Traction
RIMAC-RAWTV-3596,311.0,0.22,5.5,184.4,124,Balanced All-Wheel Traction
RIMAC-RAWTV-3597,199.5,-1.39,-20.1,-1091.7,159,Active R-AWTV High-G Yaw Vectoring
RIMAC-RAWTV-3598,140.3,-1.53,-22.0,-1291.5,166,Active R-AWTV High-G Yaw Vectoring
RIMAC-RAWTV-3599,86.2,-0.38,-3.5,-316.6,117,Balanced All-Wheel Traction
RIMAC-RAWTV-3600,301.8,0.53,5.0,427.4,141,Balanced All-Wheel Traction
RIMAC-RAWTV-3601,237.1,0.51,8.8,446.2,135,Balanced All-Wheel Traction
RIMAC-RAWTV-3602,206.7,-1.12,-16.1,-967.4,167,Balanced All-Wheel Traction
RIMAC-RAWTV-3603,190.3,0.55,8.5,507.9,150,Balanced All-Wheel Traction
RIMAC-RAWTV-3604,125.5,1.26,21.2,1080.9,163,Balanced All-Wheel Traction
RIMAC-RAWTV-3605,188.7,0.41,4.6,321.2,132,Balanced All-Wheel Traction
RIMAC-RAWTV-3606,210.9,1.28,21.3,1099.3,161,Balanced All-Wheel Traction
RIMAC-RAWTV-3607,114.9,1.35,18.2,1201.9,177,Active R-AWTV High-G Yaw Vectoring
RIMAC-RAWTV-3608,83.6,0.07,0.2,139.1,113,Balanced All-Wheel Traction
RIMAC-RAWTV-3609,105.7,0.45,8.7,367.0,136,Balanced All-Wheel Traction
RIMAC-RAWTV-3610,248.8,0.88,11.5,787.7,137,Balanced All-Wheel Traction
RIMAC-RAWTV-3611,125.2,-1.06,-17.1,-877.5,153,Balanced All-Wheel Traction
RIMAC-RAWTV-3612,226.9,0.6,10.3,535.2,161,Balanced All-Wheel Traction
RIMAC-RAWTV-3613,96.8,-0.53,-7.5,-411.5,155,Balanced All-Wheel Traction
RIMAC-RAWTV-3614,60.3,-0.14,-2.8,-110.2,133,Balanced All-Wheel Traction
RIMAC-RAWTV-3615,219.1,-0.99,-15.2,-889.0,163,Balanced All-Wheel Traction
RIMAC-RAWTV-3616,222.7,-0.08,-0.8,-21.4,108,Balanced All-Wheel Traction
RIMAC-RAWTV-3617,297.6,0.24,3.6,194.7,111,Balanced All-Wheel Traction
RIMAC-RAWTV-3618,232.4,-1.48,-23.2,-1299.1,178,Active R-AWTV High-G Yaw Vectoring
RIMAC-RAWTV-3619,149.3,-1.45,-21.8,-1162.2,175,Active R-AWTV High-G Yaw Vectoring
RIMAC-RAWTV-3620,258.0,-0.97,-15.9,-866.1,140,Balanced All-Wheel Traction
RIMAC-RAWTV-3621,206.4,-0.8,-11.6,-734.4,161,Balanced All-Wheel Traction
RIMAC-RAWTV-3622,217.2,-1.48,-23.1,-1290.8,163,Active R-AWTV High-G Yaw Vectoring
RIMAC-RAWTV-3623,128.8,1.13,15.1,980.6,163,Balanced All-Wheel Traction
RIMAC-RAWTV-3624,176.8,0.34,6.3,328.3,142,Balanced All-Wheel Traction
RIMAC-RAWTV-3625,144.2,0.02,-0.4,80.4,120,Balanced All-Wheel Traction
RIMAC-RAWTV-3626,265.4,-0.16,-0.8,-77.2,153,Balanced All-Wheel Traction
RIMAC-RAWTV-3627,92.3,0.47,6.6,424.0,147,Balanced All-Wheel Traction
RIMAC-RAWTV-3628,172.1,0.23,0.6,131.3,137,Balanced All-Wheel Traction
RIMAC-RAWTV-3629,316.5,-0.82,-9.5,-639.9,129,Balanced All-Wheel Traction
RIMAC-RAWTV-3630,264.2,1.09,12.9,887.2,149,Balanced All-Wheel Traction
RIMAC-RAWTV-3631,233.5,1.56,22.1,1392.1,164,Active R-AWTV High-G Yaw Vectoring
RIMAC-RAWTV-3632,185.5,-0.73,-9.6,-643.1,150,Balanced All-Wheel Traction
RIMAC-RAWTV-3633,279.3,-0.62,-9.1,-519.5,140,Balanced All-Wheel Traction
RIMAC-RAWTV-3634,220.4,0.02,-0.2,39.7,134,Balanced All-Wheel Traction
RIMAC-RAWTV-3635,143.1,0.93,13.2,838.1,153,Balanced All-Wheel Traction
RIMAC-RAWTV-3636,102.4,0.76,10.8,681.2,145,Balanced All-Wheel Traction
RIMAC-RAWTV-3637,74.6,1.47,22.2,1212.5,166,Active R-AWTV High-G Yaw Vectoring
RIMAC-RAWTV-3638,70.6,-0.66,-9.4,-568.4,141,Balanced All-Wheel Traction
RIMAC-RAWTV-3639,63.2,0.25,4.0,216.7,122,Balanced All-Wheel Traction
RIMAC-RAWTV-3640,249.1,0.41,3.7,347.4,122,Balanced All-Wheel Traction
RIMAC-RAWTV-3641,212.1,-0.73,-9.6,-610.3,131,Balanced All-Wheel Traction
RIMAC-RAWTV-3642,61.5,1.39,18.5,1195.6,161,Active R-AWTV High-G Yaw Vectoring
RIMAC-RAWTV-3643,255.5,-1.18,-19.0,-1057.8,158,Balanced All-Wheel Traction
RIMAC-RAWTV-3644,246.2,0.16,1.1,186.3,127,Balanced All-Wheel Traction
RIMAC-RAWTV-3645,60.5,-1.39,-20.5,-1186.1,167,Active R-AWTV High-G Yaw Vectoring
RIMAC-RAWTV-3646,301.3,-0.41,-4.9,-353.6,128,Balanced All-Wheel Traction
RIMAC-RAWTV-3647,210.2,-0.5,-7.6,-457.3,123,Balanced All-Wheel Traction
RIMAC-RAWTV-3648,235.7,-0.5,-7.6,-356.3,126,Balanced All-Wheel Traction
RIMAC-RAWTV-3649,198.0,-0.68,-11.1,-606.2,114,Balanced All-Wheel Traction
RIMAC-RAWTV-3650,314.1,-1.58,-23.0,-1319.0,182,Active R-AWTV High-G Yaw Vectoring
RIMAC-RAWTV-3651,218.4,0.43,7.1,324.8,139,Balanced All-Wheel Traction
RIMAC-RAWTV-3652,73.7,-0.82,-11.4,-668.4,136,Balanced All-Wheel Traction
RIMAC-RAWTV-3653,203.1,0.34,4.1,263.9,140,Balanced All-Wheel Traction
RIMAC-RAWTV-3654,139.4,0.59,8.1,456.2,152,Balanced All-Wheel Traction
RIMAC-RAWTV-3655,226.4,-1.16,-17.0,-983.3,153,Balanced All-Wheel Traction
RIMAC-RAWTV-3656,143.6,1.51,20.6,1310.7,194,Active R-AWTV High-G Yaw Vectoring
RIMAC-RAWTV-3657,254.3,0.52,9.2,428.3,144,Balanced All-Wheel Traction
RIMAC-RAWTV-3658,163.3,-0.98,-12.3,-871.0,153,Balanced All-Wheel Traction
RIMAC-RAWTV-3659,162.5,-0.79,-12.6,-696.1,146,Balanced All-Wheel Traction
RIMAC-RAWTV-3660,60.7,-0.79,-12.0,-667.5,132,Balanced All-Wheel Traction
RIMAC-RAWTV-3661,145.2,0.18,-0.6,168.6,144,Balanced All-Wheel Traction
RIMAC-RAWTV-3662,149.9,0.33,3.2,260.1,122,Balanced All-Wheel Traction
RIMAC-RAWTV-3663,243.5,-0.06,-0.4,-50.7,124,Balanced All-Wheel Traction
RIMAC-RAWTV-3664,202.8,-0.03,-0.6,-55.3,123,Balanced All-Wheel Traction
RIMAC-RAWTV-3665,170.9,0.93,12.1,781.5,133,Balanced All-Wheel Traction
RIMAC-RAWTV-3666,175.2,-0.33,-4.5,-293.2,127,Balanced All-Wheel Traction
RIMAC-RAWTV-3667,72.9,0.05,-1.3,23.3,124,Balanced All-Wheel Traction
RIMAC-RAWTV-3668,224.4,-0.18,-3.4,-113.1,120,Balanced All-Wheel Traction
RIMAC-RAWTV-3669,279.7,-1.22,-17.7,-1089.5,159,Balanced All-Wheel Traction
RIMAC-RAWTV-3670,89.8,-1.41,-20.5,-1093.5,172,Active R-AWTV High-G Yaw Vectoring
RIMAC-RAWTV-3671,76.3,-0.7,-10.2,-561.3,137,Balanced All-Wheel Traction
RIMAC-RAWTV-3672,179.3,0.9,12.5,794.9,146,Balanced All-Wheel Traction
RIMAC-RAWTV-3673,105.9,0.98,15.1,837.9,174,Balanced All-Wheel Traction
RIMAC-RAWTV-3674,237.9,0.86,12.2,731.7,146,Balanced All-Wheel Traction
RIMAC-RAWTV-3675,229.9,1.13,16.0,1022.1,140,Balanced All-Wheel Traction
RIMAC-RAWTV-3676,310.0,0.73,11.7,603.0,160,Balanced All-Wheel Traction
RIMAC-RAWTV-3677,205.8,0.48,5.3,387.3,136,Balanced All-Wheel Traction
RIMAC-RAWTV-3678,164.2,0.88,11.3,762.2,135,Balanced All-Wheel Traction
RIMAC-RAWTV-3679,144.0,-1.31,-20.4,-1158.8,155,Active R-AWTV High-G Yaw Vectoring
RIMAC-RAWTV-3680,222.8,-1.34,-18.6,-1163.5,170,Active R-AWTV High-G Yaw Vectoring
RIMAC-RAWTV-3681,265.9,-0.22,-4.1,-196.0,143,Balanced All-Wheel Traction
RIMAC-RAWTV-3682,314.6,-0.53,-7.2,-476.7,116,Balanced All-Wheel Traction
RIMAC-RAWTV-3683,77.3,1.58,24.0,1356.1,182,Active R-AWTV High-G Yaw Vectoring
RIMAC-RAWTV-3684,101.9,0.98,13.0,779.8,148,Balanced All-Wheel Traction
RIMAC-RAWTV-3685,255.3,1.11,15.6,929.0,149,Balanced All-Wheel Traction
RIMAC-RAWTV-3686,85.5,-0.93,-13.2,-845.2,143,Balanced All-Wheel Traction
RIMAC-RAWTV-3687,178.9,-1.27,-18.3,-1056.3,158,Balanced All-Wheel Traction
RIMAC-RAWTV-3688,164.1,-1.13,-17.1,-932.1,166,Balanced All-Wheel Traction
RIMAC-RAWTV-3689,116.9,0.52,7.2,475.3,135,Balanced All-Wheel Traction
RIMAC-RAWTV-3690,253.4,0.38,5.1,260.1,137,Balanced All-Wheel Traction
RIMAC-RAWTV-3691,238.8,1.06,11.8,950.1,158,Balanced All-Wheel Traction
RIMAC-RAWTV-3692,310.0,-0.75,-11.5,-640.0,144,Balanced All-Wheel Traction
RIMAC-RAWTV-3693,204.4,-0.28,-4.2,-207.6,112,Balanced All-Wheel Traction
RIMAC-RAWTV-3694,224.2,0.2,0.9,179.8,114,Balanced All-Wheel Traction
RIMAC-RAWTV-3695,182.8,0.03,-1.9,69.2,125,Balanced All-Wheel Traction
RIMAC-RAWTV-3696,311.8,1.2,19.1,1068.5,184,Balanced All-Wheel Traction
RIMAC-RAWTV-3697,183.9,-1.19,-17.0,-957.3,163,Balanced All-Wheel Traction
RIMAC-RAWTV-3698,65.5,0.69,8.8,539.0,130,Balanced All-Wheel Traction
RIMAC-RAWTV-3699,62.0,-1.12,-14.0,-966.8,158,Balanced All-Wheel Traction
RIMAC-RAWTV-3700,293.5,-0.08,-1.0,-33.3,108,Balanced All-Wheel Traction
RIMAC-RAWTV-3701,206.7,-0.62,-9.6,-450.1,143,Balanced All-Wheel Traction
RIMAC-RAWTV-3702,129.6,-1.21,-17.7,-1045.5,155,Balanced All-Wheel Traction
RIMAC-RAWTV-3703,76.0,-0.39,-3.8,-363.2,129,Balanced All-Wheel Traction
RIMAC-RAWTV-3704,217.3,-0.13,-2.2,-169.4,115,Balanced All-Wheel Traction
RIMAC-RAWTV-3705,269.9,1.43,19.3,1215.2,168,Active R-AWTV High-G Yaw Vectoring
RIMAC-RAWTV-3706,227.5,0.14,0.7,94.3,127,Balanced All-Wheel Traction
RIMAC-RAWTV-3707,303.8,-0.55,-9.8,-470.4,126,Balanced All-Wheel Traction
RIMAC-RAWTV-3708,242.8,-0.52,-8.6,-515.3,133,Balanced All-Wheel Traction
RIMAC-RAWTV-3709,282.2,1.48,20.2,1338.0,157,Active R-AWTV High-G Yaw Vectoring
RIMAC-RAWTV-3710,166.2,-0.91,-12.8,-742.6,149,Balanced All-Wheel Traction
RIMAC-RAWTV-3711,125.6,-1.03,-16.6,-882.7,157,Balanced All-Wheel Traction
RIMAC-RAWTV-3712,166.6,0.38,6.5,300.9,142,Balanced All-Wheel Traction
RIMAC-RAWTV-3713,170.5,0.29,3.9,224.2,130,Balanced All-Wheel Traction
RIMAC-RAWTV-3714,226.8,1.5,22.0,1360.7,177,Active R-AWTV High-G Yaw Vectoring
RIMAC-RAWTV-3715,278.4,-1.32,-19.5,-1089.7,167,Active R-AWTV High-G Yaw Vectoring
RIMAC-RAWTV-3716,201.7,0.29,5.2,235.9,101,Balanced All-Wheel Traction
RIMAC-RAWTV-3717,204.9,-0.16,-2.8,-182.6,108,Balanced All-Wheel Traction
RIMAC-RAWTV-3718,268.5,1.18,20.0,981.8,149,Balanced All-Wheel Traction
RIMAC-RAWTV-3719,96.2,1.16,16.6,1036.1,171,Balanced All-Wheel Traction
RIMAC-RAWTV-3720,230.4,1.22,17.1,931.9,170,Balanced All-Wheel Traction
RIMAC-RAWTV-3721,229.7,0.72,11.1,703.3,136,Balanced All-Wheel Traction
RIMAC-RAWTV-3722,297.7,1.29,18.9,1077.3,160,Balanced All-Wheel Traction
RIMAC-RAWTV-3723,134.7,1.5,22.3,1229.7,179,Active R-AWTV High-G Yaw Vectoring
RIMAC-RAWTV-3724,318.8,1.11,15.3,898.6,141,Balanced All-Wheel Traction
RIMAC-RAWTV-3725,264.1,-1.02,-14.2,-898.3,167,Balanced All-Wheel Traction
RIMAC-RAWTV-3726,149.0,-0.75,-10.2,-686.7,156,Balanced All-Wheel Traction
RIMAC-RAWTV-3727,95.8,-0.45,-7.5,-461.9,122,Balanced All-Wheel Traction
RIMAC-RAWTV-3728,312.1,0.66,10.0,518.8,142,Balanced All-Wheel Traction
RIMAC-RAWTV-3729,313.0,-1.15,-16.1,-963.2,163,Balanced All-Wheel Traction
RIMAC-RAWTV-3730,264.9,1.14,16.5,959.6,177,Balanced All-Wheel Traction
RIMAC-RAWTV-3731,191.8,0.81,12.1,675.5,164,Balanced All-Wheel Traction
RIMAC-RAWTV-3732,249.0,-1.36,-21.1,-1126.4,173,Active R-AWTV High-G Yaw Vectoring
RIMAC-RAWTV-3733,297.7,0.66,11.3,516.0,133,Balanced All-Wheel Traction
RIMAC-RAWTV-3734,65.6,-0.43,-6.9,-285.8,121,Balanced All-Wheel Traction
RIMAC-RAWTV-3735,143.9,-0.1,-1.6,-20.1,119,Balanced All-Wheel Traction
RIMAC-RAWTV-3736,315.7,1.09,16.1,923.7,159,Balanced All-Wheel Traction
RIMAC-RAWTV-3737,220.1,1.3,19.2,1204.6,177,Active R-AWTV High-G Yaw Vectoring
RIMAC-RAWTV-3738,120.0,-0.51,-6.6,-407.3,136,Balanced All-Wheel Traction
RIMAC-RAWTV-3739,261.3,-0.84,-12.2,-788.1,139,Balanced All-Wheel Traction
RIMAC-RAWTV-3740,104.4,-1.3,-15.4,-1071.1,165,Active R-AWTV High-G Yaw Vectoring
RIMAC-RAWTV-3741,277.8,-1.33,-18.4,-1135.3,154,Active R-AWTV High-G Yaw Vectoring
RIMAC-RAWTV-3742,236.8,-0.13,-2.3,-118.3,133,Balanced All-Wheel Traction
RIMAC-RAWTV-3743,258.2,1.07,16.0,839.4,156,Balanced All-Wheel Traction
RIMAC-RAWTV-3744,219.8,1.53,20.8,1333.8,196,Active R-AWTV High-G Yaw Vectoring
RIMAC-RAWTV-3745,75.3,-0.7,-9.8,-578.4,129,Balanced All-Wheel Traction
RIMAC-RAWTV-3746,267.6,0.93,14.7,806.0,147,Balanced All-Wheel Traction
RIMAC-RAWTV-3747,216.3,-0.34,-4.0,-253.6,136,Balanced All-Wheel Traction
RIMAC-RAWTV-3748,269.2,-0.38,-6.5,-355.5,121,Balanced All-Wheel Traction
RIMAC-RAWTV-3749,133.5,-0.21,-1.9,-137.1,134,Balanced All-Wheel Traction
RIMAC-RAWTV-3750,191.7,0.99,15.2,838.1,167,Balanced All-Wheel Traction
RIMAC-RAWTV-3751,100.1,0.01,0.4,-54.1,117,Balanced All-Wheel Traction
RIMAC-RAWTV-3752,176.4,-1.35,-17.4,-1203.3,167,Active R-AWTV High-G Yaw Vectoring
RIMAC-RAWTV-3753,189.0,-1.28,-17.3,-1057.5,180,Balanced All-Wheel Traction
RIMAC-RAWTV-3754,166.2,0.67,8.7,558.1,140,Balanced All-Wheel Traction
RIMAC-RAWTV-3755,287.2,-0.83,-11.8,-743.8,145,Balanced All-Wheel Traction
RIMAC-RAWTV-3756,135.4,-0.2,-0.7,-157.7,120,Balanced All-Wheel Traction
RIMAC-RAWTV-3757,234.6,-0.82,-13.5,-819.2,134,Balanced All-Wheel Traction
RIMAC-RAWTV-3758,236.5,-1.51,-19.7,-1309.7,165,Active R-AWTV High-G Yaw Vectoring
RIMAC-RAWTV-3759,242.4,-0.03,-0.4,4.2,112,Balanced All-Wheel Traction
RIMAC-RAWTV-3760,143.1,-1.0,-17.0,-797.9,139,Balanced All-Wheel Traction
RIMAC-RAWTV-3761,195.4,1.55,21.9,1349.0,186,Active R-AWTV High-G Yaw Vectoring
RIMAC-RAWTV-3762,256.8,-1.52,-20.6,-1272.4,179,Active R-AWTV High-G Yaw Vectoring
RIMAC-RAWTV-3763,290.7,-1.52,-21.3,-1263.4,181,Active R-AWTV High-G Yaw Vectoring
RIMAC-RAWTV-3764,248.7,0.85,12.8,737.5,145,Balanced All-Wheel Traction
RIMAC-RAWTV-3765,205.3,0.9,14.2,714.7,159,Balanced All-Wheel Traction
RIMAC-RAWTV-3766,69.7,0.42,6.5,378.3,140,Balanced All-Wheel Traction
RIMAC-RAWTV-3767,67.0,0.11,0.7,116.9,125,Balanced All-Wheel Traction
RIMAC-RAWTV-3768,285.4,-0.4,-6.2,-351.6,138,Balanced All-Wheel Traction
RIMAC-RAWTV-3769,225.1,-0.79,-13.5,-687.2,145,Balanced All-Wheel Traction
RIMAC-RAWTV-3770,144.1,1.3,17.7,1134.1,171,Active R-AWTV High-G Yaw Vectoring
RIMAC-RAWTV-3771,98.4,-1.19,-15.1,-1096.1,163,Balanced All-Wheel Traction
RIMAC-RAWTV-3772,114.6,1.39,20.9,1145.5,161,Active R-AWTV High-G Yaw Vectoring
RIMAC-RAWTV-3773,82.9,-1.02,-12.9,-940.2,150,Balanced All-Wheel Traction
RIMAC-RAWTV-3774,288.7,1.6,23.6,1371.0,173,Active R-AWTV High-G Yaw Vectoring
RIMAC-RAWTV-3775,117.2,1.56,22.2,1280.8,195,Active R-AWTV High-G Yaw Vectoring
RIMAC-RAWTV-3776,94.4,0.3,4.1,254.9,135,Balanced All-Wheel Traction
RIMAC-RAWTV-3777,178.8,0.85,12.6,762.8,162,Balanced All-Wheel Traction
RIMAC-RAWTV-3778,72.4,1.11,15.8,912.3,152,Balanced All-Wheel Traction
RIMAC-RAWTV-3779,195.0,-0.64,-8.3,-493.7,141,Balanced All-Wheel Traction
RIMAC-RAWTV-3780,124.5,-0.26,-2.4,-224.8,134,Balanced All-Wheel Traction
RIMAC-RAWTV-3781,267.2,-0.68,-9.5,-526.6,140,Balanced All-Wheel Traction
RIMAC-RAWTV-3782,86.4,0.83,11.7,671.4,149,Balanced All-Wheel Traction
RIMAC-RAWTV-3783,67.2,0.98,14.8,896.0,159,Balanced All-Wheel Traction
RIMAC-RAWTV-3784,271.6,-0.13,-3.0,-104.5,126,Balanced All-Wheel Traction
RIMAC-RAWTV-3785,157.6,0.64,9.2,443.7,141,Balanced All-Wheel Traction
RIMAC-RAWTV-3786,168.4,0.59,7.2,428.1,152,Balanced All-Wheel Traction
RIMAC-RAWTV-3787,83.4,1.13,15.6,963.6,159,Balanced All-Wheel Traction
RIMAC-RAWTV-3788,310.0,-1.12,-14.6,-984.5,162,Balanced All-Wheel Traction
RIMAC-RAWTV-3789,231.3,0.78,14.0,676.1,155,Balanced All-Wheel Traction
RIMAC-RAWTV-3790,119.7,0.15,1.4,98.6,115,Balanced All-Wheel Traction
RIMAC-RAWTV-3791,310.5,-0.82,-14.0,-758.8,153,Balanced All-Wheel Traction
RIMAC-RAWTV-3792,151.4,-0.19,-5.3,-199.8,131,Balanced All-Wheel Traction
RIMAC-RAWTV-3793,213.6,0.74,10.4,585.4,144,Balanced All-Wheel Traction
RIMAC-RAWTV-3794,303.1,-0.4,-8.4,-408.5,138,Balanced All-Wheel Traction
RIMAC-RAWTV-3795,113.8,0.48,8.5,482.5,130,Balanced All-Wheel Traction
RIMAC-RAWTV-3796,189.2,-0.05,-1.2,53.1,123,Balanced All-Wheel Traction
RIMAC-RAWTV-3797,288.4,1.52,22.7,1347.0,183,Active R-AWTV High-G Yaw Vectoring
RIMAC-RAWTV-3798,196.7,1.31,18.9,1043.0,176,Active R-AWTV High-G Yaw Vectoring
RIMAC-RAWTV-3799,246.5,1.13,16.4,964.6,173,Balanced All-Wheel Traction
