Stamping_Stroke_ID,Press_Tonnage_kN,Stroke_Rate_SPM,Die_Temperature_C,Peak_Impact_Shock_G,Harmonic_Wear_Ratio,Panel_Quality
TOYOTA-PR-1000,2050.2,28.6,57.1,7.27,1.28,Perfect Stamping Quality
TOYOTA-PR-1001,1908.5,17.8,54.8,7.16,1.27,Perfect Stamping Quality
TOYOTA-PR-1002,2351.5,31.8,59.8,7.25,1.3,Perfect Stamping Quality
TOYOTA-PR-1003,851.8,20.8,47.0,5.56,1.37,Perfect Stamping Quality
TOYOTA-PR-1004,2368.1,15.4,59.4,8.34,1.37,Sheet Metal Micro-Tear Risk
TOYOTA-PR-1005,1277.8,27.3,51.0,5.71,1.42,Perfect Stamping Quality
TOYOTA-PR-1006,2342.5,23.2,59.2,7.57,1.43,Sheet Metal Micro-Tear Risk
TOYOTA-PR-1007,2051.9,27.5,59.5,7.12,1.42,Perfect Stamping Quality
TOYOTA-PR-1008,1952.1,17.8,57.3,7.85,1.5,Sheet Metal Micro-Tear Risk
TOYOTA-PR-1009,1581.2,18.7,51.5,6.27,1.57,Perfect Stamping Quality
TOYOTA-PR-1010,2133.2,29.5,57.6,7.15,1.18,Perfect Stamping Quality
TOYOTA-PR-1011,1314.8,28.9,48.4,5.32,1.11,Perfect Stamping Quality
TOYOTA-PR-1012,1174.4,14.7,47.2,6.3,1.3,Perfect Stamping Quality
TOYOTA-PR-1013,2056.5,14.2,59.0,7.99,1.06,Sheet Metal Micro-Tear Risk
TOYOTA-PR-1014,1140.5,28.8,49.1,6.51,1.24,Perfect Stamping Quality
TOYOTA-PR-1015,1785.8,16.1,58.3,7.77,1.54,Sheet Metal Micro-Tear Risk
TOYOTA-PR-1016,1249.9,24.5,49.8,5.77,1.43,Perfect Stamping Quality
TOYOTA-PR-1017,2335.6,29.7,51.3,7.25,1.5,Perfect Stamping Quality
TOYOTA-PR-1018,1613.9,16.7,52.7,6.71,1.2,Perfect Stamping Quality
TOYOTA-PR-1019,1371.6,29.5,47.3,7.63,1.43,Sheet Metal Micro-Tear Risk
TOYOTA-PR-1020,2033.2,28.0,59.0,7.84,1.31,Sheet Metal Micro-Tear Risk
TOYOTA-PR-1021,1286.0,28.6,56.2,6.79,1.62,Perfect Stamping Quality
TOYOTA-PR-1022,1447.4,27.2,54.9,6.54,1.43,Perfect Stamping Quality
TOYOTA-PR-1023,1852.5,30.7,52.8,7.0,1.43,Perfect Stamping Quality
TOYOTA-PR-1024,2288.7,31.6,57.0,7.84,1.72,Sheet Metal Micro-Tear Risk
TOYOTA-PR-1025,1734.3,22.4,56.5,7.22,1.31,Perfect Stamping Quality
TOYOTA-PR-1026,1958.1,16.3,54.1,7.33,1.13,Perfect Stamping Quality
TOYOTA-PR-1027,1352.5,20.3,49.0,6.39,1.48,Perfect Stamping Quality
TOYOTA-PR-1028,1740.5,19.6,55.3,7.46,1.32,Perfect Stamping Quality
TOYOTA-PR-1029,1257.1,16.0,48.1,5.76,1.32,Perfect Stamping Quality
TOYOTA-PR-1030,2231.3,25.4,57.8,7.19,1.87,Sheet Metal Micro-Tear Risk
TOYOTA-PR-1031,2195.5,26.2,58.4,8.17,1.53,Sheet Metal Micro-Tear Risk
TOYOTA-PR-1032,1071.4,30.6,42.7,5.64,1.53,Perfect Stamping Quality
TOYOTA-PR-1033,1055.1,32.0,46.1,6.4,1.18,Perfect Stamping Quality
TOYOTA-PR-1034,2185.6,19.6,59.0,7.57,1.43,Sheet Metal Micro-Tear Risk
TOYOTA-PR-1035,1216.5,22.0,52.1,6.44,1.28,Perfect Stamping Quality
TOYOTA-PR-1036,2380.3,21.4,65.8,7.39,1.36,Perfect Stamping Quality
TOYOTA-PR-1037,1856.9,20.1,52.8,6.62,1.33,Perfect Stamping Quality
TOYOTA-PR-1038,1249.2,26.6,44.3,6.26,1.36,Perfect Stamping Quality
TOYOTA-PR-1039,2130.5,22.1,63.9,7.35,1.56,Perfect Stamping Quality
TOYOTA-PR-1040,1123.5,27.4,49.8,6.2,1.29,Perfect Stamping Quality
TOYOTA-PR-1041,1297.8,20.8,45.6,7.1,0.91,Perfect Stamping Quality
TOYOTA-PR-1042,1259.8,23.7,49.2,6.42,1.5,Perfect Stamping Quality
TOYOTA-PR-1043,1242.8,26.2,46.4,7.17,1.2,Perfect Stamping Quality
TOYOTA-PR-1044,2033.3,31.2,56.3,7.36,1.31,Perfect Stamping Quality
TOYOTA-PR-1045,1804.0,25.7,56.1,6.75,1.22,Perfect Stamping Quality
TOYOTA-PR-1046,961.1,18.3,46.6,6.22,1.51,Perfect Stamping Quality
TOYOTA-PR-1047,1674.8,20.5,56.8,6.31,1.16,Perfect Stamping Quality
TOYOTA-PR-1048,1989.4,14.5,56.6,6.95,1.46,Perfect Stamping Quality
TOYOTA-PR-1049,1726.8,14.3,58.1,6.83,1.67,Sheet Metal Micro-Tear Risk
TOYOTA-PR-1050,1717.7,22.2,51.6,6.55,1.49,Perfect Stamping Quality
TOYOTA-PR-1051,1730.5,27.8,51.7,6.46,1.56,Perfect Stamping Quality
TOYOTA-PR-1052,2272.9,27.4,53.8,7.31,1.38,Perfect Stamping Quality
TOYOTA-PR-1053,1252.8,26.1,56.4,6.65,1.25,Perfect Stamping Quality
TOYOTA-PR-1054,2398.3,25.9,56.6,7.65,1.51,Sheet Metal Micro-Tear Risk
TOYOTA-PR-1055,1261.0,23.6,52.2,6.05,1.44,Perfect Stamping Quality
TOYOTA-PR-1056,1828.7,17.8,61.3,7.54,1.47,Sheet Metal Micro-Tear Risk
TOYOTA-PR-1057,2160.5,27.4,56.5,8.24,1.03,Sheet Metal Micro-Tear Risk
TOYOTA-PR-1058,838.2,27.6,42.0,5.7,1.29,Perfect Stamping Quality
TOYOTA-PR-1059,2002.4,29.5,55.4,7.46,1.57,Perfect Stamping Quality
TOYOTA-PR-1060,1519.1,17.4,53.2,6.5,1.23,Perfect Stamping Quality
TOYOTA-PR-1061,1090.6,30.0,49.5,5.45,1.38,Perfect Stamping Quality
TOYOTA-PR-1062,1208.2,17.9,50.8,6.2,1.38,Perfect Stamping Quality
TOYOTA-PR-1063,2392.8,14.3,56.0,8.33,1.63,Sheet Metal Micro-Tear Risk
TOYOTA-PR-1064,1633.4,27.2,55.2,6.23,1.35,Perfect Stamping Quality
TOYOTA-PR-1065,1368.1,19.5,50.5,6.54,1.29,Perfect Stamping Quality
TOYOTA-PR-1066,2192.8,27.8,60.8,7.55,1.21,Sheet Metal Micro-Tear Risk
TOYOTA-PR-1067,1578.4,31.0,49.2,6.97,1.29,Perfect Stamping Quality
TOYOTA-PR-1068,1328.8,30.6,47.7,6.3,1.36,Perfect Stamping Quality
TOYOTA-PR-1069,881.8,18.0,43.2,5.46,1.18,Perfect Stamping Quality
TOYOTA-PR-1070,2357.3,26.9,57.9,8.03,1.21,Sheet Metal Micro-Tear Risk
TOYOTA-PR-1071,821.6,26.2,48.8,6.0,1.43,Perfect Stamping Quality
TOYOTA-PR-1072,1467.6,18.0,55.1,6.04,1.2,Perfect Stamping Quality
TOYOTA-PR-1073,1861.7,17.9,56.3,6.83,1.33,Perfect Stamping Quality
TOYOTA-PR-1074,997.4,29.2,41.1,5.54,1.43,Perfect Stamping Quality
TOYOTA-PR-1075,2195.7,26.2,56.7,8.0,1.31,Sheet Metal Micro-Tear Risk
TOYOTA-PR-1076,2389.4,20.3,60.0,7.51,1.59,Sheet Metal Micro-Tear Risk
TOYOTA-PR-1077,2235.8,27.5,57.4,7.29,1.35,Perfect Stamping Quality
TOYOTA-PR-1078,2120.0,28.3,58.0,8.27,1.59,Sheet Metal Micro-Tear Risk
TOYOTA-PR-1079,944.2,25.2,49.6,6.23,1.31,Perfect Stamping Quality
TOYOTA-PR-1080,1012.3,14.6,47.8,6.08,1.18,Perfect Stamping Quality
TOYOTA-PR-1081,1873.7,18.7,50.9,7.12,1.63,Perfect Stamping Quality
TOYOTA-PR-1082,2093.3,16.8,57.9,7.44,1.54,Perfect Stamping Quality
TOYOTA-PR-1083,1342.1,18.1,48.9,6.35,1.03,Perfect Stamping Quality
TOYOTA-PR-1084,1858.8,26.5,52.1,7.07,1.46,Perfect Stamping Quality
TOYOTA-PR-1085,1582.1,31.0,52.1,6.81,1.32,Perfect Stamping Quality
TOYOTA-PR-1086,1039.3,20.3,53.2,6.09,1.31,Perfect Stamping Quality
TOYOTA-PR-1087,2399.5,27.7,58.4,7.97,1.4,Sheet Metal Micro-Tear Risk
TOYOTA-PR-1088,2126.3,25.9,60.2,7.32,1.25,Perfect Stamping Quality
TOYOTA-PR-1089,1982.7,17.9,57.0,7.09,1.63,Perfect Stamping Quality
TOYOTA-PR-1090,1902.8,18.1,58.3,8.04,1.35,Sheet Metal Micro-Tear Risk
TOYOTA-PR-1091,1371.8,18.3,49.6,5.92,1.2,Perfect Stamping Quality
TOYOTA-PR-1092,887.6,31.5,46.1,6.27,1.4,Perfect Stamping Quality
TOYOTA-PR-1093,1790.4,19.3,53.8,7.95,1.38,Sheet Metal Micro-Tear Risk
TOYOTA-PR-1094,1103.0,22.0,50.1,6.21,1.37,Perfect Stamping Quality
TOYOTA-PR-1095,2022.7,14.2,58.1,6.8,1.39,Perfect Stamping Quality
TOYOTA-PR-1096,824.0,18.2,47.7,5.73,1.3,Perfect Stamping Quality
TOYOTA-PR-1097,2214.4,17.7,64.3,8.14,1.31,Sheet Metal Micro-Tear Risk
TOYOTA-PR-1098,957.8,30.4,44.9,5.77,1.41,Perfect Stamping Quality
TOYOTA-PR-1099,1969.3,29.3,54.2,7.37,1.46,Perfect Stamping Quality
TOYOTA-PR-1100,2188.1,24.9,55.1,7.94,1.34,Sheet Metal Micro-Tear Risk
TOYOTA-PR-1101,853.0,18.8,45.3,5.17,1.42,Perfect Stamping Quality
TOYOTA-PR-1102,1037.2,17.3,45.5,6.0,1.46,Perfect Stamping Quality
TOYOTA-PR-1103,1920.5,14.5,49.1,7.63,1.44,Sheet Metal Micro-Tear Risk
TOYOTA-PR-1104,1041.8,19.6,51.9,6.01,1.49,Perfect Stamping Quality
TOYOTA-PR-1105,1589.3,25.9,50.7,7.07,1.41,Perfect Stamping Quality
TOYOTA-PR-1106,1591.7,31.5,55.4,6.69,1.34,Perfect Stamping Quality
TOYOTA-PR-1107,2010.7,15.4,57.4,7.17,1.22,Perfect Stamping Quality
TOYOTA-PR-1108,1728.1,20.3,53.5,7.23,1.33,Perfect Stamping Quality
TOYOTA-PR-1109,852.9,16.2,40.5,5.62,1.09,Perfect Stamping Quality
TOYOTA-PR-1110,1012.9,25.8,43.2,6.35,1.07,Perfect Stamping Quality
TOYOTA-PR-1111,1227.4,26.0,46.8,6.14,1.46,Perfect Stamping Quality
TOYOTA-PR-1112,2227.7,22.0,56.8,7.73,1.42,Sheet Metal Micro-Tear Risk
TOYOTA-PR-1113,1812.6,28.1,57.1,6.75,1.48,Perfect Stamping Quality
TOYOTA-PR-1114,2117.9,17.8,50.4,7.04,1.46,Perfect Stamping Quality
TOYOTA-PR-1115,2086.4,18.1,57.9,7.59,1.31,Sheet Metal Micro-Tear Risk
TOYOTA-PR-1116,1650.3,31.2,55.0,6.34,1.25,Perfect Stamping Quality
TOYOTA-PR-1117,1158.4,29.8,49.1,6.17,1.37,Perfect Stamping Quality
TOYOTA-PR-1118,800.1,21.9,50.5,5.53,1.45,Perfect Stamping Quality
TOYOTA-PR-1119,1224.7,31.9,46.9,5.92,1.25,Perfect Stamping Quality
TOYOTA-PR-1120,2061.7,27.9,56.1,7.82,1.32,Sheet Metal Micro-Tear Risk
TOYOTA-PR-1121,1508.1,23.7,47.9,6.42,1.39,Perfect Stamping Quality
TOYOTA-PR-1122,1715.2,31.2,50.2,6.94,1.44,Perfect Stamping Quality
TOYOTA-PR-1123,874.9,21.3,41.7,5.84,1.34,Perfect Stamping Quality
TOYOTA-PR-1124,1289.7,27.6,53.3,6.81,1.35,Perfect Stamping Quality
TOYOTA-PR-1125,1467.7,25.3,56.3,6.89,1.67,Sheet Metal Micro-Tear Risk
TOYOTA-PR-1126,1953.5,17.3,54.3,7.71,1.53,Sheet Metal Micro-Tear Risk
TOYOTA-PR-1127,878.5,25.9,41.6,5.78,1.33,Perfect Stamping Quality
TOYOTA-PR-1128,2194.9,24.3,55.6,7.84,1.43,Sheet Metal Micro-Tear Risk
TOYOTA-PR-1129,1481.1,22.5,56.9,6.7,1.36,Perfect Stamping Quality
TOYOTA-PR-1130,2029.3,15.6,56.8,7.53,1.13,Sheet Metal Micro-Tear Risk
TOYOTA-PR-1131,1431.8,21.5,47.6,6.84,1.24,Perfect Stamping Quality
TOYOTA-PR-1132,1707.6,18.8,49.4,7.02,1.3,Perfect Stamping Quality
TOYOTA-PR-1133,2300.8,24.7,63.4,7.64,1.28,Sheet Metal Micro-Tear Risk
TOYOTA-PR-1134,1683.8,18.5,61.9,6.93,1.36,Perfect Stamping Quality
TOYOTA-PR-1135,838.3,27.6,46.6,6.31,1.69,Sheet Metal Micro-Tear Risk
TOYOTA-PR-1136,2178.1,31.3,56.3,8.01,1.58,Sheet Metal Micro-Tear Risk
TOYOTA-PR-1137,1477.6,17.1,54.2,6.57,1.28,Perfect Stamping Quality
TOYOTA-PR-1138,965.3,25.1,45.6,5.74,1.15,Perfect Stamping Quality
TOYOTA-PR-1139,1570.8,14.2,50.2,6.65,1.64,Perfect Stamping Quality
TOYOTA-PR-1140,1317.2,16.8,49.5,6.29,1.16,Perfect Stamping Quality
TOYOTA-PR-1141,1590.2,28.3,55.5,6.94,1.27,Perfect Stamping Quality
TOYOTA-PR-1142,897.3,24.9,44.0,5.66,1.26,Perfect Stamping Quality
TOYOTA-PR-1143,2012.6,16.3,55.8,7.46,1.51,Perfect Stamping Quality
TOYOTA-PR-1144,1446.4,19.1,52.7,6.04,1.08,Perfect Stamping Quality
TOYOTA-PR-1145,1932.4,22.3,52.5,7.45,1.32,Perfect Stamping Quality
TOYOTA-PR-1146,1823.6,16.3,57.7,7.12,1.42,Perfect Stamping Quality
TOYOTA-PR-1147,908.0,27.1,49.6,6.21,1.31,Perfect Stamping Quality
TOYOTA-PR-1148,1323.5,19.7,49.0,5.95,1.5,Perfect Stamping Quality
TOYOTA-PR-1149,1698.3,17.7,54.1,6.88,1.34,Perfect Stamping Quality
TOYOTA-PR-1150,1483.8,31.1,50.4,5.87,1.39,Perfect Stamping Quality
TOYOTA-PR-1151,2014.2,23.2,54.0,7.46,1.67,Sheet Metal Micro-Tear Risk
TOYOTA-PR-1152,835.5,21.3,45.7,5.51,1.14,Perfect Stamping Quality
TOYOTA-PR-1153,881.2,15.8,41.0,6.38,1.38,Perfect Stamping Quality
TOYOTA-PR-1154,848.2,31.7,47.1,5.64,1.34,Perfect Stamping Quality
TOYOTA-PR-1155,1737.5,23.0,54.6,7.86,1.2,Sheet Metal Micro-Tear Risk
TOYOTA-PR-1156,1905.9,23.0,52.2,7.75,1.16,Sheet Metal Micro-Tear Risk
TOYOTA-PR-1157,2025.1,17.9,61.1,7.11,1.36,Perfect Stamping Quality
TOYOTA-PR-1158,1940.0,25.5,54.7,6.7,1.5,Perfect Stamping Quality
TOYOTA-PR-1159,937.6,24.0,48.5,6.35,1.38,Perfect Stamping Quality
TOYOTA-PR-1160,1932.1,25.7,50.0,7.5,1.61,Perfect Stamping Quality
TOYOTA-PR-1161,1812.5,20.8,54.2,7.17,1.52,Perfect Stamping Quality
TOYOTA-PR-1162,2077.3,17.8,56.3,7.71,1.26,Sheet Metal Micro-Tear Risk
TOYOTA-PR-1163,1650.0,16.6,54.3,6.15,1.19,Perfect Stamping Quality
TOYOTA-PR-1164,2059.9,19.0,57.6,6.8,1.52,Perfect Stamping Quality
TOYOTA-PR-1165,1515.3,17.1,51.3,6.94,1.31,Perfect Stamping Quality
TOYOTA-PR-1166,2283.3,21.8,62.5,8.0,1.47,Sheet Metal Micro-Tear Risk
TOYOTA-PR-1167,2054.2,17.8,57.6,7.9,1.55,Sheet Metal Micro-Tear Risk
TOYOTA-PR-1168,1956.6,26.5,57.0,8.03,1.61,Sheet Metal Micro-Tear Risk
TOYOTA-PR-1169,1304.3,28.0,53.7,6.6,1.55,Perfect Stamping Quality
TOYOTA-PR-1170,2278.6,16.3,59.7,7.91,1.11,Sheet Metal Micro-Tear Risk
TOYOTA-PR-1171,1091.2,29.4,49.1,5.54,1.4,Perfect Stamping Quality
TOYOTA-PR-1172,1247.6,28.0,49.9,5.95,1.54,Perfect Stamping Quality
TOYOTA-PR-1173,1081.9,17.1,53.1,5.93,1.34,Perfect Stamping Quality
TOYOTA-PR-1174,2131.9,15.5,49.7,7.77,1.49,Sheet Metal Micro-Tear Risk
TOYOTA-PR-1175,1743.8,19.0,53.1,6.54,1.18,Perfect Stamping Quality
TOYOTA-PR-1176,1584.2,21.2,52.4,6.67,1.56,Perfect Stamping Quality
TOYOTA-PR-1177,1959.2,29.4,53.9,7.06,1.73,Sheet Metal Micro-Tear Risk
TOYOTA-PR-1178,1538.1,28.0,52.4,6.09,1.44,Perfect Stamping Quality
TOYOTA-PR-1179,1808.5,31.9,51.4,7.4,1.32,Perfect Stamping Quality
TOYOTA-PR-1180,2152.5,20.7,57.6,7.67,1.16,Sheet Metal Micro-Tear Risk
TOYOTA-PR-1181,1073.4,23.1,53.5,5.67,1.3,Perfect Stamping Quality
TOYOTA-PR-1182,2167.2,22.6,57.2,7.73,1.42,Sheet Metal Micro-Tear Risk
TOYOTA-PR-1183,1151.2,14.3,46.5,5.88,1.54,Perfect Stamping Quality
TOYOTA-PR-1184,1852.5,25.0,57.1,7.05,1.47,Perfect Stamping Quality
TOYOTA-PR-1185,1498.6,18.0,47.1,6.76,1.21,Perfect Stamping Quality
TOYOTA-PR-1186,2390.6,18.3,57.9,7.95,1.08,Sheet Metal Micro-Tear Risk
TOYOTA-PR-1187,2064.5,14.3,53.4,7.66,1.06,Sheet Metal Micro-Tear Risk
TOYOTA-PR-1188,1781.3,15.4,54.1,7.58,1.41,Sheet Metal Micro-Tear Risk
TOYOTA-PR-1189,1166.9,30.6,47.6,5.55,1.04,Perfect Stamping Quality
TOYOTA-PR-1190,914.6,18.7,48.7,4.95,1.36,Perfect Stamping Quality
TOYOTA-PR-1191,1545.1,27.2,55.2,6.72,1.19,Perfect Stamping Quality
TOYOTA-PR-1192,1589.9,15.4,49.6,6.8,1.55,Perfect Stamping Quality
TOYOTA-PR-1193,1937.1,17.4,53.1,6.98,1.35,Perfect Stamping Quality
TOYOTA-PR-1194,2371.5,31.8,61.6,8.92,1.62,Sheet Metal Micro-Tear Risk
TOYOTA-PR-1195,1645.1,30.9,52.9,7.16,1.22,Perfect Stamping Quality
TOYOTA-PR-1196,1301.7,26.8,43.2,6.37,0.95,Perfect Stamping Quality
TOYOTA-PR-1197,2034.9,27.8,53.9,7.7,1.18,Sheet Metal Micro-Tear Risk
TOYOTA-PR-1198,1462.0,23.6,55.9,6.58,1.23,Perfect Stamping Quality
TOYOTA-PR-1199,822.6,29.9,45.7,5.55,1.3,Perfect Stamping Quality
TOYOTA-PR-1200,1504.3,24.1,50.5,6.39,1.5,Perfect Stamping Quality
TOYOTA-PR-1201,1218.1,22.8,50.2,6.52,1.41,Perfect Stamping Quality
TOYOTA-PR-1202,2030.2,24.0,56.6,7.92,1.45,Sheet Metal Micro-Tear Risk
TOYOTA-PR-1203,1434.4,30.4,48.7,6.19,1.02,Perfect Stamping Quality
TOYOTA-PR-1204,2197.6,27.6,56.3,7.09,1.31,Perfect Stamping Quality
TOYOTA-PR-1205,1107.7,23.3,44.1,5.65,1.52,Perfect Stamping Quality
TOYOTA-PR-1206,2009.2,25.6,57.0,7.35,1.39,Perfect Stamping Quality
TOYOTA-PR-1207,1598.3,26.3,54.2,6.61,0.98,Perfect Stamping Quality
TOYOTA-PR-1208,1465.2,21.9,53.1,7.24,1.45,Perfect Stamping Quality
TOYOTA-PR-1209,1693.6,27.9,49.2,6.51,1.27,Perfect Stamping Quality
TOYOTA-PR-1210,1625.9,19.6,56.5,7.02,1.37,Perfect Stamping Quality
TOYOTA-PR-1211,1580.8,15.3,56.5,7.27,1.51,Perfect Stamping Quality
TOYOTA-PR-1212,1574.8,18.4,50.0,6.61,1.51,Perfect Stamping Quality
TOYOTA-PR-1213,834.4,21.3,41.1,5.21,1.15,Perfect Stamping Quality
TOYOTA-PR-1214,1050.0,31.4,44.1,5.74,1.47,Perfect Stamping Quality
TOYOTA-PR-1215,1178.9,24.8,49.5,5.67,1.23,Perfect Stamping Quality
TOYOTA-PR-1216,2335.7,23.6,60.2,8.75,1.5,Sheet Metal Micro-Tear Risk
TOYOTA-PR-1217,1820.8,26.1,56.5,7.17,1.48,Perfect Stamping Quality
TOYOTA-PR-1218,1460.7,28.1,44.4,6.21,1.35,Perfect Stamping Quality
TOYOTA-PR-1219,1426.4,29.9,47.8,6.56,1.3,Perfect Stamping Quality
TOYOTA-PR-1220,872.5,26.2,46.0,5.61,1.45,Perfect Stamping Quality
TOYOTA-PR-1221,2382.8,23.9,62.1,8.22,1.61,Sheet Metal Micro-Tear Risk
TOYOTA-PR-1222,1930.9,26.4,57.0,6.35,1.25,Perfect Stamping Quality
TOYOTA-PR-1223,2241.4,28.0,58.5,7.54,1.18,Sheet Metal Micro-Tear Risk
TOYOTA-PR-1224,2166.3,28.6,60.8,7.92,1.41,Sheet Metal Micro-Tear Risk
TOYOTA-PR-1225,1099.7,20.5,46.7,5.93,1.36,Perfect Stamping Quality
TOYOTA-PR-1226,2030.1,28.6,58.7,7.41,1.29,Perfect Stamping Quality
TOYOTA-PR-1227,1051.8,24.5,46.2,5.81,1.56,Perfect Stamping Quality
TOYOTA-PR-1228,1136.1,15.2,44.8,5.95,1.12,Perfect Stamping Quality
TOYOTA-PR-1229,1247.2,17.5,50.0,6.23,0.94,Perfect Stamping Quality
TOYOTA-PR-1230,1103.2,17.1,52.2,6.64,1.45,Perfect Stamping Quality
TOYOTA-PR-1231,1488.1,23.2,48.8,6.96,1.23,Perfect Stamping Quality
TOYOTA-PR-1232,2022.7,22.7,61.2,8.01,1.38,Sheet Metal Micro-Tear Risk
TOYOTA-PR-1233,1989.4,22.3,53.4,7.81,1.41,Sheet Metal Micro-Tear Risk
TOYOTA-PR-1234,1465.5,18.3,49.3,6.58,1.09,Perfect Stamping Quality
TOYOTA-PR-1235,1651.3,24.3,55.0,6.68,1.4,Perfect Stamping Quality
TOYOTA-PR-1236,2238.0,24.0,55.6,7.35,1.49,Perfect Stamping Quality
TOYOTA-PR-1237,1327.4,29.0,50.6,5.86,1.28,Perfect Stamping Quality
TOYOTA-PR-1238,1032.6,18.6,47.0,6.15,1.35,Perfect Stamping Quality
TOYOTA-PR-1239,1312.5,27.8,49.9,6.85,1.5,Perfect Stamping Quality
TOYOTA-PR-1240,1301.5,30.3,48.2,7.08,1.16,Perfect Stamping Quality
TOYOTA-PR-1241,1154.4,31.7,43.6,5.18,1.26,Perfect Stamping Quality
TOYOTA-PR-1242,1497.4,15.9,52.8,6.45,1.38,Perfect Stamping Quality
TOYOTA-PR-1243,1100.7,28.8,48.7,6.06,1.26,Perfect Stamping Quality
TOYOTA-PR-1244,1352.4,21.8,49.3,6.04,1.34,Perfect Stamping Quality
TOYOTA-PR-1245,2259.2,28.3,62.7,8.22,1.35,Sheet Metal Micro-Tear Risk
TOYOTA-PR-1246,1138.9,22.8,46.5,5.62,1.19,Perfect Stamping Quality
TOYOTA-PR-1247,1957.2,29.1,51.0,7.91,1.28,Sheet Metal Micro-Tear Risk
TOYOTA-PR-1248,1458.5,14.1,53.3,6.39,1.24,Perfect Stamping Quality
TOYOTA-PR-1249,2220.9,17.7,60.2,7.79,1.34,Sheet Metal Micro-Tear Risk
TOYOTA-PR-1250,1436.2,30.0,50.5,6.91,1.19,Perfect Stamping Quality
TOYOTA-PR-1251,840.7,19.5,47.5,5.41,1.38,Perfect Stamping Quality
TOYOTA-PR-1252,1245.7,23.4,51.7,6.38,1.26,Perfect Stamping Quality
TOYOTA-PR-1253,2306.5,28.5,61.8,7.37,1.16,Perfect Stamping Quality
TOYOTA-PR-1254,2308.6,14.3,64.1,8.16,1.46,Sheet Metal Micro-Tear Risk
TOYOTA-PR-1255,1016.3,31.4,49.7,5.99,1.42,Perfect Stamping Quality
TOYOTA-PR-1256,1905.1,24.1,54.9,7.41,1.15,Perfect Stamping Quality
TOYOTA-PR-1257,1527.8,30.7,49.9,6.96,1.34,Perfect Stamping Quality
TOYOTA-PR-1258,992.2,18.4,44.0,6.0,1.48,Perfect Stamping Quality
TOYOTA-PR-1259,862.5,19.2,46.6,5.95,1.1,Perfect Stamping Quality
TOYOTA-PR-1260,2237.2,20.5,57.4,6.71,1.38,Perfect Stamping Quality
TOYOTA-PR-1261,1605.8,22.5,58.4,6.35,1.32,Perfect Stamping Quality
TOYOTA-PR-1262,1872.7,17.1,51.9,7.1,1.33,Perfect Stamping Quality
TOYOTA-PR-1263,1153.8,24.0,50.1,5.76,1.32,Perfect Stamping Quality
TOYOTA-PR-1264,1566.7,21.1,50.3,6.25,1.4,Perfect Stamping Quality
TOYOTA-PR-1265,1286.4,18.7,46.3,6.15,1.32,Perfect Stamping Quality
TOYOTA-PR-1266,1701.2,16.9,51.2,6.67,1.34,Perfect Stamping Quality
TOYOTA-PR-1267,1717.8,26.5,55.4,7.26,1.39,Perfect Stamping Quality
TOYOTA-PR-1268,2304.8,24.5,56.6,7.29,1.3,Perfect Stamping Quality
TOYOTA-PR-1269,1869.8,21.1,52.2,7.55,1.39,Sheet Metal Micro-Tear Risk
TOYOTA-PR-1270,1268.7,15.2,50.2,6.35,1.4,Perfect Stamping Quality
TOYOTA-PR-1271,2291.1,31.2,61.2,7.57,1.56,Sheet Metal Micro-Tear Risk
TOYOTA-PR-1272,2181.8,15.0,56.3,6.95,1.35,Perfect Stamping Quality
TOYOTA-PR-1273,2183.5,18.3,54.4,7.85,1.37,Sheet Metal Micro-Tear Risk
TOYOTA-PR-1274,1216.2,27.5,54.8,6.82,1.21,Perfect Stamping Quality
TOYOTA-PR-1275,2258.6,15.2,58.0,7.68,1.45,Sheet Metal Micro-Tear Risk
TOYOTA-PR-1276,2026.5,26.3,52.1,7.16,1.31,Perfect Stamping Quality
TOYOTA-PR-1277,1262.0,27.7,48.0,6.26,1.64,Perfect Stamping Quality
TOYOTA-PR-1278,1859.7,24.6,51.4,6.7,1.18,Perfect Stamping Quality
TOYOTA-PR-1279,2168.3,15.9,57.2,7.2,1.43,Perfect Stamping Quality
TOYOTA-PR-1280,1807.4,30.1,52.7,7.25,1.65,Sheet Metal Micro-Tear Risk
TOYOTA-PR-1281,1390.1,28.0,48.2,6.43,1.15,Perfect Stamping Quality
TOYOTA-PR-1282,2159.9,20.4,57.5,8.2,1.5,Sheet Metal Micro-Tear Risk
TOYOTA-PR-1283,838.1,21.7,45.8,5.21,1.55,Perfect Stamping Quality
TOYOTA-PR-1284,1885.6,14.9,55.0,7.23,1.28,Perfect Stamping Quality
TOYOTA-PR-1285,1287.7,16.4,49.2,5.84,1.38,Perfect Stamping Quality
TOYOTA-PR-1286,2120.3,21.9,61.1,7.78,1.57,Sheet Metal Micro-Tear Risk
TOYOTA-PR-1287,2306.6,30.9,58.7,7.35,1.47,Perfect Stamping Quality
TOYOTA-PR-1288,1839.6,18.5,55.0,7.18,1.52,Perfect Stamping Quality
TOYOTA-PR-1289,1220.4,17.4,45.1,5.69,1.21,Perfect Stamping Quality
TOYOTA-PR-1290,808.2,30.6,40.5,5.29,1.11,Perfect Stamping Quality
TOYOTA-PR-1291,1821.4,30.9,52.9,7.11,1.36,Perfect Stamping Quality
TOYOTA-PR-1292,1983.7,31.3,55.0,7.68,1.28,Sheet Metal Micro-Tear Risk
TOYOTA-PR-1293,1196.5,24.5,51.5,6.5,1.47,Perfect Stamping Quality
TOYOTA-PR-1294,1038.5,30.0,48.2,5.74,1.51,Perfect Stamping Quality
TOYOTA-PR-1295,2008.5,24.9,56.3,7.32,1.54,Perfect Stamping Quality
TOYOTA-PR-1296,2041.2,15.5,52.7,7.35,1.2,Perfect Stamping Quality
TOYOTA-PR-1297,1166.2,30.2,49.9,6.18,1.22,Perfect Stamping Quality
TOYOTA-PR-1298,2035.8,26.9,66.2,7.65,1.62,Sheet Metal Micro-Tear Risk
TOYOTA-PR-1299,1700.0,30.4,47.8,7.1,1.38,Perfect Stamping Quality
TOYOTA-PR-1300,1106.0,18.0,50.4,5.4,1.37,Perfect Stamping Quality
TOYOTA-PR-1301,1339.1,21.9,48.1,6.67,1.19,Perfect Stamping Quality
TOYOTA-PR-1302,1399.3,28.7,49.0,6.78,1.45,Perfect Stamping Quality
TOYOTA-PR-1303,1830.7,19.7,55.4,6.7,1.46,Perfect Stamping Quality
TOYOTA-PR-1304,2321.2,24.0,58.2,8.28,1.3,Sheet Metal Micro-Tear Risk
TOYOTA-PR-1305,1450.5,18.9,50.5,6.27,0.98,Perfect Stamping Quality
TOYOTA-PR-1306,1930.6,31.0,53.0,6.93,1.4,Perfect Stamping Quality
TOYOTA-PR-1307,2337.9,14.9,62.1,7.78,1.46,Sheet Metal Micro-Tear Risk
TOYOTA-PR-1308,803.0,19.6,45.0,5.43,1.2,Perfect Stamping Quality
TOYOTA-PR-1309,2011.9,18.3,57.1,6.94,1.51,Perfect Stamping Quality
TOYOTA-PR-1310,1113.5,25.2,51.1,6.97,1.25,Perfect Stamping Quality
TOYOTA-PR-1311,891.9,20.0,48.9,5.85,1.18,Perfect Stamping Quality
TOYOTA-PR-1312,1344.8,27.7,52.6,6.71,1.43,Perfect Stamping Quality
TOYOTA-PR-1313,1902.7,19.9,54.8,6.84,1.53,Perfect Stamping Quality
TOYOTA-PR-1314,1314.1,14.9,49.5,6.56,1.41,Perfect Stamping Quality
TOYOTA-PR-1315,1337.5,15.3,50.8,6.05,1.41,Perfect Stamping Quality
TOYOTA-PR-1316,2172.1,23.0,55.8,7.8,1.49,Sheet Metal Micro-Tear Risk
TOYOTA-PR-1317,1947.7,15.7,58.3,7.33,1.54,Perfect Stamping Quality
TOYOTA-PR-1318,1096.2,31.8,48.1,6.01,1.3,Perfect Stamping Quality
TOYOTA-PR-1319,2004.7,28.5,59.2,7.38,1.36,Perfect Stamping Quality
TOYOTA-PR-1320,2387.5,28.1,64.7,8.09,1.38,Sheet Metal Micro-Tear Risk
TOYOTA-PR-1321,1569.0,29.0,54.0,6.84,1.45,Perfect Stamping Quality
TOYOTA-PR-1322,1629.4,24.3,55.9,6.5,1.32,Perfect Stamping Quality
TOYOTA-PR-1323,1678.5,22.2,57.9,6.62,1.08,Perfect Stamping Quality
TOYOTA-PR-1324,1604.1,20.9,50.4,6.75,1.28,Perfect Stamping Quality
TOYOTA-PR-1325,2083.3,30.1,61.5,7.63,1.36,Sheet Metal Micro-Tear Risk
TOYOTA-PR-1326,1120.7,25.9,53.8,5.46,1.25,Perfect Stamping Quality
TOYOTA-PR-1327,2309.1,22.2,61.0,7.93,1.27,Sheet Metal Micro-Tear Risk
TOYOTA-PR-1328,1174.9,21.9,44.9,6.46,1.09,Perfect Stamping Quality
TOYOTA-PR-1329,1404.9,21.6,54.7,6.25,1.25,Perfect Stamping Quality
TOYOTA-PR-1330,2190.0,16.0,60.8,6.89,1.47,Perfect Stamping Quality
TOYOTA-PR-1331,1720.2,21.9,60.6,6.56,1.56,Perfect Stamping Quality
TOYOTA-PR-1332,1495.5,16.7,53.6,6.93,1.01,Perfect Stamping Quality
TOYOTA-PR-1333,1150.4,19.8,52.7,5.78,1.33,Perfect Stamping Quality
TOYOTA-PR-1334,2152.0,17.9,55.7,7.7,1.28,Sheet Metal Micro-Tear Risk
TOYOTA-PR-1335,1807.3,16.7,54.2,6.72,1.29,Perfect Stamping Quality
TOYOTA-PR-1336,1534.0,16.5,52.5,6.38,1.61,Perfect Stamping Quality
TOYOTA-PR-1337,2111.7,31.5,51.5,7.33,1.02,Perfect Stamping Quality
TOYOTA-PR-1338,1028.8,28.3,46.4,5.77,1.32,Perfect Stamping Quality
TOYOTA-PR-1339,1456.4,18.7,50.8,5.93,1.62,Perfect Stamping Quality
TOYOTA-PR-1340,1173.3,14.3,56.1,5.77,1.13,Perfect Stamping Quality
TOYOTA-PR-1341,1398.9,18.3,52.7,6.54,1.46,Perfect Stamping Quality
TOYOTA-PR-1342,884.8,22.5,43.2,6.28,1.37,Perfect Stamping Quality
TOYOTA-PR-1343,1824.8,23.7,56.0,6.97,1.54,Perfect Stamping Quality
TOYOTA-PR-1344,1108.3,27.4,45.6,6.17,1.47,Perfect Stamping Quality
TOYOTA-PR-1345,2122.1,24.7,54.6,7.14,1.53,Perfect Stamping Quality
TOYOTA-PR-1346,2103.7,28.6,63.0,7.31,1.39,Perfect Stamping Quality
TOYOTA-PR-1347,1481.6,19.7,51.7,6.84,1.37,Perfect Stamping Quality
TOYOTA-PR-1348,1777.0,20.4,60.7,7.12,1.31,Perfect Stamping Quality
TOYOTA-PR-1349,1506.8,27.1,57.5,6.53,1.4,Perfect Stamping Quality
TOYOTA-PR-1350,2275.2,21.0,53.3,7.47,1.44,Perfect Stamping Quality
TOYOTA-PR-1351,2237.1,27.6,59.4,8.53,1.6,Sheet Metal Micro-Tear Risk
TOYOTA-PR-1352,1504.9,24.0,51.4,6.79,1.32,Perfect Stamping Quality
TOYOTA-PR-1353,2273.7,18.4,59.7,7.23,1.36,Perfect Stamping Quality
TOYOTA-PR-1354,1568.1,26.0,54.8,7.32,1.4,Perfect Stamping Quality
TOYOTA-PR-1355,1293.0,25.2,53.9,6.14,1.12,Perfect Stamping Quality
TOYOTA-PR-1356,1914.9,22.7,53.9,6.45,1.56,Perfect Stamping Quality
TOYOTA-PR-1357,1359.9,27.1,52.0,6.67,1.4,Perfect Stamping Quality
TOYOTA-PR-1358,1416.3,29.5,55.2,6.54,1.72,Sheet Metal Micro-Tear Risk
TOYOTA-PR-1359,1290.6,25.0,49.1,5.92,1.43,Perfect Stamping Quality
TOYOTA-PR-1360,2271.3,30.7,57.7,7.76,1.59,Sheet Metal Micro-Tear Risk
TOYOTA-PR-1361,2364.8,23.8,57.6,8.03,1.31,Sheet Metal Micro-Tear Risk
TOYOTA-PR-1362,2193.4,25.6,52.2,7.51,1.23,Sheet Metal Micro-Tear Risk
TOYOTA-PR-1363,1890.0,15.6,63.0,7.26,1.32,Perfect Stamping Quality
TOYOTA-PR-1364,1875.0,23.4,59.2,7.33,1.42,Perfect Stamping Quality
TOYOTA-PR-1365,999.7,17.7,49.7,6.21,1.45,Perfect Stamping Quality
TOYOTA-PR-1366,2300.2,26.9,58.9,8.06,1.44,Sheet Metal Micro-Tear Risk
TOYOTA-PR-1367,1188.9,30.0,44.4,6.38,1.33,Perfect Stamping Quality
TOYOTA-PR-1368,1948.6,20.3,54.0,6.7,1.29,Perfect Stamping Quality
TOYOTA-PR-1369,1264.5,32.0,53.4,6.21,1.14,Perfect Stamping Quality
TOYOTA-PR-1370,2195.8,22.5,63.7,7.9,1.31,Sheet Metal Micro-Tear Risk
TOYOTA-PR-1371,2107.0,27.1,55.0,7.05,1.49,Perfect Stamping Quality
TOYOTA-PR-1372,2277.6,17.4,59.1,7.82,1.46,Sheet Metal Micro-Tear Risk
TOYOTA-PR-1373,1084.3,28.2,47.8,5.24,1.46,Perfect Stamping Quality
TOYOTA-PR-1374,1207.3,15.3,46.1,5.6,1.07,Perfect Stamping Quality
TOYOTA-PR-1375,970.4,28.6,41.0,6.14,1.3,Perfect Stamping Quality
TOYOTA-PR-1376,1181.5,17.0,44.6,5.69,1.24,Perfect Stamping Quality
TOYOTA-PR-1377,1316.7,22.6,50.9,6.54,1.61,Perfect Stamping Quality
TOYOTA-PR-1378,2076.9,14.9,53.9,7.7,1.1,Sheet Metal Micro-Tear Risk
TOYOTA-PR-1379,2159.1,29.9,60.0,7.43,1.46,Perfect Stamping Quality
TOYOTA-PR-1380,1676.9,22.6,54.8,6.98,1.24,Perfect Stamping Quality
TOYOTA-PR-1381,2108.6,15.4,52.1,8.18,1.08,Sheet Metal Micro-Tear Risk
TOYOTA-PR-1382,951.9,17.8,44.4,5.22,1.51,Perfect Stamping Quality
TOYOTA-PR-1383,1587.2,29.5,53.6,6.95,1.24,Perfect Stamping Quality
TOYOTA-PR-1384,1567.6,26.4,50.5,5.97,1.44,Perfect Stamping Quality
TOYOTA-PR-1385,1304.1,24.0,48.9,6.52,1.41,Perfect Stamping Quality
TOYOTA-PR-1386,1908.8,23.3,58.5,7.49,1.19,Perfect Stamping Quality
TOYOTA-PR-1387,1765.0,17.0,56.4,6.81,1.46,Perfect Stamping Quality
TOYOTA-PR-1388,1038.3,30.2,46.7,5.89,1.53,Perfect Stamping Quality
TOYOTA-PR-1389,1858.7,17.8,51.8,7.07,1.57,Perfect Stamping Quality
TOYOTA-PR-1390,2174.6,21.7,59.5,7.92,1.36,Sheet Metal Micro-Tear Risk
TOYOTA-PR-1391,1557.0,15.1,53.5,6.78,1.4,Perfect Stamping Quality
TOYOTA-PR-1392,1803.7,24.9,50.7,6.73,1.4,Perfect Stamping Quality
TOYOTA-PR-1393,1863.9,18.2,59.5,7.21,1.3,Perfect Stamping Quality
TOYOTA-PR-1394,2134.9,18.1,54.6,7.9,1.35,Sheet Metal Micro-Tear Risk
TOYOTA-PR-1395,1440.8,14.6,52.8,6.44,1.37,Perfect Stamping Quality
TOYOTA-PR-1396,1321.8,23.0,47.7,6.64,1.37,Perfect Stamping Quality
TOYOTA-PR-1397,1217.9,19.8,50.6,5.78,1.18,Perfect Stamping Quality
TOYOTA-PR-1398,1042.8,14.4,48.8,5.35,1.53,Perfect Stamping Quality
TOYOTA-PR-1399,2252.9,24.7,58.1,8.03,1.15,Sheet Metal Micro-Tear Risk
TOYOTA-PR-1400,1582.9,26.5,50.5,6.67,1.38,Perfect Stamping Quality
TOYOTA-PR-1401,2217.7,26.4,61.1,7.84,1.28,Sheet Metal Micro-Tear Risk
TOYOTA-PR-1402,978.8,20.0,47.2,5.13,1.47,Perfect Stamping Quality
TOYOTA-PR-1403,1315.0,17.6,51.6,6.84,1.08,Perfect Stamping Quality
TOYOTA-PR-1404,2295.6,22.6,56.5,8.3,1.46,Sheet Metal Micro-Tear Risk
TOYOTA-PR-1405,2391.3,28.1,61.4,8.2,1.45,Sheet Metal Micro-Tear Risk
TOYOTA-PR-1406,1368.0,15.5,53.6,6.13,1.55,Perfect Stamping Quality
TOYOTA-PR-1407,2107.6,17.4,59.6,7.97,1.41,Sheet Metal Micro-Tear Risk
TOYOTA-PR-1408,1052.5,24.8,47.0,6.01,1.18,Perfect Stamping Quality
TOYOTA-PR-1409,1464.8,16.6,57.8,6.61,1.15,Perfect Stamping Quality
TOYOTA-PR-1410,2372.9,14.4,60.7,8.2,1.52,Sheet Metal Micro-Tear Risk
TOYOTA-PR-1411,835.4,26.4,45.9,5.03,1.21,Perfect Stamping Quality
TOYOTA-PR-1412,1066.6,15.7,48.0,5.77,1.13,Perfect Stamping Quality
TOYOTA-PR-1413,1215.8,27.1,52.1,6.46,1.35,Perfect Stamping Quality
TOYOTA-PR-1414,1064.9,25.7,43.0,5.46,1.15,Perfect Stamping Quality
TOYOTA-PR-1415,2379.6,29.0,63.0,8.41,1.31,Sheet Metal Micro-Tear Risk
TOYOTA-PR-1416,1793.7,21.1,53.0,6.93,1.35,Perfect Stamping Quality
TOYOTA-PR-1417,1300.1,26.2,49.5,6.24,1.26,Perfect Stamping Quality
TOYOTA-PR-1418,2202.8,15.1,57.6,7.27,1.6,Perfect Stamping Quality
TOYOTA-PR-1419,1097.0,27.4,47.6,7.19,1.1,Perfect Stamping Quality
TOYOTA-PR-1420,1422.3,30.4,43.0,6.25,1.07,Perfect Stamping Quality
TOYOTA-PR-1421,843.4,23.6,45.5,5.1,1.62,Perfect Stamping Quality
TOYOTA-PR-1422,839.5,19.6,46.6,5.52,1.47,Perfect Stamping Quality
TOYOTA-PR-1423,851.4,31.1,46.8,5.75,1.25,Perfect Stamping Quality
TOYOTA-PR-1424,1431.5,24.1,55.4,6.6,1.37,Perfect Stamping Quality
TOYOTA-PR-1425,934.8,15.5,50.8,5.55,1.26,Perfect Stamping Quality
TOYOTA-PR-1426,845.0,21.9,50.6,5.17,1.32,Perfect Stamping Quality
TOYOTA-PR-1427,2220.7,29.8,55.7,7.87,1.65,Sheet Metal Micro-Tear Risk
TOYOTA-PR-1428,985.8,15.3,47.9,5.74,1.52,Perfect Stamping Quality
TOYOTA-PR-1429,1071.4,22.6,49.6,5.94,1.34,Perfect Stamping Quality
TOYOTA-PR-1430,919.2,21.3,44.2,5.48,1.52,Perfect Stamping Quality
TOYOTA-PR-1431,1596.3,22.6,51.2,6.76,1.02,Perfect Stamping Quality
TOYOTA-PR-1432,1152.1,22.1,45.2,6.06,1.26,Perfect Stamping Quality
TOYOTA-PR-1433,1291.3,14.4,43.6,6.15,1.62,Perfect Stamping Quality
TOYOTA-PR-1434,1163.3,17.5,49.2,5.97,1.43,Perfect Stamping Quality
TOYOTA-PR-1435,1366.4,31.7,50.7,5.47,1.26,Perfect Stamping Quality
TOYOTA-PR-1436,1897.6,25.2,58.2,7.52,1.33,Sheet Metal Micro-Tear Risk
TOYOTA-PR-1437,1847.2,22.7,53.1,7.75,1.48,Sheet Metal Micro-Tear Risk
TOYOTA-PR-1438,1104.6,26.9,43.9,6.0,1.32,Perfect Stamping Quality
TOYOTA-PR-1439,1237.4,20.5,51.3,5.83,1.48,Perfect Stamping Quality
TOYOTA-PR-1440,1373.2,19.0,52.6,5.35,1.25,Perfect Stamping Quality
TOYOTA-PR-1441,1336.8,31.7,50.5,6.49,1.36,Perfect Stamping Quality
TOYOTA-PR-1442,1989.3,21.5,53.5,7.33,1.4,Perfect Stamping Quality
TOYOTA-PR-1443,1555.1,25.7,52.2,7.26,1.26,Perfect Stamping Quality
TOYOTA-PR-1444,1455.0,17.1,51.0,6.36,1.38,Perfect Stamping Quality
TOYOTA-PR-1445,1375.3,27.5,47.2,6.96,1.45,Perfect Stamping Quality
TOYOTA-PR-1446,834.3,24.4,43.8,4.71,1.35,Perfect Stamping Quality
TOYOTA-PR-1447,2017.4,30.5,55.6,8.21,1.29,Sheet Metal Micro-Tear Risk
TOYOTA-PR-1448,2187.0,27.9,62.4,6.92,1.33,Perfect Stamping Quality
TOYOTA-PR-1449,1845.8,27.3,57.9,6.79,1.2,Perfect Stamping Quality
TOYOTA-PR-1450,2022.9,18.5,58.4,7.1,1.33,Perfect Stamping Quality
TOYOTA-PR-1451,2377.6,29.4,63.5,7.86,1.53,Sheet Metal Micro-Tear Risk
TOYOTA-PR-1452,2020.4,17.3,53.7,7.68,1.38,Sheet Metal Micro-Tear Risk
TOYOTA-PR-1453,1219.7,14.6,46.1,5.99,1.3,Perfect Stamping Quality
TOYOTA-PR-1454,2291.1,20.1,60.0,7.78,1.11,Sheet Metal Micro-Tear Risk
TOYOTA-PR-1455,1534.5,28.7,54.7,7.08,1.06,Perfect Stamping Quality
TOYOTA-PR-1456,1216.0,23.6,40.5,5.99,1.04,Perfect Stamping Quality
TOYOTA-PR-1457,1492.4,23.8,52.6,6.78,1.22,Perfect Stamping Quality
TOYOTA-PR-1458,1351.1,29.7,51.5,5.88,1.61,Perfect Stamping Quality
TOYOTA-PR-1459,2334.0,26.7,56.6,7.47,1.43,Perfect Stamping Quality
TOYOTA-PR-1460,1916.6,25.7,62.9,7.82,1.16,Sheet Metal Micro-Tear Risk
TOYOTA-PR-1461,1471.7,15.4,45.2,6.73,1.47,Perfect Stamping Quality
TOYOTA-PR-1462,857.8,15.8,44.4,5.9,1.22,Perfect Stamping Quality
TOYOTA-PR-1463,1649.1,17.7,49.2,6.86,1.32,Perfect Stamping Quality
TOYOTA-PR-1464,1268.3,23.1,50.6,6.42,1.12,Perfect Stamping Quality
TOYOTA-PR-1465,1338.3,19.2,49.0,5.47,1.44,Perfect Stamping Quality
TOYOTA-PR-1466,1211.0,28.5,53.1,6.86,1.02,Perfect Stamping Quality
TOYOTA-PR-1467,1279.8,27.4,47.5,5.92,1.5,Perfect Stamping Quality
TOYOTA-PR-1468,2069.9,16.8,61.7,7.14,1.3,Perfect Stamping Quality
TOYOTA-PR-1469,1178.1,20.0,48.2,5.98,1.45,Perfect Stamping Quality
TOYOTA-PR-1470,863.3,29.2,43.9,4.88,1.33,Perfect Stamping Quality
TOYOTA-PR-1471,2175.4,28.4,60.5,6.97,1.4,Perfect Stamping Quality
TOYOTA-PR-1472,2031.0,22.4,51.4,7.11,1.23,Perfect Stamping Quality
TOYOTA-PR-1473,1551.1,29.3,53.8,6.65,1.64,Perfect Stamping Quality
TOYOTA-PR-1474,1409.6,28.1,51.3,6.29,1.08,Perfect Stamping Quality
TOYOTA-PR-1475,2383.8,17.4,57.4,7.19,1.76,Sheet Metal Micro-Tear Risk
TOYOTA-PR-1476,2296.2,26.3,53.6,7.61,1.24,Sheet Metal Micro-Tear Risk
TOYOTA-PR-1477,2340.4,27.2,58.5,7.75,1.38,Sheet Metal Micro-Tear Risk
TOYOTA-PR-1478,2107.9,30.4,58.3,7.16,1.35,Perfect Stamping Quality
TOYOTA-PR-1479,2346.1,30.5,60.7,8.39,1.42,Sheet Metal Micro-Tear Risk
TOYOTA-PR-1480,1275.8,20.5,48.8,6.39,1.4,Perfect Stamping Quality
TOYOTA-PR-1481,2022.2,18.2,53.9,8.12,1.26,Sheet Metal Micro-Tear Risk
TOYOTA-PR-1482,1880.8,25.4,61.6,7.33,1.41,Perfect Stamping Quality
TOYOTA-PR-1483,2321.9,16.8,59.0,7.69,1.47,Sheet Metal Micro-Tear Risk
TOYOTA-PR-1484,2398.4,18.5,60.5,7.62,1.42,Sheet Metal Micro-Tear Risk
TOYOTA-PR-1485,1841.0,21.6,55.6,7.08,1.47,Perfect Stamping Quality
TOYOTA-PR-1486,1932.3,21.1,54.1,7.06,1.17,Perfect Stamping Quality
TOYOTA-PR-1487,1395.3,19.8,54.5,5.69,1.51,Perfect Stamping Quality
TOYOTA-PR-1488,2104.0,30.5,48.5,8.26,1.24,Sheet Metal Micro-Tear Risk
TOYOTA-PR-1489,2047.9,28.2,60.0,7.37,1.37,Perfect Stamping Quality
TOYOTA-PR-1490,1310.5,14.7,50.5,5.95,1.62,Perfect Stamping Quality
TOYOTA-PR-1491,1098.3,28.5,44.6,6.44,1.22,Perfect Stamping Quality
TOYOTA-PR-1492,2386.0,27.2,57.5,8.17,1.13,Sheet Metal Micro-Tear Risk
TOYOTA-PR-1493,1337.6,31.2,50.8,6.48,1.32,Perfect Stamping Quality
TOYOTA-PR-1494,1220.5,27.5,47.0,5.52,1.63,Perfect Stamping Quality
TOYOTA-PR-1495,2045.7,18.0,58.5,7.1,1.48,Perfect Stamping Quality
TOYOTA-PR-1496,1096.5,28.8,45.6,6.22,0.91,Perfect Stamping Quality
TOYOTA-PR-1497,1242.5,30.3,49.6,6.42,1.34,Perfect Stamping Quality
TOYOTA-PR-1498,1610.0,17.2,55.6,6.44,1.7,Sheet Metal Micro-Tear Risk
TOYOTA-PR-1499,2236.2,15.8,61.0,7.83,1.41,Sheet Metal Micro-Tear Risk
TOYOTA-PR-1500,1912.2,18.7,53.2,6.96,1.28,Perfect Stamping Quality
TOYOTA-PR-1501,1770.8,27.6,56.5,7.22,1.56,Perfect Stamping Quality
TOYOTA-PR-1502,900.5,24.5,48.2,5.06,1.33,Perfect Stamping Quality
TOYOTA-PR-1503,1140.3,21.1,47.6,6.01,1.78,Sheet Metal Micro-Tear Risk
TOYOTA-PR-1504,1574.9,22.8,52.8,6.72,1.52,Perfect Stamping Quality
TOYOTA-PR-1505,878.0,28.9,53.2,5.68,1.27,Perfect Stamping Quality
TOYOTA-PR-1506,1241.1,26.5,47.8,6.81,1.25,Perfect Stamping Quality
TOYOTA-PR-1507,2110.8,19.8,56.7,8.01,1.67,Sheet Metal Micro-Tear Risk
TOYOTA-PR-1508,2394.3,18.4,64.9,7.96,1.68,Sheet Metal Micro-Tear Risk
TOYOTA-PR-1509,1706.4,29.3,54.3,6.02,0.93,Perfect Stamping Quality
TOYOTA-PR-1510,1446.8,30.5,56.4,6.09,1.25,Perfect Stamping Quality
TOYOTA-PR-1511,1887.3,23.9,57.8,7.28,1.37,Perfect Stamping Quality
TOYOTA-PR-1512,2117.7,20.1,54.5,7.55,1.47,Sheet Metal Micro-Tear Risk
TOYOTA-PR-1513,1847.8,24.8,56.9,8.08,1.24,Sheet Metal Micro-Tear Risk
TOYOTA-PR-1514,1294.9,20.7,53.5,5.84,1.62,Perfect Stamping Quality
TOYOTA-PR-1515,994.4,20.1,43.1,5.66,1.28,Perfect Stamping Quality
TOYOTA-PR-1516,1660.1,27.5,53.7,7.41,1.57,Perfect Stamping Quality
TOYOTA-PR-1517,1779.9,21.8,55.7,7.44,1.55,Perfect Stamping Quality
TOYOTA-PR-1518,1648.3,14.2,52.2,7.48,1.4,Perfect Stamping Quality
TOYOTA-PR-1519,1083.3,19.5,47.3,6.77,1.57,Perfect Stamping Quality
TOYOTA-PR-1520,2073.0,17.1,58.6,7.04,1.55,Perfect Stamping Quality
TOYOTA-PR-1521,1997.0,14.2,54.4,7.69,1.34,Sheet Metal Micro-Tear Risk
TOYOTA-PR-1522,1310.3,18.1,53.4,6.87,1.15,Perfect Stamping Quality
TOYOTA-PR-1523,1730.0,23.4,53.4,6.51,1.43,Perfect Stamping Quality
TOYOTA-PR-1524,1501.3,24.1,54.8,6.46,0.92,Perfect Stamping Quality
TOYOTA-PR-1525,912.9,17.1,43.8,6.3,1.49,Perfect Stamping Quality
TOYOTA-PR-1526,1624.9,23.3,47.5,6.6,1.42,Perfect Stamping Quality
TOYOTA-PR-1527,1471.6,17.7,46.9,6.51,1.3,Perfect Stamping Quality
TOYOTA-PR-1528,2080.0,28.7,56.1,7.74,1.41,Sheet Metal Micro-Tear Risk
TOYOTA-PR-1529,2083.1,20.3,57.6,7.41,1.33,Perfect Stamping Quality
TOYOTA-PR-1530,1872.1,20.8,50.5,7.37,1.24,Perfect Stamping Quality
TOYOTA-PR-1531,1115.3,30.8,47.4,6.25,1.09,Perfect Stamping Quality
TOYOTA-PR-1532,1974.1,29.0,55.3,8.3,1.51,Sheet Metal Micro-Tear Risk
TOYOTA-PR-1533,2158.0,22.2,60.2,8.16,1.37,Sheet Metal Micro-Tear Risk
TOYOTA-PR-1534,1040.9,17.6,49.1,6.09,1.36,Perfect Stamping Quality
TOYOTA-PR-1535,2190.4,28.5,54.4,7.95,1.51,Sheet Metal Micro-Tear Risk
TOYOTA-PR-1536,2276.8,14.4,54.8,7.89,1.1,Sheet Metal Micro-Tear Risk
TOYOTA-PR-1537,2061.0,15.7,52.0,7.87,1.39,Sheet Metal Micro-Tear Risk
TOYOTA-PR-1538,2062.5,21.7,61.4,7.2,1.47,Perfect Stamping Quality
TOYOTA-PR-1539,1655.8,29.3,51.3,6.63,1.7,Sheet Metal Micro-Tear Risk
TOYOTA-PR-1540,1638.6,27.3,56.1,6.42,1.43,Perfect Stamping Quality
TOYOTA-PR-1541,1666.5,24.6,55.9,6.58,1.28,Perfect Stamping Quality
TOYOTA-PR-1542,1680.9,18.7,54.4,6.53,1.45,Perfect Stamping Quality
TOYOTA-PR-1543,1695.2,23.3,54.2,6.71,1.48,Perfect Stamping Quality
TOYOTA-PR-1544,2151.0,25.0,59.8,8.0,1.37,Sheet Metal Micro-Tear Risk
TOYOTA-PR-1545,1526.9,17.3,52.2,6.24,1.2,Perfect Stamping Quality
TOYOTA-PR-1546,2235.1,29.6,57.6,7.75,1.3,Sheet Metal Micro-Tear Risk
TOYOTA-PR-1547,842.4,16.9,46.0,5.27,1.41,Perfect Stamping Quality
TOYOTA-PR-1548,1760.2,16.3,57.5,7.15,1.4,Perfect Stamping Quality
TOYOTA-PR-1549,2005.8,14.2,61.3,6.93,1.73,Sheet Metal Micro-Tear Risk
TOYOTA-PR-1550,1532.4,19.0,51.4,7.02,1.49,Perfect Stamping Quality
TOYOTA-PR-1551,2122.3,25.4,57.4,7.56,1.48,Sheet Metal Micro-Tear Risk
TOYOTA-PR-1552,1142.5,20.8,51.9,6.72,1.32,Perfect Stamping Quality
TOYOTA-PR-1553,1798.8,31.3,53.0,7.09,1.55,Perfect Stamping Quality
TOYOTA-PR-1554,2209.5,21.5,54.0,7.46,1.24,Perfect Stamping Quality
TOYOTA-PR-1555,1841.4,15.7,50.2,6.82,1.42,Perfect Stamping Quality
TOYOTA-PR-1556,1775.0,25.7,47.5,7.65,1.02,Sheet Metal Micro-Tear Risk
TOYOTA-PR-1557,1283.2,23.3,47.2,6.3,1.44,Perfect Stamping Quality
TOYOTA-PR-1558,2344.9,26.1,60.8,8.26,1.58,Sheet Metal Micro-Tear Risk
TOYOTA-PR-1559,1656.0,14.3,57.2,6.99,1.33,Perfect Stamping Quality
TOYOTA-PR-1560,1387.2,19.7,46.3,6.46,1.28,Perfect Stamping Quality
TOYOTA-PR-1561,1201.7,22.0,50.5,5.29,1.17,Perfect Stamping Quality
TOYOTA-PR-1562,1957.8,31.6,57.5,6.67,1.23,Perfect Stamping Quality
TOYOTA-PR-1563,1545.5,18.9,45.4,6.34,1.29,Perfect Stamping Quality
TOYOTA-PR-1564,2100.9,20.9,55.2,7.62,1.34,Sheet Metal Micro-Tear Risk
TOYOTA-PR-1565,1871.8,25.3,50.1,8.0,1.4,Sheet Metal Micro-Tear Risk
TOYOTA-PR-1566,935.8,17.1,51.1,5.2,1.32,Perfect Stamping Quality
TOYOTA-PR-1567,2142.1,28.3,54.9,7.29,1.21,Perfect Stamping Quality
TOYOTA-PR-1568,942.0,21.3,44.8,5.7,1.4,Perfect Stamping Quality
TOYOTA-PR-1569,1121.0,20.0,51.2,5.64,1.3,Perfect Stamping Quality
TOYOTA-PR-1570,2285.9,21.4,54.5,6.88,1.66,Sheet Metal Micro-Tear Risk
TOYOTA-PR-1571,931.3,14.9,45.1,4.95,1.51,Perfect Stamping Quality
TOYOTA-PR-1572,2148.1,18.4,59.3,7.2,1.43,Perfect Stamping Quality
TOYOTA-PR-1573,1318.5,15.2,53.6,6.21,1.18,Perfect Stamping Quality
TOYOTA-PR-1574,1411.6,26.9,49.2,6.16,1.38,Perfect Stamping Quality
TOYOTA-PR-1575,1793.6,21.5,54.5,7.69,1.3,Sheet Metal Micro-Tear Risk
TOYOTA-PR-1576,1813.1,18.6,53.2,7.67,1.57,Sheet Metal Micro-Tear Risk
TOYOTA-PR-1577,1480.0,14.1,47.8,6.9,1.26,Perfect Stamping Quality
TOYOTA-PR-1578,2174.3,24.1,55.9,7.85,1.06,Sheet Metal Micro-Tear Risk
TOYOTA-PR-1579,1231.4,30.6,45.6,6.45,1.67,Sheet Metal Micro-Tear Risk
TOYOTA-PR-1580,1668.3,29.8,55.4,7.2,1.37,Perfect Stamping Quality
TOYOTA-PR-1581,2052.2,29.6,56.2,7.71,1.67,Sheet Metal Micro-Tear Risk
TOYOTA-PR-1582,1028.8,24.5,49.1,5.71,1.26,Perfect Stamping Quality
TOYOTA-PR-1583,2232.5,30.4,62.1,7.39,1.79,Sheet Metal Micro-Tear Risk
TOYOTA-PR-1584,2348.2,26.7,56.7,7.62,1.45,Sheet Metal Micro-Tear Risk
TOYOTA-PR-1585,1787.4,18.5,51.5,6.96,1.1,Perfect Stamping Quality
TOYOTA-PR-1586,2072.2,31.5,53.0,7.66,1.81,Sheet Metal Micro-Tear Risk
TOYOTA-PR-1587,2165.2,19.6,55.9,7.91,1.47,Sheet Metal Micro-Tear Risk
TOYOTA-PR-1588,2359.6,31.6,68.1,7.81,1.56,Sheet Metal Micro-Tear Risk
TOYOTA-PR-1589,1274.3,18.0,54.4,5.73,1.3,Perfect Stamping Quality
TOYOTA-PR-1590,1038.7,26.6,43.0,5.75,1.17,Perfect Stamping Quality
TOYOTA-PR-1591,877.7,27.6,47.6,5.7,1.07,Perfect Stamping Quality
TOYOTA-PR-1592,845.0,32.0,47.2,5.41,1.1,Perfect Stamping Quality
TOYOTA-PR-1593,1573.0,20.4,50.1,6.59,1.44,Perfect Stamping Quality
TOYOTA-PR-1594,2021.3,17.5,54.2,7.31,1.34,Perfect Stamping Quality
TOYOTA-PR-1595,1874.3,28.5,57.1,7.42,1.47,Perfect Stamping Quality
TOYOTA-PR-1596,2320.2,25.4,57.5,8.07,1.56,Sheet Metal Micro-Tear Risk
TOYOTA-PR-1597,1462.5,22.2,53.9,6.31,1.25,Perfect Stamping Quality
TOYOTA-PR-1598,1999.8,27.6,54.9,7.29,1.36,Perfect Stamping Quality
TOYOTA-PR-1599,1638.9,14.9,51.6,6.57,1.5,Perfect Stamping Quality
TOYOTA-PR-1600,1065.8,22.1,47.8,5.46,1.19,Perfect Stamping Quality
TOYOTA-PR-1601,2273.1,30.6,60.0,7.58,1.49,Sheet Metal Micro-Tear Risk
TOYOTA-PR-1602,1990.4,29.9,57.2,7.75,1.44,Sheet Metal Micro-Tear Risk
TOYOTA-PR-1603,2137.4,21.0,58.8,8.51,1.66,Sheet Metal Micro-Tear Risk
TOYOTA-PR-1604,1387.8,28.6,49.9,6.22,1.41,Perfect Stamping Quality
TOYOTA-PR-1605,1283.2,17.4,49.9,6.13,1.64,Perfect Stamping Quality
TOYOTA-PR-1606,1034.9,15.2,43.0,5.94,1.85,Sheet Metal Micro-Tear Risk
TOYOTA-PR-1607,1768.3,25.7,55.5,6.53,1.47,Perfect Stamping Quality
TOYOTA-PR-1608,1255.4,30.3,51.0,5.84,1.01,Perfect Stamping Quality
TOYOTA-PR-1609,1223.0,24.5,55.2,6.5,1.59,Perfect Stamping Quality
TOYOTA-PR-1610,1168.6,23.8,43.4,6.53,1.44,Perfect Stamping Quality
TOYOTA-PR-1611,2387.5,25.6,58.1,8.49,1.28,Sheet Metal Micro-Tear Risk
TOYOTA-PR-1612,2261.6,30.0,53.1,7.73,1.55,Sheet Metal Micro-Tear Risk
TOYOTA-PR-1613,1401.3,24.2,49.1,6.52,1.14,Perfect Stamping Quality
TOYOTA-PR-1614,1884.9,31.3,57.1,6.49,1.48,Perfect Stamping Quality
TOYOTA-PR-1615,1207.2,28.4,50.7,6.31,1.41,Perfect Stamping Quality
TOYOTA-PR-1616,824.2,25.0,47.0,5.27,1.0,Perfect Stamping Quality
TOYOTA-PR-1617,822.5,31.7,45.6,4.59,1.0,Perfect Stamping Quality
TOYOTA-PR-1618,1134.3,25.0,53.3,6.32,1.3,Perfect Stamping Quality
TOYOTA-PR-1619,1455.4,22.9,53.9,6.39,1.6,Perfect Stamping Quality
TOYOTA-PR-1620,2028.9,23.0,57.4,6.98,1.56,Perfect Stamping Quality
TOYOTA-PR-1621,1735.4,14.7,50.2,6.61,1.43,Perfect Stamping Quality
TOYOTA-PR-1622,900.4,25.6,50.6,5.75,1.11,Perfect Stamping Quality
TOYOTA-PR-1623,2209.4,17.0,53.3,7.71,1.59,Sheet Metal Micro-Tear Risk
TOYOTA-PR-1624,2094.3,19.9,57.7,7.72,1.33,Sheet Metal Micro-Tear Risk
TOYOTA-PR-1625,1856.8,31.9,51.8,8.13,1.45,Sheet Metal Micro-Tear Risk
TOYOTA-PR-1626,914.4,31.2,42.2,5.67,1.2,Perfect Stamping Quality
TOYOTA-PR-1627,1040.9,14.8,47.2,5.53,1.34,Perfect Stamping Quality
TOYOTA-PR-1628,1715.4,23.1,50.5,7.23,1.58,Perfect Stamping Quality
TOYOTA-PR-1629,1134.1,24.1,47.0,6.69,1.3,Perfect Stamping Quality
TOYOTA-PR-1630,1041.7,25.9,46.1,5.85,1.23,Perfect Stamping Quality
TOYOTA-PR-1631,832.2,21.2,46.9,5.96,1.32,Perfect Stamping Quality
TOYOTA-PR-1632,2024.9,15.9,56.5,6.7,1.18,Perfect Stamping Quality
TOYOTA-PR-1633,1799.3,27.8,57.3,8.0,1.37,Sheet Metal Micro-Tear Risk
TOYOTA-PR-1634,2272.8,14.8,55.8,7.63,1.41,Sheet Metal Micro-Tear Risk
TOYOTA-PR-1635,1289.7,30.4,48.0,6.57,1.05,Perfect Stamping Quality
TOYOTA-PR-1636,1181.8,17.8,48.1,6.27,1.23,Perfect Stamping Quality
TOYOTA-PR-1637,2385.6,19.4,56.7,7.66,1.68,Sheet Metal Micro-Tear Risk
TOYOTA-PR-1638,2141.0,14.1,59.2,7.34,1.32,Perfect Stamping Quality
TOYOTA-PR-1639,1539.6,28.1,48.2,7.35,1.26,Perfect Stamping Quality
TOYOTA-PR-1640,811.4,31.4,44.5,5.01,1.19,Perfect Stamping Quality
TOYOTA-PR-1641,2227.1,31.6,57.6,7.96,1.59,Sheet Metal Micro-Tear Risk
TOYOTA-PR-1642,1956.1,19.0,54.8,7.1,1.55,Perfect Stamping Quality
TOYOTA-PR-1643,872.6,20.9,40.4,5.05,1.15,Perfect Stamping Quality
TOYOTA-PR-1644,1925.3,29.2,51.9,6.3,1.39,Perfect Stamping Quality
TOYOTA-PR-1645,1259.0,17.7,50.7,6.02,1.14,Perfect Stamping Quality
TOYOTA-PR-1646,1728.3,15.9,52.8,6.5,1.29,Perfect Stamping Quality
TOYOTA-PR-1647,1552.9,24.8,56.1,7.33,1.45,Perfect Stamping Quality
TOYOTA-PR-1648,2024.4,17.4,58.5,7.23,1.39,Perfect Stamping Quality
TOYOTA-PR-1649,2026.8,19.0,55.3,7.62,1.3,Sheet Metal Micro-Tear Risk
TOYOTA-PR-1650,2399.0,22.6,58.6,7.39,1.34,Perfect Stamping Quality
TOYOTA-PR-1651,2081.9,16.9,57.4,7.13,1.5,Perfect Stamping Quality
TOYOTA-PR-1652,1203.1,26.7,44.8,6.32,1.37,Perfect Stamping Quality
TOYOTA-PR-1653,1327.5,31.9,50.9,6.16,1.2,Perfect Stamping Quality
TOYOTA-PR-1654,1316.6,24.8,52.1,6.49,1.35,Perfect Stamping Quality
TOYOTA-PR-1655,1426.5,30.8,47.7,6.42,1.2,Perfect Stamping Quality
TOYOTA-PR-1656,1705.8,22.5,54.0,7.27,1.05,Perfect Stamping Quality
TOYOTA-PR-1657,1367.3,28.3,52.1,6.32,1.48,Perfect Stamping Quality
TOYOTA-PR-1658,1262.0,15.8,50.2,5.98,1.3,Perfect Stamping Quality
TOYOTA-PR-1659,1614.7,14.1,53.8,7.31,1.28,Perfect Stamping Quality
TOYOTA-PR-1660,1748.3,19.2,49.3,6.43,1.4,Perfect Stamping Quality
TOYOTA-PR-1661,1000.9,19.9,46.5,6.12,1.39,Perfect Stamping Quality
TOYOTA-PR-1662,1334.3,22.9,45.9,6.02,1.25,Perfect Stamping Quality
TOYOTA-PR-1663,1770.6,19.3,57.6,7.65,1.45,Sheet Metal Micro-Tear Risk
TOYOTA-PR-1664,1836.9,18.1,51.5,7.58,1.67,Sheet Metal Micro-Tear Risk
TOYOTA-PR-1665,814.0,31.1,48.3,6.06,1.21,Perfect Stamping Quality
TOYOTA-PR-1666,1006.8,17.9,47.0,5.96,1.22,Perfect Stamping Quality
TOYOTA-PR-1667,1537.8,22.2,48.8,6.14,1.09,Perfect Stamping Quality
TOYOTA-PR-1668,2292.2,14.4,58.3,8.25,1.27,Sheet Metal Micro-Tear Risk
TOYOTA-PR-1669,2068.1,24.1,56.7,7.39,1.33,Perfect Stamping Quality
TOYOTA-PR-1670,2244.7,23.9,57.2,8.25,1.44,Sheet Metal Micro-Tear Risk
TOYOTA-PR-1671,1349.6,26.6,48.4,5.93,1.4,Perfect Stamping Quality
TOYOTA-PR-1672,834.3,23.3,50.6,5.85,1.45,Perfect Stamping Quality
TOYOTA-PR-1673,1472.9,21.0,46.8,6.38,1.52,Perfect Stamping Quality
TOYOTA-PR-1674,2046.2,31.4,55.8,8.19,1.45,Sheet Metal Micro-Tear Risk
TOYOTA-PR-1675,1664.0,28.7,52.9,6.63,1.27,Perfect Stamping Quality
TOYOTA-PR-1676,1469.8,19.7,51.2,6.09,1.3,Perfect Stamping Quality
TOYOTA-PR-1677,1087.7,28.3,49.3,6.15,1.25,Perfect Stamping Quality
TOYOTA-PR-1678,930.9,29.8,41.3,5.25,1.41,Perfect Stamping Quality
TOYOTA-PR-1679,1950.1,28.1,50.0,6.65,1.26,Perfect Stamping Quality
TOYOTA-PR-1680,1464.6,26.7,45.6,7.21,1.38,Perfect Stamping Quality
TOYOTA-PR-1681,1288.2,31.6,44.9,5.52,1.26,Perfect Stamping Quality
TOYOTA-PR-1682,1419.6,29.1,47.7,6.91,1.0,Perfect Stamping Quality
TOYOTA-PR-1683,2211.5,31.8,56.7,7.33,1.25,Perfect Stamping Quality
TOYOTA-PR-1684,1172.4,29.9,48.9,6.29,1.48,Perfect Stamping Quality
TOYOTA-PR-1685,862.8,18.7,41.2,5.34,1.32,Perfect Stamping Quality
TOYOTA-PR-1686,2210.4,22.1,56.1,8.2,1.33,Sheet Metal Micro-Tear Risk
TOYOTA-PR-1687,2330.5,25.4,59.9,8.3,1.41,Sheet Metal Micro-Tear Risk
TOYOTA-PR-1688,1353.6,25.8,47.0,5.59,1.2,Perfect Stamping Quality
TOYOTA-PR-1689,1673.8,17.3,51.9,7.76,1.35,Sheet Metal Micro-Tear Risk
TOYOTA-PR-1690,897.5,20.5,46.2,5.0,1.28,Perfect Stamping Quality
TOYOTA-PR-1691,1890.1,31.7,51.6,7.41,1.69,Sheet Metal Micro-Tear Risk
TOYOTA-PR-1692,940.6,24.2,45.0,5.86,1.17,Perfect Stamping Quality
TOYOTA-PR-1693,2021.6,23.3,59.5,7.84,1.28,Sheet Metal Micro-Tear Risk
TOYOTA-PR-1694,1519.4,24.1,55.4,6.79,1.41,Perfect Stamping Quality
TOYOTA-PR-1695,1885.7,17.5,57.4,8.05,1.42,Sheet Metal Micro-Tear Risk
TOYOTA-PR-1696,1068.7,29.9,45.9,6.32,1.42,Perfect Stamping Quality
TOYOTA-PR-1697,1686.3,20.8,55.9,6.75,1.29,Perfect Stamping Quality
TOYOTA-PR-1698,1573.9,18.8,47.9,7.44,1.5,Perfect Stamping Quality
TOYOTA-PR-1699,1228.2,19.3,48.3,6.22,1.27,Perfect Stamping Quality
TOYOTA-PR-1700,2268.5,24.3,60.3,7.4,1.37,Perfect Stamping Quality
TOYOTA-PR-1701,876.5,17.9,51.5,6.24,1.44,Perfect Stamping Quality
TOYOTA-PR-1702,1679.1,22.6,49.2,6.15,1.12,Perfect Stamping Quality
TOYOTA-PR-1703,1548.8,18.9,49.4,6.56,0.91,Perfect Stamping Quality
TOYOTA-PR-1704,1399.7,26.7,53.2,6.67,1.1,Perfect Stamping Quality
TOYOTA-PR-1705,1360.0,27.8,46.2,7.03,1.52,Perfect Stamping Quality
TOYOTA-PR-1706,1576.1,15.5,46.5,7.17,1.28,Perfect Stamping Quality
TOYOTA-PR-1707,1793.4,19.7,50.1,7.0,1.45,Perfect Stamping Quality
TOYOTA-PR-1708,991.8,15.1,47.7,6.07,1.2,Perfect Stamping Quality
TOYOTA-PR-1709,1030.8,21.4,49.6,5.38,1.24,Perfect Stamping Quality
TOYOTA-PR-1710,1655.2,21.3,58.1,6.69,1.27,Perfect Stamping Quality
TOYOTA-PR-1711,1363.1,30.6,51.3,6.48,1.27,Perfect Stamping Quality
TOYOTA-PR-1712,1517.8,23.9,53.5,6.85,1.41,Perfect Stamping Quality
TOYOTA-PR-1713,1742.8,27.2,49.5,6.29,1.2,Perfect Stamping Quality
TOYOTA-PR-1714,1050.2,26.6,47.3,6.35,1.47,Perfect Stamping Quality
TOYOTA-PR-1715,822.2,21.6,50.5,5.48,1.62,Perfect Stamping Quality
TOYOTA-PR-1716,886.7,25.2,44.2,5.37,1.17,Perfect Stamping Quality
TOYOTA-PR-1717,1862.7,18.7,57.4,7.35,1.23,Perfect Stamping Quality
TOYOTA-PR-1718,1645.5,23.7,51.2,6.61,1.6,Perfect Stamping Quality
TOYOTA-PR-1719,2089.4,17.2,58.2,7.35,1.46,Perfect Stamping Quality
TOYOTA-PR-1720,1870.5,18.0,53.3,8.32,1.49,Sheet Metal Micro-Tear Risk
TOYOTA-PR-1721,2062.5,18.7,57.4,7.23,1.51,Perfect Stamping Quality
TOYOTA-PR-1722,1707.7,17.7,53.5,6.98,1.14,Perfect Stamping Quality
TOYOTA-PR-1723,2283.0,24.2,55.6,7.69,1.3,Sheet Metal Micro-Tear Risk
TOYOTA-PR-1724,1581.8,30.5,55.0,6.61,1.35,Perfect Stamping Quality
TOYOTA-PR-1725,1416.6,23.0,55.9,6.35,1.3,Perfect Stamping Quality
TOYOTA-PR-1726,904.4,14.6,45.2,5.16,1.19,Perfect Stamping Quality
TOYOTA-PR-1727,1985.9,21.8,60.6,7.74,1.3,Sheet Metal Micro-Tear Risk
TOYOTA-PR-1728,2009.3,14.2,58.1,6.71,1.56,Perfect Stamping Quality
TOYOTA-PR-1729,2342.5,29.5,60.3,7.99,1.62,Sheet Metal Micro-Tear Risk
TOYOTA-PR-1730,1718.7,31.6,57.0,7.31,1.36,Perfect Stamping Quality
TOYOTA-PR-1731,1322.0,26.6,51.5,5.99,1.54,Perfect Stamping Quality
TOYOTA-PR-1732,1474.8,17.7,49.1,6.53,1.4,Perfect Stamping Quality
TOYOTA-PR-1733,2366.8,17.4,59.5,7.84,1.47,Sheet Metal Micro-Tear Risk
TOYOTA-PR-1734,1588.6,17.3,54.9,6.64,1.44,Perfect Stamping Quality
TOYOTA-PR-1735,1458.0,24.5,54.1,6.34,1.29,Perfect Stamping Quality
TOYOTA-PR-1736,1959.5,26.0,57.5,6.93,1.63,Perfect Stamping Quality
TOYOTA-PR-1737,1716.8,17.1,54.8,6.15,1.5,Perfect Stamping Quality
TOYOTA-PR-1738,1401.6,28.9,48.1,6.69,1.15,Perfect Stamping Quality
TOYOTA-PR-1739,1650.1,16.9,48.8,7.48,1.29,Perfect Stamping Quality
TOYOTA-PR-1740,889.9,28.2,45.6,5.97,1.6,Perfect Stamping Quality
TOYOTA-PR-1741,1353.3,14.8,56.2,6.62,1.33,Perfect Stamping Quality
TOYOTA-PR-1742,1336.3,16.0,47.3,6.59,1.16,Perfect Stamping Quality
TOYOTA-PR-1743,1066.3,18.7,45.3,6.23,1.29,Perfect Stamping Quality
TOYOTA-PR-1744,2321.4,26.3,64.7,7.64,1.34,Sheet Metal Micro-Tear Risk
TOYOTA-PR-1745,1149.1,28.8,51.7,5.48,1.15,Perfect Stamping Quality
TOYOTA-PR-1746,1498.8,30.0,48.0,6.56,1.02,Perfect Stamping Quality
TOYOTA-PR-1747,2002.2,30.4,57.5,7.27,1.44,Perfect Stamping Quality
TOYOTA-PR-1748,1200.2,27.7,44.5,6.34,1.29,Perfect Stamping Quality
TOYOTA-PR-1749,1273.6,23.4,51.3,7.56,1.43,Sheet Metal Micro-Tear Risk
TOYOTA-PR-1750,2101.8,30.4,56.2,6.92,1.51,Perfect Stamping Quality
TOYOTA-PR-1751,1694.9,25.5,46.5,7.21,1.22,Perfect Stamping Quality
TOYOTA-PR-1752,1059.6,19.5,44.0,5.81,1.43,Perfect Stamping Quality
TOYOTA-PR-1753,1075.2,20.2,46.9,5.79,1.35,Perfect Stamping Quality
TOYOTA-PR-1754,881.6,14.3,45.9,4.64,1.35,Perfect Stamping Quality
TOYOTA-PR-1755,1906.2,14.4,58.4,7.44,1.4,Perfect Stamping Quality
TOYOTA-PR-1756,1204.7,28.0,48.0,6.61,1.29,Perfect Stamping Quality
TOYOTA-PR-1757,2115.2,28.5,57.8,7.03,1.3,Perfect Stamping Quality
TOYOTA-PR-1758,1311.7,23.8,49.9,6.0,1.27,Perfect Stamping Quality
TOYOTA-PR-1759,1403.3,21.6,49.4,6.81,1.41,Perfect Stamping Quality
TOYOTA-PR-1760,1384.9,18.7,50.0,6.4,1.19,Perfect Stamping Quality
TOYOTA-PR-1761,1131.6,20.7,52.5,7.06,1.25,Perfect Stamping Quality
TOYOTA-PR-1762,857.2,14.1,46.3,5.62,1.29,Perfect Stamping Quality
TOYOTA-PR-1763,2186.9,23.4,54.4,7.25,1.3,Perfect Stamping Quality
TOYOTA-PR-1764,1151.2,15.5,46.8,6.05,1.26,Perfect Stamping Quality
TOYOTA-PR-1765,854.7,18.1,43.8,5.89,1.44,Perfect Stamping Quality
TOYOTA-PR-1766,2277.5,18.7,57.8,7.54,1.64,Sheet Metal Micro-Tear Risk
TOYOTA-PR-1767,1119.3,14.4,48.1,6.3,1.26,Perfect Stamping Quality
TOYOTA-PR-1768,1852.8,14.0,56.8,7.16,1.45,Perfect Stamping Quality
TOYOTA-PR-1769,2386.8,20.8,63.0,8.31,1.32,Sheet Metal Micro-Tear Risk
TOYOTA-PR-1770,1129.8,25.3,51.0,6.56,1.31,Perfect Stamping Quality
TOYOTA-PR-1771,2298.6,19.2,58.4,8.37,1.17,Sheet Metal Micro-Tear Risk
TOYOTA-PR-1772,1643.3,14.7,51.9,6.75,1.27,Perfect Stamping Quality
TOYOTA-PR-1773,1845.7,14.4,60.5,7.51,1.43,Sheet Metal Micro-Tear Risk
TOYOTA-PR-1774,983.5,15.8,49.6,6.09,1.0,Perfect Stamping Quality
TOYOTA-PR-1775,920.2,23.6,46.9,5.76,1.36,Perfect Stamping Quality
TOYOTA-PR-1776,1363.7,15.7,51.3,7.05,1.41,Perfect Stamping Quality
TOYOTA-PR-1777,1299.0,18.4,52.4,6.07,1.28,Perfect Stamping Quality
TOYOTA-PR-1778,1712.2,17.0,48.0,7.55,1.4,Sheet Metal Micro-Tear Risk
TOYOTA-PR-1779,2189.1,28.7,51.6,7.57,1.57,Sheet Metal Micro-Tear Risk
TOYOTA-PR-1780,1608.1,29.7,53.9,7.18,1.42,Perfect Stamping Quality
TOYOTA-PR-1781,1841.2,31.7,55.0,7.49,1.37,Perfect Stamping Quality
TOYOTA-PR-1782,2026.4,17.2,56.0,7.59,1.28,Sheet Metal Micro-Tear Risk
TOYOTA-PR-1783,1150.4,31.5,43.4,6.71,1.33,Perfect Stamping Quality
TOYOTA-PR-1784,1717.4,22.2,53.3,7.48,1.42,Perfect Stamping Quality
TOYOTA-PR-1785,2333.0,30.9,57.7,7.96,1.25,Sheet Metal Micro-Tear Risk
TOYOTA-PR-1786,1174.0,23.7,49.3,6.24,1.27,Perfect Stamping Quality
TOYOTA-PR-1787,2259.9,16.9,58.7,8.72,1.17,Sheet Metal Micro-Tear Risk
TOYOTA-PR-1788,2199.5,20.3,56.3,7.88,1.49,Sheet Metal Micro-Tear Risk
TOYOTA-PR-1789,1265.0,31.0,51.6,6.33,1.46,Perfect Stamping Quality
TOYOTA-PR-1790,1573.1,27.1,51.5,6.56,1.53,Perfect Stamping Quality
TOYOTA-PR-1791,1197.7,15.3,45.3,6.12,1.14,Perfect Stamping Quality
TOYOTA-PR-1792,2046.3,31.5,58.6,7.28,1.41,Perfect Stamping Quality
TOYOTA-PR-1793,1847.0,27.1,57.2,7.35,1.33,Perfect Stamping Quality
TOYOTA-PR-1794,1229.9,21.4,49.5,6.01,1.43,Perfect Stamping Quality
TOYOTA-PR-1795,1548.4,27.6,53.7,6.3,1.34,Perfect Stamping Quality
TOYOTA-PR-1796,1093.4,31.4,44.0,6.47,1.26,Perfect Stamping Quality
TOYOTA-PR-1797,1178.1,16.7,47.3,6.38,1.25,Perfect Stamping Quality
TOYOTA-PR-1798,2141.7,19.4,55.7,7.54,1.54,Sheet Metal Micro-Tear Risk
TOYOTA-PR-1799,1443.8,25.5,55.5,6.44,1.41,Perfect Stamping Quality
TOYOTA-PR-1800,1548.5,27.1,50.0,6.76,1.46,Perfect Stamping Quality
TOYOTA-PR-1801,2260.0,18.7,60.4,7.72,1.3,Sheet Metal Micro-Tear Risk
TOYOTA-PR-1802,1816.0,28.9,54.6,7.51,1.24,Sheet Metal Micro-Tear Risk
TOYOTA-PR-1803,1503.8,25.7,54.5,6.15,1.28,Perfect Stamping Quality
TOYOTA-PR-1804,1431.4,27.7,55.4,5.78,1.37,Perfect Stamping Quality
TOYOTA-PR-1805,1810.6,23.9,54.1,6.69,1.24,Perfect Stamping Quality
TOYOTA-PR-1806,2050.0,29.2,57.6,7.06,1.39,Perfect Stamping Quality
TOYOTA-PR-1807,889.7,31.8,45.4,6.04,1.07,Perfect Stamping Quality
TOYOTA-PR-1808,911.5,31.9,41.2,6.03,1.24,Perfect Stamping Quality
TOYOTA-PR-1809,1750.5,29.7,54.8,7.41,1.35,Perfect Stamping Quality
TOYOTA-PR-1810,1143.7,26.2,51.6,5.81,1.52,Perfect Stamping Quality
TOYOTA-PR-1811,855.0,26.6,48.6,5.09,1.33,Perfect Stamping Quality
TOYOTA-PR-1812,2280.8,16.9,61.8,8.1,1.4,Sheet Metal Micro-Tear Risk
TOYOTA-PR-1813,1868.1,16.7,50.8,7.12,1.48,Perfect Stamping Quality
TOYOTA-PR-1814,2099.0,19.1,57.4,7.46,1.53,Perfect Stamping Quality
TOYOTA-PR-1815,1119.0,19.8,49.9,6.61,1.04,Perfect Stamping Quality
TOYOTA-PR-1816,2323.6,21.9,54.9,7.78,1.43,Sheet Metal Micro-Tear Risk
TOYOTA-PR-1817,1599.8,28.1,53.6,6.73,1.29,Perfect Stamping Quality
TOYOTA-PR-1818,1086.0,20.4,47.9,6.81,1.34,Perfect Stamping Quality
TOYOTA-PR-1819,1096.4,14.4,45.1,6.22,1.29,Perfect Stamping Quality
TOYOTA-PR-1820,1951.0,20.3,53.7,7.87,0.89,Sheet Metal Micro-Tear Risk
TOYOTA-PR-1821,1870.6,24.1,56.6,8.0,1.45,Sheet Metal Micro-Tear Risk
TOYOTA-PR-1822,1875.9,30.3,52.1,7.05,1.3,Perfect Stamping Quality
TOYOTA-PR-1823,2016.7,26.4,61.8,7.83,1.44,Sheet Metal Micro-Tear Risk
TOYOTA-PR-1824,1538.3,25.0,52.5,6.73,1.29,Perfect Stamping Quality
TOYOTA-PR-1825,1257.7,30.7,50.3,6.18,1.67,Sheet Metal Micro-Tear Risk
TOYOTA-PR-1826,1801.8,30.2,54.8,7.49,1.3,Perfect Stamping Quality
TOYOTA-PR-1827,1786.8,23.3,52.2,6.78,1.31,Perfect Stamping Quality
TOYOTA-PR-1828,1730.1,25.2,56.4,6.39,1.11,Perfect Stamping Quality
TOYOTA-PR-1829,1251.3,30.0,44.4,6.71,1.34,Perfect Stamping Quality
TOYOTA-PR-1830,829.8,30.9,42.4,5.51,1.41,Perfect Stamping Quality
TOYOTA-PR-1831,1373.3,14.9,47.6,7.11,1.51,Perfect Stamping Quality
TOYOTA-PR-1832,2250.3,15.2,58.4,7.65,1.65,Sheet Metal Micro-Tear Risk
TOYOTA-PR-1833,2051.8,15.1,58.9,8.32,1.17,Sheet Metal Micro-Tear Risk
TOYOTA-PR-1834,2355.4,18.0,56.0,7.41,1.28,Perfect Stamping Quality
TOYOTA-PR-1835,997.0,23.8,44.6,5.9,1.07,Perfect Stamping Quality
TOYOTA-PR-1836,2263.8,24.8,60.2,7.34,1.56,Perfect Stamping Quality
TOYOTA-PR-1837,1762.1,22.8,53.5,6.54,1.41,Perfect Stamping Quality
TOYOTA-PR-1838,1844.7,24.2,51.0,6.81,1.4,Perfect Stamping Quality
TOYOTA-PR-1839,1502.7,23.4,48.7,5.9,1.17,Perfect Stamping Quality
TOYOTA-PR-1840,2253.6,14.3,54.6,7.48,1.48,Perfect Stamping Quality
TOYOTA-PR-1841,1690.9,27.7,49.8,6.68,1.41,Perfect Stamping Quality
TOYOTA-PR-1842,1116.8,20.6,52.8,6.01,1.1,Perfect Stamping Quality
TOYOTA-PR-1843,1698.6,15.5,53.1,6.78,1.22,Perfect Stamping Quality
TOYOTA-PR-1844,1910.3,16.3,53.9,7.09,1.43,Perfect Stamping Quality
TOYOTA-PR-1845,1139.2,25.5,53.3,5.55,1.21,Perfect Stamping Quality
TOYOTA-PR-1846,1612.3,29.0,62.0,6.45,1.44,Perfect Stamping Quality
TOYOTA-PR-1847,2244.2,31.0,54.5,8.26,1.37,Sheet Metal Micro-Tear Risk
TOYOTA-PR-1848,1272.9,19.4,46.0,6.03,1.4,Perfect Stamping Quality
TOYOTA-PR-1849,2326.2,26.6,56.1,7.24,1.28,Perfect Stamping Quality
TOYOTA-PR-1850,1636.3,24.7,53.1,6.56,1.28,Perfect Stamping Quality
TOYOTA-PR-1851,2048.9,29.6,57.6,7.57,1.46,Sheet Metal Micro-Tear Risk
TOYOTA-PR-1852,1405.8,15.7,50.9,6.71,1.53,Perfect Stamping Quality
TOYOTA-PR-1853,2143.5,23.8,57.0,6.61,1.17,Perfect Stamping Quality
TOYOTA-PR-1854,1766.0,19.1,51.4,7.12,1.21,Perfect Stamping Quality
TOYOTA-PR-1855,1299.5,20.5,47.5,5.97,1.49,Perfect Stamping Quality
TOYOTA-PR-1856,899.8,21.8,50.2,6.05,1.3,Perfect Stamping Quality
TOYOTA-PR-1857,1286.3,26.6,52.7,5.33,1.2,Perfect Stamping Quality
TOYOTA-PR-1858,1190.6,24.0,52.7,5.48,1.34,Perfect Stamping Quality
TOYOTA-PR-1859,2379.4,30.7,62.1,7.98,1.43,Sheet Metal Micro-Tear Risk
TOYOTA-PR-1860,1582.1,27.7,55.5,6.48,1.12,Perfect Stamping Quality
TOYOTA-PR-1861,1570.3,26.2,54.1,6.53,1.41,Perfect Stamping Quality
TOYOTA-PR-1862,1987.2,28.2,56.6,7.32,1.32,Perfect Stamping Quality
TOYOTA-PR-1863,1038.6,22.3,46.7,5.31,1.04,Perfect Stamping Quality
TOYOTA-PR-1864,1831.1,24.4,53.8,6.84,1.69,Sheet Metal Micro-Tear Risk
TOYOTA-PR-1865,2248.2,26.8,55.1,7.12,1.54,Perfect Stamping Quality
TOYOTA-PR-1866,2157.8,24.8,53.7,7.54,1.63,Sheet Metal Micro-Tear Risk
TOYOTA-PR-1867,2262.8,25.4,61.1,7.29,1.33,Perfect Stamping Quality
TOYOTA-PR-1868,1008.1,31.1,47.4,5.94,1.44,Perfect Stamping Quality
TOYOTA-PR-1869,1952.6,14.3,57.5,7.18,1.42,Perfect Stamping Quality
TOYOTA-PR-1870,1035.0,28.7,44.7,5.76,1.36,Perfect Stamping Quality
TOYOTA-PR-1871,1332.7,14.5,53.8,6.15,1.14,Perfect Stamping Quality
TOYOTA-PR-1872,1242.8,16.9,51.9,5.94,0.94,Perfect Stamping Quality
TOYOTA-PR-1873,975.1,28.9,51.4,5.58,1.37,Perfect Stamping Quality
TOYOTA-PR-1874,2330.0,15.2,63.0,8.43,1.68,Sheet Metal Micro-Tear Risk
TOYOTA-PR-1875,960.1,26.7,51.1,6.05,1.36,Perfect Stamping Quality
TOYOTA-PR-1876,1139.7,32.0,48.2,6.33,0.92,Perfect Stamping Quality
TOYOTA-PR-1877,869.7,18.8,43.0,6.37,1.24,Perfect Stamping Quality
TOYOTA-PR-1878,1587.8,23.6,57.2,6.78,1.38,Perfect Stamping Quality
TOYOTA-PR-1879,814.3,21.4,48.9,5.22,1.16,Perfect Stamping Quality
TOYOTA-PR-1880,2043.0,28.8,51.3,7.42,1.65,Sheet Metal Micro-Tear Risk
TOYOTA-PR-1881,1215.9,16.7,45.7,6.04,1.21,Perfect Stamping Quality
TOYOTA-PR-1882,2249.8,16.1,62.0,7.88,1.58,Sheet Metal Micro-Tear Risk
TOYOTA-PR-1883,1314.5,16.0,52.3,5.91,1.09,Perfect Stamping Quality
TOYOTA-PR-1884,2182.4,23.5,62.4,8.51,1.51,Sheet Metal Micro-Tear Risk
TOYOTA-PR-1885,2092.9,21.5,62.4,7.97,1.49,Sheet Metal Micro-Tear Risk
TOYOTA-PR-1886,1925.3,23.1,56.9,7.53,1.34,Sheet Metal Micro-Tear Risk
TOYOTA-PR-1887,2174.0,27.2,58.3,8.28,1.31,Sheet Metal Micro-Tear Risk
TOYOTA-PR-1888,957.0,30.1,49.5,5.63,1.41,Perfect Stamping Quality
TOYOTA-PR-1889,1573.5,16.7,51.5,6.48,1.71,Sheet Metal Micro-Tear Risk
TOYOTA-PR-1890,923.9,19.3,47.4,5.37,1.19,Perfect Stamping Quality
TOYOTA-PR-1891,2334.9,22.3,64.3,8.18,1.37,Sheet Metal Micro-Tear Risk
TOYOTA-PR-1892,1244.8,15.3,50.9,6.19,1.3,Perfect Stamping Quality
TOYOTA-PR-1893,2214.5,21.8,59.3,7.3,1.48,Perfect Stamping Quality
TOYOTA-PR-1894,1552.7,23.6,55.4,6.72,1.53,Perfect Stamping Quality
TOYOTA-PR-1895,2145.1,27.9,50.3,7.59,1.61,Sheet Metal Micro-Tear Risk
TOYOTA-PR-1896,1224.2,29.8,49.7,5.49,1.02,Perfect Stamping Quality
TOYOTA-PR-1897,1492.7,16.2,51.0,6.36,1.47,Perfect Stamping Quality
TOYOTA-PR-1898,1562.1,15.1,51.9,7.11,1.18,Perfect Stamping Quality
TOYOTA-PR-1899,2274.6,23.6,56.9,7.79,1.33,Sheet Metal Micro-Tear Risk
TOYOTA-PR-1900,1524.9,23.5,53.8,6.42,1.14,Perfect Stamping Quality
TOYOTA-PR-1901,1563.5,15.3,55.1,7.84,1.17,Sheet Metal Micro-Tear Risk
TOYOTA-PR-1902,1492.8,29.0,53.2,6.69,1.12,Perfect Stamping Quality
TOYOTA-PR-1903,1519.0,29.4,51.2,6.9,1.15,Perfect Stamping Quality
TOYOTA-PR-1904,1835.1,25.0,55.1,7.7,1.3,Sheet Metal Micro-Tear Risk
TOYOTA-PR-1905,2377.3,20.1,53.7,7.54,1.5,Sheet Metal Micro-Tear Risk
TOYOTA-PR-1906,1491.7,18.2,52.6,6.66,1.34,Perfect Stamping Quality
TOYOTA-PR-1907,1589.2,23.3,51.7,6.54,1.25,Perfect Stamping Quality
TOYOTA-PR-1908,1925.0,14.0,54.4,7.88,1.38,Sheet Metal Micro-Tear Risk
TOYOTA-PR-1909,2143.1,20.6,54.8,7.92,1.68,Sheet Metal Micro-Tear Risk
TOYOTA-PR-1910,2031.4,24.3,59.7,6.91,1.37,Perfect Stamping Quality
TOYOTA-PR-1911,909.9,25.1,45.9,5.55,1.27,Perfect Stamping Quality
TOYOTA-PR-1912,2199.2,23.2,56.9,7.01,1.37,Perfect Stamping Quality
TOYOTA-PR-1913,2199.8,17.9,62.1,7.47,1.34,Perfect Stamping Quality
TOYOTA-PR-1914,1920.3,21.5,54.7,7.34,1.12,Perfect Stamping Quality
TOYOTA-PR-1915,842.6,27.4,46.7,5.26,1.2,Perfect Stamping Quality
TOYOTA-PR-1916,1008.7,23.5,48.6,5.51,1.37,Perfect Stamping Quality
TOYOTA-PR-1917,1890.2,29.1,53.7,7.28,1.3,Perfect Stamping Quality
TOYOTA-PR-1918,1549.0,27.2,49.1,7.01,1.25,Perfect Stamping Quality
TOYOTA-PR-1919,1246.5,18.0,50.4,6.15,1.4,Perfect Stamping Quality
TOYOTA-PR-1920,1309.0,23.3,46.4,6.78,1.22,Perfect Stamping Quality
TOYOTA-PR-1921,1471.3,21.1,51.7,6.23,1.14,Perfect Stamping Quality
TOYOTA-PR-1922,1454.6,23.3,55.0,6.64,1.39,Perfect Stamping Quality
TOYOTA-PR-1923,1978.3,30.7,53.6,6.92,1.1,Perfect Stamping Quality
TOYOTA-PR-1924,2357.9,15.4,61.5,8.32,1.61,Sheet Metal Micro-Tear Risk
TOYOTA-PR-1925,1223.7,14.6,54.8,6.09,1.06,Perfect Stamping Quality
TOYOTA-PR-1926,1665.0,21.6,50.4,6.3,1.31,Perfect Stamping Quality
TOYOTA-PR-1927,1749.2,26.6,57.5,7.51,1.12,Sheet Metal Micro-Tear Risk
TOYOTA-PR-1928,2244.5,20.9,52.8,7.86,1.54,Sheet Metal Micro-Tear Risk
TOYOTA-PR-1929,1832.2,23.3,52.3,7.65,1.29,Sheet Metal Micro-Tear Risk
TOYOTA-PR-1930,2028.1,30.8,57.9,7.29,1.47,Perfect Stamping Quality
TOYOTA-PR-1931,2000.1,22.6,60.3,8.18,1.47,Sheet Metal Micro-Tear Risk
TOYOTA-PR-1932,1802.6,25.7,52.0,6.96,1.52,Perfect Stamping Quality
TOYOTA-PR-1933,1441.8,30.6,49.3,6.45,1.14,Perfect Stamping Quality
TOYOTA-PR-1934,1011.1,23.2,46.9,5.28,1.14,Perfect Stamping Quality
TOYOTA-PR-1935,1776.8,24.7,54.0,6.96,1.45,Perfect Stamping Quality
TOYOTA-PR-1936,2175.1,26.8,61.3,7.83,1.4,Sheet Metal Micro-Tear Risk
TOYOTA-PR-1937,2381.7,31.1,55.5,7.84,1.48,Sheet Metal Micro-Tear Risk
TOYOTA-PR-1938,2200.9,14.2,55.7,7.5,1.37,Sheet Metal Micro-Tear Risk
TOYOTA-PR-1939,2216.1,23.9,56.7,7.81,1.58,Sheet Metal Micro-Tear Risk
TOYOTA-PR-1940,1278.5,19.3,49.3,7.46,1.49,Perfect Stamping Quality
TOYOTA-PR-1941,1984.8,31.5,57.2,7.38,1.2,Perfect Stamping Quality
TOYOTA-PR-1942,2027.4,16.0,61.4,7.54,1.08,Sheet Metal Micro-Tear Risk
TOYOTA-PR-1943,2253.4,18.0,62.3,7.75,1.25,Sheet Metal Micro-Tear Risk
TOYOTA-PR-1944,2309.7,14.8,57.0,7.42,1.29,Perfect Stamping Quality
TOYOTA-PR-1945,1716.7,31.8,55.0,7.71,1.3,Sheet Metal Micro-Tear Risk
TOYOTA-PR-1946,2050.8,28.3,57.8,7.98,1.4,Sheet Metal Micro-Tear Risk
TOYOTA-PR-1947,2314.0,17.5,53.2,7.79,1.59,Sheet Metal Micro-Tear Risk
TOYOTA-PR-1948,1219.5,14.1,53.5,6.25,1.28,Perfect Stamping Quality
TOYOTA-PR-1949,1567.7,20.2,53.1,6.6,1.26,Perfect Stamping Quality
TOYOTA-PR-1950,1095.8,17.8,45.9,4.98,1.36,Perfect Stamping Quality
TOYOTA-PR-1951,1893.9,31.7,49.7,7.74,1.33,Sheet Metal Micro-Tear Risk
TOYOTA-PR-1952,1867.3,20.4,55.0,7.23,1.28,Perfect Stamping Quality
TOYOTA-PR-1953,1662.8,14.6,53.8,6.68,1.44,Perfect Stamping Quality
TOYOTA-PR-1954,1094.5,18.3,50.6,5.91,0.95,Perfect Stamping Quality
TOYOTA-PR-1955,1245.3,21.8,54.2,5.18,1.19,Perfect Stamping Quality
TOYOTA-PR-1956,2233.6,14.2,58.0,7.75,1.43,Sheet Metal Micro-Tear Risk
TOYOTA-PR-1957,2058.8,31.2,57.9,7.7,1.52,Sheet Metal Micro-Tear Risk
TOYOTA-PR-1958,2009.1,30.7,58.4,7.51,1.29,Sheet Metal Micro-Tear Risk
TOYOTA-PR-1959,1617.9,29.0,56.0,6.92,1.3,Perfect Stamping Quality
TOYOTA-PR-1960,1582.8,21.6,46.6,6.87,1.57,Perfect Stamping Quality
TOYOTA-PR-1961,842.3,14.2,44.7,5.72,1.07,Perfect Stamping Quality
TOYOTA-PR-1962,1281.8,25.8,45.5,5.91,1.28,Perfect Stamping Quality
TOYOTA-PR-1963,2316.5,22.0,55.8,7.34,1.31,Perfect Stamping Quality
TOYOTA-PR-1964,2188.3,26.5,64.1,7.75,1.29,Sheet Metal Micro-Tear Risk
TOYOTA-PR-1965,1352.0,28.1,49.1,6.77,1.53,Perfect Stamping Quality
TOYOTA-PR-1966,1846.4,23.3,53.9,7.22,1.69,Sheet Metal Micro-Tear Risk
TOYOTA-PR-1967,1678.6,25.3,55.9,6.91,1.43,Perfect Stamping Quality
TOYOTA-PR-1968,1578.3,31.2,55.2,6.97,1.4,Perfect Stamping Quality
TOYOTA-PR-1969,909.5,14.0,42.4,5.71,1.54,Perfect Stamping Quality
TOYOTA-PR-1970,809.8,29.3,43.4,5.62,1.26,Perfect Stamping Quality
TOYOTA-PR-1971,878.6,14.3,43.7,5.4,1.23,Perfect Stamping Quality
TOYOTA-PR-1972,1934.6,24.3,60.1,8.44,1.66,Sheet Metal Micro-Tear Risk
TOYOTA-PR-1973,862.1,28.3,43.0,5.52,1.34,Perfect Stamping Quality
TOYOTA-PR-1974,953.0,31.0,45.0,5.96,1.52,Perfect Stamping Quality
TOYOTA-PR-1975,2363.7,26.1,63.3,6.88,1.53,Perfect Stamping Quality
TOYOTA-PR-1976,1101.0,14.5,49.2,5.71,1.13,Perfect Stamping Quality
TOYOTA-PR-1977,2333.6,18.9,62.1,8.31,1.42,Sheet Metal Micro-Tear Risk
TOYOTA-PR-1978,960.3,27.9,44.3,5.15,1.08,Perfect Stamping Quality
TOYOTA-PR-1979,2287.2,17.8,62.0,7.97,1.38,Sheet Metal Micro-Tear Risk
TOYOTA-PR-1980,964.3,14.9,46.0,5.39,1.2,Perfect Stamping Quality
TOYOTA-PR-1981,1853.6,15.9,55.3,8.27,1.45,Sheet Metal Micro-Tear Risk
TOYOTA-PR-1982,1610.1,17.0,49.6,7.13,1.32,Perfect Stamping Quality
TOYOTA-PR-1983,955.5,30.1,48.4,4.9,1.46,Perfect Stamping Quality
TOYOTA-PR-1984,1240.0,17.9,46.2,6.1,1.27,Perfect Stamping Quality
TOYOTA-PR-1985,1569.6,16.5,49.0,6.68,1.17,Perfect Stamping Quality
TOYOTA-PR-1986,2180.6,21.7,57.4,7.44,1.13,Perfect Stamping Quality
TOYOTA-PR-1987,1758.8,31.2,56.0,6.91,1.32,Perfect Stamping Quality
TOYOTA-PR-1988,1919.7,14.5,53.5,7.05,1.13,Perfect Stamping Quality
TOYOTA-PR-1989,1480.9,29.3,52.4,6.1,1.39,Perfect Stamping Quality
TOYOTA-PR-1990,863.2,17.7,43.4,5.73,1.18,Perfect Stamping Quality
TOYOTA-PR-1991,1323.9,15.5,49.4,5.97,1.3,Perfect Stamping Quality
TOYOTA-PR-1992,800.7,18.3,44.5,5.09,1.32,Perfect Stamping Quality
TOYOTA-PR-1993,2335.7,28.2,57.8,8.06,1.37,Sheet Metal Micro-Tear Risk
TOYOTA-PR-1994,824.7,25.7,47.2,5.5,1.32,Perfect Stamping Quality
TOYOTA-PR-1995,1061.1,26.6,46.2,6.51,1.32,Perfect Stamping Quality
TOYOTA-PR-1996,1341.5,21.6,52.6,6.46,1.38,Perfect Stamping Quality
TOYOTA-PR-1997,1213.6,18.3,43.6,6.11,1.27,Perfect Stamping Quality
TOYOTA-PR-1998,2169.9,30.2,57.4,7.99,1.46,Sheet Metal Micro-Tear Risk
TOYOTA-PR-1999,1449.0,30.2,52.8,6.37,1.43,Perfect Stamping Quality
TOYOTA-PR-2000,2091.1,25.0,59.5,6.88,1.3,Perfect Stamping Quality
TOYOTA-PR-2001,973.1,28.1,42.4,5.33,1.43,Perfect Stamping Quality
TOYOTA-PR-2002,1393.8,19.4,55.1,7.07,1.44,Perfect Stamping Quality
TOYOTA-PR-2003,1406.3,18.0,52.3,6.32,1.3,Perfect Stamping Quality
TOYOTA-PR-2004,2353.5,31.8,63.1,7.74,1.35,Sheet Metal Micro-Tear Risk
TOYOTA-PR-2005,2027.1,28.6,57.7,7.44,1.21,Perfect Stamping Quality
TOYOTA-PR-2006,1597.5,16.3,48.5,6.72,1.47,Perfect Stamping Quality
TOYOTA-PR-2007,1163.6,19.2,52.9,6.29,1.29,Perfect Stamping Quality
TOYOTA-PR-2008,2350.0,27.9,53.6,7.56,1.43,Sheet Metal Micro-Tear Risk
TOYOTA-PR-2009,1062.4,20.9,49.5,5.11,1.29,Perfect Stamping Quality
TOYOTA-PR-2010,2028.1,16.9,57.9,7.21,1.54,Perfect Stamping Quality
TOYOTA-PR-2011,1304.3,26.9,49.6,6.81,1.4,Perfect Stamping Quality
TOYOTA-PR-2012,1557.4,24.2,54.1,6.89,1.25,Perfect Stamping Quality
TOYOTA-PR-2013,1177.8,19.1,49.8,5.9,1.21,Perfect Stamping Quality
TOYOTA-PR-2014,1204.5,22.9,54.8,6.59,1.5,Perfect Stamping Quality
TOYOTA-PR-2015,1285.7,30.9,49.5,6.1,1.37,Perfect Stamping Quality
TOYOTA-PR-2016,1178.8,20.6,50.0,5.45,1.31,Perfect Stamping Quality
TOYOTA-PR-2017,2022.7,21.5,58.0,7.92,1.43,Sheet Metal Micro-Tear Risk
TOYOTA-PR-2018,945.6,17.0,53.3,5.81,1.51,Perfect Stamping Quality
TOYOTA-PR-2019,2066.9,24.5,57.9,7.85,1.4,Sheet Metal Micro-Tear Risk
TOYOTA-PR-2020,1053.0,20.1,46.1,5.4,1.56,Perfect Stamping Quality
TOYOTA-PR-2021,1628.6,21.6,53.8,6.97,1.53,Perfect Stamping Quality
TOYOTA-PR-2022,1415.8,15.6,46.0,6.49,1.27,Perfect Stamping Quality
TOYOTA-PR-2023,896.2,22.7,42.3,5.63,0.81,Perfect Stamping Quality
TOYOTA-PR-2024,1345.8,17.6,52.0,5.93,1.42,Perfect Stamping Quality
TOYOTA-PR-2025,936.9,18.4,45.0,5.84,0.94,Perfect Stamping Quality
TOYOTA-PR-2026,2045.4,26.8,59.6,7.65,1.32,Sheet Metal Micro-Tear Risk
TOYOTA-PR-2027,1923.2,27.4,52.9,7.46,1.4,Perfect Stamping Quality
TOYOTA-PR-2028,1136.6,29.7,47.0,6.39,0.98,Perfect Stamping Quality
TOYOTA-PR-2029,1046.0,26.6,45.7,5.86,1.21,Perfect Stamping Quality
TOYOTA-PR-2030,1970.7,25.8,58.8,7.43,1.3,Perfect Stamping Quality
TOYOTA-PR-2031,2258.0,26.8,58.7,7.77,1.62,Sheet Metal Micro-Tear Risk
TOYOTA-PR-2032,948.5,29.2,46.8,5.87,1.27,Perfect Stamping Quality
TOYOTA-PR-2033,1032.3,26.3,45.6,5.37,1.28,Perfect Stamping Quality
TOYOTA-PR-2034,1481.7,27.4,48.9,6.67,1.23,Perfect Stamping Quality
TOYOTA-PR-2035,1951.5,24.4,55.5,7.42,1.31,Perfect Stamping Quality
TOYOTA-PR-2036,833.9,28.7,46.3,5.8,1.04,Perfect Stamping Quality
TOYOTA-PR-2037,1878.8,19.1,55.0,7.23,1.35,Perfect Stamping Quality
TOYOTA-PR-2038,1354.4,25.8,51.3,6.96,1.42,Perfect Stamping Quality
TOYOTA-PR-2039,1489.4,18.4,53.8,6.86,1.41,Perfect Stamping Quality
TOYOTA-PR-2040,924.8,17.1,47.1,5.65,1.1,Perfect Stamping Quality
TOYOTA-PR-2041,1383.1,17.6,47.4,6.2,1.33,Perfect Stamping Quality
TOYOTA-PR-2042,1713.2,19.8,50.3,7.2,1.4,Perfect Stamping Quality
TOYOTA-PR-2043,2289.9,16.9,63.2,7.78,1.38,Sheet Metal Micro-Tear Risk
TOYOTA-PR-2044,833.1,18.0,45.3,5.79,1.34,Perfect Stamping Quality
TOYOTA-PR-2045,1020.1,25.0,48.0,5.22,1.09,Perfect Stamping Quality
TOYOTA-PR-2046,2124.9,26.3,58.0,7.49,1.58,Perfect Stamping Quality
TOYOTA-PR-2047,2004.3,23.6,55.4,7.39,1.42,Perfect Stamping Quality
TOYOTA-PR-2048,1931.8,15.9,55.9,7.37,1.36,Perfect Stamping Quality
TOYOTA-PR-2049,2002.2,15.9,56.6,6.9,1.13,Perfect Stamping Quality
TOYOTA-PR-2050,1089.1,19.8,48.6,5.81,1.0,Perfect Stamping Quality
TOYOTA-PR-2051,989.6,19.1,46.8,5.63,1.35,Perfect Stamping Quality
TOYOTA-PR-2052,1516.3,29.9,50.2,6.32,1.19,Perfect Stamping Quality
TOYOTA-PR-2053,2015.7,26.1,55.3,7.57,1.16,Sheet Metal Micro-Tear Risk
TOYOTA-PR-2054,1477.1,21.9,52.2,6.63,1.26,Perfect Stamping Quality
TOYOTA-PR-2055,1007.3,29.1,49.4,6.04,1.45,Perfect Stamping Quality
TOYOTA-PR-2056,1465.3,16.2,54.5,6.53,1.24,Perfect Stamping Quality
TOYOTA-PR-2057,2248.3,20.3,60.6,7.82,1.42,Sheet Metal Micro-Tear Risk
TOYOTA-PR-2058,1207.1,30.5,47.5,5.74,1.36,Perfect Stamping Quality
TOYOTA-PR-2059,1303.9,25.3,50.5,6.01,1.46,Perfect Stamping Quality
TOYOTA-PR-2060,1690.3,22.9,55.1,7.42,1.34,Perfect Stamping Quality
TOYOTA-PR-2061,2050.1,18.7,59.7,7.12,1.46,Perfect Stamping Quality
TOYOTA-PR-2062,2286.9,26.2,62.4,8.73,1.76,Sheet Metal Micro-Tear Risk
TOYOTA-PR-2063,955.4,17.1,49.4,5.73,1.64,Perfect Stamping Quality
TOYOTA-PR-2064,1742.2,31.3,46.9,6.94,1.49,Perfect Stamping Quality
TOYOTA-PR-2065,1385.2,24.4,50.5,6.08,1.15,Perfect Stamping Quality
TOYOTA-PR-2066,1173.4,24.5,46.5,6.28,1.32,Perfect Stamping Quality
TOYOTA-PR-2067,928.7,22.6,48.7,5.72,1.16,Perfect Stamping Quality
TOYOTA-PR-2068,1475.1,27.5,47.7,6.39,1.18,Perfect Stamping Quality
TOYOTA-PR-2069,1898.6,25.1,55.3,7.88,1.27,Sheet Metal Micro-Tear Risk
TOYOTA-PR-2070,1809.3,28.2,54.5,7.74,1.32,Sheet Metal Micro-Tear Risk
TOYOTA-PR-2071,1726.7,25.8,51.9,7.64,1.16,Sheet Metal Micro-Tear Risk
TOYOTA-PR-2072,1017.7,17.9,50.0,5.17,1.31,Perfect Stamping Quality
TOYOTA-PR-2073,1297.0,19.0,49.7,6.4,1.65,Sheet Metal Micro-Tear Risk
TOYOTA-PR-2074,1789.0,18.7,53.5,6.89,1.26,Perfect Stamping Quality
TOYOTA-PR-2075,2261.0,17.7,60.0,7.92,1.37,Sheet Metal Micro-Tear Risk
TOYOTA-PR-2076,1716.2,24.2,54.9,6.99,1.45,Perfect Stamping Quality
TOYOTA-PR-2077,1958.9,17.0,51.1,7.07,1.49,Perfect Stamping Quality
TOYOTA-PR-2078,1688.9,14.3,53.7,6.44,1.21,Perfect Stamping Quality
TOYOTA-PR-2079,1639.4,15.5,54.2,6.98,1.52,Perfect Stamping Quality
TOYOTA-PR-2080,2064.7,25.8,56.8,6.69,1.36,Perfect Stamping Quality
TOYOTA-PR-2081,1148.3,23.1,46.9,6.27,1.44,Perfect Stamping Quality
TOYOTA-PR-2082,1279.3,23.1,49.0,6.85,1.27,Perfect Stamping Quality
TOYOTA-PR-2083,1610.1,20.8,50.7,6.82,1.31,Perfect Stamping Quality
TOYOTA-PR-2084,1187.9,30.2,50.0,5.92,1.23,Perfect Stamping Quality
TOYOTA-PR-2085,1860.1,27.5,54.4,6.29,1.47,Perfect Stamping Quality
TOYOTA-PR-2086,1662.2,24.3,54.2,7.34,1.5,Perfect Stamping Quality
TOYOTA-PR-2087,1316.2,31.4,46.4,6.83,1.36,Perfect Stamping Quality
TOYOTA-PR-2088,1018.0,22.8,46.4,6.17,1.54,Perfect Stamping Quality
TOYOTA-PR-2089,2129.8,15.8,58.3,7.86,1.64,Sheet Metal Micro-Tear Risk
TOYOTA-PR-2090,1076.4,28.3,42.9,5.98,1.46,Perfect Stamping Quality
TOYOTA-PR-2091,2066.0,20.7,51.8,7.96,1.34,Sheet Metal Micro-Tear Risk
TOYOTA-PR-2092,2324.4,31.9,58.8,8.2,1.17,Sheet Metal Micro-Tear Risk
TOYOTA-PR-2093,1873.9,29.8,59.3,7.23,1.47,Perfect Stamping Quality
TOYOTA-PR-2094,1934.2,22.3,55.5,7.03,1.31,Perfect Stamping Quality
TOYOTA-PR-2095,979.4,31.3,53.2,5.32,1.34,Perfect Stamping Quality
TOYOTA-PR-2096,1649.2,22.7,49.0,7.71,1.34,Sheet Metal Micro-Tear Risk
TOYOTA-PR-2097,2245.7,19.4,57.2,7.38,1.56,Perfect Stamping Quality
TOYOTA-PR-2098,901.0,26.1,47.0,5.37,1.52,Perfect Stamping Quality
TOYOTA-PR-2099,874.9,27.0,51.0,5.82,1.43,Perfect Stamping Quality
TOYOTA-PR-2100,1545.6,24.6,49.2,6.61,1.49,Perfect Stamping Quality
TOYOTA-PR-2101,2157.7,18.8,60.7,7.19,1.32,Perfect Stamping Quality
TOYOTA-PR-2102,876.2,20.7,45.1,4.94,1.24,Perfect Stamping Quality
TOYOTA-PR-2103,2062.1,19.4,58.2,7.37,1.19,Perfect Stamping Quality
TOYOTA-PR-2104,976.9,24.3,50.4,5.39,1.6,Perfect Stamping Quality
TOYOTA-PR-2105,1293.5,17.5,52.1,6.13,1.37,Perfect Stamping Quality
TOYOTA-PR-2106,2048.2,20.6,59.8,7.74,1.44,Sheet Metal Micro-Tear Risk
TOYOTA-PR-2107,1531.6,19.0,51.1,6.84,1.15,Perfect Stamping Quality
TOYOTA-PR-2108,2210.6,20.3,57.3,8.3,1.55,Sheet Metal Micro-Tear Risk
TOYOTA-PR-2109,930.8,25.0,47.2,5.64,1.18,Perfect Stamping Quality
TOYOTA-PR-2110,1046.8,18.6,43.5,5.7,1.38,Perfect Stamping Quality
TOYOTA-PR-2111,1242.6,17.8,46.2,6.0,1.3,Perfect Stamping Quality
TOYOTA-PR-2112,1624.2,29.4,50.9,6.95,1.16,Perfect Stamping Quality
TOYOTA-PR-2113,2058.6,16.1,55.7,7.09,1.32,Perfect Stamping Quality
TOYOTA-PR-2114,1318.7,14.1,49.0,6.05,1.6,Perfect Stamping Quality
TOYOTA-PR-2115,1671.5,25.3,53.7,6.4,1.49,Perfect Stamping Quality
TOYOTA-PR-2116,2083.9,25.5,55.8,7.54,1.41,Sheet Metal Micro-Tear Risk
TOYOTA-PR-2117,2172.2,18.9,58.4,7.09,1.17,Perfect Stamping Quality
TOYOTA-PR-2118,1749.7,24.7,49.0,7.26,1.1,Perfect Stamping Quality
TOYOTA-PR-2119,2125.8,23.9,55.2,7.12,1.61,Perfect Stamping Quality
TOYOTA-PR-2120,2234.9,23.7,53.2,7.87,1.4,Sheet Metal Micro-Tear Risk
TOYOTA-PR-2121,1700.7,18.5,53.7,7.37,1.17,Perfect Stamping Quality
TOYOTA-PR-2122,1340.8,25.8,51.5,5.8,1.33,Perfect Stamping Quality
TOYOTA-PR-2123,1765.6,23.1,60.2,6.28,1.49,Perfect Stamping Quality
TOYOTA-PR-2124,1682.5,21.4,52.5,6.4,1.38,Perfect Stamping Quality
TOYOTA-PR-2125,2013.7,14.4,57.6,7.55,1.32,Sheet Metal Micro-Tear Risk
TOYOTA-PR-2126,1228.4,21.6,44.5,5.84,1.34,Perfect Stamping Quality
TOYOTA-PR-2127,1176.2,20.3,51.7,6.24,1.18,Perfect Stamping Quality
TOYOTA-PR-2128,2349.9,16.9,54.9,8.07,1.34,Sheet Metal Micro-Tear Risk
TOYOTA-PR-2129,1717.5,22.3,49.7,7.02,1.49,Perfect Stamping Quality
TOYOTA-PR-2130,1389.8,25.7,50.3,6.21,1.37,Perfect Stamping Quality
TOYOTA-PR-2131,1678.6,30.3,56.2,6.26,1.4,Perfect Stamping Quality
TOYOTA-PR-2132,839.8,27.9,44.7,5.83,1.44,Perfect Stamping Quality
TOYOTA-PR-2133,1719.9,26.1,54.1,7.1,1.27,Perfect Stamping Quality
TOYOTA-PR-2134,1870.0,25.7,59.8,7.71,1.36,Sheet Metal Micro-Tear Risk
TOYOTA-PR-2135,904.8,21.1,43.9,6.2,1.47,Perfect Stamping Quality
TOYOTA-PR-2136,813.8,22.5,50.0,5.3,1.54,Perfect Stamping Quality
TOYOTA-PR-2137,2289.7,16.0,57.3,8.21,1.43,Sheet Metal Micro-Tear Risk
TOYOTA-PR-2138,1780.6,31.2,58.1,7.82,1.51,Sheet Metal Micro-Tear Risk
TOYOTA-PR-2139,1352.4,29.8,42.8,6.08,1.43,Perfect Stamping Quality
TOYOTA-PR-2140,1562.2,16.6,52.6,6.95,1.28,Perfect Stamping Quality
TOYOTA-PR-2141,2269.9,17.4,56.0,7.82,1.5,Sheet Metal Micro-Tear Risk
TOYOTA-PR-2142,2019.0,30.5,60.8,7.89,1.46,Sheet Metal Micro-Tear Risk
TOYOTA-PR-2143,1243.3,23.2,52.6,6.34,1.39,Perfect Stamping Quality
TOYOTA-PR-2144,1673.1,21.8,51.5,7.45,1.41,Perfect Stamping Quality
TOYOTA-PR-2145,1872.7,20.5,56.7,7.45,1.18,Perfect Stamping Quality
TOYOTA-PR-2146,2237.5,14.8,59.2,7.52,1.47,Sheet Metal Micro-Tear Risk
TOYOTA-PR-2147,1693.8,19.0,47.1,6.87,1.19,Perfect Stamping Quality
TOYOTA-PR-2148,1745.3,27.7,49.2,6.96,1.14,Perfect Stamping Quality
TOYOTA-PR-2149,910.4,28.7,50.2,5.68,1.62,Perfect Stamping Quality
TOYOTA-PR-2150,1070.0,21.2,45.3,5.77,1.32,Perfect Stamping Quality
TOYOTA-PR-2151,1653.4,22.0,51.6,6.5,1.33,Perfect Stamping Quality
TOYOTA-PR-2152,1621.2,21.6,61.7,6.96,1.47,Perfect Stamping Quality
TOYOTA-PR-2153,1740.9,24.4,52.0,6.79,1.74,Sheet Metal Micro-Tear Risk
TOYOTA-PR-2154,2324.4,14.3,55.7,7.89,1.49,Sheet Metal Micro-Tear Risk
TOYOTA-PR-2155,1614.8,20.6,54.8,6.4,1.35,Perfect Stamping Quality
TOYOTA-PR-2156,1936.3,17.7,60.0,6.98,1.38,Perfect Stamping Quality
TOYOTA-PR-2157,1029.7,14.3,50.2,5.94,1.34,Perfect Stamping Quality
TOYOTA-PR-2158,1225.2,18.1,52.5,6.12,1.53,Perfect Stamping Quality
TOYOTA-PR-2159,868.3,30.3,46.5,6.05,1.35,Perfect Stamping Quality
TOYOTA-PR-2160,1264.6,29.7,55.7,7.03,1.06,Perfect Stamping Quality
TOYOTA-PR-2161,1134.4,27.0,42.4,6.25,1.2,Perfect Stamping Quality
TOYOTA-PR-2162,2199.4,25.9,56.5,7.61,1.42,Sheet Metal Micro-Tear Risk
TOYOTA-PR-2163,2166.5,17.2,56.9,8.11,1.14,Sheet Metal Micro-Tear Risk
TOYOTA-PR-2164,805.6,28.8,47.6,4.95,1.24,Perfect Stamping Quality
TOYOTA-PR-2165,893.4,31.2,45.9,5.65,1.13,Perfect Stamping Quality
TOYOTA-PR-2166,1081.4,22.0,47.7,5.74,1.36,Perfect Stamping Quality
TOYOTA-PR-2167,2310.2,26.5,61.2,7.97,1.42,Sheet Metal Micro-Tear Risk
TOYOTA-PR-2168,1312.1,15.7,43.5,6.41,1.17,Perfect Stamping Quality
TOYOTA-PR-2169,1120.8,23.1,46.7,5.88,1.01,Perfect Stamping Quality
TOYOTA-PR-2170,997.9,21.8,46.5,5.54,1.21,Perfect Stamping Quality
TOYOTA-PR-2171,835.4,23.9,47.7,5.69,1.21,Perfect Stamping Quality
TOYOTA-PR-2172,2089.6,28.7,62.4,7.49,1.2,Perfect Stamping Quality
TOYOTA-PR-2173,2292.1,20.1,60.3,7.99,1.51,Sheet Metal Micro-Tear Risk
TOYOTA-PR-2174,924.1,29.3,47.7,6.18,1.07,Perfect Stamping Quality
TOYOTA-PR-2175,1945.2,25.6,58.7,7.22,1.45,Perfect Stamping Quality
TOYOTA-PR-2176,1148.5,22.2,46.1,5.99,1.22,Perfect Stamping Quality
TOYOTA-PR-2177,1271.2,17.4,48.4,6.8,1.44,Perfect Stamping Quality
TOYOTA-PR-2178,960.7,27.2,49.9,5.75,1.24,Perfect Stamping Quality
TOYOTA-PR-2179,1734.3,23.4,53.2,7.25,1.39,Perfect Stamping Quality
TOYOTA-PR-2180,1083.9,21.0,47.8,5.63,1.2,Perfect Stamping Quality
TOYOTA-PR-2181,2154.8,14.2,53.4,8.08,1.41,Sheet Metal Micro-Tear Risk
TOYOTA-PR-2182,1587.9,14.8,56.7,6.35,1.57,Perfect Stamping Quality
TOYOTA-PR-2183,2023.3,32.0,54.5,6.52,1.42,Perfect Stamping Quality
TOYOTA-PR-2184,1558.9,26.8,56.1,6.96,1.38,Perfect Stamping Quality
TOYOTA-PR-2185,2113.4,21.5,55.2,7.97,1.28,Sheet Metal Micro-Tear Risk
TOYOTA-PR-2186,1691.3,30.4,55.0,6.94,1.27,Perfect Stamping Quality
TOYOTA-PR-2187,1838.3,27.7,54.4,7.54,1.21,Sheet Metal Micro-Tear Risk
TOYOTA-PR-2188,1257.9,27.4,50.2,5.42,1.43,Perfect Stamping Quality
TOYOTA-PR-2189,1647.1,17.5,50.3,6.53,1.32,Perfect Stamping Quality
TOYOTA-PR-2190,1321.4,15.8,51.3,6.41,1.27,Perfect Stamping Quality
TOYOTA-PR-2191,839.5,25.2,44.9,5.08,1.35,Perfect Stamping Quality
TOYOTA-PR-2192,2274.5,20.3,55.5,8.04,1.26,Sheet Metal Micro-Tear Risk
TOYOTA-PR-2193,1225.5,28.5,47.2,5.59,1.31,Perfect Stamping Quality
TOYOTA-PR-2194,2082.4,21.1,56.9,7.67,1.25,Sheet Metal Micro-Tear Risk
TOYOTA-PR-2195,1176.7,14.2,50.0,5.4,1.51,Perfect Stamping Quality
TOYOTA-PR-2196,2385.0,25.1,55.5,7.77,1.22,Sheet Metal Micro-Tear Risk
TOYOTA-PR-2197,1870.2,20.2,52.9,7.68,1.29,Sheet Metal Micro-Tear Risk
TOYOTA-PR-2198,1402.7,22.6,46.1,6.46,1.28,Perfect Stamping Quality
TOYOTA-PR-2199,2157.4,24.2,51.3,8.11,1.48,Sheet Metal Micro-Tear Risk
TOYOTA-PR-2200,1530.0,30.9,52.8,6.51,1.31,Perfect Stamping Quality
TOYOTA-PR-2201,835.5,21.7,43.7,5.3,1.16,Perfect Stamping Quality
TOYOTA-PR-2202,1561.9,29.4,57.7,6.93,1.41,Perfect Stamping Quality
TOYOTA-PR-2203,2367.0,17.3,54.9,7.68,1.33,Sheet Metal Micro-Tear Risk
TOYOTA-PR-2204,1624.9,19.8,55.0,6.9,1.39,Perfect Stamping Quality
TOYOTA-PR-2205,2069.4,18.6,58.6,7.15,1.37,Perfect Stamping Quality
TOYOTA-PR-2206,1852.4,17.1,51.0,7.28,1.58,Perfect Stamping Quality
TOYOTA-PR-2207,1967.7,20.9,53.4,7.17,1.19,Perfect Stamping Quality
TOYOTA-PR-2208,1425.3,25.4,51.8,6.95,1.33,Perfect Stamping Quality
TOYOTA-PR-2209,2050.9,22.6,57.2,7.47,1.28,Perfect Stamping Quality
TOYOTA-PR-2210,2004.3,27.8,56.2,7.33,1.49,Perfect Stamping Quality
TOYOTA-PR-2211,1453.3,28.6,51.9,6.67,1.33,Perfect Stamping Quality
TOYOTA-PR-2212,1586.2,25.3,52.1,7.04,1.5,Perfect Stamping Quality
TOYOTA-PR-2213,1327.5,23.7,49.6,6.03,1.5,Perfect Stamping Quality
TOYOTA-PR-2214,2293.2,20.8,57.5,8.1,1.43,Sheet Metal Micro-Tear Risk
TOYOTA-PR-2215,2226.2,22.3,60.5,8.12,1.46,Sheet Metal Micro-Tear Risk
TOYOTA-PR-2216,2065.0,31.1,55.6,7.41,1.63,Perfect Stamping Quality
TOYOTA-PR-2217,2012.7,21.3,55.5,7.79,1.75,Sheet Metal Micro-Tear Risk
TOYOTA-PR-2218,1187.3,23.9,45.3,6.19,1.25,Perfect Stamping Quality
TOYOTA-PR-2219,1054.4,15.4,47.5,5.88,1.22,Perfect Stamping Quality
TOYOTA-PR-2220,810.4,30.7,45.5,5.89,1.32,Perfect Stamping Quality
TOYOTA-PR-2221,1092.6,28.7,40.3,6.37,1.34,Perfect Stamping Quality
TOYOTA-PR-2222,2183.8,19.2,56.3,7.19,1.2,Perfect Stamping Quality
TOYOTA-PR-2223,1655.7,25.3,52.2,6.01,1.47,Perfect Stamping Quality
TOYOTA-PR-2224,2255.9,24.4,58.5,8.72,1.48,Sheet Metal Micro-Tear Risk
TOYOTA-PR-2225,2331.6,24.0,64.0,7.8,1.33,Sheet Metal Micro-Tear Risk
TOYOTA-PR-2226,1902.3,21.4,53.0,7.22,1.26,Perfect Stamping Quality
TOYOTA-PR-2227,2340.9,29.5,58.7,8.39,1.62,Sheet Metal Micro-Tear Risk
TOYOTA-PR-2228,944.6,20.8,46.6,5.91,1.41,Perfect Stamping Quality
TOYOTA-PR-2229,2171.1,30.0,58.6,8.02,1.78,Sheet Metal Micro-Tear Risk
TOYOTA-PR-2230,2215.9,15.7,57.9,7.81,1.33,Sheet Metal Micro-Tear Risk
TOYOTA-PR-2231,2239.9,31.4,60.3,8.34,1.61,Sheet Metal Micro-Tear Risk
TOYOTA-PR-2232,1694.7,16.5,53.7,6.07,1.42,Perfect Stamping Quality
TOYOTA-PR-2233,1718.4,21.8,48.6,6.16,1.61,Perfect Stamping Quality
TOYOTA-PR-2234,2367.1,20.4,61.4,7.74,1.25,Sheet Metal Micro-Tear Risk
TOYOTA-PR-2235,2351.5,27.4,66.6,8.63,1.49,Sheet Metal Micro-Tear Risk
TOYOTA-PR-2236,1681.3,31.9,55.4,7.74,1.42,Sheet Metal Micro-Tear Risk
TOYOTA-PR-2237,1516.6,31.6,55.0,7.55,1.42,Sheet Metal Micro-Tear Risk
TOYOTA-PR-2238,1884.7,23.4,58.1,7.45,1.37,Perfect Stamping Quality
TOYOTA-PR-2239,2189.3,22.1,54.6,8.17,1.29,Sheet Metal Micro-Tear Risk
TOYOTA-PR-2240,1954.7,24.9,54.9,7.7,1.56,Sheet Metal Micro-Tear Risk
TOYOTA-PR-2241,827.5,15.8,47.4,5.1,1.29,Perfect Stamping Quality
TOYOTA-PR-2242,1899.5,21.2,57.9,6.98,1.46,Perfect Stamping Quality
TOYOTA-PR-2243,1340.1,21.8,53.3,6.44,1.38,Perfect Stamping Quality
TOYOTA-PR-2244,1199.7,30.2,45.6,6.52,1.44,Perfect Stamping Quality
TOYOTA-PR-2245,998.3,22.5,49.4,5.61,1.42,Perfect Stamping Quality
TOYOTA-PR-2246,2148.9,22.6,54.3,7.94,1.51,Sheet Metal Micro-Tear Risk
TOYOTA-PR-2247,1231.3,18.9,49.7,7.23,1.22,Perfect Stamping Quality
TOYOTA-PR-2248,855.9,28.1,43.0,5.77,1.15,Perfect Stamping Quality
TOYOTA-PR-2249,938.5,20.5,54.6,5.69,1.48,Perfect Stamping Quality
TOYOTA-PR-2250,1640.0,20.0,54.5,6.61,1.32,Perfect Stamping Quality
TOYOTA-PR-2251,1845.0,22.9,53.1,6.7,1.55,Perfect Stamping Quality
TOYOTA-PR-2252,1010.7,19.6,48.0,5.21,1.16,Perfect Stamping Quality
TOYOTA-PR-2253,2090.2,28.6,60.7,7.44,1.17,Perfect Stamping Quality
TOYOTA-PR-2254,1492.3,31.0,52.0,6.29,1.29,Perfect Stamping Quality
TOYOTA-PR-2255,1915.5,23.8,54.7,7.14,1.45,Perfect Stamping Quality
TOYOTA-PR-2256,2251.2,27.2,58.0,8.43,1.35,Sheet Metal Micro-Tear Risk
TOYOTA-PR-2257,2056.0,26.2,60.0,7.29,1.47,Perfect Stamping Quality
TOYOTA-PR-2258,1074.4,22.2,52.3,6.18,1.59,Perfect Stamping Quality
TOYOTA-PR-2259,2291.7,19.7,59.3,7.81,1.47,Sheet Metal Micro-Tear Risk
TOYOTA-PR-2260,1450.9,19.4,49.1,7.14,1.26,Perfect Stamping Quality
TOYOTA-PR-2261,822.8,15.8,45.6,6.22,1.44,Perfect Stamping Quality
TOYOTA-PR-2262,903.0,26.5,42.9,5.79,1.38,Perfect Stamping Quality
TOYOTA-PR-2263,1525.2,29.7,53.4,7.43,1.13,Perfect Stamping Quality
TOYOTA-PR-2264,2151.1,18.4,56.1,7.47,1.62,Perfect Stamping Quality
TOYOTA-PR-2265,1642.1,16.2,52.8,7.36,1.53,Perfect Stamping Quality
TOYOTA-PR-2266,2235.0,26.8,58.4,7.26,1.58,Perfect Stamping Quality
TOYOTA-PR-2267,1879.4,16.6,54.4,7.7,1.21,Sheet Metal Micro-Tear Risk
TOYOTA-PR-2268,1471.3,23.2,59.0,7.0,1.44,Perfect Stamping Quality
TOYOTA-PR-2269,1308.3,20.4,51.6,5.74,1.52,Perfect Stamping Quality
TOYOTA-PR-2270,1841.7,17.9,53.1,7.08,1.4,Perfect Stamping Quality
TOYOTA-PR-2271,1910.2,29.1,54.4,7.32,1.35,Perfect Stamping Quality
TOYOTA-PR-2272,1590.1,24.0,56.2,6.9,1.16,Perfect Stamping Quality
TOYOTA-PR-2273,1233.1,14.1,49.8,6.6,1.33,Perfect Stamping Quality
TOYOTA-PR-2274,1844.7,23.5,57.8,7.29,1.19,Perfect Stamping Quality
TOYOTA-PR-2275,1617.9,28.2,49.0,7.25,1.29,Perfect Stamping Quality
TOYOTA-PR-2276,1057.1,21.2,47.6,5.48,1.46,Perfect Stamping Quality
TOYOTA-PR-2277,2018.4,14.4,56.4,8.45,1.28,Sheet Metal Micro-Tear Risk
TOYOTA-PR-2278,1998.0,29.5,57.1,6.97,1.32,Perfect Stamping Quality
TOYOTA-PR-2279,1072.2,21.1,48.2,5.9,1.33,Perfect Stamping Quality
TOYOTA-PR-2280,1031.6,21.3,46.4,5.68,1.16,Perfect Stamping Quality
TOYOTA-PR-2281,990.5,30.6,47.8,5.2,1.66,Sheet Metal Micro-Tear Risk
TOYOTA-PR-2282,1559.0,24.3,47.1,6.95,1.33,Perfect Stamping Quality
TOYOTA-PR-2283,1764.0,16.9,48.5,6.97,1.34,Perfect Stamping Quality
TOYOTA-PR-2284,1899.8,21.2,57.4,7.47,1.5,Perfect Stamping Quality
TOYOTA-PR-2285,1092.1,18.3,52.3,6.04,1.39,Perfect Stamping Quality
TOYOTA-PR-2286,1462.4,15.3,48.7,6.25,1.25,Perfect Stamping Quality
TOYOTA-PR-2287,1494.7,17.2,50.2,7.46,1.45,Perfect Stamping Quality
TOYOTA-PR-2288,2214.0,31.5,65.3,7.58,1.33,Sheet Metal Micro-Tear Risk
TOYOTA-PR-2289,1243.3,20.9,49.0,6.16,1.58,Perfect Stamping Quality
TOYOTA-PR-2290,2332.7,18.4,61.0,7.95,1.65,Sheet Metal Micro-Tear Risk
TOYOTA-PR-2291,1298.9,27.1,54.8,6.75,1.33,Perfect Stamping Quality
TOYOTA-PR-2292,2010.7,20.8,56.5,7.62,1.24,Sheet Metal Micro-Tear Risk
TOYOTA-PR-2293,1663.5,31.3,54.5,6.34,1.28,Perfect Stamping Quality
TOYOTA-PR-2294,1619.4,29.5,58.5,7.1,1.37,Perfect Stamping Quality
TOYOTA-PR-2295,1051.9,21.7,48.5,5.61,1.53,Perfect Stamping Quality
TOYOTA-PR-2296,1572.6,17.9,54.5,6.98,1.29,Perfect Stamping Quality
TOYOTA-PR-2297,2058.0,20.9,56.3,7.92,1.45,Sheet Metal Micro-Tear Risk
TOYOTA-PR-2298,1982.6,23.6,54.6,7.02,1.34,Perfect Stamping Quality
TOYOTA-PR-2299,1390.3,20.5,52.1,5.96,1.33,Perfect Stamping Quality
TOYOTA-PR-2300,1992.8,21.6,53.4,7.3,1.31,Perfect Stamping Quality
TOYOTA-PR-2301,2199.8,24.9,58.6,7.15,1.26,Perfect Stamping Quality
TOYOTA-PR-2302,822.8,16.3,43.3,5.76,1.37,Perfect Stamping Quality
TOYOTA-PR-2303,1737.7,24.6,55.3,7.64,1.45,Sheet Metal Micro-Tear Risk
TOYOTA-PR-2304,2193.3,31.3,56.6,7.4,1.49,Perfect Stamping Quality
TOYOTA-PR-2305,1593.3,30.3,56.5,7.33,1.26,Perfect Stamping Quality
TOYOTA-PR-2306,2049.6,21.2,54.3,7.25,1.15,Perfect Stamping Quality
TOYOTA-PR-2307,923.1,19.5,52.1,5.51,1.31,Perfect Stamping Quality
TOYOTA-PR-2308,1984.6,27.3,52.3,7.3,1.05,Perfect Stamping Quality
TOYOTA-PR-2309,810.0,27.9,51.1,5.0,1.29,Perfect Stamping Quality
TOYOTA-PR-2310,2397.3,31.3,62.7,7.6,1.53,Sheet Metal Micro-Tear Risk
TOYOTA-PR-2311,1028.5,14.9,46.9,5.46,1.02,Perfect Stamping Quality
TOYOTA-PR-2312,2389.0,31.9,61.1,7.14,1.52,Perfect Stamping Quality
TOYOTA-PR-2313,2256.8,29.8,55.7,7.89,1.45,Sheet Metal Micro-Tear Risk
TOYOTA-PR-2314,1996.0,18.8,57.5,7.11,1.38,Perfect Stamping Quality
TOYOTA-PR-2315,955.3,27.2,44.4,5.33,1.4,Perfect Stamping Quality
TOYOTA-PR-2316,2370.7,19.3,60.2,8.22,1.42,Sheet Metal Micro-Tear Risk
TOYOTA-PR-2317,2182.2,19.1,53.1,8.13,1.09,Sheet Metal Micro-Tear Risk
TOYOTA-PR-2318,2013.6,30.5,58.2,7.38,1.41,Perfect Stamping Quality
TOYOTA-PR-2319,1313.0,24.9,47.3,5.81,1.2,Perfect Stamping Quality
TOYOTA-PR-2320,870.9,23.7,47.4,5.5,1.34,Perfect Stamping Quality
TOYOTA-PR-2321,1180.4,18.9,50.2,6.12,1.03,Perfect Stamping Quality
TOYOTA-PR-2322,1170.8,17.0,47.3,5.86,1.56,Perfect Stamping Quality
TOYOTA-PR-2323,1456.4,26.7,48.7,5.48,1.41,Perfect Stamping Quality
TOYOTA-PR-2324,1192.0,25.0,52.6,6.96,1.37,Perfect Stamping Quality
TOYOTA-PR-2325,1291.4,31.9,41.2,6.48,1.21,Perfect Stamping Quality
TOYOTA-PR-2326,2067.4,17.7,58.7,7.47,1.24,Perfect Stamping Quality
TOYOTA-PR-2327,1416.4,27.6,49.2,6.44,1.31,Perfect Stamping Quality
TOYOTA-PR-2328,877.0,23.9,47.6,5.45,1.2,Perfect Stamping Quality
TOYOTA-PR-2329,2351.2,29.0,57.6,8.07,1.51,Sheet Metal Micro-Tear Risk
TOYOTA-PR-2330,1703.6,21.5,50.4,7.14,1.18,Perfect Stamping Quality
TOYOTA-PR-2331,2230.9,18.7,54.9,8.05,1.31,Sheet Metal Micro-Tear Risk
TOYOTA-PR-2332,1449.2,26.9,52.5,6.74,1.25,Perfect Stamping Quality
TOYOTA-PR-2333,960.3,14.3,46.5,5.01,1.37,Perfect Stamping Quality
TOYOTA-PR-2334,1266.9,18.5,47.2,6.42,1.19,Perfect Stamping Quality
TOYOTA-PR-2335,1704.0,29.4,52.5,6.75,1.28,Perfect Stamping Quality
TOYOTA-PR-2336,2364.0,25.7,63.6,7.89,1.43,Sheet Metal Micro-Tear Risk
TOYOTA-PR-2337,1076.2,28.4,46.9,5.71,1.47,Perfect Stamping Quality
TOYOTA-PR-2338,2090.2,30.0,49.2,8.33,1.14,Sheet Metal Micro-Tear Risk
TOYOTA-PR-2339,1165.6,21.1,47.4,5.64,1.58,Perfect Stamping Quality
TOYOTA-PR-2340,1883.2,25.3,47.2,6.9,1.21,Perfect Stamping Quality
TOYOTA-PR-2341,1149.8,15.9,45.6,6.46,1.45,Perfect Stamping Quality
TOYOTA-PR-2342,1885.3,28.0,62.3,6.95,1.33,Perfect Stamping Quality
TOYOTA-PR-2343,2064.6,20.1,57.9,6.88,1.27,Perfect Stamping Quality
TOYOTA-PR-2344,1082.9,29.0,46.1,5.66,1.13,Perfect Stamping Quality
TOYOTA-PR-2345,827.1,22.5,44.2,5.75,1.19,Perfect Stamping Quality
TOYOTA-PR-2346,2307.4,14.5,57.0,8.14,1.23,Sheet Metal Micro-Tear Risk
TOYOTA-PR-2347,1587.2,14.3,49.0,6.14,1.43,Perfect Stamping Quality
TOYOTA-PR-2348,1392.9,23.0,57.8,6.11,1.36,Perfect Stamping Quality
TOYOTA-PR-2349,1268.5,15.7,40.8,6.75,1.46,Perfect Stamping Quality
TOYOTA-PR-2350,1693.3,16.1,51.5,6.41,1.5,Perfect Stamping Quality
TOYOTA-PR-2351,2066.4,23.0,56.3,8.11,1.49,Sheet Metal Micro-Tear Risk
TOYOTA-PR-2352,1366.9,25.8,51.0,6.68,1.35,Perfect Stamping Quality
TOYOTA-PR-2353,1857.4,29.4,51.4,7.57,1.46,Sheet Metal Micro-Tear Risk
TOYOTA-PR-2354,868.6,16.5,48.9,5.76,1.39,Perfect Stamping Quality
TOYOTA-PR-2355,1637.7,21.3,52.2,6.01,1.29,Perfect Stamping Quality
TOYOTA-PR-2356,1506.8,16.1,53.1,5.88,1.57,Perfect Stamping Quality
TOYOTA-PR-2357,1493.9,16.1,47.5,6.89,1.43,Perfect Stamping Quality
TOYOTA-PR-2358,1470.6,27.9,54.8,6.37,1.3,Perfect Stamping Quality
TOYOTA-PR-2359,1344.1,25.4,49.9,6.58,1.58,Perfect Stamping Quality
TOYOTA-PR-2360,1874.7,23.0,55.0,6.99,1.21,Perfect Stamping Quality
TOYOTA-PR-2361,2355.7,15.7,60.6,7.74,1.53,Sheet Metal Micro-Tear Risk
TOYOTA-PR-2362,1390.5,21.6,48.9,6.21,1.67,Sheet Metal Micro-Tear Risk
TOYOTA-PR-2363,1866.5,29.0,55.7,7.43,1.51,Perfect Stamping Quality
TOYOTA-PR-2364,804.1,24.7,43.7,5.61,1.13,Perfect Stamping Quality
TOYOTA-PR-2365,2235.9,21.0,62.1,7.96,1.56,Sheet Metal Micro-Tear Risk
TOYOTA-PR-2366,1711.9,19.1,52.5,6.95,1.47,Perfect Stamping Quality
TOYOTA-PR-2367,1449.0,24.6,52.3,5.87,1.35,Perfect Stamping Quality
TOYOTA-PR-2368,1231.4,31.8,51.0,6.0,1.22,Perfect Stamping Quality
TOYOTA-PR-2369,1988.6,14.5,57.9,7.08,1.31,Perfect Stamping Quality
TOYOTA-PR-2370,2178.5,26.4,58.0,7.45,1.28,Perfect Stamping Quality
TOYOTA-PR-2371,2184.2,24.2,56.9,7.97,1.41,Sheet Metal Micro-Tear Risk
TOYOTA-PR-2372,1610.9,17.2,50.6,6.89,1.34,Perfect Stamping Quality
TOYOTA-PR-2373,1764.0,17.7,54.8,6.42,1.45,Perfect Stamping Quality
TOYOTA-PR-2374,2149.1,26.8,58.8,7.1,1.23,Perfect Stamping Quality
TOYOTA-PR-2375,1443.8,14.8,48.7,5.97,1.06,Perfect Stamping Quality
TOYOTA-PR-2376,2389.3,19.5,57.7,7.87,1.16,Sheet Metal Micro-Tear Risk
TOYOTA-PR-2377,2097.6,31.2,57.5,7.8,1.26,Sheet Metal Micro-Tear Risk
TOYOTA-PR-2378,2300.0,26.7,55.8,8.09,1.63,Sheet Metal Micro-Tear Risk
TOYOTA-PR-2379,1504.7,16.5,51.2,6.35,1.39,Perfect Stamping Quality
TOYOTA-PR-2380,2329.1,28.3,61.7,8.34,1.22,Sheet Metal Micro-Tear Risk
TOYOTA-PR-2381,1001.2,19.4,49.1,6.07,1.41,Perfect Stamping Quality
TOYOTA-PR-2382,1483.7,26.3,51.9,7.17,1.52,Perfect Stamping Quality
TOYOTA-PR-2383,1431.4,22.9,52.6,7.0,1.41,Perfect Stamping Quality
TOYOTA-PR-2384,1728.6,30.6,52.1,6.96,1.35,Perfect Stamping Quality
TOYOTA-PR-2385,1723.8,17.9,56.8,7.26,1.18,Perfect Stamping Quality
TOYOTA-PR-2386,2399.4,14.2,59.1,8.02,1.49,Sheet Metal Micro-Tear Risk
TOYOTA-PR-2387,1193.1,26.4,45.8,6.0,1.07,Perfect Stamping Quality
TOYOTA-PR-2388,1306.3,30.8,52.6,6.18,1.4,Perfect Stamping Quality
TOYOTA-PR-2389,1139.9,23.3,50.7,5.47,1.75,Sheet Metal Micro-Tear Risk
TOYOTA-PR-2390,2333.6,25.3,61.2,8.66,1.28,Sheet Metal Micro-Tear Risk
TOYOTA-PR-2391,1303.8,31.6,49.1,6.89,1.37,Perfect Stamping Quality
TOYOTA-PR-2392,1795.5,17.2,54.4,7.38,1.47,Perfect Stamping Quality
TOYOTA-PR-2393,1561.4,16.9,47.2,7.0,1.25,Perfect Stamping Quality
TOYOTA-PR-2394,1377.7,30.6,52.4,5.67,1.45,Perfect Stamping Quality
TOYOTA-PR-2395,896.3,31.2,45.3,5.28,1.16,Perfect Stamping Quality
TOYOTA-PR-2396,1505.7,18.7,50.5,5.81,1.32,Perfect Stamping Quality
TOYOTA-PR-2397,2300.5,31.7,55.3,8.16,1.55,Sheet Metal Micro-Tear Risk
TOYOTA-PR-2398,1307.4,23.0,47.6,6.12,1.33,Perfect Stamping Quality
TOYOTA-PR-2399,2211.8,29.6,62.3,7.41,1.52,Perfect Stamping Quality
TOYOTA-PR-2400,1866.2,16.0,61.4,8.13,1.31,Sheet Metal Micro-Tear Risk
TOYOTA-PR-2401,1649.0,24.2,56.9,6.65,1.49,Perfect Stamping Quality
TOYOTA-PR-2402,1826.4,18.7,55.3,7.08,1.28,Perfect Stamping Quality
TOYOTA-PR-2403,990.5,16.4,51.7,6.33,1.27,Perfect Stamping Quality
TOYOTA-PR-2404,1086.6,25.7,50.8,5.79,1.31,Perfect Stamping Quality
TOYOTA-PR-2405,1770.8,15.9,54.1,7.32,1.45,Perfect Stamping Quality
TOYOTA-PR-2406,2047.2,24.4,52.9,7.41,1.51,Perfect Stamping Quality
TOYOTA-PR-2407,1861.3,31.0,53.9,7.0,1.38,Perfect Stamping Quality
TOYOTA-PR-2408,1778.9,22.2,52.7,7.18,1.28,Perfect Stamping Quality
TOYOTA-PR-2409,2308.5,15.1,58.2,7.84,1.21,Sheet Metal Micro-Tear Risk
TOYOTA-PR-2410,2166.1,24.4,55.8,8.25,1.08,Sheet Metal Micro-Tear Risk
TOYOTA-PR-2411,915.4,22.7,44.5,5.66,1.66,Sheet Metal Micro-Tear Risk
TOYOTA-PR-2412,1448.7,22.6,54.4,5.87,1.36,Perfect Stamping Quality
TOYOTA-PR-2413,1722.6,21.3,55.9,6.54,1.31,Perfect Stamping Quality
TOYOTA-PR-2414,899.4,17.0,48.2,4.54,1.02,Perfect Stamping Quality
TOYOTA-PR-2415,2239.7,20.6,61.5,7.47,1.52,Perfect Stamping Quality
TOYOTA-PR-2416,1182.9,15.3,46.5,6.86,1.43,Perfect Stamping Quality
TOYOTA-PR-2417,847.9,15.2,43.8,5.39,1.33,Perfect Stamping Quality
TOYOTA-PR-2418,1509.0,25.9,51.3,6.33,1.38,Perfect Stamping Quality
TOYOTA-PR-2419,2396.6,27.9,63.3,8.6,1.55,Sheet Metal Micro-Tear Risk
TOYOTA-PR-2420,1022.9,29.0,46.3,5.72,1.51,Perfect Stamping Quality
TOYOTA-PR-2421,1195.7,17.8,46.2,6.34,1.12,Perfect Stamping Quality
TOYOTA-PR-2422,1652.2,29.0,61.6,6.7,1.64,Perfect Stamping Quality
TOYOTA-PR-2423,2158.1,30.2,60.1,7.59,1.34,Sheet Metal Micro-Tear Risk
TOYOTA-PR-2424,1137.9,28.6,44.6,5.79,1.38,Perfect Stamping Quality
TOYOTA-PR-2425,1769.1,19.9,53.9,6.96,1.2,Perfect Stamping Quality
TOYOTA-PR-2426,1216.6,26.5,47.3,7.64,1.39,Sheet Metal Micro-Tear Risk
TOYOTA-PR-2427,895.4,19.0,51.2,5.68,1.37,Perfect Stamping Quality
TOYOTA-PR-2428,1358.7,17.4,47.7,6.22,1.04,Perfect Stamping Quality
TOYOTA-PR-2429,1826.6,15.8,52.6,7.61,1.32,Sheet Metal Micro-Tear Risk
TOYOTA-PR-2430,1644.7,28.9,49.2,6.83,1.05,Perfect Stamping Quality
TOYOTA-PR-2431,1242.7,21.2,49.8,7.01,1.53,Perfect Stamping Quality
TOYOTA-PR-2432,1126.7,24.1,48.3,5.48,1.45,Perfect Stamping Quality
TOYOTA-PR-2433,2085.6,29.2,62.6,7.6,1.49,Sheet Metal Micro-Tear Risk
TOYOTA-PR-2434,2031.4,20.4,57.4,8.0,1.31,Sheet Metal Micro-Tear Risk
TOYOTA-PR-2435,1280.6,18.6,41.4,6.92,1.21,Perfect Stamping Quality
TOYOTA-PR-2436,1964.7,29.0,55.5,7.12,1.55,Perfect Stamping Quality
TOYOTA-PR-2437,1689.2,26.8,57.3,6.45,1.52,Perfect Stamping Quality
TOYOTA-PR-2438,1458.3,29.4,50.3,6.68,1.22,Perfect Stamping Quality
TOYOTA-PR-2439,2236.9,23.5,61.8,7.54,1.45,Sheet Metal Micro-Tear Risk
TOYOTA-PR-2440,1391.4,17.3,53.1,6.43,1.51,Perfect Stamping Quality
TOYOTA-PR-2441,861.6,20.1,46.1,5.68,1.33,Perfect Stamping Quality
TOYOTA-PR-2442,1445.9,15.3,52.0,7.18,1.31,Perfect Stamping Quality
TOYOTA-PR-2443,1806.6,28.5,53.0,7.71,1.06,Sheet Metal Micro-Tear Risk
TOYOTA-PR-2444,1526.5,24.4,51.0,6.51,1.34,Perfect Stamping Quality
TOYOTA-PR-2445,2072.0,27.2,60.9,6.98,1.28,Perfect Stamping Quality
TOYOTA-PR-2446,1075.6,20.9,48.5,5.77,1.17,Perfect Stamping Quality
TOYOTA-PR-2447,2313.0,29.2,58.3,8.14,1.21,Sheet Metal Micro-Tear Risk
TOYOTA-PR-2448,1275.6,21.8,50.1,5.68,1.3,Perfect Stamping Quality
TOYOTA-PR-2449,807.3,20.7,48.9,5.25,1.3,Perfect Stamping Quality
TOYOTA-PR-2450,1750.9,17.1,53.6,7.51,1.01,Sheet Metal Micro-Tear Risk
TOYOTA-PR-2451,2162.5,24.8,52.1,7.62,1.41,Sheet Metal Micro-Tear Risk
TOYOTA-PR-2452,1423.5,26.9,51.2,6.38,1.12,Perfect Stamping Quality
TOYOTA-PR-2453,1363.4,18.8,52.9,6.46,1.39,Perfect Stamping Quality
TOYOTA-PR-2454,1845.6,17.3,55.1,6.9,1.19,Perfect Stamping Quality
TOYOTA-PR-2455,2030.2,22.8,60.3,6.47,1.37,Perfect Stamping Quality
TOYOTA-PR-2456,1045.7,25.6,47.3,5.72,1.37,Perfect Stamping Quality
TOYOTA-PR-2457,2389.9,30.7,59.5,7.2,1.3,Perfect Stamping Quality
TOYOTA-PR-2458,1971.0,31.5,53.5,7.27,1.49,Perfect Stamping Quality
TOYOTA-PR-2459,1392.2,23.2,48.9,6.06,1.58,Perfect Stamping Quality
TOYOTA-PR-2460,1553.3,22.2,47.9,6.42,1.16,Perfect Stamping Quality
TOYOTA-PR-2461,1641.1,26.3,47.7,6.63,1.18,Perfect Stamping Quality
TOYOTA-PR-2462,2219.3,24.3,60.2,7.85,1.29,Sheet Metal Micro-Tear Risk
TOYOTA-PR-2463,2302.4,17.1,53.5,7.54,1.28,Sheet Metal Micro-Tear Risk
TOYOTA-PR-2464,1815.8,19.2,57.1,7.25,1.45,Perfect Stamping Quality
TOYOTA-PR-2465,985.1,25.6,47.4,5.32,1.21,Perfect Stamping Quality
TOYOTA-PR-2466,1302.7,20.3,49.7,5.33,1.2,Perfect Stamping Quality
TOYOTA-PR-2467,1238.2,19.5,51.3,6.29,1.46,Perfect Stamping Quality
TOYOTA-PR-2468,1467.4,16.4,52.8,6.52,1.19,Perfect Stamping Quality
TOYOTA-PR-2469,1694.8,23.2,50.6,6.92,1.55,Perfect Stamping Quality
TOYOTA-PR-2470,2153.5,29.3,56.9,8.24,1.36,Sheet Metal Micro-Tear Risk
TOYOTA-PR-2471,1177.1,21.3,53.5,6.02,1.3,Perfect Stamping Quality
TOYOTA-PR-2472,1645.2,19.6,51.9,7.47,1.28,Perfect Stamping Quality
TOYOTA-PR-2473,1666.7,31.0,57.1,6.65,1.53,Perfect Stamping Quality
TOYOTA-PR-2474,1650.7,17.9,51.5,6.47,1.31,Perfect Stamping Quality
TOYOTA-PR-2475,1702.9,15.4,52.7,6.47,1.19,Perfect Stamping Quality
TOYOTA-PR-2476,1583.4,26.1,51.7,6.54,1.42,Perfect Stamping Quality
TOYOTA-PR-2477,1064.7,18.2,45.0,5.7,1.2,Perfect Stamping Quality
TOYOTA-PR-2478,2119.9,22.7,60.4,7.29,1.52,Perfect Stamping Quality
TOYOTA-PR-2479,2369.6,31.2,58.3,7.71,1.3,Sheet Metal Micro-Tear Risk
TOYOTA-PR-2480,1799.4,25.3,59.0,6.83,1.42,Perfect Stamping Quality
TOYOTA-PR-2481,888.2,21.3,48.0,6.47,1.29,Perfect Stamping Quality
TOYOTA-PR-2482,1449.5,29.5,50.6,6.19,1.3,Perfect Stamping Quality
TOYOTA-PR-2483,2370.8,15.4,61.0,8.15,1.76,Sheet Metal Micro-Tear Risk
TOYOTA-PR-2484,1979.0,22.0,52.7,7.45,1.37,Perfect Stamping Quality
TOYOTA-PR-2485,2363.3,23.8,56.9,8.22,1.51,Sheet Metal Micro-Tear Risk
TOYOTA-PR-2486,1594.3,27.0,54.9,6.3,1.27,Perfect Stamping Quality
TOYOTA-PR-2487,2033.0,28.4,56.4,7.39,1.36,Perfect Stamping Quality
TOYOTA-PR-2488,2161.8,26.3,58.9,7.58,1.26,Sheet Metal Micro-Tear Risk
TOYOTA-PR-2489,880.0,18.9,45.6,5.72,1.45,Perfect Stamping Quality
TOYOTA-PR-2490,1237.4,26.7,48.6,5.92,1.38,Perfect Stamping Quality
TOYOTA-PR-2491,2043.0,26.6,54.0,6.92,1.3,Perfect Stamping Quality
TOYOTA-PR-2492,1764.5,15.8,51.0,7.18,1.31,Perfect Stamping Quality
TOYOTA-PR-2493,2153.0,26.4,57.5,8.04,1.39,Sheet Metal Micro-Tear Risk
TOYOTA-PR-2494,2180.3,15.5,54.6,7.75,1.26,Sheet Metal Micro-Tear Risk
TOYOTA-PR-2495,1473.7,27.8,49.3,6.08,1.29,Perfect Stamping Quality
TOYOTA-PR-2496,1088.4,27.2,47.1,5.86,1.26,Perfect Stamping Quality
TOYOTA-PR-2497,1044.5,18.0,50.5,6.81,1.21,Perfect Stamping Quality
TOYOTA-PR-2498,1042.5,23.4,45.3,5.79,1.31,Perfect Stamping Quality
TOYOTA-PR-2499,1611.9,14.2,54.8,6.36,1.25,Perfect Stamping Quality
TOYOTA-PR-2500,1727.7,17.5,58.8,6.52,1.31,Perfect Stamping Quality
TOYOTA-PR-2501,1835.6,31.5,62.1,7.3,1.25,Perfect Stamping Quality
TOYOTA-PR-2502,1030.2,23.0,42.8,5.83,1.18,Perfect Stamping Quality
TOYOTA-PR-2503,2291.0,29.6,65.5,7.78,1.39,Sheet Metal Micro-Tear Risk
TOYOTA-PR-2504,2287.9,26.6,62.3,7.51,1.6,Sheet Metal Micro-Tear Risk
TOYOTA-PR-2505,1566.3,20.3,53.3,7.08,1.38,Perfect Stamping Quality
TOYOTA-PR-2506,1495.3,21.7,54.0,5.77,1.52,Perfect Stamping Quality
TOYOTA-PR-2507,2218.8,27.5,60.2,8.06,1.14,Sheet Metal Micro-Tear Risk
TOYOTA-PR-2508,1473.9,29.2,49.1,6.04,1.27,Perfect Stamping Quality
TOYOTA-PR-2509,1424.1,19.1,49.7,7.09,1.39,Perfect Stamping Quality
TOYOTA-PR-2510,1774.1,20.6,51.0,7.09,1.33,Perfect Stamping Quality
TOYOTA-PR-2511,2142.3,14.2,60.0,7.69,1.27,Sheet Metal Micro-Tear Risk
TOYOTA-PR-2512,1848.4,17.4,47.4,7.2,1.09,Perfect Stamping Quality
TOYOTA-PR-2513,2114.9,16.3,60.0,7.52,1.49,Sheet Metal Micro-Tear Risk
TOYOTA-PR-2514,1105.0,20.7,46.1,5.51,1.39,Perfect Stamping Quality
TOYOTA-PR-2515,1149.2,23.9,42.9,6.57,1.32,Perfect Stamping Quality
TOYOTA-PR-2516,821.1,25.7,48.3,5.33,1.17,Perfect Stamping Quality
TOYOTA-PR-2517,2154.6,28.2,59.0,7.51,1.37,Sheet Metal Micro-Tear Risk
TOYOTA-PR-2518,1064.5,29.9,43.9,6.22,1.45,Perfect Stamping Quality
TOYOTA-PR-2519,1191.5,29.2,44.8,5.43,1.33,Perfect Stamping Quality
TOYOTA-PR-2520,1672.5,16.7,47.9,6.61,1.28,Perfect Stamping Quality
TOYOTA-PR-2521,1919.6,29.2,56.5,7.85,1.57,Sheet Metal Micro-Tear Risk
TOYOTA-PR-2522,1412.8,29.7,52.3,5.96,0.83,Perfect Stamping Quality
TOYOTA-PR-2523,940.4,15.7,43.7,6.01,1.5,Perfect Stamping Quality
TOYOTA-PR-2524,1937.8,22.8,57.2,8.0,1.56,Sheet Metal Micro-Tear Risk
TOYOTA-PR-2525,1936.6,30.4,58.3,7.6,1.51,Sheet Metal Micro-Tear Risk
TOYOTA-PR-2526,1753.3,16.6,52.9,6.87,1.32,Perfect Stamping Quality
TOYOTA-PR-2527,2016.3,21.6,62.1,8.36,1.43,Sheet Metal Micro-Tear Risk
TOYOTA-PR-2528,2182.9,20.8,56.9,7.38,1.09,Perfect Stamping Quality
TOYOTA-PR-2529,1664.4,21.9,47.3,6.54,1.28,Perfect Stamping Quality
TOYOTA-PR-2530,2224.1,28.3,56.3,8.11,1.38,Sheet Metal Micro-Tear Risk
TOYOTA-PR-2531,2352.8,29.2,62.1,7.02,1.37,Perfect Stamping Quality
TOYOTA-PR-2532,2144.4,25.6,59.4,8.25,1.28,Sheet Metal Micro-Tear Risk
TOYOTA-PR-2533,1734.3,20.0,52.7,6.29,1.03,Perfect Stamping Quality
TOYOTA-PR-2534,1010.9,30.9,52.6,5.85,1.46,Perfect Stamping Quality
TOYOTA-PR-2535,2229.6,18.1,57.1,7.85,1.37,Sheet Metal Micro-Tear Risk
TOYOTA-PR-2536,905.2,24.9,44.4,5.32,1.18,Perfect Stamping Quality
TOYOTA-PR-2537,1125.0,15.4,50.7,5.47,1.18,Perfect Stamping Quality
TOYOTA-PR-2538,986.7,17.3,47.2,5.57,1.25,Perfect Stamping Quality
TOYOTA-PR-2539,1610.9,25.4,50.4,5.8,1.33,Perfect Stamping Quality
TOYOTA-PR-2540,1013.2,23.0,47.2,6.41,1.32,Perfect Stamping Quality
TOYOTA-PR-2541,1121.7,29.9,51.9,6.2,1.32,Perfect Stamping Quality
TOYOTA-PR-2542,1982.6,15.3,49.2,7.57,1.31,Sheet Metal Micro-Tear Risk
TOYOTA-PR-2543,871.0,27.2,51.9,6.38,1.44,Perfect Stamping Quality
TOYOTA-PR-2544,1739.1,25.2,57.8,7.5,1.27,Sheet Metal Micro-Tear Risk
TOYOTA-PR-2545,1464.3,15.2,49.2,6.44,1.37,Perfect Stamping Quality
TOYOTA-PR-2546,918.2,24.1,46.8,6.6,1.27,Perfect Stamping Quality
TOYOTA-PR-2547,1765.8,15.5,50.3,7.25,1.34,Perfect Stamping Quality
TOYOTA-PR-2548,1001.2,20.7,51.9,5.34,1.09,Perfect Stamping Quality
TOYOTA-PR-2549,1198.9,24.2,47.0,6.3,0.96,Perfect Stamping Quality
TOYOTA-PR-2550,1700.6,31.1,52.3,7.24,1.44,Perfect Stamping Quality
TOYOTA-PR-2551,1280.7,28.9,48.6,6.49,1.22,Perfect Stamping Quality
TOYOTA-PR-2552,1902.8,23.4,54.5,7.54,1.39,Sheet Metal Micro-Tear Risk
TOYOTA-PR-2553,987.7,15.3,46.8,6.09,1.44,Perfect Stamping Quality
TOYOTA-PR-2554,1930.8,26.4,58.7,7.92,1.39,Sheet Metal Micro-Tear Risk
TOYOTA-PR-2555,1503.8,17.4,55.2,6.48,1.33,Perfect Stamping Quality
TOYOTA-PR-2556,1438.0,14.4,49.3,6.17,1.18,Perfect Stamping Quality
TOYOTA-PR-2557,2247.2,16.2,58.5,7.78,1.37,Sheet Metal Micro-Tear Risk
TOYOTA-PR-2558,1480.7,18.2,52.0,6.42,1.19,Perfect Stamping Quality
TOYOTA-PR-2559,2189.1,28.0,60.1,7.99,1.32,Sheet Metal Micro-Tear Risk
TOYOTA-PR-2560,1340.0,17.4,56.0,6.34,1.41,Perfect Stamping Quality
TOYOTA-PR-2561,1417.2,23.9,50.8,6.82,1.28,Perfect Stamping Quality
TOYOTA-PR-2562,1868.9,25.1,57.1,7.78,1.21,Sheet Metal Micro-Tear Risk
TOYOTA-PR-2563,1646.3,14.7,52.2,6.95,1.25,Perfect Stamping Quality
TOYOTA-PR-2564,1355.7,26.1,49.2,6.78,1.1,Perfect Stamping Quality
TOYOTA-PR-2565,2202.2,14.4,62.0,8.04,1.35,Sheet Metal Micro-Tear Risk
TOYOTA-PR-2566,1755.8,22.2,57.6,6.81,1.27,Perfect Stamping Quality
TOYOTA-PR-2567,1374.6,19.7,50.8,5.95,1.36,Perfect Stamping Quality
TOYOTA-PR-2568,1392.4,19.4,45.7,6.25,1.2,Perfect Stamping Quality
TOYOTA-PR-2569,1631.1,21.9,56.2,6.5,1.13,Perfect Stamping Quality
TOYOTA-PR-2570,1654.2,19.9,44.1,7.5,1.14,Perfect Stamping Quality
TOYOTA-PR-2571,1942.8,14.6,50.4,7.58,1.54,Sheet Metal Micro-Tear Risk
TOYOTA-PR-2572,2342.2,29.3,56.9,7.81,1.09,Sheet Metal Micro-Tear Risk
TOYOTA-PR-2573,1253.2,30.2,47.7,5.93,1.51,Perfect Stamping Quality
TOYOTA-PR-2574,1018.5,25.9,47.7,6.4,1.22,Perfect Stamping Quality
TOYOTA-PR-2575,1257.2,20.1,52.5,6.15,1.42,Perfect Stamping Quality
TOYOTA-PR-2576,1486.3,18.3,43.7,6.67,1.46,Perfect Stamping Quality
TOYOTA-PR-2577,1566.9,21.2,51.8,6.4,1.34,Perfect Stamping Quality
TOYOTA-PR-2578,973.4,18.0,48.4,6.03,1.18,Perfect Stamping Quality
TOYOTA-PR-2579,1089.2,25.2,47.7,6.27,1.2,Perfect Stamping Quality
TOYOTA-PR-2580,1976.5,17.8,56.7,7.72,1.46,Sheet Metal Micro-Tear Risk
TOYOTA-PR-2581,2137.6,27.7,58.7,7.89,1.29,Sheet Metal Micro-Tear Risk
TOYOTA-PR-2582,1276.4,27.3,51.3,6.11,1.28,Perfect Stamping Quality
TOYOTA-PR-2583,1519.7,19.6,51.4,6.3,1.08,Perfect Stamping Quality
TOYOTA-PR-2584,1602.9,24.9,47.1,6.92,1.2,Perfect Stamping Quality
TOYOTA-PR-2585,937.9,17.9,42.8,5.68,1.59,Perfect Stamping Quality
TOYOTA-PR-2586,1282.3,19.8,51.6,6.34,1.19,Perfect Stamping Quality
TOYOTA-PR-2587,1778.0,30.7,54.1,7.07,1.22,Perfect Stamping Quality
TOYOTA-PR-2588,1588.6,15.3,53.2,6.74,1.52,Perfect Stamping Quality
TOYOTA-PR-2589,2258.6,26.5,59.4,7.94,1.43,Sheet Metal Micro-Tear Risk
TOYOTA-PR-2590,1372.9,22.8,49.0,6.39,1.51,Perfect Stamping Quality
TOYOTA-PR-2591,987.8,27.1,48.1,4.61,1.38,Perfect Stamping Quality
TOYOTA-PR-2592,1220.3,23.3,48.1,6.06,1.29,Perfect Stamping Quality
TOYOTA-PR-2593,1953.7,27.3,56.0,7.62,1.45,Sheet Metal Micro-Tear Risk
TOYOTA-PR-2594,2373.8,19.7,61.4,7.5,1.29,Sheet Metal Micro-Tear Risk
TOYOTA-PR-2595,2354.2,25.7,60.2,8.48,1.42,Sheet Metal Micro-Tear Risk
TOYOTA-PR-2596,852.5,31.0,43.7,5.66,1.22,Perfect Stamping Quality
TOYOTA-PR-2597,869.4,15.7,49.2,5.86,1.22,Perfect Stamping Quality
TOYOTA-PR-2598,1463.6,30.8,48.5,6.42,1.54,Perfect Stamping Quality
TOYOTA-PR-2599,1485.0,23.4,50.0,7.04,1.58,Perfect Stamping Quality
TOYOTA-PR-2600,910.6,29.4,44.9,6.18,1.32,Perfect Stamping Quality
TOYOTA-PR-2601,907.0,18.5,45.2,5.84,1.27,Perfect Stamping Quality
TOYOTA-PR-2602,1034.8,19.6,45.3,6.23,1.41,Perfect Stamping Quality
TOYOTA-PR-2603,1590.0,17.4,53.4,6.91,1.27,Perfect Stamping Quality
TOYOTA-PR-2604,1210.7,30.1,51.8,6.09,1.5,Perfect Stamping Quality
TOYOTA-PR-2605,1805.5,16.2,54.7,7.6,1.58,Sheet Metal Micro-Tear Risk
TOYOTA-PR-2606,1511.0,17.3,54.8,6.41,1.5,Perfect Stamping Quality
TOYOTA-PR-2607,946.3,30.8,51.8,6.12,1.51,Perfect Stamping Quality
TOYOTA-PR-2608,1670.4,20.6,50.4,6.5,1.06,Perfect Stamping Quality
TOYOTA-PR-2609,1128.6,15.6,43.2,6.69,1.16,Perfect Stamping Quality
TOYOTA-PR-2610,1899.0,25.4,57.3,7.26,1.35,Perfect Stamping Quality
TOYOTA-PR-2611,1656.8,30.4,52.3,6.13,1.39,Perfect Stamping Quality
TOYOTA-PR-2612,1236.5,14.6,47.3,6.19,1.29,Perfect Stamping Quality
TOYOTA-PR-2613,1510.0,30.4,49.7,5.99,1.32,Perfect Stamping Quality
TOYOTA-PR-2614,1882.1,27.3,55.0,7.41,1.71,Sheet Metal Micro-Tear Risk
TOYOTA-PR-2615,2106.5,31.6,58.3,7.35,1.7,Sheet Metal Micro-Tear Risk
TOYOTA-PR-2616,990.2,19.9,46.8,5.6,1.41,Perfect Stamping Quality
TOYOTA-PR-2617,2094.5,24.1,58.7,6.91,1.27,Perfect Stamping Quality
TOYOTA-PR-2618,1741.7,28.7,54.9,7.27,1.17,Perfect Stamping Quality
TOYOTA-PR-2619,941.2,17.2,48.2,6.24,1.1,Perfect Stamping Quality
TOYOTA-PR-2620,1221.3,15.2,51.0,5.93,1.41,Perfect Stamping Quality
TOYOTA-PR-2621,2186.9,26.8,58.4,8.34,1.16,Sheet Metal Micro-Tear Risk
TOYOTA-PR-2622,2071.6,27.0,53.5,7.81,1.15,Sheet Metal Micro-Tear Risk
TOYOTA-PR-2623,1833.6,15.9,54.2,7.25,1.47,Perfect Stamping Quality
TOYOTA-PR-2624,1314.0,18.1,48.3,7.02,1.49,Perfect Stamping Quality
TOYOTA-PR-2625,2152.7,20.4,58.5,8.3,1.15,Sheet Metal Micro-Tear Risk
TOYOTA-PR-2626,1728.9,28.0,47.7,7.11,1.3,Perfect Stamping Quality
TOYOTA-PR-2627,2168.2,22.0,59.3,7.66,1.46,Sheet Metal Micro-Tear Risk
TOYOTA-PR-2628,2058.9,29.4,58.4,7.41,1.48,Perfect Stamping Quality
TOYOTA-PR-2629,2027.4,23.4,61.7,7.46,1.47,Perfect Stamping Quality
TOYOTA-PR-2630,1154.8,18.1,49.6,6.57,1.26,Perfect Stamping Quality
TOYOTA-PR-2631,892.4,24.8,44.7,5.93,1.61,Perfect Stamping Quality
TOYOTA-PR-2632,1882.1,14.8,61.5,6.98,1.56,Perfect Stamping Quality
TOYOTA-PR-2633,2379.4,20.5,60.3,8.08,1.32,Sheet Metal Micro-Tear Risk
TOYOTA-PR-2634,1080.7,28.2,46.3,5.95,1.44,Perfect Stamping Quality
TOYOTA-PR-2635,2351.7,21.4,60.4,8.25,1.52,Sheet Metal Micro-Tear Risk
TOYOTA-PR-2636,1739.3,26.0,49.6,7.0,1.3,Perfect Stamping Quality
TOYOTA-PR-2637,1349.4,21.3,50.6,5.91,1.4,Perfect Stamping Quality
TOYOTA-PR-2638,1687.0,14.9,51.9,6.81,1.52,Perfect Stamping Quality
TOYOTA-PR-2639,1355.5,15.8,49.8,5.98,1.26,Perfect Stamping Quality
TOYOTA-PR-2640,1844.5,26.2,50.4,6.47,1.16,Perfect Stamping Quality
TOYOTA-PR-2641,1106.9,22.0,54.8,6.07,1.55,Perfect Stamping Quality
TOYOTA-PR-2642,1686.7,17.0,51.2,6.54,1.47,Perfect Stamping Quality
TOYOTA-PR-2643,864.5,24.7,45.0,5.49,1.26,Perfect Stamping Quality
TOYOTA-PR-2644,1007.9,29.0,50.4,5.81,1.22,Perfect Stamping Quality
TOYOTA-PR-2645,2320.9,26.3,61.3,8.19,1.34,Sheet Metal Micro-Tear Risk
TOYOTA-PR-2646,1759.3,24.2,54.8,7.7,1.51,Sheet Metal Micro-Tear Risk
TOYOTA-PR-2647,2309.6,29.8,54.8,8.08,1.48,Sheet Metal Micro-Tear Risk
TOYOTA-PR-2648,1708.9,24.2,48.9,7.04,1.48,Perfect Stamping Quality
TOYOTA-PR-2649,885.0,29.5,47.8,5.51,1.32,Perfect Stamping Quality
TOYOTA-PR-2650,2366.9,26.4,59.3,8.39,1.29,Sheet Metal Micro-Tear Risk
TOYOTA-PR-2651,900.3,16.5,44.2,5.62,1.22,Perfect Stamping Quality
TOYOTA-PR-2652,1749.2,31.0,59.2,6.88,1.76,Sheet Metal Micro-Tear Risk
TOYOTA-PR-2653,2320.8,29.3,59.7,7.52,1.37,Sheet Metal Micro-Tear Risk
TOYOTA-PR-2654,1663.9,19.2,53.4,7.57,1.15,Sheet Metal Micro-Tear Risk
TOYOTA-PR-2655,1327.3,30.3,44.7,5.97,1.18,Perfect Stamping Quality
TOYOTA-PR-2656,1737.5,20.4,57.3,7.29,1.56,Perfect Stamping Quality
TOYOTA-PR-2657,2099.4,19.9,61.3,7.72,1.38,Sheet Metal Micro-Tear Risk
TOYOTA-PR-2658,1107.2,26.3,47.3,5.87,1.24,Perfect Stamping Quality
TOYOTA-PR-2659,1863.7,25.1,56.9,7.36,1.47,Perfect Stamping Quality
TOYOTA-PR-2660,2355.0,29.3,59.2,8.47,1.32,Sheet Metal Micro-Tear Risk
TOYOTA-PR-2661,2069.3,16.3,57.4,7.5,1.27,Sheet Metal Micro-Tear Risk
TOYOTA-PR-2662,1894.3,15.6,51.9,7.82,1.4,Sheet Metal Micro-Tear Risk
TOYOTA-PR-2663,1863.2,23.5,56.3,6.98,1.66,Sheet Metal Micro-Tear Risk
TOYOTA-PR-2664,1783.1,20.7,48.5,6.66,1.04,Perfect Stamping Quality
TOYOTA-PR-2665,970.1,24.6,48.8,5.41,1.34,Perfect Stamping Quality
TOYOTA-PR-2666,1638.1,27.5,53.1,6.65,1.25,Perfect Stamping Quality
TOYOTA-PR-2667,2072.1,17.8,55.4,7.06,1.38,Perfect Stamping Quality
TOYOTA-PR-2668,1417.2,20.0,50.1,6.04,1.33,Perfect Stamping Quality
TOYOTA-PR-2669,1310.0,23.1,48.3,6.45,1.27,Perfect Stamping Quality
TOYOTA-PR-2670,1673.9,15.6,53.4,7.37,1.45,Perfect Stamping Quality
TOYOTA-PR-2671,2238.5,27.2,55.6,7.29,1.26,Perfect Stamping Quality
TOYOTA-PR-2672,2062.1,21.2,55.3,7.04,1.21,Perfect Stamping Quality
TOYOTA-PR-2673,1972.9,30.6,57.6,7.39,1.38,Perfect Stamping Quality
TOYOTA-PR-2674,1254.1,22.8,50.1,6.42,1.09,Perfect Stamping Quality
TOYOTA-PR-2675,1047.4,14.1,50.4,5.21,1.27,Perfect Stamping Quality
TOYOTA-PR-2676,1457.5,18.7,57.5,7.07,1.46,Perfect Stamping Quality
TOYOTA-PR-2677,1816.0,29.0,52.8,6.96,1.32,Perfect Stamping Quality
TOYOTA-PR-2678,1010.2,16.4,48.9,5.9,1.62,Perfect Stamping Quality
TOYOTA-PR-2679,1365.7,30.0,47.7,6.43,1.44,Perfect Stamping Quality
TOYOTA-PR-2680,1555.4,21.8,53.3,6.65,1.39,Perfect Stamping Quality
TOYOTA-PR-2681,1542.2,29.6,46.2,6.42,1.42,Perfect Stamping Quality
TOYOTA-PR-2682,1603.8,26.2,51.3,6.91,1.26,Perfect Stamping Quality
TOYOTA-PR-2683,2319.6,30.1,60.8,8.26,1.24,Sheet Metal Micro-Tear Risk
TOYOTA-PR-2684,1480.5,16.8,53.1,6.19,1.32,Perfect Stamping Quality
TOYOTA-PR-2685,1737.5,16.0,51.4,6.7,1.35,Perfect Stamping Quality
TOYOTA-PR-2686,1140.1,32.0,44.4,6.7,1.46,Perfect Stamping Quality
TOYOTA-PR-2687,950.3,23.2,44.3,5.79,1.12,Perfect Stamping Quality
TOYOTA-PR-2688,1321.1,22.5,45.2,6.04,1.4,Perfect Stamping Quality
TOYOTA-PR-2689,1929.1,30.7,55.9,7.41,1.54,Perfect Stamping Quality
TOYOTA-PR-2690,1090.4,16.0,50.6,5.98,1.34,Perfect Stamping Quality
TOYOTA-PR-2691,1235.0,20.7,45.9,5.98,1.1,Perfect Stamping Quality
TOYOTA-PR-2692,1870.5,15.4,55.9,7.3,1.47,Perfect Stamping Quality
TOYOTA-PR-2693,1395.2,22.1,47.1,6.35,1.26,Perfect Stamping Quality
TOYOTA-PR-2694,2275.1,19.4,58.6,7.69,1.52,Sheet Metal Micro-Tear Risk
TOYOTA-PR-2695,1836.2,30.7,58.5,6.43,1.18,Perfect Stamping Quality
TOYOTA-PR-2696,1307.7,17.9,45.1,5.86,1.25,Perfect Stamping Quality
TOYOTA-PR-2697,1706.9,29.6,54.5,7.32,1.56,Perfect Stamping Quality
TOYOTA-PR-2698,2149.7,15.2,62.6,8.0,1.48,Sheet Metal Micro-Tear Risk
TOYOTA-PR-2699,1079.1,18.0,46.9,6.14,1.4,Perfect Stamping Quality
TOYOTA-PR-2700,1996.8,18.3,57.2,7.73,1.18,Sheet Metal Micro-Tear Risk
TOYOTA-PR-2701,1689.6,21.5,53.3,6.98,1.11,Perfect Stamping Quality
TOYOTA-PR-2702,1151.9,15.9,49.9,5.88,1.48,Perfect Stamping Quality
TOYOTA-PR-2703,2288.7,15.6,60.5,7.71,1.49,Sheet Metal Micro-Tear Risk
TOYOTA-PR-2704,2324.9,28.5,64.4,7.5,1.56,Sheet Metal Micro-Tear Risk
TOYOTA-PR-2705,1391.8,28.1,51.1,6.24,1.37,Perfect Stamping Quality
TOYOTA-PR-2706,1767.3,23.9,52.0,6.76,1.24,Perfect Stamping Quality
TOYOTA-PR-2707,2311.1,29.2,55.0,8.61,1.3,Sheet Metal Micro-Tear Risk
TOYOTA-PR-2708,1053.4,15.7,46.8,5.95,1.5,Perfect Stamping Quality
TOYOTA-PR-2709,1421.3,27.8,58.6,6.33,1.39,Perfect Stamping Quality
TOYOTA-PR-2710,867.2,21.2,39.7,5.31,1.15,Perfect Stamping Quality
TOYOTA-PR-2711,1739.4,24.8,56.2,6.97,1.46,Perfect Stamping Quality
TOYOTA-PR-2712,2123.0,25.1,57.5,7.2,1.44,Perfect Stamping Quality
TOYOTA-PR-2713,1345.9,26.2,50.6,6.95,1.18,Perfect Stamping Quality
TOYOTA-PR-2714,2282.0,28.3,57.5,8.29,1.64,Sheet Metal Micro-Tear Risk
TOYOTA-PR-2715,1085.6,15.8,47.7,5.73,1.31,Perfect Stamping Quality
TOYOTA-PR-2716,1104.8,22.4,48.7,6.04,1.49,Perfect Stamping Quality
TOYOTA-PR-2717,2074.0,18.4,58.7,7.39,1.36,Perfect Stamping Quality
TOYOTA-PR-2718,999.6,28.8,48.1,5.3,1.39,Perfect Stamping Quality
TOYOTA-PR-2719,2012.6,18.7,55.8,8.18,1.51,Sheet Metal Micro-Tear Risk
TOYOTA-PR-2720,1586.9,19.2,48.1,5.95,1.24,Perfect Stamping Quality
TOYOTA-PR-2721,1915.8,31.6,53.7,7.31,1.31,Perfect Stamping Quality
TOYOTA-PR-2722,2097.8,24.3,58.3,8.09,1.3,Sheet Metal Micro-Tear Risk
TOYOTA-PR-2723,1610.2,24.0,57.7,7.23,1.57,Perfect Stamping Quality
TOYOTA-PR-2724,1544.2,15.5,52.8,6.45,1.49,Perfect Stamping Quality
TOYOTA-PR-2725,1212.0,30.0,52.1,5.85,1.14,Perfect Stamping Quality
TOYOTA-PR-2726,1548.7,20.5,49.5,6.97,1.15,Perfect Stamping Quality
TOYOTA-PR-2727,2347.2,17.6,54.8,7.97,1.2,Sheet Metal Micro-Tear Risk
TOYOTA-PR-2728,2158.9,17.9,60.5,7.74,1.59,Sheet Metal Micro-Tear Risk
TOYOTA-PR-2729,1662.7,23.0,48.1,7.76,1.37,Sheet Metal Micro-Tear Risk
TOYOTA-PR-2730,1271.0,29.7,56.0,5.82,1.17,Perfect Stamping Quality
TOYOTA-PR-2731,1463.7,19.5,53.0,6.79,1.49,Perfect Stamping Quality
TOYOTA-PR-2732,1758.6,16.6,52.9,7.36,1.35,Perfect Stamping Quality
TOYOTA-PR-2733,1119.0,31.0,44.5,5.86,1.4,Perfect Stamping Quality
TOYOTA-PR-2734,2044.0,22.2,56.6,6.9,1.31,Perfect Stamping Quality
TOYOTA-PR-2735,1082.8,15.3,48.6,5.77,1.37,Perfect Stamping Quality
TOYOTA-PR-2736,1371.1,14.6,58.2,6.78,1.39,Perfect Stamping Quality
TOYOTA-PR-2737,1621.9,22.4,49.3,6.71,1.31,Perfect Stamping Quality
TOYOTA-PR-2738,2075.7,29.5,51.4,7.63,1.18,Sheet Metal Micro-Tear Risk
TOYOTA-PR-2739,1651.6,21.4,50.7,7.1,1.4,Perfect Stamping Quality
TOYOTA-PR-2740,1729.1,23.8,55.5,7.47,1.13,Perfect Stamping Quality
TOYOTA-PR-2741,1120.6,17.4,55.5,6.19,1.4,Perfect Stamping Quality
TOYOTA-PR-2742,1946.6,14.1,54.2,6.88,1.48,Perfect Stamping Quality
TOYOTA-PR-2743,1715.1,21.7,53.4,6.65,1.47,Perfect Stamping Quality
TOYOTA-PR-2744,1864.8,28.1,55.5,7.03,1.49,Perfect Stamping Quality
TOYOTA-PR-2745,2393.0,16.7,55.5,8.23,1.3,Sheet Metal Micro-Tear Risk
TOYOTA-PR-2746,1681.3,24.1,52.9,6.84,1.3,Perfect Stamping Quality
TOYOTA-PR-2747,906.3,29.2,47.5,4.56,1.09,Perfect Stamping Quality
TOYOTA-PR-2748,1744.7,28.9,51.7,7.06,1.55,Perfect Stamping Quality
TOYOTA-PR-2749,885.1,18.2,48.6,5.23,1.29,Perfect Stamping Quality
TOYOTA-PR-2750,1797.3,29.6,60.7,6.35,1.14,Perfect Stamping Quality
TOYOTA-PR-2751,1214.5,16.7,45.1,6.17,1.26,Perfect Stamping Quality
TOYOTA-PR-2752,2003.8,16.7,51.7,7.96,1.29,Sheet Metal Micro-Tear Risk
TOYOTA-PR-2753,1650.1,19.8,43.9,7.15,1.18,Perfect Stamping Quality
TOYOTA-PR-2754,1495.5,32.0,52.2,6.6,1.25,Perfect Stamping Quality
TOYOTA-PR-2755,2270.5,14.3,54.7,7.9,1.4,Sheet Metal Micro-Tear Risk
TOYOTA-PR-2756,2089.9,15.3,52.3,7.61,1.18,Sheet Metal Micro-Tear Risk
TOYOTA-PR-2757,1285.9,14.3,50.8,6.16,1.41,Perfect Stamping Quality
TOYOTA-PR-2758,1258.4,20.3,46.8,5.71,1.23,Perfect Stamping Quality
TOYOTA-PR-2759,938.7,15.2,47.6,5.43,1.1,Perfect Stamping Quality
TOYOTA-PR-2760,1714.1,31.6,49.2,7.12,1.05,Perfect Stamping Quality
TOYOTA-PR-2761,1287.7,22.6,49.6,6.71,1.12,Perfect Stamping Quality
TOYOTA-PR-2762,1269.5,21.8,49.4,5.53,1.29,Perfect Stamping Quality
TOYOTA-PR-2763,1826.6,26.5,52.8,7.08,1.33,Perfect Stamping Quality
TOYOTA-PR-2764,2155.1,27.2,58.8,7.21,1.45,Perfect Stamping Quality
TOYOTA-PR-2765,1492.1,24.7,52.3,6.73,1.19,Perfect Stamping Quality
TOYOTA-PR-2766,961.3,28.3,47.3,6.17,1.36,Perfect Stamping Quality
TOYOTA-PR-2767,2392.4,21.5,60.4,8.43,1.28,Sheet Metal Micro-Tear Risk
TOYOTA-PR-2768,1247.7,16.3,44.4,5.21,1.25,Perfect Stamping Quality
TOYOTA-PR-2769,1058.9,31.2,48.3,5.45,1.23,Perfect Stamping Quality
TOYOTA-PR-2770,1871.1,15.9,56.0,7.08,1.57,Perfect Stamping Quality
TOYOTA-PR-2771,2105.0,23.8,58.1,7.42,1.32,Perfect Stamping Quality
TOYOTA-PR-2772,1677.6,22.5,51.2,6.84,1.31,Perfect Stamping Quality
TOYOTA-PR-2773,1080.5,17.9,50.0,5.53,1.14,Perfect Stamping Quality
TOYOTA-PR-2774,2198.6,27.5,59.6,7.44,1.5,Perfect Stamping Quality
TOYOTA-PR-2775,932.9,29.9,48.0,6.2,1.17,Perfect Stamping Quality
TOYOTA-PR-2776,1493.6,21.4,50.2,5.9,1.18,Perfect Stamping Quality
TOYOTA-PR-2777,1897.3,31.3,57.1,7.22,1.2,Perfect Stamping Quality
TOYOTA-PR-2778,2296.9,25.6,58.0,7.61,1.29,Sheet Metal Micro-Tear Risk
TOYOTA-PR-2779,1198.3,31.2,51.4,5.42,1.8,Sheet Metal Micro-Tear Risk
TOYOTA-PR-2780,837.1,22.0,41.1,5.23,1.29,Perfect Stamping Quality
TOYOTA-PR-2781,2147.7,15.5,59.2,7.75,1.4,Sheet Metal Micro-Tear Risk
TOYOTA-PR-2782,1461.8,22.7,55.1,6.01,1.43,Perfect Stamping Quality
TOYOTA-PR-2783,1812.3,22.1,49.7,7.51,1.43,Sheet Metal Micro-Tear Risk
TOYOTA-PR-2784,2280.5,21.2,61.5,7.14,1.68,Sheet Metal Micro-Tear Risk
TOYOTA-PR-2785,963.6,16.2,48.3,5.53,1.46,Perfect Stamping Quality
TOYOTA-PR-2786,1194.7,26.8,54.1,5.82,1.18,Perfect Stamping Quality
TOYOTA-PR-2787,1278.8,26.5,48.0,6.44,1.53,Perfect Stamping Quality
TOYOTA-PR-2788,1854.9,31.5,54.9,7.81,1.41,Sheet Metal Micro-Tear Risk
TOYOTA-PR-2789,2243.1,30.0,62.0,7.57,1.35,Sheet Metal Micro-Tear Risk
TOYOTA-PR-2790,1085.5,17.2,43.4,5.22,1.43,Perfect Stamping Quality
TOYOTA-PR-2791,2334.2,19.1,59.9,7.84,1.46,Sheet Metal Micro-Tear Risk
TOYOTA-PR-2792,1826.6,29.7,56.2,7.12,1.23,Perfect Stamping Quality
TOYOTA-PR-2793,1642.9,27.4,57.0,6.12,1.31,Perfect Stamping Quality
TOYOTA-PR-2794,1739.4,26.4,48.6,7.23,1.43,Perfect Stamping Quality
TOYOTA-PR-2795,869.8,27.9,49.0,5.18,1.24,Perfect Stamping Quality
TOYOTA-PR-2796,946.4,21.4,47.7,6.04,1.25,Perfect Stamping Quality
TOYOTA-PR-2797,1881.5,29.8,53.5,6.87,1.14,Perfect Stamping Quality
TOYOTA-PR-2798,968.5,20.7,48.2,6.41,1.36,Perfect Stamping Quality
TOYOTA-PR-2799,2056.6,17.0,55.6,7.18,1.19,Perfect Stamping Quality
TOYOTA-PR-2800,1767.2,27.8,50.6,6.73,1.09,Perfect Stamping Quality
TOYOTA-PR-2801,1056.3,18.1,49.2,5.8,1.38,Perfect Stamping Quality
TOYOTA-PR-2802,2071.3,29.1,58.3,7.77,1.36,Sheet Metal Micro-Tear Risk
TOYOTA-PR-2803,857.8,24.2,48.5,5.74,1.37,Perfect Stamping Quality
TOYOTA-PR-2804,2069.4,31.9,61.4,7.58,1.36,Sheet Metal Micro-Tear Risk
TOYOTA-PR-2805,1388.5,24.1,48.4,6.54,1.4,Perfect Stamping Quality
TOYOTA-PR-2806,2266.6,30.3,58.2,7.54,1.56,Sheet Metal Micro-Tear Risk
TOYOTA-PR-2807,1154.0,17.2,47.5,6.88,1.21,Perfect Stamping Quality
TOYOTA-PR-2808,1983.3,31.0,57.6,6.71,1.53,Perfect Stamping Quality
TOYOTA-PR-2809,2332.2,23.0,56.5,7.84,1.44,Sheet Metal Micro-Tear Risk
TOYOTA-PR-2810,2010.7,23.9,53.0,7.46,1.21,Perfect Stamping Quality
TOYOTA-PR-2811,1656.4,23.5,54.2,6.83,1.27,Perfect Stamping Quality
TOYOTA-PR-2812,1601.4,27.7,51.0,7.53,1.18,Sheet Metal Micro-Tear Risk
TOYOTA-PR-2813,1263.5,26.9,52.0,5.82,1.31,Perfect Stamping Quality
TOYOTA-PR-2814,1339.9,21.8,48.9,6.82,1.27,Perfect Stamping Quality
TOYOTA-PR-2815,1952.3,24.8,54.6,7.52,1.2,Sheet Metal Micro-Tear Risk
TOYOTA-PR-2816,854.2,30.3,46.8,5.57,1.61,Perfect Stamping Quality
TOYOTA-PR-2817,2223.3,25.1,62.4,8.69,1.57,Sheet Metal Micro-Tear Risk
TOYOTA-PR-2818,2165.3,26.4,57.9,8.39,1.46,Sheet Metal Micro-Tear Risk
TOYOTA-PR-2819,1991.2,24.5,57.8,7.43,1.4,Perfect Stamping Quality
TOYOTA-PR-2820,1617.7,29.7,50.8,6.65,1.42,Perfect Stamping Quality
TOYOTA-PR-2821,1402.6,22.2,54.1,6.13,1.44,Perfect Stamping Quality
TOYOTA-PR-2822,1757.9,21.7,55.7,7.21,1.43,Perfect Stamping Quality
TOYOTA-PR-2823,1907.8,14.6,56.8,7.2,1.42,Perfect Stamping Quality
TOYOTA-PR-2824,1023.0,17.2,42.1,5.04,1.25,Perfect Stamping Quality
TOYOTA-PR-2825,1594.3,24.2,51.3,6.83,1.19,Perfect Stamping Quality
TOYOTA-PR-2826,1352.6,21.3,51.9,6.85,1.12,Perfect Stamping Quality
TOYOTA-PR-2827,1841.1,27.6,56.2,6.6,1.42,Perfect Stamping Quality
TOYOTA-PR-2828,2249.2,26.6,57.4,8.65,1.28,Sheet Metal Micro-Tear Risk
TOYOTA-PR-2829,1234.6,28.4,48.1,5.56,1.02,Perfect Stamping Quality
TOYOTA-PR-2830,1344.9,16.6,54.4,6.39,1.09,Perfect Stamping Quality
TOYOTA-PR-2831,1707.9,28.3,57.1,6.72,1.22,Perfect Stamping Quality
TOYOTA-PR-2832,2087.5,21.1,55.1,8.0,1.1,Sheet Metal Micro-Tear Risk
TOYOTA-PR-2833,1137.0,29.0,46.7,6.2,1.39,Perfect Stamping Quality
TOYOTA-PR-2834,1197.9,31.8,49.8,6.39,1.23,Perfect Stamping Quality
TOYOTA-PR-2835,2157.8,27.9,59.9,7.1,1.24,Perfect Stamping Quality
TOYOTA-PR-2836,1378.2,32.0,52.5,7.07,1.0,Perfect Stamping Quality
TOYOTA-PR-2837,1094.1,21.3,51.9,6.06,1.11,Perfect Stamping Quality
TOYOTA-PR-2838,962.5,27.8,47.7,5.89,1.37,Perfect Stamping Quality
TOYOTA-PR-2839,1352.5,19.9,45.0,6.27,1.06,Perfect Stamping Quality
TOYOTA-PR-2840,873.6,17.2,46.1,5.18,1.37,Perfect Stamping Quality
TOYOTA-PR-2841,1148.0,22.4,51.9,6.29,1.35,Perfect Stamping Quality
TOYOTA-PR-2842,1760.5,31.3,54.0,6.72,1.46,Perfect Stamping Quality
TOYOTA-PR-2843,1999.4,21.0,60.5,6.74,1.48,Perfect Stamping Quality
TOYOTA-PR-2844,825.8,17.7,51.1,5.96,1.23,Perfect Stamping Quality
TOYOTA-PR-2845,1993.7,21.3,58.2,7.29,1.16,Perfect Stamping Quality
TOYOTA-PR-2846,906.7,24.9,49.9,5.08,1.44,Perfect Stamping Quality
TOYOTA-PR-2847,990.1,20.4,47.2,5.69,1.37,Perfect Stamping Quality
TOYOTA-PR-2848,1485.7,20.9,47.5,6.38,1.37,Perfect Stamping Quality
TOYOTA-PR-2849,1568.3,28.8,52.7,6.75,1.34,Perfect Stamping Quality
TOYOTA-PR-2850,1594.0,24.9,55.6,5.91,1.48,Perfect Stamping Quality
TOYOTA-PR-2851,1327.2,22.1,51.0,6.63,1.21,Perfect Stamping Quality
TOYOTA-PR-2852,1115.8,23.8,52.5,5.36,1.48,Perfect Stamping Quality
TOYOTA-PR-2853,2024.3,22.8,57.9,7.75,1.55,Sheet Metal Micro-Tear Risk
TOYOTA-PR-2854,817.4,23.4,48.8,5.33,1.35,Perfect Stamping Quality
TOYOTA-PR-2855,2020.0,24.1,54.5,6.98,1.25,Perfect Stamping Quality
TOYOTA-PR-2856,1475.0,17.8,52.0,6.66,1.78,Sheet Metal Micro-Tear Risk
TOYOTA-PR-2857,1914.2,31.7,56.5,7.97,1.5,Sheet Metal Micro-Tear Risk
TOYOTA-PR-2858,1488.0,16.2,56.6,6.78,1.48,Perfect Stamping Quality
TOYOTA-PR-2859,1997.1,31.6,53.0,7.8,1.37,Sheet Metal Micro-Tear Risk
TOYOTA-PR-2860,2181.5,18.5,57.8,7.82,1.0,Sheet Metal Micro-Tear Risk
TOYOTA-PR-2861,2377.8,17.3,57.1,7.8,1.49,Sheet Metal Micro-Tear Risk
TOYOTA-PR-2862,897.0,26.1,40.6,5.81,1.23,Perfect Stamping Quality
TOYOTA-PR-2863,1256.3,15.0,51.3,5.91,1.2,Perfect Stamping Quality
TOYOTA-PR-2864,1204.9,14.6,51.0,5.78,1.32,Perfect Stamping Quality
TOYOTA-PR-2865,1620.7,20.3,55.5,6.6,1.45,Perfect Stamping Quality
TOYOTA-PR-2866,2347.6,26.4,55.2,7.75,1.3,Sheet Metal Micro-Tear Risk
TOYOTA-PR-2867,910.2,14.1,45.8,5.68,1.45,Perfect Stamping Quality
TOYOTA-PR-2868,1439.0,20.1,45.7,6.24,1.31,Perfect Stamping Quality
TOYOTA-PR-2869,2382.1,23.9,63.3,8.07,1.67,Sheet Metal Micro-Tear Risk
TOYOTA-PR-2870,1480.4,20.9,51.1,6.62,1.37,Perfect Stamping Quality
TOYOTA-PR-2871,1574.1,19.3,49.5,6.64,1.19,Perfect Stamping Quality
TOYOTA-PR-2872,1641.3,16.9,53.6,7.21,1.55,Perfect Stamping Quality
TOYOTA-PR-2873,1377.1,25.0,53.6,7.27,1.48,Perfect Stamping Quality
TOYOTA-PR-2874,1829.6,23.6,50.2,7.73,1.24,Sheet Metal Micro-Tear Risk
TOYOTA-PR-2875,1737.1,21.7,55.1,6.94,1.37,Perfect Stamping Quality
TOYOTA-PR-2876,1608.6,28.6,53.7,6.51,1.4,Perfect Stamping Quality
TOYOTA-PR-2877,820.9,31.5,48.1,5.8,1.29,Perfect Stamping Quality
TOYOTA-PR-2878,1856.4,23.5,55.6,7.53,1.36,Sheet Metal Micro-Tear Risk
TOYOTA-PR-2879,1729.4,21.5,55.1,7.09,1.2,Perfect Stamping Quality
TOYOTA-PR-2880,2124.9,23.3,55.3,7.68,1.4,Sheet Metal Micro-Tear Risk
TOYOTA-PR-2881,2247.6,22.7,56.8,8.33,1.4,Sheet Metal Micro-Tear Risk
TOYOTA-PR-2882,1500.2,24.2,50.2,6.17,1.4,Perfect Stamping Quality
TOYOTA-PR-2883,1164.4,18.4,47.1,6.51,1.13,Perfect Stamping Quality
TOYOTA-PR-2884,1418.4,18.5,56.3,6.43,1.52,Perfect Stamping Quality
TOYOTA-PR-2885,1972.5,15.4,55.9,7.25,1.38,Perfect Stamping Quality
TOYOTA-PR-2886,1346.6,21.3,54.3,6.29,1.2,Perfect Stamping Quality
TOYOTA-PR-2887,1289.9,14.2,48.3,6.39,1.39,Perfect Stamping Quality
TOYOTA-PR-2888,1368.7,25.6,47.6,6.19,1.39,Perfect Stamping Quality
TOYOTA-PR-2889,1865.1,28.6,52.8,6.93,1.26,Perfect Stamping Quality
TOYOTA-PR-2890,934.1,15.5,45.9,5.6,1.51,Perfect Stamping Quality
TOYOTA-PR-2891,2159.9,28.6,54.7,7.92,1.43,Sheet Metal Micro-Tear Risk
TOYOTA-PR-2892,881.9,14.6,43.4,5.68,1.28,Perfect Stamping Quality
TOYOTA-PR-2893,2390.3,29.3,60.3,8.05,1.27,Sheet Metal Micro-Tear Risk
TOYOTA-PR-2894,1544.0,14.4,51.2,6.51,1.33,Perfect Stamping Quality
TOYOTA-PR-2895,1597.5,15.9,53.3,6.8,1.35,Perfect Stamping Quality
TOYOTA-PR-2896,1592.3,29.9,56.0,6.96,1.45,Perfect Stamping Quality
TOYOTA-PR-2897,1312.3,27.0,48.5,7.18,1.11,Perfect Stamping Quality
TOYOTA-PR-2898,1300.8,28.1,46.5,6.5,1.45,Perfect Stamping Quality
TOYOTA-PR-2899,1114.2,23.0,51.3,6.89,1.52,Perfect Stamping Quality
TOYOTA-PR-2900,810.7,23.3,42.5,5.74,1.26,Perfect Stamping Quality
TOYOTA-PR-2901,1097.3,16.8,50.5,5.56,1.17,Perfect Stamping Quality
TOYOTA-PR-2902,2033.2,31.5,60.6,6.98,1.19,Perfect Stamping Quality
TOYOTA-PR-2903,1781.4,24.2,51.9,6.59,1.33,Perfect Stamping Quality
TOYOTA-PR-2904,1626.1,27.0,52.0,6.13,1.19,Perfect Stamping Quality
TOYOTA-PR-2905,852.7,30.6,49.2,5.56,1.27,Perfect Stamping Quality
TOYOTA-PR-2906,1941.2,16.8,52.6,7.64,1.39,Sheet Metal Micro-Tear Risk
TOYOTA-PR-2907,1836.4,20.9,58.5,7.2,1.23,Perfect Stamping Quality
TOYOTA-PR-2908,1712.4,26.8,52.9,6.39,1.19,Perfect Stamping Quality
TOYOTA-PR-2909,1752.8,30.0,57.1,7.01,1.67,Sheet Metal Micro-Tear Risk
TOYOTA-PR-2910,1153.5,25.3,46.4,6.45,1.32,Perfect Stamping Quality
TOYOTA-PR-2911,1064.0,31.7,47.9,6.43,1.51,Perfect Stamping Quality
TOYOTA-PR-2912,976.7,17.8,46.7,5.65,1.37,Perfect Stamping Quality
TOYOTA-PR-2913,1954.9,29.8,48.3,7.32,1.2,Perfect Stamping Quality
TOYOTA-PR-2914,1837.4,27.6,53.5,7.73,1.07,Sheet Metal Micro-Tear Risk
TOYOTA-PR-2915,2387.8,19.1,60.7,8.36,1.1,Sheet Metal Micro-Tear Risk
TOYOTA-PR-2916,2054.6,19.0,60.1,7.66,1.5,Sheet Metal Micro-Tear Risk
TOYOTA-PR-2917,1314.2,16.5,51.8,6.26,1.28,Perfect Stamping Quality
TOYOTA-PR-2918,1481.8,19.1,55.5,5.56,1.49,Perfect Stamping Quality
TOYOTA-PR-2919,2184.1,20.1,60.8,8.02,1.31,Sheet Metal Micro-Tear Risk
TOYOTA-PR-2920,1188.8,16.3,50.2,6.33,1.5,Perfect Stamping Quality
TOYOTA-PR-2921,1663.1,21.9,52.1,6.88,1.23,Perfect Stamping Quality
TOYOTA-PR-2922,1088.8,30.3,50.0,5.51,1.24,Perfect Stamping Quality
TOYOTA-PR-2923,805.7,30.9,48.8,4.94,1.42,Perfect Stamping Quality
TOYOTA-PR-2924,841.9,23.8,47.8,5.65,1.12,Perfect Stamping Quality
TOYOTA-PR-2925,2124.7,17.3,55.4,7.39,1.07,Perfect Stamping Quality
TOYOTA-PR-2926,2058.1,20.0,57.8,7.3,1.29,Perfect Stamping Quality
TOYOTA-PR-2927,1083.3,29.7,43.5,5.56,1.26,Perfect Stamping Quality
TOYOTA-PR-2928,1971.1,18.3,49.9,7.4,1.37,Perfect Stamping Quality
TOYOTA-PR-2929,1569.9,28.5,53.5,5.92,1.4,Perfect Stamping Quality
TOYOTA-PR-2930,1288.1,29.2,52.2,6.15,1.07,Perfect Stamping Quality
TOYOTA-PR-2931,832.0,16.1,46.5,5.38,1.31,Perfect Stamping Quality
TOYOTA-PR-2932,1128.8,20.8,49.8,6.47,1.09,Perfect Stamping Quality
TOYOTA-PR-2933,1191.9,28.6,46.0,6.36,1.23,Perfect Stamping Quality
TOYOTA-PR-2934,1094.9,20.9,48.4,6.5,1.37,Perfect Stamping Quality
TOYOTA-PR-2935,2222.7,22.0,60.0,7.81,1.2,Sheet Metal Micro-Tear Risk
TOYOTA-PR-2936,1113.7,31.5,49.9,6.59,1.41,Perfect Stamping Quality
TOYOTA-PR-2937,1468.0,14.6,50.7,6.63,1.4,Perfect Stamping Quality
TOYOTA-PR-2938,1530.0,30.4,48.4,6.26,1.2,Perfect Stamping Quality
TOYOTA-PR-2939,983.8,16.0,46.4,6.25,1.07,Perfect Stamping Quality
TOYOTA-PR-2940,2177.4,20.9,50.7,7.57,1.36,Sheet Metal Micro-Tear Risk
TOYOTA-PR-2941,1285.6,22.3,46.0,6.3,1.45,Perfect Stamping Quality
TOYOTA-PR-2942,1384.9,30.9,52.5,6.06,0.99,Perfect Stamping Quality
TOYOTA-PR-2943,1854.4,18.1,58.1,7.15,1.64,Perfect Stamping Quality
TOYOTA-PR-2944,1355.6,26.8,50.7,6.82,1.34,Perfect Stamping Quality
TOYOTA-PR-2945,1673.8,26.7,55.9,6.66,1.23,Perfect Stamping Quality
TOYOTA-PR-2946,2366.5,16.5,65.0,7.8,1.28,Sheet Metal Micro-Tear Risk
TOYOTA-PR-2947,1635.4,15.4,48.9,7.05,1.38,Perfect Stamping Quality
TOYOTA-PR-2948,1752.3,26.0,53.5,7.03,1.26,Perfect Stamping Quality
TOYOTA-PR-2949,2197.1,19.2,55.7,7.93,1.33,Sheet Metal Micro-Tear Risk
TOYOTA-PR-2950,1518.5,17.1,57.5,6.83,1.38,Perfect Stamping Quality
TOYOTA-PR-2951,1067.4,17.0,47.5,5.79,1.3,Perfect Stamping Quality
TOYOTA-PR-2952,1799.2,29.8,55.2,6.09,1.6,Perfect Stamping Quality
TOYOTA-PR-2953,874.9,16.3,46.0,6.84,1.16,Perfect Stamping Quality
TOYOTA-PR-2954,1663.4,23.6,52.1,6.4,1.4,Perfect Stamping Quality
TOYOTA-PR-2955,919.6,24.4,43.1,6.79,1.32,Perfect Stamping Quality
TOYOTA-PR-2956,1053.5,30.1,42.8,6.33,1.4,Perfect Stamping Quality
TOYOTA-PR-2957,1023.7,28.0,48.7,6.59,1.38,Perfect Stamping Quality
TOYOTA-PR-2958,2362.4,26.0,61.4,7.79,1.04,Sheet Metal Micro-Tear Risk
TOYOTA-PR-2959,1192.5,26.1,50.2,5.73,1.28,Perfect Stamping Quality
TOYOTA-PR-2960,870.6,29.0,48.7,5.41,1.42,Perfect Stamping Quality
TOYOTA-PR-2961,2394.4,29.5,59.4,8.18,1.3,Sheet Metal Micro-Tear Risk
TOYOTA-PR-2962,1525.7,18.1,56.4,6.94,1.35,Perfect Stamping Quality
TOYOTA-PR-2963,1860.0,19.6,58.1,7.34,1.34,Perfect Stamping Quality
TOYOTA-PR-2964,1434.0,23.3,55.4,7.18,1.25,Perfect Stamping Quality
TOYOTA-PR-2965,961.8,31.8,46.6,6.1,1.23,Perfect Stamping Quality
TOYOTA-PR-2966,1016.2,17.8,47.1,5.9,1.49,Perfect Stamping Quality
TOYOTA-PR-2967,1686.8,18.4,50.8,6.58,1.59,Perfect Stamping Quality
TOYOTA-PR-2968,1218.9,19.1,47.8,6.15,1.41,Perfect Stamping Quality
TOYOTA-PR-2969,1701.8,15.5,52.7,6.95,1.16,Perfect Stamping Quality
TOYOTA-PR-2970,1641.1,21.3,56.4,7.19,1.36,Perfect Stamping Quality
TOYOTA-PR-2971,1644.6,29.0,52.6,6.86,1.44,Perfect Stamping Quality
TOYOTA-PR-2972,1098.1,28.2,45.8,6.36,1.13,Perfect Stamping Quality
TOYOTA-PR-2973,2038.0,17.1,57.4,7.69,1.5,Sheet Metal Micro-Tear Risk
TOYOTA-PR-2974,1693.4,18.9,57.3,8.18,1.45,Sheet Metal Micro-Tear Risk
TOYOTA-PR-2975,1729.1,15.6,58.8,6.57,1.39,Perfect Stamping Quality
TOYOTA-PR-2976,1964.4,16.6,55.2,7.94,1.52,Sheet Metal Micro-Tear Risk
TOYOTA-PR-2977,872.5,23.7,50.7,5.37,1.29,Perfect Stamping Quality
TOYOTA-PR-2978,1965.1,23.6,55.1,7.93,1.34,Sheet Metal Micro-Tear Risk
TOYOTA-PR-2979,2068.6,31.0,53.5,7.83,1.2,Sheet Metal Micro-Tear Risk
TOYOTA-PR-2980,1818.0,31.3,58.7,7.55,1.41,Sheet Metal Micro-Tear Risk
TOYOTA-PR-2981,1298.4,16.4,49.0,6.01,1.05,Perfect Stamping Quality
TOYOTA-PR-2982,871.2,18.3,44.5,6.14,1.33,Perfect Stamping Quality
TOYOTA-PR-2983,1767.8,21.0,53.0,6.71,1.23,Perfect Stamping Quality
TOYOTA-PR-2984,2381.5,20.4,61.8,7.87,1.47,Sheet Metal Micro-Tear Risk
TOYOTA-PR-2985,970.1,16.5,42.3,5.18,1.18,Perfect Stamping Quality
TOYOTA-PR-2986,935.4,21.7,44.6,5.47,0.97,Perfect Stamping Quality
TOYOTA-PR-2987,1953.8,16.9,52.1,7.48,1.29,Perfect Stamping Quality
TOYOTA-PR-2988,1944.7,25.5,55.5,7.35,1.24,Perfect Stamping Quality
TOYOTA-PR-2989,853.2,17.0,47.3,5.7,1.48,Perfect Stamping Quality
TOYOTA-PR-2990,1704.7,17.4,55.2,7.1,1.47,Perfect Stamping Quality
TOYOTA-PR-2991,870.9,18.6,46.0,6.21,1.51,Perfect Stamping Quality
TOYOTA-PR-2992,1505.4,29.0,48.6,6.51,1.58,Perfect Stamping Quality
TOYOTA-PR-2993,1961.3,19.2,54.0,6.99,1.53,Perfect Stamping Quality
TOYOTA-PR-2994,1714.6,23.8,54.3,6.64,1.22,Perfect Stamping Quality
TOYOTA-PR-2995,898.2,18.5,47.5,6.13,1.45,Perfect Stamping Quality
TOYOTA-PR-2996,1762.6,26.3,59.4,6.48,1.35,Perfect Stamping Quality
TOYOTA-PR-2997,1676.4,25.5,51.7,5.85,1.16,Perfect Stamping Quality
TOYOTA-PR-2998,2003.8,14.3,60.6,7.78,1.65,Sheet Metal Micro-Tear Risk
TOYOTA-PR-2999,951.4,30.1,46.6,5.74,1.38,Perfect Stamping Quality
TOYOTA-PR-3000,1713.1,15.2,57.0,7.32,1.25,Perfect Stamping Quality
TOYOTA-PR-3001,2086.7,23.0,60.4,7.95,1.35,Sheet Metal Micro-Tear Risk
TOYOTA-PR-3002,1646.0,31.7,55.3,6.39,1.46,Perfect Stamping Quality
TOYOTA-PR-3003,1247.5,26.5,50.1,6.25,1.6,Perfect Stamping Quality
TOYOTA-PR-3004,2047.3,22.9,55.9,8.21,1.18,Sheet Metal Micro-Tear Risk
TOYOTA-PR-3005,1488.2,27.7,55.0,6.69,1.14,Perfect Stamping Quality
TOYOTA-PR-3006,1491.6,16.6,47.1,5.89,1.37,Perfect Stamping Quality
TOYOTA-PR-3007,2215.9,25.3,58.8,7.21,1.35,Perfect Stamping Quality
TOYOTA-PR-3008,992.9,25.2,43.6,5.7,0.99,Perfect Stamping Quality
TOYOTA-PR-3009,2330.0,18.6,59.0,7.33,1.42,Perfect Stamping Quality
TOYOTA-PR-3010,1989.0,22.8,56.1,7.3,1.35,Perfect Stamping Quality
TOYOTA-PR-3011,1489.9,21.6,51.5,7.0,1.42,Perfect Stamping Quality
TOYOTA-PR-3012,1311.2,29.5,46.5,6.75,1.29,Perfect Stamping Quality
TOYOTA-PR-3013,1825.3,15.9,56.9,7.31,1.36,Perfect Stamping Quality
TOYOTA-PR-3014,1530.8,21.0,53.9,6.5,1.47,Perfect Stamping Quality
TOYOTA-PR-3015,1390.6,31.7,49.3,6.12,1.53,Perfect Stamping Quality
TOYOTA-PR-3016,2385.5,28.5,54.7,8.37,1.03,Sheet Metal Micro-Tear Risk
TOYOTA-PR-3017,2311.6,23.8,61.6,7.5,1.44,Perfect Stamping Quality
TOYOTA-PR-3018,2172.2,25.3,51.4,7.45,1.45,Perfect Stamping Quality
TOYOTA-PR-3019,819.5,27.9,46.8,5.61,1.1,Perfect Stamping Quality
TOYOTA-PR-3020,2311.8,21.6,61.9,8.24,1.39,Sheet Metal Micro-Tear Risk
TOYOTA-PR-3021,1054.5,28.7,47.7,5.54,1.42,Perfect Stamping Quality
TOYOTA-PR-3022,1005.0,17.5,45.8,6.59,1.07,Perfect Stamping Quality
TOYOTA-PR-3023,1536.6,28.4,53.7,6.21,1.12,Perfect Stamping Quality
TOYOTA-PR-3024,1644.9,21.0,53.6,6.93,1.36,Perfect Stamping Quality
TOYOTA-PR-3025,1714.5,29.3,56.4,6.33,1.27,Perfect Stamping Quality
TOYOTA-PR-3026,1661.9,21.0,52.3,6.97,1.37,Perfect Stamping Quality
TOYOTA-PR-3027,1877.8,31.6,53.6,6.77,1.28,Perfect Stamping Quality
TOYOTA-PR-3028,1312.5,15.4,48.9,6.16,1.42,Perfect Stamping Quality
TOYOTA-PR-3029,1113.7,28.5,46.0,6.28,1.1,Perfect Stamping Quality
TOYOTA-PR-3030,1278.5,29.5,50.2,6.03,1.33,Perfect Stamping Quality
TOYOTA-PR-3031,1713.4,18.0,54.3,6.86,1.38,Perfect Stamping Quality
TOYOTA-PR-3032,1083.4,29.3,47.4,5.63,1.26,Perfect Stamping Quality
TOYOTA-PR-3033,1096.3,14.9,47.2,6.26,1.16,Perfect Stamping Quality
TOYOTA-PR-3034,951.8,22.1,43.8,5.86,1.23,Perfect Stamping Quality
TOYOTA-PR-3035,2179.2,29.2,58.4,7.97,1.33,Sheet Metal Micro-Tear Risk
TOYOTA-PR-3036,1390.4,15.4,53.8,6.82,1.31,Perfect Stamping Quality
TOYOTA-PR-3037,1372.7,20.1,48.7,6.26,1.36,Perfect Stamping Quality
TOYOTA-PR-3038,1060.0,19.8,46.6,6.18,1.32,Perfect Stamping Quality
TOYOTA-PR-3039,2009.6,20.8,57.0,6.88,1.38,Perfect Stamping Quality
TOYOTA-PR-3040,1945.3,18.0,54.7,7.49,1.28,Perfect Stamping Quality
TOYOTA-PR-3041,1161.1,18.9,49.0,5.69,1.35,Perfect Stamping Quality
TOYOTA-PR-3042,1398.7,20.5,51.5,5.33,1.33,Perfect Stamping Quality
TOYOTA-PR-3043,904.3,19.5,41.1,5.1,1.4,Perfect Stamping Quality
TOYOTA-PR-3044,1275.6,27.7,52.0,6.62,1.32,Perfect Stamping Quality
TOYOTA-PR-3045,1366.3,16.1,49.9,5.93,1.38,Perfect Stamping Quality
TOYOTA-PR-3046,1901.9,31.5,57.3,6.78,1.12,Perfect Stamping Quality
TOYOTA-PR-3047,966.2,29.5,42.7,5.24,1.34,Perfect Stamping Quality
TOYOTA-PR-3048,1612.5,28.7,55.9,7.28,1.34,Perfect Stamping Quality
TOYOTA-PR-3049,1857.2,14.6,53.7,6.96,1.35,Perfect Stamping Quality
TOYOTA-PR-3050,1891.2,30.8,59.0,7.64,1.6,Sheet Metal Micro-Tear Risk
TOYOTA-PR-3051,1633.7,20.0,57.4,7.1,1.44,Perfect Stamping Quality
TOYOTA-PR-3052,2179.3,21.1,61.3,7.92,1.5,Sheet Metal Micro-Tear Risk
TOYOTA-PR-3053,1138.8,25.8,47.0,5.48,1.49,Perfect Stamping Quality
TOYOTA-PR-3054,1307.8,30.3,44.6,6.22,1.07,Perfect Stamping Quality
TOYOTA-PR-3055,1780.4,29.1,56.4,7.33,1.51,Perfect Stamping Quality
TOYOTA-PR-3056,2057.7,29.5,52.9,7.44,1.3,Perfect Stamping Quality
TOYOTA-PR-3057,2165.5,25.1,56.3,7.4,1.49,Perfect Stamping Quality
TOYOTA-PR-3058,866.9,23.4,47.0,4.7,1.4,Perfect Stamping Quality
TOYOTA-PR-3059,2093.0,17.8,55.3,7.9,1.34,Sheet Metal Micro-Tear Risk
TOYOTA-PR-3060,2012.8,27.0,51.8,7.58,1.43,Sheet Metal Micro-Tear Risk
TOYOTA-PR-3061,2379.4,30.0,63.2,7.79,1.48,Sheet Metal Micro-Tear Risk
TOYOTA-PR-3062,2152.5,17.9,59.4,7.73,1.23,Sheet Metal Micro-Tear Risk
TOYOTA-PR-3063,1850.3,22.7,54.8,6.78,1.34,Perfect Stamping Quality
TOYOTA-PR-3064,1528.7,17.3,54.1,6.94,1.45,Perfect Stamping Quality
TOYOTA-PR-3065,2222.9,25.0,56.1,7.56,1.55,Sheet Metal Micro-Tear Risk
TOYOTA-PR-3066,1066.1,26.2,42.0,5.83,1.41,Perfect Stamping Quality
TOYOTA-PR-3067,1183.4,17.3,51.7,6.28,1.4,Perfect Stamping Quality
TOYOTA-PR-3068,1203.4,21.9,41.2,5.85,1.41,Perfect Stamping Quality
TOYOTA-PR-3069,2080.4,20.6,59.8,8.29,1.55,Sheet Metal Micro-Tear Risk
TOYOTA-PR-3070,1445.6,18.8,54.0,6.44,1.42,Perfect Stamping Quality
TOYOTA-PR-3071,2255.0,14.5,57.3,8.83,1.21,Sheet Metal Micro-Tear Risk
TOYOTA-PR-3072,1695.9,15.1,45.1,7.23,1.44,Perfect Stamping Quality
TOYOTA-PR-3073,1195.3,21.4,47.4,6.45,1.4,Perfect Stamping Quality
TOYOTA-PR-3074,1542.9,25.1,56.8,6.5,1.22,Perfect Stamping Quality
TOYOTA-PR-3075,978.3,29.3,43.5,6.73,1.15,Perfect Stamping Quality
TOYOTA-PR-3076,2269.6,16.9,55.6,8.71,1.3,Sheet Metal Micro-Tear Risk
TOYOTA-PR-3077,1328.3,27.0,49.8,6.3,1.13,Perfect Stamping Quality
TOYOTA-PR-3078,1830.4,26.6,57.2,7.53,1.33,Sheet Metal Micro-Tear Risk
TOYOTA-PR-3079,1184.4,24.3,52.1,5.7,1.37,Perfect Stamping Quality
TOYOTA-PR-3080,1868.2,25.2,48.9,7.04,1.1,Perfect Stamping Quality
TOYOTA-PR-3081,1678.3,26.3,52.4,7.51,1.21,Sheet Metal Micro-Tear Risk
TOYOTA-PR-3082,1908.4,30.4,50.2,7.59,1.57,Sheet Metal Micro-Tear Risk
TOYOTA-PR-3083,1602.0,26.8,53.5,6.98,1.47,Perfect Stamping Quality
TOYOTA-PR-3084,1966.9,15.7,50.2,7.28,1.19,Perfect Stamping Quality
TOYOTA-PR-3085,1986.2,20.7,57.1,8.04,1.37,Sheet Metal Micro-Tear Risk
TOYOTA-PR-3086,1971.1,25.6,56.0,6.85,1.33,Perfect Stamping Quality
TOYOTA-PR-3087,2047.9,30.4,57.3,8.65,1.39,Sheet Metal Micro-Tear Risk
TOYOTA-PR-3088,1071.0,20.3,40.9,5.49,1.11,Perfect Stamping Quality
TOYOTA-PR-3089,1669.7,14.9,50.2,6.81,1.5,Perfect Stamping Quality
TOYOTA-PR-3090,1314.7,21.8,45.6,6.46,1.5,Perfect Stamping Quality
TOYOTA-PR-3091,2290.7,27.5,61.0,7.51,1.21,Sheet Metal Micro-Tear Risk
TOYOTA-PR-3092,2169.2,18.1,61.2,7.81,1.67,Sheet Metal Micro-Tear Risk
TOYOTA-PR-3093,1312.3,29.9,49.3,6.11,1.53,Perfect Stamping Quality
TOYOTA-PR-3094,1921.7,14.5,54.8,6.67,1.33,Perfect Stamping Quality
TOYOTA-PR-3095,1095.4,30.9,46.7,5.85,1.29,Perfect Stamping Quality
TOYOTA-PR-3096,2228.6,24.2,59.0,8.07,1.31,Sheet Metal Micro-Tear Risk
TOYOTA-PR-3097,1320.4,17.9,50.4,6.58,1.19,Perfect Stamping Quality
TOYOTA-PR-3098,1372.3,21.9,50.0,5.98,1.43,Perfect Stamping Quality
TOYOTA-PR-3099,1187.9,18.9,46.8,5.53,1.36,Perfect Stamping Quality
TOYOTA-PR-3100,1382.1,15.9,49.7,6.29,1.3,Perfect Stamping Quality
TOYOTA-PR-3101,1129.3,14.9,51.5,5.7,1.3,Perfect Stamping Quality
TOYOTA-PR-3102,1442.5,19.2,53.9,5.96,1.56,Perfect Stamping Quality
TOYOTA-PR-3103,2056.0,27.2,51.1,7.27,1.25,Perfect Stamping Quality
TOYOTA-PR-3104,1779.8,30.4,53.6,6.02,1.46,Perfect Stamping Quality
TOYOTA-PR-3105,1947.0,31.9,54.4,7.15,1.56,Perfect Stamping Quality
TOYOTA-PR-3106,1358.5,28.0,52.2,7.4,1.54,Perfect Stamping Quality
TOYOTA-PR-3107,2159.1,18.8,59.2,7.93,1.22,Sheet Metal Micro-Tear Risk
TOYOTA-PR-3108,995.0,14.8,47.7,6.1,1.13,Perfect Stamping Quality
TOYOTA-PR-3109,1780.0,28.1,51.5,7.38,1.36,Perfect Stamping Quality
TOYOTA-PR-3110,1887.0,21.9,53.4,7.27,1.57,Perfect Stamping Quality
TOYOTA-PR-3111,1337.9,17.2,52.3,5.05,1.4,Perfect Stamping Quality
TOYOTA-PR-3112,2053.5,29.5,56.6,7.68,1.51,Sheet Metal Micro-Tear Risk
TOYOTA-PR-3113,2002.9,21.5,50.4,7.68,1.38,Sheet Metal Micro-Tear Risk
TOYOTA-PR-3114,2335.1,25.0,64.3,7.54,1.37,Sheet Metal Micro-Tear Risk
TOYOTA-PR-3115,2011.8,22.1,61.3,7.53,1.52,Sheet Metal Micro-Tear Risk
TOYOTA-PR-3116,2149.9,14.8,55.5,7.17,1.35,Perfect Stamping Quality
TOYOTA-PR-3117,2000.6,30.6,56.2,7.92,1.31,Sheet Metal Micro-Tear Risk
TOYOTA-PR-3118,1457.1,14.1,52.1,6.27,1.37,Perfect Stamping Quality
TOYOTA-PR-3119,2113.9,21.5,62.0,7.46,1.22,Perfect Stamping Quality
TOYOTA-PR-3120,899.5,21.3,45.4,5.86,1.27,Perfect Stamping Quality
TOYOTA-PR-3121,2133.5,27.3,56.7,7.19,1.41,Perfect Stamping Quality
TOYOTA-PR-3122,1398.3,16.3,46.4,6.51,1.61,Perfect Stamping Quality
TOYOTA-PR-3123,1097.1,30.0,50.1,5.74,1.36,Perfect Stamping Quality
TOYOTA-PR-3124,1268.5,28.4,49.4,6.63,1.42,Perfect Stamping Quality
TOYOTA-PR-3125,1976.9,23.8,59.2,7.46,1.51,Perfect Stamping Quality
TOYOTA-PR-3126,2174.2,14.3,58.0,7.71,1.44,Sheet Metal Micro-Tear Risk
TOYOTA-PR-3127,1885.0,22.7,49.5,8.04,1.32,Sheet Metal Micro-Tear Risk
TOYOTA-PR-3128,1326.3,29.7,48.8,7.04,1.66,Sheet Metal Micro-Tear Risk
TOYOTA-PR-3129,1118.6,24.5,51.0,5.74,1.27,Perfect Stamping Quality
TOYOTA-PR-3130,891.0,17.1,49.5,5.59,1.27,Perfect Stamping Quality
TOYOTA-PR-3131,1513.0,26.8,51.8,6.15,1.48,Perfect Stamping Quality
TOYOTA-PR-3132,1133.1,22.0,45.7,5.77,1.25,Perfect Stamping Quality
TOYOTA-PR-3133,1321.7,27.3,54.0,6.15,1.3,Perfect Stamping Quality
TOYOTA-PR-3134,1954.3,23.3,56.9,7.16,1.46,Perfect Stamping Quality
TOYOTA-PR-3135,2026.0,26.8,55.3,6.87,1.36,Perfect Stamping Quality
TOYOTA-PR-3136,932.0,28.7,41.4,5.36,1.33,Perfect Stamping Quality
TOYOTA-PR-3137,915.2,30.9,49.0,5.97,1.26,Perfect Stamping Quality
TOYOTA-PR-3138,1646.6,31.0,57.2,7.28,1.43,Perfect Stamping Quality
TOYOTA-PR-3139,1262.8,19.7,49.4,5.67,1.2,Perfect Stamping Quality
TOYOTA-PR-3140,2180.0,30.0,62.3,8.04,1.44,Sheet Metal Micro-Tear Risk
TOYOTA-PR-3141,2175.7,15.2,55.6,7.13,1.29,Perfect Stamping Quality
TOYOTA-PR-3142,2084.4,24.7,54.3,7.5,1.23,Perfect Stamping Quality
TOYOTA-PR-3143,1127.4,21.4,45.3,6.69,1.18,Perfect Stamping Quality
TOYOTA-PR-3144,2083.8,16.9,59.1,6.99,1.44,Perfect Stamping Quality
TOYOTA-PR-3145,1274.2,19.8,48.2,7.28,1.35,Perfect Stamping Quality
TOYOTA-PR-3146,2052.9,24.5,56.3,8.03,1.29,Sheet Metal Micro-Tear Risk
TOYOTA-PR-3147,1640.6,29.7,53.8,7.34,1.18,Perfect Stamping Quality
TOYOTA-PR-3148,1499.4,25.7,54.7,6.84,1.36,Perfect Stamping Quality
TOYOTA-PR-3149,2384.1,17.7,64.0,7.73,1.52,Sheet Metal Micro-Tear Risk
TOYOTA-PR-3150,1556.2,28.3,49.5,6.38,1.33,Perfect Stamping Quality
TOYOTA-PR-3151,866.4,22.5,41.2,5.62,1.25,Perfect Stamping Quality
TOYOTA-PR-3152,1854.0,16.1,56.9,7.32,1.39,Perfect Stamping Quality
TOYOTA-PR-3153,941.4,18.6,43.6,6.69,1.54,Perfect Stamping Quality
TOYOTA-PR-3154,1981.3,16.7,54.0,7.32,1.28,Perfect Stamping Quality
TOYOTA-PR-3155,1779.0,24.8,57.4,7.51,1.51,Sheet Metal Micro-Tear Risk
TOYOTA-PR-3156,1834.8,27.2,55.4,7.3,1.54,Perfect Stamping Quality
TOYOTA-PR-3157,966.8,15.8,48.1,5.53,1.43,Perfect Stamping Quality
TOYOTA-PR-3158,916.3,15.5,44.6,5.89,1.43,Perfect Stamping Quality
TOYOTA-PR-3159,1746.6,25.5,58.0,6.47,1.34,Perfect Stamping Quality
TOYOTA-PR-3160,2193.3,23.5,57.5,8.13,1.28,Sheet Metal Micro-Tear Risk
TOYOTA-PR-3161,1063.3,18.5,46.7,5.35,1.3,Perfect Stamping Quality
TOYOTA-PR-3162,1177.8,19.0,50.3,6.08,1.3,Perfect Stamping Quality
TOYOTA-PR-3163,1071.6,28.1,49.2,5.66,1.3,Perfect Stamping Quality
TOYOTA-PR-3164,1078.6,31.4,53.7,5.73,1.48,Perfect Stamping Quality
TOYOTA-PR-3165,2184.5,23.9,63.0,7.28,1.45,Perfect Stamping Quality
TOYOTA-PR-3166,1738.8,16.5,56.9,6.87,1.29,Perfect Stamping Quality
TOYOTA-PR-3167,2324.2,26.6,64.2,7.72,1.14,Sheet Metal Micro-Tear Risk
TOYOTA-PR-3168,1967.3,17.6,58.1,7.01,1.09,Perfect Stamping Quality
TOYOTA-PR-3169,1953.1,30.9,62.4,7.35,1.25,Perfect Stamping Quality
TOYOTA-PR-3170,1399.0,23.5,51.5,6.9,1.37,Perfect Stamping Quality
TOYOTA-PR-3171,959.1,28.0,51.7,5.14,1.55,Perfect Stamping Quality
TOYOTA-PR-3172,1068.4,14.2,44.6,4.89,1.16,Perfect Stamping Quality
TOYOTA-PR-3173,877.5,22.9,47.1,5.11,1.32,Perfect Stamping Quality
TOYOTA-PR-3174,989.7,19.7,53.6,6.39,1.37,Perfect Stamping Quality
TOYOTA-PR-3175,1143.4,31.9,48.4,6.13,1.31,Perfect Stamping Quality
TOYOTA-PR-3176,1275.2,16.4,46.0,6.19,1.39,Perfect Stamping Quality
TOYOTA-PR-3177,934.4,19.6,46.9,5.26,1.05,Perfect Stamping Quality
TOYOTA-PR-3178,2056.7,17.4,57.6,8.27,1.26,Sheet Metal Micro-Tear Risk
TOYOTA-PR-3179,2049.3,20.3,56.9,7.3,1.34,Perfect Stamping Quality
TOYOTA-PR-3180,2068.3,28.3,51.6,7.89,1.54,Sheet Metal Micro-Tear Risk
TOYOTA-PR-3181,2108.2,23.7,57.4,8.04,1.48,Sheet Metal Micro-Tear Risk
TOYOTA-PR-3182,1665.3,25.2,51.8,6.5,1.21,Perfect Stamping Quality
TOYOTA-PR-3183,1424.9,28.5,55.8,6.54,1.4,Perfect Stamping Quality
TOYOTA-PR-3184,963.4,31.5,50.0,6.12,1.17,Perfect Stamping Quality
TOYOTA-PR-3185,1677.4,23.3,43.1,6.66,1.1,Perfect Stamping Quality
TOYOTA-PR-3186,902.0,14.8,45.1,5.25,0.97,Perfect Stamping Quality
TOYOTA-PR-3187,1603.9,22.4,47.7,7.23,1.29,Perfect Stamping Quality
TOYOTA-PR-3188,1123.4,15.6,52.9,5.76,1.49,Perfect Stamping Quality
TOYOTA-PR-3189,1052.6,15.4,45.2,5.45,1.38,Perfect Stamping Quality
TOYOTA-PR-3190,1660.0,26.9,52.1,7.42,1.33,Perfect Stamping Quality
TOYOTA-PR-3191,1113.0,26.7,50.7,5.83,1.66,Sheet Metal Micro-Tear Risk
TOYOTA-PR-3192,845.9,31.2,45.5,5.22,1.68,Sheet Metal Micro-Tear Risk
TOYOTA-PR-3193,1072.8,19.9,53.6,6.0,1.26,Perfect Stamping Quality
TOYOTA-PR-3194,2306.6,15.0,57.6,7.47,1.23,Perfect Stamping Quality
TOYOTA-PR-3195,1162.8,14.9,53.5,6.64,1.44,Perfect Stamping Quality
TOYOTA-PR-3196,2339.2,16.8,53.1,7.75,1.22,Sheet Metal Micro-Tear Risk
TOYOTA-PR-3197,2365.4,20.3,57.4,8.6,1.43,Sheet Metal Micro-Tear Risk
TOYOTA-PR-3198,2343.8,28.8,58.2,7.36,1.49,Perfect Stamping Quality
TOYOTA-PR-3199,1349.1,21.7,48.3,6.24,1.33,Perfect Stamping Quality
TOYOTA-PR-3200,2270.3,29.8,63.1,7.56,1.46,Sheet Metal Micro-Tear Risk
TOYOTA-PR-3201,2138.4,21.2,56.7,7.74,1.51,Sheet Metal Micro-Tear Risk
TOYOTA-PR-3202,1585.3,22.6,51.8,6.8,1.37,Perfect Stamping Quality
TOYOTA-PR-3203,2160.0,29.6,55.6,7.85,1.52,Sheet Metal Micro-Tear Risk
TOYOTA-PR-3204,1993.5,19.3,58.2,7.26,1.4,Perfect Stamping Quality
TOYOTA-PR-3205,1240.5,23.6,46.4,7.19,1.13,Perfect Stamping Quality
TOYOTA-PR-3206,1514.7,26.8,53.0,6.4,1.4,Perfect Stamping Quality
TOYOTA-PR-3207,1208.8,16.0,47.3,6.15,1.34,Perfect Stamping Quality
TOYOTA-PR-3208,2279.5,20.9,60.8,6.83,1.47,Perfect Stamping Quality
TOYOTA-PR-3209,1395.3,25.3,49.8,6.69,1.16,Perfect Stamping Quality
TOYOTA-PR-3210,1921.2,30.0,53.2,7.92,1.56,Sheet Metal Micro-Tear Risk
TOYOTA-PR-3211,846.2,23.1,42.3,5.57,1.57,Perfect Stamping Quality
TOYOTA-PR-3212,1689.1,30.7,52.0,7.05,1.26,Perfect Stamping Quality
TOYOTA-PR-3213,2043.8,31.5,53.0,7.66,1.13,Sheet Metal Micro-Tear Risk
TOYOTA-PR-3214,1667.7,17.5,55.6,6.69,1.54,Perfect Stamping Quality
TOYOTA-PR-3215,2106.4,17.1,60.1,7.74,1.32,Sheet Metal Micro-Tear Risk
TOYOTA-PR-3216,1733.2,31.1,54.5,7.01,1.24,Perfect Stamping Quality
TOYOTA-PR-3217,985.1,29.1,52.6,5.43,1.54,Perfect Stamping Quality
TOYOTA-PR-3218,1528.6,23.8,51.7,6.36,1.11,Perfect Stamping Quality
TOYOTA-PR-3219,2314.0,23.0,60.0,7.98,1.25,Sheet Metal Micro-Tear Risk
TOYOTA-PR-3220,2359.6,22.1,64.7,8.53,1.47,Sheet Metal Micro-Tear Risk
TOYOTA-PR-3221,1766.3,29.2,51.1,7.53,1.39,Sheet Metal Micro-Tear Risk
TOYOTA-PR-3222,2367.4,16.9,59.7,8.65,1.13,Sheet Metal Micro-Tear Risk
TOYOTA-PR-3223,1688.6,22.0,53.4,7.1,1.52,Perfect Stamping Quality
TOYOTA-PR-3224,1567.7,15.9,49.0,6.9,1.31,Perfect Stamping Quality
TOYOTA-PR-3225,1915.0,24.4,50.9,7.22,1.21,Perfect Stamping Quality
TOYOTA-PR-3226,1291.0,30.6,51.7,6.41,1.49,Perfect Stamping Quality
TOYOTA-PR-3227,2258.9,23.9,61.2,8.24,1.37,Sheet Metal Micro-Tear Risk
TOYOTA-PR-3228,2063.3,20.3,59.7,8.02,1.36,Sheet Metal Micro-Tear Risk
TOYOTA-PR-3229,884.9,23.4,48.2,5.25,1.04,Perfect Stamping Quality
TOYOTA-PR-3230,1007.0,17.8,46.2,5.69,1.35,Perfect Stamping Quality
TOYOTA-PR-3231,2111.5,31.4,65.4,8.05,1.73,Sheet Metal Micro-Tear Risk
TOYOTA-PR-3232,2214.7,20.3,56.7,7.59,1.53,Sheet Metal Micro-Tear Risk
TOYOTA-PR-3233,934.5,32.0,49.1,5.13,1.18,Perfect Stamping Quality
TOYOTA-PR-3234,2133.7,14.1,59.4,7.35,1.48,Perfect Stamping Quality
TOYOTA-PR-3235,2288.2,28.0,57.8,7.86,1.34,Sheet Metal Micro-Tear Risk
TOYOTA-PR-3236,2394.0,27.4,57.1,7.98,1.3,Sheet Metal Micro-Tear Risk
TOYOTA-PR-3237,1265.0,30.4,53.5,6.31,1.41,Perfect Stamping Quality
TOYOTA-PR-3238,834.8,20.0,44.9,5.39,1.56,Perfect Stamping Quality
TOYOTA-PR-3239,2385.6,21.6,59.1,7.31,1.49,Perfect Stamping Quality
TOYOTA-PR-3240,2070.9,29.1,52.1,7.67,1.36,Sheet Metal Micro-Tear Risk
TOYOTA-PR-3241,1504.8,16.3,47.7,6.85,1.49,Perfect Stamping Quality
TOYOTA-PR-3242,922.4,21.5,47.6,5.99,1.49,Perfect Stamping Quality
TOYOTA-PR-3243,2361.0,28.5,56.4,7.41,1.6,Perfect Stamping Quality
TOYOTA-PR-3244,1394.7,19.4,47.2,6.21,1.18,Perfect Stamping Quality
TOYOTA-PR-3245,1593.1,18.7,54.9,7.37,1.48,Perfect Stamping Quality
TOYOTA-PR-3246,1243.9,26.0,47.3,5.63,1.37,Perfect Stamping Quality
TOYOTA-PR-3247,1469.2,22.1,50.3,6.73,1.0,Perfect Stamping Quality
TOYOTA-PR-3248,1684.9,31.7,48.4,6.18,1.29,Perfect Stamping Quality
TOYOTA-PR-3249,1215.9,27.5,57.5,6.03,1.14,Perfect Stamping Quality
TOYOTA-PR-3250,951.7,20.1,41.8,5.29,1.3,Perfect Stamping Quality
TOYOTA-PR-3251,2161.0,25.9,61.0,7.18,1.37,Perfect Stamping Quality
TOYOTA-PR-3252,1198.8,28.3,53.3,5.93,1.41,Perfect Stamping Quality
TOYOTA-PR-3253,1004.0,16.0,53.7,5.17,1.46,Perfect Stamping Quality
TOYOTA-PR-3254,2167.9,25.2,59.7,7.32,1.63,Perfect Stamping Quality
TOYOTA-PR-3255,830.8,19.7,45.3,5.53,1.37,Perfect Stamping Quality
TOYOTA-PR-3256,1166.3,22.6,48.4,5.57,1.39,Perfect Stamping Quality
TOYOTA-PR-3257,1117.9,29.3,47.7,5.22,1.41,Perfect Stamping Quality
TOYOTA-PR-3258,2279.8,16.0,55.4,8.25,1.28,Sheet Metal Micro-Tear Risk
TOYOTA-PR-3259,2100.2,28.4,61.7,7.49,1.13,Perfect Stamping Quality
TOYOTA-PR-3260,1179.1,26.8,51.3,6.36,1.24,Perfect Stamping Quality
TOYOTA-PR-3261,816.2,29.0,42.8,4.96,1.16,Perfect Stamping Quality
TOYOTA-PR-3262,2164.3,28.2,64.6,7.26,1.27,Perfect Stamping Quality
TOYOTA-PR-3263,1264.1,18.1,51.2,6.89,1.38,Perfect Stamping Quality
TOYOTA-PR-3264,2244.6,31.4,59.4,7.94,1.42,Sheet Metal Micro-Tear Risk
TOYOTA-PR-3265,2137.6,20.8,60.7,7.48,1.39,Perfect Stamping Quality
TOYOTA-PR-3266,1854.4,16.9,52.6,6.56,1.13,Perfect Stamping Quality
TOYOTA-PR-3267,1965.6,29.4,61.1,7.69,1.41,Sheet Metal Micro-Tear Risk
TOYOTA-PR-3268,2305.8,22.8,62.0,7.51,1.26,Sheet Metal Micro-Tear Risk
TOYOTA-PR-3269,1566.4,22.5,52.3,7.03,1.17,Perfect Stamping Quality
TOYOTA-PR-3270,2174.4,30.3,61.8,7.26,1.24,Perfect Stamping Quality
TOYOTA-PR-3271,812.0,25.3,49.0,4.92,1.33,Perfect Stamping Quality
TOYOTA-PR-3272,1717.4,15.1,53.7,7.32,1.14,Perfect Stamping Quality
TOYOTA-PR-3273,1566.7,15.0,54.1,6.49,1.05,Perfect Stamping Quality
TOYOTA-PR-3274,939.4,22.9,42.3,6.48,1.28,Perfect Stamping Quality
TOYOTA-PR-3275,1447.2,26.0,49.6,6.19,1.17,Perfect Stamping Quality
TOYOTA-PR-3276,1238.5,23.1,47.9,6.9,1.42,Perfect Stamping Quality
TOYOTA-PR-3277,1733.2,19.5,45.3,6.76,1.38,Perfect Stamping Quality
TOYOTA-PR-3278,2204.9,19.5,61.0,7.48,1.45,Perfect Stamping Quality
TOYOTA-PR-3279,1031.2,28.3,45.2,5.73,1.4,Perfect Stamping Quality
TOYOTA-PR-3280,1660.2,20.2,56.8,6.98,1.45,Perfect Stamping Quality
TOYOTA-PR-3281,1300.4,26.1,47.7,5.95,1.23,Perfect Stamping Quality
TOYOTA-PR-3282,1990.8,18.0,58.4,7.18,1.48,Perfect Stamping Quality
TOYOTA-PR-3283,2229.5,16.2,56.7,8.64,1.19,Sheet Metal Micro-Tear Risk
TOYOTA-PR-3284,913.3,25.0,46.0,6.18,1.16,Perfect Stamping Quality
TOYOTA-PR-3285,2096.9,21.2,50.9,7.48,1.35,Perfect Stamping Quality
TOYOTA-PR-3286,2263.2,29.9,63.2,8.66,1.46,Sheet Metal Micro-Tear Risk
TOYOTA-PR-3287,994.3,21.8,45.5,5.2,1.17,Perfect Stamping Quality
TOYOTA-PR-3288,1881.9,25.4,52.9,6.63,1.34,Perfect Stamping Quality
TOYOTA-PR-3289,1069.7,21.6,52.2,6.16,1.19,Perfect Stamping Quality
TOYOTA-PR-3290,1140.5,19.1,45.3,6.08,1.27,Perfect Stamping Quality
TOYOTA-PR-3291,1816.4,19.0,59.3,7.26,1.6,Perfect Stamping Quality
TOYOTA-PR-3292,2166.2,17.8,63.6,7.79,1.6,Sheet Metal Micro-Tear Risk
TOYOTA-PR-3293,1626.0,14.9,49.1,6.38,1.11,Perfect Stamping Quality
TOYOTA-PR-3294,1190.2,16.8,53.0,5.62,1.53,Perfect Stamping Quality
TOYOTA-PR-3295,1858.2,16.2,52.7,6.83,1.36,Perfect Stamping Quality
TOYOTA-PR-3296,1570.7,14.8,49.3,7.36,1.21,Perfect Stamping Quality
TOYOTA-PR-3297,1101.0,28.7,48.5,5.35,1.34,Perfect Stamping Quality
TOYOTA-PR-3298,1924.5,14.8,53.6,7.79,1.47,Sheet Metal Micro-Tear Risk
TOYOTA-PR-3299,1312.5,17.8,49.1,5.61,1.24,Perfect Stamping Quality
TOYOTA-PR-3300,1867.7,15.7,60.7,7.31,1.56,Perfect Stamping Quality
TOYOTA-PR-3301,1655.4,26.1,54.4,7.36,1.55,Perfect Stamping Quality
TOYOTA-PR-3302,2266.7,23.2,56.9,7.72,1.4,Sheet Metal Micro-Tear Risk
TOYOTA-PR-3303,2396.0,31.3,56.0,7.39,1.33,Perfect Stamping Quality
TOYOTA-PR-3304,2338.8,18.1,61.2,8.32,1.32,Sheet Metal Micro-Tear Risk
TOYOTA-PR-3305,1758.8,18.7,55.1,7.01,1.29,Perfect Stamping Quality
TOYOTA-PR-3306,1978.7,23.6,55.4,7.78,1.26,Sheet Metal Micro-Tear Risk
TOYOTA-PR-3307,2011.2,24.5,57.0,7.25,1.32,Perfect Stamping Quality
TOYOTA-PR-3308,1672.8,24.1,51.9,6.3,1.21,Perfect Stamping Quality
TOYOTA-PR-3309,1994.4,26.3,60.0,7.78,1.41,Sheet Metal Micro-Tear Risk
TOYOTA-PR-3310,1489.4,14.8,50.2,6.97,1.02,Perfect Stamping Quality
TOYOTA-PR-3311,1961.4,28.6,56.9,6.58,1.22,Perfect Stamping Quality
TOYOTA-PR-3312,1022.8,17.1,43.9,5.7,1.39,Perfect Stamping Quality
TOYOTA-PR-3313,1530.1,27.3,50.4,6.91,1.08,Perfect Stamping Quality
TOYOTA-PR-3314,2140.8,15.3,52.5,6.82,1.42,Perfect Stamping Quality
TOYOTA-PR-3315,1510.7,18.7,54.0,6.62,1.11,Perfect Stamping Quality
TOYOTA-PR-3316,1921.0,25.7,57.0,6.05,1.37,Perfect Stamping Quality
TOYOTA-PR-3317,1894.1,15.0,57.2,6.55,1.65,Perfect Stamping Quality
TOYOTA-PR-3318,1970.0,23.9,58.3,7.38,1.3,Perfect Stamping Quality
TOYOTA-PR-3319,1440.9,25.4,50.4,6.67,1.36,Perfect Stamping Quality
TOYOTA-PR-3320,859.4,26.8,45.7,4.9,1.2,Perfect Stamping Quality
TOYOTA-PR-3321,1592.3,31.1,53.0,7.15,1.69,Sheet Metal Micro-Tear Risk
TOYOTA-PR-3322,1352.8,15.0,50.9,6.25,1.55,Perfect Stamping Quality
TOYOTA-PR-3323,1969.3,22.1,61.3,7.22,1.39,Perfect Stamping Quality
TOYOTA-PR-3324,2298.9,28.1,59.7,8.58,1.53,Sheet Metal Micro-Tear Risk
TOYOTA-PR-3325,2020.7,16.0,53.9,7.73,1.39,Sheet Metal Micro-Tear Risk
TOYOTA-PR-3326,1461.1,27.6,48.4,6.62,1.45,Perfect Stamping Quality
TOYOTA-PR-3327,2057.0,29.9,55.8,6.76,1.42,Perfect Stamping Quality
TOYOTA-PR-3328,941.2,16.3,47.6,6.18,1.32,Perfect Stamping Quality
TOYOTA-PR-3329,1066.9,22.4,47.1,6.49,1.53,Perfect Stamping Quality
TOYOTA-PR-3330,967.4,22.7,44.2,5.75,1.16,Perfect Stamping Quality
TOYOTA-PR-3331,1525.4,23.9,50.4,6.23,0.97,Perfect Stamping Quality
TOYOTA-PR-3332,1215.3,28.8,45.7,5.92,1.36,Perfect Stamping Quality
TOYOTA-PR-3333,2316.5,16.4,65.5,7.46,1.31,Perfect Stamping Quality
TOYOTA-PR-3334,1100.2,30.9,52.9,5.15,1.25,Perfect Stamping Quality
TOYOTA-PR-3335,2233.8,17.7,56.3,8.14,1.01,Sheet Metal Micro-Tear Risk
TOYOTA-PR-3336,2202.1,18.9,58.1,7.74,1.47,Sheet Metal Micro-Tear Risk
TOYOTA-PR-3337,1319.9,24.8,50.4,5.8,1.35,Perfect Stamping Quality
TOYOTA-PR-3338,1326.7,24.1,45.0,7.36,1.33,Perfect Stamping Quality
TOYOTA-PR-3339,1130.9,22.3,45.0,6.5,1.34,Perfect Stamping Quality
TOYOTA-PR-3340,1909.2,27.3,58.7,6.87,1.5,Perfect Stamping Quality
TOYOTA-PR-3341,1893.2,15.6,49.5,7.39,1.21,Perfect Stamping Quality
TOYOTA-PR-3342,1570.0,16.6,55.1,6.67,1.46,Perfect Stamping Quality
TOYOTA-PR-3343,1226.8,15.7,48.8,5.88,1.55,Perfect Stamping Quality
TOYOTA-PR-3344,2378.6,28.5,59.5,7.67,1.23,Sheet Metal Micro-Tear Risk
TOYOTA-PR-3345,923.4,14.7,44.4,5.17,1.05,Perfect Stamping Quality
TOYOTA-PR-3346,856.6,15.9,53.3,5.92,1.36,Perfect Stamping Quality
TOYOTA-PR-3347,1107.3,28.8,53.4,5.6,1.54,Perfect Stamping Quality
TOYOTA-PR-3348,1187.6,14.6,51.1,6.4,1.38,Perfect Stamping Quality
TOYOTA-PR-3349,959.4,21.9,50.8,5.64,1.47,Perfect Stamping Quality
TOYOTA-PR-3350,2034.0,31.3,61.9,7.51,1.48,Sheet Metal Micro-Tear Risk
TOYOTA-PR-3351,1681.2,20.6,54.6,7.14,1.3,Perfect Stamping Quality
TOYOTA-PR-3352,904.7,29.1,44.8,5.99,1.26,Perfect Stamping Quality
TOYOTA-PR-3353,1588.3,25.6,53.4,6.92,1.26,Perfect Stamping Quality
TOYOTA-PR-3354,1698.6,14.0,62.4,6.99,1.48,Perfect Stamping Quality
TOYOTA-PR-3355,1898.5,22.0,50.7,7.49,1.36,Perfect Stamping Quality
TOYOTA-PR-3356,2202.5,19.8,56.0,8.16,1.23,Sheet Metal Micro-Tear Risk
TOYOTA-PR-3357,1025.2,29.2,48.0,6.26,1.52,Perfect Stamping Quality
TOYOTA-PR-3358,1914.9,27.2,58.1,7.17,1.44,Perfect Stamping Quality
TOYOTA-PR-3359,1580.3,17.9,57.2,6.66,1.6,Perfect Stamping Quality
TOYOTA-PR-3360,2322.5,15.3,63.8,8.51,1.43,Sheet Metal Micro-Tear Risk
TOYOTA-PR-3361,1330.4,25.3,48.1,6.07,1.18,Perfect Stamping Quality
TOYOTA-PR-3362,1765.4,16.3,60.8,7.01,1.23,Perfect Stamping Quality
TOYOTA-PR-3363,1649.5,24.3,51.0,7.18,1.38,Perfect Stamping Quality
TOYOTA-PR-3364,2205.2,21.2,58.8,7.48,1.45,Perfect Stamping Quality
TOYOTA-PR-3365,807.4,28.9,48.8,5.09,1.49,Perfect Stamping Quality
TOYOTA-PR-3366,1165.8,18.4,45.9,6.13,1.44,Perfect Stamping Quality
TOYOTA-PR-3367,935.4,26.0,47.3,5.65,1.29,Perfect Stamping Quality
TOYOTA-PR-3368,1155.0,28.4,50.3,6.36,1.48,Perfect Stamping Quality
TOYOTA-PR-3369,814.4,30.0,44.7,5.44,1.46,Perfect Stamping Quality
TOYOTA-PR-3370,1451.5,25.4,60.7,6.14,1.32,Perfect Stamping Quality
TOYOTA-PR-3371,1718.7,19.8,55.1,7.31,1.57,Perfect Stamping Quality
TOYOTA-PR-3372,1514.7,24.7,50.1,6.3,1.27,Perfect Stamping Quality
TOYOTA-PR-3373,1961.4,28.5,65.8,7.1,1.51,Perfect Stamping Quality
TOYOTA-PR-3374,1803.0,23.5,55.7,7.06,1.22,Perfect Stamping Quality
TOYOTA-PR-3375,1080.8,16.6,45.1,5.85,1.35,Perfect Stamping Quality
TOYOTA-PR-3376,1311.9,26.1,57.3,5.99,1.62,Perfect Stamping Quality
TOYOTA-PR-3377,1761.8,28.0,56.9,6.74,1.47,Perfect Stamping Quality
TOYOTA-PR-3378,2237.8,20.2,54.3,8.22,1.38,Sheet Metal Micro-Tear Risk
TOYOTA-PR-3379,903.5,28.6,50.2,5.37,1.19,Perfect Stamping Quality
TOYOTA-PR-3380,1259.3,24.1,52.0,6.4,1.19,Perfect Stamping Quality
TOYOTA-PR-3381,2153.2,25.2,57.5,7.44,1.16,Perfect Stamping Quality
TOYOTA-PR-3382,1461.8,17.3,56.0,6.07,1.48,Perfect Stamping Quality
TOYOTA-PR-3383,2300.7,25.7,57.0,7.85,1.31,Sheet Metal Micro-Tear Risk
TOYOTA-PR-3384,1214.6,16.1,51.8,5.96,1.25,Perfect Stamping Quality
TOYOTA-PR-3385,1591.0,30.0,55.5,6.85,1.29,Perfect Stamping Quality
TOYOTA-PR-3386,1689.5,27.6,47.1,7.52,1.09,Sheet Metal Micro-Tear Risk
TOYOTA-PR-3387,1235.8,27.5,45.6,6.35,1.33,Perfect Stamping Quality
TOYOTA-PR-3388,1453.8,21.1,47.2,6.1,1.11,Perfect Stamping Quality
TOYOTA-PR-3389,2307.1,27.8,56.4,8.15,1.35,Sheet Metal Micro-Tear Risk
TOYOTA-PR-3390,1544.5,18.0,47.5,5.99,1.42,Perfect Stamping Quality
TOYOTA-PR-3391,1578.9,14.8,55.6,6.45,1.17,Perfect Stamping Quality
TOYOTA-PR-3392,1873.3,26.1,54.4,6.93,1.44,Perfect Stamping Quality
TOYOTA-PR-3393,2215.1,22.2,55.4,7.8,1.38,Sheet Metal Micro-Tear Risk
TOYOTA-PR-3394,801.3,16.6,41.5,5.69,1.09,Perfect Stamping Quality
TOYOTA-PR-3395,1958.8,20.6,54.4,6.97,1.24,Perfect Stamping Quality
TOYOTA-PR-3396,1465.6,24.9,53.0,5.99,1.5,Perfect Stamping Quality
TOYOTA-PR-3397,1940.8,22.6,55.3,7.19,1.24,Perfect Stamping Quality
TOYOTA-PR-3398,1376.4,23.5,49.8,6.03,1.19,Perfect Stamping Quality
TOYOTA-PR-3399,1496.3,27.0,54.3,5.92,1.32,Perfect Stamping Quality
TOYOTA-PR-3400,1868.4,29.2,54.3,6.76,1.43,Perfect Stamping Quality
TOYOTA-PR-3401,1786.1,16.1,53.1,7.23,1.5,Perfect Stamping Quality
TOYOTA-PR-3402,2011.9,16.3,51.8,7.49,1.22,Perfect Stamping Quality
TOYOTA-PR-3403,2142.9,21.0,53.1,7.09,1.38,Perfect Stamping Quality
TOYOTA-PR-3404,892.1,26.2,49.4,6.14,1.37,Perfect Stamping Quality
TOYOTA-PR-3405,2031.0,24.8,54.5,7.27,1.26,Perfect Stamping Quality
TOYOTA-PR-3406,1192.2,28.3,55.0,6.32,1.32,Perfect Stamping Quality
TOYOTA-PR-3407,2263.7,26.5,58.0,7.7,1.25,Sheet Metal Micro-Tear Risk
TOYOTA-PR-3408,1647.0,20.0,54.3,7.52,1.14,Sheet Metal Micro-Tear Risk
TOYOTA-PR-3409,2169.8,15.4,53.2,8.3,1.36,Sheet Metal Micro-Tear Risk
TOYOTA-PR-3410,1305.1,24.5,51.7,6.25,1.4,Perfect Stamping Quality
TOYOTA-PR-3411,1859.3,18.0,51.2,7.29,1.45,Perfect Stamping Quality
TOYOTA-PR-3412,1057.4,23.9,47.4,6.63,1.25,Perfect Stamping Quality
TOYOTA-PR-3413,1393.6,25.0,52.5,6.02,1.41,Perfect Stamping Quality
TOYOTA-PR-3414,1723.0,31.5,52.8,7.43,1.32,Perfect Stamping Quality
TOYOTA-PR-3415,2386.4,30.4,61.9,8.42,1.31,Sheet Metal Micro-Tear Risk
TOYOTA-PR-3416,2164.9,29.8,57.0,7.96,1.51,Sheet Metal Micro-Tear Risk
TOYOTA-PR-3417,1948.8,31.2,60.6,7.48,1.22,Perfect Stamping Quality
TOYOTA-PR-3418,1658.9,24.8,50.8,7.33,1.24,Perfect Stamping Quality
TOYOTA-PR-3419,1467.2,28.7,51.8,6.35,1.46,Perfect Stamping Quality
TOYOTA-PR-3420,2046.3,17.3,52.1,7.15,1.44,Perfect Stamping Quality
TOYOTA-PR-3421,1429.0,31.7,52.7,6.47,1.3,Perfect Stamping Quality
TOYOTA-PR-3422,989.9,19.3,46.9,6.03,1.27,Perfect Stamping Quality
TOYOTA-PR-3423,1543.9,25.3,53.3,6.79,1.48,Perfect Stamping Quality
TOYOTA-PR-3424,1357.0,30.5,53.0,7.0,1.49,Perfect Stamping Quality
TOYOTA-PR-3425,848.8,22.6,44.7,5.53,1.38,Perfect Stamping Quality
TOYOTA-PR-3426,960.2,28.0,45.8,6.71,1.37,Perfect Stamping Quality
TOYOTA-PR-3427,1421.4,23.4,49.6,6.59,1.26,Perfect Stamping Quality
TOYOTA-PR-3428,916.7,24.9,51.4,5.05,1.31,Perfect Stamping Quality
TOYOTA-PR-3429,1069.2,24.0,48.2,6.02,1.21,Perfect Stamping Quality
TOYOTA-PR-3430,975.1,20.4,46.4,5.75,1.15,Perfect Stamping Quality
TOYOTA-PR-3431,1906.9,16.3,53.4,7.4,1.24,Perfect Stamping Quality
TOYOTA-PR-3432,1050.5,20.5,44.6,6.04,1.17,Perfect Stamping Quality
TOYOTA-PR-3433,868.3,30.4,47.9,6.06,1.4,Perfect Stamping Quality
TOYOTA-PR-3434,1688.1,29.5,55.5,7.34,1.33,Perfect Stamping Quality
TOYOTA-PR-3435,2148.8,25.5,55.5,8.08,1.3,Sheet Metal Micro-Tear Risk
TOYOTA-PR-3436,1591.8,20.2,50.4,6.6,1.08,Perfect Stamping Quality
TOYOTA-PR-3437,2353.7,27.4,62.3,8.26,1.74,Sheet Metal Micro-Tear Risk
TOYOTA-PR-3438,1179.1,31.5,48.0,5.83,1.42,Perfect Stamping Quality
TOYOTA-PR-3439,1279.3,14.1,51.3,5.85,1.29,Perfect Stamping Quality
TOYOTA-PR-3440,860.5,17.0,44.4,5.09,1.06,Perfect Stamping Quality
TOYOTA-PR-3441,1202.6,27.0,45.9,5.65,1.28,Perfect Stamping Quality
TOYOTA-PR-3442,2022.5,24.5,55.6,7.35,1.56,Perfect Stamping Quality
TOYOTA-PR-3443,1356.2,31.9,50.5,5.89,1.38,Perfect Stamping Quality
TOYOTA-PR-3444,1682.0,17.7,55.5,5.88,1.1,Perfect Stamping Quality
TOYOTA-PR-3445,958.7,31.8,48.3,6.34,1.44,Perfect Stamping Quality
TOYOTA-PR-3446,897.6,30.9,46.9,5.36,1.38,Perfect Stamping Quality
TOYOTA-PR-3447,2395.2,29.0,63.0,7.63,1.46,Sheet Metal Micro-Tear Risk
TOYOTA-PR-3448,1921.0,25.4,56.6,7.58,1.2,Sheet Metal Micro-Tear Risk
TOYOTA-PR-3449,1141.4,31.8,50.1,6.02,1.47,Perfect Stamping Quality
TOYOTA-PR-3450,866.2,25.1,47.8,5.86,1.36,Perfect Stamping Quality
TOYOTA-PR-3451,1625.0,15.3,53.6,6.97,1.35,Perfect Stamping Quality
TOYOTA-PR-3452,912.6,23.3,48.1,6.07,1.47,Perfect Stamping Quality
TOYOTA-PR-3453,2020.2,30.6,54.2,7.54,1.12,Sheet Metal Micro-Tear Risk
TOYOTA-PR-3454,898.5,19.3,48.5,5.61,1.32,Perfect Stamping Quality
TOYOTA-PR-3455,1002.2,25.9,45.8,5.91,1.28,Perfect Stamping Quality
TOYOTA-PR-3456,1532.7,20.1,53.4,6.12,1.2,Perfect Stamping Quality
TOYOTA-PR-3457,919.0,19.2,44.1,5.38,1.42,Perfect Stamping Quality
TOYOTA-PR-3458,1254.2,17.6,48.2,6.2,1.55,Perfect Stamping Quality
TOYOTA-PR-3459,1498.5,17.9,53.4,7.52,1.37,Sheet Metal Micro-Tear Risk
TOYOTA-PR-3460,1414.8,21.2,54.1,6.29,1.22,Perfect Stamping Quality
TOYOTA-PR-3461,1519.8,28.5,54.6,6.97,1.26,Perfect Stamping Quality
TOYOTA-PR-3462,977.7,25.5,50.6,5.53,1.49,Perfect Stamping Quality
TOYOTA-PR-3463,1577.7,30.2,51.8,6.2,1.38,Perfect Stamping Quality
TOYOTA-PR-3464,2037.9,25.6,61.4,7.25,1.48,Perfect Stamping Quality
TOYOTA-PR-3465,2309.8,28.2,63.8,7.86,1.67,Sheet Metal Micro-Tear Risk
TOYOTA-PR-3466,1699.3,17.0,56.1,6.57,1.39,Perfect Stamping Quality
TOYOTA-PR-3467,1599.6,24.3,59.8,7.48,1.11,Perfect Stamping Quality
TOYOTA-PR-3468,1765.7,29.7,58.0,6.06,1.24,Perfect Stamping Quality
TOYOTA-PR-3469,998.7,18.6,48.2,5.93,1.3,Perfect Stamping Quality
TOYOTA-PR-3470,1975.1,26.6,55.9,7.72,1.48,Sheet Metal Micro-Tear Risk
TOYOTA-PR-3471,2311.0,18.6,65.0,8.55,1.21,Sheet Metal Micro-Tear Risk
TOYOTA-PR-3472,913.5,30.9,44.7,5.84,1.25,Perfect Stamping Quality
TOYOTA-PR-3473,877.6,30.3,45.8,5.39,1.24,Perfect Stamping Quality
TOYOTA-PR-3474,1372.5,29.8,53.0,6.36,1.26,Perfect Stamping Quality
TOYOTA-PR-3475,2336.4,21.5,60.5,7.8,1.44,Sheet Metal Micro-Tear Risk
TOYOTA-PR-3476,2085.6,29.2,55.9,7.17,1.35,Perfect Stamping Quality
TOYOTA-PR-3477,2009.3,24.5,52.8,7.28,1.25,Perfect Stamping Quality
TOYOTA-PR-3478,1705.9,25.7,55.7,7.11,1.49,Perfect Stamping Quality
TOYOTA-PR-3479,881.0,19.5,51.5,6.01,1.3,Perfect Stamping Quality
TOYOTA-PR-3480,835.6,18.0,44.9,5.67,1.3,Perfect Stamping Quality
TOYOTA-PR-3481,1070.5,30.7,47.0,5.66,1.05,Perfect Stamping Quality
TOYOTA-PR-3482,1447.3,22.1,48.0,6.42,1.24,Perfect Stamping Quality
TOYOTA-PR-3483,819.9,24.8,45.2,5.11,1.18,Perfect Stamping Quality
TOYOTA-PR-3484,1625.1,20.6,53.5,7.03,1.54,Perfect Stamping Quality
TOYOTA-PR-3485,2071.4,17.1,56.4,7.87,1.44,Sheet Metal Micro-Tear Risk
TOYOTA-PR-3486,1339.4,19.4,45.4,5.97,1.55,Perfect Stamping Quality
TOYOTA-PR-3487,1391.7,17.5,50.0,7.14,1.3,Perfect Stamping Quality
TOYOTA-PR-3488,1246.0,18.2,50.0,6.2,1.17,Perfect Stamping Quality
TOYOTA-PR-3489,996.6,26.7,47.2,5.67,1.47,Perfect Stamping Quality
TOYOTA-PR-3490,1454.1,29.3,48.4,5.92,1.56,Perfect Stamping Quality
TOYOTA-PR-3491,2290.0,24.9,60.7,7.79,1.51,Sheet Metal Micro-Tear Risk
TOYOTA-PR-3492,882.3,19.4,42.7,5.52,1.01,Perfect Stamping Quality
TOYOTA-PR-3493,1106.2,23.6,51.8,6.21,1.47,Perfect Stamping Quality
TOYOTA-PR-3494,1214.7,31.6,50.2,6.49,1.25,Perfect Stamping Quality
TOYOTA-PR-3495,1610.2,22.6,55.3,6.35,1.27,Perfect Stamping Quality
TOYOTA-PR-3496,2202.0,24.6,57.8,7.7,1.26,Sheet Metal Micro-Tear Risk
TOYOTA-PR-3497,1935.3,17.9,58.9,7.68,1.72,Sheet Metal Micro-Tear Risk
TOYOTA-PR-3498,2096.5,24.7,54.2,7.61,1.46,Sheet Metal Micro-Tear Risk
TOYOTA-PR-3499,801.8,15.2,45.3,5.58,1.31,Perfect Stamping Quality
TOYOTA-PR-3500,2191.7,25.7,54.1,8.27,1.47,Sheet Metal Micro-Tear Risk
TOYOTA-PR-3501,1790.2,30.0,53.9,7.01,1.57,Perfect Stamping Quality
TOYOTA-PR-3502,1944.6,27.8,51.0,7.05,1.4,Perfect Stamping Quality
TOYOTA-PR-3503,2341.6,14.7,59.3,7.52,1.41,Sheet Metal Micro-Tear Risk
TOYOTA-PR-3504,1041.3,19.8,47.8,6.15,1.48,Perfect Stamping Quality
TOYOTA-PR-3505,1527.7,29.0,54.2,6.41,1.34,Perfect Stamping Quality
TOYOTA-PR-3506,2202.7,25.7,58.6,7.48,1.38,Perfect Stamping Quality
TOYOTA-PR-3507,988.1,27.1,45.6,5.62,1.41,Perfect Stamping Quality
TOYOTA-PR-3508,2143.5,18.3,54.8,7.76,1.52,Sheet Metal Micro-Tear Risk
TOYOTA-PR-3509,2185.5,26.3,54.7,7.99,1.51,Sheet Metal Micro-Tear Risk
TOYOTA-PR-3510,1174.5,21.8,51.1,6.21,1.41,Perfect Stamping Quality
TOYOTA-PR-3511,2118.8,25.8,54.0,7.81,1.5,Sheet Metal Micro-Tear Risk
TOYOTA-PR-3512,2232.4,28.2,56.2,7.91,1.3,Sheet Metal Micro-Tear Risk
TOYOTA-PR-3513,1529.1,23.6,55.3,6.92,1.38,Perfect Stamping Quality
TOYOTA-PR-3514,2315.0,25.9,60.5,8.08,1.46,Sheet Metal Micro-Tear Risk
TOYOTA-PR-3515,2159.0,28.4,56.4,7.56,1.54,Sheet Metal Micro-Tear Risk
TOYOTA-PR-3516,1434.8,16.4,49.0,7.25,1.26,Perfect Stamping Quality
TOYOTA-PR-3517,2336.7,22.8,56.6,7.5,1.33,Sheet Metal Micro-Tear Risk
TOYOTA-PR-3518,2007.7,31.6,49.9,7.57,1.67,Sheet Metal Micro-Tear Risk
TOYOTA-PR-3519,1780.8,29.7,52.9,7.27,1.41,Perfect Stamping Quality
TOYOTA-PR-3520,1012.7,18.3,47.0,6.08,1.33,Perfect Stamping Quality
TOYOTA-PR-3521,2158.8,20.6,61.2,7.29,1.57,Perfect Stamping Quality
TOYOTA-PR-3522,1660.4,25.5,54.9,6.94,1.48,Perfect Stamping Quality
TOYOTA-PR-3523,1421.6,31.9,50.9,6.29,1.45,Perfect Stamping Quality
TOYOTA-PR-3524,1513.9,21.2,50.7,6.85,1.41,Perfect Stamping Quality
TOYOTA-PR-3525,1393.6,17.3,57.3,6.45,1.3,Perfect Stamping Quality
TOYOTA-PR-3526,1973.8,24.2,53.3,6.75,1.35,Perfect Stamping Quality
TOYOTA-PR-3527,2163.3,22.4,59.7,7.53,1.32,Sheet Metal Micro-Tear Risk
TOYOTA-PR-3528,808.0,21.4,45.1,5.34,1.44,Perfect Stamping Quality
TOYOTA-PR-3529,2048.8,19.3,52.6,7.59,1.37,Sheet Metal Micro-Tear Risk
TOYOTA-PR-3530,1236.5,23.3,45.9,6.18,1.27,Perfect Stamping Quality
TOYOTA-PR-3531,1203.0,15.5,54.1,5.82,1.6,Perfect Stamping Quality
TOYOTA-PR-3532,1464.3,14.8,51.7,6.06,1.42,Perfect Stamping Quality
TOYOTA-PR-3533,2087.8,26.5,55.7,7.75,1.37,Sheet Metal Micro-Tear Risk
TOYOTA-PR-3534,1402.1,30.3,51.5,6.82,1.37,Perfect Stamping Quality
TOYOTA-PR-3535,880.8,29.7,53.8,6.58,1.3,Perfect Stamping Quality
TOYOTA-PR-3536,1810.1,15.1,50.1,6.71,1.33,Perfect Stamping Quality
TOYOTA-PR-3537,1574.7,19.9,48.3,6.53,1.52,Perfect Stamping Quality
TOYOTA-PR-3538,887.0,18.2,45.8,5.93,1.31,Perfect Stamping Quality
TOYOTA-PR-3539,1042.3,31.0,47.5,5.56,1.15,Perfect Stamping Quality
TOYOTA-PR-3540,997.2,20.2,44.4,5.8,1.08,Perfect Stamping Quality
TOYOTA-PR-3541,1734.1,21.4,52.8,6.16,1.45,Perfect Stamping Quality
TOYOTA-PR-3542,816.0,27.5,42.2,6.02,1.47,Perfect Stamping Quality
TOYOTA-PR-3543,2219.6,31.0,56.7,7.72,1.51,Sheet Metal Micro-Tear Risk
TOYOTA-PR-3544,1759.0,29.1,55.0,7.39,1.38,Perfect Stamping Quality
TOYOTA-PR-3545,850.9,29.6,40.1,5.18,1.27,Perfect Stamping Quality
TOYOTA-PR-3546,884.9,20.7,44.3,4.85,1.17,Perfect Stamping Quality
TOYOTA-PR-3547,2246.8,15.9,55.2,7.07,1.42,Perfect Stamping Quality
TOYOTA-PR-3548,1749.7,19.2,53.2,7.32,1.14,Perfect Stamping Quality
TOYOTA-PR-3549,2124.5,27.7,53.7,7.49,1.35,Perfect Stamping Quality
TOYOTA-PR-3550,2282.4,17.4,59.8,7.52,1.6,Sheet Metal Micro-Tear Risk
TOYOTA-PR-3551,1836.6,26.1,56.8,6.36,1.58,Perfect Stamping Quality
TOYOTA-PR-3552,1261.4,31.2,46.5,6.38,1.28,Perfect Stamping Quality
TOYOTA-PR-3553,1086.1,23.8,54.3,5.14,1.42,Perfect Stamping Quality
TOYOTA-PR-3554,1848.0,27.0,53.7,7.32,1.47,Perfect Stamping Quality
TOYOTA-PR-3555,1667.8,30.7,55.5,6.59,1.32,Perfect Stamping Quality
TOYOTA-PR-3556,1891.8,18.3,48.8,7.45,1.47,Perfect Stamping Quality
TOYOTA-PR-3557,1107.2,27.0,49.3,6.64,1.65,Perfect Stamping Quality
TOYOTA-PR-3558,805.4,31.0,42.8,5.74,1.34,Perfect Stamping Quality
TOYOTA-PR-3559,1891.0,18.4,54.8,6.5,1.59,Perfect Stamping Quality
TOYOTA-PR-3560,1458.7,19.7,47.7,7.21,1.06,Perfect Stamping Quality
TOYOTA-PR-3561,906.1,31.0,44.1,6.34,1.24,Perfect Stamping Quality
TOYOTA-PR-3562,913.5,23.3,52.8,5.12,1.2,Perfect Stamping Quality
TOYOTA-PR-3563,1789.1,25.4,57.5,7.38,1.24,Perfect Stamping Quality
TOYOTA-PR-3564,1756.0,31.5,55.6,6.79,1.32,Perfect Stamping Quality
TOYOTA-PR-3565,1080.9,18.0,49.7,5.74,1.01,Perfect Stamping Quality
TOYOTA-PR-3566,1611.3,17.3,49.4,6.79,1.32,Perfect Stamping Quality
TOYOTA-PR-3567,817.8,17.2,44.8,5.03,1.44,Perfect Stamping Quality
TOYOTA-PR-3568,1149.0,17.4,46.4,6.42,1.23,Perfect Stamping Quality
TOYOTA-PR-3569,1055.8,30.9,45.1,5.31,1.34,Perfect Stamping Quality
TOYOTA-PR-3570,1344.1,15.5,51.3,6.11,1.36,Perfect Stamping Quality
TOYOTA-PR-3571,1126.1,27.7,42.2,6.38,1.32,Perfect Stamping Quality
TOYOTA-PR-3572,2125.0,26.4,60.4,8.23,1.61,Sheet Metal Micro-Tear Risk
TOYOTA-PR-3573,2016.8,32.0,62.5,6.84,1.37,Perfect Stamping Quality
TOYOTA-PR-3574,1016.3,31.8,46.9,5.68,1.33,Perfect Stamping Quality
TOYOTA-PR-3575,1407.6,23.3,53.2,6.21,1.46,Perfect Stamping Quality
TOYOTA-PR-3576,1685.2,14.3,53.2,7.44,1.65,Sheet Metal Micro-Tear Risk
TOYOTA-PR-3577,1902.5,30.6,58.5,7.49,1.38,Perfect Stamping Quality
TOYOTA-PR-3578,1055.3,29.0,41.6,5.66,1.31,Perfect Stamping Quality
TOYOTA-PR-3579,1541.5,25.8,52.1,6.81,1.29,Perfect Stamping Quality
TOYOTA-PR-3580,1587.5,14.8,51.3,6.88,1.25,Perfect Stamping Quality
TOYOTA-PR-3581,849.2,22.4,44.2,4.94,1.28,Perfect Stamping Quality
TOYOTA-PR-3582,2182.4,25.8,55.5,7.89,1.46,Sheet Metal Micro-Tear Risk
TOYOTA-PR-3583,1413.3,30.6,51.7,6.48,1.55,Perfect Stamping Quality
TOYOTA-PR-3584,2331.1,24.8,59.8,8.67,1.19,Sheet Metal Micro-Tear Risk
TOYOTA-PR-3585,2042.0,29.5,56.6,7.63,1.27,Sheet Metal Micro-Tear Risk
TOYOTA-PR-3586,982.2,15.6,43.0,5.55,1.43,Perfect Stamping Quality
TOYOTA-PR-3587,936.2,23.3,42.9,5.02,1.27,Perfect Stamping Quality
TOYOTA-PR-3588,1781.4,18.6,56.9,7.27,1.31,Perfect Stamping Quality
TOYOTA-PR-3589,1804.5,26.0,52.1,7.1,1.3,Perfect Stamping Quality
TOYOTA-PR-3590,1652.2,14.2,52.7,7.17,1.42,Perfect Stamping Quality
TOYOTA-PR-3591,2279.1,18.4,60.5,7.06,1.27,Perfect Stamping Quality
TOYOTA-PR-3592,979.5,15.0,45.3,6.36,1.33,Perfect Stamping Quality
TOYOTA-PR-3593,1214.6,18.7,45.7,6.07,1.44,Perfect Stamping Quality
TOYOTA-PR-3594,1556.8,31.9,56.3,6.86,1.47,Perfect Stamping Quality
TOYOTA-PR-3595,1574.9,20.4,51.7,5.94,1.52,Perfect Stamping Quality
TOYOTA-PR-3596,1491.1,29.0,51.9,6.3,1.22,Perfect Stamping Quality
TOYOTA-PR-3597,1901.1,18.7,57.0,7.3,1.23,Perfect Stamping Quality
TOYOTA-PR-3598,1296.4,30.6,48.7,6.47,1.17,Perfect Stamping Quality
TOYOTA-PR-3599,1537.7,14.5,56.1,6.96,1.66,Sheet Metal Micro-Tear Risk
TOYOTA-PR-3600,1098.4,14.6,49.2,5.74,1.39,Perfect Stamping Quality
TOYOTA-PR-3601,1130.7,30.9,46.7,6.06,1.33,Perfect Stamping Quality
TOYOTA-PR-3602,1879.2,29.7,57.6,7.74,1.34,Sheet Metal Micro-Tear Risk
TOYOTA-PR-3603,975.8,27.1,41.7,6.01,1.32,Perfect Stamping Quality
TOYOTA-PR-3604,1112.2,22.8,51.3,5.83,1.43,Perfect Stamping Quality
TOYOTA-PR-3605,2399.8,17.9,65.3,8.03,1.59,Sheet Metal Micro-Tear Risk
TOYOTA-PR-3606,1067.3,25.1,48.4,6.03,1.36,Perfect Stamping Quality
TOYOTA-PR-3607,2029.3,25.1,55.1,7.65,1.19,Sheet Metal Micro-Tear Risk
TOYOTA-PR-3608,2139.5,16.8,55.9,8.17,1.33,Sheet Metal Micro-Tear Risk
TOYOTA-PR-3609,1685.3,26.5,52.8,7.07,1.5,Perfect Stamping Quality
TOYOTA-PR-3610,2107.4,20.5,57.0,6.81,1.5,Perfect Stamping Quality
TOYOTA-PR-3611,1967.9,30.9,57.0,6.61,1.53,Perfect Stamping Quality
TOYOTA-PR-3612,1965.0,29.4,57.6,7.16,1.28,Perfect Stamping Quality
TOYOTA-PR-3613,2370.0,26.1,55.9,8.08,1.65,Sheet Metal Micro-Tear Risk
TOYOTA-PR-3614,810.9,18.5,48.9,5.74,1.53,Perfect Stamping Quality
TOYOTA-PR-3615,2355.8,14.6,58.3,7.68,1.04,Sheet Metal Micro-Tear Risk
TOYOTA-PR-3616,2124.7,29.8,61.4,7.45,1.42,Perfect Stamping Quality
TOYOTA-PR-3617,1409.1,20.9,47.7,6.91,1.46,Perfect Stamping Quality
TOYOTA-PR-3618,1504.2,29.3,52.5,6.82,1.4,Perfect Stamping Quality
TOYOTA-PR-3619,2071.6,27.3,58.5,7.31,1.44,Perfect Stamping Quality
TOYOTA-PR-3620,2196.6,14.5,53.5,7.86,1.33,Sheet Metal Micro-Tear Risk
TOYOTA-PR-3621,1710.2,16.3,54.2,6.46,1.65,Perfect Stamping Quality
TOYOTA-PR-3622,2044.4,26.2,57.8,7.52,1.35,Sheet Metal Micro-Tear Risk
TOYOTA-PR-3623,1551.9,22.1,49.9,6.75,1.17,Perfect Stamping Quality
TOYOTA-PR-3624,2253.9,15.2,58.2,8.13,1.62,Sheet Metal Micro-Tear Risk
TOYOTA-PR-3625,2036.7,30.3,51.1,7.45,1.37,Perfect Stamping Quality
TOYOTA-PR-3626,907.0,30.6,45.4,5.92,1.35,Perfect Stamping Quality
TOYOTA-PR-3627,1476.4,27.2,52.7,6.94,1.46,Perfect Stamping Quality
TOYOTA-PR-3628,1692.9,20.0,47.4,6.54,1.14,Perfect Stamping Quality
TOYOTA-PR-3629,1538.1,31.0,49.0,6.91,1.54,Perfect Stamping Quality
TOYOTA-PR-3630,2074.1,29.3,61.0,7.48,1.24,Perfect Stamping Quality
TOYOTA-PR-3631,1000.1,22.7,48.6,6.37,1.29,Perfect Stamping Quality
TOYOTA-PR-3632,925.1,14.5,46.7,6.07,1.37,Perfect Stamping Quality
TOYOTA-PR-3633,880.2,21.7,50.0,6.39,1.17,Perfect Stamping Quality
TOYOTA-PR-3634,1265.2,26.3,56.3,6.56,1.6,Perfect Stamping Quality
TOYOTA-PR-3635,1930.8,19.0,58.3,7.0,1.43,Perfect Stamping Quality
TOYOTA-PR-3636,1835.4,19.2,61.7,7.42,1.35,Perfect Stamping Quality
TOYOTA-PR-3637,1037.6,31.6,45.2,5.52,1.33,Perfect Stamping Quality
TOYOTA-PR-3638,1643.8,25.2,54.3,7.0,1.17,Perfect Stamping Quality
TOYOTA-PR-3639,1432.5,24.8,51.2,6.32,1.66,Sheet Metal Micro-Tear Risk
TOYOTA-PR-3640,2225.7,15.0,61.0,8.13,1.34,Sheet Metal Micro-Tear Risk
TOYOTA-PR-3641,905.1,23.8,49.4,5.02,1.43,Perfect Stamping Quality
TOYOTA-PR-3642,1474.0,26.3,50.7,6.46,1.07,Perfect Stamping Quality
TOYOTA-PR-3643,2065.4,19.0,55.9,7.63,1.52,Sheet Metal Micro-Tear Risk
TOYOTA-PR-3644,1930.5,31.1,60.7,7.2,1.53,Perfect Stamping Quality
TOYOTA-PR-3645,1092.7,30.5,43.7,5.76,1.38,Perfect Stamping Quality
TOYOTA-PR-3646,1099.1,25.5,47.1,5.81,1.04,Perfect Stamping Quality
TOYOTA-PR-3647,1790.3,30.8,53.1,7.09,1.54,Perfect Stamping Quality
TOYOTA-PR-3648,1953.0,20.9,59.3,7.18,1.54,Perfect Stamping Quality
TOYOTA-PR-3649,1710.1,23.5,49.4,6.3,1.09,Perfect Stamping Quality
TOYOTA-PR-3650,839.7,20.7,46.6,5.66,1.43,Perfect Stamping Quality
TOYOTA-PR-3651,1671.2,29.7,56.1,6.63,1.34,Perfect Stamping Quality
TOYOTA-PR-3652,1461.3,27.8,44.0,6.53,1.06,Perfect Stamping Quality
TOYOTA-PR-3653,1041.3,25.8,47.3,5.87,1.22,Perfect Stamping Quality
TOYOTA-PR-3654,1935.4,20.2,50.5,7.37,1.34,Perfect Stamping Quality
TOYOTA-PR-3655,1505.3,31.8,52.6,6.28,1.08,Perfect Stamping Quality
TOYOTA-PR-3656,1864.2,29.3,56.7,7.37,1.33,Perfect Stamping Quality
TOYOTA-PR-3657,1683.6,31.1,56.0,7.27,1.39,Perfect Stamping Quality
TOYOTA-PR-3658,1090.2,26.8,51.9,6.39,1.42,Perfect Stamping Quality
TOYOTA-PR-3659,2138.6,16.1,57.3,7.28,1.57,Perfect Stamping Quality
TOYOTA-PR-3660,1613.9,29.2,53.3,7.52,1.53,Sheet Metal Micro-Tear Risk
TOYOTA-PR-3661,1681.4,22.1,57.1,6.87,1.55,Perfect Stamping Quality
TOYOTA-PR-3662,2359.2,25.1,56.3,8.15,1.17,Sheet Metal Micro-Tear Risk
TOYOTA-PR-3663,849.3,27.0,38.8,6.02,1.06,Perfect Stamping Quality
TOYOTA-PR-3664,1599.4,25.1,55.8,6.46,1.45,Perfect Stamping Quality
TOYOTA-PR-3665,2008.3,24.3,57.9,7.1,1.28,Perfect Stamping Quality
TOYOTA-PR-3666,1193.8,18.8,50.6,5.54,1.46,Perfect Stamping Quality
TOYOTA-PR-3667,1729.6,22.1,57.5,6.65,1.44,Perfect Stamping Quality
TOYOTA-PR-3668,1810.4,24.8,52.8,7.12,1.6,Perfect Stamping Quality
TOYOTA-PR-3669,2386.7,19.1,64.0,8.16,1.39,Sheet Metal Micro-Tear Risk
TOYOTA-PR-3670,961.5,22.4,42.5,5.7,1.46,Perfect Stamping Quality
TOYOTA-PR-3671,2383.7,22.5,56.9,8.01,1.58,Sheet Metal Micro-Tear Risk
TOYOTA-PR-3672,1780.4,26.1,54.0,7.33,1.31,Perfect Stamping Quality
TOYOTA-PR-3673,890.0,16.3,46.3,5.81,1.44,Perfect Stamping Quality
TOYOTA-PR-3674,941.4,31.2,51.5,6.13,1.25,Perfect Stamping Quality
TOYOTA-PR-3675,1768.8,31.7,53.3,7.14,1.38,Perfect Stamping Quality
TOYOTA-PR-3676,1873.3,17.1,53.8,6.68,1.2,Perfect Stamping Quality
TOYOTA-PR-3677,1837.9,16.0,48.2,7.07,1.52,Perfect Stamping Quality
TOYOTA-PR-3678,1449.8,28.7,47.5,6.94,1.34,Perfect Stamping Quality
TOYOTA-PR-3679,1692.8,15.3,43.9,7.17,1.19,Perfect Stamping Quality
TOYOTA-PR-3680,1676.9,16.7,57.3,7.35,1.28,Perfect Stamping Quality
TOYOTA-PR-3681,1530.3,24.2,50.9,6.1,1.39,Perfect Stamping Quality
TOYOTA-PR-3682,2247.5,28.3,60.8,7.83,1.67,Sheet Metal Micro-Tear Risk
TOYOTA-PR-3683,2397.8,22.9,58.5,7.52,1.2,Sheet Metal Micro-Tear Risk
TOYOTA-PR-3684,1681.5,30.2,50.8,7.2,1.57,Perfect Stamping Quality
TOYOTA-PR-3685,1458.7,24.0,56.0,6.11,1.38,Perfect Stamping Quality
TOYOTA-PR-3686,1825.9,18.7,54.7,7.61,1.19,Sheet Metal Micro-Tear Risk
TOYOTA-PR-3687,2288.2,15.4,58.4,8.12,1.45,Sheet Metal Micro-Tear Risk
TOYOTA-PR-3688,1012.2,18.8,46.1,6.09,1.22,Perfect Stamping Quality
TOYOTA-PR-3689,1843.6,20.0,56.1,7.63,1.38,Sheet Metal Micro-Tear Risk
TOYOTA-PR-3690,1460.8,32.0,54.5,7.18,1.32,Perfect Stamping Quality
TOYOTA-PR-3691,1312.7,28.7,51.0,6.81,1.39,Perfect Stamping Quality
TOYOTA-PR-3692,1301.3,25.2,51.1,6.64,1.5,Perfect Stamping Quality
TOYOTA-PR-3693,1032.4,30.0,46.4,6.32,0.97,Perfect Stamping Quality
TOYOTA-PR-3694,1749.7,19.2,56.6,7.45,1.44,Perfect Stamping Quality
TOYOTA-PR-3695,1409.1,25.0,49.7,6.5,1.39,Perfect Stamping Quality
TOYOTA-PR-3696,1231.3,28.5,48.5,6.3,1.07,Perfect Stamping Quality
TOYOTA-PR-3697,926.6,31.7,50.2,6.16,1.07,Perfect Stamping Quality
TOYOTA-PR-3698,1904.9,29.3,51.1,6.78,1.44,Perfect Stamping Quality
TOYOTA-PR-3699,2021.1,17.4,55.7,7.32,1.35,Perfect Stamping Quality
TOYOTA-PR-3700,1639.5,24.3,50.4,6.79,0.9,Perfect Stamping Quality
TOYOTA-PR-3701,2115.5,26.4,53.6,6.98,1.21,Perfect Stamping Quality
TOYOTA-PR-3702,1907.2,16.5,52.8,6.86,1.52,Perfect Stamping Quality
TOYOTA-PR-3703,1017.0,24.0,44.1,5.82,1.36,Perfect Stamping Quality
TOYOTA-PR-3704,1371.9,29.2,45.2,6.32,1.29,Perfect Stamping Quality
TOYOTA-PR-3705,1557.6,23.7,55.5,6.52,1.3,Perfect Stamping Quality
TOYOTA-PR-3706,1272.3,20.4,48.5,6.25,1.41,Perfect Stamping Quality
TOYOTA-PR-3707,1097.3,18.6,44.8,6.12,1.34,Perfect Stamping Quality
TOYOTA-PR-3708,2163.0,22.9,55.6,7.35,1.31,Perfect Stamping Quality
TOYOTA-PR-3709,2261.7,25.6,59.4,8.2,1.22,Sheet Metal Micro-Tear Risk
TOYOTA-PR-3710,2242.4,26.9,63.8,7.69,1.25,Sheet Metal Micro-Tear Risk
TOYOTA-PR-3711,989.3,15.1,48.6,5.75,1.38,Perfect Stamping Quality
TOYOTA-PR-3712,1217.6,29.4,47.7,6.75,1.29,Perfect Stamping Quality
TOYOTA-PR-3713,1863.8,15.7,53.1,7.51,1.52,Sheet Metal Micro-Tear Risk
TOYOTA-PR-3714,2317.5,24.7,62.7,8.46,1.38,Sheet Metal Micro-Tear Risk
TOYOTA-PR-3715,1933.3,26.0,53.0,6.44,1.42,Perfect Stamping Quality
TOYOTA-PR-3716,1387.4,30.9,51.5,7.11,1.47,Perfect Stamping Quality
TOYOTA-PR-3717,2011.8,20.3,58.6,7.13,1.43,Perfect Stamping Quality
TOYOTA-PR-3718,1963.2,29.8,50.1,7.45,0.98,Perfect Stamping Quality
TOYOTA-PR-3719,1627.6,15.1,58.0,6.41,1.35,Perfect Stamping Quality
TOYOTA-PR-3720,2032.5,22.0,53.4,7.4,1.47,Perfect Stamping Quality
TOYOTA-PR-3721,938.7,30.5,49.9,6.37,1.29,Perfect Stamping Quality
TOYOTA-PR-3722,2156.6,28.2,54.8,7.19,1.4,Perfect Stamping Quality
TOYOTA-PR-3723,1814.7,28.4,51.9,6.24,1.54,Perfect Stamping Quality
TOYOTA-PR-3724,1639.6,25.4,53.8,6.55,1.47,Perfect Stamping Quality
TOYOTA-PR-3725,1205.3,27.0,44.6,5.99,1.29,Perfect Stamping Quality
TOYOTA-PR-3726,2129.0,19.9,56.9,7.66,1.25,Sheet Metal Micro-Tear Risk
TOYOTA-PR-3727,2069.6,28.0,53.1,7.59,1.36,Sheet Metal Micro-Tear Risk
TOYOTA-PR-3728,1501.0,17.0,51.4,6.96,1.22,Perfect Stamping Quality
TOYOTA-PR-3729,1788.9,20.9,60.0,6.87,1.34,Perfect Stamping Quality
TOYOTA-PR-3730,984.1,23.8,45.8,6.43,1.54,Perfect Stamping Quality
TOYOTA-PR-3731,1642.6,29.3,55.3,7.24,1.73,Sheet Metal Micro-Tear Risk
TOYOTA-PR-3732,1200.6,14.0,51.4,5.76,1.52,Perfect Stamping Quality
TOYOTA-PR-3733,1766.0,15.0,53.1,6.9,1.24,Perfect Stamping Quality
TOYOTA-PR-3734,1226.0,28.0,50.4,6.38,1.43,Perfect Stamping Quality
TOYOTA-PR-3735,1151.0,16.6,43.9,6.5,1.22,Perfect Stamping Quality
TOYOTA-PR-3736,1685.3,17.8,50.5,6.28,1.42,Perfect Stamping Quality
TOYOTA-PR-3737,2152.2,29.4,53.0,8.06,1.19,Sheet Metal Micro-Tear Risk
TOYOTA-PR-3738,1918.1,21.9,53.1,7.11,1.24,Perfect Stamping Quality
TOYOTA-PR-3739,2368.4,29.9,52.4,8.11,1.67,Sheet Metal Micro-Tear Risk
TOYOTA-PR-3740,1108.6,25.3,40.6,5.14,1.39,Perfect Stamping Quality
TOYOTA-PR-3741,927.8,25.0,48.7,5.44,1.31,Perfect Stamping Quality
TOYOTA-PR-3742,2239.4,22.9,59.5,7.78,1.44,Sheet Metal Micro-Tear Risk
TOYOTA-PR-3743,1566.4,17.1,60.4,6.4,1.31,Perfect Stamping Quality
TOYOTA-PR-3744,1891.3,15.4,50.0,8.14,1.38,Sheet Metal Micro-Tear Risk
TOYOTA-PR-3745,2133.4,28.2,56.6,8.01,1.47,Sheet Metal Micro-Tear Risk
TOYOTA-PR-3746,2215.7,21.8,59.3,7.66,1.37,Sheet Metal Micro-Tear Risk
TOYOTA-PR-3747,2075.8,14.1,55.5,8.18,1.31,Sheet Metal Micro-Tear Risk
TOYOTA-PR-3748,1739.4,20.0,52.8,6.82,1.42,Perfect Stamping Quality
TOYOTA-PR-3749,2295.7,15.9,57.2,8.08,1.34,Sheet Metal Micro-Tear Risk
TOYOTA-PR-3750,1182.6,25.7,46.8,5.85,1.2,Perfect Stamping Quality
TOYOTA-PR-3751,1794.7,31.9,49.3,7.53,1.36,Sheet Metal Micro-Tear Risk
TOYOTA-PR-3752,1931.1,24.1,56.7,6.87,1.69,Sheet Metal Micro-Tear Risk
TOYOTA-PR-3753,938.8,18.3,43.4,5.39,1.19,Perfect Stamping Quality
TOYOTA-PR-3754,2190.1,25.5,54.0,7.68,1.24,Sheet Metal Micro-Tear Risk
TOYOTA-PR-3755,2180.7,29.7,56.3,7.57,1.29,Sheet Metal Micro-Tear Risk
TOYOTA-PR-3756,1444.1,24.8,52.2,6.34,1.2,Perfect Stamping Quality
TOYOTA-PR-3757,2385.1,15.6,64.1,8.25,1.22,Sheet Metal Micro-Tear Risk
TOYOTA-PR-3758,1296.4,19.5,49.4,6.3,1.38,Perfect Stamping Quality
TOYOTA-PR-3759,1429.6,19.8,53.7,7.1,1.31,Perfect Stamping Quality
TOYOTA-PR-3760,1091.0,22.2,49.1,6.04,1.38,Perfect Stamping Quality
TOYOTA-PR-3761,1619.9,29.2,60.2,7.17,1.44,Perfect Stamping Quality
TOYOTA-PR-3762,895.5,30.2,45.1,5.88,1.38,Perfect Stamping Quality
TOYOTA-PR-3763,1138.9,22.6,46.9,6.23,1.16,Perfect Stamping Quality
TOYOTA-PR-3764,2144.0,17.5,62.9,7.7,1.3,Sheet Metal Micro-Tear Risk
TOYOTA-PR-3765,1775.9,19.4,51.3,7.46,1.36,Perfect Stamping Quality
TOYOTA-PR-3766,1564.1,18.0,55.2,6.16,1.5,Perfect Stamping Quality
TOYOTA-PR-3767,1986.1,30.6,56.1,7.58,1.19,Sheet Metal Micro-Tear Risk
TOYOTA-PR-3768,1485.4,18.1,48.2,7.24,1.19,Perfect Stamping Quality
TOYOTA-PR-3769,2035.8,23.3,58.8,7.47,1.34,Perfect Stamping Quality
TOYOTA-PR-3770,1771.6,21.3,54.8,7.32,1.21,Perfect Stamping Quality
TOYOTA-PR-3771,2390.7,26.6,59.6,7.43,1.29,Perfect Stamping Quality
TOYOTA-PR-3772,1274.8,18.5,49.3,6.17,1.29,Perfect Stamping Quality
TOYOTA-PR-3773,893.3,30.3,46.5,5.17,1.33,Perfect Stamping Quality
TOYOTA-PR-3774,1671.3,23.3,54.7,6.79,1.45,Perfect Stamping Quality
TOYOTA-PR-3775,1939.9,18.7,52.5,7.56,1.03,Sheet Metal Micro-Tear Risk
TOYOTA-PR-3776,917.5,30.0,45.1,5.27,1.41,Perfect Stamping Quality
TOYOTA-PR-3777,2077.9,17.7,58.8,7.78,1.33,Sheet Metal Micro-Tear Risk
TOYOTA-PR-3778,2000.6,19.8,53.0,7.23,1.23,Perfect Stamping Quality
TOYOTA-PR-3779,1433.3,21.7,52.2,6.17,1.21,Perfect Stamping Quality
TOYOTA-PR-3780,1486.0,18.7,44.3,5.99,1.2,Perfect Stamping Quality
TOYOTA-PR-3781,1898.1,19.9,54.2,7.36,1.28,Perfect Stamping Quality
TOYOTA-PR-3782,1310.9,17.4,54.8,5.79,1.47,Perfect Stamping Quality
TOYOTA-PR-3783,1924.8,15.9,53.7,7.63,1.26,Sheet Metal Micro-Tear Risk
TOYOTA-PR-3784,1115.3,14.7,48.1,5.3,1.25,Perfect Stamping Quality
TOYOTA-PR-3785,1039.3,31.6,44.6,5.53,1.27,Perfect Stamping Quality
TOYOTA-PR-3786,2291.7,16.5,60.8,7.85,1.19,Sheet Metal Micro-Tear Risk
TOYOTA-PR-3787,1864.5,20.7,53.5,6.28,1.63,Perfect Stamping Quality
TOYOTA-PR-3788,1451.7,30.5,50.0,6.77,1.31,Perfect Stamping Quality
TOYOTA-PR-3789,1119.7,14.1,50.8,5.9,1.54,Perfect Stamping Quality
TOYOTA-PR-3790,2087.9,23.8,52.6,7.23,1.45,Perfect Stamping Quality
TOYOTA-PR-3791,971.1,26.8,50.6,5.94,1.6,Perfect Stamping Quality
TOYOTA-PR-3792,1765.0,15.1,53.3,6.88,1.32,Perfect Stamping Quality
TOYOTA-PR-3793,1162.9,21.6,47.3,5.88,1.06,Perfect Stamping Quality
TOYOTA-PR-3794,1102.8,24.1,46.4,5.94,1.2,Perfect Stamping Quality
TOYOTA-PR-3795,1021.4,27.9,40.8,6.24,1.22,Perfect Stamping Quality
TOYOTA-PR-3796,866.7,27.8,44.2,5.96,1.43,Perfect Stamping Quality
TOYOTA-PR-3797,1155.2,28.2,44.6,5.92,1.41,Perfect Stamping Quality
TOYOTA-PR-3798,1206.8,23.5,45.1,6.21,1.19,Perfect Stamping Quality
TOYOTA-PR-3799,1920.1,29.3,57.8,7.1,1.29,Perfect Stamping Quality
TOYOTA-PR-3800,1236.8,23.6,48.6,6.61,1.28,Perfect Stamping Quality
TOYOTA-PR-3801,1454.9,29.9,51.2,6.9,1.61,Perfect Stamping Quality
TOYOTA-PR-3802,1628.0,29.9,53.9,6.48,1.28,Perfect Stamping Quality
TOYOTA-PR-3803,1970.3,26.2,55.9,6.91,1.36,Perfect Stamping Quality
TOYOTA-PR-3804,1585.9,24.8,53.0,7.19,1.55,Perfect Stamping Quality
TOYOTA-PR-3805,2361.7,31.2,62.4,8.03,1.51,Sheet Metal Micro-Tear Risk
TOYOTA-PR-3806,1479.1,15.5,55.0,6.32,1.31,Perfect Stamping Quality
TOYOTA-PR-3807,1233.8,14.2,47.9,5.98,1.49,Perfect Stamping Quality
TOYOTA-PR-3808,1236.0,22.2,48.3,6.23,1.41,Perfect Stamping Quality
TOYOTA-PR-3809,2364.7,26.3,59.9,8.79,1.47,Sheet Metal Micro-Tear Risk
TOYOTA-PR-3810,2292.0,28.4,60.0,7.93,1.53,Sheet Metal Micro-Tear Risk
TOYOTA-PR-3811,1811.2,30.5,58.9,7.88,1.51,Sheet Metal Micro-Tear Risk
TOYOTA-PR-3812,1102.4,17.6,47.8,5.39,1.13,Perfect Stamping Quality
TOYOTA-PR-3813,1605.2,26.0,52.8,6.44,1.31,Perfect Stamping Quality
TOYOTA-PR-3814,1448.8,21.4,49.3,6.73,1.07,Perfect Stamping Quality
TOYOTA-PR-3815,2272.0,31.1,61.4,8.16,1.43,Sheet Metal Micro-Tear Risk
TOYOTA-PR-3816,1838.5,32.0,55.7,7.33,1.43,Perfect Stamping Quality
TOYOTA-PR-3817,1717.8,26.8,55.2,6.87,1.13,Perfect Stamping Quality
TOYOTA-PR-3818,1991.4,26.9,54.1,7.79,1.17,Sheet Metal Micro-Tear Risk
TOYOTA-PR-3819,1744.2,20.9,51.9,7.47,1.5,Perfect Stamping Quality
TOYOTA-PR-3820,1243.9,21.7,47.2,6.16,1.35,Perfect Stamping Quality
TOYOTA-PR-3821,1464.4,19.7,54.5,6.08,0.93,Perfect Stamping Quality
TOYOTA-PR-3822,1415.1,27.0,52.7,5.79,1.35,Perfect Stamping Quality
TOYOTA-PR-3823,2048.2,31.3,54.7,8.28,1.48,Sheet Metal Micro-Tear Risk
TOYOTA-PR-3824,2073.2,29.7,58.4,7.89,1.68,Sheet Metal Micro-Tear Risk
TOYOTA-PR-3825,2117.3,23.8,59.2,7.72,1.57,Sheet Metal Micro-Tear Risk
TOYOTA-PR-3826,2209.6,20.6,58.0,8.2,1.26,Sheet Metal Micro-Tear Risk
TOYOTA-PR-3827,904.7,15.5,47.1,5.9,1.41,Perfect Stamping Quality
TOYOTA-PR-3828,923.6,20.9,45.7,5.26,1.43,Perfect Stamping Quality
TOYOTA-PR-3829,938.6,18.9,44.2,6.45,1.26,Perfect Stamping Quality
TOYOTA-PR-3830,1262.6,23.5,46.0,6.39,1.27,Perfect Stamping Quality
TOYOTA-PR-3831,928.3,21.5,45.5,5.86,1.36,Perfect Stamping Quality
TOYOTA-PR-3832,2090.4,16.0,56.7,8.11,1.24,Sheet Metal Micro-Tear Risk
TOYOTA-PR-3833,1794.3,15.8,53.5,7.53,1.25,Sheet Metal Micro-Tear Risk
TOYOTA-PR-3834,1217.0,28.3,49.1,6.22,1.49,Perfect Stamping Quality
TOYOTA-PR-3835,1211.5,22.6,50.8,5.69,1.15,Perfect Stamping Quality
TOYOTA-PR-3836,2287.8,14.5,60.0,7.62,1.13,Sheet Metal Micro-Tear Risk
TOYOTA-PR-3837,806.4,28.9,43.1,4.91,1.14,Perfect Stamping Quality
TOYOTA-PR-3838,2143.2,19.6,60.5,8.28,1.55,Sheet Metal Micro-Tear Risk
TOYOTA-PR-3839,2193.1,16.3,57.8,7.22,1.5,Perfect Stamping Quality
TOYOTA-PR-3840,1400.9,19.9,47.9,6.55,1.52,Perfect Stamping Quality
TOYOTA-PR-3841,1332.4,19.4,52.6,6.02,1.28,Perfect Stamping Quality
TOYOTA-PR-3842,2221.2,27.5,56.1,7.35,1.41,Perfect Stamping Quality
TOYOTA-PR-3843,1972.4,25.0,56.4,7.58,1.2,Sheet Metal Micro-Tear Risk
TOYOTA-PR-3844,2044.2,14.2,58.2,7.86,1.36,Sheet Metal Micro-Tear Risk
TOYOTA-PR-3845,836.3,16.9,42.6,5.42,1.17,Perfect Stamping Quality
TOYOTA-PR-3846,1172.3,19.2,47.2,6.31,1.45,Perfect Stamping Quality
TOYOTA-PR-3847,1165.7,17.2,46.8,5.93,1.39,Perfect Stamping Quality
TOYOTA-PR-3848,1723.0,17.8,50.6,7.35,1.28,Perfect Stamping Quality
TOYOTA-PR-3849,2056.6,16.2,54.8,7.58,1.44,Sheet Metal Micro-Tear Risk
TOYOTA-PR-3850,1993.4,21.9,55.6,6.88,1.42,Perfect Stamping Quality
TOYOTA-PR-3851,2164.7,14.6,54.9,7.79,1.08,Sheet Metal Micro-Tear Risk
TOYOTA-PR-3852,1730.5,20.4,51.8,7.3,1.07,Perfect Stamping Quality
TOYOTA-PR-3853,1303.9,20.4,50.1,5.8,1.45,Perfect Stamping Quality
TOYOTA-PR-3854,1086.6,31.1,44.3,6.58,1.31,Perfect Stamping Quality
TOYOTA-PR-3855,2149.1,18.5,55.6,7.25,1.44,Perfect Stamping Quality
TOYOTA-PR-3856,1358.9,22.1,52.8,7.01,1.24,Perfect Stamping Quality
TOYOTA-PR-3857,1978.6,26.9,57.3,7.5,1.49,Perfect Stamping Quality
TOYOTA-PR-3858,955.0,18.6,46.3,4.81,1.56,Perfect Stamping Quality
TOYOTA-PR-3859,1169.7,30.2,46.9,6.3,1.57,Perfect Stamping Quality
TOYOTA-PR-3860,1398.3,25.7,43.9,6.72,0.97,Perfect Stamping Quality
TOYOTA-PR-3861,938.2,29.5,46.6,6.38,1.11,Perfect Stamping Quality
TOYOTA-PR-3862,1719.5,18.7,52.1,6.81,1.56,Perfect Stamping Quality
TOYOTA-PR-3863,1297.4,19.5,48.1,5.97,1.16,Perfect Stamping Quality
TOYOTA-PR-3864,857.8,19.2,47.8,5.58,1.51,Perfect Stamping Quality
TOYOTA-PR-3865,818.3,32.0,40.8,5.21,1.59,Perfect Stamping Quality
TOYOTA-PR-3866,1141.5,30.2,52.7,5.7,1.08,Perfect Stamping Quality
TOYOTA-PR-3867,2020.2,14.9,56.5,7.22,1.33,Perfect Stamping Quality
TOYOTA-PR-3868,1650.1,29.3,48.7,6.89,1.07,Perfect Stamping Quality
TOYOTA-PR-3869,2088.2,27.2,55.9,6.82,1.38,Perfect Stamping Quality
TOYOTA-PR-3870,1754.0,16.9,52.4,7.07,1.31,Perfect Stamping Quality
TOYOTA-PR-3871,2017.0,26.3,61.1,7.36,1.5,Perfect Stamping Quality
TOYOTA-PR-3872,2015.2,22.2,50.3,7.73,1.32,Sheet Metal Micro-Tear Risk
TOYOTA-PR-3873,1886.7,31.2,57.2,7.06,1.34,Perfect Stamping Quality
TOYOTA-PR-3874,1629.9,14.2,49.3,7.6,1.46,Sheet Metal Micro-Tear Risk
TOYOTA-PR-3875,965.0,30.8,46.3,6.3,1.58,Perfect Stamping Quality
TOYOTA-PR-3876,2260.9,23.3,61.6,8.44,1.28,Sheet Metal Micro-Tear Risk
TOYOTA-PR-3877,1598.6,18.9,48.9,7.12,1.29,Perfect Stamping Quality
TOYOTA-PR-3878,1531.7,26.1,53.9,6.91,1.28,Perfect Stamping Quality
TOYOTA-PR-3879,1379.3,16.5,51.3,6.38,1.34,Perfect Stamping Quality
TOYOTA-PR-3880,1688.8,31.9,55.6,6.97,1.5,Perfect Stamping Quality
TOYOTA-PR-3881,1274.5,31.7,51.7,6.25,1.36,Perfect Stamping Quality
TOYOTA-PR-3882,1389.9,17.3,54.7,6.54,1.36,Perfect Stamping Quality
TOYOTA-PR-3883,2271.8,21.2,63.2,7.63,1.36,Sheet Metal Micro-Tear Risk
TOYOTA-PR-3884,1818.4,20.3,55.8,7.9,1.42,Sheet Metal Micro-Tear Risk
TOYOTA-PR-3885,1555.5,31.6,53.0,7.05,1.44,Perfect Stamping Quality
TOYOTA-PR-3886,926.9,26.0,47.6,5.24,1.48,Perfect Stamping Quality
TOYOTA-PR-3887,1110.2,21.2,40.2,5.45,1.25,Perfect Stamping Quality
TOYOTA-PR-3888,1075.3,22.8,49.8,5.65,1.16,Perfect Stamping Quality
TOYOTA-PR-3889,1936.6,25.5,56.8,7.62,1.56,Sheet Metal Micro-Tear Risk
TOYOTA-PR-3890,2203.7,24.8,57.8,7.85,1.37,Sheet Metal Micro-Tear Risk
TOYOTA-PR-3891,1308.7,25.2,45.7,7.23,1.43,Perfect Stamping Quality
TOYOTA-PR-3892,2217.5,26.1,61.3,7.76,1.31,Sheet Metal Micro-Tear Risk
TOYOTA-PR-3893,2221.7,22.4,57.0,7.79,1.15,Sheet Metal Micro-Tear Risk
TOYOTA-PR-3894,994.7,29.3,45.9,6.47,1.27,Perfect Stamping Quality
TOYOTA-PR-3895,1946.9,14.3,56.9,7.36,1.43,Perfect Stamping Quality
TOYOTA-PR-3896,954.9,19.0,44.5,5.32,1.42,Perfect Stamping Quality
TOYOTA-PR-3897,1014.3,24.5,47.9,5.72,1.56,Perfect Stamping Quality
TOYOTA-PR-3898,2149.3,30.0,63.5,8.36,1.56,Sheet Metal Micro-Tear Risk
TOYOTA-PR-3899,1053.9,28.2,52.2,6.12,1.38,Perfect Stamping Quality
TOYOTA-PR-3900,1380.8,14.8,50.6,6.6,1.09,Perfect Stamping Quality
TOYOTA-PR-3901,1876.6,15.0,63.7,7.53,1.45,Sheet Metal Micro-Tear Risk
TOYOTA-PR-3902,2167.1,18.6,60.0,8.46,1.24,Sheet Metal Micro-Tear Risk
TOYOTA-PR-3903,1546.1,28.6,50.9,6.12,1.36,Perfect Stamping Quality
TOYOTA-PR-3904,2399.8,28.1,56.3,7.25,1.26,Perfect Stamping Quality
TOYOTA-PR-3905,1864.5,25.2,58.3,7.4,1.49,Perfect Stamping Quality
TOYOTA-PR-3906,1245.9,23.9,49.7,6.86,1.25,Perfect Stamping Quality
TOYOTA-PR-3907,2004.4,15.2,55.5,7.44,1.51,Perfect Stamping Quality
TOYOTA-PR-3908,1580.0,23.3,48.7,7.11,1.14,Perfect Stamping Quality
TOYOTA-PR-3909,2205.6,20.1,62.5,7.8,1.39,Sheet Metal Micro-Tear Risk
TOYOTA-PR-3910,1836.4,14.4,53.3,6.73,1.64,Perfect Stamping Quality
TOYOTA-PR-3911,1691.3,14.1,55.8,7.01,1.34,Perfect Stamping Quality
TOYOTA-PR-3912,1360.6,18.2,49.7,6.37,1.26,Perfect Stamping Quality
TOYOTA-PR-3913,1097.2,30.3,49.9,5.34,1.45,Perfect Stamping Quality
TOYOTA-PR-3914,923.3,24.5,51.4,5.67,1.27,Perfect Stamping Quality
TOYOTA-PR-3915,1857.9,22.1,55.5,7.52,1.61,Sheet Metal Micro-Tear Risk
TOYOTA-PR-3916,1449.2,25.8,53.0,5.83,1.5,Perfect Stamping Quality
TOYOTA-PR-3917,1126.2,23.1,56.2,5.82,1.37,Perfect Stamping Quality
TOYOTA-PR-3918,1032.5,22.4,54.9,5.6,0.98,Perfect Stamping Quality
TOYOTA-PR-3919,1519.9,26.4,53.2,6.73,1.41,Perfect Stamping Quality
TOYOTA-PR-3920,1543.6,28.4,50.6,6.86,1.37,Perfect Stamping Quality
TOYOTA-PR-3921,1771.5,21.4,59.7,7.05,1.32,Perfect Stamping Quality
TOYOTA-PR-3922,1893.8,14.4,55.8,7.23,1.23,Perfect Stamping Quality
TOYOTA-PR-3923,1652.5,29.6,50.0,7.09,1.27,Perfect Stamping Quality
TOYOTA-PR-3924,2081.6,17.3,61.6,7.5,1.42,Perfect Stamping Quality
TOYOTA-PR-3925,2289.9,26.6,57.7,7.97,1.53,Sheet Metal Micro-Tear Risk
TOYOTA-PR-3926,2267.6,27.9,56.2,8.1,1.36,Sheet Metal Micro-Tear Risk
TOYOTA-PR-3927,2275.8,22.0,59.8,7.73,1.36,Sheet Metal Micro-Tear Risk
TOYOTA-PR-3928,1999.5,24.4,62.2,7.42,1.42,Perfect Stamping Quality
TOYOTA-PR-3929,2323.2,20.3,60.8,6.97,1.48,Perfect Stamping Quality
TOYOTA-PR-3930,1237.2,22.2,46.1,5.94,1.18,Perfect Stamping Quality
TOYOTA-PR-3931,857.2,19.1,45.4,5.66,1.2,Perfect Stamping Quality
TOYOTA-PR-3932,2008.4,15.6,57.5,7.89,1.19,Sheet Metal Micro-Tear Risk
TOYOTA-PR-3933,1339.5,30.1,52.0,6.29,1.24,Perfect Stamping Quality
TOYOTA-PR-3934,1989.9,14.6,58.2,7.57,1.39,Sheet Metal Micro-Tear Risk
TOYOTA-PR-3935,1717.7,25.0,50.7,7.0,1.35,Perfect Stamping Quality
TOYOTA-PR-3936,1459.7,21.4,53.3,6.38,1.47,Perfect Stamping Quality
TOYOTA-PR-3937,2118.3,20.7,55.3,7.23,1.57,Perfect Stamping Quality
TOYOTA-PR-3938,1563.8,30.4,46.3,7.27,1.31,Perfect Stamping Quality
TOYOTA-PR-3939,896.0,28.7,47.7,4.97,1.28,Perfect Stamping Quality
TOYOTA-PR-3940,1213.0,18.1,47.5,6.0,1.3,Perfect Stamping Quality
TOYOTA-PR-3941,1354.2,23.3,51.4,5.51,1.18,Perfect Stamping Quality
TOYOTA-PR-3942,1477.2,23.9,55.0,6.14,1.28,Perfect Stamping Quality
TOYOTA-PR-3943,1365.4,25.1,50.6,6.35,1.5,Perfect Stamping Quality
TOYOTA-PR-3944,2153.3,22.8,56.7,7.11,1.22,Perfect Stamping Quality
TOYOTA-PR-3945,1890.5,30.8,58.5,7.34,1.33,Perfect Stamping Quality
TOYOTA-PR-3946,1597.9,30.5,51.5,7.26,1.25,Perfect Stamping Quality
TOYOTA-PR-3947,1764.0,22.4,52.5,6.34,1.25,Perfect Stamping Quality
TOYOTA-PR-3948,1787.7,26.4,57.3,6.57,1.11,Perfect Stamping Quality
TOYOTA-PR-3949,2391.9,22.9,59.4,8.23,1.42,Sheet Metal Micro-Tear Risk
TOYOTA-PR-3950,2282.3,14.3,63.1,7.36,1.26,Perfect Stamping Quality
TOYOTA-PR-3951,1807.0,14.0,49.9,6.96,1.32,Perfect Stamping Quality
TOYOTA-PR-3952,1503.5,27.8,52.0,7.19,1.51,Perfect Stamping Quality
TOYOTA-PR-3953,1705.8,21.7,53.5,7.05,1.21,Perfect Stamping Quality
TOYOTA-PR-3954,1896.6,28.5,53.9,7.69,1.15,Sheet Metal Micro-Tear Risk
TOYOTA-PR-3955,1711.2,31.8,51.5,6.85,1.29,Perfect Stamping Quality
TOYOTA-PR-3956,2051.9,16.4,57.9,7.87,1.6,Sheet Metal Micro-Tear Risk
TOYOTA-PR-3957,2053.2,29.8,52.6,7.2,1.42,Perfect Stamping Quality
TOYOTA-PR-3958,1174.6,14.3,49.6,5.93,1.52,Perfect Stamping Quality
TOYOTA-PR-3959,2291.1,23.1,59.2,8.11,1.41,Sheet Metal Micro-Tear Risk
TOYOTA-PR-3960,1194.0,30.5,46.1,6.4,1.38,Perfect Stamping Quality
TOYOTA-PR-3961,1129.7,15.7,54.8,5.77,1.24,Perfect Stamping Quality
TOYOTA-PR-3962,1385.7,19.0,43.3,7.17,1.17,Perfect Stamping Quality
TOYOTA-PR-3963,1702.4,18.6,48.4,7.62,1.18,Sheet Metal Micro-Tear Risk
TOYOTA-PR-3964,1549.8,19.6,51.7,6.37,1.42,Perfect Stamping Quality
TOYOTA-PR-3965,1991.6,28.0,56.4,7.05,1.32,Perfect Stamping Quality
TOYOTA-PR-3966,1123.7,19.2,40.0,5.69,1.28,Perfect Stamping Quality
TOYOTA-PR-3967,1052.5,31.3,48.9,5.78,1.43,Perfect Stamping Quality
TOYOTA-PR-3968,858.2,20.6,48.6,5.27,1.41,Perfect Stamping Quality
TOYOTA-PR-3969,1437.7,28.7,50.9,6.63,1.42,Perfect Stamping Quality
TOYOTA-PR-3970,2173.0,29.1,53.2,8.08,1.06,Sheet Metal Micro-Tear Risk
TOYOTA-PR-3971,1629.6,22.5,48.9,6.23,1.51,Perfect Stamping Quality
TOYOTA-PR-3972,2017.0,15.0,61.7,7.51,1.17,Sheet Metal Micro-Tear Risk
TOYOTA-PR-3973,1386.5,17.6,49.8,6.42,1.34,Perfect Stamping Quality
TOYOTA-PR-3974,1453.0,29.8,47.9,6.69,1.24,Perfect Stamping Quality
TOYOTA-PR-3975,1622.7,22.1,55.4,7.07,1.37,Perfect Stamping Quality
TOYOTA-PR-3976,1973.3,20.8,55.7,7.46,1.4,Perfect Stamping Quality
TOYOTA-PR-3977,2007.2,18.8,51.1,7.43,1.5,Perfect Stamping Quality
TOYOTA-PR-3978,2112.0,30.8,58.8,7.31,1.4,Perfect Stamping Quality
TOYOTA-PR-3979,1409.0,25.7,47.0,6.66,1.29,Perfect Stamping Quality
TOYOTA-PR-3980,1852.8,27.3,53.9,7.32,1.24,Perfect Stamping Quality
TOYOTA-PR-3981,2363.1,23.2,57.8,8.98,1.44,Sheet Metal Micro-Tear Risk
TOYOTA-PR-3982,1761.3,20.7,51.7,6.8,1.49,Perfect Stamping Quality
TOYOTA-PR-3983,1693.9,16.9,58.0,7.19,1.39,Perfect Stamping Quality
TOYOTA-PR-3984,1374.7,26.0,50.5,6.95,1.3,Perfect Stamping Quality
TOYOTA-PR-3985,1317.6,24.5,52.9,6.24,1.48,Perfect Stamping Quality
TOYOTA-PR-3986,1974.4,17.3,58.5,6.92,1.35,Perfect Stamping Quality
TOYOTA-PR-3987,945.7,19.5,48.2,5.66,1.53,Perfect Stamping Quality
TOYOTA-PR-3988,2121.6,19.2,59.9,7.32,1.13,Perfect Stamping Quality
TOYOTA-PR-3989,1397.3,25.7,49.4,6.24,1.4,Perfect Stamping Quality
TOYOTA-PR-3990,1241.1,24.9,53.1,4.76,1.53,Perfect Stamping Quality
TOYOTA-PR-3991,1724.7,16.0,56.4,6.75,1.26,Perfect Stamping Quality
TOYOTA-PR-3992,907.4,16.2,43.5,5.69,1.09,Perfect Stamping Quality
TOYOTA-PR-3993,1883.6,25.8,56.5,6.84,1.44,Perfect Stamping Quality
TOYOTA-PR-3994,881.5,24.5,43.9,6.32,0.96,Perfect Stamping Quality
TOYOTA-PR-3995,2003.3,16.9,60.4,7.63,1.46,Sheet Metal Micro-Tear Risk
TOYOTA-PR-3996,2365.3,26.2,58.8,8.15,1.17,Sheet Metal Micro-Tear Risk
TOYOTA-PR-3997,1809.2,22.4,52.6,7.16,1.38,Perfect Stamping Quality
TOYOTA-PR-3998,1179.4,20.5,50.4,5.46,1.03,Perfect Stamping Quality
TOYOTA-PR-3999,1424.4,14.6,49.0,6.45,1.38,Perfect Stamping Quality
